,period,post.treat,unit_id,gain_rate_fol,gain_rate_non,ts,year_treated
0,-13.0,0,1,0.0,0.0,-14,10000.0
1,-12.0,0,1,0.0,0.0,-13,10000.0
2,-11.0,0,1,0.0,0.0,-12,10000.0
3,-10.0,0,1,0.0,0.0,-11,10000.0
4,-9.0,0,1,0.0,0.0,-10,10000.0
5,-8.0,0,1,0.0,0.0,-9,10000.0
6,-7.0,0,1,0.0,0.0,-8,10000.0
7,-6.0,0,1,0.0,0.0,-7,10000.0
8,-5.0,0,1,0.0,0.0,-6,10000.0
9,-4.0,0,1,0.0,0.0,-5,10000.0
10,-3.0,0,1,0.0,0.0,-4,10000.0
11,-2.0,0,1,0.0,0.0,-3,10000.0
12,-1.0,0,1,48.0,139.0,-2,10000.0
13,0.0,0,1,88.0,296.0,-1,10000.0
14,1.0,0,1,23.0,134.0,0,10000.0
15,2.0,0,1,17.0,125.0,1,10000.0
16,3.0,0,1,19.0,174.0,2,10000.0
17,4.0,0,1,1.0,80.0,3,10000.0
18,5.0,0,1,4.0,57.0,4,10000.0
19,6.0,0,1,5.0,111.0,5,10000.0
20,7.0,0,1,3.0,72.0,6,10000.0
21,8.0,0,1,2.0,67.0,7,10000.0
22,9.0,0,1,2.0,42.0,8,10000.0
23,10.0,0,1,2.0,77.0,9,10000.0
24,11.0,0,1,2.0,72.0,10,10000.0
25,12.0,0,1,2.0,71.0,11,10000.0
26,13.0,0,1,5.0,98.0,12,10000.0
27,14.0,0,1,2.0,137.0,13,10000.0
28,553.0,0,7,0.0,0.0,-14,10000.0
29,554.0,0,7,0.0,0.0,-13,10000.0
30,555.0,0,7,0.0,0.0,-12,10000.0
31,556.0,0,7,0.0,0.0,-11,10000.0
32,557.0,0,7,0.0,0.0,-10,10000.0
33,558.0,0,7,0.0,0.0,-9,10000.0
34,559.0,0,7,0.0,0.0,-8,10000.0
35,560.0,0,7,0.0,0.0,-7,10000.0
36,561.0,0,7,0.0,0.0,-6,10000.0
37,554.0,0,7,0.0,1.0,-5,10000.0
38,563.0,0,7,0.0,0.0,-4,10000.0
39,564.0,0,7,0.0,0.0,-3,10000.0
40,557.0,0,7,0.0,2.0,-2,10000.0
41,566.0,0,7,0.0,0.0,-1,10000.0
42,567.0,0,7,0.0,0.0,0,10000.0
43,560.0,0,7,0.0,1.0,1,10000.0
44,561.0,0,7,1.0,4.0,2,10000.0
45,562.0,0,7,5.0,127.0,3,10000.0
46,563.0,0,7,1.0,69.0,4,10000.0
47,564.0,0,7,2.0,59.0,5,10000.0
48,565.0,0,7,0.0,36.0,6,10000.0
49,566.0,0,7,0.0,37.0,7,10000.0
50,567.0,0,7,0.0,18.0,8,10000.0
51,568.0,0,7,0.0,20.0,9,10000.0
52,569.0,0,7,2.0,11.0,10,10000.0
53,570.0,0,7,1.0,17.0,11,10000.0
54,571.0,0,7,0.0,23.0,12,10000.0
55,572.0,0,7,0.0,5.0,13,10000.0
56,553.0,0,7,0.0,0.0,-14,10000.0
57,554.0,0,7,0.0,1.0,-13,10000.0
58,555.0,0,7,0.0,0.0,-12,10000.0
59,556.0,0,7,0.0,0.0,-11,10000.0
60,557.0,0,7,0.0,2.0,-10,10000.0
61,558.0,0,7,0.0,0.0,-9,10000.0
62,559.0,0,7,0.0,0.0,-8,10000.0
63,560.0,0,7,0.0,1.0,-7,10000.0
64,561.0,0,7,1.0,4.0,-6,10000.0
65,562.0,0,7,5.0,127.0,-5,10000.0
66,563.0,0,7,4.0,66.0,-4,10000.0
67,564.0,0,7,2.0,60.0,-3,10000.0
68,565.0,0,7,0.0,35.0,-2,10000.0
69,566.0,0,7,1.0,36.0,-1,10000.0
70,567.0,0,7,1.0,19.0,0,10000.0
71,568.0,0,7,0.0,18.0,1,10000.0
72,561.0,0,7,2.0,11.0,2,10000.0
73,562.0,0,7,2.0,16.0,3,10000.0
74,563.0,0,7,0.0,23.0,4,10000.0
75,564.0,0,7,0.0,5.0,5,10000.0
76,573.0,0,7,0.0,8.0,6,10000.0
77,574.0,0,7,0.0,6.0,7,10000.0
78,575.0,0,7,0.0,5.0,8,10000.0
79,576.0,0,7,0.0,4.0,9,10000.0
80,569.0,0,7,0.0,9.0,10,10000.0
81,570.0,0,7,0.0,2.0,11,10000.0
82,579.0,0,7,1.0,7.0,12,10000.0
83,580.0,0,7,0.0,2.0,13,10000.0
84,687.0,0,9,0.0,0.0,-14,10000.0
85,560.0,0,9,0.0,1.0,-13,10000.0
86,561.0,0,9,0.0,3.0,-12,10000.0
87,562.0,0,9,0.0,3.0,-11,10000.0
88,563.0,0,9,0.0,1.0,-10,10000.0
89,564.0,0,9,0.0,2.0,-9,10000.0
90,565.0,0,9,0.0,2.0,-8,10000.0
91,566.0,0,9,0.0,3.0,-7,10000.0
92,567.0,0,9,0.0,2.0,-6,10000.0
93,568.0,0,9,0.0,1.0,-5,10000.0
94,569.0,0,9,0.0,6.0,-4,10000.0
95,570.0,0,9,0.0,4.0,-3,10000.0
96,571.0,0,9,0.0,1.0,-2,10000.0
97,572.0,0,9,0.0,3.0,-1,10000.0
98,573.0,0,9,1.0,2.0,0,10000.0
99,574.0,0,9,0.0,1.0,1,10000.0
100,575.0,0,9,0.0,5.0,2,10000.0
101,576.0,0,9,1.0,2.0,3,10000.0
102,705.0,0,9,0.0,0.0,4,10000.0
103,578.0,0,9,1.0,3.0,5,10000.0
104,579.0,0,9,0.0,3.0,6,10000.0
105,580.0,0,9,0.0,4.0,7,10000.0
106,581.0,0,9,2.0,5.0,8,10000.0
107,582.0,0,9,0.0,4.0,9,10000.0
108,711.0,0,9,0.0,0.0,10,10000.0
109,584.0,0,9,0.0,4.0,11,10000.0
110,585.0,0,9,0.0,4.0,12,10000.0
111,586.0,0,9,0.0,1.0,13,10000.0
112,687.0,0,9,0.0,0.0,-14,10000.0
113,688.0,0,9,0.0,0.0,-13,10000.0
114,689.0,0,9,0.0,0.0,-12,10000.0
115,690.0,0,9,0.0,0.0,-11,10000.0
116,691.0,0,9,0.0,0.0,-10,10000.0
117,692.0,0,9,1.0,1.0,-9,10000.0
118,693.0,0,9,0.0,2.0,-8,10000.0
119,694.0,0,9,0.0,0.0,-7,10000.0
120,695.0,0,9,0.0,0.0,-6,10000.0
121,696.0,0,9,0.0,0.0,-5,10000.0
122,697.0,0,9,0.0,0.0,-4,10000.0
123,698.0,0,9,1.0,0.0,-3,10000.0
124,699.0,0,9,0.0,0.0,-2,10000.0
125,700.0,0,9,0.0,0.0,-1,10000.0
126,573.0,0,9,0.0,1.0,0,10000.0
127,702.0,0,9,0.0,0.0,1,10000.0
128,703.0,0,9,0.0,0.0,2,10000.0
129,576.0,0,9,0.0,0.0,3,10000.0
130,705.0,0,9,0.0,0.0,4,10000.0
131,578.0,0,9,0.0,0.0,5,10000.0
132,707.0,0,9,0.0,1.0,6,10000.0
133,708.0,0,9,0.0,0.0,7,10000.0
134,581.0,0,9,0.0,0.0,8,10000.0
135,710.0,0,9,0.0,0.0,9,10000.0
136,711.0,0,9,0.0,3.0,10,10000.0
137,712.0,0,9,0.0,0.0,11,10000.0
138,713.0,0,9,0.0,0.0,12,10000.0
139,714.0,0,9,0.0,0.0,13,10000.0
140,633.0,0,10,12.0,115.0,-14,10000.0
141,634.0,0,10,13.0,110.0,-13,10000.0
142,635.0,0,10,10.0,114.0,-12,10000.0
143,636.0,0,10,10.0,87.0,-11,10000.0
144,637.0,0,10,12.0,211.0,-10,10000.0
145,638.0,0,10,18.0,233.0,-9,10000.0
146,639.0,0,10,13.0,246.0,-8,10000.0
147,640.0,0,10,7.0,173.0,-7,10000.0
148,641.0,0,10,5.0,120.0,-6,10000.0
149,642.0,0,10,6.0,92.0,-5,10000.0
150,643.0,0,10,5.0,77.0,-4,10000.0
151,644.0,0,10,6.0,65.0,-3,10000.0
152,645.0,0,10,2.0,51.0,-2,10000.0
153,646.0,0,10,6.0,55.0,-1,10000.0
154,647.0,0,10,5.0,63.0,0,10000.0
155,648.0,0,10,5.0,63.0,1,10000.0
156,649.0,0,10,3.0,45.0,2,10000.0
157,650.0,0,10,0.0,54.0,3,10000.0
158,651.0,0,10,1.0,40.0,4,10000.0
159,652.0,0,10,0.0,34.0,5,10000.0
160,653.0,0,10,2.0,36.0,6,10000.0
161,654.0,0,10,5.0,48.0,7,10000.0
162,655.0,0,10,5.0,34.0,8,10000.0
163,656.0,0,10,6.0,30.0,9,10000.0
164,657.0,0,10,2.0,30.0,10,10000.0
165,658.0,0,10,1.0,21.0,11,10000.0
166,659.0,0,10,6.0,23.0,12,10000.0
167,660.0,0,10,1.0,24.0,13,10000.0
168,651.0,0,12,0.0,6.0,-14,10000.0
169,652.0,0,12,1.0,3.0,-13,10000.0
170,653.0,0,12,0.0,3.0,-12,10000.0
171,654.0,0,12,1.0,4.0,-11,10000.0
172,655.0,0,12,0.0,5.0,-10,10000.0
173,656.0,0,12,0.0,1.0,-9,10000.0
174,657.0,0,12,1.0,3.0,-8,10000.0
175,658.0,0,12,0.0,3.0,-7,10000.0
176,659.0,0,12,2.0,0.0,-6,10000.0
177,660.0,0,12,3.0,2.0,-5,10000.0
178,661.0,0,12,0.0,1.0,-4,10000.0
179,662.0,0,12,0.0,1.0,-3,10000.0
180,663.0,0,12,0.0,4.0,-2,10000.0
181,664.0,0,12,0.0,3.0,-1,10000.0
182,665.0,0,12,1.0,1.0,0,10000.0
183,666.0,0,12,1.0,0.0,1,10000.0
184,667.0,0,12,0.0,1.0,2,10000.0
185,668.0,0,12,0.0,0.0,3,10000.0
186,669.0,0,12,0.0,3.0,4,10000.0
187,670.0,0,12,1.0,1.0,5,10000.0
188,671.0,0,12,1.0,5.0,6,10000.0
189,672.0,0,12,0.0,4.0,7,10000.0
190,673.0,0,12,0.0,2.0,8,10000.0
191,674.0,0,12,0.0,3.0,9,10000.0
192,675.0,0,12,2.0,2.0,10,10000.0
193,676.0,0,12,0.0,2.0,11,10000.0
194,677.0,0,12,0.0,1.0,12,10000.0
195,678.0,0,12,0.0,5.0,13,10000.0
196,555.0,0,18,0.0,0.0,-14,10000.0
197,556.0,0,18,0.0,0.0,-13,10000.0
198,557.0,0,18,0.0,0.0,-12,10000.0
199,558.0,0,18,0.0,0.0,-11,10000.0
200,559.0,0,18,0.0,0.0,-10,10000.0
201,560.0,0,18,0.0,0.0,-9,10000.0
202,561.0,0,18,0.0,0.0,-8,10000.0
203,562.0,0,18,0.0,1.0,-7,10000.0
204,563.0,0,18,0.0,0.0,-6,10000.0
205,564.0,0,18,1.0,0.0,-5,10000.0
206,565.0,0,18,0.0,0.0,-4,10000.0
207,566.0,0,18,0.0,0.0,-3,10000.0
208,567.0,0,18,0.0,0.0,-2,10000.0
209,568.0,0,18,0.0,0.0,-1,10000.0
210,569.0,0,18,0.0,0.0,0,10000.0
211,570.0,0,18,0.0,0.0,1,10000.0
212,571.0,0,18,0.0,0.0,2,10000.0
213,572.0,0,18,1.0,0.0,3,10000.0
214,573.0,0,18,0.0,0.0,4,10000.0
215,574.0,0,18,0.0,0.0,5,10000.0
216,575.0,0,18,0.0,0.0,6,10000.0
217,576.0,0,18,0.0,1.0,7,10000.0
218,577.0,0,18,0.0,0.0,8,10000.0
219,578.0,0,18,0.0,0.0,9,10000.0
220,579.0,0,18,0.0,0.0,10,10000.0
221,580.0,0,18,0.0,0.0,11,10000.0
222,581.0,0,18,0.0,0.0,12,10000.0
223,582.0,0,18,0.0,0.0,13,10000.0
224,757.0,0,22,0.0,0.0,-14,10000.0
225,758.0,0,22,0.0,0.0,-13,10000.0
226,759.0,0,22,0.0,0.0,-12,10000.0
227,760.0,0,22,0.0,0.0,-11,10000.0
228,761.0,0,22,0.0,0.0,-10,10000.0
229,762.0,0,22,0.0,0.0,-9,10000.0
230,763.0,0,22,0.0,0.0,-8,10000.0
231,764.0,0,22,0.0,0.0,-7,10000.0
232,765.0,0,22,0.0,1.0,-6,10000.0
233,766.0,0,22,0.0,0.0,-5,10000.0
234,767.0,0,22,0.0,1.0,-4,10000.0
235,768.0,0,22,0.0,0.0,-3,10000.0
236,769.0,0,22,0.0,0.0,-2,10000.0
237,770.0,0,22,0.0,1.0,-1,10000.0
238,771.0,0,22,0.0,0.0,0,10000.0
239,772.0,0,22,0.0,0.0,1,10000.0
240,773.0,0,22,0.0,1.0,2,10000.0
241,774.0,0,22,0.0,0.0,3,10000.0
242,775.0,0,22,0.0,0.0,4,10000.0
243,776.0,0,22,0.0,0.0,5,10000.0
244,777.0,0,22,0.0,0.0,6,10000.0
245,778.0,0,22,0.0,0.0,7,10000.0
246,779.0,0,22,0.0,0.0,8,10000.0
247,780.0,0,22,0.0,1.0,9,10000.0
248,781.0,0,22,0.0,0.0,10,10000.0
249,782.0,0,22,0.0,1.0,11,10000.0
250,783.0,0,22,0.0,0.0,12,10000.0
251,784.0,0,22,0.0,0.0,13,10000.0
252,562.0,0,23,0.0,0.0,-14,10000.0
253,563.0,0,23,133.0,193.0,-13,10000.0
254,564.0,0,23,320.0,394.0,-12,10000.0
255,565.0,0,23,161.0,159.0,-11,10000.0
256,566.0,0,23,487.0,488.0,-10,10000.0
257,567.0,0,23,348.0,322.0,-9,10000.0
258,568.0,0,23,128.0,107.0,-8,10000.0
259,569.0,0,23,55.0,80.0,-7,10000.0
260,570.0,0,23,45.0,36.0,-6,10000.0
261,571.0,0,23,34.0,53.0,-5,10000.0
262,572.0,0,23,46.0,71.0,-4,10000.0
263,573.0,0,23,52.0,48.0,-3,10000.0
264,574.0,0,23,45.0,33.0,-2,10000.0
265,575.0,0,23,23.0,27.0,-1,10000.0
266,576.0,0,23,16.0,42.0,0,10000.0
267,577.0,0,23,7.0,22.0,1,10000.0
268,578.0,0,23,14.0,28.0,2,10000.0
269,579.0,0,23,11.0,22.0,3,10000.0
270,580.0,0,23,8.0,16.0,4,10000.0
271,581.0,0,23,29.0,43.0,5,10000.0
272,582.0,0,23,14.0,15.0,6,10000.0
273,583.0,0,23,22.0,24.0,7,10000.0
274,584.0,0,23,5.0,19.0,8,10000.0
275,585.0,0,23,6.0,7.0,9,10000.0
276,586.0,0,23,8.0,7.0,10,10000.0
277,587.0,0,23,10.0,40.0,11,10000.0
278,588.0,0,23,9.0,11.0,12,10000.0
279,589.0,0,23,10.0,12.0,13,10000.0
280,670.0,0,28,0.0,0.0,-14,10000.0
281,671.0,0,28,0.0,0.0,-13,10000.0
282,672.0,0,28,0.0,0.0,-12,10000.0
283,673.0,0,28,0.0,0.0,-11,10000.0
284,674.0,0,28,0.0,0.0,-10,10000.0
285,675.0,0,28,0.0,0.0,-9,10000.0
286,565.0,0,28,0.0,1.0,-8,10000.0
287,677.0,0,28,0.0,0.0,-7,10000.0
288,678.0,0,28,0.0,0.0,-6,10000.0
289,568.0,0,28,0.0,1.0,-5,10000.0
290,569.0,0,28,0.0,1.0,-4,10000.0
291,570.0,0,28,0.0,1.0,-3,10000.0
292,571.0,0,28,0.0,2.0,-2,10000.0
293,572.0,0,28,0.0,1.0,-1,10000.0
294,573.0,0,28,0.0,1.0,0,10000.0
295,685.0,0,28,0.0,0.0,1,10000.0
296,686.0,0,28,0.0,0.0,2,10000.0
297,576.0,0,28,0.0,1.0,3,10000.0
298,577.0,0,28,0.0,1.0,4,10000.0
299,689.0,0,28,0.0,0.0,5,10000.0
300,690.0,0,28,0.0,0.0,6,10000.0
301,691.0,0,28,0.0,0.0,7,10000.0
302,692.0,0,28,0.0,0.0,8,10000.0
303,693.0,0,28,0.0,0.0,9,10000.0
304,694.0,0,28,0.0,0.0,10,10000.0
305,584.0,0,28,0.0,1.0,11,10000.0
306,585.0,0,28,0.0,1.0,12,10000.0
307,586.0,0,28,0.0,2.0,13,10000.0
308,670.0,0,28,0.0,1.0,-14,10000.0
309,671.0,0,28,0.0,1.0,-13,10000.0
310,672.0,0,28,0.0,0.0,-12,10000.0
311,673.0,0,28,0.0,0.0,-11,10000.0
312,674.0,0,28,0.0,1.0,-10,10000.0
313,675.0,0,28,0.0,1.0,-9,10000.0
314,676.0,0,28,0.0,0.0,-8,10000.0
315,677.0,0,28,0.0,0.0,-7,10000.0
316,678.0,0,28,0.0,0.0,-6,10000.0
317,679.0,0,28,0.0,0.0,-5,10000.0
318,680.0,0,28,0.0,0.0,-4,10000.0
319,681.0,0,28,0.0,0.0,-3,10000.0
320,682.0,0,28,0.0,1.0,-2,10000.0
321,683.0,0,28,0.0,1.0,-1,10000.0
322,684.0,0,28,0.0,2.0,0,10000.0
323,685.0,0,28,0.0,0.0,1,10000.0
324,686.0,0,28,0.0,0.0,2,10000.0
325,687.0,0,28,0.0,1.0,3,10000.0
326,688.0,0,28,0.0,0.0,4,10000.0
327,689.0,0,28,0.0,0.0,5,10000.0
328,690.0,0,28,0.0,0.0,6,10000.0
329,691.0,0,28,0.0,0.0,7,10000.0
330,692.0,0,28,0.0,0.0,8,10000.0
331,693.0,0,28,0.0,0.0,9,10000.0
332,694.0,0,28,0.0,0.0,10,10000.0
333,695.0,0,28,0.0,0.0,11,10000.0
334,696.0,0,28,0.0,0.0,12,10000.0
335,697.0,0,28,0.0,0.0,13,10000.0
336,572.0,0,28,0.0,0.0,-14,10000.0
337,573.0,0,28,0.0,1.0,-13,10000.0
338,672.0,0,28,0.0,0.0,-12,10000.0
339,673.0,0,28,0.0,0.0,-11,10000.0
340,576.0,0,28,0.0,0.0,-10,10000.0
341,577.0,0,28,0.0,0.0,-9,10000.0
342,676.0,0,28,0.0,0.0,-8,10000.0
343,677.0,0,28,0.0,0.0,-7,10000.0
344,678.0,0,28,0.0,0.0,-6,10000.0
345,679.0,0,28,0.0,0.0,-5,10000.0
346,680.0,0,28,0.0,0.0,-4,10000.0
347,681.0,0,28,0.0,0.0,-3,10000.0
348,584.0,0,28,0.0,0.0,-2,10000.0
349,585.0,0,28,0.0,0.0,-1,10000.0
350,586.0,0,28,0.0,0.0,0,10000.0
351,685.0,0,28,0.0,0.0,1,10000.0
352,686.0,0,28,0.0,0.0,2,10000.0
353,589.0,0,28,0.0,0.0,3,10000.0
354,688.0,0,28,0.0,0.0,4,10000.0
355,689.0,0,28,0.0,0.0,5,10000.0
356,690.0,0,28,0.0,0.0,6,10000.0
357,691.0,0,28,0.0,0.0,7,10000.0
358,692.0,0,28,0.0,0.0,8,10000.0
359,693.0,0,28,0.0,0.0,9,10000.0
360,694.0,0,28,0.0,0.0,10,10000.0
361,695.0,0,28,0.0,0.0,11,10000.0
362,696.0,0,28,0.0,0.0,12,10000.0
363,697.0,0,28,0.0,0.0,13,10000.0
364,594.0,0,30,0.0,0.0,-14,10000.0
365,595.0,0,30,0.0,0.0,-13,10000.0
366,596.0,0,30,0.0,0.0,-12,10000.0
367,597.0,0,30,0.0,0.0,-11,10000.0
368,558.0,0,30,0.0,2.0,-10,10000.0
369,599.0,0,30,1.0,0.0,-9,10000.0
370,560.0,0,30,0.0,3.0,-8,10000.0
371,561.0,0,30,1.0,1.0,-7,10000.0
372,602.0,0,30,0.0,0.0,-6,10000.0
373,603.0,0,30,1.0,0.0,-5,10000.0
374,564.0,0,30,3.0,3.0,-4,10000.0
375,565.0,0,30,1.0,6.0,-3,10000.0
376,566.0,0,30,2.0,6.0,-2,10000.0
377,567.0,0,30,1.0,3.0,-1,10000.0
378,568.0,0,30,0.0,4.0,0,10000.0
379,569.0,0,30,1.0,9.0,1,10000.0
380,570.0,0,30,0.0,2.0,2,10000.0
381,571.0,0,30,0.0,5.0,3,10000.0
382,572.0,0,30,0.0,2.0,4,10000.0
383,573.0,0,30,0.0,2.0,5,10000.0
384,574.0,0,30,0.0,2.0,6,10000.0
385,615.0,0,30,0.0,0.0,7,10000.0
386,616.0,0,30,0.0,0.0,8,10000.0
387,617.0,0,30,0.0,0.0,9,10000.0
388,618.0,0,30,0.0,0.0,10,10000.0
389,579.0,0,30,0.0,3.0,11,10000.0
390,580.0,0,30,0.0,1.0,12,10000.0
391,621.0,0,30,0.0,0.0,13,10000.0
392,594.0,0,30,0.0,0.0,-14,10000.0
393,595.0,0,30,0.0,1.0,-13,10000.0
394,596.0,0,30,0.0,0.0,-12,10000.0
395,597.0,0,30,0.0,1.0,-11,10000.0
396,598.0,0,30,0.0,0.0,-10,10000.0
397,559.0,0,30,0.0,0.0,-9,10000.0
398,600.0,0,30,0.0,0.0,-8,10000.0
399,561.0,0,30,0.0,0.0,-7,10000.0
400,602.0,0,30,0.0,0.0,-6,10000.0
401,563.0,0,30,0.0,0.0,-5,10000.0
402,564.0,0,30,0.0,0.0,-4,10000.0
403,565.0,0,30,0.0,0.0,-3,10000.0
404,566.0,0,30,1.0,0.0,-2,10000.0
405,567.0,0,30,0.0,0.0,-1,10000.0
406,608.0,0,30,0.0,0.0,0,10000.0
407,569.0,0,30,0.0,0.0,1,10000.0
408,610.0,0,30,0.0,0.0,2,10000.0
409,611.0,0,30,0.0,0.0,3,10000.0
410,612.0,0,30,0.0,1.0,4,10000.0
411,613.0,0,30,0.0,0.0,5,10000.0
412,614.0,0,30,0.0,0.0,6,10000.0
413,615.0,0,30,0.0,0.0,7,10000.0
414,616.0,0,30,0.0,0.0,8,10000.0
415,617.0,0,30,0.0,0.0,9,10000.0
416,618.0,0,30,0.0,0.0,10,10000.0
417,619.0,0,30,0.0,0.0,11,10000.0
418,620.0,0,30,0.0,0.0,12,10000.0
419,621.0,0,30,0.0,0.0,13,10000.0
420,573.0,0,32,0.0,0.0,-14,837.0
421,574.0,0,32,0.0,0.0,-13,837.0
422,575.0,0,32,0.0,0.0,-12,837.0
423,576.0,0,32,0.0,0.0,-11,837.0
424,577.0,0,32,0.0,0.0,-10,837.0
425,578.0,0,32,0.0,0.0,-9,837.0
426,579.0,0,32,0.0,0.0,-8,837.0
427,580.0,0,32,0.0,0.0,-7,837.0
428,581.0,0,32,0.0,0.0,-6,837.0
429,582.0,0,32,0.0,0.0,-5,837.0
430,0.0,0,32,0.0,2.0,-4,837.0
431,1.0,0,32,7.0,9.0,-3,837.0
432,2.0,0,32,8.0,14.0,-2,837.0
433,3.0,0,32,7.0,8.0,-1,837.0
434,4.0,0,32,1.0,4.0,0,837.0
435,5.0,0,32,0.0,14.0,1,837.0
436,6.0,0,32,1.0,4.0,2,837.0
437,7.0,0,32,13.0,28.0,3,837.0
438,8.0,0,32,2.0,9.0,4,837.0
439,9.0,0,32,1.0,7.0,5,837.0
440,10.0,0,32,0.0,12.0,6,837.0
441,11.0,0,32,3.0,17.0,7,837.0
442,12.0,0,32,3.0,7.0,8,837.0
443,13.0,0,32,1.0,10.0,9,837.0
444,14.0,0,32,1.0,25.0,10,837.0
445,15.0,0,32,1.0,23.0,11,837.0
446,16.0,0,32,0.0,13.0,12,837.0
447,17.0,0,32,0.0,15.0,13,837.0
448,573.0,0,32,0.0,0.0,-14,837.0
449,574.0,0,32,0.0,0.0,-13,837.0
450,575.0,0,32,0.0,0.0,-12,837.0
451,576.0,0,32,0.0,0.0,-11,837.0
452,577.0,0,32,0.0,5.0,-10,837.0
453,578.0,0,32,8.0,9.0,-9,837.0
454,579.0,0,32,7.0,12.0,-8,837.0
455,580.0,0,32,7.0,9.0,-7,837.0
456,581.0,0,32,1.0,3.0,-6,837.0
457,582.0,0,32,0.0,14.0,-5,837.0
458,583.0,0,32,1.0,4.0,-4,837.0
459,584.0,0,32,15.0,26.0,-3,837.0
460,585.0,0,32,5.0,7.0,-2,837.0
461,586.0,0,32,0.0,8.0,-1,837.0
462,587.0,0,32,4.0,12.0,0,837.0
463,588.0,0,32,4.0,10.0,1,837.0
464,589.0,0,32,5.0,6.0,2,837.0
465,590.0,0,32,0.0,11.0,3,837.0
466,591.0,0,32,2.0,26.0,4,837.0
467,592.0,0,32,0.0,23.0,5,837.0
468,593.0,0,32,0.0,12.0,6,837.0
469,594.0,0,32,1.0,14.0,7,837.0
470,595.0,0,32,1.0,9.0,8,837.0
471,596.0,0,32,0.0,8.0,9,837.0
472,597.0,0,32,0.0,5.0,10,837.0
473,598.0,0,32,0.0,5.0,11,837.0
474,599.0,0,32,0.0,3.0,12,837.0
475,600.0,0,32,0.0,2.0,13,837.0
476,573.0,0,32,163.0,1251.0,-14,837.0
477,574.0,0,32,290.0,1882.0,-13,837.0
478,575.0,0,32,80.0,901.0,-12,837.0
479,576.0,0,32,49.0,843.0,-11,837.0
480,577.0,0,32,17.0,323.0,-10,837.0
481,1.0,0,32,82.0,1207.0,-9,837.0
482,2.0,0,32,79.0,1027.0,-8,837.0
483,3.0,0,32,43.0,469.0,-7,837.0
484,4.0,0,32,154.0,922.0,-6,837.0
485,582.0,0,32,63.0,488.0,-5,837.0
486,6.0,0,32,14.0,159.0,-4,837.0
487,7.0,0,32,19.0,229.0,-3,837.0
488,8.0,0,32,59.0,458.0,-2,837.0
489,586.0,0,32,24.0,306.0,-1,837.0
490,10.0,0,32,46.0,332.0,0,837.0
491,11.0,0,32,7.0,174.0,1,837.0
492,12.0,0,32,46.0,339.0,2,837.0
493,590.0,0,32,26.0,239.0,3,837.0
494,14.0,0,32,14.0,124.0,4,837.0
495,592.0,0,32,6.0,93.0,5,837.0
496,593.0,0,32,15.0,212.0,6,837.0
497,17.0,0,32,19.0,300.0,7,837.0
498,18.0,0,32,22.0,208.0,8,837.0
499,596.0,0,32,18.0,184.0,9,837.0
500,597.0,0,32,111.0,1358.0,10,837.0
501,598.0,0,32,45.0,428.0,11,837.0
502,599.0,0,32,33.0,495.0,12,837.0
503,600.0,0,32,7.0,120.0,13,837.0
504,55.0,0,40,0.0,0.0,-14,651.0
505,56.0,0,40,0.0,0.0,-13,651.0
506,57.0,0,40,0.0,0.0,-12,651.0
507,58.0,0,40,0.0,0.0,-11,651.0
508,59.0,0,40,0.0,0.0,-10,651.0
509,60.0,0,40,0.0,0.0,-9,651.0
510,61.0,0,40,0.0,0.0,-8,651.0
511,62.0,0,40,0.0,0.0,-7,651.0
512,63.0,0,40,0.0,0.0,-6,651.0
513,64.0,0,40,0.0,0.0,-5,651.0
514,65.0,0,40,0.0,0.0,-4,651.0
515,66.0,0,40,0.0,0.0,-3,651.0
516,67.0,0,40,0.0,0.0,-2,651.0
517,-1.0,0,40,0.0,326.0,-1,651.0
518,0.0,0,40,1.0,466.0,0,651.0
519,1.0,0,40,0.0,75.0,1,651.0
520,2.0,0,40,0.0,67.0,2,651.0
521,3.0,0,40,0.0,61.0,3,651.0
522,4.0,0,40,0.0,42.0,4,651.0
523,5.0,0,40,0.0,49.0,5,651.0
524,6.0,0,40,0.0,36.0,6,651.0
525,7.0,0,40,0.0,49.0,7,651.0
526,8.0,0,40,0.0,27.0,8,651.0
527,9.0,0,40,0.0,17.0,9,651.0
528,10.0,0,40,0.0,21.0,10,651.0
529,11.0,0,40,0.0,26.0,11,651.0
530,12.0,0,40,0.0,37.0,12,651.0
531,13.0,0,40,0.0,28.0,13,651.0
532,55.0,0,40,0.0,0.0,-14,651.0
533,56.0,0,40,0.0,0.0,-13,651.0
534,57.0,0,40,0.0,0.0,-12,651.0
535,58.0,0,40,0.0,0.0,-11,651.0
536,59.0,0,40,0.0,0.0,-10,651.0
537,60.0,0,40,0.0,0.0,-9,651.0
538,61.0,0,40,0.0,0.0,-8,651.0
539,62.0,0,40,0.0,0.0,-7,651.0
540,63.0,0,40,0.0,0.0,-6,651.0
541,64.0,0,40,14.0,504.0,-5,651.0
542,65.0,0,40,39.0,263.0,-4,651.0
543,66.0,0,40,12.0,56.0,-3,651.0
544,67.0,0,40,9.0,54.0,-2,651.0
545,68.0,0,40,11.0,51.0,-1,651.0
546,69.0,0,40,0.0,42.0,0,651.0
547,70.0,0,40,2.0,36.0,1,651.0
548,71.0,0,40,5.0,46.0,2,651.0
549,72.0,0,40,0.0,29.0,3,651.0
550,73.0,0,40,2.0,32.0,4,651.0
551,74.0,0,40,0.0,10.0,5,651.0
552,75.0,0,40,1.0,29.0,6,651.0
553,76.0,0,40,2.0,31.0,7,651.0
554,77.0,0,40,1.0,23.0,8,651.0
555,78.0,0,40,2.0,29.0,9,651.0
556,79.0,0,40,1.0,70.0,10,651.0
557,80.0,0,40,0.0,58.0,11,651.0
558,81.0,0,40,0.0,38.0,12,651.0
559,82.0,0,40,0.0,25.0,13,651.0
560,55.0,0,40,20.0,715.0,-14,651.0
561,56.0,0,40,10.0,243.0,-13,651.0
562,57.0,0,40,3.0,51.0,-12,651.0
563,58.0,0,40,4.0,27.0,-11,651.0
564,59.0,0,40,0.0,28.0,-10,651.0
565,60.0,0,40,10.0,215.0,-9,651.0
566,61.0,0,40,7.0,177.0,-8,651.0
567,62.0,0,40,4.0,156.0,-7,651.0
568,63.0,0,40,6.0,115.0,-6,651.0
569,-1.0,0,40,8.0,297.0,-5,651.0
570,0.0,0,40,35.0,556.0,-4,651.0
571,1.0,0,40,37.0,940.0,-3,651.0
572,2.0,0,40,46.0,807.0,-2,651.0
573,3.0,0,40,25.0,368.0,-1,651.0
574,69.0,0,40,11.0,275.0,0,651.0
575,5.0,0,40,4.0,180.0,1,651.0
576,6.0,0,40,2.0,188.0,2,651.0
577,72.0,0,40,1.0,85.0,3,651.0
578,8.0,0,40,1.0,60.0,4,651.0
579,74.0,0,40,0.0,56.0,5,651.0
580,10.0,0,40,1.0,166.0,6,651.0
581,11.0,0,40,0.0,81.0,7,651.0
582,12.0,0,40,0.0,84.0,8,651.0
583,13.0,0,40,2.0,100.0,9,651.0
584,14.0,0,40,0.0,60.0,10,651.0
585,80.0,0,40,0.0,62.0,11,651.0
586,81.0,0,40,0.0,67.0,12,651.0
587,82.0,0,40,0.0,44.0,13,651.0
588,573.0,0,41,0.0,0.0,-14,10000.0
589,574.0,0,41,0.0,0.0,-13,10000.0
590,575.0,0,41,0.0,0.0,-12,10000.0
591,576.0,0,41,0.0,0.0,-11,10000.0
592,558.0,0,41,0.0,1.0,-10,10000.0
593,559.0,0,41,0.0,1.0,-9,10000.0
594,579.0,0,41,0.0,0.0,-8,10000.0
595,580.0,0,41,0.0,0.0,-7,10000.0
596,581.0,0,41,0.0,0.0,-6,10000.0
597,563.0,0,41,0.0,1.0,-5,10000.0
598,564.0,0,41,0.0,3.0,-4,10000.0
599,565.0,0,41,1.0,11.0,-3,10000.0
600,566.0,0,41,4.0,5.0,-2,10000.0
601,567.0,0,41,2.0,9.0,-1,10000.0
602,568.0,0,41,0.0,6.0,0,10000.0
603,569.0,0,41,0.0,2.0,1,10000.0
604,570.0,0,41,0.0,9.0,2,10000.0
605,571.0,0,41,0.0,3.0,3,10000.0
606,572.0,0,41,0.0,3.0,4,10000.0
607,573.0,0,41,2.0,8.0,5,10000.0
608,574.0,0,41,0.0,8.0,6,10000.0
609,575.0,0,41,1.0,19.0,7,10000.0
610,576.0,0,41,1.0,13.0,8,10000.0
611,577.0,0,41,0.0,25.0,9,10000.0
612,578.0,0,41,2.0,19.0,10,10000.0
613,579.0,0,41,0.0,12.0,11,10000.0
614,580.0,0,41,0.0,18.0,12,10000.0
615,581.0,0,41,0.0,14.0,13,10000.0
616,573.0,0,41,2.0,11.0,-14,10000.0
617,574.0,0,41,0.0,9.0,-13,10000.0
618,575.0,0,41,3.0,15.0,-12,10000.0
619,576.0,0,41,2.0,18.0,-11,10000.0
620,577.0,0,41,2.0,21.0,-10,10000.0
621,578.0,0,41,2.0,18.0,-9,10000.0
622,579.0,0,41,0.0,11.0,-8,10000.0
623,580.0,0,41,2.0,15.0,-7,10000.0
624,581.0,0,41,1.0,9.0,-6,10000.0
625,582.0,0,41,2.0,3.0,-5,10000.0
626,583.0,0,41,0.0,2.0,-4,10000.0
627,565.0,0,41,1.0,4.0,-3,10000.0
628,566.0,0,41,0.0,0.0,-2,10000.0
629,567.0,0,41,0.0,6.0,-1,10000.0
630,587.0,0,41,14.0,39.0,0,10000.0
631,588.0,0,41,10.0,33.0,1,10000.0
632,589.0,0,41,0.0,5.0,2,10000.0
633,590.0,0,41,0.0,4.0,3,10000.0
634,591.0,0,41,0.0,1.0,4,10000.0
635,573.0,0,41,0.0,2.0,5,10000.0
636,593.0,0,41,1.0,1.0,6,10000.0
637,575.0,0,41,0.0,3.0,7,10000.0
638,576.0,0,41,0.0,1.0,8,10000.0
639,596.0,0,41,0.0,2.0,9,10000.0
640,578.0,0,41,0.0,0.0,10,10000.0
641,598.0,0,41,0.0,0.0,11,10000.0
642,599.0,0,41,0.0,7.0,12,10000.0
643,600.0,0,41,1.0,3.0,13,10000.0
644,-14.0,0,43,0.0,0.0,-14,569.0
645,-13.0,0,43,0.0,0.0,-13,569.0
646,-12.0,0,43,0.0,0.0,-12,569.0
647,-11.0,0,43,0.0,0.0,-11,569.0
648,-10.0,0,43,0.0,0.0,-10,569.0
649,-9.0,0,43,0.0,0.0,-9,569.0
650,-8.0,0,43,0.0,0.0,-8,569.0
651,-7.0,0,43,0.0,0.0,-7,569.0
652,-6.0,0,43,0.0,0.0,-6,569.0
653,-5.0,0,43,0.0,0.0,-5,569.0
654,-4.0,0,43,0.0,0.0,-4,569.0
655,-3.0,0,43,0.0,0.0,-3,569.0
656,-2.0,0,43,0.0,0.0,-2,569.0
657,-1.0,0,43,0.0,0.0,-1,569.0
658,0.0,0,43,0.0,0.0,0,569.0
659,1.0,0,43,28.0,201.0,1,569.0
660,2.0,0,43,19.0,260.0,2,569.0
661,3.0,0,43,11.0,243.0,3,569.0
662,4.0,0,43,5.0,191.0,4,569.0
663,5.0,0,43,1.0,87.0,5,569.0
664,6.0,0,43,3.0,129.0,6,569.0
665,7.0,0,43,1.0,82.0,7,569.0
666,8.0,0,43,0.0,35.0,8,569.0
667,9.0,0,43,2.0,82.0,9,569.0
668,10.0,0,43,2.0,45.0,10,569.0
669,11.0,0,43,0.0,78.0,11,569.0
670,12.0,0,43,1.0,103.0,12,569.0
671,13.0,0,43,1.0,74.0,13,569.0
672,557.0,0,46,0.0,2.0,-14,10000.0
673,558.0,0,46,1.0,4.0,-13,10000.0
674,559.0,0,46,1.0,19.0,-12,10000.0
675,560.0,0,46,0.0,12.0,-11,10000.0
676,561.0,0,46,0.0,16.0,-10,10000.0
677,562.0,0,46,34.0,169.0,-9,10000.0
678,563.0,0,46,17.0,141.0,-8,10000.0
679,564.0,0,46,7.0,134.0,-7,10000.0
680,565.0,0,46,12.0,97.0,-6,10000.0
681,566.0,0,46,10.0,90.0,-5,10000.0
682,567.0,0,46,7.0,72.0,-4,10000.0
683,568.0,0,46,8.0,73.0,-3,10000.0
684,569.0,0,46,7.0,69.0,-2,10000.0
685,570.0,0,46,25.0,134.0,-1,10000.0
686,571.0,0,46,17.0,181.0,0,10000.0
687,572.0,0,46,29.0,145.0,1,10000.0
688,573.0,0,46,18.0,164.0,2,10000.0
689,574.0,0,46,37.0,243.0,3,10000.0
690,575.0,0,46,8.0,72.0,4,10000.0
691,576.0,0,46,3.0,60.0,5,10000.0
692,577.0,0,46,3.0,45.0,6,10000.0
693,578.0,0,46,16.0,157.0,7,10000.0
694,579.0,0,46,28.0,200.0,8,10000.0
695,580.0,0,46,35.0,395.0,9,10000.0
696,581.0,0,46,3.0,47.0,10,10000.0
697,582.0,0,46,2.0,42.0,11,10000.0
698,583.0,0,46,3.0,35.0,12,10000.0
699,584.0,0,46,4.0,31.0,13,10000.0
700,711.0,0,48,6.0,94.0,-14,10000.0
701,712.0,0,48,94.0,1682.0,-13,10000.0
702,713.0,0,48,25.0,510.0,-12,10000.0
703,714.0,0,48,3.0,98.0,-11,10000.0
704,715.0,0,48,4.0,125.0,-10,10000.0
705,716.0,0,48,7.0,149.0,-9,10000.0
706,717.0,0,48,4.0,145.0,-8,10000.0
707,718.0,0,48,11.0,185.0,-7,10000.0
708,719.0,0,48,8.0,171.0,-6,10000.0
709,720.0,0,48,7.0,109.0,-5,10000.0
710,721.0,0,48,5.0,96.0,-4,10000.0
711,722.0,0,48,6.0,121.0,-3,10000.0
712,723.0,0,48,3.0,205.0,-2,10000.0
713,724.0,0,48,6.0,228.0,-1,10000.0
714,725.0,0,48,6.0,178.0,0,10000.0
715,726.0,0,48,16.0,228.0,1,10000.0
716,727.0,0,48,53.0,456.0,2,10000.0
717,728.0,0,48,7.0,104.0,3,10000.0
718,729.0,0,48,1.0,93.0,4,10000.0
719,730.0,0,48,5.0,87.0,5,10000.0
720,731.0,0,48,5.0,107.0,6,10000.0
721,732.0,0,48,4.0,76.0,7,10000.0
722,733.0,0,48,29.0,423.0,8,10000.0
723,734.0,0,48,6.0,186.0,9,10000.0
724,735.0,0,48,14.0,196.0,10,10000.0
725,736.0,0,48,2.0,114.0,11,10000.0
726,737.0,0,48,0.0,79.0,12,10000.0
727,738.0,0,48,0.0,78.0,13,10000.0
728,705.0,0,49,0.0,0.0,-14,10000.0
729,706.0,0,49,0.0,0.0,-13,10000.0
730,707.0,0,49,0.0,0.0,-12,10000.0
731,708.0,0,49,0.0,0.0,-11,10000.0
732,709.0,0,49,0.0,0.0,-10,10000.0
733,710.0,0,49,0.0,0.0,-9,10000.0
734,711.0,0,49,0.0,0.0,-8,10000.0
735,712.0,0,49,0.0,1.0,-7,10000.0
736,713.0,0,49,0.0,0.0,-6,10000.0
737,714.0,0,49,0.0,1.0,-5,10000.0
738,715.0,0,49,0.0,0.0,-4,10000.0
739,716.0,0,49,0.0,0.0,-3,10000.0
740,717.0,0,49,0.0,0.0,-2,10000.0
741,718.0,0,49,0.0,0.0,-1,10000.0
742,719.0,0,49,0.0,1.0,0,10000.0
743,720.0,0,49,2.0,0.0,1,10000.0
744,721.0,0,49,0.0,0.0,2,10000.0
745,722.0,0,49,0.0,0.0,3,10000.0
746,723.0,0,49,1.0,0.0,4,10000.0
747,724.0,0,49,0.0,0.0,5,10000.0
748,725.0,0,49,0.0,0.0,6,10000.0
749,726.0,0,49,0.0,0.0,7,10000.0
750,727.0,0,49,0.0,0.0,8,10000.0
751,728.0,0,49,0.0,0.0,9,10000.0
752,729.0,0,49,0.0,0.0,10,10000.0
753,730.0,0,49,0.0,0.0,11,10000.0
754,731.0,0,49,0.0,0.0,12,10000.0
755,732.0,0,49,0.0,1.0,13,10000.0
756,588.0,0,52,0.0,2.0,-14,10000.0
757,589.0,0,52,0.0,0.0,-13,10000.0
758,590.0,0,52,0.0,0.0,-12,10000.0
759,591.0,0,52,0.0,0.0,-11,10000.0
760,592.0,0,52,0.0,1.0,-10,10000.0
761,593.0,0,52,0.0,0.0,-9,10000.0
762,594.0,0,52,0.0,0.0,-8,10000.0
763,595.0,0,52,0.0,0.0,-7,10000.0
764,596.0,0,52,0.0,1.0,-6,10000.0
765,597.0,0,52,0.0,0.0,-5,10000.0
766,598.0,0,52,0.0,1.0,-4,10000.0
767,599.0,0,52,0.0,1.0,-3,10000.0
768,600.0,0,52,0.0,0.0,-2,10000.0
769,601.0,0,52,0.0,1.0,-1,10000.0
770,602.0,0,52,0.0,0.0,0,10000.0
771,603.0,0,52,0.0,0.0,1,10000.0
772,604.0,0,52,0.0,1.0,2,10000.0
773,605.0,0,52,0.0,0.0,3,10000.0
774,606.0,0,52,0.0,0.0,4,10000.0
775,607.0,0,52,0.0,2.0,5,10000.0
776,608.0,0,52,0.0,1.0,6,10000.0
777,609.0,0,52,0.0,0.0,7,10000.0
778,610.0,0,52,0.0,0.0,8,10000.0
779,611.0,0,52,0.0,0.0,9,10000.0
780,612.0,0,52,0.0,0.0,10,10000.0
781,613.0,0,52,0.0,0.0,11,10000.0
782,614.0,0,52,0.0,1.0,12,10000.0
783,615.0,0,52,0.0,0.0,13,10000.0
784,550.0,0,58,10.0,150.0,-14,10000.0
785,551.0,0,58,17.0,117.0,-13,10000.0
786,552.0,0,58,3.0,67.0,-12,10000.0
787,553.0,0,58,7.0,76.0,-11,10000.0
788,554.0,0,58,3.0,62.0,-10,10000.0
789,555.0,0,58,1.0,45.0,-9,10000.0
790,556.0,0,58,8.0,56.0,-8,10000.0
791,557.0,0,58,21.0,260.0,-7,10000.0
792,558.0,0,58,18.0,574.0,-6,10000.0
793,559.0,0,58,58.0,1234.0,-5,10000.0
794,560.0,0,58,49.0,1311.0,-4,10000.0
795,561.0,0,58,68.0,1812.0,-3,10000.0
796,562.0,0,58,210.0,4943.0,-2,10000.0
797,563.0,0,58,290.0,9321.0,-1,10000.0
798,564.0,0,58,247.0,17555.0,0,10000.0
799,565.0,0,58,194.0,20262.0,1,10000.0
800,566.0,0,58,158.0,23004.0,2,10000.0
801,567.0,0,58,202.0,25979.0,3,10000.0
802,568.0,0,58,150.0,44266.0,4,10000.0
803,569.0,0,58,140.0,25208.0,5,10000.0
804,570.0,0,58,84.0,17585.0,6,10000.0
805,571.0,0,58,88.0,21412.0,7,10000.0
806,572.0,0,58,39.0,13802.0,8,10000.0
807,573.0,0,58,62.0,15014.0,9,10000.0
808,574.0,0,58,48.0,8268.0,10,10000.0
809,575.0,0,58,39.0,7275.0,11,10000.0
810,576.0,0,58,18.0,6853.0,12,10000.0
811,577.0,0,58,19.0,5629.0,13,10000.0
812,550.0,0,58,17.0,381.0,-14,10000.0
813,551.0,0,58,14.0,412.0,-13,10000.0
814,552.0,0,58,9.0,348.0,-12,10000.0
815,553.0,0,58,17.0,512.0,-11,10000.0
816,554.0,0,58,11.0,453.0,-10,10000.0
817,555.0,0,58,12.0,401.0,-9,10000.0
818,556.0,0,58,10.0,364.0,-8,10000.0
819,557.0,0,58,13.0,296.0,-7,10000.0
820,558.0,0,58,6.0,268.0,-6,10000.0
821,559.0,0,58,9.0,177.0,-5,10000.0
822,560.0,0,58,16.0,430.0,-4,10000.0
823,561.0,0,58,11.0,791.0,-3,10000.0
824,562.0,0,58,11.0,517.0,-2,10000.0
825,563.0,0,58,14.0,634.0,-1,10000.0
826,564.0,0,58,24.0,643.0,0,10000.0
827,565.0,0,58,19.0,622.0,1,10000.0
828,566.0,0,58,18.0,410.0,2,10000.0
829,567.0,0,58,12.0,232.0,3,10000.0
830,568.0,0,58,8.0,357.0,4,10000.0
831,569.0,0,58,12.0,421.0,5,10000.0
832,570.0,0,58,2.0,177.0,6,10000.0
833,571.0,0,58,10.0,249.0,7,10000.0
834,572.0,0,58,12.0,361.0,8,10000.0
835,573.0,0,58,12.0,312.0,9,10000.0
836,574.0,0,58,19.0,511.0,10,10000.0
837,575.0,0,58,9.0,430.0,11,10000.0
838,576.0,0,58,9.0,237.0,12,10000.0
839,577.0,0,58,4.0,299.0,13,10000.0
840,675.0,0,59,1.0,1.0,-14,10000.0
841,676.0,0,59,1.0,4.0,-13,10000.0
842,677.0,0,59,0.0,1.0,-12,10000.0
843,678.0,0,59,0.0,1.0,-11,10000.0
844,679.0,0,59,0.0,11.0,-10,10000.0
845,680.0,0,59,4.0,76.0,-9,10000.0
846,681.0,0,59,2.0,14.0,-8,10000.0
847,682.0,0,59,0.0,8.0,-7,10000.0
848,683.0,0,59,0.0,3.0,-6,10000.0
849,728.0,0,59,0.0,0.0,-5,10000.0
850,685.0,0,59,0.0,1.0,-4,10000.0
851,686.0,0,59,0.0,3.0,-3,10000.0
852,687.0,0,59,1.0,1.0,-2,10000.0
853,688.0,0,59,0.0,3.0,-1,10000.0
854,689.0,0,59,1.0,2.0,0,10000.0
855,690.0,0,59,1.0,3.0,1,10000.0
856,691.0,0,59,0.0,1.0,2,10000.0
857,692.0,0,59,0.0,3.0,3,10000.0
858,693.0,0,59,0.0,2.0,4,10000.0
859,738.0,0,59,0.0,0.0,5,10000.0
860,695.0,0,59,0.0,2.0,6,10000.0
861,696.0,0,59,0.0,2.0,7,10000.0
862,741.0,0,59,0.0,0.0,8,10000.0
863,698.0,0,59,0.0,1.0,9,10000.0
864,699.0,0,59,0.0,1.0,10,10000.0
865,744.0,0,59,0.0,0.0,11,10000.0
866,701.0,0,59,1.0,1.0,12,10000.0
867,702.0,0,59,0.0,2.0,13,10000.0
868,675.0,0,59,0.0,1.0,-14,10000.0
869,676.0,0,59,0.0,0.0,-13,10000.0
870,721.0,0,59,0.0,0.0,-12,10000.0
871,722.0,0,59,0.0,1.0,-11,10000.0
872,723.0,0,59,2.0,3.0,-10,10000.0
873,680.0,0,59,0.0,0.0,-9,10000.0
874,681.0,0,59,1.0,0.0,-8,10000.0
875,726.0,0,59,0.0,1.0,-7,10000.0
876,727.0,0,59,0.0,2.0,-6,10000.0
877,728.0,0,59,1.0,1.0,-5,10000.0
878,729.0,0,59,1.0,1.0,-4,10000.0
879,730.0,0,59,0.0,2.0,-3,10000.0
880,687.0,0,59,1.0,2.0,-2,10000.0
881,732.0,0,59,0.0,0.0,-1,10000.0
882,689.0,0,59,0.0,2.0,0,10000.0
883,690.0,0,59,0.0,0.0,1,10000.0
884,735.0,0,59,0.0,2.0,2,10000.0
885,736.0,0,59,1.0,1.0,3,10000.0
886,737.0,0,59,0.0,2.0,4,10000.0
887,738.0,0,59,0.0,1.0,5,10000.0
888,739.0,0,59,0.0,0.0,6,10000.0
889,740.0,0,59,1.0,0.0,7,10000.0
890,741.0,0,59,0.0,2.0,8,10000.0
891,742.0,0,59,3.0,5.0,9,10000.0
892,743.0,0,59,1.0,0.0,10,10000.0
893,744.0,0,59,1.0,2.0,11,10000.0
894,701.0,0,59,0.0,0.0,12,10000.0
895,746.0,0,59,0.0,2.0,13,10000.0
896,787.0,0,62,0.0,0.0,-14,10000.0
897,788.0,0,62,0.0,0.0,-13,10000.0
898,789.0,0,62,0.0,0.0,-12,10000.0
899,790.0,0,62,0.0,0.0,-11,10000.0
900,791.0,0,62,0.0,0.0,-10,10000.0
901,792.0,0,62,0.0,0.0,-9,10000.0
902,574.0,0,62,0.0,1.0,-8,10000.0
903,794.0,0,62,0.0,0.0,-7,10000.0
904,795.0,0,62,0.0,0.0,-6,10000.0
905,796.0,0,62,0.0,0.0,-5,10000.0
906,797.0,0,62,0.0,0.0,-4,10000.0
907,798.0,0,62,0.0,0.0,-3,10000.0
908,799.0,0,62,0.0,0.0,-2,10000.0
909,800.0,0,62,0.0,0.0,-1,10000.0
910,801.0,0,62,0.0,0.0,0,10000.0
911,802.0,0,62,0.0,0.0,1,10000.0
912,803.0,0,62,0.0,0.0,2,10000.0
913,804.0,0,62,0.0,0.0,3,10000.0
914,805.0,0,62,0.0,0.0,4,10000.0
915,806.0,0,62,0.0,0.0,5,10000.0
916,807.0,0,62,0.0,0.0,6,10000.0
917,808.0,0,62,0.0,0.0,7,10000.0
918,809.0,0,62,0.0,0.0,8,10000.0
919,810.0,0,62,0.0,0.0,9,10000.0
920,811.0,0,62,0.0,0.0,10,10000.0
921,812.0,0,62,0.0,0.0,11,10000.0
922,594.0,0,62,0.0,1.0,12,10000.0
923,814.0,0,62,0.0,0.0,13,10000.0
924,787.0,0,62,0.0,0.0,-14,10000.0
925,788.0,0,62,0.0,0.0,-13,10000.0
926,789.0,0,62,0.0,0.0,-12,10000.0
927,790.0,0,62,0.0,0.0,-11,10000.0
928,791.0,0,62,0.0,0.0,-10,10000.0
929,792.0,0,62,0.0,0.0,-9,10000.0
930,793.0,0,62,158.0,693.0,-8,10000.0
931,794.0,0,62,9.0,46.0,-7,10000.0
932,795.0,0,62,0.0,5.0,-6,10000.0
933,796.0,0,62,3.0,3.0,-5,10000.0
934,797.0,0,62,0.0,0.0,-4,10000.0
935,798.0,0,62,0.0,11.0,-3,10000.0
936,799.0,0,62,0.0,5.0,-2,10000.0
937,800.0,0,62,0.0,1.0,-1,10000.0
938,801.0,0,62,1.0,1.0,0,10000.0
939,802.0,0,62,1.0,1.0,1,10000.0
940,803.0,0,62,0.0,3.0,2,10000.0
941,804.0,0,62,0.0,3.0,3,10000.0
942,805.0,0,62,1.0,1.0,4,10000.0
943,806.0,0,62,0.0,1.0,5,10000.0
944,807.0,0,62,0.0,2.0,6,10000.0
945,808.0,0,62,0.0,3.0,7,10000.0
946,809.0,0,62,0.0,0.0,8,10000.0
947,810.0,0,62,0.0,0.0,9,10000.0
948,811.0,0,62,0.0,1.0,10,10000.0
949,812.0,0,62,1.0,0.0,11,10000.0
950,813.0,0,62,0.0,3.0,12,10000.0
951,814.0,0,62,0.0,1.0,13,10000.0
952,638.0,0,62,0.0,0.0,-14,10000.0
953,639.0,0,62,0.0,0.0,-13,10000.0
954,640.0,0,62,0.0,1.0,-12,10000.0
955,641.0,0,62,0.0,0.0,-11,10000.0
956,642.0,0,62,0.0,0.0,-10,10000.0
957,643.0,0,62,0.0,0.0,-9,10000.0
958,644.0,0,62,0.0,0.0,-8,10000.0
959,645.0,0,62,0.0,0.0,-7,10000.0
960,646.0,0,62,0.0,0.0,-6,10000.0
961,647.0,0,62,0.0,0.0,-5,10000.0
962,648.0,0,62,0.0,0.0,-4,10000.0
963,649.0,0,62,0.0,0.0,-3,10000.0
964,650.0,0,62,0.0,0.0,-2,10000.0
965,651.0,0,62,0.0,0.0,-1,10000.0
966,652.0,0,62,0.0,0.0,0,10000.0
967,653.0,0,62,0.0,0.0,1,10000.0
968,654.0,0,62,0.0,0.0,2,10000.0
969,655.0,0,62,0.0,0.0,3,10000.0
970,656.0,0,62,0.0,0.0,4,10000.0
971,657.0,0,62,0.0,1.0,5,10000.0
972,658.0,0,62,0.0,0.0,6,10000.0
973,659.0,0,62,0.0,0.0,7,10000.0
974,660.0,0,62,0.0,0.0,8,10000.0
975,661.0,0,62,0.0,0.0,9,10000.0
976,662.0,0,62,0.0,0.0,10,10000.0
977,663.0,0,62,0.0,0.0,11,10000.0
978,664.0,0,62,0.0,0.0,12,10000.0
979,665.0,0,62,0.0,0.0,13,10000.0
980,612.0,0,69,0.0,1.0,-14,10000.0
981,613.0,0,69,0.0,1.0,-13,10000.0
982,614.0,0,69,0.0,0.0,-12,10000.0
983,615.0,0,69,0.0,1.0,-11,10000.0
984,616.0,0,69,0.0,0.0,-10,10000.0
985,617.0,0,69,0.0,0.0,-9,10000.0
986,618.0,0,69,0.0,2.0,-8,10000.0
987,619.0,0,69,0.0,0.0,-7,10000.0
988,620.0,0,69,0.0,0.0,-6,10000.0
989,621.0,0,69,0.0,3.0,-5,10000.0
990,622.0,0,69,2.0,4.0,-4,10000.0
991,623.0,0,69,0.0,5.0,-3,10000.0
992,624.0,0,69,0.0,3.0,-2,10000.0
993,625.0,0,69,0.0,0.0,-1,10000.0
994,626.0,0,69,0.0,1.0,0,10000.0
995,627.0,0,69,1.0,8.0,1,10000.0
996,628.0,0,69,0.0,1.0,2,10000.0
997,629.0,0,69,2.0,9.0,3,10000.0
998,630.0,0,69,2.0,7.0,4,10000.0
999,631.0,0,69,1.0,4.0,5,10000.0
1000,632.0,0,69,0.0,3.0,6,10000.0
1001,633.0,0,69,0.0,5.0,7,10000.0
1002,634.0,0,69,0.0,2.0,8,10000.0
1003,635.0,0,69,1.0,0.0,9,10000.0
1004,636.0,0,69,0.0,1.0,10,10000.0
1005,637.0,0,69,0.0,3.0,11,10000.0
1006,638.0,0,69,0.0,1.0,12,10000.0
1007,639.0,0,69,0.0,1.0,13,10000.0
1008,559.0,0,71,0.0,2.0,-14,10000.0
1009,560.0,0,71,1.0,2.0,-13,10000.0
1010,561.0,0,71,1.0,2.0,-12,10000.0
1011,562.0,0,71,1.0,3.0,-11,10000.0
1012,798.0,0,71,0.0,0.0,-10,10000.0
1013,564.0,0,71,0.0,1.0,-9,10000.0
1014,565.0,0,71,1.0,3.0,-8,10000.0
1015,566.0,0,71,4.0,42.0,-7,10000.0
1016,567.0,0,71,2.0,18.0,-6,10000.0
1017,568.0,0,71,1.0,6.0,-5,10000.0
1018,569.0,0,71,0.0,8.0,-4,10000.0
1019,570.0,0,71,3.0,19.0,-3,10000.0
1020,571.0,0,71,0.0,9.0,-2,10000.0
1021,572.0,0,71,1.0,2.0,-1,10000.0
1022,573.0,0,71,0.0,6.0,0,10000.0
1023,574.0,0,71,0.0,4.0,1,10000.0
1024,575.0,0,71,0.0,2.0,2,10000.0
1025,576.0,0,71,2.0,5.0,3,10000.0
1026,577.0,0,71,2.0,7.0,4,10000.0
1027,578.0,0,71,0.0,1.0,5,10000.0
1028,579.0,0,71,1.0,1.0,6,10000.0
1029,580.0,0,71,0.0,2.0,7,10000.0
1030,816.0,0,71,0.0,0.0,8,10000.0
1031,582.0,0,71,0.0,3.0,9,10000.0
1032,583.0,0,71,1.0,1.0,10,10000.0
1033,584.0,0,71,2.0,8.0,11,10000.0
1034,585.0,0,71,12.0,105.0,12,10000.0
1035,586.0,0,71,1.0,13.0,13,10000.0
1036,794.0,0,71,0.0,2.0,-14,10000.0
1037,795.0,0,71,2.0,1.0,-13,10000.0
1038,796.0,0,71,0.0,0.0,-12,10000.0
1039,797.0,0,71,0.0,0.0,-11,10000.0
1040,798.0,0,71,0.0,3.0,-10,10000.0
1041,799.0,0,71,0.0,0.0,-9,10000.0
1042,800.0,0,71,0.0,0.0,-8,10000.0
1043,801.0,0,71,0.0,2.0,-7,10000.0
1044,802.0,0,71,0.0,1.0,-6,10000.0
1045,803.0,0,71,0.0,0.0,-5,10000.0
1046,804.0,0,71,0.0,0.0,-4,10000.0
1047,805.0,0,71,0.0,0.0,-3,10000.0
1048,806.0,0,71,0.0,0.0,-2,10000.0
1049,807.0,0,71,0.0,0.0,-1,10000.0
1050,808.0,0,71,0.0,0.0,0,10000.0
1051,809.0,0,71,0.0,0.0,1,10000.0
1052,810.0,0,71,1.0,2.0,2,10000.0
1053,811.0,0,71,0.0,1.0,3,10000.0
1054,812.0,0,71,0.0,1.0,4,10000.0
1055,813.0,0,71,1.0,1.0,5,10000.0
1056,814.0,0,71,0.0,4.0,6,10000.0
1057,815.0,0,71,0.0,0.0,7,10000.0
1058,816.0,0,71,0.0,0.0,8,10000.0
1059,817.0,0,71,0.0,0.0,9,10000.0
1060,818.0,0,71,0.0,1.0,10,10000.0
1061,819.0,0,71,0.0,1.0,11,10000.0
1062,820.0,0,71,0.0,2.0,12,10000.0
1063,821.0,0,71,1.0,1.0,13,10000.0
1064,794.0,0,71,0.0,1.0,-14,10000.0
1065,721.0,0,71,0.0,1.0,-13,10000.0
1066,796.0,0,71,1.0,1.0,-12,10000.0
1067,797.0,0,71,0.0,0.0,-11,10000.0
1068,798.0,0,71,0.0,0.0,-10,10000.0
1069,799.0,0,71,0.0,0.0,-9,10000.0
1070,800.0,0,71,0.0,0.0,-8,10000.0
1071,801.0,0,71,0.0,1.0,-7,10000.0
1072,802.0,0,71,0.0,0.0,-6,10000.0
1073,803.0,0,71,0.0,0.0,-5,10000.0
1074,804.0,0,71,0.0,0.0,-4,10000.0
1075,805.0,0,71,0.0,0.0,-3,10000.0
1076,806.0,0,71,0.0,0.0,-2,10000.0
1077,807.0,0,71,0.0,0.0,-1,10000.0
1078,808.0,0,71,0.0,3.0,0,10000.0
1079,809.0,0,71,1.0,1.0,1,10000.0
1080,736.0,0,71,1.0,0.0,2,10000.0
1081,811.0,0,71,1.0,0.0,3,10000.0
1082,812.0,0,71,0.0,0.0,4,10000.0
1083,739.0,0,71,0.0,1.0,5,10000.0
1084,814.0,0,71,0.0,0.0,6,10000.0
1085,815.0,0,71,0.0,3.0,7,10000.0
1086,816.0,0,71,0.0,0.0,8,10000.0
1087,817.0,0,71,0.0,0.0,9,10000.0
1088,818.0,0,71,0.0,0.0,10,10000.0
1089,819.0,0,71,0.0,0.0,11,10000.0
1090,820.0,0,71,0.0,0.0,12,10000.0
1091,747.0,0,71,0.0,0.0,13,10000.0
1092,601.0,0,72,5.0,33.0,-14,10000.0
1093,602.0,0,72,9.0,38.0,-13,10000.0
1094,603.0,0,72,7.0,18.0,-12,10000.0
1095,604.0,0,72,24.0,116.0,-11,10000.0
1096,605.0,0,72,7.0,7.0,-10,10000.0
1097,606.0,0,72,0.0,11.0,-9,10000.0
1098,607.0,0,72,2.0,2.0,-8,10000.0
1099,608.0,0,72,1.0,4.0,-7,10000.0
1100,609.0,0,72,1.0,2.0,-6,10000.0
1101,610.0,0,72,0.0,4.0,-5,10000.0
1102,611.0,0,72,1.0,6.0,-4,10000.0
1103,612.0,0,72,0.0,4.0,-3,10000.0
1104,613.0,0,72,2.0,9.0,-2,10000.0
1105,614.0,0,72,1.0,1.0,-1,10000.0
1106,615.0,0,72,1.0,4.0,0,10000.0
1107,616.0,0,72,0.0,6.0,1,10000.0
1108,617.0,0,72,1.0,8.0,2,10000.0
1109,618.0,0,72,0.0,4.0,3,10000.0
1110,619.0,0,72,0.0,4.0,4,10000.0
1111,620.0,0,72,0.0,6.0,5,10000.0
1112,621.0,0,72,4.0,19.0,6,10000.0
1113,622.0,0,72,3.0,7.0,7,10000.0
1114,623.0,0,72,1.0,4.0,8,10000.0
1115,624.0,0,72,4.0,2.0,9,10000.0
1116,625.0,0,72,0.0,5.0,10,10000.0
1117,626.0,0,72,0.0,6.0,11,10000.0
1118,627.0,0,72,1.0,5.0,12,10000.0
1119,628.0,0,72,0.0,6.0,13,10000.0
1120,575.0,0,73,25.0,271.0,-14,10000.0
1121,576.0,0,73,26.0,341.0,-13,10000.0
1122,577.0,0,73,20.0,243.0,-12,10000.0
1123,578.0,0,73,19.0,221.0,-11,10000.0
1124,579.0,0,73,16.0,193.0,-10,10000.0
1125,580.0,0,73,15.0,156.0,-9,10000.0
1126,581.0,0,73,12.0,139.0,-8,10000.0
1127,582.0,0,73,13.0,146.0,-7,10000.0
1128,583.0,0,73,12.0,136.0,-6,10000.0
1129,584.0,0,73,12.0,143.0,-5,10000.0
1130,585.0,0,73,12.0,157.0,-4,10000.0
1131,586.0,0,73,7.0,120.0,-3,10000.0
1132,587.0,0,73,12.0,110.0,-2,10000.0
1133,588.0,0,73,11.0,104.0,-1,10000.0
1134,589.0,0,73,7.0,81.0,0,10000.0
1135,590.0,0,73,6.0,88.0,1,10000.0
1136,591.0,0,73,6.0,65.0,2,10000.0
1137,592.0,0,73,5.0,48.0,3,10000.0
1138,593.0,0,73,1.0,37.0,4,10000.0
1139,594.0,0,73,4.0,32.0,5,10000.0
1140,595.0,0,73,1.0,43.0,6,10000.0
1141,596.0,0,73,4.0,35.0,7,10000.0
1142,597.0,0,73,1.0,36.0,8,10000.0
1143,598.0,0,73,2.0,39.0,9,10000.0
1144,599.0,0,73,5.0,49.0,10,10000.0
1145,600.0,0,73,3.0,30.0,11,10000.0
1146,601.0,0,73,4.0,32.0,12,10000.0
1147,602.0,0,73,4.0,32.0,13,10000.0
1148,560.0,0,77,3.0,19.0,-14,10000.0
1149,561.0,0,77,5.0,8.0,-13,10000.0
1150,562.0,0,77,24.0,33.0,-12,10000.0
1151,563.0,0,77,19.0,34.0,-11,10000.0
1152,564.0,0,77,47.0,76.0,-10,10000.0
1153,565.0,0,77,37.0,126.0,-9,10000.0
1154,566.0,0,77,158.0,331.0,-8,10000.0
1155,567.0,0,77,42.0,74.0,-7,10000.0
1156,568.0,0,77,33.0,54.0,-6,10000.0
1157,569.0,0,77,18.0,35.0,-5,10000.0
1158,570.0,0,77,10.0,41.0,-4,10000.0
1159,571.0,0,77,11.0,48.0,-3,10000.0
1160,572.0,0,77,7.0,29.0,-2,10000.0
1161,573.0,0,77,11.0,42.0,-1,10000.0
1162,574.0,0,77,2.0,15.0,0,10000.0
1163,575.0,0,77,3.0,11.0,1,10000.0
1164,576.0,0,77,3.0,8.0,2,10000.0
1165,577.0,0,77,2.0,18.0,3,10000.0
1166,578.0,0,77,0.0,18.0,4,10000.0
1167,579.0,0,77,4.0,22.0,5,10000.0
1168,580.0,0,77,2.0,1.0,6,10000.0
1169,581.0,0,77,0.0,7.0,7,10000.0
1170,582.0,0,77,2.0,19.0,8,10000.0
1171,583.0,0,77,2.0,6.0,9,10000.0
1172,584.0,0,77,2.0,8.0,10,10000.0
1173,585.0,0,77,6.0,32.0,11,10000.0
1174,586.0,0,77,0.0,6.0,12,10000.0
1175,587.0,0,77,1.0,7.0,13,10000.0
1176,-9.0,0,78,0.0,0.0,-14,10000.0
1177,-8.0,0,78,0.0,0.0,-13,10000.0
1178,-7.0,0,78,0.0,0.0,-12,10000.0
1179,-6.0,0,78,0.0,0.0,-11,10000.0
1180,-5.0,0,78,0.0,0.0,-10,10000.0
1181,-4.0,0,78,0.0,0.0,-9,10000.0
1182,-3.0,0,78,0.0,0.0,-8,10000.0
1183,-2.0,0,78,0.0,39.0,-7,10000.0
1184,-1.0,0,78,4.0,71.0,-6,10000.0
1185,0.0,0,78,21.0,219.0,-5,10000.0
1186,1.0,0,78,21.0,100.0,-4,10000.0
1187,2.0,0,78,14.0,86.0,-3,10000.0
1188,3.0,0,78,16.0,114.0,-2,10000.0
1189,4.0,0,78,8.0,99.0,-1,10000.0
1190,5.0,0,78,12.0,113.0,0,10000.0
1191,6.0,0,78,3.0,67.0,1,10000.0
1192,7.0,0,78,2.0,53.0,2,10000.0
1193,8.0,0,78,2.0,32.0,3,10000.0
1194,9.0,0,78,3.0,26.0,4,10000.0
1195,10.0,0,78,0.0,27.0,5,10000.0
1196,11.0,0,78,0.0,17.0,6,10000.0
1197,12.0,0,78,1.0,36.0,7,10000.0
1198,13.0,0,78,3.0,59.0,8,10000.0
1199,14.0,0,78,0.0,37.0,9,10000.0
1200,15.0,0,78,2.0,24.0,10,10000.0
1201,16.0,0,78,0.0,14.0,11,10000.0
1202,17.0,0,78,0.0,18.0,12,10000.0
1203,18.0,0,78,0.0,36.0,13,10000.0
1204,733.0,0,83,0.0,0.0,-14,10000.0
1205,734.0,0,83,0.0,0.0,-13,10000.0
1206,735.0,0,83,0.0,0.0,-12,10000.0
1207,736.0,0,83,0.0,0.0,-11,10000.0
1208,737.0,0,83,0.0,0.0,-10,10000.0
1209,738.0,0,83,0.0,0.0,-9,10000.0
1210,739.0,0,83,0.0,0.0,-8,10000.0
1211,740.0,0,83,0.0,0.0,-7,10000.0
1212,741.0,0,83,0.0,0.0,-6,10000.0
1213,0.0,0,83,20.0,22.0,-5,10000.0
1214,1.0,0,83,25.0,42.0,-4,10000.0
1215,2.0,0,83,7.0,9.0,-3,10000.0
1216,3.0,0,83,7.0,5.0,-2,10000.0
1217,4.0,0,83,6.0,25.0,-1,10000.0
1218,5.0,0,83,1.0,5.0,0,10000.0
1219,6.0,0,83,4.0,5.0,1,10000.0
1220,7.0,0,83,0.0,1.0,2,10000.0
1221,8.0,0,83,0.0,5.0,3,10000.0
1222,9.0,0,83,0.0,1.0,4,10000.0
1223,10.0,0,83,1.0,2.0,5,10000.0
1224,11.0,0,83,0.0,2.0,6,10000.0
1225,12.0,0,83,0.0,3.0,7,10000.0
1226,755.0,0,83,0.0,0.0,8,10000.0
1227,14.0,0,83,3.0,9.0,9,10000.0
1228,15.0,0,83,0.0,1.0,10,10000.0
1229,16.0,0,83,0.0,2.0,11,10000.0
1230,17.0,0,83,0.0,1.0,12,10000.0
1231,18.0,0,83,0.0,1.0,13,10000.0
1232,733.0,0,83,0.0,0.0,-14,10000.0
1233,707.0,0,83,1.0,0.0,-13,10000.0
1234,708.0,0,83,0.0,1.0,-12,10000.0
1235,709.0,0,83,1.0,2.0,-11,10000.0
1236,710.0,0,83,2.0,1.0,-10,10000.0
1237,738.0,0,83,2.0,0.0,-9,10000.0
1238,712.0,0,83,2.0,1.0,-8,10000.0
1239,713.0,0,83,0.0,0.0,-7,10000.0
1240,714.0,0,83,0.0,3.0,-6,10000.0
1241,715.0,0,83,0.0,1.0,-5,10000.0
1242,716.0,0,83,0.0,5.0,-4,10000.0
1243,744.0,0,83,0.0,0.0,-3,10000.0
1244,718.0,0,83,2.0,2.0,-2,10000.0
1245,719.0,0,83,2.0,3.0,-1,10000.0
1246,720.0,0,83,0.0,2.0,0,10000.0
1247,721.0,0,83,0.0,2.0,1,10000.0
1248,749.0,0,83,0.0,1.0,2,10000.0
1249,723.0,0,83,0.0,0.0,3,10000.0
1250,751.0,0,83,0.0,0.0,4,10000.0
1251,752.0,0,83,0.0,1.0,5,10000.0
1252,726.0,0,83,0.0,0.0,6,10000.0
1253,727.0,0,83,1.0,0.0,7,10000.0
1254,728.0,0,83,0.0,2.0,8,10000.0
1255,729.0,0,83,1.0,2.0,9,10000.0
1256,730.0,0,83,1.0,0.0,10,10000.0
1257,731.0,0,83,0.0,2.0,11,10000.0
1258,732.0,0,83,13.0,44.0,12,10000.0
1259,733.0,0,83,3.0,10.0,13,10000.0
1260,733.0,0,83,1.0,0.0,-14,10000.0
1261,734.0,0,83,0.0,1.0,-13,10000.0
1262,735.0,0,83,2.0,2.0,-12,10000.0
1263,736.0,0,83,2.0,1.0,-11,10000.0
1264,737.0,0,83,1.0,1.0,-10,10000.0
1265,738.0,0,83,2.0,0.0,-9,10000.0
1266,739.0,0,83,0.0,2.0,-8,10000.0
1267,740.0,0,83,0.0,2.0,-7,10000.0
1268,741.0,0,83,0.0,3.0,-6,10000.0
1269,0.0,0,83,0.0,2.0,-5,10000.0
1270,1.0,0,83,1.0,2.0,-4,10000.0
1271,2.0,0,83,1.0,0.0,-3,10000.0
1272,3.0,0,83,2.0,4.0,-2,10000.0
1273,4.0,0,83,0.0,1.0,-1,10000.0
1274,5.0,0,83,0.0,2.0,0,10000.0
1275,6.0,0,83,0.0,1.0,1,10000.0
1276,749.0,0,83,0.0,0.0,2,10000.0
1277,750.0,0,83,0.0,1.0,3,10000.0
1278,751.0,0,83,0.0,0.0,4,10000.0
1279,10.0,0,83,1.0,0.0,5,10000.0
1280,753.0,0,83,0.0,1.0,6,10000.0
1281,754.0,0,83,1.0,1.0,7,10000.0
1282,755.0,0,83,0.0,2.0,8,10000.0
1283,14.0,0,83,1.0,2.0,9,10000.0
1284,757.0,0,83,7.0,30.0,10,10000.0
1285,758.0,0,83,7.0,17.0,11,10000.0
1286,759.0,0,83,3.0,9.0,12,10000.0
1287,760.0,0,83,1.0,3.0,13,10000.0
1288,706.0,0,83,1.0,4.0,-14,10000.0
1289,734.0,0,83,2.0,3.0,-13,10000.0
1290,708.0,0,83,1.0,1.0,-12,10000.0
1291,709.0,0,83,2.0,2.0,-11,10000.0
1292,710.0,0,83,1.0,2.0,-10,10000.0
1293,711.0,0,83,1.0,2.0,-9,10000.0
1294,739.0,0,83,1.0,0.0,-8,10000.0
1295,740.0,0,83,1.0,4.0,-7,10000.0
1296,741.0,0,83,0.0,0.0,-6,10000.0
1297,742.0,0,83,0.0,1.0,-5,10000.0
1298,716.0,0,83,3.0,10.0,-4,10000.0
1299,717.0,0,83,2.0,2.0,-3,10000.0
1300,718.0,0,83,0.0,2.0,-2,10000.0
1301,746.0,0,83,0.0,0.0,-1,10000.0
1302,747.0,0,83,6.0,26.0,0,10000.0
1303,748.0,0,83,7.0,33.0,1,10000.0
1304,749.0,0,83,4.0,19.0,2,10000.0
1305,750.0,0,83,2.0,2.0,3,10000.0
1306,751.0,0,83,0.0,1.0,4,10000.0
1307,725.0,0,83,0.0,3.0,5,10000.0
1308,753.0,0,83,0.0,3.0,6,10000.0
1309,727.0,0,83,2.0,1.0,7,10000.0
1310,755.0,0,83,0.0,1.0,8,10000.0
1311,729.0,0,83,0.0,1.0,9,10000.0
1312,730.0,0,83,0.0,3.0,10,10000.0
1313,731.0,0,83,0.0,0.0,11,10000.0
1314,732.0,0,83,0.0,3.0,12,10000.0
1315,733.0,0,83,0.0,1.0,13,10000.0
1316,561.0,0,88,2.0,25.0,-14,10000.0
1317,562.0,0,88,4.0,27.0,-13,10000.0
1318,563.0,0,88,8.0,82.0,-12,10000.0
1319,564.0,0,88,9.0,87.0,-11,10000.0
1320,565.0,0,88,11.0,87.0,-10,10000.0
1321,566.0,0,88,18.0,201.0,-9,10000.0
1322,567.0,0,88,11.0,115.0,-8,10000.0
1323,568.0,0,88,9.0,59.0,-7,10000.0
1324,569.0,0,88,5.0,82.0,-6,10000.0
1325,570.0,0,88,19.0,203.0,-5,10000.0
1326,571.0,0,88,31.0,139.0,-4,10000.0
1327,572.0,0,88,9.0,58.0,-3,10000.0
1328,573.0,0,88,4.0,56.0,-2,10000.0
1329,574.0,0,88,5.0,41.0,-1,10000.0
1330,575.0,0,88,4.0,37.0,0,10000.0
1331,576.0,0,88,34.0,475.0,1,10000.0
1332,577.0,0,88,17.0,134.0,2,10000.0
1333,578.0,0,88,24.0,236.0,3,10000.0
1334,579.0,0,88,8.0,55.0,4,10000.0
1335,580.0,0,88,7.0,71.0,5,10000.0
1336,581.0,0,88,11.0,80.0,6,10000.0
1337,582.0,0,88,38.0,289.0,7,10000.0
1338,583.0,0,88,30.0,235.0,8,10000.0
1339,584.0,0,88,21.0,212.0,9,10000.0
1340,585.0,0,88,11.0,52.0,10,10000.0
1341,586.0,0,88,18.0,240.0,11,10000.0
1342,587.0,0,88,4.0,51.0,12,10000.0
1343,588.0,0,88,6.0,31.0,13,10000.0
1344,639.0,0,88,11.0,83.0,-14,10000.0
1345,640.0,0,88,17.0,204.0,-13,10000.0
1346,641.0,0,88,11.0,116.0,-12,10000.0
1347,642.0,0,88,10.0,62.0,-11,10000.0
1348,643.0,0,88,4.0,59.0,-10,10000.0
1349,644.0,0,88,20.0,224.0,-9,10000.0
1350,645.0,0,88,31.0,139.0,-8,10000.0
1351,646.0,0,88,9.0,59.0,-7,10000.0
1352,647.0,0,88,4.0,57.0,-6,10000.0
1353,648.0,0,88,5.0,39.0,-5,10000.0
1354,649.0,0,88,5.0,39.0,-4,10000.0
1355,650.0,0,88,37.0,454.0,-3,10000.0
1356,651.0,0,88,19.0,149.0,-2,10000.0
1357,652.0,0,88,27.0,232.0,-1,10000.0
1358,653.0,0,88,9.0,57.0,0,10000.0
1359,654.0,0,88,8.0,69.0,1,10000.0
1360,655.0,0,88,10.0,48.0,2,10000.0
1361,656.0,0,88,39.0,297.0,3,10000.0
1362,657.0,0,88,38.0,240.0,4,10000.0
1363,658.0,0,88,22.0,217.0,5,10000.0
1364,659.0,0,88,13.0,54.0,6,10000.0
1365,660.0,0,88,20.0,239.0,7,10000.0
1366,661.0,0,88,4.0,51.0,8,10000.0
1367,662.0,0,88,5.0,32.0,9,10000.0
1368,663.0,0,88,2.0,28.0,10,10000.0
1369,664.0,0,88,36.0,221.0,11,10000.0
1370,665.0,0,88,4.0,42.0,12,10000.0
1371,666.0,0,88,26.0,413.0,13,10000.0
1372,561.0,0,88,3.0,26.0,-14,10000.0
1373,562.0,0,88,4.0,35.0,-13,10000.0
1374,563.0,0,88,10.0,31.0,-12,10000.0
1375,564.0,0,88,4.0,30.0,-11,10000.0
1376,565.0,0,88,8.0,38.0,-10,10000.0
1377,566.0,0,88,4.0,29.0,-9,10000.0
1378,567.0,0,88,3.0,12.0,-8,10000.0
1379,568.0,0,88,6.0,24.0,-7,10000.0
1380,569.0,0,88,4.0,14.0,-6,10000.0
1381,570.0,0,88,5.0,26.0,-5,10000.0
1382,571.0,0,88,5.0,23.0,-4,10000.0
1383,572.0,0,88,23.0,105.0,-3,10000.0
1384,573.0,0,88,1.0,8.0,-2,10000.0
1385,574.0,0,88,2.0,8.0,-1,10000.0
1386,575.0,0,88,4.0,12.0,0,10000.0
1387,576.0,0,88,1.0,6.0,1,10000.0
1388,577.0,0,88,0.0,5.0,2,10000.0
1389,578.0,0,88,0.0,11.0,3,10000.0
1390,579.0,0,88,1.0,6.0,4,10000.0
1391,580.0,0,88,13.0,41.0,5,10000.0
1392,581.0,0,88,4.0,8.0,6,10000.0
1393,582.0,0,88,2.0,3.0,7,10000.0
1394,583.0,0,88,4.0,12.0,8,10000.0
1395,584.0,0,88,4.0,14.0,9,10000.0
1396,585.0,0,88,5.0,21.0,10,10000.0
1397,586.0,0,88,0.0,10.0,11,10000.0
1398,587.0,0,88,9.0,19.0,12,10000.0
1399,588.0,0,88,19.0,74.0,13,10000.0
1400,639.0,0,88,1.0,4.0,-14,10000.0
1401,640.0,0,88,1.0,3.0,-13,10000.0
1402,641.0,0,88,1.0,3.0,-12,10000.0
1403,642.0,0,88,0.0,5.0,-11,10000.0
1404,643.0,0,88,2.0,5.0,-10,10000.0
1405,644.0,0,88,1.0,9.0,-9,10000.0
1406,645.0,0,88,1.0,4.0,-8,10000.0
1407,646.0,0,88,0.0,1.0,-7,10000.0
1408,647.0,0,88,0.0,1.0,-6,10000.0
1409,648.0,0,88,0.0,2.0,-5,10000.0
1410,649.0,0,88,0.0,2.0,-4,10000.0
1411,650.0,0,88,2.0,2.0,-3,10000.0
1412,651.0,0,88,0.0,2.0,-2,10000.0
1413,652.0,0,88,6.0,9.0,-1,10000.0
1414,653.0,0,88,2.0,5.0,0,10000.0
1415,654.0,0,88,0.0,6.0,1,10000.0
1416,775.0,0,88,1.0,7.0,2,10000.0
1417,776.0,0,88,1.0,1.0,3,10000.0
1418,657.0,0,88,1.0,6.0,4,10000.0
1419,658.0,0,88,0.0,3.0,5,10000.0
1420,659.0,0,88,19.0,83.0,6,10000.0
1421,660.0,0,88,11.0,50.0,7,10000.0
1422,661.0,0,88,5.0,31.0,8,10000.0
1423,662.0,0,88,2.0,12.0,9,10000.0
1424,663.0,0,88,2.0,10.0,10,10000.0
1425,784.0,0,88,1.0,6.0,11,10000.0
1426,665.0,0,88,2.0,10.0,12,10000.0
1427,666.0,0,88,2.0,7.0,13,10000.0
1428,561.0,0,89,0.0,1.0,-14,10000.0
1429,562.0,0,89,0.0,0.0,-13,10000.0
1430,563.0,0,89,0.0,1.0,-12,10000.0
1431,564.0,0,89,0.0,2.0,-11,10000.0
1432,565.0,0,89,0.0,0.0,-10,10000.0
1433,566.0,0,89,0.0,10.0,-9,10000.0
1434,567.0,0,89,1.0,3.0,-8,10000.0
1435,568.0,0,89,0.0,7.0,-7,10000.0
1436,569.0,0,89,0.0,1.0,-6,10000.0
1437,570.0,0,89,0.0,0.0,-5,10000.0
1438,571.0,0,89,0.0,0.0,-4,10000.0
1439,572.0,0,89,0.0,0.0,-3,10000.0
1440,573.0,0,89,0.0,2.0,-2,10000.0
1441,574.0,0,89,0.0,0.0,-1,10000.0
1442,575.0,0,89,0.0,0.0,0,10000.0
1443,576.0,0,89,0.0,0.0,1,10000.0
1444,577.0,0,89,0.0,1.0,2,10000.0
1445,578.0,0,89,0.0,0.0,3,10000.0
1446,579.0,0,89,0.0,1.0,4,10000.0
1447,580.0,0,89,0.0,2.0,5,10000.0
1448,581.0,0,89,0.0,0.0,6,10000.0
1449,582.0,0,89,0.0,2.0,7,10000.0
1450,583.0,0,89,0.0,2.0,8,10000.0
1451,584.0,0,89,0.0,0.0,9,10000.0
1452,585.0,0,89,0.0,1.0,10,10000.0
1453,586.0,0,89,0.0,0.0,11,10000.0
1454,587.0,0,89,0.0,0.0,12,10000.0
1455,588.0,0,89,0.0,1.0,13,10000.0
1456,794.0,0,90,2.0,32.0,-14,10000.0
1457,795.0,0,90,1.0,10.0,-13,10000.0
1458,796.0,0,90,16.0,142.0,-12,10000.0
1459,797.0,0,90,4.0,16.0,-11,10000.0
1460,798.0,0,90,4.0,23.0,-10,10000.0
1461,799.0,0,90,1.0,16.0,-9,10000.0
1462,800.0,0,90,0.0,5.0,-8,10000.0
1463,801.0,0,90,1.0,14.0,-7,10000.0
1464,802.0,0,90,2.0,33.0,-6,10000.0
1465,803.0,0,90,6.0,30.0,-5,10000.0
1466,804.0,0,90,1.0,25.0,-4,10000.0
1467,805.0,0,90,3.0,16.0,-3,10000.0
1468,806.0,0,90,0.0,5.0,-2,10000.0
1469,807.0,0,90,3.0,18.0,-1,10000.0
1470,808.0,0,90,2.0,13.0,0,10000.0
1471,809.0,0,90,2.0,31.0,1,10000.0
1472,810.0,0,90,1.0,12.0,2,10000.0
1473,811.0,0,90,2.0,12.0,3,10000.0
1474,812.0,0,90,2.0,17.0,4,10000.0
1475,813.0,0,90,2.0,11.0,5,10000.0
1476,814.0,0,90,1.0,10.0,6,10000.0
1477,815.0,0,90,0.0,6.0,7,10000.0
1478,816.0,0,90,2.0,8.0,8,10000.0
1479,817.0,0,90,0.0,6.0,9,10000.0
1480,818.0,0,90,5.0,31.0,10,10000.0
1481,819.0,0,90,3.0,13.0,11,10000.0
1482,820.0,0,90,0.0,9.0,12,10000.0
1483,821.0,0,90,0.0,8.0,13,10000.0
1484,599.0,0,91,0.0,2.0,-14,10000.0
1485,600.0,0,91,0.0,0.0,-13,10000.0
1486,601.0,0,91,1.0,1.0,-12,10000.0
1487,602.0,0,91,0.0,1.0,-11,10000.0
1488,603.0,0,91,0.0,0.0,-10,10000.0
1489,604.0,0,91,1.0,0.0,-9,10000.0
1490,605.0,0,91,0.0,1.0,-8,10000.0
1491,606.0,0,91,1.0,4.0,-7,10000.0
1492,607.0,0,91,1.0,2.0,-6,10000.0
1493,608.0,0,91,0.0,1.0,-5,10000.0
1494,609.0,0,91,1.0,0.0,-4,10000.0
1495,610.0,0,91,0.0,0.0,-3,10000.0
1496,611.0,0,91,2.0,1.0,-2,10000.0
1497,612.0,0,91,0.0,0.0,-1,10000.0
1498,613.0,0,91,0.0,0.0,0,10000.0
1499,614.0,0,91,0.0,1.0,1,10000.0
1500,615.0,0,91,0.0,1.0,2,10000.0
1501,616.0,0,91,0.0,0.0,3,10000.0
1502,617.0,0,91,1.0,1.0,4,10000.0
1503,618.0,0,91,0.0,0.0,5,10000.0
1504,619.0,0,91,0.0,0.0,6,10000.0
1505,620.0,0,91,0.0,0.0,7,10000.0
1506,621.0,0,91,0.0,0.0,8,10000.0
1507,622.0,0,91,0.0,1.0,9,10000.0
1508,623.0,0,91,0.0,0.0,10,10000.0
1509,624.0,0,91,1.0,1.0,11,10000.0
1510,625.0,0,91,0.0,0.0,12,10000.0
1511,626.0,0,91,0.0,0.0,13,10000.0
1512,654.0,0,92,0.0,1.0,-14,10000.0
1513,655.0,0,92,0.0,1.0,-13,10000.0
1514,656.0,0,92,0.0,1.0,-12,10000.0
1515,657.0,0,92,0.0,1.0,-11,10000.0
1516,658.0,0,92,1.0,1.0,-10,10000.0
1517,659.0,0,92,0.0,1.0,-9,10000.0
1518,800.0,0,92,0.0,0.0,-8,10000.0
1519,801.0,0,92,0.0,0.0,-7,10000.0
1520,662.0,0,92,0.0,4.0,-6,10000.0
1521,663.0,0,92,1.0,6.0,-5,10000.0
1522,664.0,0,92,0.0,5.0,-4,10000.0
1523,805.0,0,92,1.0,0.0,-3,10000.0
1524,666.0,0,92,0.0,2.0,-2,10000.0
1525,667.0,0,92,2.0,1.0,-1,10000.0
1526,668.0,0,92,1.0,3.0,0,10000.0
1527,669.0,0,92,0.0,2.0,1,10000.0
1528,670.0,0,92,0.0,1.0,2,10000.0
1529,811.0,0,92,0.0,0.0,3,10000.0
1530,672.0,0,92,0.0,1.0,4,10000.0
1531,673.0,0,92,1.0,1.0,5,10000.0
1532,814.0,0,92,0.0,0.0,6,10000.0
1533,815.0,0,92,0.0,0.0,7,10000.0
1534,816.0,0,92,0.0,0.0,8,10000.0
1535,817.0,0,92,2.0,0.0,9,10000.0
1536,818.0,0,92,0.0,0.0,10,10000.0
1537,819.0,0,92,0.0,0.0,11,10000.0
1538,820.0,0,92,0.0,0.0,12,10000.0
1539,821.0,0,92,0.0,0.0,13,10000.0
1540,794.0,0,92,0.0,0.0,-14,10000.0
1541,795.0,0,92,0.0,1.0,-13,10000.0
1542,796.0,0,92,0.0,0.0,-12,10000.0
1543,797.0,0,92,0.0,1.0,-11,10000.0
1544,798.0,0,92,0.0,0.0,-10,10000.0
1545,799.0,0,92,0.0,0.0,-9,10000.0
1546,800.0,0,92,0.0,2.0,-8,10000.0
1547,801.0,0,92,0.0,0.0,-7,10000.0
1548,802.0,0,92,0.0,0.0,-6,10000.0
1549,803.0,0,92,0.0,2.0,-5,10000.0
1550,804.0,0,92,0.0,0.0,-4,10000.0
1551,805.0,0,92,0.0,0.0,-3,10000.0
1552,806.0,0,92,0.0,0.0,-2,10000.0
1553,807.0,0,92,0.0,0.0,-1,10000.0
1554,808.0,0,92,0.0,0.0,0,10000.0
1555,809.0,0,92,0.0,0.0,1,10000.0
1556,810.0,0,92,0.0,0.0,2,10000.0
1557,811.0,0,92,0.0,0.0,3,10000.0
1558,812.0,0,92,0.0,0.0,4,10000.0
1559,813.0,0,92,0.0,1.0,5,10000.0
1560,814.0,0,92,0.0,0.0,6,10000.0
1561,815.0,0,92,1.0,1.0,7,10000.0
1562,816.0,0,92,0.0,0.0,8,10000.0
1563,817.0,0,92,1.0,3.0,9,10000.0
1564,818.0,0,92,0.0,0.0,10,10000.0
1565,819.0,0,92,0.0,1.0,11,10000.0
1566,820.0,0,92,0.0,0.0,12,10000.0
1567,821.0,0,92,0.0,0.0,13,10000.0
1568,794.0,0,92,0.0,0.0,-14,10000.0
1569,795.0,0,92,0.0,0.0,-13,10000.0
1570,796.0,0,92,0.0,0.0,-12,10000.0
1571,797.0,0,92,0.0,0.0,-11,10000.0
1572,798.0,0,92,0.0,0.0,-10,10000.0
1573,799.0,0,92,0.0,0.0,-9,10000.0
1574,800.0,0,92,0.0,0.0,-8,10000.0
1575,801.0,0,92,0.0,0.0,-7,10000.0
1576,802.0,0,92,1.0,0.0,-6,10000.0
1577,803.0,0,92,0.0,0.0,-5,10000.0
1578,804.0,0,92,1.0,1.0,-4,10000.0
1579,805.0,0,92,0.0,0.0,-3,10000.0
1580,806.0,0,92,0.0,0.0,-2,10000.0
1581,807.0,0,92,0.0,1.0,-1,10000.0
1582,808.0,0,92,0.0,0.0,0,10000.0
1583,809.0,0,92,0.0,0.0,1,10000.0
1584,810.0,0,92,0.0,0.0,2,10000.0
1585,811.0,0,92,0.0,0.0,3,10000.0
1586,812.0,0,92,0.0,0.0,4,10000.0
1587,813.0,0,92,0.0,0.0,5,10000.0
1588,814.0,0,92,0.0,0.0,6,10000.0
1589,728.0,0,92,0.0,0.0,7,10000.0
1590,816.0,0,92,0.0,0.0,8,10000.0
1591,730.0,0,92,0.0,0.0,9,10000.0
1592,818.0,0,92,0.0,0.0,10,10000.0
1593,819.0,0,92,0.0,0.0,11,10000.0
1594,820.0,0,92,0.0,0.0,12,10000.0
1595,821.0,0,92,0.0,0.0,13,10000.0
1596,670.0,0,96,0.0,0.0,-14,10000.0
1597,671.0,0,96,0.0,0.0,-13,10000.0
1598,672.0,0,96,0.0,0.0,-12,10000.0
1599,673.0,0,96,0.0,0.0,-11,10000.0
1600,674.0,0,96,0.0,0.0,-10,10000.0
1601,675.0,0,96,0.0,0.0,-9,10000.0
1602,676.0,0,96,0.0,0.0,-8,10000.0
1603,677.0,0,96,0.0,0.0,-7,10000.0
1604,678.0,0,96,0.0,0.0,-6,10000.0
1605,679.0,0,96,0.0,0.0,-5,10000.0
1606,680.0,0,96,0.0,0.0,-4,10000.0
1607,681.0,0,96,0.0,0.0,-3,10000.0
1608,682.0,0,96,0.0,0.0,-2,10000.0
1609,683.0,0,96,0.0,1.0,-1,10000.0
1610,684.0,0,96,0.0,0.0,0,10000.0
1611,685.0,0,96,0.0,0.0,1,10000.0
1612,686.0,0,96,0.0,0.0,2,10000.0
1613,687.0,0,96,0.0,0.0,3,10000.0
1614,688.0,0,96,0.0,0.0,4,10000.0
1615,689.0,0,96,0.0,0.0,5,10000.0
1616,690.0,0,96,0.0,0.0,6,10000.0
1617,691.0,0,96,0.0,0.0,7,10000.0
1618,692.0,0,96,0.0,0.0,8,10000.0
1619,693.0,0,96,0.0,0.0,9,10000.0
1620,694.0,0,96,0.0,0.0,10,10000.0
1621,695.0,0,96,0.0,0.0,11,10000.0
1622,696.0,0,96,0.0,0.0,12,10000.0
1623,697.0,0,96,0.0,0.0,13,10000.0
1624,628.0,0,97,3.0,27.0,-14,10000.0
1625,629.0,0,97,4.0,26.0,-13,10000.0
1626,630.0,0,97,3.0,26.0,-12,10000.0
1627,631.0,0,97,2.0,15.0,-11,10000.0
1628,632.0,0,97,11.0,92.0,-10,10000.0
1629,633.0,0,97,7.0,73.0,-9,10000.0
1630,634.0,0,97,4.0,80.0,-8,10000.0
1631,635.0,0,97,6.0,51.0,-7,10000.0
1632,636.0,0,97,16.0,56.0,-6,10000.0
1633,637.0,0,97,13.0,64.0,-5,10000.0
1634,638.0,0,97,18.0,94.0,-4,10000.0
1635,639.0,0,97,28.0,114.0,-3,10000.0
1636,640.0,0,97,117.0,845.0,-2,10000.0
1637,641.0,0,97,6.0,79.0,-1,10000.0
1638,642.0,0,97,6.0,53.0,0,10000.0
1639,643.0,0,97,7.0,37.0,1,10000.0
1640,644.0,0,97,4.0,37.0,2,10000.0
1641,645.0,0,97,67.0,492.0,3,10000.0
1642,646.0,0,97,16.0,113.0,4,10000.0
1643,647.0,0,97,3.0,31.0,5,10000.0
1644,648.0,0,97,3.0,30.0,6,10000.0
1645,649.0,0,97,5.0,25.0,7,10000.0
1646,650.0,0,97,2.0,16.0,8,10000.0
1647,651.0,0,97,4.0,40.0,9,10000.0
1648,652.0,0,97,4.0,21.0,10,10000.0
1649,653.0,0,97,3.0,30.0,11,10000.0
1650,654.0,0,97,3.0,28.0,12,10000.0
1651,655.0,0,97,4.0,39.0,13,10000.0
1652,759.0,0,97,10.0,37.0,-14,10000.0
1653,760.0,0,97,13.0,45.0,-13,10000.0
1654,761.0,0,97,3.0,13.0,-12,10000.0
1655,762.0,0,97,1.0,8.0,-11,10000.0
1656,763.0,0,97,3.0,30.0,-10,10000.0
1657,764.0,0,97,4.0,4.0,-9,10000.0
1658,765.0,0,97,1.0,7.0,-8,10000.0
1659,766.0,0,97,1.0,4.0,-7,10000.0
1660,767.0,0,97,1.0,9.0,-6,10000.0
1661,768.0,0,97,2.0,9.0,-5,10000.0
1662,769.0,0,97,2.0,12.0,-4,10000.0
1663,770.0,0,97,0.0,6.0,-3,10000.0
1664,771.0,0,97,0.0,4.0,-2,10000.0
1665,772.0,0,97,1.0,8.0,-1,10000.0
1666,773.0,0,97,0.0,5.0,0,10000.0
1667,774.0,0,97,1.0,7.0,1,10000.0
1668,775.0,0,97,10.0,47.0,2,10000.0
1669,776.0,0,97,2.0,7.0,3,10000.0
1670,777.0,0,97,11.0,25.0,4,10000.0
1671,778.0,0,97,34.0,90.0,5,10000.0
1672,779.0,0,97,2.0,16.0,6,10000.0
1673,780.0,0,97,2.0,7.0,7,10000.0
1674,781.0,0,97,0.0,6.0,8,10000.0
1675,782.0,0,97,0.0,5.0,9,10000.0
1676,783.0,0,97,0.0,5.0,10,10000.0
1677,784.0,0,97,0.0,2.0,11,10000.0
1678,785.0,0,97,0.0,0.0,12,10000.0
1679,786.0,0,97,1.0,4.0,13,10000.0
1680,720.0,0,97,4.0,14.0,-14,10000.0
1681,721.0,0,97,1.0,5.0,-13,10000.0
1682,722.0,0,97,6.0,17.0,-12,10000.0
1683,723.0,0,97,1.0,9.0,-11,10000.0
1684,724.0,0,97,1.0,7.0,-10,10000.0
1685,725.0,0,97,3.0,8.0,-9,10000.0
1686,726.0,0,97,3.0,9.0,-8,10000.0
1687,727.0,0,97,0.0,5.0,-7,10000.0
1688,728.0,0,97,1.0,7.0,-6,10000.0
1689,729.0,0,97,0.0,4.0,-5,10000.0
1690,730.0,0,97,0.0,2.0,-4,10000.0
1691,770.0,0,97,1.0,1.0,-3,10000.0
1692,771.0,0,97,0.0,2.0,-2,10000.0
1693,733.0,0,97,4.0,24.0,-1,10000.0
1694,773.0,0,97,7.0,15.0,0,10000.0
1695,735.0,0,97,1.0,7.0,1,10000.0
1696,736.0,0,97,1.0,3.0,2,10000.0
1697,737.0,0,97,1.0,6.0,3,10000.0
1698,738.0,0,97,1.0,6.0,4,10000.0
1699,739.0,0,97,2.0,16.0,5,10000.0
1700,740.0,0,97,2.0,8.0,6,10000.0
1701,741.0,0,97,2.0,7.0,7,10000.0
1702,781.0,0,97,3.0,9.0,8,10000.0
1703,782.0,0,97,0.0,4.0,9,10000.0
1704,783.0,0,97,2.0,28.0,10,10000.0
1705,784.0,0,97,8.0,18.0,11,10000.0
1706,785.0,0,97,4.0,30.0,12,10000.0
1707,747.0,0,97,3.0,12.0,13,10000.0
1708,612.0,0,98,79.0,1750.0,-14,10000.0
1709,613.0,0,98,31.0,590.0,-13,10000.0
1710,614.0,0,98,55.0,891.0,-12,10000.0
1711,615.0,0,98,45.0,754.0,-11,10000.0
1712,616.0,0,98,32.0,557.0,-10,10000.0
1713,617.0,0,98,22.0,412.0,-9,10000.0
1714,618.0,0,98,17.0,356.0,-8,10000.0
1715,619.0,0,98,9.0,309.0,-7,10000.0
1716,620.0,0,98,16.0,397.0,-6,10000.0
1717,621.0,0,98,20.0,452.0,-5,10000.0
1718,622.0,0,98,66.0,1781.0,-4,10000.0
1719,623.0,0,98,18.0,609.0,-3,10000.0
1720,624.0,0,98,40.0,1366.0,-2,10000.0
1721,625.0,0,98,32.0,1352.0,-1,10000.0
1722,626.0,0,98,19.0,990.0,0,10000.0
1723,627.0,0,98,54.0,1929.0,1,10000.0
1724,628.0,0,98,43.0,1769.0,2,10000.0
1725,629.0,0,98,10.0,566.0,3,10000.0
1726,630.0,0,98,29.0,1434.0,4,10000.0
1727,631.0,0,98,11.0,538.0,5,10000.0
1728,632.0,0,98,505.0,16548.0,6,10000.0
1729,633.0,0,98,109.0,3873.0,7,10000.0
1730,634.0,0,98,68.0,4307.0,8,10000.0
1731,635.0,0,98,38.0,2943.0,9,10000.0
1732,636.0,0,98,34.0,1874.0,10,10000.0
1733,637.0,0,98,13.0,987.0,11,10000.0
1734,638.0,0,98,4.0,765.0,12,10000.0
1735,639.0,0,98,10.0,1488.0,13,10000.0
1736,655.0,0,101,0.0,3.0,-14,10000.0
1737,656.0,0,101,0.0,1.0,-13,10000.0
1738,657.0,0,101,0.0,2.0,-12,10000.0
1739,658.0,0,101,0.0,3.0,-11,10000.0
1740,659.0,0,101,1.0,1.0,-10,10000.0
1741,660.0,0,101,0.0,1.0,-9,10000.0
1742,661.0,0,101,0.0,0.0,-8,10000.0
1743,662.0,0,101,0.0,1.0,-7,10000.0
1744,663.0,0,101,0.0,1.0,-6,10000.0
1745,664.0,0,101,0.0,0.0,-5,10000.0
1746,665.0,0,101,0.0,1.0,-4,10000.0
1747,666.0,0,101,1.0,0.0,-3,10000.0
1748,667.0,0,101,0.0,0.0,-2,10000.0
1749,668.0,0,101,0.0,1.0,-1,10000.0
1750,669.0,0,101,0.0,1.0,0,10000.0
1751,670.0,0,101,0.0,1.0,1,10000.0
1752,671.0,0,101,0.0,1.0,2,10000.0
1753,672.0,0,101,0.0,1.0,3,10000.0
1754,673.0,0,101,0.0,2.0,4,10000.0
1755,674.0,0,101,0.0,0.0,5,10000.0
1756,675.0,0,101,0.0,0.0,6,10000.0
1757,676.0,0,101,1.0,1.0,7,10000.0
1758,677.0,0,101,0.0,0.0,8,10000.0
1759,678.0,0,101,0.0,0.0,9,10000.0
1760,679.0,0,101,1.0,3.0,10,10000.0
1761,680.0,0,101,0.0,1.0,11,10000.0
1762,681.0,0,101,0.0,3.0,12,10000.0
1763,682.0,0,101,0.0,1.0,13,10000.0
1764,605.0,0,102,8.0,81.0,-14,10000.0
1765,606.0,0,102,4.0,49.0,-13,10000.0
1766,607.0,0,102,7.0,57.0,-12,10000.0
1767,608.0,0,102,7.0,55.0,-11,10000.0
1768,609.0,0,102,15.0,145.0,-10,10000.0
1769,610.0,0,102,13.0,90.0,-9,10000.0
1770,611.0,0,102,7.0,91.0,-8,10000.0
1771,612.0,0,102,11.0,66.0,-7,10000.0
1772,613.0,0,102,3.0,52.0,-6,10000.0
1773,614.0,0,102,20.0,137.0,-5,10000.0
1774,615.0,0,102,5.0,91.0,-4,10000.0
1775,616.0,0,102,5.0,75.0,-3,10000.0
1776,617.0,0,102,5.0,50.0,-2,10000.0
1777,618.0,0,102,2.0,75.0,-1,10000.0
1778,619.0,0,102,3.0,58.0,0,10000.0
1779,620.0,0,102,3.0,45.0,1,10000.0
1780,621.0,0,102,11.0,135.0,2,10000.0
1781,622.0,0,102,4.0,76.0,3,10000.0
1782,623.0,0,102,1.0,52.0,4,10000.0
1783,624.0,0,102,7.0,133.0,5,10000.0
1784,625.0,0,102,12.0,112.0,6,10000.0
1785,626.0,0,102,7.0,107.0,7,10000.0
1786,627.0,0,102,14.0,107.0,8,10000.0
1787,628.0,0,102,2.0,72.0,9,10000.0
1788,629.0,0,102,7.0,72.0,10,10000.0
1789,630.0,0,102,4.0,41.0,11,10000.0
1790,631.0,0,102,2.0,51.0,12,10000.0
1791,632.0,0,102,3.0,77.0,13,10000.0
1792,605.0,0,102,2.0,38.0,-14,10000.0
1793,606.0,0,102,0.0,26.0,-13,10000.0
1794,607.0,0,102,2.0,24.0,-12,10000.0
1795,608.0,0,102,11.0,98.0,-11,10000.0
1796,609.0,0,102,12.0,48.0,-10,10000.0
1797,610.0,0,102,4.0,69.0,-9,10000.0
1798,611.0,0,102,0.0,50.0,-8,10000.0
1799,612.0,0,102,5.0,24.0,-7,10000.0
1800,613.0,0,102,8.0,42.0,-6,10000.0
1801,614.0,0,102,3.0,32.0,-5,10000.0
1802,615.0,0,102,0.0,21.0,-4,10000.0
1803,616.0,0,102,0.0,21.0,-3,10000.0
1804,617.0,0,102,0.0,26.0,-2,10000.0
1805,618.0,0,102,4.0,14.0,-1,10000.0
1806,619.0,0,102,2.0,15.0,0,10000.0
1807,620.0,0,102,2.0,19.0,1,10000.0
1808,621.0,0,102,1.0,33.0,2,10000.0
1809,622.0,0,102,1.0,35.0,3,10000.0
1810,623.0,0,102,1.0,32.0,4,10000.0
1811,624.0,0,102,0.0,22.0,5,10000.0
1812,625.0,0,102,1.0,13.0,6,10000.0
1813,626.0,0,102,3.0,49.0,7,10000.0
1814,627.0,0,102,5.0,29.0,8,10000.0
1815,628.0,0,102,1.0,17.0,9,10000.0
1816,629.0,0,102,5.0,44.0,10,10000.0
1817,630.0,0,102,4.0,42.0,11,10000.0
1818,631.0,0,102,6.0,53.0,12,10000.0
1819,632.0,0,102,6.0,55.0,13,10000.0
1820,-7.0,0,103,0.0,0.0,-14,10000.0
1821,-6.0,0,103,0.0,0.0,-13,10000.0
1822,-5.0,0,103,0.0,0.0,-12,10000.0
1823,-4.0,0,103,0.0,0.0,-11,10000.0
1824,-3.0,0,103,0.0,0.0,-10,10000.0
1825,-2.0,0,103,0.0,0.0,-9,10000.0
1826,-1.0,0,103,0.0,0.0,-8,10000.0
1827,0.0,0,103,27.0,72.0,-7,10000.0
1828,1.0,0,103,11.0,37.0,-6,10000.0
1829,2.0,0,103,16.0,39.0,-5,10000.0
1830,3.0,0,103,2.0,8.0,-4,10000.0
1831,4.0,0,103,5.0,20.0,-3,10000.0
1832,5.0,0,103,2.0,13.0,-2,10000.0
1833,6.0,0,103,0.0,20.0,-1,10000.0
1834,7.0,0,103,1.0,4.0,0,10000.0
1835,8.0,0,103,1.0,11.0,1,10000.0
1836,9.0,0,103,0.0,9.0,2,10000.0
1837,10.0,0,103,0.0,1.0,3,10000.0
1838,11.0,0,103,0.0,6.0,4,10000.0
1839,12.0,0,103,0.0,7.0,5,10000.0
1840,13.0,0,103,0.0,10.0,6,10000.0
1841,14.0,0,103,0.0,6.0,7,10000.0
1842,15.0,0,103,2.0,9.0,8,10000.0
1843,16.0,0,103,1.0,7.0,9,10000.0
1844,17.0,0,103,0.0,6.0,10,10000.0
1845,18.0,0,103,0.0,1.0,11,10000.0
1846,19.0,0,103,0.0,4.0,12,10000.0
1847,20.0,0,103,0.0,4.0,13,10000.0
1848,707.0,0,106,0.0,0.0,-14,10000.0
1849,708.0,0,106,0.0,0.0,-13,10000.0
1850,709.0,0,106,0.0,0.0,-12,10000.0
1851,558.0,0,106,0.0,1.0,-11,10000.0
1852,711.0,0,106,0.0,0.0,-10,10000.0
1853,560.0,0,106,0.0,1.0,-9,10000.0
1854,713.0,0,106,1.0,0.0,-8,10000.0
1855,714.0,0,106,0.0,0.0,-7,10000.0
1856,563.0,0,106,0.0,2.0,-6,10000.0
1857,716.0,0,106,0.0,0.0,-5,10000.0
1858,717.0,0,106,0.0,0.0,-4,10000.0
1859,718.0,0,106,0.0,0.0,-3,10000.0
1860,567.0,0,106,0.0,1.0,-2,10000.0
1861,568.0,0,106,1.0,1.0,-1,10000.0
1862,569.0,0,106,0.0,3.0,0,10000.0
1863,570.0,0,106,0.0,2.0,1,10000.0
1864,571.0,0,106,1.0,2.0,2,10000.0
1865,572.0,0,106,1.0,4.0,3,10000.0
1866,725.0,0,106,0.0,0.0,4,10000.0
1867,574.0,0,106,0.0,1.0,5,10000.0
1868,727.0,0,106,0.0,0.0,6,10000.0
1869,728.0,0,106,0.0,0.0,7,10000.0
1870,729.0,0,106,0.0,0.0,8,10000.0
1871,578.0,0,106,1.0,3.0,9,10000.0
1872,579.0,0,106,0.0,3.0,10,10000.0
1873,580.0,0,106,0.0,8.0,11,10000.0
1874,581.0,0,106,0.0,6.0,12,10000.0
1875,582.0,0,106,0.0,6.0,13,10000.0
1876,707.0,0,106,0.0,0.0,-14,10000.0
1877,708.0,0,106,0.0,0.0,-13,10000.0
1878,709.0,0,106,0.0,1.0,-12,10000.0
1879,710.0,0,106,1.0,1.0,-11,10000.0
1880,711.0,0,106,1.0,2.0,-10,10000.0
1881,712.0,0,106,0.0,2.0,-9,10000.0
1882,713.0,0,106,1.0,2.0,-8,10000.0
1883,714.0,0,106,2.0,3.0,-7,10000.0
1884,715.0,0,106,0.0,0.0,-6,10000.0
1885,716.0,0,106,0.0,1.0,-5,10000.0
1886,717.0,0,106,0.0,0.0,-4,10000.0
1887,718.0,0,106,0.0,0.0,-3,10000.0
1888,719.0,0,106,0.0,0.0,-2,10000.0
1889,720.0,0,106,1.0,3.0,-1,10000.0
1890,721.0,0,106,0.0,3.0,0,10000.0
1891,722.0,0,106,0.0,9.0,1,10000.0
1892,723.0,0,106,0.0,5.0,2,10000.0
1893,724.0,0,106,0.0,6.0,3,10000.0
1894,725.0,0,106,0.0,2.0,4,10000.0
1895,726.0,0,106,0.0,3.0,5,10000.0
1896,727.0,0,106,0.0,4.0,6,10000.0
1897,728.0,0,106,0.0,3.0,7,10000.0
1898,729.0,0,106,0.0,0.0,8,10000.0
1899,730.0,0,106,2.0,2.0,9,10000.0
1900,731.0,0,106,1.0,2.0,10,10000.0
1901,732.0,0,106,1.0,4.0,11,10000.0
1902,733.0,0,106,0.0,0.0,12,10000.0
1903,734.0,0,106,0.0,0.0,13,10000.0
1904,707.0,0,106,0.0,1.0,-14,10000.0
1905,708.0,0,106,0.0,0.0,-13,10000.0
1906,709.0,0,106,0.0,0.0,-12,10000.0
1907,568.0,0,106,0.0,0.0,-11,10000.0
1908,569.0,0,106,0.0,0.0,-10,10000.0
1909,712.0,0,106,0.0,1.0,-9,10000.0
1910,571.0,0,106,0.0,1.0,-8,10000.0
1911,572.0,0,106,0.0,0.0,-7,10000.0
1912,715.0,0,106,0.0,0.0,-6,10000.0
1913,716.0,0,106,0.0,0.0,-5,10000.0
1914,717.0,0,106,0.0,1.0,-4,10000.0
1915,718.0,0,106,0.0,1.0,-3,10000.0
1916,719.0,0,106,0.0,2.0,-2,10000.0
1917,578.0,0,106,0.0,0.0,-1,10000.0
1918,721.0,0,106,0.0,0.0,0,10000.0
1919,722.0,0,106,0.0,0.0,1,10000.0
1920,723.0,0,106,0.0,0.0,2,10000.0
1921,724.0,0,106,0.0,0.0,3,10000.0
1922,725.0,0,106,0.0,0.0,4,10000.0
1923,726.0,0,106,0.0,0.0,5,10000.0
1924,727.0,0,106,0.0,0.0,6,10000.0
1925,728.0,0,106,0.0,0.0,7,10000.0
1926,729.0,0,106,0.0,0.0,8,10000.0
1927,588.0,0,106,0.0,1.0,9,10000.0
1928,589.0,0,106,0.0,0.0,10,10000.0
1929,590.0,0,106,0.0,0.0,11,10000.0
1930,733.0,0,106,0.0,0.0,12,10000.0
1931,734.0,0,106,1.0,0.0,13,10000.0
1932,763.0,0,108,0.0,2.0,-14,10000.0
1933,764.0,0,108,0.0,0.0,-13,10000.0
1934,765.0,0,108,0.0,0.0,-12,10000.0
1935,766.0,0,108,0.0,0.0,-11,10000.0
1936,767.0,0,108,0.0,1.0,-10,10000.0
1937,768.0,0,108,0.0,0.0,-9,10000.0
1938,769.0,0,108,0.0,0.0,-8,10000.0
1939,770.0,0,108,0.0,0.0,-7,10000.0
1940,771.0,0,108,0.0,0.0,-6,10000.0
1941,772.0,0,108,0.0,3.0,-5,10000.0
1942,773.0,0,108,0.0,3.0,-4,10000.0
1943,774.0,0,108,0.0,0.0,-3,10000.0
1944,775.0,0,108,0.0,0.0,-2,10000.0
1945,776.0,0,108,0.0,0.0,-1,10000.0
1946,777.0,0,108,0.0,0.0,0,10000.0
1947,778.0,0,108,0.0,0.0,1,10000.0
1948,779.0,0,108,1.0,0.0,2,10000.0
1949,780.0,0,108,0.0,1.0,3,10000.0
1950,781.0,0,108,0.0,0.0,4,10000.0
1951,782.0,0,108,0.0,1.0,5,10000.0
1952,783.0,0,108,0.0,0.0,6,10000.0
1953,784.0,0,108,0.0,0.0,7,10000.0
1954,785.0,0,108,0.0,0.0,8,10000.0
1955,786.0,0,108,0.0,0.0,9,10000.0
1956,787.0,0,108,0.0,1.0,10,10000.0
1957,788.0,0,108,0.0,0.0,11,10000.0
1958,789.0,0,108,0.0,1.0,12,10000.0
1959,790.0,0,108,0.0,0.0,13,10000.0
1960,559.0,0,109,0.0,0.0,-14,10000.0
1961,560.0,0,109,0.0,0.0,-13,10000.0
1962,561.0,0,109,0.0,0.0,-12,10000.0
1963,562.0,0,109,0.0,0.0,-11,10000.0
1964,563.0,0,109,0.0,0.0,-10,10000.0
1965,564.0,0,109,0.0,0.0,-9,10000.0
1966,565.0,0,109,0.0,0.0,-8,10000.0
1967,566.0,0,109,0.0,0.0,-7,10000.0
1968,567.0,0,109,0.0,3.0,-6,10000.0
1969,568.0,0,109,2.0,10.0,-5,10000.0
1970,569.0,0,109,0.0,5.0,-4,10000.0
1971,570.0,0,109,0.0,0.0,-3,10000.0
1972,571.0,0,109,1.0,1.0,-2,10000.0
1973,572.0,0,109,0.0,0.0,-1,10000.0
1974,573.0,0,109,0.0,0.0,0,10000.0
1975,574.0,0,109,1.0,1.0,1,10000.0
1976,575.0,0,109,0.0,0.0,2,10000.0
1977,576.0,0,109,0.0,0.0,3,10000.0
1978,577.0,0,109,0.0,0.0,4,10000.0
1979,578.0,0,109,0.0,0.0,5,10000.0
1980,579.0,0,109,0.0,0.0,6,10000.0
1981,580.0,0,109,0.0,0.0,7,10000.0
1982,581.0,0,109,0.0,4.0,8,10000.0
1983,582.0,0,109,0.0,0.0,9,10000.0
1984,583.0,0,109,1.0,0.0,10,10000.0
1985,584.0,0,109,0.0,1.0,11,10000.0
1986,585.0,0,109,0.0,0.0,12,10000.0
1987,586.0,0,109,0.0,1.0,13,10000.0
1988,561.0,0,119,1.0,1.0,-14,10000.0
1989,637.0,0,119,1.0,0.0,-13,10000.0
1990,563.0,0,119,0.0,1.0,-12,10000.0
1991,564.0,0,119,2.0,4.0,-11,10000.0
1992,640.0,0,119,3.0,0.0,-10,10000.0
1993,566.0,0,119,4.0,2.0,-9,10000.0
1994,567.0,0,119,0.0,1.0,-8,10000.0
1995,568.0,0,119,0.0,3.0,-7,10000.0
1996,644.0,0,119,0.0,0.0,-6,10000.0
1997,645.0,0,119,2.0,0.0,-5,10000.0
1998,646.0,0,119,1.0,0.0,-4,10000.0
1999,572.0,0,119,0.0,1.0,-3,10000.0
2000,648.0,0,119,1.0,0.0,-2,10000.0
2001,649.0,0,119,0.0,0.0,-1,10000.0
2002,650.0,0,119,0.0,0.0,0,10000.0
2003,651.0,0,119,0.0,0.0,1,10000.0
2004,652.0,0,119,0.0,0.0,2,10000.0
2005,653.0,0,119,0.0,0.0,3,10000.0
2006,579.0,0,119,1.0,2.0,4,10000.0
2007,580.0,0,119,1.0,1.0,5,10000.0
2008,656.0,0,119,0.0,0.0,6,10000.0
2009,582.0,0,119,0.0,1.0,7,10000.0
2010,658.0,0,119,1.0,0.0,8,10000.0
2011,659.0,0,119,0.0,0.0,9,10000.0
2012,585.0,0,119,1.0,1.0,10,10000.0
2013,661.0,0,119,0.0,0.0,11,10000.0
2014,587.0,0,119,0.0,1.0,12,10000.0
2015,663.0,0,119,0.0,0.0,13,10000.0
2016,561.0,0,119,0.0,0.0,-14,10000.0
2017,562.0,0,119,0.0,0.0,-13,10000.0
2018,638.0,0,119,0.0,0.0,-12,10000.0
2019,564.0,0,119,0.0,0.0,-11,10000.0
2020,565.0,0,119,1.0,0.0,-10,10000.0
2021,566.0,0,119,0.0,0.0,-9,10000.0
2022,642.0,0,119,0.0,0.0,-8,10000.0
2023,643.0,0,119,0.0,1.0,-7,10000.0
2024,644.0,0,119,0.0,0.0,-6,10000.0
2025,570.0,0,119,0.0,0.0,-5,10000.0
2026,571.0,0,119,0.0,0.0,-4,10000.0
2027,647.0,0,119,0.0,1.0,-3,10000.0
2028,573.0,0,119,0.0,0.0,-2,10000.0
2029,649.0,0,119,0.0,0.0,-1,10000.0
2030,650.0,0,119,0.0,0.0,0,10000.0
2031,651.0,0,119,0.0,0.0,1,10000.0
2032,652.0,0,119,0.0,0.0,2,10000.0
2033,653.0,0,119,0.0,0.0,3,10000.0
2034,579.0,0,119,0.0,0.0,4,10000.0
2035,580.0,0,119,0.0,0.0,5,10000.0
2036,656.0,0,119,0.0,1.0,6,10000.0
2037,657.0,0,119,0.0,0.0,7,10000.0
2038,583.0,0,119,0.0,0.0,8,10000.0
2039,659.0,0,119,0.0,1.0,9,10000.0
2040,585.0,0,119,0.0,0.0,10,10000.0
2041,661.0,0,119,0.0,0.0,11,10000.0
2042,662.0,0,119,0.0,0.0,12,10000.0
2043,663.0,0,119,0.0,0.0,13,10000.0
2044,573.0,0,120,0.0,3.0,-14,10000.0
2045,574.0,0,120,0.0,4.0,-13,10000.0
2046,575.0,0,120,0.0,1.0,-12,10000.0
2047,576.0,0,120,0.0,3.0,-11,10000.0
2048,577.0,0,120,0.0,2.0,-10,10000.0
2049,578.0,0,120,0.0,1.0,-9,10000.0
2050,579.0,0,120,0.0,1.0,-8,10000.0
2051,580.0,0,120,0.0,0.0,-7,10000.0
2052,581.0,0,120,2.0,2.0,-6,10000.0
2053,582.0,0,120,0.0,2.0,-5,10000.0
2054,583.0,0,120,0.0,2.0,-4,10000.0
2055,584.0,0,120,0.0,4.0,-3,10000.0
2056,585.0,0,120,0.0,3.0,-2,10000.0
2057,586.0,0,120,0.0,1.0,-1,10000.0
2058,587.0,0,120,0.0,1.0,0,10000.0
2059,588.0,0,120,0.0,0.0,1,10000.0
2060,589.0,0,120,0.0,0.0,2,10000.0
2061,590.0,0,120,0.0,1.0,3,10000.0
2062,591.0,0,120,0.0,2.0,4,10000.0
2063,592.0,0,120,0.0,0.0,5,10000.0
2064,593.0,0,120,0.0,0.0,6,10000.0
2065,594.0,0,120,0.0,1.0,7,10000.0
2066,595.0,0,120,0.0,1.0,8,10000.0
2067,596.0,0,120,0.0,4.0,9,10000.0
2068,597.0,0,120,0.0,19.0,10,10000.0
2069,598.0,0,120,1.0,5.0,11,10000.0
2070,599.0,0,120,3.0,15.0,12,10000.0
2071,600.0,0,120,0.0,7.0,13,10000.0
2072,565.0,0,124,0.0,0.0,-14,10000.0
2073,-8.0,0,124,0.0,1.0,-13,10000.0
2074,567.0,0,124,0.0,0.0,-12,10000.0
2075,-6.0,0,124,0.0,2.0,-11,10000.0
2076,-5.0,0,124,0.0,1.0,-10,10000.0
2077,-4.0,0,124,0.0,2.0,-9,10000.0
2078,571.0,0,124,0.0,0.0,-8,10000.0
2079,-2.0,0,124,0.0,9.0,-7,10000.0
2080,-1.0,0,124,0.0,10.0,-6,10000.0
2081,0.0,0,124,2.0,8.0,-5,10000.0
2082,1.0,0,124,2.0,2.0,-4,10000.0
2083,2.0,0,124,1.0,1.0,-3,10000.0
2084,3.0,0,124,2.0,5.0,-2,10000.0
2085,4.0,0,124,0.0,3.0,-1,10000.0
2086,5.0,0,124,0.0,1.0,0,10000.0
2087,580.0,0,124,0.0,0.0,1,10000.0
2088,7.0,0,124,0.0,1.0,2,10000.0
2089,8.0,0,124,0.0,2.0,3,10000.0
2090,9.0,0,124,0.0,1.0,4,10000.0
2091,10.0,0,124,1.0,1.0,5,10000.0
2092,11.0,0,124,0.0,5.0,6,10000.0
2093,12.0,0,124,0.0,4.0,7,10000.0
2094,13.0,0,124,0.0,3.0,8,10000.0
2095,588.0,0,124,0.0,0.0,9,10000.0
2096,589.0,0,124,0.0,0.0,10,10000.0
2097,16.0,0,124,0.0,1.0,11,10000.0
2098,591.0,0,124,0.0,0.0,12,10000.0
2099,18.0,0,124,0.0,2.0,13,10000.0
2100,565.0,0,124,3.0,149.0,-14,10000.0
2101,566.0,0,124,4.0,177.0,-13,10000.0
2102,567.0,0,124,2.0,95.0,-12,10000.0
2103,568.0,0,124,1.0,31.0,-11,10000.0
2104,569.0,0,124,5.0,56.0,-10,10000.0
2105,570.0,0,124,4.0,46.0,-9,10000.0
2106,571.0,0,124,3.0,21.0,-8,10000.0
2107,572.0,0,124,0.0,26.0,-7,10000.0
2108,573.0,0,124,0.0,7.0,-6,10000.0
2109,0.0,0,124,4.0,28.0,-5,10000.0
2110,1.0,0,124,1.0,43.0,-4,10000.0
2111,2.0,0,124,6.0,36.0,-3,10000.0
2112,3.0,0,124,3.0,24.0,-2,10000.0
2113,578.0,0,124,1.0,24.0,-1,10000.0
2114,579.0,0,124,5.0,15.0,0,10000.0
2115,580.0,0,124,0.0,10.0,1,10000.0
2116,581.0,0,124,0.0,4.0,2,10000.0
2117,582.0,0,124,2.0,6.0,3,10000.0
2118,583.0,0,124,9.0,39.0,4,10000.0
2119,10.0,0,124,4.0,22.0,5,10000.0
2120,585.0,0,124,0.0,2.0,6,10000.0
2121,586.0,0,124,4.0,23.0,7,10000.0
2122,587.0,0,124,0.0,3.0,8,10000.0
2123,588.0,0,124,0.0,8.0,9,10000.0
2124,589.0,0,124,1.0,9.0,10,10000.0
2125,590.0,0,124,0.0,5.0,11,10000.0
2126,591.0,0,124,1.0,2.0,12,10000.0
2127,592.0,0,124,0.0,1.0,13,10000.0
2128,-13.0,0,126,0.0,0.0,-14,70.0
2129,-12.0,0,126,0.0,0.0,-13,70.0
2130,-11.0,0,126,0.0,0.0,-12,70.0
2131,-10.0,0,126,0.0,0.0,-11,70.0
2132,-9.0,0,126,0.0,0.0,-10,70.0
2133,-8.0,0,126,0.0,0.0,-9,70.0
2134,-7.0,0,126,0.0,0.0,-8,70.0
2135,-6.0,0,126,0.0,0.0,-7,70.0
2136,-5.0,0,126,0.0,0.0,-6,70.0
2137,-4.0,0,126,0.0,0.0,-5,70.0
2138,-3.0,0,126,0.0,0.0,-4,70.0
2139,-2.0,0,126,0.0,0.0,-3,70.0
2140,-1.0,0,126,0.0,0.0,-2,70.0
2141,0.0,0,126,0.0,0.0,-1,70.0
2142,1.0,0,126,10.0,29.0,0,70.0
2143,2.0,0,126,20.0,54.0,1,70.0
2144,3.0,0,126,14.0,56.0,2,70.0
2145,4.0,0,126,41.0,255.0,3,70.0
2146,5.0,0,126,30.0,144.0,4,70.0
2147,6.0,0,126,9.0,106.0,5,70.0
2148,7.0,0,126,4.0,75.0,6,70.0
2149,8.0,0,126,4.0,38.0,7,70.0
2150,9.0,0,126,0.0,23.0,8,70.0
2151,10.0,0,126,3.0,28.0,9,70.0
2152,11.0,0,126,0.0,30.0,10,70.0
2153,12.0,0,126,1.0,74.0,11,70.0
2154,13.0,0,126,0.0,36.0,12,70.0
2155,14.0,0,126,1.0,84.0,13,70.0
2156,637.0,0,128,0.0,0.0,-14,10000.0
2157,638.0,0,128,0.0,0.0,-13,10000.0
2158,639.0,0,128,0.0,0.0,-12,10000.0
2159,640.0,0,128,0.0,0.0,-11,10000.0
2160,641.0,0,128,0.0,0.0,-10,10000.0
2161,642.0,0,128,0.0,0.0,-9,10000.0
2162,643.0,0,128,0.0,0.0,-8,10000.0
2163,644.0,0,128,0.0,0.0,-7,10000.0
2164,645.0,0,128,0.0,0.0,-6,10000.0
2165,646.0,0,128,0.0,0.0,-5,10000.0
2166,647.0,0,128,0.0,0.0,-4,10000.0
2167,648.0,0,128,0.0,0.0,-3,10000.0
2168,649.0,0,128,0.0,0.0,-2,10000.0
2169,650.0,0,128,1.0,0.0,-1,10000.0
2170,651.0,0,128,4.0,0.0,0,10000.0
2171,652.0,0,128,1.0,0.0,1,10000.0
2172,6.0,0,128,1.0,1.0,2,10000.0
2173,654.0,0,128,0.0,0.0,3,10000.0
2174,8.0,0,128,1.0,1.0,4,10000.0
2175,656.0,0,128,0.0,0.0,5,10000.0
2176,10.0,0,128,0.0,1.0,6,10000.0
2177,11.0,0,128,0.0,1.0,7,10000.0
2178,659.0,0,128,0.0,0.0,8,10000.0
2179,660.0,0,128,0.0,0.0,9,10000.0
2180,661.0,0,128,1.0,0.0,10,10000.0
2181,15.0,0,128,0.0,6.0,11,10000.0
2182,663.0,0,128,0.0,0.0,12,10000.0
2183,664.0,0,128,1.0,0.0,13,10000.0
2184,637.0,0,128,0.0,2.0,-14,10000.0
2185,638.0,0,128,0.0,1.0,-13,10000.0
2186,639.0,0,128,2.0,1.0,-12,10000.0
2187,640.0,0,128,0.0,2.0,-11,10000.0
2188,641.0,0,128,0.0,2.0,-10,10000.0
2189,642.0,0,128,0.0,1.0,-9,10000.0
2190,643.0,0,128,0.0,0.0,-8,10000.0
2191,644.0,0,128,0.0,0.0,-7,10000.0
2192,645.0,0,128,0.0,0.0,-6,10000.0
2193,646.0,0,128,0.0,2.0,-5,10000.0
2194,647.0,0,128,0.0,2.0,-4,10000.0
2195,648.0,0,128,0.0,3.0,-3,10000.0
2196,649.0,0,128,0.0,1.0,-2,10000.0
2197,650.0,0,128,0.0,2.0,-1,10000.0
2198,651.0,0,128,0.0,5.0,0,10000.0
2199,652.0,0,128,0.0,2.0,1,10000.0
2200,653.0,0,128,0.0,2.0,2,10000.0
2201,654.0,0,128,0.0,1.0,3,10000.0
2202,655.0,0,128,0.0,2.0,4,10000.0
2203,656.0,0,128,1.0,3.0,5,10000.0
2204,657.0,0,128,0.0,1.0,6,10000.0
2205,658.0,0,128,0.0,2.0,7,10000.0
2206,659.0,0,128,0.0,5.0,8,10000.0
2207,660.0,0,128,0.0,2.0,9,10000.0
2208,661.0,0,128,0.0,2.0,10,10000.0
2209,662.0,0,128,0.0,0.0,11,10000.0
2210,663.0,0,128,0.0,2.0,12,10000.0
2211,664.0,0,128,0.0,1.0,13,10000.0
2212,637.0,0,128,1.0,4.0,-14,10000.0
2213,638.0,0,128,0.0,1.0,-13,10000.0
2214,604.0,0,128,0.0,1.0,-12,10000.0
2215,640.0,0,128,0.0,3.0,-11,10000.0
2216,641.0,0,128,1.0,4.0,-10,10000.0
2217,642.0,0,128,0.0,0.0,-9,10000.0
2218,643.0,0,128,0.0,0.0,-8,10000.0
2219,644.0,0,128,0.0,0.0,-7,10000.0
2220,645.0,0,128,0.0,1.0,-6,10000.0
2221,646.0,0,128,0.0,0.0,-5,10000.0
2222,647.0,0,128,0.0,1.0,-4,10000.0
2223,648.0,0,128,0.0,1.0,-3,10000.0
2224,649.0,0,128,0.0,1.0,-2,10000.0
2225,650.0,0,128,0.0,1.0,-1,10000.0
2226,651.0,0,128,0.0,2.0,0,10000.0
2227,652.0,0,128,1.0,1.0,1,10000.0
2228,653.0,0,128,0.0,2.0,2,10000.0
2229,654.0,0,128,0.0,0.0,3,10000.0
2230,655.0,0,128,1.0,4.0,4,10000.0
2231,621.0,0,128,3.0,4.0,5,10000.0
2232,657.0,0,128,0.0,1.0,6,10000.0
2233,658.0,0,128,1.0,1.0,7,10000.0
2234,659.0,0,128,0.0,0.0,8,10000.0
2235,660.0,0,128,0.0,4.0,9,10000.0
2236,661.0,0,128,0.0,0.0,10,10000.0
2237,662.0,0,128,0.0,1.0,11,10000.0
2238,663.0,0,128,0.0,0.0,12,10000.0
2239,664.0,0,128,0.0,1.0,13,10000.0
2240,787.0,0,129,0.0,0.0,-14,10000.0
2241,788.0,0,129,0.0,0.0,-13,10000.0
2242,789.0,0,129,0.0,0.0,-12,10000.0
2243,790.0,0,129,0.0,0.0,-11,10000.0
2244,791.0,0,129,0.0,1.0,-10,10000.0
2245,792.0,0,129,1.0,0.0,-9,10000.0
2246,793.0,0,129,0.0,2.0,-8,10000.0
2247,794.0,0,129,0.0,0.0,-7,10000.0
2248,795.0,0,129,0.0,0.0,-6,10000.0
2249,796.0,0,129,0.0,0.0,-5,10000.0
2250,797.0,0,129,0.0,0.0,-4,10000.0
2251,798.0,0,129,0.0,0.0,-3,10000.0
2252,799.0,0,129,0.0,0.0,-2,10000.0
2253,800.0,0,129,0.0,0.0,-1,10000.0
2254,801.0,0,129,0.0,0.0,0,10000.0
2255,802.0,0,129,0.0,1.0,1,10000.0
2256,803.0,0,129,0.0,0.0,2,10000.0
2257,804.0,0,129,0.0,1.0,3,10000.0
2258,805.0,0,129,0.0,0.0,4,10000.0
2259,806.0,0,129,0.0,1.0,5,10000.0
2260,807.0,0,129,0.0,1.0,6,10000.0
2261,808.0,0,129,0.0,0.0,7,10000.0
2262,809.0,0,129,0.0,0.0,8,10000.0
2263,810.0,0,129,0.0,0.0,9,10000.0
2264,811.0,0,129,0.0,0.0,10,10000.0
2265,812.0,0,129,0.0,0.0,11,10000.0
2266,813.0,0,129,0.0,0.0,12,10000.0
2267,814.0,0,129,0.0,1.0,13,10000.0
2268,573.0,0,130,5.0,12.0,-14,10000.0
2269,574.0,0,130,5.0,1.0,-13,10000.0
2270,575.0,0,130,5.0,5.0,-12,10000.0
2271,576.0,0,130,2.0,4.0,-11,10000.0
2272,577.0,0,130,3.0,2.0,-10,10000.0
2273,578.0,0,130,3.0,3.0,-9,10000.0
2274,579.0,0,130,5.0,12.0,-8,10000.0
2275,580.0,0,130,0.0,2.0,-7,10000.0
2276,581.0,0,130,1.0,1.0,-6,10000.0
2277,582.0,0,130,2.0,3.0,-5,10000.0
2278,583.0,0,130,1.0,2.0,-4,10000.0
2279,584.0,0,130,3.0,2.0,-3,10000.0
2280,585.0,0,130,10.0,15.0,-2,10000.0
2281,586.0,0,130,2.0,2.0,-1,10000.0
2282,587.0,0,130,2.0,2.0,0,10000.0
2283,588.0,0,130,0.0,2.0,1,10000.0
2284,589.0,0,130,0.0,2.0,2,10000.0
2285,590.0,0,130,0.0,5.0,3,10000.0
2286,591.0,0,130,0.0,1.0,4,10000.0
2287,592.0,0,130,2.0,1.0,5,10000.0
2288,593.0,0,130,1.0,1.0,6,10000.0
2289,594.0,0,130,0.0,1.0,7,10000.0
2290,595.0,0,130,1.0,4.0,8,10000.0
2291,596.0,0,130,1.0,3.0,9,10000.0
2292,597.0,0,130,0.0,1.0,10,10000.0
2293,598.0,0,130,2.0,1.0,11,10000.0
2294,599.0,0,130,0.0,1.0,12,10000.0
2295,747.0,0,130,0.0,0.0,13,10000.0
2296,685.0,0,130,0.0,0.0,-14,10000.0
2297,721.0,0,130,0.0,1.0,-13,10000.0
2298,687.0,0,130,0.0,0.0,-12,10000.0
2299,723.0,0,130,1.0,0.0,-11,10000.0
2300,724.0,0,130,1.0,2.0,-10,10000.0
2301,690.0,0,130,1.0,0.0,-9,10000.0
2302,726.0,0,130,0.0,1.0,-8,10000.0
2303,692.0,0,130,1.0,0.0,-7,10000.0
2304,728.0,0,130,0.0,1.0,-6,10000.0
2305,729.0,0,130,2.0,0.0,-5,10000.0
2306,730.0,0,130,0.0,0.0,-4,10000.0
2307,696.0,0,130,0.0,0.0,-3,10000.0
2308,697.0,0,130,0.0,1.0,-2,10000.0
2309,733.0,0,130,1.0,1.0,-1,10000.0
2310,734.0,0,130,0.0,1.0,0,10000.0
2311,735.0,0,130,0.0,0.0,1,10000.0
2312,701.0,0,130,0.0,0.0,2,10000.0
2313,737.0,0,130,0.0,0.0,3,10000.0
2314,703.0,0,130,1.0,1.0,4,10000.0
2315,739.0,0,130,0.0,1.0,5,10000.0
2316,740.0,0,130,0.0,0.0,6,10000.0
2317,706.0,0,130,0.0,0.0,7,10000.0
2318,707.0,0,130,0.0,0.0,8,10000.0
2319,708.0,0,130,0.0,2.0,9,10000.0
2320,709.0,0,130,0.0,1.0,10,10000.0
2321,710.0,0,130,0.0,2.0,11,10000.0
2322,746.0,0,130,0.0,1.0,12,10000.0
2323,712.0,0,130,0.0,0.0,13,10000.0
2324,573.0,0,130,0.0,1.0,-14,10000.0
2325,574.0,0,130,0.0,0.0,-13,10000.0
2326,575.0,0,130,2.0,2.0,-12,10000.0
2327,576.0,0,130,0.0,0.0,-11,10000.0
2328,577.0,0,130,1.0,0.0,-10,10000.0
2329,578.0,0,130,0.0,1.0,-9,10000.0
2330,579.0,0,130,1.0,0.0,-8,10000.0
2331,727.0,0,130,0.0,1.0,-7,10000.0
2332,581.0,0,130,2.0,0.0,-6,10000.0
2333,582.0,0,130,0.0,0.0,-5,10000.0
2334,583.0,0,130,0.0,0.0,-4,10000.0
2335,584.0,0,130,0.0,1.0,-3,10000.0
2336,585.0,0,130,1.0,1.0,-2,10000.0
2337,586.0,0,130,1.0,0.0,-1,10000.0
2338,587.0,0,130,0.0,0.0,0,10000.0
2339,735.0,0,130,0.0,0.0,1,10000.0
2340,736.0,0,130,1.0,1.0,2,10000.0
2341,737.0,0,130,0.0,0.0,3,10000.0
2342,738.0,0,130,0.0,1.0,4,10000.0
2343,592.0,0,130,0.0,0.0,5,10000.0
2344,593.0,0,130,0.0,0.0,6,10000.0
2345,741.0,0,130,0.0,1.0,7,10000.0
2346,595.0,0,130,0.0,1.0,8,10000.0
2347,596.0,0,130,0.0,2.0,9,10000.0
2348,744.0,0,130,0.0,1.0,10,10000.0
2349,598.0,0,130,0.0,1.0,11,10000.0
2350,746.0,0,130,0.0,0.0,12,10000.0
2351,747.0,0,130,0.0,1.0,13,10000.0
2352,720.0,0,130,0.0,1.0,-14,10000.0
2353,721.0,0,130,0.0,0.0,-13,10000.0
2354,687.0,0,130,0.0,0.0,-12,10000.0
2355,723.0,0,130,0.0,0.0,-11,10000.0
2356,689.0,0,130,0.0,0.0,-10,10000.0
2357,725.0,0,130,0.0,1.0,-9,10000.0
2358,691.0,0,130,0.0,0.0,-8,10000.0
2359,727.0,0,130,0.0,0.0,-7,10000.0
2360,693.0,0,130,0.0,0.0,-6,10000.0
2361,729.0,0,130,0.0,0.0,-5,10000.0
2362,730.0,0,130,0.0,0.0,-4,10000.0
2363,731.0,0,130,0.0,0.0,-3,10000.0
2364,697.0,0,130,0.0,0.0,-2,10000.0
2365,698.0,0,130,0.0,0.0,-1,10000.0
2366,734.0,0,130,0.0,1.0,0,10000.0
2367,735.0,0,130,0.0,0.0,1,10000.0
2368,701.0,0,130,2.0,2.0,2,10000.0
2369,737.0,0,130,1.0,0.0,3,10000.0
2370,738.0,0,130,0.0,1.0,4,10000.0
2371,739.0,0,130,0.0,0.0,5,10000.0
2372,740.0,0,130,0.0,2.0,6,10000.0
2373,741.0,0,130,0.0,1.0,7,10000.0
2374,742.0,0,130,0.0,0.0,8,10000.0
2375,743.0,0,130,0.0,0.0,9,10000.0
2376,744.0,0,130,0.0,0.0,10,10000.0
2377,745.0,0,130,0.0,1.0,11,10000.0
2378,746.0,0,130,0.0,1.0,12,10000.0
2379,747.0,0,130,0.0,0.0,13,10000.0
2380,719.0,0,133,0.0,0.0,-14,10000.0
2381,720.0,0,133,0.0,0.0,-13,10000.0
2382,562.0,0,133,0.0,1.0,-12,10000.0
2383,722.0,0,133,0.0,0.0,-11,10000.0
2384,723.0,0,133,0.0,0.0,-10,10000.0
2385,565.0,0,133,0.0,8.0,-9,10000.0
2386,566.0,0,133,0.0,5.0,-8,10000.0
2387,567.0,0,133,2.0,3.0,-7,10000.0
2388,568.0,0,133,1.0,5.0,-6,10000.0
2389,569.0,0,133,1.0,7.0,-5,10000.0
2390,570.0,0,133,3.0,22.0,-4,10000.0
2391,571.0,0,133,0.0,15.0,-3,10000.0
2392,572.0,0,133,1.0,16.0,-2,10000.0
2393,573.0,0,133,1.0,15.0,-1,10000.0
2394,574.0,0,133,1.0,14.0,0,10000.0
2395,575.0,0,133,1.0,12.0,1,10000.0
2396,576.0,0,133,0.0,8.0,2,10000.0
2397,577.0,0,133,0.0,14.0,3,10000.0
2398,578.0,0,133,2.0,13.0,4,10000.0
2399,579.0,0,133,3.0,12.0,5,10000.0
2400,580.0,0,133,0.0,7.0,6,10000.0
2401,581.0,0,133,0.0,7.0,7,10000.0
2402,582.0,0,133,0.0,9.0,8,10000.0
2403,583.0,0,133,1.0,5.0,9,10000.0
2404,584.0,0,133,0.0,9.0,10,10000.0
2405,585.0,0,133,0.0,1.0,11,10000.0
2406,586.0,0,133,7.0,21.0,12,10000.0
2407,587.0,0,133,0.0,8.0,13,10000.0
2408,719.0,0,133,0.0,2.0,-14,10000.0
2409,720.0,0,133,0.0,0.0,-13,10000.0
2410,721.0,0,133,2.0,0.0,-12,10000.0
2411,722.0,0,133,4.0,1.0,-11,10000.0
2412,723.0,0,133,0.0,0.0,-10,10000.0
2413,724.0,0,133,1.0,0.0,-9,10000.0
2414,725.0,0,133,0.0,1.0,-8,10000.0
2415,726.0,0,133,0.0,1.0,-7,10000.0
2416,727.0,0,133,0.0,0.0,-6,10000.0
2417,728.0,0,133,1.0,0.0,-5,10000.0
2418,729.0,0,133,1.0,2.0,-4,10000.0
2419,730.0,0,133,0.0,1.0,-3,10000.0
2420,731.0,0,133,0.0,0.0,-2,10000.0
2421,732.0,0,133,1.0,4.0,-1,10000.0
2422,733.0,0,133,0.0,2.0,0,10000.0
2423,734.0,0,133,1.0,3.0,1,10000.0
2424,735.0,0,133,1.0,0.0,2,10000.0
2425,736.0,0,133,0.0,0.0,3,10000.0
2426,737.0,0,133,0.0,0.0,4,10000.0
2427,738.0,0,133,0.0,2.0,5,10000.0
2428,739.0,0,133,0.0,0.0,6,10000.0
2429,740.0,0,133,0.0,3.0,7,10000.0
2430,741.0,0,133,0.0,1.0,8,10000.0
2431,742.0,0,133,0.0,0.0,9,10000.0
2432,743.0,0,133,0.0,1.0,10,10000.0
2433,744.0,0,133,0.0,4.0,11,10000.0
2434,745.0,0,133,0.0,0.0,12,10000.0
2435,746.0,0,133,0.0,0.0,13,10000.0
2436,664.0,0,133,0.0,0.0,-14,10000.0
2437,665.0,0,133,0.0,0.0,-13,10000.0
2438,666.0,0,133,0.0,1.0,-12,10000.0
2439,667.0,0,133,0.0,1.0,-11,10000.0
2440,668.0,0,133,0.0,0.0,-10,10000.0
2441,669.0,0,133,0.0,1.0,-9,10000.0
2442,670.0,0,133,0.0,0.0,-8,10000.0
2443,671.0,0,133,0.0,1.0,-7,10000.0
2444,672.0,0,133,0.0,0.0,-6,10000.0
2445,673.0,0,133,0.0,0.0,-5,10000.0
2446,674.0,0,133,0.0,0.0,-4,10000.0
2447,675.0,0,133,0.0,1.0,-3,10000.0
2448,676.0,0,133,0.0,3.0,-2,10000.0
2449,677.0,0,133,0.0,1.0,-1,10000.0
2450,678.0,0,133,0.0,0.0,0,10000.0
2451,679.0,0,133,0.0,1.0,1,10000.0
2452,680.0,0,133,0.0,0.0,2,10000.0
2453,681.0,0,133,0.0,1.0,3,10000.0
2454,682.0,0,133,0.0,0.0,4,10000.0
2455,683.0,0,133,0.0,0.0,5,10000.0
2456,684.0,0,133,0.0,0.0,6,10000.0
2457,685.0,0,133,0.0,0.0,7,10000.0
2458,686.0,0,133,0.0,0.0,8,10000.0
2459,687.0,0,133,0.0,0.0,9,10000.0
2460,688.0,0,133,0.0,1.0,10,10000.0
2461,689.0,0,133,0.0,1.0,11,10000.0
2462,690.0,0,133,0.0,1.0,12,10000.0
2463,691.0,0,133,0.0,0.0,13,10000.0
2464,592.0,0,135,0.0,0.0,-14,10000.0
2465,593.0,0,135,0.0,0.0,-13,10000.0
2466,594.0,0,135,0.0,0.0,-12,10000.0
2467,595.0,0,135,0.0,0.0,-11,10000.0
2468,596.0,0,135,0.0,0.0,-10,10000.0
2469,597.0,0,135,0.0,0.0,-9,10000.0
2470,598.0,0,135,0.0,0.0,-8,10000.0
2471,599.0,0,135,0.0,0.0,-7,10000.0
2472,600.0,0,135,0.0,0.0,-6,10000.0
2473,601.0,0,135,0.0,0.0,-5,10000.0
2474,602.0,0,135,0.0,0.0,-4,10000.0
2475,603.0,0,135,0.0,0.0,-3,10000.0
2476,604.0,0,135,0.0,0.0,-2,10000.0
2477,-1.0,0,135,24.0,59.0,-1,10000.0
2478,0.0,0,135,8.0,87.0,0,10000.0
2479,1.0,0,135,1.0,25.0,1,10000.0
2480,2.0,0,135,8.0,39.0,2,10000.0
2481,3.0,0,135,4.0,27.0,3,10000.0
2482,4.0,0,135,4.0,46.0,4,10000.0
2483,5.0,0,135,0.0,28.0,5,10000.0
2484,6.0,0,135,0.0,12.0,6,10000.0
2485,7.0,0,135,1.0,12.0,7,10000.0
2486,8.0,0,135,0.0,11.0,8,10000.0
2487,9.0,0,135,0.0,3.0,9,10000.0
2488,10.0,0,135,0.0,12.0,10,10000.0
2489,11.0,0,135,0.0,9.0,11,10000.0
2490,12.0,0,135,0.0,12.0,12,10000.0
2491,13.0,0,135,0.0,8.0,13,10000.0
2492,592.0,0,135,4.0,27.0,-14,10000.0
2493,593.0,0,135,2.0,25.0,-13,10000.0
2494,594.0,0,135,7.0,38.0,-12,10000.0
2495,595.0,0,135,3.0,21.0,-11,10000.0
2496,596.0,0,135,38.0,246.0,-10,10000.0
2497,597.0,0,135,20.0,91.0,-9,10000.0
2498,598.0,0,135,1.0,18.0,-8,10000.0
2499,599.0,0,135,19.0,85.0,-7,10000.0
2500,600.0,0,135,14.0,45.0,-6,10000.0
2501,601.0,0,135,26.0,90.0,-5,10000.0
2502,602.0,0,135,50.0,227.0,-4,10000.0
2503,603.0,0,135,245.0,2156.0,-3,10000.0
2504,604.0,0,135,115.0,1018.0,-2,10000.0
2505,-1.0,0,135,14.0,85.0,-1,10000.0
2506,0.0,0,135,9.0,40.0,0,10000.0
2507,1.0,0,135,9.0,27.0,1,10000.0
2508,2.0,0,135,7.0,30.0,2,10000.0
2509,3.0,0,135,6.0,33.0,3,10000.0
2510,4.0,0,135,12.0,58.0,4,10000.0
2511,611.0,0,135,3.0,46.0,5,10000.0
2512,612.0,0,135,8.0,49.0,6,10000.0
2513,7.0,0,135,5.0,40.0,7,10000.0
2514,614.0,0,135,19.0,85.0,8,10000.0
2515,615.0,0,135,3.0,27.0,9,10000.0
2516,616.0,0,135,1.0,23.0,10,10000.0
2517,617.0,0,135,6.0,18.0,11,10000.0
2518,618.0,0,135,0.0,14.0,12,10000.0
2519,619.0,0,135,4.0,28.0,13,10000.0
2520,677.0,0,136,0.0,1.0,-14,10000.0
2521,678.0,0,136,1.0,1.0,-13,10000.0
2522,679.0,0,136,1.0,2.0,-12,10000.0
2523,680.0,0,136,0.0,1.0,-11,10000.0
2524,681.0,0,136,0.0,2.0,-10,10000.0
2525,682.0,0,136,2.0,3.0,-9,10000.0
2526,683.0,0,136,1.0,2.0,-8,10000.0
2527,684.0,0,136,1.0,3.0,-7,10000.0
2528,685.0,0,136,0.0,0.0,-6,10000.0
2529,686.0,0,136,1.0,4.0,-5,10000.0
2530,687.0,0,136,0.0,2.0,-4,10000.0
2531,688.0,0,136,0.0,3.0,-3,10000.0
2532,689.0,0,136,1.0,0.0,-2,10000.0
2533,690.0,0,136,0.0,2.0,-1,10000.0
2534,691.0,0,136,0.0,0.0,0,10000.0
2535,692.0,0,136,0.0,3.0,1,10000.0
2536,693.0,0,136,0.0,2.0,2,10000.0
2537,694.0,0,136,0.0,2.0,3,10000.0
2538,695.0,0,136,0.0,1.0,4,10000.0
2539,696.0,0,136,0.0,1.0,5,10000.0
2540,697.0,0,136,1.0,0.0,6,10000.0
2541,698.0,0,136,0.0,1.0,7,10000.0
2542,699.0,0,136,1.0,2.0,8,10000.0
2543,700.0,0,136,2.0,4.0,9,10000.0
2544,701.0,0,136,0.0,0.0,10,10000.0
2545,702.0,0,136,1.0,3.0,11,10000.0
2546,703.0,0,136,0.0,0.0,12,10000.0
2547,704.0,0,136,0.0,0.0,13,10000.0
2548,56.0,0,137,0.0,2.0,-14,10000.0
2549,57.0,0,137,0.0,1.0,-13,10000.0
2550,58.0,0,137,0.0,0.0,-12,10000.0
2551,59.0,0,137,0.0,0.0,-11,10000.0
2552,60.0,0,137,1.0,1.0,-10,10000.0
2553,61.0,0,137,0.0,2.0,-9,10000.0
2554,62.0,0,137,0.0,0.0,-8,10000.0
2555,63.0,0,137,0.0,0.0,-7,10000.0
2556,64.0,0,137,1.0,1.0,-6,10000.0
2557,65.0,0,137,0.0,3.0,-5,10000.0
2558,66.0,0,137,0.0,3.0,-4,10000.0
2559,67.0,0,137,0.0,2.0,-3,10000.0
2560,68.0,0,137,0.0,3.0,-2,10000.0
2561,69.0,0,137,0.0,0.0,-1,10000.0
2562,70.0,0,137,0.0,0.0,0,10000.0
2563,71.0,0,137,0.0,0.0,1,10000.0
2564,72.0,0,137,0.0,1.0,2,10000.0
2565,73.0,0,137,0.0,2.0,3,10000.0
2566,74.0,0,137,0.0,0.0,4,10000.0
2567,75.0,0,137,0.0,0.0,5,10000.0
2568,76.0,0,137,0.0,0.0,6,10000.0
2569,77.0,0,137,0.0,0.0,7,10000.0
2570,78.0,0,137,0.0,0.0,8,10000.0
2571,79.0,0,137,0.0,0.0,9,10000.0
2572,80.0,0,137,0.0,0.0,10,10000.0
2573,81.0,0,137,0.0,0.0,11,10000.0
2574,82.0,0,137,0.0,0.0,12,10000.0
2575,83.0,0,137,0.0,0.0,13,10000.0
2576,573.0,0,138,0.0,10.0,-14,10000.0
2577,574.0,0,138,2.0,14.0,-13,10000.0
2578,575.0,0,138,1.0,11.0,-12,10000.0
2579,576.0,0,138,0.0,3.0,-11,10000.0
2580,577.0,0,138,1.0,27.0,-10,10000.0
2581,578.0,0,138,3.0,16.0,-9,10000.0
2582,579.0,0,138,0.0,11.0,-8,10000.0
2583,580.0,0,138,0.0,5.0,-7,10000.0
2584,581.0,0,138,0.0,5.0,-6,10000.0
2585,582.0,0,138,1.0,12.0,-5,10000.0
2586,583.0,0,138,1.0,7.0,-4,10000.0
2587,584.0,0,138,0.0,8.0,-3,10000.0
2588,585.0,0,138,0.0,6.0,-2,10000.0
2589,586.0,0,138,1.0,1.0,-1,10000.0
2590,587.0,0,138,0.0,3.0,0,10000.0
2591,588.0,0,138,0.0,3.0,1,10000.0
2592,589.0,0,138,0.0,2.0,2,10000.0
2593,590.0,0,138,0.0,0.0,3,10000.0
2594,591.0,0,138,0.0,3.0,4,10000.0
2595,592.0,0,138,0.0,2.0,5,10000.0
2596,593.0,0,138,0.0,2.0,6,10000.0
2597,594.0,0,138,3.0,5.0,7,10000.0
2598,595.0,0,138,0.0,4.0,8,10000.0
2599,596.0,0,138,0.0,0.0,9,10000.0
2600,597.0,0,138,1.0,1.0,10,10000.0
2601,598.0,0,138,0.0,5.0,11,10000.0
2602,599.0,0,138,0.0,0.0,12,10000.0
2603,600.0,0,138,0.0,3.0,13,10000.0
2604,825.0,0,139,2.0,3.0,-14,10000.0
2605,826.0,0,139,1.0,0.0,-13,10000.0
2606,827.0,0,139,0.0,6.0,-12,10000.0
2607,828.0,0,139,0.0,1.0,-11,10000.0
2608,829.0,0,139,0.0,2.0,-10,10000.0
2609,830.0,0,139,2.0,3.0,-9,10000.0
2610,831.0,0,139,1.0,1.0,-8,10000.0
2611,832.0,0,139,1.0,4.0,-7,10000.0
2612,833.0,0,139,0.0,2.0,-6,10000.0
2613,834.0,0,139,1.0,5.0,-5,10000.0
2614,835.0,0,139,0.0,5.0,-4,10000.0
2615,836.0,0,139,0.0,3.0,-3,10000.0
2616,837.0,0,139,0.0,1.0,-2,10000.0
2617,838.0,0,139,0.0,3.0,-1,10000.0
2618,839.0,0,139,0.0,0.0,0,10000.0
2619,840.0,0,139,1.0,2.0,1,10000.0
2620,841.0,0,139,1.0,2.0,2,10000.0
2621,842.0,0,139,0.0,1.0,3,10000.0
2622,843.0,0,139,0.0,2.0,4,10000.0
2623,844.0,0,139,2.0,11.0,5,10000.0
2624,845.0,0,139,0.0,4.0,6,10000.0
2625,846.0,0,139,1.0,3.0,7,10000.0
2626,847.0,0,139,0.0,4.0,8,10000.0
2627,848.0,0,139,0.0,2.0,9,10000.0
2628,849.0,0,139,0.0,5.0,10,10000.0
2629,850.0,0,139,1.0,3.0,11,10000.0
2630,851.0,0,139,0.0,5.0,12,10000.0
2631,852.0,0,139,0.0,0.0,13,10000.0
2632,56.0,0,140,0.0,3.0,-14,678.0
2633,57.0,0,140,1.0,0.0,-13,678.0
2634,58.0,0,140,0.0,1.0,-12,678.0
2635,59.0,0,140,1.0,0.0,-11,678.0
2636,60.0,0,140,0.0,2.0,-10,678.0
2637,61.0,0,140,0.0,3.0,-9,678.0
2638,62.0,0,140,0.0,3.0,-8,678.0
2639,63.0,0,140,0.0,3.0,-7,678.0
2640,64.0,0,140,1.0,4.0,-6,678.0
2641,65.0,0,140,6.0,13.0,-5,678.0
2642,66.0,0,140,3.0,10.0,-4,678.0
2643,67.0,0,140,2.0,1.0,-3,678.0
2644,68.0,0,140,0.0,8.0,-2,678.0
2645,69.0,0,140,1.0,0.0,-1,678.0
2646,70.0,0,140,1.0,3.0,0,678.0
2647,71.0,0,140,0.0,3.0,1,678.0
2648,72.0,0,140,1.0,1.0,2,678.0
2649,73.0,0,140,0.0,0.0,3,678.0
2650,74.0,0,140,0.0,0.0,4,678.0
2651,75.0,0,140,0.0,0.0,5,678.0
2652,76.0,0,140,0.0,0.0,6,678.0
2653,77.0,0,140,1.0,3.0,7,678.0
2654,78.0,0,140,0.0,3.0,8,678.0
2655,79.0,0,140,0.0,1.0,9,678.0
2656,80.0,0,140,0.0,3.0,10,678.0
2657,81.0,0,140,0.0,3.0,11,678.0
2658,82.0,0,140,0.0,1.0,12,678.0
2659,83.0,0,140,1.0,3.0,13,678.0
2660,-4.0,0,141,0.0,0.0,-14,10000.0
2661,-3.0,0,141,0.0,0.0,-13,10000.0
2662,-2.0,0,141,0.0,0.0,-12,10000.0
2663,-1.0,0,141,0.0,0.0,-11,10000.0
2664,0.0,0,141,0.0,0.0,-10,10000.0
2665,1.0,0,141,0.0,0.0,-9,10000.0
2666,2.0,0,141,1.0,5.0,-8,10000.0
2667,3.0,0,141,8.0,18.0,-7,10000.0
2668,4.0,0,141,9.0,15.0,-6,10000.0
2669,5.0,0,141,1.0,4.0,-5,10000.0
2670,6.0,0,141,1.0,6.0,-4,10000.0
2671,7.0,0,141,0.0,2.0,-3,10000.0
2672,8.0,0,141,0.0,3.0,-2,10000.0
2673,9.0,0,141,1.0,0.0,-1,10000.0
2674,10.0,0,141,0.0,2.0,0,10000.0
2675,11.0,0,141,1.0,1.0,1,10000.0
2676,12.0,0,141,1.0,0.0,2,10000.0
2677,13.0,0,141,0.0,4.0,3,10000.0
2678,14.0,0,141,1.0,0.0,4,10000.0
2679,15.0,0,141,0.0,2.0,5,10000.0
2680,16.0,0,141,0.0,2.0,6,10000.0
2681,17.0,0,141,0.0,0.0,7,10000.0
2682,18.0,0,141,0.0,1.0,8,10000.0
2683,19.0,0,141,0.0,0.0,9,10000.0
2684,20.0,0,141,0.0,0.0,10,10000.0
2685,21.0,0,141,0.0,0.0,11,10000.0
2686,22.0,0,141,0.0,0.0,12,10000.0
2687,23.0,0,141,0.0,0.0,13,10000.0
2688,559.0,0,143,0.0,4.0,-14,10000.0
2689,560.0,0,143,1.0,9.0,-13,10000.0
2690,561.0,0,143,1.0,4.0,-12,10000.0
2691,562.0,0,143,2.0,8.0,-11,10000.0
2692,563.0,0,143,0.0,5.0,-10,10000.0
2693,564.0,0,143,0.0,4.0,-9,10000.0
2694,565.0,0,143,0.0,6.0,-8,10000.0
2695,566.0,0,143,0.0,6.0,-7,10000.0
2696,567.0,0,143,0.0,4.0,-6,10000.0
2697,568.0,0,143,2.0,4.0,-5,10000.0
2698,569.0,0,143,1.0,1.0,-4,10000.0
2699,570.0,0,143,0.0,4.0,-3,10000.0
2700,571.0,0,143,0.0,2.0,-2,10000.0
2701,572.0,0,143,0.0,3.0,-1,10000.0
2702,573.0,0,143,1.0,3.0,0,10000.0
2703,574.0,0,143,0.0,2.0,1,10000.0
2704,575.0,0,143,0.0,2.0,2,10000.0
2705,576.0,0,143,0.0,2.0,3,10000.0
2706,577.0,0,143,0.0,2.0,4,10000.0
2707,578.0,0,143,1.0,1.0,5,10000.0
2708,579.0,0,143,0.0,2.0,6,10000.0
2709,580.0,0,143,0.0,6.0,7,10000.0
2710,650.0,0,143,0.0,0.0,8,10000.0
2711,582.0,0,143,0.0,2.0,9,10000.0
2712,652.0,0,143,0.0,0.0,10,10000.0
2713,584.0,0,143,2.0,3.0,11,10000.0
2714,585.0,0,143,0.0,1.0,12,10000.0
2715,655.0,0,143,0.0,0.0,13,10000.0
2716,628.0,0,143,1.0,3.0,-14,10000.0
2717,629.0,0,143,0.0,2.0,-13,10000.0
2718,630.0,0,143,0.0,2.0,-12,10000.0
2719,631.0,0,143,0.0,2.0,-11,10000.0
2720,632.0,0,143,0.0,2.0,-10,10000.0
2721,633.0,0,143,1.0,1.0,-9,10000.0
2722,634.0,0,143,0.0,2.0,-8,10000.0
2723,635.0,0,143,0.0,6.0,-7,10000.0
2724,636.0,0,143,0.0,0.0,-6,10000.0
2725,637.0,0,143,1.0,1.0,-5,10000.0
2726,638.0,0,143,0.0,0.0,-4,10000.0
2727,639.0,0,143,2.0,3.0,-3,10000.0
2728,640.0,0,143,0.0,1.0,-2,10000.0
2729,641.0,0,143,0.0,0.0,-1,10000.0
2730,642.0,0,143,0.0,2.0,0,10000.0
2731,643.0,0,143,0.0,2.0,1,10000.0
2732,644.0,0,143,0.0,1.0,2,10000.0
2733,645.0,0,143,0.0,0.0,3,10000.0
2734,646.0,0,143,0.0,0.0,4,10000.0
2735,647.0,0,143,0.0,1.0,5,10000.0
2736,648.0,0,143,0.0,0.0,6,10000.0
2737,649.0,0,143,0.0,0.0,7,10000.0
2738,650.0,0,143,0.0,0.0,8,10000.0
2739,651.0,0,143,0.0,1.0,9,10000.0
2740,652.0,0,143,0.0,0.0,10,10000.0
2741,653.0,0,143,0.0,0.0,11,10000.0
2742,654.0,0,143,0.0,0.0,12,10000.0
2743,655.0,0,143,0.0,1.0,13,10000.0
2744,573.0,0,143,0.0,0.0,-14,10000.0
2745,629.0,0,143,0.0,0.0,-13,10000.0
2746,630.0,0,143,0.0,0.0,-12,10000.0
2747,631.0,0,143,0.0,1.0,-11,10000.0
2748,632.0,0,143,0.0,0.0,-10,10000.0
2749,578.0,0,143,0.0,1.0,-9,10000.0
2750,634.0,0,143,0.0,0.0,-8,10000.0
2751,635.0,0,143,0.0,2.0,-7,10000.0
2752,636.0,0,143,0.0,0.0,-6,10000.0
2753,582.0,0,143,0.0,1.0,-5,10000.0
2754,638.0,0,143,0.0,1.0,-4,10000.0
2755,584.0,0,143,0.0,0.0,-3,10000.0
2756,640.0,0,143,0.0,0.0,-2,10000.0
2757,641.0,0,143,0.0,0.0,-1,10000.0
2758,642.0,0,143,0.0,0.0,0,10000.0
2759,643.0,0,143,0.0,0.0,1,10000.0
2760,644.0,0,143,0.0,1.0,2,10000.0
2761,645.0,0,143,0.0,0.0,3,10000.0
2762,646.0,0,143,1.0,0.0,4,10000.0
2763,647.0,0,143,0.0,1.0,5,10000.0
2764,648.0,0,143,0.0,2.0,6,10000.0
2765,649.0,0,143,1.0,0.0,7,10000.0
2766,650.0,0,143,0.0,1.0,8,10000.0
2767,651.0,0,143,0.0,2.0,9,10000.0
2768,652.0,0,143,0.0,0.0,10,10000.0
2769,653.0,0,143,0.0,1.0,11,10000.0
2770,654.0,0,143,0.0,1.0,12,10000.0
2771,655.0,0,143,0.0,2.0,13,10000.0
2772,637.0,0,145,2.0,6.0,-14,10000.0
2773,638.0,0,145,8.0,15.0,-13,10000.0
2774,639.0,0,145,12.0,21.0,-12,10000.0
2775,640.0,0,145,3.0,8.0,-11,10000.0
2776,641.0,0,145,3.0,8.0,-10,10000.0
2777,642.0,0,145,2.0,26.0,-9,10000.0
2778,643.0,0,145,1.0,7.0,-8,10000.0
2779,644.0,0,145,2.0,14.0,-7,10000.0
2780,645.0,0,145,2.0,4.0,-6,10000.0
2781,646.0,0,145,3.0,16.0,-5,10000.0
2782,647.0,0,145,4.0,18.0,-4,10000.0
2783,648.0,0,145,27.0,189.0,-3,10000.0
2784,649.0,0,145,10.0,49.0,-2,10000.0
2785,650.0,0,145,43.0,119.0,-1,10000.0
2786,651.0,0,145,4.0,30.0,0,10000.0
2787,652.0,0,145,4.0,19.0,1,10000.0
2788,653.0,0,145,2.0,21.0,2,10000.0
2789,654.0,0,145,0.0,10.0,3,10000.0
2790,655.0,0,145,0.0,18.0,4,10000.0
2791,656.0,0,145,1.0,13.0,5,10000.0
2792,657.0,0,145,1.0,9.0,6,10000.0
2793,658.0,0,145,1.0,18.0,7,10000.0
2794,659.0,0,145,4.0,39.0,8,10000.0
2795,660.0,0,145,0.0,11.0,9,10000.0
2796,661.0,0,145,2.0,12.0,10,10000.0
2797,662.0,0,145,0.0,8.0,11,10000.0
2798,663.0,0,145,3.0,2.0,12,10000.0
2799,664.0,0,145,0.0,10.0,13,10000.0
2800,637.0,0,145,0.0,0.0,-14,10000.0
2801,638.0,0,145,0.0,0.0,-13,10000.0
2802,639.0,0,145,0.0,0.0,-12,10000.0
2803,640.0,0,145,1.0,1.0,-11,10000.0
2804,641.0,0,145,0.0,1.0,-10,10000.0
2805,642.0,0,145,1.0,0.0,-9,10000.0
2806,643.0,0,145,0.0,2.0,-8,10000.0
2807,644.0,0,145,0.0,2.0,-7,10000.0
2808,645.0,0,145,0.0,2.0,-6,10000.0
2809,646.0,0,145,0.0,3.0,-5,10000.0
2810,647.0,0,145,0.0,1.0,-4,10000.0
2811,648.0,0,145,3.0,0.0,-3,10000.0
2812,649.0,0,145,0.0,0.0,-2,10000.0
2813,650.0,0,145,1.0,1.0,-1,10000.0
2814,651.0,0,145,0.0,1.0,0,10000.0
2815,652.0,0,145,0.0,2.0,1,10000.0
2816,653.0,0,145,0.0,1.0,2,10000.0
2817,782.0,0,145,0.0,1.0,3,10000.0
2818,783.0,0,145,0.0,1.0,4,10000.0
2819,656.0,0,145,0.0,1.0,5,10000.0
2820,657.0,0,145,0.0,0.0,6,10000.0
2821,658.0,0,145,0.0,1.0,7,10000.0
2822,659.0,0,145,0.0,3.0,8,10000.0
2823,788.0,0,145,0.0,2.0,9,10000.0
2824,661.0,0,145,0.0,4.0,10,10000.0
2825,790.0,0,145,2.0,1.0,11,10000.0
2826,663.0,0,145,0.0,1.0,12,10000.0
2827,792.0,0,145,1.0,1.0,13,10000.0
2828,545.0,0,147,0.0,0.0,-14,10000.0
2829,546.0,0,147,0.0,0.0,-13,10000.0
2830,547.0,0,147,0.0,0.0,-12,10000.0
2831,548.0,0,147,0.0,0.0,-11,10000.0
2832,549.0,0,147,0.0,0.0,-10,10000.0
2833,550.0,0,147,0.0,0.0,-9,10000.0
2834,551.0,0,147,0.0,0.0,-8,10000.0
2835,552.0,0,147,0.0,0.0,-7,10000.0
2836,553.0,0,147,0.0,0.0,-6,10000.0
2837,554.0,0,147,0.0,1.0,-5,10000.0
2838,555.0,0,147,0.0,0.0,-4,10000.0
2839,556.0,0,147,0.0,0.0,-3,10000.0
2840,557.0,0,147,0.0,0.0,-2,10000.0
2841,558.0,0,147,0.0,0.0,-1,10000.0
2842,559.0,0,147,0.0,10.0,0,10000.0
2843,560.0,0,147,1.0,5.0,1,10000.0
2844,561.0,0,147,0.0,8.0,2,10000.0
2845,562.0,0,147,0.0,8.0,3,10000.0
2846,563.0,0,147,0.0,21.0,4,10000.0
2847,564.0,0,147,0.0,6.0,5,10000.0
2848,565.0,0,147,0.0,7.0,6,10000.0
2849,566.0,0,147,1.0,4.0,7,10000.0
2850,567.0,0,147,0.0,3.0,8,10000.0
2851,568.0,0,147,0.0,2.0,9,10000.0
2852,569.0,0,147,0.0,6.0,10,10000.0
2853,570.0,0,147,0.0,55.0,11,10000.0
2854,571.0,0,147,0.0,27.0,12,10000.0
2855,572.0,0,147,3.0,38.0,13,10000.0
2856,51.0,0,149,0.0,4.0,-14,10000.0
2857,52.0,0,149,3.0,9.0,-13,10000.0
2858,53.0,0,149,1.0,6.0,-12,10000.0
2859,54.0,0,149,5.0,17.0,-11,10000.0
2860,55.0,0,149,2.0,22.0,-10,10000.0
2861,56.0,0,149,0.0,11.0,-9,10000.0
2862,57.0,0,149,6.0,56.0,-8,10000.0
2863,58.0,0,149,1.0,10.0,-7,10000.0
2864,59.0,0,149,1.0,8.0,-6,10000.0
2865,60.0,0,149,1.0,6.0,-5,10000.0
2866,61.0,0,149,3.0,23.0,-4,10000.0
2867,62.0,0,149,1.0,20.0,-3,10000.0
2868,63.0,0,149,0.0,3.0,-2,10000.0
2869,64.0,0,149,1.0,15.0,-1,10000.0
2870,65.0,0,149,2.0,22.0,0,10000.0
2871,66.0,0,149,2.0,12.0,1,10000.0
2872,67.0,0,149,0.0,8.0,2,10000.0
2873,68.0,0,149,1.0,12.0,3,10000.0
2874,69.0,0,149,0.0,4.0,4,10000.0
2875,70.0,0,149,1.0,12.0,5,10000.0
2876,71.0,0,149,1.0,2.0,6,10000.0
2877,72.0,0,149,2.0,5.0,7,10000.0
2878,73.0,0,149,3.0,19.0,8,10000.0
2879,74.0,0,149,1.0,21.0,9,10000.0
2880,75.0,0,149,0.0,10.0,10,10000.0
2881,76.0,0,149,0.0,11.0,11,10000.0
2882,77.0,0,149,2.0,3.0,12,10000.0
2883,586.0,0,149,0.0,0.0,13,10000.0
2884,559.0,0,149,1.0,29.0,-14,10000.0
2885,52.0,0,149,0.0,11.0,-13,10000.0
2886,53.0,0,149,2.0,9.0,-12,10000.0
2887,54.0,0,149,0.0,2.0,-11,10000.0
2888,55.0,0,149,0.0,7.0,-10,10000.0
2889,564.0,0,149,2.0,17.0,-9,10000.0
2890,57.0,0,149,3.0,74.0,-8,10000.0
2891,58.0,0,149,2.0,24.0,-7,10000.0
2892,59.0,0,149,1.0,18.0,-6,10000.0
2893,60.0,0,149,0.0,33.0,-5,10000.0
2894,61.0,0,149,1.0,37.0,-4,10000.0
2895,62.0,0,149,2.0,51.0,-3,10000.0
2896,571.0,0,149,3.0,24.0,-2,10000.0
2897,64.0,0,149,1.0,8.0,-1,10000.0
2898,65.0,0,149,2.0,18.0,0,10000.0
2899,66.0,0,149,0.0,28.0,1,10000.0
2900,575.0,0,149,0.0,19.0,2,10000.0
2901,68.0,0,149,1.0,12.0,3,10000.0
2902,577.0,0,149,1.0,23.0,4,10000.0
2903,70.0,0,149,1.0,8.0,5,10000.0
2904,71.0,0,149,0.0,11.0,6,10000.0
2905,72.0,0,149,0.0,1.0,7,10000.0
2906,73.0,0,149,0.0,5.0,8,10000.0
2907,74.0,0,149,0.0,2.0,9,10000.0
2908,583.0,0,149,0.0,2.0,10,10000.0
2909,584.0,0,149,0.0,3.0,11,10000.0
2910,77.0,0,149,0.0,11.0,12,10000.0
2911,586.0,0,149,0.0,3.0,13,10000.0
2912,625.0,0,151,0.0,0.0,-14,10000.0
2913,626.0,0,151,0.0,0.0,-13,10000.0
2914,627.0,0,151,0.0,0.0,-12,10000.0
2915,628.0,0,151,0.0,0.0,-11,10000.0
2916,629.0,0,151,0.0,0.0,-10,10000.0
2917,630.0,0,151,0.0,0.0,-9,10000.0
2918,631.0,0,151,0.0,0.0,-8,10000.0
2919,-1.0,0,151,11.0,141.0,-7,10000.0
2920,0.0,0,151,13.0,81.0,-6,10000.0
2921,1.0,0,151,23.0,68.0,-5,10000.0
2922,2.0,0,151,11.0,55.0,-4,10000.0
2923,3.0,0,151,12.0,58.0,-3,10000.0
2924,4.0,0,151,17.0,81.0,-2,10000.0
2925,5.0,0,151,2.0,34.0,-1,10000.0
2926,6.0,0,151,0.0,32.0,0,10000.0
2927,7.0,0,151,1.0,22.0,1,10000.0
2928,8.0,0,151,0.0,10.0,2,10000.0
2929,9.0,0,151,1.0,10.0,3,10000.0
2930,10.0,0,151,1.0,9.0,4,10000.0
2931,11.0,0,151,1.0,9.0,5,10000.0
2932,12.0,0,151,0.0,15.0,6,10000.0
2933,13.0,0,151,0.0,12.0,7,10000.0
2934,14.0,0,151,1.0,19.0,8,10000.0
2935,15.0,0,151,0.0,10.0,9,10000.0
2936,16.0,0,151,0.0,7.0,10,10000.0
2937,17.0,0,151,0.0,16.0,11,10000.0
2938,18.0,0,151,1.0,16.0,12,10000.0
2939,19.0,0,151,4.0,45.0,13,10000.0
2940,625.0,0,151,5.0,55.0,-14,10000.0
2941,626.0,0,151,4.0,53.0,-13,10000.0
2942,627.0,0,151,0.0,40.0,-12,10000.0
2943,628.0,0,151,2.0,46.0,-11,10000.0
2944,629.0,0,151,7.0,41.0,-10,10000.0
2945,630.0,0,151,12.0,229.0,-9,10000.0
2946,631.0,0,151,88.0,795.0,-8,10000.0
2947,-1.0,0,151,96.0,1299.0,-7,10000.0
2948,0.0,0,151,28.0,325.0,-6,10000.0
2949,1.0,0,151,5.0,94.0,-5,10000.0
2950,2.0,0,151,15.0,118.0,-4,10000.0
2951,3.0,0,151,2.0,67.0,-3,10000.0
2952,4.0,0,151,10.0,115.0,-2,10000.0
2953,5.0,0,151,4.0,55.0,-1,10000.0
2954,639.0,0,151,3.0,56.0,0,10000.0
2955,7.0,0,151,32.0,363.0,1,10000.0
2956,641.0,0,151,41.0,276.0,2,10000.0
2957,9.0,0,151,23.0,253.0,3,10000.0
2958,10.0,0,151,23.0,221.0,4,10000.0
2959,11.0,0,151,83.0,631.0,5,10000.0
2960,645.0,0,151,6.0,110.0,6,10000.0
2961,646.0,0,151,4.0,39.0,7,10000.0
2962,14.0,0,151,42.0,377.0,8,10000.0
2963,648.0,0,151,13.0,168.0,9,10000.0
2964,649.0,0,151,5.0,41.0,10,10000.0
2965,650.0,0,151,22.0,258.0,11,10000.0
2966,18.0,0,151,1.0,73.0,12,10000.0
2967,19.0,0,151,1.0,56.0,13,10000.0
2968,-13.0,0,152,0.0,0.0,-14,616.0
2969,-12.0,0,152,0.0,0.0,-13,616.0
2970,-11.0,0,152,0.0,0.0,-12,616.0
2971,-10.0,0,152,0.0,0.0,-11,616.0
2972,-9.0,0,152,0.0,0.0,-10,616.0
2973,-8.0,0,152,0.0,0.0,-9,616.0
2974,-7.0,0,152,0.0,0.0,-8,616.0
2975,-6.0,0,152,0.0,0.0,-7,616.0
2976,-5.0,0,152,0.0,0.0,-6,616.0
2977,-4.0,0,152,0.0,0.0,-5,616.0
2978,-3.0,0,152,0.0,0.0,-4,616.0
2979,-2.0,0,152,0.0,0.0,-3,616.0
2980,-1.0,0,152,24.0,121.0,-2,616.0
2981,0.0,0,152,21.0,47.0,-1,616.0
2982,1.0,0,152,7.0,40.0,0,616.0
2983,2.0,0,152,11.0,48.0,1,616.0
2984,3.0,0,152,1.0,15.0,2,616.0
2985,4.0,0,152,0.0,11.0,3,616.0
2986,5.0,0,152,1.0,12.0,4,616.0
2987,6.0,0,152,3.0,49.0,5,616.0
2988,7.0,0,152,2.0,34.0,6,616.0
2989,8.0,0,152,1.0,13.0,7,616.0
2990,9.0,0,152,2.0,15.0,8,616.0
2991,10.0,0,152,0.0,13.0,9,616.0
2992,11.0,0,152,2.0,9.0,10,616.0
2993,12.0,0,152,5.0,52.0,11,616.0
2994,13.0,0,152,2.0,29.0,12,616.0
2995,14.0,0,152,1.0,24.0,13,616.0
2996,670.0,0,153,1.0,0.0,-14,10000.0
2997,671.0,0,153,0.0,1.0,-13,10000.0
2998,672.0,0,153,0.0,3.0,-12,10000.0
2999,673.0,0,153,2.0,1.0,-11,10000.0
3000,674.0,0,153,0.0,1.0,-10,10000.0
3001,675.0,0,153,0.0,0.0,-9,10000.0
3002,676.0,0,153,0.0,0.0,-8,10000.0
3003,677.0,0,153,1.0,0.0,-7,10000.0
3004,678.0,0,153,0.0,0.0,-6,10000.0
3005,679.0,0,153,0.0,5.0,-5,10000.0
3006,680.0,0,153,0.0,1.0,-4,10000.0
3007,681.0,0,153,0.0,3.0,-3,10000.0
3008,682.0,0,153,0.0,1.0,-2,10000.0
3009,683.0,0,153,15.0,76.0,-1,10000.0
3010,684.0,0,153,10.0,63.0,0,10000.0
3011,685.0,0,153,2.0,6.0,1,10000.0
3012,686.0,0,153,3.0,5.0,2,10000.0
3013,687.0,0,153,1.0,7.0,3,10000.0
3014,688.0,0,153,2.0,6.0,4,10000.0
3015,689.0,0,153,0.0,3.0,5,10000.0
3016,690.0,0,153,1.0,2.0,6,10000.0
3017,691.0,0,153,1.0,4.0,7,10000.0
3018,692.0,0,153,1.0,2.0,8,10000.0
3019,693.0,0,153,0.0,6.0,9,10000.0
3020,694.0,0,153,1.0,16.0,10,10000.0
3021,695.0,0,153,0.0,6.0,11,10000.0
3022,696.0,0,153,0.0,1.0,12,10000.0
3023,697.0,0,153,1.0,0.0,13,10000.0
3024,575.0,0,156,0.0,2.0,-14,10000.0
3025,576.0,0,156,0.0,0.0,-13,10000.0
3026,577.0,0,156,0.0,1.0,-12,10000.0
3027,578.0,0,156,0.0,0.0,-11,10000.0
3028,579.0,0,156,0.0,1.0,-10,10000.0
3029,580.0,0,156,0.0,1.0,-9,10000.0
3030,581.0,0,156,1.0,2.0,-8,10000.0
3031,582.0,0,156,0.0,1.0,-7,10000.0
3032,583.0,0,156,0.0,1.0,-6,10000.0
3033,584.0,0,156,0.0,1.0,-5,10000.0
3034,585.0,0,156,0.0,1.0,-4,10000.0
3035,586.0,0,156,0.0,1.0,-3,10000.0
3036,587.0,0,156,0.0,0.0,-2,10000.0
3037,588.0,0,156,0.0,2.0,-1,10000.0
3038,589.0,0,156,0.0,0.0,0,10000.0
3039,590.0,0,156,0.0,0.0,1,10000.0
3040,591.0,0,156,0.0,0.0,2,10000.0
3041,592.0,0,156,0.0,0.0,3,10000.0
3042,593.0,0,156,0.0,0.0,4,10000.0
3043,594.0,0,156,1.0,1.0,5,10000.0
3044,595.0,0,156,0.0,0.0,6,10000.0
3045,596.0,0,156,0.0,1.0,7,10000.0
3046,597.0,0,156,0.0,0.0,8,10000.0
3047,598.0,0,156,0.0,0.0,9,10000.0
3048,599.0,0,156,0.0,0.0,10,10000.0
3049,600.0,0,156,0.0,0.0,11,10000.0
3050,601.0,0,156,0.0,1.0,12,10000.0
3051,602.0,0,156,0.0,0.0,13,10000.0
3052,775.0,0,162,1.0,3.0,-14,10000.0
3053,776.0,0,162,0.0,6.0,-13,10000.0
3054,777.0,0,162,0.0,2.0,-12,10000.0
3055,778.0,0,162,1.0,4.0,-11,10000.0
3056,779.0,0,162,0.0,1.0,-10,10000.0
3057,780.0,0,162,0.0,1.0,-9,10000.0
3058,781.0,0,162,3.0,3.0,-8,10000.0
3059,782.0,0,162,2.0,4.0,-7,10000.0
3060,783.0,0,162,1.0,3.0,-6,10000.0
3061,784.0,0,162,1.0,4.0,-5,10000.0
3062,785.0,0,162,2.0,6.0,-4,10000.0
3063,786.0,0,162,2.0,5.0,-3,10000.0
3064,787.0,0,162,2.0,1.0,-2,10000.0
3065,788.0,0,162,1.0,8.0,-1,10000.0
3066,789.0,0,162,1.0,7.0,0,10000.0
3067,790.0,0,162,0.0,1.0,1,10000.0
3068,791.0,0,162,1.0,1.0,2,10000.0
3069,792.0,0,162,0.0,3.0,3,10000.0
3070,793.0,0,162,0.0,1.0,4,10000.0
3071,794.0,0,162,1.0,6.0,5,10000.0
3072,795.0,0,162,0.0,6.0,6,10000.0
3073,796.0,0,162,1.0,2.0,7,10000.0
3074,797.0,0,162,0.0,5.0,8,10000.0
3075,798.0,0,162,0.0,0.0,9,10000.0
3076,799.0,0,162,1.0,3.0,10,10000.0
3077,800.0,0,162,0.0,1.0,11,10000.0
3078,801.0,0,162,0.0,4.0,12,10000.0
3079,802.0,0,162,0.0,5.0,13,10000.0
3080,559.0,0,163,4.0,65.0,-14,10000.0
3081,560.0,0,163,4.0,21.0,-13,10000.0
3082,561.0,0,163,6.0,45.0,-12,10000.0
3083,562.0,0,163,4.0,44.0,-11,10000.0
3084,563.0,0,163,7.0,44.0,-10,10000.0
3085,564.0,0,163,1.0,39.0,-9,10000.0
3086,565.0,0,163,2.0,29.0,-8,10000.0
3087,566.0,0,163,0.0,31.0,-7,10000.0
3088,567.0,0,163,2.0,22.0,-6,10000.0
3089,568.0,0,163,16.0,216.0,-5,10000.0
3090,569.0,0,163,11.0,292.0,-4,10000.0
3091,570.0,0,163,4.0,88.0,-3,10000.0
3092,571.0,0,163,4.0,39.0,-2,10000.0
3093,572.0,0,163,0.0,26.0,-1,10000.0
3094,573.0,0,163,0.0,20.0,0,10000.0
3095,574.0,0,163,2.0,17.0,1,10000.0
3096,575.0,0,163,1.0,12.0,2,10000.0
3097,576.0,0,163,0.0,12.0,3,10000.0
3098,577.0,0,163,0.0,9.0,4,10000.0
3099,578.0,0,163,0.0,7.0,5,10000.0
3100,579.0,0,163,0.0,2.0,6,10000.0
3101,580.0,0,163,0.0,7.0,7,10000.0
3102,581.0,0,163,0.0,4.0,8,10000.0
3103,582.0,0,163,1.0,7.0,9,10000.0
3104,583.0,0,163,0.0,9.0,10,10000.0
3105,584.0,0,163,0.0,3.0,11,10000.0
3106,585.0,0,163,0.0,4.0,12,10000.0
3107,586.0,0,163,0.0,3.0,13,10000.0
3108,559.0,0,163,6.0,36.0,-14,10000.0
3109,560.0,0,163,6.0,35.0,-13,10000.0
3110,561.0,0,163,4.0,43.0,-12,10000.0
3111,562.0,0,163,6.0,58.0,-11,10000.0
3112,563.0,0,163,1.0,20.0,-10,10000.0
3113,564.0,0,163,1.0,41.0,-9,10000.0
3114,565.0,0,163,0.0,17.0,-8,10000.0
3115,568.0,0,163,2.0,48.0,-7,10000.0
3116,567.0,0,163,25.0,361.0,-6,10000.0
3117,568.0,0,163,3.0,165.0,-5,10000.0
3118,569.0,0,163,7.0,63.0,-4,10000.0
3119,570.0,0,163,0.0,26.0,-3,10000.0
3120,571.0,0,163,0.0,25.0,-2,10000.0
3121,574.0,0,163,1.0,13.0,-1,10000.0
3122,575.0,0,163,1.0,16.0,0,10000.0
3123,574.0,0,163,1.0,13.0,1,10000.0
3124,575.0,0,163,0.0,11.0,2,10000.0
3125,578.0,0,163,0.0,7.0,3,10000.0
3126,579.0,0,163,0.0,4.0,4,10000.0
3127,580.0,0,163,0.0,4.0,5,10000.0
3128,581.0,0,163,0.0,7.0,6,10000.0
3129,582.0,0,163,1.0,5.0,7,10000.0
3130,583.0,0,163,0.0,8.0,8,10000.0
3131,582.0,0,163,0.0,7.0,9,10000.0
3132,585.0,0,163,0.0,2.0,10,10000.0
3133,586.0,0,163,0.0,3.0,11,10000.0
3134,587.0,0,163,0.0,5.0,12,10000.0
3135,588.0,0,163,0.0,4.0,13,10000.0
3136,572.0,0,166,1.0,42.0,-14,10000.0
3137,573.0,0,166,2.0,25.0,-13,10000.0
3138,574.0,0,166,2.0,16.0,-12,10000.0
3139,575.0,0,166,1.0,8.0,-11,10000.0
3140,576.0,0,166,0.0,11.0,-10,10000.0
3141,577.0,0,166,0.0,9.0,-9,10000.0
3142,578.0,0,166,2.0,9.0,-8,10000.0
3143,579.0,0,166,1.0,6.0,-7,10000.0
3144,580.0,0,166,3.0,8.0,-6,10000.0
3145,581.0,0,166,1.0,9.0,-5,10000.0
3146,582.0,0,166,1.0,3.0,-4,10000.0
3147,583.0,0,166,0.0,4.0,-3,10000.0
3148,584.0,0,166,0.0,5.0,-2,10000.0
3149,585.0,0,166,5.0,37.0,-1,10000.0
3150,586.0,0,166,1.0,11.0,0,10000.0
3151,587.0,0,166,0.0,9.0,1,10000.0
3152,588.0,0,166,1.0,4.0,2,10000.0
3153,589.0,0,166,0.0,6.0,3,10000.0
3154,590.0,0,166,8.0,25.0,4,10000.0
3155,591.0,0,166,3.0,3.0,5,10000.0
3156,592.0,0,166,0.0,3.0,6,10000.0
3157,593.0,0,166,0.0,7.0,7,10000.0
3158,594.0,0,166,0.0,3.0,8,10000.0
3159,595.0,0,166,0.0,4.0,9,10000.0
3160,596.0,0,166,2.0,5.0,10,10000.0
3161,597.0,0,166,0.0,3.0,11,10000.0
3162,598.0,0,166,0.0,5.0,12,10000.0
3163,599.0,0,166,0.0,13.0,13,10000.0
3164,572.0,0,166,0.0,5.0,-14,10000.0
3165,573.0,0,166,0.0,0.0,-13,10000.0
3166,574.0,0,166,1.0,5.0,-12,10000.0
3167,575.0,0,166,1.0,7.0,-11,10000.0
3168,597.0,0,166,0.0,1.0,-10,10000.0
3169,598.0,0,166,1.0,12.0,-9,10000.0
3170,578.0,0,166,0.0,19.0,-8,10000.0
3171,579.0,0,166,2.0,10.0,-7,10000.0
3172,580.0,0,166,0.0,3.0,-6,10000.0
3173,581.0,0,166,0.0,4.0,-5,10000.0
3174,582.0,0,166,2.0,2.0,-4,10000.0
3175,604.0,0,166,0.0,2.0,-3,10000.0
3176,605.0,0,166,0.0,1.0,-2,10000.0
3177,585.0,0,166,0.0,1.0,-1,10000.0
3178,586.0,0,166,6.0,6.0,0,10000.0
3179,608.0,0,166,0.0,9.0,1,10000.0
3180,588.0,0,166,0.0,2.0,2,10000.0
3181,610.0,0,166,0.0,3.0,3,10000.0
3182,590.0,0,166,1.0,4.0,4,10000.0
3183,591.0,0,166,1.0,1.0,5,10000.0
3184,613.0,0,166,0.0,0.0,6,10000.0
3185,614.0,0,166,0.0,6.0,7,10000.0
3186,615.0,0,166,2.0,9.0,8,10000.0
3187,616.0,0,166,0.0,2.0,9,10000.0
3188,596.0,0,166,1.0,3.0,10,10000.0
3189,618.0,0,166,0.0,1.0,11,10000.0
3190,619.0,0,166,1.0,2.0,12,10000.0
3191,620.0,0,166,1.0,3.0,13,10000.0
3192,585.0,0,168,0.0,0.0,-14,10000.0
3193,586.0,0,168,0.0,0.0,-13,10000.0
3194,587.0,0,168,0.0,0.0,-12,10000.0
3195,588.0,0,168,0.0,0.0,-11,10000.0
3196,589.0,0,168,0.0,0.0,-10,10000.0
3197,590.0,0,168,0.0,0.0,-9,10000.0
3198,591.0,0,168,0.0,0.0,-8,10000.0
3199,-2.0,0,168,0.0,46.0,-7,10000.0
3200,-1.0,0,168,3.0,40.0,-6,10000.0
3201,0.0,0,168,9.0,37.0,-5,10000.0
3202,1.0,0,168,11.0,22.0,-4,10000.0
3203,2.0,0,168,5.0,20.0,-3,10000.0
3204,3.0,0,168,5.0,14.0,-2,10000.0
3205,4.0,0,168,7.0,22.0,-1,10000.0
3206,5.0,0,168,6.0,20.0,0,10000.0
3207,6.0,0,168,4.0,10.0,1,10000.0
3208,7.0,0,168,4.0,17.0,2,10000.0
3209,8.0,0,168,0.0,13.0,3,10000.0
3210,9.0,0,168,0.0,6.0,4,10000.0
3211,10.0,0,168,1.0,8.0,5,10000.0
3212,11.0,0,168,0.0,8.0,6,10000.0
3213,12.0,0,168,1.0,11.0,7,10000.0
3214,13.0,0,168,1.0,9.0,8,10000.0
3215,14.0,0,168,0.0,17.0,9,10000.0
3216,15.0,0,168,0.0,18.0,10,10000.0
3217,16.0,0,168,0.0,10.0,11,10000.0
3218,17.0,0,168,3.0,21.0,12,10000.0
3219,18.0,0,168,2.0,14.0,13,10000.0
3220,585.0,0,168,0.0,0.0,-14,10000.0
3221,586.0,0,168,0.0,0.0,-13,10000.0
3222,587.0,0,168,0.0,0.0,-12,10000.0
3223,588.0,0,168,0.0,0.0,-11,10000.0
3224,589.0,0,168,0.0,0.0,-10,10000.0
3225,590.0,0,168,12.0,28.0,-9,10000.0
3226,591.0,0,168,70.0,244.0,-8,10000.0
3227,592.0,0,168,20.0,88.0,-7,10000.0
3228,593.0,0,168,6.0,43.0,-6,10000.0
3229,594.0,0,168,12.0,67.0,-5,10000.0
3230,595.0,0,168,53.0,156.0,-4,10000.0
3231,596.0,0,168,14.0,42.0,-3,10000.0
3232,597.0,0,168,5.0,31.0,-2,10000.0
3233,598.0,0,168,8.0,35.0,-1,10000.0
3234,599.0,0,168,3.0,32.0,0,10000.0
3235,600.0,0,168,6.0,12.0,1,10000.0
3236,601.0,0,168,4.0,34.0,2,10000.0
3237,602.0,0,168,6.0,61.0,3,10000.0
3238,603.0,0,168,1.0,17.0,4,10000.0
3239,604.0,0,168,9.0,100.0,5,10000.0
3240,605.0,0,168,9.0,41.0,6,10000.0
3241,606.0,0,168,4.0,19.0,7,10000.0
3242,607.0,0,168,6.0,31.0,8,10000.0
3243,608.0,0,168,1.0,17.0,9,10000.0
3244,609.0,0,168,8.0,24.0,10,10000.0
3245,610.0,0,168,6.0,20.0,11,10000.0
3246,611.0,0,168,5.0,39.0,12,10000.0
3247,612.0,0,168,6.0,19.0,13,10000.0
3248,585.0,0,168,2.0,24.0,-14,10000.0
3249,586.0,0,168,11.0,29.0,-13,10000.0
3250,587.0,0,168,2.0,19.0,-12,10000.0
3251,588.0,0,168,8.0,20.0,-11,10000.0
3252,589.0,0,168,3.0,17.0,-10,10000.0
3253,570.0,0,168,8.0,23.0,-9,10000.0
3254,571.0,0,168,9.0,41.0,-8,10000.0
3255,572.0,0,168,6.0,12.0,-7,10000.0
3256,573.0,0,168,4.0,14.0,-6,10000.0
3257,574.0,0,168,6.0,32.0,-5,10000.0
3258,575.0,0,168,2.0,15.0,-4,10000.0
3259,576.0,0,168,1.0,10.0,-3,10000.0
3260,577.0,0,168,2.0,23.0,-2,10000.0
3261,578.0,0,168,6.0,45.0,-1,10000.0
3262,579.0,0,168,9.0,23.0,0,10000.0
3263,580.0,0,168,5.0,22.0,1,10000.0
3264,581.0,0,168,0.0,11.0,2,10000.0
3265,582.0,0,168,5.0,10.0,3,10000.0
3266,583.0,0,168,0.0,10.0,4,10000.0
3267,584.0,0,168,0.0,8.0,5,10000.0
3268,585.0,0,168,7.0,26.0,6,10000.0
3269,586.0,0,168,2.0,10.0,7,10000.0
3270,587.0,0,168,2.0,20.0,8,10000.0
3271,588.0,0,168,4.0,19.0,9,10000.0
3272,589.0,0,168,8.0,24.0,10,10000.0
3273,590.0,0,168,0.0,16.0,11,10000.0
3274,591.0,0,168,4.0,16.0,12,10000.0
3275,592.0,0,168,2.0,17.0,13,10000.0
3276,585.0,0,174,1.0,4.0,-14,10000.0
3277,586.0,0,174,0.0,3.0,-13,10000.0
3278,587.0,0,174,0.0,1.0,-12,10000.0
3279,588.0,0,174,0.0,0.0,-11,10000.0
3280,589.0,0,174,0.0,0.0,-10,10000.0
3281,590.0,0,174,1.0,0.0,-9,10000.0
3282,591.0,0,174,1.0,1.0,-8,10000.0
3283,592.0,0,174,1.0,0.0,-7,10000.0
3284,593.0,0,174,0.0,1.0,-6,10000.0
3285,594.0,0,174,2.0,0.0,-5,10000.0
3286,595.0,0,174,1.0,0.0,-4,10000.0
3287,596.0,0,174,1.0,1.0,-3,10000.0
3288,597.0,0,174,0.0,0.0,-2,10000.0
3289,598.0,0,174,0.0,1.0,-1,10000.0
3290,599.0,0,174,1.0,0.0,0,10000.0
3291,600.0,0,174,0.0,0.0,1,10000.0
3292,601.0,0,174,0.0,1.0,2,10000.0
3293,602.0,0,174,0.0,1.0,3,10000.0
3294,603.0,0,174,0.0,1.0,4,10000.0
3295,604.0,0,174,0.0,2.0,5,10000.0
3296,605.0,0,174,0.0,0.0,6,10000.0
3297,606.0,0,174,0.0,0.0,7,10000.0
3298,607.0,0,174,0.0,0.0,8,10000.0
3299,608.0,0,174,0.0,0.0,9,10000.0
3300,609.0,0,174,0.0,1.0,10,10000.0
3301,610.0,0,174,0.0,0.0,11,10000.0
3302,611.0,0,174,0.0,0.0,12,10000.0
3303,612.0,0,174,0.0,1.0,13,10000.0
3304,707.0,0,180,2.0,5.0,-14,10000.0
3305,708.0,0,180,1.0,4.0,-13,10000.0
3306,709.0,0,180,1.0,1.0,-12,10000.0
3307,710.0,0,180,7.0,5.0,-11,10000.0
3308,711.0,0,180,32.0,22.0,-10,10000.0
3309,712.0,0,180,2.0,7.0,-9,10000.0
3310,713.0,0,180,1.0,3.0,-8,10000.0
3311,714.0,0,180,2.0,0.0,-7,10000.0
3312,715.0,0,180,3.0,4.0,-6,10000.0
3313,716.0,0,180,9.0,5.0,-5,10000.0
3314,717.0,0,180,17.0,12.0,-4,10000.0
3315,718.0,0,180,3.0,4.0,-3,10000.0
3316,719.0,0,180,2.0,1.0,-2,10000.0
3317,720.0,0,180,3.0,4.0,-1,10000.0
3318,721.0,0,180,2.0,4.0,0,10000.0
3319,722.0,0,180,5.0,6.0,1,10000.0
3320,723.0,0,180,0.0,4.0,2,10000.0
3321,724.0,0,180,1.0,4.0,3,10000.0
3322,725.0,0,180,0.0,4.0,4,10000.0
3323,726.0,0,180,4.0,3.0,5,10000.0
3324,727.0,0,180,4.0,4.0,6,10000.0
3325,728.0,0,180,3.0,4.0,7,10000.0
3326,729.0,0,180,1.0,0.0,8,10000.0
3327,730.0,0,180,4.0,2.0,9,10000.0
3328,731.0,0,180,0.0,3.0,10,10000.0
3329,732.0,0,180,7.0,6.0,11,10000.0
3330,733.0,0,180,6.0,2.0,12,10000.0
3331,734.0,0,180,2.0,2.0,13,10000.0
3332,575.0,0,182,0.0,0.0,-14,10000.0
3333,576.0,0,182,0.0,0.0,-13,10000.0
3334,577.0,0,182,0.0,0.0,-12,10000.0
3335,578.0,0,182,0.0,0.0,-11,10000.0
3336,579.0,0,182,0.0,0.0,-10,10000.0
3337,580.0,0,182,0.0,0.0,-9,10000.0
3338,581.0,0,182,0.0,0.0,-8,10000.0
3339,582.0,0,182,0.0,0.0,-7,10000.0
3340,583.0,0,182,0.0,0.0,-6,10000.0
3341,584.0,0,182,0.0,0.0,-5,10000.0
3342,585.0,0,182,0.0,0.0,-4,10000.0
3343,586.0,0,182,0.0,0.0,-3,10000.0
3344,587.0,0,182,0.0,0.0,-2,10000.0
3345,588.0,0,182,0.0,0.0,-1,10000.0
3346,589.0,0,182,0.0,0.0,0,10000.0
3347,590.0,0,182,0.0,0.0,1,10000.0
3348,2.0,0,182,3.0,4.0,2,10000.0
3349,3.0,0,182,8.0,4.0,3,10000.0
3350,4.0,0,182,2.0,2.0,4,10000.0
3351,5.0,0,182,1.0,1.0,5,10000.0
3352,6.0,0,182,0.0,1.0,6,10000.0
3353,596.0,0,182,0.0,0.0,7,10000.0
3354,8.0,0,182,0.0,1.0,8,10000.0
3355,9.0,0,182,0.0,1.0,9,10000.0
3356,10.0,0,182,1.0,2.0,10,10000.0
3357,11.0,0,182,0.0,2.0,11,10000.0
3358,12.0,0,182,0.0,2.0,12,10000.0
3359,602.0,0,182,0.0,0.0,13,10000.0
3360,575.0,0,182,0.0,0.0,-14,10000.0
3361,576.0,0,182,0.0,0.0,-13,10000.0
3362,577.0,0,182,0.0,0.0,-12,10000.0
3363,578.0,0,182,0.0,0.0,-11,10000.0
3364,579.0,0,182,0.0,0.0,-10,10000.0
3365,580.0,0,182,0.0,0.0,-9,10000.0
3366,581.0,0,182,0.0,0.0,-8,10000.0
3367,582.0,0,182,0.0,0.0,-7,10000.0
3368,583.0,0,182,0.0,0.0,-6,10000.0
3369,584.0,0,182,0.0,0.0,-5,10000.0
3370,585.0,0,182,0.0,0.0,-4,10000.0
3371,586.0,0,182,0.0,1.0,-3,10000.0
3372,587.0,0,182,0.0,0.0,-2,10000.0
3373,588.0,0,182,0.0,2.0,-1,10000.0
3374,589.0,0,182,3.0,2.0,0,10000.0
3375,590.0,0,182,0.0,3.0,1,10000.0
3376,591.0,0,182,0.0,0.0,2,10000.0
3377,592.0,0,182,0.0,0.0,3,10000.0
3378,593.0,0,182,0.0,1.0,4,10000.0
3379,594.0,0,182,1.0,1.0,5,10000.0
3380,595.0,0,182,0.0,2.0,6,10000.0
3381,596.0,0,182,0.0,0.0,7,10000.0
3382,597.0,0,182,0.0,3.0,8,10000.0
3383,598.0,0,182,0.0,1.0,9,10000.0
3384,599.0,0,182,1.0,1.0,10,10000.0
3385,600.0,0,182,0.0,1.0,11,10000.0
3386,601.0,0,182,1.0,1.0,12,10000.0
3387,602.0,0,182,0.0,0.0,13,10000.0
3388,575.0,0,182,0.0,2.0,-14,10000.0
3389,576.0,0,182,1.0,1.0,-13,10000.0
3390,577.0,0,182,1.0,0.0,-12,10000.0
3391,578.0,0,182,1.0,1.0,-11,10000.0
3392,579.0,0,182,0.0,0.0,-10,10000.0
3393,580.0,0,182,0.0,0.0,-9,10000.0
3394,581.0,0,182,0.0,0.0,-8,10000.0
3395,582.0,0,182,0.0,1.0,-7,10000.0
3396,583.0,0,182,1.0,0.0,-6,10000.0
3397,584.0,0,182,0.0,2.0,-5,10000.0
3398,585.0,0,182,0.0,0.0,-4,10000.0
3399,586.0,0,182,0.0,1.0,-3,10000.0
3400,587.0,0,182,0.0,0.0,-2,10000.0
3401,588.0,0,182,0.0,0.0,-1,10000.0
3402,566.0,0,182,0.0,0.0,0,10000.0
3403,590.0,0,182,0.0,0.0,1,10000.0
3404,591.0,0,182,0.0,1.0,2,10000.0
3405,592.0,0,182,0.0,0.0,3,10000.0
3406,593.0,0,182,0.0,0.0,4,10000.0
3407,571.0,0,182,0.0,2.0,5,10000.0
3408,595.0,0,182,0.0,0.0,6,10000.0
3409,596.0,0,182,0.0,0.0,7,10000.0
3410,597.0,0,182,0.0,0.0,8,10000.0
3411,598.0,0,182,0.0,0.0,9,10000.0
3412,576.0,0,182,0.0,0.0,10,10000.0
3413,600.0,0,182,0.0,1.0,11,10000.0
3414,578.0,0,182,0.0,0.0,12,10000.0
3415,602.0,0,182,0.0,1.0,13,10000.0
3416,582.0,0,189,95.0,964.0,-14,10000.0
3417,583.0,0,189,52.0,413.0,-13,10000.0
3418,584.0,0,189,58.0,585.0,-12,10000.0
3419,585.0,0,189,113.0,1388.0,-11,10000.0
3420,586.0,0,189,46.0,484.0,-10,10000.0
3421,587.0,0,189,36.0,303.0,-9,10000.0
3422,588.0,0,189,24.0,237.0,-8,10000.0
3423,589.0,0,189,26.0,257.0,-7,10000.0
3424,590.0,0,189,52.0,379.0,-6,10000.0
3425,591.0,0,189,69.0,584.0,-5,10000.0
3426,592.0,0,189,29.0,223.0,-4,10000.0
3427,593.0,0,189,106.0,743.0,-3,10000.0
3428,594.0,0,189,145.0,1248.0,-2,10000.0
3429,595.0,0,189,192.0,1404.0,-1,10000.0
3430,596.0,0,189,157.0,1273.0,0,10000.0
3431,597.0,0,189,99.0,953.0,1,10000.0
3432,598.0,0,189,29.0,371.0,2,10000.0
3433,599.0,0,189,13.0,197.0,3,10000.0
3434,600.0,0,189,41.0,390.0,4,10000.0
3435,601.0,0,189,102.0,999.0,5,10000.0
3436,602.0,0,189,39.0,470.0,6,10000.0
3437,603.0,0,189,37.0,392.0,7,10000.0
3438,604.0,0,189,75.0,621.0,8,10000.0
3439,605.0,0,189,58.0,600.0,9,10000.0
3440,606.0,0,189,21.0,228.0,10,10000.0
3441,607.0,0,189,30.0,244.0,11,10000.0
3442,608.0,0,189,118.0,841.0,12,10000.0
3443,609.0,0,189,47.0,389.0,13,10000.0
3444,762.0,0,190,0.0,0.0,-14,10000.0
3445,763.0,0,190,0.0,0.0,-13,10000.0
3446,764.0,0,190,0.0,0.0,-12,10000.0
3447,765.0,0,190,0.0,0.0,-11,10000.0
3448,766.0,0,190,0.0,0.0,-10,10000.0
3449,767.0,0,190,0.0,0.0,-9,10000.0
3450,768.0,0,190,0.0,0.0,-8,10000.0
3451,769.0,0,190,0.0,0.0,-7,10000.0
3452,770.0,0,190,0.0,0.0,-6,10000.0
3453,771.0,0,190,0.0,0.0,-5,10000.0
3454,772.0,0,190,0.0,0.0,-4,10000.0
3455,773.0,0,190,0.0,0.0,-3,10000.0
3456,-1.0,0,190,2.0,4.0,-2,10000.0
3457,0.0,0,190,3.0,13.0,-1,10000.0
3458,1.0,0,190,0.0,3.0,0,10000.0
3459,2.0,0,190,1.0,4.0,1,10000.0
3460,3.0,0,190,0.0,7.0,2,10000.0
3461,4.0,0,190,4.0,7.0,3,10000.0
3462,5.0,0,190,1.0,8.0,4,10000.0
3463,6.0,0,190,0.0,18.0,5,10000.0
3464,7.0,0,190,0.0,3.0,6,10000.0
3465,8.0,0,190,0.0,12.0,7,10000.0
3466,9.0,0,190,0.0,2.0,8,10000.0
3467,10.0,0,190,2.0,4.0,9,10000.0
3468,11.0,0,190,2.0,11.0,10,10000.0
3469,12.0,0,190,0.0,4.0,11,10000.0
3470,13.0,0,190,0.0,5.0,12,10000.0
3471,14.0,0,190,0.0,7.0,13,10000.0
3472,762.0,0,190,1.0,9.0,-14,10000.0
3473,763.0,0,190,1.0,5.0,-13,10000.0
3474,764.0,0,190,4.0,5.0,-12,10000.0
3475,765.0,0,190,0.0,5.0,-11,10000.0
3476,766.0,0,190,3.0,2.0,-10,10000.0
3477,767.0,0,190,3.0,4.0,-9,10000.0
3478,768.0,0,190,0.0,2.0,-8,10000.0
3479,769.0,0,190,1.0,1.0,-7,10000.0
3480,770.0,0,190,2.0,2.0,-6,10000.0
3481,771.0,0,190,1.0,12.0,-5,10000.0
3482,772.0,0,190,0.0,5.0,-4,10000.0
3483,773.0,0,190,1.0,3.0,-3,10000.0
3484,774.0,0,190,3.0,8.0,-2,10000.0
3485,775.0,0,190,1.0,10.0,-1,10000.0
3486,776.0,0,190,1.0,13.0,0,10000.0
3487,777.0,0,190,4.0,13.0,1,10000.0
3488,778.0,0,190,10.0,18.0,2,10000.0
3489,779.0,0,190,4.0,14.0,3,10000.0
3490,780.0,0,190,1.0,5.0,4,10000.0
3491,781.0,0,190,5.0,4.0,5,10000.0
3492,782.0,0,190,3.0,3.0,6,10000.0
3493,783.0,0,190,0.0,9.0,7,10000.0
3494,784.0,0,190,1.0,8.0,8,10000.0
3495,785.0,0,190,4.0,8.0,9,10000.0
3496,786.0,0,190,4.0,7.0,10,10000.0
3497,787.0,0,190,5.0,7.0,11,10000.0
3498,788.0,0,190,0.0,3.0,12,10000.0
3499,789.0,0,190,1.0,9.0,13,10000.0
3500,683.0,0,190,0.0,5.0,-14,10000.0
3501,684.0,0,190,2.0,1.0,-13,10000.0
3502,685.0,0,190,0.0,5.0,-12,10000.0
3503,765.0,0,190,2.0,4.0,-11,10000.0
3504,687.0,0,190,0.0,4.0,-10,10000.0
3505,688.0,0,190,0.0,2.0,-9,10000.0
3506,768.0,0,190,0.0,0.0,-8,10000.0
3507,690.0,0,190,0.0,2.0,-7,10000.0
3508,691.0,0,190,1.0,11.0,-6,10000.0
3509,692.0,0,190,0.0,1.0,-5,10000.0
3510,772.0,0,190,2.0,1.0,-4,10000.0
3511,694.0,0,190,0.0,6.0,-3,10000.0
3512,695.0,0,190,0.0,5.0,-2,10000.0
3513,696.0,0,190,0.0,1.0,-1,10000.0
3514,697.0,0,190,0.0,4.0,0,10000.0
3515,698.0,0,190,0.0,5.0,1,10000.0
3516,699.0,0,190,0.0,3.0,2,10000.0
3517,700.0,0,190,0.0,0.0,3,10000.0
3518,701.0,0,190,0.0,2.0,4,10000.0
3519,702.0,0,190,0.0,3.0,5,10000.0
3520,703.0,0,190,0.0,2.0,6,10000.0
3521,783.0,0,190,0.0,8.0,7,10000.0
3522,705.0,0,190,0.0,3.0,8,10000.0
3523,706.0,0,190,0.0,14.0,9,10000.0
3524,707.0,0,190,1.0,5.0,10,10000.0
3525,708.0,0,190,3.0,11.0,11,10000.0
3526,788.0,0,190,1.0,8.0,12,10000.0
3527,710.0,0,190,1.0,3.0,13,10000.0
3528,578.0,0,191,0.0,2.0,-14,10000.0
3529,579.0,0,191,0.0,7.0,-13,10000.0
3530,580.0,0,191,0.0,1.0,-12,10000.0
3531,581.0,0,191,1.0,3.0,-11,10000.0
3532,582.0,0,191,0.0,1.0,-10,10000.0
3533,583.0,0,191,0.0,1.0,-9,10000.0
3534,584.0,0,191,1.0,1.0,-8,10000.0
3535,712.0,0,191,0.0,0.0,-7,10000.0
3536,586.0,0,191,0.0,1.0,-6,10000.0
3537,587.0,0,191,0.0,1.0,-5,10000.0
3538,588.0,0,191,0.0,1.0,-4,10000.0
3539,589.0,0,191,0.0,1.0,-3,10000.0
3540,590.0,0,191,0.0,1.0,-2,10000.0
3541,591.0,0,191,0.0,1.0,-1,10000.0
3542,719.0,0,191,0.0,0.0,0,10000.0
3543,593.0,0,191,0.0,1.0,1,10000.0
3544,594.0,0,191,0.0,1.0,2,10000.0
3545,722.0,0,191,0.0,0.0,3,10000.0
3546,723.0,0,191,0.0,0.0,4,10000.0
3547,597.0,0,191,1.0,1.0,5,10000.0
3548,725.0,0,191,0.0,0.0,6,10000.0
3549,726.0,0,191,0.0,0.0,7,10000.0
3550,727.0,0,191,0.0,0.0,8,10000.0
3551,601.0,0,191,0.0,1.0,9,10000.0
3552,602.0,0,191,0.0,1.0,10,10000.0
3553,730.0,0,191,0.0,0.0,11,10000.0
3554,604.0,0,191,1.0,1.0,12,10000.0
3555,605.0,0,191,0.0,1.0,13,10000.0
3556,578.0,0,191,0.0,0.0,-14,10000.0
3557,579.0,0,191,0.0,0.0,-13,10000.0
3558,580.0,0,191,0.0,0.0,-12,10000.0
3559,581.0,0,191,0.0,0.0,-11,10000.0
3560,582.0,0,191,0.0,0.0,-10,10000.0
3561,583.0,0,191,0.0,0.0,-9,10000.0
3562,584.0,0,191,0.0,0.0,-8,10000.0
3563,585.0,0,191,0.0,0.0,-7,10000.0
3564,586.0,0,191,0.0,0.0,-6,10000.0
3565,587.0,0,191,0.0,0.0,-5,10000.0
3566,588.0,0,191,0.0,0.0,-4,10000.0
3567,589.0,0,191,0.0,0.0,-3,10000.0
3568,590.0,0,191,0.0,1.0,-2,10000.0
3569,591.0,0,191,0.0,0.0,-1,10000.0
3570,592.0,0,191,0.0,0.0,0,10000.0
3571,593.0,0,191,0.0,0.0,1,10000.0
3572,594.0,0,191,0.0,0.0,2,10000.0
3573,595.0,0,191,0.0,0.0,3,10000.0
3574,596.0,0,191,0.0,1.0,4,10000.0
3575,597.0,0,191,0.0,0.0,5,10000.0
3576,598.0,0,191,0.0,0.0,6,10000.0
3577,599.0,0,191,0.0,0.0,7,10000.0
3578,600.0,0,191,0.0,0.0,8,10000.0
3579,601.0,0,191,0.0,1.0,9,10000.0
3580,602.0,0,191,0.0,0.0,10,10000.0
3581,603.0,0,191,0.0,0.0,11,10000.0
3582,604.0,0,191,0.0,0.0,12,10000.0
3583,605.0,0,191,0.0,0.0,13,10000.0
3584,555.0,0,193,0.0,0.0,-14,10000.0
3585,554.0,0,193,0.0,1.0,-13,10000.0
3586,557.0,0,193,0.0,0.0,-12,10000.0
3587,556.0,0,193,0.0,1.0,-11,10000.0
3588,559.0,0,193,0.0,0.0,-10,10000.0
3589,560.0,0,193,0.0,0.0,-9,10000.0
3590,559.0,0,193,3.0,8.0,-8,10000.0
3591,560.0,0,193,22.0,76.0,-7,10000.0
3592,561.0,0,193,25.0,173.0,-6,10000.0
3593,562.0,0,193,64.0,225.0,-5,10000.0
3594,563.0,0,193,57.0,224.0,-4,10000.0
3595,564.0,0,193,91.0,296.0,-3,10000.0
3596,565.0,0,193,44.0,240.0,-2,10000.0
3597,566.0,0,193,145.0,359.0,-1,10000.0
3598,567.0,0,193,32.0,122.0,0,10000.0
3599,568.0,0,193,20.0,92.0,1,10000.0
3600,569.0,0,193,14.0,91.0,2,10000.0
3601,570.0,0,193,4.0,77.0,3,10000.0
3602,571.0,0,193,14.0,91.0,4,10000.0
3603,572.0,0,193,12.0,82.0,5,10000.0
3604,573.0,0,193,6.0,64.0,6,10000.0
3605,574.0,0,193,4.0,25.0,7,10000.0
3606,575.0,0,193,1.0,22.0,8,10000.0
3607,576.0,0,193,1.0,13.0,9,10000.0
3608,577.0,0,193,1.0,18.0,10,10000.0
3609,578.0,0,193,3.0,40.0,11,10000.0
3610,579.0,0,193,3.0,24.0,12,10000.0
3611,580.0,0,193,1.0,10.0,13,10000.0
3612,555.0,0,193,0.0,0.0,-14,10000.0
3613,556.0,0,193,0.0,1.0,-13,10000.0
3614,557.0,0,193,0.0,0.0,-12,10000.0
3615,558.0,0,193,0.0,0.0,-11,10000.0
3616,559.0,0,193,0.0,0.0,-10,10000.0
3617,560.0,0,193,8.0,19.0,-9,10000.0
3618,559.0,0,193,23.0,97.0,-8,10000.0
3619,560.0,0,193,26.0,214.0,-7,10000.0
3620,561.0,0,193,75.0,243.0,-6,10000.0
3621,562.0,0,193,81.0,269.0,-5,10000.0
3622,563.0,0,193,60.0,240.0,-4,10000.0
3623,564.0,0,193,66.0,375.0,-3,10000.0
3624,565.0,0,193,131.0,190.0,-2,10000.0
3625,566.0,0,193,40.0,85.0,-1,10000.0
3626,567.0,0,193,22.0,103.0,0,10000.0
3627,568.0,0,193,13.0,73.0,1,10000.0
3628,569.0,0,193,5.0,73.0,2,10000.0
3629,570.0,0,193,13.0,102.0,3,10000.0
3630,571.0,0,193,12.0,67.0,4,10000.0
3631,572.0,0,193,6.0,48.0,5,10000.0
3632,573.0,0,193,4.0,24.0,6,10000.0
3633,574.0,0,193,4.0,18.0,7,10000.0
3634,575.0,0,193,0.0,15.0,8,10000.0
3635,576.0,0,193,2.0,33.0,9,10000.0
3636,577.0,0,193,4.0,35.0,10,10000.0
3637,578.0,0,193,1.0,13.0,11,10000.0
3638,579.0,0,193,1.0,9.0,12,10000.0
3639,580.0,0,193,0.0,12.0,13,10000.0
3640,786.0,0,196,0.0,0.0,-14,10000.0
3641,787.0,0,196,0.0,2.0,-13,10000.0
3642,788.0,0,196,0.0,1.0,-12,10000.0
3643,789.0,0,196,0.0,1.0,-11,10000.0
3644,790.0,0,196,0.0,0.0,-10,10000.0
3645,791.0,0,196,0.0,0.0,-9,10000.0
3646,792.0,0,196,0.0,2.0,-8,10000.0
3647,793.0,0,196,0.0,1.0,-7,10000.0
3648,794.0,0,196,0.0,0.0,-6,10000.0
3649,795.0,0,196,0.0,1.0,-5,10000.0
3650,796.0,0,196,0.0,0.0,-4,10000.0
3651,797.0,0,196,0.0,0.0,-3,10000.0
3652,798.0,0,196,0.0,1.0,-2,10000.0
3653,799.0,0,196,0.0,1.0,-1,10000.0
3654,800.0,0,196,0.0,0.0,0,10000.0
3655,801.0,0,196,0.0,0.0,1,10000.0
3656,802.0,0,196,1.0,0.0,2,10000.0
3657,803.0,0,196,0.0,1.0,3,10000.0
3658,804.0,0,196,0.0,0.0,4,10000.0
3659,805.0,0,196,0.0,1.0,5,10000.0
3660,806.0,0,196,0.0,1.0,6,10000.0
3661,807.0,0,196,0.0,0.0,7,10000.0
3662,808.0,0,196,0.0,0.0,8,10000.0
3663,809.0,0,196,0.0,0.0,9,10000.0
3664,810.0,0,196,0.0,0.0,10,10000.0
3665,811.0,0,196,0.0,1.0,11,10000.0
3666,812.0,0,196,1.0,0.0,12,10000.0
3667,813.0,0,196,0.0,0.0,13,10000.0
3668,841.0,0,199,0.0,0.0,-14,10000.0
3669,842.0,0,199,0.0,0.0,-13,10000.0
3670,843.0,0,199,1.0,0.0,-12,10000.0
3671,844.0,0,199,0.0,0.0,-11,10000.0
3672,845.0,0,199,0.0,0.0,-10,10000.0
3673,846.0,0,199,0.0,0.0,-9,10000.0
3674,847.0,0,199,0.0,0.0,-8,10000.0
3675,848.0,0,199,0.0,0.0,-7,10000.0
3676,849.0,0,199,0.0,0.0,-6,10000.0
3677,850.0,0,199,0.0,0.0,-5,10000.0
3678,851.0,0,199,0.0,0.0,-4,10000.0
3679,852.0,0,199,0.0,0.0,-3,10000.0
3680,853.0,0,199,0.0,0.0,-2,10000.0
3681,854.0,0,199,0.0,0.0,-1,10000.0
3682,855.0,0,199,0.0,0.0,0,10000.0
3683,856.0,0,199,0.0,0.0,1,10000.0
3684,857.0,0,199,0.0,0.0,2,10000.0
3685,858.0,0,199,0.0,0.0,3,10000.0
3686,859.0,0,199,0.0,0.0,4,10000.0
3687,860.0,0,199,0.0,0.0,5,10000.0
3688,861.0,0,199,0.0,0.0,6,10000.0
3689,862.0,0,199,0.0,0.0,7,10000.0
3690,863.0,0,199,0.0,0.0,8,10000.0
3691,864.0,0,199,0.0,0.0,9,10000.0
3692,865.0,0,199,0.0,0.0,10,10000.0
3693,866.0,0,199,0.0,0.0,11,10000.0
3694,867.0,0,199,0.0,0.0,12,10000.0
3695,868.0,0,199,0.0,0.0,13,10000.0
3696,637.0,0,200,34.0,397.0,-14,10000.0
3697,638.0,0,200,34.0,399.0,-13,10000.0
3698,639.0,0,200,8.0,198.0,-12,10000.0
3699,640.0,0,200,4.0,92.0,-11,10000.0
3700,641.0,0,200,7.0,117.0,-10,10000.0
3701,642.0,0,200,12.0,126.0,-9,10000.0
3702,643.0,0,200,32.0,207.0,-8,10000.0
3703,644.0,0,200,17.0,236.0,-7,10000.0
3704,645.0,0,200,287.0,2414.0,-6,10000.0
3705,646.0,0,200,83.0,1183.0,-5,10000.0
3706,647.0,0,200,15.0,232.0,-4,10000.0
3707,648.0,0,200,6.0,116.0,-3,10000.0
3708,649.0,0,200,11.0,155.0,-2,10000.0
3709,650.0,0,200,7.0,134.0,-1,10000.0
3710,651.0,0,200,10.0,107.0,0,10000.0
3711,652.0,0,200,20.0,172.0,1,10000.0
3712,653.0,0,200,14.0,103.0,2,10000.0
3713,654.0,0,200,5.0,97.0,3,10000.0
3714,655.0,0,200,2.0,85.0,4,10000.0
3715,656.0,0,200,17.0,150.0,5,10000.0
3716,657.0,0,200,10.0,94.0,6,10000.0
3717,658.0,0,200,8.0,73.0,7,10000.0
3718,659.0,0,200,33.0,188.0,8,10000.0
3719,660.0,0,200,7.0,83.0,9,10000.0
3720,661.0,0,200,6.0,57.0,10,10000.0
3721,662.0,0,200,13.0,117.0,11,10000.0
3722,663.0,0,200,8.0,102.0,12,10000.0
3723,664.0,0,200,7.0,83.0,13,10000.0
3724,670.0,0,200,6.0,139.0,-14,10000.0
3725,671.0,0,200,12.0,142.0,-13,10000.0
3726,672.0,0,200,7.0,107.0,-12,10000.0
3727,673.0,0,200,21.0,150.0,-11,10000.0
3728,674.0,0,200,18.0,130.0,-10,10000.0
3729,675.0,0,200,8.0,110.0,-9,10000.0
3730,676.0,0,200,3.0,80.0,-8,10000.0
3731,677.0,0,200,14.0,131.0,-7,10000.0
3732,678.0,0,200,13.0,120.0,-6,10000.0
3733,679.0,0,200,5.0,45.0,-5,10000.0
3734,680.0,0,200,27.0,134.0,-4,10000.0
3735,681.0,0,200,32.0,151.0,-3,10000.0
3736,682.0,0,200,8.0,52.0,-2,10000.0
3737,683.0,0,200,5.0,50.0,-1,10000.0
3738,684.0,0,200,18.0,157.0,0,10000.0
3739,685.0,0,200,8.0,66.0,1,10000.0
3740,686.0,0,200,9.0,89.0,2,10000.0
3741,687.0,0,200,2.0,58.0,3,10000.0
3742,688.0,0,200,25.0,163.0,4,10000.0
3743,689.0,0,200,26.0,237.0,5,10000.0
3744,690.0,0,200,20.0,190.0,6,10000.0
3745,691.0,0,200,24.0,147.0,7,10000.0
3746,692.0,0,200,20.0,159.0,8,10000.0
3747,693.0,0,200,10.0,61.0,9,10000.0
3748,694.0,0,200,14.0,120.0,10,10000.0
3749,695.0,0,200,4.0,63.0,11,10000.0
3750,696.0,0,200,12.0,127.0,12,10000.0
3751,697.0,0,200,3.0,57.0,13,10000.0
3752,648.0,0,200,21.0,160.0,-14,10000.0
3753,649.0,0,200,13.0,62.0,-13,10000.0
3754,650.0,0,200,15.0,118.0,-12,10000.0
3755,651.0,0,200,9.0,58.0,-11,10000.0
3756,652.0,0,200,13.0,123.0,-10,10000.0
3757,653.0,0,200,7.0,57.0,-9,10000.0
3758,654.0,0,200,5.0,56.0,-8,10000.0
3759,655.0,0,200,1.0,34.0,-7,10000.0
3760,656.0,0,200,2.0,44.0,-6,10000.0
3761,657.0,0,200,1.0,30.0,-5,10000.0
3762,658.0,0,200,6.0,32.0,-4,10000.0
3763,659.0,0,200,2.0,36.0,-3,10000.0
3764,660.0,0,200,10.0,116.0,-2,10000.0
3765,661.0,0,200,4.0,81.0,-1,10000.0
3766,662.0,0,200,15.0,121.0,0,10000.0
3767,663.0,0,200,34.0,151.0,1,10000.0
3768,664.0,0,200,0.0,36.0,2,10000.0
3769,665.0,0,200,0.0,34.0,3,10000.0
3770,666.0,0,200,0.0,34.0,4,10000.0
3771,667.0,0,200,9.0,72.0,5,10000.0
3772,668.0,0,200,2.0,49.0,6,10000.0
3773,669.0,0,200,11.0,66.0,7,10000.0
3774,670.0,0,200,2.0,27.0,8,10000.0
3775,671.0,0,200,1.0,35.0,9,10000.0
3776,672.0,0,200,4.0,41.0,10,10000.0
3777,673.0,0,200,3.0,26.0,11,10000.0
3778,674.0,0,200,11.0,94.0,12,10000.0
3779,675.0,0,200,6.0,59.0,13,10000.0
3780,664.0,0,203,4.0,31.0,-14,10000.0
3781,665.0,0,203,1.0,7.0,-13,10000.0
3782,666.0,0,203,1.0,8.0,-12,10000.0
3783,667.0,0,203,0.0,10.0,-11,10000.0
3784,668.0,0,203,4.0,24.0,-10,10000.0
3785,669.0,0,203,0.0,4.0,-9,10000.0
3786,670.0,0,203,0.0,5.0,-8,10000.0
3787,671.0,0,203,0.0,4.0,-7,10000.0
3788,672.0,0,203,0.0,7.0,-6,10000.0
3789,673.0,0,203,1.0,4.0,-5,10000.0
3790,674.0,0,203,0.0,3.0,-4,10000.0
3791,675.0,0,203,0.0,3.0,-3,10000.0
3792,676.0,0,203,1.0,3.0,-2,10000.0
3793,677.0,0,203,0.0,1.0,-1,10000.0
3794,678.0,0,203,0.0,2.0,0,10000.0
3795,679.0,0,203,1.0,0.0,1,10000.0
3796,680.0,0,203,1.0,4.0,2,10000.0
3797,681.0,0,203,0.0,0.0,3,10000.0
3798,682.0,0,203,18.0,37.0,4,10000.0
3799,683.0,0,203,1.0,1.0,5,10000.0
3800,684.0,0,203,3.0,3.0,6,10000.0
3801,685.0,0,203,2.0,2.0,7,10000.0
3802,686.0,0,203,0.0,1.0,8,10000.0
3803,687.0,0,203,2.0,1.0,9,10000.0
3804,688.0,0,203,0.0,1.0,10,10000.0
3805,689.0,0,203,2.0,20.0,11,10000.0
3806,690.0,0,203,0.0,5.0,12,10000.0
3807,691.0,0,203,3.0,20.0,13,10000.0
3808,565.0,0,204,190.0,1192.0,-14,10000.0
3809,566.0,0,204,454.0,3136.0,-13,10000.0
3810,567.0,0,204,70.0,1042.0,-12,10000.0
3811,568.0,0,204,103.0,844.0,-11,10000.0
3812,569.0,0,204,58.0,475.0,-10,10000.0
3813,570.0,0,204,35.0,416.0,-9,10000.0
3814,571.0,0,204,17.0,222.0,-8,10000.0
3815,572.0,0,204,30.0,295.0,-7,10000.0
3816,573.0,0,204,17.0,149.0,-6,10000.0
3817,574.0,0,204,238.0,1297.0,-5,10000.0
3818,575.0,0,204,37.0,313.0,-4,10000.0
3819,576.0,0,204,15.0,134.0,-3,10000.0
3820,577.0,0,204,15.0,79.0,-2,10000.0
3821,578.0,0,204,13.0,96.0,-1,10000.0
3822,579.0,0,204,4.0,48.0,0,10000.0
3823,580.0,0,204,1.0,31.0,1,10000.0
3824,581.0,0,204,2.0,20.0,2,10000.0
3825,582.0,0,204,0.0,38.0,3,10000.0
3826,583.0,0,204,4.0,25.0,4,10000.0
3827,584.0,0,204,1.0,24.0,5,10000.0
3828,585.0,0,204,8.0,64.0,6,10000.0
3829,586.0,0,204,61.0,447.0,7,10000.0
3830,587.0,0,204,4.0,57.0,8,10000.0
3831,588.0,0,204,3.0,33.0,9,10000.0
3832,589.0,0,204,6.0,41.0,10,10000.0
3833,590.0,0,204,1.0,26.0,11,10000.0
3834,591.0,0,204,0.0,23.0,12,10000.0
3835,592.0,0,204,6.0,35.0,13,10000.0
3836,565.0,0,204,5.0,24.0,-14,10000.0
3837,566.0,0,204,6.0,28.0,-13,10000.0
3838,567.0,0,204,5.0,47.0,-12,10000.0
3839,568.0,0,204,51.0,286.0,-11,10000.0
3840,569.0,0,204,22.0,105.0,-10,10000.0
3841,570.0,0,204,3.0,19.0,-9,10000.0
3842,571.0,0,204,4.0,22.0,-8,10000.0
3843,572.0,0,204,2.0,19.0,-7,10000.0
3844,573.0,0,204,7.0,19.0,-6,10000.0
3845,574.0,0,204,4.0,17.0,-5,10000.0
3846,575.0,0,204,6.0,29.0,-4,10000.0
3847,576.0,0,204,4.0,9.0,-3,10000.0
3848,577.0,0,204,5.0,30.0,-2,10000.0
3849,578.0,0,204,6.0,17.0,-1,10000.0
3850,579.0,0,204,4.0,7.0,0,10000.0
3851,580.0,0,204,2.0,5.0,1,10000.0
3852,581.0,0,204,6.0,24.0,2,10000.0
3853,611.0,0,204,1.0,8.0,3,10000.0
3854,583.0,0,204,1.0,8.0,4,10000.0
3855,584.0,0,204,1.0,5.0,5,10000.0
3856,585.0,0,204,4.0,5.0,6,10000.0
3857,586.0,0,204,18.0,90.0,7,10000.0
3858,587.0,0,204,15.0,52.0,8,10000.0
3859,588.0,0,204,2.0,20.0,9,10000.0
3860,589.0,0,204,0.0,5.0,10,10000.0
3861,590.0,0,204,5.0,16.0,11,10000.0
3862,620.0,0,204,2.0,25.0,12,10000.0
3863,592.0,0,204,4.0,19.0,13,10000.0
3864,616.0,0,209,0.0,0.0,-14,686.0
3865,617.0,0,209,0.0,0.0,-13,686.0
3866,618.0,0,209,0.0,0.0,-12,686.0
3867,619.0,0,209,0.0,0.0,-11,686.0
3868,620.0,0,209,0.0,0.0,-10,686.0
3869,564.0,0,209,0.0,4.0,-9,686.0
3870,565.0,0,209,2.0,16.0,-8,686.0
3871,566.0,0,209,3.0,13.0,-7,686.0
3872,567.0,0,209,2.0,10.0,-6,686.0
3873,568.0,0,209,1.0,7.0,-5,686.0
3874,569.0,0,209,0.0,5.0,-4,686.0
3875,570.0,0,209,0.0,6.0,-3,686.0
3876,571.0,0,209,1.0,3.0,-2,686.0
3877,572.0,0,209,0.0,6.0,-1,686.0
3878,573.0,0,209,0.0,1.0,0,686.0
3879,574.0,0,209,2.0,4.0,1,686.0
3880,575.0,0,209,0.0,5.0,2,686.0
3881,576.0,0,209,12.0,36.0,3,686.0
3882,577.0,0,209,0.0,9.0,4,686.0
3883,578.0,0,209,1.0,1.0,5,686.0
3884,579.0,0,209,2.0,1.0,6,686.0
3885,580.0,0,209,0.0,7.0,7,686.0
3886,581.0,0,209,1.0,4.0,8,686.0
3887,582.0,0,209,0.0,4.0,9,686.0
3888,583.0,0,209,0.0,3.0,10,686.0
3889,584.0,0,209,0.0,3.0,11,686.0
3890,585.0,0,209,0.0,4.0,12,686.0
3891,586.0,0,209,0.0,3.0,13,686.0
3892,616.0,0,209,0.0,2.0,-14,686.0
3893,617.0,0,209,3.0,2.0,-13,686.0
3894,618.0,0,209,0.0,0.0,-12,686.0
3895,619.0,0,209,0.0,2.0,-11,686.0
3896,620.0,0,209,1.0,1.0,-10,686.0
3897,621.0,0,209,1.0,1.0,-9,686.0
3898,565.0,0,209,0.0,0.0,-8,686.0
3899,566.0,0,209,0.0,1.0,-7,686.0
3900,567.0,0,209,0.0,0.0,-6,686.0
3901,568.0,0,209,0.0,0.0,-5,686.0
3902,626.0,0,209,0.0,2.0,-4,686.0
3903,627.0,0,209,1.0,0.0,-3,686.0
3904,571.0,0,209,0.0,0.0,-2,686.0
3905,629.0,0,209,0.0,0.0,-1,686.0
3906,630.0,0,209,0.0,2.0,0,686.0
3907,574.0,0,209,0.0,1.0,1,686.0
3908,632.0,0,209,0.0,2.0,2,686.0
3909,576.0,0,209,0.0,0.0,3,686.0
3910,634.0,0,209,0.0,0.0,4,686.0
3911,578.0,0,209,2.0,3.0,5,686.0
3912,579.0,0,209,0.0,0.0,6,686.0
3913,637.0,0,209,0.0,1.0,7,686.0
3914,581.0,0,209,0.0,0.0,8,686.0
3915,639.0,0,209,1.0,2.0,9,686.0
3916,640.0,0,209,0.0,0.0,10,686.0
3917,641.0,0,209,1.0,3.0,11,686.0
3918,642.0,0,209,0.0,0.0,12,686.0
3919,643.0,0,209,0.0,1.0,13,686.0
3920,655.0,0,210,0.0,0.0,-14,10000.0
3921,656.0,0,210,0.0,0.0,-13,10000.0
3922,657.0,0,210,0.0,0.0,-12,10000.0
3923,658.0,0,210,0.0,0.0,-11,10000.0
3924,558.0,0,210,0.0,5.0,-10,10000.0
3925,559.0,0,210,0.0,2.0,-9,10000.0
3926,560.0,0,210,0.0,2.0,-8,10000.0
3927,561.0,0,210,0.0,1.0,-7,10000.0
3928,562.0,0,210,0.0,1.0,-6,10000.0
3929,664.0,0,210,0.0,0.0,-5,10000.0
3930,665.0,0,210,0.0,0.0,-4,10000.0
3931,666.0,0,210,0.0,0.0,-3,10000.0
3932,566.0,0,210,0.0,2.0,-2,10000.0
3933,668.0,0,210,0.0,0.0,-1,10000.0
3934,669.0,0,210,0.0,0.0,0,10000.0
3935,569.0,0,210,0.0,1.0,1,10000.0
3936,671.0,0,210,0.0,0.0,2,10000.0
3937,571.0,0,210,0.0,1.0,3,10000.0
3938,673.0,0,210,0.0,0.0,4,10000.0
3939,573.0,0,210,0.0,1.0,5,10000.0
3940,675.0,0,210,0.0,0.0,6,10000.0
3941,676.0,0,210,0.0,0.0,7,10000.0
3942,677.0,0,210,0.0,0.0,8,10000.0
3943,678.0,0,210,1.0,0.0,9,10000.0
3944,679.0,0,210,0.0,0.0,10,10000.0
3945,680.0,0,210,0.0,0.0,11,10000.0
3946,681.0,0,210,0.0,0.0,12,10000.0
3947,682.0,0,210,0.0,0.0,13,10000.0
3948,655.0,0,210,0.0,0.0,-14,10000.0
3949,656.0,0,210,0.0,0.0,-13,10000.0
3950,657.0,0,210,0.0,0.0,-12,10000.0
3951,658.0,0,210,0.0,0.0,-11,10000.0
3952,659.0,0,210,0.0,5.0,-10,10000.0
3953,660.0,0,210,0.0,4.0,-9,10000.0
3954,661.0,0,210,0.0,0.0,-8,10000.0
3955,662.0,0,210,0.0,1.0,-7,10000.0
3956,663.0,0,210,0.0,1.0,-6,10000.0
3957,664.0,0,210,0.0,0.0,-5,10000.0
3958,665.0,0,210,0.0,0.0,-4,10000.0
3959,666.0,0,210,0.0,2.0,-3,10000.0
3960,667.0,0,210,0.0,0.0,-2,10000.0
3961,668.0,0,210,0.0,0.0,-1,10000.0
3962,669.0,0,210,0.0,1.0,0,10000.0
3963,670.0,0,210,0.0,0.0,1,10000.0
3964,671.0,0,210,0.0,0.0,2,10000.0
3965,672.0,0,210,0.0,1.0,3,10000.0
3966,673.0,0,210,0.0,0.0,4,10000.0
3967,674.0,0,210,0.0,1.0,5,10000.0
3968,675.0,0,210,0.0,0.0,6,10000.0
3969,676.0,0,210,0.0,0.0,7,10000.0
3970,677.0,0,210,1.0,0.0,8,10000.0
3971,678.0,0,210,0.0,0.0,9,10000.0
3972,679.0,0,210,0.0,0.0,10,10000.0
3973,680.0,0,210,0.0,0.0,11,10000.0
3974,681.0,0,210,0.0,0.0,12,10000.0
3975,682.0,0,210,0.0,0.0,13,10000.0
3976,655.0,0,210,0.0,0.0,-14,10000.0
3977,656.0,0,210,0.0,0.0,-13,10000.0
3978,657.0,0,210,0.0,0.0,-12,10000.0
3979,658.0,0,210,0.0,0.0,-11,10000.0
3980,659.0,0,210,0.0,0.0,-10,10000.0
3981,660.0,0,210,0.0,0.0,-9,10000.0
3982,661.0,0,210,0.0,0.0,-8,10000.0
3983,662.0,0,210,0.0,0.0,-7,10000.0
3984,663.0,0,210,0.0,0.0,-6,10000.0
3985,664.0,0,210,0.0,0.0,-5,10000.0
3986,665.0,0,210,0.0,1.0,-4,10000.0
3987,666.0,0,210,0.0,0.0,-3,10000.0
3988,667.0,0,210,0.0,0.0,-2,10000.0
3989,668.0,0,210,0.0,0.0,-1,10000.0
3990,669.0,0,210,1.0,0.0,0,10000.0
3991,670.0,0,210,0.0,0.0,1,10000.0
3992,671.0,0,210,1.0,0.0,2,10000.0
3993,672.0,0,210,0.0,0.0,3,10000.0
3994,673.0,0,210,0.0,0.0,4,10000.0
3995,674.0,0,210,0.0,1.0,5,10000.0
3996,675.0,0,210,0.0,0.0,6,10000.0
3997,676.0,0,210,0.0,3.0,7,10000.0
3998,577.0,0,210,0.0,1.0,8,10000.0
3999,678.0,0,210,0.0,0.0,9,10000.0
4000,679.0,0,210,0.0,0.0,10,10000.0
4001,680.0,0,210,0.0,0.0,11,10000.0
4002,681.0,0,210,0.0,1.0,12,10000.0
4003,682.0,0,210,0.0,0.0,13,10000.0
4004,719.0,0,215,0.0,1.0,-14,10000.0
4005,720.0,0,215,0.0,1.0,-13,10000.0
4006,721.0,0,215,0.0,0.0,-12,10000.0
4007,722.0,0,215,0.0,0.0,-11,10000.0
4008,723.0,0,215,0.0,0.0,-10,10000.0
4009,724.0,0,215,0.0,0.0,-9,10000.0
4010,725.0,0,215,0.0,0.0,-8,10000.0
4011,726.0,0,215,0.0,0.0,-7,10000.0
4012,727.0,0,215,0.0,0.0,-6,10000.0
4013,728.0,0,215,0.0,0.0,-5,10000.0
4014,729.0,0,215,0.0,0.0,-4,10000.0
4015,730.0,0,215,0.0,0.0,-3,10000.0
4016,731.0,0,215,0.0,0.0,-2,10000.0
4017,732.0,0,215,0.0,1.0,-1,10000.0
4018,733.0,0,215,0.0,0.0,0,10000.0
4019,734.0,0,215,0.0,0.0,1,10000.0
4020,735.0,0,215,0.0,0.0,2,10000.0
4021,736.0,0,215,0.0,0.0,3,10000.0
4022,737.0,0,215,0.0,0.0,4,10000.0
4023,738.0,0,215,0.0,0.0,5,10000.0
4024,739.0,0,215,0.0,0.0,6,10000.0
4025,740.0,0,215,0.0,0.0,7,10000.0
4026,741.0,0,215,0.0,0.0,8,10000.0
4027,742.0,0,215,0.0,0.0,9,10000.0
4028,743.0,0,215,0.0,0.0,10,10000.0
4029,744.0,0,215,0.0,0.0,11,10000.0
4030,745.0,0,215,0.0,0.0,12,10000.0
4031,746.0,0,215,0.0,0.0,13,10000.0
4032,621.0,0,216,0.0,2.0,-14,10000.0
4033,622.0,0,216,0.0,2.0,-13,10000.0
4034,623.0,0,216,0.0,1.0,-12,10000.0
4035,624.0,0,216,1.0,1.0,-11,10000.0
4036,709.0,0,216,0.0,0.0,-10,10000.0
4037,710.0,0,216,0.0,0.0,-9,10000.0
4038,627.0,0,216,0.0,1.0,-8,10000.0
4039,628.0,0,216,0.0,1.0,-7,10000.0
4040,629.0,0,216,0.0,2.0,-6,10000.0
4041,630.0,0,216,0.0,1.0,-5,10000.0
4042,631.0,0,216,0.0,1.0,-4,10000.0
4043,632.0,0,216,0.0,4.0,-3,10000.0
4044,633.0,0,216,0.0,3.0,-2,10000.0
4045,634.0,0,216,1.0,1.0,-1,10000.0
4046,719.0,0,216,0.0,0.0,0,10000.0
4047,720.0,0,216,0.0,0.0,1,10000.0
4048,637.0,0,216,0.0,3.0,2,10000.0
4049,638.0,0,216,0.0,1.0,3,10000.0
4050,639.0,0,216,3.0,2.0,4,10000.0
4051,640.0,0,216,0.0,4.0,5,10000.0
4052,641.0,0,216,0.0,2.0,6,10000.0
4053,642.0,0,216,0.0,2.0,7,10000.0
4054,643.0,0,216,0.0,5.0,8,10000.0
4055,644.0,0,216,0.0,2.0,9,10000.0
4056,645.0,0,216,0.0,2.0,10,10000.0
4057,646.0,0,216,2.0,2.0,11,10000.0
4058,731.0,0,216,1.0,0.0,12,10000.0
4059,648.0,0,216,1.0,1.0,13,10000.0
4060,705.0,0,216,0.0,1.0,-14,10000.0
4061,706.0,0,216,1.0,2.0,-13,10000.0
4062,707.0,0,216,2.0,0.0,-12,10000.0
4063,624.0,0,216,0.0,0.0,-11,10000.0
4064,709.0,0,216,0.0,2.0,-10,10000.0
4065,710.0,0,216,1.0,4.0,-9,10000.0
4066,711.0,0,216,0.0,0.0,-8,10000.0
4067,712.0,0,216,1.0,4.0,-7,10000.0
4068,713.0,0,216,0.0,0.0,-6,10000.0
4069,714.0,0,216,2.0,1.0,-5,10000.0
4070,715.0,0,216,2.0,1.0,-4,10000.0
4071,716.0,0,216,1.0,1.0,-3,10000.0
4072,717.0,0,216,0.0,0.0,-2,10000.0
4073,634.0,0,216,0.0,0.0,-1,10000.0
4074,719.0,0,216,1.0,0.0,0,10000.0
4075,720.0,0,216,0.0,0.0,1,10000.0
4076,721.0,0,216,0.0,0.0,2,10000.0
4077,722.0,0,216,1.0,0.0,3,10000.0
4078,639.0,0,216,1.0,0.0,4,10000.0
4079,724.0,0,216,0.0,0.0,5,10000.0
4080,725.0,0,216,0.0,0.0,6,10000.0
4081,726.0,0,216,0.0,0.0,7,10000.0
4082,727.0,0,216,0.0,0.0,8,10000.0
4083,728.0,0,216,0.0,0.0,9,10000.0
4084,729.0,0,216,0.0,2.0,10,10000.0
4085,646.0,0,216,1.0,1.0,11,10000.0
4086,647.0,0,216,0.0,1.0,12,10000.0
4087,648.0,0,216,0.0,1.0,13,10000.0
4088,565.0,0,218,0.0,2.0,-14,10000.0
4089,566.0,0,218,1.0,0.0,-13,10000.0
4090,567.0,0,218,0.0,3.0,-12,10000.0
4091,568.0,0,218,0.0,0.0,-11,10000.0
4092,569.0,0,218,1.0,2.0,-10,10000.0
4093,570.0,0,218,0.0,3.0,-9,10000.0
4094,571.0,0,218,0.0,1.0,-8,10000.0
4095,572.0,0,218,1.0,2.0,-7,10000.0
4096,573.0,0,218,0.0,1.0,-6,10000.0
4097,574.0,0,218,0.0,0.0,-5,10000.0
4098,575.0,0,218,0.0,0.0,-4,10000.0
4099,576.0,0,218,0.0,0.0,-3,10000.0
4100,577.0,0,218,0.0,1.0,-2,10000.0
4101,578.0,0,218,1.0,4.0,-1,10000.0
4102,579.0,0,218,0.0,0.0,0,10000.0
4103,580.0,0,218,0.0,3.0,1,10000.0
4104,581.0,0,218,0.0,6.0,2,10000.0
4105,582.0,0,218,0.0,2.0,3,10000.0
4106,583.0,0,218,0.0,1.0,4,10000.0
4107,584.0,0,218,1.0,2.0,5,10000.0
4108,585.0,0,218,0.0,2.0,6,10000.0
4109,586.0,0,218,0.0,3.0,7,10000.0
4110,587.0,0,218,0.0,1.0,8,10000.0
4111,588.0,0,218,0.0,6.0,9,10000.0
4112,589.0,0,218,0.0,3.0,10,10000.0
4113,590.0,0,218,0.0,1.0,11,10000.0
4114,591.0,0,218,0.0,2.0,12,10000.0
4115,592.0,0,218,0.0,0.0,13,10000.0
4116,573.0,0,223,8.0,13.0,-14,789.0
4117,574.0,0,223,4.0,9.0,-13,789.0
4118,575.0,0,223,1.0,12.0,-12,789.0
4119,576.0,0,223,2.0,6.0,-11,789.0
4120,577.0,0,223,2.0,5.0,-10,789.0
4121,578.0,0,223,2.0,2.0,-9,789.0
4122,579.0,0,223,3.0,7.0,-8,789.0
4123,580.0,0,223,1.0,5.0,-7,789.0
4124,581.0,0,223,0.0,3.0,-6,789.0
4125,582.0,0,223,3.0,1.0,-5,789.0
4126,583.0,0,223,2.0,3.0,-4,789.0
4127,584.0,0,223,3.0,3.0,-3,789.0
4128,585.0,0,223,1.0,1.0,-2,789.0
4129,586.0,0,223,0.0,1.0,-1,789.0
4130,587.0,0,223,3.0,2.0,0,789.0
4131,588.0,0,223,0.0,5.0,1,789.0
4132,589.0,0,223,0.0,2.0,2,789.0
4133,590.0,0,223,0.0,1.0,3,789.0
4134,591.0,0,223,0.0,4.0,4,789.0
4135,592.0,0,223,0.0,3.0,5,789.0
4136,593.0,0,223,6.0,24.0,6,789.0
4137,594.0,0,223,0.0,2.0,7,789.0
4138,595.0,0,223,0.0,5.0,8,789.0
4139,596.0,0,223,0.0,4.0,9,789.0
4140,597.0,0,223,0.0,1.0,10,789.0
4141,598.0,0,223,0.0,1.0,11,789.0
4142,599.0,0,223,0.0,7.0,12,789.0
4143,600.0,0,223,1.0,0.0,13,789.0
4144,-10.0,0,226,0.0,3.0,-14,10000.0
4145,639.0,0,226,0.0,0.0,-13,10000.0
4146,-8.0,0,226,0.0,9.0,-12,10000.0
4147,-7.0,0,226,0.0,95.0,-11,10000.0
4148,-6.0,0,226,0.0,168.0,-10,10000.0
4149,-5.0,0,226,0.0,212.0,-9,10000.0
4150,-4.0,0,226,0.0,365.0,-8,10000.0
4151,-3.0,0,226,0.0,249.0,-7,10000.0
4152,-2.0,0,226,0.0,135.0,-6,10000.0
4153,-1.0,0,226,6.0,118.0,-5,10000.0
4154,0.0,0,226,10.0,65.0,-4,10000.0
4155,1.0,0,226,10.0,90.0,-3,10000.0
4156,2.0,0,226,32.0,171.0,-2,10000.0
4157,3.0,0,226,17.0,71.0,-1,10000.0
4158,4.0,0,226,4.0,99.0,0,10000.0
4159,5.0,0,226,9.0,64.0,1,10000.0
4160,6.0,0,226,9.0,50.0,2,10000.0
4161,7.0,0,226,6.0,58.0,3,10000.0
4162,8.0,0,226,2.0,45.0,4,10000.0
4163,9.0,0,226,1.0,18.0,5,10000.0
4164,10.0,0,226,0.0,20.0,6,10000.0
4165,11.0,0,226,0.0,32.0,7,10000.0
4166,12.0,0,226,0.0,25.0,8,10000.0
4167,13.0,0,226,1.0,15.0,9,10000.0
4168,14.0,0,226,1.0,17.0,10,10000.0
4169,15.0,0,226,1.0,14.0,11,10000.0
4170,16.0,0,226,0.0,13.0,12,10000.0
4171,17.0,0,226,1.0,16.0,13,10000.0
4172,638.0,0,226,20.0,142.0,-14,10000.0
4173,639.0,0,226,5.0,92.0,-13,10000.0
4174,640.0,0,226,6.0,52.0,-12,10000.0
4175,641.0,0,226,6.0,31.0,-11,10000.0
4176,642.0,0,226,3.0,13.0,-10,10000.0
4177,643.0,0,226,3.0,24.0,-9,10000.0
4178,644.0,0,226,8.0,39.0,-8,10000.0
4179,645.0,0,226,66.0,477.0,-7,10000.0
4180,646.0,0,226,7.0,93.0,-6,10000.0
4181,-1.0,0,226,6.0,25.0,-5,10000.0
4182,0.0,0,226,5.0,36.0,-4,10000.0
4183,1.0,0,226,4.0,28.0,-3,10000.0
4184,2.0,0,226,4.0,19.0,-2,10000.0
4185,3.0,0,226,2.0,13.0,-1,10000.0
4186,4.0,0,226,3.0,24.0,0,10000.0
4187,5.0,0,226,2.0,24.0,1,10000.0
4188,6.0,0,226,2.0,11.0,2,10000.0
4189,7.0,0,226,8.0,45.0,3,10000.0
4190,8.0,0,226,3.0,23.0,4,10000.0
4191,9.0,0,226,3.0,14.0,5,10000.0
4192,658.0,0,226,2.0,17.0,6,10000.0
4193,659.0,0,226,3.0,26.0,7,10000.0
4194,660.0,0,226,3.0,21.0,8,10000.0
4195,13.0,0,226,1.0,12.0,9,10000.0
4196,14.0,0,226,2.0,16.0,10,10000.0
4197,15.0,0,226,2.0,13.0,11,10000.0
4198,664.0,0,226,1.0,19.0,12,10000.0
4199,17.0,0,226,1.0,24.0,13,10000.0
4200,567.0,0,227,11.0,113.0,-14,10000.0
4201,568.0,0,227,6.0,66.0,-13,10000.0
4202,569.0,0,227,2.0,27.0,-12,10000.0
4203,570.0,0,227,4.0,25.0,-11,10000.0
4204,571.0,0,227,1.0,22.0,-10,10000.0
4205,572.0,0,227,1.0,14.0,-9,10000.0
4206,573.0,0,227,287.0,1609.0,-8,10000.0
4207,574.0,0,227,720.0,4673.0,-7,10000.0
4208,575.0,0,227,143.0,1323.0,-6,10000.0
4209,576.0,0,227,14.0,177.0,-5,10000.0
4210,577.0,0,227,10.0,130.0,-4,10000.0
4211,578.0,0,227,8.0,87.0,-3,10000.0
4212,579.0,0,227,2.0,51.0,-2,10000.0
4213,580.0,0,227,4.0,35.0,-1,10000.0
4214,581.0,0,227,5.0,22.0,0,10000.0
4215,582.0,0,227,2.0,14.0,1,10000.0
4216,583.0,0,227,5.0,27.0,2,10000.0
4217,584.0,0,227,3.0,32.0,3,10000.0
4218,585.0,0,227,54.0,618.0,4,10000.0
4219,586.0,0,227,15.0,159.0,5,10000.0
4220,587.0,0,227,11.0,31.0,6,10000.0
4221,588.0,0,227,1.0,20.0,7,10000.0
4222,589.0,0,227,3.0,22.0,8,10000.0
4223,590.0,0,227,1.0,15.0,9,10000.0
4224,591.0,0,227,3.0,35.0,10,10000.0
4225,592.0,0,227,5.0,15.0,11,10000.0
4226,593.0,0,227,0.0,11.0,12,10000.0
4227,594.0,0,227,1.0,16.0,13,10000.0
4228,564.0,0,229,0.0,2.0,-14,10000.0
4229,565.0,0,229,38.0,62.0,-13,10000.0
4230,566.0,0,229,168.0,298.0,-12,10000.0
4231,567.0,0,229,30.0,46.0,-11,10000.0
4232,568.0,0,229,24.0,33.0,-10,10000.0
4233,569.0,0,229,20.0,24.0,-9,10000.0
4234,570.0,0,229,13.0,30.0,-8,10000.0
4235,571.0,0,229,9.0,14.0,-7,10000.0
4236,572.0,0,229,12.0,13.0,-6,10000.0
4237,573.0,0,229,6.0,11.0,-5,10000.0
4238,574.0,0,229,4.0,4.0,-4,10000.0
4239,575.0,0,229,5.0,7.0,-3,10000.0
4240,576.0,0,229,2.0,9.0,-2,10000.0
4241,577.0,0,229,4.0,8.0,-1,10000.0
4242,578.0,0,229,10.0,20.0,0,10000.0
4243,579.0,0,229,0.0,9.0,1,10000.0
4244,580.0,0,229,1.0,2.0,2,10000.0
4245,581.0,0,229,1.0,1.0,3,10000.0
4246,582.0,0,229,1.0,30.0,4,10000.0
4247,583.0,0,229,0.0,4.0,5,10000.0
4248,584.0,0,229,4.0,19.0,6,10000.0
4249,585.0,0,229,1.0,11.0,7,10000.0
4250,586.0,0,229,2.0,7.0,8,10000.0
4251,587.0,0,229,2.0,5.0,9,10000.0
4252,588.0,0,229,1.0,3.0,10,10000.0
4253,589.0,0,229,0.0,3.0,11,10000.0
4254,590.0,0,229,0.0,3.0,12,10000.0
4255,591.0,0,229,1.0,1.0,13,10000.0
4256,565.0,0,230,4.0,85.0,-14,10000.0
4257,566.0,0,230,102.0,449.0,-13,10000.0
4258,567.0,0,230,177.0,412.0,-12,10000.0
4259,568.0,0,230,66.0,324.0,-11,10000.0
4260,569.0,0,230,43.0,177.0,-10,10000.0
4261,570.0,0,230,25.0,187.0,-9,10000.0
4262,571.0,0,230,26.0,237.0,-8,10000.0
4263,572.0,0,230,13.0,140.0,-7,10000.0
4264,573.0,0,230,14.0,142.0,-6,10000.0
4265,574.0,0,230,32.0,179.0,-5,10000.0
4266,575.0,0,230,19.0,131.0,-4,10000.0
4267,576.0,0,230,10.0,89.0,-3,10000.0
4268,577.0,0,230,6.0,88.0,-2,10000.0
4269,578.0,0,230,6.0,86.0,-1,10000.0
4270,579.0,0,230,8.0,77.0,0,10000.0
4271,580.0,0,230,4.0,51.0,1,10000.0
4272,581.0,0,230,5.0,35.0,2,10000.0
4273,582.0,0,230,1.0,52.0,3,10000.0
4274,583.0,0,230,0.0,87.0,4,10000.0
4275,584.0,0,230,2.0,49.0,5,10000.0
4276,585.0,0,230,9.0,50.0,6,10000.0
4277,586.0,0,230,3.0,61.0,7,10000.0
4278,587.0,0,230,11.0,117.0,8,10000.0
4279,588.0,0,230,23.0,133.0,9,10000.0
4280,589.0,0,230,3.0,50.0,10,10000.0
4281,590.0,0,230,4.0,54.0,11,10000.0
4282,591.0,0,230,1.0,36.0,12,10000.0
4283,592.0,0,230,1.0,27.0,13,10000.0
4284,654.0,0,231,0.0,0.0,-14,10000.0
4285,655.0,0,231,0.0,0.0,-13,10000.0
4286,656.0,0,231,0.0,0.0,-12,10000.0
4287,562.0,0,231,0.0,1.0,-11,10000.0
4288,658.0,0,231,0.0,0.0,-10,10000.0
4289,659.0,0,231,0.0,0.0,-9,10000.0
4290,565.0,0,231,0.0,1.0,-8,10000.0
4291,566.0,0,231,0.0,5.0,-7,10000.0
4292,567.0,0,231,0.0,1.0,-6,10000.0
4293,568.0,0,231,0.0,3.0,-5,10000.0
4294,569.0,0,231,0.0,2.0,-4,10000.0
4295,570.0,0,231,0.0,4.0,-3,10000.0
4296,571.0,0,231,0.0,1.0,-2,10000.0
4297,667.0,0,231,0.0,0.0,-1,10000.0
4298,668.0,0,231,0.0,0.0,0,10000.0
4299,669.0,0,231,0.0,0.0,1,10000.0
4300,670.0,0,231,0.0,0.0,2,10000.0
4301,671.0,0,231,0.0,0.0,3,10000.0
4302,672.0,0,231,0.0,0.0,4,10000.0
4303,673.0,0,231,0.0,0.0,5,10000.0
4304,674.0,0,231,0.0,0.0,6,10000.0
4305,675.0,0,231,0.0,0.0,7,10000.0
4306,676.0,0,231,0.0,0.0,8,10000.0
4307,677.0,0,231,0.0,0.0,9,10000.0
4308,678.0,0,231,0.0,0.0,10,10000.0
4309,679.0,0,231,0.0,0.0,11,10000.0
4310,680.0,0,231,0.0,0.0,12,10000.0
4311,681.0,0,231,0.0,0.0,13,10000.0
4312,654.0,0,231,0.0,0.0,-14,10000.0
4313,655.0,0,231,0.0,0.0,-13,10000.0
4314,656.0,0,231,0.0,0.0,-12,10000.0
4315,657.0,0,231,0.0,0.0,-11,10000.0
4316,658.0,0,231,0.0,0.0,-10,10000.0
4317,659.0,0,231,0.0,0.0,-9,10000.0
4318,660.0,0,231,0.0,0.0,-8,10000.0
4319,661.0,0,231,0.0,0.0,-7,10000.0
4320,662.0,0,231,0.0,0.0,-6,10000.0
4321,663.0,0,231,0.0,0.0,-5,10000.0
4322,664.0,0,231,0.0,0.0,-4,10000.0
4323,665.0,0,231,0.0,0.0,-3,10000.0
4324,666.0,0,231,0.0,0.0,-2,10000.0
4325,667.0,0,231,0.0,0.0,-1,10000.0
4326,668.0,0,231,0.0,0.0,0,10000.0
4327,669.0,0,231,0.0,0.0,1,10000.0
4328,670.0,0,231,0.0,0.0,2,10000.0
4329,671.0,0,231,0.0,0.0,3,10000.0
4330,672.0,0,231,0.0,0.0,4,10000.0
4331,673.0,0,231,0.0,0.0,5,10000.0
4332,674.0,0,231,0.0,0.0,6,10000.0
4333,675.0,0,231,0.0,0.0,7,10000.0
4334,676.0,0,231,0.0,0.0,8,10000.0
4335,677.0,0,231,0.0,0.0,9,10000.0
4336,678.0,0,231,0.0,1.0,10,10000.0
4337,679.0,0,231,0.0,0.0,11,10000.0
4338,680.0,0,231,0.0,0.0,12,10000.0
4339,681.0,0,231,0.0,0.0,13,10000.0
4340,654.0,0,231,0.0,1.0,-14,10000.0
4341,655.0,0,231,0.0,0.0,-13,10000.0
4342,656.0,0,231,0.0,3.0,-12,10000.0
4343,657.0,0,231,0.0,1.0,-11,10000.0
4344,658.0,0,231,0.0,0.0,-10,10000.0
4345,659.0,0,231,0.0,0.0,-9,10000.0
4346,660.0,0,231,0.0,0.0,-8,10000.0
4347,661.0,0,231,0.0,0.0,-7,10000.0
4348,662.0,0,231,0.0,0.0,-6,10000.0
4349,663.0,0,231,0.0,0.0,-5,10000.0
4350,664.0,0,231,0.0,0.0,-4,10000.0
4351,665.0,0,231,0.0,0.0,-3,10000.0
4352,666.0,0,231,0.0,1.0,-2,10000.0
4353,667.0,0,231,0.0,0.0,-1,10000.0
4354,668.0,0,231,0.0,0.0,0,10000.0
4355,669.0,0,231,0.0,0.0,1,10000.0
4356,670.0,0,231,0.0,0.0,2,10000.0
4357,671.0,0,231,0.0,0.0,3,10000.0
4358,672.0,0,231,0.0,1.0,4,10000.0
4359,673.0,0,231,0.0,0.0,5,10000.0
4360,674.0,0,231,0.0,3.0,6,10000.0
4361,675.0,0,231,0.0,0.0,7,10000.0
4362,676.0,0,231,0.0,0.0,8,10000.0
4363,677.0,0,231,0.0,0.0,9,10000.0
4364,597.0,0,231,0.0,0.0,10,10000.0
4365,679.0,0,231,0.0,0.0,11,10000.0
4366,680.0,0,231,0.0,0.0,12,10000.0
4367,681.0,0,231,0.0,1.0,13,10000.0
4368,707.0,0,232,0.0,0.0,-14,10000.0
4369,708.0,0,232,0.0,0.0,-13,10000.0
4370,709.0,0,232,0.0,0.0,-12,10000.0
4371,710.0,0,232,0.0,0.0,-11,10000.0
4372,711.0,0,232,0.0,0.0,-10,10000.0
4373,712.0,0,232,0.0,0.0,-9,10000.0
4374,713.0,0,232,0.0,0.0,-8,10000.0
4375,714.0,0,232,0.0,0.0,-7,10000.0
4376,715.0,0,232,0.0,0.0,-6,10000.0
4377,716.0,0,232,0.0,0.0,-5,10000.0
4378,717.0,0,232,0.0,0.0,-4,10000.0
4379,718.0,0,232,0.0,0.0,-3,10000.0
4380,719.0,0,232,0.0,0.0,-2,10000.0
4381,720.0,0,232,0.0,0.0,-1,10000.0
4382,721.0,0,232,0.0,0.0,0,10000.0
4383,722.0,0,232,0.0,0.0,1,10000.0
4384,568.0,0,232,0.0,9.0,2,10000.0
4385,569.0,0,232,1.0,3.0,3,10000.0
4386,570.0,0,232,7.0,5.0,4,10000.0
4387,571.0,0,232,0.0,2.0,5,10000.0
4388,727.0,0,232,0.0,0.0,6,10000.0
4389,573.0,0,232,0.0,3.0,7,10000.0
4390,574.0,0,232,0.0,1.0,8,10000.0
4391,730.0,0,232,0.0,0.0,9,10000.0
4392,576.0,0,232,0.0,1.0,10,10000.0
4393,732.0,0,232,0.0,0.0,11,10000.0
4394,733.0,0,232,1.0,0.0,12,10000.0
4395,734.0,0,232,0.0,0.0,13,10000.0
4396,552.0,0,232,0.0,0.0,-14,10000.0
4397,553.0,0,232,0.0,0.0,-13,10000.0
4398,554.0,0,232,0.0,0.0,-12,10000.0
4399,555.0,0,232,0.0,0.0,-11,10000.0
4400,556.0,0,232,0.0,0.0,-10,10000.0
4401,557.0,0,232,0.0,0.0,-9,10000.0
4402,558.0,0,232,0.0,0.0,-8,10000.0
4403,559.0,0,232,0.0,0.0,-7,10000.0
4404,560.0,0,232,0.0,0.0,-6,10000.0
4405,561.0,0,232,0.0,0.0,-5,10000.0
4406,562.0,0,232,0.0,0.0,-4,10000.0
4407,563.0,0,232,0.0,0.0,-3,10000.0
4408,564.0,0,232,0.0,0.0,-2,10000.0
4409,565.0,0,232,0.0,1.0,-1,10000.0
4410,566.0,0,232,0.0,1.0,0,10000.0
4411,567.0,0,232,0.0,0.0,1,10000.0
4412,568.0,0,232,0.0,0.0,2,10000.0
4413,569.0,0,232,0.0,0.0,3,10000.0
4414,570.0,0,232,0.0,0.0,4,10000.0
4415,571.0,0,232,0.0,0.0,5,10000.0
4416,572.0,0,232,0.0,0.0,6,10000.0
4417,573.0,0,232,0.0,0.0,7,10000.0
4418,574.0,0,232,0.0,0.0,8,10000.0
4419,575.0,0,232,0.0,0.0,9,10000.0
4420,576.0,0,232,0.0,0.0,10,10000.0
4421,577.0,0,232,0.0,0.0,11,10000.0
4422,578.0,0,232,0.0,1.0,12,10000.0
4423,579.0,0,232,0.0,0.0,13,10000.0
4424,572.0,0,235,15.0,165.0,-14,10000.0
4425,573.0,0,235,30.0,243.0,-13,10000.0
4426,574.0,0,235,34.0,160.0,-12,10000.0
4427,575.0,0,235,10.0,77.0,-11,10000.0
4428,576.0,0,235,3.0,36.0,-10,10000.0
4429,577.0,0,235,4.0,55.0,-9,10000.0
4430,578.0,0,235,4.0,57.0,-8,10000.0
4431,579.0,0,235,5.0,39.0,-7,10000.0
4432,580.0,0,235,2.0,25.0,-6,10000.0
4433,581.0,0,235,7.0,24.0,-5,10000.0
4434,582.0,0,235,2.0,19.0,-4,10000.0
4435,583.0,0,235,2.0,24.0,-3,10000.0
4436,584.0,0,235,1.0,15.0,-2,10000.0
4437,585.0,0,235,2.0,25.0,-1,10000.0
4438,586.0,0,235,3.0,11.0,0,10000.0
4439,587.0,0,235,1.0,8.0,1,10000.0
4440,588.0,0,235,4.0,25.0,2,10000.0
4441,589.0,0,235,2.0,19.0,3,10000.0
4442,590.0,0,235,2.0,9.0,4,10000.0
4443,591.0,0,235,12.0,45.0,5,10000.0
4444,592.0,0,235,0.0,11.0,6,10000.0
4445,593.0,0,235,1.0,7.0,7,10000.0
4446,594.0,0,235,123.0,386.0,8,10000.0
4447,595.0,0,235,11.0,62.0,9,10000.0
4448,596.0,0,235,8.0,49.0,10,10000.0
4449,597.0,0,235,6.0,34.0,11,10000.0
4450,598.0,0,235,2.0,6.0,12,10000.0
4451,599.0,0,235,1.0,6.0,13,10000.0
4452,549.0,0,237,4.0,157.0,-14,10000.0
4453,550.0,0,237,5.0,136.0,-13,10000.0
4454,551.0,0,237,14.0,127.0,-12,10000.0
4455,552.0,0,237,5.0,151.0,-11,10000.0
4456,553.0,0,237,14.0,170.0,-10,10000.0
4457,554.0,0,237,9.0,185.0,-9,10000.0
4458,555.0,0,237,4.0,124.0,-8,10000.0
4459,556.0,0,237,39.0,622.0,-7,10000.0
4460,557.0,0,237,65.0,1238.0,-6,10000.0
4461,558.0,0,237,62.0,2127.0,-5,10000.0
4462,559.0,0,237,171.0,4343.0,-4,10000.0
4463,560.0,0,237,127.0,3748.0,-3,10000.0
4464,561.0,0,237,99.0,3715.0,-2,10000.0
4465,562.0,0,237,226.0,9190.0,-1,10000.0
4466,563.0,0,237,222.0,14647.0,0,10000.0
4467,564.0,0,237,278.0,33212.0,1,10000.0
4468,565.0,0,237,249.0,40225.0,2,10000.0
4469,566.0,0,237,105.0,24884.0,3,10000.0
4470,567.0,0,237,109.0,26744.0,4,10000.0
4471,568.0,0,237,59.0,17754.0,5,10000.0
4472,569.0,0,237,45.0,14283.0,6,10000.0
4473,570.0,0,237,54.0,15026.0,7,10000.0
4474,571.0,0,237,67.0,15007.0,8,10000.0
4475,572.0,0,237,31.0,11096.0,9,10000.0
4476,573.0,0,237,20.0,7767.0,10,10000.0
4477,574.0,0,237,14.0,5779.0,11,10000.0
4478,575.0,0,237,15.0,7990.0,12,10000.0
4479,576.0,0,237,8.0,6196.0,13,10000.0
4480,549.0,0,237,8.0,144.0,-14,10000.0
4481,550.0,0,237,11.0,189.0,-13,10000.0
4482,551.0,0,237,9.0,170.0,-12,10000.0
4483,552.0,0,237,7.0,99.0,-11,10000.0
4484,553.0,0,237,69.0,1266.0,-10,10000.0
4485,554.0,0,237,48.0,1368.0,-9,10000.0
4486,555.0,0,237,136.0,3245.0,-8,10000.0
4487,556.0,0,237,127.0,3887.0,-7,10000.0
4488,557.0,0,237,112.0,3588.0,-6,10000.0
4489,558.0,0,237,144.0,5777.0,-5,10000.0
4490,559.0,0,237,273.0,10649.0,-4,10000.0
4491,560.0,0,237,273.0,16143.0,-3,10000.0
4492,561.0,0,237,608.0,39558.0,-2,10000.0
4493,562.0,0,237,471.0,37049.0,-1,10000.0
4494,563.0,0,237,222.0,24544.0,0,10000.0
4495,564.0,0,237,198.0,26729.0,1,10000.0
4496,565.0,0,237,93.0,13516.0,2,10000.0
4497,566.0,0,237,50.0,14887.0,3,10000.0
4498,567.0,0,237,117.0,15707.0,4,10000.0
4499,568.0,0,237,88.0,11708.0,5,10000.0
4500,569.0,0,237,48.0,10431.0,6,10000.0
4501,570.0,0,237,31.0,6787.0,7,10000.0
4502,571.0,0,237,24.0,7542.0,8,10000.0
4503,572.0,0,237,20.0,6637.0,9,10000.0
4504,573.0,0,237,12.0,4819.0,10,10000.0
4505,574.0,0,237,13.0,3294.0,11,10000.0
4506,575.0,0,237,13.0,3462.0,12,10000.0
4507,576.0,0,237,7.0,2575.0,13,10000.0
4508,592.0,0,238,2.0,3.0,-14,10000.0
4509,593.0,0,238,0.0,3.0,-13,10000.0
4510,594.0,0,238,1.0,2.0,-12,10000.0
4511,595.0,0,238,1.0,1.0,-11,10000.0
4512,596.0,0,238,0.0,0.0,-10,10000.0
4513,597.0,0,238,0.0,1.0,-9,10000.0
4514,598.0,0,238,0.0,1.0,-8,10000.0
4515,599.0,0,238,0.0,0.0,-7,10000.0
4516,600.0,0,238,1.0,0.0,-6,10000.0
4517,601.0,0,238,0.0,0.0,-5,10000.0
4518,602.0,0,238,0.0,0.0,-4,10000.0
4519,603.0,0,238,0.0,1.0,-3,10000.0
4520,604.0,0,238,0.0,1.0,-2,10000.0
4521,605.0,0,238,0.0,0.0,-1,10000.0
4522,606.0,0,238,0.0,0.0,0,10000.0
4523,607.0,0,238,1.0,0.0,1,10000.0
4524,608.0,0,238,0.0,1.0,2,10000.0
4525,609.0,0,238,0.0,0.0,3,10000.0
4526,610.0,0,238,1.0,0.0,4,10000.0
4527,611.0,0,238,2.0,0.0,5,10000.0
4528,612.0,0,238,1.0,0.0,6,10000.0
4529,613.0,0,238,1.0,1.0,7,10000.0
4530,614.0,0,238,0.0,1.0,8,10000.0
4531,615.0,0,238,0.0,0.0,9,10000.0
4532,616.0,0,238,0.0,0.0,10,10000.0
4533,617.0,0,238,0.0,0.0,11,10000.0
4534,618.0,0,238,1.0,0.0,12,10000.0
4535,619.0,0,238,0.0,2.0,13,10000.0
4536,676.0,0,243,0.0,0.0,-14,10000.0
4537,677.0,0,243,0.0,1.0,-13,10000.0
4538,678.0,0,243,1.0,2.0,-12,10000.0
4539,679.0,0,243,0.0,0.0,-11,10000.0
4540,680.0,0,243,2.0,0.0,-10,10000.0
4541,681.0,0,243,0.0,2.0,-9,10000.0
4542,682.0,0,243,0.0,0.0,-8,10000.0
4543,683.0,0,243,0.0,3.0,-7,10000.0
4544,684.0,0,243,2.0,4.0,-6,10000.0
4545,685.0,0,243,0.0,0.0,-5,10000.0
4546,686.0,0,243,0.0,0.0,-4,10000.0
4547,687.0,0,243,4.0,4.0,-3,10000.0
4548,688.0,0,243,0.0,1.0,-2,10000.0
4549,689.0,0,243,1.0,2.0,-1,10000.0
4550,690.0,0,243,0.0,0.0,0,10000.0
4551,691.0,0,243,0.0,0.0,1,10000.0
4552,692.0,0,243,0.0,2.0,2,10000.0
4553,693.0,0,243,0.0,2.0,3,10000.0
4554,694.0,0,243,0.0,3.0,4,10000.0
4555,695.0,0,243,1.0,2.0,5,10000.0
4556,696.0,0,243,0.0,1.0,6,10000.0
4557,697.0,0,243,1.0,1.0,7,10000.0
4558,698.0,0,243,0.0,2.0,8,10000.0
4559,699.0,0,243,0.0,2.0,9,10000.0
4560,700.0,0,243,0.0,0.0,10,10000.0
4561,701.0,0,243,0.0,5.0,11,10000.0
4562,702.0,0,243,0.0,0.0,12,10000.0
4563,703.0,0,243,0.0,1.0,13,10000.0
4564,575.0,0,245,3.0,6.0,-14,10000.0
4565,576.0,0,245,3.0,27.0,-13,10000.0
4566,577.0,0,245,4.0,15.0,-12,10000.0
4567,578.0,0,245,0.0,11.0,-11,10000.0
4568,579.0,0,245,4.0,14.0,-10,10000.0
4569,580.0,0,245,0.0,17.0,-9,10000.0
4570,581.0,0,245,0.0,1.0,-8,10000.0
4571,582.0,0,245,1.0,1.0,-7,10000.0
4572,583.0,0,245,0.0,11.0,-6,10000.0
4573,584.0,0,245,1.0,6.0,-5,10000.0
4574,585.0,0,245,9.0,53.0,-4,10000.0
4575,586.0,0,245,5.0,20.0,-3,10000.0
4576,587.0,0,245,0.0,6.0,-2,10000.0
4577,588.0,0,245,1.0,4.0,-1,10000.0
4578,589.0,0,245,1.0,4.0,0,10000.0
4579,590.0,0,245,1.0,8.0,1,10000.0
4580,591.0,0,245,0.0,3.0,2,10000.0
4581,592.0,0,245,0.0,4.0,3,10000.0
4582,593.0,0,245,0.0,5.0,4,10000.0
4583,594.0,0,245,1.0,10.0,5,10000.0
4584,595.0,0,245,0.0,3.0,6,10000.0
4585,596.0,0,245,2.0,9.0,7,10000.0
4586,597.0,0,245,1.0,6.0,8,10000.0
4587,598.0,0,245,0.0,5.0,9,10000.0
4588,599.0,0,245,0.0,5.0,10,10000.0
4589,600.0,0,245,1.0,19.0,11,10000.0
4590,601.0,0,245,2.0,20.0,12,10000.0
4591,602.0,0,245,0.0,2.0,13,10000.0
4592,575.0,0,245,0.0,3.0,-14,10000.0
4593,576.0,0,245,1.0,2.0,-13,10000.0
4594,577.0,0,245,1.0,0.0,-12,10000.0
4595,797.0,0,245,0.0,2.0,-11,10000.0
4596,579.0,0,245,1.0,5.0,-10,10000.0
4597,799.0,0,245,0.0,2.0,-9,10000.0
4598,800.0,0,245,0.0,2.0,-8,10000.0
4599,582.0,0,245,1.0,1.0,-7,10000.0
4600,802.0,0,245,0.0,1.0,-6,10000.0
4601,584.0,0,245,1.0,1.0,-5,10000.0
4602,585.0,0,245,0.0,5.0,-4,10000.0
4603,586.0,0,245,0.0,2.0,-3,10000.0
4604,806.0,0,245,0.0,0.0,-2,10000.0
4605,588.0,0,245,0.0,1.0,-1,10000.0
4606,589.0,0,245,0.0,2.0,0,10000.0
4607,590.0,0,245,0.0,4.0,1,10000.0
4608,810.0,0,245,0.0,2.0,2,10000.0
4609,811.0,0,245,0.0,1.0,3,10000.0
4610,812.0,0,245,1.0,0.0,4,10000.0
4611,594.0,0,245,1.0,2.0,5,10000.0
4612,814.0,0,245,1.0,1.0,6,10000.0
4613,596.0,0,245,0.0,2.0,7,10000.0
4614,597.0,0,245,0.0,2.0,8,10000.0
4615,817.0,0,245,0.0,0.0,9,10000.0
4616,818.0,0,245,0.0,3.0,10,10000.0
4617,600.0,0,245,0.0,0.0,11,10000.0
4618,601.0,0,245,0.0,2.0,12,10000.0
4619,821.0,0,245,0.0,2.0,13,10000.0
4620,786.0,0,248,0.0,0.0,-14,10000.0
4621,787.0,0,248,0.0,0.0,-13,10000.0
4622,788.0,0,248,0.0,0.0,-12,10000.0
4623,789.0,0,248,0.0,0.0,-11,10000.0
4624,790.0,0,248,0.0,0.0,-10,10000.0
4625,791.0,0,248,0.0,0.0,-9,10000.0
4626,792.0,0,248,0.0,0.0,-8,10000.0
4627,793.0,0,248,0.0,0.0,-7,10000.0
4628,794.0,0,248,0.0,0.0,-6,10000.0
4629,795.0,0,248,0.0,0.0,-5,10000.0
4630,796.0,0,248,0.0,0.0,-4,10000.0
4631,797.0,0,248,0.0,0.0,-3,10000.0
4632,798.0,0,248,0.0,0.0,-2,10000.0
4633,799.0,0,248,0.0,0.0,-1,10000.0
4634,800.0,0,248,0.0,1.0,0,10000.0
4635,801.0,0,248,0.0,0.0,1,10000.0
4636,802.0,0,248,0.0,1.0,2,10000.0
4637,803.0,0,248,0.0,0.0,3,10000.0
4638,804.0,0,248,0.0,0.0,4,10000.0
4639,805.0,0,248,0.0,0.0,5,10000.0
4640,806.0,0,248,0.0,0.0,6,10000.0
4641,807.0,0,248,0.0,0.0,7,10000.0
4642,808.0,0,248,0.0,1.0,8,10000.0
4643,809.0,0,248,0.0,0.0,9,10000.0
4644,810.0,0,248,0.0,0.0,10,10000.0
4645,811.0,0,248,0.0,0.0,11,10000.0
4646,812.0,0,248,0.0,0.0,12,10000.0
4647,813.0,0,248,0.0,0.0,13,10000.0
4648,788.0,0,249,0.0,0.0,-14,10000.0
4649,789.0,0,249,0.0,0.0,-13,10000.0
4650,790.0,0,249,0.0,0.0,-12,10000.0
4651,791.0,0,249,0.0,0.0,-11,10000.0
4652,792.0,0,249,0.0,0.0,-10,10000.0
4653,793.0,0,249,0.0,0.0,-9,10000.0
4654,794.0,0,249,0.0,0.0,-8,10000.0
4655,795.0,0,249,0.0,0.0,-7,10000.0
4656,796.0,0,249,0.0,0.0,-6,10000.0
4657,797.0,0,249,0.0,0.0,-5,10000.0
4658,798.0,0,249,0.0,0.0,-4,10000.0
4659,564.0,0,249,0.0,2.0,-3,10000.0
4660,800.0,0,249,1.0,0.0,-2,10000.0
4661,566.0,0,249,0.0,19.0,-1,10000.0
4662,567.0,0,249,1.0,7.0,0,10000.0
4663,568.0,0,249,2.0,18.0,1,10000.0
4664,569.0,0,249,0.0,8.0,2,10000.0
4665,570.0,0,249,1.0,10.0,3,10000.0
4666,571.0,0,249,1.0,14.0,4,10000.0
4667,572.0,0,249,0.0,19.0,5,10000.0
4668,573.0,0,249,0.0,16.0,6,10000.0
4669,574.0,0,249,0.0,9.0,7,10000.0
4670,575.0,0,249,0.0,4.0,8,10000.0
4671,576.0,0,249,0.0,14.0,9,10000.0
4672,577.0,0,249,0.0,8.0,10,10000.0
4673,578.0,0,249,0.0,5.0,11,10000.0
4674,579.0,0,249,0.0,11.0,12,10000.0
4675,580.0,0,249,0.0,12.0,13,10000.0
4676,788.0,0,249,0.0,1.0,-14,10000.0
4677,789.0,0,249,0.0,1.0,-13,10000.0
4678,790.0,0,249,0.0,0.0,-12,10000.0
4679,791.0,0,249,0.0,0.0,-11,10000.0
4680,792.0,0,249,0.0,0.0,-10,10000.0
4681,793.0,0,249,0.0,0.0,-9,10000.0
4682,794.0,0,249,1.0,0.0,-8,10000.0
4683,795.0,0,249,1.0,0.0,-7,10000.0
4684,796.0,0,249,0.0,0.0,-6,10000.0
4685,797.0,0,249,0.0,0.0,-5,10000.0
4686,798.0,0,249,0.0,0.0,-4,10000.0
4687,799.0,0,249,0.0,0.0,-3,10000.0
4688,565.0,0,249,1.0,3.0,-2,10000.0
4689,801.0,0,249,1.0,1.0,-1,10000.0
4690,567.0,0,249,0.0,0.0,0,10000.0
4691,568.0,0,249,0.0,1.0,1,10000.0
4692,804.0,0,249,0.0,1.0,2,10000.0
4693,570.0,0,249,0.0,1.0,3,10000.0
4694,571.0,0,249,0.0,2.0,4,10000.0
4695,807.0,0,249,0.0,1.0,5,10000.0
4696,808.0,0,249,0.0,0.0,6,10000.0
4697,809.0,0,249,0.0,1.0,7,10000.0
4698,810.0,0,249,0.0,0.0,8,10000.0
4699,811.0,0,249,0.0,0.0,9,10000.0
4700,812.0,0,249,0.0,0.0,10,10000.0
4701,813.0,0,249,0.0,0.0,11,10000.0
4702,814.0,0,249,0.0,0.0,12,10000.0
4703,815.0,0,249,0.0,0.0,13,10000.0
4704,566.0,0,253,70.0,1653.0,-14,10000.0
4705,567.0,0,253,108.0,1670.0,-13,10000.0
4706,568.0,0,253,504.0,9221.0,-12,10000.0
4707,569.0,0,253,343.0,8221.0,-11,10000.0
4708,570.0,0,253,144.0,3652.0,-10,10000.0
4709,571.0,0,253,513.0,8627.0,-9,10000.0
4710,572.0,0,253,506.0,9524.0,-8,10000.0
4711,573.0,0,253,177.0,4317.0,-7,10000.0
4712,574.0,0,253,175.0,3348.0,-6,10000.0
4713,575.0,0,253,144.0,3803.0,-5,10000.0
4714,576.0,0,253,202.0,5794.0,-4,10000.0
4715,577.0,0,253,288.0,6608.0,-3,10000.0
4716,578.0,0,253,118.0,3147.0,-2,10000.0
4717,579.0,0,253,116.0,3359.0,-1,10000.0
4718,580.0,0,253,115.0,3582.0,0,10000.0
4719,581.0,0,253,72.0,2252.0,1,10000.0
4720,582.0,0,253,53.0,1806.0,2,10000.0
4721,583.0,0,253,43.0,2026.0,3,10000.0
4722,584.0,0,253,32.0,916.0,4,10000.0
4723,585.0,0,253,42.0,936.0,5,10000.0
4724,586.0,0,253,123.0,3513.0,6,10000.0
4725,587.0,0,253,100.0,3008.0,7,10000.0
4726,588.0,0,253,21.0,838.0,8,10000.0
4727,589.0,0,253,88.0,2883.0,9,10000.0
4728,590.0,0,253,61.0,2419.0,10,10000.0
4729,591.0,0,253,19.0,698.0,11,10000.0
4730,592.0,0,253,26.0,313.0,12,10000.0
4731,593.0,0,253,39.0,1621.0,13,10000.0
4732,566.0,0,253,15.0,220.0,-14,10000.0
4733,567.0,0,253,48.0,1182.0,-13,10000.0
4734,568.0,0,253,61.0,1485.0,-12,10000.0
4735,569.0,0,253,7.0,295.0,-11,10000.0
4736,570.0,0,253,12.0,238.0,-10,10000.0
4737,571.0,0,253,43.0,1232.0,-9,10000.0
4738,572.0,0,253,144.0,3323.0,-8,10000.0
4739,573.0,0,253,15.0,255.0,-7,10000.0
4740,574.0,0,253,24.0,416.0,-6,10000.0
4741,575.0,0,253,22.0,614.0,-5,10000.0
4742,576.0,0,253,23.0,451.0,-4,10000.0
4743,577.0,0,253,12.0,338.0,-3,10000.0
4744,578.0,0,253,11.0,161.0,-2,10000.0
4745,579.0,0,253,24.0,667.0,-1,10000.0
4746,580.0,0,253,7.0,188.0,0,10000.0
4747,581.0,0,253,75.0,1854.0,1,10000.0
4748,582.0,0,253,23.0,607.0,2,10000.0
4749,583.0,0,253,8.0,222.0,3,10000.0
4750,584.0,0,253,6.0,168.0,4,10000.0
4751,585.0,0,253,95.0,1660.0,5,10000.0
4752,586.0,0,253,28.0,892.0,6,10000.0
4753,587.0,0,253,6.0,229.0,7,10000.0
4754,588.0,0,253,9.0,217.0,8,10000.0
4755,589.0,0,253,12.0,216.0,9,10000.0
4756,590.0,0,253,6.0,170.0,10,10000.0
4757,591.0,0,253,1.0,173.0,11,10000.0
4758,592.0,0,253,49.0,2075.0,12,10000.0
4759,593.0,0,253,25.0,763.0,13,10000.0
4760,573.0,0,254,2.0,9.0,-14,10000.0
4761,574.0,0,254,1.0,13.0,-13,10000.0
4762,575.0,0,254,9.0,39.0,-12,10000.0
4763,576.0,0,254,0.0,16.0,-11,10000.0
4764,577.0,0,254,38.0,211.0,-10,10000.0
4765,578.0,0,254,4.0,18.0,-9,10000.0
4766,579.0,0,254,1.0,8.0,-8,10000.0
4767,580.0,0,254,1.0,4.0,-7,10000.0
4768,581.0,0,254,1.0,3.0,-6,10000.0
4769,582.0,0,254,3.0,4.0,-5,10000.0
4770,583.0,0,254,0.0,6.0,-4,10000.0
4771,584.0,0,254,0.0,1.0,-3,10000.0
4772,585.0,0,254,1.0,6.0,-2,10000.0
4773,586.0,0,254,2.0,28.0,-1,10000.0
4774,587.0,0,254,1.0,7.0,0,10000.0
4775,588.0,0,254,3.0,12.0,1,10000.0
4776,589.0,0,254,0.0,6.0,2,10000.0
4777,590.0,0,254,0.0,7.0,3,10000.0
4778,591.0,0,254,2.0,2.0,4,10000.0
4779,592.0,0,254,0.0,5.0,5,10000.0
4780,593.0,0,254,2.0,4.0,6,10000.0
4781,594.0,0,254,2.0,3.0,7,10000.0
4782,595.0,0,254,2.0,28.0,8,10000.0
4783,596.0,0,254,0.0,2.0,9,10000.0
4784,597.0,0,254,0.0,2.0,10,10000.0
4785,598.0,0,254,2.0,3.0,11,10000.0
4786,599.0,0,254,0.0,4.0,12,10000.0
4787,600.0,0,254,1.0,2.0,13,10000.0
4788,621.0,0,257,1.0,5.0,-14,10000.0
4789,622.0,0,257,2.0,6.0,-13,10000.0
4790,623.0,0,257,0.0,3.0,-12,10000.0
4791,624.0,0,257,0.0,3.0,-11,10000.0
4792,625.0,0,257,1.0,1.0,-10,10000.0
4793,626.0,0,257,0.0,3.0,-9,10000.0
4794,627.0,0,257,1.0,0.0,-8,10000.0
4795,628.0,0,257,0.0,1.0,-7,10000.0
4796,629.0,0,257,0.0,6.0,-6,10000.0
4797,630.0,0,257,0.0,3.0,-5,10000.0
4798,631.0,0,257,0.0,1.0,-4,10000.0
4799,632.0,0,257,1.0,3.0,-3,10000.0
4800,633.0,0,257,0.0,6.0,-2,10000.0
4801,634.0,0,257,0.0,4.0,-1,10000.0
4802,635.0,0,257,0.0,2.0,0,10000.0
4803,636.0,0,257,0.0,2.0,1,10000.0
4804,637.0,0,257,0.0,0.0,2,10000.0
4805,638.0,0,257,2.0,2.0,3,10000.0
4806,639.0,0,257,0.0,2.0,4,10000.0
4807,640.0,0,257,0.0,0.0,5,10000.0
4808,641.0,0,257,0.0,0.0,6,10000.0
4809,642.0,0,257,0.0,2.0,7,10000.0
4810,643.0,0,257,1.0,0.0,8,10000.0
4811,644.0,0,257,0.0,0.0,9,10000.0
4812,645.0,0,257,0.0,0.0,10,10000.0
4813,646.0,0,257,0.0,0.0,11,10000.0
4814,647.0,0,257,0.0,1.0,12,10000.0
4815,648.0,0,257,0.0,0.0,13,10000.0
4816,573.0,0,259,11.0,17.0,-14,10000.0
4817,574.0,0,259,9.0,13.0,-13,10000.0
4818,575.0,0,259,6.0,14.0,-12,10000.0
4819,576.0,0,259,8.0,15.0,-11,10000.0
4820,577.0,0,259,7.0,11.0,-10,10000.0
4821,578.0,0,259,4.0,5.0,-9,10000.0
4822,579.0,0,259,3.0,11.0,-8,10000.0
4823,580.0,0,259,1.0,11.0,-7,10000.0
4824,581.0,0,259,6.0,6.0,-6,10000.0
4825,582.0,0,259,8.0,14.0,-5,10000.0
4826,583.0,0,259,7.0,3.0,-4,10000.0
4827,584.0,0,259,6.0,11.0,-3,10000.0
4828,585.0,0,259,8.0,13.0,-2,10000.0
4829,586.0,0,259,6.0,12.0,-1,10000.0
4830,587.0,0,259,11.0,16.0,0,10000.0
4831,588.0,0,259,7.0,22.0,1,10000.0
4832,589.0,0,259,3.0,5.0,2,10000.0
4833,590.0,0,259,2.0,8.0,3,10000.0
4834,591.0,0,259,2.0,4.0,4,10000.0
4835,592.0,0,259,0.0,4.0,5,10000.0
4836,593.0,0,259,3.0,2.0,6,10000.0
4837,594.0,0,259,2.0,4.0,7,10000.0
4838,595.0,0,259,20.0,76.0,8,10000.0
4839,596.0,0,259,2.0,11.0,9,10000.0
4840,597.0,0,259,1.0,3.0,10,10000.0
4841,626.0,0,259,0.0,0.0,11,10000.0
4842,599.0,0,259,2.0,5.0,12,10000.0
4843,600.0,0,259,9.0,25.0,13,10000.0
4844,601.0,0,259,8.0,20.0,-14,10000.0
4845,602.0,0,259,3.0,5.0,-13,10000.0
4846,603.0,0,259,3.0,8.0,-12,10000.0
4847,604.0,0,259,1.0,4.0,-11,10000.0
4848,605.0,0,259,0.0,4.0,-10,10000.0
4849,606.0,0,259,3.0,2.0,-9,10000.0
4850,607.0,0,259,2.0,6.0,-8,10000.0
4851,608.0,0,259,24.0,70.0,-7,10000.0
4852,609.0,0,259,3.0,10.0,-6,10000.0
4853,610.0,0,259,2.0,2.0,-5,10000.0
4854,611.0,0,259,0.0,0.0,-4,10000.0
4855,612.0,0,259,2.0,5.0,-3,10000.0
4856,613.0,0,259,14.0,21.0,-2,10000.0
4857,614.0,0,259,1.0,11.0,-1,10000.0
4858,615.0,0,259,2.0,5.0,0,10000.0
4859,616.0,0,259,3.0,8.0,1,10000.0
4860,617.0,0,259,5.0,9.0,2,10000.0
4861,618.0,0,259,2.0,15.0,3,10000.0
4862,619.0,0,259,4.0,5.0,4,10000.0
4863,620.0,0,259,1.0,10.0,5,10000.0
4864,621.0,0,259,5.0,8.0,6,10000.0
4865,622.0,0,259,2.0,8.0,7,10000.0
4866,623.0,0,259,12.0,33.0,8,10000.0
4867,624.0,0,259,14.0,30.0,9,10000.0
4868,625.0,0,259,2.0,27.0,10,10000.0
4869,626.0,0,259,1.0,9.0,11,10000.0
4870,627.0,0,259,10.0,12.0,12,10000.0
4871,628.0,0,259,5.0,7.0,13,10000.0
4872,588.0,0,259,1.0,11.0,-14,10000.0
4873,589.0,0,259,3.0,1.0,-13,10000.0
4874,590.0,0,259,2.0,8.0,-12,10000.0
4875,591.0,0,259,4.0,16.0,-11,10000.0
4876,605.0,0,259,2.0,9.0,-10,10000.0
4877,593.0,0,259,6.0,6.0,-9,10000.0
4878,594.0,0,259,2.0,7.0,-8,10000.0
4879,595.0,0,259,4.0,8.0,-7,10000.0
4880,596.0,0,259,5.0,13.0,-6,10000.0
4881,597.0,0,259,19.0,37.0,-5,10000.0
4882,611.0,0,259,8.0,24.0,-4,10000.0
4883,599.0,0,259,3.0,23.0,-3,10000.0
4884,600.0,0,259,5.0,5.0,-2,10000.0
4885,601.0,0,259,11.0,10.0,-1,10000.0
4886,602.0,0,259,7.0,8.0,0,10000.0
4887,603.0,0,259,6.0,13.0,1,10000.0
4888,604.0,0,259,7.0,16.0,2,10000.0
4889,605.0,0,259,2.0,8.0,3,10000.0
4890,606.0,0,259,3.0,6.0,4,10000.0
4891,607.0,0,259,3.0,9.0,5,10000.0
4892,608.0,0,259,6.0,9.0,6,10000.0
4893,609.0,0,259,2.0,5.0,7,10000.0
4894,610.0,0,259,3.0,8.0,8,10000.0
4895,611.0,0,259,2.0,1.0,9,10000.0
4896,612.0,0,259,1.0,3.0,10,10000.0
4897,613.0,0,259,1.0,7.0,11,10000.0
4898,614.0,0,259,4.0,5.0,12,10000.0
4899,615.0,0,259,2.0,3.0,13,10000.0
4900,527.0,0,260,0.0,1.0,-14,10000.0
4901,528.0,0,260,0.0,0.0,-13,10000.0
4902,529.0,0,260,1.0,2.0,-12,10000.0
4903,530.0,0,260,1.0,1.0,-11,10000.0
4904,531.0,0,260,0.0,1.0,-10,10000.0
4905,532.0,0,260,0.0,1.0,-9,10000.0
4906,533.0,0,260,0.0,1.0,-8,10000.0
4907,534.0,0,260,0.0,0.0,-7,10000.0
4908,535.0,0,260,0.0,1.0,-6,10000.0
4909,536.0,0,260,1.0,0.0,-5,10000.0
4910,537.0,0,260,0.0,1.0,-4,10000.0
4911,538.0,0,260,2.0,1.0,-3,10000.0
4912,539.0,0,260,0.0,1.0,-2,10000.0
4913,540.0,0,260,0.0,4.0,-1,10000.0
4914,541.0,0,260,0.0,0.0,0,10000.0
4915,542.0,0,260,0.0,1.0,1,10000.0
4916,543.0,0,260,0.0,2.0,2,10000.0
4917,544.0,0,260,0.0,1.0,3,10000.0
4918,545.0,0,260,0.0,1.0,4,10000.0
4919,546.0,0,260,1.0,1.0,5,10000.0
4920,547.0,0,260,0.0,2.0,6,10000.0
4921,548.0,0,260,0.0,0.0,7,10000.0
4922,549.0,0,260,0.0,0.0,8,10000.0
4923,550.0,0,260,0.0,2.0,9,10000.0
4924,551.0,0,260,0.0,3.0,10,10000.0
4925,552.0,0,260,1.0,0.0,11,10000.0
4926,553.0,0,260,0.0,1.0,12,10000.0
4927,554.0,0,260,1.0,0.0,13,10000.0
4928,631.0,0,261,1.0,0.0,-14,10000.0
4929,632.0,0,261,0.0,1.0,-13,10000.0
4930,633.0,0,261,0.0,0.0,-12,10000.0
4931,634.0,0,261,0.0,0.0,-11,10000.0
4932,635.0,0,261,1.0,1.0,-10,10000.0
4933,636.0,0,261,0.0,0.0,-9,10000.0
4934,637.0,0,261,0.0,3.0,-8,10000.0
4935,638.0,0,261,0.0,0.0,-7,10000.0
4936,639.0,0,261,0.0,2.0,-6,10000.0
4937,640.0,0,261,0.0,0.0,-5,10000.0
4938,641.0,0,261,0.0,1.0,-4,10000.0
4939,642.0,0,261,0.0,0.0,-3,10000.0
4940,643.0,0,261,0.0,2.0,-2,10000.0
4941,644.0,0,261,0.0,0.0,-1,10000.0
4942,645.0,0,261,0.0,0.0,0,10000.0
4943,646.0,0,261,0.0,0.0,1,10000.0
4944,647.0,0,261,0.0,0.0,2,10000.0
4945,648.0,0,261,0.0,2.0,3,10000.0
4946,649.0,0,261,0.0,0.0,4,10000.0
4947,650.0,0,261,0.0,0.0,5,10000.0
4948,651.0,0,261,0.0,1.0,6,10000.0
4949,652.0,0,261,0.0,1.0,7,10000.0
4950,653.0,0,261,1.0,1.0,8,10000.0
4951,654.0,0,261,0.0,0.0,9,10000.0
4952,655.0,0,261,0.0,1.0,10,10000.0
4953,656.0,0,261,0.0,0.0,11,10000.0
4954,657.0,0,261,0.0,0.0,12,10000.0
4955,658.0,0,261,0.0,1.0,13,10000.0
4956,-14.0,0,263,0.0,3.0,-14,10000.0
4957,-13.0,0,263,0.0,4.0,-13,10000.0
4958,-12.0,0,263,0.0,6.0,-12,10000.0
4959,-11.0,0,263,0.0,3.0,-11,10000.0
4960,-10.0,0,263,0.0,3.0,-10,10000.0
4961,-9.0,0,263,0.0,1.0,-9,10000.0
4962,-8.0,0,263,0.0,1.0,-8,10000.0
4963,-7.0,0,263,0.0,0.0,-7,10000.0
4964,-6.0,0,263,0.0,0.0,-6,10000.0
4965,-5.0,0,263,0.0,0.0,-5,10000.0
4966,-4.0,0,263,0.0,5.0,-4,10000.0
4967,-3.0,0,263,0.0,8.0,-3,10000.0
4968,-2.0,0,263,0.0,15.0,-2,10000.0
4969,-1.0,0,263,19.0,519.0,-1,10000.0
4970,0.0,0,263,7.0,227.0,0,10000.0
4971,1.0,0,263,5.0,168.0,1,10000.0
4972,2.0,0,263,5.0,151.0,2,10000.0
4973,3.0,0,263,2.0,109.0,3,10000.0
4974,4.0,0,263,0.0,147.0,4,10000.0
4975,5.0,0,263,3.0,112.0,5,10000.0
4976,6.0,0,263,2.0,109.0,6,10000.0
4977,7.0,0,263,0.0,43.0,7,10000.0
4978,8.0,0,263,0.0,43.0,8,10000.0
4979,9.0,0,263,0.0,23.0,9,10000.0
4980,10.0,0,263,0.0,16.0,10,10000.0
4981,11.0,0,263,0.0,24.0,11,10000.0
4982,12.0,0,263,1.0,30.0,12,10000.0
4983,13.0,0,263,0.0,39.0,13,10000.0
4984,573.0,0,265,2.0,31.0,-14,839.0
4985,574.0,0,265,3.0,23.0,-13,839.0
4986,575.0,0,265,2.0,11.0,-12,839.0
4987,576.0,0,265,4.0,19.0,-11,839.0
4988,577.0,0,265,4.0,12.0,-10,839.0
4989,578.0,0,265,2.0,19.0,-9,839.0
4990,579.0,0,265,4.0,20.0,-8,839.0
4991,580.0,0,265,1.0,10.0,-7,839.0
4992,581.0,0,265,3.0,8.0,-6,839.0
4993,582.0,0,265,2.0,11.0,-5,839.0
4994,583.0,0,265,0.0,11.0,-4,839.0
4995,584.0,0,265,4.0,13.0,-3,839.0
4996,585.0,0,265,1.0,11.0,-2,839.0
4997,586.0,0,265,10.0,81.0,-1,839.0
4998,587.0,0,265,88.0,637.0,0,839.0
4999,588.0,0,265,4.0,30.0,1,839.0
5000,589.0,0,265,7.0,7.0,2,839.0
5001,590.0,0,265,1.0,5.0,3,839.0
5002,591.0,0,265,2.0,22.0,4,839.0
5003,592.0,0,265,1.0,7.0,5,839.0
5004,593.0,0,265,1.0,5.0,6,839.0
5005,594.0,0,265,2.0,10.0,7,839.0
5006,595.0,0,265,2.0,6.0,8,839.0
5007,596.0,0,265,0.0,5.0,9,839.0
5008,597.0,0,265,2.0,31.0,10,839.0
5009,598.0,0,265,2.0,11.0,11,839.0
5010,599.0,0,265,0.0,4.0,12,839.0
5011,600.0,0,265,1.0,7.0,13,839.0
5012,559.0,0,267,1.0,7.0,-14,10000.0
5013,560.0,0,267,3.0,6.0,-13,10000.0
5014,561.0,0,267,11.0,19.0,-12,10000.0
5015,562.0,0,267,36.0,59.0,-11,10000.0
5016,563.0,0,267,58.0,146.0,-10,10000.0
5017,564.0,0,267,69.0,151.0,-9,10000.0
5018,565.0,0,267,31.0,149.0,-8,10000.0
5019,566.0,0,267,149.0,344.0,-7,10000.0
5020,567.0,0,267,38.0,109.0,-6,10000.0
5021,568.0,0,267,33.0,75.0,-5,10000.0
5022,569.0,0,267,35.0,246.0,-4,10000.0
5023,570.0,0,267,10.0,132.0,-3,10000.0
5024,571.0,0,267,15.0,61.0,-2,10000.0
5025,572.0,0,267,5.0,62.0,-1,10000.0
5026,573.0,0,267,6.0,56.0,0,10000.0
5027,574.0,0,267,3.0,28.0,1,10000.0
5028,575.0,0,267,8.0,43.0,2,10000.0
5029,576.0,0,267,2.0,22.0,3,10000.0
5030,577.0,0,267,1.0,18.0,4,10000.0
5031,578.0,0,267,0.0,30.0,5,10000.0
5032,579.0,0,267,2.0,24.0,6,10000.0
5033,580.0,0,267,1.0,3.0,7,10000.0
5034,581.0,0,267,1.0,9.0,8,10000.0
5035,582.0,0,267,2.0,25.0,9,10000.0
5036,583.0,0,267,0.0,15.0,10,10000.0
5037,584.0,0,267,3.0,12.0,11,10000.0
5038,585.0,0,267,8.0,56.0,12,10000.0
5039,586.0,0,267,8.0,89.0,13,10000.0
5040,675.0,0,267,6.0,10.0,-14,10000.0
5041,676.0,0,267,15.0,23.0,-13,10000.0
5042,677.0,0,267,38.0,76.0,-12,10000.0
5043,678.0,0,267,93.0,218.0,-11,10000.0
5044,679.0,0,267,31.0,97.0,-10,10000.0
5045,680.0,0,267,57.0,338.0,-9,10000.0
5046,681.0,0,267,135.0,175.0,-8,10000.0
5047,682.0,0,267,33.0,73.0,-7,10000.0
5048,683.0,0,267,28.0,133.0,-6,10000.0
5049,684.0,0,267,29.0,238.0,-5,10000.0
5050,685.0,0,267,15.0,78.0,-4,10000.0
5051,686.0,0,267,9.0,67.0,-3,10000.0
5052,687.0,0,267,5.0,53.0,-2,10000.0
5053,688.0,0,267,7.0,45.0,-1,10000.0
5054,689.0,0,267,11.0,35.0,0,10000.0
5055,690.0,0,267,4.0,26.0,1,10000.0
5056,691.0,0,267,1.0,21.0,2,10000.0
5057,692.0,0,267,2.0,16.0,3,10000.0
5058,693.0,0,267,3.0,37.0,4,10000.0
5059,694.0,0,267,1.0,12.0,5,10000.0
5060,695.0,0,267,0.0,5.0,6,10000.0
5061,696.0,0,267,4.0,12.0,7,10000.0
5062,697.0,0,267,0.0,22.0,8,10000.0
5063,698.0,0,267,1.0,13.0,9,10000.0
5064,699.0,0,267,5.0,32.0,10,10000.0
5065,700.0,0,267,11.0,83.0,11,10000.0
5066,701.0,0,267,4.0,60.0,12,10000.0
5067,702.0,0,267,4.0,22.0,13,10000.0
5068,561.0,0,267,3.0,0.0,-14,10000.0
5069,562.0,0,267,0.0,1.0,-13,10000.0
5070,563.0,0,267,1.0,2.0,-12,10000.0
5071,564.0,0,267,2.0,2.0,-11,10000.0
5072,565.0,0,267,0.0,0.0,-10,10000.0
5073,566.0,0,267,1.0,4.0,-9,10000.0
5074,567.0,0,267,1.0,2.0,-8,10000.0
5075,568.0,0,267,0.0,2.0,-7,10000.0
5076,569.0,0,267,0.0,3.0,-6,10000.0
5077,570.0,0,267,0.0,0.0,-5,10000.0
5078,571.0,0,267,0.0,2.0,-4,10000.0
5079,572.0,0,267,2.0,0.0,-3,10000.0
5080,573.0,0,267,1.0,2.0,-2,10000.0
5081,574.0,0,267,1.0,0.0,-1,10000.0
5082,575.0,0,267,0.0,0.0,0,10000.0
5083,576.0,0,267,1.0,3.0,1,10000.0
5084,577.0,0,267,1.0,1.0,2,10000.0
5085,578.0,0,267,1.0,4.0,3,10000.0
5086,579.0,0,267,1.0,2.0,4,10000.0
5087,580.0,0,267,0.0,0.0,5,10000.0
5088,695.0,0,267,0.0,2.0,6,10000.0
5089,582.0,0,267,2.0,2.0,7,10000.0
5090,697.0,0,267,0.0,2.0,8,10000.0
5091,584.0,0,267,0.0,1.0,9,10000.0
5092,585.0,0,267,0.0,1.0,10,10000.0
5093,586.0,0,267,0.0,0.0,11,10000.0
5094,587.0,0,267,0.0,0.0,12,10000.0
5095,588.0,0,267,0.0,0.0,13,10000.0
5096,634.0,0,268,0.0,1.0,-14,10000.0
5097,812.0,0,268,0.0,0.0,-13,10000.0
5098,813.0,0,268,0.0,0.0,-12,10000.0
5099,637.0,0,268,0.0,2.0,-11,10000.0
5100,815.0,0,268,0.0,0.0,-10,10000.0
5101,639.0,0,268,0.0,2.0,-9,10000.0
5102,817.0,0,268,0.0,0.0,-8,10000.0
5103,818.0,0,268,0.0,0.0,-7,10000.0
5104,642.0,0,268,0.0,1.0,-6,10000.0
5105,820.0,0,268,0.0,0.0,-5,10000.0
5106,821.0,0,268,0.0,0.0,-4,10000.0
5107,645.0,0,268,1.0,1.0,-3,10000.0
5108,823.0,0,268,0.0,0.0,-2,10000.0
5109,824.0,0,268,0.0,0.0,-1,10000.0
5110,648.0,0,268,0.0,1.0,0,10000.0
5111,826.0,0,268,0.0,0.0,1,10000.0
5112,827.0,0,268,0.0,0.0,2,10000.0
5113,828.0,0,268,0.0,0.0,3,10000.0
5114,829.0,0,268,0.0,0.0,4,10000.0
5115,830.0,0,268,1.0,0.0,5,10000.0
5116,654.0,0,268,0.0,3.0,6,10000.0
5117,655.0,0,268,0.0,1.0,7,10000.0
5118,833.0,0,268,0.0,0.0,8,10000.0
5119,657.0,0,268,0.0,1.0,9,10000.0
5120,835.0,0,268,0.0,0.0,10,10000.0
5121,836.0,0,268,1.0,0.0,11,10000.0
5122,837.0,0,268,0.0,0.0,12,10000.0
5123,838.0,0,268,0.0,0.0,13,10000.0
5124,811.0,0,268,0.0,0.0,-14,10000.0
5125,812.0,0,268,0.0,0.0,-13,10000.0
5126,813.0,0,268,0.0,0.0,-12,10000.0
5127,814.0,0,268,0.0,0.0,-11,10000.0
5128,815.0,0,268,0.0,0.0,-10,10000.0
5129,816.0,0,268,0.0,1.0,-9,10000.0
5130,817.0,0,268,0.0,0.0,-8,10000.0
5131,818.0,0,268,0.0,0.0,-7,10000.0
5132,819.0,0,268,0.0,0.0,-6,10000.0
5133,820.0,0,268,0.0,0.0,-5,10000.0
5134,821.0,0,268,0.0,0.0,-4,10000.0
5135,822.0,0,268,0.0,0.0,-3,10000.0
5136,823.0,0,268,0.0,1.0,-2,10000.0
5137,824.0,0,268,0.0,1.0,-1,10000.0
5138,825.0,0,268,0.0,0.0,0,10000.0
5139,826.0,0,268,0.0,0.0,1,10000.0
5140,827.0,0,268,0.0,0.0,2,10000.0
5141,828.0,0,268,0.0,0.0,3,10000.0
5142,829.0,0,268,0.0,0.0,4,10000.0
5143,830.0,0,268,0.0,0.0,5,10000.0
5144,831.0,0,268,0.0,0.0,6,10000.0
5145,832.0,0,268,0.0,0.0,7,10000.0
5146,833.0,0,268,0.0,0.0,8,10000.0
5147,834.0,0,268,0.0,0.0,9,10000.0
5148,835.0,0,268,0.0,0.0,10,10000.0
5149,836.0,0,268,0.0,0.0,11,10000.0
5150,837.0,0,268,0.0,0.0,12,10000.0
5151,838.0,0,268,0.0,1.0,13,10000.0
5152,634.0,0,268,0.0,0.0,-14,10000.0
5153,635.0,0,268,0.0,0.0,-13,10000.0
5154,636.0,0,268,0.0,0.0,-12,10000.0
5155,637.0,0,268,0.0,0.0,-11,10000.0
5156,638.0,0,268,0.0,0.0,-10,10000.0
5157,639.0,0,268,0.0,0.0,-9,10000.0
5158,640.0,0,268,0.0,0.0,-8,10000.0
5159,641.0,0,268,0.0,0.0,-7,10000.0
5160,642.0,0,268,0.0,0.0,-6,10000.0
5161,643.0,0,268,0.0,0.0,-5,10000.0
5162,644.0,0,268,0.0,1.0,-4,10000.0
5163,645.0,0,268,0.0,0.0,-3,10000.0
5164,646.0,0,268,0.0,0.0,-2,10000.0
5165,647.0,0,268,0.0,0.0,-1,10000.0
5166,648.0,0,268,0.0,0.0,0,10000.0
5167,649.0,0,268,0.0,0.0,1,10000.0
5168,650.0,0,268,0.0,0.0,2,10000.0
5169,651.0,0,268,0.0,0.0,3,10000.0
5170,652.0,0,268,0.0,0.0,4,10000.0
5171,653.0,0,268,0.0,1.0,5,10000.0
5172,654.0,0,268,0.0,1.0,6,10000.0
5173,655.0,0,268,0.0,0.0,7,10000.0
5174,656.0,0,268,0.0,0.0,8,10000.0
5175,657.0,0,268,0.0,0.0,9,10000.0
5176,658.0,0,268,0.0,0.0,10,10000.0
5177,659.0,0,268,0.0,0.0,11,10000.0
5178,660.0,0,268,0.0,0.0,12,10000.0
5179,661.0,0,268,0.0,0.0,13,10000.0
5180,559.0,0,272,3.0,32.0,-14,10000.0
5181,560.0,0,272,4.0,29.0,-13,10000.0
5182,561.0,0,272,9.0,58.0,-12,10000.0
5183,562.0,0,272,23.0,75.0,-11,10000.0
5184,563.0,0,272,26.0,144.0,-10,10000.0
5185,564.0,0,272,43.0,214.0,-9,10000.0
5186,565.0,0,272,36.0,180.0,-8,10000.0
5187,566.0,0,272,15.0,169.0,-7,10000.0
5188,567.0,0,272,18.0,166.0,-6,10000.0
5189,568.0,0,272,18.0,121.0,-5,10000.0
5190,569.0,0,272,10.0,80.0,-4,10000.0
5191,570.0,0,272,21.0,177.0,-3,10000.0
5192,571.0,0,272,18.0,149.0,-2,10000.0
5193,572.0,0,272,11.0,51.0,-1,10000.0
5194,573.0,0,272,54.0,386.0,0,10000.0
5195,574.0,0,272,16.0,155.0,1,10000.0
5196,575.0,0,272,10.0,90.0,2,10000.0
5197,576.0,0,272,8.0,57.0,3,10000.0
5198,577.0,0,272,26.0,226.0,4,10000.0
5199,578.0,0,272,62.0,725.0,5,10000.0
5200,579.0,0,272,75.0,952.0,6,10000.0
5201,580.0,0,272,30.0,242.0,7,10000.0
5202,581.0,0,272,7.0,89.0,8,10000.0
5203,582.0,0,272,6.0,79.0,9,10000.0
5204,583.0,0,272,2.0,68.0,10,10000.0
5205,584.0,0,272,2.0,74.0,11,10000.0
5206,585.0,0,272,8.0,235.0,12,10000.0
5207,586.0,0,272,14.0,205.0,13,10000.0
5208,564.0,0,273,81.0,619.0,-14,721.0
5209,565.0,0,273,56.0,737.0,-13,721.0
5210,566.0,0,273,83.0,1031.0,-12,721.0
5211,567.0,0,273,71.0,787.0,-11,721.0
5212,568.0,0,273,39.0,531.0,-10,721.0
5213,569.0,0,273,38.0,611.0,-9,721.0
5214,570.0,0,273,28.0,536.0,-8,721.0
5215,571.0,0,273,458.0,4890.0,-7,721.0
5216,572.0,0,273,278.0,3435.0,-6,721.0
5217,573.0,0,273,51.0,771.0,-5,721.0
5218,574.0,0,273,74.0,900.0,-4,721.0
5219,575.0,0,273,28.0,509.0,-3,721.0
5220,576.0,0,273,21.0,376.0,-2,721.0
5221,577.0,0,273,23.0,401.0,-1,721.0
5222,578.0,0,273,27.0,418.0,0,721.0
5223,579.0,0,273,11.0,287.0,1,721.0
5224,580.0,0,273,14.0,295.0,2,721.0
5225,581.0,0,273,13.0,286.0,3,721.0
5226,582.0,0,273,50.0,585.0,4,721.0
5227,583.0,0,273,18.0,276.0,5,721.0
5228,584.0,0,273,10.0,306.0,6,721.0
5229,585.0,0,273,76.0,846.0,7,721.0
5230,586.0,0,273,54.0,680.0,8,721.0
5231,587.0,0,273,28.0,398.0,9,721.0
5232,588.0,0,273,30.0,469.0,10,721.0
5233,589.0,0,273,32.0,426.0,11,721.0
5234,590.0,0,273,12.0,231.0,12,721.0
5235,591.0,0,273,11.0,206.0,13,721.0
5236,567.0,0,276,0.0,0.0,-14,10000.0
5237,568.0,0,276,0.0,0.0,-13,10000.0
5238,569.0,0,276,0.0,0.0,-12,10000.0
5239,570.0,0,276,0.0,0.0,-11,10000.0
5240,571.0,0,276,0.0,0.0,-10,10000.0
5241,572.0,0,276,0.0,0.0,-9,10000.0
5242,573.0,0,276,0.0,0.0,-8,10000.0
5243,574.0,0,276,0.0,0.0,-7,10000.0
5244,575.0,0,276,0.0,0.0,-6,10000.0
5245,576.0,0,276,0.0,0.0,-5,10000.0
5246,577.0,0,276,0.0,0.0,-4,10000.0
5247,578.0,0,276,0.0,0.0,-3,10000.0
5248,3.0,0,276,18.0,10.0,-2,10000.0
5249,4.0,0,276,4.0,4.0,-1,10000.0
5250,5.0,0,276,1.0,2.0,0,10000.0
5251,6.0,0,276,1.0,3.0,1,10000.0
5252,7.0,0,276,0.0,1.0,2,10000.0
5253,8.0,0,276,1.0,2.0,3,10000.0
5254,9.0,0,276,0.0,1.0,4,10000.0
5255,586.0,0,276,1.0,0.0,5,10000.0
5256,11.0,0,276,1.0,2.0,6,10000.0
5257,12.0,0,276,0.0,5.0,7,10000.0
5258,13.0,0,276,3.0,4.0,8,10000.0
5259,14.0,0,276,0.0,2.0,9,10000.0
5260,15.0,0,276,2.0,2.0,10,10000.0
5261,16.0,0,276,3.0,3.0,11,10000.0
5262,593.0,0,276,0.0,0.0,12,10000.0
5263,18.0,0,276,0.0,1.0,13,10000.0
5264,567.0,0,276,5.0,12.0,-14,10000.0
5265,568.0,0,276,3.0,7.0,-13,10000.0
5266,569.0,0,276,3.0,3.0,-12,10000.0
5267,570.0,0,276,2.0,9.0,-11,10000.0
5268,571.0,0,276,0.0,5.0,-10,10000.0
5269,572.0,0,276,2.0,9.0,-9,10000.0
5270,573.0,0,276,0.0,6.0,-8,10000.0
5271,574.0,0,276,1.0,3.0,-7,10000.0
5272,575.0,0,276,1.0,1.0,-6,10000.0
5273,576.0,0,276,1.0,2.0,-5,10000.0
5274,577.0,0,276,1.0,4.0,-4,10000.0
5275,578.0,0,276,0.0,1.0,-3,10000.0
5276,3.0,0,276,0.0,3.0,-2,10000.0
5277,4.0,0,276,0.0,2.0,-1,10000.0
5278,5.0,0,276,0.0,3.0,0,10000.0
5279,6.0,0,276,0.0,2.0,1,10000.0
5280,583.0,0,276,1.0,1.0,2,10000.0
5281,8.0,0,276,1.0,4.0,3,10000.0
5282,585.0,0,276,0.0,3.0,4,10000.0
5283,10.0,0,276,0.0,1.0,5,10000.0
5284,11.0,0,276,2.0,2.0,6,10000.0
5285,588.0,0,276,0.0,0.0,7,10000.0
5286,13.0,0,276,0.0,1.0,8,10000.0
5287,590.0,0,276,0.0,0.0,9,10000.0
5288,15.0,0,276,0.0,1.0,10,10000.0
5289,16.0,0,276,1.0,1.0,11,10000.0
5290,593.0,0,276,0.0,0.0,12,10000.0
5291,594.0,0,276,0.0,3.0,13,10000.0
5292,787.0,0,278,0.0,1.0,-14,10000.0
5293,788.0,0,278,0.0,1.0,-13,10000.0
5294,789.0,0,278,0.0,0.0,-12,10000.0
5295,790.0,0,278,0.0,0.0,-11,10000.0
5296,791.0,0,278,1.0,0.0,-10,10000.0
5297,792.0,0,278,0.0,1.0,-9,10000.0
5298,793.0,0,278,1.0,0.0,-8,10000.0
5299,794.0,0,278,3.0,5.0,-7,10000.0
5300,795.0,0,278,1.0,1.0,-6,10000.0
5301,796.0,0,278,0.0,1.0,-5,10000.0
5302,797.0,0,278,1.0,0.0,-4,10000.0
5303,798.0,0,278,0.0,2.0,-3,10000.0
5304,799.0,0,278,0.0,1.0,-2,10000.0
5305,800.0,0,278,0.0,1.0,-1,10000.0
5306,801.0,0,278,0.0,0.0,0,10000.0
5307,802.0,0,278,0.0,0.0,1,10000.0
5308,803.0,0,278,0.0,1.0,2,10000.0
5309,804.0,0,278,0.0,0.0,3,10000.0
5310,805.0,0,278,0.0,2.0,4,10000.0
5311,806.0,0,278,0.0,6.0,5,10000.0
5312,807.0,0,278,0.0,2.0,6,10000.0
5313,808.0,0,278,0.0,1.0,7,10000.0
5314,809.0,0,278,0.0,3.0,8,10000.0
5315,810.0,0,278,0.0,4.0,9,10000.0
5316,811.0,0,278,0.0,0.0,10,10000.0
5317,812.0,0,278,0.0,0.0,11,10000.0
5318,813.0,0,278,0.0,1.0,12,10000.0
5319,814.0,0,278,1.0,1.0,13,10000.0
5320,555.0,0,279,0.0,0.0,-14,10000.0
5321,556.0,0,279,0.0,1.0,-13,10000.0
5322,557.0,0,279,0.0,0.0,-12,10000.0
5323,558.0,0,279,0.0,0.0,-11,10000.0
5324,559.0,0,279,0.0,1.0,-10,10000.0
5325,560.0,0,279,0.0,0.0,-9,10000.0
5326,561.0,0,279,3.0,43.0,-8,10000.0
5327,562.0,0,279,20.0,222.0,-7,10000.0
5328,563.0,0,279,13.0,134.0,-6,10000.0
5329,564.0,0,279,17.0,191.0,-5,10000.0
5330,565.0,0,279,2.0,42.0,-4,10000.0
5331,566.0,0,279,2.0,51.0,-3,10000.0
5332,567.0,0,279,10.0,122.0,-2,10000.0
5333,568.0,0,279,14.0,110.0,-1,10000.0
5334,569.0,0,279,4.0,45.0,0,10000.0
5335,570.0,0,279,0.0,15.0,1,10000.0
5336,571.0,0,279,0.0,14.0,2,10000.0
5337,572.0,0,279,1.0,6.0,3,10000.0
5338,573.0,0,279,0.0,9.0,4,10000.0
5339,574.0,0,279,0.0,15.0,5,10000.0
5340,575.0,0,279,5.0,52.0,6,10000.0
5341,576.0,0,279,0.0,14.0,7,10000.0
5342,577.0,0,279,2.0,8.0,8,10000.0
5343,578.0,0,279,0.0,11.0,9,10000.0
5344,579.0,0,279,0.0,13.0,10,10000.0
5345,580.0,0,279,0.0,13.0,11,10000.0
5346,581.0,0,279,0.0,7.0,12,10000.0
5347,582.0,0,279,1.0,4.0,13,10000.0
5348,616.0,0,280,0.0,0.0,-14,10000.0
5349,617.0,0,280,1.0,3.0,-13,10000.0
5350,618.0,0,280,0.0,2.0,-12,10000.0
5351,619.0,0,280,1.0,1.0,-11,10000.0
5352,620.0,0,280,1.0,0.0,-10,10000.0
5353,621.0,0,280,0.0,1.0,-9,10000.0
5354,622.0,0,280,0.0,2.0,-8,10000.0
5355,623.0,0,280,0.0,1.0,-7,10000.0
5356,624.0,0,280,0.0,2.0,-6,10000.0
5357,625.0,0,280,2.0,1.0,-5,10000.0
5358,626.0,0,280,0.0,0.0,-4,10000.0
5359,627.0,0,280,0.0,5.0,-3,10000.0
5360,628.0,0,280,0.0,4.0,-2,10000.0
5361,629.0,0,280,0.0,3.0,-1,10000.0
5362,630.0,0,280,0.0,3.0,0,10000.0
5363,631.0,0,280,1.0,0.0,1,10000.0
5364,632.0,0,280,0.0,3.0,2,10000.0
5365,633.0,0,280,0.0,2.0,3,10000.0
5366,634.0,0,280,0.0,1.0,4,10000.0
5367,635.0,0,280,0.0,2.0,5,10000.0
5368,636.0,0,280,1.0,4.0,6,10000.0
5369,637.0,0,280,0.0,0.0,7,10000.0
5370,638.0,0,280,0.0,0.0,8,10000.0
5371,639.0,0,280,0.0,2.0,9,10000.0
5372,640.0,0,280,0.0,2.0,10,10000.0
5373,641.0,0,280,1.0,4.0,11,10000.0
5374,642.0,0,280,2.0,6.0,12,10000.0
5375,643.0,0,280,1.0,0.0,13,10000.0
5376,573.0,0,281,0.0,6.0,-14,607.0
5377,574.0,0,281,1.0,5.0,-13,607.0
5378,575.0,0,281,0.0,1.0,-12,607.0
5379,576.0,0,281,1.0,1.0,-11,607.0
5380,577.0,0,281,1.0,1.0,-10,607.0
5381,578.0,0,281,0.0,3.0,-9,607.0
5382,579.0,0,281,0.0,3.0,-8,607.0
5383,580.0,0,281,0.0,0.0,-7,607.0
5384,581.0,0,281,0.0,3.0,-6,607.0
5385,582.0,0,281,1.0,0.0,-5,607.0
5386,583.0,0,281,2.0,2.0,-4,607.0
5387,584.0,0,281,0.0,0.0,-3,607.0
5388,585.0,0,281,0.0,0.0,-2,607.0
5389,586.0,0,281,0.0,2.0,-1,607.0
5390,587.0,0,281,1.0,0.0,0,607.0
5391,588.0,0,281,0.0,1.0,1,607.0
5392,589.0,0,281,0.0,0.0,2,607.0
5393,590.0,0,281,0.0,1.0,3,607.0
5394,591.0,0,281,3.0,3.0,4,607.0
5395,592.0,0,281,0.0,2.0,5,607.0
5396,593.0,0,281,0.0,0.0,6,607.0
5397,594.0,0,281,0.0,1.0,7,607.0
5398,595.0,0,281,1.0,1.0,8,607.0
5399,596.0,0,281,1.0,0.0,9,607.0
5400,597.0,0,281,0.0,1.0,10,607.0
5401,598.0,0,281,2.0,4.0,11,607.0
5402,599.0,0,281,0.0,0.0,12,607.0
5403,600.0,0,281,0.0,0.0,13,607.0
5404,630.0,0,284,2.0,10.0,-14,10000.0
5405,631.0,0,284,1.0,10.0,-13,10000.0
5406,632.0,0,284,3.0,11.0,-12,10000.0
5407,633.0,0,284,3.0,14.0,-11,10000.0
5408,634.0,0,284,2.0,18.0,-10,10000.0
5409,635.0,0,284,3.0,25.0,-9,10000.0
5410,636.0,0,284,4.0,22.0,-8,10000.0
5411,637.0,0,284,3.0,13.0,-7,10000.0
5412,638.0,0,284,3.0,20.0,-6,10000.0
5413,639.0,0,284,2.0,9.0,-5,10000.0
5414,640.0,0,284,2.0,11.0,-4,10000.0
5415,641.0,0,284,1.0,16.0,-3,10000.0
5416,642.0,0,284,3.0,18.0,-2,10000.0
5417,643.0,0,284,2.0,8.0,-1,10000.0
5418,644.0,0,284,3.0,15.0,0,10000.0
5419,645.0,0,284,3.0,24.0,1,10000.0
5420,646.0,0,284,9.0,34.0,2,10000.0
5421,647.0,0,284,7.0,79.0,3,10000.0
5422,648.0,0,284,10.0,69.0,4,10000.0
5423,649.0,0,284,7.0,41.0,5,10000.0
5424,650.0,0,284,2.0,44.0,6,10000.0
5425,651.0,0,284,6.0,51.0,7,10000.0
5426,652.0,0,284,2.0,28.0,8,10000.0
5427,653.0,0,284,3.0,21.0,9,10000.0
5428,654.0,0,284,0.0,9.0,10,10000.0
5429,655.0,0,284,4.0,16.0,11,10000.0
5430,656.0,0,284,1.0,17.0,12,10000.0
5431,657.0,0,284,3.0,15.0,13,10000.0
5432,602.0,0,287,1.0,44.0,-14,10000.0
5433,603.0,0,287,3.0,55.0,-13,10000.0
5434,604.0,0,287,3.0,34.0,-12,10000.0
5435,605.0,0,287,8.0,42.0,-11,10000.0
5436,606.0,0,287,4.0,25.0,-10,10000.0
5437,607.0,0,287,2.0,14.0,-9,10000.0
5438,608.0,0,287,7.0,35.0,-8,10000.0
5439,609.0,0,287,1.0,18.0,-7,10000.0
5440,610.0,0,287,3.0,22.0,-6,10000.0
5441,611.0,0,287,6.0,34.0,-5,10000.0
5442,612.0,0,287,8.0,27.0,-4,10000.0
5443,613.0,0,287,15.0,86.0,-3,10000.0
5444,614.0,0,287,6.0,55.0,-2,10000.0
5445,615.0,0,287,6.0,58.0,-1,10000.0
5446,616.0,0,287,37.0,137.0,0,10000.0
5447,617.0,0,287,1.0,35.0,1,10000.0
5448,618.0,0,287,4.0,24.0,2,10000.0
5449,619.0,0,287,5.0,38.0,3,10000.0
5450,620.0,0,287,2.0,58.0,4,10000.0
5451,621.0,0,287,16.0,180.0,5,10000.0
5452,622.0,0,287,14.0,123.0,6,10000.0
5453,623.0,0,287,24.0,179.0,7,10000.0
5454,624.0,0,287,9.0,70.0,8,10000.0
5455,625.0,0,287,4.0,62.0,9,10000.0
5456,626.0,0,287,3.0,38.0,10,10000.0
5457,627.0,0,287,0.0,33.0,11,10000.0
5458,628.0,0,287,1.0,31.0,12,10000.0
5459,629.0,0,287,8.0,51.0,13,10000.0
5460,636.0,0,289,8.0,20.0,-14,10000.0
5461,637.0,0,289,0.0,10.0,-13,10000.0
5462,638.0,0,289,2.0,9.0,-12,10000.0
5463,639.0,0,289,3.0,7.0,-11,10000.0
5464,640.0,0,289,3.0,3.0,-10,10000.0
5465,641.0,0,289,0.0,7.0,-9,10000.0
5466,642.0,0,289,3.0,3.0,-8,10000.0
5467,643.0,0,289,0.0,3.0,-7,10000.0
5468,644.0,0,289,2.0,5.0,-6,10000.0
5469,645.0,0,289,3.0,3.0,-5,10000.0
5470,646.0,0,289,6.0,4.0,-4,10000.0
5471,647.0,0,289,0.0,4.0,-3,10000.0
5472,648.0,0,289,4.0,5.0,-2,10000.0
5473,649.0,0,289,0.0,5.0,-1,10000.0
5474,650.0,0,289,1.0,5.0,0,10000.0
5475,651.0,0,289,0.0,6.0,1,10000.0
5476,652.0,0,289,2.0,1.0,2,10000.0
5477,653.0,0,289,1.0,9.0,3,10000.0
5478,654.0,0,289,0.0,3.0,4,10000.0
5479,655.0,0,289,0.0,4.0,5,10000.0
5480,656.0,0,289,0.0,4.0,6,10000.0
5481,657.0,0,289,1.0,1.0,7,10000.0
5482,658.0,0,289,2.0,2.0,8,10000.0
5483,659.0,0,289,3.0,9.0,9,10000.0
5484,660.0,0,289,0.0,1.0,10,10000.0
5485,661.0,0,289,0.0,1.0,11,10000.0
5486,662.0,0,289,0.0,3.0,12,10000.0
5487,663.0,0,289,0.0,2.0,13,10000.0
5488,636.0,0,289,1.0,3.0,-14,10000.0
5489,686.0,0,289,0.0,1.0,-13,10000.0
5490,638.0,0,289,2.0,3.0,-12,10000.0
5491,639.0,0,289,0.0,2.0,-11,10000.0
5492,640.0,0,289,1.0,0.0,-10,10000.0
5493,690.0,0,289,1.0,2.0,-9,10000.0
5494,642.0,0,289,2.0,3.0,-8,10000.0
5495,692.0,0,289,0.0,2.0,-7,10000.0
5496,644.0,0,289,1.0,1.0,-6,10000.0
5497,645.0,0,289,0.0,2.0,-5,10000.0
5498,646.0,0,289,0.0,2.0,-4,10000.0
5499,696.0,0,289,2.0,0.0,-3,10000.0
5500,648.0,0,289,0.0,5.0,-2,10000.0
5501,698.0,0,289,0.0,0.0,-1,10000.0
5502,650.0,0,289,0.0,2.0,0,10000.0
5503,700.0,0,289,1.0,4.0,1,10000.0
5504,652.0,0,289,1.0,0.0,2,10000.0
5505,653.0,0,289,0.0,2.0,3,10000.0
5506,703.0,0,289,0.0,0.0,4,10000.0
5507,704.0,0,289,1.0,0.0,5,10000.0
5508,705.0,0,289,0.0,1.0,6,10000.0
5509,657.0,0,289,0.0,2.0,7,10000.0
5510,658.0,0,289,0.0,3.0,8,10000.0
5511,659.0,0,289,0.0,2.0,9,10000.0
5512,709.0,0,289,2.0,8.0,10,10000.0
5513,710.0,0,289,1.0,5.0,11,10000.0
5514,711.0,0,289,1.0,2.0,12,10000.0
5515,712.0,0,289,0.0,1.0,13,10000.0
5516,673.0,0,292,0.0,0.0,-14,10000.0
5517,674.0,0,292,0.0,0.0,-13,10000.0
5518,675.0,0,292,1.0,0.0,-12,10000.0
5519,676.0,0,292,0.0,1.0,-11,10000.0
5520,677.0,0,292,0.0,1.0,-10,10000.0
5521,678.0,0,292,1.0,1.0,-9,10000.0
5522,679.0,0,292,2.0,3.0,-8,10000.0
5523,680.0,0,292,1.0,1.0,-7,10000.0
5524,681.0,0,292,2.0,3.0,-6,10000.0
5525,682.0,0,292,0.0,1.0,-5,10000.0
5526,683.0,0,292,0.0,0.0,-4,10000.0
5527,684.0,0,292,1.0,0.0,-3,10000.0
5528,685.0,0,292,1.0,6.0,-2,10000.0
5529,686.0,0,292,0.0,1.0,-1,10000.0
5530,687.0,0,292,0.0,1.0,0,10000.0
5531,688.0,0,292,0.0,0.0,1,10000.0
5532,689.0,0,292,1.0,1.0,2,10000.0
5533,690.0,0,292,0.0,0.0,3,10000.0
5534,691.0,0,292,0.0,0.0,4,10000.0
5535,692.0,0,292,0.0,1.0,5,10000.0
5536,693.0,0,292,0.0,2.0,6,10000.0
5537,694.0,0,292,0.0,1.0,7,10000.0
5538,695.0,0,292,0.0,0.0,8,10000.0
5539,696.0,0,292,1.0,1.0,9,10000.0
5540,697.0,0,292,0.0,0.0,10,10000.0
5541,698.0,0,292,0.0,0.0,11,10000.0
5542,699.0,0,292,0.0,0.0,12,10000.0
5543,700.0,0,292,0.0,3.0,13,10000.0
5544,559.0,0,294,21.0,247.0,-14,10000.0
5545,560.0,0,294,18.0,212.0,-13,10000.0
5546,561.0,0,294,16.0,238.0,-12,10000.0
5547,562.0,0,294,16.0,264.0,-11,10000.0
5548,563.0,0,294,41.0,534.0,-10,10000.0
5549,564.0,0,294,69.0,1116.0,-9,10000.0
5550,565.0,0,294,43.0,1243.0,-8,10000.0
5551,566.0,0,294,82.0,2005.0,-7,10000.0
5552,567.0,0,294,73.0,1839.0,-6,10000.0
5553,568.0,0,294,73.0,1166.0,-5,10000.0
5554,569.0,0,294,52.0,990.0,-4,10000.0
5555,570.0,0,294,49.0,834.0,-3,10000.0
5556,571.0,0,294,39.0,737.0,-2,10000.0
5557,572.0,0,294,28.0,747.0,-1,10000.0
5558,573.0,0,294,42.0,1114.0,0,10000.0
5559,574.0,0,294,12.0,780.0,1,10000.0
5560,575.0,0,294,21.0,647.0,2,10000.0
5561,576.0,0,294,21.0,734.0,3,10000.0
5562,577.0,0,294,48.0,1010.0,4,10000.0
5563,578.0,0,294,17.0,527.0,5,10000.0
5564,579.0,0,294,14.0,497.0,6,10000.0
5565,580.0,0,294,20.0,410.0,7,10000.0
5566,581.0,0,294,11.0,239.0,8,10000.0
5567,582.0,0,294,10.0,250.0,9,10000.0
5568,583.0,0,294,4.0,254.0,10,10000.0
5569,584.0,0,294,13.0,401.0,11,10000.0
5570,585.0,0,294,21.0,448.0,12,10000.0
5571,586.0,0,294,15.0,381.0,13,10000.0
5572,673.0,0,294,12.0,121.0,-14,10000.0
5573,674.0,0,294,14.0,148.0,-13,10000.0
5574,675.0,0,294,19.0,238.0,-12,10000.0
5575,676.0,0,294,11.0,170.0,-11,10000.0
5576,677.0,0,294,12.0,94.0,-10,10000.0
5577,678.0,0,294,7.0,95.0,-9,10000.0
5578,679.0,0,294,17.0,160.0,-8,10000.0
5579,680.0,0,294,24.0,369.0,-7,10000.0
5580,681.0,0,294,32.0,751.0,-6,10000.0
5581,682.0,0,294,28.0,738.0,-5,10000.0
5582,683.0,0,294,17.0,465.0,-4,10000.0
5583,684.0,0,294,19.0,540.0,-3,10000.0
5584,685.0,0,294,15.0,430.0,-2,10000.0
5585,686.0,0,294,18.0,373.0,-1,10000.0
5586,687.0,0,294,37.0,440.0,0,10000.0
5587,688.0,0,294,24.0,392.0,1,10000.0
5588,689.0,0,294,30.0,495.0,2,10000.0
5589,690.0,0,294,4.0,279.0,3,10000.0
5590,691.0,0,294,11.0,266.0,4,10000.0
5591,692.0,0,294,13.0,270.0,5,10000.0
5592,693.0,0,294,28.0,489.0,6,10000.0
5593,694.0,0,294,32.0,536.0,7,10000.0
5594,695.0,0,294,11.0,273.0,8,10000.0
5595,696.0,0,294,16.0,312.0,9,10000.0
5596,697.0,0,294,12.0,172.0,10,10000.0
5597,698.0,0,294,28.0,330.0,11,10000.0
5598,699.0,0,294,8.0,245.0,12,10000.0
5599,700.0,0,294,7.0,246.0,13,10000.0
5600,623.0,0,294,12.0,131.0,-14,10000.0
5601,624.0,0,294,31.0,203.0,-13,10000.0
5602,625.0,0,294,27.0,179.0,-12,10000.0
5603,626.0,0,294,6.0,130.0,-11,10000.0
5604,627.0,0,294,17.0,136.0,-10,10000.0
5605,628.0,0,294,11.0,84.0,-9,10000.0
5606,629.0,0,294,22.0,129.0,-8,10000.0
5607,630.0,0,294,40.0,330.0,-7,10000.0
5608,631.0,0,294,17.0,237.0,-6,10000.0
5609,632.0,0,294,15.0,129.0,-5,10000.0
5610,633.0,0,294,15.0,176.0,-4,10000.0
5611,634.0,0,294,36.0,253.0,-3,10000.0
5612,635.0,0,294,25.0,199.0,-2,10000.0
5613,636.0,0,294,12.0,178.0,-1,10000.0
5614,637.0,0,294,11.0,131.0,0,10000.0
5615,638.0,0,294,12.0,111.0,1,10000.0
5616,639.0,0,294,11.0,148.0,2,10000.0
5617,640.0,0,294,6.0,110.0,3,10000.0
5618,641.0,0,294,6.0,84.0,4,10000.0
5619,642.0,0,294,7.0,65.0,5,10000.0
5620,643.0,0,294,6.0,71.0,6,10000.0
5621,644.0,0,294,5.0,103.0,7,10000.0
5622,645.0,0,294,6.0,97.0,8,10000.0
5623,646.0,0,294,9.0,117.0,9,10000.0
5624,647.0,0,294,25.0,122.0,10,10000.0
5625,648.0,0,294,20.0,129.0,11,10000.0
5626,649.0,0,294,7.0,82.0,12,10000.0
5627,650.0,0,294,14.0,122.0,13,10000.0
5628,594.0,0,296,1.0,5.0,-14,10000.0
5629,595.0,0,296,2.0,7.0,-13,10000.0
5630,596.0,0,296,1.0,3.0,-12,10000.0
5631,597.0,0,296,1.0,3.0,-11,10000.0
5632,598.0,0,296,0.0,3.0,-10,10000.0
5633,599.0,0,296,2.0,4.0,-9,10000.0
5634,600.0,0,296,1.0,4.0,-8,10000.0
5635,601.0,0,296,0.0,6.0,-7,10000.0
5636,602.0,0,296,1.0,7.0,-6,10000.0
5637,603.0,0,296,1.0,7.0,-5,10000.0
5638,604.0,0,296,1.0,1.0,-4,10000.0
5639,605.0,0,296,0.0,4.0,-3,10000.0
5640,606.0,0,296,1.0,1.0,-2,10000.0
5641,607.0,0,296,0.0,3.0,-1,10000.0
5642,608.0,0,296,0.0,1.0,0,10000.0
5643,609.0,0,296,0.0,1.0,1,10000.0
5644,610.0,0,296,1.0,2.0,2,10000.0
5645,611.0,0,296,0.0,1.0,3,10000.0
5646,612.0,0,296,0.0,1.0,4,10000.0
5647,613.0,0,296,1.0,3.0,5,10000.0
5648,614.0,0,296,0.0,3.0,6,10000.0
5649,615.0,0,296,1.0,3.0,7,10000.0
5650,616.0,0,296,0.0,3.0,8,10000.0
5651,617.0,0,296,0.0,1.0,9,10000.0
5652,618.0,0,296,0.0,3.0,10,10000.0
5653,619.0,0,296,0.0,4.0,11,10000.0
5654,620.0,0,296,1.0,3.0,12,10000.0
5655,621.0,0,296,0.0,8.0,13,10000.0
5656,594.0,0,296,0.0,1.0,-14,10000.0
5657,595.0,0,296,0.0,1.0,-13,10000.0
5658,596.0,0,296,1.0,1.0,-12,10000.0
5659,597.0,0,296,0.0,2.0,-11,10000.0
5660,769.0,0,296,0.0,1.0,-10,10000.0
5661,599.0,0,296,0.0,0.0,-9,10000.0
5662,600.0,0,296,0.0,0.0,-8,10000.0
5663,772.0,0,296,0.0,0.0,-7,10000.0
5664,602.0,0,296,0.0,1.0,-6,10000.0
5665,603.0,0,296,0.0,0.0,-5,10000.0
5666,604.0,0,296,0.0,0.0,-4,10000.0
5667,776.0,0,296,0.0,0.0,-3,10000.0
5668,606.0,0,296,0.0,0.0,-2,10000.0
5669,778.0,0,296,0.0,0.0,-1,10000.0
5670,779.0,0,296,0.0,2.0,0,10000.0
5671,780.0,0,296,0.0,2.0,1,10000.0
5672,610.0,0,296,1.0,0.0,2,10000.0
5673,782.0,0,296,0.0,0.0,3,10000.0
5674,783.0,0,296,0.0,4.0,4,10000.0
5675,613.0,0,296,0.0,0.0,5,10000.0
5676,785.0,0,296,1.0,0.0,6,10000.0
5677,615.0,0,296,0.0,1.0,7,10000.0
5678,787.0,0,296,1.0,1.0,8,10000.0
5679,788.0,0,296,0.0,1.0,9,10000.0
5680,789.0,0,296,0.0,0.0,10,10000.0
5681,790.0,0,296,1.0,0.0,11,10000.0
5682,620.0,0,296,0.0,2.0,12,10000.0
5683,792.0,0,296,1.0,2.0,13,10000.0
5684,557.0,0,297,0.0,0.0,-14,10000.0
5685,558.0,0,297,0.0,0.0,-13,10000.0
5686,559.0,0,297,0.0,0.0,-12,10000.0
5687,560.0,0,297,0.0,0.0,-11,10000.0
5688,561.0,0,297,0.0,0.0,-10,10000.0
5689,562.0,0,297,0.0,0.0,-9,10000.0
5690,563.0,0,297,0.0,0.0,-8,10000.0
5691,564.0,0,297,0.0,0.0,-7,10000.0
5692,565.0,0,297,2.0,2.0,-6,10000.0
5693,566.0,0,297,1.0,1.0,-5,10000.0
5694,567.0,0,297,0.0,4.0,-4,10000.0
5695,568.0,0,297,0.0,2.0,-3,10000.0
5696,569.0,0,297,0.0,2.0,-2,10000.0
5697,570.0,0,297,0.0,0.0,-1,10000.0
5698,571.0,0,297,0.0,2.0,0,10000.0
5699,572.0,0,297,0.0,1.0,1,10000.0
5700,573.0,0,297,0.0,1.0,2,10000.0
5701,574.0,0,297,0.0,1.0,3,10000.0
5702,575.0,0,297,0.0,1.0,4,10000.0
5703,576.0,0,297,0.0,1.0,5,10000.0
5704,577.0,0,297,1.0,6.0,6,10000.0
5705,578.0,0,297,0.0,6.0,7,10000.0
5706,579.0,0,297,0.0,5.0,8,10000.0
5707,580.0,0,297,0.0,0.0,9,10000.0
5708,581.0,0,297,0.0,1.0,10,10000.0
5709,582.0,0,297,0.0,0.0,11,10000.0
5710,583.0,0,297,0.0,0.0,12,10000.0
5711,584.0,0,297,0.0,2.0,13,10000.0
5712,559.0,0,298,0.0,1.0,-14,10000.0
5713,560.0,0,298,0.0,1.0,-13,10000.0
5714,561.0,0,298,0.0,1.0,-12,10000.0
5715,562.0,0,298,0.0,2.0,-11,10000.0
5716,563.0,0,298,0.0,1.0,-10,10000.0
5717,564.0,0,298,0.0,3.0,-9,10000.0
5718,565.0,0,298,0.0,3.0,-8,10000.0
5719,566.0,0,298,0.0,4.0,-7,10000.0
5720,567.0,0,298,1.0,17.0,-6,10000.0
5721,568.0,0,298,1.0,13.0,-5,10000.0
5722,569.0,0,298,1.0,7.0,-4,10000.0
5723,570.0,0,298,4.0,57.0,-3,10000.0
5724,571.0,0,298,1.0,27.0,-2,10000.0
5725,572.0,0,298,1.0,11.0,-1,10000.0
5726,573.0,0,298,0.0,21.0,0,10000.0
5727,574.0,0,298,1.0,12.0,1,10000.0
5728,575.0,0,298,1.0,9.0,2,10000.0
5729,576.0,0,298,2.0,18.0,3,10000.0
5730,577.0,0,298,0.0,13.0,4,10000.0
5731,578.0,0,298,0.0,13.0,5,10000.0
5732,579.0,0,298,5.0,28.0,6,10000.0
5733,580.0,0,298,1.0,12.0,7,10000.0
5734,581.0,0,298,2.0,10.0,8,10000.0
5735,582.0,0,298,3.0,23.0,9,10000.0
5736,583.0,0,298,1.0,15.0,10,10000.0
5737,584.0,0,298,0.0,10.0,11,10000.0
5738,585.0,0,298,1.0,20.0,12,10000.0
5739,586.0,0,298,3.0,12.0,13,10000.0
5740,-14.0,0,300,0.0,0.0,-14,10000.0
5741,-13.0,0,300,0.0,0.0,-13,10000.0
5742,-12.0,0,300,0.0,0.0,-12,10000.0
5743,-11.0,0,300,0.0,0.0,-11,10000.0
5744,-10.0,0,300,0.0,0.0,-10,10000.0
5745,-9.0,0,300,0.0,0.0,-9,10000.0
5746,-8.0,0,300,0.0,0.0,-8,10000.0
5747,-7.0,0,300,0.0,0.0,-7,10000.0
5748,-6.0,0,300,0.0,0.0,-6,10000.0
5749,-5.0,0,300,0.0,0.0,-5,10000.0
5750,-4.0,0,300,0.0,0.0,-4,10000.0
5751,-3.0,0,300,0.0,0.0,-3,10000.0
5752,-2.0,0,300,0.0,0.0,-2,10000.0
5753,-1.0,0,300,0.0,0.0,-1,10000.0
5754,0.0,0,300,0.0,0.0,0,10000.0
5755,1.0,0,300,0.0,0.0,1,10000.0
5756,2.0,0,300,0.0,0.0,2,10000.0
5757,3.0,0,300,0.0,0.0,3,10000.0
5758,4.0,0,300,0.0,0.0,4,10000.0
5759,5.0,0,300,0.0,0.0,5,10000.0
5760,6.0,0,300,0.0,0.0,6,10000.0
5761,7.0,0,300,9.0,64.0,7,10000.0
5762,8.0,0,300,1.0,26.0,8,10000.0
5763,9.0,0,300,2.0,33.0,9,10000.0
5764,10.0,0,300,2.0,11.0,10,10000.0
5765,11.0,0,300,3.0,24.0,11,10000.0
5766,12.0,0,300,1.0,15.0,12,10000.0
5767,13.0,0,300,0.0,17.0,13,10000.0
5768,684.0,0,302,0.0,1.0,-14,10000.0
5769,685.0,0,302,0.0,2.0,-13,10000.0
5770,686.0,0,302,0.0,1.0,-12,10000.0
5771,687.0,0,302,0.0,1.0,-11,10000.0
5772,688.0,0,302,2.0,5.0,-10,10000.0
5773,689.0,0,302,2.0,0.0,-9,10000.0
5774,690.0,0,302,0.0,3.0,-8,10000.0
5775,691.0,0,302,0.0,2.0,-7,10000.0
5776,692.0,0,302,1.0,3.0,-6,10000.0
5777,693.0,0,302,0.0,1.0,-5,10000.0
5778,694.0,0,302,0.0,1.0,-4,10000.0
5779,695.0,0,302,0.0,1.0,-3,10000.0
5780,696.0,0,302,0.0,0.0,-2,10000.0
5781,697.0,0,302,0.0,0.0,-1,10000.0
5782,698.0,0,302,0.0,1.0,0,10000.0
5783,699.0,0,302,0.0,1.0,1,10000.0
5784,700.0,0,302,0.0,1.0,2,10000.0
5785,701.0,0,302,0.0,3.0,3,10000.0
5786,702.0,0,302,1.0,0.0,4,10000.0
5787,703.0,0,302,0.0,3.0,5,10000.0
5788,704.0,0,302,1.0,1.0,6,10000.0
5789,705.0,0,302,0.0,0.0,7,10000.0
5790,706.0,0,302,1.0,1.0,8,10000.0
5791,707.0,0,302,0.0,0.0,9,10000.0
5792,708.0,0,302,0.0,0.0,10,10000.0
5793,709.0,0,302,0.0,1.0,11,10000.0
5794,710.0,0,302,1.0,3.0,12,10000.0
5795,711.0,0,302,0.0,2.0,13,10000.0
5796,639.0,0,304,0.0,0.0,-14,10000.0
5797,640.0,0,304,0.0,0.0,-13,10000.0
5798,641.0,0,304,0.0,0.0,-12,10000.0
5799,642.0,0,304,0.0,0.0,-11,10000.0
5800,643.0,0,304,0.0,0.0,-10,10000.0
5801,-3.0,0,304,0.0,15.0,-9,10000.0
5802,-2.0,0,304,0.0,87.0,-8,10000.0
5803,-1.0,0,304,38.0,427.0,-7,10000.0
5804,0.0,0,304,32.0,261.0,-6,10000.0
5805,1.0,0,304,24.0,119.0,-5,10000.0
5806,2.0,0,304,37.0,176.0,-4,10000.0
5807,3.0,0,304,22.0,106.0,-3,10000.0
5808,4.0,0,304,17.0,141.0,-2,10000.0
5809,5.0,0,304,14.0,155.0,-1,10000.0
5810,6.0,0,304,13.0,111.0,0,10000.0
5811,7.0,0,304,8.0,80.0,1,10000.0
5812,8.0,0,304,3.0,68.0,2,10000.0
5813,9.0,0,304,3.0,82.0,3,10000.0
5814,10.0,0,304,9.0,99.0,4,10000.0
5815,11.0,0,304,5.0,111.0,5,10000.0
5816,12.0,0,304,1.0,85.0,6,10000.0
5817,13.0,0,304,1.0,98.0,7,10000.0
5818,14.0,0,304,2.0,120.0,8,10000.0
5819,15.0,0,304,1.0,86.0,9,10000.0
5820,16.0,0,304,0.0,54.0,10,10000.0
5821,17.0,0,304,2.0,69.0,11,10000.0
5822,18.0,0,304,0.0,76.0,12,10000.0
5823,19.0,0,304,3.0,66.0,13,10000.0
5824,554.0,0,304,14.0,286.0,-14,10000.0
5825,555.0,0,304,13.0,327.0,-13,10000.0
5826,556.0,0,304,3.0,106.0,-12,10000.0
5827,557.0,0,304,3.0,64.0,-11,10000.0
5828,558.0,0,304,2.0,69.0,-10,10000.0
5829,559.0,0,304,4.0,85.0,-9,10000.0
5830,560.0,0,304,3.0,95.0,-8,10000.0
5831,561.0,0,304,2.0,104.0,-7,10000.0
5832,562.0,0,304,0.0,119.0,-6,10000.0
5833,563.0,0,304,7.0,185.0,-5,10000.0
5834,564.0,0,304,73.0,1333.0,-4,10000.0
5835,565.0,0,304,25.0,212.0,-3,10000.0
5836,566.0,0,304,40.0,638.0,-2,10000.0
5837,567.0,0,304,33.0,358.0,-1,10000.0
5838,568.0,0,304,4.0,198.0,0,10000.0
5839,569.0,0,304,5.0,264.0,1,10000.0
5840,570.0,0,304,3.0,133.0,2,10000.0
5841,571.0,0,304,4.0,123.0,3,10000.0
5842,572.0,0,304,2.0,170.0,4,10000.0
5843,573.0,0,304,2.0,110.0,5,10000.0
5844,574.0,0,304,2.0,183.0,6,10000.0
5845,575.0,0,304,2.0,109.0,7,10000.0
5846,576.0,0,304,1.0,89.0,8,10000.0
5847,577.0,0,304,3.0,167.0,9,10000.0
5848,578.0,0,304,2.0,122.0,10,10000.0
5849,579.0,0,304,0.0,109.0,11,10000.0
5850,580.0,0,304,2.0,80.0,12,10000.0
5851,581.0,0,304,0.0,39.0,13,10000.0
5852,639.0,0,304,7.0,62.0,-14,10000.0
5853,640.0,0,304,3.0,77.0,-13,10000.0
5854,641.0,0,304,12.0,129.0,-12,10000.0
5855,642.0,0,304,20.0,140.0,-11,10000.0
5856,643.0,0,304,126.0,1452.0,-10,10000.0
5857,644.0,0,304,129.0,1942.0,-9,10000.0
5858,645.0,0,304,76.0,1120.0,-8,10000.0
5859,646.0,0,304,247.0,3258.0,-7,10000.0
5860,647.0,0,304,256.0,5611.0,-6,10000.0
5861,648.0,0,304,396.0,8192.0,-5,10000.0
5862,649.0,0,304,388.0,7513.0,-4,10000.0
5863,650.0,0,304,350.0,6723.0,-3,10000.0
5864,651.0,0,304,235.0,4592.0,-2,10000.0
5865,652.0,0,304,248.0,5176.0,-1,10000.0
5866,653.0,0,304,190.0,5334.0,0,10000.0
5867,654.0,0,304,265.0,6982.0,1,10000.0
5868,655.0,0,304,198.0,5184.0,2,10000.0
5869,656.0,0,304,397.0,10373.0,3,10000.0
5870,657.0,0,304,276.0,7897.0,4,10000.0
5871,658.0,0,304,85.0,3297.0,5,10000.0
5872,659.0,0,304,89.0,2726.0,6,10000.0
5873,660.0,0,304,124.0,4869.0,7,10000.0
5874,661.0,0,304,73.0,3758.0,8,10000.0
5875,662.0,0,304,34.0,1418.0,9,10000.0
5876,663.0,0,304,36.0,1496.0,10,10000.0
5877,664.0,0,304,7.0,730.0,11,10000.0
5878,665.0,0,304,16.0,946.0,12,10000.0
5879,666.0,0,304,20.0,1016.0,13,10000.0
5880,54.0,0,304,124.0,1888.0,-14,10000.0
5881,55.0,0,304,83.0,1131.0,-13,10000.0
5882,56.0,0,304,243.0,3597.0,-12,10000.0
5883,57.0,0,304,289.0,6071.0,-11,10000.0
5884,58.0,0,304,433.0,8405.0,-10,10000.0
5885,59.0,0,304,384.0,7469.0,-9,10000.0
5886,60.0,0,304,321.0,6414.0,-8,10000.0
5887,61.0,0,304,205.0,4370.0,-7,10000.0
5888,647.0,0,304,267.0,5307.0,-6,10000.0
5889,63.0,0,304,341.0,6013.0,-5,10000.0
5890,64.0,0,304,329.0,6053.0,-4,10000.0
5891,65.0,0,304,313.0,5833.0,-3,10000.0
5892,66.0,0,304,575.0,10342.0,-2,10000.0
5893,67.0,0,304,336.0,6960.0,-1,10000.0
5894,68.0,0,304,108.0,2883.0,0,10000.0
5895,69.0,0,304,113.0,2612.0,1,10000.0
5896,70.0,0,304,197.0,5289.0,2,10000.0
5897,71.0,0,304,90.0,3150.0,3,10000.0
5898,72.0,0,304,55.0,1558.0,4,10000.0
5899,73.0,0,304,38.0,1285.0,5,10000.0
5900,74.0,0,304,15.0,703.0,6,10000.0
5901,75.0,0,304,30.0,953.0,7,10000.0
5902,76.0,0,304,27.0,1227.0,8,10000.0
5903,77.0,0,304,60.0,1867.0,9,10000.0
5904,78.0,0,304,18.0,866.0,10,10000.0
5905,664.0,0,304,11.0,561.0,11,10000.0
5906,80.0,0,304,29.0,1270.0,12,10000.0
5907,666.0,0,304,63.0,1914.0,13,10000.0
5908,559.0,0,304,10.0,379.0,-14,10000.0
5909,560.0,0,304,19.0,377.0,-13,10000.0
5910,561.0,0,304,15.0,329.0,-12,10000.0
5911,562.0,0,304,50.0,588.0,-11,10000.0
5912,563.0,0,304,24.0,394.0,-10,10000.0
5913,564.0,0,304,19.0,270.0,-9,10000.0
5914,565.0,0,304,32.0,454.0,-8,10000.0
5915,566.0,0,304,7.0,306.0,-7,10000.0
5916,567.0,0,304,15.0,340.0,-6,10000.0
5917,568.0,0,304,14.0,298.0,-5,10000.0
5918,569.0,0,304,35.0,539.0,-4,10000.0
5919,570.0,0,304,29.0,492.0,-3,10000.0
5920,571.0,0,304,11.0,208.0,-2,10000.0
5921,572.0,0,304,63.0,515.0,-1,10000.0
5922,573.0,0,304,60.0,532.0,0,10000.0
5923,574.0,0,304,10.0,272.0,1,10000.0
5924,575.0,0,304,13.0,265.0,2,10000.0
5925,576.0,0,304,20.0,321.0,3,10000.0
5926,577.0,0,304,17.0,255.0,4,10000.0
5927,578.0,0,304,15.0,288.0,5,10000.0
5928,579.0,0,304,38.0,400.0,6,10000.0
5929,580.0,0,304,16.0,286.0,7,10000.0
5930,581.0,0,304,11.0,230.0,8,10000.0
5931,582.0,0,304,12.0,221.0,9,10000.0
5932,583.0,0,304,32.0,365.0,10,10000.0
5933,584.0,0,304,20.0,327.0,11,10000.0
5934,585.0,0,304,14.0,262.0,12,10000.0
5935,586.0,0,304,5.0,173.0,13,10000.0
5936,675.0,0,315,2.0,2.0,-14,10000.0
5937,676.0,0,315,1.0,2.0,-13,10000.0
5938,677.0,0,315,1.0,1.0,-12,10000.0
5939,678.0,0,315,1.0,2.0,-11,10000.0
5940,679.0,0,315,1.0,4.0,-10,10000.0
5941,680.0,0,315,1.0,6.0,-9,10000.0
5942,681.0,0,315,1.0,1.0,-8,10000.0
5943,682.0,0,315,1.0,1.0,-7,10000.0
5944,683.0,0,315,0.0,1.0,-6,10000.0
5945,684.0,0,315,0.0,1.0,-5,10000.0
5946,685.0,0,315,0.0,3.0,-4,10000.0
5947,686.0,0,315,0.0,1.0,-3,10000.0
5948,687.0,0,315,2.0,3.0,-2,10000.0
5949,688.0,0,315,0.0,1.0,-1,10000.0
5950,689.0,0,315,0.0,3.0,0,10000.0
5951,690.0,0,315,0.0,6.0,1,10000.0
5952,691.0,0,315,0.0,2.0,2,10000.0
5953,692.0,0,315,1.0,6.0,3,10000.0
5954,693.0,0,315,2.0,8.0,4,10000.0
5955,694.0,0,315,0.0,1.0,5,10000.0
5956,695.0,0,315,0.0,1.0,6,10000.0
5957,696.0,0,315,0.0,5.0,7,10000.0
5958,697.0,0,315,0.0,1.0,8,10000.0
5959,698.0,0,315,0.0,2.0,9,10000.0
5960,699.0,0,315,4.0,9.0,10,10000.0
5961,700.0,0,315,1.0,3.0,11,10000.0
5962,701.0,0,315,1.0,1.0,12,10000.0
5963,702.0,0,315,1.0,0.0,13,10000.0
5964,677.0,0,318,0.0,0.0,-14,10000.0
5965,678.0,0,318,0.0,0.0,-13,10000.0
5966,679.0,0,318,0.0,0.0,-12,10000.0
5967,680.0,0,318,1.0,0.0,-11,10000.0
5968,681.0,0,318,0.0,0.0,-10,10000.0
5969,682.0,0,318,0.0,0.0,-9,10000.0
5970,683.0,0,318,0.0,0.0,-8,10000.0
5971,684.0,0,318,0.0,0.0,-7,10000.0
5972,685.0,0,318,0.0,0.0,-6,10000.0
5973,686.0,0,318,0.0,1.0,-5,10000.0
5974,687.0,0,318,0.0,1.0,-4,10000.0
5975,688.0,0,318,0.0,0.0,-3,10000.0
5976,689.0,0,318,0.0,0.0,-2,10000.0
5977,690.0,0,318,0.0,0.0,-1,10000.0
5978,691.0,0,318,1.0,0.0,0,10000.0
5979,692.0,0,318,0.0,0.0,1,10000.0
5980,693.0,0,318,0.0,1.0,2,10000.0
5981,694.0,0,318,1.0,0.0,3,10000.0
5982,695.0,0,318,0.0,0.0,4,10000.0
5983,696.0,0,318,0.0,0.0,5,10000.0
5984,697.0,0,318,0.0,0.0,6,10000.0
5985,698.0,0,318,0.0,2.0,7,10000.0
5986,699.0,0,318,0.0,0.0,8,10000.0
5987,700.0,0,318,0.0,0.0,9,10000.0
5988,701.0,0,318,0.0,0.0,10,10000.0
5989,702.0,0,318,0.0,0.0,11,10000.0
5990,703.0,0,318,0.0,0.0,12,10000.0
5991,704.0,0,318,0.0,0.0,13,10000.0
5992,759.0,0,323,1.0,0.0,-14,10000.0
5993,760.0,0,323,0.0,0.0,-13,10000.0
5994,761.0,0,323,0.0,0.0,-12,10000.0
5995,762.0,0,323,0.0,0.0,-11,10000.0
5996,763.0,0,323,0.0,0.0,-10,10000.0
5997,764.0,0,323,0.0,0.0,-9,10000.0
5998,765.0,0,323,0.0,0.0,-8,10000.0
5999,766.0,0,323,1.0,0.0,-7,10000.0
6000,767.0,0,323,0.0,0.0,-6,10000.0
6001,768.0,0,323,1.0,0.0,-5,10000.0
6002,769.0,0,323,0.0,0.0,-4,10000.0
6003,770.0,0,323,0.0,1.0,-3,10000.0
6004,771.0,0,323,0.0,2.0,-2,10000.0
6005,772.0,0,323,0.0,1.0,-1,10000.0
6006,773.0,0,323,0.0,0.0,0,10000.0
6007,774.0,0,323,1.0,1.0,1,10000.0
6008,775.0,0,323,0.0,0.0,2,10000.0
6009,776.0,0,323,0.0,1.0,3,10000.0
6010,777.0,0,323,0.0,1.0,4,10000.0
6011,778.0,0,323,1.0,0.0,5,10000.0
6012,779.0,0,323,0.0,0.0,6,10000.0
6013,780.0,0,323,4.0,3.0,7,10000.0
6014,781.0,0,323,0.0,0.0,8,10000.0
6015,782.0,0,323,0.0,0.0,9,10000.0
6016,783.0,0,323,0.0,0.0,10,10000.0
6017,784.0,0,323,0.0,0.0,11,10000.0
6018,785.0,0,323,0.0,0.0,12,10000.0
6019,786.0,0,323,0.0,0.0,13,10000.0
6020,578.0,0,327,1.0,15.0,-14,10000.0
6021,579.0,0,327,3.0,27.0,-13,10000.0
6022,580.0,0,327,2.0,23.0,-12,10000.0
6023,581.0,0,327,1.0,20.0,-11,10000.0
6024,582.0,0,327,1.0,6.0,-10,10000.0
6025,583.0,0,327,2.0,8.0,-9,10000.0
6026,584.0,0,327,0.0,22.0,-8,10000.0
6027,585.0,0,327,0.0,9.0,-7,10000.0
6028,586.0,0,327,3.0,18.0,-6,10000.0
6029,587.0,0,327,0.0,13.0,-5,10000.0
6030,588.0,0,327,2.0,7.0,-4,10000.0
6031,589.0,0,327,0.0,9.0,-3,10000.0
6032,590.0,0,327,0.0,5.0,-2,10000.0
6033,591.0,0,327,3.0,6.0,-1,10000.0
6034,592.0,0,327,3.0,7.0,0,10000.0
6035,593.0,0,327,1.0,6.0,1,10000.0
6036,594.0,0,327,0.0,4.0,2,10000.0
6037,595.0,0,327,2.0,5.0,3,10000.0
6038,596.0,0,327,0.0,6.0,4,10000.0
6039,597.0,0,327,0.0,2.0,5,10000.0
6040,598.0,0,327,0.0,7.0,6,10000.0
6041,599.0,0,327,0.0,4.0,7,10000.0
6042,600.0,0,327,2.0,6.0,8,10000.0
6043,601.0,0,327,2.0,14.0,9,10000.0
6044,602.0,0,327,0.0,4.0,10,10000.0
6045,603.0,0,327,0.0,7.0,11,10000.0
6046,604.0,0,327,1.0,19.0,12,10000.0
6047,605.0,0,327,0.0,7.0,13,10000.0
6048,578.0,0,327,0.0,4.0,-14,10000.0
6049,579.0,0,327,1.0,0.0,-13,10000.0
6050,580.0,0,327,0.0,3.0,-12,10000.0
6051,581.0,0,327,1.0,5.0,-11,10000.0
6052,582.0,0,327,0.0,1.0,-10,10000.0
6053,583.0,0,327,0.0,2.0,-9,10000.0
6054,713.0,0,327,0.0,6.0,-8,10000.0
6055,714.0,0,327,0.0,2.0,-7,10000.0
6056,586.0,0,327,0.0,1.0,-6,10000.0
6057,716.0,0,327,1.0,2.0,-5,10000.0
6058,588.0,0,327,0.0,0.0,-4,10000.0
6059,718.0,0,327,0.0,0.0,-3,10000.0
6060,719.0,0,327,2.0,2.0,-2,10000.0
6061,591.0,0,327,0.0,1.0,-1,10000.0
6062,592.0,0,327,0.0,1.0,0,10000.0
6063,593.0,0,327,0.0,2.0,1,10000.0
6064,723.0,0,327,0.0,0.0,2,10000.0
6065,595.0,0,327,0.0,0.0,3,10000.0
6066,725.0,0,327,0.0,0.0,4,10000.0
6067,726.0,0,327,0.0,1.0,5,10000.0
6068,727.0,0,327,1.0,4.0,6,10000.0
6069,728.0,0,327,0.0,4.0,7,10000.0
6070,600.0,0,327,0.0,2.0,8,10000.0
6071,601.0,0,327,0.0,2.0,9,10000.0
6072,731.0,0,327,0.0,2.0,10,10000.0
6073,732.0,0,327,0.0,3.0,11,10000.0
6074,604.0,0,327,0.0,0.0,12,10000.0
6075,734.0,0,327,0.0,1.0,13,10000.0
6076,630.0,0,328,0.0,2.0,-14,10000.0
6077,631.0,0,328,0.0,0.0,-13,10000.0
6078,632.0,0,328,2.0,0.0,-12,10000.0
6079,633.0,0,328,1.0,4.0,-11,10000.0
6080,634.0,0,328,1.0,4.0,-10,10000.0
6081,635.0,0,328,0.0,2.0,-9,10000.0
6082,636.0,0,328,1.0,2.0,-8,10000.0
6083,637.0,0,328,1.0,1.0,-7,10000.0
6084,638.0,0,328,0.0,3.0,-6,10000.0
6085,639.0,0,328,2.0,1.0,-5,10000.0
6086,640.0,0,328,1.0,3.0,-4,10000.0
6087,641.0,0,328,0.0,0.0,-3,10000.0
6088,642.0,0,328,1.0,0.0,-2,10000.0
6089,643.0,0,328,2.0,3.0,-1,10000.0
6090,644.0,0,328,0.0,3.0,0,10000.0
6091,645.0,0,328,0.0,3.0,1,10000.0
6092,646.0,0,328,0.0,1.0,2,10000.0
6093,647.0,0,328,0.0,3.0,3,10000.0
6094,648.0,0,328,0.0,2.0,4,10000.0
6095,649.0,0,328,0.0,0.0,5,10000.0
6096,650.0,0,328,1.0,2.0,6,10000.0
6097,651.0,0,328,0.0,2.0,7,10000.0
6098,652.0,0,328,1.0,2.0,8,10000.0
6099,653.0,0,328,0.0,2.0,9,10000.0
6100,654.0,0,328,0.0,1.0,10,10000.0
6101,655.0,0,328,0.0,0.0,11,10000.0
6102,656.0,0,328,0.0,0.0,12,10000.0
6103,657.0,0,328,0.0,0.0,13,10000.0
6104,612.0,0,329,0.0,0.0,-14,10000.0
6105,613.0,0,329,0.0,0.0,-13,10000.0
6106,614.0,0,329,0.0,0.0,-12,10000.0
6107,615.0,0,329,0.0,1.0,-11,10000.0
6108,616.0,0,329,0.0,0.0,-10,10000.0
6109,617.0,0,329,0.0,0.0,-9,10000.0
6110,618.0,0,329,0.0,0.0,-8,10000.0
6111,619.0,0,329,1.0,0.0,-7,10000.0
6112,620.0,0,329,0.0,0.0,-6,10000.0
6113,621.0,0,329,0.0,0.0,-5,10000.0
6114,622.0,0,329,0.0,0.0,-4,10000.0
6115,623.0,0,329,0.0,1.0,-3,10000.0
6116,624.0,0,329,0.0,2.0,-2,10000.0
6117,625.0,0,329,0.0,0.0,-1,10000.0
6118,626.0,0,329,0.0,0.0,0,10000.0
6119,627.0,0,329,0.0,0.0,1,10000.0
6120,628.0,0,329,0.0,0.0,2,10000.0
6121,629.0,0,329,0.0,1.0,3,10000.0
6122,630.0,0,329,0.0,3.0,4,10000.0
6123,631.0,0,329,0.0,0.0,5,10000.0
6124,632.0,0,329,1.0,1.0,6,10000.0
6125,633.0,0,329,0.0,0.0,7,10000.0
6126,634.0,0,329,0.0,1.0,8,10000.0
6127,635.0,0,329,0.0,1.0,9,10000.0
6128,636.0,0,329,0.0,2.0,10,10000.0
6129,637.0,0,329,0.0,0.0,11,10000.0
6130,638.0,0,329,0.0,1.0,12,10000.0
6131,639.0,0,329,0.0,0.0,13,10000.0
6132,636.0,0,330,0.0,2.0,-14,10000.0
6133,637.0,0,330,0.0,2.0,-13,10000.0
6134,638.0,0,330,0.0,1.0,-12,10000.0
6135,639.0,0,330,1.0,1.0,-11,10000.0
6136,640.0,0,330,0.0,0.0,-10,10000.0
6137,641.0,0,330,0.0,1.0,-9,10000.0
6138,642.0,0,330,0.0,0.0,-8,10000.0
6139,643.0,0,330,0.0,0.0,-7,10000.0
6140,644.0,0,330,0.0,0.0,-6,10000.0
6141,645.0,0,330,0.0,0.0,-5,10000.0
6142,646.0,0,330,0.0,0.0,-4,10000.0
6143,647.0,0,330,0.0,1.0,-3,10000.0
6144,648.0,0,330,0.0,0.0,-2,10000.0
6145,649.0,0,330,0.0,0.0,-1,10000.0
6146,650.0,0,330,0.0,3.0,0,10000.0
6147,651.0,0,330,0.0,1.0,1,10000.0
6148,652.0,0,330,0.0,1.0,2,10000.0
6149,653.0,0,330,0.0,0.0,3,10000.0
6150,654.0,0,330,0.0,0.0,4,10000.0
6151,655.0,0,330,0.0,2.0,5,10000.0
6152,656.0,0,330,0.0,0.0,6,10000.0
6153,657.0,0,330,0.0,1.0,7,10000.0
6154,658.0,0,330,1.0,0.0,8,10000.0
6155,659.0,0,330,0.0,0.0,9,10000.0
6156,660.0,0,330,0.0,0.0,10,10000.0
6157,661.0,0,330,0.0,0.0,11,10000.0
6158,662.0,0,330,0.0,0.0,12,10000.0
6159,663.0,0,330,0.0,0.0,13,10000.0
6160,765.0,0,334,0.0,0.0,-14,10000.0
6161,766.0,0,334,0.0,0.0,-13,10000.0
6162,767.0,0,334,0.0,0.0,-12,10000.0
6163,768.0,0,334,0.0,0.0,-11,10000.0
6164,769.0,0,334,0.0,0.0,-10,10000.0
6165,770.0,0,334,0.0,0.0,-9,10000.0
6166,771.0,0,334,0.0,0.0,-8,10000.0
6167,772.0,0,334,0.0,0.0,-7,10000.0
6168,773.0,0,334,0.0,0.0,-6,10000.0
6169,774.0,0,334,0.0,0.0,-5,10000.0
6170,775.0,0,334,0.0,0.0,-4,10000.0
6171,776.0,0,334,0.0,0.0,-3,10000.0
6172,777.0,0,334,0.0,0.0,-2,10000.0
6173,778.0,0,334,0.0,0.0,-1,10000.0
6174,0.0,0,334,4.0,72.0,0,10000.0
6175,1.0,0,334,2.0,51.0,1,10000.0
6176,2.0,0,334,0.0,33.0,2,10000.0
6177,3.0,0,334,0.0,31.0,3,10000.0
6178,4.0,0,334,2.0,19.0,4,10000.0
6179,5.0,0,334,0.0,20.0,5,10000.0
6180,6.0,0,334,1.0,17.0,6,10000.0
6181,7.0,0,334,0.0,17.0,7,10000.0
6182,8.0,0,334,0.0,23.0,8,10000.0
6183,9.0,0,334,0.0,9.0,9,10000.0
6184,10.0,0,334,1.0,14.0,10,10000.0
6185,11.0,0,334,0.0,15.0,11,10000.0
6186,12.0,0,334,0.0,28.0,12,10000.0
6187,13.0,0,334,0.0,24.0,13,10000.0
6188,765.0,0,334,1.0,4.0,-14,10000.0
6189,766.0,0,334,0.0,1.0,-13,10000.0
6190,767.0,0,334,0.0,3.0,-12,10000.0
6191,768.0,0,334,3.0,31.0,-11,10000.0
6192,769.0,0,334,2.0,28.0,-10,10000.0
6193,770.0,0,334,0.0,2.0,-9,10000.0
6194,771.0,0,334,0.0,3.0,-8,10000.0
6195,772.0,0,334,0.0,7.0,-7,10000.0
6196,773.0,0,334,0.0,1.0,-6,10000.0
6197,774.0,0,334,0.0,2.0,-5,10000.0
6198,775.0,0,334,0.0,8.0,-4,10000.0
6199,776.0,0,334,0.0,1.0,-3,10000.0
6200,777.0,0,334,0.0,0.0,-2,10000.0
6201,778.0,0,334,0.0,2.0,-1,10000.0
6202,0.0,0,334,0.0,2.0,0,10000.0
6203,1.0,0,334,0.0,2.0,1,10000.0
6204,781.0,0,334,0.0,3.0,2,10000.0
6205,782.0,0,334,5.0,19.0,3,10000.0
6206,4.0,0,334,0.0,26.0,4,10000.0
6207,784.0,0,334,4.0,32.0,5,10000.0
6208,6.0,0,334,2.0,15.0,6,10000.0
6209,786.0,0,334,1.0,18.0,7,10000.0
6210,787.0,0,334,4.0,18.0,8,10000.0
6211,788.0,0,334,2.0,27.0,9,10000.0
6212,10.0,0,334,3.0,8.0,10,10000.0
6213,790.0,0,334,0.0,11.0,11,10000.0
6214,791.0,0,334,1.0,10.0,12,10000.0
6215,792.0,0,334,0.0,5.0,13,10000.0
6216,552.0,0,337,1.0,0.0,-14,10000.0
6217,546.0,0,337,0.0,1.0,-13,10000.0
6218,547.0,0,337,1.0,3.0,-12,10000.0
6219,548.0,0,337,0.0,2.0,-11,10000.0
6220,549.0,0,337,2.0,2.0,-10,10000.0
6221,550.0,0,337,1.0,1.0,-9,10000.0
6222,551.0,0,337,0.0,1.0,-8,10000.0
6223,552.0,0,337,1.0,1.0,-7,10000.0
6224,553.0,0,337,1.0,2.0,-6,10000.0
6225,561.0,0,337,0.0,0.0,-5,10000.0
6226,562.0,0,337,0.0,0.0,-4,10000.0
6227,563.0,0,337,0.0,0.0,-3,10000.0
6228,564.0,0,337,0.0,0.0,-2,10000.0
6229,558.0,0,337,1.0,1.0,-1,10000.0
6230,559.0,0,337,2.0,1.0,0,10000.0
6231,560.0,0,337,1.0,5.0,1,10000.0
6232,561.0,0,337,1.0,7.0,2,10000.0
6233,562.0,0,337,0.0,1.0,3,10000.0
6234,563.0,0,337,2.0,6.0,4,10000.0
6235,564.0,0,337,0.0,5.0,5,10000.0
6236,565.0,0,337,2.0,13.0,6,10000.0
6237,566.0,0,337,2.0,25.0,7,10000.0
6238,567.0,0,337,0.0,8.0,8,10000.0
6239,568.0,0,337,1.0,2.0,9,10000.0
6240,569.0,0,337,1.0,4.0,10,10000.0
6241,570.0,0,337,2.0,5.0,11,10000.0
6242,571.0,0,337,1.0,6.0,12,10000.0
6243,572.0,0,337,0.0,6.0,13,10000.0
6244,545.0,0,337,1.0,2.0,-14,10000.0
6245,553.0,0,337,1.0,1.0,-13,10000.0
6246,547.0,0,337,0.0,0.0,-12,10000.0
6247,555.0,0,337,0.0,0.0,-11,10000.0
6248,549.0,0,337,0.0,0.0,-10,10000.0
6249,550.0,0,337,1.0,1.0,-9,10000.0
6250,558.0,0,337,2.0,0.0,-8,10000.0
6251,552.0,0,337,2.0,0.0,-7,10000.0
6252,553.0,0,337,3.0,8.0,-6,10000.0
6253,561.0,0,337,0.0,2.0,-5,10000.0
6254,562.0,0,337,1.0,2.0,-4,10000.0
6255,563.0,0,337,4.0,6.0,-3,10000.0
6256,564.0,0,337,0.0,3.0,-2,10000.0
6257,558.0,0,337,17.0,16.0,-1,10000.0
6258,559.0,0,337,2.0,8.0,0,10000.0
6259,560.0,0,337,1.0,6.0,1,10000.0
6260,561.0,0,337,0.0,3.0,2,10000.0
6261,569.0,0,337,2.0,4.0,3,10000.0
6262,563.0,0,337,2.0,4.0,4,10000.0
6263,571.0,0,337,1.0,6.0,5,10000.0
6264,565.0,0,337,0.0,6.0,6,10000.0
6265,566.0,0,337,1.0,10.0,7,10000.0
6266,574.0,0,337,1.0,3.0,8,10000.0
6267,568.0,0,337,0.0,4.0,9,10000.0
6268,569.0,0,337,2.0,6.0,10,10000.0
6269,570.0,0,337,0.0,1.0,11,10000.0
6270,571.0,0,337,1.0,7.0,12,10000.0
6271,579.0,0,337,0.0,2.0,13,10000.0
6272,683.0,0,338,0.0,0.0,-14,10000.0
6273,684.0,0,338,0.0,0.0,-13,10000.0
6274,685.0,0,338,0.0,0.0,-12,10000.0
6275,686.0,0,338,0.0,0.0,-11,10000.0
6276,687.0,0,338,0.0,0.0,-10,10000.0
6277,688.0,0,338,0.0,0.0,-9,10000.0
6278,689.0,0,338,0.0,0.0,-8,10000.0
6279,690.0,0,338,1.0,0.0,-7,10000.0
6280,691.0,0,338,0.0,0.0,-6,10000.0
6281,692.0,0,338,0.0,0.0,-5,10000.0
6282,693.0,0,338,0.0,0.0,-4,10000.0
6283,694.0,0,338,0.0,0.0,-3,10000.0
6284,695.0,0,338,0.0,0.0,-2,10000.0
6285,696.0,0,338,0.0,0.0,-1,10000.0
6286,686.0,0,338,1.0,1.0,0,10000.0
6287,698.0,0,338,0.0,0.0,1,10000.0
6288,699.0,0,338,0.0,0.0,2,10000.0
6289,700.0,0,338,0.0,0.0,3,10000.0
6290,690.0,0,338,0.0,1.0,4,10000.0
6291,702.0,0,338,0.0,0.0,5,10000.0
6292,692.0,0,338,0.0,2.0,6,10000.0
6293,704.0,0,338,0.0,0.0,7,10000.0
6294,705.0,0,338,0.0,0.0,8,10000.0
6295,706.0,0,338,0.0,0.0,9,10000.0
6296,707.0,0,338,0.0,0.0,10,10000.0
6297,708.0,0,338,0.0,0.0,11,10000.0
6298,698.0,0,338,0.0,1.0,12,10000.0
6299,710.0,0,338,0.0,0.0,13,10000.0
6300,683.0,0,338,0.0,0.0,-14,10000.0
6301,684.0,0,338,0.0,0.0,-13,10000.0
6302,685.0,0,338,0.0,0.0,-12,10000.0
6303,686.0,0,338,1.0,1.0,-11,10000.0
6304,687.0,0,338,0.0,0.0,-10,10000.0
6305,688.0,0,338,0.0,0.0,-9,10000.0
6306,689.0,0,338,0.0,0.0,-8,10000.0
6307,679.0,0,338,0.0,1.0,-7,10000.0
6308,691.0,0,338,0.0,0.0,-6,10000.0
6309,692.0,0,338,0.0,2.0,-5,10000.0
6310,693.0,0,338,0.0,0.0,-4,10000.0
6311,694.0,0,338,0.0,0.0,-3,10000.0
6312,695.0,0,338,0.0,0.0,-2,10000.0
6313,696.0,0,338,0.0,0.0,-1,10000.0
6314,686.0,0,338,0.0,0.0,0,10000.0
6315,698.0,0,338,0.0,1.0,1,10000.0
6316,699.0,0,338,0.0,0.0,2,10000.0
6317,700.0,0,338,0.0,0.0,3,10000.0
6318,701.0,0,338,0.0,2.0,4,10000.0
6319,702.0,0,338,0.0,0.0,5,10000.0
6320,703.0,0,338,0.0,0.0,6,10000.0
6321,704.0,0,338,1.0,1.0,7,10000.0
6322,705.0,0,338,0.0,0.0,8,10000.0
6323,706.0,0,338,0.0,0.0,9,10000.0
6324,707.0,0,338,0.0,0.0,10,10000.0
6325,708.0,0,338,0.0,0.0,11,10000.0
6326,709.0,0,338,0.0,0.0,12,10000.0
6327,710.0,0,338,0.0,0.0,13,10000.0
6328,553.0,0,345,0.0,0.0,-14,824.0
6329,554.0,0,345,4.0,3.0,-13,824.0
6330,555.0,0,345,7.0,2.0,-12,824.0
6331,556.0,0,345,1.0,2.0,-11,824.0
6332,557.0,0,345,0.0,4.0,-10,824.0
6333,558.0,0,345,38.0,111.0,-9,824.0
6334,559.0,0,345,91.0,162.0,-8,824.0
6335,560.0,0,345,52.0,130.0,-7,824.0
6336,561.0,0,345,77.0,98.0,-6,824.0
6337,562.0,0,345,45.0,122.0,-5,824.0
6338,563.0,0,345,51.0,160.0,-4,824.0
6339,564.0,0,345,177.0,1051.0,-3,824.0
6340,565.0,0,345,151.0,384.0,-2,824.0
6341,566.0,0,345,112.0,340.0,-1,824.0
6342,567.0,0,345,80.0,389.0,0,824.0
6343,568.0,0,345,86.0,394.0,1,824.0
6344,569.0,0,345,146.0,713.0,2,824.0
6345,570.0,0,345,83.0,264.0,3,824.0
6346,571.0,0,345,34.0,107.0,4,824.0
6347,572.0,0,345,31.0,91.0,5,824.0
6348,573.0,0,345,24.0,83.0,6,824.0
6349,574.0,0,345,7.0,34.0,7,824.0
6350,575.0,0,345,7.0,46.0,8,824.0
6351,576.0,0,345,12.0,52.0,9,824.0
6352,577.0,0,345,5.0,33.0,10,824.0
6353,578.0,0,345,9.0,34.0,11,824.0
6354,579.0,0,345,10.0,26.0,12,824.0
6355,580.0,0,345,7.0,26.0,13,824.0
6356,733.0,0,347,0.0,1.0,-14,802.0
6357,734.0,0,347,1.0,1.0,-13,802.0
6358,735.0,0,347,0.0,0.0,-12,802.0
6359,736.0,0,347,0.0,2.0,-11,802.0
6360,737.0,0,347,0.0,0.0,-10,802.0
6361,738.0,0,347,7.0,14.0,-9,802.0
6362,739.0,0,347,0.0,2.0,-8,802.0
6363,740.0,0,347,0.0,2.0,-7,802.0
6364,741.0,0,347,1.0,0.0,-6,802.0
6365,742.0,0,347,0.0,0.0,-5,802.0
6366,743.0,0,347,0.0,1.0,-4,802.0
6367,744.0,0,347,0.0,1.0,-3,802.0
6368,745.0,0,347,3.0,7.0,-2,802.0
6369,746.0,0,347,0.0,4.0,-1,802.0
6370,747.0,0,347,1.0,1.0,0,802.0
6371,748.0,0,347,1.0,2.0,1,802.0
6372,749.0,0,347,0.0,0.0,2,802.0
6373,750.0,0,347,0.0,0.0,3,802.0
6374,751.0,0,347,0.0,0.0,4,802.0
6375,752.0,0,347,0.0,2.0,5,802.0
6376,753.0,0,347,1.0,3.0,6,802.0
6377,754.0,0,347,1.0,0.0,7,802.0
6378,755.0,0,347,1.0,1.0,8,802.0
6379,756.0,0,347,1.0,5.0,9,802.0
6380,757.0,0,347,0.0,0.0,10,802.0
6381,758.0,0,347,0.0,2.0,11,802.0
6382,759.0,0,347,1.0,1.0,12,802.0
6383,760.0,0,347,4.0,16.0,13,802.0
6384,705.0,0,348,0.0,4.0,-14,10000.0
6385,706.0,0,348,0.0,3.0,-13,10000.0
6386,707.0,0,348,0.0,3.0,-12,10000.0
6387,708.0,0,348,0.0,1.0,-11,10000.0
6388,709.0,0,348,0.0,2.0,-10,10000.0
6389,710.0,0,348,0.0,2.0,-9,10000.0
6390,711.0,0,348,1.0,9.0,-8,10000.0
6391,712.0,0,348,0.0,5.0,-7,10000.0
6392,713.0,0,348,0.0,1.0,-6,10000.0
6393,714.0,0,348,1.0,1.0,-5,10000.0
6394,835.0,0,348,0.0,0.0,-4,10000.0
6395,716.0,0,348,1.0,1.0,-3,10000.0
6396,717.0,0,348,0.0,3.0,-2,10000.0
6397,718.0,0,348,1.0,1.0,-1,10000.0
6398,719.0,0,348,2.0,1.0,0,10000.0
6399,720.0,0,348,0.0,1.0,1,10000.0
6400,721.0,0,348,0.0,3.0,2,10000.0
6401,842.0,0,348,0.0,0.0,3,10000.0
6402,723.0,0,348,0.0,1.0,4,10000.0
6403,724.0,0,348,0.0,1.0,5,10000.0
6404,725.0,0,348,0.0,6.0,6,10000.0
6405,726.0,0,348,1.0,1.0,7,10000.0
6406,727.0,0,348,0.0,1.0,8,10000.0
6407,728.0,0,348,0.0,1.0,9,10000.0
6408,849.0,0,348,0.0,0.0,10,10000.0
6409,730.0,0,348,0.0,2.0,11,10000.0
6410,851.0,0,348,0.0,0.0,12,10000.0
6411,852.0,0,348,0.0,0.0,13,10000.0
6412,825.0,0,348,1.0,2.0,-14,10000.0
6413,826.0,0,348,0.0,0.0,-13,10000.0
6414,827.0,0,348,0.0,5.0,-12,10000.0
6415,828.0,0,348,0.0,0.0,-11,10000.0
6416,829.0,0,348,0.0,0.0,-10,10000.0
6417,830.0,0,348,0.0,0.0,-9,10000.0
6418,711.0,0,348,1.0,2.0,-8,10000.0
6419,832.0,0,348,0.0,3.0,-7,10000.0
6420,833.0,0,348,3.0,4.0,-6,10000.0
6421,714.0,0,348,1.0,0.0,-5,10000.0
6422,835.0,0,348,0.0,0.0,-4,10000.0
6423,716.0,0,348,0.0,0.0,-3,10000.0
6424,837.0,0,348,0.0,1.0,-2,10000.0
6425,718.0,0,348,1.0,1.0,-1,10000.0
6426,719.0,0,348,1.0,0.0,0,10000.0
6427,840.0,0,348,0.0,1.0,1,10000.0
6428,841.0,0,348,0.0,0.0,2,10000.0
6429,842.0,0,348,1.0,1.0,3,10000.0
6430,843.0,0,348,0.0,0.0,4,10000.0
6431,844.0,0,348,0.0,0.0,5,10000.0
6432,845.0,0,348,0.0,1.0,6,10000.0
6433,726.0,0,348,2.0,1.0,7,10000.0
6434,847.0,0,348,0.0,2.0,8,10000.0
6435,848.0,0,348,0.0,0.0,9,10000.0
6436,849.0,0,348,0.0,0.0,10,10000.0
6437,850.0,0,348,0.0,1.0,11,10000.0
6438,851.0,0,348,0.0,1.0,12,10000.0
6439,852.0,0,348,0.0,1.0,13,10000.0
6440,593.0,0,349,0.0,0.0,-14,10000.0
6441,594.0,0,349,0.0,0.0,-13,10000.0
6442,595.0,0,349,0.0,0.0,-12,10000.0
6443,596.0,0,349,0.0,0.0,-11,10000.0
6444,597.0,0,349,0.0,0.0,-10,10000.0
6445,598.0,0,349,0.0,0.0,-9,10000.0
6446,599.0,0,349,0.0,0.0,-8,10000.0
6447,600.0,0,349,0.0,0.0,-7,10000.0
6448,601.0,0,349,0.0,0.0,-6,10000.0
6449,602.0,0,349,0.0,0.0,-5,10000.0
6450,603.0,0,349,0.0,0.0,-4,10000.0
6451,565.0,0,349,0.0,2.0,-3,10000.0
6452,566.0,0,349,0.0,2.0,-2,10000.0
6453,606.0,0,349,0.0,0.0,-1,10000.0
6454,568.0,0,349,0.0,1.0,0,10000.0
6455,608.0,0,349,0.0,0.0,1,10000.0
6456,570.0,0,349,0.0,1.0,2,10000.0
6457,610.0,0,349,0.0,0.0,3,10000.0
6458,611.0,0,349,0.0,0.0,4,10000.0
6459,612.0,0,349,0.0,0.0,5,10000.0
6460,613.0,0,349,0.0,0.0,6,10000.0
6461,614.0,0,349,0.0,0.0,7,10000.0
6462,615.0,0,349,0.0,0.0,8,10000.0
6463,616.0,0,349,0.0,0.0,9,10000.0
6464,617.0,0,349,0.0,0.0,10,10000.0
6465,618.0,0,349,0.0,0.0,11,10000.0
6466,619.0,0,349,0.0,0.0,12,10000.0
6467,620.0,0,349,0.0,0.0,13,10000.0
6468,593.0,0,349,0.0,1.0,-14,10000.0
6469,594.0,0,349,0.0,3.0,-13,10000.0
6470,595.0,0,349,0.0,0.0,-12,10000.0
6471,583.0,0,349,0.0,1.0,-11,10000.0
6472,597.0,0,349,0.0,0.0,-10,10000.0
6473,585.0,0,349,0.0,0.0,-9,10000.0
6474,599.0,0,349,0.0,1.0,-8,10000.0
6475,600.0,0,349,0.0,0.0,-7,10000.0
6476,601.0,0,349,0.0,0.0,-6,10000.0
6477,602.0,0,349,0.0,0.0,-5,10000.0
6478,603.0,0,349,0.0,0.0,-4,10000.0
6479,604.0,0,349,0.0,0.0,-3,10000.0
6480,605.0,0,349,0.0,0.0,-2,10000.0
6481,606.0,0,349,0.0,0.0,-1,10000.0
6482,607.0,0,349,0.0,0.0,0,10000.0
6483,608.0,0,349,0.0,0.0,1,10000.0
6484,609.0,0,349,0.0,0.0,2,10000.0
6485,610.0,0,349,0.0,0.0,3,10000.0
6486,611.0,0,349,0.0,1.0,4,10000.0
6487,612.0,0,349,0.0,2.0,5,10000.0
6488,613.0,0,349,0.0,0.0,6,10000.0
6489,614.0,0,349,0.0,0.0,7,10000.0
6490,615.0,0,349,0.0,0.0,8,10000.0
6491,616.0,0,349,0.0,0.0,9,10000.0
6492,617.0,0,349,0.0,0.0,10,10000.0
6493,618.0,0,349,0.0,0.0,11,10000.0
6494,619.0,0,349,0.0,0.0,12,10000.0
6495,620.0,0,349,0.0,0.0,13,10000.0
6496,580.0,0,349,0.0,0.0,-14,10000.0
6497,581.0,0,349,0.0,0.0,-13,10000.0
6498,582.0,0,349,0.0,0.0,-12,10000.0
6499,583.0,0,349,0.0,1.0,-11,10000.0
6500,584.0,0,349,1.0,0.0,-10,10000.0
6501,585.0,0,349,0.0,1.0,-9,10000.0
6502,586.0,0,349,0.0,0.0,-8,10000.0
6503,587.0,0,349,0.0,0.0,-7,10000.0
6504,588.0,0,349,0.0,0.0,-6,10000.0
6505,589.0,0,349,0.0,0.0,-5,10000.0
6506,590.0,0,349,0.0,0.0,-4,10000.0
6507,591.0,0,349,0.0,0.0,-3,10000.0
6508,592.0,0,349,0.0,0.0,-2,10000.0
6509,593.0,0,349,0.0,0.0,-1,10000.0
6510,594.0,0,349,0.0,0.0,0,10000.0
6511,595.0,0,349,0.0,0.0,1,10000.0
6512,596.0,0,349,0.0,0.0,2,10000.0
6513,597.0,0,349,0.0,0.0,3,10000.0
6514,598.0,0,349,0.0,0.0,4,10000.0
6515,599.0,0,349,0.0,0.0,5,10000.0
6516,600.0,0,349,0.0,0.0,6,10000.0
6517,601.0,0,349,0.0,0.0,7,10000.0
6518,602.0,0,349,0.0,0.0,8,10000.0
6519,603.0,0,349,0.0,0.0,9,10000.0
6520,604.0,0,349,0.0,0.0,10,10000.0
6521,605.0,0,349,0.0,0.0,11,10000.0
6522,606.0,0,349,0.0,0.0,12,10000.0
6523,607.0,0,349,0.0,0.0,13,10000.0
6524,580.0,0,349,0.0,0.0,-14,10000.0
6525,581.0,0,349,0.0,0.0,-13,10000.0
6526,582.0,0,349,0.0,0.0,-12,10000.0
6527,583.0,0,349,0.0,0.0,-11,10000.0
6528,584.0,0,349,0.0,0.0,-10,10000.0
6529,585.0,0,349,0.0,0.0,-9,10000.0
6530,586.0,0,349,0.0,0.0,-8,10000.0
6531,587.0,0,349,0.0,0.0,-7,10000.0
6532,588.0,0,349,0.0,0.0,-6,10000.0
6533,589.0,0,349,0.0,0.0,-5,10000.0
6534,590.0,0,349,0.0,0.0,-4,10000.0
6535,591.0,0,349,0.0,0.0,-3,10000.0
6536,592.0,0,349,0.0,0.0,-2,10000.0
6537,593.0,0,349,0.0,0.0,-1,10000.0
6538,594.0,0,349,0.0,0.0,0,10000.0
6539,595.0,0,349,0.0,0.0,1,10000.0
6540,596.0,0,349,0.0,1.0,2,10000.0
6541,597.0,0,349,0.0,0.0,3,10000.0
6542,598.0,0,349,0.0,0.0,4,10000.0
6543,599.0,0,349,0.0,0.0,5,10000.0
6544,600.0,0,349,0.0,0.0,6,10000.0
6545,601.0,0,349,0.0,0.0,7,10000.0
6546,602.0,0,349,0.0,0.0,8,10000.0
6547,603.0,0,349,0.0,0.0,9,10000.0
6548,604.0,0,349,0.0,0.0,10,10000.0
6549,605.0,0,349,0.0,0.0,11,10000.0
6550,606.0,0,349,0.0,0.0,12,10000.0
6551,607.0,0,349,0.0,0.0,13,10000.0
6552,687.0,0,350,0.0,1.0,-14,10000.0
6553,688.0,0,350,0.0,0.0,-13,10000.0
6554,689.0,0,350,1.0,1.0,-12,10000.0
6555,690.0,0,350,0.0,0.0,-11,10000.0
6556,691.0,0,350,0.0,0.0,-10,10000.0
6557,692.0,0,350,2.0,7.0,-9,10000.0
6558,693.0,0,350,0.0,0.0,-8,10000.0
6559,694.0,0,350,0.0,0.0,-7,10000.0
6560,695.0,0,350,1.0,0.0,-6,10000.0
6561,696.0,0,350,0.0,2.0,-5,10000.0
6562,697.0,0,350,3.0,5.0,-4,10000.0
6563,698.0,0,350,1.0,0.0,-3,10000.0
6564,699.0,0,350,0.0,0.0,-2,10000.0
6565,700.0,0,350,0.0,0.0,-1,10000.0
6566,701.0,0,350,1.0,1.0,0,10000.0
6567,702.0,0,350,0.0,0.0,1,10000.0
6568,703.0,0,350,0.0,0.0,2,10000.0
6569,704.0,0,350,0.0,1.0,3,10000.0
6570,705.0,0,350,0.0,1.0,4,10000.0
6571,706.0,0,350,0.0,1.0,5,10000.0
6572,707.0,0,350,0.0,1.0,6,10000.0
6573,708.0,0,350,1.0,5.0,7,10000.0
6574,709.0,0,350,1.0,1.0,8,10000.0
6575,710.0,0,350,0.0,2.0,9,10000.0
6576,711.0,0,350,0.0,3.0,10,10000.0
6577,712.0,0,350,0.0,1.0,11,10000.0
6578,713.0,0,350,1.0,1.0,12,10000.0
6579,714.0,0,350,0.0,0.0,13,10000.0
6580,588.0,0,351,0.0,0.0,-14,10000.0
6581,589.0,0,351,0.0,0.0,-13,10000.0
6582,590.0,0,351,0.0,0.0,-12,10000.0
6583,591.0,0,351,0.0,0.0,-11,10000.0
6584,592.0,0,351,0.0,0.0,-10,10000.0
6585,593.0,0,351,0.0,0.0,-9,10000.0
6586,594.0,0,351,0.0,0.0,-8,10000.0
6587,595.0,0,351,0.0,0.0,-7,10000.0
6588,596.0,0,351,0.0,0.0,-6,10000.0
6589,597.0,0,351,0.0,0.0,-5,10000.0
6590,598.0,0,351,0.0,0.0,-4,10000.0
6591,599.0,0,351,0.0,0.0,-3,10000.0
6592,600.0,0,351,0.0,0.0,-2,10000.0
6593,67.0,0,351,2.0,5.0,-1,10000.0
6594,68.0,0,351,0.0,3.0,0,10000.0
6595,69.0,0,351,1.0,2.0,1,10000.0
6596,604.0,0,351,0.0,0.0,2,10000.0
6597,605.0,0,351,0.0,0.0,3,10000.0
6598,606.0,0,351,1.0,0.0,4,10000.0
6599,607.0,0,351,0.0,0.0,5,10000.0
6600,74.0,0,351,0.0,2.0,6,10000.0
6601,609.0,0,351,0.0,0.0,7,10000.0
6602,610.0,0,351,0.0,0.0,8,10000.0
6603,77.0,0,351,0.0,1.0,9,10000.0
6604,612.0,0,351,0.0,0.0,10,10000.0
6605,79.0,0,351,0.0,1.0,11,10000.0
6606,614.0,0,351,1.0,0.0,12,10000.0
6607,615.0,0,351,0.0,0.0,13,10000.0
6608,588.0,0,351,1.0,0.0,-14,10000.0
6609,589.0,0,351,0.0,1.0,-13,10000.0
6610,590.0,0,351,0.0,0.0,-12,10000.0
6611,591.0,0,351,0.0,0.0,-11,10000.0
6612,592.0,0,351,0.0,1.0,-10,10000.0
6613,593.0,0,351,0.0,1.0,-9,10000.0
6614,594.0,0,351,0.0,0.0,-8,10000.0
6615,595.0,0,351,0.0,0.0,-7,10000.0
6616,596.0,0,351,0.0,0.0,-6,10000.0
6617,597.0,0,351,0.0,0.0,-5,10000.0
6618,598.0,0,351,1.0,1.0,-4,10000.0
6619,599.0,0,351,0.0,0.0,-3,10000.0
6620,600.0,0,351,0.0,0.0,-2,10000.0
6621,67.0,0,351,0.0,0.0,-1,10000.0
6622,602.0,0,351,0.0,0.0,0,10000.0
6623,69.0,0,351,0.0,1.0,1,10000.0
6624,604.0,0,351,0.0,0.0,2,10000.0
6625,605.0,0,351,0.0,0.0,3,10000.0
6626,72.0,0,351,0.0,0.0,4,10000.0
6627,607.0,0,351,0.0,0.0,5,10000.0
6628,608.0,0,351,0.0,0.0,6,10000.0
6629,609.0,0,351,0.0,1.0,7,10000.0
6630,610.0,0,351,0.0,0.0,8,10000.0
6631,611.0,0,351,0.0,0.0,9,10000.0
6632,612.0,0,351,0.0,0.0,10,10000.0
6633,613.0,0,351,0.0,0.0,11,10000.0
6634,80.0,0,351,0.0,1.0,12,10000.0
6635,615.0,0,351,0.0,0.0,13,10000.0
6636,664.0,0,355,0.0,0.0,-14,10000.0
6637,665.0,0,355,0.0,0.0,-13,10000.0
6638,666.0,0,355,0.0,0.0,-12,10000.0
6639,667.0,0,355,0.0,0.0,-11,10000.0
6640,668.0,0,355,0.0,0.0,-10,10000.0
6641,669.0,0,355,0.0,0.0,-9,10000.0
6642,670.0,0,355,0.0,0.0,-8,10000.0
6643,671.0,0,355,0.0,0.0,-7,10000.0
6644,672.0,0,355,0.0,0.0,-6,10000.0
6645,673.0,0,355,0.0,0.0,-5,10000.0
6646,674.0,0,355,0.0,0.0,-4,10000.0
6647,675.0,0,355,0.0,0.0,-3,10000.0
6648,676.0,0,355,0.0,0.0,-2,10000.0
6649,677.0,0,355,0.0,0.0,-1,10000.0
6650,678.0,0,355,0.0,0.0,0,10000.0
6651,679.0,0,355,0.0,0.0,1,10000.0
6652,680.0,0,355,0.0,0.0,2,10000.0
6653,681.0,0,355,0.0,0.0,3,10000.0
6654,682.0,0,355,0.0,0.0,4,10000.0
6655,683.0,0,355,0.0,0.0,5,10000.0
6656,684.0,0,355,0.0,0.0,6,10000.0
6657,685.0,0,355,0.0,0.0,7,10000.0
6658,686.0,0,355,0.0,0.0,8,10000.0
6659,660.0,0,355,0.0,1.0,9,10000.0
6660,688.0,0,355,0.0,0.0,10,10000.0
6661,689.0,0,355,0.0,0.0,11,10000.0
6662,690.0,0,355,0.0,0.0,12,10000.0
6663,691.0,0,355,0.0,0.0,13,10000.0
6664,664.0,0,355,0.0,0.0,-14,10000.0
6665,665.0,0,355,0.0,0.0,-13,10000.0
6666,666.0,0,355,0.0,0.0,-12,10000.0
6667,667.0,0,355,0.0,0.0,-11,10000.0
6668,668.0,0,355,0.0,0.0,-10,10000.0
6669,669.0,0,355,0.0,0.0,-9,10000.0
6670,670.0,0,355,0.0,0.0,-8,10000.0
6671,671.0,0,355,0.0,0.0,-7,10000.0
6672,672.0,0,355,0.0,0.0,-6,10000.0
6673,673.0,0,355,0.0,0.0,-5,10000.0
6674,674.0,0,355,0.0,0.0,-4,10000.0
6675,675.0,0,355,0.0,0.0,-3,10000.0
6676,676.0,0,355,0.0,0.0,-2,10000.0
6677,677.0,0,355,0.0,0.0,-1,10000.0
6678,678.0,0,355,0.0,0.0,0,10000.0
6679,679.0,0,355,0.0,0.0,1,10000.0
6680,680.0,0,355,0.0,0.0,2,10000.0
6681,681.0,0,355,0.0,0.0,3,10000.0
6682,682.0,0,355,0.0,0.0,4,10000.0
6683,683.0,0,355,0.0,0.0,5,10000.0
6684,684.0,0,355,0.0,0.0,6,10000.0
6685,685.0,0,355,0.0,0.0,7,10000.0
6686,686.0,0,355,0.0,1.0,8,10000.0
6687,660.0,0,355,0.0,0.0,9,10000.0
6688,688.0,0,355,0.0,0.0,10,10000.0
6689,689.0,0,355,0.0,0.0,11,10000.0
6690,690.0,0,355,0.0,1.0,12,10000.0
6691,691.0,0,355,0.0,0.0,13,10000.0
6692,-10.0,0,358,0.0,0.0,-14,10000.0
6693,-9.0,0,358,0.0,0.0,-13,10000.0
6694,-8.0,0,358,0.0,0.0,-12,10000.0
6695,-7.0,0,358,0.0,0.0,-11,10000.0
6696,-6.0,0,358,0.0,0.0,-10,10000.0
6697,-5.0,0,358,0.0,0.0,-9,10000.0
6698,-4.0,0,358,0.0,0.0,-8,10000.0
6699,-3.0,0,358,0.0,0.0,-7,10000.0
6700,-2.0,0,358,0.0,0.0,-6,10000.0
6701,-1.0,0,358,0.0,0.0,-5,10000.0
6702,0.0,0,358,0.0,0.0,-4,10000.0
6703,1.0,0,358,0.0,0.0,-3,10000.0
6704,2.0,0,358,0.0,0.0,-2,10000.0
6705,3.0,0,358,0.0,0.0,-1,10000.0
6706,4.0,0,358,0.0,0.0,0,10000.0
6707,5.0,0,358,0.0,0.0,1,10000.0
6708,6.0,0,358,0.0,0.0,2,10000.0
6709,7.0,0,358,0.0,0.0,3,10000.0
6710,4.0,0,358,0.0,9.0,4,10000.0
6711,5.0,0,358,0.0,8.0,5,10000.0
6712,6.0,0,358,0.0,9.0,6,10000.0
6713,7.0,0,358,0.0,5.0,7,10000.0
6714,8.0,0,358,0.0,6.0,8,10000.0
6715,9.0,0,358,0.0,4.0,9,10000.0
6716,10.0,0,358,0.0,3.0,10,10000.0
6717,11.0,0,358,0.0,5.0,11,10000.0
6718,12.0,0,358,0.0,2.0,12,10000.0
6719,13.0,0,358,0.0,4.0,13,10000.0
6720,-10.0,0,358,0.0,0.0,-14,10000.0
6721,-9.0,0,358,0.0,0.0,-13,10000.0
6722,-8.0,0,358,0.0,0.0,-12,10000.0
6723,-7.0,0,358,0.0,0.0,-11,10000.0
6724,-6.0,0,358,0.0,0.0,-10,10000.0
6725,-5.0,0,358,0.0,0.0,-9,10000.0
6726,-4.0,0,358,0.0,0.0,-8,10000.0
6727,-3.0,0,358,0.0,0.0,-7,10000.0
6728,-2.0,0,358,0.0,0.0,-6,10000.0
6729,-1.0,0,358,0.0,0.0,-5,10000.0
6730,0.0,0,358,0.0,0.0,-4,10000.0
6731,1.0,0,358,0.0,0.0,-3,10000.0
6732,2.0,0,358,0.0,0.0,-2,10000.0
6733,3.0,0,358,0.0,0.0,-1,10000.0
6734,4.0,0,358,2.0,4.0,0,10000.0
6735,5.0,0,358,4.0,6.0,1,10000.0
6736,6.0,0,358,2.0,6.0,2,10000.0
6737,7.0,0,358,0.0,6.0,3,10000.0
6738,8.0,0,358,1.0,6.0,4,10000.0
6739,9.0,0,358,1.0,2.0,5,10000.0
6740,10.0,0,358,1.0,3.0,6,10000.0
6741,11.0,0,358,1.0,4.0,7,10000.0
6742,12.0,0,358,1.0,1.0,8,10000.0
6743,13.0,0,358,0.0,4.0,9,10000.0
6744,14.0,0,358,0.0,0.0,10,10000.0
6745,15.0,0,358,0.0,1.0,11,10000.0
6746,16.0,0,358,0.0,2.0,12,10000.0
6747,17.0,0,358,1.0,1.0,13,10000.0
6748,554.0,0,361,0.0,0.0,-14,10000.0
6749,555.0,0,361,0.0,0.0,-13,10000.0
6750,556.0,0,361,0.0,0.0,-12,10000.0
6751,557.0,0,361,0.0,0.0,-11,10000.0
6752,558.0,0,361,0.0,0.0,-10,10000.0
6753,559.0,0,361,0.0,0.0,-9,10000.0
6754,560.0,0,361,0.0,0.0,-8,10000.0
6755,561.0,0,361,0.0,0.0,-7,10000.0
6756,562.0,0,361,0.0,0.0,-6,10000.0
6757,563.0,0,361,0.0,0.0,-5,10000.0
6758,564.0,0,361,0.0,0.0,-4,10000.0
6759,565.0,0,361,0.0,0.0,-3,10000.0
6760,566.0,0,361,0.0,0.0,-2,10000.0
6761,567.0,0,361,0.0,0.0,-1,10000.0
6762,566.0,0,361,0.0,1.0,0,10000.0
6763,569.0,0,361,0.0,0.0,1,10000.0
6764,570.0,0,361,0.0,0.0,2,10000.0
6765,571.0,0,361,0.0,0.0,3,10000.0
6766,572.0,0,361,0.0,0.0,4,10000.0
6767,573.0,0,361,0.0,0.0,5,10000.0
6768,574.0,0,361,0.0,0.0,6,10000.0
6769,575.0,0,361,0.0,0.0,7,10000.0
6770,576.0,0,361,0.0,0.0,8,10000.0
6771,577.0,0,361,0.0,0.0,9,10000.0
6772,578.0,0,361,0.0,0.0,10,10000.0
6773,579.0,0,361,0.0,0.0,11,10000.0
6774,580.0,0,361,0.0,0.0,12,10000.0
6775,581.0,0,361,0.0,0.0,13,10000.0
6776,554.0,0,361,0.0,0.0,-14,10000.0
6777,555.0,0,361,0.0,0.0,-13,10000.0
6778,556.0,0,361,0.0,0.0,-12,10000.0
6779,557.0,0,361,0.0,0.0,-11,10000.0
6780,558.0,0,361,0.0,0.0,-10,10000.0
6781,559.0,0,361,0.0,0.0,-9,10000.0
6782,560.0,0,361,0.0,0.0,-8,10000.0
6783,561.0,0,361,0.0,0.0,-7,10000.0
6784,562.0,0,361,0.0,0.0,-6,10000.0
6785,563.0,0,361,0.0,0.0,-5,10000.0
6786,564.0,0,361,0.0,0.0,-4,10000.0
6787,565.0,0,361,0.0,0.0,-3,10000.0
6788,566.0,0,361,0.0,1.0,-2,10000.0
6789,567.0,0,361,0.0,0.0,-1,10000.0
6790,566.0,0,361,0.0,0.0,0,10000.0
6791,569.0,0,361,0.0,0.0,1,10000.0
6792,570.0,0,361,0.0,0.0,2,10000.0
6793,571.0,0,361,0.0,0.0,3,10000.0
6794,572.0,0,361,0.0,0.0,4,10000.0
6795,573.0,0,361,0.0,0.0,5,10000.0
6796,574.0,0,361,0.0,0.0,6,10000.0
6797,575.0,0,361,0.0,0.0,7,10000.0
6798,576.0,0,361,0.0,0.0,8,10000.0
6799,577.0,0,361,0.0,0.0,9,10000.0
6800,578.0,0,361,0.0,0.0,10,10000.0
6801,579.0,0,361,0.0,0.0,11,10000.0
6802,580.0,0,361,0.0,0.0,12,10000.0
6803,581.0,0,361,0.0,0.0,13,10000.0
6804,573.0,0,362,0.0,4.0,-14,10000.0
6805,574.0,0,362,0.0,1.0,-13,10000.0
6806,575.0,0,362,0.0,1.0,-12,10000.0
6807,576.0,0,362,3.0,28.0,-11,10000.0
6808,577.0,0,362,0.0,5.0,-10,10000.0
6809,578.0,0,362,0.0,1.0,-9,10000.0
6810,579.0,0,362,0.0,0.0,-8,10000.0
6811,580.0,0,362,0.0,1.0,-7,10000.0
6812,581.0,0,362,1.0,5.0,-6,10000.0
6813,582.0,0,362,0.0,3.0,-5,10000.0
6814,583.0,0,362,0.0,3.0,-4,10000.0
6815,584.0,0,362,0.0,4.0,-3,10000.0
6816,585.0,0,362,0.0,0.0,-2,10000.0
6817,586.0,0,362,0.0,2.0,-1,10000.0
6818,587.0,0,362,0.0,1.0,0,10000.0
6819,588.0,0,362,0.0,2.0,1,10000.0
6820,589.0,0,362,0.0,3.0,2,10000.0
6821,590.0,0,362,0.0,1.0,3,10000.0
6822,591.0,0,362,5.0,15.0,4,10000.0
6823,592.0,0,362,1.0,7.0,5,10000.0
6824,593.0,0,362,3.0,6.0,6,10000.0
6825,594.0,0,362,0.0,1.0,7,10000.0
6826,595.0,0,362,1.0,2.0,8,10000.0
6827,596.0,0,362,0.0,5.0,9,10000.0
6828,597.0,0,362,0.0,0.0,10,10000.0
6829,598.0,0,362,0.0,7.0,11,10000.0
6830,599.0,0,362,0.0,0.0,12,10000.0
6831,600.0,0,362,0.0,3.0,13,10000.0
6832,672.0,0,364,7.0,58.0,-14,10000.0
6833,673.0,0,364,3.0,37.0,-13,10000.0
6834,674.0,0,364,5.0,44.0,-12,10000.0
6835,675.0,0,364,3.0,20.0,-11,10000.0
6836,676.0,0,364,5.0,38.0,-10,10000.0
6837,677.0,0,364,10.0,58.0,-9,10000.0
6838,678.0,0,364,10.0,39.0,-8,10000.0
6839,679.0,0,364,9.0,35.0,-7,10000.0
6840,680.0,0,364,3.0,23.0,-6,10000.0
6841,681.0,0,364,6.0,47.0,-5,10000.0
6842,682.0,0,364,6.0,27.0,-4,10000.0
6843,683.0,0,364,3.0,64.0,-3,10000.0
6844,684.0,0,364,10.0,37.0,-2,10000.0
6845,685.0,0,364,6.0,47.0,-1,10000.0
6846,686.0,0,364,11.0,76.0,0,10000.0
6847,687.0,0,364,4.0,23.0,1,10000.0
6848,688.0,0,364,1.0,28.0,2,10000.0
6849,689.0,0,364,8.0,32.0,3,10000.0
6850,690.0,0,364,6.0,34.0,4,10000.0
6851,691.0,0,364,6.0,69.0,5,10000.0
6852,692.0,0,364,7.0,40.0,6,10000.0
6853,693.0,0,364,4.0,48.0,7,10000.0
6854,694.0,0,364,0.0,12.0,8,10000.0
6855,695.0,0,364,3.0,34.0,9,10000.0
6856,696.0,0,364,7.0,33.0,10,10000.0
6857,697.0,0,364,7.0,44.0,11,10000.0
6858,698.0,0,364,2.0,29.0,12,10000.0
6859,699.0,0,364,2.0,15.0,13,10000.0
6860,550.0,0,367,13.0,81.0,-14,10000.0
6861,551.0,0,367,3.0,33.0,-13,10000.0
6862,552.0,0,367,2.0,20.0,-12,10000.0
6863,553.0,0,367,3.0,22.0,-11,10000.0
6864,554.0,0,367,3.0,35.0,-10,10000.0
6865,555.0,0,367,5.0,22.0,-9,10000.0
6866,556.0,0,367,1.0,26.0,-8,10000.0
6867,557.0,0,367,8.0,36.0,-7,10000.0
6868,558.0,0,367,9.0,211.0,-6,10000.0
6869,559.0,0,367,183.0,1319.0,-5,10000.0
6870,560.0,0,367,111.0,1363.0,-4,10000.0
6871,561.0,0,367,52.0,684.0,-3,10000.0
6872,562.0,0,367,45.0,566.0,-2,10000.0
6873,563.0,0,367,114.0,1103.0,-1,10000.0
6874,564.0,0,367,69.0,1218.0,0,10000.0
6875,565.0,0,367,42.0,1555.0,1,10000.0
6876,566.0,0,367,522.0,6063.0,2,10000.0
6877,567.0,0,367,99.0,3240.0,3,10000.0
6878,568.0,0,367,34.0,1819.0,4,10000.0
6879,569.0,0,367,35.0,1602.0,5,10000.0
6880,570.0,0,367,12.0,975.0,6,10000.0
6881,571.0,0,367,10.0,755.0,7,10000.0
6882,572.0,0,367,17.0,823.0,8,10000.0
6883,573.0,0,367,16.0,839.0,9,10000.0
6884,574.0,0,367,130.0,2259.0,10,10000.0
6885,575.0,0,367,42.0,1275.0,11,10000.0
6886,576.0,0,367,10.0,660.0,12,10000.0
6887,577.0,0,367,16.0,648.0,13,10000.0
6888,621.0,0,367,50.0,767.0,-14,10000.0
6889,622.0,0,367,288.0,2046.0,-13,10000.0
6890,623.0,0,367,140.0,1255.0,-12,10000.0
6891,624.0,0,367,58.0,632.0,-11,10000.0
6892,625.0,0,367,51.0,621.0,-10,10000.0
6893,626.0,0,367,36.0,338.0,-9,10000.0
6894,627.0,0,367,25.0,370.0,-8,10000.0
6895,628.0,0,367,34.0,342.0,-7,10000.0
6896,629.0,0,367,62.0,548.0,-6,10000.0
6897,630.0,0,367,26.0,277.0,-5,10000.0
6898,631.0,0,367,48.0,482.0,-4,10000.0
6899,632.0,0,367,53.0,417.0,-3,10000.0
6900,633.0,0,367,13.0,315.0,-2,10000.0
6901,634.0,0,367,101.0,742.0,-1,10000.0
6902,635.0,0,367,16.0,199.0,0,10000.0
6903,636.0,0,367,12.0,139.0,1,10000.0
6904,637.0,0,367,23.0,243.0,2,10000.0
6905,638.0,0,367,158.0,1722.0,3,10000.0
6906,639.0,0,367,19.0,325.0,4,10000.0
6907,640.0,0,367,46.0,354.0,5,10000.0
6908,641.0,0,367,17.0,237.0,6,10000.0
6909,642.0,0,367,55.0,341.0,7,10000.0
6910,643.0,0,367,15.0,157.0,8,10000.0
6911,644.0,0,367,20.0,240.0,9,10000.0
6912,645.0,0,367,7.0,106.0,10,10000.0
6913,646.0,0,367,48.0,438.0,11,10000.0
6914,647.0,0,367,4.0,110.0,12,10000.0
6915,648.0,0,367,22.0,271.0,13,10000.0
6916,573.0,0,367,6.0,130.0,-14,10000.0
6917,574.0,0,367,8.0,119.0,-13,10000.0
6918,575.0,0,367,8.0,132.0,-12,10000.0
6919,576.0,0,367,12.0,135.0,-11,10000.0
6920,577.0,0,367,15.0,203.0,-10,10000.0
6921,578.0,0,367,27.0,314.0,-9,10000.0
6922,579.0,0,367,10.0,129.0,-8,10000.0
6923,580.0,0,367,15.0,173.0,-7,10000.0
6924,581.0,0,367,12.0,148.0,-6,10000.0
6925,582.0,0,367,12.0,178.0,-5,10000.0
6926,583.0,0,367,8.0,121.0,-4,10000.0
6927,584.0,0,367,20.0,308.0,-3,10000.0
6928,585.0,0,367,13.0,223.0,-2,10000.0
6929,586.0,0,367,16.0,265.0,-1,10000.0
6930,587.0,0,367,9.0,326.0,0,10000.0
6931,588.0,0,367,19.0,327.0,1,10000.0
6932,589.0,0,367,23.0,354.0,2,10000.0
6933,590.0,0,367,14.0,202.0,3,10000.0
6934,591.0,0,367,8.0,224.0,4,10000.0
6935,592.0,0,367,15.0,217.0,5,10000.0
6936,593.0,0,367,6.0,102.0,6,10000.0
6937,594.0,0,367,4.0,125.0,7,10000.0
6938,595.0,0,367,9.0,102.0,8,10000.0
6939,596.0,0,367,3.0,99.0,9,10000.0
6940,597.0,0,367,6.0,77.0,10,10000.0
6941,598.0,0,367,10.0,173.0,11,10000.0
6942,599.0,0,367,3.0,96.0,12,10000.0
6943,600.0,0,367,14.0,161.0,13,10000.0
6944,567.0,0,369,22.0,222.0,-14,10000.0
6945,568.0,0,369,17.0,119.0,-13,10000.0
6946,569.0,0,369,7.0,61.0,-12,10000.0
6947,570.0,0,369,1.0,31.0,-11,10000.0
6948,571.0,0,369,1.0,21.0,-10,10000.0
6949,572.0,0,369,3.0,27.0,-9,10000.0
6950,573.0,0,369,99.0,453.0,-8,10000.0
6951,574.0,0,369,241.0,1024.0,-7,10000.0
6952,575.0,0,369,25.0,174.0,-6,10000.0
6953,576.0,0,369,5.0,61.0,-5,10000.0
6954,577.0,0,369,3.0,16.0,-4,10000.0
6955,578.0,0,369,4.0,20.0,-3,10000.0
6956,579.0,0,369,1.0,13.0,-2,10000.0
6957,580.0,0,369,3.0,9.0,-1,10000.0
6958,581.0,0,369,1.0,2.0,0,10000.0
6959,582.0,0,369,0.0,2.0,1,10000.0
6960,583.0,0,369,1.0,6.0,2,10000.0
6961,584.0,0,369,0.0,14.0,3,10000.0
6962,585.0,0,369,38.0,199.0,4,10000.0
6963,586.0,0,369,14.0,88.0,5,10000.0
6964,587.0,0,369,0.0,2.0,6,10000.0
6965,588.0,0,369,0.0,1.0,7,10000.0
6966,589.0,0,369,0.0,5.0,8,10000.0
6967,590.0,0,369,0.0,3.0,9,10000.0
6968,591.0,0,369,0.0,2.0,10,10000.0
6969,592.0,0,369,0.0,3.0,11,10000.0
6970,593.0,0,369,0.0,4.0,12,10000.0
6971,594.0,0,369,0.0,8.0,13,10000.0
6972,630.0,0,372,0.0,0.0,-14,10000.0
6973,-12.0,0,372,0.0,2.0,-13,10000.0
6974,-11.0,0,372,0.0,4.0,-12,10000.0
6975,-10.0,0,372,0.0,2.0,-11,10000.0
6976,-9.0,0,372,0.0,1.0,-10,10000.0
6977,-8.0,0,372,0.0,3.0,-9,10000.0
6978,-7.0,0,372,0.0,1.0,-8,10000.0
6979,637.0,0,372,0.0,0.0,-7,10000.0
6980,638.0,0,372,0.0,0.0,-6,10000.0
6981,-4.0,0,372,0.0,5.0,-5,10000.0
6982,-3.0,0,372,0.0,4.0,-4,10000.0
6983,-2.0,0,372,0.0,13.0,-3,10000.0
6984,-1.0,0,372,6.0,60.0,-2,10000.0
6985,0.0,0,372,10.0,23.0,-1,10000.0
6986,1.0,0,372,4.0,25.0,0,10000.0
6987,2.0,0,372,12.0,38.0,1,10000.0
6988,3.0,0,372,1.0,19.0,2,10000.0
6989,4.0,0,372,2.0,12.0,3,10000.0
6990,5.0,0,372,0.0,12.0,4,10000.0
6991,6.0,0,372,1.0,8.0,5,10000.0
6992,7.0,0,372,0.0,3.0,6,10000.0
6993,8.0,0,372,0.0,9.0,7,10000.0
6994,9.0,0,372,1.0,6.0,8,10000.0
6995,10.0,0,372,2.0,34.0,9,10000.0
6996,11.0,0,372,0.0,15.0,10,10000.0
6997,12.0,0,372,1.0,30.0,11,10000.0
6998,13.0,0,372,1.0,26.0,12,10000.0
6999,14.0,0,372,3.0,35.0,13,10000.0
7000,630.0,0,372,1.0,22.0,-14,10000.0
7001,631.0,0,372,5.0,14.0,-13,10000.0
7002,632.0,0,372,2.0,29.0,-12,10000.0
7003,633.0,0,372,0.0,14.0,-11,10000.0
7004,634.0,0,372,0.0,12.0,-10,10000.0
7005,635.0,0,372,1.0,13.0,-9,10000.0
7006,636.0,0,372,1.0,7.0,-8,10000.0
7007,637.0,0,372,2.0,27.0,-7,10000.0
7008,638.0,0,372,2.0,12.0,-6,10000.0
7009,639.0,0,372,0.0,17.0,-5,10000.0
7010,640.0,0,372,1.0,22.0,-4,10000.0
7011,641.0,0,372,2.0,28.0,-3,10000.0
7012,642.0,0,372,3.0,22.0,-2,10000.0
7013,643.0,0,372,1.0,43.0,-1,10000.0
7014,644.0,0,372,6.0,63.0,0,10000.0
7015,645.0,0,372,7.0,40.0,1,10000.0
7016,646.0,0,372,8.0,92.0,2,10000.0
7017,647.0,0,372,33.0,251.0,3,10000.0
7018,648.0,0,372,19.0,252.0,4,10000.0
7019,649.0,0,372,14.0,229.0,5,10000.0
7020,650.0,0,372,8.0,166.0,6,10000.0
7021,651.0,0,372,3.0,171.0,7,10000.0
7022,652.0,0,372,7.0,190.0,8,10000.0
7023,653.0,0,372,8.0,257.0,9,10000.0
7024,654.0,0,372,11.0,215.0,10,10000.0
7025,655.0,0,372,8.0,217.0,11,10000.0
7026,656.0,0,372,10.0,248.0,12,10000.0
7027,657.0,0,372,86.0,965.0,13,10000.0
7028,546.0,0,372,3.0,35.0,-14,10000.0
7029,547.0,0,372,1.0,42.0,-13,10000.0
7030,548.0,0,372,6.0,63.0,-12,10000.0
7031,633.0,0,372,9.0,115.0,-11,10000.0
7032,634.0,0,372,3.0,85.0,-10,10000.0
7033,551.0,0,372,3.0,78.0,-9,10000.0
7034,552.0,0,372,3.0,60.0,-8,10000.0
7035,553.0,0,372,6.0,71.0,-7,10000.0
7036,554.0,0,372,5.0,61.0,-6,10000.0
7037,639.0,0,372,5.0,56.0,-5,10000.0
7038,556.0,0,372,11.0,60.0,-4,10000.0
7039,557.0,0,372,2.0,29.0,-3,10000.0
7040,558.0,0,372,0.0,33.0,-2,10000.0
7041,559.0,0,372,3.0,22.0,-1,10000.0
7042,560.0,0,372,5.0,35.0,0,10000.0
7043,561.0,0,372,15.0,67.0,1,10000.0
7044,562.0,0,372,4.0,32.0,2,10000.0
7045,563.0,0,372,4.0,24.0,3,10000.0
7046,564.0,0,372,5.0,27.0,4,10000.0
7047,565.0,0,372,1.0,24.0,5,10000.0
7048,566.0,0,372,0.0,28.0,6,10000.0
7049,567.0,0,372,2.0,32.0,7,10000.0
7050,568.0,0,372,2.0,32.0,8,10000.0
7051,569.0,0,372,3.0,39.0,9,10000.0
7052,570.0,0,372,3.0,22.0,10,10000.0
7053,571.0,0,372,8.0,40.0,11,10000.0
7054,572.0,0,372,1.0,27.0,12,10000.0
7055,573.0,0,372,3.0,46.0,13,10000.0
7056,775.0,0,374,4.0,64.0,-14,855.0
7057,776.0,0,374,3.0,27.0,-13,855.0
7058,777.0,0,374,1.0,22.0,-12,855.0
7059,778.0,0,374,3.0,22.0,-11,855.0
7060,779.0,0,374,28.0,406.0,-10,855.0
7061,780.0,0,374,8.0,180.0,-9,855.0
7062,781.0,0,374,5.0,54.0,-8,855.0
7063,782.0,0,374,11.0,66.0,-7,855.0
7064,783.0,0,374,4.0,68.0,-6,855.0
7065,784.0,0,374,0.0,22.0,-5,855.0
7066,785.0,0,374,2.0,25.0,-4,855.0
7067,786.0,0,374,27.0,323.0,-3,855.0
7068,787.0,0,374,3.0,51.0,-2,855.0
7069,788.0,0,374,5.0,66.0,-1,855.0
7070,789.0,0,374,4.0,30.0,0,855.0
7071,790.0,0,374,0.0,31.0,1,855.0
7072,791.0,0,374,2.0,18.0,2,855.0
7073,792.0,0,374,0.0,24.0,3,855.0
7074,793.0,0,374,0.0,24.0,4,855.0
7075,794.0,0,374,0.0,21.0,5,855.0
7076,795.0,0,374,12.0,43.0,6,855.0
7077,796.0,0,374,3.0,28.0,7,855.0
7078,797.0,0,374,1.0,20.0,8,855.0
7079,798.0,0,374,3.0,20.0,9,855.0
7080,799.0,0,374,1.0,19.0,10,855.0
7081,800.0,0,374,0.0,17.0,11,855.0
7082,801.0,0,374,11.0,55.0,12,855.0
7083,802.0,0,374,6.0,49.0,13,855.0
7084,564.0,0,375,0.0,0.0,-14,10000.0
7085,565.0,0,375,0.0,1.0,-13,10000.0
7086,566.0,0,375,1.0,2.0,-12,10000.0
7087,567.0,0,375,2.0,21.0,-11,10000.0
7088,568.0,0,375,2.0,10.0,-10,10000.0
7089,569.0,0,375,1.0,4.0,-9,10000.0
7090,570.0,0,375,1.0,6.0,-8,10000.0
7091,571.0,0,375,1.0,1.0,-7,10000.0
7092,572.0,0,375,1.0,4.0,-6,10000.0
7093,573.0,0,375,2.0,43.0,-5,10000.0
7094,574.0,0,375,1.0,15.0,-4,10000.0
7095,575.0,0,375,0.0,4.0,-3,10000.0
7096,576.0,0,375,1.0,2.0,-2,10000.0
7097,577.0,0,375,2.0,12.0,-1,10000.0
7098,578.0,0,375,0.0,2.0,0,10000.0
7099,579.0,0,375,3.0,5.0,1,10000.0
7100,580.0,0,375,0.0,2.0,2,10000.0
7101,581.0,0,375,2.0,10.0,3,10000.0
7102,582.0,0,375,1.0,0.0,4,10000.0
7103,583.0,0,375,0.0,4.0,5,10000.0
7104,584.0,0,375,0.0,3.0,6,10000.0
7105,585.0,0,375,0.0,2.0,7,10000.0
7106,586.0,0,375,2.0,1.0,8,10000.0
7107,587.0,0,375,1.0,4.0,9,10000.0
7108,588.0,0,375,0.0,0.0,10,10000.0
7109,589.0,0,375,0.0,6.0,11,10000.0
7110,590.0,0,375,0.0,1.0,12,10000.0
7111,591.0,0,375,0.0,4.0,13,10000.0
7112,582.0,0,377,2.0,4.0,-14,10000.0
7113,583.0,0,377,0.0,4.0,-13,10000.0
7114,584.0,0,377,3.0,8.0,-12,10000.0
7115,585.0,0,377,0.0,4.0,-11,10000.0
7116,586.0,0,377,1.0,3.0,-10,10000.0
7117,587.0,0,377,1.0,5.0,-9,10000.0
7118,588.0,0,377,1.0,5.0,-8,10000.0
7119,589.0,0,377,1.0,5.0,-7,10000.0
7120,590.0,0,377,3.0,2.0,-6,10000.0
7121,591.0,0,377,2.0,2.0,-5,10000.0
7122,592.0,0,377,1.0,0.0,-4,10000.0
7123,593.0,0,377,1.0,0.0,-3,10000.0
7124,594.0,0,377,0.0,0.0,-2,10000.0
7125,595.0,0,377,3.0,3.0,-1,10000.0
7126,596.0,0,377,1.0,0.0,0,10000.0
7127,597.0,0,377,0.0,1.0,1,10000.0
7128,598.0,0,377,1.0,1.0,2,10000.0
7129,599.0,0,377,0.0,1.0,3,10000.0
7130,600.0,0,377,0.0,0.0,4,10000.0
7131,601.0,0,377,0.0,1.0,5,10000.0
7132,602.0,0,377,0.0,3.0,6,10000.0
7133,603.0,0,377,0.0,0.0,7,10000.0
7134,604.0,0,377,1.0,2.0,8,10000.0
7135,605.0,0,377,0.0,2.0,9,10000.0
7136,606.0,0,377,0.0,0.0,10,10000.0
7137,607.0,0,377,0.0,1.0,11,10000.0
7138,608.0,0,377,0.0,1.0,12,10000.0
7139,609.0,0,377,0.0,0.0,13,10000.0
7140,582.0,0,378,55.0,598.0,-14,10000.0
7141,583.0,0,378,7.0,66.0,-13,10000.0
7142,584.0,0,378,16.0,81.0,-12,10000.0
7143,585.0,0,378,23.0,172.0,-11,10000.0
7144,586.0,0,378,6.0,42.0,-10,10000.0
7145,587.0,0,378,4.0,28.0,-9,10000.0
7146,588.0,0,378,5.0,38.0,-8,10000.0
7147,589.0,0,378,7.0,36.0,-7,10000.0
7148,590.0,0,378,3.0,30.0,-6,10000.0
7149,591.0,0,378,7.0,31.0,-5,10000.0
7150,592.0,0,378,6.0,16.0,-4,10000.0
7151,593.0,0,378,13.0,79.0,-3,10000.0
7152,594.0,0,378,8.0,53.0,-2,10000.0
7153,595.0,0,378,16.0,96.0,-1,10000.0
7154,596.0,0,378,4.0,33.0,0,10000.0
7155,597.0,0,378,6.0,28.0,1,10000.0
7156,598.0,0,378,1.0,34.0,2,10000.0
7157,599.0,0,378,1.0,17.0,3,10000.0
7158,600.0,0,378,14.0,68.0,4,10000.0
7159,601.0,0,378,9.0,44.0,5,10000.0
7160,602.0,0,378,20.0,140.0,6,10000.0
7161,603.0,0,378,2.0,56.0,7,10000.0
7162,604.0,0,378,4.0,53.0,8,10000.0
7163,605.0,0,378,7.0,23.0,9,10000.0
7164,606.0,0,378,2.0,19.0,10,10000.0
7165,607.0,0,378,2.0,26.0,11,10000.0
7166,608.0,0,378,1.0,15.0,12,10000.0
7167,609.0,0,378,48.0,351.0,13,10000.0
7168,654.0,0,379,0.0,1.0,-14,10000.0
7169,655.0,0,379,1.0,3.0,-13,10000.0
7170,656.0,0,379,1.0,7.0,-12,10000.0
7171,657.0,0,379,1.0,0.0,-11,10000.0
7172,658.0,0,379,2.0,3.0,-10,10000.0
7173,659.0,0,379,5.0,4.0,-9,10000.0
7174,660.0,0,379,0.0,5.0,-8,10000.0
7175,661.0,0,379,1.0,2.0,-7,10000.0
7176,662.0,0,379,0.0,0.0,-6,10000.0
7177,663.0,0,379,0.0,1.0,-5,10000.0
7178,664.0,0,379,0.0,3.0,-4,10000.0
7179,665.0,0,379,26.0,52.0,-3,10000.0
7180,666.0,0,379,19.0,56.0,-2,10000.0
7181,667.0,0,379,2.0,6.0,-1,10000.0
7182,668.0,0,379,0.0,2.0,0,10000.0
7183,669.0,0,379,1.0,3.0,1,10000.0
7184,670.0,0,379,2.0,2.0,2,10000.0
7185,671.0,0,379,0.0,4.0,3,10000.0
7186,672.0,0,379,0.0,2.0,4,10000.0
7187,673.0,0,379,0.0,2.0,5,10000.0
7188,674.0,0,379,0.0,2.0,6,10000.0
7189,675.0,0,379,4.0,6.0,7,10000.0
7190,676.0,0,379,0.0,4.0,8,10000.0
7191,677.0,0,379,0.0,4.0,9,10000.0
7192,678.0,0,379,1.0,1.0,10,10000.0
7193,679.0,0,379,0.0,1.0,11,10000.0
7194,680.0,0,379,0.0,6.0,12,10000.0
7195,681.0,0,379,0.0,3.0,13,10000.0
7196,566.0,0,380,0.0,2.0,-14,10000.0
7197,567.0,0,380,1.0,0.0,-13,10000.0
7198,568.0,0,380,0.0,0.0,-12,10000.0
7199,569.0,0,380,0.0,1.0,-11,10000.0
7200,570.0,0,380,0.0,3.0,-10,10000.0
7201,571.0,0,380,1.0,3.0,-9,10000.0
7202,572.0,0,380,0.0,0.0,-8,10000.0
7203,573.0,0,380,0.0,2.0,-7,10000.0
7204,574.0,0,380,0.0,1.0,-6,10000.0
7205,575.0,0,380,0.0,4.0,-5,10000.0
7206,576.0,0,380,0.0,0.0,-4,10000.0
7207,577.0,0,380,0.0,1.0,-3,10000.0
7208,578.0,0,380,0.0,3.0,-2,10000.0
7209,579.0,0,380,0.0,3.0,-1,10000.0
7210,580.0,0,380,0.0,0.0,0,10000.0
7211,581.0,0,380,0.0,0.0,1,10000.0
7212,582.0,0,380,0.0,0.0,2,10000.0
7213,583.0,0,380,0.0,0.0,3,10000.0
7214,584.0,0,380,0.0,1.0,4,10000.0
7215,585.0,0,380,0.0,2.0,5,10000.0
7216,586.0,0,380,0.0,1.0,6,10000.0
7217,587.0,0,380,0.0,0.0,7,10000.0
7218,588.0,0,380,0.0,1.0,8,10000.0
7219,589.0,0,380,0.0,0.0,9,10000.0
7220,590.0,0,380,0.0,0.0,10,10000.0
7221,591.0,0,380,0.0,0.0,11,10000.0
7222,592.0,0,380,0.0,0.0,12,10000.0
7223,593.0,0,380,0.0,1.0,13,10000.0
7224,582.0,0,381,0.0,0.0,-14,10000.0
7225,583.0,0,381,0.0,0.0,-13,10000.0
7226,584.0,0,381,0.0,0.0,-12,10000.0
7227,585.0,0,381,0.0,0.0,-11,10000.0
7228,586.0,0,381,0.0,0.0,-10,10000.0
7229,587.0,0,381,0.0,0.0,-9,10000.0
7230,588.0,0,381,0.0,0.0,-8,10000.0
7231,589.0,0,381,0.0,0.0,-7,10000.0
7232,590.0,0,381,0.0,0.0,-6,10000.0
7233,591.0,0,381,0.0,0.0,-5,10000.0
7234,592.0,0,381,0.0,0.0,-4,10000.0
7235,593.0,0,381,0.0,0.0,-3,10000.0
7236,594.0,0,381,0.0,0.0,-2,10000.0
7237,1.0,0,381,3.0,14.0,-1,10000.0
7238,2.0,0,381,16.0,98.0,0,10000.0
7239,3.0,0,381,18.0,82.0,1,10000.0
7240,4.0,0,381,8.0,51.0,2,10000.0
7241,5.0,0,381,4.0,67.0,3,10000.0
7242,6.0,0,381,5.0,48.0,4,10000.0
7243,7.0,0,381,4.0,37.0,5,10000.0
7244,8.0,0,381,1.0,21.0,6,10000.0
7245,9.0,0,381,2.0,22.0,7,10000.0
7246,10.0,0,381,9.0,52.0,8,10000.0
7247,11.0,0,381,6.0,54.0,9,10000.0
7248,12.0,0,381,2.0,38.0,10,10000.0
7249,13.0,0,381,1.0,20.0,11,10000.0
7250,14.0,0,381,2.0,24.0,12,10000.0
7251,15.0,0,381,0.0,12.0,13,10000.0
7252,582.0,0,381,20.0,266.0,-14,10000.0
7253,583.0,0,381,16.0,163.0,-13,10000.0
7254,584.0,0,381,11.0,216.0,-12,10000.0
7255,585.0,0,381,51.0,523.0,-11,10000.0
7256,586.0,0,381,30.0,321.0,-10,10000.0
7257,587.0,0,381,15.0,173.0,-9,10000.0
7258,588.0,0,381,13.0,173.0,-8,10000.0
7259,589.0,0,381,12.0,128.0,-7,10000.0
7260,590.0,0,381,324.0,3224.0,-6,10000.0
7261,591.0,0,381,76.0,839.0,-5,10000.0
7262,592.0,0,381,14.0,112.0,-4,10000.0
7263,593.0,0,381,18.0,133.0,-3,10000.0
7264,594.0,0,381,15.0,86.0,-2,10000.0
7265,1.0,0,381,47.0,513.0,-1,10000.0
7266,2.0,0,381,8.0,110.0,0,10000.0
7267,3.0,0,381,4.0,62.0,1,10000.0
7268,4.0,0,381,8.0,70.0,2,10000.0
7269,5.0,0,381,8.0,106.0,3,10000.0
7270,6.0,0,381,5.0,62.0,4,10000.0
7271,7.0,0,381,4.0,58.0,5,10000.0
7272,8.0,0,381,2.0,55.0,6,10000.0
7273,9.0,0,381,1.0,41.0,7,10000.0
7274,10.0,0,381,7.0,64.0,8,10000.0
7275,11.0,0,381,9.0,87.0,9,10000.0
7276,12.0,0,381,7.0,51.0,10,10000.0
7277,13.0,0,381,0.0,42.0,11,10000.0
7278,14.0,0,381,3.0,38.0,12,10000.0
7279,609.0,0,381,3.0,59.0,13,10000.0
7280,-7.0,0,382,0.0,0.0,-14,10000.0
7281,-6.0,0,382,0.0,0.0,-13,10000.0
7282,-5.0,0,382,0.0,0.0,-12,10000.0
7283,-4.0,0,382,0.0,0.0,-11,10000.0
7284,-3.0,0,382,0.0,0.0,-10,10000.0
7285,-2.0,0,382,0.0,0.0,-9,10000.0
7286,-1.0,0,382,0.0,0.0,-8,10000.0
7287,0.0,0,382,0.0,0.0,-7,10000.0
7288,1.0,0,382,0.0,0.0,-6,10000.0
7289,2.0,0,382,0.0,0.0,-5,10000.0
7290,3.0,0,382,24.0,108.0,-4,10000.0
7291,4.0,0,382,17.0,93.0,-3,10000.0
7292,5.0,0,382,17.0,73.0,-2,10000.0
7293,6.0,0,382,2.0,22.0,-1,10000.0
7294,7.0,0,382,7.0,19.0,0,10000.0
7295,8.0,0,382,4.0,31.0,1,10000.0
7296,9.0,0,382,1.0,14.0,2,10000.0
7297,10.0,0,382,1.0,22.0,3,10000.0
7298,11.0,0,382,2.0,18.0,4,10000.0
7299,12.0,0,382,9.0,38.0,5,10000.0
7300,13.0,0,382,3.0,26.0,6,10000.0
7301,14.0,0,382,5.0,30.0,7,10000.0
7302,15.0,0,382,1.0,26.0,8,10000.0
7303,16.0,0,382,0.0,12.0,9,10000.0
7304,17.0,0,382,0.0,8.0,10,10000.0
7305,18.0,0,382,3.0,18.0,11,10000.0
7306,19.0,0,382,1.0,23.0,12,10000.0
7307,20.0,0,382,0.0,12.0,13,10000.0
7308,565.0,0,383,1.0,3.0,-14,10000.0
7309,566.0,0,383,0.0,5.0,-13,10000.0
7310,567.0,0,383,1.0,9.0,-12,10000.0
7311,568.0,0,383,0.0,3.0,-11,10000.0
7312,569.0,0,383,0.0,3.0,-10,10000.0
7313,570.0,0,383,4.0,105.0,-9,10000.0
7314,571.0,0,383,1.0,17.0,-8,10000.0
7315,572.0,0,383,2.0,58.0,-7,10000.0
7316,573.0,0,383,0.0,29.0,-6,10000.0
7317,574.0,0,383,1.0,22.0,-5,10000.0
7318,575.0,0,383,0.0,20.0,-4,10000.0
7319,576.0,0,383,5.0,15.0,-3,10000.0
7320,577.0,0,383,1.0,9.0,-2,10000.0
7321,578.0,0,383,1.0,8.0,-1,10000.0
7322,579.0,0,383,2.0,4.0,0,10000.0
7323,580.0,0,383,1.0,6.0,1,10000.0
7324,581.0,0,383,0.0,5.0,2,10000.0
7325,582.0,0,383,0.0,5.0,3,10000.0
7326,583.0,0,383,0.0,4.0,4,10000.0
7327,584.0,0,383,2.0,10.0,5,10000.0
7328,585.0,0,383,0.0,9.0,6,10000.0
7329,586.0,0,383,0.0,5.0,7,10000.0
7330,587.0,0,383,0.0,4.0,8,10000.0
7331,588.0,0,383,0.0,8.0,9,10000.0
7332,589.0,0,383,0.0,10.0,10,10000.0
7333,590.0,0,383,0.0,4.0,11,10000.0
7334,591.0,0,383,0.0,3.0,12,10000.0
7335,592.0,0,383,0.0,3.0,13,10000.0
7336,566.0,0,384,13.0,67.0,-14,10000.0
7337,567.0,0,384,2.0,23.0,-13,10000.0
7338,568.0,0,384,0.0,14.0,-12,10000.0
7339,569.0,0,384,6.0,101.0,-11,10000.0
7340,570.0,0,384,3.0,164.0,-10,10000.0
7341,571.0,0,384,3.0,38.0,-9,10000.0
7342,572.0,0,384,0.0,22.0,-8,10000.0
7343,573.0,0,384,1.0,26.0,-7,10000.0
7344,574.0,0,384,0.0,23.0,-6,10000.0
7345,575.0,0,384,4.0,37.0,-5,10000.0
7346,576.0,0,384,2.0,24.0,-4,10000.0
7347,577.0,0,384,5.0,21.0,-3,10000.0
7348,578.0,0,384,5.0,31.0,-2,10000.0
7349,579.0,0,384,6.0,34.0,-1,10000.0
7350,580.0,0,384,1.0,15.0,0,10000.0
7351,581.0,0,384,1.0,12.0,1,10000.0
7352,582.0,0,384,0.0,5.0,2,10000.0
7353,583.0,0,384,1.0,15.0,3,10000.0
7354,584.0,0,384,3.0,48.0,4,10000.0
7355,585.0,0,384,3.0,16.0,5,10000.0
7356,586.0,0,384,8.0,22.0,6,10000.0
7357,587.0,0,384,2.0,12.0,7,10000.0
7358,588.0,0,384,1.0,7.0,8,10000.0
7359,589.0,0,384,0.0,3.0,9,10000.0
7360,590.0,0,384,0.0,2.0,10,10000.0
7361,591.0,0,384,2.0,8.0,11,10000.0
7362,592.0,0,384,0.0,3.0,12,10000.0
7363,593.0,0,384,0.0,7.0,13,10000.0
7364,561.0,0,390,1.0,0.0,-14,10000.0
7365,555.0,0,390,0.0,3.0,-13,10000.0
7366,556.0,0,390,0.0,5.0,-12,10000.0
7367,557.0,0,390,1.0,2.0,-11,10000.0
7368,558.0,0,390,3.0,12.0,-10,10000.0
7369,559.0,0,390,2.0,20.0,-9,10000.0
7370,560.0,0,390,6.0,25.0,-8,10000.0
7371,561.0,0,390,3.0,10.0,-7,10000.0
7372,562.0,0,390,3.0,38.0,-6,10000.0
7373,563.0,0,390,6.0,48.0,-5,10000.0
7374,564.0,0,390,10.0,72.0,-4,10000.0
7375,565.0,0,390,5.0,62.0,-3,10000.0
7376,566.0,0,390,4.0,47.0,-2,10000.0
7377,567.0,0,390,4.0,38.0,-1,10000.0
7378,568.0,0,390,5.0,15.0,0,10000.0
7379,569.0,0,390,2.0,19.0,1,10000.0
7380,570.0,0,390,1.0,15.0,2,10000.0
7381,571.0,0,390,4.0,34.0,3,10000.0
7382,572.0,0,390,0.0,12.0,4,10000.0
7383,573.0,0,390,4.0,25.0,5,10000.0
7384,574.0,0,390,6.0,24.0,6,10000.0
7385,575.0,0,390,5.0,25.0,7,10000.0
7386,576.0,0,390,5.0,50.0,8,10000.0
7387,577.0,0,390,1.0,11.0,9,10000.0
7388,578.0,0,390,3.0,36.0,10,10000.0
7389,579.0,0,390,0.0,11.0,11,10000.0
7390,580.0,0,390,40.0,286.0,12,10000.0
7391,581.0,0,390,1.0,36.0,13,10000.0
7392,554.0,0,390,2.0,16.0,-14,10000.0
7393,562.0,0,390,3.0,40.0,-13,10000.0
7394,563.0,0,390,7.0,56.0,-12,10000.0
7395,557.0,0,390,11.0,85.0,-11,10000.0
7396,558.0,0,390,4.0,43.0,-10,10000.0
7397,559.0,0,390,5.0,52.0,-9,10000.0
7398,560.0,0,390,3.0,25.0,-8,10000.0
7399,561.0,0,390,4.0,16.0,-7,10000.0
7400,562.0,0,390,1.0,20.0,-6,10000.0
7401,563.0,0,390,6.0,31.0,-5,10000.0
7402,564.0,0,390,1.0,15.0,-4,10000.0
7403,565.0,0,390,1.0,12.0,-3,10000.0
7404,566.0,0,390,12.0,18.0,-2,10000.0
7405,567.0,0,390,12.0,27.0,-1,10000.0
7406,568.0,0,390,3.0,21.0,0,10000.0
7407,569.0,0,390,6.0,42.0,1,10000.0
7408,570.0,0,390,4.0,24.0,2,10000.0
7409,571.0,0,390,1.0,21.0,3,10000.0
7410,579.0,0,390,23.0,156.0,4,10000.0
7411,573.0,0,390,26.0,138.0,5,10000.0
7412,574.0,0,390,10.0,39.0,6,10000.0
7413,575.0,0,390,6.0,68.0,7,10000.0
7414,576.0,0,390,11.0,43.0,8,10000.0
7415,577.0,0,390,2.0,11.0,9,10000.0
7416,578.0,0,390,4.0,24.0,10,10000.0
7417,586.0,0,390,0.0,12.0,11,10000.0
7418,580.0,0,390,0.0,10.0,12,10000.0
7419,581.0,0,390,3.0,9.0,13,10000.0
7420,565.0,0,391,16.0,247.0,-14,10000.0
7421,566.0,0,391,24.0,257.0,-13,10000.0
7422,567.0,0,391,28.0,319.0,-12,10000.0
7423,568.0,0,391,30.0,308.0,-11,10000.0
7424,569.0,0,391,27.0,300.0,-10,10000.0
7425,570.0,0,391,12.0,178.0,-9,10000.0
7426,571.0,0,391,14.0,142.0,-8,10000.0
7427,572.0,0,391,12.0,112.0,-7,10000.0
7428,573.0,0,391,9.0,122.0,-6,10000.0
7429,574.0,0,391,17.0,112.0,-5,10000.0
7430,575.0,0,391,17.0,120.0,-4,10000.0
7431,576.0,0,391,19.0,146.0,-3,10000.0
7432,577.0,0,391,49.0,282.0,-2,10000.0
7433,578.0,0,391,16.0,190.0,-1,10000.0
7434,579.0,0,391,34.0,468.0,0,10000.0
7435,580.0,0,391,13.0,131.0,1,10000.0
7436,581.0,0,391,11.0,129.0,2,10000.0
7437,582.0,0,391,14.0,135.0,3,10000.0
7438,583.0,0,391,4.0,110.0,4,10000.0
7439,584.0,0,391,3.0,72.0,5,10000.0
7440,585.0,0,391,3.0,61.0,6,10000.0
7441,586.0,0,391,9.0,137.0,7,10000.0
7442,587.0,0,391,17.0,176.0,8,10000.0
7443,588.0,0,391,16.0,184.0,9,10000.0
7444,589.0,0,391,10.0,125.0,10,10000.0
7445,590.0,0,391,6.0,88.0,11,10000.0
7446,591.0,0,391,3.0,52.0,12,10000.0
7447,592.0,0,391,3.0,69.0,13,10000.0
7448,565.0,0,391,11.0,122.0,-14,10000.0
7449,566.0,0,391,15.0,117.0,-13,10000.0
7450,567.0,0,391,17.0,115.0,-12,10000.0
7451,568.0,0,391,19.0,143.0,-11,10000.0
7452,569.0,0,391,51.0,288.0,-10,10000.0
7453,570.0,0,391,16.0,213.0,-9,10000.0
7454,571.0,0,391,35.0,444.0,-8,10000.0
7455,572.0,0,391,12.0,128.0,-7,10000.0
7456,573.0,0,391,14.0,125.0,-6,10000.0
7457,574.0,0,391,16.0,136.0,-5,10000.0
7458,575.0,0,391,6.0,107.0,-4,10000.0
7459,576.0,0,391,4.0,70.0,-3,10000.0
7460,577.0,0,391,3.0,59.0,-2,10000.0
7461,578.0,0,391,12.0,141.0,-1,10000.0
7462,579.0,0,391,31.0,167.0,0,10000.0
7463,580.0,0,391,19.0,177.0,1,10000.0
7464,581.0,0,391,12.0,113.0,2,10000.0
7465,582.0,0,391,15.0,81.0,3,10000.0
7466,583.0,0,391,4.0,51.0,4,10000.0
7467,584.0,0,391,6.0,65.0,5,10000.0
7468,585.0,0,391,3.0,44.0,6,10000.0
7469,586.0,0,391,3.0,31.0,7,10000.0
7470,587.0,0,391,7.0,56.0,8,10000.0
7471,588.0,0,391,5.0,34.0,9,10000.0
7472,589.0,0,391,13.0,125.0,10,10000.0
7473,590.0,0,391,4.0,63.0,11,10000.0
7474,591.0,0,391,8.0,50.0,12,10000.0
7475,592.0,0,391,4.0,78.0,13,10000.0
7476,585.0,0,392,0.0,2.0,-14,10000.0
7477,586.0,0,392,0.0,1.0,-13,10000.0
7478,587.0,0,392,0.0,0.0,-12,10000.0
7479,588.0,0,392,0.0,0.0,-11,10000.0
7480,589.0,0,392,0.0,0.0,-10,10000.0
7481,590.0,0,392,0.0,0.0,-9,10000.0
7482,591.0,0,392,0.0,0.0,-8,10000.0
7483,592.0,0,392,0.0,0.0,-7,10000.0
7484,593.0,0,392,0.0,0.0,-6,10000.0
7485,594.0,0,392,0.0,1.0,-5,10000.0
7486,595.0,0,392,0.0,0.0,-4,10000.0
7487,596.0,0,392,0.0,0.0,-3,10000.0
7488,597.0,0,392,0.0,0.0,-2,10000.0
7489,598.0,0,392,0.0,0.0,-1,10000.0
7490,599.0,0,392,0.0,0.0,0,10000.0
7491,600.0,0,392,0.0,0.0,1,10000.0
7492,601.0,0,392,0.0,0.0,2,10000.0
7493,602.0,0,392,0.0,0.0,3,10000.0
7494,603.0,0,392,0.0,0.0,4,10000.0
7495,604.0,0,392,0.0,0.0,5,10000.0
7496,605.0,0,392,0.0,2.0,6,10000.0
7497,606.0,0,392,0.0,0.0,7,10000.0
7498,607.0,0,392,0.0,0.0,8,10000.0
7499,608.0,0,392,0.0,0.0,9,10000.0
7500,609.0,0,392,0.0,0.0,10,10000.0
7501,610.0,0,392,0.0,0.0,11,10000.0
7502,611.0,0,392,0.0,0.0,12,10000.0
7503,612.0,0,392,0.0,1.0,13,10000.0
7504,677.0,0,394,13.0,309.0,-14,10000.0
7505,678.0,0,394,8.0,148.0,-13,10000.0
7506,679.0,0,394,7.0,153.0,-12,10000.0
7507,680.0,0,394,8.0,173.0,-11,10000.0
7508,681.0,0,394,8.0,193.0,-10,10000.0
7509,682.0,0,394,3.0,143.0,-9,10000.0
7510,683.0,0,394,11.0,184.0,-8,10000.0
7511,684.0,0,394,25.0,805.0,-7,10000.0
7512,685.0,0,394,16.0,233.0,-6,10000.0
7513,686.0,0,394,7.0,129.0,-5,10000.0
7514,687.0,0,394,8.0,180.0,-4,10000.0
7515,688.0,0,394,12.0,248.0,-3,10000.0
7516,689.0,0,394,13.0,210.0,-2,10000.0
7517,690.0,0,394,18.0,222.0,-1,10000.0
7518,691.0,0,394,15.0,274.0,0,10000.0
7519,692.0,0,394,14.0,163.0,1,10000.0
7520,693.0,0,394,12.0,213.0,2,10000.0
7521,694.0,0,394,9.0,203.0,3,10000.0
7522,695.0,0,394,10.0,134.0,4,10000.0
7523,696.0,0,394,5.0,133.0,5,10000.0
7524,697.0,0,394,5.0,98.0,6,10000.0
7525,698.0,0,394,5.0,103.0,7,10000.0
7526,699.0,0,394,2.0,99.0,8,10000.0
7527,700.0,0,394,7.0,127.0,9,10000.0
7528,701.0,0,394,9.0,232.0,10,10000.0
7529,702.0,0,394,5.0,161.0,11,10000.0
7530,703.0,0,394,4.0,151.0,12,10000.0
7531,704.0,0,394,7.0,127.0,13,10000.0
7532,-10.0,0,395,0.0,0.0,-14,10000.0
7533,-9.0,0,395,0.0,0.0,-13,10000.0
7534,-8.0,0,395,0.0,0.0,-12,10000.0
7535,-7.0,0,395,0.0,0.0,-11,10000.0
7536,-6.0,0,395,0.0,0.0,-10,10000.0
7537,-5.0,0,395,0.0,0.0,-9,10000.0
7538,-4.0,0,395,0.0,0.0,-8,10000.0
7539,-3.0,0,395,0.0,0.0,-7,10000.0
7540,-2.0,0,395,0.0,0.0,-6,10000.0
7541,-1.0,0,395,0.0,0.0,-5,10000.0
7542,0.0,0,395,0.0,0.0,-4,10000.0
7543,1.0,0,395,0.0,0.0,-3,10000.0
7544,2.0,0,395,0.0,0.0,-2,10000.0
7545,3.0,0,395,0.0,0.0,-1,10000.0
7546,4.0,0,395,0.0,0.0,0,10000.0
7547,5.0,0,395,0.0,0.0,1,10000.0
7548,6.0,0,395,0.0,0.0,2,10000.0
7549,7.0,0,395,0.0,0.0,3,10000.0
7550,8.0,0,395,0.0,0.0,4,10000.0
7551,9.0,0,395,0.0,0.0,5,10000.0
7552,10.0,0,395,0.0,0.0,6,10000.0
7553,11.0,0,395,0.0,0.0,7,10000.0
7554,12.0,0,395,0.0,0.0,8,10000.0
7555,13.0,0,395,0.0,0.0,9,10000.0
7556,14.0,0,395,0.0,0.0,10,10000.0
7557,15.0,0,395,0.0,0.0,11,10000.0
7558,16.0,0,395,0.0,0.0,12,10000.0
7559,17.0,0,395,3.0,11.0,13,10000.0
7560,664.0,0,396,3.0,0.0,-14,10000.0
7561,665.0,0,396,2.0,0.0,-13,10000.0
7562,641.0,0,396,3.0,2.0,-12,10000.0
7563,642.0,0,396,3.0,1.0,-11,10000.0
7564,643.0,0,396,1.0,1.0,-10,10000.0
7565,669.0,0,396,2.0,0.0,-9,10000.0
7566,645.0,0,396,45.0,68.0,-8,10000.0
7567,646.0,0,396,28.0,53.0,-7,10000.0
7568,647.0,0,396,2.0,6.0,-6,10000.0
7569,648.0,0,396,1.0,2.0,-5,10000.0
7570,674.0,0,396,1.0,0.0,-4,10000.0
7571,650.0,0,396,1.0,1.0,-3,10000.0
7572,676.0,0,396,2.0,0.0,-2,10000.0
7573,652.0,0,396,0.0,1.0,-1,10000.0
7574,653.0,0,396,1.0,1.0,0,10000.0
7575,679.0,0,396,1.0,0.0,1,10000.0
7576,680.0,0,396,0.0,0.0,2,10000.0
7577,656.0,0,396,1.0,4.0,3,10000.0
7578,657.0,0,396,3.0,1.0,4,10000.0
7579,658.0,0,396,0.0,1.0,5,10000.0
7580,684.0,0,396,1.0,0.0,6,10000.0
7581,685.0,0,396,0.0,0.0,7,10000.0
7582,661.0,0,396,0.0,2.0,8,10000.0
7583,662.0,0,396,0.0,1.0,9,10000.0
7584,663.0,0,396,1.0,1.0,10,10000.0
7585,664.0,0,396,0.0,2.0,11,10000.0
7586,690.0,0,396,0.0,0.0,12,10000.0
7587,666.0,0,396,0.0,1.0,13,10000.0
7588,639.0,0,396,0.0,1.0,-14,10000.0
7589,640.0,0,396,1.0,0.0,-13,10000.0
7590,641.0,0,396,0.0,0.0,-12,10000.0
7591,642.0,0,396,1.0,0.0,-11,10000.0
7592,643.0,0,396,4.0,1.0,-10,10000.0
7593,644.0,0,396,0.0,0.0,-9,10000.0
7594,645.0,0,396,5.0,3.0,-8,10000.0
7595,646.0,0,396,0.0,2.0,-7,10000.0
7596,647.0,0,396,1.0,0.0,-6,10000.0
7597,648.0,0,396,0.0,0.0,-5,10000.0
7598,649.0,0,396,0.0,0.0,-4,10000.0
7599,650.0,0,396,4.0,1.0,-3,10000.0
7600,651.0,0,396,6.0,1.0,-2,10000.0
7601,677.0,0,396,2.0,4.0,-1,10000.0
7602,653.0,0,396,0.0,0.0,0,10000.0
7603,654.0,0,396,0.0,0.0,1,10000.0
7604,680.0,0,396,0.0,0.0,2,10000.0
7605,656.0,0,396,0.0,0.0,3,10000.0
7606,657.0,0,396,0.0,1.0,4,10000.0
7607,683.0,0,396,1.0,0.0,5,10000.0
7608,659.0,0,396,1.0,2.0,6,10000.0
7609,685.0,0,396,1.0,0.0,7,10000.0
7610,686.0,0,396,0.0,0.0,8,10000.0
7611,687.0,0,396,1.0,0.0,9,10000.0
7612,663.0,0,396,3.0,0.0,10,10000.0
7613,689.0,0,396,0.0,0.0,11,10000.0
7614,690.0,0,396,0.0,0.0,12,10000.0
7615,691.0,0,396,0.0,0.0,13,10000.0
7616,573.0,0,397,6.0,18.0,-14,10000.0
7617,574.0,0,397,2.0,4.0,-13,10000.0
7618,575.0,0,397,5.0,9.0,-12,10000.0
7619,576.0,0,397,1.0,4.0,-11,10000.0
7620,577.0,0,397,2.0,2.0,-10,10000.0
7621,578.0,0,397,1.0,1.0,-9,10000.0
7622,711.0,0,397,0.0,0.0,-8,10000.0
7623,712.0,0,397,1.0,0.0,-7,10000.0
7624,581.0,0,397,2.0,2.0,-6,10000.0
7625,582.0,0,397,1.0,2.0,-5,10000.0
7626,583.0,0,397,0.0,1.0,-4,10000.0
7627,584.0,0,397,0.0,3.0,-3,10000.0
7628,717.0,0,397,1.0,0.0,-2,10000.0
7629,718.0,0,397,0.0,0.0,-1,10000.0
7630,587.0,0,397,0.0,1.0,0,10000.0
7631,588.0,0,397,0.0,1.0,1,10000.0
7632,721.0,0,397,0.0,0.0,2,10000.0
7633,722.0,0,397,0.0,0.0,3,10000.0
7634,723.0,0,397,0.0,0.0,4,10000.0
7635,592.0,0,397,0.0,2.0,5,10000.0
7636,593.0,0,397,0.0,1.0,6,10000.0
7637,726.0,0,397,0.0,0.0,7,10000.0
7638,595.0,0,397,0.0,2.0,8,10000.0
7639,728.0,0,397,0.0,0.0,9,10000.0
7640,597.0,0,397,0.0,1.0,10,10000.0
7641,598.0,0,397,1.0,1.0,11,10000.0
7642,731.0,0,397,0.0,0.0,12,10000.0
7643,732.0,0,397,0.0,0.0,13,10000.0
7644,573.0,0,397,0.0,0.0,-14,10000.0
7645,574.0,0,397,0.0,0.0,-13,10000.0
7646,575.0,0,397,0.0,0.0,-12,10000.0
7647,576.0,0,397,0.0,0.0,-11,10000.0
7648,577.0,0,397,0.0,1.0,-10,10000.0
7649,578.0,0,397,0.0,0.0,-9,10000.0
7650,711.0,0,397,0.0,1.0,-8,10000.0
7651,580.0,0,397,0.0,0.0,-7,10000.0
7652,581.0,0,397,0.0,1.0,-6,10000.0
7653,582.0,0,397,0.0,0.0,-5,10000.0
7654,715.0,0,397,0.0,1.0,-4,10000.0
7655,716.0,0,397,0.0,0.0,-3,10000.0
7656,585.0,0,397,0.0,0.0,-2,10000.0
7657,718.0,0,397,0.0,0.0,-1,10000.0
7658,719.0,0,397,0.0,0.0,0,10000.0
7659,720.0,0,397,0.0,0.0,1,10000.0
7660,721.0,0,397,0.0,0.0,2,10000.0
7661,722.0,0,397,1.0,0.0,3,10000.0
7662,723.0,0,397,0.0,0.0,4,10000.0
7663,724.0,0,397,0.0,0.0,5,10000.0
7664,725.0,0,397,0.0,0.0,6,10000.0
7665,726.0,0,397,0.0,0.0,7,10000.0
7666,727.0,0,397,0.0,0.0,8,10000.0
7667,728.0,0,397,0.0,0.0,9,10000.0
7668,729.0,0,397,0.0,0.0,10,10000.0
7669,598.0,0,397,0.0,0.0,11,10000.0
7670,731.0,0,397,0.0,0.0,12,10000.0
7671,732.0,0,397,0.0,0.0,13,10000.0
7672,-8.0,0,400,0.0,0.0,-14,10000.0
7673,-7.0,0,400,0.0,0.0,-13,10000.0
7674,-6.0,0,400,0.0,0.0,-12,10000.0
7675,-5.0,0,400,0.0,0.0,-11,10000.0
7676,-4.0,0,400,0.0,0.0,-10,10000.0
7677,-3.0,0,400,0.0,0.0,-9,10000.0
7678,-2.0,0,400,0.0,0.0,-8,10000.0
7679,-1.0,0,400,0.0,0.0,-7,10000.0
7680,0.0,0,400,0.0,0.0,-6,10000.0
7681,1.0,0,400,0.0,0.0,-5,10000.0
7682,2.0,0,400,0.0,0.0,-4,10000.0
7683,3.0,0,400,0.0,0.0,-3,10000.0
7684,4.0,0,400,0.0,0.0,-2,10000.0
7685,5.0,0,400,0.0,0.0,-1,10000.0
7686,6.0,0,400,0.0,0.0,0,10000.0
7687,7.0,0,400,0.0,0.0,1,10000.0
7688,8.0,0,400,0.0,0.0,2,10000.0
7689,9.0,0,400,0.0,0.0,3,10000.0
7690,10.0,0,400,0.0,0.0,4,10000.0
7691,11.0,0,400,0.0,0.0,5,10000.0
7692,12.0,0,400,0.0,0.0,6,10000.0
7693,13.0,0,400,0.0,0.0,7,10000.0
7694,14.0,0,400,0.0,0.0,8,10000.0
7695,15.0,0,400,0.0,0.0,9,10000.0
7696,16.0,0,400,1.0,0.0,10,10000.0
7697,17.0,0,400,1.0,0.0,11,10000.0
7698,18.0,0,400,0.0,0.0,12,10000.0
7699,19.0,0,400,0.0,0.0,13,10000.0
7700,719.0,0,401,1.0,0.0,-14,10000.0
7701,720.0,0,401,1.0,0.0,-13,10000.0
7702,7.0,0,401,0.0,1.0,-12,10000.0
7703,8.0,0,401,0.0,2.0,-11,10000.0
7704,723.0,0,401,1.0,0.0,-10,10000.0
7705,724.0,0,401,1.0,0.0,-9,10000.0
7706,725.0,0,401,1.0,0.0,-8,10000.0
7707,726.0,0,401,0.0,0.0,-7,10000.0
7708,727.0,0,401,0.0,0.0,-6,10000.0
7709,14.0,0,401,0.0,1.0,-5,10000.0
7710,729.0,0,401,0.0,0.0,-4,10000.0
7711,16.0,0,401,0.0,1.0,-3,10000.0
7712,731.0,0,401,0.0,0.0,-2,10000.0
7713,732.0,0,401,1.0,0.0,-1,10000.0
7714,733.0,0,401,1.0,0.0,0,10000.0
7715,734.0,0,401,0.0,0.0,1,10000.0
7716,735.0,0,401,0.0,0.0,2,10000.0
7717,736.0,0,401,0.0,0.0,3,10000.0
7718,737.0,0,401,0.0,0.0,4,10000.0
7719,738.0,0,401,0.0,0.0,5,10000.0
7720,739.0,0,401,0.0,0.0,6,10000.0
7721,740.0,0,401,0.0,0.0,7,10000.0
7722,741.0,0,401,0.0,0.0,8,10000.0
7723,742.0,0,401,0.0,0.0,9,10000.0
7724,743.0,0,401,0.0,0.0,10,10000.0
7725,744.0,0,401,0.0,0.0,11,10000.0
7726,745.0,0,401,0.0,0.0,12,10000.0
7727,746.0,0,401,0.0,0.0,13,10000.0
7728,5.0,0,401,0.0,0.0,-14,10000.0
7729,6.0,0,401,0.0,1.0,-13,10000.0
7730,7.0,0,401,0.0,0.0,-12,10000.0
7731,8.0,0,401,0.0,0.0,-11,10000.0
7732,9.0,0,401,0.0,0.0,-10,10000.0
7733,10.0,0,401,0.0,0.0,-9,10000.0
7734,11.0,0,401,0.0,0.0,-8,10000.0
7735,12.0,0,401,0.0,1.0,-7,10000.0
7736,13.0,0,401,0.0,0.0,-6,10000.0
7737,14.0,0,401,0.0,0.0,-5,10000.0
7738,15.0,0,401,0.0,1.0,-4,10000.0
7739,16.0,0,401,0.0,0.0,-3,10000.0
7740,17.0,0,401,0.0,0.0,-2,10000.0
7741,18.0,0,401,0.0,0.0,-1,10000.0
7742,19.0,0,401,0.0,0.0,0,10000.0
7743,20.0,0,401,0.0,0.0,1,10000.0
7744,21.0,0,401,0.0,0.0,2,10000.0
7745,22.0,0,401,0.0,0.0,3,10000.0
7746,23.0,0,401,0.0,0.0,4,10000.0
7747,24.0,0,401,0.0,0.0,5,10000.0
7748,25.0,0,401,0.0,0.0,6,10000.0
7749,26.0,0,401,0.0,0.0,7,10000.0
7750,27.0,0,401,0.0,0.0,8,10000.0
7751,28.0,0,401,0.0,0.0,9,10000.0
7752,29.0,0,401,0.0,0.0,10,10000.0
7753,30.0,0,401,0.0,0.0,11,10000.0
7754,31.0,0,401,0.0,0.0,12,10000.0
7755,32.0,0,401,0.0,0.0,13,10000.0
7756,-14.0,0,405,0.0,0.0,-14,10000.0
7757,-13.0,0,405,0.0,0.0,-13,10000.0
7758,-12.0,0,405,0.0,0.0,-12,10000.0
7759,-11.0,0,405,0.0,0.0,-11,10000.0
7760,-10.0,0,405,0.0,0.0,-10,10000.0
7761,-9.0,0,405,0.0,0.0,-9,10000.0
7762,-8.0,0,405,0.0,0.0,-8,10000.0
7763,-7.0,0,405,0.0,0.0,-7,10000.0
7764,-6.0,0,405,0.0,0.0,-6,10000.0
7765,-5.0,0,405,0.0,0.0,-5,10000.0
7766,-4.0,0,405,0.0,0.0,-4,10000.0
7767,-3.0,0,405,0.0,0.0,-3,10000.0
7768,-2.0,0,405,0.0,0.0,-2,10000.0
7769,-1.0,0,405,0.0,0.0,-1,10000.0
7770,0.0,0,405,0.0,0.0,0,10000.0
7771,1.0,0,405,0.0,0.0,1,10000.0
7772,2.0,0,405,0.0,0.0,2,10000.0
7773,3.0,0,405,0.0,0.0,3,10000.0
7774,4.0,0,405,0.0,0.0,4,10000.0
7775,5.0,0,405,9.0,12.0,5,10000.0
7776,6.0,0,405,1.0,2.0,6,10000.0
7777,7.0,0,405,0.0,1.0,7,10000.0
7778,8.0,0,405,1.0,2.0,8,10000.0
7779,9.0,0,405,1.0,3.0,9,10000.0
7780,10.0,0,405,1.0,1.0,10,10000.0
7781,11.0,0,405,0.0,2.0,11,10000.0
7782,12.0,0,405,0.0,1.0,12,10000.0
7783,13.0,0,405,0.0,2.0,13,10000.0
7784,553.0,0,406,0.0,1.0,-14,10000.0
7785,554.0,0,406,0.0,4.0,-13,10000.0
7786,555.0,0,406,0.0,3.0,-12,10000.0
7787,556.0,0,406,0.0,4.0,-11,10000.0
7788,557.0,0,406,0.0,1.0,-10,10000.0
7789,558.0,0,406,0.0,6.0,-9,10000.0
7790,559.0,0,406,0.0,11.0,-8,10000.0
7791,560.0,0,406,0.0,11.0,-7,10000.0
7792,561.0,0,406,0.0,4.0,-6,10000.0
7793,562.0,0,406,0.0,7.0,-5,10000.0
7794,563.0,0,406,0.0,8.0,-4,10000.0
7795,564.0,0,406,1.0,5.0,-3,10000.0
7796,565.0,0,406,1.0,1.0,-2,10000.0
7797,566.0,0,406,0.0,20.0,-1,10000.0
7798,567.0,0,406,158.0,3200.0,0,10000.0
7799,568.0,0,406,186.0,3799.0,1,10000.0
7800,569.0,0,406,12.0,486.0,2,10000.0
7801,570.0,0,406,6.0,277.0,3,10000.0
7802,571.0,0,406,4.0,137.0,4,10000.0
7803,572.0,0,406,6.0,101.0,5,10000.0
7804,573.0,0,406,2.0,115.0,6,10000.0
7805,574.0,0,406,1.0,99.0,7,10000.0
7806,575.0,0,406,1.0,37.0,8,10000.0
7807,576.0,0,406,1.0,21.0,9,10000.0
7808,577.0,0,406,1.0,35.0,10,10000.0
7809,578.0,0,406,1.0,12.0,11,10000.0
7810,579.0,0,406,0.0,7.0,12,10000.0
7811,580.0,0,406,0.0,25.0,13,10000.0
7812,559.0,0,411,0.0,0.0,-14,10000.0
7813,560.0,0,411,0.0,0.0,-13,10000.0
7814,561.0,0,411,0.0,0.0,-12,10000.0
7815,562.0,0,411,0.0,0.0,-11,10000.0
7816,563.0,0,411,0.0,0.0,-10,10000.0
7817,564.0,0,411,0.0,0.0,-9,10000.0
7818,565.0,0,411,1.0,8.0,-8,10000.0
7819,566.0,0,411,6.0,34.0,-7,10000.0
7820,567.0,0,411,1.0,22.0,-6,10000.0
7821,568.0,0,411,2.0,11.0,-5,10000.0
7822,569.0,0,411,0.0,18.0,-4,10000.0
7823,570.0,0,411,1.0,2.0,-3,10000.0
7824,571.0,0,411,0.0,4.0,-2,10000.0
7825,572.0,0,411,0.0,2.0,-1,10000.0
7826,573.0,0,411,0.0,1.0,0,10000.0
7827,574.0,0,411,0.0,1.0,1,10000.0
7828,575.0,0,411,1.0,1.0,2,10000.0
7829,576.0,0,411,0.0,0.0,3,10000.0
7830,577.0,0,411,0.0,0.0,4,10000.0
7831,578.0,0,411,0.0,0.0,5,10000.0
7832,579.0,0,411,0.0,0.0,6,10000.0
7833,580.0,0,411,0.0,0.0,7,10000.0
7834,581.0,0,411,0.0,0.0,8,10000.0
7835,582.0,0,411,0.0,0.0,9,10000.0
7836,583.0,0,411,0.0,0.0,10,10000.0
7837,584.0,0,411,0.0,0.0,11,10000.0
7838,585.0,0,411,0.0,0.0,12,10000.0
7839,586.0,0,411,0.0,0.0,13,10000.0
7840,-9.0,0,413,0.0,0.0,-14,10000.0
7841,-8.0,0,413,0.0,0.0,-13,10000.0
7842,-7.0,0,413,0.0,0.0,-12,10000.0
7843,-6.0,0,413,0.0,0.0,-11,10000.0
7844,-5.0,0,413,0.0,0.0,-10,10000.0
7845,-4.0,0,413,0.0,0.0,-9,10000.0
7846,-3.0,0,413,0.0,0.0,-8,10000.0
7847,-2.0,0,413,0.0,0.0,-7,10000.0
7848,-1.0,0,413,0.0,0.0,-6,10000.0
7849,0.0,0,413,0.0,0.0,-5,10000.0
7850,1.0,0,413,0.0,0.0,-4,10000.0
7851,2.0,0,413,0.0,0.0,-3,10000.0
7852,3.0,0,413,0.0,0.0,-2,10000.0
7853,4.0,0,413,0.0,0.0,-1,10000.0
7854,5.0,0,413,0.0,0.0,0,10000.0
7855,6.0,0,413,0.0,0.0,1,10000.0
7856,2.0,0,413,0.0,3.0,2,10000.0
7857,3.0,0,413,0.0,4.0,3,10000.0
7858,4.0,0,413,0.0,4.0,4,10000.0
7859,5.0,0,413,0.0,1.0,5,10000.0
7860,6.0,0,413,0.0,2.0,6,10000.0
7861,7.0,0,413,0.0,2.0,7,10000.0
7862,8.0,0,413,0.0,1.0,8,10000.0
7863,9.0,0,413,0.0,3.0,9,10000.0
7864,10.0,0,413,0.0,8.0,10,10000.0
7865,11.0,0,413,0.0,4.0,11,10000.0
7866,12.0,0,413,0.0,2.0,12,10000.0
7867,13.0,0,413,0.0,1.0,13,10000.0
7868,-9.0,0,413,0.0,0.0,-14,10000.0
7869,-8.0,0,413,0.0,0.0,-13,10000.0
7870,-7.0,0,413,0.0,0.0,-12,10000.0
7871,-6.0,0,413,0.0,0.0,-11,10000.0
7872,-5.0,0,413,0.0,0.0,-10,10000.0
7873,-4.0,0,413,0.0,0.0,-9,10000.0
7874,-3.0,0,413,0.0,0.0,-8,10000.0
7875,-2.0,0,413,0.0,0.0,-7,10000.0
7876,-1.0,0,413,0.0,0.0,-6,10000.0
7877,0.0,0,413,0.0,0.0,-5,10000.0
7878,1.0,0,413,0.0,0.0,-4,10000.0
7879,2.0,0,413,2.0,1.0,-3,10000.0
7880,3.0,0,413,1.0,3.0,-2,10000.0
7881,4.0,0,413,3.0,1.0,-1,10000.0
7882,5.0,0,413,0.0,1.0,0,10000.0
7883,6.0,0,413,1.0,1.0,1,10000.0
7884,7.0,0,413,0.0,2.0,2,10000.0
7885,8.0,0,413,0.0,2.0,3,10000.0
7886,9.0,0,413,0.0,2.0,4,10000.0
7887,10.0,0,413,1.0,7.0,5,10000.0
7888,11.0,0,413,0.0,4.0,6,10000.0
7889,12.0,0,413,0.0,2.0,7,10000.0
7890,13.0,0,413,0.0,1.0,8,10000.0
7891,14.0,0,413,1.0,0.0,9,10000.0
7892,15.0,0,413,0.0,1.0,10,10000.0
7893,16.0,0,413,1.0,2.0,11,10000.0
7894,17.0,0,413,0.0,0.0,12,10000.0
7895,18.0,0,413,0.0,0.0,13,10000.0
7896,636.0,0,416,0.0,0.0,-14,10000.0
7897,637.0,0,416,0.0,0.0,-13,10000.0
7898,638.0,0,416,0.0,0.0,-12,10000.0
7899,639.0,0,416,0.0,0.0,-11,10000.0
7900,640.0,0,416,0.0,0.0,-10,10000.0
7901,641.0,0,416,0.0,0.0,-9,10000.0
7902,642.0,0,416,0.0,0.0,-8,10000.0
7903,643.0,0,416,0.0,0.0,-7,10000.0
7904,644.0,0,416,0.0,0.0,-6,10000.0
7905,-2.0,0,416,0.0,17.0,-5,10000.0
7906,-1.0,0,416,9.0,45.0,-4,10000.0
7907,0.0,0,416,4.0,12.0,-3,10000.0
7908,1.0,0,416,2.0,5.0,-2,10000.0
7909,2.0,0,416,4.0,16.0,-1,10000.0
7910,3.0,0,416,2.0,7.0,0,10000.0
7911,4.0,0,416,0.0,3.0,1,10000.0
7912,5.0,0,416,0.0,5.0,2,10000.0
7913,6.0,0,416,0.0,2.0,3,10000.0
7914,7.0,0,416,0.0,2.0,4,10000.0
7915,8.0,0,416,0.0,2.0,5,10000.0
7916,9.0,0,416,1.0,5.0,6,10000.0
7917,10.0,0,416,0.0,10.0,7,10000.0
7918,11.0,0,416,1.0,3.0,8,10000.0
7919,12.0,0,416,0.0,4.0,9,10000.0
7920,13.0,0,416,0.0,9.0,10,10000.0
7921,14.0,0,416,1.0,9.0,11,10000.0
7922,15.0,0,416,0.0,2.0,12,10000.0
7923,16.0,0,416,0.0,5.0,13,10000.0
7924,636.0,0,416,0.0,52.0,-14,10000.0
7925,637.0,0,416,1.0,49.0,-13,10000.0
7926,638.0,0,416,5.0,17.0,-12,10000.0
7927,639.0,0,416,3.0,26.0,-11,10000.0
7928,640.0,0,416,3.0,32.0,-10,10000.0
7929,641.0,0,416,3.0,31.0,-9,10000.0
7930,642.0,0,416,3.0,29.0,-8,10000.0
7931,643.0,0,416,4.0,29.0,-7,10000.0
7932,644.0,0,416,0.0,26.0,-6,10000.0
7933,645.0,0,416,0.0,13.0,-5,10000.0
7934,-1.0,0,416,0.0,20.0,-4,10000.0
7935,0.0,0,416,2.0,32.0,-3,10000.0
7936,1.0,0,416,5.0,22.0,-2,10000.0
7937,2.0,0,416,3.0,32.0,-1,10000.0
7938,3.0,0,416,1.0,22.0,0,10000.0
7939,651.0,0,416,3.0,10.0,1,10000.0
7940,652.0,0,416,1.0,14.0,2,10000.0
7941,653.0,0,416,0.0,8.0,3,10000.0
7942,654.0,0,416,4.0,24.0,4,10000.0
7943,655.0,0,416,2.0,23.0,5,10000.0
7944,9.0,0,416,3.0,9.0,6,10000.0
7945,657.0,0,416,0.0,9.0,7,10000.0
7946,11.0,0,416,2.0,17.0,8,10000.0
7947,659.0,0,416,0.0,7.0,9,10000.0
7948,660.0,0,416,0.0,5.0,10,10000.0
7949,14.0,0,416,0.0,18.0,11,10000.0
7950,662.0,0,416,1.0,21.0,12,10000.0
7951,663.0,0,416,1.0,21.0,13,10000.0
7952,582.0,0,419,0.0,0.0,-14,10000.0
7953,583.0,0,419,0.0,0.0,-13,10000.0
7954,584.0,0,419,0.0,0.0,-12,10000.0
7955,585.0,0,419,0.0,0.0,-11,10000.0
7956,586.0,0,419,0.0,0.0,-10,10000.0
7957,587.0,0,419,0.0,0.0,-9,10000.0
7958,588.0,0,419,0.0,0.0,-8,10000.0
7959,589.0,0,419,0.0,0.0,-7,10000.0
7960,590.0,0,419,0.0,0.0,-6,10000.0
7961,591.0,0,419,0.0,0.0,-5,10000.0
7962,592.0,0,419,0.0,0.0,-4,10000.0
7963,593.0,0,419,0.0,0.0,-3,10000.0
7964,594.0,0,419,0.0,0.0,-2,10000.0
7965,595.0,0,419,0.0,0.0,-1,10000.0
7966,4.0,0,419,16.0,20.0,0,10000.0
7967,5.0,0,419,4.0,9.0,1,10000.0
7968,6.0,0,419,2.0,5.0,2,10000.0
7969,7.0,0,419,5.0,6.0,3,10000.0
7970,600.0,0,419,1.0,0.0,4,10000.0
7971,9.0,0,419,1.0,2.0,5,10000.0
7972,10.0,0,419,0.0,2.0,6,10000.0
7973,11.0,0,419,0.0,6.0,7,10000.0
7974,12.0,0,419,0.0,1.0,8,10000.0
7975,13.0,0,419,0.0,3.0,9,10000.0
7976,14.0,0,419,1.0,1.0,10,10000.0
7977,15.0,0,419,0.0,1.0,11,10000.0
7978,16.0,0,419,0.0,1.0,12,10000.0
7979,609.0,0,419,1.0,0.0,13,10000.0
7980,582.0,0,419,5.0,46.0,-14,10000.0
7981,583.0,0,419,2.0,9.0,-13,10000.0
7982,584.0,0,419,0.0,5.0,-12,10000.0
7983,585.0,0,419,0.0,3.0,-11,10000.0
7984,586.0,0,419,0.0,1.0,-10,10000.0
7985,587.0,0,419,0.0,1.0,-9,10000.0
7986,588.0,0,419,1.0,0.0,-8,10000.0
7987,589.0,0,419,0.0,0.0,-7,10000.0
7988,590.0,0,419,0.0,2.0,-6,10000.0
7989,591.0,0,419,0.0,1.0,-5,10000.0
7990,592.0,0,419,0.0,3.0,-4,10000.0
7991,593.0,0,419,1.0,0.0,-3,10000.0
7992,594.0,0,419,0.0,3.0,-2,10000.0
7993,595.0,0,419,0.0,2.0,-1,10000.0
7994,4.0,0,419,1.0,1.0,0,10000.0
7995,5.0,0,419,0.0,2.0,1,10000.0
7996,6.0,0,419,0.0,1.0,2,10000.0
7997,7.0,0,419,0.0,0.0,3,10000.0
7998,8.0,0,419,0.0,1.0,4,10000.0
7999,9.0,0,419,1.0,1.0,5,10000.0
8000,602.0,0,419,0.0,1.0,6,10000.0
8001,603.0,0,419,0.0,0.0,7,10000.0
8002,604.0,0,419,0.0,0.0,8,10000.0
8003,605.0,0,419,1.0,3.0,9,10000.0
8004,14.0,0,419,0.0,0.0,10,10000.0
8005,607.0,0,419,0.0,0.0,11,10000.0
8006,608.0,0,419,1.0,2.0,12,10000.0
8007,17.0,0,419,0.0,0.0,13,10000.0
8008,631.0,0,423,0.0,2.0,-14,10000.0
8009,788.0,0,423,1.0,0.0,-13,10000.0
8010,633.0,0,423,0.0,1.0,-12,10000.0
8011,634.0,0,423,0.0,3.0,-11,10000.0
8012,635.0,0,423,0.0,2.0,-10,10000.0
8013,636.0,0,423,0.0,3.0,-9,10000.0
8014,793.0,0,423,1.0,0.0,-8,10000.0
8015,638.0,0,423,1.0,1.0,-7,10000.0
8016,639.0,0,423,0.0,2.0,-6,10000.0
8017,796.0,0,423,0.0,0.0,-5,10000.0
8018,797.0,0,423,0.0,0.0,-4,10000.0
8019,642.0,0,423,0.0,3.0,-3,10000.0
8020,799.0,0,423,0.0,0.0,-2,10000.0
8021,800.0,0,423,1.0,0.0,-1,10000.0
8022,645.0,0,423,0.0,2.0,0,10000.0
8023,646.0,0,423,0.0,6.0,1,10000.0
8024,647.0,0,423,2.0,5.0,2,10000.0
8025,648.0,0,423,1.0,2.0,3,10000.0
8026,649.0,0,423,0.0,2.0,4,10000.0
8027,650.0,0,423,0.0,7.0,5,10000.0
8028,651.0,0,423,1.0,2.0,6,10000.0
8029,652.0,0,423,0.0,3.0,7,10000.0
8030,653.0,0,423,1.0,2.0,8,10000.0
8031,810.0,0,423,0.0,0.0,9,10000.0
8032,655.0,0,423,0.0,2.0,10,10000.0
8033,656.0,0,423,0.0,13.0,11,10000.0
8034,657.0,0,423,0.0,7.0,12,10000.0
8035,658.0,0,423,0.0,2.0,13,10000.0
8036,787.0,0,423,0.0,3.0,-14,10000.0
8037,632.0,0,423,0.0,4.0,-13,10000.0
8038,789.0,0,423,0.0,2.0,-12,10000.0
8039,790.0,0,423,0.0,1.0,-11,10000.0
8040,791.0,0,423,0.0,0.0,-10,10000.0
8041,792.0,0,423,0.0,1.0,-9,10000.0
8042,637.0,0,423,0.0,0.0,-8,10000.0
8043,638.0,0,423,0.0,0.0,-7,10000.0
8044,795.0,0,423,1.0,5.0,-6,10000.0
8045,796.0,0,423,0.0,2.0,-5,10000.0
8046,797.0,0,423,0.0,1.0,-4,10000.0
8047,798.0,0,423,0.0,2.0,-3,10000.0
8048,799.0,0,423,0.0,2.0,-2,10000.0
8049,644.0,0,423,0.0,2.0,-1,10000.0
8050,801.0,0,423,1.0,1.0,0,10000.0
8051,802.0,0,423,0.0,1.0,1,10000.0
8052,647.0,0,423,1.0,2.0,2,10000.0
8053,648.0,0,423,0.0,2.0,3,10000.0
8054,805.0,0,423,1.0,1.0,4,10000.0
8055,806.0,0,423,2.0,3.0,5,10000.0
8056,651.0,0,423,0.0,1.0,6,10000.0
8057,808.0,0,423,1.0,0.0,7,10000.0
8058,653.0,0,423,0.0,0.0,8,10000.0
8059,810.0,0,423,0.0,3.0,9,10000.0
8060,811.0,0,423,0.0,0.0,10,10000.0
8061,812.0,0,423,1.0,1.0,11,10000.0
8062,813.0,0,423,0.0,1.0,12,10000.0
8063,814.0,0,423,0.0,0.0,13,10000.0
8064,676.0,0,425,0.0,0.0,-14,10000.0
8065,677.0,0,425,0.0,0.0,-13,10000.0
8066,678.0,0,425,0.0,0.0,-12,10000.0
8067,679.0,0,425,0.0,0.0,-11,10000.0
8068,680.0,0,425,0.0,0.0,-10,10000.0
8069,681.0,0,425,0.0,0.0,-9,10000.0
8070,682.0,0,425,0.0,0.0,-8,10000.0
8071,683.0,0,425,0.0,0.0,-7,10000.0
8072,684.0,0,425,0.0,0.0,-6,10000.0
8073,685.0,0,425,0.0,0.0,-5,10000.0
8074,686.0,0,425,0.0,0.0,-4,10000.0
8075,687.0,0,425,0.0,0.0,-3,10000.0
8076,688.0,0,425,0.0,0.0,-2,10000.0
8077,3.0,0,425,2.0,4.0,-1,10000.0
8078,4.0,0,425,1.0,1.0,0,10000.0
8079,5.0,0,425,3.0,2.0,1,10000.0
8080,6.0,0,425,1.0,2.0,2,10000.0
8081,7.0,0,425,0.0,1.0,3,10000.0
8082,8.0,0,425,1.0,1.0,4,10000.0
8083,9.0,0,425,0.0,1.0,5,10000.0
8084,696.0,0,425,0.0,0.0,6,10000.0
8085,11.0,0,425,1.0,1.0,7,10000.0
8086,698.0,0,425,0.0,0.0,8,10000.0
8087,699.0,0,425,0.0,0.0,9,10000.0
8088,700.0,0,425,1.0,0.0,10,10000.0
8089,701.0,0,425,0.0,0.0,11,10000.0
8090,702.0,0,425,0.0,0.0,12,10000.0
8091,703.0,0,425,0.0,0.0,13,10000.0
8092,676.0,0,425,1.0,20.0,-14,10000.0
8093,677.0,0,425,4.0,9.0,-13,10000.0
8094,678.0,0,425,2.0,39.0,-12,10000.0
8095,679.0,0,425,5.0,16.0,-11,10000.0
8096,680.0,0,425,4.0,11.0,-10,10000.0
8097,681.0,0,425,4.0,18.0,-9,10000.0
8098,682.0,0,425,3.0,11.0,-8,10000.0
8099,683.0,0,425,26.0,184.0,-7,10000.0
8100,684.0,0,425,47.0,244.0,-6,10000.0
8101,685.0,0,425,2.0,12.0,-5,10000.0
8102,686.0,0,425,10.0,150.0,-4,10000.0
8103,687.0,0,425,7.0,68.0,-3,10000.0
8104,688.0,0,425,3.0,13.0,-2,10000.0
8105,689.0,0,425,1.0,9.0,-1,10000.0
8106,690.0,0,425,0.0,7.0,0,10000.0
8107,691.0,0,425,1.0,5.0,1,10000.0
8108,692.0,0,425,2.0,6.0,2,10000.0
8109,693.0,0,425,3.0,12.0,3,10000.0
8110,694.0,0,425,1.0,7.0,4,10000.0
8111,695.0,0,425,0.0,6.0,5,10000.0
8112,696.0,0,425,3.0,8.0,6,10000.0
8113,697.0,0,425,0.0,9.0,7,10000.0
8114,698.0,0,425,2.0,11.0,8,10000.0
8115,699.0,0,425,4.0,40.0,9,10000.0
8116,700.0,0,425,2.0,25.0,10,10000.0
8117,701.0,0,425,1.0,10.0,11,10000.0
8118,702.0,0,425,0.0,13.0,12,10000.0
8119,703.0,0,425,0.0,8.0,13,10000.0
8120,602.0,0,425,1.0,6.0,-14,10000.0
8121,603.0,0,425,3.0,3.0,-13,10000.0
8122,604.0,0,425,1.0,1.0,-12,10000.0
8123,605.0,0,425,0.0,1.0,-11,10000.0
8124,606.0,0,425,2.0,4.0,-10,10000.0
8125,607.0,0,425,3.0,2.0,-9,10000.0
8126,608.0,0,425,0.0,4.0,-8,10000.0
8127,609.0,0,425,0.0,1.0,-7,10000.0
8128,610.0,0,425,1.0,1.0,-6,10000.0
8129,611.0,0,425,2.0,3.0,-5,10000.0
8130,612.0,0,425,3.0,4.0,-4,10000.0
8131,613.0,0,425,4.0,2.0,-3,10000.0
8132,614.0,0,425,3.0,3.0,-2,10000.0
8133,615.0,0,425,1.0,5.0,-1,10000.0
8134,690.0,0,425,2.0,1.0,0,10000.0
8135,617.0,0,425,2.0,9.0,1,10000.0
8136,618.0,0,425,1.0,3.0,2,10000.0
8137,619.0,0,425,1.0,3.0,3,10000.0
8138,620.0,0,425,0.0,1.0,4,10000.0
8139,695.0,0,425,0.0,0.0,5,10000.0
8140,622.0,0,425,2.0,3.0,6,10000.0
8141,697.0,0,425,1.0,0.0,7,10000.0
8142,624.0,0,425,20.0,94.0,8,10000.0
8143,625.0,0,425,2.0,3.0,9,10000.0
8144,626.0,0,425,2.0,3.0,10,10000.0
8145,627.0,0,425,10.0,29.0,11,10000.0
8146,702.0,0,425,2.0,7.0,12,10000.0
8147,703.0,0,425,2.0,2.0,13,10000.0
8148,559.0,0,427,0.0,1.0,-14,10000.0
8149,560.0,0,427,0.0,0.0,-13,10000.0
8150,561.0,0,427,0.0,0.0,-12,10000.0
8151,562.0,0,427,0.0,0.0,-11,10000.0
8152,563.0,0,427,1.0,1.0,-10,10000.0
8153,564.0,0,427,1.0,0.0,-9,10000.0
8154,565.0,0,427,4.0,3.0,-8,10000.0
8155,566.0,0,427,6.0,4.0,-7,10000.0
8156,567.0,0,427,6.0,2.0,-6,10000.0
8157,568.0,0,427,1.0,3.0,-5,10000.0
8158,569.0,0,427,0.0,0.0,-4,10000.0
8159,570.0,0,427,1.0,0.0,-3,10000.0
8160,571.0,0,427,0.0,2.0,-2,10000.0
8161,572.0,0,427,1.0,3.0,-1,10000.0
8162,573.0,0,427,0.0,4.0,0,10000.0
8163,574.0,0,427,0.0,2.0,1,10000.0
8164,575.0,0,427,3.0,2.0,2,10000.0
8165,576.0,0,427,0.0,3.0,3,10000.0
8166,577.0,0,427,1.0,2.0,4,10000.0
8167,578.0,0,427,0.0,2.0,5,10000.0
8168,579.0,0,427,0.0,0.0,6,10000.0
8169,580.0,0,427,2.0,0.0,7,10000.0
8170,581.0,0,427,0.0,4.0,8,10000.0
8171,582.0,0,427,0.0,0.0,9,10000.0
8172,583.0,0,427,1.0,0.0,10,10000.0
8173,584.0,0,427,0.0,0.0,11,10000.0
8174,585.0,0,427,0.0,3.0,12,10000.0
8175,586.0,0,427,2.0,5.0,13,10000.0
8176,706.0,0,434,0.0,2.0,-14,10000.0
8177,707.0,0,434,2.0,3.0,-13,10000.0
8178,708.0,0,434,0.0,1.0,-12,10000.0
8179,709.0,0,434,0.0,2.0,-11,10000.0
8180,710.0,0,434,1.0,1.0,-10,10000.0
8181,712.0,0,434,0.0,0.0,-9,10000.0
8182,712.0,0,434,0.0,1.0,-8,10000.0
8183,713.0,0,434,0.0,3.0,-7,10000.0
8184,714.0,0,434,0.0,1.0,-6,10000.0
8185,715.0,0,434,0.0,2.0,-5,10000.0
8186,717.0,0,434,1.0,0.0,-4,10000.0
8187,717.0,0,434,2.0,2.0,-3,10000.0
8188,718.0,0,434,0.0,2.0,-2,10000.0
8189,719.0,0,434,0.0,1.0,-1,10000.0
8190,720.0,0,434,0.0,1.0,0,10000.0
8191,722.0,0,434,0.0,0.0,1,10000.0
8192,722.0,0,434,0.0,1.0,2,10000.0
8193,723.0,0,434,0.0,1.0,3,10000.0
8194,725.0,0,434,1.0,0.0,4,10000.0
8195,725.0,0,434,2.0,2.0,5,10000.0
8196,726.0,0,434,0.0,2.0,6,10000.0
8197,727.0,0,434,0.0,1.0,7,10000.0
8198,728.0,0,434,0.0,2.0,8,10000.0
8199,730.0,0,434,1.0,0.0,9,10000.0
8200,731.0,0,434,1.0,0.0,10,10000.0
8201,731.0,0,434,0.0,1.0,11,10000.0
8202,732.0,0,434,0.0,2.0,12,10000.0
8203,733.0,0,434,0.0,2.0,13,10000.0
8204,707.0,0,434,2.0,2.0,-14,10000.0
8205,707.0,0,434,0.0,1.0,-13,10000.0
8206,709.0,0,434,0.0,2.0,-12,10000.0
8207,710.0,0,434,1.0,1.0,-11,10000.0
8208,710.0,0,434,0.0,0.0,-10,10000.0
8209,712.0,0,434,0.0,1.0,-9,10000.0
8210,713.0,0,434,0.0,3.0,-8,10000.0
8211,714.0,0,434,0.0,1.0,-7,10000.0
8212,715.0,0,434,0.0,2.0,-6,10000.0
8213,716.0,0,434,1.0,0.0,-5,10000.0
8214,716.0,0,434,2.0,2.0,-4,10000.0
8215,717.0,0,434,0.0,2.0,-3,10000.0
8216,719.0,0,434,0.0,1.0,-2,10000.0
8217,720.0,0,434,0.0,1.0,-1,10000.0
8218,721.0,0,434,0.0,0.0,0,10000.0
8219,722.0,0,434,0.0,1.0,1,10000.0
8220,723.0,0,434,0.0,1.0,2,10000.0
8221,724.0,0,434,1.0,0.0,3,10000.0
8222,724.0,0,434,2.0,2.0,4,10000.0
8223,725.0,0,434,0.0,2.0,5,10000.0
8224,727.0,0,434,0.0,1.0,6,10000.0
8225,728.0,0,434,0.0,2.0,7,10000.0
8226,729.0,0,434,1.0,0.0,8,10000.0
8227,729.0,0,434,1.0,0.0,9,10000.0
8228,730.0,0,434,0.0,1.0,10,10000.0
8229,732.0,0,434,0.0,2.0,11,10000.0
8230,733.0,0,434,0.0,2.0,12,10000.0
8231,734.0,0,434,0.0,0.0,13,10000.0
8232,787.0,0,435,0.0,0.0,-14,10000.0
8233,788.0,0,435,0.0,0.0,-13,10000.0
8234,789.0,0,435,0.0,0.0,-12,10000.0
8235,790.0,0,435,0.0,0.0,-11,10000.0
8236,791.0,0,435,0.0,0.0,-10,10000.0
8237,792.0,0,435,0.0,0.0,-9,10000.0
8238,793.0,0,435,0.0,0.0,-8,10000.0
8239,794.0,0,435,0.0,0.0,-7,10000.0
8240,795.0,0,435,0.0,0.0,-6,10000.0
8241,796.0,0,435,0.0,0.0,-5,10000.0
8242,797.0,0,435,0.0,0.0,-4,10000.0
8243,798.0,0,435,0.0,0.0,-3,10000.0
8244,799.0,0,435,0.0,0.0,-2,10000.0
8245,800.0,0,435,0.0,0.0,-1,10000.0
8246,801.0,0,435,0.0,0.0,0,10000.0
8247,802.0,0,435,0.0,0.0,1,10000.0
8248,803.0,0,435,0.0,0.0,2,10000.0
8249,804.0,0,435,0.0,0.0,3,10000.0
8250,805.0,0,435,0.0,0.0,4,10000.0
8251,806.0,0,435,0.0,2.0,5,10000.0
8252,807.0,0,435,0.0,0.0,6,10000.0
8253,808.0,0,435,0.0,1.0,7,10000.0
8254,809.0,0,435,0.0,0.0,8,10000.0
8255,810.0,0,435,0.0,1.0,9,10000.0
8256,811.0,0,435,0.0,0.0,10,10000.0
8257,812.0,0,435,0.0,0.0,11,10000.0
8258,813.0,0,435,0.0,0.0,12,10000.0
8259,814.0,0,435,0.0,0.0,13,10000.0
8260,573.0,0,437,8.0,7.0,-14,10000.0
8261,574.0,0,437,1.0,10.0,-13,10000.0
8262,575.0,0,437,3.0,1.0,-12,10000.0
8263,576.0,0,437,3.0,4.0,-11,10000.0
8264,577.0,0,437,1.0,7.0,-10,10000.0
8265,578.0,0,437,4.0,9.0,-9,10000.0
8266,579.0,0,437,0.0,7.0,-8,10000.0
8267,580.0,0,437,2.0,1.0,-7,10000.0
8268,581.0,0,437,0.0,1.0,-6,10000.0
8269,582.0,0,437,2.0,5.0,-5,10000.0
8270,583.0,0,437,6.0,5.0,-4,10000.0
8271,584.0,0,437,2.0,5.0,-3,10000.0
8272,585.0,0,437,0.0,2.0,-2,10000.0
8273,586.0,0,437,0.0,4.0,-1,10000.0
8274,587.0,0,437,4.0,10.0,0,10000.0
8275,588.0,0,437,1.0,3.0,1,10000.0
8276,589.0,0,437,1.0,4.0,2,10000.0
8277,590.0,0,437,1.0,3.0,3,10000.0
8278,591.0,0,437,0.0,3.0,4,10000.0
8279,592.0,0,437,0.0,2.0,5,10000.0
8280,593.0,0,437,1.0,3.0,6,10000.0
8281,594.0,0,437,0.0,3.0,7,10000.0
8282,595.0,0,437,0.0,2.0,8,10000.0
8283,596.0,0,437,0.0,1.0,9,10000.0
8284,597.0,0,437,2.0,0.0,10,10000.0
8285,598.0,0,437,0.0,0.0,11,10000.0
8286,599.0,0,437,0.0,1.0,12,10000.0
8287,600.0,0,437,4.0,6.0,13,10000.0
8288,-14.0,0,438,0.0,0.0,-14,10000.0
8289,-13.0,0,438,0.0,0.0,-13,10000.0
8290,-12.0,0,438,0.0,0.0,-12,10000.0
8291,-11.0,0,438,0.0,0.0,-11,10000.0
8292,-10.0,0,438,0.0,0.0,-10,10000.0
8293,-9.0,0,438,0.0,0.0,-9,10000.0
8294,-8.0,0,438,0.0,0.0,-8,10000.0
8295,-7.0,0,438,0.0,0.0,-7,10000.0
8296,-6.0,0,438,0.0,0.0,-6,10000.0
8297,-5.0,0,438,0.0,0.0,-5,10000.0
8298,-4.0,0,438,0.0,0.0,-4,10000.0
8299,-3.0,0,438,0.0,0.0,-3,10000.0
8300,-2.0,0,438,0.0,0.0,-2,10000.0
8301,-1.0,0,438,0.0,0.0,-1,10000.0
8302,0.0,0,438,0.0,0.0,0,10000.0
8303,1.0,0,438,0.0,0.0,1,10000.0
8304,2.0,0,438,0.0,0.0,2,10000.0
8305,3.0,0,438,0.0,17.0,3,10000.0
8306,4.0,0,438,0.0,22.0,4,10000.0
8307,5.0,0,438,0.0,8.0,5,10000.0
8308,6.0,0,438,1.0,67.0,6,10000.0
8309,7.0,0,438,0.0,52.0,7,10000.0
8310,8.0,0,438,0.0,12.0,8,10000.0
8311,9.0,0,438,0.0,11.0,9,10000.0
8312,10.0,0,438,0.0,10.0,10,10000.0
8313,11.0,0,438,0.0,3.0,11,10000.0
8314,12.0,0,438,0.0,7.0,12,10000.0
8315,13.0,0,438,0.0,1.0,13,10000.0
8316,564.0,0,439,67.0,167.0,-14,800.0
8317,565.0,0,439,47.0,197.0,-13,800.0
8318,566.0,0,439,159.0,351.0,-12,800.0
8319,567.0,0,439,44.0,107.0,-11,800.0
8320,568.0,0,439,28.0,64.0,-10,800.0
8321,569.0,0,439,25.0,64.0,-9,800.0
8322,570.0,0,439,17.0,59.0,-8,800.0
8323,571.0,0,439,21.0,81.0,-7,800.0
8324,572.0,0,439,11.0,56.0,-6,800.0
8325,573.0,0,439,7.0,46.0,-5,800.0
8326,574.0,0,439,7.0,18.0,-4,800.0
8327,575.0,0,439,11.0,26.0,-3,800.0
8328,576.0,0,439,5.0,24.0,-2,800.0
8329,577.0,0,439,4.0,22.0,-1,800.0
8330,578.0,0,439,3.0,27.0,0,800.0
8331,579.0,0,439,2.0,20.0,1,800.0
8332,580.0,0,439,0.0,11.0,2,800.0
8333,581.0,0,439,3.0,19.0,3,800.0
8334,582.0,0,439,2.0,23.0,4,800.0
8335,583.0,0,439,3.0,21.0,5,800.0
8336,584.0,0,439,11.0,52.0,6,800.0
8337,585.0,0,439,6.0,55.0,7,800.0
8338,586.0,0,439,4.0,11.0,8,800.0
8339,587.0,0,439,1.0,20.0,9,800.0
8340,588.0,0,439,1.0,9.0,10,800.0
8341,589.0,0,439,1.0,10.0,11,800.0
8342,590.0,0,439,0.0,13.0,12,800.0
8343,591.0,0,439,4.0,4.0,13,800.0
8344,637.0,0,441,0.0,0.0,-14,10000.0
8345,558.0,0,441,2.0,2.0,-13,10000.0
8346,559.0,0,441,2.0,7.0,-12,10000.0
8347,560.0,0,441,1.0,8.0,-11,10000.0
8348,561.0,0,441,2.0,3.0,-10,10000.0
8349,562.0,0,441,2.0,10.0,-9,10000.0
8350,563.0,0,441,8.0,20.0,-8,10000.0
8351,564.0,0,441,13.0,46.0,-7,10000.0
8352,565.0,0,441,17.0,52.0,-6,10000.0
8353,566.0,0,441,17.0,27.0,-5,10000.0
8354,567.0,0,441,5.0,20.0,-4,10000.0
8355,568.0,0,441,11.0,12.0,-3,10000.0
8356,569.0,0,441,6.0,37.0,-2,10000.0
8357,570.0,0,441,2.0,13.0,-1,10000.0
8358,571.0,0,441,5.0,9.0,0,10000.0
8359,572.0,0,441,4.0,10.0,1,10000.0
8360,573.0,0,441,4.0,16.0,2,10000.0
8361,574.0,0,441,2.0,10.0,3,10000.0
8362,575.0,0,441,1.0,7.0,4,10000.0
8363,576.0,0,441,1.0,17.0,5,10000.0
8364,577.0,0,441,0.0,6.0,6,10000.0
8365,578.0,0,441,0.0,2.0,7,10000.0
8366,579.0,0,441,2.0,11.0,8,10000.0
8367,580.0,0,441,1.0,3.0,9,10000.0
8368,581.0,0,441,0.0,4.0,10,10000.0
8369,582.0,0,441,6.0,9.0,11,10000.0
8370,583.0,0,441,1.0,11.0,12,10000.0
8371,584.0,0,441,2.0,11.0,13,10000.0
8372,637.0,0,441,9.0,12.0,-14,10000.0
8373,638.0,0,441,2.0,6.0,-13,10000.0
8374,639.0,0,441,4.0,9.0,-12,10000.0
8375,640.0,0,441,1.0,7.0,-11,10000.0
8376,641.0,0,441,1.0,8.0,-10,10000.0
8377,642.0,0,441,4.0,1.0,-9,10000.0
8378,643.0,0,441,0.0,1.0,-8,10000.0
8379,644.0,0,441,0.0,1.0,-7,10000.0
8380,645.0,0,441,0.0,4.0,-6,10000.0
8381,646.0,0,441,0.0,0.0,-5,10000.0
8382,647.0,0,441,0.0,2.0,-4,10000.0
8383,648.0,0,441,0.0,2.0,-3,10000.0
8384,649.0,0,441,0.0,1.0,-2,10000.0
8385,650.0,0,441,2.0,2.0,-1,10000.0
8386,651.0,0,441,0.0,2.0,0,10000.0
8387,652.0,0,441,0.0,1.0,1,10000.0
8388,653.0,0,441,0.0,1.0,2,10000.0
8389,654.0,0,441,2.0,7.0,3,10000.0
8390,655.0,0,441,0.0,3.0,4,10000.0
8391,656.0,0,441,0.0,2.0,5,10000.0
8392,657.0,0,441,0.0,0.0,6,10000.0
8393,658.0,0,441,1.0,3.0,7,10000.0
8394,659.0,0,441,0.0,1.0,8,10000.0
8395,660.0,0,441,0.0,2.0,9,10000.0
8396,661.0,0,441,0.0,0.0,10,10000.0
8397,662.0,0,441,0.0,1.0,11,10000.0
8398,663.0,0,441,0.0,0.0,12,10000.0
8399,664.0,0,441,0.0,1.0,13,10000.0
8400,582.0,0,441,1.0,13.0,-14,10000.0
8401,583.0,0,441,2.0,8.0,-13,10000.0
8402,584.0,0,441,2.0,6.0,-12,10000.0
8403,585.0,0,441,0.0,2.0,-11,10000.0
8404,586.0,0,441,1.0,0.0,-10,10000.0
8405,587.0,0,441,3.0,3.0,-9,10000.0
8406,643.0,0,441,1.0,5.0,-8,10000.0
8407,644.0,0,441,0.0,6.0,-7,10000.0
8408,645.0,0,441,3.0,12.0,-6,10000.0
8409,646.0,0,441,2.0,6.0,-5,10000.0
8410,647.0,0,441,2.0,2.0,-4,10000.0
8411,648.0,0,441,1.0,5.0,-3,10000.0
8412,649.0,0,441,1.0,7.0,-2,10000.0
8413,595.0,0,441,0.0,1.0,-1,10000.0
8414,651.0,0,441,0.0,1.0,0,10000.0
8415,652.0,0,441,2.0,7.0,1,10000.0
8416,653.0,0,441,0.0,3.0,2,10000.0
8417,599.0,0,441,0.0,0.0,3,10000.0
8418,655.0,0,441,1.0,1.0,4,10000.0
8419,656.0,0,441,2.0,2.0,5,10000.0
8420,657.0,0,441,3.0,3.0,6,10000.0
8421,603.0,0,441,0.0,1.0,7,10000.0
8422,659.0,0,441,0.0,1.0,8,10000.0
8423,660.0,0,441,1.0,13.0,9,10000.0
8424,661.0,0,441,1.0,7.0,10,10000.0
8425,662.0,0,441,0.0,7.0,11,10000.0
8426,663.0,0,441,0.0,5.0,12,10000.0
8427,664.0,0,441,0.0,3.0,13,10000.0
8428,636.0,0,442,1.0,5.0,-14,10000.0
8429,637.0,0,442,1.0,10.0,-13,10000.0
8430,638.0,0,442,0.0,9.0,-12,10000.0
8431,639.0,0,442,0.0,4.0,-11,10000.0
8432,640.0,0,442,0.0,1.0,-10,10000.0
8433,641.0,0,442,1.0,6.0,-9,10000.0
8434,642.0,0,442,3.0,12.0,-8,10000.0
8435,643.0,0,442,0.0,3.0,-7,10000.0
8436,644.0,0,442,0.0,6.0,-6,10000.0
8437,645.0,0,442,0.0,5.0,-5,10000.0
8438,646.0,0,442,0.0,7.0,-4,10000.0
8439,647.0,0,442,0.0,5.0,-3,10000.0
8440,648.0,0,442,0.0,5.0,-2,10000.0
8441,649.0,0,442,0.0,6.0,-1,10000.0
8442,650.0,0,442,0.0,2.0,0,10000.0
8443,651.0,0,442,0.0,4.0,1,10000.0
8444,652.0,0,442,0.0,2.0,2,10000.0
8445,653.0,0,442,1.0,6.0,3,10000.0
8446,654.0,0,442,0.0,1.0,4,10000.0
8447,655.0,0,442,2.0,29.0,5,10000.0
8448,656.0,0,442,7.0,61.0,6,10000.0
8449,657.0,0,442,0.0,5.0,7,10000.0
8450,658.0,0,442,1.0,3.0,8,10000.0
8451,659.0,0,442,0.0,3.0,9,10000.0
8452,660.0,0,442,0.0,3.0,10,10000.0
8453,661.0,0,442,0.0,2.0,11,10000.0
8454,662.0,0,442,0.0,7.0,12,10000.0
8455,663.0,0,442,0.0,8.0,13,10000.0
8456,636.0,0,442,0.0,7.0,-14,10000.0
8457,637.0,0,442,0.0,6.0,-13,10000.0
8458,640.0,0,442,0.0,1.0,-12,10000.0
8459,641.0,0,442,1.0,6.0,-11,10000.0
8460,642.0,0,442,3.0,12.0,-10,10000.0
8461,641.0,0,442,0.0,3.0,-9,10000.0
8462,642.0,0,442,0.0,6.0,-8,10000.0
8463,645.0,0,442,0.0,4.0,-7,10000.0
8464,646.0,0,442,0.0,8.0,-6,10000.0
8465,647.0,0,442,0.0,4.0,-5,10000.0
8466,648.0,0,442,0.0,6.0,-4,10000.0
8467,649.0,0,442,0.0,5.0,-3,10000.0
8468,650.0,0,442,0.0,3.0,-2,10000.0
8469,651.0,0,442,0.0,4.0,-1,10000.0
8470,652.0,0,442,0.0,2.0,0,10000.0
8471,653.0,0,442,1.0,4.0,1,10000.0
8472,654.0,0,442,0.0,3.0,2,10000.0
8473,653.0,0,442,0.0,5.0,3,10000.0
8474,656.0,0,442,9.0,84.0,4,10000.0
8475,655.0,0,442,0.0,6.0,5,10000.0
8476,656.0,0,442,1.0,3.0,6,10000.0
8477,659.0,0,442,0.0,3.0,7,10000.0
8478,658.0,0,442,1.0,1.0,8,10000.0
8479,661.0,0,442,0.0,3.0,9,10000.0
8480,662.0,0,442,0.0,6.0,10,10000.0
8481,663.0,0,442,0.0,9.0,11,10000.0
8482,664.0,0,442,0.0,1.0,12,10000.0
8483,665.0,0,442,0.0,3.0,13,10000.0
8484,683.0,0,443,0.0,1.0,-14,10000.0
8485,684.0,0,443,0.0,0.0,-13,10000.0
8486,685.0,0,443,0.0,0.0,-12,10000.0
8487,686.0,0,443,0.0,0.0,-11,10000.0
8488,687.0,0,443,0.0,0.0,-10,10000.0
8489,688.0,0,443,0.0,0.0,-9,10000.0
8490,689.0,0,443,0.0,0.0,-8,10000.0
8491,690.0,0,443,0.0,0.0,-7,10000.0
8492,691.0,0,443,0.0,0.0,-6,10000.0
8493,692.0,0,443,0.0,0.0,-5,10000.0
8494,693.0,0,443,0.0,0.0,-4,10000.0
8495,694.0,0,443,1.0,0.0,-3,10000.0
8496,695.0,0,443,0.0,0.0,-2,10000.0
8497,696.0,0,443,0.0,0.0,-1,10000.0
8498,697.0,0,443,0.0,0.0,0,10000.0
8499,698.0,0,443,0.0,0.0,1,10000.0
8500,699.0,0,443,0.0,0.0,2,10000.0
8501,700.0,0,443,0.0,2.0,3,10000.0
8502,701.0,0,443,1.0,0.0,4,10000.0
8503,702.0,0,443,0.0,0.0,5,10000.0
8504,703.0,0,443,0.0,0.0,6,10000.0
8505,704.0,0,443,1.0,0.0,7,10000.0
8506,705.0,0,443,0.0,0.0,8,10000.0
8507,706.0,0,443,0.0,0.0,9,10000.0
8508,707.0,0,443,0.0,1.0,10,10000.0
8509,708.0,0,443,0.0,0.0,11,10000.0
8510,709.0,0,443,0.0,0.0,12,10000.0
8511,710.0,0,443,0.0,0.0,13,10000.0
8512,672.0,0,446,5.0,11.0,-14,10000.0
8513,673.0,0,446,2.0,13.0,-13,10000.0
8514,674.0,0,446,4.0,6.0,-12,10000.0
8515,675.0,0,446,5.0,8.0,-11,10000.0
8516,676.0,0,446,4.0,19.0,-10,10000.0
8517,677.0,0,446,14.0,48.0,-9,10000.0
8518,678.0,0,446,5.0,15.0,-8,10000.0
8519,679.0,0,446,4.0,14.0,-7,10000.0
8520,680.0,0,446,4.0,5.0,-6,10000.0
8521,681.0,0,446,2.0,4.0,-5,10000.0
8522,682.0,0,446,1.0,13.0,-4,10000.0
8523,683.0,0,446,2.0,25.0,-3,10000.0
8524,684.0,0,446,3.0,26.0,-2,10000.0
8525,685.0,0,446,2.0,17.0,-1,10000.0
8526,686.0,0,446,3.0,7.0,0,10000.0
8527,687.0,0,446,1.0,4.0,1,10000.0
8528,688.0,0,446,2.0,21.0,2,10000.0
8529,689.0,0,446,0.0,6.0,3,10000.0
8530,690.0,0,446,0.0,5.0,4,10000.0
8531,691.0,0,446,1.0,7.0,5,10000.0
8532,692.0,0,446,4.0,10.0,6,10000.0
8533,693.0,0,446,1.0,6.0,7,10000.0
8534,694.0,0,446,2.0,13.0,8,10000.0
8535,695.0,0,446,1.0,6.0,9,10000.0
8536,696.0,0,446,3.0,19.0,10,10000.0
8537,697.0,0,446,2.0,7.0,11,10000.0
8538,698.0,0,446,1.0,11.0,12,10000.0
8539,699.0,0,446,2.0,11.0,13,10000.0
8540,555.0,0,450,1.0,5.0,-14,10000.0
8541,556.0,0,450,0.0,3.0,-13,10000.0
8542,557.0,0,450,1.0,6.0,-12,10000.0
8543,558.0,0,450,3.0,27.0,-11,10000.0
8544,559.0,0,450,3.0,37.0,-10,10000.0
8545,560.0,0,450,4.0,31.0,-9,10000.0
8546,561.0,0,450,2.0,16.0,-8,10000.0
8547,562.0,0,450,3.0,19.0,-7,10000.0
8548,563.0,0,450,6.0,39.0,-6,10000.0
8549,564.0,0,450,3.0,71.0,-5,10000.0
8550,565.0,0,450,28.0,282.0,-4,10000.0
8551,566.0,0,450,23.0,228.0,-3,10000.0
8552,567.0,0,450,21.0,298.0,-2,10000.0
8553,568.0,0,450,18.0,271.0,-1,10000.0
8554,569.0,0,450,13.0,117.0,0,10000.0
8555,570.0,0,450,7.0,116.0,1,10000.0
8556,571.0,0,450,4.0,85.0,2,10000.0
8557,572.0,0,450,14.0,78.0,3,10000.0
8558,573.0,0,450,5.0,50.0,4,10000.0
8559,574.0,0,450,18.0,247.0,5,10000.0
8560,575.0,0,450,5.0,92.0,6,10000.0
8561,576.0,0,450,1.0,65.0,7,10000.0
8562,577.0,0,450,2.0,33.0,8,10000.0
8563,578.0,0,450,3.0,38.0,9,10000.0
8564,579.0,0,450,3.0,47.0,10,10000.0
8565,580.0,0,450,5.0,60.0,11,10000.0
8566,581.0,0,450,0.0,32.0,12,10000.0
8567,582.0,0,450,1.0,25.0,13,10000.0
8568,555.0,0,450,3.0,38.0,-14,10000.0
8569,560.0,0,450,4.0,30.0,-13,10000.0
8570,557.0,0,450,2.0,16.0,-12,10000.0
8571,558.0,0,450,3.0,19.0,-11,10000.0
8572,559.0,0,450,6.0,39.0,-10,10000.0
8573,560.0,0,450,3.0,71.0,-9,10000.0
8574,561.0,0,450,28.0,283.0,-8,10000.0
8575,562.0,0,450,23.0,227.0,-7,10000.0
8576,563.0,0,450,21.0,298.0,-6,10000.0
8577,564.0,0,450,18.0,271.0,-5,10000.0
8578,565.0,0,450,17.0,113.0,-4,10000.0
8579,566.0,0,450,9.0,115.0,-3,10000.0
8580,567.0,0,450,9.0,79.0,-2,10000.0
8581,568.0,0,450,16.0,76.0,-1,10000.0
8582,569.0,0,450,5.0,50.0,0,10000.0
8583,570.0,0,450,23.0,242.0,1,10000.0
8584,571.0,0,450,8.0,89.0,2,10000.0
8585,572.0,0,450,1.0,65.0,3,10000.0
8586,573.0,0,450,3.0,32.0,4,10000.0
8587,574.0,0,450,4.0,37.0,5,10000.0
8588,575.0,0,450,3.0,48.0,6,10000.0
8589,576.0,0,450,5.0,59.0,7,10000.0
8590,577.0,0,450,1.0,31.0,8,10000.0
8591,578.0,0,450,1.0,25.0,9,10000.0
8592,579.0,0,450,1.0,6.0,10,10000.0
8593,580.0,0,450,1.0,31.0,11,10000.0
8594,585.0,0,450,33.0,193.0,12,10000.0
8595,582.0,0,450,5.0,57.0,13,10000.0
8596,-10.0,0,452,0.0,0.0,-14,10000.0
8597,-9.0,0,452,0.0,0.0,-13,10000.0
8598,-8.0,0,452,0.0,0.0,-12,10000.0
8599,-7.0,0,452,0.0,0.0,-11,10000.0
8600,-6.0,0,452,0.0,0.0,-10,10000.0
8601,-5.0,0,452,0.0,0.0,-9,10000.0
8602,-4.0,0,452,0.0,0.0,-8,10000.0
8603,-3.0,0,452,0.0,0.0,-7,10000.0
8604,-2.0,0,452,0.0,0.0,-6,10000.0
8605,-1.0,0,452,0.0,0.0,-5,10000.0
8606,0.0,0,452,0.0,0.0,-4,10000.0
8607,1.0,0,452,4.0,5.0,-3,10000.0
8608,2.0,0,452,4.0,4.0,-2,10000.0
8609,3.0,0,452,10.0,7.0,-1,10000.0
8610,4.0,0,452,3.0,8.0,0,10000.0
8611,5.0,0,452,3.0,14.0,1,10000.0
8612,6.0,0,452,0.0,5.0,2,10000.0
8613,7.0,0,452,2.0,3.0,3,10000.0
8614,8.0,0,452,3.0,15.0,4,10000.0
8615,9.0,0,452,0.0,5.0,5,10000.0
8616,10.0,0,452,1.0,1.0,6,10000.0
8617,11.0,0,452,1.0,11.0,7,10000.0
8618,12.0,0,452,2.0,6.0,8,10000.0
8619,13.0,0,452,0.0,8.0,9,10000.0
8620,14.0,0,452,1.0,10.0,10,10000.0
8621,15.0,0,452,0.0,7.0,11,10000.0
8622,16.0,0,452,0.0,2.0,12,10000.0
8623,17.0,0,452,0.0,1.0,13,10000.0
8624,565.0,0,453,0.0,0.0,-14,10000.0
8625,566.0,0,453,0.0,0.0,-13,10000.0
8626,567.0,0,453,0.0,0.0,-12,10000.0
8627,568.0,0,453,0.0,0.0,-11,10000.0
8628,569.0,0,453,0.0,1.0,-10,10000.0
8629,570.0,0,453,0.0,0.0,-9,10000.0
8630,571.0,0,453,0.0,0.0,-8,10000.0
8631,572.0,0,453,0.0,0.0,-7,10000.0
8632,573.0,0,453,0.0,0.0,-6,10000.0
8633,574.0,0,453,0.0,0.0,-5,10000.0
8634,575.0,0,453,0.0,0.0,-4,10000.0
8635,576.0,0,453,0.0,0.0,-3,10000.0
8636,577.0,0,453,0.0,0.0,-2,10000.0
8637,578.0,0,453,0.0,0.0,-1,10000.0
8638,579.0,0,453,0.0,0.0,0,10000.0
8639,580.0,0,453,0.0,0.0,1,10000.0
8640,581.0,0,453,0.0,0.0,2,10000.0
8641,582.0,0,453,0.0,0.0,3,10000.0
8642,583.0,0,453,0.0,0.0,4,10000.0
8643,584.0,0,453,0.0,0.0,5,10000.0
8644,585.0,0,453,0.0,0.0,6,10000.0
8645,586.0,0,453,0.0,1.0,7,10000.0
8646,587.0,0,453,0.0,0.0,8,10000.0
8647,588.0,0,453,0.0,0.0,9,10000.0
8648,589.0,0,453,0.0,0.0,10,10000.0
8649,590.0,0,453,0.0,0.0,11,10000.0
8650,591.0,0,453,0.0,0.0,12,10000.0
8651,592.0,0,453,0.0,0.0,13,10000.0
8652,787.0,0,454,0.0,1.0,-14,10000.0
8653,788.0,0,454,0.0,4.0,-13,10000.0
8654,789.0,0,454,1.0,0.0,-12,10000.0
8655,790.0,0,454,0.0,1.0,-11,10000.0
8656,791.0,0,454,0.0,0.0,-10,10000.0
8657,792.0,0,454,0.0,1.0,-9,10000.0
8658,793.0,0,454,0.0,2.0,-8,10000.0
8659,794.0,0,454,0.0,1.0,-7,10000.0
8660,795.0,0,454,1.0,4.0,-6,10000.0
8661,796.0,0,454,0.0,3.0,-5,10000.0
8662,797.0,0,454,0.0,3.0,-4,10000.0
8663,798.0,0,454,0.0,1.0,-3,10000.0
8664,799.0,0,454,0.0,1.0,-2,10000.0
8665,800.0,0,454,0.0,0.0,-1,10000.0
8666,801.0,0,454,0.0,1.0,0,10000.0
8667,802.0,0,454,0.0,1.0,1,10000.0
8668,803.0,0,454,0.0,1.0,2,10000.0
8669,804.0,0,454,0.0,1.0,3,10000.0
8670,805.0,0,454,1.0,0.0,4,10000.0
8671,806.0,0,454,0.0,1.0,5,10000.0
8672,807.0,0,454,0.0,1.0,6,10000.0
8673,808.0,0,454,0.0,0.0,7,10000.0
8674,809.0,0,454,0.0,0.0,8,10000.0
8675,810.0,0,454,0.0,2.0,9,10000.0
8676,811.0,0,454,1.0,2.0,10,10000.0
8677,812.0,0,454,1.0,1.0,11,10000.0
8678,813.0,0,454,0.0,1.0,12,10000.0
8679,814.0,0,454,0.0,0.0,13,10000.0
8680,565.0,0,458,0.0,0.0,-14,10000.0
8681,566.0,0,458,0.0,0.0,-13,10000.0
8682,567.0,0,458,0.0,0.0,-12,10000.0
8683,568.0,0,458,3.0,2.0,-11,10000.0
8684,569.0,0,458,6.0,0.0,-10,10000.0
8685,570.0,0,458,4.0,8.0,-9,10000.0
8686,571.0,0,458,6.0,9.0,-8,10000.0
8687,572.0,0,458,1.0,5.0,-7,10000.0
8688,573.0,0,458,2.0,4.0,-6,10000.0
8689,574.0,0,458,0.0,2.0,-5,10000.0
8690,575.0,0,458,0.0,2.0,-4,10000.0
8691,576.0,0,458,0.0,2.0,-3,10000.0
8692,577.0,0,458,1.0,0.0,-2,10000.0
8693,578.0,0,458,1.0,1.0,-1,10000.0
8694,579.0,0,458,2.0,0.0,0,10000.0
8695,580.0,0,458,0.0,2.0,1,10000.0
8696,581.0,0,458,0.0,4.0,2,10000.0
8697,582.0,0,458,0.0,3.0,3,10000.0
8698,583.0,0,458,0.0,1.0,4,10000.0
8699,584.0,0,458,3.0,2.0,5,10000.0
8700,585.0,0,458,0.0,2.0,6,10000.0
8701,586.0,0,458,0.0,3.0,7,10000.0
8702,587.0,0,458,0.0,2.0,8,10000.0
8703,588.0,0,458,0.0,0.0,9,10000.0
8704,589.0,0,458,0.0,1.0,10,10000.0
8705,590.0,0,458,0.0,1.0,11,10000.0
8706,591.0,0,458,1.0,4.0,12,10000.0
8707,592.0,0,458,0.0,1.0,13,10000.0
8708,707.0,0,460,0.0,5.0,-14,10000.0
8709,708.0,0,460,1.0,8.0,-13,10000.0
8710,709.0,0,460,3.0,5.0,-12,10000.0
8711,710.0,0,460,2.0,5.0,-11,10000.0
8712,711.0,0,460,0.0,4.0,-10,10000.0
8713,712.0,0,460,3.0,9.0,-9,10000.0
8714,713.0,0,460,1.0,5.0,-8,10000.0
8715,714.0,0,460,1.0,7.0,-7,10000.0
8716,715.0,0,460,1.0,7.0,-6,10000.0
8717,716.0,0,460,1.0,5.0,-5,10000.0
8718,717.0,0,460,1.0,5.0,-4,10000.0
8719,718.0,0,460,1.0,6.0,-3,10000.0
8720,719.0,0,460,1.0,5.0,-2,10000.0
8721,720.0,0,460,2.0,6.0,-1,10000.0
8722,721.0,0,460,1.0,10.0,0,10000.0
8723,722.0,0,460,5.0,6.0,1,10000.0
8724,723.0,0,460,0.0,6.0,2,10000.0
8725,724.0,0,460,0.0,2.0,3,10000.0
8726,725.0,0,460,0.0,3.0,4,10000.0
8727,726.0,0,460,1.0,5.0,5,10000.0
8728,727.0,0,460,0.0,4.0,6,10000.0
8729,728.0,0,460,2.0,2.0,7,10000.0
8730,729.0,0,460,2.0,0.0,8,10000.0
8731,730.0,0,460,0.0,1.0,9,10000.0
8732,731.0,0,460,0.0,3.0,10,10000.0
8733,732.0,0,460,1.0,12.0,11,10000.0
8734,733.0,0,460,2.0,5.0,12,10000.0
8735,734.0,0,460,1.0,3.0,13,10000.0
8736,582.0,0,462,73.0,2651.0,-14,691.0
8737,583.0,0,462,53.0,1839.0,-13,691.0
8738,584.0,0,462,57.0,2700.0,-12,691.0
8739,585.0,0,462,89.0,3380.0,-11,691.0
8740,586.0,0,462,127.0,4308.0,-10,691.0
8741,587.0,0,462,34.0,1079.0,-9,691.0
8742,588.0,0,462,66.0,2211.0,-8,691.0
8743,589.0,0,462,38.0,1001.0,-7,691.0
8744,590.0,0,462,56.0,1526.0,-6,691.0
8745,591.0,0,462,59.0,1687.0,-5,691.0
8746,592.0,0,462,131.0,4108.0,-4,691.0
8747,593.0,0,462,23.0,1056.0,-3,691.0
8748,594.0,0,462,57.0,1215.0,-2,691.0
8749,595.0,0,462,85.0,2357.0,-1,691.0
8750,596.0,0,462,24.0,950.0,0,691.0
8751,597.0,0,462,77.0,2063.0,1,691.0
8752,598.0,0,462,43.0,1517.0,2,691.0
8753,599.0,0,462,44.0,1257.0,3,691.0
8754,600.0,0,462,40.0,1082.0,4,691.0
8755,601.0,0,462,24.0,890.0,5,691.0
8756,602.0,0,462,10.0,539.0,6,691.0
8757,603.0,0,462,8.0,513.0,7,691.0
8758,604.0,0,462,21.0,970.0,8,691.0
8759,605.0,0,462,20.0,682.0,9,691.0
8760,606.0,0,462,25.0,580.0,10,691.0
8761,607.0,0,462,11.0,460.0,11,691.0
8762,608.0,0,462,12.0,537.0,12,691.0
8763,609.0,0,462,18.0,748.0,13,691.0
8764,582.0,0,462,31.0,2058.0,-14,691.0
8765,583.0,0,462,76.0,3723.0,-13,691.0
8766,584.0,0,462,116.0,5711.0,-12,691.0
8767,585.0,0,462,69.0,3369.0,-11,691.0
8768,586.0,0,462,98.0,4297.0,-10,691.0
8769,587.0,0,462,131.0,6372.0,-9,691.0
8770,588.0,0,462,122.0,4819.0,-8,691.0
8771,589.0,0,462,66.0,4168.0,-7,691.0
8772,590.0,0,462,89.0,3499.0,-6,691.0
8773,591.0,0,462,37.0,2364.0,-5,691.0
8774,592.0,0,462,112.0,5032.0,-4,691.0
8775,593.0,0,462,94.0,2677.0,-3,691.0
8776,594.0,0,462,38.0,1407.0,-2,691.0
8777,595.0,0,462,39.0,1464.0,-1,691.0
8778,596.0,0,462,38.0,1518.0,0,691.0
8779,597.0,0,462,21.0,1416.0,1,691.0
8780,598.0,0,462,76.0,2447.0,2,691.0
8781,599.0,0,462,83.0,3195.0,3,691.0
8782,600.0,0,462,33.0,1828.0,4,691.0
8783,601.0,0,462,24.0,1332.0,5,691.0
8784,602.0,0,462,58.0,2618.0,6,691.0
8785,603.0,0,462,71.0,3466.0,7,691.0
8786,604.0,0,462,74.0,2184.0,8,691.0
8787,605.0,0,462,65.0,2633.0,9,691.0
8788,606.0,0,462,30.0,1589.0,10,691.0
8789,607.0,0,462,84.0,2406.0,11,691.0
8790,608.0,0,462,102.0,3248.0,12,691.0
8791,609.0,0,462,28.0,1045.0,13,691.0
8792,786.0,0,464,0.0,0.0,-14,10000.0
8793,787.0,0,464,0.0,0.0,-13,10000.0
8794,788.0,0,464,0.0,0.0,-12,10000.0
8795,789.0,0,464,0.0,0.0,-11,10000.0
8796,563.0,0,464,1073.0,7693.0,-10,10000.0
8797,564.0,0,464,410.0,3596.0,-9,10000.0
8798,565.0,0,464,419.0,4593.0,-8,10000.0
8799,566.0,0,464,542.0,7907.0,-7,10000.0
8800,567.0,0,464,337.0,4786.0,-6,10000.0
8801,568.0,0,464,371.0,4531.0,-5,10000.0
8802,569.0,0,464,408.0,7217.0,-4,10000.0
8803,570.0,0,464,185.0,3548.0,-3,10000.0
8804,571.0,0,464,422.0,6059.0,-2,10000.0
8805,572.0,0,464,493.0,7010.0,-1,10000.0
8806,573.0,0,464,214.0,4143.0,0,10000.0
8807,574.0,0,464,211.0,3457.0,1,10000.0
8808,575.0,0,464,58.0,1360.0,2,10000.0
8809,576.0,0,464,34.0,700.0,3,10000.0
8810,577.0,0,464,86.0,1550.0,4,10000.0
8811,578.0,0,464,52.0,688.0,5,10000.0
8812,579.0,0,464,240.0,2676.0,6,10000.0
8813,580.0,0,464,71.0,1462.0,7,10000.0
8814,581.0,0,464,39.0,636.0,8,10000.0
8815,582.0,0,464,53.0,661.0,9,10000.0
8816,583.0,0,464,72.0,1302.0,10,10000.0
8817,584.0,0,464,133.0,2031.0,11,10000.0
8818,585.0,0,464,315.0,4621.0,12,10000.0
8819,586.0,0,464,103.0,1857.0,13,10000.0
8820,786.0,0,464,48.0,758.0,-14,10000.0
8821,787.0,0,464,188.0,1923.0,-13,10000.0
8822,788.0,0,464,95.0,1006.0,-12,10000.0
8823,789.0,0,464,107.0,978.0,-11,10000.0
8824,790.0,0,464,200.0,2358.0,-10,10000.0
8825,791.0,0,464,105.0,915.0,-9,10000.0
8826,792.0,0,464,33.0,369.0,-8,10000.0
8827,793.0,0,464,136.0,1553.0,-7,10000.0
8828,794.0,0,464,98.0,971.0,-6,10000.0
8829,795.0,0,464,78.0,1224.0,-5,10000.0
8830,796.0,0,464,55.0,797.0,-4,10000.0
8831,797.0,0,464,45.0,399.0,-3,10000.0
8832,798.0,0,464,30.0,332.0,-2,10000.0
8833,799.0,0,464,16.0,208.0,-1,10000.0
8834,800.0,0,464,94.0,1028.0,0,10000.0
8835,801.0,0,464,32.0,426.0,1,10000.0
8836,802.0,0,464,24.0,312.0,2,10000.0
8837,803.0,0,464,48.0,617.0,3,10000.0
8838,804.0,0,464,48.0,614.0,4,10000.0
8839,805.0,0,464,57.0,482.0,5,10000.0
8840,806.0,0,464,25.0,434.0,6,10000.0
8841,807.0,0,464,35.0,493.0,7,10000.0
8842,808.0,0,464,41.0,862.0,8,10000.0
8843,809.0,0,464,29.0,655.0,9,10000.0
8844,810.0,0,464,9.0,236.0,10,10000.0
8845,811.0,0,464,18.0,412.0,11,10000.0
8846,812.0,0,464,17.0,405.0,12,10000.0
8847,813.0,0,464,73.0,1174.0,13,10000.0
8848,593.0,0,464,11.0,303.0,-14,10000.0
8849,594.0,0,464,8.0,74.0,-13,10000.0
8850,595.0,0,464,6.0,71.0,-12,10000.0
8851,596.0,0,464,4.0,70.0,-11,10000.0
8852,597.0,0,464,0.0,73.0,-10,10000.0
8853,598.0,0,464,6.0,65.0,-9,10000.0
8854,599.0,0,464,5.0,65.0,-8,10000.0
8855,600.0,0,464,2.0,93.0,-7,10000.0
8856,601.0,0,464,6.0,77.0,-6,10000.0
8857,602.0,0,464,7.0,76.0,-5,10000.0
8858,603.0,0,464,19.0,140.0,-4,10000.0
8859,604.0,0,464,2.0,92.0,-3,10000.0
8860,605.0,0,464,14.0,132.0,-2,10000.0
8861,606.0,0,464,11.0,92.0,-1,10000.0
8862,607.0,0,464,12.0,98.0,0,10000.0
8863,608.0,0,464,6.0,87.0,1,10000.0
8864,609.0,0,464,18.0,151.0,2,10000.0
8865,610.0,0,464,12.0,103.0,3,10000.0
8866,611.0,0,464,7.0,85.0,4,10000.0
8867,612.0,0,464,2.0,33.0,5,10000.0
8868,613.0,0,464,2.0,46.0,6,10000.0
8869,614.0,0,464,3.0,88.0,7,10000.0
8870,615.0,0,464,6.0,102.0,8,10000.0
8871,616.0,0,464,5.0,82.0,9,10000.0
8872,617.0,0,464,4.0,97.0,10,10000.0
8873,618.0,0,464,5.0,80.0,11,10000.0
8874,619.0,0,464,20.0,277.0,12,10000.0
8875,620.0,0,464,7.0,143.0,13,10000.0
8876,550.0,0,466,0.0,0.0,-14,10000.0
8877,547.0,0,466,0.0,1.0,-13,10000.0
8878,552.0,0,466,0.0,0.0,-12,10000.0
8879,553.0,0,466,0.0,0.0,-11,10000.0
8880,554.0,0,466,0.0,0.0,-10,10000.0
8881,555.0,0,466,0.0,0.0,-9,10000.0
8882,556.0,0,466,0.0,0.0,-8,10000.0
8883,557.0,0,466,0.0,0.0,-7,10000.0
8884,558.0,0,466,0.0,0.0,-6,10000.0
8885,559.0,0,466,0.0,0.0,-5,10000.0
8886,560.0,0,466,0.0,0.0,-4,10000.0
8887,561.0,0,466,0.0,0.0,-3,10000.0
8888,562.0,0,466,0.0,0.0,-2,10000.0
8889,563.0,0,466,0.0,0.0,-1,10000.0
8890,564.0,0,466,0.0,0.0,0,10000.0
8891,561.0,0,466,0.0,1.0,1,10000.0
8892,566.0,0,466,0.0,0.0,2,10000.0
8893,567.0,0,466,0.0,0.0,3,10000.0
8894,568.0,0,466,0.0,0.0,4,10000.0
8895,565.0,0,466,0.0,1.0,5,10000.0
8896,570.0,0,466,0.0,0.0,6,10000.0
8897,571.0,0,466,0.0,0.0,7,10000.0
8898,568.0,0,466,0.0,1.0,8,10000.0
8899,573.0,0,466,0.0,0.0,9,10000.0
8900,574.0,0,466,0.0,0.0,10,10000.0
8901,575.0,0,466,0.0,0.0,11,10000.0
8902,576.0,0,466,1.0,0.0,12,10000.0
8903,577.0,0,466,0.0,0.0,13,10000.0
8904,550.0,0,466,0.0,0.0,-14,10000.0
8905,551.0,0,466,0.0,0.0,-13,10000.0
8906,552.0,0,466,0.0,0.0,-12,10000.0
8907,553.0,0,466,0.0,0.0,-11,10000.0
8908,554.0,0,466,0.0,0.0,-10,10000.0
8909,555.0,0,466,0.0,0.0,-9,10000.0
8910,556.0,0,466,0.0,0.0,-8,10000.0
8911,557.0,0,466,0.0,0.0,-7,10000.0
8912,558.0,0,466,0.0,0.0,-6,10000.0
8913,559.0,0,466,0.0,0.0,-5,10000.0
8914,560.0,0,466,0.0,0.0,-4,10000.0
8915,561.0,0,466,1.0,0.0,-3,10000.0
8916,562.0,0,466,0.0,0.0,-2,10000.0
8917,563.0,0,466,0.0,0.0,-1,10000.0
8918,564.0,0,466,0.0,0.0,0,10000.0
8919,565.0,0,466,0.0,0.0,1,10000.0
8920,566.0,0,466,0.0,1.0,2,10000.0
8921,567.0,0,466,0.0,0.0,3,10000.0
8922,568.0,0,466,0.0,0.0,4,10000.0
8923,569.0,0,466,0.0,1.0,5,10000.0
8924,570.0,0,466,0.0,0.0,6,10000.0
8925,571.0,0,466,0.0,0.0,7,10000.0
8926,572.0,0,466,0.0,0.0,8,10000.0
8927,573.0,0,466,1.0,0.0,9,10000.0
8928,574.0,0,466,0.0,0.0,10,10000.0
8929,575.0,0,466,0.0,1.0,11,10000.0
8930,572.0,0,466,0.0,0.0,12,10000.0
8931,577.0,0,466,0.0,1.0,13,10000.0
8932,-12.0,0,467,0.0,0.0,-14,10000.0
8933,-11.0,0,467,0.0,0.0,-13,10000.0
8934,-10.0,0,467,0.0,0.0,-12,10000.0
8935,-9.0,0,467,0.0,0.0,-11,10000.0
8936,-8.0,0,467,0.0,0.0,-10,10000.0
8937,-7.0,0,467,0.0,0.0,-9,10000.0
8938,-6.0,0,467,0.0,0.0,-8,10000.0
8939,-5.0,0,467,0.0,0.0,-7,10000.0
8940,-4.0,0,467,0.0,0.0,-6,10000.0
8941,-3.0,0,467,0.0,0.0,-5,10000.0
8942,-2.0,0,467,0.0,0.0,-4,10000.0
8943,-1.0,0,467,1.0,9.0,-3,10000.0
8944,0.0,0,467,2.0,3.0,-2,10000.0
8945,1.0,0,467,1.0,0.0,-1,10000.0
8946,2.0,0,467,0.0,0.0,0,10000.0
8947,3.0,0,467,0.0,1.0,1,10000.0
8948,4.0,0,467,2.0,1.0,2,10000.0
8949,5.0,0,467,0.0,0.0,3,10000.0
8950,6.0,0,467,0.0,1.0,4,10000.0
8951,7.0,0,467,0.0,1.0,5,10000.0
8952,8.0,0,467,0.0,1.0,6,10000.0
8953,9.0,0,467,0.0,1.0,7,10000.0
8954,10.0,0,467,0.0,0.0,8,10000.0
8955,11.0,0,467,0.0,1.0,9,10000.0
8956,12.0,0,467,0.0,1.0,10,10000.0
8957,13.0,0,467,0.0,0.0,11,10000.0
8958,14.0,0,467,0.0,0.0,12,10000.0
8959,15.0,0,467,0.0,1.0,13,10000.0
8960,-1.0,0,470,0.0,4.0,-14,10000.0
8961,0.0,0,470,4.0,8.0,-13,10000.0
8962,1.0,0,470,4.0,9.0,-12,10000.0
8963,2.0,0,470,6.0,4.0,-11,10000.0
8964,3.0,0,470,4.0,22.0,-10,10000.0
8965,4.0,0,470,80.0,405.0,-9,10000.0
8966,5.0,0,470,60.0,546.0,-8,10000.0
8967,6.0,0,470,24.0,260.0,-7,10000.0
8968,7.0,0,470,21.0,220.0,-6,10000.0
8969,8.0,0,470,12.0,104.0,-5,10000.0
8970,9.0,0,470,16.0,204.0,-4,10000.0
8971,10.0,0,470,8.0,141.0,-3,10000.0
8972,11.0,0,470,23.0,270.0,-2,10000.0
8973,12.0,0,470,22.0,270.0,-1,10000.0
8974,13.0,0,470,9.0,139.0,0,10000.0
8975,14.0,0,470,14.0,273.0,1,10000.0
8976,15.0,0,470,8.0,201.0,2,10000.0
8977,16.0,0,470,3.0,96.0,3,10000.0
8978,17.0,0,470,6.0,195.0,4,10000.0
8979,18.0,0,470,2.0,107.0,5,10000.0
8980,19.0,0,470,3.0,103.0,6,10000.0
8981,20.0,0,470,4.0,111.0,7,10000.0
8982,21.0,0,470,0.0,87.0,8,10000.0
8983,22.0,0,470,0.0,41.0,9,10000.0
8984,23.0,0,470,2.0,58.0,10,10000.0
8985,24.0,0,470,0.0,57.0,11,10000.0
8986,25.0,0,470,2.0,68.0,12,10000.0
8987,26.0,0,470,2.0,68.0,13,10000.0
8988,566.0,0,473,0.0,0.0,-14,10000.0
8989,567.0,0,473,0.0,0.0,-13,10000.0
8990,568.0,0,473,0.0,0.0,-12,10000.0
8991,569.0,0,473,0.0,0.0,-11,10000.0
8992,570.0,0,473,0.0,0.0,-10,10000.0
8993,571.0,0,473,0.0,0.0,-9,10000.0
8994,572.0,0,473,0.0,0.0,-8,10000.0
8995,573.0,0,473,0.0,0.0,-7,10000.0
8996,574.0,0,473,0.0,0.0,-6,10000.0
8997,575.0,0,473,0.0,0.0,-5,10000.0
8998,576.0,0,473,0.0,0.0,-4,10000.0
8999,10.0,0,473,158.0,295.0,-3,10000.0
9000,11.0,0,473,43.0,81.0,-2,10000.0
9001,12.0,0,473,14.0,59.0,-1,10000.0
9002,13.0,0,473,10.0,65.0,0,10000.0
9003,14.0,0,473,8.0,64.0,1,10000.0
9004,15.0,0,473,2.0,39.0,2,10000.0
9005,16.0,0,473,12.0,88.0,3,10000.0
9006,17.0,0,473,4.0,50.0,4,10000.0
9007,18.0,0,473,1.0,41.0,5,10000.0
9008,19.0,0,473,1.0,39.0,6,10000.0
9009,20.0,0,473,1.0,14.0,7,10000.0
9010,21.0,0,473,3.0,18.0,8,10000.0
9011,22.0,0,473,2.0,16.0,9,10000.0
9012,23.0,0,473,1.0,9.0,10,10000.0
9013,24.0,0,473,0.0,10.0,11,10000.0
9014,25.0,0,473,1.0,41.0,12,10000.0
9015,26.0,0,473,0.0,18.0,13,10000.0
9016,566.0,0,473,307.0,2396.0,-14,10000.0
9017,567.0,0,473,160.0,1491.0,-13,10000.0
9018,568.0,0,473,149.0,1146.0,-12,10000.0
9019,569.0,0,473,157.0,1130.0,-11,10000.0
9020,570.0,0,473,144.0,1389.0,-10,10000.0
9021,571.0,0,473,67.0,939.0,-9,10000.0
9022,572.0,0,473,57.0,516.0,-8,10000.0
9023,573.0,0,473,82.0,580.0,-7,10000.0
9024,574.0,0,473,203.0,1434.0,-6,10000.0
9025,575.0,0,473,284.0,1705.0,-5,10000.0
9026,576.0,0,473,40.0,440.0,-4,10000.0
9027,10.0,0,473,35.0,250.0,-3,10000.0
9028,11.0,0,473,36.0,293.0,-2,10000.0
9029,12.0,0,473,22.0,253.0,-1,10000.0
9030,13.0,0,473,52.0,331.0,0,10000.0
9031,14.0,0,473,42.0,318.0,1,10000.0
9032,15.0,0,473,22.0,301.0,2,10000.0
9033,16.0,0,473,31.0,289.0,3,10000.0
9034,17.0,0,473,47.0,414.0,4,10000.0
9035,18.0,0,473,25.0,294.0,5,10000.0
9036,19.0,0,473,40.0,540.0,6,10000.0
9037,20.0,0,473,95.0,560.0,7,10000.0
9038,21.0,0,473,23.0,190.0,8,10000.0
9039,22.0,0,473,23.0,219.0,9,10000.0
9040,23.0,0,473,26.0,226.0,10,10000.0
9041,591.0,0,473,12.0,168.0,11,10000.0
9042,25.0,0,473,11.0,135.0,12,10000.0
9043,593.0,0,473,7.0,111.0,13,10000.0
9044,578.0,0,476,2.0,6.0,-14,10000.0
9045,579.0,0,476,0.0,3.0,-13,10000.0
9046,580.0,0,476,3.0,4.0,-12,10000.0
9047,581.0,0,476,3.0,7.0,-11,10000.0
9048,582.0,0,476,0.0,12.0,-10,10000.0
9049,583.0,0,476,2.0,3.0,-9,10000.0
9050,584.0,0,476,0.0,2.0,-8,10000.0
9051,585.0,0,476,0.0,4.0,-7,10000.0
9052,586.0,0,476,2.0,4.0,-6,10000.0
9053,587.0,0,476,0.0,1.0,-5,10000.0
9054,588.0,0,476,0.0,3.0,-4,10000.0
9055,589.0,0,476,1.0,4.0,-3,10000.0
9056,590.0,0,476,2.0,6.0,-2,10000.0
9057,591.0,0,476,0.0,1.0,-1,10000.0
9058,592.0,0,476,0.0,0.0,0,10000.0
9059,593.0,0,476,1.0,4.0,1,10000.0
9060,594.0,0,476,1.0,1.0,2,10000.0
9061,595.0,0,476,0.0,1.0,3,10000.0
9062,596.0,0,476,0.0,0.0,4,10000.0
9063,597.0,0,476,0.0,0.0,5,10000.0
9064,598.0,0,476,0.0,1.0,6,10000.0
9065,599.0,0,476,0.0,0.0,7,10000.0
9066,600.0,0,476,0.0,1.0,8,10000.0
9067,601.0,0,476,0.0,1.0,9,10000.0
9068,602.0,0,476,0.0,2.0,10,10000.0
9069,603.0,0,476,2.0,4.0,11,10000.0
9070,604.0,0,476,0.0,1.0,12,10000.0
9071,605.0,0,476,0.0,0.0,13,10000.0
9072,628.0,0,477,0.0,0.0,-14,10000.0
9073,629.0,0,477,0.0,0.0,-13,10000.0
9074,630.0,0,477,0.0,0.0,-12,10000.0
9075,631.0,0,477,0.0,0.0,-11,10000.0
9076,632.0,0,477,2.0,1.0,-10,10000.0
9077,633.0,0,477,0.0,0.0,-9,10000.0
9078,634.0,0,477,0.0,0.0,-8,10000.0
9079,635.0,0,477,0.0,0.0,-7,10000.0
9080,636.0,0,477,0.0,0.0,-6,10000.0
9081,637.0,0,477,0.0,0.0,-5,10000.0
9082,638.0,0,477,0.0,0.0,-4,10000.0
9083,639.0,0,477,0.0,0.0,-3,10000.0
9084,640.0,0,477,0.0,0.0,-2,10000.0
9085,641.0,0,477,0.0,0.0,-1,10000.0
9086,642.0,0,477,0.0,0.0,0,10000.0
9087,643.0,0,477,0.0,0.0,1,10000.0
9088,644.0,0,477,0.0,0.0,2,10000.0
9089,645.0,0,477,0.0,0.0,3,10000.0
9090,646.0,0,477,1.0,0.0,4,10000.0
9091,647.0,0,477,0.0,0.0,5,10000.0
9092,648.0,0,477,0.0,0.0,6,10000.0
9093,649.0,0,477,0.0,1.0,7,10000.0
9094,650.0,0,477,0.0,0.0,8,10000.0
9095,651.0,0,477,0.0,0.0,9,10000.0
9096,652.0,0,477,0.0,0.0,10,10000.0
9097,653.0,0,477,0.0,0.0,11,10000.0
9098,654.0,0,477,0.0,0.0,12,10000.0
9099,655.0,0,477,0.0,0.0,13,10000.0
9100,572.0,0,478,0.0,0.0,-14,10000.0
9101,573.0,0,478,0.0,0.0,-13,10000.0
9102,574.0,0,478,0.0,0.0,-12,10000.0
9103,575.0,0,478,1.0,0.0,-11,10000.0
9104,576.0,0,478,0.0,0.0,-10,10000.0
9105,577.0,0,478,0.0,0.0,-9,10000.0
9106,578.0,0,478,1.0,0.0,-8,10000.0
9107,579.0,0,478,0.0,0.0,-7,10000.0
9108,580.0,0,478,0.0,0.0,-6,10000.0
9109,581.0,0,478,0.0,1.0,-5,10000.0
9110,582.0,0,478,0.0,0.0,-4,10000.0
9111,583.0,0,478,0.0,0.0,-3,10000.0
9112,584.0,0,478,0.0,1.0,-2,10000.0
9113,585.0,0,478,0.0,3.0,-1,10000.0
9114,586.0,0,478,1.0,6.0,0,10000.0
9115,587.0,0,478,1.0,2.0,1,10000.0
9116,588.0,0,478,0.0,1.0,2,10000.0
9117,589.0,0,478,0.0,1.0,3,10000.0
9118,590.0,0,478,0.0,0.0,4,10000.0
9119,591.0,0,478,0.0,1.0,5,10000.0
9120,592.0,0,478,0.0,1.0,6,10000.0
9121,593.0,0,478,0.0,0.0,7,10000.0
9122,594.0,0,478,0.0,0.0,8,10000.0
9123,595.0,0,478,0.0,1.0,9,10000.0
9124,596.0,0,478,0.0,0.0,10,10000.0
9125,597.0,0,478,0.0,0.0,11,10000.0
9126,598.0,0,478,0.0,0.0,12,10000.0
9127,599.0,0,478,0.0,0.0,13,10000.0
9128,575.0,0,480,78.0,844.0,-14,10000.0
9129,576.0,0,480,35.0,467.0,-13,10000.0
9130,577.0,0,480,47.0,646.0,-12,10000.0
9131,578.0,0,480,28.0,386.0,-11,10000.0
9132,579.0,0,480,24.0,318.0,-10,10000.0
9133,580.0,0,480,33.0,338.0,-9,10000.0
9134,581.0,0,480,58.0,389.0,-8,10000.0
9135,582.0,0,480,34.0,285.0,-7,10000.0
9136,583.0,0,480,35.0,298.0,-6,10000.0
9137,584.0,0,480,213.0,1900.0,-5,10000.0
9138,585.0,0,480,106.0,1023.0,-4,10000.0
9139,586.0,0,480,55.0,584.0,-3,10000.0
9140,587.0,0,480,61.0,482.0,-2,10000.0
9141,588.0,0,480,36.0,270.0,-1,10000.0
9142,589.0,0,480,15.0,163.0,0,10000.0
9143,590.0,0,480,7.0,108.0,1,10000.0
9144,591.0,0,480,5.0,102.0,2,10000.0
9145,592.0,0,480,21.0,230.0,3,10000.0
9146,593.0,0,480,10.0,192.0,4,10000.0
9147,594.0,0,480,18.0,162.0,5,10000.0
9148,595.0,0,480,14.0,123.0,6,10000.0
9149,596.0,0,480,11.0,67.0,7,10000.0
9150,597.0,0,480,79.0,431.0,8,10000.0
9151,598.0,0,480,21.0,202.0,9,10000.0
9152,599.0,0,480,18.0,93.0,10,10000.0
9153,600.0,0,480,87.0,837.0,11,10000.0
9154,601.0,0,480,12.0,157.0,12,10000.0
9155,602.0,0,480,32.0,170.0,13,10000.0
9156,633.0,0,480,16.0,162.0,-14,10000.0
9157,634.0,0,480,34.0,154.0,-13,10000.0
9158,635.0,0,480,8.0,73.0,-12,10000.0
9159,636.0,0,480,6.0,62.0,-11,10000.0
9160,637.0,0,480,7.0,61.0,-10,10000.0
9161,638.0,0,480,5.0,50.0,-9,10000.0
9162,639.0,0,480,11.0,53.0,-8,10000.0
9163,640.0,0,480,11.0,76.0,-7,10000.0
9164,641.0,0,480,9.0,90.0,-6,10000.0
9165,642.0,0,480,16.0,93.0,-5,10000.0
9166,643.0,0,480,7.0,63.0,-4,10000.0
9167,644.0,0,480,14.0,60.0,-3,10000.0
9168,645.0,0,480,25.0,141.0,-2,10000.0
9169,646.0,0,480,9.0,67.0,-1,10000.0
9170,647.0,0,480,13.0,76.0,0,10000.0
9171,648.0,0,480,5.0,53.0,1,10000.0
9172,649.0,0,480,10.0,58.0,2,10000.0
9173,650.0,0,480,26.0,173.0,3,10000.0
9174,651.0,0,480,32.0,259.0,4,10000.0
9175,652.0,0,480,10.0,85.0,5,10000.0
9176,653.0,0,480,8.0,137.0,6,10000.0
9177,654.0,0,480,8.0,89.0,7,10000.0
9178,655.0,0,480,5.0,41.0,8,10000.0
9179,656.0,0,480,11.0,57.0,9,10000.0
9180,657.0,0,480,2.0,34.0,10,10000.0
9181,658.0,0,480,47.0,289.0,11,10000.0
9182,659.0,0,480,25.0,228.0,12,10000.0
9183,660.0,0,480,11.0,91.0,13,10000.0
9184,601.0,0,480,7.0,108.0,-14,10000.0
9185,602.0,0,480,5.0,114.0,-13,10000.0
9186,603.0,0,480,13.0,163.0,-12,10000.0
9187,604.0,0,480,4.0,114.0,-11,10000.0
9188,605.0,0,480,11.0,83.0,-10,10000.0
9189,606.0,0,480,9.0,66.0,-9,10000.0
9190,607.0,0,480,22.0,208.0,-8,10000.0
9191,608.0,0,480,15.0,184.0,-7,10000.0
9192,609.0,0,480,16.0,104.0,-6,10000.0
9193,610.0,0,480,9.0,70.0,-5,10000.0
9194,611.0,0,480,11.0,85.0,-4,10000.0
9195,612.0,0,480,8.0,65.0,-3,10000.0
9196,613.0,0,480,4.0,56.0,-2,10000.0
9197,614.0,0,480,11.0,97.0,-1,10000.0
9198,615.0,0,480,8.0,70.0,0,10000.0
9199,616.0,0,480,3.0,83.0,1,10000.0
9200,617.0,0,480,12.0,91.0,2,10000.0
9201,618.0,0,480,3.0,47.0,3,10000.0
9202,619.0,0,480,65.0,542.0,4,10000.0
9203,620.0,0,480,9.0,105.0,5,10000.0
9204,621.0,0,480,7.0,63.0,6,10000.0
9205,622.0,0,480,3.0,49.0,7,10000.0
9206,623.0,0,480,8.0,38.0,8,10000.0
9207,624.0,0,480,6.0,59.0,9,10000.0
9208,625.0,0,480,2.0,33.0,10,10000.0
9209,626.0,0,480,1.0,24.0,11,10000.0
9210,627.0,0,480,4.0,28.0,12,10000.0
9211,628.0,0,480,5.0,21.0,13,10000.0
9212,630.0,0,482,1.0,0.0,-14,10000.0
9213,631.0,0,482,0.0,0.0,-13,10000.0
9214,632.0,0,482,0.0,2.0,-12,10000.0
9215,633.0,0,482,2.0,2.0,-11,10000.0
9216,634.0,0,482,0.0,0.0,-10,10000.0
9217,635.0,0,482,5.0,1.0,-9,10000.0
9218,636.0,0,482,3.0,5.0,-8,10000.0
9219,637.0,0,482,1.0,3.0,-7,10000.0
9220,638.0,0,482,1.0,5.0,-6,10000.0
9221,639.0,0,482,2.0,7.0,-5,10000.0
9222,640.0,0,482,2.0,3.0,-4,10000.0
9223,641.0,0,482,0.0,1.0,-3,10000.0
9224,642.0,0,482,1.0,2.0,-2,10000.0
9225,643.0,0,482,0.0,2.0,-1,10000.0
9226,644.0,0,482,2.0,4.0,0,10000.0
9227,645.0,0,482,3.0,3.0,1,10000.0
9228,646.0,0,482,3.0,1.0,2,10000.0
9229,647.0,0,482,0.0,3.0,3,10000.0
9230,648.0,0,482,0.0,3.0,4,10000.0
9231,649.0,0,482,0.0,1.0,5,10000.0
9232,650.0,0,482,1.0,3.0,6,10000.0
9233,651.0,0,482,1.0,3.0,7,10000.0
9234,652.0,0,482,0.0,2.0,8,10000.0
9235,653.0,0,482,1.0,5.0,9,10000.0
9236,654.0,0,482,0.0,0.0,10,10000.0
9237,655.0,0,482,0.0,11.0,11,10000.0
9238,656.0,0,482,1.0,2.0,12,10000.0
9239,657.0,0,482,1.0,2.0,13,10000.0
9240,549.0,0,483,0.0,0.0,-14,10000.0
9241,550.0,0,483,0.0,0.0,-13,10000.0
9242,551.0,0,483,0.0,0.0,-12,10000.0
9243,552.0,0,483,0.0,0.0,-11,10000.0
9244,553.0,0,483,0.0,0.0,-10,10000.0
9245,554.0,0,483,0.0,0.0,-9,10000.0
9246,555.0,0,483,0.0,0.0,-8,10000.0
9247,556.0,0,483,0.0,0.0,-7,10000.0
9248,557.0,0,483,0.0,0.0,-6,10000.0
9249,558.0,0,483,0.0,0.0,-5,10000.0
9250,559.0,0,483,0.0,0.0,-4,10000.0
9251,560.0,0,483,0.0,0.0,-3,10000.0
9252,561.0,0,483,0.0,0.0,-2,10000.0
9253,562.0,0,483,0.0,1.0,-1,10000.0
9254,563.0,0,483,0.0,0.0,0,10000.0
9255,564.0,0,483,1.0,1.0,1,10000.0
9256,565.0,0,483,0.0,5.0,2,10000.0
9257,566.0,0,483,1.0,5.0,3,10000.0
9258,567.0,0,483,1.0,3.0,4,10000.0
9259,568.0,0,483,1.0,2.0,5,10000.0
9260,569.0,0,483,1.0,3.0,6,10000.0
9261,570.0,0,483,1.0,2.0,7,10000.0
9262,571.0,0,483,0.0,6.0,8,10000.0
9263,572.0,0,483,1.0,23.0,9,10000.0
9264,573.0,0,483,1.0,21.0,10,10000.0
9265,574.0,0,483,0.0,10.0,11,10000.0
9266,575.0,0,483,0.0,6.0,12,10000.0
9267,576.0,0,483,0.0,13.0,13,10000.0
9268,672.0,0,484,0.0,1.0,-14,10000.0
9269,673.0,0,484,1.0,1.0,-13,10000.0
9270,674.0,0,484,0.0,2.0,-12,10000.0
9271,675.0,0,484,1.0,1.0,-11,10000.0
9272,676.0,0,484,0.0,3.0,-10,10000.0
9273,677.0,0,484,0.0,1.0,-9,10000.0
9274,678.0,0,484,1.0,2.0,-8,10000.0
9275,679.0,0,484,2.0,0.0,-7,10000.0
9276,680.0,0,484,0.0,4.0,-6,10000.0
9277,681.0,0,484,1.0,3.0,-5,10000.0
9278,682.0,0,484,0.0,1.0,-4,10000.0
9279,683.0,0,484,0.0,2.0,-3,10000.0
9280,684.0,0,484,0.0,2.0,-2,10000.0
9281,685.0,0,484,0.0,3.0,-1,10000.0
9282,686.0,0,484,0.0,2.0,0,10000.0
9283,687.0,0,484,1.0,5.0,1,10000.0
9284,688.0,0,484,0.0,2.0,2,10000.0
9285,689.0,0,484,1.0,2.0,3,10000.0
9286,690.0,0,484,3.0,2.0,4,10000.0
9287,691.0,0,484,2.0,2.0,5,10000.0
9288,692.0,0,484,0.0,3.0,6,10000.0
9289,693.0,0,484,2.0,2.0,7,10000.0
9290,694.0,0,484,1.0,1.0,8,10000.0
9291,695.0,0,484,1.0,1.0,9,10000.0
9292,696.0,0,484,0.0,1.0,10,10000.0
9293,697.0,0,484,0.0,4.0,11,10000.0
9294,698.0,0,484,3.0,7.0,12,10000.0
9295,699.0,0,484,2.0,3.0,13,10000.0
9296,562.0,0,486,0.0,0.0,-14,10000.0
9297,563.0,0,486,0.0,0.0,-13,10000.0
9298,564.0,0,486,52.0,53.0,-12,10000.0
9299,565.0,0,486,37.0,76.0,-11,10000.0
9300,566.0,0,486,150.0,292.0,-10,10000.0
9301,567.0,0,486,35.0,55.0,-9,10000.0
9302,568.0,0,486,25.0,33.0,-8,10000.0
9303,569.0,0,486,21.0,20.0,-7,10000.0
9304,570.0,0,486,7.0,24.0,-6,10000.0
9305,571.0,0,486,7.0,9.0,-5,10000.0
9306,572.0,0,486,7.0,13.0,-4,10000.0
9307,573.0,0,486,6.0,12.0,-3,10000.0
9308,574.0,0,486,3.0,5.0,-2,10000.0
9309,575.0,0,486,5.0,9.0,-1,10000.0
9310,576.0,0,486,2.0,6.0,0,10000.0
9311,577.0,0,486,0.0,5.0,1,10000.0
9312,578.0,0,486,0.0,6.0,2,10000.0
9313,579.0,0,486,4.0,12.0,3,10000.0
9314,580.0,0,486,1.0,1.0,4,10000.0
9315,581.0,0,486,0.0,1.0,5,10000.0
9316,582.0,0,486,1.0,3.0,6,10000.0
9317,583.0,0,486,0.0,3.0,7,10000.0
9318,584.0,0,486,2.0,3.0,8,10000.0
9319,585.0,0,486,7.0,21.0,9,10000.0
9320,586.0,0,486,0.0,5.0,10,10000.0
9321,587.0,0,486,0.0,1.0,11,10000.0
9322,588.0,0,486,0.0,1.0,12,10000.0
9323,589.0,0,486,0.0,3.0,13,10000.0
9324,555.0,0,488,0.0,1.0,-14,10000.0
9325,556.0,0,488,0.0,1.0,-13,10000.0
9326,557.0,0,488,0.0,1.0,-12,10000.0
9327,765.0,0,488,0.0,0.0,-11,10000.0
9328,559.0,0,488,0.0,4.0,-10,10000.0
9329,560.0,0,488,0.0,1.0,-9,10000.0
9330,561.0,0,488,0.0,10.0,-8,10000.0
9331,562.0,0,488,0.0,3.0,-7,10000.0
9332,563.0,0,488,0.0,2.0,-6,10000.0
9333,564.0,0,488,0.0,1.0,-5,10000.0
9334,565.0,0,488,0.0,5.0,-4,10000.0
9335,566.0,0,488,1.0,6.0,-3,10000.0
9336,567.0,0,488,0.0,3.0,-2,10000.0
9337,568.0,0,488,0.0,6.0,-1,10000.0
9338,569.0,0,488,0.0,5.0,0,10000.0
9339,570.0,0,488,0.0,8.0,1,10000.0
9340,571.0,0,488,0.0,3.0,2,10000.0
9341,572.0,0,488,0.0,3.0,3,10000.0
9342,573.0,0,488,0.0,2.0,4,10000.0
9343,574.0,0,488,1.0,3.0,5,10000.0
9344,575.0,0,488,0.0,2.0,6,10000.0
9345,576.0,0,488,1.0,1.0,7,10000.0
9346,784.0,0,488,0.0,0.0,8,10000.0
9347,578.0,0,488,1.0,1.0,9,10000.0
9348,579.0,0,488,0.0,1.0,10,10000.0
9349,580.0,0,488,0.0,1.0,11,10000.0
9350,581.0,0,488,0.0,3.0,12,10000.0
9351,582.0,0,488,0.0,2.0,13,10000.0
9352,762.0,0,488,0.0,0.0,-14,10000.0
9353,763.0,0,488,0.0,1.0,-13,10000.0
9354,764.0,0,488,0.0,0.0,-12,10000.0
9355,765.0,0,488,0.0,0.0,-11,10000.0
9356,766.0,0,488,0.0,2.0,-10,10000.0
9357,767.0,0,488,0.0,0.0,-9,10000.0
9358,768.0,0,488,0.0,1.0,-8,10000.0
9359,769.0,0,488,0.0,0.0,-7,10000.0
9360,770.0,0,488,1.0,1.0,-6,10000.0
9361,771.0,0,488,0.0,1.0,-5,10000.0
9362,772.0,0,488,1.0,1.0,-4,10000.0
9363,566.0,0,488,0.0,0.0,-3,10000.0
9364,774.0,0,488,0.0,0.0,-2,10000.0
9365,775.0,0,488,0.0,0.0,-1,10000.0
9366,776.0,0,488,0.0,0.0,0,10000.0
9367,777.0,0,488,0.0,1.0,1,10000.0
9368,778.0,0,488,0.0,0.0,2,10000.0
9369,779.0,0,488,0.0,2.0,3,10000.0
9370,780.0,0,488,0.0,0.0,4,10000.0
9371,574.0,0,488,0.0,1.0,5,10000.0
9372,782.0,0,488,0.0,2.0,6,10000.0
9373,576.0,0,488,0.0,0.0,7,10000.0
9374,784.0,0,488,0.0,0.0,8,10000.0
9375,578.0,0,488,0.0,0.0,9,10000.0
9376,786.0,0,488,0.0,1.0,10,10000.0
9377,787.0,0,488,0.0,1.0,11,10000.0
9378,788.0,0,488,0.0,0.0,12,10000.0
9379,789.0,0,488,0.0,0.0,13,10000.0
9380,578.0,0,492,1.0,5.0,-14,10000.0
9381,579.0,0,492,0.0,5.0,-13,10000.0
9382,580.0,0,492,2.0,5.0,-12,10000.0
9383,581.0,0,492,0.0,6.0,-11,10000.0
9384,582.0,0,492,1.0,1.0,-10,10000.0
9385,653.0,0,492,1.0,0.0,-9,10000.0
9386,584.0,0,492,1.0,2.0,-8,10000.0
9387,655.0,0,492,0.0,0.0,-7,10000.0
9388,586.0,0,492,0.0,3.0,-6,10000.0
9389,587.0,0,492,1.0,4.0,-5,10000.0
9390,588.0,0,492,1.0,2.0,-4,10000.0
9391,589.0,0,492,0.0,5.0,-3,10000.0
9392,590.0,0,492,0.0,2.0,-2,10000.0
9393,591.0,0,492,1.0,3.0,-1,10000.0
9394,592.0,0,492,0.0,2.0,0,10000.0
9395,663.0,0,492,0.0,0.0,1,10000.0
9396,664.0,0,492,0.0,0.0,2,10000.0
9397,665.0,0,492,0.0,0.0,3,10000.0
9398,666.0,0,492,0.0,0.0,4,10000.0
9399,597.0,0,492,0.0,1.0,5,10000.0
9400,598.0,0,492,1.0,2.0,6,10000.0
9401,669.0,0,492,0.0,0.0,7,10000.0
9402,600.0,0,492,0.0,2.0,8,10000.0
9403,601.0,0,492,0.0,1.0,9,10000.0
9404,672.0,0,492,0.0,0.0,10,10000.0
9405,673.0,0,492,0.0,0.0,11,10000.0
9406,604.0,0,492,0.0,5.0,12,10000.0
9407,675.0,0,492,0.0,0.0,13,10000.0
9408,648.0,0,492,0.0,0.0,-14,10000.0
9409,649.0,0,492,0.0,0.0,-13,10000.0
9410,650.0,0,492,0.0,0.0,-12,10000.0
9411,651.0,0,492,0.0,0.0,-11,10000.0
9412,652.0,0,492,0.0,1.0,-10,10000.0
9413,653.0,0,492,1.0,2.0,-9,10000.0
9414,654.0,0,492,0.0,0.0,-8,10000.0
9415,655.0,0,492,0.0,2.0,-7,10000.0
9416,656.0,0,492,1.0,0.0,-6,10000.0
9417,657.0,0,492,0.0,0.0,-5,10000.0
9418,658.0,0,492,0.0,0.0,-4,10000.0
9419,659.0,0,492,0.0,5.0,-3,10000.0
9420,660.0,0,492,0.0,0.0,-2,10000.0
9421,661.0,0,492,0.0,1.0,-1,10000.0
9422,662.0,0,492,0.0,0.0,0,10000.0
9423,663.0,0,492,0.0,1.0,1,10000.0
9424,664.0,0,492,0.0,1.0,2,10000.0
9425,665.0,0,492,0.0,0.0,3,10000.0
9426,666.0,0,492,1.0,0.0,4,10000.0
9427,667.0,0,492,1.0,0.0,5,10000.0
9428,668.0,0,492,0.0,1.0,6,10000.0
9429,669.0,0,492,1.0,1.0,7,10000.0
9430,670.0,0,492,0.0,1.0,8,10000.0
9431,671.0,0,492,0.0,0.0,9,10000.0
9432,672.0,0,492,0.0,0.0,10,10000.0
9433,673.0,0,492,1.0,2.0,11,10000.0
9434,674.0,0,492,0.0,0.0,12,10000.0
9435,675.0,0,492,0.0,1.0,13,10000.0
9436,648.0,0,492,0.0,1.0,-14,10000.0
9437,649.0,0,492,0.0,1.0,-13,10000.0
9438,650.0,0,492,0.0,0.0,-12,10000.0
9439,651.0,0,492,0.0,0.0,-11,10000.0
9440,652.0,0,492,0.0,0.0,-10,10000.0
9441,597.0,0,492,0.0,1.0,-9,10000.0
9442,654.0,0,492,0.0,0.0,-8,10000.0
9443,655.0,0,492,0.0,0.0,-7,10000.0
9444,600.0,0,492,1.0,1.0,-6,10000.0
9445,657.0,0,492,0.0,1.0,-5,10000.0
9446,658.0,0,492,1.0,2.0,-4,10000.0
9447,659.0,0,492,0.0,1.0,-3,10000.0
9448,660.0,0,492,0.0,1.0,-2,10000.0
9449,661.0,0,492,0.0,1.0,-1,10000.0
9450,662.0,0,492,0.0,1.0,0,10000.0
9451,663.0,0,492,0.0,0.0,1,10000.0
9452,664.0,0,492,0.0,0.0,2,10000.0
9453,665.0,0,492,0.0,1.0,3,10000.0
9454,610.0,0,492,0.0,1.0,4,10000.0
9455,611.0,0,492,0.0,1.0,5,10000.0
9456,668.0,0,492,0.0,0.0,6,10000.0
9457,613.0,0,492,0.0,0.0,7,10000.0
9458,670.0,0,492,0.0,0.0,8,10000.0
9459,671.0,0,492,0.0,0.0,9,10000.0
9460,672.0,0,492,0.0,0.0,10,10000.0
9461,617.0,0,492,0.0,0.0,11,10000.0
9462,674.0,0,492,0.0,1.0,12,10000.0
9463,675.0,0,492,1.0,0.0,13,10000.0
9464,677.0,0,494,2.0,10.0,-14,10000.0
9465,678.0,0,494,0.0,3.0,-13,10000.0
9466,679.0,0,494,0.0,3.0,-12,10000.0
9467,680.0,0,494,3.0,7.0,-11,10000.0
9468,681.0,0,494,2.0,7.0,-10,10000.0
9469,682.0,0,494,2.0,10.0,-9,10000.0
9470,683.0,0,494,1.0,5.0,-8,10000.0
9471,684.0,0,494,0.0,8.0,-7,10000.0
9472,685.0,0,494,6.0,6.0,-6,10000.0
9473,686.0,0,494,1.0,7.0,-5,10000.0
9474,687.0,0,494,0.0,4.0,-4,10000.0
9475,688.0,0,494,1.0,7.0,-3,10000.0
9476,689.0,0,494,1.0,3.0,-2,10000.0
9477,690.0,0,494,1.0,2.0,-1,10000.0
9478,691.0,0,494,1.0,10.0,0,10000.0
9479,692.0,0,494,0.0,5.0,1,10000.0
9480,693.0,0,494,0.0,4.0,2,10000.0
9481,694.0,0,494,1.0,4.0,3,10000.0
9482,695.0,0,494,2.0,3.0,4,10000.0
9483,696.0,0,494,3.0,6.0,5,10000.0
9484,697.0,0,494,0.0,6.0,6,10000.0
9485,698.0,0,494,0.0,0.0,7,10000.0
9486,699.0,0,494,0.0,4.0,8,10000.0
9487,700.0,0,494,0.0,3.0,9,10000.0
9488,701.0,0,494,2.0,3.0,10,10000.0
9489,702.0,0,494,0.0,4.0,11,10000.0
9490,703.0,0,494,6.0,11.0,12,10000.0
9491,704.0,0,494,5.0,10.0,13,10000.0
9492,559.0,0,498,0.0,0.0,-14,10000.0
9493,560.0,0,498,0.0,0.0,-13,10000.0
9494,561.0,0,498,0.0,0.0,-12,10000.0
9495,562.0,0,498,0.0,2.0,-11,10000.0
9496,563.0,0,498,1.0,7.0,-10,10000.0
9497,564.0,0,498,2.0,4.0,-9,10000.0
9498,565.0,0,498,0.0,1.0,-8,10000.0
9499,566.0,0,498,0.0,3.0,-7,10000.0
9500,567.0,0,498,0.0,2.0,-6,10000.0
9501,568.0,0,498,0.0,1.0,-5,10000.0
9502,569.0,0,498,0.0,2.0,-4,10000.0
9503,570.0,0,498,0.0,2.0,-3,10000.0
9504,571.0,0,498,0.0,0.0,-2,10000.0
9505,572.0,0,498,1.0,0.0,-1,10000.0
9506,573.0,0,498,0.0,0.0,0,10000.0
9507,574.0,0,498,0.0,0.0,1,10000.0
9508,575.0,0,498,0.0,1.0,2,10000.0
9509,576.0,0,498,0.0,0.0,3,10000.0
9510,577.0,0,498,0.0,0.0,4,10000.0
9511,578.0,0,498,0.0,0.0,5,10000.0
9512,579.0,0,498,1.0,0.0,6,10000.0
9513,580.0,0,498,0.0,0.0,7,10000.0
9514,581.0,0,498,0.0,2.0,8,10000.0
9515,582.0,0,498,0.0,0.0,9,10000.0
9516,583.0,0,498,0.0,0.0,10,10000.0
9517,584.0,0,498,0.0,0.0,11,10000.0
9518,585.0,0,498,0.0,0.0,12,10000.0
9519,586.0,0,498,0.0,0.0,13,10000.0
9520,794.0,0,501,1.0,1.0,-14,10000.0
9521,795.0,0,501,1.0,1.0,-13,10000.0
9522,796.0,0,501,1.0,0.0,-12,10000.0
9523,797.0,0,501,0.0,0.0,-11,10000.0
9524,798.0,0,501,0.0,0.0,-10,10000.0
9525,799.0,0,501,1.0,3.0,-9,10000.0
9526,800.0,0,501,0.0,2.0,-8,10000.0
9527,801.0,0,501,0.0,0.0,-7,10000.0
9528,802.0,0,501,0.0,0.0,-6,10000.0
9529,803.0,0,501,1.0,0.0,-5,10000.0
9530,804.0,0,501,0.0,2.0,-4,10000.0
9531,805.0,0,501,0.0,0.0,-3,10000.0
9532,806.0,0,501,0.0,0.0,-2,10000.0
9533,807.0,0,501,0.0,0.0,-1,10000.0
9534,808.0,0,501,1.0,1.0,0,10000.0
9535,809.0,0,501,1.0,0.0,1,10000.0
9536,810.0,0,501,0.0,0.0,2,10000.0
9537,811.0,0,501,0.0,0.0,3,10000.0
9538,812.0,0,501,0.0,1.0,4,10000.0
9539,813.0,0,501,0.0,0.0,5,10000.0
9540,814.0,0,501,0.0,0.0,6,10000.0
9541,815.0,0,501,0.0,0.0,7,10000.0
9542,816.0,0,501,0.0,2.0,8,10000.0
9543,817.0,0,501,0.0,0.0,9,10000.0
9544,818.0,0,501,1.0,0.0,10,10000.0
9545,819.0,0,501,0.0,0.0,11,10000.0
9546,820.0,0,501,0.0,0.0,12,10000.0
9547,821.0,0,501,0.0,0.0,13,10000.0
9548,565.0,0,509,0.0,5.0,-14,10000.0
9549,566.0,0,509,1.0,12.0,-13,10000.0
9550,567.0,0,509,0.0,25.0,-12,10000.0
9551,568.0,0,509,2.0,29.0,-11,10000.0
9552,569.0,0,509,2.0,20.0,-10,10000.0
9553,570.0,0,509,4.0,35.0,-9,10000.0
9554,571.0,0,509,1.0,36.0,-8,10000.0
9555,572.0,0,509,6.0,48.0,-7,10000.0
9556,573.0,0,509,2.0,34.0,-6,10000.0
9557,574.0,0,509,2.0,19.0,-5,10000.0
9558,575.0,0,509,1.0,18.0,-4,10000.0
9559,576.0,0,509,11.0,115.0,-3,10000.0
9560,577.0,0,509,12.0,97.0,-2,10000.0
9561,578.0,0,509,12.0,30.0,-1,10000.0
9562,579.0,0,509,5.0,42.0,0,10000.0
9563,580.0,0,509,2.0,22.0,1,10000.0
9564,581.0,0,509,0.0,7.0,2,10000.0
9565,582.0,0,509,0.0,8.0,3,10000.0
9566,583.0,0,509,4.0,13.0,4,10000.0
9567,584.0,0,509,2.0,8.0,5,10000.0
9568,585.0,0,509,2.0,13.0,6,10000.0
9569,586.0,0,509,1.0,11.0,7,10000.0
9570,587.0,0,509,60.0,534.0,8,10000.0
9571,588.0,0,509,11.0,176.0,9,10000.0
9572,589.0,0,509,7.0,18.0,10,10000.0
9573,590.0,0,509,4.0,9.0,11,10000.0
9574,591.0,0,509,1.0,18.0,12,10000.0
9575,592.0,0,509,1.0,12.0,13,10000.0
9576,639.0,0,509,0.0,6.0,-14,10000.0
9577,566.0,0,509,1.0,3.0,-13,10000.0
9578,641.0,0,509,2.0,4.0,-12,10000.0
9579,568.0,0,509,1.0,5.0,-11,10000.0
9580,569.0,0,509,0.0,5.0,-10,10000.0
9581,570.0,0,509,1.0,3.0,-9,10000.0
9582,571.0,0,509,0.0,1.0,-8,10000.0
9583,572.0,0,509,0.0,4.0,-7,10000.0
9584,573.0,0,509,0.0,2.0,-6,10000.0
9585,574.0,0,509,1.0,4.0,-5,10000.0
9586,575.0,0,509,0.0,4.0,-4,10000.0
9587,576.0,0,509,0.0,1.0,-3,10000.0
9588,577.0,0,509,2.0,5.0,-2,10000.0
9589,578.0,0,509,1.0,1.0,-1,10000.0
9590,579.0,0,509,8.0,20.0,0,10000.0
9591,580.0,0,509,6.0,16.0,1,10000.0
9592,655.0,0,509,1.0,5.0,2,10000.0
9593,656.0,0,509,1.0,2.0,3,10000.0
9594,583.0,0,509,0.0,0.0,4,10000.0
9595,584.0,0,509,0.0,5.0,5,10000.0
9596,585.0,0,509,1.0,3.0,6,10000.0
9597,586.0,0,509,1.0,1.0,7,10000.0
9598,587.0,0,509,0.0,1.0,8,10000.0
9599,588.0,0,509,0.0,1.0,9,10000.0
9600,589.0,0,509,0.0,1.0,10,10000.0
9601,590.0,0,509,0.0,2.0,11,10000.0
9602,591.0,0,509,0.0,4.0,12,10000.0
9603,592.0,0,509,0.0,1.0,13,10000.0
9604,559.0,0,511,0.0,0.0,-14,645.0
9605,560.0,0,511,0.0,0.0,-13,645.0
9606,561.0,0,511,0.0,0.0,-12,645.0
9607,562.0,0,511,0.0,0.0,-11,645.0
9608,563.0,0,511,0.0,0.0,-10,645.0
9609,564.0,0,511,0.0,0.0,-9,645.0
9610,565.0,0,511,0.0,0.0,-8,645.0
9611,566.0,0,511,0.0,0.0,-7,645.0
9612,567.0,0,511,0.0,0.0,-6,645.0
9613,568.0,0,511,0.0,0.0,-5,645.0
9614,569.0,0,511,0.0,0.0,-4,645.0
9615,1.0,0,511,25.0,87.0,-3,645.0
9616,2.0,0,511,17.0,40.0,-2,645.0
9617,3.0,0,511,17.0,49.0,-1,645.0
9618,4.0,0,511,15.0,64.0,0,645.0
9619,5.0,0,511,8.0,68.0,1,645.0
9620,6.0,0,511,4.0,38.0,2,645.0
9621,7.0,0,511,1.0,31.0,3,645.0
9622,8.0,0,511,1.0,13.0,4,645.0
9623,9.0,0,511,0.0,18.0,5,645.0
9624,10.0,0,511,3.0,24.0,6,645.0
9625,11.0,0,511,1.0,18.0,7,645.0
9626,12.0,0,511,0.0,17.0,8,645.0
9627,13.0,0,511,0.0,23.0,9,645.0
9628,14.0,0,511,8.0,93.0,10,645.0
9629,15.0,0,511,2.0,44.0,11,645.0
9630,16.0,0,511,1.0,16.0,12,645.0
9631,17.0,0,511,2.0,27.0,13,645.0
9632,559.0,0,511,127.0,784.0,-14,645.0
9633,560.0,0,511,36.0,272.0,-13,645.0
9634,561.0,0,511,26.0,186.0,-12,645.0
9635,562.0,0,511,83.0,720.0,-11,645.0
9636,563.0,0,511,216.0,1492.0,-10,645.0
9637,564.0,0,511,164.0,1409.0,-9,645.0
9638,565.0,0,511,163.0,1245.0,-8,645.0
9639,566.0,0,511,111.0,1070.0,-7,645.0
9640,567.0,0,511,76.0,816.0,-6,645.0
9641,568.0,0,511,89.0,756.0,-5,645.0
9642,569.0,0,511,129.0,1041.0,-4,645.0
9643,1.0,0,511,59.0,765.0,-3,645.0
9644,2.0,0,511,41.0,373.0,-2,645.0
9645,3.0,0,511,26.0,252.0,-1,645.0
9646,4.0,0,511,33.0,344.0,0,645.0
9647,5.0,0,511,19.0,255.0,1,645.0
9648,6.0,0,511,18.0,256.0,2,645.0
9649,7.0,0,511,24.0,363.0,3,645.0
9650,8.0,0,511,14.0,212.0,4,645.0
9651,578.0,0,511,9.0,188.0,5,645.0
9652,10.0,0,511,13.0,180.0,6,645.0
9653,11.0,0,511,22.0,237.0,7,645.0
9654,581.0,0,511,5.0,85.0,8,645.0
9655,582.0,0,511,5.0,138.0,9,645.0
9656,14.0,0,511,8.0,101.0,10,645.0
9657,15.0,0,511,9.0,217.0,11,645.0
9658,16.0,0,511,14.0,148.0,12,645.0
9659,17.0,0,511,53.0,700.0,13,645.0
9660,533.0,0,512,1.0,12.0,-14,10000.0
9661,534.0,0,512,20.0,130.0,-13,10000.0
9662,535.0,0,512,1.0,7.0,-12,10000.0
9663,536.0,0,512,0.0,3.0,-11,10000.0
9664,537.0,0,512,3.0,14.0,-10,10000.0
9665,538.0,0,512,4.0,17.0,-9,10000.0
9666,539.0,0,512,3.0,6.0,-8,10000.0
9667,540.0,0,512,1.0,13.0,-7,10000.0
9668,541.0,0,512,1.0,10.0,-6,10000.0
9669,542.0,0,512,0.0,1.0,-5,10000.0
9670,543.0,0,512,1.0,5.0,-4,10000.0
9671,544.0,0,512,0.0,0.0,-3,10000.0
9672,545.0,0,512,1.0,1.0,-2,10000.0
9673,546.0,0,512,1.0,1.0,-1,10000.0
9674,547.0,0,512,0.0,1.0,0,10000.0
9675,548.0,0,512,0.0,0.0,1,10000.0
9676,549.0,0,512,7.0,26.0,2,10000.0
9677,550.0,0,512,4.0,9.0,3,10000.0
9678,551.0,0,512,12.0,43.0,4,10000.0
9679,552.0,0,512,1.0,7.0,5,10000.0
9680,553.0,0,512,0.0,12.0,6,10000.0
9681,554.0,0,512,0.0,5.0,7,10000.0
9682,555.0,0,512,1.0,1.0,8,10000.0
9683,556.0,0,512,0.0,0.0,9,10000.0
9684,557.0,0,512,0.0,1.0,10,10000.0
9685,558.0,0,512,4.0,58.0,11,10000.0
9686,559.0,0,512,6.0,52.0,12,10000.0
9687,560.0,0,512,5.0,52.0,13,10000.0
9688,572.0,0,516,1.0,19.0,-14,10000.0
9689,573.0,0,516,20.0,70.0,-13,10000.0
9690,574.0,0,516,16.0,82.0,-12,10000.0
9691,575.0,0,516,1.0,24.0,-11,10000.0
9692,576.0,0,516,4.0,21.0,-10,10000.0
9693,577.0,0,516,14.0,95.0,-9,10000.0
9694,578.0,0,516,16.0,75.0,-8,10000.0
9695,579.0,0,516,5.0,28.0,-7,10000.0
9696,580.0,0,516,1.0,15.0,-6,10000.0
9697,581.0,0,516,1.0,17.0,-5,10000.0
9698,582.0,0,516,3.0,28.0,-4,10000.0
9699,583.0,0,516,2.0,26.0,-3,10000.0
9700,584.0,0,516,4.0,19.0,-2,10000.0
9701,585.0,0,516,6.0,19.0,-1,10000.0
9702,586.0,0,516,5.0,39.0,0,10000.0
9703,587.0,0,516,0.0,7.0,1,10000.0
9704,588.0,0,516,0.0,6.0,2,10000.0
9705,589.0,0,516,6.0,16.0,3,10000.0
9706,590.0,0,516,6.0,21.0,4,10000.0
9707,591.0,0,516,1.0,5.0,5,10000.0
9708,592.0,0,516,13.0,27.0,6,10000.0
9709,593.0,0,516,8.0,52.0,7,10000.0
9710,594.0,0,516,1.0,12.0,8,10000.0
9711,595.0,0,516,1.0,23.0,9,10000.0
9712,596.0,0,516,1.0,11.0,10,10000.0
9713,597.0,0,516,2.0,6.0,11,10000.0
9714,598.0,0,516,0.0,4.0,12,10000.0
9715,599.0,0,516,0.0,7.0,13,10000.0
9716,-10.0,0,517,0.0,0.0,-14,10000.0
9717,-9.0,0,517,0.0,0.0,-13,10000.0
9718,-8.0,0,517,0.0,0.0,-12,10000.0
9719,-7.0,0,517,0.0,0.0,-11,10000.0
9720,-6.0,0,517,0.0,0.0,-10,10000.0
9721,-5.0,0,517,0.0,0.0,-9,10000.0
9722,-4.0,0,517,0.0,0.0,-8,10000.0
9723,-3.0,0,517,0.0,0.0,-7,10000.0
9724,-2.0,0,517,0.0,79.0,-6,10000.0
9725,-1.0,0,517,35.0,557.0,-5,10000.0
9726,0.0,0,517,24.0,169.0,-4,10000.0
9727,1.0,0,517,35.0,141.0,-3,10000.0
9728,2.0,0,517,21.0,105.0,-2,10000.0
9729,3.0,0,517,21.0,115.0,-1,10000.0
9730,4.0,0,517,7.0,86.0,0,10000.0
9731,5.0,0,517,7.0,107.0,1,10000.0
9732,6.0,0,517,4.0,75.0,2,10000.0
9733,7.0,0,517,0.0,44.0,3,10000.0
9734,8.0,0,517,0.0,25.0,4,10000.0
9735,9.0,0,517,0.0,26.0,5,10000.0
9736,10.0,0,517,1.0,42.0,6,10000.0
9737,11.0,0,517,2.0,37.0,7,10000.0
9738,12.0,0,517,1.0,38.0,8,10000.0
9739,13.0,0,517,2.0,29.0,9,10000.0
9740,14.0,0,517,0.0,29.0,10,10000.0
9741,15.0,0,517,2.0,60.0,11,10000.0
9742,16.0,0,517,1.0,16.0,12,10000.0
9743,17.0,0,517,0.0,34.0,13,10000.0
9744,-14.0,0,520,0.0,88.0,-14,10000.0
9745,-13.0,0,520,0.0,90.0,-13,10000.0
9746,-12.0,0,520,0.0,35.0,-12,10000.0
9747,-11.0,0,520,0.0,44.0,-11,10000.0
9748,-10.0,0,520,0.0,74.0,-10,10000.0
9749,-9.0,0,520,0.0,97.0,-9,10000.0
9750,-8.0,0,520,0.0,108.0,-8,10000.0
9751,-7.0,0,520,0.0,134.0,-7,10000.0
9752,-6.0,0,520,0.0,68.0,-6,10000.0
9753,-5.0,0,520,0.0,118.0,-5,10000.0
9754,-4.0,0,520,0.0,106.0,-4,10000.0
9755,-3.0,0,520,0.0,271.0,-3,10000.0
9756,-2.0,0,520,0.0,185.0,-2,10000.0
9757,-1.0,0,520,10.0,341.0,-1,10000.0
9758,0.0,0,520,6.0,172.0,0,10000.0
9759,1.0,0,520,4.0,181.0,1,10000.0
9760,2.0,0,520,11.0,272.0,2,10000.0
9761,3.0,0,520,6.0,177.0,3,10000.0
9762,4.0,0,520,5.0,240.0,4,10000.0
9763,5.0,0,520,2.0,154.0,5,10000.0
9764,6.0,0,520,1.0,152.0,6,10000.0
9765,7.0,0,520,1.0,161.0,7,10000.0
9766,8.0,0,520,1.0,68.0,8,10000.0
9767,9.0,0,520,0.0,54.0,9,10000.0
9768,10.0,0,520,0.0,44.0,10,10000.0
9769,11.0,0,520,1.0,57.0,11,10000.0
9770,12.0,0,520,0.0,40.0,12,10000.0
9771,13.0,0,520,0.0,55.0,13,10000.0
9772,811.0,0,520,5.0,120.0,-14,10000.0
9773,812.0,0,520,4.0,98.0,-13,10000.0
9774,813.0,0,520,7.0,104.0,-12,10000.0
9775,814.0,0,520,4.0,121.0,-11,10000.0
9776,815.0,0,520,2.0,107.0,-10,10000.0
9777,816.0,0,520,10.0,102.0,-9,10000.0
9778,817.0,0,520,5.0,101.0,-8,10000.0
9779,818.0,0,520,0.0,63.0,-7,10000.0
9780,819.0,0,520,3.0,119.0,-6,10000.0
9781,820.0,0,520,5.0,102.0,-5,10000.0
9782,821.0,0,520,9.0,159.0,-4,10000.0
9783,822.0,0,520,5.0,99.0,-3,10000.0
9784,823.0,0,520,2.0,61.0,-2,10000.0
9785,824.0,0,520,7.0,49.0,-1,10000.0
9786,825.0,0,520,4.0,94.0,0,10000.0
9787,826.0,0,520,3.0,61.0,1,10000.0
9788,827.0,0,520,3.0,72.0,2,10000.0
9789,828.0,0,520,4.0,87.0,3,10000.0
9790,829.0,0,520,3.0,101.0,4,10000.0
9791,830.0,0,520,4.0,56.0,5,10000.0
9792,831.0,0,520,3.0,57.0,6,10000.0
9793,832.0,0,520,7.0,72.0,7,10000.0
9794,833.0,0,520,8.0,104.0,8,10000.0
9795,834.0,0,520,15.0,175.0,9,10000.0
9796,835.0,0,520,6.0,60.0,10,10000.0
9797,836.0,0,520,4.0,56.0,11,10000.0
9798,837.0,0,520,4.0,65.0,12,10000.0
9799,838.0,0,520,3.0,48.0,13,10000.0
9800,637.0,0,520,5.0,137.0,-14,10000.0
9801,638.0,0,520,8.0,234.0,-13,10000.0
9802,639.0,0,520,1.0,45.0,-12,10000.0
9803,640.0,0,520,2.0,20.0,-11,10000.0
9804,641.0,0,520,0.0,22.0,-10,10000.0
9805,642.0,0,520,1.0,14.0,-9,10000.0
9806,643.0,0,520,0.0,13.0,-8,10000.0
9807,818.0,0,520,1.0,13.0,-7,10000.0
9808,645.0,0,520,0.0,15.0,-6,10000.0
9809,646.0,0,520,2.0,16.0,-5,10000.0
9810,647.0,0,520,0.0,12.0,-4,10000.0
9811,648.0,0,520,1.0,22.0,-3,10000.0
9812,649.0,0,520,1.0,8.0,-2,10000.0
9813,650.0,0,520,0.0,19.0,-1,10000.0
9814,651.0,0,520,0.0,14.0,0,10000.0
9815,652.0,0,520,0.0,10.0,1,10000.0
9816,653.0,0,520,0.0,11.0,2,10000.0
9817,654.0,0,520,0.0,8.0,3,10000.0
9818,655.0,0,520,1.0,18.0,4,10000.0
9819,656.0,0,520,0.0,9.0,5,10000.0
9820,657.0,0,520,0.0,10.0,6,10000.0
9821,658.0,0,520,0.0,5.0,7,10000.0
9822,659.0,0,520,0.0,7.0,8,10000.0
9823,660.0,0,520,0.0,6.0,9,10000.0
9824,661.0,0,520,0.0,11.0,10,10000.0
9825,662.0,0,520,0.0,9.0,11,10000.0
9826,663.0,0,520,0.0,18.0,12,10000.0
9827,664.0,0,520,0.0,3.0,13,10000.0
9828,759.0,0,522,0.0,0.0,-14,10000.0
9829,760.0,0,522,1.0,0.0,-13,10000.0
9830,761.0,0,522,0.0,1.0,-12,10000.0
9831,762.0,0,522,0.0,0.0,-11,10000.0
9832,763.0,0,522,0.0,0.0,-10,10000.0
9833,764.0,0,522,0.0,1.0,-9,10000.0
9834,765.0,0,522,0.0,0.0,-8,10000.0
9835,766.0,0,522,0.0,0.0,-7,10000.0
9836,767.0,0,522,0.0,1.0,-6,10000.0
9837,768.0,0,522,0.0,0.0,-5,10000.0
9838,769.0,0,522,0.0,0.0,-4,10000.0
9839,770.0,0,522,0.0,1.0,-3,10000.0
9840,771.0,0,522,1.0,0.0,-2,10000.0
9841,772.0,0,522,2.0,0.0,-1,10000.0
9842,773.0,0,522,0.0,1.0,0,10000.0
9843,774.0,0,522,0.0,1.0,1,10000.0
9844,775.0,0,522,1.0,0.0,2,10000.0
9845,776.0,0,522,0.0,0.0,3,10000.0
9846,777.0,0,522,0.0,0.0,4,10000.0
9847,778.0,0,522,1.0,0.0,5,10000.0
9848,779.0,0,522,0.0,1.0,6,10000.0
9849,780.0,0,522,1.0,0.0,7,10000.0
9850,781.0,0,522,0.0,1.0,8,10000.0
9851,782.0,0,522,0.0,0.0,9,10000.0
9852,783.0,0,522,0.0,0.0,10,10000.0
9853,784.0,0,522,0.0,0.0,11,10000.0
9854,785.0,0,522,3.0,1.0,12,10000.0
9855,786.0,0,522,0.0,0.0,13,10000.0
9856,573.0,0,526,32.0,758.0,-14,10000.0
9857,574.0,0,526,275.0,1982.0,-13,10000.0
9858,575.0,0,526,224.0,2127.0,-12,10000.0
9859,576.0,0,526,453.0,5468.0,-11,10000.0
9860,577.0,0,526,78.0,1200.0,-10,10000.0
9861,578.0,0,526,36.0,494.0,-9,10000.0
9862,579.0,0,526,16.0,424.0,-8,10000.0
9863,580.0,0,526,10.0,275.0,-7,10000.0
9864,581.0,0,526,11.0,215.0,-6,10000.0
9865,582.0,0,526,29.0,294.0,-5,10000.0
9866,583.0,0,526,12.0,311.0,-4,10000.0
9867,584.0,0,526,24.0,225.0,-3,10000.0
9868,585.0,0,526,41.0,415.0,-2,10000.0
9869,586.0,0,526,67.0,588.0,-1,10000.0
9870,587.0,0,526,8.0,153.0,0,10000.0
9871,588.0,0,526,12.0,127.0,1,10000.0
9872,589.0,0,526,10.0,104.0,2,10000.0
9873,590.0,0,526,6.0,206.0,3,10000.0
9874,591.0,0,526,8.0,135.0,4,10000.0
9875,592.0,0,526,7.0,101.0,5,10000.0
9876,593.0,0,526,6.0,97.0,6,10000.0
9877,594.0,0,526,11.0,257.0,7,10000.0
9878,595.0,0,526,15.0,184.0,8,10000.0
9879,596.0,0,526,8.0,78.0,9,10000.0
9880,597.0,0,526,26.0,458.0,10,10000.0
9881,598.0,0,526,92.0,914.0,11,10000.0
9882,599.0,0,526,29.0,453.0,12,10000.0
9883,600.0,0,526,43.0,564.0,13,10000.0
9884,573.0,0,526,2.0,5.0,-14,10000.0
9885,574.0,0,526,2.0,6.0,-13,10000.0
9886,575.0,0,526,0.0,10.0,-12,10000.0
9887,576.0,0,526,0.0,5.0,-11,10000.0
9888,577.0,0,526,0.0,6.0,-10,10000.0
9889,578.0,0,526,1.0,4.0,-9,10000.0
9890,579.0,0,526,1.0,5.0,-8,10000.0
9891,580.0,0,526,0.0,6.0,-7,10000.0
9892,581.0,0,526,0.0,6.0,-6,10000.0
9893,582.0,0,526,0.0,2.0,-5,10000.0
9894,583.0,0,526,0.0,3.0,-4,10000.0
9895,584.0,0,526,0.0,4.0,-3,10000.0
9896,585.0,0,526,1.0,5.0,-2,10000.0
9897,586.0,0,526,1.0,7.0,-1,10000.0
9898,587.0,0,526,0.0,40.0,0,10000.0
9899,588.0,0,526,0.0,10.0,1,10000.0
9900,589.0,0,526,0.0,1.0,2,10000.0
9901,590.0,0,526,2.0,5.0,3,10000.0
9902,591.0,0,526,0.0,4.0,4,10000.0
9903,592.0,0,526,4.0,6.0,5,10000.0
9904,593.0,0,526,0.0,9.0,6,10000.0
9905,594.0,0,526,0.0,4.0,7,10000.0
9906,595.0,0,526,0.0,6.0,8,10000.0
9907,596.0,0,526,0.0,6.0,9,10000.0
9908,597.0,0,526,0.0,8.0,10,10000.0
9909,598.0,0,526,0.0,6.0,11,10000.0
9910,599.0,0,526,0.0,2.0,12,10000.0
9911,600.0,0,526,0.0,3.0,13,10000.0
9912,575.0,0,527,0.0,0.0,-14,10000.0
9913,560.0,0,527,0.0,1.0,-13,10000.0
9914,561.0,0,527,0.0,4.0,-12,10000.0
9915,562.0,0,527,22.0,100.0,-11,10000.0
9916,563.0,0,527,14.0,64.0,-10,10000.0
9917,564.0,0,527,31.0,48.0,-9,10000.0
9918,565.0,0,527,45.0,82.0,-8,10000.0
9919,566.0,0,527,66.0,272.0,-7,10000.0
9920,567.0,0,527,123.0,116.0,-6,10000.0
9921,568.0,0,527,11.0,28.0,-5,10000.0
9922,569.0,0,527,12.0,16.0,-4,10000.0
9923,570.0,0,527,4.0,18.0,-3,10000.0
9924,571.0,0,527,6.0,15.0,-2,10000.0
9925,572.0,0,527,3.0,15.0,-1,10000.0
9926,573.0,0,527,5.0,23.0,0,10000.0
9927,574.0,0,527,2.0,6.0,1,10000.0
9928,575.0,0,527,1.0,8.0,2,10000.0
9929,576.0,0,527,3.0,12.0,3,10000.0
9930,577.0,0,527,0.0,6.0,4,10000.0
9931,578.0,0,527,1.0,11.0,5,10000.0
9932,579.0,0,527,1.0,17.0,6,10000.0
9933,580.0,0,527,0.0,6.0,7,10000.0
9934,581.0,0,527,0.0,2.0,8,10000.0
9935,582.0,0,527,0.0,1.0,9,10000.0
9936,583.0,0,527,1.0,4.0,10,10000.0
9937,584.0,0,527,1.0,5.0,11,10000.0
9938,585.0,0,527,3.0,4.0,12,10000.0
9939,586.0,0,527,7.0,21.0,13,10000.0
9940,575.0,0,527,2.0,7.0,-14,10000.0
9941,576.0,0,527,7.0,7.0,-13,10000.0
9942,577.0,0,527,2.0,6.0,-12,10000.0
9943,562.0,0,527,3.0,7.0,-11,10000.0
9944,563.0,0,527,5.0,13.0,-10,10000.0
9945,564.0,0,527,1.0,5.0,-9,10000.0
9946,565.0,0,527,1.0,1.0,-8,10000.0
9947,566.0,0,527,1.0,0.0,-7,10000.0
9948,567.0,0,527,1.0,4.0,-6,10000.0
9949,568.0,0,527,3.0,4.0,-5,10000.0
9950,569.0,0,527,7.0,5.0,-4,10000.0
9951,570.0,0,527,9.0,13.0,-3,10000.0
9952,571.0,0,527,3.0,5.0,-2,10000.0
9953,572.0,0,527,0.0,4.0,-1,10000.0
9954,573.0,0,527,0.0,2.0,0,10000.0
9955,574.0,0,527,2.0,5.0,1,10000.0
9956,575.0,0,527,0.0,5.0,2,10000.0
9957,576.0,0,527,2.0,1.0,3,10000.0
9958,593.0,0,527,0.0,0.0,4,10000.0
9959,578.0,0,527,3.0,2.0,5,10000.0
9960,579.0,0,527,0.0,2.0,6,10000.0
9961,596.0,0,527,2.0,20.0,7,10000.0
9962,597.0,0,527,0.0,1.0,8,10000.0
9963,598.0,0,527,0.0,3.0,9,10000.0
9964,583.0,0,527,1.0,4.0,10,10000.0
9965,584.0,0,527,1.0,1.0,11,10000.0
9966,585.0,0,527,3.0,2.0,12,10000.0
9967,586.0,0,527,0.0,2.0,13,10000.0
9968,599.0,0,531,1.0,5.0,-14,10000.0
9969,600.0,0,531,2.0,7.0,-13,10000.0
9970,601.0,0,531,3.0,3.0,-12,10000.0
9971,602.0,0,531,3.0,7.0,-11,10000.0
9972,603.0,0,531,3.0,5.0,-10,10000.0
9973,604.0,0,531,4.0,10.0,-9,10000.0
9974,605.0,0,531,2.0,2.0,-8,10000.0
9975,832.0,0,531,1.0,0.0,-7,10000.0
9976,607.0,0,531,2.0,5.0,-6,10000.0
9977,608.0,0,531,3.0,2.0,-5,10000.0
9978,609.0,0,531,1.0,7.0,-4,10000.0
9979,610.0,0,531,4.0,2.0,-3,10000.0
9980,611.0,0,531,6.0,7.0,-2,10000.0
9981,612.0,0,531,1.0,2.0,-1,10000.0
9982,613.0,0,531,1.0,2.0,0,10000.0
9983,614.0,0,531,0.0,10.0,1,10000.0
9984,615.0,0,531,2.0,2.0,2,10000.0
9985,616.0,0,531,2.0,3.0,3,10000.0
9986,617.0,0,531,2.0,3.0,4,10000.0
9987,618.0,0,531,3.0,5.0,5,10000.0
9988,619.0,0,531,1.0,4.0,6,10000.0
9989,620.0,0,531,3.0,21.0,7,10000.0
9990,621.0,0,531,2.0,8.0,8,10000.0
9991,622.0,0,531,1.0,4.0,9,10000.0
9992,623.0,0,531,4.0,6.0,10,10000.0
9993,624.0,0,531,4.0,3.0,11,10000.0
9994,625.0,0,531,1.0,11.0,12,10000.0
9995,626.0,0,531,1.0,8.0,13,10000.0
9996,599.0,0,531,2.0,1.0,-14,10000.0
9997,600.0,0,531,0.0,3.0,-13,10000.0
9998,601.0,0,531,1.0,0.0,-12,10000.0
9999,602.0,0,531,1.0,0.0,-11,10000.0
10000,603.0,0,531,0.0,0.0,-10,10000.0
10001,604.0,0,531,0.0,0.0,-9,10000.0
10002,605.0,0,531,0.0,1.0,-8,10000.0
10003,606.0,0,531,0.0,2.0,-7,10000.0
10004,607.0,0,531,0.0,1.0,-6,10000.0
10005,608.0,0,531,1.0,0.0,-5,10000.0
10006,609.0,0,531,1.0,0.0,-4,10000.0
10007,610.0,0,531,1.0,1.0,-3,10000.0
10008,611.0,0,531,2.0,0.0,-2,10000.0
10009,612.0,0,531,0.0,1.0,-1,10000.0
10010,613.0,0,531,0.0,0.0,0,10000.0
10011,840.0,0,531,1.0,1.0,1,10000.0
10012,615.0,0,531,0.0,0.0,2,10000.0
10013,616.0,0,531,0.0,0.0,3,10000.0
10014,617.0,0,531,0.0,0.0,4,10000.0
10015,618.0,0,531,0.0,1.0,5,10000.0
10016,619.0,0,531,0.0,2.0,6,10000.0
10017,620.0,0,531,0.0,0.0,7,10000.0
10018,621.0,0,531,0.0,1.0,8,10000.0
10019,622.0,0,531,0.0,2.0,9,10000.0
10020,623.0,0,531,0.0,1.0,10,10000.0
10021,624.0,0,531,0.0,6.0,11,10000.0
10022,625.0,0,531,0.0,1.0,12,10000.0
10023,626.0,0,531,0.0,2.0,13,10000.0
10024,810.0,0,532,0.0,0.0,-14,10000.0
10025,811.0,0,532,0.0,0.0,-13,10000.0
10026,812.0,0,532,0.0,0.0,-12,10000.0
10027,813.0,0,532,0.0,0.0,-11,10000.0
10028,814.0,0,532,0.0,0.0,-10,10000.0
10029,815.0,0,532,0.0,0.0,-9,10000.0
10030,816.0,0,532,0.0,0.0,-8,10000.0
10031,817.0,0,532,0.0,0.0,-7,10000.0
10032,818.0,0,532,0.0,0.0,-6,10000.0
10033,819.0,0,532,0.0,0.0,-5,10000.0
10034,820.0,0,532,0.0,0.0,-4,10000.0
10035,821.0,0,532,0.0,0.0,-3,10000.0
10036,822.0,0,532,0.0,0.0,-2,10000.0
10037,823.0,0,532,1.0,0.0,-1,10000.0
10038,574.0,0,532,1.0,5.0,0,10000.0
10039,575.0,0,532,2.0,4.0,1,10000.0
10040,576.0,0,532,1.0,1.0,2,10000.0
10041,577.0,0,532,0.0,4.0,3,10000.0
10042,578.0,0,532,3.0,12.0,4,10000.0
10043,579.0,0,532,0.0,5.0,5,10000.0
10044,580.0,0,532,0.0,1.0,6,10000.0
10045,581.0,0,532,0.0,2.0,7,10000.0
10046,832.0,0,532,0.0,0.0,8,10000.0
10047,583.0,0,532,0.0,1.0,9,10000.0
10048,584.0,0,532,1.0,3.0,10,10000.0
10049,835.0,0,532,1.0,0.0,11,10000.0
10050,586.0,0,532,0.0,1.0,12,10000.0
10051,587.0,0,532,0.0,2.0,13,10000.0
10052,810.0,0,532,0.0,0.0,-14,10000.0
10053,811.0,0,532,1.0,0.0,-13,10000.0
10054,812.0,0,532,2.0,9.0,-12,10000.0
10055,813.0,0,532,3.0,0.0,-11,10000.0
10056,814.0,0,532,1.0,2.0,-10,10000.0
10057,815.0,0,532,2.0,5.0,-9,10000.0
10058,816.0,0,532,1.0,11.0,-8,10000.0
10059,817.0,0,532,0.0,2.0,-7,10000.0
10060,818.0,0,532,2.0,1.0,-6,10000.0
10061,819.0,0,532,0.0,0.0,-5,10000.0
10062,820.0,0,532,0.0,0.0,-4,10000.0
10063,821.0,0,532,0.0,2.0,-3,10000.0
10064,822.0,0,532,1.0,2.0,-2,10000.0
10065,823.0,0,532,2.0,0.0,-1,10000.0
10066,658.0,0,532,0.0,1.0,0,10000.0
10067,825.0,0,532,0.0,1.0,1,10000.0
10068,826.0,0,532,0.0,1.0,2,10000.0
10069,827.0,0,532,0.0,0.0,3,10000.0
10070,662.0,0,532,0.0,0.0,4,10000.0
10071,829.0,0,532,0.0,0.0,5,10000.0
10072,830.0,0,532,0.0,1.0,6,10000.0
10073,831.0,0,532,0.0,0.0,7,10000.0
10074,832.0,0,532,0.0,1.0,8,10000.0
10075,833.0,0,532,0.0,0.0,9,10000.0
10076,834.0,0,532,0.0,0.0,10,10000.0
10077,835.0,0,532,4.0,24.0,11,10000.0
10078,836.0,0,532,1.0,8.0,12,10000.0
10079,837.0,0,532,1.0,4.0,13,10000.0
10080,644.0,0,532,0.0,0.0,-14,10000.0
10081,645.0,0,532,0.0,0.0,-13,10000.0
10082,646.0,0,532,0.0,0.0,-12,10000.0
10083,647.0,0,532,0.0,0.0,-11,10000.0
10084,648.0,0,532,0.0,0.0,-10,10000.0
10085,649.0,0,532,0.0,0.0,-9,10000.0
10086,650.0,0,532,0.0,0.0,-8,10000.0
10087,651.0,0,532,0.0,0.0,-7,10000.0
10088,652.0,0,532,0.0,0.0,-6,10000.0
10089,653.0,0,532,1.0,0.0,-5,10000.0
10090,654.0,0,532,0.0,0.0,-4,10000.0
10091,655.0,0,532,0.0,0.0,-3,10000.0
10092,656.0,0,532,0.0,0.0,-2,10000.0
10093,573.0,0,532,0.0,0.0,-1,10000.0
10094,574.0,0,532,0.0,1.0,0,10000.0
10095,575.0,0,532,0.0,0.0,1,10000.0
10096,576.0,0,532,0.0,0.0,2,10000.0
10097,661.0,0,532,0.0,0.0,3,10000.0
10098,578.0,0,532,0.0,1.0,4,10000.0
10099,663.0,0,532,0.0,0.0,5,10000.0
10100,664.0,0,532,0.0,0.0,6,10000.0
10101,665.0,0,532,0.0,0.0,7,10000.0
10102,666.0,0,532,0.0,0.0,8,10000.0
10103,667.0,0,532,0.0,0.0,9,10000.0
10104,584.0,0,532,0.0,0.0,10,10000.0
10105,585.0,0,532,0.0,0.0,11,10000.0
10106,670.0,0,532,0.0,0.0,12,10000.0
10107,671.0,0,532,0.0,0.0,13,10000.0
10108,644.0,0,532,0.0,0.0,-14,10000.0
10109,645.0,0,532,0.0,0.0,-13,10000.0
10110,646.0,0,532,0.0,0.0,-12,10000.0
10111,647.0,0,532,0.0,0.0,-11,10000.0
10112,648.0,0,532,0.0,0.0,-10,10000.0
10113,649.0,0,532,0.0,0.0,-9,10000.0
10114,650.0,0,532,0.0,0.0,-8,10000.0
10115,651.0,0,532,0.0,0.0,-7,10000.0
10116,652.0,0,532,0.0,0.0,-6,10000.0
10117,653.0,0,532,0.0,0.0,-5,10000.0
10118,654.0,0,532,0.0,0.0,-4,10000.0
10119,655.0,0,532,0.0,0.0,-3,10000.0
10120,656.0,0,532,0.0,0.0,-2,10000.0
10121,657.0,0,532,0.0,0.0,-1,10000.0
10122,658.0,0,532,0.0,0.0,0,10000.0
10123,659.0,0,532,0.0,0.0,1,10000.0
10124,660.0,0,532,0.0,1.0,2,10000.0
10125,661.0,0,532,0.0,0.0,3,10000.0
10126,662.0,0,532,0.0,0.0,4,10000.0
10127,663.0,0,532,0.0,0.0,5,10000.0
10128,664.0,0,532,0.0,0.0,6,10000.0
10129,665.0,0,532,0.0,0.0,7,10000.0
10130,666.0,0,532,0.0,0.0,8,10000.0
10131,667.0,0,532,0.0,0.0,9,10000.0
10132,668.0,0,532,0.0,0.0,10,10000.0
10133,669.0,0,532,0.0,0.0,11,10000.0
10134,670.0,0,532,0.0,0.0,12,10000.0
10135,671.0,0,532,0.0,0.0,13,10000.0
10136,636.0,0,533,1.0,6.0,-14,10000.0
10137,637.0,0,533,0.0,4.0,-13,10000.0
10138,638.0,0,533,0.0,2.0,-12,10000.0
10139,639.0,0,533,1.0,2.0,-11,10000.0
10140,640.0,0,533,2.0,2.0,-10,10000.0
10141,641.0,0,533,0.0,1.0,-9,10000.0
10142,642.0,0,533,0.0,1.0,-8,10000.0
10143,643.0,0,533,0.0,2.0,-7,10000.0
10144,644.0,0,533,0.0,1.0,-6,10000.0
10145,645.0,0,533,0.0,1.0,-5,10000.0
10146,646.0,0,533,0.0,1.0,-4,10000.0
10147,722.0,0,533,1.0,0.0,-3,10000.0
10148,723.0,0,533,0.0,0.0,-2,10000.0
10149,724.0,0,533,1.0,0.0,-1,10000.0
10150,725.0,0,533,0.0,0.0,0,10000.0
10151,726.0,0,533,1.0,0.0,1,10000.0
10152,727.0,0,533,0.0,0.0,2,10000.0
10153,653.0,0,533,0.0,1.0,3,10000.0
10154,654.0,0,533,0.0,1.0,4,10000.0
10155,655.0,0,533,0.0,1.0,5,10000.0
10156,731.0,0,533,0.0,0.0,6,10000.0
10157,657.0,0,533,1.0,3.0,7,10000.0
10158,733.0,0,533,0.0,0.0,8,10000.0
10159,659.0,0,533,0.0,1.0,9,10000.0
10160,735.0,0,533,0.0,0.0,10,10000.0
10161,736.0,0,533,0.0,0.0,11,10000.0
10162,662.0,0,533,0.0,2.0,12,10000.0
10163,738.0,0,533,1.0,0.0,13,10000.0
10164,636.0,0,533,0.0,0.0,-14,10000.0
10165,712.0,0,533,0.0,1.0,-13,10000.0
10166,713.0,0,533,0.0,1.0,-12,10000.0
10167,639.0,0,533,0.0,0.0,-11,10000.0
10168,640.0,0,533,1.0,1.0,-10,10000.0
10169,716.0,0,533,0.0,0.0,-9,10000.0
10170,717.0,0,533,0.0,2.0,-8,10000.0
10171,718.0,0,533,0.0,0.0,-7,10000.0
10172,719.0,0,533,0.0,1.0,-6,10000.0
10173,720.0,0,533,0.0,0.0,-5,10000.0
10174,721.0,0,533,0.0,0.0,-4,10000.0
10175,647.0,0,533,0.0,0.0,-3,10000.0
10176,723.0,0,533,0.0,0.0,-2,10000.0
10177,649.0,0,533,0.0,0.0,-1,10000.0
10178,725.0,0,533,0.0,1.0,0,10000.0
10179,651.0,0,533,0.0,2.0,1,10000.0
10180,727.0,0,533,0.0,1.0,2,10000.0
10181,728.0,0,533,4.0,3.0,3,10000.0
10182,729.0,0,533,0.0,1.0,4,10000.0
10183,730.0,0,533,0.0,0.0,5,10000.0
10184,731.0,0,533,0.0,0.0,6,10000.0
10185,657.0,0,533,0.0,0.0,7,10000.0
10186,733.0,0,533,0.0,0.0,8,10000.0
10187,734.0,0,533,0.0,0.0,9,10000.0
10188,735.0,0,533,0.0,1.0,10,10000.0
10189,736.0,0,533,0.0,0.0,11,10000.0
10190,737.0,0,533,0.0,0.0,12,10000.0
10191,663.0,0,533,0.0,0.0,13,10000.0
10192,-14.0,0,535,0.0,0.0,-14,10000.0
10193,-13.0,0,535,0.0,0.0,-13,10000.0
10194,-12.0,0,535,0.0,0.0,-12,10000.0
10195,-11.0,0,535,0.0,0.0,-11,10000.0
10196,-10.0,0,535,0.0,0.0,-10,10000.0
10197,-9.0,0,535,0.0,0.0,-9,10000.0
10198,-8.0,0,535,0.0,0.0,-8,10000.0
10199,-7.0,0,535,0.0,0.0,-7,10000.0
10200,-6.0,0,535,0.0,12.0,-6,10000.0
10201,-5.0,0,535,0.0,9.0,-5,10000.0
10202,-4.0,0,535,0.0,36.0,-4,10000.0
10203,-3.0,0,535,0.0,16.0,-3,10000.0
10204,-2.0,0,535,0.0,19.0,-2,10000.0
10205,-1.0,0,535,0.0,14.0,-1,10000.0
10206,0.0,0,535,1.0,7.0,0,10000.0
10207,1.0,0,535,0.0,0.0,1,10000.0
10208,2.0,0,535,0.0,8.0,2,10000.0
10209,3.0,0,535,1.0,8.0,3,10000.0
10210,4.0,0,535,0.0,7.0,4,10000.0
10211,5.0,0,535,0.0,3.0,5,10000.0
10212,6.0,0,535,0.0,6.0,6,10000.0
10213,7.0,0,535,0.0,0.0,7,10000.0
10214,8.0,0,535,0.0,3.0,8,10000.0
10215,9.0,0,535,0.0,2.0,9,10000.0
10216,10.0,0,535,0.0,0.0,10,10000.0
10217,11.0,0,535,0.0,2.0,11,10000.0
10218,12.0,0,535,0.0,1.0,12,10000.0
10219,13.0,0,535,0.0,3.0,13,10000.0
10220,552.0,0,537,4.0,13.0,-14,648.0
10221,553.0,0,537,1.0,10.0,-13,648.0
10222,554.0,0,537,1.0,9.0,-12,648.0
10223,555.0,0,537,3.0,8.0,-11,648.0
10224,556.0,0,537,4.0,13.0,-10,648.0
10225,557.0,0,537,0.0,21.0,-9,648.0
10226,558.0,0,537,14.0,138.0,-8,648.0
10227,559.0,0,537,28.0,359.0,-7,648.0
10228,560.0,0,537,21.0,219.0,-6,648.0
10229,561.0,0,537,24.0,144.0,-5,648.0
10230,562.0,0,537,63.0,377.0,-4,648.0
10231,563.0,0,537,409.0,4120.0,-3,648.0
10232,564.0,0,537,313.0,4394.0,-2,648.0
10233,565.0,0,537,174.0,1674.0,-1,648.0
10234,566.0,0,537,65.0,1103.0,0,648.0
10235,567.0,0,537,45.0,732.0,1,648.0
10236,568.0,0,537,27.0,737.0,2,648.0
10237,569.0,0,537,20.0,601.0,3,648.0
10238,570.0,0,537,30.0,825.0,4,648.0
10239,571.0,0,537,26.0,619.0,5,648.0
10240,572.0,0,537,24.0,591.0,6,648.0
10241,573.0,0,537,66.0,1104.0,7,648.0
10242,574.0,0,537,17.0,589.0,8,648.0
10243,575.0,0,537,14.0,497.0,9,648.0
10244,576.0,0,537,9.0,401.0,10,648.0
10245,577.0,0,537,7.0,260.0,11,648.0
10246,578.0,0,537,2.0,168.0,12,648.0
10247,579.0,0,537,8.0,246.0,13,648.0
10248,553.0,0,538,1.0,31.0,-14,10000.0
10249,554.0,0,538,1.0,39.0,-13,10000.0
10250,555.0,0,538,1.0,38.0,-12,10000.0
10251,556.0,0,538,3.0,70.0,-11,10000.0
10252,557.0,0,538,12.0,178.0,-10,10000.0
10253,558.0,0,538,57.0,758.0,-9,10000.0
10254,559.0,0,538,178.0,2474.0,-8,10000.0
10255,560.0,0,538,218.0,3252.0,-7,10000.0
10256,561.0,0,538,86.0,1545.0,-6,10000.0
10257,562.0,0,538,218.0,3505.0,-5,10000.0
10258,563.0,0,538,165.0,4023.0,-4,10000.0
10259,564.0,0,538,133.0,3067.0,-3,10000.0
10260,565.0,0,538,210.0,4381.0,-2,10000.0
10261,566.0,0,538,355.0,4548.0,-1,10000.0
10262,567.0,0,538,307.0,7179.0,0,10000.0
10263,568.0,0,538,199.0,5099.0,1,10000.0
10264,569.0,0,538,99.0,3542.0,2,10000.0
10265,570.0,0,538,47.0,2009.0,3,10000.0
10266,571.0,0,538,151.0,8893.0,4,10000.0
10267,572.0,0,538,104.0,5795.0,5,10000.0
10268,573.0,0,538,87.0,4544.0,6,10000.0
10269,574.0,0,538,97.0,3617.0,7,10000.0
10270,575.0,0,538,128.0,7861.0,8,10000.0
10271,576.0,0,538,81.0,4807.0,9,10000.0
10272,577.0,0,538,18.0,848.0,10,10000.0
10273,578.0,0,538,19.0,1454.0,11,10000.0
10274,579.0,0,538,23.0,1042.0,12,10000.0
10275,580.0,0,538,3.0,779.0,13,10000.0
10276,733.0,0,538,25.0,1059.0,-14,10000.0
10277,734.0,0,538,41.0,813.0,-13,10000.0
10278,735.0,0,538,17.0,603.0,-12,10000.0
10279,736.0,0,538,28.0,916.0,-11,10000.0
10280,737.0,0,538,11.0,705.0,-10,10000.0
10281,738.0,0,538,57.0,1512.0,-9,10000.0
10282,739.0,0,538,148.0,5376.0,-8,10000.0
10283,740.0,0,538,71.0,3189.0,-7,10000.0
10284,741.0,0,538,42.0,1772.0,-6,10000.0
10285,742.0,0,538,57.0,1931.0,-5,10000.0
10286,743.0,0,538,49.0,1288.0,-4,10000.0
10287,744.0,0,538,50.0,901.0,-3,10000.0
10288,745.0,0,538,40.0,1118.0,-2,10000.0
10289,746.0,0,538,50.0,1377.0,-1,10000.0
10290,747.0,0,538,58.0,1317.0,0,10000.0
10291,748.0,0,538,35.0,1123.0,1,10000.0
10292,749.0,0,538,41.0,1212.0,2,10000.0
10293,750.0,0,538,19.0,716.0,3,10000.0
10294,751.0,0,538,12.0,679.0,4,10000.0
10295,752.0,0,538,23.0,644.0,5,10000.0
10296,753.0,0,538,22.0,590.0,6,10000.0
10297,754.0,0,538,33.0,785.0,7,10000.0
10298,755.0,0,538,60.0,1411.0,8,10000.0
10299,756.0,0,538,82.0,2193.0,9,10000.0
10300,757.0,0,538,48.0,1293.0,10,10000.0
10301,758.0,0,538,20.0,864.0,11,10000.0
10302,759.0,0,538,24.0,804.0,12,10000.0
10303,760.0,0,538,30.0,742.0,13,10000.0
10304,633.0,0,538,11.0,247.0,-14,10000.0
10305,634.0,0,538,26.0,471.0,-13,10000.0
10306,635.0,0,538,23.0,320.0,-12,10000.0
10307,636.0,0,538,10.0,143.0,-11,10000.0
10308,637.0,0,538,6.0,137.0,-10,10000.0
10309,638.0,0,538,9.0,126.0,-9,10000.0
10310,639.0,0,538,2.0,84.0,-8,10000.0
10311,640.0,0,538,3.0,134.0,-7,10000.0
10312,641.0,0,538,4.0,99.0,-6,10000.0
10313,642.0,0,538,4.0,79.0,-5,10000.0
10314,643.0,0,538,6.0,102.0,-4,10000.0
10315,644.0,0,538,5.0,140.0,-3,10000.0
10316,645.0,0,538,3.0,62.0,-2,10000.0
10317,646.0,0,538,2.0,62.0,-1,10000.0
10318,647.0,0,538,4.0,99.0,0,10000.0
10319,648.0,0,538,5.0,154.0,1,10000.0
10320,649.0,0,538,6.0,122.0,2,10000.0
10321,650.0,0,538,3.0,87.0,3,10000.0
10322,651.0,0,538,3.0,112.0,4,10000.0
10323,652.0,0,538,7.0,119.0,5,10000.0
10324,653.0,0,538,6.0,125.0,6,10000.0
10325,654.0,0,538,4.0,117.0,7,10000.0
10326,655.0,0,538,9.0,209.0,8,10000.0
10327,656.0,0,538,6.0,138.0,9,10000.0
10328,657.0,0,538,18.0,221.0,10,10000.0
10329,658.0,0,538,10.0,109.0,11,10000.0
10330,659.0,0,538,11.0,194.0,12,10000.0
10331,660.0,0,538,10.0,117.0,13,10000.0
10332,-9.0,0,539,0.0,0.0,-14,10000.0
10333,-8.0,0,539,0.0,0.0,-13,10000.0
10334,-7.0,0,539,0.0,0.0,-12,10000.0
10335,-6.0,0,539,0.0,0.0,-11,10000.0
10336,-5.0,0,539,0.0,0.0,-10,10000.0
10337,-4.0,0,539,0.0,0.0,-9,10000.0
10338,-3.0,0,539,0.0,0.0,-8,10000.0
10339,-2.0,0,539,0.0,0.0,-7,10000.0
10340,-1.0,0,539,0.0,0.0,-6,10000.0
10341,0.0,0,539,0.0,0.0,-5,10000.0
10342,1.0,0,539,0.0,0.0,-4,10000.0
10343,2.0,0,539,0.0,0.0,-3,10000.0
10344,3.0,0,539,21.0,22.0,-2,10000.0
10345,4.0,0,539,5.0,7.0,-1,10000.0
10346,5.0,0,539,1.0,6.0,0,10000.0
10347,6.0,0,539,2.0,6.0,1,10000.0
10348,7.0,0,539,0.0,10.0,2,10000.0
10349,8.0,0,539,3.0,5.0,3,10000.0
10350,9.0,0,539,1.0,5.0,4,10000.0
10351,10.0,0,539,2.0,10.0,5,10000.0
10352,11.0,0,539,0.0,3.0,6,10000.0
10353,12.0,0,539,0.0,4.0,7,10000.0
10354,13.0,0,539,0.0,1.0,8,10000.0
10355,14.0,0,539,0.0,3.0,9,10000.0
10356,15.0,0,539,2.0,4.0,10,10000.0
10357,16.0,0,539,0.0,3.0,11,10000.0
10358,17.0,0,539,0.0,1.0,12,10000.0
10359,18.0,0,539,0.0,4.0,13,10000.0
10360,575.0,0,545,1.0,6.0,-14,10000.0
10361,576.0,0,545,1.0,5.0,-13,10000.0
10362,577.0,0,545,10.0,11.0,-12,10000.0
10363,578.0,0,545,0.0,6.0,-11,10000.0
10364,579.0,0,545,0.0,7.0,-10,10000.0
10365,580.0,0,545,2.0,6.0,-9,10000.0
10366,581.0,0,545,3.0,4.0,-8,10000.0
10367,582.0,0,545,1.0,3.0,-7,10000.0
10368,583.0,0,545,0.0,0.0,-6,10000.0
10369,584.0,0,545,0.0,3.0,-5,10000.0
10370,585.0,0,545,0.0,6.0,-4,10000.0
10371,586.0,0,545,1.0,14.0,-3,10000.0
10372,587.0,0,545,2.0,7.0,-2,10000.0
10373,588.0,0,545,3.0,12.0,-1,10000.0
10374,589.0,0,545,2.0,8.0,0,10000.0
10375,590.0,0,545,1.0,8.0,1,10000.0
10376,591.0,0,545,2.0,5.0,2,10000.0
10377,592.0,0,545,2.0,6.0,3,10000.0
10378,593.0,0,545,0.0,5.0,4,10000.0
10379,594.0,0,545,0.0,3.0,5,10000.0
10380,595.0,0,545,0.0,0.0,6,10000.0
10381,596.0,0,545,1.0,0.0,7,10000.0
10382,597.0,0,545,0.0,6.0,8,10000.0
10383,598.0,0,545,1.0,3.0,9,10000.0
10384,599.0,0,545,1.0,6.0,10,10000.0
10385,600.0,0,545,1.0,2.0,11,10000.0
10386,601.0,0,545,1.0,4.0,12,10000.0
10387,602.0,0,545,1.0,8.0,13,10000.0
10388,527.0,0,548,0.0,2.0,-14,10000.0
10389,528.0,0,548,0.0,0.0,-13,10000.0
10390,529.0,0,548,0.0,1.0,-12,10000.0
10391,530.0,0,548,0.0,0.0,-11,10000.0
10392,531.0,0,548,0.0,0.0,-10,10000.0
10393,532.0,0,548,0.0,0.0,-9,10000.0
10394,533.0,0,548,0.0,0.0,-8,10000.0
10395,534.0,0,548,0.0,0.0,-7,10000.0
10396,535.0,0,548,0.0,0.0,-6,10000.0
10397,536.0,0,548,0.0,0.0,-5,10000.0
10398,537.0,0,548,0.0,0.0,-4,10000.0
10399,538.0,0,548,1.0,3.0,-3,10000.0
10400,539.0,0,548,0.0,0.0,-2,10000.0
10401,540.0,0,548,0.0,0.0,-1,10000.0
10402,541.0,0,548,0.0,1.0,0,10000.0
10403,542.0,0,548,0.0,0.0,1,10000.0
10404,543.0,0,548,2.0,11.0,2,10000.0
10405,544.0,0,548,0.0,1.0,3,10000.0
10406,545.0,0,548,0.0,0.0,4,10000.0
10407,546.0,0,548,0.0,3.0,5,10000.0
10408,547.0,0,548,0.0,2.0,6,10000.0
10409,548.0,0,548,0.0,1.0,7,10000.0
10410,549.0,0,548,1.0,3.0,8,10000.0
10411,550.0,0,548,0.0,0.0,9,10000.0
10412,551.0,0,548,0.0,0.0,10,10000.0
10413,552.0,0,548,0.0,0.0,11,10000.0
10414,553.0,0,548,0.0,0.0,12,10000.0
10415,554.0,0,548,0.0,0.0,13,10000.0
10416,573.0,0,549,2.0,8.0,-14,10000.0
10417,574.0,0,549,1.0,5.0,-13,10000.0
10418,575.0,0,549,1.0,2.0,-12,10000.0
10419,576.0,0,549,2.0,6.0,-11,10000.0
10420,582.0,0,549,1.0,0.0,-10,10000.0
10421,578.0,0,549,1.0,3.0,-9,10000.0
10422,579.0,0,549,1.0,1.0,-8,10000.0
10423,580.0,0,549,0.0,3.0,-7,10000.0
10424,581.0,0,549,0.0,1.0,-6,10000.0
10425,582.0,0,549,1.0,1.0,-5,10000.0
10426,583.0,0,549,0.0,1.0,-4,10000.0
10427,584.0,0,549,3.0,3.0,-3,10000.0
10428,590.0,0,549,0.0,0.0,-2,10000.0
10429,586.0,0,549,1.0,3.0,-1,10000.0
10430,592.0,0,549,0.0,0.0,0,10000.0
10431,588.0,0,549,0.0,1.0,1,10000.0
10432,589.0,0,549,0.0,1.0,2,10000.0
10433,590.0,0,549,0.0,4.0,3,10000.0
10434,591.0,0,549,0.0,1.0,4,10000.0
10435,592.0,0,549,0.0,3.0,5,10000.0
10436,593.0,0,549,1.0,1.0,6,10000.0
10437,594.0,0,549,0.0,2.0,7,10000.0
10438,595.0,0,549,1.0,3.0,8,10000.0
10439,596.0,0,549,0.0,1.0,9,10000.0
10440,602.0,0,549,0.0,0.0,10,10000.0
10441,598.0,0,549,0.0,3.0,11,10000.0
10442,604.0,0,549,0.0,0.0,12,10000.0
10443,600.0,0,549,0.0,3.0,13,10000.0
10444,573.0,0,549,0.0,2.0,-14,10000.0
10445,574.0,0,549,1.0,3.0,-13,10000.0
10446,575.0,0,549,0.0,1.0,-12,10000.0
10447,576.0,0,549,1.0,2.0,-11,10000.0
10448,577.0,0,549,0.0,0.0,-10,10000.0
10449,578.0,0,549,2.0,4.0,-9,10000.0
10450,579.0,0,549,1.0,0.0,-8,10000.0
10451,585.0,0,549,1.0,1.0,-7,10000.0
10452,586.0,0,549,0.0,2.0,-6,10000.0
10453,582.0,0,549,0.0,1.0,-5,10000.0
10454,588.0,0,549,0.0,1.0,-4,10000.0
10455,584.0,0,549,0.0,2.0,-3,10000.0
10456,590.0,0,549,0.0,2.0,-2,10000.0
10457,586.0,0,549,0.0,3.0,-1,10000.0
10458,592.0,0,549,1.0,2.0,0,10000.0
10459,593.0,0,549,0.0,1.0,1,10000.0
10460,594.0,0,549,1.0,3.0,2,10000.0
10461,595.0,0,549,0.0,2.0,3,10000.0
10462,596.0,0,549,0.0,0.0,4,10000.0
10463,597.0,0,549,1.0,1.0,5,10000.0
10464,593.0,0,549,0.0,1.0,6,10000.0
10465,599.0,0,549,0.0,0.0,7,10000.0
10466,595.0,0,549,0.0,4.0,8,10000.0
10467,601.0,0,549,0.0,2.0,9,10000.0
10468,602.0,0,549,0.0,2.0,10,10000.0
10469,603.0,0,549,0.0,3.0,11,10000.0
10470,604.0,0,549,0.0,1.0,12,10000.0
10471,605.0,0,549,0.0,0.0,13,10000.0
10472,561.0,0,550,34.0,173.0,-14,10000.0
10473,562.0,0,550,45.0,391.0,-13,10000.0
10474,563.0,0,550,90.0,1124.0,-12,10000.0
10475,564.0,0,550,57.0,458.0,-11,10000.0
10476,565.0,0,550,99.0,846.0,-10,10000.0
10477,566.0,0,550,69.0,476.0,-9,10000.0
10478,567.0,0,550,65.0,385.0,-8,10000.0
10479,568.0,0,550,58.0,305.0,-7,10000.0
10480,569.0,0,550,62.0,407.0,-6,10000.0
10481,570.0,0,550,53.0,360.0,-5,10000.0
10482,571.0,0,550,41.0,294.0,-4,10000.0
10483,572.0,0,550,66.0,342.0,-3,10000.0
10484,573.0,0,550,30.0,175.0,-2,10000.0
10485,574.0,0,550,44.0,169.0,-1,10000.0
10486,575.0,0,550,160.0,923.0,0,10000.0
10487,576.0,0,550,306.0,1013.0,1,10000.0
10488,577.0,0,550,31.0,179.0,2,10000.0
10489,578.0,0,550,10.0,116.0,3,10000.0
10490,579.0,0,550,4.0,84.0,4,10000.0
10491,580.0,0,550,9.0,105.0,5,10000.0
10492,581.0,0,550,20.0,138.0,6,10000.0
10493,582.0,0,550,4.0,101.0,7,10000.0
10494,583.0,0,550,6.0,83.0,8,10000.0
10495,584.0,0,550,7.0,94.0,9,10000.0
10496,585.0,0,550,60.0,384.0,10,10000.0
10497,586.0,0,550,22.0,142.0,11,10000.0
10498,587.0,0,550,18.0,130.0,12,10000.0
10499,588.0,0,550,30.0,171.0,13,10000.0
10500,572.0,0,550,53.0,354.0,-14,10000.0
10501,573.0,0,550,41.0,295.0,-13,10000.0
10502,574.0,0,550,67.0,343.0,-12,10000.0
10503,575.0,0,550,29.0,174.0,-11,10000.0
10504,576.0,0,550,44.0,169.0,-10,10000.0
10505,577.0,0,550,177.0,933.0,-9,10000.0
10506,578.0,0,550,318.0,975.0,-8,10000.0
10507,579.0,0,550,35.0,175.0,-7,10000.0
10508,580.0,0,550,13.0,111.0,-6,10000.0
10509,581.0,0,550,10.0,78.0,-5,10000.0
10510,582.0,0,550,13.0,102.0,-4,10000.0
10511,583.0,0,550,29.0,131.0,-3,10000.0
10512,584.0,0,550,13.0,89.0,-2,10000.0
10513,585.0,0,550,9.0,81.0,-1,10000.0
10514,586.0,0,550,13.0,88.0,0,10000.0
10515,587.0,0,550,91.0,353.0,1,10000.0
10516,588.0,0,550,25.0,139.0,2,10000.0
10517,589.0,0,550,24.0,123.0,3,10000.0
10518,590.0,0,550,37.0,172.0,4,10000.0
10519,591.0,0,550,46.0,207.0,5,10000.0
10520,592.0,0,550,10.0,65.0,6,10000.0
10521,593.0,0,550,7.0,56.0,7,10000.0
10522,594.0,0,550,8.0,52.0,8,10000.0
10523,595.0,0,550,4.0,36.0,9,10000.0
10524,596.0,0,550,4.0,37.0,10,10000.0
10525,597.0,0,550,23.0,192.0,11,10000.0
10526,598.0,0,550,5.0,52.0,12,10000.0
10527,599.0,0,550,14.0,101.0,13,10000.0
10528,788.0,0,550,56.0,320.0,-14,10000.0
10529,789.0,0,550,52.0,258.0,-13,10000.0
10530,790.0,0,550,18.0,127.0,-12,10000.0
10531,791.0,0,550,46.0,194.0,-11,10000.0
10532,792.0,0,550,381.0,1543.0,-10,10000.0
10533,793.0,0,550,134.0,394.0,-9,10000.0
10534,794.0,0,550,12.0,131.0,-8,10000.0
10535,795.0,0,550,11.0,99.0,-7,10000.0
10536,796.0,0,550,10.0,72.0,-6,10000.0
10537,797.0,0,550,21.0,120.0,-5,10000.0
10538,798.0,0,550,25.0,126.0,-4,10000.0
10539,799.0,0,550,10.0,73.0,-3,10000.0
10540,800.0,0,550,11.0,92.0,-2,10000.0
10541,801.0,0,550,55.0,228.0,-1,10000.0
10542,802.0,0,550,57.0,258.0,0,10000.0
10543,803.0,0,550,22.0,95.0,1,10000.0
10544,804.0,0,550,27.0,122.0,2,10000.0
10545,805.0,0,550,53.0,274.0,3,10000.0
10546,806.0,0,550,25.0,89.0,4,10000.0
10547,807.0,0,550,8.0,59.0,5,10000.0
10548,808.0,0,550,9.0,67.0,6,10000.0
10549,809.0,0,550,6.0,41.0,7,10000.0
10550,810.0,0,550,4.0,32.0,8,10000.0
10551,811.0,0,550,3.0,44.0,9,10000.0
10552,812.0,0,550,24.0,200.0,10,10000.0
10553,813.0,0,550,9.0,62.0,11,10000.0
10554,814.0,0,550,11.0,80.0,12,10000.0
10555,815.0,0,550,20.0,96.0,13,10000.0
10556,570.0,0,550,25.0,98.0,-14,10000.0
10557,571.0,0,550,72.0,274.0,-13,10000.0
10558,572.0,0,550,19.0,74.0,-12,10000.0
10559,573.0,0,550,13.0,60.0,-11,10000.0
10560,574.0,0,550,14.0,56.0,-10,10000.0
10561,575.0,0,550,5.0,36.0,-9,10000.0
10562,576.0,0,550,5.0,32.0,-8,10000.0
10563,577.0,0,550,19.0,114.0,-7,10000.0
10564,578.0,0,550,17.0,121.0,-6,10000.0
10565,579.0,0,550,10.0,86.0,-5,10000.0
10566,580.0,0,550,16.0,52.0,-4,10000.0
10567,581.0,0,550,31.0,94.0,-3,10000.0
10568,582.0,0,550,7.0,56.0,-2,10000.0
10569,583.0,0,550,6.0,49.0,-1,10000.0
10570,584.0,0,550,5.0,28.0,0,10000.0
10571,585.0,0,550,12.0,27.0,1,10000.0
10572,586.0,0,550,20.0,60.0,2,10000.0
10573,587.0,0,550,7.0,46.0,3,10000.0
10574,588.0,0,550,1.0,16.0,4,10000.0
10575,589.0,0,550,2.0,19.0,5,10000.0
10576,590.0,0,550,15.0,52.0,6,10000.0
10577,591.0,0,550,7.0,37.0,7,10000.0
10578,592.0,0,550,7.0,30.0,8,10000.0
10579,593.0,0,550,15.0,30.0,9,10000.0
10580,594.0,0,550,25.0,93.0,10,10000.0
10581,595.0,0,550,9.0,39.0,11,10000.0
10582,596.0,0,550,63.0,250.0,12,10000.0
10583,597.0,0,550,57.0,162.0,13,10000.0
10584,588.0,0,550,2.0,22.0,-14,10000.0
10585,589.0,0,550,7.0,36.0,-13,10000.0
10586,590.0,0,550,16.0,39.0,-12,10000.0
10587,591.0,0,550,8.0,17.0,-11,10000.0
10588,592.0,0,550,2.0,14.0,-10,10000.0
10589,593.0,0,550,1.0,15.0,-9,10000.0
10590,594.0,0,550,2.0,16.0,-8,10000.0
10591,595.0,0,550,2.0,10.0,-7,10000.0
10592,596.0,0,550,1.0,14.0,-6,10000.0
10593,597.0,0,550,13.0,42.0,-5,10000.0
10594,598.0,0,550,8.0,40.0,-4,10000.0
10595,599.0,0,550,7.0,19.0,-3,10000.0
10596,600.0,0,550,4.0,13.0,-2,10000.0
10597,601.0,0,550,3.0,23.0,-1,10000.0
10598,602.0,0,550,7.0,46.0,0,10000.0
10599,603.0,0,550,10.0,40.0,1,10000.0
10600,604.0,0,550,12.0,27.0,2,10000.0
10601,605.0,0,550,3.0,24.0,3,10000.0
10602,606.0,0,550,9.0,23.0,4,10000.0
10603,607.0,0,550,0.0,7.0,5,10000.0
10604,608.0,0,550,3.0,17.0,6,10000.0
10605,609.0,0,550,4.0,33.0,7,10000.0
10606,610.0,0,550,3.0,10.0,8,10000.0
10607,611.0,0,550,2.0,7.0,9,10000.0
10608,612.0,0,550,4.0,9.0,10,10000.0
10609,613.0,0,550,4.0,13.0,11,10000.0
10610,614.0,0,550,1.0,17.0,12,10000.0
10611,615.0,0,550,6.0,21.0,13,10000.0
10612,625.0,0,552,0.0,5.0,-14,10000.0
10613,626.0,0,552,2.0,3.0,-13,10000.0
10614,646.0,0,552,0.0,0.0,-12,10000.0
10615,647.0,0,552,0.0,0.0,-11,10000.0
10616,629.0,0,552,1.0,1.0,-10,10000.0
10617,630.0,0,552,0.0,2.0,-9,10000.0
10618,650.0,0,552,1.0,0.0,-8,10000.0
10619,632.0,0,552,1.0,2.0,-7,10000.0
10620,652.0,0,552,0.0,0.0,-6,10000.0
10621,634.0,0,552,0.0,1.0,-5,10000.0
10622,654.0,0,552,0.0,0.0,-4,10000.0
10623,636.0,0,552,1.0,1.0,-3,10000.0
10624,656.0,0,552,0.0,0.0,-2,10000.0
10625,657.0,0,552,0.0,0.0,-1,10000.0
10626,658.0,0,552,0.0,0.0,0,10000.0
10627,640.0,0,552,0.0,1.0,1,10000.0
10628,641.0,0,552,0.0,2.0,2,10000.0
10629,661.0,0,552,0.0,0.0,3,10000.0
10630,643.0,0,552,0.0,2.0,4,10000.0
10631,644.0,0,552,1.0,2.0,5,10000.0
10632,664.0,0,552,0.0,0.0,6,10000.0
10633,646.0,0,552,0.0,1.0,7,10000.0
10634,647.0,0,552,1.0,4.0,8,10000.0
10635,648.0,0,552,1.0,3.0,9,10000.0
10636,649.0,0,552,0.0,4.0,10,10000.0
10637,650.0,0,552,6.0,16.0,11,10000.0
10638,651.0,0,552,2.0,6.0,12,10000.0
10639,652.0,0,552,0.0,1.0,13,10000.0
10640,644.0,0,552,1.0,2.0,-14,10000.0
10641,626.0,0,552,0.0,0.0,-13,10000.0
10642,646.0,0,552,0.0,1.0,-12,10000.0
10643,647.0,0,552,0.0,0.0,-11,10000.0
10644,629.0,0,552,1.0,7.0,-10,10000.0
10645,649.0,0,552,1.0,2.0,-9,10000.0
10646,631.0,0,552,2.0,5.0,-8,10000.0
10647,632.0,0,552,9.0,14.0,-7,10000.0
10648,652.0,0,552,1.0,2.0,-6,10000.0
10649,653.0,0,552,0.0,0.0,-5,10000.0
10650,654.0,0,552,0.0,0.0,-4,10000.0
10651,636.0,0,552,0.0,2.0,-3,10000.0
10652,656.0,0,552,0.0,0.0,-2,10000.0
10653,657.0,0,552,0.0,1.0,-1,10000.0
10654,658.0,0,552,0.0,0.0,0,10000.0
10655,659.0,0,552,0.0,0.0,1,10000.0
10656,660.0,0,552,0.0,1.0,2,10000.0
10657,661.0,0,552,0.0,1.0,3,10000.0
10658,662.0,0,552,0.0,0.0,4,10000.0
10659,644.0,0,552,0.0,0.0,5,10000.0
10660,664.0,0,552,0.0,1.0,6,10000.0
10661,665.0,0,552,0.0,0.0,7,10000.0
10662,647.0,0,552,1.0,0.0,8,10000.0
10663,648.0,0,552,1.0,2.0,9,10000.0
10664,668.0,0,552,0.0,0.0,10,10000.0
10665,650.0,0,552,0.0,1.0,11,10000.0
10666,651.0,0,552,0.0,0.0,12,10000.0
10667,671.0,0,552,0.0,0.0,13,10000.0
10668,676.0,0,553,0.0,0.0,-14,10000.0
10669,677.0,0,553,0.0,0.0,-13,10000.0
10670,678.0,0,553,0.0,0.0,-12,10000.0
10671,679.0,0,553,0.0,0.0,-11,10000.0
10672,680.0,0,553,0.0,0.0,-10,10000.0
10673,681.0,0,553,0.0,0.0,-9,10000.0
10674,682.0,0,553,0.0,0.0,-8,10000.0
10675,683.0,0,553,0.0,0.0,-7,10000.0
10676,684.0,0,553,0.0,0.0,-6,10000.0
10677,685.0,0,553,0.0,0.0,-5,10000.0
10678,686.0,0,553,0.0,0.0,-4,10000.0
10679,687.0,0,553,0.0,0.0,-3,10000.0
10680,688.0,0,553,0.0,0.0,-2,10000.0
10681,-1.0,0,553,1.0,4.0,-1,10000.0
10682,0.0,0,553,2.0,62.0,0,10000.0
10683,1.0,0,553,2.0,11.0,1,10000.0
10684,2.0,0,553,0.0,7.0,2,10000.0
10685,3.0,0,553,0.0,4.0,3,10000.0
10686,4.0,0,553,0.0,6.0,4,10000.0
10687,5.0,0,553,0.0,6.0,5,10000.0
10688,6.0,0,553,1.0,5.0,6,10000.0
10689,7.0,0,553,0.0,3.0,7,10000.0
10690,8.0,0,553,0.0,1.0,8,10000.0
10691,9.0,0,553,0.0,2.0,9,10000.0
10692,10.0,0,553,0.0,1.0,10,10000.0
10693,11.0,0,553,0.0,5.0,11,10000.0
10694,702.0,0,553,0.0,0.0,12,10000.0
10695,13.0,0,553,1.0,16.0,13,10000.0
10696,676.0,0,553,2.0,1.0,-14,10000.0
10697,677.0,0,553,0.0,6.0,-13,10000.0
10698,678.0,0,553,1.0,3.0,-12,10000.0
10699,679.0,0,553,1.0,5.0,-11,10000.0
10700,680.0,0,553,1.0,5.0,-10,10000.0
10701,681.0,0,553,0.0,3.0,-9,10000.0
10702,682.0,0,553,0.0,1.0,-8,10000.0
10703,683.0,0,553,0.0,6.0,-7,10000.0
10704,684.0,0,553,0.0,2.0,-6,10000.0
10705,685.0,0,553,0.0,3.0,-5,10000.0
10706,686.0,0,553,1.0,1.0,-4,10000.0
10707,687.0,0,553,0.0,2.0,-3,10000.0
10708,688.0,0,553,1.0,3.0,-2,10000.0
10709,-1.0,0,553,0.0,3.0,-1,10000.0
10710,0.0,0,553,0.0,1.0,0,10000.0
10711,1.0,0,553,0.0,4.0,1,10000.0
10712,692.0,0,553,0.0,2.0,2,10000.0
10713,693.0,0,553,0.0,4.0,3,10000.0
10714,694.0,0,553,0.0,0.0,4,10000.0
10715,695.0,0,553,0.0,2.0,5,10000.0
10716,6.0,0,553,0.0,1.0,6,10000.0
10717,697.0,0,553,0.0,0.0,7,10000.0
10718,698.0,0,553,1.0,2.0,8,10000.0
10719,699.0,0,553,0.0,1.0,9,10000.0
10720,700.0,0,553,0.0,1.0,10,10000.0
10721,701.0,0,553,1.0,2.0,11,10000.0
10722,702.0,0,553,0.0,4.0,12,10000.0
10723,13.0,0,553,0.0,0.0,13,10000.0
10724,714.0,0,554,0.0,0.0,-14,10000.0
10725,715.0,0,554,0.0,0.0,-13,10000.0
10726,716.0,0,554,0.0,0.0,-12,10000.0
10727,717.0,0,554,0.0,0.0,-11,10000.0
10728,718.0,0,554,0.0,0.0,-10,10000.0
10729,719.0,0,554,0.0,0.0,-9,10000.0
10730,720.0,0,554,0.0,0.0,-8,10000.0
10731,721.0,0,554,0.0,0.0,-7,10000.0
10732,0.0,0,554,5.0,4.0,-6,10000.0
10733,1.0,0,554,4.0,2.0,-5,10000.0
10734,2.0,0,554,4.0,2.0,-4,10000.0
10735,3.0,0,554,0.0,2.0,-3,10000.0
10736,4.0,0,554,0.0,3.0,-2,10000.0
10737,727.0,0,554,4.0,0.0,-1,10000.0
10738,6.0,0,554,0.0,1.0,0,10000.0
10739,7.0,0,554,2.0,5.0,1,10000.0
10740,8.0,0,554,0.0,2.0,2,10000.0
10741,9.0,0,554,0.0,1.0,3,10000.0
10742,10.0,0,554,0.0,2.0,4,10000.0
10743,11.0,0,554,2.0,2.0,5,10000.0
10744,12.0,0,554,1.0,3.0,6,10000.0
10745,735.0,0,554,0.0,0.0,7,10000.0
10746,736.0,0,554,1.0,0.0,8,10000.0
10747,15.0,0,554,0.0,1.0,9,10000.0
10748,738.0,0,554,0.0,0.0,10,10000.0
10749,739.0,0,554,0.0,0.0,11,10000.0
10750,18.0,0,554,0.0,3.0,12,10000.0
10751,741.0,0,554,0.0,0.0,13,10000.0
10752,714.0,0,554,6.0,5.0,-14,10000.0
10753,715.0,0,554,4.0,5.0,-13,10000.0
10754,716.0,0,554,1.0,2.0,-12,10000.0
10755,717.0,0,554,0.0,5.0,-11,10000.0
10756,718.0,0,554,0.0,2.0,-10,10000.0
10757,719.0,0,554,0.0,6.0,-9,10000.0
10758,720.0,0,554,8.0,3.0,-8,10000.0
10759,721.0,0,554,14.0,10.0,-7,10000.0
10760,722.0,0,554,2.0,3.0,-6,10000.0
10761,723.0,0,554,4.0,5.0,-5,10000.0
10762,724.0,0,554,2.0,2.0,-4,10000.0
10763,725.0,0,554,1.0,5.0,-3,10000.0
10764,726.0,0,554,1.0,3.0,-2,10000.0
10765,727.0,0,554,1.0,5.0,-1,10000.0
10766,728.0,0,554,0.0,1.0,0,10000.0
10767,729.0,0,554,0.0,0.0,1,10000.0
10768,730.0,0,554,0.0,2.0,2,10000.0
10769,731.0,0,554,2.0,5.0,3,10000.0
10770,732.0,0,554,2.0,5.0,4,10000.0
10771,733.0,0,554,0.0,2.0,5,10000.0
10772,734.0,0,554,0.0,0.0,6,10000.0
10773,735.0,0,554,1.0,4.0,7,10000.0
10774,736.0,0,554,5.0,4.0,8,10000.0
10775,737.0,0,554,1.0,4.0,9,10000.0
10776,738.0,0,554,0.0,1.0,10,10000.0
10777,739.0,0,554,0.0,2.0,11,10000.0
10778,740.0,0,554,1.0,3.0,12,10000.0
10779,741.0,0,554,0.0,2.0,13,10000.0
10780,573.0,0,554,4.0,3.0,-14,10000.0
10781,574.0,0,554,1.0,2.0,-13,10000.0
10782,575.0,0,554,2.0,1.0,-12,10000.0
10783,717.0,0,554,0.0,1.0,-11,10000.0
10784,718.0,0,554,0.0,0.0,-10,10000.0
10785,719.0,0,554,0.0,1.0,-9,10000.0
10786,579.0,0,554,2.0,2.0,-8,10000.0
10787,580.0,0,554,6.0,7.0,-7,10000.0
10788,581.0,0,554,3.0,1.0,-6,10000.0
10789,582.0,0,554,4.0,3.0,-5,10000.0
10790,583.0,0,554,2.0,1.0,-4,10000.0
10791,584.0,0,554,0.0,2.0,-3,10000.0
10792,585.0,0,554,2.0,1.0,-2,10000.0
10793,586.0,0,554,0.0,2.0,-1,10000.0
10794,728.0,0,554,1.0,1.0,0,10000.0
10795,729.0,0,554,0.0,0.0,1,10000.0
10796,730.0,0,554,0.0,0.0,2,10000.0
10797,590.0,0,554,0.0,2.0,3,10000.0
10798,591.0,0,554,0.0,0.0,4,10000.0
10799,733.0,0,554,0.0,4.0,5,10000.0
10800,734.0,0,554,3.0,2.0,6,10000.0
10801,594.0,0,554,10.0,5.0,7,10000.0
10802,595.0,0,554,3.0,2.0,8,10000.0
10803,596.0,0,554,4.0,2.0,9,10000.0
10804,738.0,0,554,0.0,4.0,10,10000.0
10805,739.0,0,554,1.0,2.0,11,10000.0
10806,599.0,0,554,9.0,5.0,12,10000.0
10807,741.0,0,554,1.0,2.0,13,10000.0
10808,636.0,0,557,0.0,0.0,-14,10000.0
10809,637.0,0,557,0.0,0.0,-13,10000.0
10810,638.0,0,557,0.0,1.0,-12,10000.0
10811,639.0,0,557,0.0,0.0,-11,10000.0
10812,640.0,0,557,0.0,2.0,-10,10000.0
10813,641.0,0,557,0.0,1.0,-9,10000.0
10814,642.0,0,557,0.0,0.0,-8,10000.0
10815,643.0,0,557,0.0,1.0,-7,10000.0
10816,644.0,0,557,0.0,0.0,-6,10000.0
10817,645.0,0,557,0.0,0.0,-5,10000.0
10818,646.0,0,557,0.0,0.0,-4,10000.0
10819,647.0,0,557,0.0,1.0,-3,10000.0
10820,648.0,0,557,0.0,0.0,-2,10000.0
10821,649.0,0,557,0.0,1.0,-1,10000.0
10822,650.0,0,557,0.0,0.0,0,10000.0
10823,651.0,0,557,0.0,0.0,1,10000.0
10824,652.0,0,557,0.0,1.0,2,10000.0
10825,653.0,0,557,0.0,0.0,3,10000.0
10826,654.0,0,557,0.0,0.0,4,10000.0
10827,655.0,0,557,0.0,1.0,5,10000.0
10828,656.0,0,557,0.0,0.0,6,10000.0
10829,657.0,0,557,0.0,0.0,7,10000.0
10830,658.0,0,557,0.0,0.0,8,10000.0
10831,659.0,0,557,0.0,0.0,9,10000.0
10832,660.0,0,557,0.0,0.0,10,10000.0
10833,661.0,0,557,0.0,0.0,11,10000.0
10834,662.0,0,557,0.0,1.0,12,10000.0
10835,663.0,0,557,0.0,0.0,13,10000.0
10836,52.0,0,558,0.0,4.0,-14,10000.0
10837,53.0,0,558,1.0,4.0,-13,10000.0
10838,54.0,0,558,0.0,4.0,-12,10000.0
10839,55.0,0,558,4.0,10.0,-11,10000.0
10840,56.0,0,558,0.0,9.0,-10,10000.0
10841,57.0,0,558,1.0,1.0,-9,10000.0
10842,58.0,0,558,0.0,5.0,-8,10000.0
10843,59.0,0,558,0.0,7.0,-7,10000.0
10844,60.0,0,558,1.0,6.0,-6,10000.0
10845,61.0,0,558,0.0,6.0,-5,10000.0
10846,62.0,0,558,0.0,7.0,-4,10000.0
10847,63.0,0,558,0.0,2.0,-3,10000.0
10848,64.0,0,558,1.0,18.0,-2,10000.0
10849,65.0,0,558,2.0,32.0,-1,10000.0
10850,66.0,0,558,0.0,20.0,0,10000.0
10851,67.0,0,558,0.0,24.0,1,10000.0
10852,68.0,0,558,0.0,15.0,2,10000.0
10853,69.0,0,558,0.0,12.0,3,10000.0
10854,70.0,0,558,0.0,6.0,4,10000.0
10855,71.0,0,558,0.0,7.0,5,10000.0
10856,72.0,0,558,0.0,6.0,6,10000.0
10857,73.0,0,558,0.0,9.0,7,10000.0
10858,74.0,0,558,0.0,9.0,8,10000.0
10859,75.0,0,558,0.0,8.0,9,10000.0
10860,76.0,0,558,1.0,3.0,10,10000.0
10861,77.0,0,558,0.0,3.0,11,10000.0
10862,78.0,0,558,0.0,1.0,12,10000.0
10863,837.0,0,558,0.0,0.0,13,10000.0
10864,644.0,0,558,22.0,363.0,-14,10000.0
10865,645.0,0,558,16.0,209.0,-13,10000.0
10866,646.0,0,558,29.0,302.0,-12,10000.0
10867,647.0,0,558,4.0,154.0,-11,10000.0
10868,648.0,0,558,6.0,164.0,-10,10000.0
10869,649.0,0,558,5.0,127.0,-9,10000.0
10870,650.0,0,558,2.0,68.0,-8,10000.0
10871,651.0,0,558,2.0,63.0,-7,10000.0
10872,652.0,0,558,1.0,69.0,-6,10000.0
10873,653.0,0,558,2.0,61.0,-5,10000.0
10874,654.0,0,558,3.0,73.0,-4,10000.0
10875,655.0,0,558,9.0,83.0,-3,10000.0
10876,656.0,0,558,7.0,130.0,-2,10000.0
10877,657.0,0,558,2.0,53.0,-1,10000.0
10878,658.0,0,558,7.0,51.0,0,10000.0
10879,659.0,0,558,3.0,43.0,1,10000.0
10880,660.0,0,558,2.0,35.0,2,10000.0
10881,661.0,0,558,0.0,45.0,3,10000.0
10882,662.0,0,558,1.0,37.0,4,10000.0
10883,663.0,0,558,5.0,28.0,5,10000.0
10884,664.0,0,558,1.0,42.0,6,10000.0
10885,665.0,0,558,3.0,67.0,7,10000.0
10886,666.0,0,558,3.0,26.0,8,10000.0
10887,667.0,0,558,0.0,12.0,9,10000.0
10888,668.0,0,558,0.0,23.0,10,10000.0
10889,669.0,0,558,2.0,31.0,11,10000.0
10890,670.0,0,558,2.0,35.0,12,10000.0
10891,671.0,0,558,5.0,38.0,13,10000.0
10892,810.0,0,558,2.0,21.0,-14,10000.0
10893,53.0,0,558,1.0,20.0,-13,10000.0
10894,812.0,0,558,4.0,22.0,-12,10000.0
10895,55.0,0,558,2.0,10.0,-11,10000.0
10896,814.0,0,558,4.0,32.0,-10,10000.0
10897,57.0,0,558,4.0,17.0,-9,10000.0
10898,816.0,0,558,2.0,17.0,-8,10000.0
10899,817.0,0,558,4.0,13.0,-7,10000.0
10900,60.0,0,558,1.0,20.0,-6,10000.0
10901,819.0,0,558,3.0,18.0,-5,10000.0
10902,820.0,0,558,2.0,25.0,-4,10000.0
10903,821.0,0,558,1.0,17.0,-3,10000.0
10904,64.0,0,558,0.0,13.0,-2,10000.0
10905,65.0,0,558,4.0,22.0,-1,10000.0
10906,824.0,0,558,4.0,15.0,0,10000.0
10907,825.0,0,558,4.0,11.0,1,10000.0
10908,826.0,0,558,2.0,14.0,2,10000.0
10909,827.0,0,558,3.0,13.0,3,10000.0
10910,828.0,0,558,3.0,16.0,4,10000.0
10911,829.0,0,558,0.0,9.0,5,10000.0
10912,830.0,0,558,4.0,13.0,6,10000.0
10913,831.0,0,558,7.0,30.0,7,10000.0
10914,832.0,0,558,7.0,23.0,8,10000.0
10915,833.0,0,558,3.0,29.0,9,10000.0
10916,76.0,0,558,1.0,15.0,10,10000.0
10917,835.0,0,558,2.0,8.0,11,10000.0
10918,836.0,0,558,0.0,13.0,12,10000.0
10919,837.0,0,558,2.0,17.0,13,10000.0
10920,644.0,0,558,1.0,6.0,-14,10000.0
10921,645.0,0,558,0.0,16.0,-13,10000.0
10922,646.0,0,558,1.0,6.0,-12,10000.0
10923,647.0,0,558,0.0,9.0,-11,10000.0
10924,648.0,0,558,0.0,6.0,-10,10000.0
10925,649.0,0,558,0.0,12.0,-9,10000.0
10926,650.0,0,558,1.0,13.0,-8,10000.0
10927,651.0,0,558,1.0,8.0,-7,10000.0
10928,652.0,0,558,1.0,8.0,-6,10000.0
10929,653.0,0,558,0.0,3.0,-5,10000.0
10930,654.0,0,558,0.0,8.0,-4,10000.0
10931,655.0,0,558,0.0,10.0,-3,10000.0
10932,822.0,0,558,0.0,12.0,-2,10000.0
10933,657.0,0,558,3.0,3.0,-1,10000.0
10934,658.0,0,558,0.0,3.0,0,10000.0
10935,659.0,0,558,1.0,7.0,1,10000.0
10936,660.0,0,558,0.0,4.0,2,10000.0
10937,661.0,0,558,1.0,3.0,3,10000.0
10938,662.0,0,558,1.0,4.0,4,10000.0
10939,829.0,0,558,0.0,8.0,5,10000.0
10940,664.0,0,558,0.0,9.0,6,10000.0
10941,665.0,0,558,1.0,7.0,7,10000.0
10942,666.0,0,558,1.0,13.0,8,10000.0
10943,667.0,0,558,0.0,7.0,9,10000.0
10944,668.0,0,558,0.0,9.0,10,10000.0
10945,669.0,0,558,0.0,3.0,11,10000.0
10946,836.0,0,558,3.0,14.0,12,10000.0
10947,671.0,0,558,0.0,14.0,13,10000.0
10948,580.0,0,561,1.0,17.0,-14,10000.0
10949,581.0,0,561,1.0,6.0,-13,10000.0
10950,582.0,0,561,0.0,2.0,-12,10000.0
10951,583.0,0,561,1.0,5.0,-11,10000.0
10952,584.0,0,561,1.0,11.0,-10,10000.0
10953,585.0,0,561,1.0,9.0,-9,10000.0
10954,586.0,0,561,2.0,18.0,-8,10000.0
10955,587.0,0,561,4.0,12.0,-7,10000.0
10956,588.0,0,561,2.0,9.0,-6,10000.0
10957,589.0,0,561,1.0,5.0,-5,10000.0
10958,590.0,0,561,0.0,2.0,-4,10000.0
10959,591.0,0,561,3.0,6.0,-3,10000.0
10960,592.0,0,561,2.0,9.0,-2,10000.0
10961,593.0,0,561,1.0,6.0,-1,10000.0
10962,594.0,0,561,1.0,2.0,0,10000.0
10963,595.0,0,561,0.0,6.0,1,10000.0
10964,667.0,0,561,0.0,0.0,2,10000.0
10965,668.0,0,561,0.0,0.0,3,10000.0
10966,598.0,0,561,0.0,7.0,4,10000.0
10967,599.0,0,561,0.0,2.0,5,10000.0
10968,600.0,0,561,0.0,4.0,6,10000.0
10969,601.0,0,561,0.0,3.0,7,10000.0
10970,602.0,0,561,0.0,1.0,8,10000.0
10971,674.0,0,561,1.0,0.0,9,10000.0
10972,604.0,0,561,0.0,5.0,10,10000.0
10973,676.0,0,561,0.0,0.0,11,10000.0
10974,606.0,0,561,2.0,3.0,12,10000.0
10975,607.0,0,561,0.0,2.0,13,10000.0
10976,580.0,0,561,2.0,4.0,-14,10000.0
10977,581.0,0,561,1.0,2.0,-13,10000.0
10978,653.0,0,561,1.0,3.0,-12,10000.0
10979,583.0,0,561,0.0,5.0,-11,10000.0
10980,584.0,0,561,0.0,1.0,-10,10000.0
10981,585.0,0,561,1.0,2.0,-9,10000.0
10982,586.0,0,561,0.0,0.0,-8,10000.0
10983,587.0,0,561,1.0,0.0,-7,10000.0
10984,588.0,0,561,1.0,4.0,-6,10000.0
10985,589.0,0,561,0.0,0.0,-5,10000.0
10986,661.0,0,561,0.0,1.0,-4,10000.0
10987,591.0,0,561,1.0,0.0,-3,10000.0
10988,592.0,0,561,0.0,4.0,-2,10000.0
10989,593.0,0,561,0.0,9.0,-1,10000.0
10990,594.0,0,561,0.0,4.0,0,10000.0
10991,666.0,0,561,0.0,0.0,1,10000.0
10992,667.0,0,561,0.0,0.0,2,10000.0
10993,668.0,0,561,1.0,1.0,3,10000.0
10994,669.0,0,561,2.0,2.0,4,10000.0
10995,670.0,0,561,0.0,5.0,5,10000.0
10996,671.0,0,561,0.0,1.0,6,10000.0
10997,672.0,0,561,2.0,3.0,7,10000.0
10998,673.0,0,561,0.0,3.0,8,10000.0
10999,603.0,0,561,0.0,2.0,9,10000.0
11000,675.0,0,561,2.0,1.0,10,10000.0
11001,676.0,0,561,1.0,3.0,11,10000.0
11002,606.0,0,561,0.0,4.0,12,10000.0
11003,678.0,0,561,2.0,6.0,13,10000.0
11004,553.0,0,563,0.0,1.0,-14,10000.0
11005,824.0,0,563,0.0,0.0,-13,10000.0
11006,825.0,0,563,0.0,0.0,-12,10000.0
11007,556.0,0,563,0.0,1.0,-11,10000.0
11008,557.0,0,563,0.0,1.0,-10,10000.0
11009,558.0,0,563,0.0,6.0,-9,10000.0
11010,559.0,0,563,0.0,6.0,-8,10000.0
11011,560.0,0,563,0.0,4.0,-7,10000.0
11012,561.0,0,563,0.0,4.0,-6,10000.0
11013,562.0,0,563,0.0,2.0,-5,10000.0
11014,563.0,0,563,12.0,167.0,-4,10000.0
11015,564.0,0,563,6.0,181.0,-3,10000.0
11016,565.0,0,563,17.0,288.0,-2,10000.0
11017,566.0,0,563,7.0,142.0,-1,10000.0
11018,567.0,0,563,4.0,89.0,0,10000.0
11019,568.0,0,563,5.0,110.0,1,10000.0
11020,569.0,0,563,1.0,107.0,2,10000.0
11021,570.0,0,563,14.0,302.0,3,10000.0
11022,571.0,0,563,7.0,229.0,4,10000.0
11023,572.0,0,563,2.0,110.0,5,10000.0
11024,573.0,0,563,2.0,114.0,6,10000.0
11025,574.0,0,563,2.0,71.0,7,10000.0
11026,575.0,0,563,2.0,76.0,8,10000.0
11027,576.0,0,563,14.0,344.0,9,10000.0
11028,577.0,0,563,0.0,44.0,10,10000.0
11029,578.0,0,563,0.0,40.0,11,10000.0
11030,579.0,0,563,4.0,135.0,12,10000.0
11031,580.0,0,563,0.0,40.0,13,10000.0
11032,823.0,0,563,1.0,0.0,-14,10000.0
11033,824.0,0,563,0.0,0.0,-13,10000.0
11034,825.0,0,563,0.0,1.0,-12,10000.0
11035,826.0,0,563,0.0,1.0,-11,10000.0
11036,827.0,0,563,0.0,1.0,-10,10000.0
11037,828.0,0,563,0.0,1.0,-9,10000.0
11038,829.0,0,563,0.0,0.0,-8,10000.0
11039,830.0,0,563,0.0,2.0,-7,10000.0
11040,831.0,0,563,0.0,0.0,-6,10000.0
11041,832.0,0,563,0.0,1.0,-5,10000.0
11042,563.0,0,563,1.0,0.0,-4,10000.0
11043,564.0,0,563,0.0,0.0,-3,10000.0
11044,565.0,0,563,1.0,1.0,-2,10000.0
11045,566.0,0,563,0.0,1.0,-1,10000.0
11046,567.0,0,563,0.0,4.0,0,10000.0
11047,568.0,0,563,0.0,0.0,1,10000.0
11048,569.0,0,563,0.0,0.0,2,10000.0
11049,570.0,0,563,0.0,0.0,3,10000.0
11050,571.0,0,563,0.0,1.0,4,10000.0
11051,572.0,0,563,0.0,1.0,5,10000.0
11052,573.0,0,563,0.0,0.0,6,10000.0
11053,574.0,0,563,0.0,1.0,7,10000.0
11054,575.0,0,563,0.0,0.0,8,10000.0
11055,576.0,0,563,0.0,0.0,9,10000.0
11056,847.0,0,563,0.0,2.0,10,10000.0
11057,848.0,0,563,1.0,0.0,11,10000.0
11058,579.0,0,563,0.0,0.0,12,10000.0
11059,850.0,0,563,0.0,1.0,13,10000.0
11060,-8.0,0,564,0.0,27.0,-14,573.0
11061,-7.0,0,564,0.0,4.0,-13,573.0
11062,-6.0,0,564,0.0,2.0,-12,573.0
11063,-5.0,0,564,0.0,1.0,-11,573.0
11064,-4.0,0,564,0.0,8.0,-10,573.0
11065,-3.0,0,564,0.0,8.0,-9,573.0
11066,-2.0,0,564,0.0,34.0,-8,573.0
11067,-1.0,0,564,18.0,198.0,-7,573.0
11068,0.0,0,564,32.0,144.0,-6,573.0
11069,1.0,0,564,4.0,47.0,-5,573.0
11070,2.0,0,564,9.0,34.0,-4,573.0
11071,3.0,0,564,12.0,71.0,-3,573.0
11072,4.0,0,564,16.0,76.0,-2,573.0
11073,5.0,0,564,11.0,45.0,-1,573.0
11074,6.0,0,564,5.0,30.0,0,573.0
11075,7.0,0,564,1.0,12.0,1,573.0
11076,8.0,0,564,2.0,12.0,2,573.0
11077,9.0,0,564,2.0,20.0,3,573.0
11078,10.0,0,564,2.0,15.0,4,573.0
11079,11.0,0,564,3.0,24.0,5,573.0
11080,12.0,0,564,1.0,26.0,6,573.0
11081,13.0,0,564,3.0,25.0,7,573.0
11082,14.0,0,564,0.0,29.0,8,573.0
11083,15.0,0,564,1.0,29.0,9,573.0
11084,16.0,0,564,1.0,21.0,10,573.0
11085,17.0,0,564,0.0,12.0,11,573.0
11086,18.0,0,564,0.0,12.0,12,573.0
11087,19.0,0,564,0.0,16.0,13,573.0
11088,623.0,0,567,0.0,0.0,-14,10000.0
11089,624.0,0,567,0.0,0.0,-13,10000.0
11090,625.0,0,567,0.0,0.0,-12,10000.0
11091,626.0,0,567,0.0,0.0,-11,10000.0
11092,627.0,0,567,0.0,0.0,-10,10000.0
11093,628.0,0,567,0.0,0.0,-9,10000.0
11094,629.0,0,567,0.0,0.0,-8,10000.0
11095,630.0,0,567,0.0,0.0,-7,10000.0
11096,631.0,0,567,0.0,0.0,-6,10000.0
11097,632.0,0,567,0.0,0.0,-5,10000.0
11098,633.0,0,567,0.0,0.0,-4,10000.0
11099,634.0,0,567,0.0,0.0,-3,10000.0
11100,635.0,0,567,0.0,0.0,-2,10000.0
11101,636.0,0,567,0.0,0.0,-1,10000.0
11102,637.0,0,567,0.0,0.0,0,10000.0
11103,638.0,0,567,0.0,0.0,1,10000.0
11104,639.0,0,567,0.0,0.0,2,10000.0
11105,640.0,0,567,0.0,0.0,3,10000.0
11106,4.0,0,567,0.0,3.0,4,10000.0
11107,5.0,0,567,6.0,10.0,5,10000.0
11108,6.0,0,567,18.0,207.0,6,10000.0
11109,7.0,0,567,8.0,45.0,7,10000.0
11110,8.0,0,567,2.0,36.0,8,10000.0
11111,9.0,0,567,1.0,15.0,9,10000.0
11112,10.0,0,567,0.0,21.0,10,10000.0
11113,11.0,0,567,1.0,20.0,11,10000.0
11114,12.0,0,567,2.0,31.0,12,10000.0
11115,13.0,0,567,0.0,39.0,13,10000.0
11116,623.0,0,567,0.0,0.0,-14,10000.0
11117,624.0,0,567,0.0,0.0,-13,10000.0
11118,625.0,0,567,0.0,0.0,-12,10000.0
11119,626.0,0,567,0.0,0.0,-11,10000.0
11120,627.0,0,567,0.0,0.0,-10,10000.0
11121,628.0,0,567,0.0,0.0,-9,10000.0
11122,629.0,0,567,0.0,0.0,-8,10000.0
11123,630.0,0,567,0.0,0.0,-7,10000.0
11124,631.0,0,567,0.0,0.0,-6,10000.0
11125,632.0,0,567,0.0,0.0,-5,10000.0
11126,633.0,0,567,0.0,0.0,-4,10000.0
11127,634.0,0,567,0.0,0.0,-3,10000.0
11128,635.0,0,567,0.0,0.0,-2,10000.0
11129,636.0,0,567,0.0,0.0,-1,10000.0
11130,637.0,0,567,2.0,1.0,0,10000.0
11131,638.0,0,567,2.0,3.0,1,10000.0
11132,639.0,0,567,48.0,181.0,2,10000.0
11133,640.0,0,567,13.0,46.0,3,10000.0
11134,641.0,0,567,7.0,29.0,4,10000.0
11135,642.0,0,567,4.0,13.0,5,10000.0
11136,643.0,0,567,2.0,19.0,6,10000.0
11137,644.0,0,567,1.0,20.0,7,10000.0
11138,645.0,0,567,5.0,30.0,8,10000.0
11139,646.0,0,567,1.0,34.0,9,10000.0
11140,647.0,0,567,4.0,59.0,10,10000.0
11141,648.0,0,567,1.0,32.0,11,10000.0
11142,649.0,0,567,0.0,13.0,12,10000.0
11143,650.0,0,567,2.0,10.0,13,10000.0
11144,623.0,0,567,7.0,169.0,-14,10000.0
11145,624.0,0,567,23.0,396.0,-13,10000.0
11146,625.0,0,567,18.0,340.0,-12,10000.0
11147,626.0,0,567,20.0,361.0,-11,10000.0
11148,627.0,0,567,7.0,98.0,-10,10000.0
11149,628.0,0,567,2.0,79.0,-9,10000.0
11150,629.0,0,567,5.0,85.0,-8,10000.0
11151,630.0,0,567,3.0,88.0,-7,10000.0
11152,631.0,0,567,7.0,116.0,-6,10000.0
11153,632.0,0,567,16.0,162.0,-5,10000.0
11154,633.0,0,567,20.0,349.0,-4,10000.0
11155,634.0,0,567,13.0,327.0,-3,10000.0
11156,635.0,0,567,16.0,327.0,-2,10000.0
11157,636.0,0,567,6.0,247.0,-1,10000.0
11158,4.0,0,567,8.0,233.0,0,10000.0
11159,5.0,0,567,6.0,186.0,1,10000.0
11160,6.0,0,567,3.0,129.0,2,10000.0
11161,7.0,0,567,150.0,1355.0,3,10000.0
11162,8.0,0,567,70.0,1221.0,4,10000.0
11163,9.0,0,567,8.0,239.0,5,10000.0
11164,10.0,0,567,24.0,377.0,6,10000.0
11165,11.0,0,567,4.0,144.0,7,10000.0
11166,12.0,0,567,13.0,199.0,8,10000.0
11167,13.0,0,567,1.0,120.0,9,10000.0
11168,14.0,0,567,10.0,180.0,10,10000.0
11169,15.0,0,567,8.0,140.0,11,10000.0
11170,649.0,0,567,15.0,243.0,12,10000.0
11171,17.0,0,567,9.0,175.0,13,10000.0
11172,-14.0,0,569,0.0,0.0,-14,10000.0
11173,-13.0,0,569,0.0,0.0,-13,10000.0
11174,-12.0,0,569,0.0,0.0,-12,10000.0
11175,-11.0,0,569,0.0,0.0,-11,10000.0
11176,-10.0,0,569,0.0,0.0,-10,10000.0
11177,-9.0,0,569,0.0,0.0,-9,10000.0
11178,-8.0,0,569,0.0,0.0,-8,10000.0
11179,-7.0,0,569,0.0,0.0,-7,10000.0
11180,-6.0,0,569,0.0,0.0,-6,10000.0
11181,-5.0,0,569,0.0,0.0,-5,10000.0
11182,-4.0,0,569,0.0,0.0,-4,10000.0
11183,-3.0,0,569,0.0,0.0,-3,10000.0
11184,-2.0,0,569,0.0,5.0,-2,10000.0
11185,-1.0,0,569,5.0,7.0,-1,10000.0
11186,0.0,0,569,2.0,4.0,0,10000.0
11187,1.0,0,569,6.0,3.0,1,10000.0
11188,2.0,0,569,0.0,2.0,2,10000.0
11189,3.0,0,569,0.0,5.0,3,10000.0
11190,4.0,0,569,1.0,2.0,4,10000.0
11191,5.0,0,569,0.0,2.0,5,10000.0
11192,6.0,0,569,0.0,1.0,6,10000.0
11193,7.0,0,569,0.0,2.0,7,10000.0
11194,8.0,0,569,0.0,2.0,8,10000.0
11195,9.0,0,569,0.0,1.0,9,10000.0
11196,10.0,0,569,0.0,0.0,10,10000.0
11197,11.0,0,569,0.0,1.0,11,10000.0
11198,12.0,0,569,0.0,2.0,12,10000.0
11199,13.0,0,569,0.0,0.0,13,10000.0
11200,570.0,0,571,16.0,39.0,-14,10000.0
11201,571.0,0,571,11.0,20.0,-13,10000.0
11202,572.0,0,571,4.0,17.0,-12,10000.0
11203,573.0,0,571,22.0,47.0,-11,10000.0
11204,574.0,0,571,4.0,15.0,-10,10000.0
11205,575.0,0,571,6.0,12.0,-9,10000.0
11206,576.0,0,571,3.0,8.0,-8,10000.0
11207,577.0,0,571,1.0,11.0,-7,10000.0
11208,578.0,0,571,3.0,9.0,-6,10000.0
11209,579.0,0,571,8.0,33.0,-5,10000.0
11210,580.0,0,571,0.0,7.0,-4,10000.0
11211,581.0,0,571,3.0,7.0,-3,10000.0
11212,582.0,0,571,4.0,9.0,-2,10000.0
11213,583.0,0,571,2.0,6.0,-1,10000.0
11214,584.0,0,571,4.0,8.0,0,10000.0
11215,585.0,0,571,10.0,22.0,1,10000.0
11216,586.0,0,571,2.0,13.0,2,10000.0
11217,587.0,0,571,2.0,3.0,3,10000.0
11218,588.0,0,571,1.0,3.0,4,10000.0
11219,589.0,0,571,1.0,4.0,5,10000.0
11220,590.0,0,571,1.0,9.0,6,10000.0
11221,591.0,0,571,1.0,8.0,7,10000.0
11222,592.0,0,571,2.0,4.0,8,10000.0
11223,593.0,0,571,4.0,5.0,9,10000.0
11224,594.0,0,571,0.0,4.0,10,10000.0
11225,595.0,0,571,1.0,4.0,11,10000.0
11226,596.0,0,571,2.0,1.0,12,10000.0
11227,597.0,0,571,0.0,3.0,13,10000.0
11228,762.0,0,571,21.0,46.0,-14,10000.0
11229,763.0,0,571,4.0,15.0,-13,10000.0
11230,764.0,0,571,6.0,13.0,-12,10000.0
11231,765.0,0,571,3.0,8.0,-11,10000.0
11232,766.0,0,571,1.0,10.0,-10,10000.0
11233,767.0,0,571,4.0,17.0,-9,10000.0
11234,768.0,0,571,7.0,26.0,-8,10000.0
11235,769.0,0,571,0.0,6.0,-7,10000.0
11236,770.0,0,571,3.0,8.0,-6,10000.0
11237,771.0,0,571,4.0,8.0,-5,10000.0
11238,772.0,0,571,2.0,6.0,-4,10000.0
11239,773.0,0,571,6.0,8.0,-3,10000.0
11240,774.0,0,571,13.0,18.0,-2,10000.0
11241,775.0,0,571,3.0,12.0,-1,10000.0
11242,776.0,0,571,2.0,2.0,0,10000.0
11243,777.0,0,571,1.0,3.0,1,10000.0
11244,778.0,0,571,1.0,4.0,2,10000.0
11245,779.0,0,571,1.0,11.0,3,10000.0
11246,780.0,0,571,1.0,6.0,4,10000.0
11247,781.0,0,571,2.0,4.0,5,10000.0
11248,782.0,0,571,4.0,5.0,6,10000.0
11249,783.0,0,571,0.0,4.0,7,10000.0
11250,784.0,0,571,1.0,4.0,8,10000.0
11251,785.0,0,571,2.0,1.0,9,10000.0
11252,786.0,0,571,0.0,3.0,10,10000.0
11253,787.0,0,571,0.0,2.0,11,10000.0
11254,788.0,0,571,0.0,5.0,12,10000.0
11255,789.0,0,571,1.0,2.0,13,10000.0
11256,573.0,0,571,1.0,4.0,-14,10000.0
11257,574.0,0,571,1.0,1.0,-13,10000.0
11258,575.0,0,571,0.0,2.0,-12,10000.0
11259,576.0,0,571,2.0,0.0,-11,10000.0
11260,577.0,0,571,0.0,0.0,-10,10000.0
11261,578.0,0,571,0.0,3.0,-9,10000.0
11262,579.0,0,571,1.0,0.0,-8,10000.0
11263,769.0,0,571,0.0,0.0,-7,10000.0
11264,581.0,0,571,0.0,2.0,-6,10000.0
11265,582.0,0,571,1.0,0.0,-5,10000.0
11266,583.0,0,571,0.0,0.0,-4,10000.0
11267,584.0,0,571,1.0,4.0,-3,10000.0
11268,585.0,0,571,0.0,1.0,-2,10000.0
11269,586.0,0,571,0.0,1.0,-1,10000.0
11270,587.0,0,571,1.0,0.0,0,10000.0
11271,588.0,0,571,0.0,0.0,1,10000.0
11272,589.0,0,571,0.0,0.0,2,10000.0
11273,590.0,0,571,0.0,1.0,3,10000.0
11274,591.0,0,571,4.0,2.0,4,10000.0
11275,592.0,0,571,1.0,0.0,5,10000.0
11276,593.0,0,571,0.0,1.0,6,10000.0
11277,783.0,0,571,0.0,1.0,7,10000.0
11278,595.0,0,571,0.0,0.0,8,10000.0
11279,596.0,0,571,0.0,0.0,9,10000.0
11280,786.0,0,571,0.0,0.0,10,10000.0
11281,787.0,0,571,0.0,0.0,11,10000.0
11282,788.0,0,571,0.0,2.0,12,10000.0
11283,600.0,0,571,0.0,0.0,13,10000.0
11284,763.0,0,572,0.0,1.0,-14,10000.0
11285,764.0,0,572,1.0,1.0,-13,10000.0
11286,765.0,0,572,0.0,2.0,-12,10000.0
11287,766.0,0,572,0.0,0.0,-11,10000.0
11288,767.0,0,572,0.0,0.0,-10,10000.0
11289,768.0,0,572,0.0,0.0,-9,10000.0
11290,769.0,0,572,1.0,0.0,-8,10000.0
11291,770.0,0,572,0.0,0.0,-7,10000.0
11292,771.0,0,572,0.0,1.0,-6,10000.0
11293,772.0,0,572,0.0,0.0,-5,10000.0
11294,773.0,0,572,0.0,1.0,-4,10000.0
11295,774.0,0,572,0.0,0.0,-3,10000.0
11296,775.0,0,572,0.0,0.0,-2,10000.0
11297,776.0,0,572,0.0,0.0,-1,10000.0
11298,777.0,0,572,0.0,2.0,0,10000.0
11299,778.0,0,572,0.0,0.0,1,10000.0
11300,779.0,0,572,1.0,0.0,2,10000.0
11301,780.0,0,572,0.0,2.0,3,10000.0
11302,781.0,0,572,0.0,0.0,4,10000.0
11303,782.0,0,572,0.0,0.0,5,10000.0
11304,783.0,0,572,0.0,0.0,6,10000.0
11305,784.0,0,572,0.0,0.0,7,10000.0
11306,785.0,0,572,0.0,1.0,8,10000.0
11307,786.0,0,572,0.0,1.0,9,10000.0
11308,787.0,0,572,0.0,0.0,10,10000.0
11309,788.0,0,572,0.0,0.0,11,10000.0
11310,789.0,0,572,0.0,0.0,12,10000.0
11311,790.0,0,572,0.0,1.0,13,10000.0
11312,630.0,0,574,0.0,4.0,-14,10000.0
11313,631.0,0,574,0.0,7.0,-13,10000.0
11314,632.0,0,574,6.0,23.0,-12,10000.0
11315,633.0,0,574,2.0,14.0,-11,10000.0
11316,634.0,0,574,1.0,11.0,-10,10000.0
11317,635.0,0,574,1.0,7.0,-9,10000.0
11318,636.0,0,574,4.0,7.0,-8,10000.0
11319,637.0,0,574,2.0,22.0,-7,10000.0
11320,638.0,0,574,2.0,9.0,-6,10000.0
11321,639.0,0,574,4.0,5.0,-5,10000.0
11322,640.0,0,574,0.0,5.0,-4,10000.0
11323,641.0,0,574,1.0,1.0,-3,10000.0
11324,642.0,0,574,0.0,4.0,-2,10000.0
11325,643.0,0,574,0.0,3.0,-1,10000.0
11326,644.0,0,574,3.0,22.0,0,10000.0
11327,645.0,0,574,1.0,2.0,1,10000.0
11328,646.0,0,574,0.0,6.0,2,10000.0
11329,647.0,0,574,0.0,3.0,3,10000.0
11330,648.0,0,574,1.0,5.0,4,10000.0
11331,649.0,0,574,0.0,3.0,5,10000.0
11332,650.0,0,574,1.0,8.0,6,10000.0
11333,651.0,0,574,30.0,67.0,7,10000.0
11334,652.0,0,574,12.0,37.0,8,10000.0
11335,653.0,0,574,3.0,6.0,9,10000.0
11336,654.0,0,574,1.0,4.0,10,10000.0
11337,655.0,0,574,1.0,4.0,11,10000.0
11338,656.0,0,574,2.0,3.0,12,10000.0
11339,657.0,0,574,6.0,20.0,13,10000.0
11340,559.0,0,578,0.0,12.0,-14,10000.0
11341,560.0,0,578,0.0,4.0,-13,10000.0
11342,561.0,0,578,4.0,18.0,-12,10000.0
11343,562.0,0,578,2.0,6.0,-11,10000.0
11344,563.0,0,578,1.0,6.0,-10,10000.0
11345,564.0,0,578,1.0,21.0,-9,10000.0
11346,565.0,0,578,1.0,10.0,-8,10000.0
11347,566.0,0,578,2.0,9.0,-7,10000.0
11348,567.0,0,578,1.0,10.0,-6,10000.0
11349,568.0,0,578,0.0,7.0,-5,10000.0
11350,569.0,0,578,4.0,31.0,-4,10000.0
11351,570.0,0,578,0.0,10.0,-3,10000.0
11352,571.0,0,578,2.0,4.0,-2,10000.0
11353,572.0,0,578,0.0,4.0,-1,10000.0
11354,573.0,0,578,0.0,4.0,0,10000.0
11355,574.0,0,578,0.0,4.0,1,10000.0
11356,575.0,0,578,1.0,7.0,2,10000.0
11357,576.0,0,578,0.0,2.0,3,10000.0
11358,577.0,0,578,0.0,2.0,4,10000.0
11359,578.0,0,578,0.0,1.0,5,10000.0
11360,579.0,0,578,0.0,0.0,6,10000.0
11361,580.0,0,578,0.0,1.0,7,10000.0
11362,581.0,0,578,0.0,0.0,8,10000.0
11363,582.0,0,578,0.0,1.0,9,10000.0
11364,583.0,0,578,0.0,0.0,10,10000.0
11365,584.0,0,578,0.0,2.0,11,10000.0
11366,585.0,0,578,2.0,12.0,12,10000.0
11367,586.0,0,578,1.0,4.0,13,10000.0
11368,-7.0,0,579,0.0,0.0,-14,10000.0
11369,-6.0,0,579,0.0,0.0,-13,10000.0
11370,-5.0,0,579,0.0,0.0,-12,10000.0
11371,-4.0,0,579,0.0,0.0,-11,10000.0
11372,-3.0,0,579,0.0,0.0,-10,10000.0
11373,-2.0,0,579,0.0,0.0,-9,10000.0
11374,-1.0,0,579,0.0,0.0,-8,10000.0
11375,0.0,0,579,21.0,57.0,-7,10000.0
11376,1.0,0,579,19.0,29.0,-6,10000.0
11377,2.0,0,579,8.0,14.0,-5,10000.0
11378,3.0,0,579,10.0,46.0,-4,10000.0
11379,4.0,0,579,5.0,29.0,-3,10000.0
11380,5.0,0,579,2.0,27.0,-2,10000.0
11381,6.0,0,579,3.0,14.0,-1,10000.0
11382,7.0,0,579,9.0,77.0,0,10000.0
11383,8.0,0,579,2.0,20.0,1,10000.0
11384,9.0,0,579,2.0,21.0,2,10000.0
11385,10.0,0,579,1.0,19.0,3,10000.0
11386,11.0,0,579,17.0,108.0,4,10000.0
11387,12.0,0,579,17.0,94.0,5,10000.0
11388,13.0,0,579,11.0,99.0,6,10000.0
11389,14.0,0,579,3.0,36.0,7,10000.0
11390,15.0,0,579,3.0,45.0,8,10000.0
11391,16.0,0,579,0.0,29.0,9,10000.0
11392,17.0,0,579,2.0,19.0,10,10000.0
11393,18.0,0,579,2.0,45.0,11,10000.0
11394,19.0,0,579,2.0,29.0,12,10000.0
11395,20.0,0,579,1.0,14.0,13,10000.0
11396,55.0,0,580,0.0,0.0,-14,10000.0
11397,56.0,0,580,0.0,0.0,-13,10000.0
11398,57.0,0,580,0.0,0.0,-12,10000.0
11399,58.0,0,580,0.0,0.0,-11,10000.0
11400,59.0,0,580,0.0,0.0,-10,10000.0
11401,60.0,0,580,0.0,0.0,-9,10000.0
11402,61.0,0,580,0.0,0.0,-8,10000.0
11403,62.0,0,580,0.0,0.0,-7,10000.0
11404,63.0,0,580,0.0,0.0,-6,10000.0
11405,64.0,0,580,0.0,0.0,-5,10000.0
11406,65.0,0,580,0.0,0.0,-4,10000.0
11407,66.0,0,580,0.0,0.0,-3,10000.0
11408,67.0,0,580,0.0,0.0,-2,10000.0
11409,68.0,0,580,0.0,0.0,-1,10000.0
11410,69.0,0,580,0.0,1.0,0,10000.0
11411,70.0,0,580,0.0,0.0,1,10000.0
11412,71.0,0,580,0.0,0.0,2,10000.0
11413,72.0,0,580,0.0,0.0,3,10000.0
11414,73.0,0,580,0.0,0.0,4,10000.0
11415,74.0,0,580,0.0,0.0,5,10000.0
11416,75.0,0,580,0.0,0.0,6,10000.0
11417,76.0,0,580,0.0,1.0,7,10000.0
11418,77.0,0,580,0.0,0.0,8,10000.0
11419,78.0,0,580,0.0,0.0,9,10000.0
11420,79.0,0,580,0.0,0.0,10,10000.0
11421,80.0,0,580,0.0,0.0,11,10000.0
11422,81.0,0,580,0.0,0.0,12,10000.0
11423,82.0,0,580,0.0,0.0,13,10000.0
11424,-14.0,0,581,0.0,0.0,-14,10000.0
11425,-13.0,0,581,0.0,0.0,-13,10000.0
11426,-12.0,0,581,0.0,0.0,-12,10000.0
11427,-11.0,0,581,0.0,0.0,-11,10000.0
11428,-10.0,0,581,0.0,0.0,-10,10000.0
11429,-9.0,0,581,0.0,0.0,-9,10000.0
11430,-8.0,0,581,0.0,0.0,-8,10000.0
11431,-7.0,0,581,0.0,0.0,-7,10000.0
11432,-6.0,0,581,0.0,0.0,-6,10000.0
11433,-5.0,0,581,0.0,0.0,-5,10000.0
11434,-4.0,0,581,0.0,0.0,-4,10000.0
11435,-3.0,0,581,0.0,0.0,-3,10000.0
11436,-2.0,0,581,0.0,19.0,-2,10000.0
11437,-1.0,0,581,0.0,13.0,-1,10000.0
11438,0.0,0,581,0.0,11.0,0,10000.0
11439,1.0,0,581,0.0,3.0,1,10000.0
11440,2.0,0,581,0.0,2.0,2,10000.0
11441,3.0,0,581,0.0,2.0,3,10000.0
11442,4.0,0,581,0.0,5.0,4,10000.0
11443,5.0,0,581,1.0,1.0,5,10000.0
11444,6.0,0,581,0.0,3.0,6,10000.0
11445,7.0,0,581,0.0,2.0,7,10000.0
11446,8.0,0,581,0.0,2.0,8,10000.0
11447,9.0,0,581,0.0,4.0,9,10000.0
11448,10.0,0,581,0.0,1.0,10,10000.0
11449,11.0,0,581,0.0,3.0,11,10000.0
11450,12.0,0,581,0.0,3.0,12,10000.0
11451,13.0,0,581,0.0,0.0,13,10000.0
11452,825.0,0,584,0.0,0.0,-14,10000.0
11453,826.0,0,584,0.0,0.0,-13,10000.0
11454,827.0,0,584,0.0,0.0,-12,10000.0
11455,828.0,0,584,0.0,1.0,-11,10000.0
11456,829.0,0,584,1.0,0.0,-10,10000.0
11457,830.0,0,584,1.0,0.0,-9,10000.0
11458,831.0,0,584,0.0,1.0,-8,10000.0
11459,832.0,0,584,1.0,2.0,-7,10000.0
11460,833.0,0,584,0.0,0.0,-6,10000.0
11461,834.0,0,584,0.0,0.0,-5,10000.0
11462,835.0,0,584,0.0,7.0,-4,10000.0
11463,836.0,0,584,0.0,0.0,-3,10000.0
11464,837.0,0,584,0.0,1.0,-2,10000.0
11465,838.0,0,584,0.0,0.0,-1,10000.0
11466,839.0,0,584,0.0,0.0,0,10000.0
11467,840.0,0,584,0.0,0.0,1,10000.0
11468,841.0,0,584,0.0,2.0,2,10000.0
11469,842.0,0,584,0.0,0.0,3,10000.0
11470,843.0,0,584,0.0,2.0,4,10000.0
11471,844.0,0,584,2.0,0.0,5,10000.0
11472,845.0,0,584,0.0,2.0,6,10000.0
11473,846.0,0,584,0.0,0.0,7,10000.0
11474,847.0,0,584,1.0,1.0,8,10000.0
11475,848.0,0,584,0.0,2.0,9,10000.0
11476,849.0,0,584,1.0,0.0,10,10000.0
11477,850.0,0,584,1.0,1.0,11,10000.0
11478,851.0,0,584,0.0,0.0,12,10000.0
11479,852.0,0,584,1.0,0.0,13,10000.0
11480,677.0,0,587,0.0,0.0,-14,10000.0
11481,678.0,0,587,0.0,0.0,-13,10000.0
11482,679.0,0,587,0.0,0.0,-12,10000.0
11483,680.0,0,587,0.0,0.0,-11,10000.0
11484,681.0,0,587,0.0,0.0,-10,10000.0
11485,682.0,0,587,0.0,0.0,-9,10000.0
11486,683.0,0,587,0.0,0.0,-8,10000.0
11487,684.0,0,587,0.0,0.0,-7,10000.0
11488,685.0,0,587,0.0,0.0,-6,10000.0
11489,686.0,0,587,0.0,0.0,-5,10000.0
11490,-2.0,0,587,0.0,22.0,-4,10000.0
11491,-1.0,0,587,10.0,76.0,-3,10000.0
11492,0.0,0,587,5.0,17.0,-2,10000.0
11493,1.0,0,587,3.0,5.0,-1,10000.0
11494,2.0,0,587,5.0,10.0,0,10000.0
11495,3.0,0,587,1.0,20.0,1,10000.0
11496,4.0,0,587,3.0,12.0,2,10000.0
11497,5.0,0,587,7.0,8.0,3,10000.0
11498,6.0,0,587,2.0,15.0,4,10000.0
11499,7.0,0,587,0.0,6.0,5,10000.0
11500,8.0,0,587,0.0,2.0,6,10000.0
11501,9.0,0,587,0.0,6.0,7,10000.0
11502,10.0,0,587,0.0,3.0,8,10000.0
11503,11.0,0,587,0.0,2.0,9,10000.0
11504,12.0,0,587,0.0,4.0,10,10000.0
11505,13.0,0,587,0.0,7.0,11,10000.0
11506,14.0,0,587,0.0,10.0,12,10000.0
11507,15.0,0,587,0.0,10.0,13,10000.0
11508,677.0,0,587,19.0,231.0,-14,10000.0
11509,678.0,0,587,19.0,110.0,-13,10000.0
11510,679.0,0,587,8.0,119.0,-12,10000.0
11511,680.0,0,587,10.0,109.0,-11,10000.0
11512,681.0,0,587,6.0,72.0,-10,10000.0
11513,682.0,0,587,48.0,211.0,-9,10000.0
11514,683.0,0,587,61.0,235.0,-8,10000.0
11515,684.0,0,587,9.0,47.0,-7,10000.0
11516,685.0,0,587,11.0,70.0,-6,10000.0
11517,686.0,0,587,2.0,33.0,-5,10000.0
11518,687.0,0,587,5.0,33.0,-4,10000.0
11519,688.0,0,587,7.0,37.0,-3,10000.0
11520,689.0,0,587,5.0,47.0,-2,10000.0
11521,690.0,0,587,5.0,37.0,-1,10000.0
11522,691.0,0,587,4.0,32.0,0,10000.0
11523,692.0,0,587,0.0,13.0,1,10000.0
11524,693.0,0,587,1.0,15.0,2,10000.0
11525,694.0,0,587,3.0,27.0,3,10000.0
11526,695.0,0,587,1.0,20.0,4,10000.0
11527,696.0,0,587,2.0,18.0,5,10000.0
11528,697.0,0,587,3.0,16.0,6,10000.0
11529,698.0,0,587,0.0,6.0,7,10000.0
11530,699.0,0,587,1.0,10.0,8,10000.0
11531,700.0,0,587,0.0,17.0,9,10000.0
11532,701.0,0,587,0.0,13.0,10,10000.0
11533,702.0,0,587,6.0,29.0,11,10000.0
11534,703.0,0,587,0.0,28.0,12,10000.0
11535,704.0,0,587,3.0,24.0,13,10000.0
11536,575.0,0,587,1.0,6.0,-14,10000.0
11537,576.0,0,587,1.0,1.0,-13,10000.0
11538,577.0,0,587,1.0,4.0,-12,10000.0
11539,578.0,0,587,0.0,5.0,-11,10000.0
11540,579.0,0,587,1.0,3.0,-10,10000.0
11541,580.0,0,587,1.0,1.0,-9,10000.0
11542,581.0,0,587,0.0,6.0,-8,10000.0
11543,582.0,0,587,3.0,7.0,-7,10000.0
11544,583.0,0,587,0.0,2.0,-6,10000.0
11545,584.0,0,587,0.0,6.0,-5,10000.0
11546,585.0,0,587,1.0,6.0,-4,10000.0
11547,586.0,0,587,1.0,3.0,-3,10000.0
11548,587.0,0,587,2.0,3.0,-2,10000.0
11549,588.0,0,587,0.0,2.0,-1,10000.0
11550,589.0,0,587,5.0,2.0,0,10000.0
11551,692.0,0,587,1.0,7.0,1,10000.0
11552,591.0,0,587,0.0,1.0,2,10000.0
11553,592.0,0,587,0.0,1.0,3,10000.0
11554,593.0,0,587,3.0,2.0,4,10000.0
11555,594.0,0,587,2.0,5.0,5,10000.0
11556,595.0,0,587,3.0,6.0,6,10000.0
11557,698.0,0,587,0.0,2.0,7,10000.0
11558,597.0,0,587,0.0,3.0,8,10000.0
11559,700.0,0,587,11.0,23.0,9,10000.0
11560,701.0,0,587,12.0,23.0,10,10000.0
11561,600.0,0,587,1.0,2.0,11,10000.0
11562,703.0,0,587,1.0,8.0,12,10000.0
11563,602.0,0,587,1.0,0.0,13,10000.0
11564,637.0,0,590,9.0,90.0,-14,10000.0
11565,638.0,0,590,5.0,49.0,-13,10000.0
11566,639.0,0,590,5.0,48.0,-12,10000.0
11567,640.0,0,590,77.0,253.0,-11,10000.0
11568,641.0,0,590,7.0,41.0,-10,10000.0
11569,642.0,0,590,11.0,76.0,-9,10000.0
11570,643.0,0,590,10.0,49.0,-8,10000.0
11571,644.0,0,590,9.0,52.0,-7,10000.0
11572,645.0,0,590,4.0,19.0,-6,10000.0
11573,646.0,0,590,8.0,45.0,-5,10000.0
11574,647.0,0,590,4.0,39.0,-4,10000.0
11575,648.0,0,590,4.0,32.0,-3,10000.0
11576,649.0,0,590,3.0,23.0,-2,10000.0
11577,650.0,0,590,1.0,16.0,-1,10000.0
11578,651.0,0,590,24.0,100.0,0,10000.0
11579,652.0,0,590,4.0,57.0,1,10000.0
11580,653.0,0,590,8.0,28.0,2,10000.0
11581,654.0,0,590,8.0,37.0,3,10000.0
11582,655.0,0,590,4.0,34.0,4,10000.0
11583,656.0,0,590,2.0,14.0,5,10000.0
11584,657.0,0,590,2.0,25.0,6,10000.0
11585,658.0,0,590,17.0,81.0,7,10000.0
11586,659.0,0,590,6.0,12.0,8,10000.0
11587,660.0,0,590,5.0,28.0,9,10000.0
11588,661.0,0,590,2.0,98.0,10,10000.0
11589,662.0,0,590,1.0,42.0,11,10000.0
11590,663.0,0,590,8.0,37.0,12,10000.0
11591,664.0,0,590,2.0,68.0,13,10000.0
11592,656.0,0,592,0.0,0.0,-14,10000.0
11593,657.0,0,592,0.0,0.0,-13,10000.0
11594,658.0,0,592,0.0,0.0,-12,10000.0
11595,659.0,0,592,0.0,0.0,-11,10000.0
11596,660.0,0,592,0.0,0.0,-10,10000.0
11597,661.0,0,592,0.0,1.0,-9,10000.0
11598,662.0,0,592,0.0,0.0,-8,10000.0
11599,663.0,0,592,0.0,0.0,-7,10000.0
11600,664.0,0,592,0.0,0.0,-6,10000.0
11601,665.0,0,592,0.0,0.0,-5,10000.0
11602,666.0,0,592,0.0,0.0,-4,10000.0
11603,667.0,0,592,1.0,0.0,-3,10000.0
11604,668.0,0,592,0.0,0.0,-2,10000.0
11605,669.0,0,592,0.0,0.0,-1,10000.0
11606,670.0,0,592,0.0,1.0,0,10000.0
11607,671.0,0,592,0.0,0.0,1,10000.0
11608,672.0,0,592,0.0,0.0,2,10000.0
11609,673.0,0,592,0.0,1.0,3,10000.0
11610,674.0,0,592,0.0,0.0,4,10000.0
11611,675.0,0,592,0.0,0.0,5,10000.0
11612,676.0,0,592,0.0,0.0,6,10000.0
11613,677.0,0,592,0.0,0.0,7,10000.0
11614,678.0,0,592,1.0,2.0,8,10000.0
11615,679.0,0,592,0.0,1.0,9,10000.0
11616,680.0,0,592,1.0,0.0,10,10000.0
11617,681.0,0,592,0.0,0.0,11,10000.0
11618,682.0,0,592,0.0,0.0,12,10000.0
11619,683.0,0,592,0.0,0.0,13,10000.0
11620,570.0,0,594,5.0,18.0,-14,10000.0
11621,571.0,0,594,4.0,11.0,-13,10000.0
11622,572.0,0,594,1.0,28.0,-12,10000.0
11623,573.0,0,594,3.0,21.0,-11,10000.0
11624,574.0,0,594,3.0,7.0,-10,10000.0
11625,575.0,0,594,2.0,14.0,-9,10000.0
11626,576.0,0,594,2.0,9.0,-8,10000.0
11627,577.0,0,594,2.0,10.0,-7,10000.0
11628,578.0,0,594,15.0,70.0,-6,10000.0
11629,579.0,0,594,5.0,26.0,-5,10000.0
11630,580.0,0,594,2.0,6.0,-4,10000.0
11631,581.0,0,594,2.0,5.0,-3,10000.0
11632,582.0,0,594,1.0,12.0,-2,10000.0
11633,583.0,0,594,5.0,12.0,-1,10000.0
11634,584.0,0,594,2.0,6.0,0,10000.0
11635,585.0,0,594,2.0,3.0,1,10000.0
11636,586.0,0,594,0.0,6.0,2,10000.0
11637,587.0,0,594,2.0,12.0,3,10000.0
11638,588.0,0,594,0.0,3.0,4,10000.0
11639,589.0,0,594,0.0,6.0,5,10000.0
11640,590.0,0,594,3.0,50.0,6,10000.0
11641,591.0,0,594,8.0,45.0,7,10000.0
11642,592.0,0,594,1.0,1.0,8,10000.0
11643,593.0,0,594,3.0,32.0,9,10000.0
11644,594.0,0,594,7.0,44.0,10,10000.0
11645,595.0,0,594,2.0,17.0,11,10000.0
11646,596.0,0,594,3.0,6.0,12,10000.0
11647,597.0,0,594,0.0,1.0,13,10000.0
11648,707.0,0,596,0.0,0.0,-14,10000.0
11649,571.0,0,596,0.0,1.0,-13,10000.0
11650,709.0,0,596,0.0,0.0,-12,10000.0
11651,710.0,0,596,0.0,0.0,-11,10000.0
11652,574.0,0,596,0.0,1.0,-10,10000.0
11653,712.0,0,596,0.0,0.0,-9,10000.0
11654,713.0,0,596,0.0,0.0,-8,10000.0
11655,714.0,0,596,0.0,0.0,-7,10000.0
11656,715.0,0,596,0.0,0.0,-6,10000.0
11657,716.0,0,596,0.0,0.0,-5,10000.0
11658,717.0,0,596,0.0,0.0,-4,10000.0
11659,718.0,0,596,1.0,0.0,-3,10000.0
11660,719.0,0,596,0.0,0.0,-2,10000.0
11661,720.0,0,596,1.0,0.0,-1,10000.0
11662,721.0,0,596,0.0,0.0,0,10000.0
11663,722.0,0,596,0.0,0.0,1,10000.0
11664,723.0,0,596,0.0,0.0,2,10000.0
11665,724.0,0,596,0.0,0.0,3,10000.0
11666,725.0,0,596,0.0,0.0,4,10000.0
11667,726.0,0,596,0.0,0.0,5,10000.0
11668,727.0,0,596,0.0,0.0,6,10000.0
11669,728.0,0,596,0.0,0.0,7,10000.0
11670,729.0,0,596,0.0,0.0,8,10000.0
11671,730.0,0,596,0.0,0.0,9,10000.0
11672,731.0,0,596,0.0,0.0,10,10000.0
11673,732.0,0,596,0.0,0.0,11,10000.0
11674,596.0,0,596,0.0,3.0,12,10000.0
11675,734.0,0,596,0.0,0.0,13,10000.0
11676,570.0,0,596,0.0,0.0,-14,10000.0
11677,571.0,0,596,0.0,0.0,-13,10000.0
11678,572.0,0,596,0.0,0.0,-12,10000.0
11679,573.0,0,596,0.0,0.0,-11,10000.0
11680,574.0,0,596,0.0,0.0,-10,10000.0
11681,575.0,0,596,0.0,2.0,-9,10000.0
11682,576.0,0,596,0.0,0.0,-8,10000.0
11683,577.0,0,596,0.0,0.0,-7,10000.0
11684,578.0,0,596,0.0,0.0,-6,10000.0
11685,579.0,0,596,0.0,0.0,-5,10000.0
11686,580.0,0,596,0.0,0.0,-4,10000.0
11687,581.0,0,596,0.0,0.0,-3,10000.0
11688,582.0,0,596,0.0,0.0,-2,10000.0
11689,583.0,0,596,0.0,0.0,-1,10000.0
11690,584.0,0,596,0.0,0.0,0,10000.0
11691,585.0,0,596,0.0,0.0,1,10000.0
11692,586.0,0,596,0.0,0.0,2,10000.0
11693,587.0,0,596,0.0,0.0,3,10000.0
11694,588.0,0,596,0.0,0.0,4,10000.0
11695,589.0,0,596,0.0,0.0,5,10000.0
11696,590.0,0,596,0.0,0.0,6,10000.0
11697,591.0,0,596,0.0,0.0,7,10000.0
11698,592.0,0,596,0.0,0.0,8,10000.0
11699,593.0,0,596,0.0,0.0,9,10000.0
11700,594.0,0,596,0.0,0.0,10,10000.0
11701,595.0,0,596,0.0,0.0,11,10000.0
11702,596.0,0,596,0.0,0.0,12,10000.0
11703,597.0,0,596,0.0,0.0,13,10000.0
11704,623.0,0,598,4.0,38.0,-14,10000.0
11705,624.0,0,598,4.0,43.0,-13,10000.0
11706,625.0,0,598,5.0,80.0,-12,10000.0
11707,626.0,0,598,7.0,46.0,-11,10000.0
11708,627.0,0,598,2.0,34.0,-10,10000.0
11709,628.0,0,598,3.0,21.0,-9,10000.0
11710,629.0,0,598,2.0,26.0,-8,10000.0
11711,630.0,0,598,3.0,33.0,-7,10000.0
11712,631.0,0,598,4.0,64.0,-6,10000.0
11713,632.0,0,598,23.0,271.0,-5,10000.0
11714,633.0,0,598,8.0,67.0,-4,10000.0
11715,634.0,0,598,10.0,114.0,-3,10000.0
11716,635.0,0,598,5.0,89.0,-2,10000.0
11717,636.0,0,598,2.0,85.0,-1,10000.0
11718,637.0,0,598,5.0,74.0,0,10000.0
11719,638.0,0,598,2.0,41.0,1,10000.0
11720,639.0,0,598,5.0,32.0,2,10000.0
11721,640.0,0,598,2.0,56.0,3,10000.0
11722,641.0,0,598,3.0,32.0,4,10000.0
11723,642.0,0,598,13.0,122.0,5,10000.0
11724,643.0,0,598,6.0,88.0,6,10000.0
11725,644.0,0,598,5.0,69.0,7,10000.0
11726,645.0,0,598,6.0,106.0,8,10000.0
11727,646.0,0,598,5.0,95.0,9,10000.0
11728,647.0,0,598,5.0,72.0,10,10000.0
11729,648.0,0,598,1.0,35.0,11,10000.0
11730,649.0,0,598,2.0,25.0,12,10000.0
11731,650.0,0,598,2.0,47.0,13,10000.0
11732,565.0,0,599,3.0,29.0,-14,10000.0
11733,566.0,0,599,0.0,9.0,-13,10000.0
11734,567.0,0,599,0.0,9.0,-12,10000.0
11735,568.0,0,599,11.0,24.0,-11,10000.0
11736,569.0,0,599,0.0,9.0,-10,10000.0
11737,570.0,0,599,1.0,10.0,-9,10000.0
11738,571.0,0,599,0.0,5.0,-8,10000.0
11739,572.0,0,599,0.0,8.0,-7,10000.0
11740,573.0,0,599,2.0,3.0,-6,10000.0
11741,574.0,0,599,0.0,9.0,-5,10000.0
11742,575.0,0,599,0.0,4.0,-4,10000.0
11743,576.0,0,599,1.0,3.0,-3,10000.0
11744,577.0,0,599,1.0,5.0,-2,10000.0
11745,578.0,0,599,0.0,4.0,-1,10000.0
11746,579.0,0,599,0.0,3.0,0,10000.0
11747,580.0,0,599,0.0,1.0,1,10000.0
11748,581.0,0,599,0.0,1.0,2,10000.0
11749,619.0,0,599,0.0,0.0,3,10000.0
11750,583.0,0,599,0.0,4.0,4,10000.0
11751,584.0,0,599,0.0,2.0,5,10000.0
11752,622.0,0,599,0.0,0.0,6,10000.0
11753,586.0,0,599,0.0,1.0,7,10000.0
11754,587.0,0,599,0.0,1.0,8,10000.0
11755,588.0,0,599,0.0,3.0,9,10000.0
11756,589.0,0,599,0.0,2.0,10,10000.0
11757,627.0,0,599,0.0,0.0,11,10000.0
11758,591.0,0,599,0.0,2.0,12,10000.0
11759,629.0,0,599,0.0,0.0,13,10000.0
11760,565.0,0,599,0.0,2.0,-14,10000.0
11761,603.0,0,599,0.0,0.0,-13,10000.0
11762,604.0,0,599,0.0,0.0,-12,10000.0
11763,568.0,0,599,0.0,0.0,-11,10000.0
11764,606.0,0,599,0.0,0.0,-10,10000.0
11765,570.0,0,599,0.0,0.0,-9,10000.0
11766,608.0,0,599,0.0,0.0,-8,10000.0
11767,609.0,0,599,0.0,0.0,-7,10000.0
11768,573.0,0,599,1.0,0.0,-6,10000.0
11769,611.0,0,599,0.0,1.0,-5,10000.0
11770,612.0,0,599,0.0,0.0,-4,10000.0
11771,576.0,0,599,0.0,1.0,-3,10000.0
11772,577.0,0,599,0.0,1.0,-2,10000.0
11773,615.0,0,599,0.0,1.0,-1,10000.0
11774,616.0,0,599,0.0,1.0,0,10000.0
11775,617.0,0,599,1.0,0.0,1,10000.0
11776,618.0,0,599,0.0,0.0,2,10000.0
11777,619.0,0,599,0.0,2.0,3,10000.0
11778,620.0,0,599,2.0,4.0,4,10000.0
11779,621.0,0,599,0.0,3.0,5,10000.0
11780,622.0,0,599,0.0,1.0,6,10000.0
11781,623.0,0,599,0.0,0.0,7,10000.0
11782,624.0,0,599,1.0,2.0,8,10000.0
11783,625.0,0,599,1.0,1.0,9,10000.0
11784,626.0,0,599,0.0,0.0,10,10000.0
11785,627.0,0,599,0.0,1.0,11,10000.0
11786,628.0,0,599,0.0,0.0,12,10000.0
11787,629.0,0,599,0.0,0.0,13,10000.0
11788,578.0,0,600,4.0,12.0,-14,10000.0
11789,579.0,0,600,36.0,171.0,-13,10000.0
11790,580.0,0,600,7.0,21.0,-12,10000.0
11791,581.0,0,600,1.0,7.0,-11,10000.0
11792,582.0,0,600,0.0,4.0,-10,10000.0
11793,583.0,0,600,1.0,2.0,-9,10000.0
11794,584.0,0,600,1.0,3.0,-8,10000.0
11795,585.0,0,600,0.0,3.0,-7,10000.0
11796,586.0,0,600,1.0,2.0,-6,10000.0
11797,587.0,0,600,0.0,1.0,-5,10000.0
11798,588.0,0,600,3.0,3.0,-4,10000.0
11799,589.0,0,600,1.0,6.0,-3,10000.0
11800,590.0,0,600,5.0,10.0,-2,10000.0
11801,591.0,0,600,0.0,3.0,-1,10000.0
11802,592.0,0,600,2.0,1.0,0,10000.0
11803,593.0,0,600,4.0,39.0,1,10000.0
11804,594.0,0,600,6.0,42.0,2,10000.0
11805,595.0,0,600,1.0,4.0,3,10000.0
11806,596.0,0,600,8.0,33.0,4,10000.0
11807,597.0,0,600,1.0,4.0,5,10000.0
11808,598.0,0,600,1.0,1.0,6,10000.0
11809,599.0,0,600,4.0,9.0,7,10000.0
11810,600.0,0,600,0.0,2.0,8,10000.0
11811,601.0,0,600,0.0,3.0,9,10000.0
11812,602.0,0,600,0.0,3.0,10,10000.0
11813,603.0,0,600,1.0,14.0,11,10000.0
11814,604.0,0,600,0.0,5.0,12,10000.0
11815,605.0,0,600,0.0,8.0,13,10000.0
11816,588.0,0,602,2.0,7.0,-14,10000.0
11817,589.0,0,602,1.0,7.0,-13,10000.0
11818,590.0,0,602,10.0,10.0,-12,10000.0
11819,591.0,0,602,2.0,14.0,-11,10000.0
11820,592.0,0,602,1.0,8.0,-10,10000.0
11821,593.0,0,602,5.0,18.0,-9,10000.0
11822,594.0,0,602,0.0,2.0,-8,10000.0
11823,595.0,0,602,1.0,5.0,-7,10000.0
11824,596.0,0,602,3.0,2.0,-6,10000.0
11825,597.0,0,602,0.0,6.0,-5,10000.0
11826,598.0,0,602,0.0,7.0,-4,10000.0
11827,599.0,0,602,1.0,6.0,-3,10000.0
11828,600.0,0,602,1.0,11.0,-2,10000.0
11829,601.0,0,602,1.0,4.0,-1,10000.0
11830,602.0,0,602,2.0,3.0,0,10000.0
11831,603.0,0,602,1.0,3.0,1,10000.0
11832,604.0,0,602,0.0,10.0,2,10000.0
11833,605.0,0,602,1.0,6.0,3,10000.0
11834,606.0,0,602,0.0,3.0,4,10000.0
11835,607.0,0,602,1.0,3.0,5,10000.0
11836,608.0,0,602,1.0,2.0,6,10000.0
11837,609.0,0,602,0.0,4.0,7,10000.0
11838,610.0,0,602,0.0,0.0,8,10000.0
11839,611.0,0,602,1.0,2.0,9,10000.0
11840,612.0,0,602,0.0,4.0,10,10000.0
11841,613.0,0,602,1.0,2.0,11,10000.0
11842,614.0,0,602,1.0,1.0,12,10000.0
11843,615.0,0,602,0.0,3.0,13,10000.0
11844,636.0,0,604,12.0,73.0,-14,10000.0
11845,637.0,0,604,10.0,30.0,-13,10000.0
11846,638.0,0,604,2.0,19.0,-12,10000.0
11847,639.0,0,604,0.0,19.0,-11,10000.0
11848,640.0,0,604,0.0,15.0,-10,10000.0
11849,641.0,0,604,3.0,20.0,-9,10000.0
11850,642.0,0,604,0.0,9.0,-8,10000.0
11851,643.0,0,604,1.0,13.0,-7,10000.0
11852,644.0,0,604,3.0,9.0,-6,10000.0
11853,645.0,0,604,1.0,5.0,-5,10000.0
11854,646.0,0,604,2.0,14.0,-4,10000.0
11855,647.0,0,604,0.0,7.0,-3,10000.0
11856,648.0,0,604,1.0,11.0,-2,10000.0
11857,649.0,0,604,1.0,7.0,-1,10000.0
11858,650.0,0,604,1.0,2.0,0,10000.0
11859,651.0,0,604,1.0,7.0,1,10000.0
11860,652.0,0,604,2.0,10.0,2,10000.0
11861,653.0,0,604,0.0,13.0,3,10000.0
11862,654.0,0,604,1.0,5.0,4,10000.0
11863,655.0,0,604,2.0,2.0,5,10000.0
11864,656.0,0,604,2.0,14.0,6,10000.0
11865,657.0,0,604,1.0,8.0,7,10000.0
11866,658.0,0,604,0.0,0.0,8,10000.0
11867,659.0,0,604,0.0,4.0,9,10000.0
11868,660.0,0,604,2.0,4.0,10,10000.0
11869,661.0,0,604,1.0,6.0,11,10000.0
11870,662.0,0,604,0.0,3.0,12,10000.0
11871,663.0,0,604,0.0,3.0,13,10000.0
11872,565.0,0,606,0.0,0.0,-14,662.0
11873,566.0,0,606,0.0,0.0,-13,662.0
11874,567.0,0,606,0.0,0.0,-12,662.0
11875,568.0,0,606,0.0,0.0,-11,662.0
11876,569.0,0,606,0.0,0.0,-10,662.0
11877,570.0,0,606,0.0,0.0,-9,662.0
11878,571.0,0,606,0.0,0.0,-8,662.0
11879,572.0,0,606,13.0,17.0,-7,662.0
11880,573.0,0,606,37.0,36.0,-6,662.0
11881,574.0,0,606,9.0,13.0,-5,662.0
11882,575.0,0,606,1.0,5.0,-4,662.0
11883,576.0,0,606,1.0,0.0,-3,662.0
11884,577.0,0,606,3.0,3.0,-2,662.0
11885,578.0,0,606,1.0,4.0,-1,662.0
11886,579.0,0,606,1.0,3.0,0,662.0
11887,580.0,0,606,1.0,1.0,1,662.0
11888,581.0,0,606,0.0,0.0,2,662.0
11889,582.0,0,606,0.0,1.0,3,662.0
11890,583.0,0,606,0.0,4.0,4,662.0
11891,584.0,0,606,0.0,4.0,5,662.0
11892,585.0,0,606,0.0,2.0,6,662.0
11893,586.0,0,606,0.0,5.0,7,662.0
11894,587.0,0,606,0.0,4.0,8,662.0
11895,588.0,0,606,0.0,7.0,9,662.0
11896,589.0,0,606,0.0,3.0,10,662.0
11897,590.0,0,606,1.0,3.0,11,662.0
11898,591.0,0,606,1.0,4.0,12,662.0
11899,592.0,0,606,1.0,1.0,13,662.0
11900,664.0,0,608,0.0,0.0,-14,10000.0
11901,665.0,0,608,0.0,0.0,-13,10000.0
11902,666.0,0,608,0.0,1.0,-12,10000.0
11903,667.0,0,608,0.0,2.0,-11,10000.0
11904,668.0,0,608,0.0,1.0,-10,10000.0
11905,669.0,0,608,0.0,0.0,-9,10000.0
11906,670.0,0,608,0.0,0.0,-8,10000.0
11907,671.0,0,608,0.0,2.0,-7,10000.0
11908,672.0,0,608,0.0,0.0,-6,10000.0
11909,673.0,0,608,0.0,3.0,-5,10000.0
11910,674.0,0,608,0.0,3.0,-4,10000.0
11911,675.0,0,608,0.0,0.0,-3,10000.0
11912,676.0,0,608,0.0,0.0,-2,10000.0
11913,677.0,0,608,0.0,1.0,-1,10000.0
11914,678.0,0,608,0.0,1.0,0,10000.0
11915,679.0,0,608,0.0,0.0,1,10000.0
11916,680.0,0,608,0.0,2.0,2,10000.0
11917,681.0,0,608,0.0,0.0,3,10000.0
11918,682.0,0,608,0.0,1.0,4,10000.0
11919,683.0,0,608,0.0,0.0,5,10000.0
11920,684.0,0,608,0.0,1.0,6,10000.0
11921,685.0,0,608,0.0,0.0,7,10000.0
11922,686.0,0,608,0.0,1.0,8,10000.0
11923,687.0,0,608,0.0,0.0,9,10000.0
11924,688.0,0,608,1.0,2.0,10,10000.0
11925,689.0,0,608,0.0,0.0,11,10000.0
11926,690.0,0,608,0.0,0.0,12,10000.0
11927,691.0,0,608,0.0,0.0,13,10000.0
11928,566.0,0,611,0.0,3.0,-14,10000.0
11929,567.0,0,611,1.0,6.0,-13,10000.0
11930,568.0,0,611,0.0,3.0,-12,10000.0
11931,569.0,0,611,0.0,2.0,-11,10000.0
11932,640.0,0,611,0.0,0.0,-10,10000.0
11933,641.0,0,611,0.0,0.0,-9,10000.0
11934,572.0,0,611,0.0,2.0,-8,10000.0
11935,573.0,0,611,1.0,1.0,-7,10000.0
11936,574.0,0,611,0.0,1.0,-6,10000.0
11937,645.0,0,611,0.0,0.0,-5,10000.0
11938,576.0,0,611,0.0,1.0,-4,10000.0
11939,647.0,0,611,0.0,0.0,-3,10000.0
11940,648.0,0,611,0.0,0.0,-2,10000.0
11941,579.0,0,611,0.0,1.0,-1,10000.0
11942,650.0,0,611,0.0,0.0,0,10000.0
11943,651.0,0,611,0.0,0.0,1,10000.0
11944,582.0,0,611,1.0,4.0,2,10000.0
11945,653.0,0,611,0.0,0.0,3,10000.0
11946,584.0,0,611,0.0,1.0,4,10000.0
11947,585.0,0,611,0.0,2.0,5,10000.0
11948,586.0,0,611,0.0,1.0,6,10000.0
11949,657.0,0,611,0.0,0.0,7,10000.0
11950,588.0,0,611,1.0,1.0,8,10000.0
11951,659.0,0,611,0.0,0.0,9,10000.0
11952,660.0,0,611,0.0,0.0,10,10000.0
11953,661.0,0,611,0.0,0.0,11,10000.0
11954,592.0,0,611,0.0,1.0,12,10000.0
11955,663.0,0,611,0.0,0.0,13,10000.0
11956,636.0,0,611,0.0,0.0,-14,10000.0
11957,567.0,0,611,0.0,0.0,-13,10000.0
11958,638.0,0,611,0.0,0.0,-12,10000.0
11959,639.0,0,611,0.0,0.0,-11,10000.0
11960,640.0,0,611,0.0,0.0,-10,10000.0
11961,641.0,0,611,0.0,0.0,-9,10000.0
11962,642.0,0,611,0.0,2.0,-8,10000.0
11963,573.0,0,611,0.0,0.0,-7,10000.0
11964,644.0,0,611,0.0,0.0,-6,10000.0
11965,645.0,0,611,0.0,1.0,-5,10000.0
11966,646.0,0,611,1.0,0.0,-4,10000.0
11967,647.0,0,611,0.0,1.0,-3,10000.0
11968,648.0,0,611,0.0,0.0,-2,10000.0
11969,649.0,0,611,0.0,0.0,-1,10000.0
11970,650.0,0,611,0.0,0.0,0,10000.0
11971,651.0,0,611,0.0,1.0,1,10000.0
11972,582.0,0,611,0.0,0.0,2,10000.0
11973,653.0,0,611,0.0,0.0,3,10000.0
11974,654.0,0,611,0.0,0.0,4,10000.0
11975,655.0,0,611,0.0,2.0,5,10000.0
11976,656.0,0,611,0.0,0.0,6,10000.0
11977,657.0,0,611,0.0,0.0,7,10000.0
11978,588.0,0,611,0.0,0.0,8,10000.0
11979,659.0,0,611,0.0,0.0,9,10000.0
11980,660.0,0,611,0.0,0.0,10,10000.0
11981,661.0,0,611,0.0,0.0,11,10000.0
11982,662.0,0,611,0.0,0.0,12,10000.0
11983,663.0,0,611,0.0,0.0,13,10000.0
11984,559.0,0,613,0.0,0.0,-14,10000.0
11985,560.0,0,613,0.0,0.0,-13,10000.0
11986,561.0,0,613,0.0,0.0,-12,10000.0
11987,562.0,0,613,0.0,0.0,-11,10000.0
11988,563.0,0,613,0.0,0.0,-10,10000.0
11989,564.0,0,613,0.0,0.0,-9,10000.0
11990,565.0,0,613,0.0,0.0,-8,10000.0
11991,566.0,0,613,0.0,0.0,-7,10000.0
11992,-1.0,0,613,2.0,7.0,-6,10000.0
11993,0.0,0,613,11.0,25.0,-5,10000.0
11994,1.0,0,613,1.0,7.0,-4,10000.0
11995,2.0,0,613,2.0,7.0,-3,10000.0
11996,3.0,0,613,1.0,5.0,-2,10000.0
11997,4.0,0,613,2.0,6.0,-1,10000.0
11998,5.0,0,613,2.0,15.0,0,10000.0
11999,6.0,0,613,1.0,16.0,1,10000.0
12000,7.0,0,613,4.0,11.0,2,10000.0
12001,8.0,0,613,0.0,4.0,3,10000.0
12002,9.0,0,613,2.0,1.0,4,10000.0
12003,10.0,0,613,0.0,7.0,5,10000.0
12004,11.0,0,613,1.0,6.0,6,10000.0
12005,12.0,0,613,1.0,3.0,7,10000.0
12006,13.0,0,613,0.0,6.0,8,10000.0
12007,14.0,0,613,1.0,3.0,9,10000.0
12008,15.0,0,613,2.0,1.0,10,10000.0
12009,16.0,0,613,0.0,4.0,11,10000.0
12010,17.0,0,613,0.0,13.0,12,10000.0
12011,18.0,0,613,1.0,18.0,13,10000.0
12012,559.0,0,613,1.0,8.0,-14,10000.0
12013,560.0,0,613,0.0,15.0,-13,10000.0
12014,561.0,0,613,0.0,19.0,-12,10000.0
12015,562.0,0,613,21.0,183.0,-11,10000.0
12016,563.0,0,613,29.0,324.0,-10,10000.0
12017,564.0,0,613,20.0,226.0,-9,10000.0
12018,565.0,0,613,16.0,199.0,-8,10000.0
12019,566.0,0,613,16.0,185.0,-7,10000.0
12020,-1.0,0,613,28.0,278.0,-6,10000.0
12021,0.0,0,613,14.0,277.0,-5,10000.0
12022,1.0,0,613,17.0,242.0,-4,10000.0
12023,2.0,0,613,14.0,182.0,-3,10000.0
12024,3.0,0,613,17.0,280.0,-2,10000.0
12025,4.0,0,613,12.0,160.0,-1,10000.0
12026,5.0,0,613,11.0,153.0,0,10000.0
12027,6.0,0,613,5.0,60.0,1,10000.0
12028,7.0,0,613,4.0,50.0,2,10000.0
12029,576.0,0,613,4.0,77.0,3,10000.0
12030,9.0,0,613,1.0,52.0,4,10000.0
12031,578.0,0,613,2.0,61.0,5,10000.0
12032,11.0,0,613,1.0,28.0,6,10000.0
12033,12.0,0,613,0.0,19.0,7,10000.0
12034,581.0,0,613,0.0,21.0,8,10000.0
12035,14.0,0,613,2.0,37.0,9,10000.0
12036,15.0,0,613,0.0,29.0,10,10000.0
12037,584.0,0,613,2.0,23.0,11,10000.0
12038,585.0,0,613,0.0,19.0,12,10000.0
12039,18.0,0,613,3.0,44.0,13,10000.0
12040,639.0,0,617,0.0,0.0,-14,10000.0
12041,640.0,0,617,0.0,0.0,-13,10000.0
12042,641.0,0,617,0.0,0.0,-12,10000.0
12043,642.0,0,617,0.0,0.0,-11,10000.0
12044,643.0,0,617,0.0,0.0,-10,10000.0
12045,644.0,0,617,0.0,0.0,-9,10000.0
12046,645.0,0,617,0.0,0.0,-8,10000.0
12047,646.0,0,617,0.0,0.0,-7,10000.0
12048,647.0,0,617,0.0,0.0,-6,10000.0
12049,648.0,0,617,0.0,0.0,-5,10000.0
12050,649.0,0,617,0.0,0.0,-4,10000.0
12051,650.0,0,617,0.0,0.0,-3,10000.0
12052,651.0,0,617,0.0,0.0,-2,10000.0
12053,652.0,0,617,0.0,0.0,-1,10000.0
12054,653.0,0,617,0.0,0.0,0,10000.0
12055,66.0,0,617,4.0,15.0,1,10000.0
12056,67.0,0,617,8.0,51.0,2,10000.0
12057,68.0,0,617,3.0,20.0,3,10000.0
12058,69.0,0,617,0.0,4.0,4,10000.0
12059,70.0,0,617,1.0,2.0,5,10000.0
12060,71.0,0,617,0.0,1.0,6,10000.0
12061,72.0,0,617,0.0,2.0,7,10000.0
12062,73.0,0,617,0.0,2.0,8,10000.0
12063,74.0,0,617,0.0,3.0,9,10000.0
12064,663.0,0,617,0.0,0.0,10,10000.0
12065,76.0,0,617,0.0,3.0,11,10000.0
12066,665.0,0,617,0.0,0.0,12,10000.0
12067,78.0,0,617,0.0,1.0,13,10000.0
12068,639.0,0,617,0.0,1.0,-14,10000.0
12069,640.0,0,617,0.0,0.0,-13,10000.0
12070,641.0,0,617,0.0,1.0,-12,10000.0
12071,642.0,0,617,1.0,0.0,-11,10000.0
12072,643.0,0,617,0.0,0.0,-10,10000.0
12073,644.0,0,617,0.0,0.0,-9,10000.0
12074,645.0,0,617,0.0,2.0,-8,10000.0
12075,646.0,0,617,0.0,0.0,-7,10000.0
12076,647.0,0,617,0.0,0.0,-6,10000.0
12077,648.0,0,617,0.0,1.0,-5,10000.0
12078,649.0,0,617,0.0,0.0,-4,10000.0
12079,650.0,0,617,1.0,13.0,-3,10000.0
12080,651.0,0,617,0.0,4.0,-2,10000.0
12081,652.0,0,617,4.0,10.0,-1,10000.0
12082,653.0,0,617,4.0,31.0,0,10000.0
12083,654.0,0,617,5.0,20.0,1,10000.0
12084,655.0,0,617,36.0,360.0,2,10000.0
12085,656.0,0,617,37.0,253.0,3,10000.0
12086,657.0,0,617,23.0,162.0,4,10000.0
12087,658.0,0,617,21.0,236.0,5,10000.0
12088,659.0,0,617,83.0,570.0,6,10000.0
12089,660.0,0,617,17.0,197.0,7,10000.0
12090,661.0,0,617,9.0,99.0,8,10000.0
12091,662.0,0,617,6.0,91.0,9,10000.0
12092,663.0,0,617,11.0,123.0,10,10000.0
12093,664.0,0,617,4.0,61.0,11,10000.0
12094,665.0,0,617,1.0,35.0,12,10000.0
12095,666.0,0,617,2.0,46.0,13,10000.0
12096,639.0,0,617,9.0,5.0,-14,10000.0
12097,640.0,0,617,1.0,4.0,-13,10000.0
12098,641.0,0,617,0.0,4.0,-12,10000.0
12099,549.0,0,617,3.0,5.0,-11,10000.0
12100,643.0,0,617,4.0,5.0,-10,10000.0
12101,644.0,0,617,2.0,6.0,-9,10000.0
12102,645.0,0,617,3.0,5.0,-8,10000.0
12103,646.0,0,617,4.0,7.0,-7,10000.0
12104,647.0,0,617,0.0,8.0,-6,10000.0
12105,648.0,0,617,2.0,10.0,-5,10000.0
12106,649.0,0,617,11.0,34.0,-4,10000.0
12107,557.0,0,617,3.0,8.0,-3,10000.0
12108,651.0,0,617,0.0,3.0,-2,10000.0
12109,559.0,0,617,2.0,7.0,-1,10000.0
12110,560.0,0,617,2.0,6.0,0,10000.0
12111,561.0,0,617,9.0,22.0,1,10000.0
12112,562.0,0,617,1.0,14.0,2,10000.0
12113,563.0,0,617,0.0,11.0,3,10000.0
12114,564.0,0,617,0.0,4.0,4,10000.0
12115,565.0,0,617,0.0,3.0,5,10000.0
12116,566.0,0,617,1.0,0.0,6,10000.0
12117,567.0,0,617,1.0,4.0,7,10000.0
12118,568.0,0,617,0.0,7.0,8,10000.0
12119,569.0,0,617,1.0,1.0,9,10000.0
12120,570.0,0,617,0.0,3.0,10,10000.0
12121,571.0,0,617,0.0,6.0,11,10000.0
12122,572.0,0,617,0.0,4.0,12,10000.0
12123,573.0,0,617,1.0,4.0,13,10000.0
12124,555.0,0,618,0.0,2.0,-14,10000.0
12125,556.0,0,618,0.0,1.0,-13,10000.0
12126,557.0,0,618,0.0,0.0,-12,10000.0
12127,558.0,0,618,0.0,1.0,-11,10000.0
12128,559.0,0,618,0.0,1.0,-10,10000.0
12129,560.0,0,618,0.0,3.0,-9,10000.0
12130,561.0,0,618,1.0,3.0,-8,10000.0
12131,562.0,0,618,0.0,2.0,-7,10000.0
12132,563.0,0,618,0.0,4.0,-6,10000.0
12133,564.0,0,618,1.0,4.0,-5,10000.0
12134,565.0,0,618,0.0,2.0,-4,10000.0
12135,566.0,0,618,0.0,0.0,-3,10000.0
12136,567.0,0,618,0.0,4.0,-2,10000.0
12137,568.0,0,618,0.0,2.0,-1,10000.0
12138,569.0,0,618,2.0,7.0,0,10000.0
12139,570.0,0,618,0.0,6.0,1,10000.0
12140,571.0,0,618,0.0,1.0,2,10000.0
12141,572.0,0,618,1.0,7.0,3,10000.0
12142,573.0,0,618,0.0,5.0,4,10000.0
12143,574.0,0,618,0.0,1.0,5,10000.0
12144,575.0,0,618,0.0,1.0,6,10000.0
12145,576.0,0,618,0.0,6.0,7,10000.0
12146,577.0,0,618,0.0,3.0,8,10000.0
12147,578.0,0,618,0.0,0.0,9,10000.0
12148,579.0,0,618,1.0,4.0,10,10000.0
12149,580.0,0,618,0.0,2.0,11,10000.0
12150,581.0,0,618,0.0,5.0,12,10000.0
12151,582.0,0,618,0.0,10.0,13,10000.0
12152,757.0,0,622,3.0,1.0,-14,10000.0
12153,758.0,0,622,0.0,2.0,-13,10000.0
12154,759.0,0,622,1.0,4.0,-12,10000.0
12155,760.0,0,622,2.0,5.0,-11,10000.0
12156,761.0,0,622,0.0,6.0,-10,10000.0
12157,762.0,0,622,2.0,4.0,-9,10000.0
12158,763.0,0,622,1.0,1.0,-8,10000.0
12159,764.0,0,622,1.0,3.0,-7,10000.0
12160,765.0,0,622,1.0,1.0,-6,10000.0
12161,766.0,0,622,0.0,4.0,-5,10000.0
12162,767.0,0,622,0.0,3.0,-4,10000.0
12163,768.0,0,622,0.0,3.0,-3,10000.0
12164,769.0,0,622,0.0,2.0,-2,10000.0
12165,770.0,0,622,2.0,6.0,-1,10000.0
12166,771.0,0,622,0.0,2.0,0,10000.0
12167,772.0,0,622,1.0,3.0,1,10000.0
12168,773.0,0,622,0.0,4.0,2,10000.0
12169,774.0,0,622,1.0,4.0,3,10000.0
12170,775.0,0,622,0.0,4.0,4,10000.0
12171,776.0,0,622,2.0,4.0,5,10000.0
12172,777.0,0,622,0.0,3.0,6,10000.0
12173,778.0,0,622,1.0,0.0,7,10000.0
12174,779.0,0,622,0.0,3.0,8,10000.0
12175,780.0,0,622,1.0,1.0,9,10000.0
12176,781.0,0,622,1.0,2.0,10,10000.0
12177,782.0,0,622,0.0,2.0,11,10000.0
12178,783.0,0,622,1.0,6.0,12,10000.0
12179,784.0,0,622,3.0,1.0,13,10000.0
12180,592.0,0,624,5.0,24.0,-14,10000.0
12181,593.0,0,624,16.0,57.0,-13,10000.0
12182,594.0,0,624,3.0,12.0,-12,10000.0
12183,595.0,0,624,0.0,5.0,-11,10000.0
12184,596.0,0,624,1.0,11.0,-10,10000.0
12185,597.0,0,624,3.0,22.0,-9,10000.0
12186,598.0,0,624,2.0,17.0,-8,10000.0
12187,599.0,0,624,5.0,10.0,-7,10000.0
12188,600.0,0,624,10.0,42.0,-6,10000.0
12189,601.0,0,624,11.0,44.0,-5,10000.0
12190,602.0,0,624,3.0,8.0,-4,10000.0
12191,603.0,0,624,7.0,12.0,-3,10000.0
12192,604.0,0,624,7.0,5.0,-2,10000.0
12193,605.0,0,624,5.0,22.0,-1,10000.0
12194,606.0,0,624,3.0,6.0,0,10000.0
12195,607.0,0,624,2.0,6.0,1,10000.0
12196,608.0,0,624,5.0,14.0,2,10000.0
12197,609.0,0,624,5.0,32.0,3,10000.0
12198,610.0,0,624,2.0,7.0,4,10000.0
12199,611.0,0,624,3.0,14.0,5,10000.0
12200,612.0,0,624,2.0,15.0,6,10000.0
12201,613.0,0,624,1.0,10.0,7,10000.0
12202,614.0,0,624,3.0,14.0,8,10000.0
12203,615.0,0,624,2.0,12.0,9,10000.0
12204,616.0,0,624,10.0,34.0,10,10000.0
12205,617.0,0,624,4.0,30.0,11,10000.0
12206,618.0,0,624,5.0,16.0,12,10000.0
12207,619.0,0,624,6.0,24.0,13,10000.0
12208,592.0,0,624,0.0,1.0,-14,10000.0
12209,593.0,0,624,2.0,0.0,-13,10000.0
12210,594.0,0,624,2.0,0.0,-12,10000.0
12211,690.0,0,624,3.0,3.0,-11,10000.0
12212,596.0,0,624,0.0,0.0,-10,10000.0
12213,597.0,0,624,0.0,11.0,-9,10000.0
12214,598.0,0,624,2.0,1.0,-8,10000.0
12215,599.0,0,624,0.0,1.0,-7,10000.0
12216,600.0,0,624,0.0,0.0,-6,10000.0
12217,601.0,0,624,1.0,7.0,-5,10000.0
12218,602.0,0,624,3.0,7.0,-4,10000.0
12219,603.0,0,624,1.0,2.0,-3,10000.0
12220,604.0,0,624,0.0,2.0,-2,10000.0
12221,605.0,0,624,3.0,1.0,-1,10000.0
12222,606.0,0,624,4.0,2.0,0,10000.0
12223,607.0,0,624,1.0,0.0,1,10000.0
12224,608.0,0,624,0.0,3.0,2,10000.0
12225,609.0,0,624,0.0,1.0,3,10000.0
12226,610.0,0,624,2.0,4.0,4,10000.0
12227,611.0,0,624,0.0,3.0,5,10000.0
12228,612.0,0,624,0.0,5.0,6,10000.0
12229,613.0,0,624,1.0,0.0,7,10000.0
12230,614.0,0,624,0.0,1.0,8,10000.0
12231,615.0,0,624,0.0,3.0,9,10000.0
12232,616.0,0,624,2.0,9.0,10,10000.0
12233,617.0,0,624,1.0,3.0,11,10000.0
12234,618.0,0,624,0.0,4.0,12,10000.0
12235,619.0,0,624,2.0,2.0,13,10000.0
12236,638.0,0,626,0.0,0.0,-14,10000.0
12237,639.0,0,626,0.0,0.0,-13,10000.0
12238,640.0,0,626,0.0,0.0,-12,10000.0
12239,641.0,0,626,0.0,0.0,-11,10000.0
12240,642.0,0,626,0.0,0.0,-10,10000.0
12241,559.0,0,626,0.0,1.0,-9,10000.0
12242,560.0,0,626,0.0,1.0,-8,10000.0
12243,561.0,0,626,1.0,1.0,-7,10000.0
12244,562.0,0,626,2.0,2.0,-6,10000.0
12245,563.0,0,626,6.0,4.0,-5,10000.0
12246,564.0,0,626,19.0,23.0,-4,10000.0
12247,565.0,0,626,46.0,57.0,-3,10000.0
12248,566.0,0,626,77.0,275.0,-2,10000.0
12249,567.0,0,626,137.0,131.0,-1,10000.0
12250,568.0,0,626,23.0,50.0,0,10000.0
12251,569.0,0,626,14.0,44.0,1,10000.0
12252,570.0,0,626,10.0,35.0,2,10000.0
12253,571.0,0,626,3.0,26.0,3,10000.0
12254,572.0,0,626,2.0,15.0,4,10000.0
12255,573.0,0,626,3.0,8.0,5,10000.0
12256,574.0,0,626,3.0,12.0,6,10000.0
12257,575.0,0,626,1.0,7.0,7,10000.0
12258,576.0,0,626,2.0,13.0,8,10000.0
12259,577.0,0,626,1.0,6.0,9,10000.0
12260,578.0,0,626,0.0,5.0,10,10000.0
12261,579.0,0,626,1.0,30.0,11,10000.0
12262,580.0,0,626,1.0,10.0,12,10000.0
12263,581.0,0,626,0.0,2.0,13,10000.0
12264,638.0,0,626,0.0,2.0,-14,10000.0
12265,639.0,0,626,3.0,5.0,-13,10000.0
12266,640.0,0,626,1.0,3.0,-12,10000.0
12267,641.0,0,626,0.0,0.0,-11,10000.0
12268,642.0,0,626,1.0,11.0,-10,10000.0
12269,643.0,0,626,2.0,5.0,-9,10000.0
12270,644.0,0,626,3.0,4.0,-8,10000.0
12271,561.0,0,626,5.0,7.0,-7,10000.0
12272,562.0,0,626,2.0,7.0,-6,10000.0
12273,563.0,0,626,0.0,5.0,-5,10000.0
12274,564.0,0,626,1.0,8.0,-4,10000.0
12275,565.0,0,626,2.0,5.0,-3,10000.0
12276,566.0,0,626,1.0,4.0,-2,10000.0
12277,567.0,0,626,0.0,1.0,-1,10000.0
12278,568.0,0,626,0.0,4.0,0,10000.0
12279,569.0,0,626,3.0,6.0,1,10000.0
12280,570.0,0,626,2.0,9.0,2,10000.0
12281,571.0,0,626,1.0,7.0,3,10000.0
12282,572.0,0,626,1.0,8.0,4,10000.0
12283,573.0,0,626,1.0,1.0,5,10000.0
12284,574.0,0,626,1.0,3.0,6,10000.0
12285,575.0,0,626,1.0,1.0,7,10000.0
12286,576.0,0,626,1.0,2.0,8,10000.0
12287,577.0,0,626,0.0,6.0,9,10000.0
12288,662.0,0,626,3.0,3.0,10,10000.0
12289,579.0,0,626,1.0,6.0,11,10000.0
12290,580.0,0,626,1.0,7.0,12,10000.0
12291,665.0,0,626,0.0,3.0,13,10000.0
12292,570.0,0,628,0.0,15.0,-14,10000.0
12293,571.0,0,628,0.0,8.0,-13,10000.0
12294,572.0,0,628,0.0,3.0,-12,10000.0
12295,573.0,0,628,0.0,2.0,-11,10000.0
12296,574.0,0,628,1.0,5.0,-10,10000.0
12297,575.0,0,628,0.0,1.0,-9,10000.0
12298,576.0,0,628,0.0,2.0,-8,10000.0
12299,577.0,0,628,0.0,8.0,-7,10000.0
12300,578.0,0,628,1.0,1.0,-6,10000.0
12301,579.0,0,628,0.0,3.0,-5,10000.0
12302,580.0,0,628,0.0,1.0,-4,10000.0
12303,581.0,0,628,1.0,134.0,-3,10000.0
12304,582.0,0,628,0.0,38.0,-2,10000.0
12305,583.0,0,628,0.0,6.0,-1,10000.0
12306,584.0,0,628,0.0,15.0,0,10000.0
12307,585.0,0,628,0.0,2.0,1,10000.0
12308,586.0,0,628,0.0,2.0,2,10000.0
12309,590.0,0,628,0.0,0.0,3,10000.0
12310,588.0,0,628,0.0,2.0,4,10000.0
12311,589.0,0,628,0.0,3.0,5,10000.0
12312,590.0,0,628,0.0,3.0,6,10000.0
12313,591.0,0,628,0.0,9.0,7,10000.0
12314,592.0,0,628,0.0,3.0,8,10000.0
12315,593.0,0,628,0.0,3.0,9,10000.0
12316,594.0,0,628,0.0,1.0,10,10000.0
12317,595.0,0,628,0.0,18.0,11,10000.0
12318,596.0,0,628,0.0,5.0,12,10000.0
12319,597.0,0,628,1.0,4.0,13,10000.0
12320,573.0,0,628,0.0,1.0,-14,10000.0
12321,574.0,0,628,1.0,5.0,-13,10000.0
12322,575.0,0,628,0.0,1.0,-12,10000.0
12323,576.0,0,628,0.0,2.0,-11,10000.0
12324,574.0,0,628,0.0,8.0,-10,10000.0
12325,578.0,0,628,1.0,1.0,-9,10000.0
12326,579.0,0,628,0.0,3.0,-8,10000.0
12327,580.0,0,628,0.0,1.0,-7,10000.0
12328,578.0,0,628,1.0,140.0,-6,10000.0
12329,582.0,0,628,0.0,32.0,-5,10000.0
12330,583.0,0,628,0.0,7.0,-4,10000.0
12331,581.0,0,628,0.0,14.0,-3,10000.0
12332,585.0,0,628,0.0,2.0,-2,10000.0
12333,586.0,0,628,0.0,2.0,-1,10000.0
12334,587.0,0,628,0.0,1.0,0,10000.0
12335,588.0,0,628,0.0,1.0,1,10000.0
12336,589.0,0,628,0.0,3.0,2,10000.0
12337,590.0,0,628,0.0,3.0,3,10000.0
12338,591.0,0,628,0.0,9.0,4,10000.0
12339,592.0,0,628,0.0,3.0,5,10000.0
12340,593.0,0,628,0.0,3.0,6,10000.0
12341,594.0,0,628,0.0,1.0,7,10000.0
12342,595.0,0,628,0.0,18.0,8,10000.0
12343,596.0,0,628,0.0,6.0,9,10000.0
12344,597.0,0,628,1.0,3.0,10,10000.0
12345,598.0,0,628,0.0,3.0,11,10000.0
12346,599.0,0,628,0.0,4.0,12,10000.0
12347,597.0,0,628,0.0,3.0,13,10000.0
12348,823.0,0,633,0.0,0.0,-14,10000.0
12349,824.0,0,633,0.0,0.0,-13,10000.0
12350,825.0,0,633,0.0,0.0,-12,10000.0
12351,826.0,0,633,0.0,0.0,-11,10000.0
12352,827.0,0,633,0.0,0.0,-10,10000.0
12353,828.0,0,633,0.0,0.0,-9,10000.0
12354,829.0,0,633,0.0,0.0,-8,10000.0
12355,830.0,0,633,0.0,0.0,-7,10000.0
12356,831.0,0,633,0.0,0.0,-6,10000.0
12357,832.0,0,633,0.0,0.0,-5,10000.0
12358,833.0,0,633,0.0,0.0,-4,10000.0
12359,834.0,0,633,0.0,0.0,-3,10000.0
12360,835.0,0,633,0.0,0.0,-2,10000.0
12361,836.0,0,633,0.0,0.0,-1,10000.0
12362,837.0,0,633,0.0,0.0,0,10000.0
12363,6.0,0,633,13.0,18.0,1,10000.0
12364,7.0,0,633,6.0,16.0,2,10000.0
12365,8.0,0,633,6.0,6.0,3,10000.0
12366,9.0,0,633,2.0,5.0,4,10000.0
12367,10.0,0,633,1.0,2.0,5,10000.0
12368,11.0,0,633,4.0,8.0,6,10000.0
12369,12.0,0,633,2.0,8.0,7,10000.0
12370,13.0,0,633,2.0,2.0,8,10000.0
12371,14.0,0,633,0.0,2.0,9,10000.0
12372,15.0,0,633,0.0,3.0,10,10000.0
12373,16.0,0,633,0.0,4.0,11,10000.0
12374,17.0,0,633,2.0,8.0,12,10000.0
12375,18.0,0,633,0.0,7.0,13,10000.0
12376,823.0,0,633,0.0,2.0,-14,10000.0
12377,824.0,0,633,1.0,9.0,-13,10000.0
12378,825.0,0,633,2.0,1.0,-12,10000.0
12379,826.0,0,633,0.0,3.0,-11,10000.0
12380,827.0,0,633,1.0,1.0,-10,10000.0
12381,828.0,0,633,1.0,1.0,-9,10000.0
12382,829.0,0,633,1.0,1.0,-8,10000.0
12383,830.0,0,633,0.0,1.0,-7,10000.0
12384,831.0,0,633,0.0,1.0,-6,10000.0
12385,832.0,0,633,1.0,1.0,-5,10000.0
12386,833.0,0,633,0.0,0.0,-4,10000.0
12387,834.0,0,633,0.0,0.0,-3,10000.0
12388,835.0,0,633,0.0,2.0,-2,10000.0
12389,836.0,0,633,1.0,2.0,-1,10000.0
12390,837.0,0,633,0.0,5.0,0,10000.0
12391,6.0,0,633,0.0,3.0,1,10000.0
12392,7.0,0,633,0.0,3.0,2,10000.0
12393,8.0,0,633,2.0,2.0,3,10000.0
12394,9.0,0,633,1.0,2.0,4,10000.0
12395,10.0,0,633,0.0,0.0,5,10000.0
12396,11.0,0,633,0.0,0.0,6,10000.0
12397,12.0,0,633,1.0,1.0,7,10000.0
12398,13.0,0,633,0.0,4.0,8,10000.0
12399,846.0,0,633,0.0,2.0,9,10000.0
12400,847.0,0,633,1.0,8.0,10,10000.0
12401,848.0,0,633,0.0,3.0,11,10000.0
12402,17.0,0,633,0.0,5.0,12,10000.0
12403,850.0,0,633,0.0,0.0,13,10000.0
12404,564.0,0,635,3.0,32.0,-14,10000.0
12405,565.0,0,635,7.0,60.0,-13,10000.0
12406,566.0,0,635,13.0,80.0,-12,10000.0
12407,567.0,0,635,8.0,71.0,-11,10000.0
12408,568.0,0,635,5.0,38.0,-10,10000.0
12409,569.0,0,635,1.0,37.0,-9,10000.0
12410,570.0,0,635,3.0,33.0,-8,10000.0
12411,571.0,0,635,3.0,22.0,-7,10000.0
12412,572.0,0,635,2.0,17.0,-6,10000.0
12413,573.0,0,635,2.0,17.0,-5,10000.0
12414,574.0,0,635,6.0,11.0,-4,10000.0
12415,575.0,0,635,1.0,13.0,-3,10000.0
12416,576.0,0,635,1.0,13.0,-2,10000.0
12417,577.0,0,635,1.0,5.0,-1,10000.0
12418,578.0,0,635,0.0,10.0,0,10000.0
12419,579.0,0,635,1.0,8.0,1,10000.0
12420,580.0,0,635,4.0,33.0,2,10000.0
12421,581.0,0,635,0.0,7.0,3,10000.0
12422,582.0,0,635,0.0,5.0,4,10000.0
12423,583.0,0,635,1.0,6.0,5,10000.0
12424,584.0,0,635,0.0,7.0,6,10000.0
12425,585.0,0,635,1.0,9.0,7,10000.0
12426,586.0,0,635,0.0,3.0,8,10000.0
12427,587.0,0,635,1.0,8.0,9,10000.0
12428,588.0,0,635,0.0,5.0,10,10000.0
12429,589.0,0,635,0.0,6.0,11,10000.0
12430,590.0,0,635,1.0,6.0,12,10000.0
12431,591.0,0,635,3.0,7.0,13,10000.0
12432,670.0,0,635,1.0,13.0,-14,10000.0
12433,671.0,0,635,1.0,13.0,-13,10000.0
12434,672.0,0,635,1.0,5.0,-12,10000.0
12435,673.0,0,635,0.0,10.0,-11,10000.0
12436,674.0,0,635,1.0,9.0,-10,10000.0
12437,675.0,0,635,5.0,31.0,-9,10000.0
12438,676.0,0,635,0.0,7.0,-8,10000.0
12439,677.0,0,635,0.0,5.0,-7,10000.0
12440,678.0,0,635,1.0,6.0,-6,10000.0
12441,679.0,0,635,0.0,8.0,-5,10000.0
12442,680.0,0,635,1.0,8.0,-4,10000.0
12443,681.0,0,635,1.0,2.0,-3,10000.0
12444,682.0,0,635,2.0,7.0,-2,10000.0
12445,683.0,0,635,0.0,5.0,-1,10000.0
12446,684.0,0,635,0.0,6.0,0,10000.0
12447,685.0,0,635,1.0,6.0,1,10000.0
12448,686.0,0,635,3.0,7.0,2,10000.0
12449,687.0,0,635,0.0,7.0,3,10000.0
12450,688.0,0,635,1.0,2.0,4,10000.0
12451,689.0,0,635,0.0,4.0,5,10000.0
12452,690.0,0,635,0.0,3.0,6,10000.0
12453,691.0,0,635,1.0,1.0,7,10000.0
12454,692.0,0,635,0.0,1.0,8,10000.0
12455,693.0,0,635,0.0,3.0,9,10000.0
12456,694.0,0,635,0.0,5.0,10,10000.0
12457,695.0,0,635,0.0,2.0,11,10000.0
12458,696.0,0,635,0.0,8.0,12,10000.0
12459,697.0,0,635,0.0,3.0,13,10000.0
12460,575.0,0,635,0.0,2.0,-14,10000.0
12461,576.0,0,635,0.0,3.0,-13,10000.0
12462,577.0,0,635,0.0,0.0,-12,10000.0
12463,673.0,0,635,1.0,2.0,-11,10000.0
12464,579.0,0,635,2.0,1.0,-10,10000.0
12465,580.0,0,635,0.0,2.0,-9,10000.0
12466,676.0,0,635,0.0,0.0,-8,10000.0
12467,677.0,0,635,0.0,4.0,-7,10000.0
12468,583.0,0,635,1.0,2.0,-6,10000.0
12469,679.0,0,635,0.0,1.0,-5,10000.0
12470,585.0,0,635,0.0,1.0,-4,10000.0
12471,586.0,0,635,1.0,0.0,-3,10000.0
12472,587.0,0,635,0.0,3.0,-2,10000.0
12473,683.0,0,635,0.0,1.0,-1,10000.0
12474,684.0,0,635,2.0,7.0,0,10000.0
12475,590.0,0,635,0.0,2.0,1,10000.0
12476,591.0,0,635,1.0,1.0,2,10000.0
12477,687.0,0,635,0.0,1.0,3,10000.0
12478,593.0,0,635,0.0,2.0,4,10000.0
12479,689.0,0,635,0.0,0.0,5,10000.0
12480,690.0,0,635,0.0,1.0,6,10000.0
12481,596.0,0,635,0.0,1.0,7,10000.0
12482,692.0,0,635,1.0,1.0,8,10000.0
12483,693.0,0,635,0.0,1.0,9,10000.0
12484,694.0,0,635,0.0,0.0,10,10000.0
12485,695.0,0,635,1.0,1.0,11,10000.0
12486,696.0,0,635,1.0,0.0,12,10000.0
12487,697.0,0,635,0.0,2.0,13,10000.0
12488,825.0,0,636,0.0,0.0,-14,10000.0
12489,826.0,0,636,0.0,0.0,-13,10000.0
12490,827.0,0,636,0.0,0.0,-12,10000.0
12491,828.0,0,636,0.0,0.0,-11,10000.0
12492,829.0,0,636,0.0,1.0,-10,10000.0
12493,830.0,0,636,0.0,0.0,-9,10000.0
12494,831.0,0,636,0.0,0.0,-8,10000.0
12495,832.0,0,636,0.0,0.0,-7,10000.0
12496,833.0,0,636,0.0,0.0,-6,10000.0
12497,834.0,0,636,0.0,0.0,-5,10000.0
12498,835.0,0,636,0.0,1.0,-4,10000.0
12499,836.0,0,636,0.0,0.0,-3,10000.0
12500,837.0,0,636,0.0,0.0,-2,10000.0
12501,838.0,0,636,0.0,0.0,-1,10000.0
12502,839.0,0,636,0.0,0.0,0,10000.0
12503,840.0,0,636,0.0,0.0,1,10000.0
12504,841.0,0,636,0.0,1.0,2,10000.0
12505,842.0,0,636,0.0,1.0,3,10000.0
12506,843.0,0,636,0.0,0.0,4,10000.0
12507,844.0,0,636,0.0,0.0,5,10000.0
12508,845.0,0,636,0.0,0.0,6,10000.0
12509,846.0,0,636,0.0,0.0,7,10000.0
12510,847.0,0,636,1.0,0.0,8,10000.0
12511,848.0,0,636,0.0,0.0,9,10000.0
12512,849.0,0,636,0.0,0.0,10,10000.0
12513,850.0,0,636,0.0,0.0,11,10000.0
12514,851.0,0,636,0.0,1.0,12,10000.0
12515,852.0,0,636,0.0,0.0,13,10000.0
12516,573.0,0,637,12.0,72.0,-14,10000.0
12517,574.0,0,637,13.0,67.0,-13,10000.0
12518,575.0,0,637,7.0,26.0,-12,10000.0
12519,576.0,0,637,15.0,39.0,-11,10000.0
12520,577.0,0,637,34.0,432.0,-10,10000.0
12521,578.0,0,637,33.0,336.0,-9,10000.0
12522,579.0,0,637,25.0,167.0,-8,10000.0
12523,580.0,0,637,5.0,51.0,-7,10000.0
12524,581.0,0,637,5.0,32.0,-6,10000.0
12525,582.0,0,637,10.0,29.0,-5,10000.0
12526,583.0,0,637,3.0,9.0,-4,10000.0
12527,584.0,0,637,4.0,18.0,-3,10000.0
12528,585.0,0,637,6.0,19.0,-2,10000.0
12529,586.0,0,637,19.0,74.0,-1,10000.0
12530,587.0,0,637,10.0,34.0,0,10000.0
12531,588.0,0,637,3.0,21.0,1,10000.0
12532,589.0,0,637,1.0,7.0,2,10000.0
12533,590.0,0,637,1.0,25.0,3,10000.0
12534,591.0,0,637,13.0,130.0,4,10000.0
12535,592.0,0,637,5.0,20.0,5,10000.0
12536,593.0,0,637,3.0,22.0,6,10000.0
12537,594.0,0,637,52.0,549.0,7,10000.0
12538,595.0,0,637,2.0,26.0,8,10000.0
12539,596.0,0,637,4.0,15.0,9,10000.0
12540,597.0,0,637,2.0,11.0,10,10000.0
12541,598.0,0,637,3.0,11.0,11,10000.0
12542,599.0,0,637,1.0,8.0,12,10000.0
12543,600.0,0,637,11.0,138.0,13,10000.0
12544,685.0,0,638,1.0,1.0,-14,10000.0
12545,686.0,0,638,0.0,0.0,-13,10000.0
12546,687.0,0,638,0.0,0.0,-12,10000.0
12547,688.0,0,638,1.0,1.0,-11,10000.0
12548,689.0,0,638,0.0,1.0,-10,10000.0
12549,690.0,0,638,0.0,0.0,-9,10000.0
12550,691.0,0,638,1.0,1.0,-8,10000.0
12551,692.0,0,638,0.0,1.0,-7,10000.0
12552,693.0,0,638,1.0,1.0,-6,10000.0
12553,694.0,0,638,0.0,0.0,-5,10000.0
12554,695.0,0,638,0.0,0.0,-4,10000.0
12555,696.0,0,638,0.0,0.0,-3,10000.0
12556,697.0,0,638,0.0,0.0,-2,10000.0
12557,698.0,0,638,0.0,0.0,-1,10000.0
12558,699.0,0,638,0.0,0.0,0,10000.0
12559,700.0,0,638,1.0,2.0,1,10000.0
12560,701.0,0,638,0.0,0.0,2,10000.0
12561,702.0,0,638,0.0,2.0,3,10000.0
12562,703.0,0,638,1.0,0.0,4,10000.0
12563,704.0,0,638,0.0,0.0,5,10000.0
12564,705.0,0,638,1.0,1.0,6,10000.0
12565,706.0,0,638,0.0,1.0,7,10000.0
12566,707.0,0,638,0.0,0.0,8,10000.0
12567,708.0,0,638,0.0,1.0,9,10000.0
12568,709.0,0,638,1.0,0.0,10,10000.0
12569,710.0,0,638,0.0,0.0,11,10000.0
12570,711.0,0,638,1.0,0.0,12,10000.0
12571,712.0,0,638,0.0,0.0,13,10000.0
12572,636.0,0,640,1.0,10.0,-14,10000.0
12573,637.0,0,640,1.0,8.0,-13,10000.0
12574,638.0,0,640,1.0,2.0,-12,10000.0
12575,639.0,0,640,1.0,7.0,-11,10000.0
12576,640.0,0,640,0.0,4.0,-10,10000.0
12577,641.0,0,640,1.0,6.0,-9,10000.0
12578,642.0,0,640,7.0,7.0,-8,10000.0
12579,643.0,0,640,7.0,14.0,-7,10000.0
12580,644.0,0,640,2.0,13.0,-6,10000.0
12581,645.0,0,640,1.0,11.0,-5,10000.0
12582,646.0,0,640,15.0,97.0,-4,10000.0
12583,647.0,0,640,3.0,21.0,-3,10000.0
12584,648.0,0,640,1.0,3.0,-2,10000.0
12585,649.0,0,640,1.0,12.0,-1,10000.0
12586,650.0,0,640,2.0,6.0,0,10000.0
12587,651.0,0,640,1.0,8.0,1,10000.0
12588,652.0,0,640,4.0,14.0,2,10000.0
12589,653.0,0,640,1.0,5.0,3,10000.0
12590,654.0,0,640,0.0,2.0,4,10000.0
12591,655.0,0,640,2.0,4.0,5,10000.0
12592,656.0,0,640,0.0,3.0,6,10000.0
12593,657.0,0,640,0.0,1.0,7,10000.0
12594,658.0,0,640,0.0,6.0,8,10000.0
12595,659.0,0,640,1.0,5.0,9,10000.0
12596,660.0,0,640,1.0,4.0,10,10000.0
12597,661.0,0,640,2.0,4.0,11,10000.0
12598,662.0,0,640,3.0,11.0,12,10000.0
12599,663.0,0,640,1.0,3.0,13,10000.0
12600,636.0,0,640,2.0,6.0,-14,10000.0
12601,637.0,0,640,0.0,1.0,-13,10000.0
12602,638.0,0,640,1.0,2.0,-12,10000.0
12603,639.0,0,640,1.0,4.0,-11,10000.0
12604,814.0,0,640,0.0,4.0,-10,10000.0
12605,641.0,0,640,4.0,5.0,-9,10000.0
12606,642.0,0,640,4.0,8.0,-8,10000.0
12607,643.0,0,640,1.0,13.0,-7,10000.0
12608,644.0,0,640,1.0,13.0,-6,10000.0
12609,645.0,0,640,1.0,5.0,-5,10000.0
12610,646.0,0,640,6.0,6.0,-4,10000.0
12611,647.0,0,640,1.0,7.0,-3,10000.0
12612,648.0,0,640,3.0,2.0,-2,10000.0
12613,649.0,0,640,2.0,3.0,-1,10000.0
12614,650.0,0,640,1.0,6.0,0,10000.0
12615,651.0,0,640,0.0,6.0,1,10000.0
12616,652.0,0,640,12.0,34.0,2,10000.0
12617,653.0,0,640,9.0,55.0,3,10000.0
12618,828.0,0,640,19.0,47.0,4,10000.0
12619,655.0,0,640,2.0,5.0,5,10000.0
12620,830.0,0,640,2.0,12.0,6,10000.0
12621,831.0,0,640,1.0,10.0,7,10000.0
12622,832.0,0,640,2.0,4.0,8,10000.0
12623,659.0,0,640,0.0,5.0,9,10000.0
12624,660.0,0,640,2.0,6.0,10,10000.0
12625,661.0,0,640,6.0,6.0,11,10000.0
12626,662.0,0,640,0.0,4.0,12,10000.0
12627,663.0,0,640,1.0,2.0,13,10000.0
12628,599.0,0,642,1.0,5.0,-14,10000.0
12629,600.0,0,642,5.0,14.0,-13,10000.0
12630,601.0,0,642,3.0,5.0,-12,10000.0
12631,602.0,0,642,0.0,3.0,-11,10000.0
12632,603.0,0,642,2.0,3.0,-10,10000.0
12633,604.0,0,642,4.0,3.0,-9,10000.0
12634,605.0,0,642,1.0,2.0,-8,10000.0
12635,606.0,0,642,1.0,0.0,-7,10000.0
12636,607.0,0,642,1.0,2.0,-6,10000.0
12637,608.0,0,642,0.0,2.0,-5,10000.0
12638,609.0,0,642,0.0,0.0,-4,10000.0
12639,610.0,0,642,1.0,6.0,-3,10000.0
12640,611.0,0,642,2.0,4.0,-2,10000.0
12641,612.0,0,642,5.0,19.0,-1,10000.0
12642,613.0,0,642,3.0,5.0,0,10000.0
12643,614.0,0,642,3.0,5.0,1,10000.0
12644,615.0,0,642,3.0,5.0,2,10000.0
12645,616.0,0,642,0.0,4.0,3,10000.0
12646,617.0,0,642,0.0,1.0,4,10000.0
12647,618.0,0,642,0.0,0.0,5,10000.0
12648,619.0,0,642,0.0,5.0,6,10000.0
12649,620.0,0,642,1.0,6.0,7,10000.0
12650,621.0,0,642,0.0,4.0,8,10000.0
12651,622.0,0,642,2.0,5.0,9,10000.0
12652,623.0,0,642,0.0,4.0,10,10000.0
12653,624.0,0,642,2.0,13.0,11,10000.0
12654,625.0,0,642,1.0,2.0,12,10000.0
12655,626.0,0,642,2.0,7.0,13,10000.0
12656,670.0,0,643,27.0,50.0,-14,10000.0
12657,671.0,0,643,21.0,35.0,-13,10000.0
12658,672.0,0,643,0.0,20.0,-12,10000.0
12659,673.0,0,643,0.0,15.0,-11,10000.0
12660,674.0,0,643,0.0,17.0,-10,10000.0
12661,675.0,0,643,2.0,14.0,-9,10000.0
12662,676.0,0,643,1.0,14.0,-8,10000.0
12663,677.0,0,643,4.0,19.0,-7,10000.0
12664,678.0,0,643,4.0,11.0,-6,10000.0
12665,679.0,0,643,0.0,8.0,-5,10000.0
12666,680.0,0,643,2.0,5.0,-4,10000.0
12667,681.0,0,643,1.0,10.0,-3,10000.0
12668,682.0,0,643,5.0,39.0,-2,10000.0
12669,683.0,0,643,2.0,12.0,-1,10000.0
12670,684.0,0,643,0.0,8.0,0,10000.0
12671,685.0,0,643,3.0,14.0,1,10000.0
12672,686.0,0,643,4.0,12.0,2,10000.0
12673,687.0,0,643,3.0,24.0,3,10000.0
12674,688.0,0,643,9.0,40.0,4,10000.0
12675,689.0,0,643,1.0,15.0,5,10000.0
12676,690.0,0,643,3.0,8.0,6,10000.0
12677,691.0,0,643,2.0,14.0,7,10000.0
12678,692.0,0,643,0.0,10.0,8,10000.0
12679,693.0,0,643,0.0,9.0,9,10000.0
12680,694.0,0,643,5.0,17.0,10,10000.0
12681,695.0,0,643,1.0,16.0,11,10000.0
12682,696.0,0,643,5.0,15.0,12,10000.0
12683,697.0,0,643,1.0,8.0,13,10000.0
12684,5.0,0,644,2.0,10.0,-14,10000.0
12685,6.0,0,644,1.0,3.0,-13,10000.0
12686,7.0,0,644,3.0,5.0,-12,10000.0
12687,8.0,0,644,1.0,1.0,-11,10000.0
12688,9.0,0,644,1.0,4.0,-10,10000.0
12689,10.0,0,644,4.0,9.0,-9,10000.0
12690,11.0,0,644,1.0,1.0,-8,10000.0
12691,12.0,0,644,0.0,2.0,-7,10000.0
12692,13.0,0,644,0.0,3.0,-6,10000.0
12693,14.0,0,644,0.0,4.0,-5,10000.0
12694,15.0,0,644,1.0,6.0,-4,10000.0
12695,16.0,0,644,1.0,7.0,-3,10000.0
12696,17.0,0,644,2.0,7.0,-2,10000.0
12697,18.0,0,644,3.0,16.0,-1,10000.0
12698,19.0,0,644,0.0,2.0,0,10000.0
12699,20.0,0,644,0.0,6.0,1,10000.0
12700,21.0,0,644,0.0,1.0,2,10000.0
12701,22.0,0,644,2.0,4.0,3,10000.0
12702,23.0,0,644,0.0,3.0,4,10000.0
12703,24.0,0,644,0.0,3.0,5,10000.0
12704,25.0,0,644,0.0,2.0,6,10000.0
12705,26.0,0,644,0.0,7.0,7,10000.0
12706,27.0,0,644,0.0,3.0,8,10000.0
12707,28.0,0,644,1.0,2.0,9,10000.0
12708,29.0,0,644,1.0,4.0,10,10000.0
12709,30.0,0,644,0.0,4.0,11,10000.0
12710,580.0,0,644,0.0,0.0,12,10000.0
12711,32.0,0,644,0.0,7.0,13,10000.0
12712,5.0,0,644,2.0,11.0,-14,10000.0
12713,6.0,0,644,2.0,9.0,-13,10000.0
12714,7.0,0,644,4.0,22.0,-12,10000.0
12715,8.0,0,644,0.0,7.0,-11,10000.0
12716,9.0,0,644,2.0,20.0,-10,10000.0
12717,10.0,0,644,1.0,48.0,-9,10000.0
12718,11.0,0,644,8.0,103.0,-8,10000.0
12719,561.0,0,644,11.0,108.0,-7,10000.0
12720,562.0,0,644,30.0,241.0,-6,10000.0
12721,563.0,0,644,84.0,641.0,-5,10000.0
12722,15.0,0,644,50.0,597.0,-4,10000.0
12723,16.0,0,644,16.0,413.0,-3,10000.0
12724,17.0,0,644,9.0,281.0,-2,10000.0
12725,18.0,0,644,13.0,296.0,-1,10000.0
12726,568.0,0,644,11.0,432.0,0,10000.0
12727,569.0,0,644,26.0,469.0,1,10000.0
12728,570.0,0,644,21.0,346.0,2,10000.0
12729,22.0,0,644,6.0,170.0,3,10000.0
12730,572.0,0,644,28.0,612.0,4,10000.0
12731,573.0,0,644,49.0,987.0,5,10000.0
12732,574.0,0,644,16.0,428.0,6,10000.0
12733,575.0,0,644,4.0,117.0,7,10000.0
12734,576.0,0,644,4.0,93.0,8,10000.0
12735,28.0,0,644,3.0,101.0,9,10000.0
12736,29.0,0,644,1.0,94.0,10,10000.0
12737,579.0,0,644,1.0,71.0,11,10000.0
12738,580.0,0,644,6.0,63.0,12,10000.0
12739,581.0,0,644,0.0,61.0,13,10000.0
12740,825.0,0,645,0.0,0.0,-14,10000.0
12741,826.0,0,645,0.0,0.0,-13,10000.0
12742,827.0,0,645,0.0,0.0,-12,10000.0
12743,828.0,0,645,0.0,0.0,-11,10000.0
12744,829.0,0,645,0.0,0.0,-10,10000.0
12745,830.0,0,645,0.0,0.0,-9,10000.0
12746,831.0,0,645,0.0,0.0,-8,10000.0
12747,832.0,0,645,0.0,0.0,-7,10000.0
12748,833.0,0,645,0.0,0.0,-6,10000.0
12749,834.0,0,645,0.0,0.0,-5,10000.0
12750,835.0,0,645,0.0,0.0,-4,10000.0
12751,836.0,0,645,0.0,0.0,-3,10000.0
12752,837.0,0,645,0.0,0.0,-2,10000.0
12753,838.0,0,645,0.0,0.0,-1,10000.0
12754,839.0,0,645,0.0,0.0,0,10000.0
12755,840.0,0,645,0.0,0.0,1,10000.0
12756,841.0,0,645,0.0,0.0,2,10000.0
12757,4.0,0,645,3.0,6.0,3,10000.0
12758,5.0,0,645,5.0,10.0,4,10000.0
12759,6.0,0,645,0.0,5.0,5,10000.0
12760,7.0,0,645,2.0,10.0,6,10000.0
12761,8.0,0,645,1.0,3.0,7,10000.0
12762,9.0,0,645,1.0,2.0,8,10000.0
12763,848.0,0,645,0.0,0.0,9,10000.0
12764,11.0,0,645,0.0,3.0,10,10000.0
12765,12.0,0,645,1.0,4.0,11,10000.0
12766,13.0,0,645,0.0,4.0,12,10000.0
12767,14.0,0,645,0.0,2.0,13,10000.0
12768,825.0,0,645,0.0,0.0,-14,10000.0
12769,826.0,0,645,0.0,0.0,-13,10000.0
12770,827.0,0,645,0.0,0.0,-12,10000.0
12771,828.0,0,645,0.0,0.0,-11,10000.0
12772,829.0,0,645,0.0,0.0,-10,10000.0
12773,830.0,0,645,0.0,0.0,-9,10000.0
12774,831.0,0,645,5.0,8.0,-8,10000.0
12775,832.0,0,645,6.0,6.0,-7,10000.0
12776,833.0,0,645,2.0,5.0,-6,10000.0
12777,834.0,0,645,5.0,7.0,-5,10000.0
12778,835.0,0,645,1.0,0.0,-4,10000.0
12779,836.0,0,645,3.0,0.0,-3,10000.0
12780,837.0,0,645,0.0,1.0,-2,10000.0
12781,838.0,0,645,2.0,1.0,-1,10000.0
12782,839.0,0,645,0.0,5.0,0,10000.0
12783,840.0,0,645,1.0,3.0,1,10000.0
12784,841.0,0,645,0.0,1.0,2,10000.0
12785,842.0,0,645,0.0,4.0,3,10000.0
12786,843.0,0,645,0.0,0.0,4,10000.0
12787,844.0,0,645,1.0,1.0,5,10000.0
12788,845.0,0,645,0.0,4.0,6,10000.0
12789,846.0,0,645,0.0,1.0,7,10000.0
12790,847.0,0,645,0.0,3.0,8,10000.0
12791,848.0,0,645,1.0,0.0,9,10000.0
12792,849.0,0,645,0.0,0.0,10,10000.0
12793,850.0,0,645,1.0,1.0,11,10000.0
12794,851.0,0,645,1.0,2.0,12,10000.0
12795,852.0,0,645,0.0,1.0,13,10000.0
12796,825.0,0,645,0.0,0.0,-14,10000.0
12797,826.0,0,645,0.0,3.0,-13,10000.0
12798,827.0,0,645,0.0,2.0,-12,10000.0
12799,828.0,0,645,0.0,0.0,-11,10000.0
12800,829.0,0,645,0.0,1.0,-10,10000.0
12801,830.0,0,645,0.0,2.0,-9,10000.0
12802,4.0,0,645,1.0,0.0,-8,10000.0
12803,5.0,0,645,1.0,2.0,-7,10000.0
12804,6.0,0,645,4.0,13.0,-6,10000.0
12805,7.0,0,645,12.0,70.0,-5,10000.0
12806,8.0,0,645,3.0,19.0,-4,10000.0
12807,9.0,0,645,1.0,1.0,-3,10000.0
12808,837.0,0,645,3.0,18.0,-2,10000.0
12809,11.0,0,645,1.0,1.0,-1,10000.0
12810,839.0,0,645,0.0,3.0,0,10000.0
12811,13.0,0,645,0.0,1.0,1,10000.0
12812,841.0,0,645,0.0,3.0,2,10000.0
12813,842.0,0,645,0.0,1.0,3,10000.0
12814,843.0,0,645,0.0,1.0,4,10000.0
12815,17.0,0,645,0.0,5.0,5,10000.0
12816,845.0,0,645,1.0,0.0,6,10000.0
12817,846.0,0,645,1.0,0.0,7,10000.0
12818,847.0,0,645,0.0,0.0,8,10000.0
12819,21.0,0,645,0.0,1.0,9,10000.0
12820,849.0,0,645,0.0,0.0,10,10000.0
12821,23.0,0,645,0.0,0.0,11,10000.0
12822,24.0,0,645,0.0,0.0,12,10000.0
12823,852.0,0,645,2.0,2.0,13,10000.0
12824,634.0,0,646,12.0,310.0,-14,10000.0
12825,635.0,0,646,32.0,717.0,-13,10000.0
12826,636.0,0,646,8.0,224.0,-12,10000.0
12827,637.0,0,646,3.0,176.0,-11,10000.0
12828,638.0,0,646,3.0,126.0,-10,10000.0
12829,639.0,0,646,3.0,89.0,-9,10000.0
12830,640.0,0,646,6.0,195.0,-8,10000.0
12831,641.0,0,646,3.0,126.0,-7,10000.0
12832,642.0,0,646,2.0,76.0,-6,10000.0
12833,643.0,0,646,18.0,364.0,-5,10000.0
12834,644.0,0,646,10.0,360.0,-4,10000.0
12835,645.0,0,646,25.0,467.0,-3,10000.0
12836,646.0,0,646,9.0,238.0,-2,10000.0
12837,647.0,0,646,10.0,213.0,-1,10000.0
12838,648.0,0,646,8.0,199.0,0,10000.0
12839,649.0,0,646,3.0,79.0,1,10000.0
12840,650.0,0,646,12.0,213.0,2,10000.0
12841,651.0,0,646,24.0,692.0,3,10000.0
12842,652.0,0,646,7.0,277.0,4,10000.0
12843,653.0,0,646,6.0,148.0,5,10000.0
12844,654.0,0,646,8.0,182.0,6,10000.0
12845,655.0,0,646,0.0,89.0,7,10000.0
12846,656.0,0,646,1.0,108.0,8,10000.0
12847,657.0,0,646,11.0,483.0,9,10000.0
12848,658.0,0,646,29.0,773.0,10,10000.0
12849,659.0,0,646,24.0,514.0,11,10000.0
12850,660.0,0,646,27.0,621.0,12,10000.0
12851,661.0,0,646,2.0,258.0,13,10000.0
12852,811.0,0,649,0.0,0.0,-14,10000.0
12853,812.0,0,649,0.0,0.0,-13,10000.0
12854,813.0,0,649,0.0,0.0,-12,10000.0
12855,814.0,0,649,0.0,0.0,-11,10000.0
12856,815.0,0,649,0.0,0.0,-10,10000.0
12857,816.0,0,649,0.0,0.0,-9,10000.0
12858,817.0,0,649,0.0,0.0,-8,10000.0
12859,818.0,0,649,0.0,0.0,-7,10000.0
12860,1.0,0,649,4.0,9.0,-6,10000.0
12861,2.0,0,649,22.0,22.0,-5,10000.0
12862,3.0,0,649,4.0,12.0,-4,10000.0
12863,4.0,0,649,7.0,8.0,-3,10000.0
12864,5.0,0,649,3.0,7.0,-2,10000.0
12865,6.0,0,649,6.0,4.0,-1,10000.0
12866,7.0,0,649,2.0,8.0,0,10000.0
12867,8.0,0,649,2.0,7.0,1,10000.0
12868,9.0,0,649,0.0,7.0,2,10000.0
12869,10.0,0,649,2.0,8.0,3,10000.0
12870,11.0,0,649,0.0,8.0,4,10000.0
12871,12.0,0,649,0.0,1.0,5,10000.0
12872,13.0,0,649,1.0,8.0,6,10000.0
12873,14.0,0,649,0.0,4.0,7,10000.0
12874,15.0,0,649,1.0,14.0,8,10000.0
12875,16.0,0,649,1.0,8.0,9,10000.0
12876,17.0,0,649,0.0,4.0,10,10000.0
12877,18.0,0,649,1.0,11.0,11,10000.0
12878,19.0,0,649,0.0,6.0,12,10000.0
12879,20.0,0,649,0.0,2.0,13,10000.0
12880,811.0,0,649,253.0,2711.0,-14,10000.0
12881,812.0,0,649,299.0,2393.0,-13,10000.0
12882,813.0,0,649,205.0,1846.0,-12,10000.0
12883,814.0,0,649,103.0,1278.0,-11,10000.0
12884,815.0,0,649,85.0,934.0,-10,10000.0
12885,816.0,0,649,144.0,1129.0,-9,10000.0
12886,817.0,0,649,143.0,811.0,-8,10000.0
12887,818.0,0,649,42.0,450.0,-7,10000.0
12888,819.0,0,649,36.0,468.0,-6,10000.0
12889,820.0,0,649,26.0,356.0,-5,10000.0
12890,821.0,0,649,44.0,410.0,-4,10000.0
12891,822.0,0,649,41.0,437.0,-3,10000.0
12892,823.0,0,649,77.0,669.0,-2,10000.0
12893,824.0,0,649,27.0,320.0,-1,10000.0
12894,825.0,0,649,33.0,299.0,0,10000.0
12895,826.0,0,649,18.0,185.0,1,10000.0
12896,827.0,0,649,68.0,466.0,2,10000.0
12897,828.0,0,649,27.0,253.0,3,10000.0
12898,829.0,0,649,79.0,939.0,4,10000.0
12899,830.0,0,649,69.0,635.0,5,10000.0
12900,831.0,0,649,62.0,582.0,6,10000.0
12901,832.0,0,649,17.0,261.0,7,10000.0
12902,833.0,0,649,16.0,148.0,8,10000.0
12903,834.0,0,649,65.0,689.0,9,10000.0
12904,835.0,0,649,66.0,674.0,10,10000.0
12905,836.0,0,649,42.0,376.0,11,10000.0
12906,837.0,0,649,95.0,582.0,12,10000.0
12907,838.0,0,649,43.0,425.0,13,10000.0
12908,568.0,0,649,2.0,9.0,-14,10000.0
12909,569.0,0,649,30.0,221.0,-13,10000.0
12910,570.0,0,649,8.0,33.0,-12,10000.0
12911,571.0,0,649,5.0,23.0,-11,10000.0
12912,572.0,0,649,9.0,50.0,-10,10000.0
12913,573.0,0,649,1.0,12.0,-9,10000.0
12914,574.0,0,649,1.0,13.0,-8,10000.0
12915,575.0,0,649,0.0,17.0,-7,10000.0
12916,576.0,0,649,2.0,18.0,-6,10000.0
12917,577.0,0,649,0.0,10.0,-5,10000.0
12918,578.0,0,649,6.0,18.0,-4,10000.0
12919,579.0,0,649,26.0,144.0,-3,10000.0
12920,580.0,0,649,2.0,19.0,-2,10000.0
12921,581.0,0,649,7.0,34.0,-1,10000.0
12922,582.0,0,649,1.0,29.0,0,10000.0
12923,583.0,0,649,8.0,72.0,1,10000.0
12924,584.0,0,649,23.0,155.0,2,10000.0
12925,585.0,0,649,6.0,40.0,3,10000.0
12926,586.0,0,649,10.0,48.0,4,10000.0
12927,587.0,0,649,13.0,114.0,5,10000.0
12928,588.0,0,649,1.0,26.0,6,10000.0
12929,589.0,0,649,5.0,56.0,7,10000.0
12930,590.0,0,649,2.0,20.0,8,10000.0
12931,591.0,0,649,2.0,50.0,9,10000.0
12932,592.0,0,649,2.0,22.0,10,10000.0
12933,593.0,0,649,2.0,17.0,11,10000.0
12934,594.0,0,649,1.0,36.0,12,10000.0
12935,595.0,0,649,4.0,37.0,13,10000.0
12936,602.0,0,650,0.0,2.0,-14,10000.0
12937,639.0,0,650,1.0,0.0,-13,10000.0
12938,604.0,0,650,1.0,1.0,-12,10000.0
12939,605.0,0,650,1.0,3.0,-11,10000.0
12940,606.0,0,650,0.0,2.0,-10,10000.0
12941,607.0,0,650,1.0,1.0,-9,10000.0
12942,644.0,0,650,2.0,0.0,-8,10000.0
12943,609.0,0,650,6.0,59.0,-7,10000.0
12944,610.0,0,650,9.0,37.0,-6,10000.0
12945,611.0,0,650,5.0,21.0,-5,10000.0
12946,612.0,0,650,6.0,9.0,-4,10000.0
12947,613.0,0,650,1.0,21.0,-3,10000.0
12948,614.0,0,650,12.0,31.0,-2,10000.0
12949,615.0,0,650,5.0,13.0,-1,10000.0
12950,616.0,0,650,8.0,64.0,0,10000.0
12951,617.0,0,650,7.0,24.0,1,10000.0
12952,618.0,0,650,4.0,18.0,2,10000.0
12953,619.0,0,650,2.0,6.0,3,10000.0
12954,620.0,0,650,4.0,7.0,4,10000.0
12955,621.0,0,650,0.0,5.0,5,10000.0
12956,622.0,0,650,1.0,13.0,6,10000.0
12957,623.0,0,650,1.0,3.0,7,10000.0
12958,624.0,0,650,4.0,12.0,8,10000.0
12959,625.0,0,650,13.0,79.0,9,10000.0
12960,626.0,0,650,3.0,21.0,10,10000.0
12961,627.0,0,650,10.0,59.0,11,10000.0
12962,628.0,0,650,7.0,14.0,12,10000.0
12963,629.0,0,650,5.0,19.0,13,10000.0
12964,638.0,0,650,4.0,15.0,-14,10000.0
12965,603.0,0,650,2.0,6.0,-13,10000.0
12966,604.0,0,650,2.0,6.0,-12,10000.0
12967,605.0,0,650,2.0,4.0,-11,10000.0
12968,642.0,0,650,2.0,14.0,-10,10000.0
12969,607.0,0,650,3.0,14.0,-9,10000.0
12970,608.0,0,650,3.0,8.0,-8,10000.0
12971,609.0,0,650,2.0,6.0,-7,10000.0
12972,610.0,0,650,3.0,4.0,-6,10000.0
12973,611.0,0,650,1.0,28.0,-5,10000.0
12974,612.0,0,650,6.0,25.0,-4,10000.0
12975,613.0,0,650,1.0,3.0,-3,10000.0
12976,614.0,0,650,1.0,7.0,-2,10000.0
12977,615.0,0,650,4.0,3.0,-1,10000.0
12978,616.0,0,650,1.0,5.0,0,10000.0
12979,617.0,0,650,2.0,8.0,1,10000.0
12980,618.0,0,650,0.0,2.0,2,10000.0
12981,619.0,0,650,0.0,11.0,3,10000.0
12982,620.0,0,650,4.0,6.0,4,10000.0
12983,657.0,0,650,1.0,4.0,5,10000.0
12984,622.0,0,650,1.0,2.0,6,10000.0
12985,623.0,0,650,1.0,7.0,7,10000.0
12986,624.0,0,650,1.0,2.0,8,10000.0
12987,625.0,0,650,0.0,7.0,9,10000.0
12988,626.0,0,650,2.0,4.0,10,10000.0
12989,627.0,0,650,0.0,5.0,11,10000.0
12990,628.0,0,650,1.0,5.0,12,10000.0
12991,629.0,0,650,0.0,4.0,13,10000.0
12992,-7.0,0,653,0.0,0.0,-14,10000.0
12993,-6.0,0,653,0.0,0.0,-13,10000.0
12994,-5.0,0,653,0.0,0.0,-12,10000.0
12995,-4.0,0,653,0.0,0.0,-11,10000.0
12996,-3.0,0,653,0.0,0.0,-10,10000.0
12997,-2.0,0,653,0.0,0.0,-9,10000.0
12998,-1.0,0,653,0.0,0.0,-8,10000.0
12999,0.0,0,653,0.0,0.0,-7,10000.0
13000,1.0,0,653,0.0,0.0,-6,10000.0
13001,0.0,0,653,32.0,83.0,-5,10000.0
13002,1.0,0,653,25.0,59.0,-4,10000.0
13003,2.0,0,653,7.0,25.0,-3,10000.0
13004,3.0,0,653,2.0,14.0,-2,10000.0
13005,4.0,0,653,1.0,8.0,-1,10000.0
13006,5.0,0,653,5.0,9.0,0,10000.0
13007,6.0,0,653,3.0,6.0,1,10000.0
13008,7.0,0,653,1.0,1.0,2,10000.0
13009,8.0,0,653,0.0,4.0,3,10000.0
13010,9.0,0,653,0.0,1.0,4,10000.0
13011,10.0,0,653,0.0,8.0,5,10000.0
13012,11.0,0,653,0.0,10.0,6,10000.0
13013,12.0,0,653,1.0,15.0,7,10000.0
13014,13.0,0,653,2.0,8.0,8,10000.0
13015,14.0,0,653,0.0,3.0,9,10000.0
13016,15.0,0,653,0.0,18.0,10,10000.0
13017,16.0,0,653,0.0,8.0,11,10000.0
13018,17.0,0,653,1.0,6.0,12,10000.0
13019,18.0,0,653,0.0,13.0,13,10000.0
13020,-7.0,0,653,0.0,0.0,-14,10000.0
13021,-6.0,0,653,0.0,0.0,-13,10000.0
13022,-5.0,0,653,0.0,0.0,-12,10000.0
13023,-4.0,0,653,0.0,0.0,-11,10000.0
13024,-3.0,0,653,0.0,0.0,-10,10000.0
13025,-2.0,0,653,0.0,0.0,-9,10000.0
13026,-1.0,0,653,0.0,0.0,-8,10000.0
13027,0.0,0,653,32.0,83.0,-7,10000.0
13028,1.0,0,653,25.0,55.0,-6,10000.0
13029,0.0,0,653,7.0,29.0,-5,10000.0
13030,1.0,0,653,1.0,11.0,-4,10000.0
13031,2.0,0,653,2.0,10.0,-3,10000.0
13032,3.0,0,653,4.0,10.0,-2,10000.0
13033,4.0,0,653,4.0,6.0,-1,10000.0
13034,5.0,0,653,1.0,1.0,0,10000.0
13035,6.0,0,653,0.0,4.0,1,10000.0
13036,7.0,0,653,0.0,0.0,2,10000.0
13037,10.0,0,653,1.0,8.0,3,10000.0
13038,11.0,0,653,0.0,10.0,4,10000.0
13039,12.0,0,653,1.0,15.0,5,10000.0
13040,13.0,0,653,3.0,7.0,6,10000.0
13041,12.0,0,653,1.0,2.0,7,10000.0
13042,13.0,0,653,0.0,18.0,8,10000.0
13043,16.0,0,653,0.0,8.0,9,10000.0
13044,17.0,0,653,1.0,5.0,10,10000.0
13045,18.0,0,653,0.0,14.0,11,10000.0
13046,17.0,0,653,0.0,7.0,12,10000.0
13047,20.0,0,653,0.0,5.0,13,10000.0
13048,636.0,0,654,0.0,0.0,-14,10000.0
13049,637.0,0,654,0.0,0.0,-13,10000.0
13050,638.0,0,654,0.0,0.0,-12,10000.0
13051,639.0,0,654,0.0,0.0,-11,10000.0
13052,640.0,0,654,0.0,0.0,-10,10000.0
13053,641.0,0,654,0.0,0.0,-9,10000.0
13054,642.0,0,654,0.0,0.0,-8,10000.0
13055,643.0,0,654,0.0,0.0,-7,10000.0
13056,644.0,0,654,0.0,0.0,-6,10000.0
13057,645.0,0,654,0.0,0.0,-5,10000.0
13058,646.0,0,654,0.0,0.0,-4,10000.0
13059,647.0,0,654,0.0,0.0,-3,10000.0
13060,648.0,0,654,0.0,0.0,-2,10000.0
13061,649.0,0,654,0.0,0.0,-1,10000.0
13062,650.0,0,654,0.0,0.0,0,10000.0
13063,651.0,0,654,0.0,0.0,1,10000.0
13064,652.0,0,654,0.0,0.0,2,10000.0
13065,653.0,0,654,0.0,0.0,3,10000.0
13066,654.0,0,654,0.0,0.0,4,10000.0
13067,655.0,0,654,0.0,0.0,5,10000.0
13068,656.0,0,654,0.0,0.0,6,10000.0
13069,657.0,0,654,0.0,0.0,7,10000.0
13070,658.0,0,654,0.0,0.0,8,10000.0
13071,659.0,0,654,0.0,0.0,9,10000.0
13072,660.0,0,654,0.0,0.0,10,10000.0
13073,11.0,0,654,2.0,93.0,11,10000.0
13074,12.0,0,654,0.0,17.0,12,10000.0
13075,13.0,0,654,0.0,12.0,13,10000.0
13076,636.0,0,654,3.0,11.0,-14,10000.0
13077,637.0,0,654,1.0,9.0,-13,10000.0
13078,638.0,0,654,3.0,4.0,-12,10000.0
13079,639.0,0,654,4.0,7.0,-11,10000.0
13080,640.0,0,654,2.0,4.0,-10,10000.0
13081,641.0,0,654,6.0,26.0,-9,10000.0
13082,642.0,0,654,1.0,10.0,-8,10000.0
13083,643.0,0,654,1.0,4.0,-7,10000.0
13084,644.0,0,654,0.0,5.0,-6,10000.0
13085,645.0,0,654,1.0,27.0,-5,10000.0
13086,646.0,0,654,0.0,3.0,-4,10000.0
13087,647.0,0,654,1.0,9.0,-3,10000.0
13088,648.0,0,654,5.0,25.0,-2,10000.0
13089,649.0,0,654,1.0,8.0,-1,10000.0
13090,650.0,0,654,5.0,5.0,0,10000.0
13091,651.0,0,654,0.0,0.0,1,10000.0
13092,652.0,0,654,0.0,2.0,2,10000.0
13093,653.0,0,654,0.0,2.0,3,10000.0
13094,654.0,0,654,0.0,3.0,4,10000.0
13095,655.0,0,654,0.0,1.0,5,10000.0
13096,656.0,0,654,0.0,3.0,6,10000.0
13097,657.0,0,654,0.0,2.0,7,10000.0
13098,658.0,0,654,2.0,3.0,8,10000.0
13099,659.0,0,654,0.0,1.0,9,10000.0
13100,660.0,0,654,0.0,1.0,10,10000.0
13101,661.0,0,654,0.0,1.0,11,10000.0
13102,662.0,0,654,0.0,0.0,12,10000.0
13103,663.0,0,654,2.0,7.0,13,10000.0
13104,574.0,0,654,0.0,8.0,-14,10000.0
13105,575.0,0,654,1.0,6.0,-13,10000.0
13106,576.0,0,654,0.0,5.0,-12,10000.0
13107,577.0,0,654,1.0,5.0,-11,10000.0
13108,578.0,0,654,0.0,2.0,-10,10000.0
13109,579.0,0,654,2.0,15.0,-9,10000.0
13110,580.0,0,654,2.0,3.0,-8,10000.0
13111,581.0,0,654,0.0,2.0,-7,10000.0
13112,644.0,0,654,1.0,1.0,-6,10000.0
13113,583.0,0,654,0.0,0.0,-5,10000.0
13114,646.0,0,654,0.0,6.0,-4,10000.0
13115,585.0,0,654,1.0,1.0,-3,10000.0
13116,586.0,0,654,0.0,1.0,-2,10000.0
13117,587.0,0,654,3.0,6.0,-1,10000.0
13118,588.0,0,654,6.0,3.0,0,10000.0
13119,651.0,0,654,4.0,15.0,1,10000.0
13120,652.0,0,654,2.0,7.0,2,10000.0
13121,653.0,0,654,0.0,6.0,3,10000.0
13122,654.0,0,654,0.0,4.0,4,10000.0
13123,655.0,0,654,0.0,2.0,5,10000.0
13124,656.0,0,654,3.0,14.0,6,10000.0
13125,657.0,0,654,1.0,7.0,7,10000.0
13126,596.0,0,654,1.0,5.0,8,10000.0
13127,659.0,0,654,1.0,1.0,9,10000.0
13128,660.0,0,654,0.0,0.0,10,10000.0
13129,661.0,0,654,0.0,1.0,11,10000.0
13130,662.0,0,654,0.0,0.0,12,10000.0
13131,601.0,0,654,0.0,0.0,13,10000.0
13132,677.0,0,655,0.0,0.0,-14,10000.0
13133,678.0,0,655,0.0,0.0,-13,10000.0
13134,679.0,0,655,0.0,0.0,-12,10000.0
13135,680.0,0,655,0.0,0.0,-11,10000.0
13136,681.0,0,655,0.0,0.0,-10,10000.0
13137,682.0,0,655,0.0,0.0,-9,10000.0
13138,683.0,0,655,0.0,0.0,-8,10000.0
13139,684.0,0,655,0.0,0.0,-7,10000.0
13140,685.0,0,655,0.0,0.0,-6,10000.0
13141,686.0,0,655,0.0,0.0,-5,10000.0
13142,687.0,0,655,0.0,0.0,-4,10000.0
13143,688.0,0,655,0.0,0.0,-3,10000.0
13144,689.0,0,655,0.0,0.0,-2,10000.0
13145,690.0,0,655,0.0,0.0,-1,10000.0
13146,691.0,0,655,0.0,0.0,0,10000.0
13147,692.0,0,655,0.0,0.0,1,10000.0
13148,693.0,0,655,0.0,0.0,2,10000.0
13149,694.0,0,655,0.0,0.0,3,10000.0
13150,695.0,0,655,0.0,0.0,4,10000.0
13151,696.0,0,655,0.0,0.0,5,10000.0
13152,697.0,0,655,0.0,0.0,6,10000.0
13153,8.0,0,655,1.0,1.0,7,10000.0
13154,9.0,0,655,2.0,1.0,8,10000.0
13155,10.0,0,655,0.0,1.0,9,10000.0
13156,701.0,0,655,0.0,0.0,10,10000.0
13157,702.0,0,655,0.0,0.0,11,10000.0
13158,703.0,0,655,0.0,0.0,12,10000.0
13159,704.0,0,655,0.0,0.0,13,10000.0
13160,677.0,0,655,23.0,979.0,-14,10000.0
13161,678.0,0,655,32.0,1258.0,-13,10000.0
13162,679.0,0,655,20.0,899.0,-12,10000.0
13163,680.0,0,655,21.0,956.0,-11,10000.0
13164,681.0,0,655,16.0,506.0,-10,10000.0
13165,682.0,0,655,17.0,780.0,-9,10000.0
13166,683.0,0,655,20.0,484.0,-8,10000.0
13167,684.0,0,655,7.0,462.0,-7,10000.0
13168,685.0,0,655,33.0,1278.0,-6,10000.0
13169,686.0,0,655,33.0,916.0,-5,10000.0
13170,687.0,0,655,18.0,725.0,-4,10000.0
13171,688.0,0,655,35.0,1542.0,-3,10000.0
13172,689.0,0,655,22.0,687.0,-2,10000.0
13173,690.0,0,655,21.0,456.0,-1,10000.0
13174,691.0,0,655,14.0,210.0,0,10000.0
13175,692.0,0,655,4.0,157.0,1,10000.0
13176,693.0,0,655,1.0,259.0,2,10000.0
13177,694.0,0,655,7.0,732.0,3,10000.0
13178,695.0,0,655,9.0,344.0,4,10000.0
13179,696.0,0,655,12.0,491.0,5,10000.0
13180,697.0,0,655,6.0,191.0,6,10000.0
13181,698.0,0,655,9.0,275.0,7,10000.0
13182,699.0,0,655,5.0,210.0,8,10000.0
13183,700.0,0,655,2.0,123.0,9,10000.0
13184,701.0,0,655,3.0,111.0,10,10000.0
13185,702.0,0,655,21.0,561.0,11,10000.0
13186,703.0,0,655,15.0,942.0,12,10000.0
13187,704.0,0,655,22.0,731.0,13,10000.0
13188,592.0,0,655,19.0,644.0,-14,10000.0
13189,593.0,0,655,5.0,236.0,-13,10000.0
13190,594.0,0,655,6.0,281.0,-12,10000.0
13191,595.0,0,655,5.0,222.0,-11,10000.0
13192,596.0,0,655,7.0,173.0,-10,10000.0
13193,597.0,0,655,4.0,116.0,-9,10000.0
13194,598.0,0,655,5.0,123.0,-8,10000.0
13195,599.0,0,655,8.0,295.0,-7,10000.0
13196,600.0,0,655,6.0,122.0,-6,10000.0
13197,601.0,0,655,8.0,208.0,-5,10000.0
13198,602.0,0,655,10.0,210.0,-4,10000.0
13199,603.0,0,655,7.0,168.0,-3,10000.0
13200,604.0,0,655,4.0,88.0,-2,10000.0
13201,605.0,0,655,1.0,64.0,-1,10000.0
13202,606.0,0,655,2.0,68.0,0,10000.0
13203,607.0,0,655,4.0,84.0,1,10000.0
13204,608.0,0,655,3.0,67.0,2,10000.0
13205,609.0,0,655,3.0,112.0,3,10000.0
13206,610.0,0,655,2.0,111.0,4,10000.0
13207,611.0,0,655,4.0,336.0,5,10000.0
13208,612.0,0,655,3.0,82.0,6,10000.0
13209,613.0,0,655,2.0,63.0,7,10000.0
13210,614.0,0,655,2.0,69.0,8,10000.0
13211,615.0,0,655,7.0,173.0,9,10000.0
13212,616.0,0,655,4.0,85.0,10,10000.0
13213,617.0,0,655,4.0,133.0,11,10000.0
13214,618.0,0,655,2.0,80.0,12,10000.0
13215,619.0,0,655,2.0,87.0,13,10000.0
13216,811.0,0,657,0.0,0.0,-14,10000.0
13217,812.0,0,657,0.0,0.0,-13,10000.0
13218,813.0,0,657,0.0,0.0,-12,10000.0
13219,814.0,0,657,0.0,0.0,-11,10000.0
13220,815.0,0,657,0.0,1.0,-10,10000.0
13221,816.0,0,657,0.0,0.0,-9,10000.0
13222,817.0,0,657,0.0,0.0,-8,10000.0
13223,818.0,0,657,0.0,1.0,-7,10000.0
13224,819.0,0,657,0.0,0.0,-6,10000.0
13225,820.0,0,657,1.0,0.0,-5,10000.0
13226,821.0,0,657,0.0,0.0,-4,10000.0
13227,822.0,0,657,0.0,0.0,-3,10000.0
13228,823.0,0,657,0.0,0.0,-2,10000.0
13229,824.0,0,657,0.0,0.0,-1,10000.0
13230,825.0,0,657,0.0,0.0,0,10000.0
13231,826.0,0,657,0.0,0.0,1,10000.0
13232,827.0,0,657,1.0,0.0,2,10000.0
13233,828.0,0,657,0.0,0.0,3,10000.0
13234,829.0,0,657,0.0,0.0,4,10000.0
13235,830.0,0,657,0.0,0.0,5,10000.0
13236,831.0,0,657,0.0,0.0,6,10000.0
13237,832.0,0,657,0.0,0.0,7,10000.0
13238,833.0,0,657,0.0,0.0,8,10000.0
13239,834.0,0,657,0.0,0.0,9,10000.0
13240,835.0,0,657,0.0,0.0,10,10000.0
13241,836.0,0,657,0.0,0.0,11,10000.0
13242,837.0,0,657,0.0,1.0,12,10000.0
13243,838.0,0,657,0.0,1.0,13,10000.0
13244,651.0,0,658,0.0,0.0,-14,10000.0
13245,652.0,0,658,0.0,0.0,-13,10000.0
13246,653.0,0,658,0.0,0.0,-12,10000.0
13247,557.0,0,658,0.0,2.0,-11,10000.0
13248,558.0,0,658,0.0,4.0,-10,10000.0
13249,559.0,0,658,1.0,14.0,-9,10000.0
13250,560.0,0,658,9.0,38.0,-8,10000.0
13251,561.0,0,658,15.0,60.0,-7,10000.0
13252,562.0,0,658,31.0,102.0,-6,10000.0
13253,563.0,0,658,92.0,252.0,-5,10000.0
13254,564.0,0,658,70.0,212.0,-4,10000.0
13255,565.0,0,658,54.0,218.0,-3,10000.0
13256,566.0,0,658,64.0,404.0,-2,10000.0
13257,567.0,0,658,151.0,216.0,-1,10000.0
13258,568.0,0,658,24.0,139.0,0,10000.0
13259,569.0,0,658,14.0,103.0,1,10000.0
13260,570.0,0,658,12.0,94.0,2,10000.0
13261,571.0,0,658,12.0,210.0,3,10000.0
13262,572.0,0,658,10.0,159.0,4,10000.0
13263,573.0,0,658,11.0,78.0,5,10000.0
13264,574.0,0,658,2.0,59.0,6,10000.0
13265,575.0,0,658,4.0,55.0,7,10000.0
13266,576.0,0,658,1.0,44.0,8,10000.0
13267,577.0,0,658,2.0,34.0,9,10000.0
13268,578.0,0,658,8.0,140.0,10,10000.0
13269,579.0,0,658,4.0,70.0,11,10000.0
13270,580.0,0,658,1.0,23.0,12,10000.0
13271,581.0,0,658,2.0,24.0,13,10000.0
13272,651.0,0,658,8.0,40.0,-14,10000.0
13273,652.0,0,658,9.0,23.0,-13,10000.0
13274,653.0,0,658,9.0,27.0,-12,10000.0
13275,654.0,0,658,1.0,19.0,-11,10000.0
13276,655.0,0,658,1.0,15.0,-10,10000.0
13277,559.0,0,658,6.0,34.0,-9,10000.0
13278,560.0,0,658,3.0,19.0,-8,10000.0
13279,561.0,0,658,0.0,18.0,-7,10000.0
13280,562.0,0,658,17.0,41.0,-6,10000.0
13281,563.0,0,658,9.0,16.0,-5,10000.0
13282,564.0,0,658,2.0,12.0,-4,10000.0
13283,565.0,0,658,0.0,15.0,-3,10000.0
13284,566.0,0,658,6.0,13.0,-2,10000.0
13285,567.0,0,658,3.0,16.0,-1,10000.0
13286,568.0,0,658,0.0,15.0,0,10000.0
13287,569.0,0,658,0.0,12.0,1,10000.0
13288,570.0,0,658,1.0,11.0,2,10000.0
13289,571.0,0,658,1.0,10.0,3,10000.0
13290,572.0,0,658,2.0,11.0,4,10000.0
13291,573.0,0,658,1.0,9.0,5,10000.0
13292,574.0,0,658,3.0,16.0,6,10000.0
13293,575.0,0,658,1.0,15.0,7,10000.0
13294,576.0,0,658,4.0,18.0,8,10000.0
13295,577.0,0,658,3.0,15.0,9,10000.0
13296,578.0,0,658,3.0,10.0,10,10000.0
13297,579.0,0,658,1.0,13.0,11,10000.0
13298,580.0,0,658,1.0,5.0,12,10000.0
13299,581.0,0,658,1.0,8.0,13,10000.0
13300,825.0,0,666,0.0,0.0,-14,10000.0
13301,826.0,0,666,0.0,0.0,-13,10000.0
13302,827.0,0,666,0.0,0.0,-12,10000.0
13303,828.0,0,666,0.0,0.0,-11,10000.0
13304,829.0,0,666,0.0,0.0,-10,10000.0
13305,830.0,0,666,0.0,0.0,-9,10000.0
13306,831.0,0,666,0.0,0.0,-8,10000.0
13307,832.0,0,666,0.0,0.0,-7,10000.0
13308,833.0,0,666,0.0,0.0,-6,10000.0
13309,834.0,0,666,0.0,0.0,-5,10000.0
13310,835.0,0,666,0.0,0.0,-4,10000.0
13311,836.0,0,666,0.0,0.0,-3,10000.0
13312,837.0,0,666,0.0,0.0,-2,10000.0
13313,838.0,0,666,0.0,0.0,-1,10000.0
13314,839.0,0,666,0.0,0.0,0,10000.0
13315,840.0,0,666,0.0,0.0,1,10000.0
13316,841.0,0,666,0.0,0.0,2,10000.0
13317,4.0,0,666,3.0,8.0,3,10000.0
13318,5.0,0,666,4.0,10.0,4,10000.0
13319,6.0,0,666,0.0,4.0,5,10000.0
13320,7.0,0,666,0.0,3.0,6,10000.0
13321,846.0,0,666,5.0,0.0,7,10000.0
13322,9.0,0,666,1.0,1.0,8,10000.0
13323,10.0,0,666,0.0,6.0,9,10000.0
13324,11.0,0,666,0.0,4.0,10,10000.0
13325,850.0,0,666,0.0,0.0,11,10000.0
13326,13.0,0,666,1.0,6.0,12,10000.0
13327,852.0,0,666,1.0,0.0,13,10000.0
13328,825.0,0,666,0.0,0.0,-14,10000.0
13329,826.0,0,666,0.0,0.0,-13,10000.0
13330,827.0,0,666,0.0,0.0,-12,10000.0
13331,828.0,0,666,0.0,2.0,-11,10000.0
13332,829.0,0,666,0.0,4.0,-10,10000.0
13333,830.0,0,666,0.0,0.0,-9,10000.0
13334,831.0,0,666,0.0,0.0,-8,10000.0
13335,832.0,0,666,0.0,0.0,-7,10000.0
13336,833.0,0,666,0.0,1.0,-6,10000.0
13337,834.0,0,666,0.0,2.0,-5,10000.0
13338,835.0,0,666,0.0,1.0,-4,10000.0
13339,836.0,0,666,0.0,1.0,-3,10000.0
13340,837.0,0,666,0.0,0.0,-2,10000.0
13341,838.0,0,666,2.0,14.0,-1,10000.0
13342,839.0,0,666,0.0,2.0,0,10000.0
13343,840.0,0,666,1.0,7.0,1,10000.0
13344,841.0,0,666,0.0,3.0,2,10000.0
13345,842.0,0,666,0.0,1.0,3,10000.0
13346,843.0,0,666,0.0,4.0,4,10000.0
13347,844.0,0,666,0.0,0.0,5,10000.0
13348,845.0,0,666,0.0,0.0,6,10000.0
13349,846.0,0,666,0.0,1.0,7,10000.0
13350,847.0,0,666,0.0,0.0,8,10000.0
13351,848.0,0,666,0.0,0.0,9,10000.0
13352,849.0,0,666,0.0,1.0,10,10000.0
13353,850.0,0,666,0.0,1.0,11,10000.0
13354,851.0,0,666,0.0,0.0,12,10000.0
13355,852.0,0,666,0.0,0.0,13,10000.0
13356,825.0,0,666,3.0,21.0,-14,10000.0
13357,826.0,0,666,2.0,13.0,-13,10000.0
13358,827.0,0,666,2.0,1.0,-12,10000.0
13359,828.0,0,666,2.0,5.0,-11,10000.0
13360,829.0,0,666,0.0,0.0,-10,10000.0
13361,830.0,0,666,2.0,2.0,-9,10000.0
13362,831.0,0,666,0.0,4.0,-8,10000.0
13363,832.0,0,666,2.0,12.0,-7,10000.0
13364,833.0,0,666,1.0,3.0,-6,10000.0
13365,834.0,0,666,0.0,5.0,-5,10000.0
13366,835.0,0,666,0.0,3.0,-4,10000.0
13367,836.0,0,666,0.0,1.0,-3,10000.0
13368,837.0,0,666,0.0,5.0,-2,10000.0
13369,64.0,0,666,1.0,1.0,-1,10000.0
13370,839.0,0,666,4.0,10.0,0,10000.0
13371,66.0,0,666,2.0,25.0,1,10000.0
13372,841.0,0,666,12.0,24.0,2,10000.0
13373,842.0,0,666,4.0,16.0,3,10000.0
13374,843.0,0,666,3.0,4.0,4,10000.0
13375,844.0,0,666,2.0,16.0,5,10000.0
13376,845.0,0,666,23.0,116.0,6,10000.0
13377,846.0,0,666,5.0,14.0,7,10000.0
13378,847.0,0,666,0.0,9.0,8,10000.0
13379,848.0,0,666,0.0,4.0,9,10000.0
13380,849.0,0,666,1.0,1.0,10,10000.0
13381,850.0,0,666,0.0,3.0,11,10000.0
13382,851.0,0,666,2.0,6.0,12,10000.0
13383,852.0,0,666,3.0,7.0,13,10000.0
13384,714.0,0,667,0.0,1.0,-14,10000.0
13385,715.0,0,667,0.0,4.0,-13,10000.0
13386,716.0,0,667,0.0,2.0,-12,10000.0
13387,717.0,0,667,0.0,1.0,-11,10000.0
13388,718.0,0,667,0.0,1.0,-10,10000.0
13389,719.0,0,667,0.0,0.0,-9,10000.0
13390,720.0,0,667,0.0,0.0,-8,10000.0
13391,721.0,0,667,0.0,0.0,-7,10000.0
13392,722.0,0,667,0.0,0.0,-6,10000.0
13393,723.0,0,667,0.0,0.0,-5,10000.0
13394,724.0,0,667,0.0,0.0,-4,10000.0
13395,725.0,0,667,0.0,0.0,-3,10000.0
13396,726.0,0,667,0.0,2.0,-2,10000.0
13397,727.0,0,667,0.0,0.0,-1,10000.0
13398,728.0,0,667,0.0,0.0,0,10000.0
13399,729.0,0,667,0.0,2.0,1,10000.0
13400,730.0,0,667,0.0,1.0,2,10000.0
13401,731.0,0,667,0.0,0.0,3,10000.0
13402,732.0,0,667,0.0,1.0,4,10000.0
13403,733.0,0,667,0.0,1.0,5,10000.0
13404,734.0,0,667,0.0,0.0,6,10000.0
13405,735.0,0,667,0.0,0.0,7,10000.0
13406,736.0,0,667,0.0,0.0,8,10000.0
13407,737.0,0,667,0.0,1.0,9,10000.0
13408,738.0,0,667,0.0,9.0,10,10000.0
13409,739.0,0,667,0.0,1.0,11,10000.0
13410,740.0,0,667,0.0,0.0,12,10000.0
13411,741.0,0,667,0.0,0.0,13,10000.0
13412,566.0,0,668,23.0,194.0,-14,10000.0
13413,567.0,0,668,22.0,138.0,-13,10000.0
13414,568.0,0,668,120.0,598.0,-12,10000.0
13415,569.0,0,668,92.0,512.0,-11,10000.0
13416,570.0,0,668,27.0,151.0,-10,10000.0
13417,571.0,0,668,14.0,75.0,-9,10000.0
13418,572.0,0,668,11.0,92.0,-8,10000.0
13419,573.0,0,668,14.0,86.0,-7,10000.0
13420,574.0,0,668,7.0,58.0,-6,10000.0
13421,575.0,0,668,16.0,45.0,-5,10000.0
13422,576.0,0,668,4.0,37.0,-4,10000.0
13423,577.0,0,668,10.0,38.0,-3,10000.0
13424,578.0,0,668,8.0,16.0,-2,10000.0
13425,579.0,0,668,6.0,42.0,-1,10000.0
13426,580.0,0,668,12.0,59.0,0,10000.0
13427,581.0,0,668,6.0,23.0,1,10000.0
13428,582.0,0,668,10.0,65.0,2,10000.0
13429,583.0,0,668,5.0,41.0,3,10000.0
13430,584.0,0,668,4.0,24.0,4,10000.0
13431,585.0,0,668,9.0,17.0,5,10000.0
13432,586.0,0,668,11.0,78.0,6,10000.0
13433,587.0,0,668,1.0,21.0,7,10000.0
13434,588.0,0,668,1.0,11.0,8,10000.0
13435,589.0,0,668,5.0,15.0,9,10000.0
13436,590.0,0,668,4.0,25.0,10,10000.0
13437,591.0,0,668,3.0,22.0,11,10000.0
13438,592.0,0,668,2.0,27.0,12,10000.0
13439,593.0,0,668,7.0,26.0,13,10000.0
13440,568.0,0,671,23.0,22.0,-14,10000.0
13441,569.0,0,671,11.0,19.0,-13,10000.0
13442,570.0,0,671,6.0,12.0,-12,10000.0
13443,571.0,0,671,7.0,9.0,-11,10000.0
13444,572.0,0,671,2.0,6.0,-10,10000.0
13445,573.0,0,671,9.0,21.0,-9,10000.0
13446,574.0,0,671,0.0,7.0,-8,10000.0
13447,575.0,0,671,7.0,5.0,-7,10000.0
13448,576.0,0,671,6.0,5.0,-6,10000.0
13449,577.0,0,671,2.0,5.0,-5,10000.0
13450,578.0,0,671,0.0,3.0,-4,10000.0
13451,579.0,0,671,5.0,12.0,-3,10000.0
13452,580.0,0,671,1.0,4.0,-2,10000.0
13453,581.0,0,671,3.0,1.0,-1,10000.0
13454,582.0,0,671,1.0,2.0,0,10000.0
13455,583.0,0,671,1.0,3.0,1,10000.0
13456,584.0,0,671,3.0,1.0,2,10000.0
13457,585.0,0,671,2.0,10.0,3,10000.0
13458,586.0,0,671,8.0,16.0,4,10000.0
13459,587.0,0,671,1.0,6.0,5,10000.0
13460,588.0,0,671,0.0,3.0,6,10000.0
13461,589.0,0,671,0.0,2.0,7,10000.0
13462,590.0,0,671,0.0,1.0,8,10000.0
13463,591.0,0,671,0.0,5.0,9,10000.0
13464,592.0,0,671,2.0,1.0,10,10000.0
13465,593.0,0,671,1.0,1.0,11,10000.0
13466,594.0,0,671,0.0,3.0,12,10000.0
13467,595.0,0,671,0.0,4.0,13,10000.0
13468,759.0,0,674,3.0,62.0,-14,10000.0
13469,760.0,0,674,2.0,70.0,-13,10000.0
13470,761.0,0,674,7.0,73.0,-12,10000.0
13471,762.0,0,674,8.0,117.0,-11,10000.0
13472,763.0,0,674,3.0,78.0,-10,10000.0
13473,764.0,0,674,2.0,45.0,-9,10000.0
13474,765.0,0,674,3.0,38.0,-8,10000.0
13475,766.0,0,674,1.0,59.0,-7,10000.0
13476,767.0,0,674,2.0,54.0,-6,10000.0
13477,768.0,0,674,8.0,87.0,-5,10000.0
13478,769.0,0,674,2.0,62.0,-4,10000.0
13479,770.0,0,674,5.0,74.0,-3,10000.0
13480,771.0,0,674,1.0,60.0,-2,10000.0
13481,772.0,0,674,0.0,57.0,-1,10000.0
13482,773.0,0,674,5.0,151.0,0,10000.0
13483,774.0,0,674,4.0,81.0,1,10000.0
13484,775.0,0,674,2.0,67.0,2,10000.0
13485,776.0,0,674,2.0,48.0,3,10000.0
13486,777.0,0,674,5.0,60.0,4,10000.0
13487,778.0,0,674,3.0,51.0,5,10000.0
13488,779.0,0,674,3.0,107.0,6,10000.0
13489,780.0,0,674,1.0,67.0,7,10000.0
13490,781.0,0,674,3.0,52.0,8,10000.0
13491,782.0,0,674,7.0,95.0,9,10000.0
13492,783.0,0,674,5.0,95.0,10,10000.0
13493,784.0,0,674,3.0,56.0,11,10000.0
13494,785.0,0,674,2.0,30.0,12,10000.0
13495,786.0,0,674,3.0,43.0,13,10000.0
13496,594.0,0,676,11.0,15.0,-14,10000.0
13497,595.0,0,676,1.0,8.0,-13,10000.0
13498,596.0,0,676,3.0,3.0,-12,10000.0
13499,597.0,0,676,3.0,8.0,-11,10000.0
13500,598.0,0,676,4.0,14.0,-10,10000.0
13501,599.0,0,676,6.0,14.0,-9,10000.0
13502,600.0,0,676,3.0,14.0,-8,10000.0
13503,601.0,0,676,3.0,9.0,-7,10000.0
13504,602.0,0,676,3.0,6.0,-6,10000.0
13505,603.0,0,676,0.0,0.0,-5,10000.0
13506,604.0,0,676,0.0,2.0,-4,10000.0
13507,605.0,0,676,0.0,3.0,-3,10000.0
13508,606.0,0,676,1.0,2.0,-2,10000.0
13509,607.0,0,676,1.0,5.0,-1,10000.0
13510,608.0,0,676,0.0,2.0,0,10000.0
13511,609.0,0,676,1.0,1.0,1,10000.0
13512,610.0,0,676,4.0,4.0,2,10000.0
13513,611.0,0,676,2.0,10.0,3,10000.0
13514,612.0,0,676,0.0,7.0,4,10000.0
13515,613.0,0,676,0.0,4.0,5,10000.0
13516,614.0,0,676,1.0,2.0,6,10000.0
13517,615.0,0,676,1.0,2.0,7,10000.0
13518,616.0,0,676,1.0,2.0,8,10000.0
13519,617.0,0,676,2.0,6.0,9,10000.0
13520,618.0,0,676,0.0,9.0,10,10000.0
13521,619.0,0,676,3.0,8.0,11,10000.0
13522,620.0,0,676,0.0,4.0,12,10000.0
13523,621.0,0,676,0.0,8.0,13,10000.0
13524,706.0,0,677,0.0,0.0,-14,10000.0
13525,707.0,0,677,0.0,0.0,-13,10000.0
13526,708.0,0,677,0.0,0.0,-12,10000.0
13527,709.0,0,677,0.0,0.0,-11,10000.0
13528,710.0,0,677,0.0,0.0,-10,10000.0
13529,711.0,0,677,0.0,0.0,-9,10000.0
13530,712.0,0,677,0.0,0.0,-8,10000.0
13531,713.0,0,677,0.0,0.0,-7,10000.0
13532,714.0,0,677,0.0,0.0,-6,10000.0
13533,715.0,0,677,0.0,0.0,-5,10000.0
13534,716.0,0,677,0.0,0.0,-4,10000.0
13535,717.0,0,677,0.0,0.0,-3,10000.0
13536,718.0,0,677,0.0,0.0,-2,10000.0
13537,719.0,0,677,0.0,0.0,-1,10000.0
13538,720.0,0,677,0.0,0.0,0,10000.0
13539,721.0,0,677,0.0,0.0,1,10000.0
13540,722.0,0,677,0.0,0.0,2,10000.0
13541,723.0,0,677,0.0,0.0,3,10000.0
13542,724.0,0,677,0.0,0.0,4,10000.0
13543,6.0,0,677,7.0,50.0,5,10000.0
13544,7.0,0,677,2.0,26.0,6,10000.0
13545,8.0,0,677,1.0,17.0,7,10000.0
13546,9.0,0,677,1.0,5.0,8,10000.0
13547,10.0,0,677,1.0,13.0,9,10000.0
13548,11.0,0,677,0.0,15.0,10,10000.0
13549,12.0,0,677,0.0,13.0,11,10000.0
13550,13.0,0,677,1.0,12.0,12,10000.0
13551,14.0,0,677,0.0,9.0,13,10000.0
13552,580.0,0,677,109.0,910.0,-14,10000.0
13553,581.0,0,677,92.0,1400.0,-13,10000.0
13554,582.0,0,677,38.0,1415.0,-12,10000.0
13555,583.0,0,677,119.0,2497.0,-11,10000.0
13556,584.0,0,677,71.0,1489.0,-10,10000.0
13557,585.0,0,677,33.0,1142.0,-9,10000.0
13558,586.0,0,677,45.0,1305.0,-8,10000.0
13559,587.0,0,677,41.0,911.0,-7,10000.0
13560,588.0,0,677,51.0,1060.0,-6,10000.0
13561,589.0,0,677,46.0,1211.0,-5,10000.0
13562,590.0,0,677,73.0,877.0,-4,10000.0
13563,591.0,0,677,53.0,861.0,-3,10000.0
13564,592.0,0,677,60.0,784.0,-2,10000.0
13565,593.0,0,677,62.0,664.0,-1,10000.0
13566,594.0,0,677,32.0,636.0,0,10000.0
13567,595.0,0,677,56.0,804.0,1,10000.0
13568,596.0,0,677,19.0,628.0,2,10000.0
13569,597.0,0,677,33.0,583.0,3,10000.0
13570,598.0,0,677,58.0,758.0,4,10000.0
13571,599.0,0,677,21.0,451.0,5,10000.0
13572,600.0,0,677,21.0,354.0,6,10000.0
13573,601.0,0,677,28.0,528.0,7,10000.0
13574,602.0,0,677,14.0,395.0,8,10000.0
13575,603.0,0,677,17.0,370.0,9,10000.0
13576,604.0,0,677,37.0,549.0,10,10000.0
13577,605.0,0,677,32.0,478.0,11,10000.0
13578,606.0,0,677,41.0,655.0,12,10000.0
13579,607.0,0,677,25.0,398.0,13,10000.0
13580,706.0,0,677,30.0,790.0,-14,10000.0
13581,707.0,0,677,38.0,480.0,-13,10000.0
13582,708.0,0,677,52.0,502.0,-12,10000.0
13583,709.0,0,677,62.0,706.0,-11,10000.0
13584,710.0,0,677,34.0,395.0,-10,10000.0
13585,711.0,0,677,23.0,337.0,-9,10000.0
13586,712.0,0,677,38.0,569.0,-8,10000.0
13587,713.0,0,677,25.0,313.0,-7,10000.0
13588,714.0,0,677,60.0,610.0,-6,10000.0
13589,715.0,0,677,8.0,252.0,-5,10000.0
13590,716.0,0,677,65.0,667.0,-4,10000.0
13591,717.0,0,677,58.0,600.0,-3,10000.0
13592,718.0,0,677,26.0,219.0,-2,10000.0
13593,719.0,0,677,24.0,296.0,-1,10000.0
13594,720.0,0,677,20.0,214.0,0,10000.0
13595,721.0,0,677,20.0,256.0,1,10000.0
13596,722.0,0,677,23.0,247.0,2,10000.0
13597,723.0,0,677,18.0,254.0,3,10000.0
13598,724.0,0,677,23.0,237.0,4,10000.0
13599,6.0,0,677,22.0,261.0,5,10000.0
13600,7.0,0,677,11.0,97.0,6,10000.0
13601,8.0,0,677,18.0,278.0,7,10000.0
13602,9.0,0,677,28.0,315.0,8,10000.0
13603,10.0,0,677,12.0,136.0,9,10000.0
13604,730.0,0,677,5.0,77.0,10,10000.0
13605,731.0,0,677,11.0,100.0,11,10000.0
13606,13.0,0,677,3.0,55.0,12,10000.0
13607,733.0,0,677,5.0,40.0,13,10000.0
13608,580.0,0,677,10.0,103.0,-14,10000.0
13609,581.0,0,677,15.0,244.0,-13,10000.0
13610,582.0,0,677,2.0,40.0,-12,10000.0
13611,583.0,0,677,1.0,80.0,-11,10000.0
13612,584.0,0,677,10.0,75.0,-10,10000.0
13613,585.0,0,677,3.0,31.0,-9,10000.0
13614,586.0,0,677,2.0,29.0,-8,10000.0
13615,587.0,0,677,2.0,34.0,-7,10000.0
13616,588.0,0,677,1.0,30.0,-6,10000.0
13617,589.0,0,677,1.0,21.0,-5,10000.0
13618,590.0,0,677,1.0,35.0,-4,10000.0
13619,591.0,0,677,1.0,23.0,-3,10000.0
13620,592.0,0,677,6.0,20.0,-2,10000.0
13621,593.0,0,677,2.0,24.0,-1,10000.0
13622,594.0,0,677,4.0,17.0,0,10000.0
13623,595.0,0,677,2.0,21.0,1,10000.0
13624,596.0,0,677,2.0,26.0,2,10000.0
13625,597.0,0,677,4.0,19.0,3,10000.0
13626,598.0,0,677,2.0,26.0,4,10000.0
13627,599.0,0,677,1.0,20.0,5,10000.0
13628,600.0,0,677,0.0,30.0,6,10000.0
13629,601.0,0,677,3.0,70.0,7,10000.0
13630,602.0,0,677,1.0,71.0,8,10000.0
13631,603.0,0,677,2.0,18.0,9,10000.0
13632,604.0,0,677,3.0,51.0,10,10000.0
13633,605.0,0,677,1.0,25.0,11,10000.0
13634,606.0,0,677,3.0,36.0,12,10000.0
13635,607.0,0,677,4.0,52.0,13,10000.0
13636,565.0,0,678,15.0,78.0,-14,10000.0
13637,566.0,0,678,14.0,67.0,-13,10000.0
13638,567.0,0,678,2.0,30.0,-12,10000.0
13639,568.0,0,678,4.0,27.0,-11,10000.0
13640,569.0,0,678,4.0,31.0,-10,10000.0
13641,570.0,0,678,4.0,14.0,-9,10000.0
13642,571.0,0,678,3.0,15.0,-8,10000.0
13643,572.0,0,678,5.0,14.0,-7,10000.0
13644,573.0,0,678,4.0,17.0,-6,10000.0
13645,574.0,0,678,0.0,14.0,-5,10000.0
13646,575.0,0,678,7.0,32.0,-4,10000.0
13647,576.0,0,678,9.0,38.0,-3,10000.0
13648,577.0,0,678,0.0,6.0,-2,10000.0
13649,578.0,0,678,2.0,2.0,-1,10000.0
13650,579.0,0,678,1.0,12.0,0,10000.0
13651,580.0,0,678,1.0,9.0,1,10000.0
13652,581.0,0,678,2.0,1.0,2,10000.0
13653,582.0,0,678,0.0,9.0,3,10000.0
13654,583.0,0,678,3.0,6.0,4,10000.0
13655,584.0,0,678,2.0,13.0,5,10000.0
13656,585.0,0,678,3.0,14.0,6,10000.0
13657,586.0,0,678,0.0,12.0,7,10000.0
13658,587.0,0,678,1.0,3.0,8,10000.0
13659,588.0,0,678,0.0,5.0,9,10000.0
13660,589.0,0,678,1.0,3.0,10,10000.0
13661,590.0,0,678,2.0,3.0,11,10000.0
13662,591.0,0,678,0.0,2.0,12,10000.0
13663,592.0,0,678,0.0,2.0,13,10000.0
13664,811.0,0,678,1.0,5.0,-14,10000.0
13665,812.0,0,678,0.0,0.0,-13,10000.0
13666,813.0,0,678,0.0,7.0,-12,10000.0
13667,814.0,0,678,0.0,6.0,-11,10000.0
13668,815.0,0,678,1.0,0.0,-10,10000.0
13669,816.0,0,678,0.0,1.0,-9,10000.0
13670,817.0,0,678,0.0,5.0,-8,10000.0
13671,818.0,0,678,1.0,6.0,-7,10000.0
13672,819.0,0,678,0.0,3.0,-6,10000.0
13673,820.0,0,678,0.0,3.0,-5,10000.0
13674,821.0,0,678,0.0,2.0,-4,10000.0
13675,822.0,0,678,0.0,1.0,-3,10000.0
13676,823.0,0,678,1.0,3.0,-2,10000.0
13677,824.0,0,678,1.0,1.0,-1,10000.0
13678,825.0,0,678,1.0,2.0,0,10000.0
13679,826.0,0,678,2.0,1.0,1,10000.0
13680,827.0,0,678,0.0,7.0,2,10000.0
13681,828.0,0,678,0.0,4.0,3,10000.0
13682,829.0,0,678,1.0,2.0,4,10000.0
13683,830.0,0,678,0.0,11.0,5,10000.0
13684,831.0,0,678,0.0,3.0,6,10000.0
13685,832.0,0,678,1.0,2.0,7,10000.0
13686,833.0,0,678,1.0,7.0,8,10000.0
13687,834.0,0,678,1.0,1.0,9,10000.0
13688,835.0,0,678,0.0,4.0,10,10000.0
13689,836.0,0,678,0.0,2.0,11,10000.0
13690,837.0,0,678,1.0,1.0,12,10000.0
13691,838.0,0,678,0.0,2.0,13,10000.0
13692,592.0,0,678,0.0,0.0,-14,10000.0
13693,812.0,0,678,0.0,0.0,-13,10000.0
13694,813.0,0,678,0.0,0.0,-12,10000.0
13695,814.0,0,678,0.0,0.0,-11,10000.0
13696,596.0,0,678,0.0,1.0,-10,10000.0
13697,816.0,0,678,0.0,1.0,-9,10000.0
13698,817.0,0,678,0.0,0.0,-8,10000.0
13699,599.0,0,678,0.0,1.0,-7,10000.0
13700,819.0,0,678,1.0,0.0,-6,10000.0
13701,820.0,0,678,0.0,2.0,-5,10000.0
13702,821.0,0,678,1.0,0.0,-4,10000.0
13703,822.0,0,678,0.0,1.0,-3,10000.0
13704,604.0,0,678,0.0,0.0,-2,10000.0
13705,605.0,0,678,0.0,0.0,-1,10000.0
13706,606.0,0,678,0.0,0.0,0,10000.0
13707,607.0,0,678,0.0,2.0,1,10000.0
13708,827.0,0,678,0.0,1.0,2,10000.0
13709,828.0,0,678,1.0,0.0,3,10000.0
13710,610.0,0,678,0.0,1.0,4,10000.0
13711,830.0,0,678,0.0,1.0,5,10000.0
13712,831.0,0,678,0.0,0.0,6,10000.0
13713,613.0,0,678,0.0,0.0,7,10000.0
13714,614.0,0,678,0.0,0.0,8,10000.0
13715,615.0,0,678,0.0,1.0,9,10000.0
13716,835.0,0,678,0.0,0.0,10,10000.0
13717,836.0,0,678,0.0,1.0,11,10000.0
13718,618.0,0,678,0.0,0.0,12,10000.0
13719,838.0,0,678,0.0,1.0,13,10000.0
13720,714.0,0,682,0.0,0.0,-14,10000.0
13721,715.0,0,682,0.0,0.0,-13,10000.0
13722,716.0,0,682,0.0,0.0,-12,10000.0
13723,717.0,0,682,0.0,0.0,-11,10000.0
13724,718.0,0,682,0.0,0.0,-10,10000.0
13725,719.0,0,682,0.0,0.0,-9,10000.0
13726,720.0,0,682,0.0,0.0,-8,10000.0
13727,721.0,0,682,0.0,0.0,-7,10000.0
13728,722.0,0,682,0.0,0.0,-6,10000.0
13729,723.0,0,682,0.0,0.0,-5,10000.0
13730,724.0,0,682,0.0,0.0,-4,10000.0
13731,725.0,0,682,0.0,0.0,-3,10000.0
13732,726.0,0,682,0.0,0.0,-2,10000.0
13733,727.0,0,682,0.0,0.0,-1,10000.0
13734,728.0,0,682,0.0,0.0,0,10000.0
13735,729.0,0,682,0.0,0.0,1,10000.0
13736,730.0,0,682,0.0,0.0,2,10000.0
13737,731.0,0,682,0.0,0.0,3,10000.0
13738,732.0,0,682,0.0,0.0,4,10000.0
13739,733.0,0,682,0.0,0.0,5,10000.0
13740,734.0,0,682,0.0,0.0,6,10000.0
13741,735.0,0,682,0.0,0.0,7,10000.0
13742,736.0,0,682,0.0,0.0,8,10000.0
13743,737.0,0,682,0.0,0.0,9,10000.0
13744,738.0,0,682,0.0,0.0,10,10000.0
13745,16.0,0,682,0.0,1.0,11,10000.0
13746,740.0,0,682,1.0,0.0,12,10000.0
13747,18.0,0,682,0.0,1.0,13,10000.0
13748,714.0,0,682,5.0,16.0,-14,10000.0
13749,715.0,0,682,0.0,14.0,-13,10000.0
13750,716.0,0,682,1.0,7.0,-12,10000.0
13751,717.0,0,682,0.0,10.0,-11,10000.0
13752,718.0,0,682,1.0,35.0,-10,10000.0
13753,719.0,0,682,7.0,51.0,-9,10000.0
13754,720.0,0,682,21.0,73.0,-8,10000.0
13755,721.0,0,682,9.0,9.0,-7,10000.0
13756,722.0,0,682,3.0,36.0,-6,10000.0
13757,723.0,0,682,9.0,45.0,-5,10000.0
13758,724.0,0,682,7.0,22.0,-4,10000.0
13759,725.0,0,682,3.0,24.0,-3,10000.0
13760,726.0,0,682,2.0,13.0,-2,10000.0
13761,727.0,0,682,6.0,18.0,-1,10000.0
13762,728.0,0,682,6.0,18.0,0,10000.0
13763,729.0,0,682,4.0,9.0,1,10000.0
13764,730.0,0,682,1.0,19.0,2,10000.0
13765,731.0,0,682,9.0,22.0,3,10000.0
13766,732.0,0,682,3.0,12.0,4,10000.0
13767,733.0,0,682,3.0,35.0,5,10000.0
13768,734.0,0,682,4.0,27.0,6,10000.0
13769,735.0,0,682,2.0,19.0,7,10000.0
13770,736.0,0,682,1.0,15.0,8,10000.0
13771,737.0,0,682,10.0,30.0,9,10000.0
13772,738.0,0,682,7.0,85.0,10,10000.0
13773,739.0,0,682,4.0,35.0,11,10000.0
13774,17.0,0,682,2.0,8.0,12,10000.0
13775,741.0,0,682,8.0,43.0,13,10000.0
13776,553.0,0,683,0.0,0.0,-14,10000.0
13777,554.0,0,683,0.0,0.0,-13,10000.0
13778,555.0,0,683,0.0,0.0,-12,10000.0
13779,556.0,0,683,0.0,0.0,-11,10000.0
13780,557.0,0,683,0.0,0.0,-10,10000.0
13781,558.0,0,683,0.0,0.0,-9,10000.0
13782,559.0,0,683,0.0,0.0,-8,10000.0
13783,560.0,0,683,0.0,0.0,-7,10000.0
13784,561.0,0,683,0.0,0.0,-6,10000.0
13785,562.0,0,683,0.0,0.0,-5,10000.0
13786,563.0,0,683,0.0,0.0,-4,10000.0
13787,564.0,0,683,0.0,0.0,-3,10000.0
13788,565.0,0,683,0.0,0.0,-2,10000.0
13789,566.0,0,683,0.0,0.0,-1,10000.0
13790,567.0,0,683,0.0,0.0,0,10000.0
13791,568.0,0,683,0.0,0.0,1,10000.0
13792,569.0,0,683,0.0,3.0,2,10000.0
13793,570.0,0,683,0.0,1.0,3,10000.0
13794,571.0,0,683,0.0,0.0,4,10000.0
13795,572.0,0,683,0.0,0.0,5,10000.0
13796,573.0,0,683,0.0,0.0,6,10000.0
13797,574.0,0,683,0.0,0.0,7,10000.0
13798,575.0,0,683,0.0,0.0,8,10000.0
13799,576.0,0,683,0.0,0.0,9,10000.0
13800,577.0,0,683,0.0,0.0,10,10000.0
13801,578.0,0,683,0.0,0.0,11,10000.0
13802,579.0,0,683,0.0,0.0,12,10000.0
13803,580.0,0,683,0.0,0.0,13,10000.0
13804,605.0,0,687,2.0,24.0,-14,10000.0
13805,606.0,0,687,2.0,19.0,-13,10000.0
13806,607.0,0,687,1.0,15.0,-12,10000.0
13807,608.0,0,687,4.0,7.0,-11,10000.0
13808,609.0,0,687,3.0,18.0,-10,10000.0
13809,610.0,0,687,3.0,23.0,-9,10000.0
13810,611.0,0,687,11.0,50.0,-8,10000.0
13811,612.0,0,687,5.0,29.0,-7,10000.0
13812,613.0,0,687,2.0,6.0,-6,10000.0
13813,614.0,0,687,7.0,40.0,-5,10000.0
13814,615.0,0,687,13.0,68.0,-4,10000.0
13815,616.0,0,687,2.0,38.0,-3,10000.0
13816,617.0,0,687,2.0,19.0,-2,10000.0
13817,618.0,0,687,3.0,39.0,-1,10000.0
13818,619.0,0,687,7.0,20.0,0,10000.0
13819,620.0,0,687,1.0,32.0,1,10000.0
13820,621.0,0,687,2.0,22.0,2,10000.0
13821,622.0,0,687,0.0,14.0,3,10000.0
13822,623.0,0,687,1.0,18.0,4,10000.0
13823,624.0,0,687,5.0,18.0,5,10000.0
13824,625.0,0,687,1.0,10.0,6,10000.0
13825,626.0,0,687,4.0,27.0,7,10000.0
13826,627.0,0,687,2.0,20.0,8,10000.0
13827,628.0,0,687,2.0,14.0,9,10000.0
13828,629.0,0,687,3.0,11.0,10,10000.0
13829,630.0,0,687,0.0,10.0,11,10000.0
13830,631.0,0,687,2.0,28.0,12,10000.0
13831,632.0,0,687,5.0,38.0,13,10000.0
13832,672.0,0,688,0.0,1.0,-14,10000.0
13833,673.0,0,688,0.0,0.0,-13,10000.0
13834,674.0,0,688,0.0,0.0,-12,10000.0
13835,675.0,0,688,0.0,0.0,-11,10000.0
13836,676.0,0,688,0.0,0.0,-10,10000.0
13837,677.0,0,688,0.0,0.0,-9,10000.0
13838,678.0,0,688,0.0,0.0,-8,10000.0
13839,679.0,0,688,0.0,0.0,-7,10000.0
13840,680.0,0,688,0.0,0.0,-6,10000.0
13841,681.0,0,688,0.0,0.0,-5,10000.0
13842,682.0,0,688,0.0,0.0,-4,10000.0
13843,683.0,0,688,0.0,0.0,-3,10000.0
13844,684.0,0,688,0.0,0.0,-2,10000.0
13845,685.0,0,688,4.0,13.0,-1,10000.0
13846,686.0,0,688,2.0,9.0,0,10000.0
13847,687.0,0,688,1.0,1.0,1,10000.0
13848,688.0,0,688,0.0,0.0,2,10000.0
13849,689.0,0,688,0.0,1.0,3,10000.0
13850,690.0,0,688,0.0,1.0,4,10000.0
13851,691.0,0,688,0.0,0.0,5,10000.0
13852,692.0,0,688,0.0,0.0,6,10000.0
13853,693.0,0,688,0.0,0.0,7,10000.0
13854,694.0,0,688,0.0,1.0,8,10000.0
13855,695.0,0,688,0.0,0.0,9,10000.0
13856,696.0,0,688,0.0,0.0,10,10000.0
13857,697.0,0,688,0.0,0.0,11,10000.0
13858,698.0,0,688,0.0,0.0,12,10000.0
13859,699.0,0,688,0.0,0.0,13,10000.0
13860,-7.0,0,689,0.0,1.0,-14,10000.0
13861,-6.0,0,689,0.0,4.0,-13,10000.0
13862,-5.0,0,689,0.0,5.0,-12,10000.0
13863,-4.0,0,689,0.0,6.0,-11,10000.0
13864,-3.0,0,689,0.0,8.0,-10,10000.0
13865,-2.0,0,689,0.0,7.0,-9,10000.0
13866,-1.0,0,689,0.0,5.0,-8,10000.0
13867,0.0,0,689,3.0,5.0,-7,10000.0
13868,1.0,0,689,0.0,7.0,-6,10000.0
13869,2.0,0,689,7.0,2.0,-5,10000.0
13870,3.0,0,689,2.0,4.0,-4,10000.0
13871,4.0,0,689,0.0,2.0,-3,10000.0
13872,5.0,0,689,0.0,3.0,-2,10000.0
13873,6.0,0,689,0.0,0.0,-1,10000.0
13874,7.0,0,689,1.0,0.0,0,10000.0
13875,8.0,0,689,0.0,6.0,1,10000.0
13876,9.0,0,689,0.0,1.0,2,10000.0
13877,10.0,0,689,0.0,0.0,3,10000.0
13878,11.0,0,689,0.0,1.0,4,10000.0
13879,12.0,0,689,0.0,1.0,5,10000.0
13880,13.0,0,689,0.0,0.0,6,10000.0
13881,14.0,0,689,0.0,2.0,7,10000.0
13882,15.0,0,689,0.0,0.0,8,10000.0
13883,16.0,0,689,0.0,1.0,9,10000.0
13884,17.0,0,689,0.0,0.0,10,10000.0
13885,18.0,0,689,0.0,1.0,11,10000.0
13886,19.0,0,689,0.0,0.0,12,10000.0
13887,20.0,0,689,0.0,1.0,13,10000.0
13888,656.0,0,690,0.0,0.0,-14,10000.0
13889,657.0,0,690,0.0,0.0,-13,10000.0
13890,658.0,0,690,0.0,0.0,-12,10000.0
13891,659.0,0,690,0.0,0.0,-11,10000.0
13892,660.0,0,690,0.0,0.0,-10,10000.0
13893,661.0,0,690,0.0,0.0,-9,10000.0
13894,662.0,0,690,0.0,0.0,-8,10000.0
13895,663.0,0,690,0.0,0.0,-7,10000.0
13896,664.0,0,690,0.0,0.0,-6,10000.0
13897,665.0,0,690,0.0,0.0,-5,10000.0
13898,666.0,0,690,0.0,0.0,-4,10000.0
13899,667.0,0,690,0.0,0.0,-3,10000.0
13900,668.0,0,690,0.0,0.0,-2,10000.0
13901,669.0,0,690,0.0,0.0,-1,10000.0
13902,670.0,0,690,0.0,0.0,0,10000.0
13903,671.0,0,690,0.0,0.0,1,10000.0
13904,2.0,0,690,2.0,3.0,2,10000.0
13905,3.0,0,690,7.0,10.0,3,10000.0
13906,4.0,0,690,2.0,27.0,4,10000.0
13907,5.0,0,690,9.0,50.0,5,10000.0
13908,6.0,0,690,2.0,19.0,6,10000.0
13909,7.0,0,690,1.0,21.0,7,10000.0
13910,8.0,0,690,1.0,5.0,8,10000.0
13911,9.0,0,690,1.0,9.0,9,10000.0
13912,10.0,0,690,0.0,8.0,10,10000.0
13913,11.0,0,690,0.0,9.0,11,10000.0
13914,12.0,0,690,0.0,12.0,12,10000.0
13915,13.0,0,690,0.0,7.0,13,10000.0
13916,656.0,0,690,16.0,113.0,-14,10000.0
13917,657.0,0,690,19.0,154.0,-13,10000.0
13918,658.0,0,690,12.0,93.0,-12,10000.0
13919,659.0,0,690,9.0,110.0,-11,10000.0
13920,660.0,0,690,6.0,90.0,-10,10000.0
13921,661.0,0,690,8.0,176.0,-9,10000.0
13922,662.0,0,690,8.0,97.0,-8,10000.0
13923,663.0,0,690,16.0,157.0,-7,10000.0
13924,664.0,0,690,14.0,126.0,-6,10000.0
13925,665.0,0,690,11.0,80.0,-5,10000.0
13926,666.0,0,690,16.0,141.0,-4,10000.0
13927,667.0,0,690,13.0,129.0,-3,10000.0
13928,668.0,0,690,10.0,114.0,-2,10000.0
13929,669.0,0,690,8.0,116.0,-1,10000.0
13930,670.0,0,690,17.0,123.0,0,10000.0
13931,671.0,0,690,7.0,77.0,1,10000.0
13932,2.0,0,690,11.0,90.0,2,10000.0
13933,3.0,0,690,9.0,97.0,3,10000.0
13934,4.0,0,690,41.0,231.0,4,10000.0
13935,5.0,0,690,28.0,175.0,5,10000.0
13936,6.0,0,690,19.0,174.0,6,10000.0
13937,7.0,0,690,16.0,136.0,7,10000.0
13938,8.0,0,690,13.0,130.0,8,10000.0
13939,9.0,0,690,6.0,79.0,9,10000.0
13940,680.0,0,690,11.0,103.0,10,10000.0
13941,681.0,0,690,14.0,79.0,11,10000.0
13942,682.0,0,690,90.0,473.0,12,10000.0
13943,683.0,0,690,14.0,107.0,13,10000.0
13944,636.0,0,691,0.0,0.0,-14,10000.0
13945,637.0,0,691,0.0,0.0,-13,10000.0
13946,638.0,0,691,0.0,0.0,-12,10000.0
13947,639.0,0,691,0.0,0.0,-11,10000.0
13948,640.0,0,691,0.0,0.0,-10,10000.0
13949,641.0,0,691,0.0,0.0,-9,10000.0
13950,642.0,0,691,0.0,0.0,-8,10000.0
13951,643.0,0,691,0.0,0.0,-7,10000.0
13952,644.0,0,691,0.0,0.0,-6,10000.0
13953,645.0,0,691,0.0,0.0,-5,10000.0
13954,646.0,0,691,0.0,0.0,-4,10000.0
13955,647.0,0,691,0.0,0.0,-3,10000.0
13956,648.0,0,691,0.0,0.0,-2,10000.0
13957,649.0,0,691,0.0,0.0,-1,10000.0
13958,650.0,0,691,0.0,0.0,0,10000.0
13959,651.0,0,691,0.0,0.0,1,10000.0
13960,652.0,0,691,0.0,0.0,2,10000.0
13961,653.0,0,691,0.0,0.0,3,10000.0
13962,4.0,0,691,2.0,8.0,4,10000.0
13963,5.0,0,691,0.0,3.0,5,10000.0
13964,6.0,0,691,1.0,7.0,6,10000.0
13965,7.0,0,691,0.0,6.0,7,10000.0
13966,8.0,0,691,1.0,2.0,8,10000.0
13967,9.0,0,691,0.0,1.0,9,10000.0
13968,10.0,0,691,0.0,2.0,10,10000.0
13969,661.0,0,691,0.0,0.0,11,10000.0
13970,12.0,0,691,0.0,1.0,12,10000.0
13971,13.0,0,691,0.0,2.0,13,10000.0
13972,636.0,0,691,0.0,0.0,-14,10000.0
13973,637.0,0,691,0.0,0.0,-13,10000.0
13974,638.0,0,691,0.0,1.0,-12,10000.0
13975,639.0,0,691,0.0,0.0,-11,10000.0
13976,640.0,0,691,0.0,0.0,-10,10000.0
13977,641.0,0,691,0.0,3.0,-9,10000.0
13978,642.0,0,691,1.0,43.0,-8,10000.0
13979,643.0,0,691,0.0,50.0,-7,10000.0
13980,644.0,0,691,0.0,23.0,-6,10000.0
13981,645.0,0,691,1.0,9.0,-5,10000.0
13982,646.0,0,691,0.0,6.0,-4,10000.0
13983,647.0,0,691,0.0,26.0,-3,10000.0
13984,648.0,0,691,1.0,9.0,-2,10000.0
13985,649.0,0,691,0.0,3.0,-1,10000.0
13986,650.0,0,691,0.0,2.0,0,10000.0
13987,651.0,0,691,0.0,1.0,1,10000.0
13988,652.0,0,691,1.0,1.0,2,10000.0
13989,653.0,0,691,0.0,2.0,3,10000.0
13990,654.0,0,691,0.0,0.0,4,10000.0
13991,655.0,0,691,0.0,0.0,5,10000.0
13992,656.0,0,691,0.0,0.0,6,10000.0
13993,657.0,0,691,0.0,0.0,7,10000.0
13994,658.0,0,691,0.0,1.0,8,10000.0
13995,659.0,0,691,0.0,0.0,9,10000.0
13996,660.0,0,691,0.0,2.0,10,10000.0
13997,661.0,0,691,0.0,1.0,11,10000.0
13998,662.0,0,691,0.0,2.0,12,10000.0
13999,663.0,0,691,1.0,0.0,13,10000.0
14000,636.0,0,691,0.0,0.0,-14,10000.0
14001,637.0,0,691,0.0,0.0,-13,10000.0
14002,638.0,0,691,0.0,0.0,-12,10000.0
14003,639.0,0,691,0.0,1.0,-11,10000.0
14004,640.0,0,691,0.0,0.0,-10,10000.0
14005,641.0,0,691,0.0,0.0,-9,10000.0
14006,565.0,0,691,0.0,0.0,-8,10000.0
14007,643.0,0,691,0.0,0.0,-7,10000.0
14008,644.0,0,691,0.0,0.0,-6,10000.0
14009,568.0,0,691,0.0,0.0,-5,10000.0
14010,646.0,0,691,1.0,0.0,-4,10000.0
14011,647.0,0,691,0.0,0.0,-3,10000.0
14012,571.0,0,691,0.0,3.0,-2,10000.0
14013,649.0,0,691,0.0,1.0,-1,10000.0
14014,650.0,0,691,0.0,0.0,0,10000.0
14015,651.0,0,691,0.0,1.0,1,10000.0
14016,575.0,0,691,0.0,1.0,2,10000.0
14017,653.0,0,691,0.0,0.0,3,10000.0
14018,654.0,0,691,0.0,1.0,4,10000.0
14019,655.0,0,691,0.0,0.0,5,10000.0
14020,656.0,0,691,0.0,1.0,6,10000.0
14021,657.0,0,691,0.0,0.0,7,10000.0
14022,658.0,0,691,0.0,0.0,8,10000.0
14023,659.0,0,691,1.0,1.0,9,10000.0
14024,660.0,0,691,0.0,0.0,10,10000.0
14025,661.0,0,691,0.0,0.0,11,10000.0
14026,662.0,0,691,0.0,0.0,12,10000.0
14027,586.0,0,691,0.0,0.0,13,10000.0
14028,634.0,0,692,14.0,121.0,-14,10000.0
14029,635.0,0,692,10.0,134.0,-13,10000.0
14030,636.0,0,692,22.0,223.0,-12,10000.0
14031,637.0,0,692,17.0,136.0,-11,10000.0
14032,638.0,0,692,17.0,192.0,-10,10000.0
14033,639.0,0,692,27.0,246.0,-9,10000.0
14034,640.0,0,692,9.0,79.0,-8,10000.0
14035,641.0,0,692,4.0,87.0,-7,10000.0
14036,642.0,0,692,11.0,69.0,-6,10000.0
14037,643.0,0,692,12.0,99.0,-5,10000.0
14038,644.0,0,692,11.0,89.0,-4,10000.0
14039,645.0,0,692,8.0,68.0,-3,10000.0
14040,646.0,0,692,12.0,70.0,-2,10000.0
14041,647.0,0,692,6.0,109.0,-1,10000.0
14042,648.0,0,692,7.0,92.0,0,10000.0
14043,649.0,0,692,5.0,65.0,1,10000.0
14044,650.0,0,692,8.0,94.0,2,10000.0
14045,651.0,0,692,7.0,93.0,3,10000.0
14046,652.0,0,692,8.0,61.0,4,10000.0
14047,653.0,0,692,7.0,58.0,5,10000.0
14048,654.0,0,692,11.0,62.0,6,10000.0
14049,655.0,0,692,6.0,72.0,7,10000.0
14050,656.0,0,692,14.0,147.0,8,10000.0
14051,657.0,0,692,10.0,117.0,9,10000.0
14052,658.0,0,692,14.0,130.0,10,10000.0
14053,659.0,0,692,14.0,116.0,11,10000.0
14054,660.0,0,692,16.0,159.0,12,10000.0
14055,661.0,0,692,16.0,190.0,13,10000.0
14056,634.0,0,692,4.0,30.0,-14,10000.0
14057,635.0,0,692,5.0,23.0,-13,10000.0
14058,636.0,0,692,1.0,29.0,-12,10000.0
14059,637.0,0,692,1.0,24.0,-11,10000.0
14060,638.0,0,692,5.0,39.0,-10,10000.0
14061,639.0,0,692,3.0,51.0,-9,10000.0
14062,640.0,0,692,6.0,37.0,-8,10000.0
14063,641.0,0,692,1.0,11.0,-7,10000.0
14064,642.0,0,692,1.0,26.0,-6,10000.0
14065,643.0,0,692,2.0,28.0,-5,10000.0
14066,644.0,0,692,6.0,67.0,-4,10000.0
14067,645.0,0,692,10.0,93.0,-3,10000.0
14068,646.0,0,692,8.0,43.0,-2,10000.0
14069,647.0,0,692,1.0,25.0,-1,10000.0
14070,648.0,0,692,1.0,26.0,0,10000.0
14071,649.0,0,692,2.0,30.0,1,10000.0
14072,650.0,0,692,7.0,16.0,2,10000.0
14073,651.0,0,692,1.0,17.0,3,10000.0
14074,652.0,0,692,42.0,448.0,4,10000.0
14075,653.0,0,692,15.0,100.0,5,10000.0
14076,654.0,0,692,7.0,56.0,6,10000.0
14077,655.0,0,692,6.0,47.0,7,10000.0
14078,656.0,0,692,8.0,35.0,8,10000.0
14079,657.0,0,692,14.0,132.0,9,10000.0
14080,658.0,0,692,1.0,45.0,10,10000.0
14081,659.0,0,692,11.0,75.0,11,10000.0
14082,660.0,0,692,4.0,40.0,12,10000.0
14083,661.0,0,692,9.0,103.0,13,10000.0
14084,757.0,0,696,0.0,0.0,-14,10000.0
14085,657.0,0,696,0.0,3.0,-13,10000.0
14086,658.0,0,696,1.0,1.0,-12,10000.0
14087,659.0,0,696,0.0,2.0,-11,10000.0
14088,761.0,0,696,0.0,0.0,-10,10000.0
14089,661.0,0,696,1.0,2.0,-9,10000.0
14090,662.0,0,696,0.0,1.0,-8,10000.0
14091,764.0,0,696,0.0,0.0,-7,10000.0
14092,664.0,0,696,1.0,1.0,-6,10000.0
14093,766.0,0,696,0.0,0.0,-5,10000.0
14094,767.0,0,696,0.0,0.0,-4,10000.0
14095,768.0,0,696,1.0,0.0,-3,10000.0
14096,769.0,0,696,0.0,0.0,-2,10000.0
14097,770.0,0,696,1.0,0.0,-1,10000.0
14098,771.0,0,696,0.0,0.0,0,10000.0
14099,772.0,0,696,1.0,0.0,1,10000.0
14100,672.0,0,696,2.0,4.0,2,10000.0
14101,774.0,0,696,0.0,0.0,3,10000.0
14102,674.0,0,696,1.0,1.0,4,10000.0
14103,675.0,0,696,0.0,1.0,5,10000.0
14104,777.0,0,696,0.0,0.0,6,10000.0
14105,677.0,0,696,0.0,3.0,7,10000.0
14106,779.0,0,696,1.0,0.0,8,10000.0
14107,679.0,0,696,0.0,1.0,9,10000.0
14108,781.0,0,696,0.0,0.0,10,10000.0
14109,681.0,0,696,1.0,1.0,11,10000.0
14110,682.0,0,696,0.0,1.0,12,10000.0
14111,683.0,0,696,0.0,1.0,13,10000.0
14112,656.0,0,696,0.0,1.0,-14,10000.0
14113,657.0,0,696,0.0,0.0,-13,10000.0
14114,658.0,0,696,0.0,1.0,-12,10000.0
14115,659.0,0,696,0.0,0.0,-11,10000.0
14116,660.0,0,696,0.0,0.0,-10,10000.0
14117,661.0,0,696,0.0,0.0,-9,10000.0
14118,662.0,0,696,0.0,0.0,-8,10000.0
14119,663.0,0,696,0.0,2.0,-7,10000.0
14120,664.0,0,696,0.0,1.0,-6,10000.0
14121,665.0,0,696,0.0,0.0,-5,10000.0
14122,666.0,0,696,0.0,0.0,-4,10000.0
14123,667.0,0,696,0.0,0.0,-3,10000.0
14124,668.0,0,696,0.0,0.0,-2,10000.0
14125,669.0,0,696,0.0,0.0,-1,10000.0
14126,670.0,0,696,0.0,0.0,0,10000.0
14127,671.0,0,696,0.0,0.0,1,10000.0
14128,672.0,0,696,0.0,0.0,2,10000.0
14129,673.0,0,696,0.0,1.0,3,10000.0
14130,674.0,0,696,0.0,0.0,4,10000.0
14131,675.0,0,696,0.0,0.0,5,10000.0
14132,676.0,0,696,0.0,1.0,6,10000.0
14133,677.0,0,696,0.0,1.0,7,10000.0
14134,678.0,0,696,0.0,0.0,8,10000.0
14135,679.0,0,696,0.0,2.0,9,10000.0
14136,680.0,0,696,0.0,0.0,10,10000.0
14137,681.0,0,696,0.0,2.0,11,10000.0
14138,682.0,0,696,0.0,0.0,12,10000.0
14139,683.0,0,696,0.0,0.0,13,10000.0
14140,825.0,0,697,0.0,0.0,-14,10000.0
14141,574.0,0,697,0.0,1.0,-13,10000.0
14142,575.0,0,697,2.0,1.0,-12,10000.0
14143,576.0,0,697,3.0,1.0,-11,10000.0
14144,577.0,0,697,1.0,2.0,-10,10000.0
14145,578.0,0,697,0.0,2.0,-9,10000.0
14146,579.0,0,697,0.0,4.0,-8,10000.0
14147,580.0,0,697,0.0,2.0,-7,10000.0
14148,833.0,0,697,0.0,0.0,-6,10000.0
14149,582.0,0,697,0.0,5.0,-5,10000.0
14150,583.0,0,697,1.0,2.0,-4,10000.0
14151,584.0,0,697,0.0,2.0,-3,10000.0
14152,585.0,0,697,0.0,6.0,-2,10000.0
14153,586.0,0,697,0.0,4.0,-1,10000.0
14154,587.0,0,697,0.0,4.0,0,10000.0
14155,840.0,0,697,1.0,0.0,1,10000.0
14156,589.0,0,697,0.0,1.0,2,10000.0
14157,590.0,0,697,0.0,1.0,3,10000.0
14158,591.0,0,697,0.0,5.0,4,10000.0
14159,844.0,0,697,0.0,0.0,5,10000.0
14160,593.0,0,697,1.0,5.0,6,10000.0
14161,594.0,0,697,0.0,2.0,7,10000.0
14162,595.0,0,697,0.0,4.0,8,10000.0
14163,596.0,0,697,0.0,2.0,9,10000.0
14164,597.0,0,697,0.0,1.0,10,10000.0
14165,598.0,0,697,0.0,1.0,11,10000.0
14166,599.0,0,697,1.0,3.0,12,10000.0
14167,600.0,0,697,0.0,3.0,13,10000.0
14168,825.0,0,697,0.0,4.0,-14,10000.0
14169,826.0,0,697,0.0,1.0,-13,10000.0
14170,827.0,0,697,0.0,0.0,-12,10000.0
14171,828.0,0,697,0.0,0.0,-11,10000.0
14172,829.0,0,697,0.0,1.0,-10,10000.0
14173,830.0,0,697,0.0,0.0,-9,10000.0
14174,831.0,0,697,0.0,0.0,-8,10000.0
14175,832.0,0,697,0.0,0.0,-7,10000.0
14176,833.0,0,697,0.0,0.0,-6,10000.0
14177,834.0,0,697,0.0,0.0,-5,10000.0
14178,835.0,0,697,0.0,0.0,-4,10000.0
14179,836.0,0,697,0.0,1.0,-3,10000.0
14180,837.0,0,697,0.0,1.0,-2,10000.0
14181,838.0,0,697,0.0,0.0,-1,10000.0
14182,839.0,0,697,0.0,1.0,0,10000.0
14183,840.0,0,697,0.0,1.0,1,10000.0
14184,841.0,0,697,0.0,2.0,2,10000.0
14185,842.0,0,697,0.0,0.0,3,10000.0
14186,843.0,0,697,0.0,4.0,4,10000.0
14187,844.0,0,697,0.0,2.0,5,10000.0
14188,845.0,0,697,0.0,1.0,6,10000.0
14189,846.0,0,697,1.0,6.0,7,10000.0
14190,847.0,0,697,0.0,3.0,8,10000.0
14191,848.0,0,697,0.0,1.0,9,10000.0
14192,849.0,0,697,0.0,0.0,10,10000.0
14193,850.0,0,697,0.0,1.0,11,10000.0
14194,851.0,0,697,0.0,0.0,12,10000.0
14195,852.0,0,697,0.0,1.0,13,10000.0
14196,825.0,0,697,0.0,2.0,-14,10000.0
14197,826.0,0,697,0.0,0.0,-13,10000.0
14198,827.0,0,697,0.0,0.0,-12,10000.0
14199,828.0,0,697,0.0,0.0,-11,10000.0
14200,829.0,0,697,0.0,0.0,-10,10000.0
14201,830.0,0,697,0.0,0.0,-9,10000.0
14202,831.0,0,697,1.0,1.0,-8,10000.0
14203,832.0,0,697,0.0,0.0,-7,10000.0
14204,833.0,0,697,0.0,1.0,-6,10000.0
14205,834.0,0,697,0.0,0.0,-5,10000.0
14206,835.0,0,697,0.0,1.0,-4,10000.0
14207,836.0,0,697,0.0,0.0,-3,10000.0
14208,837.0,0,697,0.0,0.0,-2,10000.0
14209,838.0,0,697,0.0,2.0,-1,10000.0
14210,839.0,0,697,0.0,0.0,0,10000.0
14211,840.0,0,697,0.0,0.0,1,10000.0
14212,841.0,0,697,0.0,0.0,2,10000.0
14213,842.0,0,697,0.0,0.0,3,10000.0
14214,843.0,0,697,0.0,1.0,4,10000.0
14215,844.0,0,697,0.0,0.0,5,10000.0
14216,845.0,0,697,0.0,0.0,6,10000.0
14217,693.0,0,697,0.0,0.0,7,10000.0
14218,847.0,0,697,0.0,1.0,8,10000.0
14219,848.0,0,697,0.0,0.0,9,10000.0
14220,849.0,0,697,0.0,0.0,10,10000.0
14221,850.0,0,697,0.0,0.0,11,10000.0
14222,851.0,0,697,0.0,0.0,12,10000.0
14223,852.0,0,697,0.0,0.0,13,10000.0
14224,5.0,0,699,0.0,0.0,-14,10000.0
14225,6.0,0,699,0.0,1.0,-13,10000.0
14226,7.0,0,699,0.0,1.0,-12,10000.0
14227,8.0,0,699,1.0,0.0,-11,10000.0
14228,9.0,0,699,0.0,0.0,-10,10000.0
14229,10.0,0,699,1.0,0.0,-9,10000.0
14230,11.0,0,699,1.0,0.0,-8,10000.0
14231,12.0,0,699,1.0,0.0,-7,10000.0
14232,13.0,0,699,0.0,0.0,-6,10000.0
14233,14.0,0,699,0.0,1.0,-5,10000.0
14234,15.0,0,699,0.0,0.0,-4,10000.0
14235,16.0,0,699,0.0,0.0,-3,10000.0
14236,17.0,0,699,0.0,0.0,-2,10000.0
14237,18.0,0,699,1.0,0.0,-1,10000.0
14238,19.0,0,699,0.0,0.0,0,10000.0
14239,20.0,0,699,0.0,0.0,1,10000.0
14240,21.0,0,699,0.0,0.0,2,10000.0
14241,22.0,0,699,0.0,0.0,3,10000.0
14242,23.0,0,699,0.0,1.0,4,10000.0
14243,24.0,0,699,0.0,1.0,5,10000.0
14244,25.0,0,699,0.0,0.0,6,10000.0
14245,26.0,0,699,0.0,0.0,7,10000.0
14246,27.0,0,699,0.0,0.0,8,10000.0
14247,28.0,0,699,0.0,0.0,9,10000.0
14248,29.0,0,699,0.0,0.0,10,10000.0
14249,30.0,0,699,0.0,0.0,11,10000.0
14250,31.0,0,699,0.0,0.0,12,10000.0
14251,32.0,0,699,0.0,0.0,13,10000.0
14252,573.0,0,701,38.0,68.0,-14,10000.0
14253,574.0,0,701,42.0,46.0,-13,10000.0
14254,575.0,0,701,8.0,15.0,-12,10000.0
14255,576.0,0,701,7.0,17.0,-11,10000.0
14256,577.0,0,701,4.0,9.0,-10,10000.0
14257,578.0,0,701,0.0,10.0,-9,10000.0
14258,579.0,0,701,3.0,10.0,-8,10000.0
14259,580.0,0,701,3.0,5.0,-7,10000.0
14260,581.0,0,701,2.0,9.0,-6,10000.0
14261,582.0,0,701,7.0,8.0,-5,10000.0
14262,583.0,0,701,2.0,5.0,-4,10000.0
14263,584.0,0,701,2.0,4.0,-3,10000.0
14264,585.0,0,701,2.0,9.0,-2,10000.0
14265,586.0,0,701,3.0,6.0,-1,10000.0
14266,587.0,0,701,2.0,3.0,0,10000.0
14267,588.0,0,701,1.0,9.0,1,10000.0
14268,589.0,0,701,4.0,5.0,2,10000.0
14269,590.0,0,701,14.0,14.0,3,10000.0
14270,591.0,0,701,4.0,11.0,4,10000.0
14271,592.0,0,701,2.0,2.0,5,10000.0
14272,593.0,0,701,3.0,3.0,6,10000.0
14273,594.0,0,701,1.0,5.0,7,10000.0
14274,595.0,0,701,30.0,122.0,8,10000.0
14275,596.0,0,701,4.0,5.0,9,10000.0
14276,597.0,0,701,0.0,4.0,10,10000.0
14277,598.0,0,701,1.0,2.0,11,10000.0
14278,599.0,0,701,1.0,3.0,12,10000.0
14279,600.0,0,701,7.0,14.0,13,10000.0
14280,811.0,0,702,0.0,0.0,-14,10000.0
14281,812.0,0,702,0.0,0.0,-13,10000.0
14282,813.0,0,702,0.0,0.0,-12,10000.0
14283,814.0,0,702,0.0,0.0,-11,10000.0
14284,815.0,0,702,0.0,0.0,-10,10000.0
14285,816.0,0,702,0.0,0.0,-9,10000.0
14286,817.0,0,702,0.0,0.0,-8,10000.0
14287,818.0,0,702,0.0,0.0,-7,10000.0
14288,819.0,0,702,0.0,0.0,-6,10000.0
14289,820.0,0,702,0.0,0.0,-5,10000.0
14290,821.0,0,702,0.0,0.0,-4,10000.0
14291,822.0,0,702,0.0,0.0,-3,10000.0
14292,823.0,0,702,0.0,0.0,-2,10000.0
14293,824.0,0,702,0.0,0.0,-1,10000.0
14294,0.0,0,702,7.0,16.0,0,10000.0
14295,1.0,0,702,3.0,4.0,1,10000.0
14296,2.0,0,702,1.0,2.0,2,10000.0
14297,3.0,0,702,0.0,5.0,3,10000.0
14298,4.0,0,702,0.0,3.0,4,10000.0
14299,5.0,0,702,0.0,1.0,5,10000.0
14300,831.0,0,702,0.0,0.0,6,10000.0
14301,7.0,0,702,0.0,2.0,7,10000.0
14302,8.0,0,702,0.0,4.0,8,10000.0
14303,9.0,0,702,0.0,2.0,9,10000.0
14304,10.0,0,702,0.0,2.0,10,10000.0
14305,11.0,0,702,0.0,3.0,11,10000.0
14306,12.0,0,702,0.0,4.0,12,10000.0
14307,13.0,0,702,0.0,2.0,13,10000.0
14308,811.0,0,702,0.0,0.0,-14,10000.0
14309,812.0,0,702,0.0,0.0,-13,10000.0
14310,813.0,0,702,0.0,0.0,-12,10000.0
14311,814.0,0,702,0.0,0.0,-11,10000.0
14312,815.0,0,702,0.0,1.0,-10,10000.0
14313,816.0,0,702,0.0,0.0,-9,10000.0
14314,817.0,0,702,0.0,0.0,-8,10000.0
14315,818.0,0,702,0.0,0.0,-7,10000.0
14316,819.0,0,702,0.0,0.0,-6,10000.0
14317,820.0,0,702,0.0,0.0,-5,10000.0
14318,821.0,0,702,0.0,0.0,-4,10000.0
14319,822.0,0,702,0.0,0.0,-3,10000.0
14320,823.0,0,702,0.0,1.0,-2,10000.0
14321,824.0,0,702,0.0,1.0,-1,10000.0
14322,0.0,0,702,0.0,0.0,0,10000.0
14323,1.0,0,702,0.0,0.0,1,10000.0
14324,2.0,0,702,0.0,0.0,2,10000.0
14325,828.0,0,702,0.0,0.0,3,10000.0
14326,829.0,0,702,0.0,0.0,4,10000.0
14327,830.0,0,702,0.0,0.0,5,10000.0
14328,831.0,0,702,0.0,0.0,6,10000.0
14329,832.0,0,702,0.0,0.0,7,10000.0
14330,833.0,0,702,0.0,0.0,8,10000.0
14331,834.0,0,702,0.0,0.0,9,10000.0
14332,835.0,0,702,1.0,0.0,10,10000.0
14333,836.0,0,702,2.0,0.0,11,10000.0
14334,837.0,0,702,0.0,1.0,12,10000.0
14335,838.0,0,702,0.0,0.0,13,10000.0
14336,637.0,0,710,9.0,10.0,-14,10000.0
14337,638.0,0,710,3.0,8.0,-13,10000.0
14338,639.0,0,710,2.0,4.0,-12,10000.0
14339,640.0,0,710,2.0,5.0,-11,10000.0
14340,641.0,0,710,5.0,0.0,-10,10000.0
14341,642.0,0,710,3.0,1.0,-9,10000.0
14342,643.0,0,710,3.0,6.0,-8,10000.0
14343,644.0,0,710,1.0,1.0,-7,10000.0
14344,645.0,0,710,6.0,3.0,-6,10000.0
14345,646.0,0,710,4.0,4.0,-5,10000.0
14346,647.0,0,710,1.0,2.0,-4,10000.0
14347,648.0,0,710,1.0,3.0,-3,10000.0
14348,649.0,0,710,1.0,1.0,-2,10000.0
14349,650.0,0,710,0.0,0.0,-1,10000.0
14350,651.0,0,710,0.0,2.0,0,10000.0
14351,652.0,0,710,0.0,2.0,1,10000.0
14352,653.0,0,710,0.0,3.0,2,10000.0
14353,654.0,0,710,3.0,1.0,3,10000.0
14354,655.0,0,710,0.0,0.0,4,10000.0
14355,656.0,0,710,1.0,2.0,5,10000.0
14356,657.0,0,710,1.0,2.0,6,10000.0
14357,658.0,0,710,0.0,0.0,7,10000.0
14358,659.0,0,710,0.0,1.0,8,10000.0
14359,660.0,0,710,1.0,0.0,9,10000.0
14360,661.0,0,710,1.0,2.0,10,10000.0
14361,662.0,0,710,0.0,0.0,11,10000.0
14362,663.0,0,710,6.0,5.0,12,10000.0
14363,664.0,0,710,2.0,3.0,13,10000.0
14364,664.0,0,711,0.0,0.0,-14,10000.0
14365,665.0,0,711,0.0,0.0,-13,10000.0
14366,666.0,0,711,0.0,0.0,-12,10000.0
14367,667.0,0,711,0.0,0.0,-11,10000.0
14368,668.0,0,711,0.0,0.0,-10,10000.0
14369,669.0,0,711,0.0,0.0,-9,10000.0
14370,670.0,0,711,0.0,0.0,-8,10000.0
14371,671.0,0,711,0.0,0.0,-7,10000.0
14372,672.0,0,711,0.0,0.0,-6,10000.0
14373,673.0,0,711,0.0,0.0,-5,10000.0
14374,674.0,0,711,0.0,0.0,-4,10000.0
14375,675.0,0,711,0.0,0.0,-3,10000.0
14376,676.0,0,711,0.0,0.0,-2,10000.0
14377,677.0,0,711,0.0,0.0,-1,10000.0
14378,678.0,0,711,0.0,1.0,0,10000.0
14379,679.0,0,711,0.0,0.0,1,10000.0
14380,680.0,0,711,0.0,0.0,2,10000.0
14381,681.0,0,711,0.0,0.0,3,10000.0
14382,682.0,0,711,0.0,0.0,4,10000.0
14383,683.0,0,711,0.0,0.0,5,10000.0
14384,684.0,0,711,0.0,0.0,6,10000.0
14385,685.0,0,711,0.0,1.0,7,10000.0
14386,686.0,0,711,0.0,1.0,8,10000.0
14387,687.0,0,711,0.0,0.0,9,10000.0
14388,688.0,0,711,0.0,0.0,10,10000.0
14389,689.0,0,711,0.0,0.0,11,10000.0
14390,690.0,0,711,0.0,0.0,12,10000.0
14391,691.0,0,711,0.0,0.0,13,10000.0
14392,561.0,0,715,0.0,0.0,-14,10000.0
14393,562.0,0,715,0.0,3.0,-13,10000.0
14394,563.0,0,715,0.0,4.0,-12,10000.0
14395,564.0,0,715,0.0,2.0,-11,10000.0
14396,565.0,0,715,0.0,1.0,-10,10000.0
14397,566.0,0,715,0.0,3.0,-9,10000.0
14398,567.0,0,715,1.0,2.0,-8,10000.0
14399,568.0,0,715,0.0,3.0,-7,10000.0
14400,569.0,0,715,1.0,1.0,-6,10000.0
14401,570.0,0,715,0.0,5.0,-5,10000.0
14402,571.0,0,715,1.0,1.0,-4,10000.0
14403,572.0,0,715,0.0,1.0,-3,10000.0
14404,573.0,0,715,0.0,1.0,-2,10000.0
14405,574.0,0,715,0.0,1.0,-1,10000.0
14406,575.0,0,715,0.0,0.0,0,10000.0
14407,576.0,0,715,0.0,0.0,1,10000.0
14408,577.0,0,715,0.0,2.0,2,10000.0
14409,578.0,0,715,0.0,0.0,3,10000.0
14410,579.0,0,715,0.0,0.0,4,10000.0
14411,580.0,0,715,0.0,1.0,5,10000.0
14412,581.0,0,715,1.0,0.0,6,10000.0
14413,582.0,0,715,0.0,3.0,7,10000.0
14414,583.0,0,715,1.0,1.0,8,10000.0
14415,584.0,0,715,0.0,5.0,9,10000.0
14416,585.0,0,715,0.0,2.0,10,10000.0
14417,586.0,0,715,0.0,2.0,11,10000.0
14418,587.0,0,715,0.0,0.0,12,10000.0
14419,588.0,0,715,0.0,1.0,13,10000.0
14420,554.0,0,717,2.0,36.0,-14,10000.0
14421,555.0,0,717,0.0,31.0,-13,10000.0
14422,556.0,0,717,0.0,57.0,-12,10000.0
14423,557.0,0,717,2.0,53.0,-11,10000.0
14424,558.0,0,717,18.0,277.0,-10,10000.0
14425,559.0,0,717,22.0,328.0,-9,10000.0
14426,560.0,0,717,110.0,578.0,-8,10000.0
14427,561.0,0,717,59.0,434.0,-7,10000.0
14428,562.0,0,717,166.0,1534.0,-6,10000.0
14429,563.0,0,717,163.0,1504.0,-5,10000.0
14430,564.0,0,717,127.0,1093.0,-4,10000.0
14431,565.0,0,717,236.0,1688.0,-3,10000.0
14432,566.0,0,717,462.0,3456.0,-2,10000.0
14433,567.0,0,717,88.0,1413.0,-1,10000.0
14434,568.0,0,717,96.0,1106.0,0,10000.0
14435,569.0,0,717,46.0,825.0,1,10000.0
14436,570.0,0,717,43.0,819.0,2,10000.0
14437,571.0,0,717,261.0,3308.0,3,10000.0
14438,572.0,0,717,256.0,3913.0,4,10000.0
14439,573.0,0,717,102.0,1230.0,5,10000.0
14440,574.0,0,717,250.0,2441.0,6,10000.0
14441,575.0,0,717,42.0,775.0,7,10000.0
14442,576.0,0,717,15.0,488.0,8,10000.0
14443,577.0,0,717,9.0,398.0,9,10000.0
14444,578.0,0,717,14.0,360.0,10,10000.0
14445,579.0,0,717,13.0,381.0,11,10000.0
14446,580.0,0,717,0.0,229.0,12,10000.0
14447,581.0,0,717,5.0,202.0,13,10000.0
14448,573.0,0,721,58.0,946.0,-14,10000.0
14449,574.0,0,721,22.0,332.0,-13,10000.0
14450,575.0,0,721,17.0,123.0,-12,10000.0
14451,576.0,0,721,6.0,78.0,-11,10000.0
14452,577.0,0,721,4.0,67.0,-10,10000.0
14453,578.0,0,721,13.0,146.0,-9,10000.0
14454,579.0,0,721,21.0,195.0,-8,10000.0
14455,580.0,0,721,3.0,90.0,-7,10000.0
14456,581.0,0,721,3.0,65.0,-6,10000.0
14457,582.0,0,721,4.0,108.0,-5,10000.0
14458,583.0,0,721,12.0,153.0,-4,10000.0
14459,584.0,0,721,8.0,90.0,-3,10000.0
14460,585.0,0,721,5.0,98.0,-2,10000.0
14461,586.0,0,721,5.0,102.0,-1,10000.0
14462,587.0,0,721,6.0,70.0,0,10000.0
14463,588.0,0,721,3.0,84.0,1,10000.0
14464,589.0,0,721,0.0,62.0,2,10000.0
14465,590.0,0,721,2.0,62.0,3,10000.0
14466,591.0,0,721,0.0,59.0,4,10000.0
14467,592.0,0,721,5.0,52.0,5,10000.0
14468,593.0,0,721,1.0,40.0,6,10000.0
14469,594.0,0,721,6.0,49.0,7,10000.0
14470,595.0,0,721,3.0,56.0,8,10000.0
14471,596.0,0,721,4.0,38.0,9,10000.0
14472,597.0,0,721,5.0,44.0,10,10000.0
14473,598.0,0,721,1.0,26.0,11,10000.0
14474,599.0,0,721,4.0,48.0,12,10000.0
14475,600.0,0,721,3.0,26.0,13,10000.0
14476,763.0,0,726,0.0,0.0,-14,10000.0
14477,764.0,0,726,0.0,0.0,-13,10000.0
14478,765.0,0,726,0.0,0.0,-12,10000.0
14479,576.0,0,726,0.0,1.0,-11,10000.0
14480,577.0,0,726,0.0,2.0,-10,10000.0
14481,768.0,0,726,0.0,0.0,-9,10000.0
14482,579.0,0,726,1.0,4.0,-8,10000.0
14483,580.0,0,726,0.0,1.0,-7,10000.0
14484,581.0,0,726,1.0,3.0,-6,10000.0
14485,772.0,0,726,0.0,0.0,-5,10000.0
14486,583.0,0,726,0.0,2.0,-4,10000.0
14487,774.0,0,726,0.0,0.0,-3,10000.0
14488,585.0,0,726,0.0,1.0,-2,10000.0
14489,776.0,0,726,0.0,0.0,-1,10000.0
14490,587.0,0,726,1.0,3.0,0,10000.0
14491,778.0,0,726,0.0,0.0,1,10000.0
14492,589.0,0,726,0.0,4.0,2,10000.0
14493,780.0,0,726,0.0,0.0,3,10000.0
14494,591.0,0,726,0.0,1.0,4,10000.0
14495,592.0,0,726,1.0,2.0,5,10000.0
14496,593.0,0,726,0.0,4.0,6,10000.0
14497,594.0,0,726,0.0,3.0,7,10000.0
14498,595.0,0,726,0.0,1.0,8,10000.0
14499,786.0,0,726,2.0,0.0,9,10000.0
14500,597.0,0,726,0.0,1.0,10,10000.0
14501,598.0,0,726,0.0,1.0,11,10000.0
14502,599.0,0,726,1.0,6.0,12,10000.0
14503,600.0,0,726,0.0,1.0,13,10000.0
14504,763.0,0,726,0.0,2.0,-14,10000.0
14505,764.0,0,726,0.0,0.0,-13,10000.0
14506,765.0,0,726,0.0,0.0,-12,10000.0
14507,766.0,0,726,0.0,0.0,-11,10000.0
14508,767.0,0,726,0.0,0.0,-10,10000.0
14509,768.0,0,726,0.0,0.0,-9,10000.0
14510,769.0,0,726,0.0,0.0,-8,10000.0
14511,770.0,0,726,0.0,0.0,-7,10000.0
14512,771.0,0,726,0.0,0.0,-6,10000.0
14513,772.0,0,726,0.0,0.0,-5,10000.0
14514,773.0,0,726,0.0,0.0,-4,10000.0
14515,774.0,0,726,0.0,0.0,-3,10000.0
14516,775.0,0,726,0.0,0.0,-2,10000.0
14517,776.0,0,726,0.0,0.0,-1,10000.0
14518,777.0,0,726,0.0,0.0,0,10000.0
14519,778.0,0,726,0.0,1.0,1,10000.0
14520,779.0,0,726,0.0,0.0,2,10000.0
14521,780.0,0,726,0.0,0.0,3,10000.0
14522,781.0,0,726,0.0,0.0,4,10000.0
14523,782.0,0,726,1.0,0.0,5,10000.0
14524,783.0,0,726,0.0,1.0,6,10000.0
14525,784.0,0,726,0.0,0.0,7,10000.0
14526,785.0,0,726,0.0,0.0,8,10000.0
14527,786.0,0,726,0.0,0.0,9,10000.0
14528,787.0,0,726,0.0,0.0,10,10000.0
14529,788.0,0,726,0.0,1.0,11,10000.0
14530,789.0,0,726,0.0,0.0,12,10000.0
14531,790.0,0,726,0.0,0.0,13,10000.0
14532,673.0,0,726,0.0,0.0,-14,10000.0
14533,674.0,0,726,0.0,0.0,-13,10000.0
14534,675.0,0,726,0.0,0.0,-12,10000.0
14535,676.0,0,726,0.0,0.0,-11,10000.0
14536,677.0,0,726,0.0,0.0,-10,10000.0
14537,678.0,0,726,0.0,0.0,-9,10000.0
14538,679.0,0,726,0.0,0.0,-8,10000.0
14539,680.0,0,726,0.0,1.0,-7,10000.0
14540,681.0,0,726,0.0,1.0,-6,10000.0
14541,682.0,0,726,0.0,2.0,-5,10000.0
14542,683.0,0,726,0.0,0.0,-4,10000.0
14543,684.0,0,726,0.0,0.0,-3,10000.0
14544,685.0,0,726,0.0,0.0,-2,10000.0
14545,686.0,0,726,0.0,0.0,-1,10000.0
14546,687.0,0,726,0.0,0.0,0,10000.0
14547,688.0,0,726,0.0,1.0,1,10000.0
14548,689.0,0,726,0.0,0.0,2,10000.0
14549,690.0,0,726,0.0,0.0,3,10000.0
14550,691.0,0,726,0.0,1.0,4,10000.0
14551,692.0,0,726,0.0,0.0,5,10000.0
14552,693.0,0,726,0.0,0.0,6,10000.0
14553,694.0,0,726,0.0,0.0,7,10000.0
14554,695.0,0,726,0.0,1.0,8,10000.0
14555,696.0,0,726,0.0,0.0,9,10000.0
14556,697.0,0,726,0.0,0.0,10,10000.0
14557,698.0,0,726,0.0,0.0,11,10000.0
14558,699.0,0,726,0.0,0.0,12,10000.0
14559,700.0,0,726,0.0,0.0,13,10000.0
14560,585.0,0,733,19.0,131.0,-14,771.0
14561,586.0,0,733,5.0,58.0,-13,771.0
14562,587.0,0,733,9.0,49.0,-12,771.0
14563,588.0,0,733,6.0,43.0,-11,771.0
14564,589.0,0,733,12.0,54.0,-10,771.0
14565,590.0,0,733,9.0,30.0,-9,771.0
14566,591.0,0,733,6.0,27.0,-8,771.0
14567,592.0,0,733,2.0,31.0,-7,771.0
14568,593.0,0,733,11.0,39.0,-6,771.0
14569,594.0,0,733,8.0,37.0,-5,771.0
14570,595.0,0,733,11.0,47.0,-4,771.0
14571,596.0,0,733,4.0,22.0,-3,771.0
14572,597.0,0,733,1.0,13.0,-2,771.0
14573,598.0,0,733,3.0,21.0,-1,771.0
14574,599.0,0,733,8.0,30.0,0,771.0
14575,600.0,0,733,8.0,26.0,1,771.0
14576,601.0,0,733,9.0,39.0,2,771.0
14577,602.0,0,733,1.0,31.0,3,771.0
14578,603.0,0,733,6.0,76.0,4,771.0
14579,604.0,0,733,4.0,17.0,5,771.0
14580,605.0,0,733,3.0,18.0,6,771.0
14581,606.0,0,733,4.0,17.0,7,771.0
14582,607.0,0,733,2.0,36.0,8,771.0
14583,608.0,0,733,3.0,30.0,9,771.0
14584,609.0,0,733,6.0,50.0,10,771.0
14585,610.0,0,733,5.0,50.0,11,771.0
14586,611.0,0,733,14.0,76.0,12,771.0
14587,612.0,0,733,8.0,48.0,13,771.0
14588,625.0,0,735,0.0,1.0,-14,10000.0
14589,626.0,0,735,1.0,8.0,-13,10000.0
14590,627.0,0,735,0.0,3.0,-12,10000.0
14591,628.0,0,735,4.0,2.0,-11,10000.0
14592,629.0,0,735,5.0,12.0,-10,10000.0
14593,630.0,0,735,1.0,14.0,-9,10000.0
14594,631.0,0,735,1.0,3.0,-8,10000.0
14595,632.0,0,735,1.0,9.0,-7,10000.0
14596,633.0,0,735,1.0,5.0,-6,10000.0
14597,634.0,0,735,3.0,10.0,-5,10000.0
14598,635.0,0,735,3.0,13.0,-4,10000.0
14599,636.0,0,735,4.0,8.0,-3,10000.0
14600,637.0,0,735,0.0,6.0,-2,10000.0
14601,638.0,0,735,8.0,7.0,-1,10000.0
14602,639.0,0,735,3.0,10.0,0,10000.0
14603,640.0,0,735,4.0,23.0,1,10000.0
14604,641.0,0,735,4.0,25.0,2,10000.0
14605,642.0,0,735,3.0,7.0,3,10000.0
14606,643.0,0,735,0.0,10.0,4,10000.0
14607,644.0,0,735,1.0,13.0,5,10000.0
14608,645.0,0,735,5.0,19.0,6,10000.0
14609,646.0,0,735,1.0,11.0,7,10000.0
14610,647.0,0,735,0.0,8.0,8,10000.0
14611,648.0,0,735,5.0,24.0,9,10000.0
14612,649.0,0,735,5.0,15.0,10,10000.0
14613,650.0,0,735,6.0,118.0,11,10000.0
14614,651.0,0,735,0.0,17.0,12,10000.0
14615,652.0,0,735,3.0,4.0,13,10000.0
14616,-13.0,0,738,0.0,0.0,-14,10000.0
14617,-12.0,0,738,0.0,0.0,-13,10000.0
14618,-11.0,0,738,0.0,2.0,-12,10000.0
14619,-10.0,0,738,0.0,1.0,-11,10000.0
14620,-9.0,0,738,0.0,0.0,-10,10000.0
14621,-8.0,0,738,0.0,0.0,-9,10000.0
14622,-7.0,0,738,0.0,0.0,-8,10000.0
14623,-6.0,0,738,0.0,0.0,-7,10000.0
14624,-5.0,0,738,0.0,147.0,-6,10000.0
14625,-4.0,0,738,0.0,477.0,-5,10000.0
14626,-3.0,0,738,0.0,304.0,-4,10000.0
14627,-2.0,0,738,0.0,298.0,-3,10000.0
14628,-1.0,0,738,12.0,334.0,-2,10000.0
14629,0.0,0,738,33.0,277.0,-1,10000.0
14630,1.0,0,738,14.0,211.0,0,10000.0
14631,2.0,0,738,1.0,144.0,1,10000.0
14632,3.0,0,738,5.0,136.0,2,10000.0
14633,4.0,0,738,1.0,96.0,3,10000.0
14634,5.0,0,738,3.0,140.0,4,10000.0
14635,6.0,0,738,2.0,80.0,5,10000.0
14636,7.0,0,738,3.0,93.0,6,10000.0
14637,8.0,0,738,0.0,68.0,7,10000.0
14638,9.0,0,738,0.0,77.0,8,10000.0
14639,10.0,0,738,1.0,55.0,9,10000.0
14640,11.0,0,738,1.0,77.0,10,10000.0
14641,12.0,0,738,0.0,81.0,11,10000.0
14642,13.0,0,738,0.0,54.0,12,10000.0
14643,14.0,0,738,0.0,53.0,13,10000.0
14644,630.0,0,739,3.0,4.0,-14,10000.0
14645,631.0,0,739,1.0,6.0,-13,10000.0
14646,632.0,0,739,2.0,24.0,-12,10000.0
14647,633.0,0,739,2.0,5.0,-11,10000.0
14648,634.0,0,739,3.0,5.0,-10,10000.0
14649,635.0,0,739,4.0,10.0,-9,10000.0
14650,636.0,0,739,2.0,5.0,-8,10000.0
14651,637.0,0,739,0.0,4.0,-7,10000.0
14652,638.0,0,739,0.0,2.0,-6,10000.0
14653,639.0,0,739,1.0,1.0,-5,10000.0
14654,835.0,0,739,0.0,0.0,-4,10000.0
14655,641.0,0,739,0.0,1.0,-3,10000.0
14656,642.0,0,739,1.0,5.0,-2,10000.0
14657,643.0,0,739,0.0,1.0,-1,10000.0
14658,644.0,0,739,0.0,11.0,0,10000.0
14659,645.0,0,739,2.0,6.0,1,10000.0
14660,646.0,0,739,1.0,1.0,2,10000.0
14661,647.0,0,739,0.0,1.0,3,10000.0
14662,648.0,0,739,0.0,1.0,4,10000.0
14663,649.0,0,739,0.0,4.0,5,10000.0
14664,650.0,0,739,0.0,1.0,6,10000.0
14665,651.0,0,739,0.0,2.0,7,10000.0
14666,652.0,0,739,0.0,3.0,8,10000.0
14667,653.0,0,739,0.0,2.0,9,10000.0
14668,849.0,0,739,0.0,0.0,10,10000.0
14669,655.0,0,739,0.0,1.0,11,10000.0
14670,851.0,0,739,0.0,0.0,12,10000.0
14671,657.0,0,739,1.0,3.0,13,10000.0
14672,630.0,0,739,0.0,0.0,-14,10000.0
14673,631.0,0,739,0.0,1.0,-13,10000.0
14674,632.0,0,739,0.0,0.0,-12,10000.0
14675,633.0,0,739,0.0,0.0,-11,10000.0
14676,634.0,0,739,0.0,1.0,-10,10000.0
14677,635.0,0,739,0.0,1.0,-9,10000.0
14678,636.0,0,739,0.0,0.0,-8,10000.0
14679,832.0,0,739,0.0,0.0,-7,10000.0
14680,833.0,0,739,0.0,1.0,-6,10000.0
14681,639.0,0,739,0.0,0.0,-5,10000.0
14682,835.0,0,739,0.0,0.0,-4,10000.0
14683,836.0,0,739,0.0,0.0,-3,10000.0
14684,642.0,0,739,0.0,1.0,-2,10000.0
14685,838.0,0,739,0.0,0.0,-1,10000.0
14686,839.0,0,739,0.0,0.0,0,10000.0
14687,645.0,0,739,0.0,0.0,1,10000.0
14688,646.0,0,739,0.0,0.0,2,10000.0
14689,842.0,0,739,0.0,0.0,3,10000.0
14690,843.0,0,739,0.0,0.0,4,10000.0
14691,844.0,0,739,1.0,0.0,5,10000.0
14692,845.0,0,739,0.0,1.0,6,10000.0
14693,846.0,0,739,0.0,0.0,7,10000.0
14694,847.0,0,739,0.0,2.0,8,10000.0
14695,848.0,0,739,0.0,0.0,9,10000.0
14696,849.0,0,739,0.0,0.0,10,10000.0
14697,850.0,0,739,0.0,0.0,11,10000.0
14698,851.0,0,739,0.0,0.0,12,10000.0
14699,657.0,0,739,0.0,1.0,13,10000.0
14700,602.0,0,743,0.0,0.0,-14,10000.0
14701,603.0,0,743,1.0,0.0,-13,10000.0
14702,604.0,0,743,1.0,0.0,-12,10000.0
14703,605.0,0,743,1.0,0.0,-11,10000.0
14704,606.0,0,743,1.0,1.0,-10,10000.0
14705,607.0,0,743,0.0,0.0,-9,10000.0
14706,608.0,0,743,0.0,0.0,-8,10000.0
14707,609.0,0,743,0.0,0.0,-7,10000.0
14708,610.0,0,743,0.0,1.0,-6,10000.0
14709,611.0,0,743,3.0,7.0,-5,10000.0
14710,612.0,0,743,0.0,4.0,-4,10000.0
14711,613.0,0,743,0.0,2.0,-3,10000.0
14712,614.0,0,743,2.0,1.0,-2,10000.0
14713,615.0,0,743,0.0,3.0,-1,10000.0
14714,616.0,0,743,0.0,1.0,0,10000.0
14715,617.0,0,743,1.0,0.0,1,10000.0
14716,618.0,0,743,0.0,0.0,2,10000.0
14717,619.0,0,743,0.0,0.0,3,10000.0
14718,620.0,0,743,1.0,1.0,4,10000.0
14719,621.0,0,743,0.0,0.0,5,10000.0
14720,622.0,0,743,0.0,3.0,6,10000.0
14721,623.0,0,743,0.0,1.0,7,10000.0
14722,624.0,0,743,0.0,1.0,8,10000.0
14723,625.0,0,743,0.0,1.0,9,10000.0
14724,626.0,0,743,0.0,0.0,10,10000.0
14725,627.0,0,743,0.0,1.0,11,10000.0
14726,628.0,0,743,0.0,1.0,12,10000.0
14727,629.0,0,743,1.0,0.0,13,10000.0
14728,570.0,0,744,0.0,0.0,-14,10000.0
14729,571.0,0,744,0.0,0.0,-13,10000.0
14730,572.0,0,744,0.0,0.0,-12,10000.0
14731,573.0,0,744,0.0,0.0,-11,10000.0
14732,574.0,0,744,0.0,0.0,-10,10000.0
14733,575.0,0,744,0.0,0.0,-9,10000.0
14734,576.0,0,744,0.0,0.0,-8,10000.0
14735,62.0,0,744,0.0,1.0,-7,10000.0
14736,578.0,0,744,1.0,0.0,-6,10000.0
14737,64.0,0,744,2.0,10.0,-5,10000.0
14738,65.0,0,744,0.0,2.0,-4,10000.0
14739,66.0,0,744,0.0,2.0,-3,10000.0
14740,67.0,0,744,0.0,2.0,-2,10000.0
14741,68.0,0,744,0.0,1.0,-1,10000.0
14742,69.0,0,744,1.0,4.0,0,10000.0
14743,70.0,0,744,0.0,1.0,1,10000.0
14744,71.0,0,744,0.0,3.0,2,10000.0
14745,72.0,0,744,2.0,3.0,3,10000.0
14746,73.0,0,744,0.0,1.0,4,10000.0
14747,589.0,0,744,0.0,0.0,5,10000.0
14748,590.0,0,744,0.0,0.0,6,10000.0
14749,591.0,0,744,0.0,0.0,7,10000.0
14750,592.0,0,744,0.0,0.0,8,10000.0
14751,78.0,0,744,0.0,3.0,9,10000.0
14752,594.0,0,744,0.0,0.0,10,10000.0
14753,80.0,0,744,0.0,1.0,11,10000.0
14754,596.0,0,744,1.0,0.0,12,10000.0
14755,597.0,0,744,0.0,0.0,13,10000.0
14756,570.0,0,744,1.0,10.0,-14,10000.0
14757,571.0,0,744,2.0,14.0,-13,10000.0
14758,572.0,0,744,3.0,34.0,-12,10000.0
14759,573.0,0,744,1.0,12.0,-11,10000.0
14760,574.0,0,744,0.0,8.0,-10,10000.0
14761,575.0,0,744,0.0,10.0,-9,10000.0
14762,576.0,0,744,2.0,7.0,-8,10000.0
14763,577.0,0,744,0.0,14.0,-7,10000.0
14764,63.0,0,744,0.0,8.0,-6,10000.0
14765,64.0,0,744,2.0,5.0,-5,10000.0
14766,580.0,0,744,0.0,9.0,-4,10000.0
14767,581.0,0,744,1.0,4.0,-3,10000.0
14768,582.0,0,744,0.0,28.0,-2,10000.0
14769,583.0,0,744,0.0,7.0,-1,10000.0
14770,69.0,0,744,0.0,6.0,0,10000.0
14771,585.0,0,744,1.0,7.0,1,10000.0
14772,586.0,0,744,0.0,4.0,2,10000.0
14773,72.0,0,744,0.0,2.0,3,10000.0
14774,588.0,0,744,1.0,5.0,4,10000.0
14775,589.0,0,744,6.0,15.0,5,10000.0
14776,590.0,0,744,2.0,9.0,6,10000.0
14777,591.0,0,744,0.0,9.0,7,10000.0
14778,592.0,0,744,1.0,4.0,8,10000.0
14779,593.0,0,744,0.0,5.0,9,10000.0
14780,594.0,0,744,0.0,3.0,10,10000.0
14781,595.0,0,744,2.0,10.0,11,10000.0
14782,81.0,0,744,0.0,3.0,12,10000.0
14783,597.0,0,744,1.0,8.0,13,10000.0
14784,562.0,0,745,2.0,11.0,-14,10000.0
14785,563.0,0,745,0.0,14.0,-13,10000.0
14786,564.0,0,745,0.0,10.0,-12,10000.0
14787,565.0,0,745,0.0,20.0,-11,10000.0
14788,566.0,0,745,2.0,9.0,-10,10000.0
14789,567.0,0,745,1.0,6.0,-9,10000.0
14790,568.0,0,745,0.0,5.0,-8,10000.0
14791,569.0,0,745,0.0,5.0,-7,10000.0
14792,570.0,0,745,0.0,4.0,-6,10000.0
14793,571.0,0,745,0.0,2.0,-5,10000.0
14794,572.0,0,745,0.0,2.0,-4,10000.0
14795,573.0,0,745,0.0,7.0,-3,10000.0
14796,574.0,0,745,0.0,5.0,-2,10000.0
14797,575.0,0,745,1.0,4.0,-1,10000.0
14798,576.0,0,745,1.0,2.0,0,10000.0
14799,577.0,0,745,0.0,1.0,1,10000.0
14800,578.0,0,745,1.0,9.0,2,10000.0
14801,579.0,0,745,0.0,4.0,3,10000.0
14802,580.0,0,745,0.0,3.0,4,10000.0
14803,581.0,0,745,1.0,15.0,5,10000.0
14804,582.0,0,745,0.0,5.0,6,10000.0
14805,583.0,0,745,0.0,0.0,7,10000.0
14806,584.0,0,745,0.0,1.0,8,10000.0
14807,585.0,0,745,0.0,3.0,9,10000.0
14808,586.0,0,745,0.0,0.0,10,10000.0
14809,587.0,0,745,0.0,2.0,11,10000.0
14810,588.0,0,745,0.0,5.0,12,10000.0
14811,589.0,0,745,0.0,1.0,13,10000.0
14812,648.0,0,746,0.0,1.0,-14,10000.0
14813,649.0,0,746,0.0,0.0,-13,10000.0
14814,650.0,0,746,0.0,2.0,-12,10000.0
14815,651.0,0,746,1.0,5.0,-11,10000.0
14816,652.0,0,746,2.0,2.0,-10,10000.0
14817,653.0,0,746,3.0,2.0,-9,10000.0
14818,654.0,0,746,0.0,1.0,-8,10000.0
14819,655.0,0,746,6.0,44.0,-7,10000.0
14820,656.0,0,746,2.0,7.0,-6,10000.0
14821,657.0,0,746,0.0,4.0,-5,10000.0
14822,658.0,0,746,2.0,1.0,-4,10000.0
14823,659.0,0,746,1.0,0.0,-3,10000.0
14824,660.0,0,746,0.0,1.0,-2,10000.0
14825,661.0,0,746,1.0,1.0,-1,10000.0
14826,662.0,0,746,1.0,2.0,0,10000.0
14827,663.0,0,746,0.0,1.0,1,10000.0
14828,664.0,0,746,0.0,0.0,2,10000.0
14829,665.0,0,746,0.0,1.0,3,10000.0
14830,666.0,0,746,0.0,0.0,4,10000.0
14831,667.0,0,746,1.0,0.0,5,10000.0
14832,668.0,0,746,0.0,1.0,6,10000.0
14833,669.0,0,746,1.0,0.0,7,10000.0
14834,670.0,0,746,1.0,0.0,8,10000.0
14835,671.0,0,746,0.0,0.0,9,10000.0
14836,672.0,0,746,1.0,1.0,10,10000.0
14837,673.0,0,746,0.0,2.0,11,10000.0
14838,674.0,0,746,0.0,1.0,12,10000.0
14839,675.0,0,746,0.0,1.0,13,10000.0
14840,574.0,0,747,1.0,29.0,-14,10000.0
14841,575.0,0,747,1.0,13.0,-13,10000.0
14842,576.0,0,747,2.0,9.0,-12,10000.0
14843,577.0,0,747,0.0,7.0,-11,10000.0
14844,578.0,0,747,1.0,2.0,-10,10000.0
14845,579.0,0,747,1.0,12.0,-9,10000.0
14846,580.0,0,747,0.0,10.0,-8,10000.0
14847,581.0,0,747,0.0,6.0,-7,10000.0
14848,582.0,0,747,0.0,10.0,-6,10000.0
14849,583.0,0,747,2.0,8.0,-5,10000.0
14850,584.0,0,747,23.0,202.0,-4,10000.0
14851,585.0,0,747,11.0,69.0,-3,10000.0
14852,586.0,0,747,3.0,30.0,-2,10000.0
14853,587.0,0,747,6.0,20.0,-1,10000.0
14854,588.0,0,747,2.0,5.0,0,10000.0
14855,589.0,0,747,5.0,10.0,1,10000.0
14856,590.0,0,747,0.0,7.0,2,10000.0
14857,591.0,0,747,1.0,17.0,3,10000.0
14858,592.0,0,747,0.0,13.0,4,10000.0
14859,593.0,0,747,1.0,36.0,5,10000.0
14860,594.0,0,747,1.0,11.0,6,10000.0
14861,595.0,0,747,2.0,20.0,7,10000.0
14862,596.0,0,747,1.0,7.0,8,10000.0
14863,597.0,0,747,1.0,13.0,9,10000.0
14864,598.0,0,747,2.0,2.0,10,10000.0
14865,599.0,0,747,0.0,4.0,11,10000.0
14866,600.0,0,747,0.0,6.0,12,10000.0
14867,601.0,0,747,1.0,2.0,13,10000.0
14868,616.0,0,747,1.0,13.0,-14,10000.0
14869,617.0,0,747,2.0,9.0,-13,10000.0
14870,790.0,0,747,0.0,7.0,-12,10000.0
14871,619.0,0,747,1.0,2.0,-11,10000.0
14872,620.0,0,747,1.0,12.0,-10,10000.0
14873,621.0,0,747,0.0,11.0,-9,10000.0
14874,622.0,0,747,0.0,5.0,-8,10000.0
14875,623.0,0,747,0.0,10.0,-7,10000.0
14876,624.0,0,747,3.0,10.0,-6,10000.0
14877,625.0,0,747,25.0,210.0,-5,10000.0
14878,626.0,0,747,8.0,66.0,-4,10000.0
14879,627.0,0,747,3.0,23.0,-3,10000.0
14880,628.0,0,747,6.0,20.0,-2,10000.0
14881,629.0,0,747,2.0,5.0,-1,10000.0
14882,630.0,0,747,5.0,11.0,0,10000.0
14883,631.0,0,747,0.0,7.0,1,10000.0
14884,632.0,0,747,1.0,18.0,2,10000.0
14885,633.0,0,747,0.0,12.0,3,10000.0
14886,634.0,0,747,1.0,37.0,4,10000.0
14887,635.0,0,747,1.0,9.0,5,10000.0
14888,636.0,0,747,2.0,20.0,6,10000.0
14889,637.0,0,747,1.0,7.0,7,10000.0
14890,638.0,0,747,1.0,13.0,8,10000.0
14891,639.0,0,747,2.0,2.0,9,10000.0
14892,640.0,0,747,0.0,5.0,10,10000.0
14893,641.0,0,747,0.0,5.0,11,10000.0
14894,642.0,0,747,1.0,2.0,12,10000.0
14895,643.0,0,747,0.0,5.0,13,10000.0
14896,574.0,0,747,2.0,3.0,-14,10000.0
14897,575.0,0,747,2.0,3.0,-13,10000.0
14898,576.0,0,747,0.0,0.0,-12,10000.0
14899,791.0,0,747,1.0,9.0,-11,10000.0
14900,578.0,0,747,0.0,8.0,-10,10000.0
14901,579.0,0,747,2.0,8.0,-9,10000.0
14902,794.0,0,747,2.0,5.0,-8,10000.0
14903,795.0,0,747,0.0,7.0,-7,10000.0
14904,796.0,0,747,0.0,7.0,-6,10000.0
14905,583.0,0,747,2.0,46.0,-5,10000.0
14906,584.0,0,747,3.0,37.0,-4,10000.0
14907,585.0,0,747,2.0,6.0,-3,10000.0
14908,586.0,0,747,0.0,9.0,-2,10000.0
14909,587.0,0,747,0.0,5.0,-1,10000.0
14910,588.0,0,747,1.0,4.0,0,10000.0
14911,589.0,0,747,0.0,3.0,1,10000.0
14912,804.0,0,747,1.0,5.0,2,10000.0
14913,591.0,0,747,0.0,16.0,3,10000.0
14914,806.0,0,747,1.0,12.0,4,10000.0
14915,593.0,0,747,3.0,28.0,5,10000.0
14916,594.0,0,747,1.0,19.0,6,10000.0
14917,595.0,0,747,3.0,9.0,7,10000.0
14918,596.0,0,747,16.0,166.0,8,10000.0
14919,597.0,0,747,7.0,87.0,9,10000.0
14920,598.0,0,747,2.0,22.0,10,10000.0
14921,813.0,0,747,4.0,18.0,11,10000.0
14922,814.0,0,747,0.0,7.0,12,10000.0
14923,601.0,0,747,1.0,9.0,13,10000.0
14924,616.0,0,747,0.0,3.0,-14,10000.0
14925,617.0,0,747,2.0,5.0,-13,10000.0
14926,790.0,0,747,4.0,17.0,-12,10000.0
14927,619.0,0,747,0.0,1.0,-11,10000.0
14928,792.0,0,747,1.0,2.0,-10,10000.0
14929,621.0,0,747,1.0,1.0,-9,10000.0
14930,622.0,0,747,1.0,1.0,-8,10000.0
14931,795.0,0,747,0.0,3.0,-7,10000.0
14932,796.0,0,747,0.0,2.0,-6,10000.0
14933,625.0,0,747,2.0,5.0,-5,10000.0
14934,626.0,0,747,0.0,8.0,-4,10000.0
14935,627.0,0,747,3.0,15.0,-3,10000.0
14936,800.0,0,747,1.0,4.0,-2,10000.0
14937,801.0,0,747,3.0,5.0,-1,10000.0
14938,630.0,0,747,2.0,12.0,0,10000.0
14939,803.0,0,747,0.0,6.0,1,10000.0
14940,632.0,0,747,2.0,7.0,2,10000.0
14941,805.0,0,747,8.0,29.0,3,10000.0
14942,634.0,0,747,4.0,16.0,4,10000.0
14943,635.0,0,747,4.0,19.0,5,10000.0
14944,636.0,0,747,2.0,4.0,6,10000.0
14945,637.0,0,747,2.0,5.0,7,10000.0
14946,638.0,0,747,1.0,2.0,8,10000.0
14947,639.0,0,747,1.0,6.0,9,10000.0
14948,640.0,0,747,3.0,4.0,10,10000.0
14949,641.0,0,747,4.0,11.0,11,10000.0
14950,814.0,0,747,1.0,2.0,12,10000.0
14951,643.0,0,747,3.0,7.0,13,10000.0
14952,588.0,0,748,0.0,0.0,-14,10000.0
14953,589.0,0,748,0.0,0.0,-13,10000.0
14954,590.0,0,748,0.0,0.0,-12,10000.0
14955,591.0,0,748,0.0,0.0,-11,10000.0
14956,592.0,0,748,0.0,0.0,-10,10000.0
14957,593.0,0,748,0.0,0.0,-9,10000.0
14958,558.0,0,748,1.0,1.0,-8,10000.0
14959,559.0,0,748,0.0,2.0,-7,10000.0
14960,560.0,0,748,3.0,3.0,-6,10000.0
14961,561.0,0,748,0.0,1.0,-5,10000.0
14962,562.0,0,748,3.0,9.0,-4,10000.0
14963,563.0,0,748,1.0,6.0,-3,10000.0
14964,564.0,0,748,9.0,45.0,-2,10000.0
14965,565.0,0,748,9.0,72.0,-1,10000.0
14966,566.0,0,748,1.0,35.0,0,10000.0
14967,567.0,0,748,1.0,29.0,1,10000.0
14968,568.0,0,748,3.0,21.0,2,10000.0
14969,569.0,0,748,2.0,40.0,3,10000.0
14970,570.0,0,748,1.0,21.0,4,10000.0
14971,571.0,0,748,0.0,13.0,5,10000.0
14972,572.0,0,748,1.0,12.0,6,10000.0
14973,573.0,0,748,0.0,10.0,7,10000.0
14974,574.0,0,748,0.0,8.0,8,10000.0
14975,575.0,0,748,0.0,5.0,9,10000.0
14976,576.0,0,748,1.0,8.0,10,10000.0
14977,577.0,0,748,1.0,6.0,11,10000.0
14978,578.0,0,748,0.0,5.0,12,10000.0
14979,579.0,0,748,0.0,35.0,13,10000.0
14980,588.0,0,748,3.0,14.0,-14,10000.0
14981,589.0,0,748,1.0,10.0,-13,10000.0
14982,590.0,0,748,1.0,5.0,-12,10000.0
14983,591.0,0,748,1.0,6.0,-11,10000.0
14984,592.0,0,748,0.0,6.0,-10,10000.0
14985,593.0,0,748,1.0,2.0,-9,10000.0
14986,594.0,0,748,0.0,4.0,-8,10000.0
14987,595.0,0,748,0.0,4.0,-7,10000.0
14988,596.0,0,748,2.0,2.0,-6,10000.0
14989,597.0,0,748,0.0,4.0,-5,10000.0
14990,598.0,0,748,0.0,1.0,-4,10000.0
14991,599.0,0,748,1.0,6.0,-3,10000.0
14992,600.0,0,748,3.0,6.0,-2,10000.0
14993,601.0,0,748,0.0,5.0,-1,10000.0
14994,602.0,0,748,0.0,1.0,0,10000.0
14995,603.0,0,748,0.0,2.0,1,10000.0
14996,604.0,0,748,2.0,1.0,2,10000.0
14997,605.0,0,748,0.0,6.0,3,10000.0
14998,606.0,0,748,0.0,2.0,4,10000.0
14999,607.0,0,748,1.0,1.0,5,10000.0
15000,608.0,0,748,0.0,1.0,6,10000.0
15001,609.0,0,748,0.0,0.0,7,10000.0
15002,610.0,0,748,1.0,3.0,8,10000.0
15003,611.0,0,748,0.0,2.0,9,10000.0
15004,612.0,0,748,0.0,1.0,10,10000.0
15005,613.0,0,748,0.0,2.0,11,10000.0
15006,614.0,0,748,0.0,1.0,12,10000.0
15007,615.0,0,748,0.0,4.0,13,10000.0
15008,582.0,0,748,1.0,3.0,-14,10000.0
15009,583.0,0,748,0.0,3.0,-13,10000.0
15010,584.0,0,748,1.0,3.0,-12,10000.0
15011,585.0,0,748,1.0,4.0,-11,10000.0
15012,592.0,0,748,0.0,3.0,-10,10000.0
15013,587.0,0,748,0.0,2.0,-9,10000.0
15014,594.0,0,748,2.0,8.0,-8,10000.0
15015,595.0,0,748,2.0,3.0,-7,10000.0
15016,590.0,0,748,0.0,4.0,-6,10000.0
15017,597.0,0,748,0.0,3.0,-5,10000.0
15018,598.0,0,748,1.0,0.0,-4,10000.0
15019,593.0,0,748,1.0,5.0,-3,10000.0
15020,594.0,0,748,0.0,3.0,-2,10000.0
15021,601.0,0,748,0.0,1.0,-1,10000.0
15022,602.0,0,748,1.0,2.0,0,10000.0
15023,603.0,0,748,0.0,0.0,1,10000.0
15024,598.0,0,748,1.0,0.0,2,10000.0
15025,605.0,0,748,0.0,3.0,3,10000.0
15026,606.0,0,748,0.0,2.0,4,10000.0
15027,601.0,0,748,0.0,1.0,5,10000.0
15028,608.0,0,748,1.0,2.0,6,10000.0
15029,609.0,0,748,0.0,1.0,7,10000.0
15030,604.0,0,748,0.0,4.0,8,10000.0
15031,611.0,0,748,1.0,5.0,9,10000.0
15032,612.0,0,748,0.0,2.0,10,10000.0
15033,613.0,0,748,1.0,1.0,11,10000.0
15034,614.0,0,748,1.0,3.0,12,10000.0
15035,615.0,0,748,0.0,3.0,13,10000.0
15036,565.0,0,751,22.0,168.0,-14,10000.0
15037,566.0,0,751,10.0,99.0,-13,10000.0
15038,567.0,0,751,8.0,124.0,-12,10000.0
15039,568.0,0,751,11.0,146.0,-11,10000.0
15040,569.0,0,751,16.0,163.0,-10,10000.0
15041,570.0,0,751,12.0,117.0,-9,10000.0
15042,571.0,0,751,9.0,96.0,-8,10000.0
15043,572.0,0,751,7.0,92.0,-7,10000.0
15044,573.0,0,751,3.0,60.0,-6,10000.0
15045,574.0,0,751,0.0,35.0,-5,10000.0
15046,575.0,0,751,5.0,59.0,-4,10000.0
15047,576.0,0,751,9.0,41.0,-3,10000.0
15048,577.0,0,751,6.0,27.0,-2,10000.0
15049,578.0,0,751,5.0,76.0,-1,10000.0
15050,579.0,0,751,12.0,119.0,0,10000.0
15051,580.0,0,751,5.0,26.0,1,10000.0
15052,581.0,0,751,3.0,25.0,2,10000.0
15053,582.0,0,751,5.0,17.0,3,10000.0
15054,583.0,0,751,2.0,25.0,4,10000.0
15055,584.0,0,751,2.0,32.0,5,10000.0
15056,585.0,0,751,2.0,22.0,6,10000.0
15057,586.0,0,751,5.0,22.0,7,10000.0
15058,587.0,0,751,2.0,14.0,8,10000.0
15059,588.0,0,751,5.0,20.0,9,10000.0
15060,589.0,0,751,0.0,23.0,10,10000.0
15061,590.0,0,751,4.0,9.0,11,10000.0
15062,591.0,0,751,3.0,8.0,12,10000.0
15063,592.0,0,751,2.0,7.0,13,10000.0
15064,594.0,0,752,10.0,38.0,-14,10000.0
15065,595.0,0,752,2.0,4.0,-13,10000.0
15066,596.0,0,752,3.0,2.0,-12,10000.0
15067,597.0,0,752,1.0,5.0,-11,10000.0
15068,598.0,0,752,2.0,11.0,-10,10000.0
15069,599.0,0,752,3.0,11.0,-9,10000.0
15070,600.0,0,752,1.0,7.0,-8,10000.0
15071,601.0,0,752,0.0,6.0,-7,10000.0
15072,602.0,0,752,1.0,13.0,-6,10000.0
15073,603.0,0,752,2.0,8.0,-5,10000.0
15074,604.0,0,752,1.0,7.0,-4,10000.0
15075,605.0,0,752,0.0,6.0,-3,10000.0
15076,606.0,0,752,4.0,7.0,-2,10000.0
15077,732.0,0,752,0.0,0.0,-1,10000.0
15078,608.0,0,752,2.0,7.0,0,10000.0
15079,609.0,0,752,2.0,4.0,1,10000.0
15080,610.0,0,752,2.0,8.0,2,10000.0
15081,611.0,0,752,1.0,5.0,3,10000.0
15082,612.0,0,752,0.0,3.0,4,10000.0
15083,613.0,0,752,0.0,4.0,5,10000.0
15084,614.0,0,752,2.0,4.0,6,10000.0
15085,615.0,0,752,2.0,5.0,7,10000.0
15086,616.0,0,752,1.0,1.0,8,10000.0
15087,617.0,0,752,2.0,4.0,9,10000.0
15088,618.0,0,752,0.0,3.0,10,10000.0
15089,619.0,0,752,1.0,9.0,11,10000.0
15090,620.0,0,752,1.0,12.0,12,10000.0
15091,621.0,0,752,1.0,3.0,13,10000.0
15092,719.0,0,752,1.0,2.0,-14,10000.0
15093,720.0,0,752,0.0,3.0,-13,10000.0
15094,721.0,0,752,0.0,1.0,-12,10000.0
15095,722.0,0,752,0.0,0.0,-11,10000.0
15096,723.0,0,752,1.0,1.0,-10,10000.0
15097,724.0,0,752,0.0,0.0,-9,10000.0
15098,725.0,0,752,0.0,4.0,-8,10000.0
15099,726.0,0,752,2.0,1.0,-7,10000.0
15100,727.0,0,752,0.0,1.0,-6,10000.0
15101,728.0,0,752,0.0,1.0,-5,10000.0
15102,729.0,0,752,1.0,1.0,-4,10000.0
15103,730.0,0,752,0.0,0.0,-3,10000.0
15104,731.0,0,752,1.0,6.0,-2,10000.0
15105,732.0,0,752,0.0,1.0,-1,10000.0
15106,733.0,0,752,0.0,2.0,0,10000.0
15107,734.0,0,752,0.0,1.0,1,10000.0
15108,735.0,0,752,0.0,0.0,2,10000.0
15109,736.0,0,752,0.0,1.0,3,10000.0
15110,737.0,0,752,0.0,1.0,4,10000.0
15111,738.0,0,752,2.0,2.0,5,10000.0
15112,739.0,0,752,0.0,0.0,6,10000.0
15113,740.0,0,752,0.0,1.0,7,10000.0
15114,741.0,0,752,0.0,0.0,8,10000.0
15115,742.0,0,752,0.0,0.0,9,10000.0
15116,743.0,0,752,0.0,0.0,10,10000.0
15117,744.0,0,752,0.0,0.0,11,10000.0
15118,745.0,0,752,1.0,4.0,12,10000.0
15119,746.0,0,752,1.0,3.0,13,10000.0
15120,707.0,0,752,1.0,5.0,-14,10000.0
15121,720.0,0,752,0.0,1.0,-13,10000.0
15122,721.0,0,752,0.0,2.0,-12,10000.0
15123,722.0,0,752,0.0,1.0,-11,10000.0
15124,711.0,0,752,0.0,0.0,-10,10000.0
15125,724.0,0,752,0.0,1.0,-9,10000.0
15126,725.0,0,752,1.0,1.0,-8,10000.0
15127,714.0,0,752,1.0,2.0,-7,10000.0
15128,727.0,0,752,0.0,1.0,-6,10000.0
15129,728.0,0,752,0.0,0.0,-5,10000.0
15130,717.0,0,752,0.0,0.0,-4,10000.0
15131,730.0,0,752,0.0,0.0,-3,10000.0
15132,719.0,0,752,0.0,0.0,-2,10000.0
15133,732.0,0,752,0.0,0.0,-1,10000.0
15134,733.0,0,752,2.0,4.0,0,10000.0
15135,734.0,0,752,0.0,4.0,1,10000.0
15136,735.0,0,752,0.0,3.0,2,10000.0
15137,736.0,0,752,1.0,0.0,3,10000.0
15138,737.0,0,752,0.0,2.0,4,10000.0
15139,726.0,0,752,0.0,3.0,5,10000.0
15140,739.0,0,752,1.0,0.0,6,10000.0
15141,740.0,0,752,0.0,1.0,7,10000.0
15142,741.0,0,752,0.0,3.0,8,10000.0
15143,742.0,0,752,0.0,1.0,9,10000.0
15144,743.0,0,752,0.0,2.0,10,10000.0
15145,744.0,0,752,0.0,0.0,11,10000.0
15146,733.0,0,752,0.0,0.0,12,10000.0
15147,734.0,0,752,1.0,1.0,13,10000.0
15148,565.0,0,753,0.0,0.0,-14,10000.0
15149,566.0,0,753,0.0,1.0,-13,10000.0
15150,567.0,0,753,2.0,35.0,-12,10000.0
15151,568.0,0,753,1.0,31.0,-11,10000.0
15152,569.0,0,753,1.0,22.0,-10,10000.0
15153,570.0,0,753,7.0,52.0,-9,10000.0
15154,571.0,0,753,20.0,161.0,-8,10000.0
15155,572.0,0,753,12.0,117.0,-7,10000.0
15156,573.0,0,753,4.0,62.0,-6,10000.0
15157,574.0,0,753,3.0,49.0,-5,10000.0
15158,575.0,0,753,122.0,1201.0,-4,10000.0
15159,576.0,0,753,211.0,1844.0,-3,10000.0
15160,577.0,0,753,29.0,234.0,-2,10000.0
15161,578.0,0,753,23.0,258.0,-1,10000.0
15162,579.0,0,753,46.0,421.0,0,10000.0
15163,580.0,0,753,7.0,156.0,1,10000.0
15164,581.0,0,753,6.0,138.0,2,10000.0
15165,582.0,0,753,5.0,110.0,3,10000.0
15166,583.0,0,753,9.0,119.0,4,10000.0
15167,584.0,0,753,7.0,170.0,5,10000.0
15168,585.0,0,753,12.0,170.0,6,10000.0
15169,586.0,0,753,10.0,196.0,7,10000.0
15170,587.0,0,753,11.0,217.0,8,10000.0
15171,588.0,0,753,5.0,139.0,9,10000.0
15172,589.0,0,753,49.0,912.0,10,10000.0
15173,590.0,0,753,22.0,404.0,11,10000.0
15174,591.0,0,753,4.0,118.0,12,10000.0
15175,592.0,0,753,9.0,157.0,13,10000.0
15176,573.0,0,756,98.0,1230.0,-14,10000.0
15177,574.0,0,756,43.0,467.0,-13,10000.0
15178,575.0,0,756,51.0,695.0,-12,10000.0
15179,576.0,0,756,25.0,300.0,-11,10000.0
15180,577.0,0,756,17.0,178.0,-10,10000.0
15181,578.0,0,756,8.0,213.0,-9,10000.0
15182,579.0,0,756,20.0,222.0,-8,10000.0
15183,580.0,0,756,8.0,134.0,-7,10000.0
15184,581.0,0,756,9.0,139.0,-6,10000.0
15185,582.0,0,756,9.0,131.0,-5,10000.0
15186,583.0,0,756,10.0,127.0,-4,10000.0
15187,584.0,0,756,9.0,108.0,-3,10000.0
15188,585.0,0,756,19.0,129.0,-2,10000.0
15189,586.0,0,756,48.0,313.0,-1,10000.0
15190,587.0,0,756,21.0,207.0,0,10000.0
15191,588.0,0,756,7.0,83.0,1,10000.0
15192,589.0,0,756,7.0,60.0,2,10000.0
15193,590.0,0,756,5.0,43.0,3,10000.0
15194,591.0,0,756,2.0,59.0,4,10000.0
15195,592.0,0,756,5.0,55.0,5,10000.0
15196,593.0,0,756,4.0,64.0,6,10000.0
15197,594.0,0,756,3.0,53.0,7,10000.0
15198,595.0,0,756,8.0,40.0,8,10000.0
15199,596.0,0,756,3.0,23.0,9,10000.0
15200,597.0,0,756,2.0,27.0,10,10000.0
15201,598.0,0,756,2.0,28.0,11,10000.0
15202,599.0,0,756,3.0,38.0,12,10000.0
15203,600.0,0,756,6.0,66.0,13,10000.0
15204,565.0,0,757,0.0,0.0,-14,10000.0
15205,566.0,0,757,0.0,0.0,-13,10000.0
15206,567.0,0,757,0.0,0.0,-12,10000.0
15207,568.0,0,757,0.0,0.0,-11,10000.0
15208,569.0,0,757,0.0,0.0,-10,10000.0
15209,570.0,0,757,0.0,0.0,-9,10000.0
15210,571.0,0,757,0.0,0.0,-8,10000.0
15211,-6.0,0,757,0.0,11.0,-7,10000.0
15212,-5.0,0,757,0.0,7.0,-6,10000.0
15213,-4.0,0,757,0.0,8.0,-5,10000.0
15214,-3.0,0,757,0.0,6.0,-4,10000.0
15215,-2.0,0,757,0.0,11.0,-3,10000.0
15216,-1.0,0,757,0.0,8.0,-2,10000.0
15217,0.0,0,757,1.0,1.0,-1,10000.0
15218,1.0,0,757,0.0,3.0,0,10000.0
15219,2.0,0,757,0.0,3.0,1,10000.0
15220,3.0,0,757,0.0,2.0,2,10000.0
15221,4.0,0,757,1.0,3.0,3,10000.0
15222,583.0,0,757,0.0,0.0,4,10000.0
15223,584.0,0,757,0.0,0.0,5,10000.0
15224,7.0,0,757,0.0,2.0,6,10000.0
15225,8.0,0,757,0.0,3.0,7,10000.0
15226,9.0,0,757,0.0,1.0,8,10000.0
15227,588.0,0,757,0.0,0.0,9,10000.0
15228,11.0,0,757,0.0,3.0,10,10000.0
15229,12.0,0,757,0.0,1.0,11,10000.0
15230,13.0,0,757,0.0,2.0,12,10000.0
15231,14.0,0,757,0.0,1.0,13,10000.0
15232,-13.0,0,757,0.0,0.0,-14,10000.0
15233,-12.0,0,757,0.0,0.0,-13,10000.0
15234,-11.0,0,757,0.0,0.0,-12,10000.0
15235,-10.0,0,757,0.0,0.0,-11,10000.0
15236,-9.0,0,757,0.0,0.0,-10,10000.0
15237,-8.0,0,757,0.0,0.0,-9,10000.0
15238,-7.0,0,757,0.0,0.0,-8,10000.0
15239,-6.0,0,757,0.0,1.0,-7,10000.0
15240,-5.0,0,757,0.0,0.0,-6,10000.0
15241,-4.0,0,757,0.0,0.0,-5,10000.0
15242,-3.0,0,757,0.0,0.0,-4,10000.0
15243,-2.0,0,757,0.0,0.0,-3,10000.0
15244,-1.0,0,757,0.0,0.0,-2,10000.0
15245,0.0,0,757,0.0,0.0,-1,10000.0
15246,1.0,0,757,0.0,1.0,0,10000.0
15247,2.0,0,757,0.0,0.0,1,10000.0
15248,3.0,0,757,0.0,0.0,2,10000.0
15249,4.0,0,757,0.0,0.0,3,10000.0
15250,5.0,0,757,0.0,0.0,4,10000.0
15251,6.0,0,757,0.0,0.0,5,10000.0
15252,7.0,0,757,0.0,0.0,6,10000.0
15253,8.0,0,757,0.0,0.0,7,10000.0
15254,9.0,0,757,0.0,0.0,8,10000.0
15255,10.0,0,757,0.0,0.0,9,10000.0
15256,11.0,0,757,0.0,0.0,10,10000.0
15257,12.0,0,757,0.0,1.0,11,10000.0
15258,13.0,0,757,0.0,0.0,12,10000.0
15259,14.0,0,757,0.0,0.0,13,10000.0
15260,684.0,0,758,0.0,0.0,-14,10000.0
15261,685.0,0,758,0.0,0.0,-13,10000.0
15262,686.0,0,758,0.0,0.0,-12,10000.0
15263,687.0,0,758,0.0,0.0,-11,10000.0
15264,688.0,0,758,0.0,0.0,-10,10000.0
15265,689.0,0,758,0.0,0.0,-9,10000.0
15266,690.0,0,758,0.0,0.0,-8,10000.0
15267,691.0,0,758,0.0,0.0,-7,10000.0
15268,692.0,0,758,0.0,0.0,-6,10000.0
15269,693.0,0,758,0.0,0.0,-5,10000.0
15270,694.0,0,758,0.0,0.0,-4,10000.0
15271,695.0,0,758,0.0,0.0,-3,10000.0
15272,696.0,0,758,0.0,0.0,-2,10000.0
15273,697.0,0,758,0.0,0.0,-1,10000.0
15274,698.0,0,758,0.0,1.0,0,10000.0
15275,699.0,0,758,0.0,0.0,1,10000.0
15276,700.0,0,758,0.0,0.0,2,10000.0
15277,701.0,0,758,0.0,0.0,3,10000.0
15278,702.0,0,758,0.0,0.0,4,10000.0
15279,703.0,0,758,0.0,0.0,5,10000.0
15280,704.0,0,758,0.0,0.0,6,10000.0
15281,705.0,0,758,0.0,0.0,7,10000.0
15282,706.0,0,758,0.0,0.0,8,10000.0
15283,707.0,0,758,0.0,0.0,9,10000.0
15284,708.0,0,758,0.0,1.0,10,10000.0
15285,709.0,0,758,0.0,0.0,11,10000.0
15286,710.0,0,758,0.0,1.0,12,10000.0
15287,711.0,0,758,0.0,2.0,13,10000.0
