,Unnamed: 0,period,post.treat,unit_id,gain_rate_fol,gain_rate_non,ts,year_treated
0,0,164.0,0,0,0.0,0.0,-14,178.0
1,1,165.0,0,0,0.0,0.0,-13,178.0
2,2,166.0,0,0,0.0,0.0,-12,178.0
3,3,167.0,0,0,0.0,1.0,-11,178.0
4,4,168.0,0,0,0.0,0.0,-10,178.0
5,5,169.0,0,0,0.0,0.0,-9,178.0
6,6,170.0,0,0,0.0,1.0,-8,178.0
7,7,171.0,0,0,0.0,0.0,-7,178.0
8,8,172.0,0,0,0.0,0.0,-6,178.0
9,9,173.0,0,0,0.0,0.0,-5,178.0
10,10,174.0,0,0,0.0,0.0,-4,178.0
11,11,175.0,0,0,0.0,0.0,-3,178.0
12,12,176.0,0,0,0.0,0.0,-2,178.0
13,13,177.0,0,0,1.0,0.0,-1,178.0
14,14,178.0,1,0,7.0,18.0,0,178.0
15,15,179.0,1,0,2.0,2.0,1,178.0
16,16,180.0,1,0,0.0,1.0,2,178.0
17,17,181.0,1,0,1.0,2.0,3,178.0
18,18,182.0,1,0,1.0,0.0,4,178.0
19,19,183.0,1,0,0.0,1.0,5,178.0
20,20,184.0,1,0,0.0,1.0,6,178.0
21,21,185.0,1,0,1.0,0.0,7,178.0
22,22,186.0,1,0,2.0,1.0,8,178.0
23,23,187.0,1,0,0.0,0.0,9,178.0
24,24,188.0,1,0,0.0,0.0,10,178.0
25,25,189.0,1,0,0.0,0.0,11,178.0
26,26,190.0,1,0,0.0,1.0,12,178.0
27,27,191.0,1,0,1.0,0.0,13,178.0
28,28,193.0,0,1,7.0,5.0,-14,207.0
29,29,194.0,0,1,6.0,2.0,-13,207.0
30,30,195.0,0,1,1.0,1.0,-12,207.0
31,31,196.0,0,1,1.0,4.0,-11,207.0
32,32,197.0,0,1,3.0,5.0,-10,207.0
33,33,198.0,0,1,3.0,2.0,-9,207.0
34,34,199.0,0,1,12.0,5.0,-8,207.0
35,35,200.0,0,1,3.0,3.0,-7,207.0
36,36,201.0,0,1,3.0,0.0,-6,207.0
37,37,202.0,0,1,3.0,2.0,-5,207.0
38,38,203.0,0,1,7.0,3.0,-4,207.0
39,39,204.0,0,1,23.0,8.0,-3,207.0
40,40,205.0,0,1,16.0,2.0,-2,207.0
41,41,206.0,0,1,5.0,7.0,-1,207.0
42,42,207.0,1,1,320.0,137.0,0,207.0
43,43,208.0,1,1,13.0,9.0,1,207.0
44,44,209.0,1,1,8.0,1.0,2,207.0
45,45,210.0,1,1,2.0,2.0,3,207.0
46,46,211.0,1,1,7.0,3.0,4,207.0
47,47,212.0,1,1,5.0,0.0,5,207.0
48,48,213.0,1,1,3.0,4.0,6,207.0
49,49,214.0,1,1,59.0,12.0,7,207.0
50,50,215.0,1,1,11.0,8.0,8,207.0
51,51,216.0,1,1,11.0,3.0,9,207.0
52,52,217.0,1,1,5.0,5.0,10,207.0
53,53,218.0,1,1,6.0,3.0,11,207.0
54,54,219.0,1,1,8.0,3.0,12,207.0
55,55,220.0,1,1,8.0,7.0,13,207.0
56,56,51.0,0,2,604.0,1066.0,-14,65.0
57,57,52.0,0,2,374.0,848.0,-13,65.0
58,58,53.0,0,2,389.0,789.0,-12,65.0
59,59,54.0,0,2,422.0,907.0,-11,65.0
60,60,55.0,0,2,622.0,1513.0,-10,65.0
61,61,56.0,0,2,465.0,1006.0,-9,65.0
62,62,57.0,0,2,330.0,722.0,-8,65.0
63,63,58.0,0,2,619.0,1012.0,-7,65.0
64,64,59.0,0,2,834.0,1028.0,-6,65.0
65,65,60.0,0,2,1225.0,1184.0,-5,65.0
66,66,61.0,0,2,199.0,370.0,-4,65.0
67,67,62.0,0,2,457.0,605.0,-3,65.0
68,68,63.0,0,2,317.0,466.0,-2,65.0
69,69,64.0,0,2,283.0,520.0,-1,65.0
70,70,65.0,1,2,292.0,517.0,0,65.0
71,71,66.0,1,2,713.0,1290.0,1,65.0
72,72,67.0,1,2,241.0,476.0,2,65.0
73,73,68.0,1,2,294.0,572.0,3,65.0
74,74,69.0,1,2,159.0,346.0,4,65.0
75,75,70.0,1,2,174.0,335.0,5,65.0
76,76,71.0,1,2,142.0,444.0,6,65.0
77,77,72.0,1,2,95.0,484.0,7,65.0
78,78,73.0,1,2,136.0,475.0,8,65.0
79,79,74.0,1,2,86.0,293.0,9,65.0
80,80,75.0,1,2,86.0,247.0,10,65.0
81,81,76.0,1,2,50.0,189.0,11,65.0
82,82,77.0,1,2,42.0,140.0,12,65.0
83,83,78.0,1,2,60.0,155.0,13,65.0
84,84,28.0,0,3,59.0,1340.0,-14,42.0
85,85,29.0,0,3,49.0,906.0,-13,42.0
86,86,30.0,0,3,81.0,1184.0,-12,42.0
87,87,31.0,0,3,507.0,2518.0,-11,42.0
88,88,32.0,0,3,843.0,5085.0,-10,42.0
89,89,33.0,0,3,434.0,3324.0,-9,42.0
90,90,34.0,0,3,391.0,2870.0,-8,42.0
91,91,35.0,0,3,299.0,2065.0,-7,42.0
92,92,36.0,0,3,660.0,3630.0,-6,42.0
93,93,37.0,0,3,453.0,1552.0,-5,42.0
94,94,38.0,0,3,647.0,1885.0,-4,42.0
95,95,39.0,0,3,768.0,2107.0,-3,42.0
96,96,40.0,0,3,900.0,1984.0,-2,42.0
97,97,41.0,0,3,611.0,1498.0,-1,42.0
98,98,42.0,1,3,345.0,1160.0,0,42.0
99,99,43.0,1,3,321.0,1333.0,1,42.0
100,100,44.0,1,3,1111.0,2397.0,2,42.0
101,101,45.0,1,3,1575.0,3296.0,3,42.0
102,102,46.0,1,3,190.0,876.0,4,42.0
103,103,47.0,1,3,272.0,1111.0,5,42.0
104,104,48.0,1,3,228.0,809.0,6,42.0
105,105,49.0,1,3,50.0,358.0,7,42.0
106,106,50.0,1,3,45.0,262.0,8,42.0
107,107,51.0,1,3,160.0,710.0,9,42.0
108,108,52.0,1,3,123.0,591.0,10,42.0
109,109,53.0,1,3,69.0,384.0,11,42.0
110,110,54.0,1,3,61.0,425.0,12,42.0
111,111,55.0,1,3,131.0,847.0,13,42.0
112,112,196.0,0,4,320.0,734.0,-14,210.0
113,113,197.0,0,4,71.0,202.0,-13,210.0
114,114,198.0,0,4,47.0,167.0,-12,210.0
115,115,199.0,0,4,152.0,424.0,-11,210.0
116,116,200.0,0,4,77.0,277.0,-10,210.0
117,117,201.0,0,4,329.0,824.0,-9,210.0
118,118,202.0,0,4,53.0,165.0,-8,210.0
119,119,203.0,0,4,52.0,185.0,-7,210.0
120,120,204.0,0,4,27.0,118.0,-6,210.0
121,121,205.0,0,4,299.0,596.0,-5,210.0
122,122,206.0,0,4,180.0,414.0,-4,210.0
123,123,207.0,0,4,184.0,291.0,-3,210.0
124,124,208.0,0,4,56.0,150.0,-2,210.0
125,125,209.0,0,4,51.0,119.0,-1,210.0
126,126,210.0,1,4,662.0,903.0,0,210.0
127,127,211.0,1,4,118.0,165.0,1,210.0
128,128,212.0,1,4,453.0,366.0,2,210.0
129,129,213.0,1,4,88.0,162.0,3,210.0
130,130,214.0,1,4,35.0,144.0,4,210.0
131,131,215.0,1,4,41.0,93.0,5,210.0
132,132,216.0,1,4,35.0,92.0,6,210.0
133,133,217.0,1,4,18.0,75.0,7,210.0
134,134,218.0,1,4,17.0,76.0,8,210.0
135,135,219.0,1,4,42.0,115.0,9,210.0
136,136,220.0,1,4,39.0,90.0,10,210.0
137,137,221.0,1,4,18.0,116.0,11,210.0
138,138,222.0,1,4,25.0,109.0,12,210.0
139,139,223.0,1,4,9.0,89.0,13,210.0
140,140,131.0,0,5,7.0,25.0,-14,145.0
141,141,132.0,0,5,9.0,17.0,-13,145.0
142,142,133.0,0,5,17.0,32.0,-12,145.0
143,143,134.0,0,5,18.0,42.0,-11,145.0
144,144,135.0,0,5,4.0,16.0,-10,145.0
145,145,136.0,0,5,6.0,2.0,-9,145.0
146,146,137.0,0,5,19.0,11.0,-8,145.0
147,147,138.0,0,5,7.0,18.0,-7,145.0
148,148,139.0,0,5,11.0,18.0,-6,145.0
149,149,140.0,0,5,15.0,34.0,-5,145.0
150,150,141.0,0,5,25.0,23.0,-4,145.0
151,151,142.0,0,5,7.0,6.0,-3,145.0
152,152,143.0,0,5,4.0,6.0,-2,145.0
153,153,144.0,0,5,126.0,110.0,-1,145.0
154,154,145.0,1,5,42.0,24.0,0,145.0
155,155,146.0,1,5,6.0,13.0,1,145.0
156,156,147.0,1,5,8.0,11.0,2,145.0
157,157,148.0,1,5,2.0,9.0,3,145.0
158,158,149.0,1,5,6.0,5.0,4,145.0
159,159,150.0,1,5,3.0,9.0,5,145.0
160,160,151.0,1,5,17.0,23.0,6,145.0
161,161,152.0,1,5,2.0,15.0,7,145.0
162,162,153.0,1,5,2.0,11.0,8,145.0
163,163,154.0,1,5,7.0,17.0,9,145.0
164,164,155.0,1,5,5.0,13.0,10,145.0
165,165,156.0,1,5,13.0,12.0,11,145.0
166,166,157.0,1,5,10.0,10.0,12,145.0
167,167,158.0,1,5,13.0,42.0,13,145.0
168,168,87.0,0,6,35.0,23.0,-14,101.0
169,169,88.0,0,6,23.0,28.0,-13,101.0
170,170,89.0,0,6,28.0,39.0,-12,101.0
171,171,90.0,0,6,9.0,14.0,-11,101.0
172,172,91.0,0,6,11.0,10.0,-10,101.0
173,173,92.0,0,6,22.0,27.0,-9,101.0
174,174,93.0,0,6,7.0,7.0,-8,101.0
175,175,94.0,0,6,9.0,11.0,-7,101.0
176,176,95.0,0,6,11.0,12.0,-6,101.0
177,177,96.0,0,6,29.0,28.0,-5,101.0
178,178,97.0,0,6,43.0,15.0,-4,101.0
179,179,98.0,0,6,13.0,19.0,-3,101.0
180,180,99.0,0,6,3.0,10.0,-2,101.0
181,181,100.0,0,6,4.0,17.0,-1,101.0
182,182,101.0,1,6,13.0,18.0,0,101.0
183,183,102.0,1,6,10.0,25.0,1,101.0
184,184,103.0,1,6,14.0,33.0,2,101.0
185,185,104.0,1,6,3.0,29.0,3,101.0
186,186,105.0,1,6,38.0,96.0,4,101.0
187,187,106.0,1,6,56.0,120.0,5,101.0
188,188,107.0,1,6,33.0,57.0,6,101.0
189,189,108.0,1,6,14.0,30.0,7,101.0
190,190,109.0,1,6,27.0,23.0,8,101.0
191,191,110.0,1,6,33.0,102.0,9,101.0
192,192,111.0,1,6,18.0,38.0,10,101.0
193,193,112.0,1,6,8.0,17.0,11,101.0
194,194,113.0,1,6,105.0,119.0,12,101.0
195,195,114.0,1,6,436.0,339.0,13,101.0
196,196,163.0,0,7,0.0,0.0,-14,177.0
197,197,164.0,0,7,0.0,1.0,-13,177.0
198,198,165.0,0,7,0.0,1.0,-12,177.0
199,199,166.0,0,7,14.0,5.0,-11,177.0
200,200,167.0,0,7,4.0,3.0,-10,177.0
201,201,168.0,0,7,1.0,1.0,-9,177.0
202,202,169.0,0,7,2.0,0.0,-8,177.0
203,203,170.0,0,7,0.0,0.0,-7,177.0
204,204,171.0,0,7,1.0,1.0,-6,177.0
205,205,172.0,0,7,2.0,0.0,-5,177.0
206,206,173.0,0,7,4.0,1.0,-4,177.0
207,207,174.0,0,7,1.0,0.0,-3,177.0
208,208,175.0,0,7,0.0,1.0,-2,177.0
209,209,176.0,0,7,0.0,3.0,-1,177.0
210,210,177.0,1,7,32.0,18.0,0,177.0
211,211,178.0,1,7,5.0,3.0,1,177.0
212,212,179.0,1,7,3.0,3.0,2,177.0
213,213,180.0,1,7,2.0,3.0,3,177.0
214,214,181.0,1,7,0.0,3.0,4,177.0
215,215,182.0,1,7,0.0,1.0,5,177.0
216,216,183.0,1,7,0.0,0.0,6,177.0
217,217,184.0,1,7,1.0,0.0,7,177.0
218,218,185.0,1,7,1.0,0.0,8,177.0
219,219,186.0,1,7,0.0,0.0,9,177.0
220,220,187.0,1,7,2.0,0.0,10,177.0
221,221,188.0,1,7,0.0,1.0,11,177.0
222,222,189.0,1,7,1.0,1.0,12,177.0
223,223,190.0,1,7,2.0,0.0,13,177.0
224,224,98.0,0,8,45.0,50.0,-14,112.0
225,225,99.0,0,8,87.0,68.0,-13,112.0
226,226,100.0,0,8,61.0,46.0,-12,112.0
227,227,101.0,0,8,42.0,37.0,-11,112.0
228,228,102.0,0,8,61.0,45.0,-10,112.0
229,229,103.0,0,8,71.0,72.0,-9,112.0
230,230,104.0,0,8,95.0,70.0,-8,112.0
231,231,105.0,0,8,40.0,60.0,-7,112.0
232,232,106.0,0,8,37.0,54.0,-6,112.0
233,233,107.0,0,8,33.0,26.0,-5,112.0
234,234,108.0,0,8,38.0,41.0,-4,112.0
235,235,109.0,0,8,75.0,78.0,-3,112.0
236,236,110.0,0,8,21.0,37.0,-2,112.0
237,237,111.0,0,8,110.0,68.0,-1,112.0
238,238,112.0,1,8,138.0,64.0,0,112.0
239,239,113.0,1,8,155.0,145.0,1,112.0
240,240,114.0,1,8,55.0,73.0,2,112.0
241,241,115.0,1,8,80.0,139.0,3,112.0
242,242,116.0,1,8,23.0,56.0,4,112.0
243,243,117.0,1,8,83.0,94.0,5,112.0
244,244,118.0,1,8,64.0,69.0,6,112.0
245,245,119.0,1,8,34.0,50.0,7,112.0
246,246,120.0,1,8,33.0,47.0,8,112.0
247,247,121.0,1,8,37.0,38.0,9,112.0
248,248,122.0,1,8,74.0,90.0,10,112.0
249,249,123.0,1,8,32.0,42.0,11,112.0
250,250,124.0,1,8,31.0,44.0,12,112.0
251,251,125.0,1,8,25.0,49.0,13,112.0
252,252,131.0,0,9,2.0,2.0,-14,145.0
253,253,132.0,0,9,0.0,4.0,-13,145.0
254,254,133.0,0,9,0.0,1.0,-12,145.0
255,255,134.0,0,9,1.0,8.0,-11,145.0
256,256,135.0,0,9,1.0,7.0,-10,145.0
257,257,136.0,0,9,1.0,7.0,-9,145.0
258,258,137.0,0,9,2.0,9.0,-8,145.0
259,259,138.0,0,9,1.0,6.0,-7,145.0
260,260,139.0,0,9,0.0,3.0,-6,145.0
261,261,140.0,0,9,0.0,3.0,-5,145.0
262,262,141.0,0,9,1.0,5.0,-4,145.0
263,263,142.0,0,9,0.0,2.0,-3,145.0
264,264,143.0,0,9,4.0,25.0,-2,145.0
265,265,144.0,0,9,12.0,12.0,-1,145.0
266,266,145.0,1,9,129.0,118.0,0,145.0
267,267,146.0,1,9,5.0,16.0,1,145.0
268,268,147.0,1,9,1.0,9.0,2,145.0
269,269,148.0,1,9,0.0,2.0,3,145.0
270,270,149.0,1,9,3.0,4.0,4,145.0
271,271,150.0,1,9,0.0,3.0,5,145.0
272,272,151.0,1,9,0.0,4.0,6,145.0
273,273,152.0,1,9,0.0,4.0,7,145.0
274,274,153.0,1,9,1.0,1.0,8,145.0
275,275,154.0,1,9,0.0,4.0,9,145.0
276,276,155.0,1,9,0.0,1.0,10,145.0
277,277,156.0,1,9,0.0,1.0,11,145.0
278,278,157.0,1,9,0.0,3.0,12,145.0
279,279,158.0,1,9,1.0,1.0,13,145.0
280,280,122.0,0,10,10.0,13.0,-14,136.0
281,281,123.0,0,10,8.0,5.0,-13,136.0
282,282,124.0,0,10,10.0,5.0,-12,136.0
283,283,125.0,0,10,34.0,24.0,-11,136.0
284,284,126.0,0,10,74.0,68.0,-10,136.0
285,285,127.0,0,10,64.0,48.0,-9,136.0
286,286,128.0,0,10,1368.0,1448.0,-8,136.0
287,287,129.0,0,10,789.0,1125.0,-7,136.0
288,288,130.0,0,10,149.0,223.0,-6,136.0
289,289,131.0,0,10,62.0,60.0,-5,136.0
290,290,132.0,0,10,346.0,162.0,-4,136.0
291,291,133.0,0,10,111.0,66.0,-3,136.0
292,292,134.0,0,10,28.0,53.0,-2,136.0
293,293,135.0,0,10,66.0,50.0,-1,136.0
294,294,136.0,1,10,212.0,90.0,0,136.0
295,295,137.0,1,10,22.0,24.0,1,136.0
296,296,138.0,1,10,8.0,41.0,2,136.0
297,297,139.0,1,10,193.0,58.0,3,136.0
298,298,140.0,1,10,140.0,69.0,4,136.0
299,299,141.0,1,10,35.0,49.0,5,136.0
300,300,142.0,1,10,18.0,51.0,6,136.0
301,301,143.0,1,10,34.0,54.0,7,136.0
302,302,144.0,1,10,14.0,25.0,8,136.0
303,303,145.0,1,10,9.0,15.0,9,136.0
304,304,146.0,1,10,16.0,32.0,10,136.0
305,305,147.0,1,10,205.0,227.0,11,136.0
306,306,148.0,1,10,80.0,79.0,12,136.0
307,307,149.0,1,10,17.0,37.0,13,136.0
308,308,116.0,0,11,0.0,0.0,-14,130.0
309,309,117.0,0,11,0.0,0.0,-13,130.0
310,310,118.0,0,11,0.0,0.0,-12,130.0
311,311,119.0,0,11,0.0,0.0,-11,130.0
312,312,120.0,0,11,0.0,0.0,-10,130.0
313,313,121.0,0,11,0.0,0.0,-9,130.0
314,314,122.0,0,11,42005.0,117611.0,-8,130.0
315,315,123.0,0,11,35834.0,169701.0,-7,130.0
316,316,124.0,0,11,8572.0,39986.0,-6,130.0
317,317,125.0,0,11,1703.0,6817.0,-5,130.0
318,318,126.0,0,11,1230.0,5731.0,-4,130.0
319,319,127.0,0,11,6465.0,29440.0,-3,130.0
320,320,128.0,0,11,2444.0,10105.0,-2,130.0
321,321,129.0,0,11,2644.0,11703.0,-1,130.0
322,322,130.0,1,11,3783.0,18606.0,0,130.0
323,323,131.0,1,11,1806.0,11246.0,1,130.0
324,324,132.0,1,11,545.0,3996.0,2,130.0
325,325,133.0,1,11,605.0,3806.0,3,130.0
326,326,134.0,1,11,595.0,2995.0,4,130.0
327,327,135.0,1,11,455.0,2891.0,5,130.0
328,328,136.0,1,11,251.0,2297.0,6,130.0
329,329,137.0,1,11,425.0,2782.0,7,130.0
330,330,138.0,1,11,374.0,2087.0,8,130.0
331,331,139.0,1,11,347.0,2168.0,9,130.0
332,332,140.0,1,11,129.0,1572.0,10,130.0
333,333,141.0,1,11,149.0,1709.0,11,130.0
334,334,142.0,1,11,256.0,1536.0,12,130.0
335,335,143.0,1,11,226.0,1254.0,13,130.0
336,336,297.0,0,12,3.0,3.0,-14,311.0
337,337,298.0,0,12,0.0,0.0,-13,311.0
338,338,299.0,0,12,1.0,3.0,-12,311.0
339,339,300.0,0,12,2.0,2.0,-11,311.0
340,340,301.0,0,12,1.0,1.0,-10,311.0
341,341,302.0,0,12,1.0,5.0,-9,311.0
342,342,303.0,0,12,3.0,3.0,-8,311.0
343,343,304.0,0,12,2.0,17.0,-7,311.0
344,344,305.0,0,12,2.0,14.0,-6,311.0
345,345,306.0,0,12,2.0,5.0,-5,311.0
346,346,307.0,0,12,6.0,7.0,-4,311.0
347,347,308.0,0,12,3.0,9.0,-3,311.0
348,348,309.0,0,12,10.0,13.0,-2,311.0
349,349,310.0,0,12,8.0,6.0,-1,311.0
350,350,311.0,1,12,19.0,6.0,0,311.0
351,351,312.0,1,12,14.0,7.0,1,311.0
352,352,313.0,1,12,2.0,4.0,2,311.0
353,353,314.0,1,12,6.0,6.0,3,311.0
354,354,315.0,1,12,0.0,5.0,4,311.0
355,355,316.0,1,12,20.0,24.0,5,311.0
356,356,317.0,1,12,7.0,6.0,6,311.0
357,357,318.0,1,12,0.0,7.0,7,311.0
358,358,319.0,1,12,1.0,6.0,8,311.0
359,359,320.0,1,12,0.0,6.0,9,311.0
360,360,321.0,1,12,9.0,16.0,10,311.0
361,361,322.0,1,12,5.0,2.0,11,311.0
362,362,323.0,1,12,2.0,1.0,12,311.0
363,363,324.0,1,12,1.0,1.0,13,311.0
364,364,221.0,0,13,1.0,2.0,-14,235.0
365,365,222.0,0,13,3.0,1.0,-13,235.0
366,366,223.0,0,13,1.0,1.0,-12,235.0
367,367,224.0,0,13,1.0,2.0,-11,235.0
368,368,225.0,0,13,4.0,1.0,-10,235.0
369,369,226.0,0,13,1.0,4.0,-9,235.0
370,370,227.0,0,13,3.0,0.0,-8,235.0
371,371,228.0,0,13,5.0,5.0,-7,235.0
372,372,229.0,0,13,0.0,2.0,-6,235.0
373,373,230.0,0,13,1.0,3.0,-5,235.0
374,374,231.0,0,13,1.0,1.0,-4,235.0
375,375,232.0,0,13,0.0,0.0,-3,235.0
376,376,233.0,0,13,0.0,0.0,-2,235.0
377,377,234.0,0,13,5.0,3.0,-1,235.0
378,378,235.0,1,13,25.0,8.0,0,235.0
379,379,236.0,1,13,6.0,9.0,1,235.0
380,380,237.0,1,13,4.0,0.0,2,235.0
381,381,238.0,1,13,2.0,0.0,3,235.0
382,382,239.0,1,13,0.0,3.0,4,235.0
383,383,240.0,1,13,0.0,0.0,5,235.0
384,384,241.0,1,13,1.0,0.0,6,235.0
385,385,242.0,1,13,0.0,2.0,7,235.0
386,386,243.0,1,13,0.0,1.0,8,235.0
387,387,244.0,1,13,6.0,1.0,9,235.0
388,388,245.0,1,13,0.0,3.0,10,235.0
389,389,246.0,1,13,0.0,0.0,11,235.0
390,390,247.0,1,13,1.0,1.0,12,235.0
391,391,248.0,1,13,0.0,0.0,13,235.0
392,392,154.0,0,14,20.0,44.0,-14,168.0
393,393,155.0,0,14,9.0,44.0,-13,168.0
394,394,156.0,0,14,30.0,52.0,-12,168.0
395,395,157.0,0,14,11.0,38.0,-11,168.0
396,396,158.0,0,14,10.0,45.0,-10,168.0
397,397,159.0,0,14,4.0,34.0,-9,168.0
398,398,160.0,0,14,6.0,20.0,-8,168.0
399,399,161.0,0,14,12.0,31.0,-7,168.0
400,400,162.0,0,14,4.0,38.0,-6,168.0
401,401,163.0,0,14,14.0,32.0,-5,168.0
402,402,164.0,0,14,2.0,23.0,-4,168.0
403,403,165.0,0,14,5.0,21.0,-3,168.0
404,404,166.0,0,14,9.0,30.0,-2,168.0
405,405,167.0,0,14,152.0,113.0,-1,168.0
406,406,168.0,1,14,61.0,77.0,0,168.0
407,407,169.0,1,14,16.0,23.0,1,168.0
408,408,170.0,1,14,6.0,23.0,2,168.0
409,409,171.0,1,14,9.0,27.0,3,168.0
410,410,172.0,1,14,12.0,26.0,4,168.0
411,411,173.0,1,14,14.0,37.0,5,168.0
412,412,174.0,1,14,33.0,56.0,6,168.0
413,413,175.0,1,14,6.0,38.0,7,168.0
414,414,176.0,1,14,119.0,132.0,8,168.0
415,415,177.0,1,14,176.0,198.0,9,168.0
416,416,178.0,1,14,30.0,57.0,10,168.0
417,417,179.0,1,14,20.0,92.0,11,168.0
418,418,180.0,1,14,30.0,119.0,12,168.0
419,419,181.0,1,14,21.0,59.0,13,168.0
420,420,104.0,0,15,5.0,19.0,-14,118.0
421,421,105.0,0,15,23.0,48.0,-13,118.0
422,422,106.0,0,15,8.0,9.0,-12,118.0
423,423,107.0,0,15,8.0,13.0,-11,118.0
424,424,108.0,0,15,9.0,10.0,-10,118.0
425,425,109.0,0,15,11.0,14.0,-9,118.0
426,426,110.0,0,15,8.0,10.0,-8,118.0
427,427,111.0,0,15,5.0,5.0,-7,118.0
428,428,112.0,0,15,4.0,4.0,-6,118.0
429,429,113.0,0,15,6.0,5.0,-5,118.0
430,430,114.0,0,15,11.0,7.0,-4,118.0
431,431,115.0,0,15,61.0,52.0,-3,118.0
432,432,116.0,0,15,15.0,20.0,-2,118.0
433,433,117.0,0,15,64.0,56.0,-1,118.0
434,434,118.0,1,15,310.0,218.0,0,118.0
435,435,119.0,1,15,27.0,32.0,1,118.0
436,436,120.0,1,15,9.0,11.0,2,118.0
437,437,121.0,1,15,7.0,16.0,3,118.0
438,438,122.0,1,15,10.0,15.0,4,118.0
439,439,123.0,1,15,4.0,29.0,5,118.0
440,440,124.0,1,15,2.0,14.0,6,118.0
441,441,125.0,1,15,4.0,9.0,7,118.0
442,442,126.0,1,15,13.0,8.0,8,118.0
443,443,127.0,1,15,1.0,11.0,9,118.0
444,444,128.0,1,15,5.0,7.0,10,118.0
445,445,129.0,1,15,4.0,4.0,11,118.0
446,446,130.0,1,15,7.0,9.0,12,118.0
447,447,131.0,1,15,1.0,5.0,13,118.0
448,448,46.0,0,16,124.0,243.0,-14,60.0
449,449,47.0,0,16,78.0,171.0,-13,60.0
450,450,48.0,0,16,71.0,149.0,-12,60.0
451,451,49.0,0,16,102.0,161.0,-11,60.0
452,452,50.0,0,16,337.0,628.0,-10,60.0
453,453,51.0,0,16,395.0,682.0,-9,60.0
454,454,52.0,0,16,111.0,227.0,-8,60.0
455,455,53.0,0,16,331.0,679.0,-7,60.0
456,456,54.0,0,16,189.0,375.0,-6,60.0
457,457,55.0,0,16,60.0,159.0,-5,60.0
458,458,56.0,0,16,101.0,186.0,-4,60.0
459,459,57.0,0,16,139.0,318.0,-3,60.0
460,460,58.0,0,16,267.0,458.0,-2,60.0
461,461,59.0,0,16,172.0,381.0,-1,60.0
462,462,60.0,1,16,218.0,337.0,0,60.0
463,463,61.0,1,16,158.0,325.0,1,60.0
464,464,62.0,1,16,405.0,534.0,2,60.0
465,465,63.0,1,16,69.0,181.0,3,60.0
466,466,64.0,1,16,62.0,114.0,4,60.0
467,467,65.0,1,16,66.0,149.0,5,60.0
468,468,66.0,1,16,51.0,105.0,6,60.0
469,469,67.0,1,16,21.0,50.0,7,60.0
470,470,68.0,1,16,19.0,40.0,8,60.0
471,471,69.0,1,16,17.0,71.0,9,60.0
472,472,70.0,1,16,12.0,62.0,10,60.0
473,473,71.0,1,16,12.0,26.0,11,60.0
474,474,72.0,1,16,13.0,45.0,12,60.0
475,475,73.0,1,16,11.0,28.0,13,60.0
476,476,98.0,0,17,8.0,9.0,-14,112.0
477,477,99.0,0,17,2.0,5.0,-13,112.0
478,478,100.0,0,17,10.0,7.0,-12,112.0
479,479,101.0,0,17,12.0,18.0,-11,112.0
480,480,102.0,0,17,139.0,139.0,-10,112.0
481,481,103.0,0,17,52.0,52.0,-9,112.0
482,482,104.0,0,17,186.0,160.0,-8,112.0
483,483,105.0,0,17,29.0,31.0,-7,112.0
484,484,106.0,0,17,40.0,27.0,-6,112.0
485,485,107.0,0,17,24.0,27.0,-5,112.0
486,486,108.0,0,17,20.0,25.0,-4,112.0
487,487,109.0,0,17,19.0,33.0,-3,112.0
488,488,110.0,0,17,19.0,30.0,-2,112.0
489,489,111.0,0,17,68.0,52.0,-1,112.0
490,490,112.0,1,17,33.0,29.0,0,112.0
491,491,113.0,1,17,386.0,226.0,1,112.0
492,492,114.0,1,17,518.0,255.0,2,112.0
493,493,115.0,1,17,133.0,94.0,3,112.0
494,494,116.0,1,17,47.0,40.0,4,112.0
495,495,117.0,1,17,32.0,33.0,5,112.0
496,496,118.0,1,17,35.0,27.0,6,112.0
497,497,119.0,1,17,47.0,41.0,7,112.0
498,498,120.0,1,17,24.0,39.0,8,112.0
499,499,121.0,1,17,19.0,27.0,9,112.0
500,500,122.0,1,17,68.0,93.0,10,112.0
501,501,123.0,1,17,54.0,47.0,11,112.0
502,502,124.0,1,17,30.0,40.0,12,112.0
503,503,125.0,1,17,14.0,25.0,13,112.0
504,504,175.0,0,18,14.0,16.0,-14,189.0
505,505,176.0,0,18,7.0,7.0,-13,189.0
506,506,177.0,0,18,24.0,25.0,-12,189.0
507,507,178.0,0,18,8.0,8.0,-11,189.0
508,508,179.0,0,18,7.0,15.0,-10,189.0
509,509,180.0,0,18,45.0,39.0,-9,189.0
510,510,181.0,0,18,13.0,12.0,-8,189.0
511,511,182.0,0,18,20.0,25.0,-7,189.0
512,512,183.0,0,18,14.0,17.0,-6,189.0
513,513,184.0,0,18,37.0,49.0,-5,189.0
514,514,185.0,0,18,126.0,95.0,-4,189.0
515,515,186.0,0,18,22.0,20.0,-3,189.0
516,516,187.0,0,18,21.0,13.0,-2,189.0
517,517,188.0,0,18,46.0,79.0,-1,189.0
518,518,189.0,1,18,27.0,35.0,0,189.0
519,519,190.0,1,18,76.0,81.0,1,189.0
520,520,191.0,1,18,21.0,25.0,2,189.0
521,521,192.0,1,18,8.0,13.0,3,189.0
522,522,193.0,1,18,23.0,19.0,4,189.0
523,523,194.0,1,18,26.0,30.0,5,189.0
524,524,195.0,1,18,9.0,18.0,6,189.0
525,525,196.0,1,18,5.0,7.0,7,189.0
526,526,197.0,1,18,3.0,7.0,8,189.0
527,527,198.0,1,18,6.0,9.0,9,189.0
528,528,199.0,1,18,1.0,5.0,10,189.0
529,529,200.0,1,18,10.0,14.0,11,189.0
530,530,201.0,1,18,6.0,11.0,12,189.0
531,531,202.0,1,18,4.0,9.0,13,189.0
532,532,122.0,0,19,1.0,0.0,-14,136.0
533,533,123.0,0,19,0.0,0.0,-13,136.0
534,534,124.0,0,19,0.0,0.0,-12,136.0
535,535,125.0,0,19,0.0,1.0,-11,136.0
536,536,126.0,0,19,3.0,0.0,-10,136.0
537,537,127.0,0,19,0.0,0.0,-9,136.0
538,538,128.0,0,19,2.0,2.0,-8,136.0
539,539,129.0,0,19,3.0,2.0,-7,136.0
540,540,130.0,0,19,0.0,4.0,-6,136.0
541,541,131.0,0,19,0.0,1.0,-5,136.0
542,542,132.0,0,19,0.0,1.0,-4,136.0
543,543,133.0,0,19,1.0,2.0,-3,136.0
544,544,134.0,0,19,0.0,1.0,-2,136.0
545,545,135.0,0,19,1.0,0.0,-1,136.0
546,546,136.0,1,19,7.0,2.0,0,136.0
547,547,137.0,1,19,1.0,0.0,1,136.0
548,548,138.0,1,19,0.0,1.0,2,136.0
549,549,139.0,1,19,0.0,0.0,3,136.0
550,550,140.0,1,19,1.0,1.0,4,136.0
551,551,141.0,1,19,1.0,1.0,5,136.0
552,552,142.0,1,19,0.0,3.0,6,136.0
553,553,143.0,1,19,0.0,1.0,7,136.0
554,554,144.0,1,19,0.0,0.0,8,136.0
555,555,145.0,1,19,0.0,0.0,9,136.0
556,556,146.0,1,19,1.0,1.0,10,136.0
557,557,147.0,1,19,1.0,0.0,11,136.0
558,558,148.0,1,19,1.0,1.0,12,136.0
559,559,149.0,1,19,0.0,1.0,13,136.0
560,560,54.0,0,20,504.0,513.0,-14,68.0
561,561,55.0,0,20,262.0,251.0,-13,68.0
562,562,56.0,0,20,187.0,211.0,-12,68.0
563,563,57.0,0,20,126.0,183.0,-11,68.0
564,564,58.0,0,20,462.0,494.0,-10,68.0
565,565,59.0,0,20,522.0,349.0,-9,68.0
566,566,60.0,0,20,528.0,378.0,-8,68.0
567,567,61.0,0,20,217.0,196.0,-7,68.0
568,568,62.0,0,20,257.0,177.0,-6,68.0
569,569,63.0,0,20,163.0,110.0,-5,68.0
570,570,64.0,0,20,439.0,255.0,-4,68.0
571,571,65.0,0,20,410.0,279.0,-3,68.0
572,572,66.0,0,20,416.0,334.0,-2,68.0
573,573,67.0,0,20,327.0,201.0,-1,68.0
574,574,68.0,1,20,420.0,287.0,0,68.0
575,575,69.0,1,20,151.0,159.0,1,68.0
576,576,70.0,1,20,247.0,259.0,2,68.0
577,577,71.0,1,20,82.0,129.0,3,68.0
578,578,72.0,1,20,199.0,210.0,4,68.0
579,579,73.0,1,20,75.0,124.0,5,68.0
580,580,74.0,1,20,71.0,136.0,6,68.0
581,581,75.0,1,20,93.0,82.0,7,68.0
582,582,76.0,1,20,16.0,45.0,8,68.0
583,583,77.0,1,20,25.0,46.0,9,68.0
584,584,78.0,1,20,97.0,144.0,10,68.0
585,585,79.0,1,20,44.0,99.0,11,68.0
586,586,80.0,1,20,50.0,60.0,12,68.0
587,587,81.0,1,20,42.0,63.0,13,68.0
588,588,87.0,0,21,412.0,3956.0,-14,101.0
589,589,88.0,0,21,452.0,5792.0,-13,101.0
590,590,89.0,0,21,1032.0,22029.0,-12,101.0
591,591,90.0,0,21,487.0,13876.0,-11,101.0
592,592,91.0,0,21,387.0,9928.0,-10,101.0
593,593,92.0,0,21,254.0,6602.0,-9,101.0
594,594,93.0,0,21,190.0,5976.0,-8,101.0
595,595,94.0,0,21,207.0,6621.0,-7,101.0
596,596,95.0,0,21,128.0,4130.0,-6,101.0
597,597,96.0,0,21,162.0,5723.0,-5,101.0
598,598,97.0,0,21,338.0,9423.0,-4,101.0
599,599,98.0,0,21,202.0,6084.0,-3,101.0
600,600,99.0,0,21,584.0,12223.0,-2,101.0
601,601,100.0,0,21,491.0,18843.0,-1,101.0
602,602,101.0,1,21,987.0,33735.0,0,101.0
603,603,102.0,1,21,357.0,27306.0,1,101.0
604,604,103.0,1,21,229.0,18677.0,2,101.0
605,605,104.0,1,21,388.0,26875.0,3,101.0
606,606,105.0,1,21,252.0,12963.0,4,101.0
607,607,106.0,1,21,136.0,11543.0,5,101.0
608,608,107.0,1,21,505.0,27018.0,6,101.0
609,609,108.0,1,21,536.0,22297.0,7,101.0
610,610,109.0,1,21,162.0,10067.0,8,101.0
611,611,110.0,1,21,150.0,11068.0,9,101.0
612,612,111.0,1,21,213.0,12585.0,10,101.0
613,613,112.0,1,21,125.0,8755.0,11,101.0
614,614,113.0,1,21,225.0,10458.0,12,101.0
615,615,114.0,1,21,218.0,10986.0,13,101.0
616,616,91.0,0,22,209.0,94.0,-14,105.0
617,617,92.0,0,22,203.0,72.0,-13,105.0
618,618,93.0,0,22,121.0,68.0,-12,105.0
619,619,94.0,0,22,90.0,40.0,-11,105.0
620,620,95.0,0,22,70.0,50.0,-10,105.0
621,621,96.0,0,22,37.0,25.0,-9,105.0
622,622,97.0,0,22,19.0,12.0,-8,105.0
623,623,98.0,0,22,25.0,9.0,-7,105.0
624,624,99.0,0,22,24.0,17.0,-6,105.0
625,625,100.0,0,22,73.0,61.0,-5,105.0
626,626,101.0,0,22,82.0,56.0,-4,105.0
627,627,102.0,0,22,326.0,196.0,-3,105.0
628,628,103.0,0,22,1337.0,1852.0,-2,105.0
629,629,104.0,0,22,1869.0,2393.0,-1,105.0
630,630,105.0,1,22,442.0,488.0,0,105.0
631,631,106.0,1,22,129.0,148.0,1,105.0
632,632,107.0,1,22,61.0,74.0,2,105.0
633,633,108.0,1,22,63.0,66.0,3,105.0
634,634,109.0,1,22,136.0,80.0,4,105.0
635,635,110.0,1,22,54.0,58.0,5,105.0
636,636,111.0,1,22,17.0,42.0,6,105.0
637,637,112.0,1,22,71.0,62.0,7,105.0
638,638,113.0,1,22,943.0,949.0,8,105.0
639,639,114.0,1,22,190.0,188.0,9,105.0
640,640,115.0,1,22,37.0,49.0,10,105.0
641,641,116.0,1,22,68.0,75.0,11,105.0
642,642,117.0,1,22,27.0,23.0,12,105.0
643,643,118.0,1,22,32.0,32.0,13,105.0
644,644,102.0,0,23,58.0,171.0,-14,116.0
645,645,103.0,0,23,22.0,77.0,-13,116.0
646,646,104.0,0,23,13.0,64.0,-12,116.0
647,647,105.0,0,23,28.0,178.0,-11,116.0
648,648,106.0,0,23,33.0,136.0,-10,116.0
649,649,107.0,0,23,11.0,50.0,-9,116.0
650,650,108.0,0,23,7.0,38.0,-8,116.0
651,651,109.0,0,23,12.0,48.0,-7,116.0
652,652,110.0,0,23,19.0,56.0,-6,116.0
653,653,111.0,0,23,30.0,101.0,-5,116.0
654,654,112.0,0,23,8.0,37.0,-4,116.0
655,655,113.0,0,23,46.0,107.0,-3,116.0
656,656,114.0,0,23,17.0,47.0,-2,116.0
657,657,115.0,0,23,410.0,564.0,-1,116.0
658,658,116.0,1,23,158.0,548.0,0,116.0
659,659,117.0,1,23,78.0,231.0,1,116.0
660,660,118.0,1,23,22.0,58.0,2,116.0
661,661,119.0,1,23,32.0,62.0,3,116.0
662,662,120.0,1,23,15.0,24.0,4,116.0
663,663,121.0,1,23,42.0,95.0,5,116.0
664,664,122.0,1,23,18.0,36.0,6,116.0
665,665,123.0,1,23,46.0,139.0,7,116.0
666,666,124.0,1,23,11.0,54.0,8,116.0
667,667,125.0,1,23,10.0,22.0,9,116.0
668,668,126.0,1,23,5.0,12.0,10,116.0
669,669,127.0,1,23,74.0,163.0,11,116.0
670,670,128.0,1,23,112.0,346.0,12,116.0
671,671,129.0,1,23,34.0,63.0,13,116.0
672,672,81.0,0,24,96.0,40.0,-14,95.0
673,673,82.0,0,24,608.0,174.0,-13,95.0
674,674,83.0,0,24,400.0,159.0,-12,95.0
675,675,84.0,0,24,228.0,116.0,-11,95.0
676,676,85.0,0,24,54.0,25.0,-10,95.0
677,677,86.0,0,24,43.0,28.0,-9,95.0
678,678,87.0,0,24,234.0,184.0,-8,95.0
679,679,88.0,0,24,527.0,291.0,-7,95.0
680,680,89.0,0,24,1183.0,638.0,-6,95.0
681,681,90.0,0,24,1558.0,757.0,-5,95.0
682,682,91.0,0,24,489.0,316.0,-4,95.0
683,683,92.0,0,24,250.0,167.0,-3,95.0
684,684,93.0,0,24,98.0,66.0,-2,95.0
685,685,94.0,0,24,1535.0,831.0,-1,95.0
686,686,95.0,1,24,306.0,232.0,0,95.0
687,687,96.0,1,24,144.0,116.0,1,95.0
688,688,97.0,1,24,62.0,69.0,2,95.0
689,689,98.0,1,24,36.0,48.0,3,95.0
690,690,99.0,1,24,44.0,42.0,4,95.0
691,691,100.0,1,24,1114.0,1036.0,5,95.0
692,692,101.0,1,24,327.0,658.0,6,95.0
693,693,102.0,1,24,658.0,1206.0,7,95.0
694,694,103.0,1,24,381.0,651.0,8,95.0
695,695,104.0,1,24,72.0,149.0,9,95.0
696,696,105.0,1,24,270.0,414.0,10,95.0
697,697,106.0,1,24,144.0,222.0,11,95.0
698,698,107.0,1,24,49.0,121.0,12,95.0
699,699,108.0,1,24,188.0,282.0,13,95.0
700,700,145.0,0,25,4.0,4.0,-14,159.0
701,701,146.0,0,25,1.0,8.0,-13,159.0
702,702,147.0,0,25,5.0,7.0,-12,159.0
703,703,148.0,0,25,1.0,5.0,-11,159.0
704,704,149.0,0,25,0.0,8.0,-10,159.0
705,705,150.0,0,25,0.0,5.0,-9,159.0
706,706,151.0,0,25,5.0,13.0,-8,159.0
707,707,152.0,0,25,5.0,13.0,-7,159.0
708,708,153.0,0,25,2.0,8.0,-6,159.0
709,709,154.0,0,25,3.0,4.0,-5,159.0
710,710,155.0,0,25,0.0,6.0,-4,159.0
711,711,156.0,0,25,1.0,3.0,-3,159.0
712,712,157.0,0,25,6.0,6.0,-2,159.0
713,713,158.0,0,25,8.0,8.0,-1,159.0
714,714,159.0,1,25,41.0,15.0,0,159.0
715,715,160.0,1,25,6.0,7.0,1,159.0
716,716,161.0,1,25,1.0,6.0,2,159.0
717,717,162.0,1,25,4.0,3.0,3,159.0
718,718,163.0,1,25,2.0,2.0,4,159.0
719,719,164.0,1,25,2.0,2.0,5,159.0
720,720,165.0,1,25,4.0,8.0,6,159.0
721,721,166.0,1,25,1.0,3.0,7,159.0
722,722,167.0,1,25,4.0,7.0,8,159.0
723,723,168.0,1,25,1.0,6.0,9,159.0
724,724,169.0,1,25,1.0,9.0,10,159.0
725,725,170.0,1,25,1.0,3.0,11,159.0
726,726,171.0,1,25,3.0,2.0,12,159.0
727,727,172.0,1,25,2.0,3.0,13,159.0
728,728,50.0,0,26,32.0,34.0,-14,64.0
729,729,51.0,0,26,39.0,46.0,-13,64.0
730,730,52.0,0,26,75.0,46.0,-12,64.0
731,731,53.0,0,26,45.0,54.0,-11,64.0
732,732,54.0,0,26,195.0,82.0,-10,64.0
733,733,55.0,0,26,113.0,86.0,-9,64.0
734,734,56.0,0,26,40.0,37.0,-8,64.0
735,735,57.0,0,26,14.0,20.0,-7,64.0
736,736,58.0,0,26,30.0,32.0,-6,64.0
737,737,59.0,0,26,37.0,15.0,-5,64.0
738,738,60.0,0,26,22.0,22.0,-4,64.0
739,739,61.0,0,26,403.0,456.0,-3,64.0
740,740,62.0,0,26,89.0,136.0,-2,64.0
741,741,63.0,0,26,490.0,400.0,-1,64.0
742,742,64.0,1,26,202.0,222.0,0,64.0
743,743,65.0,1,26,40.0,38.0,1,64.0
744,744,66.0,1,26,28.0,34.0,2,64.0
745,745,67.0,1,26,41.0,31.0,3,64.0
746,746,68.0,1,26,80.0,90.0,4,64.0
747,747,69.0,1,26,20.0,27.0,5,64.0
748,748,70.0,1,26,20.0,27.0,6,64.0
749,749,71.0,1,26,81.0,149.0,7,64.0
750,750,72.0,1,26,53.0,52.0,8,64.0
751,751,73.0,1,26,18.0,33.0,9,64.0
752,752,74.0,1,26,78.0,90.0,10,64.0
753,753,75.0,1,26,13.0,24.0,11,64.0
754,754,76.0,1,26,21.0,32.0,12,64.0
755,755,77.0,1,26,29.0,35.0,13,64.0
756,756,167.0,0,27,4.0,6.0,-14,181.0
757,757,168.0,0,27,8.0,6.0,-13,181.0
758,758,169.0,0,27,4.0,5.0,-12,181.0
759,759,170.0,0,27,11.0,4.0,-11,181.0
760,760,171.0,0,27,14.0,16.0,-10,181.0
761,761,172.0,0,27,9.0,5.0,-9,181.0
762,762,173.0,0,27,10.0,11.0,-8,181.0
763,763,174.0,0,27,6.0,5.0,-7,181.0
764,764,175.0,0,27,16.0,15.0,-6,181.0
765,765,176.0,0,27,1.0,4.0,-5,181.0
766,766,177.0,0,27,7.0,5.0,-4,181.0
767,767,178.0,0,27,24.0,16.0,-3,181.0
768,768,179.0,0,27,77.0,49.0,-2,181.0
769,769,180.0,0,27,22.0,12.0,-1,181.0
770,770,181.0,1,27,182.0,90.0,0,181.0
771,771,182.0,1,27,19.0,14.0,1,181.0
772,772,183.0,1,27,47.0,51.0,2,181.0
773,773,184.0,1,27,11.0,7.0,3,181.0
774,774,185.0,1,27,40.0,41.0,4,181.0
775,775,186.0,1,27,44.0,54.0,5,181.0
776,776,187.0,1,27,634.0,288.0,6,181.0
777,777,188.0,1,27,110.0,94.0,7,181.0
778,778,189.0,1,27,16.0,12.0,8,181.0
779,779,190.0,1,27,13.0,10.0,9,181.0
780,780,191.0,1,27,73.0,81.0,10,181.0
781,781,192.0,1,27,20.0,19.0,11,181.0
782,782,193.0,1,27,7.0,6.0,12,181.0
783,783,194.0,1,27,9.0,9.0,13,181.0
784,784,178.0,0,28,70.0,33.0,-14,192.0
785,785,179.0,0,28,18.0,14.0,-13,192.0
786,786,180.0,0,28,13.0,7.0,-12,192.0
787,787,181.0,0,28,12.0,13.0,-11,192.0
788,788,182.0,0,28,21.0,11.0,-10,192.0
789,789,183.0,0,28,20.0,13.0,-9,192.0
790,790,184.0,0,28,83.0,22.0,-8,192.0
791,791,185.0,0,28,76.0,46.0,-7,192.0
792,792,186.0,0,28,20.0,14.0,-6,192.0
793,793,187.0,0,28,44.0,24.0,-5,192.0
794,794,188.0,0,28,71.0,45.0,-4,192.0
795,795,189.0,0,28,11.0,26.0,-3,192.0
796,796,190.0,0,28,12.0,11.0,-2,192.0
797,797,191.0,0,28,8.0,7.0,-1,192.0
798,798,192.0,1,28,31.0,24.0,0,192.0
799,799,193.0,1,28,7.0,10.0,1,192.0
800,800,194.0,1,28,14.0,6.0,2,192.0
801,801,195.0,1,28,6.0,7.0,3,192.0
802,802,196.0,1,28,4.0,8.0,4,192.0
803,803,197.0,1,28,15.0,28.0,5,192.0
804,804,198.0,1,28,14.0,8.0,6,192.0
805,805,199.0,1,28,3.0,5.0,7,192.0
806,806,200.0,1,28,7.0,2.0,8,192.0
807,807,201.0,1,28,3.0,2.0,9,192.0
808,808,202.0,1,28,3.0,2.0,10,192.0
809,809,203.0,1,28,0.0,4.0,11,192.0
810,810,204.0,1,28,63.0,22.0,12,192.0
811,811,205.0,1,28,23.0,14.0,13,192.0
812,812,108.0,0,29,0.0,8.0,-14,122.0
813,813,109.0,0,29,4.0,7.0,-13,122.0
814,814,110.0,0,29,9.0,11.0,-12,122.0
815,815,111.0,0,29,2.0,4.0,-11,122.0
816,816,112.0,0,29,0.0,2.0,-10,122.0
817,817,113.0,0,29,1.0,5.0,-9,122.0
818,818,114.0,0,29,1.0,2.0,-8,122.0
819,819,115.0,0,29,2.0,7.0,-7,122.0
820,820,116.0,0,29,4.0,5.0,-6,122.0
821,821,117.0,0,29,0.0,4.0,-5,122.0
822,822,118.0,0,29,1.0,4.0,-4,122.0
823,823,119.0,0,29,2.0,7.0,-3,122.0
824,824,120.0,0,29,2.0,1.0,-2,122.0
825,825,121.0,0,29,41.0,39.0,-1,122.0
826,826,122.0,1,29,123.0,109.0,0,122.0
827,827,123.0,1,29,32.0,42.0,1,122.0
828,828,124.0,1,29,14.0,23.0,2,122.0
829,829,125.0,1,29,6.0,6.0,3,122.0
830,830,126.0,1,29,1.0,4.0,4,122.0
831,831,127.0,1,29,5.0,4.0,5,122.0
832,832,128.0,1,29,2.0,4.0,6,122.0
833,833,129.0,1,29,5.0,7.0,7,122.0
834,834,130.0,1,29,9.0,4.0,8,122.0
835,835,131.0,1,29,6.0,4.0,9,122.0
836,836,132.0,1,29,4.0,5.0,10,122.0
837,837,133.0,1,29,4.0,6.0,11,122.0
838,838,134.0,1,29,4.0,4.0,12,122.0
839,839,135.0,1,29,2.0,2.0,13,122.0
840,840,110.0,0,30,13.0,33.0,-14,124.0
841,841,111.0,0,30,38.0,37.0,-13,124.0
842,842,112.0,0,30,6.0,14.0,-12,124.0
843,843,113.0,0,30,23.0,34.0,-11,124.0
844,844,114.0,0,30,30.0,50.0,-10,124.0
845,845,115.0,0,30,60.0,102.0,-9,124.0
846,846,116.0,0,30,26.0,81.0,-8,124.0
847,847,117.0,0,30,3.0,9.0,-7,124.0
848,848,118.0,0,30,0.0,6.0,-6,124.0
849,849,119.0,0,30,5.0,8.0,-5,124.0
850,850,120.0,0,30,10.0,4.0,-4,124.0
851,851,121.0,0,30,6.0,10.0,-3,124.0
852,852,122.0,0,30,90.0,69.0,-2,124.0
853,853,123.0,0,30,184.0,144.0,-1,124.0
854,854,124.0,1,30,136.0,133.0,0,124.0
855,855,125.0,1,30,187.0,300.0,1,124.0
856,856,126.0,1,30,22.0,21.0,2,124.0
857,857,127.0,1,30,22.0,17.0,3,124.0
858,858,128.0,1,30,9.0,14.0,4,124.0
859,859,129.0,1,30,8.0,9.0,5,124.0
860,860,130.0,1,30,13.0,13.0,6,124.0
861,861,131.0,1,30,3.0,10.0,7,124.0
862,862,132.0,1,30,5.0,7.0,8,124.0
863,863,133.0,1,30,1789.0,2137.0,9,124.0
864,864,134.0,1,30,1129.0,1942.0,10,124.0
865,865,135.0,1,30,76.0,145.0,11,124.0
866,866,136.0,1,30,15.0,28.0,12,124.0
867,867,137.0,1,30,29.0,19.0,13,124.0
868,868,234.0,0,31,0.0,0.0,-14,248.0
869,869,235.0,0,31,0.0,0.0,-13,248.0
870,870,236.0,0,31,0.0,0.0,-12,248.0
871,871,237.0,0,31,0.0,0.0,-11,248.0
872,872,238.0,0,31,0.0,0.0,-10,248.0
873,873,239.0,0,31,0.0,0.0,-9,248.0
874,874,240.0,0,31,0.0,0.0,-8,248.0
875,875,241.0,0,31,0.0,0.0,-7,248.0
876,876,242.0,0,31,0.0,0.0,-6,248.0
877,877,243.0,0,31,0.0,0.0,-5,248.0
878,878,244.0,0,31,0.0,0.0,-4,248.0
879,879,245.0,0,31,0.0,0.0,-3,248.0
880,880,246.0,0,31,0.0,0.0,-2,248.0
881,881,247.0,0,31,0.0,0.0,-1,248.0
882,882,248.0,1,31,5.0,3.0,0,248.0
883,883,249.0,1,31,0.0,0.0,1,248.0
884,884,250.0,1,31,1.0,0.0,2,248.0
885,885,251.0,1,31,0.0,0.0,3,248.0
886,886,252.0,1,31,0.0,0.0,4,248.0
887,887,253.0,1,31,0.0,0.0,5,248.0
888,888,254.0,1,31,0.0,0.0,6,248.0
889,889,255.0,1,31,2.0,0.0,7,248.0
890,890,256.0,1,31,0.0,0.0,8,248.0
891,891,257.0,1,31,0.0,0.0,9,248.0
892,892,258.0,1,31,0.0,0.0,10,248.0
893,893,259.0,1,31,0.0,0.0,11,248.0
894,894,260.0,1,31,1.0,0.0,12,248.0
895,895,261.0,1,31,0.0,0.0,13,248.0
896,896,90.0,0,32,574.0,1496.0,-14,104.0
897,897,91.0,0,32,228.0,676.0,-13,104.0
898,898,92.0,0,32,73.0,213.0,-12,104.0
899,899,93.0,0,32,415.0,1581.0,-11,104.0
900,900,94.0,0,32,449.0,1704.0,-10,104.0
901,901,95.0,0,32,224.0,829.0,-9,104.0
902,902,96.0,0,32,68.0,199.0,-8,104.0
903,903,97.0,0,32,38.0,110.0,-7,104.0
904,904,98.0,0,32,32.0,91.0,-6,104.0
905,905,99.0,0,32,69.0,185.0,-5,104.0
906,906,100.0,0,32,391.0,1329.0,-4,104.0
907,907,101.0,0,32,413.0,3226.0,-3,104.0
908,908,102.0,0,32,488.0,1441.0,-2,104.0
909,909,103.0,0,32,207.0,894.0,-1,104.0
910,910,104.0,1,32,314.0,2268.0,0,104.0
911,911,105.0,1,32,105.0,1186.0,1,104.0
912,912,106.0,1,32,37.0,237.0,2,104.0
913,913,107.0,1,32,82.0,310.0,3,104.0
914,914,108.0,1,32,54.0,213.0,4,104.0
915,915,109.0,1,32,66.0,233.0,5,104.0
916,916,110.0,1,32,168.0,1327.0,6,104.0
917,917,111.0,1,32,269.0,1104.0,7,104.0
918,918,112.0,1,32,245.0,1049.0,8,104.0
919,919,113.0,1,32,42.0,198.0,9,104.0
920,920,114.0,1,32,69.0,272.0,10,104.0
921,921,115.0,1,32,44.0,179.0,11,104.0
922,922,116.0,1,32,56.0,244.0,12,104.0
923,923,117.0,1,32,87.0,608.0,13,104.0
924,924,73.0,0,33,95.0,611.0,-14,87.0
925,925,74.0,0,33,146.0,841.0,-13,87.0
926,926,75.0,0,33,63.0,429.0,-12,87.0
927,927,76.0,0,33,58.0,451.0,-11,87.0
928,928,77.0,0,33,127.0,944.0,-10,87.0
929,929,78.0,0,33,275.0,2634.0,-9,87.0
930,930,79.0,0,33,131.0,1427.0,-8,87.0
931,931,80.0,0,33,253.0,1192.0,-7,87.0
932,932,81.0,0,33,169.0,950.0,-6,87.0
933,933,82.0,0,33,299.0,789.0,-5,87.0
934,934,83.0,0,33,201.0,974.0,-4,87.0
935,935,84.0,0,33,179.0,1390.0,-3,87.0
936,936,85.0,0,33,166.0,921.0,-2,87.0
937,937,86.0,0,33,200.0,1253.0,-1,87.0
938,938,87.0,1,33,125.0,757.0,0,87.0
939,939,88.0,1,33,209.0,1606.0,1,87.0
940,940,89.0,1,33,146.0,3269.0,2,87.0
941,941,90.0,1,33,167.0,4198.0,3,87.0
942,942,91.0,1,33,110.0,2535.0,4,87.0
943,943,92.0,1,33,155.0,3419.0,5,87.0
944,944,93.0,1,33,238.0,3750.0,6,87.0
945,945,94.0,1,33,157.0,3778.0,7,87.0
946,946,95.0,1,33,107.0,3980.0,8,87.0
947,947,96.0,1,33,89.0,2369.0,9,87.0
948,948,97.0,1,33,120.0,2506.0,10,87.0
949,949,98.0,1,33,139.0,3227.0,11,87.0
950,950,99.0,1,33,149.0,3832.0,12,87.0
951,951,100.0,1,33,2365.0,19252.0,13,87.0
952,952,280.0,0,34,0.0,0.0,-14,294.0
953,953,281.0,0,34,0.0,0.0,-13,294.0
954,954,282.0,0,34,0.0,0.0,-12,294.0
955,955,283.0,0,34,0.0,0.0,-11,294.0
956,956,284.0,0,34,0.0,0.0,-10,294.0
957,957,285.0,0,34,0.0,0.0,-9,294.0
958,958,286.0,0,34,0.0,0.0,-8,294.0
959,959,287.0,0,34,0.0,0.0,-7,294.0
960,960,288.0,0,34,0.0,0.0,-6,294.0
961,961,289.0,0,34,0.0,0.0,-5,294.0
962,962,290.0,0,34,0.0,1.0,-4,294.0
963,963,291.0,0,34,0.0,0.0,-3,294.0
964,964,292.0,0,34,0.0,1.0,-2,294.0
965,965,293.0,0,34,49.0,22.0,-1,294.0
966,966,294.0,1,34,47.0,21.0,0,294.0
967,967,295.0,1,34,7.0,1.0,1,294.0
968,968,296.0,1,34,3.0,4.0,2,294.0
969,969,297.0,1,34,2.0,0.0,3,294.0
970,970,298.0,1,34,6.0,3.0,4,294.0
971,971,299.0,1,34,3.0,0.0,5,294.0
972,972,300.0,1,34,1.0,1.0,6,294.0
973,973,301.0,1,34,3.0,0.0,7,294.0
974,974,302.0,1,34,0.0,1.0,8,294.0
975,975,303.0,1,34,0.0,3.0,9,294.0
976,976,304.0,1,34,2.0,0.0,10,294.0
977,977,305.0,1,34,1.0,0.0,11,294.0
978,978,306.0,1,34,0.0,0.0,12,294.0
979,979,307.0,1,34,1.0,2.0,13,294.0
980,980,92.0,0,35,180.0,419.0,-14,106.0
981,981,93.0,0,35,127.0,306.0,-13,106.0
982,982,94.0,0,35,244.0,402.0,-12,106.0
983,983,95.0,0,35,106.0,293.0,-11,106.0
984,984,96.0,0,35,50.0,211.0,-10,106.0
985,985,97.0,0,35,67.0,258.0,-9,106.0
986,986,98.0,0,35,219.0,263.0,-8,106.0
987,987,99.0,0,35,267.0,300.0,-7,106.0
988,988,100.0,0,35,83.0,209.0,-6,106.0
989,989,101.0,0,35,101.0,490.0,-5,106.0
990,990,102.0,0,35,404.0,1018.0,-4,106.0
991,991,103.0,0,35,242.0,1172.0,-3,106.0
992,992,104.0,0,35,173.0,1006.0,-2,106.0
993,993,105.0,0,35,281.0,1535.0,-1,106.0
994,994,106.0,1,35,206.0,860.0,0,106.0
995,995,107.0,1,35,83.0,509.0,1,106.0
996,996,108.0,1,35,187.0,813.0,2,106.0
997,997,109.0,1,35,133.0,845.0,3,106.0
998,998,110.0,1,35,556.0,1811.0,4,106.0
999,999,111.0,1,35,153.0,799.0,5,106.0
1000,1000,112.0,1,35,67.0,412.0,6,106.0
1001,1001,113.0,1,35,78.0,343.0,7,106.0
1002,1002,114.0,1,35,56.0,344.0,8,106.0
1003,1003,115.0,1,35,60.0,494.0,9,106.0
1004,1004,116.0,1,35,65.0,520.0,10,106.0
1005,1005,117.0,1,35,68.0,448.0,11,106.0
1006,1006,118.0,1,35,41.0,375.0,12,106.0
1007,1007,119.0,1,35,48.0,299.0,13,106.0
1008,1008,167.0,0,36,129.0,82.0,-14,181.0
1009,1009,168.0,0,36,71.0,44.0,-13,181.0
1010,1010,169.0,0,36,28.0,12.0,-12,181.0
1011,1011,170.0,0,36,11.0,10.0,-11,181.0
1012,1012,171.0,0,36,81.0,41.0,-10,181.0
1013,1013,172.0,0,36,43.0,40.0,-9,181.0
1014,1014,173.0,0,36,57.0,35.0,-8,181.0
1015,1015,174.0,0,36,13.0,13.0,-7,181.0
1016,1016,175.0,0,36,33.0,24.0,-6,181.0
1017,1017,176.0,0,36,38.0,77.0,-5,181.0
1018,1018,177.0,0,36,13.0,19.0,-4,181.0
1019,1019,178.0,0,36,17.0,7.0,-3,181.0
1020,1020,179.0,0,36,84.0,44.0,-2,181.0
1021,1021,180.0,0,36,37.0,36.0,-1,181.0
1022,1022,181.0,1,36,314.0,194.0,0,181.0
1023,1023,182.0,1,36,58.0,35.0,1,181.0
1024,1024,183.0,1,36,20.0,25.0,2,181.0
1025,1025,184.0,1,36,12.0,14.0,3,181.0
1026,1026,185.0,1,36,109.0,94.0,4,181.0
1027,1027,186.0,1,36,57.0,61.0,5,181.0
1028,1028,187.0,1,36,28.0,24.0,6,181.0
1029,1029,188.0,1,36,12.0,10.0,7,181.0
1030,1030,189.0,1,36,17.0,12.0,8,181.0
1031,1031,190.0,1,36,63.0,33.0,9,181.0
1032,1032,191.0,1,36,157.0,99.0,10,181.0
1033,1033,192.0,1,36,244.0,193.0,11,181.0
1034,1034,193.0,1,36,60.0,48.0,12,181.0
1035,1035,194.0,1,36,24.0,23.0,13,181.0
1036,1036,163.0,0,37,13.0,18.0,-14,177.0
1037,1037,164.0,0,37,20.0,19.0,-13,177.0
1038,1038,165.0,0,37,13.0,27.0,-12,177.0
1039,1039,166.0,0,37,38.0,38.0,-11,177.0
1040,1040,167.0,0,37,33.0,59.0,-10,177.0
1041,1041,168.0,0,37,14.0,37.0,-9,177.0
1042,1042,169.0,0,37,17.0,22.0,-8,177.0
1043,1043,170.0,0,37,22.0,41.0,-7,177.0
1044,1044,171.0,0,37,133.0,226.0,-6,177.0
1045,1045,172.0,0,37,37.0,49.0,-5,177.0
1046,1046,173.0,0,37,13.0,30.0,-4,177.0
1047,1047,174.0,0,37,16.0,19.0,-3,177.0
1048,1048,175.0,0,37,4.0,15.0,-2,177.0
1049,1049,176.0,0,37,15.0,21.0,-1,177.0
1050,1050,177.0,1,37,156.0,155.0,0,177.0
1051,1051,178.0,1,37,9.0,28.0,1,177.0
1052,1052,179.0,1,37,5.0,21.0,2,177.0
1053,1053,180.0,1,37,7.0,21.0,3,177.0
1054,1054,181.0,1,37,4.0,24.0,4,177.0
1055,1055,182.0,1,37,15.0,44.0,5,177.0
1056,1056,183.0,1,37,186.0,241.0,6,177.0
1057,1057,184.0,1,37,9.0,27.0,7,177.0
1058,1058,185.0,1,37,10.0,16.0,8,177.0
1059,1059,186.0,1,37,31.0,57.0,9,177.0
1060,1060,187.0,1,37,7.0,14.0,10,177.0
1061,1061,188.0,1,37,3.0,10.0,11,177.0
1062,1062,189.0,1,37,5.0,14.0,12,177.0
1063,1063,190.0,1,37,6.0,11.0,13,177.0
1064,1064,79.0,0,38,28.0,58.0,-14,93.0
1065,1065,80.0,0,38,24.0,63.0,-13,93.0
1066,1066,81.0,0,38,25.0,40.0,-12,93.0
1067,1067,82.0,0,38,39.0,56.0,-11,93.0
1068,1068,83.0,0,38,18.0,27.0,-10,93.0
1069,1069,84.0,0,38,24.0,57.0,-9,93.0
1070,1070,85.0,0,38,29.0,50.0,-8,93.0
1071,1071,86.0,0,38,34.0,24.0,-7,93.0
1072,1072,87.0,0,38,37.0,68.0,-6,93.0
1073,1073,88.0,0,38,36.0,66.0,-5,93.0
1074,1074,89.0,0,38,76.0,116.0,-4,93.0
1075,1075,90.0,0,38,331.0,288.0,-3,93.0
1076,1076,91.0,0,38,116.0,163.0,-2,93.0
1077,1077,92.0,0,38,46.0,72.0,-1,93.0
1078,1078,93.0,1,38,365.0,192.0,0,93.0
1079,1079,94.0,1,38,27.0,58.0,1,93.0
1080,1080,95.0,1,38,31.0,56.0,2,93.0
1081,1081,96.0,1,38,31.0,46.0,3,93.0
1082,1082,97.0,1,38,24.0,42.0,4,93.0
1083,1083,98.0,1,38,34.0,48.0,5,93.0
1084,1084,99.0,1,38,77.0,133.0,6,93.0
1085,1085,100.0,1,38,47.0,85.0,7,93.0
1086,1086,101.0,1,38,40.0,99.0,8,93.0
1087,1087,102.0,1,38,59.0,118.0,9,93.0
1088,1088,103.0,1,38,214.0,433.0,10,93.0
1089,1089,104.0,1,38,326.0,671.0,11,93.0
1090,1090,105.0,1,38,90.0,219.0,12,93.0
1091,1091,106.0,1,38,83.0,186.0,13,93.0
1092,1092,130.0,0,39,0.0,0.0,-14,144.0
1093,1093,131.0,0,39,0.0,0.0,-13,144.0
1094,1094,132.0,0,39,0.0,1.0,-12,144.0
1095,1095,133.0,0,39,0.0,1.0,-11,144.0
1096,1096,134.0,0,39,0.0,0.0,-10,144.0
1097,1097,135.0,0,39,0.0,0.0,-9,144.0
1098,1098,136.0,0,39,0.0,1.0,-8,144.0
1099,1099,137.0,0,39,0.0,0.0,-7,144.0
1100,1100,138.0,0,39,0.0,1.0,-6,144.0
1101,1101,139.0,0,39,0.0,0.0,-5,144.0
1102,1102,140.0,0,39,0.0,0.0,-4,144.0
1103,1103,141.0,0,39,0.0,1.0,-3,144.0
1104,1104,142.0,0,39,0.0,0.0,-2,144.0
1105,1105,143.0,0,39,6772.0,9560.0,-1,144.0
1106,1106,144.0,1,39,494.0,772.0,0,144.0
1107,1107,145.0,1,39,206.0,221.0,1,144.0
1108,1108,146.0,1,39,76.0,157.0,2,144.0
1109,1109,147.0,1,39,30.0,44.0,3,144.0
1110,1110,148.0,1,39,30.0,30.0,4,144.0
1111,1111,149.0,1,39,23.0,20.0,5,144.0
1112,1112,150.0,1,39,22.0,11.0,6,144.0
1113,1113,151.0,1,39,14.0,7.0,7,144.0
1114,1114,152.0,1,39,14.0,14.0,8,144.0
1115,1115,153.0,1,39,11.0,13.0,9,144.0
1116,1116,154.0,1,39,15.0,14.0,10,144.0
1117,1117,155.0,1,39,81.0,32.0,11,144.0
1118,1118,156.0,1,39,31.0,17.0,12,144.0
1119,1119,157.0,1,39,87.0,21.0,13,144.0
1120,1120,75.0,0,40,0.0,0.0,-14,89.0
1121,1121,76.0,0,40,0.0,0.0,-13,89.0
1122,1122,77.0,0,40,0.0,0.0,-12,89.0
1123,1123,78.0,0,40,0.0,0.0,-11,89.0
1124,1124,79.0,0,40,0.0,0.0,-10,89.0
1125,1125,80.0,0,40,0.0,0.0,-9,89.0
1126,1126,81.0,0,40,0.0,0.0,-8,89.0
1127,1127,82.0,0,40,0.0,0.0,-7,89.0
1128,1128,83.0,0,40,0.0,0.0,-6,89.0
1129,1129,84.0,0,40,0.0,0.0,-5,89.0
1130,1130,85.0,0,40,0.0,0.0,-4,89.0
1131,1131,86.0,0,40,1.0,1.0,-3,89.0
1132,1132,87.0,0,40,0.0,0.0,-2,89.0
1133,1133,88.0,0,40,1.0,0.0,-1,89.0
1134,1134,89.0,1,40,8.0,6.0,0,89.0
1135,1135,90.0,1,40,0.0,0.0,1,89.0
1136,1136,91.0,1,40,0.0,0.0,2,89.0
1137,1137,92.0,1,40,0.0,0.0,3,89.0
1138,1138,93.0,1,40,0.0,0.0,4,89.0
1139,1139,94.0,1,40,0.0,0.0,5,89.0
1140,1140,95.0,1,40,1.0,1.0,6,89.0
1141,1141,96.0,1,40,1.0,0.0,7,89.0
1142,1142,97.0,1,40,0.0,0.0,8,89.0
1143,1143,98.0,1,40,0.0,0.0,9,89.0
1144,1144,99.0,1,40,0.0,0.0,10,89.0
1145,1145,100.0,1,40,0.0,0.0,11,89.0
1146,1146,101.0,1,40,2.0,0.0,12,89.0
1147,1147,102.0,1,40,0.0,0.0,13,89.0
1148,1148,78.0,0,41,1.0,2.0,-14,92.0
1149,1149,79.0,0,41,2.0,5.0,-13,92.0
1150,1150,80.0,0,41,6.0,1.0,-12,92.0
1151,1151,81.0,0,41,1.0,10.0,-11,92.0
1152,1152,82.0,0,41,2.0,1.0,-10,92.0
1153,1153,83.0,0,41,1.0,2.0,-9,92.0
1154,1154,84.0,0,41,2.0,1.0,-8,92.0
1155,1155,85.0,0,41,4.0,3.0,-7,92.0
1156,1156,86.0,0,41,2.0,1.0,-6,92.0
1157,1157,87.0,0,41,2.0,0.0,-5,92.0
1158,1158,88.0,0,41,3.0,7.0,-4,92.0
1159,1159,89.0,0,41,8.0,2.0,-3,92.0
1160,1160,90.0,0,41,2.0,5.0,-2,92.0
1161,1161,91.0,0,41,7.0,7.0,-1,92.0
1162,1162,92.0,1,41,33.0,10.0,0,92.0
1163,1163,93.0,1,41,2.0,11.0,1,92.0
1164,1164,94.0,1,41,2.0,2.0,2,92.0
1165,1165,95.0,1,41,5.0,3.0,3,92.0
1166,1166,96.0,1,41,0.0,4.0,4,92.0
1167,1167,97.0,1,41,3.0,5.0,5,92.0
1168,1168,98.0,1,41,1.0,5.0,6,92.0
1169,1169,99.0,1,41,5.0,4.0,7,92.0
1170,1170,100.0,1,41,1.0,3.0,8,92.0
1171,1171,101.0,1,41,3.0,1.0,9,92.0
1172,1172,102.0,1,41,4.0,6.0,10,92.0
1173,1173,103.0,1,41,3.0,6.0,11,92.0
1174,1174,104.0,1,41,0.0,8.0,12,92.0
1175,1175,105.0,1,41,5.0,3.0,13,92.0
1176,1176,42.0,0,42,1.0,5.0,-14,56.0
1177,1177,43.0,0,42,0.0,6.0,-13,56.0
1178,1178,44.0,0,42,1.0,0.0,-12,56.0
1179,1179,45.0,0,42,2.0,2.0,-11,56.0
1180,1180,46.0,0,42,0.0,2.0,-10,56.0
1181,1181,47.0,0,42,2.0,2.0,-9,56.0
1182,1182,48.0,0,42,1.0,1.0,-8,56.0
1183,1183,49.0,0,42,6.0,18.0,-7,56.0
1184,1184,50.0,0,42,152.0,158.0,-6,56.0
1185,1185,51.0,0,42,358.0,380.0,-5,56.0
1186,1186,52.0,0,42,75.0,119.0,-4,56.0
1187,1187,53.0,0,42,323.0,526.0,-3,56.0
1188,1188,54.0,0,42,135.0,196.0,-2,56.0
1189,1189,55.0,0,42,25.0,29.0,-1,56.0
1190,1190,56.0,1,42,65.0,72.0,0,56.0
1191,1191,57.0,1,42,77.0,124.0,1,56.0
1192,1192,58.0,1,42,671.0,978.0,2,56.0
1193,1193,59.0,1,42,393.0,887.0,3,56.0
1194,1194,60.0,1,42,110.0,200.0,4,56.0
1195,1195,61.0,1,42,44.0,84.0,5,56.0
1196,1196,62.0,1,42,55.0,89.0,6,56.0
1197,1197,63.0,1,42,23.0,37.0,7,56.0
1198,1198,64.0,1,42,19.0,26.0,8,56.0
1199,1199,65.0,1,42,10.0,27.0,9,56.0
1200,1200,66.0,1,42,9.0,29.0,10,56.0
1201,1201,67.0,1,42,5.0,16.0,11,56.0
1202,1202,68.0,1,42,6.0,9.0,12,56.0
1203,1203,69.0,1,42,3.0,19.0,13,56.0
1204,1204,177.0,0,43,53.0,28.0,-14,191.0
1205,1205,178.0,0,43,65.0,56.0,-13,191.0
1206,1206,179.0,0,43,34.0,23.0,-12,191.0
1207,1207,180.0,0,43,10.0,10.0,-11,191.0
1208,1208,181.0,0,43,4.0,5.0,-10,191.0
1209,1209,182.0,0,43,159.0,83.0,-9,191.0
1210,1210,183.0,0,43,33.0,11.0,-8,191.0
1211,1211,184.0,0,43,9.0,4.0,-7,191.0
1212,1212,185.0,0,43,5.0,5.0,-6,191.0
1213,1213,186.0,0,43,56.0,45.0,-5,191.0
1214,1214,187.0,0,43,16.0,12.0,-4,191.0
1215,1215,188.0,0,43,11.0,4.0,-3,191.0
1216,1216,189.0,0,43,118.0,67.0,-2,191.0
1217,1217,190.0,0,43,23.0,10.0,-1,191.0
1218,1218,191.0,1,43,23.0,10.0,0,191.0
1219,1219,192.0,1,43,4.0,6.0,1,191.0
1220,1220,193.0,1,43,8.0,6.0,2,191.0
1221,1221,194.0,1,43,26.0,16.0,3,191.0
1222,1222,195.0,1,43,15.0,17.0,4,191.0
1223,1223,196.0,1,43,11.0,11.0,5,191.0
1224,1224,197.0,1,43,14.0,10.0,6,191.0
1225,1225,198.0,1,43,3.0,5.0,7,191.0
1226,1226,199.0,1,43,1.0,4.0,8,191.0
1227,1227,200.0,1,43,141.0,67.0,9,191.0
1228,1228,201.0,1,43,4.0,9.0,10,191.0
1229,1229,202.0,1,43,4.0,2.0,11,191.0
1230,1230,203.0,1,43,5.0,5.0,12,191.0
1231,1231,204.0,1,43,8.0,3.0,13,191.0
1232,1232,229.0,0,44,16.0,14.0,-14,243.0
1233,1233,230.0,0,44,8.0,8.0,-13,243.0
1234,1234,231.0,0,44,11.0,15.0,-12,243.0
1235,1235,232.0,0,44,3.0,5.0,-11,243.0
1236,1236,233.0,0,44,2.0,2.0,-10,243.0
1237,1237,234.0,0,44,0.0,3.0,-9,243.0
1238,1238,235.0,0,44,0.0,4.0,-8,243.0
1239,1239,236.0,0,44,12.0,10.0,-7,243.0
1240,1240,237.0,0,44,1.0,1.0,-6,243.0
1241,1241,238.0,0,44,4.0,9.0,-5,243.0
1242,1242,239.0,0,44,11.0,4.0,-4,243.0
1243,1243,240.0,0,44,67.0,20.0,-3,243.0
1244,1244,241.0,0,44,7.0,3.0,-2,243.0
1245,1245,242.0,0,44,32.0,43.0,-1,243.0
1246,1246,243.0,1,44,11.0,3.0,0,243.0
1247,1247,244.0,1,44,30.0,14.0,1,243.0
1248,1248,245.0,1,44,14.0,14.0,2,243.0
1249,1249,246.0,1,44,8.0,2.0,3,243.0
1250,1250,247.0,1,44,56.0,43.0,4,243.0
1251,1251,248.0,1,44,21.0,15.0,5,243.0
1252,1252,249.0,1,44,2.0,2.0,6,243.0
1253,1253,250.0,1,44,2.0,3.0,7,243.0
1254,1254,251.0,1,44,13.0,16.0,8,243.0
1255,1255,252.0,1,44,1.0,6.0,9,243.0
1256,1256,253.0,1,44,4.0,1.0,10,243.0
1257,1257,254.0,1,44,2.0,6.0,11,243.0
1258,1258,255.0,1,44,3.0,5.0,12,243.0
1259,1259,256.0,1,44,5.0,4.0,13,243.0
1260,1260,170.0,0,45,105.0,158.0,-14,184.0
1261,1261,171.0,0,45,486.0,576.0,-13,184.0
1262,1262,172.0,0,45,252.0,389.0,-12,184.0
1263,1263,173.0,0,45,161.0,238.0,-11,184.0
1264,1264,174.0,0,45,190.0,232.0,-10,184.0
1265,1265,175.0,0,45,296.0,458.0,-9,184.0
1266,1266,176.0,0,45,161.0,162.0,-8,184.0
1267,1267,177.0,0,45,66.0,87.0,-7,184.0
1268,1268,178.0,0,45,86.0,119.0,-6,184.0
1269,1269,179.0,0,45,219.0,279.0,-5,184.0
1270,1270,180.0,0,45,82.0,145.0,-4,184.0
1271,1271,181.0,0,45,102.0,124.0,-3,184.0
1272,1272,182.0,0,45,96.0,144.0,-2,184.0
1273,1273,183.0,0,45,277.0,672.0,-1,184.0
1274,1274,184.0,1,45,151.0,209.0,0,184.0
1275,1275,185.0,1,45,554.0,578.0,1,184.0
1276,1276,186.0,1,45,253.0,393.0,2,184.0
1277,1277,187.0,1,45,194.0,382.0,3,184.0
1278,1278,188.0,1,45,302.0,384.0,4,184.0
1279,1279,189.0,1,45,241.0,345.0,5,184.0
1280,1280,190.0,1,45,445.0,619.0,6,184.0
1281,1281,191.0,1,45,105.0,143.0,7,184.0
1282,1282,192.0,1,45,159.0,189.0,8,184.0
1283,1283,193.0,1,45,1137.0,1150.0,9,184.0
1284,1284,194.0,1,45,260.0,419.0,10,184.0
1285,1285,195.0,1,45,109.0,194.0,11,184.0
1286,1286,196.0,1,45,274.0,305.0,12,184.0
1287,1287,197.0,1,45,218.0,381.0,13,184.0
1288,1288,152.0,0,46,1059.0,3186.0,-14,166.0
1289,1289,153.0,0,46,311.0,1089.0,-13,166.0
1290,1290,154.0,0,46,110.0,245.0,-12,166.0
1291,1291,155.0,0,46,87.0,230.0,-11,166.0
1292,1292,156.0,0,46,201.0,287.0,-10,166.0
1293,1293,157.0,0,46,36.0,80.0,-9,166.0
1294,1294,158.0,0,46,14.0,39.0,-8,166.0
1295,1295,159.0,0,46,53.0,110.0,-7,166.0
1296,1296,160.0,0,46,30.0,52.0,-6,166.0
1297,1297,161.0,0,46,10.0,40.0,-5,166.0
1298,1298,162.0,0,46,8.0,18.0,-4,166.0
1299,1299,163.0,0,46,15.0,41.0,-3,166.0
1300,1300,164.0,0,46,2.0,22.0,-2,166.0
1301,1301,165.0,0,46,49.0,196.0,-1,166.0
1302,1302,166.0,1,46,64.0,161.0,0,166.0
1303,1303,167.0,1,46,19.0,59.0,1,166.0
1304,1304,168.0,1,46,117.0,206.0,2,166.0
1305,1305,169.0,1,46,38.0,102.0,3,166.0
1306,1306,170.0,1,46,16.0,41.0,4,166.0
1307,1307,171.0,1,46,131.0,196.0,5,166.0
1308,1308,172.0,1,46,43.0,66.0,6,166.0
1309,1309,173.0,1,46,11.0,46.0,7,166.0
1310,1310,174.0,1,46,19.0,57.0,8,166.0
1311,1311,175.0,1,46,8.0,20.0,9,166.0
1312,1312,176.0,1,46,7.0,53.0,10,166.0
1313,1313,177.0,1,46,29.0,62.0,11,166.0
1314,1314,178.0,1,46,14.0,23.0,12,166.0
1315,1315,179.0,1,46,8.0,29.0,13,166.0
1316,1316,101.0,0,47,24.0,15.0,-14,115.0
1317,1317,102.0,0,47,32.0,19.0,-13,115.0
1318,1318,103.0,0,47,99.0,92.0,-12,115.0
1319,1319,104.0,0,47,49.0,66.0,-11,115.0
1320,1320,105.0,0,47,23.0,20.0,-10,115.0
1321,1321,106.0,0,47,23.0,18.0,-9,115.0
1322,1322,107.0,0,47,374.0,337.0,-8,115.0
1323,1323,108.0,0,47,629.0,794.0,-7,115.0
1324,1324,109.0,0,47,71.0,97.0,-6,115.0
1325,1325,110.0,0,47,51.0,49.0,-5,115.0
1326,1326,111.0,0,47,60.0,77.0,-4,115.0
1327,1327,112.0,0,47,47.0,45.0,-3,115.0
1328,1328,113.0,0,47,25.0,28.0,-2,115.0
1329,1329,114.0,0,47,164.0,153.0,-1,115.0
1330,1330,115.0,1,47,432.0,542.0,0,115.0
1331,1331,116.0,1,47,154.0,283.0,1,115.0
1332,1332,117.0,1,47,31.0,71.0,2,115.0
1333,1333,118.0,1,47,28.0,53.0,3,115.0
1334,1334,119.0,1,47,36.0,70.0,4,115.0
1335,1335,120.0,1,47,229.0,147.0,5,115.0
1336,1336,121.0,1,47,486.0,245.0,6,115.0
1337,1337,122.0,1,47,156.0,92.0,7,115.0
1338,1338,123.0,1,47,61.0,63.0,8,115.0
1339,1339,124.0,1,47,28.0,33.0,9,115.0
1340,1340,125.0,1,47,26.0,21.0,10,115.0
1341,1341,126.0,1,47,21.0,30.0,11,115.0
1342,1342,127.0,1,47,172.0,163.0,12,115.0
1343,1343,128.0,1,47,32.0,54.0,13,115.0
1344,1344,103.0,0,48,0.0,5.0,-14,117.0
1345,1345,104.0,0,48,1.0,16.0,-13,117.0
1346,1346,105.0,0,48,0.0,8.0,-12,117.0
1347,1347,106.0,0,48,1.0,5.0,-11,117.0
1348,1348,107.0,0,48,0.0,5.0,-10,117.0
1349,1349,108.0,0,48,0.0,0.0,-9,117.0
1350,1350,109.0,0,48,1.0,5.0,-8,117.0
1351,1351,110.0,0,48,7.0,15.0,-7,117.0
1352,1352,111.0,0,48,7.0,7.0,-6,117.0
1353,1353,112.0,0,48,0.0,2.0,-5,117.0
1354,1354,113.0,0,48,0.0,7.0,-4,117.0
1355,1355,114.0,0,48,0.0,5.0,-3,117.0
1356,1356,115.0,0,48,0.0,6.0,-2,117.0
1357,1357,116.0,0,48,1759.0,3456.0,-1,117.0
1358,1358,117.0,1,48,271.0,1028.0,0,117.0
1359,1359,118.0,1,48,106.0,241.0,1,117.0
1360,1360,119.0,1,48,30.0,123.0,2,117.0
1361,1361,120.0,1,48,7.0,50.0,3,117.0
1362,1362,121.0,1,48,8.0,37.0,4,117.0
1363,1363,122.0,1,48,8.0,25.0,5,117.0
1364,1364,123.0,1,48,13.0,41.0,6,117.0
1365,1365,124.0,1,48,10.0,41.0,7,117.0
1366,1366,125.0,1,48,5.0,40.0,8,117.0
1367,1367,126.0,1,48,5.0,42.0,9,117.0
1368,1368,127.0,1,48,6.0,21.0,10,117.0
1369,1369,128.0,1,48,3.0,32.0,11,117.0
1370,1370,129.0,1,48,3.0,24.0,12,117.0
1371,1371,130.0,1,48,3.0,16.0,13,117.0
1372,1372,77.0,0,49,7.0,15.0,-14,91.0
1373,1373,78.0,0,49,4.0,10.0,-13,91.0
1374,1374,79.0,0,49,10.0,7.0,-12,91.0
1375,1375,80.0,0,49,4.0,24.0,-11,91.0
1376,1376,81.0,0,49,17.0,42.0,-10,91.0
1377,1377,82.0,0,49,11.0,16.0,-9,91.0
1378,1378,83.0,0,49,4.0,10.0,-8,91.0
1379,1379,84.0,0,49,17.0,110.0,-7,91.0
1380,1380,85.0,0,49,7.0,32.0,-6,91.0
1381,1381,86.0,0,49,6.0,18.0,-5,91.0
1382,1382,87.0,0,49,227.0,151.0,-4,91.0
1383,1383,88.0,0,49,23.0,28.0,-3,91.0
1384,1384,89.0,0,49,13.0,42.0,-2,91.0
1385,1385,90.0,0,49,83.0,197.0,-1,91.0
1386,1386,91.0,1,49,44.0,119.0,0,91.0
1387,1387,92.0,1,49,8.0,51.0,1,91.0
1388,1388,93.0,1,49,28.0,34.0,2,91.0
1389,1389,94.0,1,49,10.0,30.0,3,91.0
1390,1390,95.0,1,49,15.0,45.0,4,91.0
1391,1391,96.0,1,49,10.0,20.0,5,91.0
1392,1392,97.0,1,49,7.0,25.0,6,91.0
1393,1393,98.0,1,49,8.0,25.0,7,91.0
1394,1394,99.0,1,49,7.0,25.0,8,91.0
1395,1395,100.0,1,49,15.0,37.0,9,91.0
1396,1396,101.0,1,49,18.0,35.0,10,91.0
1397,1397,102.0,1,49,8.0,44.0,11,91.0
1398,1398,103.0,1,49,10.0,52.0,12,91.0
1399,1399,104.0,1,49,48.0,149.0,13,91.0
1400,1400,44.0,0,50,1380.0,5952.0,-14,58.0
1401,1401,45.0,0,50,2281.0,7378.0,-13,58.0
1402,1402,46.0,0,50,421.0,1838.0,-12,58.0
1403,1403,47.0,0,50,1196.0,3266.0,-11,58.0
1404,1404,48.0,0,50,1464.0,3834.0,-10,58.0
1405,1405,49.0,0,50,625.0,1510.0,-9,58.0
1406,1406,50.0,0,50,536.0,1296.0,-8,58.0
1407,1407,51.0,0,50,1206.0,2454.0,-7,58.0
1408,1408,52.0,0,50,731.0,1890.0,-6,58.0
1409,1409,53.0,0,50,373.0,1130.0,-5,58.0
1410,1410,54.0,0,50,732.0,2017.0,-4,58.0
1411,1411,55.0,0,50,1219.0,3160.0,-3,58.0
1412,1412,56.0,0,50,279.0,843.0,-2,58.0
1413,1413,57.0,0,50,1609.0,3881.0,-1,58.0
1414,1414,58.0,1,50,1121.0,3833.0,0,58.0
1415,1415,59.0,1,50,451.0,1140.0,1,58.0
1416,1416,60.0,1,50,260.0,719.0,2,58.0
1417,1417,61.0,1,50,695.0,2047.0,3,58.0
1418,1418,62.0,1,50,1186.0,3005.0,4,58.0
1419,1419,63.0,1,50,427.0,1616.0,5,58.0
1420,1420,64.0,1,50,325.0,921.0,6,58.0
1421,1421,65.0,1,50,324.0,629.0,7,58.0
1422,1422,66.0,1,50,111.0,518.0,8,58.0
1423,1423,67.0,1,50,177.0,650.0,9,58.0
1424,1424,68.0,1,50,230.0,1061.0,10,58.0
1425,1425,69.0,1,50,140.0,733.0,11,58.0
1426,1426,70.0,1,50,170.0,638.0,12,58.0
1427,1427,71.0,1,50,155.0,688.0,13,58.0
1428,1428,77.0,0,51,16.0,25.0,-14,91.0
1429,1429,78.0,0,51,29.0,35.0,-13,91.0
1430,1430,79.0,0,51,24.0,40.0,-12,91.0
1431,1431,80.0,0,51,47.0,34.0,-11,91.0
1432,1432,81.0,0,51,36.0,62.0,-10,91.0
1433,1433,82.0,0,51,70.0,44.0,-9,91.0
1434,1434,83.0,0,51,70.0,37.0,-8,91.0
1435,1435,84.0,0,51,22.0,39.0,-7,91.0
1436,1436,85.0,0,51,29.0,67.0,-6,91.0
1437,1437,86.0,0,51,22.0,35.0,-5,91.0
1438,1438,87.0,0,51,38.0,40.0,-4,91.0
1439,1439,88.0,0,51,51.0,93.0,-3,91.0
1440,1440,89.0,0,51,640.0,255.0,-2,91.0
1441,1441,90.0,0,51,208.0,194.0,-1,91.0
1442,1442,91.0,1,51,160.0,156.0,0,91.0
1443,1443,92.0,1,51,90.0,137.0,1,91.0
1444,1444,93.0,1,51,34.0,82.0,2,91.0
1445,1445,94.0,1,51,60.0,136.0,3,91.0
1446,1446,95.0,1,51,47.0,127.0,4,91.0
1447,1447,96.0,1,51,41.0,108.0,5,91.0
1448,1448,97.0,1,51,21.0,107.0,6,91.0
1449,1449,98.0,1,51,25.0,87.0,7,91.0
1450,1450,99.0,1,51,24.0,95.0,8,91.0
1451,1451,100.0,1,51,34.0,201.0,9,91.0
1452,1452,101.0,1,51,55.0,259.0,10,91.0
1453,1453,102.0,1,51,43.0,164.0,11,91.0
1454,1454,103.0,1,51,85.0,297.0,12,91.0
1455,1455,104.0,1,51,30.0,175.0,13,91.0
1456,1456,117.0,0,52,38.0,77.0,-14,131.0
1457,1457,118.0,0,52,32.0,77.0,-13,131.0
1458,1458,119.0,0,52,17.0,78.0,-12,131.0
1459,1459,120.0,0,52,25.0,79.0,-11,131.0
1460,1460,121.0,0,52,46.0,99.0,-10,131.0
1461,1461,122.0,0,52,62.0,111.0,-9,131.0
1462,1462,123.0,0,52,44.0,127.0,-8,131.0
1463,1463,124.0,0,52,39.0,57.0,-7,131.0
1464,1464,125.0,0,52,82.0,183.0,-6,131.0
1465,1465,126.0,0,52,43.0,90.0,-5,131.0
1466,1466,127.0,0,52,25.0,90.0,-4,131.0
1467,1467,128.0,0,52,21.0,50.0,-3,131.0
1468,1468,129.0,0,52,86.0,273.0,-2,131.0
1469,1469,130.0,0,52,92.0,220.0,-1,131.0
1470,1470,131.0,1,52,130.0,250.0,0,131.0
1471,1471,132.0,1,52,39.0,107.0,1,131.0
1472,1472,133.0,1,52,9.0,46.0,2,131.0
1473,1473,134.0,1,52,14.0,43.0,3,131.0
1474,1474,135.0,1,52,76.0,157.0,4,131.0
1475,1475,136.0,1,52,86.0,327.0,5,131.0
1476,1476,137.0,1,52,15.0,46.0,6,131.0
1477,1477,138.0,1,52,0.0,0.0,7,131.0
1478,1478,139.0,1,52,0.0,0.0,8,131.0
1479,1479,140.0,1,52,182.0,462.0,9,131.0
1480,1480,141.0,1,52,183.0,289.0,10,131.0
1481,1481,142.0,1,52,99.0,306.0,11,131.0
1482,1482,143.0,1,52,45.0,187.0,12,131.0
1483,1483,144.0,1,52,28.0,82.0,13,131.0
1484,1484,126.0,0,53,16.0,19.0,-14,140.0
1485,1485,127.0,0,53,10.0,21.0,-13,140.0
1486,1486,128.0,0,53,10.0,10.0,-12,140.0
1487,1487,129.0,0,53,47.0,62.0,-11,140.0
1488,1488,130.0,0,53,5.0,19.0,-10,140.0
1489,1489,131.0,0,53,13.0,9.0,-9,140.0
1490,1490,132.0,0,53,3.0,10.0,-8,140.0
1491,1491,133.0,0,53,6.0,10.0,-7,140.0
1492,1492,134.0,0,53,13.0,18.0,-6,140.0
1493,1493,135.0,0,53,13.0,10.0,-5,140.0
1494,1494,136.0,0,53,3.0,14.0,-4,140.0
1495,1495,137.0,0,53,2.0,9.0,-3,140.0
1496,1496,138.0,0,53,5.0,7.0,-2,140.0
1497,1497,139.0,0,53,1128.0,1049.0,-1,140.0
1498,1498,140.0,1,53,792.0,824.0,0,140.0
1499,1499,141.0,1,53,107.0,111.0,1,140.0
1500,1500,142.0,1,53,29.0,33.0,2,140.0
1501,1501,143.0,1,53,22.0,28.0,3,140.0
1502,1502,144.0,1,53,14.0,31.0,4,140.0
1503,1503,145.0,1,53,10.0,12.0,5,140.0
1504,1504,146.0,1,53,11.0,12.0,6,140.0
1505,1505,147.0,1,53,60.0,187.0,7,140.0
1506,1506,148.0,1,53,26.0,47.0,8,140.0
1507,1507,149.0,1,53,24.0,29.0,9,140.0
1508,1508,150.0,1,53,16.0,20.0,10,140.0
1509,1509,151.0,1,53,21.0,17.0,11,140.0
1510,1510,152.0,1,53,7.0,13.0,12,140.0
1511,1511,153.0,1,53,16.0,15.0,13,140.0
1512,1512,51.0,0,54,0.0,1.0,-14,65.0
1513,1513,52.0,0,54,0.0,0.0,-13,65.0
1514,1514,53.0,0,54,1.0,2.0,-12,65.0
1515,1515,54.0,0,54,125.0,229.0,-11,65.0
1516,1516,55.0,0,54,4.0,20.0,-10,65.0
1517,1517,56.0,0,54,25.0,20.0,-9,65.0
1518,1518,57.0,0,54,43.0,42.0,-8,65.0
1519,1519,58.0,0,54,31.0,24.0,-7,65.0
1520,1520,59.0,0,54,13.0,13.0,-6,65.0
1521,1521,60.0,0,54,2.0,4.0,-5,65.0
1522,1522,61.0,0,54,8.0,8.0,-4,65.0
1523,1523,62.0,0,54,4.0,9.0,-3,65.0
1524,1524,63.0,0,54,4.0,1.0,-2,65.0
1525,1525,64.0,0,54,2.0,1.0,-1,65.0
1526,1526,65.0,1,54,14.0,2.0,0,65.0
1527,1527,66.0,1,54,3.0,6.0,1,65.0
1528,1528,67.0,1,54,1.0,2.0,2,65.0
1529,1529,68.0,1,54,4.0,1.0,3,65.0
1530,1530,69.0,1,54,5.0,1.0,4,65.0
1531,1531,70.0,1,54,0.0,2.0,5,65.0
1532,1532,71.0,1,54,2.0,2.0,6,65.0
1533,1533,72.0,1,54,1.0,0.0,7,65.0
1534,1534,73.0,1,54,1.0,1.0,8,65.0
1535,1535,74.0,1,54,0.0,1.0,9,65.0
1536,1536,75.0,1,54,0.0,1.0,10,65.0
1537,1537,76.0,1,54,0.0,2.0,11,65.0
1538,1538,77.0,1,54,0.0,2.0,12,65.0
1539,1539,78.0,1,54,1.0,1.0,13,65.0
1540,1540,199.0,0,55,87.0,168.0,-14,213.0
1541,1541,200.0,0,55,31.0,65.0,-13,213.0
1542,1542,201.0,0,55,18.0,36.0,-12,213.0
1543,1543,202.0,0,55,10.0,18.0,-11,213.0
1544,1544,203.0,0,55,12.0,31.0,-10,213.0
1545,1545,204.0,0,55,13.0,19.0,-9,213.0
1546,1546,205.0,0,55,11.0,20.0,-8,213.0
1547,1547,206.0,0,55,25.0,56.0,-7,213.0
1548,1548,207.0,0,55,52.0,87.0,-6,213.0
1549,1549,208.0,0,55,12.0,29.0,-5,213.0
1550,1550,209.0,0,55,61.0,120.0,-4,213.0
1551,1551,210.0,0,55,37.0,70.0,-3,213.0
1552,1552,211.0,0,55,16.0,33.0,-2,213.0
1553,1553,212.0,0,55,64.0,90.0,-1,213.0
1554,1554,213.0,1,55,131.0,221.0,0,213.0
1555,1555,214.0,1,55,24.0,55.0,1,213.0
1556,1556,215.0,1,55,11.0,32.0,2,213.0
1557,1557,216.0,1,55,31.0,59.0,3,213.0
1558,1558,217.0,1,55,5.0,26.0,4,213.0
1559,1559,218.0,1,55,2.0,13.0,5,213.0
1560,1560,219.0,1,55,12.0,24.0,6,213.0
1561,1561,220.0,1,55,16.0,39.0,7,213.0
1562,1562,221.0,1,55,24.0,38.0,8,213.0
1563,1563,222.0,1,55,14.0,20.0,9,213.0
1564,1564,223.0,1,55,15.0,43.0,10,213.0
1565,1565,224.0,1,55,28.0,85.0,11,213.0
1566,1566,225.0,1,55,16.0,40.0,12,213.0
1567,1567,226.0,1,55,5.0,22.0,13,213.0
1568,1568,99.0,0,56,263.0,1957.0,-14,113.0
1569,1569,100.0,0,56,214.0,1991.0,-13,113.0
1570,1570,101.0,0,56,2374.0,9541.0,-12,113.0
1571,1571,102.0,0,56,220.0,1740.0,-11,113.0
1572,1572,103.0,0,56,484.0,3943.0,-10,113.0
1573,1573,104.0,0,56,249.0,2230.0,-9,113.0
1574,1574,105.0,0,56,223.0,1745.0,-8,113.0
1575,1575,106.0,0,56,287.0,2604.0,-7,113.0
1576,1576,107.0,0,56,531.0,4734.0,-6,113.0
1577,1577,108.0,0,56,151.0,1946.0,-5,113.0
1578,1578,109.0,0,56,451.0,4135.0,-4,113.0
1579,1579,110.0,0,56,498.0,4793.0,-3,113.0
1580,1580,111.0,0,56,259.0,3006.0,-2,113.0
1581,1581,112.0,0,56,498.0,4488.0,-1,113.0
1582,1582,113.0,1,56,562.0,5680.0,0,113.0
1583,1583,114.0,1,56,484.0,4215.0,1,113.0
1584,1584,115.0,1,56,290.0,4016.0,2,113.0
1585,1585,116.0,1,56,225.0,3187.0,3,113.0
1586,1586,117.0,1,56,184.0,2490.0,4,113.0
1587,1587,118.0,1,56,469.0,4406.0,5,113.0
1588,1588,119.0,1,56,193.0,2459.0,6,113.0
1589,1589,120.0,1,56,75.0,1216.0,7,113.0
1590,1590,121.0,1,56,110.0,1443.0,8,113.0
1591,1591,122.0,1,56,120.0,1447.0,9,113.0
1592,1592,123.0,1,56,120.0,1490.0,10,113.0
1593,1593,124.0,1,56,281.0,2467.0,11,113.0
1594,1594,125.0,1,56,262.0,2668.0,12,113.0
1595,1595,126.0,1,56,170.0,1715.0,13,113.0
1596,1596,56.0,0,57,149.0,190.0,-14,70.0
1597,1597,57.0,0,57,85.0,142.0,-13,70.0
1598,1598,58.0,0,57,160.0,240.0,-12,70.0
1599,1599,59.0,0,57,559.0,585.0,-11,70.0
1600,1600,60.0,0,57,174.0,289.0,-10,70.0
1601,1601,61.0,0,57,58.0,82.0,-9,70.0
1602,1602,62.0,0,57,74.0,126.0,-8,70.0
1603,1603,63.0,0,57,121.0,160.0,-7,70.0
1604,1604,64.0,0,57,134.0,184.0,-6,70.0
1605,1605,65.0,0,57,93.0,162.0,-5,70.0
1606,1606,66.0,0,57,105.0,123.0,-4,70.0
1607,1607,67.0,0,57,66.0,69.0,-3,70.0
1608,1608,68.0,0,57,84.0,113.0,-2,70.0
1609,1609,69.0,0,57,101.0,128.0,-1,70.0
1610,1610,70.0,1,57,126.0,186.0,0,70.0
1611,1611,71.0,1,57,83.0,137.0,1,70.0
1612,1612,72.0,1,57,97.0,128.0,2,70.0
1613,1613,73.0,1,57,89.0,122.0,3,70.0
1614,1614,74.0,1,57,38.0,76.0,4,70.0
1615,1615,75.0,1,57,44.0,74.0,5,70.0
1616,1616,76.0,1,57,39.0,44.0,6,70.0
1617,1617,77.0,1,57,40.0,53.0,7,70.0
1618,1618,78.0,1,57,60.0,129.0,8,70.0
1619,1619,79.0,1,57,25.0,75.0,9,70.0
1620,1620,80.0,1,57,92.0,130.0,10,70.0
1621,1621,81.0,1,57,48.0,75.0,11,70.0
1622,1622,82.0,1,57,112.0,151.0,12,70.0
1623,1623,83.0,1,57,87.0,109.0,13,70.0
1624,1624,182.0,0,58,0.0,0.0,-14,196.0
1625,1625,183.0,0,58,0.0,0.0,-13,196.0
1626,1626,184.0,0,58,0.0,0.0,-12,196.0
1627,1627,185.0,0,58,0.0,2.0,-11,196.0
1628,1628,186.0,0,58,2.0,1.0,-10,196.0
1629,1629,187.0,0,58,0.0,0.0,-9,196.0
1630,1630,188.0,0,58,0.0,0.0,-8,196.0
1631,1631,189.0,0,58,0.0,0.0,-7,196.0
1632,1632,190.0,0,58,0.0,0.0,-6,196.0
1633,1633,191.0,0,58,0.0,0.0,-5,196.0
1634,1634,192.0,0,58,0.0,0.0,-4,196.0
1635,1635,193.0,0,58,0.0,0.0,-3,196.0
1636,1636,194.0,0,58,0.0,0.0,-2,196.0
1637,1637,195.0,0,58,0.0,1.0,-1,196.0
1638,1638,196.0,1,58,7.0,1.0,0,196.0
1639,1639,197.0,1,58,2.0,0.0,1,196.0
1640,1640,198.0,1,58,1.0,1.0,2,196.0
1641,1641,199.0,1,58,0.0,1.0,3,196.0
1642,1642,200.0,1,58,0.0,1.0,4,196.0
1643,1643,201.0,1,58,1.0,1.0,5,196.0
1644,1644,202.0,1,58,0.0,0.0,6,196.0
1645,1645,203.0,1,58,1.0,0.0,7,196.0
1646,1646,204.0,1,58,1.0,0.0,8,196.0
1647,1647,205.0,1,58,0.0,0.0,9,196.0
1648,1648,206.0,1,58,1.0,0.0,10,196.0
1649,1649,207.0,1,58,0.0,1.0,11,196.0
1650,1650,208.0,1,58,0.0,0.0,12,196.0
1651,1651,209.0,1,58,0.0,0.0,13,196.0
1652,1652,157.0,0,59,29.0,156.0,-14,171.0
1653,1653,158.0,0,59,40.0,156.0,-13,171.0
1654,1654,159.0,0,59,46.0,212.0,-12,171.0
1655,1655,160.0,0,59,40.0,176.0,-11,171.0
1656,1656,161.0,0,59,43.0,149.0,-10,171.0
1657,1657,162.0,0,59,27.0,139.0,-9,171.0
1658,1658,163.0,0,59,29.0,92.0,-8,171.0
1659,1659,164.0,0,59,43.0,164.0,-7,171.0
1660,1660,165.0,0,59,32.0,209.0,-6,171.0
1661,1661,166.0,0,59,20.0,102.0,-5,171.0
1662,1662,167.0,0,59,48.0,198.0,-4,171.0
1663,1663,168.0,0,59,87.0,240.0,-3,171.0
1664,1664,169.0,0,59,83.0,256.0,-2,171.0
1665,1665,170.0,0,59,62.0,195.0,-1,171.0
1666,1666,171.0,1,59,98.0,262.0,0,171.0
1667,1667,172.0,1,59,143.0,370.0,1,171.0
1668,1668,173.0,1,59,190.0,647.0,2,171.0
1669,1669,174.0,1,59,253.0,756.0,3,171.0
1670,1670,175.0,1,59,187.0,711.0,4,171.0
1671,1671,176.0,1,59,85.0,400.0,5,171.0
1672,1672,177.0,1,59,47.0,257.0,6,171.0
1673,1673,178.0,1,59,26.0,114.0,7,171.0
1674,1674,179.0,1,59,31.0,131.0,8,171.0
1675,1675,180.0,1,59,68.0,328.0,9,171.0
1676,1676,181.0,1,59,69.0,321.0,10,171.0
1677,1677,182.0,1,59,40.0,195.0,11,171.0
1678,1678,183.0,1,59,50.0,169.0,12,171.0
1679,1679,184.0,1,59,81.0,201.0,13,171.0
1680,1680,129.0,0,60,84.0,83.0,-14,143.0
1681,1681,130.0,0,60,16.0,18.0,-13,143.0
1682,1682,131.0,0,60,35.0,28.0,-12,143.0
1683,1683,132.0,0,60,22.0,19.0,-11,143.0
1684,1684,133.0,0,60,29.0,33.0,-10,143.0
1685,1685,134.0,0,60,12.0,15.0,-9,143.0
1686,1686,135.0,0,60,26.0,12.0,-8,143.0
1687,1687,136.0,0,60,13.0,8.0,-7,143.0
1688,1688,137.0,0,60,25.0,14.0,-6,143.0
1689,1689,138.0,0,60,373.0,211.0,-5,143.0
1690,1690,139.0,0,60,131.0,118.0,-4,143.0
1691,1691,140.0,0,60,25.0,31.0,-3,143.0
1692,1692,141.0,0,60,18.0,18.0,-2,143.0
1693,1693,142.0,0,60,122.0,88.0,-1,143.0
1694,1694,143.0,1,60,135.0,116.0,0,143.0
1695,1695,144.0,1,60,8.0,15.0,1,143.0
1696,1696,145.0,1,60,66.0,99.0,2,143.0
1697,1697,146.0,1,60,376.0,346.0,3,143.0
1698,1698,147.0,1,60,186.0,179.0,4,143.0
1699,1699,148.0,1,60,21.0,15.0,5,143.0
1700,1700,149.0,1,60,15.0,23.0,6,143.0
1701,1701,150.0,1,60,9.0,12.0,7,143.0
1702,1702,151.0,1,60,39.0,35.0,8,143.0
1703,1703,152.0,1,60,1231.0,1112.0,9,143.0
1704,1704,153.0,1,60,56.0,96.0,10,143.0
1705,1705,154.0,1,60,8.0,13.0,11,143.0
1706,1706,155.0,1,60,8.0,12.0,12,143.0
1707,1707,156.0,1,60,8.0,13.0,13,143.0
1708,1708,105.0,0,61,28.0,68.0,-14,119.0
1709,1709,106.0,0,61,34.0,51.0,-13,119.0
1710,1710,107.0,0,61,36.0,60.0,-12,119.0
1711,1711,108.0,0,61,335.0,254.0,-11,119.0
1712,1712,109.0,0,61,61.0,60.0,-10,119.0
1713,1713,110.0,0,61,24.0,48.0,-9,119.0
1714,1714,111.0,0,61,21.0,43.0,-8,119.0
1715,1715,112.0,0,61,28.0,35.0,-7,119.0
1716,1716,113.0,0,61,32.0,26.0,-6,119.0
1717,1717,114.0,0,61,87.0,103.0,-5,119.0
1718,1718,115.0,0,61,1250.0,2101.0,-4,119.0
1719,1719,116.0,0,61,246.0,365.0,-3,119.0
1720,1720,117.0,0,61,322.0,619.0,-2,119.0
1721,1721,118.0,0,61,174.0,307.0,-1,119.0
1722,1722,119.0,1,61,513.0,626.0,0,119.0
1723,1723,120.0,1,61,231.0,353.0,1,119.0
1724,1724,121.0,1,61,126.0,207.0,2,119.0
1725,1725,122.0,1,61,45.0,100.0,3,119.0
1726,1726,123.0,1,61,27.0,64.0,4,119.0
1727,1727,124.0,1,61,23.0,54.0,5,119.0
1728,1728,125.0,1,61,50.0,63.0,6,119.0
1729,1729,126.0,1,61,40.0,85.0,7,119.0
1730,1730,127.0,1,61,47.0,82.0,8,119.0
1731,1731,128.0,1,61,47.0,78.0,9,119.0
1732,1732,129.0,1,61,19.0,56.0,10,119.0
1733,1733,130.0,1,61,64.0,116.0,11,119.0
1734,1734,131.0,1,61,46.0,90.0,12,119.0
1735,1735,132.0,1,61,19.0,26.0,13,119.0
1736,1736,294.0,0,62,0.0,0.0,-14,308.0
1737,1737,295.0,0,62,2.0,1.0,-13,308.0
1738,1738,296.0,0,62,2.0,0.0,-12,308.0
1739,1739,297.0,0,62,0.0,1.0,-11,308.0
1740,1740,298.0,0,62,1.0,0.0,-10,308.0
1741,1741,299.0,0,62,1.0,1.0,-9,308.0
1742,1742,300.0,0,62,2.0,5.0,-8,308.0
1743,1743,301.0,0,62,1.0,3.0,-7,308.0
1744,1744,302.0,0,62,1.0,0.0,-6,308.0
1745,1745,303.0,0,62,2.0,0.0,-5,308.0
1746,1746,304.0,0,62,4.0,4.0,-4,308.0
1747,1747,305.0,0,62,0.0,2.0,-3,308.0
1748,1748,306.0,0,62,2.0,0.0,-2,308.0
1749,1749,307.0,0,62,1.0,1.0,-1,308.0
1750,1750,308.0,1,62,70.0,5.0,0,308.0
1751,1751,309.0,1,62,7.0,1.0,1,308.0
1752,1752,310.0,1,62,10.0,1.0,2,308.0
1753,1753,311.0,1,62,4.0,3.0,3,308.0
1754,1754,312.0,1,62,1.0,1.0,4,308.0
1755,1755,313.0,1,62,1.0,2.0,5,308.0
1756,1756,314.0,1,62,3.0,0.0,6,308.0
1757,1757,315.0,1,62,3.0,4.0,7,308.0
1758,1758,316.0,1,62,11.0,8.0,8,308.0
1759,1759,317.0,1,62,6.0,4.0,9,308.0
1760,1760,318.0,1,62,12.0,2.0,10,308.0
1761,1761,319.0,1,62,1.0,2.0,11,308.0
1762,1762,320.0,1,62,2.0,2.0,12,308.0
1763,1763,321.0,1,62,11.0,3.0,13,308.0
1764,1764,120.0,0,63,35.0,49.0,-14,134.0
1765,1765,121.0,0,63,384.0,350.0,-13,134.0
1766,1766,122.0,0,63,166.0,238.0,-12,134.0
1767,1767,123.0,0,63,86.0,95.0,-11,134.0
1768,1768,124.0,0,63,145.0,275.0,-10,134.0
1769,1769,125.0,0,63,29.0,68.0,-9,134.0
1770,1770,126.0,0,63,33.0,25.0,-8,134.0
1771,1771,127.0,0,63,27.0,19.0,-7,134.0
1772,1772,128.0,0,63,211.0,79.0,-6,134.0
1773,1773,129.0,0,63,128.0,41.0,-5,134.0
1774,1774,130.0,0,63,35.0,34.0,-4,134.0
1775,1775,131.0,0,63,24.0,25.0,-3,134.0
1776,1776,132.0,0,63,22.0,24.0,-2,134.0
1777,1777,133.0,0,63,555.0,432.0,-1,134.0
1778,1778,134.0,1,63,82.0,106.0,0,134.0
1779,1779,135.0,1,63,25.0,48.0,1,134.0
1780,1780,136.0,1,63,20.0,24.0,2,134.0
1781,1781,137.0,1,63,36.0,43.0,3,134.0
1782,1782,138.0,1,63,16.0,22.0,4,134.0
1783,1783,139.0,1,63,60.0,54.0,5,134.0
1784,1784,140.0,1,63,58.0,39.0,6,134.0
1785,1785,141.0,1,63,15.0,29.0,7,134.0
1786,1786,142.0,1,63,21.0,26.0,8,134.0
1787,1787,143.0,1,63,10.0,14.0,9,134.0
1788,1788,144.0,1,63,11.0,21.0,10,134.0
1789,1789,145.0,1,63,96.0,123.0,11,134.0
1790,1790,146.0,1,63,42.0,25.0,12,134.0
1791,1791,147.0,1,63,15.0,30.0,13,134.0
1792,1792,87.0,0,64,809.0,841.0,-14,101.0
1793,1793,88.0,0,64,132.0,216.0,-13,101.0
1794,1794,89.0,0,64,628.0,650.0,-12,101.0
1795,1795,90.0,0,64,896.0,1005.0,-11,101.0
1796,1796,91.0,0,64,106.0,210.0,-10,101.0
1797,1797,92.0,0,64,66.0,163.0,-9,101.0
1798,1798,93.0,0,64,83.0,158.0,-8,101.0
1799,1799,94.0,0,64,799.0,651.0,-7,101.0
1800,1800,95.0,0,64,134.0,203.0,-6,101.0
1801,1801,96.0,0,64,141.0,292.0,-5,101.0
1802,1802,97.0,0,64,76.0,165.0,-4,101.0
1803,1803,98.0,0,64,38.0,105.0,-3,101.0
1804,1804,99.0,0,64,116.0,166.0,-2,101.0
1805,1805,100.0,0,64,1030.0,1090.0,-1,101.0
1806,1806,101.0,1,64,317.0,750.0,0,101.0
1807,1807,102.0,1,64,429.0,1290.0,1,101.0
1808,1808,103.0,1,64,209.0,661.0,2,101.0
1809,1809,104.0,1,64,39.0,295.0,3,101.0
1810,1810,105.0,1,64,87.0,332.0,4,101.0
1811,1811,106.0,1,64,125.0,335.0,5,101.0
1812,1812,107.0,1,64,47.0,254.0,6,101.0
1813,1813,108.0,1,64,41.0,203.0,7,101.0
1814,1814,109.0,1,64,49.0,148.0,8,101.0
1815,1815,110.0,1,64,59.0,222.0,9,101.0
1816,1816,111.0,1,64,60.0,213.0,10,101.0
1817,1817,112.0,1,64,357.0,1212.0,11,101.0
1818,1818,113.0,1,64,156.0,579.0,12,101.0
1819,1819,114.0,1,64,189.0,533.0,13,101.0
1820,1820,71.0,0,65,325.0,579.0,-14,85.0
1821,1821,72.0,0,65,467.0,936.0,-13,85.0
1822,1822,73.0,0,65,340.0,757.0,-12,85.0
1823,1823,74.0,0,65,72.0,241.0,-11,85.0
1824,1824,75.0,0,65,337.0,766.0,-10,85.0
1825,1825,76.0,0,65,426.0,1066.0,-9,85.0
1826,1826,77.0,0,65,122.0,353.0,-8,85.0
1827,1827,78.0,0,65,63.0,211.0,-7,85.0
1828,1828,79.0,0,65,265.0,658.0,-6,85.0
1829,1829,80.0,0,65,1251.0,2366.0,-5,85.0
1830,1830,81.0,0,65,150.0,302.0,-4,85.0
1831,1831,82.0,0,65,44.0,143.0,-3,85.0
1832,1832,83.0,0,65,293.0,586.0,-2,85.0
1833,1833,84.0,0,65,85.0,280.0,-1,85.0
1834,1834,85.0,1,65,114.0,366.0,0,85.0
1835,1835,86.0,1,65,34.0,168.0,1,85.0
1836,1836,87.0,1,65,161.0,488.0,2,85.0
1837,1837,88.0,1,65,37.0,181.0,3,85.0
1838,1838,89.0,1,65,270.0,975.0,4,85.0
1839,1839,90.0,1,65,231.0,1065.0,5,85.0
1840,1840,91.0,1,65,32.0,243.0,6,85.0
1841,1841,92.0,1,65,24.0,162.0,7,85.0
1842,1842,93.0,1,65,166.0,933.0,8,85.0
1843,1843,94.0,1,65,336.0,1168.0,9,85.0
1844,1844,95.0,1,65,46.0,229.0,10,85.0
1845,1845,96.0,1,65,40.0,216.0,11,85.0
1846,1846,97.0,1,65,20.0,209.0,12,85.0
1847,1847,98.0,1,65,14.0,136.0,13,85.0
1848,1848,268.0,0,66,0.0,0.0,-14,282.0
1849,1849,269.0,0,66,1.0,0.0,-13,282.0
1850,1850,270.0,0,66,0.0,0.0,-12,282.0
1851,1851,271.0,0,66,0.0,0.0,-11,282.0
1852,1852,272.0,0,66,0.0,0.0,-10,282.0
1853,1853,273.0,0,66,0.0,0.0,-9,282.0
1854,1854,274.0,0,66,1.0,0.0,-8,282.0
1855,1855,275.0,0,66,0.0,0.0,-7,282.0
1856,1856,276.0,0,66,1.0,1.0,-6,282.0
1857,1857,277.0,0,66,0.0,0.0,-5,282.0
1858,1858,278.0,0,66,0.0,1.0,-4,282.0
1859,1859,279.0,0,66,0.0,1.0,-3,282.0
1860,1860,280.0,0,66,0.0,0.0,-2,282.0
1861,1861,281.0,0,66,0.0,0.0,-1,282.0
1862,1862,282.0,1,66,0.0,0.0,0,282.0
1863,1863,283.0,1,66,0.0,0.0,1,282.0
1864,1864,284.0,1,66,0.0,0.0,2,282.0
1865,1865,285.0,1,66,0.0,0.0,3,282.0
1866,1866,286.0,1,66,0.0,0.0,4,282.0
1867,1867,287.0,1,66,1.0,1.0,5,282.0
1868,1868,288.0,1,66,0.0,0.0,6,282.0
1869,1869,289.0,1,66,0.0,0.0,7,282.0
1870,1870,290.0,1,66,0.0,0.0,8,282.0
1871,1871,291.0,1,66,0.0,0.0,9,282.0
1872,1872,292.0,1,66,0.0,0.0,10,282.0
1873,1873,293.0,1,66,0.0,0.0,11,282.0
1874,1874,294.0,1,66,0.0,0.0,12,282.0
1875,1875,295.0,1,66,0.0,0.0,13,282.0
1876,1876,56.0,0,67,129.0,282.0,-14,70.0
1877,1877,57.0,0,67,299.0,546.0,-13,70.0
1878,1878,58.0,0,67,153.0,264.0,-12,70.0
1879,1879,59.0,0,67,56.0,95.0,-11,70.0
1880,1880,60.0,0,67,57.0,223.0,-10,70.0
1881,1881,61.0,0,67,212.0,177.0,-9,70.0
1882,1882,62.0,0,67,119.0,176.0,-8,70.0
1883,1883,63.0,0,67,138.0,260.0,-7,70.0
1884,1884,64.0,0,67,136.0,273.0,-6,70.0
1885,1885,65.0,0,67,88.0,214.0,-5,70.0
1886,1886,66.0,0,67,34.0,82.0,-4,70.0
1887,1887,67.0,0,67,43.0,85.0,-3,70.0
1888,1888,68.0,0,67,103.0,669.0,-2,70.0
1889,1889,69.0,0,67,172.0,440.0,-1,70.0
1890,1890,70.0,1,67,197.0,333.0,0,70.0
1891,1891,71.0,1,67,81.0,99.0,1,70.0
1892,1892,72.0,1,67,38.0,74.0,2,70.0
1893,1893,73.0,1,67,17.0,56.0,3,70.0
1894,1894,74.0,1,67,101.0,72.0,4,70.0
1895,1895,75.0,1,67,23.0,49.0,5,70.0
1896,1896,76.0,1,67,16.0,38.0,6,70.0
1897,1897,77.0,1,67,10.0,41.0,7,70.0
1898,1898,78.0,1,67,36.0,65.0,8,70.0
1899,1899,79.0,1,67,29.0,55.0,9,70.0
1900,1900,80.0,1,67,32.0,51.0,10,70.0
1901,1901,81.0,1,67,68.0,92.0,11,70.0
1902,1902,82.0,1,67,33.0,86.0,12,70.0
1903,1903,83.0,1,67,15.0,52.0,13,70.0
1904,1904,274.0,0,68,1.0,0.0,-14,288.0
1905,1905,275.0,0,68,2.0,1.0,-13,288.0
1906,1906,276.0,0,68,1.0,2.0,-12,288.0
1907,1907,277.0,0,68,1.0,0.0,-11,288.0
1908,1908,278.0,0,68,3.0,0.0,-10,288.0
1909,1909,279.0,0,68,2.0,1.0,-9,288.0
1910,1910,280.0,0,68,2.0,0.0,-8,288.0
1911,1911,281.0,0,68,49.0,20.0,-7,288.0
1912,1912,282.0,0,68,14.0,3.0,-6,288.0
1913,1913,283.0,0,68,1.0,1.0,-5,288.0
1914,1914,284.0,0,68,3.0,1.0,-4,288.0
1915,1915,285.0,0,68,3.0,1.0,-3,288.0
1916,1916,286.0,0,68,1.0,3.0,-2,288.0
1917,1917,287.0,0,68,6.0,2.0,-1,288.0
1918,1918,288.0,1,68,5.0,1.0,0,288.0
1919,1919,289.0,1,68,2.0,2.0,1,288.0
1920,1920,290.0,1,68,3.0,0.0,2,288.0
1921,1921,291.0,1,68,3.0,2.0,3,288.0
1922,1922,292.0,1,68,1.0,2.0,4,288.0
1923,1923,293.0,1,68,1.0,1.0,5,288.0
1924,1924,294.0,1,68,10.0,11.0,6,288.0
1925,1925,295.0,1,68,12.0,6.0,7,288.0
1926,1926,296.0,1,68,5.0,1.0,8,288.0
1927,1927,297.0,1,68,1.0,4.0,9,288.0
1928,1928,298.0,1,68,2.0,1.0,10,288.0
1929,1929,299.0,1,68,0.0,1.0,11,288.0
1930,1930,300.0,1,68,1.0,4.0,12,288.0
1931,1931,301.0,1,68,2.0,1.0,13,288.0
1932,1932,93.0,0,69,53.0,388.0,-14,107.0
1933,1933,94.0,0,69,180.0,697.0,-13,107.0
1934,1934,95.0,0,69,96.0,381.0,-12,107.0
1935,1935,96.0,0,69,115.0,750.0,-11,107.0
1936,1936,97.0,0,69,69.0,337.0,-10,107.0
1937,1937,98.0,0,69,40.0,221.0,-9,107.0
1938,1938,99.0,0,69,46.0,273.0,-8,107.0
1939,1939,100.0,0,69,190.0,819.0,-7,107.0
1940,1940,101.0,0,69,270.0,1061.0,-6,107.0
1941,1941,102.0,0,69,558.0,2935.0,-5,107.0
1942,1942,103.0,0,69,300.0,1925.0,-4,107.0
1943,1943,104.0,0,69,112.0,797.0,-3,107.0
1944,1944,105.0,0,69,123.0,868.0,-2,107.0
1945,1945,106.0,0,69,83.0,500.0,-1,107.0
1946,1946,107.0,1,69,78.0,505.0,0,107.0
1947,1947,108.0,1,69,105.0,697.0,1,107.0
1948,1948,109.0,1,69,89.0,619.0,2,107.0
1949,1949,110.0,1,69,144.0,838.0,3,107.0
1950,1950,111.0,1,69,53.0,556.0,4,107.0
1951,1951,112.0,1,69,136.0,771.0,5,107.0
1952,1952,113.0,1,69,122.0,761.0,6,107.0
1953,1953,114.0,1,69,95.0,734.0,7,107.0
1954,1954,115.0,1,69,52.0,539.0,8,107.0
1955,1955,116.0,1,69,61.0,484.0,9,107.0
1956,1956,117.0,1,69,75.0,674.0,10,107.0
1957,1957,118.0,1,69,46.0,429.0,11,107.0
1958,1958,119.0,1,69,39.0,376.0,12,107.0
1959,1959,120.0,1,69,131.0,888.0,13,107.0
1960,1960,204.0,0,70,39.0,54.0,-14,218.0
1961,1961,205.0,0,70,9.0,15.0,-13,218.0
1962,1962,206.0,0,70,17.0,23.0,-12,218.0
1963,1963,207.0,0,70,32.0,26.0,-11,218.0
1964,1964,208.0,0,70,15.0,17.0,-10,218.0
1965,1965,209.0,0,70,25.0,23.0,-9,218.0
1966,1966,210.0,0,70,10.0,13.0,-8,218.0
1967,1967,211.0,0,70,12.0,18.0,-7,218.0
1968,1968,212.0,0,70,46.0,39.0,-6,218.0
1969,1969,213.0,0,70,23.0,13.0,-5,218.0
1970,1970,214.0,0,70,46.0,47.0,-4,218.0
1971,1971,215.0,0,70,16.0,21.0,-3,218.0
1972,1972,216.0,0,70,15.0,14.0,-2,218.0
1973,1973,217.0,0,70,13.0,15.0,-1,218.0
1974,1974,218.0,1,70,72.0,69.0,0,218.0
1975,1975,219.0,1,70,22.0,18.0,1,218.0
1976,1976,220.0,1,70,15.0,16.0,2,218.0
1977,1977,221.0,1,70,13.0,23.0,3,218.0
1978,1978,222.0,1,70,101.0,97.0,4,218.0
1979,1979,223.0,1,70,18.0,35.0,5,218.0
1980,1980,224.0,1,70,6.0,11.0,6,218.0
1981,1981,225.0,1,70,11.0,20.0,7,218.0
1982,1982,226.0,1,70,30.0,25.0,8,218.0
1983,1983,227.0,1,70,13.0,10.0,9,218.0
1984,1984,228.0,1,70,21.0,13.0,10,218.0
1985,1985,229.0,1,70,5.0,23.0,11,218.0
1986,1986,230.0,1,70,5.0,14.0,12,218.0
1987,1987,231.0,1,70,4.0,4.0,13,218.0
1988,1988,44.0,0,71,348.0,978.0,-14,58.0
1989,1989,45.0,0,71,205.0,534.0,-13,58.0
1990,1990,46.0,0,71,52.0,225.0,-12,58.0
1991,1991,47.0,0,71,56.0,253.0,-11,58.0
1992,1992,48.0,0,71,65.0,222.0,-10,58.0
1993,1993,49.0,0,71,183.0,394.0,-9,58.0
1994,1994,50.0,0,71,321.0,901.0,-8,58.0
1995,1995,51.0,0,71,355.0,1087.0,-7,58.0
1996,1996,52.0,0,71,288.0,690.0,-6,58.0
1997,1997,53.0,0,71,94.0,346.0,-5,58.0
1998,1998,54.0,0,71,112.0,415.0,-4,58.0
1999,1999,55.0,0,71,44.0,170.0,-3,58.0
2000,2000,56.0,0,71,55.0,193.0,-2,58.0
2001,2001,57.0,0,71,183.0,505.0,-1,58.0
2002,2002,58.0,1,71,620.0,1378.0,0,58.0
2003,2003,59.0,1,71,476.0,1151.0,1,58.0
2004,2004,60.0,1,71,75.0,202.0,2,58.0
2005,2005,61.0,1,71,105.0,261.0,3,58.0
2006,2006,62.0,1,71,54.0,162.0,4,58.0
2007,2007,63.0,1,71,46.0,165.0,5,58.0
2008,2008,64.0,1,71,34.0,135.0,6,58.0
2009,2009,65.0,1,71,55.0,175.0,7,58.0
2010,2010,66.0,1,71,26.0,90.0,8,58.0
2011,2011,67.0,1,71,46.0,76.0,9,58.0
2012,2012,68.0,1,71,11.0,45.0,10,58.0
2013,2013,69.0,1,71,11.0,44.0,11,58.0
2014,2014,70.0,1,71,9.0,57.0,12,58.0
2015,2015,71.0,1,71,16.0,85.0,13,58.0
2016,2016,33.0,0,72,1444.0,8657.0,-14,47.0
2017,2017,34.0,0,72,1413.0,7237.0,-13,47.0
2018,2018,35.0,0,72,1501.0,7787.0,-12,47.0
2019,2019,36.0,0,72,3378.0,21002.0,-11,47.0
2020,2020,37.0,0,72,3225.0,22327.0,-10,47.0
2021,2021,38.0,0,72,2295.0,14412.0,-9,47.0
2022,2022,39.0,0,72,1774.0,9827.0,-8,47.0
2023,2023,40.0,0,72,2291.0,13313.0,-7,47.0
2024,2024,41.0,0,72,1258.0,8073.0,-6,47.0
2025,2025,42.0,0,72,760.0,4361.0,-5,47.0
2026,2026,43.0,0,72,844.0,4276.0,-4,47.0
2027,2027,44.0,0,72,1221.0,5774.0,-3,47.0
2028,2028,45.0,0,72,1545.0,8081.0,-2,47.0
2029,2029,46.0,0,72,973.0,5840.0,-1,47.0
2030,2030,47.0,1,72,562.0,3868.0,0,47.0
2031,2031,48.0,1,72,753.0,6861.0,1,47.0
2032,2032,49.0,1,72,461.0,4637.0,2,47.0
2033,2033,50.0,1,72,282.0,2989.0,3,47.0
2034,2034,51.0,1,72,238.0,2656.0,4,47.0
2035,2035,52.0,1,72,267.0,3396.0,5,47.0
2036,2036,53.0,1,72,126.0,1388.0,6,47.0
2037,2037,54.0,1,72,165.0,1969.0,7,47.0
2038,2038,55.0,1,72,308.0,3706.0,8,47.0
2039,2039,56.0,1,72,264.0,3325.0,9,47.0
2040,2040,57.0,1,72,118.0,1320.0,10,47.0
2041,2041,58.0,1,72,707.0,7717.0,11,47.0
2042,2042,59.0,1,72,371.0,4119.0,12,47.0
2043,2043,60.0,1,72,234.0,2954.0,13,47.0
2044,2044,53.0,0,73,0.0,1.0,-14,67.0
2045,2045,54.0,0,73,0.0,0.0,-13,67.0
2046,2046,55.0,0,73,0.0,0.0,-12,67.0
2047,2047,56.0,0,73,0.0,0.0,-11,67.0
2048,2048,57.0,0,73,0.0,0.0,-10,67.0
2049,2049,58.0,0,73,1.0,0.0,-9,67.0
2050,2050,59.0,0,73,1.0,1.0,-8,67.0
2051,2051,60.0,0,73,1.0,0.0,-7,67.0
2052,2052,61.0,0,73,0.0,0.0,-6,67.0
2053,2053,62.0,0,73,0.0,0.0,-5,67.0
2054,2054,63.0,0,73,0.0,0.0,-4,67.0
2055,2055,64.0,0,73,0.0,0.0,-3,67.0
2056,2056,65.0,0,73,0.0,0.0,-2,67.0
2057,2057,66.0,0,73,0.0,0.0,-1,67.0
2058,2058,67.0,1,73,43.0,20.0,0,67.0
2059,2059,68.0,1,73,1.0,0.0,1,67.0
2060,2060,69.0,1,73,0.0,0.0,2,67.0
2061,2061,70.0,1,73,1.0,0.0,3,67.0
2062,2062,71.0,1,73,0.0,0.0,4,67.0
2063,2063,72.0,1,73,0.0,1.0,5,67.0
2064,2064,73.0,1,73,0.0,1.0,6,67.0
2065,2065,74.0,1,73,1.0,0.0,7,67.0
2066,2066,75.0,1,73,0.0,1.0,8,67.0
2067,2067,76.0,1,73,0.0,2.0,9,67.0
2068,2068,77.0,1,73,0.0,0.0,10,67.0
2069,2069,78.0,1,73,0.0,2.0,11,67.0
2070,2070,79.0,1,73,0.0,0.0,12,67.0
2071,2071,80.0,1,73,0.0,0.0,13,67.0
2072,2072,163.0,0,74,37.0,19.0,-14,177.0
2073,2073,164.0,0,74,70.0,79.0,-13,177.0
2074,2074,165.0,0,74,86.0,65.0,-12,177.0
2075,2075,166.0,0,74,14.0,19.0,-11,177.0
2076,2076,167.0,0,74,17.0,12.0,-10,177.0
2077,2077,168.0,0,74,15.0,10.0,-9,177.0
2078,2078,169.0,0,74,13.0,20.0,-8,177.0
2079,2079,170.0,0,74,24.0,18.0,-7,177.0
2080,2080,171.0,0,74,25.0,32.0,-6,177.0
2081,2081,172.0,0,74,16.0,17.0,-5,177.0
2082,2082,173.0,0,74,18.0,11.0,-4,177.0
2083,2083,174.0,0,74,6.0,8.0,-3,177.0
2084,2084,175.0,0,74,27.0,20.0,-2,177.0
2085,2085,176.0,0,74,17.0,26.0,-1,177.0
2086,2086,177.0,1,74,32.0,33.0,0,177.0
2087,2087,178.0,1,74,23.0,20.0,1,177.0
2088,2088,179.0,1,74,14.0,3.0,2,177.0
2089,2089,180.0,1,74,15.0,9.0,3,177.0
2090,2090,181.0,1,74,9.0,16.0,4,177.0
2091,2091,182.0,1,74,28.0,17.0,5,177.0
2092,2092,183.0,1,74,9.0,15.0,6,177.0
2093,2093,184.0,1,74,12.0,15.0,7,177.0
2094,2094,185.0,1,74,17.0,28.0,8,177.0
2095,2095,186.0,1,74,48.0,72.0,9,177.0
2096,2096,187.0,1,74,56.0,61.0,10,177.0
2097,2097,188.0,1,74,70.0,54.0,11,177.0
2098,2098,189.0,1,74,30.0,23.0,12,177.0
2099,2099,190.0,1,74,19.0,9.0,13,177.0
2100,2100,94.0,0,75,8.0,10.0,-14,108.0
2101,2101,95.0,0,75,11.0,16.0,-13,108.0
2102,2102,96.0,0,75,5.0,3.0,-12,108.0
2103,2103,97.0,0,75,8.0,8.0,-11,108.0
2104,2104,98.0,0,75,7.0,12.0,-10,108.0
2105,2105,99.0,0,75,12.0,17.0,-9,108.0
2106,2106,100.0,0,75,12.0,18.0,-8,108.0
2107,2107,101.0,0,75,37.0,62.0,-7,108.0
2108,2108,102.0,0,75,16.0,12.0,-6,108.0
2109,2109,103.0,0,75,14.0,24.0,-5,108.0
2110,2110,104.0,0,75,6.0,10.0,-4,108.0
2111,2111,105.0,0,75,5.0,26.0,-3,108.0
2112,2112,106.0,0,75,12.0,16.0,-2,108.0
2113,2113,107.0,0,75,18.0,20.0,-1,108.0
2114,2114,108.0,1,75,110.0,43.0,0,108.0
2115,2115,109.0,1,75,17.0,15.0,1,108.0
2116,2116,110.0,1,75,13.0,15.0,2,108.0
2117,2117,111.0,1,75,8.0,6.0,3,108.0
2118,2118,112.0,1,75,10.0,7.0,4,108.0
2119,2119,113.0,1,75,8.0,3.0,5,108.0
2120,2120,114.0,1,75,6.0,11.0,6,108.0
2121,2121,115.0,1,75,14.0,12.0,7,108.0
2122,2122,116.0,1,75,6.0,13.0,8,108.0
2123,2123,117.0,1,75,5.0,5.0,9,108.0
2124,2124,118.0,1,75,8.0,8.0,10,108.0
2125,2125,119.0,1,75,7.0,14.0,11,108.0
2126,2126,120.0,1,75,6.0,15.0,12,108.0
2127,2127,121.0,1,75,10.0,11.0,13,108.0
2128,2128,259.0,0,76,2.0,5.0,-14,273.0
2129,2129,260.0,0,76,1.0,6.0,-13,273.0
2130,2130,261.0,0,76,1.0,2.0,-12,273.0
2131,2131,262.0,0,76,10.0,20.0,-11,273.0
2132,2132,263.0,0,76,2.0,2.0,-10,273.0
2133,2133,264.0,0,76,8.0,7.0,-9,273.0
2134,2134,265.0,0,76,2.0,1.0,-8,273.0
2135,2135,266.0,0,76,5.0,23.0,-7,273.0
2136,2136,267.0,0,76,1.0,6.0,-6,273.0
2137,2137,268.0,0,76,7.0,3.0,-5,273.0
2138,2138,269.0,0,76,2.0,8.0,-4,273.0
2139,2139,270.0,0,76,2.0,5.0,-3,273.0
2140,2140,271.0,0,76,5.0,6.0,-2,273.0
2141,2141,272.0,0,76,9.0,9.0,-1,273.0
2142,2142,273.0,1,76,7.0,5.0,0,273.0
2143,2143,274.0,1,76,8.0,12.0,1,273.0
2144,2144,275.0,1,76,4.0,5.0,2,273.0
2145,2145,276.0,1,76,5.0,12.0,3,273.0
2146,2146,277.0,1,76,5.0,5.0,4,273.0
2147,2147,278.0,1,76,1.0,2.0,5,273.0
2148,2148,279.0,1,76,7.0,9.0,6,273.0
2149,2149,280.0,1,76,2.0,3.0,7,273.0
2150,2150,281.0,1,76,4.0,1.0,8,273.0
2151,2151,282.0,1,76,6.0,3.0,9,273.0
2152,2152,283.0,1,76,2.0,3.0,10,273.0
2153,2153,284.0,1,76,2.0,6.0,11,273.0
2154,2154,285.0,1,76,3.0,6.0,12,273.0
2155,2155,286.0,1,76,0.0,1.0,13,273.0
2156,2156,106.0,0,77,31.0,41.0,-14,120.0
2157,2157,107.0,0,77,32.0,27.0,-13,120.0
2158,2158,108.0,0,77,48.0,62.0,-12,120.0
2159,2159,109.0,0,77,54.0,49.0,-11,120.0
2160,2160,110.0,0,77,36.0,43.0,-10,120.0
2161,2161,111.0,0,77,50.0,32.0,-9,120.0
2162,2162,112.0,0,77,58.0,66.0,-8,120.0
2163,2163,113.0,0,77,53.0,54.0,-7,120.0
2164,2164,114.0,0,77,98.0,58.0,-6,120.0
2165,2165,115.0,0,77,27.0,38.0,-5,120.0
2166,2166,116.0,0,77,34.0,31.0,-4,120.0
2167,2167,117.0,0,77,50.0,57.0,-3,120.0
2168,2168,118.0,0,77,30.0,43.0,-2,120.0
2169,2169,119.0,0,77,27.0,26.0,-1,120.0
2170,2170,120.0,1,77,87.0,69.0,0,120.0
2171,2171,121.0,1,77,97.0,93.0,1,120.0
2172,2172,122.0,1,77,22.0,34.0,2,120.0
2173,2173,123.0,1,77,8.0,25.0,3,120.0
2174,2174,124.0,1,77,30.0,27.0,4,120.0
2175,2175,125.0,1,77,42.0,28.0,5,120.0
2176,2176,126.0,1,77,18.0,23.0,6,120.0
2177,2177,127.0,1,77,15.0,27.0,7,120.0
2178,2178,128.0,1,77,11.0,14.0,8,120.0
2179,2179,129.0,1,77,25.0,21.0,9,120.0
2180,2180,130.0,1,77,14.0,19.0,10,120.0
2181,2181,131.0,1,77,48.0,30.0,11,120.0
2182,2182,132.0,1,77,19.0,23.0,12,120.0
2183,2183,133.0,1,77,28.0,28.0,13,120.0
2184,2184,21.0,0,78,0.0,12.0,-14,35.0
2185,2185,22.0,0,78,0.0,9.0,-13,35.0
2186,2186,23.0,0,78,2.0,8.0,-12,35.0
2187,2187,24.0,0,78,0.0,11.0,-11,35.0
2188,2188,25.0,0,78,0.0,7.0,-10,35.0
2189,2189,26.0,0,78,2.0,22.0,-9,35.0
2190,2190,27.0,0,78,7.0,86.0,-8,35.0
2191,2191,28.0,0,78,16.0,152.0,-7,35.0
2192,2192,29.0,0,78,31.0,184.0,-6,35.0
2193,2193,30.0,0,78,30.0,184.0,-5,35.0
2194,2194,31.0,0,78,260.0,625.0,-4,35.0
2195,2195,32.0,0,78,288.0,903.0,-3,35.0
2196,2196,33.0,0,78,479.0,1815.0,-2,35.0
2197,2197,34.0,0,78,733.0,2805.0,-1,35.0
2198,2198,35.0,1,78,1122.0,7606.0,0,35.0
2199,2199,36.0,1,78,390.0,3890.0,1,35.0
2200,2200,37.0,1,78,201.0,2657.0,2,35.0
2201,2201,38.0,1,78,212.0,1896.0,3,35.0
2202,2202,39.0,1,78,98.0,1284.0,4,35.0
2203,2203,40.0,1,78,80.0,1238.0,5,35.0
2204,2204,41.0,1,78,98.0,1341.0,6,35.0
2205,2205,42.0,1,78,205.0,1617.0,7,35.0
2206,2206,43.0,1,78,73.0,1026.0,8,35.0
2207,2207,44.0,1,78,34.0,578.0,9,35.0
2208,2208,45.0,1,78,67.0,1127.0,10,35.0
2209,2209,46.0,1,78,200.0,2294.0,11,35.0
2210,2210,47.0,1,78,181.0,2760.0,12,35.0
2211,2211,48.0,1,78,267.0,3525.0,13,35.0
2212,2212,24.0,0,79,0.0,0.0,-14,38.0
2213,2213,25.0,0,79,0.0,0.0,-13,38.0
2214,2214,26.0,0,79,0.0,0.0,-12,38.0
2215,2215,27.0,0,79,0.0,0.0,-11,38.0
2216,2216,28.0,0,79,0.0,0.0,-10,38.0
2217,2217,29.0,0,79,0.0,0.0,-9,38.0
2218,2218,30.0,0,79,0.0,0.0,-8,38.0
2219,2219,31.0,0,79,0.0,0.0,-7,38.0
2220,2220,32.0,0,79,0.0,0.0,-6,38.0
2221,2221,33.0,0,79,0.0,0.0,-5,38.0
2222,2222,34.0,0,79,0.0,0.0,-4,38.0
2223,2223,35.0,0,79,0.0,9.0,-3,38.0
2224,2224,36.0,0,79,82.0,376.0,-2,38.0
2225,2225,37.0,0,79,79.0,278.0,-1,38.0
2226,2226,38.0,1,79,38.0,115.0,0,38.0
2227,2227,39.0,1,79,6.0,73.0,1,38.0
2228,2228,40.0,1,79,6.0,44.0,2,38.0
2229,2229,41.0,1,79,2.0,21.0,3,38.0
2230,2230,42.0,1,79,2.0,14.0,4,38.0
2231,2231,43.0,1,79,0.0,15.0,5,38.0
2232,2232,44.0,1,79,1.0,11.0,6,38.0
2233,2233,45.0,1,79,4.0,8.0,7,38.0
2234,2234,46.0,1,79,0.0,5.0,8,38.0
2235,2235,47.0,1,79,1.0,18.0,9,38.0
2236,2236,48.0,1,79,0.0,6.0,10,38.0
2237,2237,49.0,1,79,1.0,6.0,11,38.0
2238,2238,50.0,1,79,0.0,3.0,12,38.0
2239,2239,51.0,1,79,1.0,16.0,13,38.0
2240,2240,168.0,0,80,2.0,3.0,-14,182.0
2241,2241,169.0,0,80,1.0,0.0,-13,182.0
2242,2242,170.0,0,80,3.0,0.0,-12,182.0
2243,2243,171.0,0,80,1.0,3.0,-11,182.0
2244,2244,172.0,0,80,1.0,0.0,-10,182.0
2245,2245,173.0,0,80,2.0,3.0,-9,182.0
2246,2246,174.0,0,80,6.0,5.0,-8,182.0
2247,2247,175.0,0,80,3.0,1.0,-7,182.0
2248,2248,176.0,0,80,0.0,2.0,-6,182.0
2249,2249,177.0,0,80,1.0,3.0,-5,182.0
2250,2250,178.0,0,80,1.0,1.0,-4,182.0
2251,2251,179.0,0,80,6.0,5.0,-3,182.0
2252,2252,180.0,0,80,1.0,5.0,-2,182.0
2253,2253,181.0,0,80,1.0,3.0,-1,182.0
2254,2254,182.0,1,80,20.0,2.0,0,182.0
2255,2255,183.0,1,80,3.0,2.0,1,182.0
2256,2256,184.0,1,80,0.0,1.0,2,182.0
2257,2257,185.0,1,80,0.0,0.0,3,182.0
2258,2258,186.0,1,80,2.0,2.0,4,182.0
2259,2259,187.0,1,80,2.0,1.0,5,182.0
2260,2260,188.0,1,80,0.0,3.0,6,182.0
2261,2261,189.0,1,80,1.0,0.0,7,182.0
2262,2262,190.0,1,80,0.0,0.0,8,182.0
2263,2263,191.0,1,80,3.0,0.0,9,182.0
2264,2264,192.0,1,80,1.0,6.0,10,182.0
2265,2265,193.0,1,80,3.0,2.0,11,182.0
2266,2266,194.0,1,80,1.0,0.0,12,182.0
2267,2267,195.0,1,80,1.0,2.0,13,182.0
2268,2268,104.0,0,81,6.0,8.0,-14,118.0
2269,2269,105.0,0,81,2.0,1.0,-13,118.0
2270,2270,106.0,0,81,1.0,2.0,-12,118.0
2271,2271,107.0,0,81,3.0,1.0,-11,118.0
2272,2272,108.0,0,81,1.0,0.0,-10,118.0
2273,2273,109.0,0,81,4.0,1.0,-9,118.0
2274,2274,110.0,0,81,0.0,1.0,-8,118.0
2275,2275,111.0,0,81,2.0,1.0,-7,118.0
2276,2276,112.0,0,81,20.0,54.0,-6,118.0
2277,2277,113.0,0,81,3.0,1.0,-5,118.0
2278,2278,114.0,0,81,1.0,0.0,-4,118.0
2279,2279,115.0,0,81,3.0,1.0,-3,118.0
2280,2280,116.0,0,81,3.0,10.0,-2,118.0
2281,2281,117.0,0,81,174.0,262.0,-1,118.0
2282,2282,118.0,1,81,829.0,2042.0,0,118.0
2283,2283,119.0,1,81,63.0,183.0,1,118.0
2284,2284,120.0,1,81,21.0,53.0,2,118.0
2285,2285,121.0,1,81,17.0,62.0,3,118.0
2286,2286,122.0,1,81,21.0,32.0,4,118.0
2287,2287,123.0,1,81,6.0,22.0,5,118.0
2288,2288,124.0,1,81,10.0,27.0,6,118.0
2289,2289,125.0,1,81,16.0,26.0,7,118.0
2290,2290,126.0,1,81,5.0,10.0,8,118.0
2291,2291,127.0,1,81,7.0,33.0,9,118.0
2292,2292,128.0,1,81,10.0,17.0,10,118.0
2293,2293,129.0,1,81,14.0,18.0,11,118.0
2294,2294,130.0,1,81,401.0,561.0,12,118.0
2295,2295,131.0,1,81,122.0,229.0,13,118.0
2296,2296,320.0,0,82,14.0,71.0,-14,334.0
2297,2297,321.0,0,82,13.0,92.0,-13,334.0
2298,2298,322.0,0,82,26.0,132.0,-12,334.0
2299,2299,323.0,0,82,18.0,119.0,-11,334.0
2300,2300,324.0,0,82,21.0,114.0,-10,334.0
2301,2301,325.0,0,82,20.0,95.0,-9,334.0
2302,2302,326.0,0,82,17.0,103.0,-8,334.0
2303,2303,327.0,0,82,13.0,106.0,-7,334.0
2304,2304,328.0,0,82,9.0,82.0,-6,334.0
2305,2305,329.0,0,82,9.0,83.0,-5,334.0
2306,2306,330.0,0,82,15.0,79.0,-4,334.0
2307,2307,331.0,0,82,14.0,79.0,-3,334.0
2308,2308,332.0,0,82,10.0,85.0,-2,334.0
2309,2309,333.0,0,82,85.0,169.0,-1,334.0
2310,2310,334.0,1,82,147.0,249.0,0,334.0
2311,2311,335.0,1,82,11.0,112.0,1,334.0
2312,2312,336.0,1,82,36.0,223.0,2,334.0
2313,2313,337.0,1,82,37.0,199.0,3,334.0
2314,2314,338.0,1,82,34.0,199.0,4,334.0
2315,2315,339.0,1,82,7.0,150.0,5,334.0
2316,2316,340.0,1,82,2.0,169.0,6,334.0
2317,2317,341.0,1,82,3.0,166.0,7,334.0
2318,2318,342.0,1,82,4.0,140.0,8,334.0
2319,2319,343.0,1,82,15.0,172.0,9,334.0
2320,2320,344.0,1,82,15.0,170.0,10,334.0
2321,2321,345.0,1,82,13.0,134.0,11,334.0
2322,2322,346.0,1,82,12.0,140.0,12,334.0
2323,2323,347.0,1,82,7.0,124.0,13,334.0
2324,2324,78.0,0,83,19.0,6.0,-14,92.0
2325,2325,79.0,0,83,7.0,5.0,-13,92.0
2326,2326,80.0,0,83,20.0,10.0,-12,92.0
2327,2327,81.0,0,83,16.0,10.0,-11,92.0
2328,2328,82.0,0,83,22.0,10.0,-10,92.0
2329,2329,83.0,0,83,14.0,14.0,-9,92.0
2330,2330,84.0,0,83,12.0,7.0,-8,92.0
2331,2331,85.0,0,83,10.0,8.0,-7,92.0
2332,2332,86.0,0,83,3.0,10.0,-6,92.0
2333,2333,87.0,0,83,28.0,23.0,-5,92.0
2334,2334,88.0,0,83,11.0,9.0,-4,92.0
2335,2335,89.0,0,83,39.0,24.0,-3,92.0
2336,2336,90.0,0,83,15.0,24.0,-2,92.0
2337,2337,91.0,0,83,12.0,11.0,-1,92.0
2338,2338,92.0,1,83,88.0,45.0,0,92.0
2339,2339,93.0,1,83,14.0,12.0,1,92.0
2340,2340,94.0,1,83,13.0,22.0,2,92.0
2341,2341,95.0,1,83,13.0,14.0,3,92.0
2342,2342,96.0,1,83,34.0,23.0,4,92.0
2343,2343,97.0,1,83,6.0,18.0,5,92.0
2344,2344,98.0,1,83,10.0,6.0,6,92.0
2345,2345,99.0,1,83,72.0,58.0,7,92.0
2346,2346,100.0,1,83,42.0,28.0,8,92.0
2347,2347,101.0,1,83,14.0,26.0,9,92.0
2348,2348,102.0,1,83,39.0,31.0,10,92.0
2349,2349,103.0,1,83,31.0,42.0,11,92.0
2350,2350,104.0,1,83,10.0,17.0,12,92.0
2351,2351,105.0,1,83,2.0,20.0,13,92.0
2352,2352,40.0,0,84,1654.0,2792.0,-14,54.0
2353,2353,41.0,0,84,1398.0,2536.0,-13,54.0
2354,2354,42.0,0,84,892.0,1985.0,-12,54.0
2355,2355,43.0,0,84,1028.0,2014.0,-11,54.0
2356,2356,44.0,0,84,1438.0,2293.0,-10,54.0
2357,2357,45.0,0,84,2033.0,3475.0,-9,54.0
2358,2358,46.0,0,84,1740.0,2912.0,-8,54.0
2359,2359,47.0,0,84,900.0,1556.0,-7,54.0
2360,2360,48.0,0,84,1625.0,2413.0,-6,54.0
2361,2361,49.0,0,84,1774.0,2415.0,-5,54.0
2362,2362,50.0,0,84,854.0,1303.0,-4,54.0
2363,2363,51.0,0,84,715.0,1301.0,-3,54.0
2364,2364,52.0,0,84,927.0,1233.0,-2,54.0
2365,2365,53.0,0,84,733.0,1679.0,-1,54.0
2366,2366,54.0,1,84,352.0,998.0,0,54.0
2367,2367,55.0,1,84,717.0,2279.0,1,54.0
2368,2368,56.0,1,84,698.0,2480.0,2,54.0
2369,2369,57.0,1,84,153.0,626.0,3,54.0
2370,2370,58.0,1,84,610.0,2276.0,4,54.0
2371,2371,59.0,1,84,519.0,1960.0,5,54.0
2372,2372,60.0,1,84,120.0,519.0,6,54.0
2373,2373,61.0,1,84,54.0,201.0,7,54.0
2374,2374,62.0,1,84,310.0,1320.0,8,54.0
2375,2375,63.0,1,84,54.0,294.0,9,54.0
2376,2376,64.0,1,84,26.0,132.0,10,54.0
2377,2377,65.0,1,84,20.0,135.0,11,54.0
2378,2378,66.0,1,84,384.0,1279.0,12,54.0
2379,2379,67.0,1,84,60.0,221.0,13,54.0
2380,2380,38.0,0,85,1507.0,22149.0,-14,52.0
2381,2381,39.0,0,85,1316.0,22917.0,-13,52.0
2382,2382,40.0,0,85,1103.0,19559.0,-12,52.0
2383,2383,41.0,0,85,811.0,11357.0,-11,52.0
2384,2384,42.0,0,85,650.0,7205.0,-10,52.0
2385,2385,43.0,0,85,876.0,9282.0,-9,52.0
2386,2386,44.0,0,85,957.0,15829.0,-8,52.0
2387,2387,45.0,0,85,916.0,11108.0,-7,52.0
2388,2388,46.0,0,85,726.0,10892.0,-6,52.0
2389,2389,47.0,0,85,482.0,5572.0,-5,52.0
2390,2390,48.0,0,85,734.0,6742.0,-4,52.0
2391,2391,49.0,0,85,539.0,4518.0,-3,52.0
2392,2392,50.0,0,85,498.0,4588.0,-2,52.0
2393,2393,51.0,0,85,661.0,8711.0,-1,52.0
2394,2394,52.0,1,85,472.0,6555.0,0,52.0
2395,2395,53.0,1,85,249.0,3979.0,1,52.0
2396,2396,54.0,1,85,222.0,4353.0,2,52.0
2397,2397,55.0,1,85,237.0,4010.0,3,52.0
2398,2398,56.0,1,85,295.0,4022.0,4,52.0
2399,2399,57.0,1,85,146.0,2527.0,5,52.0
2400,2400,58.0,1,85,234.0,2714.0,6,52.0
2401,2401,59.0,1,85,211.0,2317.0,7,52.0
2402,2402,60.0,1,85,81.0,1482.0,8,52.0
2403,2403,61.0,1,85,118.0,1757.0,9,52.0
2404,2404,62.0,1,85,116.0,2067.0,10,52.0
2405,2405,63.0,1,85,118.0,1766.0,11,52.0
2406,2406,64.0,1,85,69.0,1577.0,12,52.0
2407,2407,65.0,1,85,77.0,1152.0,13,52.0
2408,2408,7.0,0,86,32.0,426.0,-14,21.0
2409,2409,8.0,0,86,14.0,292.0,-13,21.0
2410,2410,9.0,0,86,7.0,59.0,-12,21.0
2411,2411,10.0,0,86,3.0,78.0,-11,21.0
2412,2412,11.0,0,86,6.0,46.0,-10,21.0
2413,2413,12.0,0,86,6.0,78.0,-9,21.0
2414,2414,13.0,0,86,0.0,36.0,-8,21.0
2415,2415,14.0,0,86,2.0,18.0,-7,21.0
2416,2416,15.0,0,86,0.0,13.0,-6,21.0
2417,2417,16.0,0,86,2.0,38.0,-5,21.0
2418,2418,17.0,0,86,1.0,12.0,-4,21.0
2419,2419,18.0,0,86,3.0,13.0,-3,21.0
2420,2420,19.0,0,86,2.0,8.0,-2,21.0
2421,2421,20.0,0,86,3.0,19.0,-1,21.0
2422,2422,21.0,1,86,5.0,46.0,0,21.0
2423,2423,22.0,1,86,1.0,11.0,1,21.0
2424,2424,23.0,1,86,0.0,9.0,2,21.0
2425,2425,24.0,1,86,1.0,12.0,3,21.0
2426,2426,25.0,1,86,1.0,10.0,4,21.0
2427,2427,26.0,1,86,0.0,19.0,5,21.0
2428,2428,27.0,1,86,5.0,89.0,6,21.0
2429,2429,28.0,1,86,7.0,297.0,7,21.0
2430,2430,29.0,1,86,15.0,322.0,8,21.0
2431,2431,30.0,1,86,129.0,3490.0,9,21.0
2432,2432,31.0,1,86,79.0,2356.0,10,21.0
2433,2433,32.0,1,86,75.0,4017.0,11,21.0
2434,2434,33.0,1,86,28.0,2253.0,12,21.0
2435,2435,34.0,1,86,50.0,2628.0,13,21.0
2436,2436,39.0,0,87,1864.0,25506.0,-14,53.0
2437,2437,40.0,0,87,1229.0,18643.0,-13,53.0
2438,2438,41.0,0,87,1221.0,22437.0,-12,53.0
2439,2439,42.0,0,87,885.0,9713.0,-11,53.0
2440,2440,43.0,0,87,716.0,7145.0,-10,53.0
2441,2441,44.0,0,87,1083.0,16563.0,-9,53.0
2442,2442,45.0,0,87,710.0,7633.0,-8,53.0
2443,2443,46.0,0,87,666.0,7153.0,-7,53.0
2444,2444,47.0,0,87,789.0,5336.0,-6,53.0
2445,2445,48.0,0,87,979.0,7053.0,-5,53.0
2446,2446,49.0,0,87,464.0,2620.0,-4,53.0
2447,2447,50.0,0,87,529.0,2682.0,-3,53.0
2448,2448,51.0,0,87,394.0,2322.0,-2,53.0
2449,2449,52.0,0,87,339.0,2338.0,-1,53.0
2450,2450,53.0,1,87,604.0,5419.0,0,53.0
2451,2451,54.0,1,87,315.0,4697.0,1,53.0
2452,2452,55.0,1,87,137.0,2081.0,2,53.0
2453,2453,56.0,1,87,218.0,2207.0,3,53.0
2454,2454,57.0,1,87,602.0,4552.0,4,53.0
2455,2455,58.0,1,87,347.0,2794.0,5,53.0
2456,2456,59.0,1,87,261.0,3153.0,6,53.0
2457,2457,60.0,1,87,166.0,1637.0,7,53.0
2458,2458,61.0,1,87,140.0,1989.0,8,53.0
2459,2459,62.0,1,87,189.0,2610.0,9,53.0
2460,2460,63.0,1,87,120.0,1444.0,10,53.0
2461,2461,64.0,1,87,41.0,608.0,11,53.0
2462,2462,65.0,1,87,88.0,1252.0,12,53.0
2463,2463,66.0,1,87,71.0,907.0,13,53.0
2464,2464,185.0,0,88,8.0,4.0,-14,199.0
2465,2465,186.0,0,88,20.0,7.0,-13,199.0
2466,2466,187.0,0,88,18.0,4.0,-12,199.0
2467,2467,188.0,0,88,2.0,5.0,-11,199.0
2468,2468,189.0,0,88,2.0,2.0,-10,199.0
2469,2469,190.0,0,88,14.0,3.0,-9,199.0
2470,2470,191.0,0,88,6.0,7.0,-8,199.0
2471,2471,192.0,0,88,13.0,4.0,-7,199.0
2472,2472,193.0,0,88,102.0,32.0,-6,199.0
2473,2473,194.0,0,88,301.0,73.0,-5,199.0
2474,2474,195.0,0,88,33.0,11.0,-4,199.0
2475,2475,196.0,0,88,54.0,15.0,-3,199.0
2476,2476,197.0,0,88,5.0,2.0,-2,199.0
2477,2477,198.0,0,88,250.0,184.0,-1,199.0
2478,2478,199.0,1,88,388.0,298.0,0,199.0
2479,2479,200.0,1,88,22.0,31.0,1,199.0
2480,2480,201.0,1,88,6.0,9.0,2,199.0
2481,2481,202.0,1,88,17.0,8.0,3,199.0
2482,2482,203.0,1,88,5.0,7.0,4,199.0
2483,2483,204.0,1,88,49.0,19.0,5,199.0
2484,2484,205.0,1,88,6.0,2.0,6,199.0
2485,2485,206.0,1,88,8.0,4.0,7,199.0
2486,2486,207.0,1,88,4.0,3.0,8,199.0
2487,2487,208.0,1,88,7.0,8.0,9,199.0
2488,2488,209.0,1,88,24.0,15.0,10,199.0
2489,2489,210.0,1,88,4.0,4.0,11,199.0
2490,2490,211.0,1,88,4.0,3.0,12,199.0
2491,2491,212.0,1,88,4.0,2.0,13,199.0
2492,2492,34.0,0,89,919.0,3455.0,-14,48.0
2493,2493,35.0,0,89,1023.0,3429.0,-13,48.0
2494,2494,36.0,0,89,1811.0,6716.0,-12,48.0
2495,2495,37.0,0,89,2224.0,5525.0,-11,48.0
2496,2496,38.0,0,89,1264.0,3124.0,-10,48.0
2497,2497,39.0,0,89,977.0,2285.0,-9,48.0
2498,2498,40.0,0,89,1304.0,1884.0,-8,48.0
2499,2499,41.0,0,89,1768.0,3523.0,-7,48.0
2500,2500,42.0,0,89,1617.0,1626.0,-6,48.0
2501,2501,43.0,0,89,2389.0,2827.0,-5,48.0
2502,2502,44.0,0,89,1122.0,1823.0,-4,48.0
2503,2503,45.0,0,89,746.0,1240.0,-3,48.0
2504,2504,46.0,0,89,532.0,1018.0,-2,48.0
2505,2505,47.0,0,89,1404.0,1843.0,-1,48.0
2506,2506,48.0,1,89,1637.0,2315.0,0,48.0
2507,2507,49.0,1,89,587.0,1011.0,1,48.0
2508,2508,50.0,1,89,369.0,754.0,2,48.0
2509,2509,51.0,1,89,1167.0,2277.0,3,48.0
2510,2510,52.0,1,89,1176.0,3366.0,4,48.0
2511,2511,53.0,1,89,379.0,1007.0,5,48.0
2512,2512,54.0,1,89,224.0,623.0,6,48.0
2513,2513,55.0,1,89,1869.0,4079.0,7,48.0
2514,2514,56.0,1,89,1970.0,5687.0,8,48.0
2515,2515,57.0,1,89,415.0,1403.0,9,48.0
2516,2516,58.0,1,89,361.0,1156.0,10,48.0
2517,2517,59.0,1,89,315.0,934.0,11,48.0
2518,2518,60.0,1,89,216.0,654.0,12,48.0
2519,2519,61.0,1,89,212.0,489.0,13,48.0
2520,2520,122.0,0,90,130.0,116.0,-14,136.0
2521,2521,123.0,0,90,110.0,133.0,-13,136.0
2522,2522,124.0,0,90,59.0,81.0,-12,136.0
2523,2523,125.0,0,90,74.0,90.0,-11,136.0
2524,2524,126.0,0,90,59.0,85.0,-10,136.0
2525,2525,127.0,0,90,59.0,115.0,-9,136.0
2526,2526,128.0,0,90,59.0,74.0,-8,136.0
2527,2527,129.0,0,90,25.0,48.0,-7,136.0
2528,2528,130.0,0,90,116.0,89.0,-6,136.0
2529,2529,131.0,0,90,134.0,92.0,-5,136.0
2530,2530,132.0,0,90,57.0,70.0,-4,136.0
2531,2531,133.0,0,90,88.0,112.0,-3,136.0
2532,2532,134.0,0,90,75.0,82.0,-2,136.0
2533,2533,135.0,0,90,118.0,126.0,-1,136.0
2534,2534,136.0,1,90,127.0,99.0,0,136.0
2535,2535,137.0,1,90,34.0,59.0,1,136.0
2536,2536,138.0,1,90,68.0,108.0,2,136.0
2537,2537,139.0,1,90,955.0,754.0,3,136.0
2538,2538,140.0,1,90,498.0,539.0,4,136.0
2539,2539,141.0,1,90,159.0,233.0,5,136.0
2540,2540,142.0,1,90,67.0,92.0,6,136.0
2541,2541,143.0,1,90,63.0,92.0,7,136.0
2542,2542,144.0,1,90,78.0,96.0,8,136.0
2543,2543,145.0,1,90,70.0,92.0,9,136.0
2544,2544,146.0,1,90,114.0,116.0,10,136.0
2545,2545,147.0,1,90,56.0,77.0,11,136.0
2546,2546,148.0,1,90,30.0,56.0,12,136.0
2547,2547,149.0,1,90,19.0,50.0,13,136.0
2548,2548,63.0,0,91,2.0,4.0,-14,77.0
2549,2549,64.0,0,91,2.0,0.0,-13,77.0
2550,2550,65.0,0,91,0.0,4.0,-12,77.0
2551,2551,66.0,0,91,8.0,5.0,-11,77.0
2552,2552,67.0,0,91,5.0,5.0,-10,77.0
2553,2553,68.0,0,91,1.0,1.0,-9,77.0
2554,2554,69.0,0,91,1.0,3.0,-8,77.0
2555,2555,70.0,0,91,1.0,2.0,-7,77.0
2556,2556,71.0,0,91,3.0,1.0,-6,77.0
2557,2557,72.0,0,91,3.0,1.0,-5,77.0
2558,2558,73.0,0,91,3.0,1.0,-4,77.0
2559,2559,74.0,0,91,2.0,2.0,-3,77.0
2560,2560,75.0,0,91,0.0,0.0,-2,77.0
2561,2561,76.0,0,91,4.0,5.0,-1,77.0
2562,2562,77.0,1,91,26.0,15.0,0,77.0
2563,2563,78.0,1,91,3.0,5.0,1,77.0
2564,2564,79.0,1,91,3.0,1.0,2,77.0
2565,2565,80.0,1,91,4.0,3.0,3,77.0
2566,2566,81.0,1,91,4.0,5.0,4,77.0
2567,2567,82.0,1,91,2.0,3.0,5,77.0
2568,2568,83.0,1,91,1.0,1.0,6,77.0
2569,2569,84.0,1,91,4.0,3.0,7,77.0
2570,2570,85.0,1,91,5.0,3.0,8,77.0
2571,2571,86.0,1,91,1.0,1.0,9,77.0
2572,2572,87.0,1,91,5.0,0.0,10,77.0
2573,2573,88.0,1,91,2.0,1.0,11,77.0
2574,2574,89.0,1,91,34.0,37.0,12,77.0
2575,2575,90.0,1,91,18.0,15.0,13,77.0
2576,2576,162.0,0,92,41.0,40.0,-14,176.0
2577,2577,163.0,0,92,17.0,14.0,-13,176.0
2578,2578,164.0,0,92,53.0,31.0,-12,176.0
2579,2579,165.0,0,92,26.0,19.0,-11,176.0
2580,2580,166.0,0,92,158.0,123.0,-10,176.0
2581,2581,167.0,0,92,25.0,24.0,-9,176.0
2582,2582,168.0,0,92,62.0,35.0,-8,176.0
2583,2583,169.0,0,92,47.0,42.0,-7,176.0
2584,2584,170.0,0,92,21.0,30.0,-6,176.0
2585,2585,171.0,0,92,22.0,18.0,-5,176.0
2586,2586,172.0,0,92,20.0,12.0,-4,176.0
2587,2587,173.0,0,92,39.0,39.0,-3,176.0
2588,2588,174.0,0,92,24.0,47.0,-2,176.0
2589,2589,175.0,0,92,23.0,12.0,-1,176.0
2590,2590,176.0,1,92,110.0,68.0,0,176.0
2591,2591,177.0,1,92,59.0,51.0,1,176.0
2592,2592,178.0,1,92,25.0,18.0,2,176.0
2593,2593,179.0,1,92,8.0,10.0,3,176.0
2594,2594,180.0,1,92,5.0,8.0,4,176.0
2595,2595,181.0,1,92,10.0,19.0,5,176.0
2596,2596,182.0,1,92,6.0,3.0,6,176.0
2597,2597,183.0,1,92,5.0,9.0,7,176.0
2598,2598,184.0,1,92,5.0,5.0,8,176.0
2599,2599,185.0,1,92,7.0,5.0,9,176.0
2600,2600,186.0,1,92,10.0,11.0,10,176.0
2601,2601,187.0,1,92,4.0,4.0,11,176.0
2602,2602,188.0,1,92,6.0,11.0,12,176.0
2603,2603,189.0,1,92,12.0,10.0,13,176.0
2604,2604,170.0,0,93,5.0,4.0,-14,184.0
2605,2605,171.0,0,93,18.0,9.0,-13,184.0
2606,2606,172.0,0,93,13.0,18.0,-12,184.0
2607,2607,173.0,0,93,1.0,8.0,-11,184.0
2608,2608,174.0,0,93,4.0,1.0,-10,184.0
2609,2609,175.0,0,93,9.0,6.0,-9,184.0
2610,2610,176.0,0,93,1.0,1.0,-8,184.0
2611,2611,177.0,0,93,3.0,2.0,-7,184.0
2612,2612,178.0,0,93,3.0,2.0,-6,184.0
2613,2613,179.0,0,93,2.0,0.0,-5,184.0
2614,2614,180.0,0,93,2.0,3.0,-4,184.0
2615,2615,181.0,0,93,2.0,3.0,-3,184.0
2616,2616,182.0,0,93,2.0,1.0,-2,184.0
2617,2617,183.0,0,93,0.0,2.0,-1,184.0
2618,2618,184.0,1,93,14.0,3.0,0,184.0
2619,2619,185.0,1,93,2.0,4.0,1,184.0
2620,2620,186.0,1,93,4.0,2.0,2,184.0
2621,2621,187.0,1,93,4.0,0.0,3,184.0
2622,2622,188.0,1,93,1.0,3.0,4,184.0
2623,2623,189.0,1,93,1.0,1.0,5,184.0
2624,2624,190.0,1,93,2.0,4.0,6,184.0
2625,2625,191.0,1,93,2.0,3.0,7,184.0
2626,2626,192.0,1,93,1.0,1.0,8,184.0
2627,2627,193.0,1,93,3.0,1.0,9,184.0
2628,2628,194.0,1,93,1.0,1.0,10,184.0
2629,2629,195.0,1,93,0.0,2.0,11,184.0
2630,2630,196.0,1,93,3.0,3.0,12,184.0
2631,2631,197.0,1,93,5.0,7.0,13,184.0
2632,2632,109.0,0,94,22.0,200.0,-14,123.0
2633,2633,110.0,0,94,5.0,77.0,-13,123.0
2634,2634,111.0,0,94,12.0,87.0,-12,123.0
2635,2635,112.0,0,94,39.0,279.0,-11,123.0
2636,2636,113.0,0,94,32.0,212.0,-10,123.0
2637,2637,114.0,0,94,9.0,113.0,-9,123.0
2638,2638,115.0,0,94,8.0,69.0,-8,123.0
2639,2639,116.0,0,94,62.0,471.0,-7,123.0
2640,2640,117.0,0,94,8.0,92.0,-6,123.0
2641,2641,118.0,0,94,12.0,121.0,-5,123.0
2642,2642,119.0,0,94,8.0,60.0,-4,123.0
2643,2643,120.0,0,94,111.0,561.0,-3,123.0
2644,2644,121.0,0,94,14.0,142.0,-2,123.0
2645,2645,122.0,0,94,201.0,996.0,-1,123.0
2646,2646,123.0,1,94,161.0,630.0,0,123.0
2647,2647,124.0,1,94,18.0,49.0,1,123.0
2648,2648,125.0,1,94,276.0,1218.0,2,123.0
2649,2649,126.0,1,94,204.0,2356.0,3,123.0
2650,2650,127.0,1,94,49.0,469.0,4,123.0
2651,2651,128.0,1,94,21.0,187.0,5,123.0
2652,2652,129.0,1,94,109.0,147.0,6,123.0
2653,2653,130.0,1,94,42.0,74.0,7,123.0
2654,2654,131.0,1,94,9.0,52.0,8,123.0
2655,2655,132.0,1,94,9.0,28.0,9,123.0
2656,2656,133.0,1,94,8.0,38.0,10,123.0
2657,2657,134.0,1,94,5.0,32.0,11,123.0
2658,2658,135.0,1,94,5.0,39.0,12,123.0
2659,2659,136.0,1,94,7.0,52.0,13,123.0
2660,2660,226.0,0,95,11.0,27.0,-14,240.0
2661,2661,227.0,0,95,16.0,12.0,-13,240.0
2662,2662,228.0,0,95,6.0,13.0,-12,240.0
2663,2663,229.0,0,95,11.0,17.0,-11,240.0
2664,2664,230.0,0,95,44.0,40.0,-10,240.0
2665,2665,231.0,0,95,15.0,4.0,-9,240.0
2666,2666,232.0,0,95,2.0,17.0,-8,240.0
2667,2667,233.0,0,95,14.0,18.0,-7,240.0
2668,2668,234.0,0,95,35.0,47.0,-6,240.0
2669,2669,235.0,0,95,110.0,161.0,-5,240.0
2670,2670,236.0,0,95,269.0,334.0,-4,240.0
2671,2671,237.0,0,95,215.0,293.0,-3,240.0
2672,2672,238.0,0,95,137.0,192.0,-2,240.0
2673,2673,239.0,0,95,38.0,44.0,-1,240.0
2674,2674,240.0,1,95,74.0,82.0,0,240.0
2675,2675,241.0,1,95,138.0,185.0,1,240.0
2676,2676,242.0,1,95,385.0,588.0,2,240.0
2677,2677,243.0,1,95,173.0,261.0,3,240.0
2678,2678,244.0,1,95,60.0,99.0,4,240.0
2679,2679,245.0,1,95,34.0,37.0,5,240.0
2680,2680,246.0,1,95,21.0,51.0,6,240.0
2681,2681,247.0,1,95,36.0,55.0,7,240.0
2682,2682,248.0,1,95,20.0,23.0,8,240.0
2683,2683,249.0,1,95,65.0,68.0,9,240.0
2684,2684,250.0,1,95,15.0,50.0,10,240.0
2685,2685,251.0,1,95,14.0,35.0,11,240.0
2686,2686,252.0,1,95,11.0,23.0,12,240.0
2687,2687,253.0,1,95,8.0,19.0,13,240.0
2688,2688,147.0,0,96,16.0,18.0,-14,161.0
2689,2689,148.0,0,96,6.0,22.0,-13,161.0
2690,2690,149.0,0,96,9.0,12.0,-12,161.0
2691,2691,150.0,0,96,58.0,23.0,-11,161.0
2692,2692,151.0,0,96,159.0,171.0,-10,161.0
2693,2693,152.0,0,96,23.0,34.0,-9,161.0
2694,2694,153.0,0,96,21.0,43.0,-8,161.0
2695,2695,154.0,0,96,18.0,23.0,-7,161.0
2696,2696,155.0,0,96,32.0,20.0,-6,161.0
2697,2697,156.0,0,96,11.0,17.0,-5,161.0
2698,2698,157.0,0,96,11.0,17.0,-4,161.0
2699,2699,158.0,0,96,4.0,6.0,-3,161.0
2700,2700,159.0,0,96,15.0,21.0,-2,161.0
2701,2701,160.0,0,96,11.0,22.0,-1,161.0
2702,2702,161.0,1,96,17.0,18.0,0,161.0
2703,2703,162.0,1,96,12.0,22.0,1,161.0
2704,2704,163.0,1,96,11.0,13.0,2,161.0
2705,2705,164.0,1,96,24.0,32.0,3,161.0
2706,2706,165.0,1,96,114.0,58.0,4,161.0
2707,2707,166.0,1,96,64.0,53.0,5,161.0
2708,2708,167.0,1,96,3.0,15.0,6,161.0
2709,2709,168.0,1,96,5.0,17.0,7,161.0
2710,2710,169.0,1,96,7.0,9.0,8,161.0
2711,2711,170.0,1,96,9.0,19.0,9,161.0
2712,2712,171.0,1,96,5.0,9.0,10,161.0
2713,2713,172.0,1,96,2.0,7.0,11,161.0
2714,2714,173.0,1,96,27.0,47.0,12,161.0
2715,2715,174.0,1,96,8.0,15.0,13,161.0
2716,2716,267.0,0,97,50.0,52.0,-14,281.0
2717,2717,268.0,0,97,7.0,13.0,-13,281.0
2718,2718,269.0,0,97,23.0,14.0,-12,281.0
2719,2719,270.0,0,97,9.0,19.0,-11,281.0
2720,2720,271.0,0,97,4.0,5.0,-10,281.0
2721,2721,272.0,0,97,2.0,3.0,-9,281.0
2722,2722,273.0,0,97,6.0,1.0,-8,281.0
2723,2723,274.0,0,97,2.0,3.0,-7,281.0
2724,2724,275.0,0,97,5.0,4.0,-6,281.0
2725,2725,276.0,0,97,2.0,1.0,-5,281.0
2726,2726,277.0,0,97,13.0,12.0,-4,281.0
2727,2727,278.0,0,97,10.0,9.0,-3,281.0
2728,2728,279.0,0,97,5.0,7.0,-2,281.0
2729,2729,280.0,0,97,10.0,6.0,-1,281.0
2730,2730,281.0,1,97,10.0,5.0,0,281.0
2731,2731,282.0,1,97,1.0,6.0,1,281.0
2732,2732,283.0,1,97,5.0,6.0,2,281.0
2733,2733,284.0,1,97,3.0,2.0,3,281.0
2734,2734,285.0,1,97,10.0,10.0,4,281.0
2735,2735,286.0,1,97,6.0,8.0,5,281.0
2736,2736,287.0,1,97,11.0,20.0,6,281.0
2737,2737,288.0,1,97,4.0,3.0,7,281.0
2738,2738,289.0,1,97,7.0,4.0,8,281.0
2739,2739,290.0,1,97,4.0,7.0,9,281.0
2740,2740,291.0,1,97,2.0,6.0,10,281.0
2741,2741,292.0,1,97,2.0,3.0,11,281.0
2742,2742,293.0,1,97,4.0,4.0,12,281.0
2743,2743,294.0,1,97,245.0,159.0,13,281.0
2744,2744,41.0,0,98,398.0,1705.0,-14,55.0
2745,2745,42.0,0,98,428.0,1156.0,-13,55.0
2746,2746,43.0,0,98,262.0,591.0,-12,55.0
2747,2747,44.0,0,98,434.0,1038.0,-11,55.0
2748,2748,45.0,0,98,297.0,729.0,-10,55.0
2749,2749,46.0,0,98,514.0,2081.0,-9,55.0
2750,2750,47.0,0,98,2907.0,3037.0,-8,55.0
2751,2751,48.0,0,98,559.0,1030.0,-7,55.0
2752,2752,49.0,0,98,826.0,2638.0,-6,55.0
2753,2753,50.0,0,98,429.0,1445.0,-5,55.0
2754,2754,51.0,0,98,180.0,463.0,-4,55.0
2755,2755,52.0,0,98,168.0,504.0,-3,55.0
2756,2756,53.0,0,98,266.0,315.0,-2,55.0
2757,2757,54.0,0,98,190.0,337.0,-1,55.0
2758,2758,55.0,1,98,273.0,331.0,0,55.0
2759,2759,56.0,1,98,250.0,701.0,1,55.0
2760,2760,57.0,1,98,91.0,215.0,2,55.0
2761,2761,58.0,1,98,68.0,250.0,3,55.0
2762,2762,59.0,1,98,98.0,265.0,4,55.0
2763,2763,60.0,1,98,57.0,114.0,5,55.0
2764,2764,61.0,1,98,26.0,85.0,6,55.0
2765,2765,62.0,1,98,25.0,75.0,7,55.0
2766,2766,63.0,1,98,37.0,92.0,8,55.0
2767,2767,64.0,1,98,21.0,77.0,9,55.0
2768,2768,65.0,1,98,27.0,82.0,10,55.0
2769,2769,66.0,1,98,18.0,89.0,11,55.0
2770,2770,67.0,1,98,112.0,162.0,12,55.0
2771,2771,68.0,1,98,59.0,111.0,13,55.0
2772,2772,47.0,0,99,2.0,24.0,-14,61.0
2773,2773,48.0,0,99,56.0,149.0,-13,61.0
2774,2774,49.0,0,99,14.0,39.0,-12,61.0
2775,2775,50.0,0,99,5.0,23.0,-11,61.0
2776,2776,51.0,0,99,2.0,12.0,-10,61.0
2777,2777,52.0,0,99,6.0,5.0,-9,61.0
2778,2778,53.0,0,99,0.0,4.0,-8,61.0
2779,2779,54.0,0,99,2.0,6.0,-7,61.0
2780,2780,55.0,0,99,2.0,11.0,-6,61.0
2781,2781,56.0,0,99,17.0,40.0,-5,61.0
2782,2782,57.0,0,99,18.0,39.0,-4,61.0
2783,2783,58.0,0,99,17.0,23.0,-3,61.0
2784,2784,59.0,0,99,3.0,5.0,-2,61.0
2785,2785,60.0,0,99,7.0,17.0,-1,61.0
2786,2786,61.0,1,99,18.0,12.0,0,61.0
2787,2787,62.0,1,99,2.0,5.0,1,61.0
2788,2788,63.0,1,99,3.0,4.0,2,61.0
2789,2789,64.0,1,99,10.0,28.0,3,61.0
2790,2790,65.0,1,99,1.0,9.0,4,61.0
2791,2791,66.0,1,99,1.0,5.0,5,61.0
2792,2792,67.0,1,99,1.0,4.0,6,61.0
2793,2793,68.0,1,99,0.0,7.0,7,61.0
2794,2794,69.0,1,99,1.0,7.0,8,61.0
2795,2795,70.0,1,99,2.0,10.0,9,61.0
2796,2796,71.0,1,99,3.0,3.0,10,61.0
2797,2797,72.0,1,99,1.0,5.0,11,61.0
2798,2798,73.0,1,99,2.0,2.0,12,61.0
2799,2799,74.0,1,99,2.0,1.0,13,61.0
2800,2800,40.0,0,100,2346.0,3300.0,-14,54.0
2801,2801,41.0,0,100,1145.0,1930.0,-13,54.0
2802,2802,42.0,0,100,658.0,942.0,-12,54.0
2803,2803,43.0,0,100,369.0,791.0,-11,54.0
2804,2804,44.0,0,100,577.0,777.0,-10,54.0
2805,2805,45.0,0,100,264.0,464.0,-9,54.0
2806,2806,46.0,0,100,317.0,492.0,-8,54.0
2807,2807,47.0,0,100,820.0,998.0,-7,54.0
2808,2808,48.0,0,100,337.0,449.0,-6,54.0
2809,2809,49.0,0,100,232.0,266.0,-5,54.0
2810,2810,50.0,0,100,246.0,241.0,-4,54.0
2811,2811,51.0,0,100,190.0,264.0,-3,54.0
2812,2812,52.0,0,100,160.0,243.0,-2,54.0
2813,2813,53.0,0,100,224.0,318.0,-1,54.0
2814,2814,54.0,1,100,373.0,688.0,0,54.0
2815,2815,55.0,1,100,227.0,671.0,1,54.0
2816,2816,56.0,1,100,175.0,412.0,2,54.0
2817,2817,57.0,1,100,83.0,218.0,3,54.0
2818,2818,58.0,1,100,271.0,382.0,4,54.0
2819,2819,59.0,1,100,232.0,359.0,5,54.0
2820,2820,60.0,1,100,68.0,157.0,6,54.0
2821,2821,61.0,1,100,94.0,181.0,7,54.0
2822,2822,62.0,1,100,166.0,334.0,8,54.0
2823,2823,63.0,1,100,205.0,414.0,9,54.0
2824,2824,64.0,1,100,120.0,325.0,10,54.0
2825,2825,65.0,1,100,112.0,237.0,11,54.0
2826,2826,66.0,1,100,61.0,141.0,12,54.0
2827,2827,67.0,1,100,88.0,236.0,13,54.0
2828,2828,120.0,0,101,30.0,44.0,-14,134.0
2829,2829,121.0,0,101,54.0,73.0,-13,134.0
2830,2830,122.0,0,101,214.0,143.0,-12,134.0
2831,2831,123.0,0,101,114.0,76.0,-11,134.0
2832,2832,124.0,0,101,50.0,57.0,-10,134.0
2833,2833,125.0,0,101,28.0,36.0,-9,134.0
2834,2834,126.0,0,101,18.0,18.0,-8,134.0
2835,2835,127.0,0,101,347.0,227.0,-7,134.0
2836,2836,128.0,0,101,166.0,101.0,-6,134.0
2837,2837,129.0,0,101,104.0,83.0,-5,134.0
2838,2838,130.0,0,101,103.0,65.0,-4,134.0
2839,2839,131.0,0,101,62.0,39.0,-3,134.0
2840,2840,132.0,0,101,390.0,307.0,-2,134.0
2841,2841,133.0,0,101,46.0,39.0,-1,134.0
2842,2842,134.0,1,101,184.0,160.0,0,134.0
2843,2843,135.0,1,101,51.0,46.0,1,134.0
2844,2844,136.0,1,101,53.0,58.0,2,134.0
2845,2845,137.0,1,101,52.0,63.0,3,134.0
2846,2846,138.0,1,101,80.0,72.0,4,134.0
2847,2847,139.0,1,101,44.0,27.0,5,134.0
2848,2848,140.0,1,101,14.0,15.0,6,134.0
2849,2849,141.0,1,101,53.0,49.0,7,134.0
2850,2850,142.0,1,101,55.0,49.0,8,134.0
2851,2851,143.0,1,101,114.0,103.0,9,134.0
2852,2852,144.0,1,101,48.0,55.0,10,134.0
2853,2853,145.0,1,101,38.0,41.0,11,134.0
2854,2854,146.0,1,101,25.0,38.0,12,134.0
2855,2855,147.0,1,101,26.0,37.0,13,134.0
2856,2856,77.0,0,102,79.0,82.0,-14,91.0
2857,2857,78.0,0,102,143.0,147.0,-13,91.0
2858,2858,79.0,0,102,42.0,57.0,-12,91.0
2859,2859,80.0,0,102,359.0,173.0,-11,91.0
2860,2860,81.0,0,102,206.0,167.0,-10,91.0
2861,2861,82.0,0,102,63.0,55.0,-9,91.0
2862,2862,83.0,0,102,67.0,90.0,-8,91.0
2863,2863,84.0,0,102,47.0,63.0,-7,91.0
2864,2864,85.0,0,102,24.0,27.0,-6,91.0
2865,2865,86.0,0,102,25.0,39.0,-5,91.0
2866,2866,87.0,0,102,214.0,181.0,-4,91.0
2867,2867,88.0,0,102,449.0,514.0,-3,91.0
2868,2868,89.0,0,102,125.0,302.0,-2,91.0
2869,2869,90.0,0,102,757.0,1609.0,-1,91.0
2870,2870,91.0,1,102,689.0,2058.0,0,91.0
2871,2871,92.0,1,102,99.0,205.0,1,91.0
2872,2872,93.0,1,102,396.0,456.0,2,91.0
2873,2873,94.0,1,102,1175.0,1166.0,3,91.0
2874,2874,95.0,1,102,240.0,357.0,4,91.0
2875,2875,96.0,1,102,455.0,519.0,5,91.0
2876,2876,97.0,1,102,144.0,239.0,6,91.0
2877,2877,98.0,1,102,46.0,110.0,7,91.0
2878,2878,99.0,1,102,49.0,109.0,8,91.0
2879,2879,100.0,1,102,41.0,125.0,9,91.0
2880,2880,101.0,1,102,51.0,198.0,10,91.0
2881,2881,102.0,1,102,56.0,241.0,11,91.0
2882,2882,103.0,1,102,56.0,223.0,12,91.0
2883,2883,104.0,1,102,65.0,201.0,13,91.0
2884,2884,53.0,0,103,281.0,355.0,-14,67.0
2885,2885,54.0,0,103,317.0,360.0,-13,67.0
2886,2886,55.0,0,103,319.0,345.0,-12,67.0
2887,2887,56.0,0,103,236.0,281.0,-11,67.0
2888,2888,57.0,0,103,203.0,230.0,-10,67.0
2889,2889,58.0,0,103,413.0,280.0,-9,67.0
2890,2890,59.0,0,103,521.0,430.0,-8,67.0
2891,2891,60.0,0,103,262.0,218.0,-7,67.0
2892,2892,61.0,0,103,158.0,144.0,-6,67.0
2893,2893,62.0,0,103,251.0,206.0,-5,67.0
2894,2894,63.0,0,103,216.0,188.0,-4,67.0
2895,2895,64.0,0,103,444.0,357.0,-3,67.0
2896,2896,65.0,0,103,529.0,502.0,-2,67.0
2897,2897,66.0,0,103,1069.0,873.0,-1,67.0
2898,2898,67.0,1,103,380.0,411.0,0,67.0
2899,2899,68.0,1,103,243.0,318.0,1,67.0
2900,2900,69.0,1,103,175.0,179.0,2,67.0
2901,2901,70.0,1,103,175.0,182.0,3,67.0
2902,2902,71.0,1,103,311.0,314.0,4,67.0
2903,2903,72.0,1,103,425.0,414.0,5,67.0
2904,2904,73.0,1,103,274.0,274.0,6,67.0
2905,2905,74.0,1,103,170.0,239.0,7,67.0
2906,2906,75.0,1,103,198.0,228.0,8,67.0
2907,2907,76.0,1,103,195.0,316.0,9,67.0
2908,2908,77.0,1,103,177.0,235.0,10,67.0
2909,2909,78.0,1,103,228.0,271.0,11,67.0
2910,2910,79.0,1,103,180.0,304.0,12,67.0
2911,2911,80.0,1,103,157.0,233.0,13,67.0
2912,2912,25.0,0,104,0.0,0.0,-14,39.0
2913,2913,26.0,0,104,0.0,0.0,-13,39.0
2914,2914,27.0,0,104,0.0,0.0,-12,39.0
2915,2915,28.0,0,104,0.0,0.0,-11,39.0
2916,2916,29.0,0,104,0.0,0.0,-10,39.0
2917,2917,30.0,0,104,0.0,0.0,-9,39.0
2918,2918,31.0,0,104,0.0,0.0,-8,39.0
2919,2919,32.0,0,104,0.0,0.0,-7,39.0
2920,2920,33.0,0,104,0.0,0.0,-6,39.0
2921,2921,34.0,0,104,0.0,0.0,-5,39.0
2922,2922,35.0,0,104,0.0,0.0,-4,39.0
2923,2923,36.0,0,104,0.0,0.0,-3,39.0
2924,2924,37.0,0,104,0.0,1.0,-2,39.0
2925,2925,38.0,0,104,2.0,5.0,-1,39.0
2926,2926,39.0,1,104,47.0,253.0,0,39.0
2927,2927,40.0,1,104,20.0,328.0,1,39.0
2928,2928,41.0,1,104,12.0,140.0,2,39.0
2929,2929,42.0,1,104,5.0,60.0,3,39.0
2930,2930,43.0,1,104,1.0,48.0,4,39.0
2931,2931,44.0,1,104,6.0,49.0,5,39.0
2932,2932,45.0,1,104,2.0,24.0,6,39.0
2933,2933,46.0,1,104,3.0,37.0,7,39.0
2934,2934,47.0,1,104,1.0,17.0,8,39.0
2935,2935,48.0,1,104,0.0,21.0,9,39.0
2936,2936,49.0,1,104,1.0,23.0,10,39.0
2937,2937,50.0,1,104,0.0,8.0,11,39.0
2938,2938,51.0,1,104,0.0,11.0,12,39.0
2939,2939,52.0,1,104,0.0,6.0,13,39.0
2940,2940,39.0,0,105,623.0,1059.0,-14,53.0
2941,2941,40.0,0,105,306.0,519.0,-13,53.0
2942,2942,41.0,0,105,139.0,255.0,-12,53.0
2943,2943,42.0,0,105,234.0,387.0,-11,53.0
2944,2944,43.0,0,105,592.0,776.0,-10,53.0
2945,2945,44.0,0,105,293.0,397.0,-9,53.0
2946,2946,45.0,0,105,122.0,301.0,-8,53.0
2947,2947,46.0,0,105,422.0,478.0,-7,53.0
2948,2948,47.0,0,105,1309.0,1178.0,-6,53.0
2949,2949,48.0,0,105,128.0,153.0,-5,53.0
2950,2950,49.0,0,105,97.0,105.0,-4,53.0
2951,2951,50.0,0,105,160.0,120.0,-3,53.0
2952,2952,51.0,0,105,827.0,584.0,-2,53.0
2953,2953,52.0,0,105,106.0,149.0,-1,53.0
2954,2954,53.0,1,105,516.0,641.0,0,53.0
2955,2955,54.0,1,105,159.0,213.0,1,53.0
2956,2956,55.0,1,105,162.0,224.0,2,53.0
2957,2957,56.0,1,105,138.0,261.0,3,53.0
2958,2958,57.0,1,105,79.0,149.0,4,53.0
2959,2959,58.0,1,105,236.0,314.0,5,53.0
2960,2960,59.0,1,105,54.0,121.0,6,53.0
2961,2961,60.0,1,105,53.0,111.0,7,53.0
2962,2962,61.0,1,105,37.0,79.0,8,53.0
2963,2963,62.0,1,105,39.0,84.0,9,53.0
2964,2964,63.0,1,105,11.0,33.0,10,53.0
2965,2965,64.0,1,105,27.0,55.0,11,53.0
2966,2966,65.0,1,105,14.0,33.0,12,53.0
2967,2967,66.0,1,105,20.0,35.0,13,53.0
2968,2968,48.0,0,106,1989.0,1501.0,-14,62.0
2969,2969,49.0,0,106,1248.0,636.0,-13,62.0
2970,2970,50.0,0,106,129.0,188.0,-12,62.0
2971,2971,51.0,0,106,927.0,1202.0,-11,62.0
2972,2972,52.0,0,106,840.0,1603.0,-10,62.0
2973,2973,53.0,0,106,252.0,376.0,-9,62.0
2974,2974,54.0,0,106,600.0,1048.0,-8,62.0
2975,2975,55.0,0,106,340.0,445.0,-7,62.0
2976,2976,56.0,0,106,175.0,222.0,-6,62.0
2977,2977,57.0,0,106,86.0,142.0,-5,62.0
2978,2978,58.0,0,106,65.0,95.0,-4,62.0
2979,2979,59.0,0,106,95.0,133.0,-3,62.0
2980,2980,60.0,0,106,197.0,146.0,-2,62.0
2981,2981,61.0,0,106,124.0,122.0,-1,62.0
2982,2982,62.0,1,106,291.0,327.0,0,62.0
2983,2983,63.0,1,106,305.0,285.0,1,62.0
2984,2984,64.0,1,106,80.0,99.0,2,62.0
2985,2985,65.0,1,106,46.0,62.0,3,62.0
2986,2986,66.0,1,106,42.0,83.0,4,62.0
2987,2987,67.0,1,106,43.0,64.0,5,62.0
2988,2988,68.0,1,106,228.0,140.0,6,62.0
2989,2989,69.0,1,106,269.0,181.0,7,62.0
2990,2990,70.0,1,106,50.0,67.0,8,62.0
2991,2991,71.0,1,106,79.0,118.0,9,62.0
2992,2992,72.0,1,106,39.0,77.0,10,62.0
2993,2993,73.0,1,106,56.0,70.0,11,62.0
2994,2994,74.0,1,106,57.0,131.0,12,62.0
2995,2995,75.0,1,106,70.0,87.0,13,62.0
2996,2996,325.0,0,107,16.0,28.0,-14,339.0
2997,2997,326.0,0,107,8.0,16.0,-13,339.0
2998,2998,327.0,0,107,4.0,10.0,-12,339.0
2999,2999,328.0,0,107,3.0,3.0,-11,339.0
3000,3000,329.0,0,107,1.0,10.0,-10,339.0
3001,3001,330.0,0,107,3.0,12.0,-9,339.0
3002,3002,331.0,0,107,5.0,3.0,-8,339.0
3003,3003,332.0,0,107,2.0,5.0,-7,339.0
3004,3004,333.0,0,107,28.0,47.0,-6,339.0
3005,3005,334.0,0,107,21.0,37.0,-5,339.0
3006,3006,335.0,0,107,3.0,6.0,-4,339.0
3007,3007,336.0,0,107,0.0,3.0,-3,339.0
3008,3008,337.0,0,107,0.0,2.0,-2,339.0
3009,3009,338.0,0,107,68.0,149.0,-1,339.0
3010,3010,339.0,1,107,94.0,143.0,0,339.0
3011,3011,340.0,1,107,16.0,27.0,1,339.0
3012,3012,341.0,1,107,11.0,31.0,2,339.0
3013,3013,342.0,1,107,6.0,9.0,3,339.0
3014,3014,343.0,1,107,8.0,23.0,4,339.0
3015,3015,344.0,1,107,4.0,14.0,5,339.0
3016,3016,345.0,1,107,4.0,14.0,6,339.0
3017,3017,346.0,1,107,5.0,9.0,7,339.0
3018,3018,347.0,1,107,8.0,20.0,8,339.0
3019,3019,348.0,1,107,13.0,34.0,9,339.0
3020,3020,349.0,1,107,4.0,14.0,10,339.0
3021,3021,350.0,1,107,3.0,21.0,11,339.0
3022,3022,351.0,1,107,10.0,28.0,12,339.0
3023,3023,352.0,1,107,25.0,35.0,13,339.0
3024,3024,27.0,0,108,3.0,6.0,-14,41.0
3025,3025,28.0,0,108,4.0,15.0,-13,41.0
3026,3026,29.0,0,108,6.0,22.0,-12,41.0
3027,3027,30.0,0,108,5.0,22.0,-11,41.0
3028,3028,31.0,0,108,35.0,76.0,-10,41.0
3029,3029,32.0,0,108,30.0,163.0,-9,41.0
3030,3030,33.0,0,108,89.0,399.0,-8,41.0
3031,3031,34.0,0,108,156.0,851.0,-7,41.0
3032,3032,35.0,0,108,53.0,282.0,-6,41.0
3033,3033,36.0,0,108,83.0,427.0,-5,41.0
3034,3034,37.0,0,108,50.0,258.0,-4,41.0
3035,3035,38.0,0,108,64.0,208.0,-3,41.0
3036,3036,39.0,0,108,69.0,333.0,-2,41.0
3037,3037,40.0,0,108,55.0,163.0,-1,41.0
3038,3038,41.0,1,108,45.0,134.0,0,41.0
3039,3039,42.0,1,108,13.0,98.0,1,41.0
3040,3040,43.0,1,108,45.0,200.0,2,41.0
3041,3041,44.0,1,108,10.0,70.0,3,41.0
3042,3042,45.0,1,108,20.0,127.0,4,41.0
3043,3043,46.0,1,108,33.0,160.0,5,41.0
3044,3044,47.0,1,108,19.0,96.0,6,41.0
3045,3045,48.0,1,108,20.0,72.0,7,41.0
3046,3046,49.0,1,108,6.0,59.0,8,41.0
3047,3047,50.0,1,108,7.0,35.0,9,41.0
3048,3048,51.0,1,108,7.0,25.0,10,41.0
3049,3049,52.0,1,108,8.0,35.0,11,41.0
3050,3050,53.0,1,108,46.0,291.0,12,41.0
3051,3051,54.0,1,108,13.0,85.0,13,41.0
3052,3052,234.0,0,109,8.0,25.0,-14,248.0
3053,3053,235.0,0,109,8.0,23.0,-13,248.0
3054,3054,236.0,0,109,10.0,23.0,-12,248.0
3055,3055,237.0,0,109,13.0,31.0,-11,248.0
3056,3056,238.0,0,109,18.0,28.0,-10,248.0
3057,3057,239.0,0,109,20.0,30.0,-9,248.0
3058,3058,240.0,0,109,20.0,27.0,-8,248.0
3059,3059,241.0,0,109,25.0,29.0,-7,248.0
3060,3060,242.0,0,109,5.0,16.0,-6,248.0
3061,3061,243.0,0,109,24.0,43.0,-5,248.0
3062,3062,244.0,0,109,15.0,27.0,-4,248.0
3063,3063,245.0,0,109,15.0,33.0,-3,248.0
3064,3064,246.0,0,109,13.0,24.0,-2,248.0
3065,3065,247.0,0,109,18.0,28.0,-1,248.0
3066,3066,248.0,1,109,27.0,55.0,0,248.0
3067,3067,249.0,1,109,20.0,40.0,1,248.0
3068,3068,250.0,1,109,15.0,42.0,2,248.0
3069,3069,251.0,1,109,21.0,33.0,3,248.0
3070,3070,252.0,1,109,9.0,28.0,4,248.0
3071,3071,253.0,1,109,11.0,18.0,5,248.0
3072,3072,254.0,1,109,12.0,18.0,6,248.0
3073,3073,255.0,1,109,16.0,29.0,7,248.0
3074,3074,256.0,1,109,14.0,21.0,8,248.0
3075,3075,257.0,1,109,19.0,25.0,9,248.0
3076,3076,258.0,1,109,36.0,49.0,10,248.0
3077,3077,259.0,1,109,20.0,47.0,11,248.0
3078,3078,260.0,1,109,7.0,23.0,12,248.0
3079,3079,261.0,1,109,9.0,13.0,13,248.0
3080,3080,252.0,0,110,0.0,1.0,-14,266.0
3081,3081,253.0,0,110,0.0,0.0,-13,266.0
3082,3082,254.0,0,110,6.0,1.0,-12,266.0
3083,3083,255.0,0,110,1.0,3.0,-11,266.0
3084,3084,256.0,0,110,2.0,5.0,-10,266.0
3085,3085,257.0,0,110,1.0,0.0,-9,266.0
3086,3086,258.0,0,110,18.0,15.0,-8,266.0
3087,3087,259.0,0,110,21.0,12.0,-7,266.0
3088,3088,260.0,0,110,8.0,1.0,-6,266.0
3089,3089,261.0,0,110,2.0,0.0,-5,266.0
3090,3090,262.0,0,110,2.0,3.0,-4,266.0
3091,3091,263.0,0,110,2.0,1.0,-3,266.0
3092,3092,264.0,0,110,21.0,15.0,-2,266.0
3093,3093,265.0,0,110,84.0,35.0,-1,266.0
3094,3094,266.0,1,110,15.0,9.0,0,266.0
3095,3095,267.0,1,110,0.0,2.0,1,266.0
3096,3096,268.0,1,110,1.0,0.0,2,266.0
3097,3097,269.0,1,110,3.0,2.0,3,266.0
3098,3098,270.0,1,110,28.0,16.0,4,266.0
3099,3099,271.0,1,110,10.0,10.0,5,266.0
3100,3100,272.0,1,110,38.0,19.0,6,266.0
3101,3101,273.0,1,110,6.0,3.0,7,266.0
3102,3102,274.0,1,110,3.0,5.0,8,266.0
3103,3103,275.0,1,110,2.0,2.0,9,266.0
3104,3104,276.0,1,110,14.0,9.0,10,266.0
3105,3105,277.0,1,110,1.0,1.0,11,266.0
3106,3106,278.0,1,110,5.0,2.0,12,266.0
3107,3107,279.0,1,110,4.0,1.0,13,266.0
3108,3108,90.0,0,111,219.0,2556.0,-14,104.0
3109,3109,91.0,0,111,410.0,3518.0,-13,104.0
3110,3110,92.0,0,111,122.0,1462.0,-12,104.0
3111,3111,93.0,0,111,147.0,2042.0,-11,104.0
3112,3112,94.0,0,111,998.0,5103.0,-10,104.0
3113,3113,95.0,0,111,649.0,3829.0,-9,104.0
3114,3114,96.0,0,111,461.0,3348.0,-8,104.0
3115,3115,97.0,0,111,223.0,1680.0,-7,104.0
3116,3116,98.0,0,111,79.0,1448.0,-6,104.0
3117,3117,99.0,0,111,68.0,1342.0,-5,104.0
3118,3118,100.0,0,111,112.0,1657.0,-4,104.0
3119,3119,101.0,0,111,2025.0,17071.0,-3,104.0
3120,3120,102.0,0,111,596.0,7261.0,-2,104.0
3121,3121,103.0,0,111,1772.0,27742.0,-1,104.0
3122,3122,104.0,1,111,3855.0,45820.0,0,104.0
3123,3123,105.0,1,111,977.0,17096.0,1,104.0
3124,3124,106.0,1,111,424.0,8071.0,2,104.0
3125,3125,107.0,1,111,370.0,7335.0,3,104.0
3126,3126,108.0,1,111,350.0,6853.0,4,104.0
3127,3127,109.0,1,111,207.0,5106.0,5,104.0
3128,3128,110.0,1,111,946.0,16057.0,6,104.0
3129,3129,111.0,1,111,1003.0,38920.0,7,104.0
3130,3130,112.0,1,111,193.0,6794.0,8,104.0
3131,3131,113.0,1,111,2651.0,25948.0,9,104.0
3132,3132,114.0,1,111,729.0,12549.0,10,104.0
3133,3133,115.0,1,111,271.0,6295.0,11,104.0
3134,3134,116.0,1,111,246.0,7516.0,12,104.0
3135,3135,117.0,1,111,426.0,12010.0,13,104.0
3136,3136,81.0,0,112,3.0,10.0,-14,95.0
3137,3137,82.0,0,112,6.0,5.0,-13,95.0
3138,3138,83.0,0,112,3.0,3.0,-12,95.0
3139,3139,84.0,0,112,3.0,12.0,-11,95.0
3140,3140,85.0,0,112,5.0,14.0,-10,95.0
3141,3141,86.0,0,112,8.0,13.0,-9,95.0
3142,3142,87.0,0,112,54.0,128.0,-8,95.0
3143,3143,88.0,0,112,20.0,39.0,-7,95.0
3144,3144,89.0,0,112,44.0,184.0,-6,95.0
3145,3145,90.0,0,112,9.0,47.0,-5,95.0
3146,3146,91.0,0,112,15.0,44.0,-4,95.0
3147,3147,92.0,0,112,9.0,51.0,-3,95.0
3148,3148,93.0,0,112,6.0,23.0,-2,95.0
3149,3149,94.0,0,112,7.0,25.0,-1,95.0
3150,3150,95.0,1,112,20.0,33.0,0,95.0
3151,3151,96.0,1,112,4.0,19.0,1,95.0
3152,3152,97.0,1,112,1.0,13.0,2,95.0
3153,3153,98.0,1,112,3.0,12.0,3,95.0
3154,3154,99.0,1,112,4.0,18.0,4,95.0
3155,3155,100.0,1,112,4.0,17.0,5,95.0
3156,3156,101.0,1,112,3.0,8.0,6,95.0
3157,3157,102.0,1,112,3.0,25.0,7,95.0
3158,3158,103.0,1,112,1.0,23.0,8,95.0
3159,3159,104.0,1,112,4.0,29.0,9,95.0
3160,3160,105.0,1,112,1.0,7.0,10,95.0
3161,3161,106.0,1,112,2.0,11.0,11,95.0
3162,3162,107.0,1,112,2.0,9.0,12,95.0
3163,3163,108.0,1,112,4.0,7.0,13,95.0
3164,3164,38.0,0,113,25.0,276.0,-14,52.0
3165,3165,39.0,0,113,93.0,702.0,-13,52.0
3166,3166,40.0,0,113,201.0,1407.0,-12,52.0
3167,3167,41.0,0,113,268.0,1235.0,-11,52.0
3168,3168,42.0,0,113,181.0,1028.0,-10,52.0
3169,3169,43.0,0,113,245.0,1133.0,-9,52.0
3170,3170,44.0,0,113,245.0,900.0,-8,52.0
3171,3171,45.0,0,113,157.0,850.0,-7,52.0
3172,3172,46.0,0,113,90.0,582.0,-6,52.0
3173,3173,47.0,0,113,108.0,524.0,-5,52.0
3174,3174,48.0,0,113,107.0,437.0,-4,52.0
3175,3175,49.0,0,113,55.0,340.0,-3,52.0
3176,3176,50.0,0,113,52.0,242.0,-2,52.0
3177,3177,51.0,0,113,63.0,216.0,-1,52.0
3178,3178,52.0,1,113,150.0,310.0,0,52.0
3179,3179,53.0,1,113,51.0,220.0,1,52.0
3180,3180,54.0,1,113,62.0,270.0,2,52.0
3181,3181,55.0,1,113,50.0,253.0,3,52.0
3182,3182,56.0,1,113,29.0,162.0,4,52.0
3183,3183,57.0,1,113,279.0,697.0,5,52.0
3184,3184,58.0,1,113,183.0,521.0,6,52.0
3185,3185,59.0,1,113,132.0,332.0,7,52.0
3186,3186,60.0,1,113,67.0,200.0,8,52.0
3187,3187,61.0,1,113,13.0,111.0,9,52.0
3188,3188,62.0,1,113,26.0,162.0,10,52.0
3189,3189,63.0,1,113,21.0,130.0,11,52.0
3190,3190,64.0,1,113,22.0,87.0,12,52.0
3191,3191,65.0,1,113,17.0,65.0,13,52.0
3192,3192,77.0,0,114,90.0,1001.0,-14,91.0
3193,3193,78.0,0,114,56.0,823.0,-13,91.0
3194,3194,79.0,0,114,150.0,1916.0,-12,91.0
3195,3195,80.0,0,114,153.0,1547.0,-11,91.0
3196,3196,81.0,0,114,76.0,1051.0,-10,91.0
3197,3197,82.0,0,114,73.0,539.0,-9,91.0
3198,3198,83.0,0,114,80.0,598.0,-8,91.0
3199,3199,84.0,0,114,35.0,427.0,-7,91.0
3200,3200,85.0,0,114,33.0,416.0,-6,91.0
3201,3201,86.0,0,114,81.0,657.0,-5,91.0
3202,3202,87.0,0,114,65.0,809.0,-4,91.0
3203,3203,88.0,0,114,81.0,926.0,-3,91.0
3204,3204,89.0,0,114,163.0,2607.0,-2,91.0
3205,3205,90.0,0,114,160.0,2489.0,-1,91.0
3206,3206,91.0,1,114,66.0,1809.0,0,91.0
3207,3207,92.0,1,114,84.0,1668.0,1,91.0
3208,3208,93.0,1,114,73.0,1857.0,2,91.0
3209,3209,94.0,1,114,110.0,2453.0,3,91.0
3210,3210,95.0,1,114,299.0,3082.0,4,91.0
3211,3211,96.0,1,114,144.0,1711.0,5,91.0
3212,3212,97.0,1,114,22.0,597.0,6,91.0
3213,3213,98.0,1,114,26.0,629.0,7,91.0
3214,3214,99.0,1,114,70.0,1119.0,8,91.0
3215,3215,100.0,1,114,92.0,1605.0,9,91.0
3216,3216,101.0,1,114,292.0,9863.0,10,91.0
3217,3217,102.0,1,114,101.0,4131.0,11,91.0
3218,3218,103.0,1,114,121.0,3597.0,12,91.0
3219,3219,104.0,1,114,71.0,2625.0,13,91.0
3220,3220,163.0,0,115,0.0,0.0,-14,177.0
3221,3221,164.0,0,115,0.0,0.0,-13,177.0
3222,3222,165.0,0,115,0.0,0.0,-12,177.0
3223,3223,166.0,0,115,0.0,0.0,-11,177.0
3224,3224,167.0,0,115,0.0,0.0,-10,177.0
3225,3225,168.0,0,115,0.0,0.0,-9,177.0
3226,3226,169.0,0,115,0.0,0.0,-8,177.0
3227,3227,170.0,0,115,0.0,0.0,-7,177.0
3228,3228,171.0,0,115,0.0,0.0,-6,177.0
3229,3229,172.0,0,115,0.0,0.0,-5,177.0
3230,3230,173.0,0,115,0.0,0.0,-4,177.0
3231,3231,174.0,0,115,0.0,0.0,-3,177.0
3232,3232,175.0,0,115,0.0,0.0,-2,177.0
3233,3233,176.0,0,115,1.0,1.0,-1,177.0
3234,3234,177.0,1,115,8.0,3.0,0,177.0
3235,3235,178.0,1,115,0.0,0.0,1,177.0
3236,3236,179.0,1,115,0.0,0.0,2,177.0
3237,3237,180.0,1,115,0.0,0.0,3,177.0
3238,3238,181.0,1,115,0.0,0.0,4,177.0
3239,3239,182.0,1,115,0.0,0.0,5,177.0
3240,3240,183.0,1,115,0.0,0.0,6,177.0
3241,3241,184.0,1,115,0.0,0.0,7,177.0
3242,3242,185.0,1,115,0.0,0.0,8,177.0
3243,3243,186.0,1,115,0.0,0.0,9,177.0
3244,3244,187.0,1,115,0.0,0.0,10,177.0
3245,3245,188.0,1,115,0.0,0.0,11,177.0
3246,3246,189.0,1,115,0.0,0.0,12,177.0
3247,3247,190.0,1,115,0.0,0.0,13,177.0
3248,3248,203.0,0,116,0.0,0.0,-14,217.0
3249,3249,204.0,0,116,0.0,0.0,-13,217.0
3250,3250,205.0,0,116,0.0,0.0,-12,217.0
3251,3251,206.0,0,116,0.0,0.0,-11,217.0
3252,3252,207.0,0,116,0.0,0.0,-10,217.0
3253,3253,208.0,0,116,0.0,0.0,-9,217.0
3254,3254,209.0,0,116,0.0,0.0,-8,217.0
3255,3255,210.0,0,116,0.0,0.0,-7,217.0
3256,3256,211.0,0,116,0.0,0.0,-6,217.0
3257,3257,212.0,0,116,0.0,0.0,-5,217.0
3258,3258,213.0,0,116,0.0,0.0,-4,217.0
3259,3259,214.0,0,116,0.0,0.0,-3,217.0
3260,3260,215.0,0,116,0.0,0.0,-2,217.0
3261,3261,216.0,0,116,0.0,0.0,-1,217.0
3262,3262,217.0,1,116,6.0,1.0,0,217.0
3263,3263,218.0,1,116,0.0,0.0,1,217.0
3264,3264,219.0,1,116,0.0,0.0,2,217.0
3265,3265,220.0,1,116,0.0,0.0,3,217.0
3266,3266,221.0,1,116,0.0,0.0,4,217.0
3267,3267,222.0,1,116,0.0,0.0,5,217.0
3268,3268,223.0,1,116,0.0,0.0,6,217.0
3269,3269,224.0,1,116,0.0,0.0,7,217.0
3270,3270,225.0,1,116,0.0,0.0,8,217.0
3271,3271,226.0,1,116,0.0,0.0,9,217.0
3272,3272,227.0,1,116,0.0,0.0,10,217.0
3273,3273,228.0,1,116,0.0,0.0,11,217.0
3274,3274,229.0,1,116,0.0,0.0,12,217.0
3275,3275,230.0,1,116,0.0,0.0,13,217.0
3276,3276,75.0,0,117,6.0,9.0,-14,89.0
3277,3277,76.0,0,117,30.0,24.0,-13,89.0
3278,3278,77.0,0,117,27.0,37.0,-12,89.0
3279,3279,78.0,0,117,31.0,31.0,-11,89.0
3280,3280,79.0,0,117,13.0,10.0,-10,89.0
3281,3281,80.0,0,117,13.0,17.0,-9,89.0
3282,3282,81.0,0,117,11.0,8.0,-8,89.0
3283,3283,82.0,0,117,39.0,18.0,-7,89.0
3284,3284,83.0,0,117,17.0,24.0,-6,89.0
3285,3285,84.0,0,117,39.0,16.0,-5,89.0
3286,3286,85.0,0,117,224.0,56.0,-4,89.0
3287,3287,86.0,0,117,91.0,21.0,-3,89.0
3288,3288,87.0,0,117,23.0,31.0,-2,89.0
3289,3289,88.0,0,117,49.0,44.0,-1,89.0
3290,3290,89.0,1,117,204.0,174.0,0,89.0
3291,3291,90.0,1,117,34.0,56.0,1,89.0
3292,3292,91.0,1,117,19.0,8.0,2,89.0
3293,3293,92.0,1,117,12.0,18.0,3,89.0
3294,3294,93.0,1,117,47.0,66.0,4,89.0
3295,3295,94.0,1,117,25.0,27.0,5,89.0
3296,3296,95.0,1,117,14.0,29.0,6,89.0
3297,3297,96.0,1,117,9.0,13.0,7,89.0
3298,3298,97.0,1,117,6.0,15.0,8,89.0
3299,3299,98.0,1,117,26.0,25.0,9,89.0
3300,3300,99.0,1,117,13.0,26.0,10,89.0
3301,3301,100.0,1,117,13.0,27.0,11,89.0
3302,3302,101.0,1,117,15.0,52.0,12,89.0
3303,3303,102.0,1,117,68.0,95.0,13,89.0
3304,3304,306.0,0,118,0.0,1.0,-14,320.0
3305,3305,307.0,0,118,0.0,1.0,-13,320.0
3306,3306,308.0,0,118,0.0,1.0,-12,320.0
3307,3307,309.0,0,118,0.0,1.0,-11,320.0
3308,3308,310.0,0,118,0.0,1.0,-10,320.0
3309,3309,311.0,0,118,0.0,2.0,-9,320.0
3310,3310,312.0,0,118,0.0,0.0,-8,320.0
3311,3311,313.0,0,118,2.0,1.0,-7,320.0
3312,3312,314.0,0,118,1.0,4.0,-6,320.0
3313,3313,315.0,0,118,1.0,1.0,-5,320.0
3314,3314,316.0,0,118,1.0,0.0,-4,320.0
3315,3315,317.0,0,118,1.0,1.0,-3,320.0
3316,3316,318.0,0,118,0.0,3.0,-2,320.0
3317,3317,319.0,0,118,6.0,0.0,-1,320.0
3318,3318,320.0,1,118,127.0,71.0,0,320.0
3319,3319,321.0,1,118,27.0,9.0,1,320.0
3320,3320,322.0,1,118,5.0,5.0,2,320.0
3321,3321,323.0,1,118,5.0,4.0,3,320.0
3322,3322,324.0,1,118,1.0,2.0,4,320.0
3323,3323,325.0,1,118,0.0,1.0,5,320.0
3324,3324,326.0,1,118,0.0,1.0,6,320.0
3325,3325,327.0,1,118,3.0,4.0,7,320.0
3326,3326,328.0,1,118,1.0,2.0,8,320.0
3327,3327,329.0,1,118,2.0,0.0,9,320.0
3328,3328,330.0,1,118,0.0,0.0,10,320.0
3329,3329,331.0,1,118,0.0,1.0,11,320.0
3330,3330,332.0,1,118,0.0,1.0,12,320.0
3331,3331,333.0,1,118,0.0,0.0,13,320.0
3332,3332,44.0,0,119,174.0,221.0,-14,58.0
3333,3333,45.0,0,119,122.0,124.0,-13,58.0
3334,3334,46.0,0,119,43.0,50.0,-12,58.0
3335,3335,47.0,0,119,51.0,20.0,-11,58.0
3336,3336,48.0,0,119,30.0,21.0,-10,58.0
3337,3337,49.0,0,119,141.0,119.0,-9,58.0
3338,3338,50.0,0,119,93.0,114.0,-8,58.0
3339,3339,51.0,0,119,46.0,32.0,-7,58.0
3340,3340,52.0,0,119,34.0,24.0,-6,58.0
3341,3341,53.0,0,119,33.0,31.0,-5,58.0
3342,3342,54.0,0,119,67.0,55.0,-4,58.0
3343,3343,55.0,0,119,47.0,18.0,-3,58.0
3344,3344,56.0,0,119,11.0,9.0,-2,58.0
3345,3345,57.0,0,119,20.0,13.0,-1,58.0
3346,3346,58.0,1,119,62.0,34.0,0,58.0
3347,3347,59.0,1,119,119.0,103.0,1,58.0
3348,3348,60.0,1,119,24.0,19.0,2,58.0
3349,3349,61.0,1,119,18.0,12.0,3,58.0
3350,3350,62.0,1,119,4.0,14.0,4,58.0
3351,3351,63.0,1,119,8.0,10.0,5,58.0
3352,3352,64.0,1,119,6.0,7.0,6,58.0
3353,3353,65.0,1,119,17.0,15.0,7,58.0
3354,3354,66.0,1,119,5.0,5.0,8,58.0
3355,3355,67.0,1,119,10.0,8.0,9,58.0
3356,3356,68.0,1,119,9.0,3.0,10,58.0
3357,3357,69.0,1,119,12.0,22.0,11,58.0
3358,3358,70.0,1,119,24.0,19.0,12,58.0
3359,3359,71.0,1,119,10.0,7.0,13,58.0
3360,3360,266.0,0,120,1.0,1.0,-14,280.0
3361,3361,267.0,0,120,1.0,0.0,-13,280.0
3362,3362,268.0,0,120,1.0,0.0,-12,280.0
3363,3363,269.0,0,120,0.0,0.0,-11,280.0
3364,3364,270.0,0,120,0.0,2.0,-10,280.0
3365,3365,271.0,0,120,5.0,3.0,-9,280.0
3366,3366,272.0,0,120,0.0,3.0,-8,280.0
3367,3367,273.0,0,120,1.0,3.0,-7,280.0
3368,3368,274.0,0,120,6.0,0.0,-6,280.0
3369,3369,275.0,0,120,1.0,2.0,-5,280.0
3370,3370,276.0,0,120,1.0,1.0,-4,280.0
3371,3371,277.0,0,120,1.0,1.0,-3,280.0
3372,3372,278.0,0,120,3.0,0.0,-2,280.0
3373,3373,279.0,0,120,1.0,2.0,-1,280.0
3374,3374,280.0,1,120,27.0,2.0,0,280.0
3375,3375,281.0,1,120,1.0,1.0,1,280.0
3376,3376,282.0,1,120,3.0,0.0,2,280.0
3377,3377,283.0,1,120,0.0,0.0,3,280.0
3378,3378,284.0,1,120,2.0,0.0,4,280.0
3379,3379,285.0,1,120,4.0,1.0,5,280.0
3380,3380,286.0,1,120,2.0,1.0,6,280.0
3381,3381,287.0,1,120,2.0,3.0,7,280.0
3382,3382,288.0,1,120,0.0,0.0,8,280.0
3383,3383,289.0,1,120,0.0,0.0,9,280.0
3384,3384,290.0,1,120,1.0,2.0,10,280.0
3385,3385,291.0,1,120,0.0,0.0,11,280.0
3386,3386,292.0,1,120,0.0,1.0,12,280.0
3387,3387,293.0,1,120,2.0,0.0,13,280.0
3388,3388,189.0,0,121,6.0,6.0,-14,203.0
3389,3389,190.0,0,121,19.0,15.0,-13,203.0
3390,3390,191.0,0,121,33.0,19.0,-12,203.0
3391,3391,192.0,0,121,9.0,5.0,-11,203.0
3392,3392,193.0,0,121,132.0,102.0,-10,203.0
3393,3393,194.0,0,121,28.0,28.0,-9,203.0
3394,3394,195.0,0,121,4.0,6.0,-8,203.0
3395,3395,196.0,0,121,15.0,10.0,-7,203.0
3396,3396,197.0,0,121,12.0,7.0,-6,203.0
3397,3397,198.0,0,121,33.0,20.0,-5,203.0
3398,3398,199.0,0,121,28.0,29.0,-4,203.0
3399,3399,200.0,0,121,12.0,25.0,-3,203.0
3400,3400,201.0,0,121,11.0,9.0,-2,203.0
3401,3401,202.0,0,121,10.0,10.0,-1,203.0
3402,3402,203.0,1,121,48.0,53.0,0,203.0
3403,3403,204.0,1,121,37.0,30.0,1,203.0
3404,3404,205.0,1,121,7.0,11.0,2,203.0
3405,3405,206.0,1,121,36.0,39.0,3,203.0
3406,3406,207.0,1,121,14.0,14.0,4,203.0
3407,3407,208.0,1,121,9.0,14.0,5,203.0
3408,3408,209.0,1,121,8.0,17.0,6,203.0
3409,3409,210.0,1,121,15.0,22.0,7,203.0
3410,3410,211.0,1,121,12.0,12.0,8,203.0
3411,3411,212.0,1,121,18.0,21.0,9,203.0
3412,3412,213.0,1,121,2.0,9.0,10,203.0
3413,3413,214.0,1,121,6.0,9.0,11,203.0
3414,3414,215.0,1,121,6.0,9.0,12,203.0
3415,3415,216.0,1,121,8.0,16.0,13,203.0
3416,3416,165.0,0,122,29.0,36.0,-14,179.0
3417,3417,166.0,0,122,35.0,47.0,-13,179.0
3418,3418,167.0,0,122,21.0,25.0,-12,179.0
3419,3419,168.0,0,122,59.0,38.0,-11,179.0
3420,3420,169.0,0,122,20.0,26.0,-10,179.0
3421,3421,170.0,0,122,22.0,27.0,-9,179.0
3422,3422,171.0,0,122,24.0,33.0,-8,179.0
3423,3423,172.0,0,122,18.0,35.0,-7,179.0
3424,3424,173.0,0,122,21.0,31.0,-6,179.0
3425,3425,174.0,0,122,20.0,26.0,-5,179.0
3426,3426,175.0,0,122,66.0,78.0,-4,179.0
3427,3427,176.0,0,122,39.0,43.0,-3,179.0
3428,3428,177.0,0,122,13.0,21.0,-2,179.0
3429,3429,178.0,0,122,21.0,26.0,-1,179.0
3430,3430,179.0,1,122,61.0,65.0,0,179.0
3431,3431,180.0,1,122,19.0,22.0,1,179.0
3432,3432,181.0,1,122,21.0,24.0,2,179.0
3433,3433,182.0,1,122,19.0,25.0,3,179.0
3434,3434,183.0,1,122,28.0,22.0,4,179.0
3435,3435,184.0,1,122,21.0,26.0,5,179.0
3436,3436,185.0,1,122,31.0,35.0,6,179.0
3437,3437,186.0,1,122,49.0,44.0,7,179.0
3438,3438,187.0,1,122,42.0,63.0,8,179.0
3439,3439,188.0,1,122,145.0,157.0,9,179.0
3440,3440,189.0,1,122,224.0,105.0,10,179.0
3441,3441,190.0,1,122,28.0,33.0,11,179.0
3442,3442,191.0,1,122,27.0,36.0,12,179.0
3443,3443,192.0,1,122,11.0,18.0,13,179.0
3444,3444,217.0,0,123,0.0,3.0,-14,231.0
3445,3445,218.0,0,123,1.0,0.0,-13,231.0
3446,3446,219.0,0,123,1.0,0.0,-12,231.0
3447,3447,220.0,0,123,0.0,0.0,-11,231.0
3448,3448,221.0,0,123,2.0,2.0,-10,231.0
3449,3449,222.0,0,123,1.0,1.0,-9,231.0
3450,3450,223.0,0,123,1.0,0.0,-8,231.0
3451,3451,224.0,0,123,2.0,2.0,-7,231.0
3452,3452,225.0,0,123,1.0,0.0,-6,231.0
3453,3453,226.0,0,123,1.0,0.0,-5,231.0
3454,3454,227.0,0,123,0.0,0.0,-4,231.0
3455,3455,228.0,0,123,0.0,3.0,-3,231.0
3456,3456,229.0,0,123,0.0,0.0,-2,231.0
3457,3457,230.0,0,123,28.0,18.0,-1,231.0
3458,3458,231.0,1,123,24.0,25.0,0,231.0
3459,3459,232.0,1,123,2.0,2.0,1,231.0
3460,3460,233.0,1,123,0.0,5.0,2,231.0
3461,3461,234.0,1,123,0.0,2.0,3,231.0
3462,3462,235.0,1,123,0.0,1.0,4,231.0
3463,3463,236.0,1,123,0.0,0.0,5,231.0
3464,3464,237.0,1,123,0.0,0.0,6,231.0
3465,3465,238.0,1,123,1.0,0.0,7,231.0
3466,3466,239.0,1,123,0.0,0.0,8,231.0
3467,3467,240.0,1,123,0.0,2.0,9,231.0
3468,3468,241.0,1,123,0.0,0.0,10,231.0
3469,3469,242.0,1,123,0.0,0.0,11,231.0
3470,3470,243.0,1,123,1.0,1.0,12,231.0
3471,3471,244.0,1,123,0.0,0.0,13,231.0
3472,3472,234.0,0,124,0.0,0.0,-14,248.0
3473,3473,235.0,0,124,0.0,0.0,-13,248.0
3474,3474,236.0,0,124,0.0,0.0,-12,248.0
3475,3475,237.0,0,124,0.0,0.0,-11,248.0
3476,3476,238.0,0,124,0.0,0.0,-10,248.0
3477,3477,239.0,0,124,0.0,0.0,-9,248.0
3478,3478,240.0,0,124,0.0,0.0,-8,248.0
3479,3479,241.0,0,124,0.0,0.0,-7,248.0
3480,3480,242.0,0,124,0.0,0.0,-6,248.0
3481,3481,243.0,0,124,0.0,0.0,-5,248.0
3482,3482,244.0,0,124,0.0,0.0,-4,248.0
3483,3483,245.0,0,124,0.0,0.0,-3,248.0
3484,3484,246.0,0,124,0.0,0.0,-2,248.0
3485,3485,247.0,0,124,58.0,32.0,-1,248.0
3486,3486,248.0,1,124,11.0,2.0,0,248.0
3487,3487,249.0,1,124,0.0,0.0,1,248.0
3488,3488,250.0,1,124,0.0,0.0,2,248.0
3489,3489,251.0,1,124,0.0,0.0,3,248.0
3490,3490,252.0,1,124,0.0,0.0,4,248.0
3491,3491,253.0,1,124,0.0,0.0,5,248.0
3492,3492,254.0,1,124,0.0,0.0,6,248.0
3493,3493,255.0,1,124,0.0,0.0,7,248.0
3494,3494,256.0,1,124,0.0,0.0,8,248.0
3495,3495,257.0,1,124,0.0,0.0,9,248.0
3496,3496,258.0,1,124,0.0,0.0,10,248.0
3497,3497,259.0,1,124,0.0,0.0,11,248.0
3498,3498,260.0,1,124,0.0,0.0,12,248.0
3499,3499,261.0,1,124,0.0,0.0,13,248.0
3500,3500,271.0,0,125,2.0,2.0,-14,285.0
3501,3501,272.0,0,125,0.0,1.0,-13,285.0
3502,3502,273.0,0,125,56.0,64.0,-12,285.0
3503,3503,274.0,0,125,12.0,17.0,-11,285.0
3504,3504,275.0,0,125,8.0,5.0,-10,285.0
3505,3505,276.0,0,125,2.0,5.0,-9,285.0
3506,3506,277.0,0,125,1.0,2.0,-8,285.0
3507,3507,278.0,0,125,2.0,2.0,-7,285.0
3508,3508,279.0,0,125,0.0,7.0,-6,285.0
3509,3509,280.0,0,125,0.0,2.0,-5,285.0
3510,3510,281.0,0,125,2.0,1.0,-4,285.0
3511,3511,282.0,0,125,1.0,0.0,-3,285.0
3512,3512,283.0,0,125,0.0,1.0,-2,285.0
3513,3513,284.0,0,125,23.0,15.0,-1,285.0
3514,3514,285.0,1,125,44.0,25.0,0,285.0
3515,3515,286.0,1,125,13.0,3.0,1,285.0
3516,3516,287.0,1,125,5.0,0.0,2,285.0
3517,3517,288.0,1,125,1.0,2.0,3,285.0
3518,3518,289.0,1,125,3.0,2.0,4,285.0
3519,3519,290.0,1,125,0.0,0.0,5,285.0
3520,3520,291.0,1,125,0.0,2.0,6,285.0
3521,3521,292.0,1,125,0.0,1.0,7,285.0
3522,3522,293.0,1,125,1.0,0.0,8,285.0
3523,3523,294.0,1,125,0.0,1.0,9,285.0
3524,3524,295.0,1,125,1.0,1.0,10,285.0
3525,3525,296.0,1,125,0.0,1.0,11,285.0
3526,3526,297.0,1,125,0.0,4.0,12,285.0
3527,3527,298.0,1,125,0.0,0.0,13,285.0
3528,3528,310.0,0,126,0.0,0.0,-14,324.0
3529,3529,311.0,0,126,0.0,0.0,-13,324.0
3530,3530,312.0,0,126,0.0,0.0,-12,324.0
3531,3531,313.0,0,126,0.0,0.0,-11,324.0
3532,3532,314.0,0,126,0.0,0.0,-10,324.0
3533,3533,315.0,0,126,0.0,0.0,-9,324.0
3534,3534,316.0,0,126,0.0,0.0,-8,324.0
3535,3535,317.0,0,126,0.0,0.0,-7,324.0
3536,3536,318.0,0,126,0.0,0.0,-6,324.0
3537,3537,319.0,0,126,0.0,0.0,-5,324.0
3538,3538,320.0,0,126,0.0,0.0,-4,324.0
3539,3539,321.0,0,126,0.0,0.0,-3,324.0
3540,3540,322.0,0,126,0.0,0.0,-2,324.0
3541,3541,323.0,0,126,60.0,75.0,-1,324.0
3542,3542,324.0,1,126,126.0,150.0,0,324.0
3543,3543,325.0,1,126,3.0,2.0,1,324.0
3544,3544,326.0,1,126,2.0,2.0,2,324.0
3545,3545,327.0,1,126,4.0,0.0,3,324.0
3546,3546,328.0,1,126,1.0,0.0,4,324.0
3547,3547,329.0,1,126,2.0,1.0,5,324.0
3548,3548,330.0,1,126,0.0,1.0,6,324.0
3549,3549,331.0,1,126,0.0,0.0,7,324.0
3550,3550,332.0,1,126,0.0,1.0,8,324.0
3551,3551,333.0,1,126,0.0,0.0,9,324.0
3552,3552,334.0,1,126,2.0,0.0,10,324.0
3553,3553,335.0,1,126,0.0,0.0,11,324.0
3554,3554,336.0,1,126,1.0,0.0,12,324.0
3555,3555,337.0,1,126,1.0,0.0,13,324.0
3556,3556,117.0,0,127,0.0,0.0,-14,131.0
3557,3557,118.0,0,127,0.0,0.0,-13,131.0
3558,3558,119.0,0,127,1.0,1.0,-12,131.0
3559,3559,120.0,0,127,0.0,0.0,-11,131.0
3560,3560,121.0,0,127,0.0,0.0,-10,131.0
3561,3561,122.0,0,127,0.0,0.0,-9,131.0
3562,3562,123.0,0,127,0.0,0.0,-8,131.0
3563,3563,124.0,0,127,0.0,0.0,-7,131.0
3564,3564,125.0,0,127,0.0,0.0,-6,131.0
3565,3565,126.0,0,127,0.0,0.0,-5,131.0
3566,3566,127.0,0,127,0.0,0.0,-4,131.0
3567,3567,128.0,0,127,0.0,0.0,-3,131.0
3568,3568,129.0,0,127,0.0,0.0,-2,131.0
3569,3569,130.0,0,127,0.0,0.0,-1,131.0
3570,3570,131.0,1,127,4.0,1.0,0,131.0
3571,3571,132.0,1,127,1.0,0.0,1,131.0
3572,3572,133.0,1,127,0.0,0.0,2,131.0
3573,3573,134.0,1,127,0.0,0.0,3,131.0
3574,3574,135.0,1,127,0.0,0.0,4,131.0
3575,3575,136.0,1,127,0.0,0.0,5,131.0
3576,3576,137.0,1,127,0.0,0.0,6,131.0
3577,3577,138.0,1,127,0.0,0.0,7,131.0
3578,3578,139.0,1,127,0.0,0.0,8,131.0
3579,3579,140.0,1,127,0.0,0.0,9,131.0
3580,3580,141.0,1,127,0.0,0.0,10,131.0
3581,3581,142.0,1,127,1.0,0.0,11,131.0
3582,3582,143.0,1,127,0.0,0.0,12,131.0
3583,3583,144.0,1,127,0.0,0.0,13,131.0
3584,3584,80.0,0,128,18.0,8.0,-14,94.0
3585,3585,81.0,0,128,12.0,8.0,-13,94.0
3586,3586,82.0,0,128,5.0,8.0,-12,94.0
3587,3587,83.0,0,128,10.0,7.0,-11,94.0
3588,3588,84.0,0,128,6.0,5.0,-10,94.0
3589,3589,85.0,0,128,14.0,16.0,-9,94.0
3590,3590,86.0,0,128,21.0,10.0,-8,94.0
3591,3591,87.0,0,128,35.0,21.0,-7,94.0
3592,3592,88.0,0,128,17.0,18.0,-6,94.0
3593,3593,89.0,0,128,284.0,114.0,-5,94.0
3594,3594,90.0,0,128,181.0,86.0,-4,94.0
3595,3595,91.0,0,128,190.0,81.0,-3,94.0
3596,3596,92.0,0,128,96.0,53.0,-2,94.0
3597,3597,93.0,0,128,357.0,133.0,-1,94.0
3598,3598,94.0,1,128,590.0,231.0,0,94.0
3599,3599,95.0,1,128,347.0,170.0,1,94.0
3600,3600,96.0,1,128,480.0,176.0,2,94.0
3601,3601,97.0,1,128,95.0,61.0,3,94.0
3602,3602,98.0,1,128,55.0,43.0,4,94.0
3603,3603,99.0,1,128,356.0,169.0,5,94.0
3604,3604,100.0,1,128,1567.0,1115.0,6,94.0
3605,3605,101.0,1,128,326.0,291.0,7,94.0
3606,3606,102.0,1,128,116.0,96.0,8,94.0
3607,3607,103.0,1,128,75.0,90.0,9,94.0
3608,3608,104.0,1,128,62.0,68.0,10,94.0
3609,3609,105.0,1,128,60.0,91.0,11,94.0
3610,3610,106.0,1,128,44.0,66.0,12,94.0
3611,3611,107.0,1,128,28.0,46.0,13,94.0
3612,3612,236.0,0,129,24.0,159.0,-14,250.0
3613,3613,237.0,0,129,27.0,133.0,-13,250.0
3614,3614,238.0,0,129,28.0,131.0,-12,250.0
3615,3615,239.0,0,129,19.0,130.0,-11,250.0
3616,3616,240.0,0,129,17.0,145.0,-10,250.0
3617,3617,241.0,0,129,48.0,180.0,-9,250.0
3618,3618,242.0,0,129,37.0,190.0,-8,250.0
3619,3619,243.0,0,129,32.0,210.0,-7,250.0
3620,3620,244.0,0,129,31.0,158.0,-6,250.0
3621,3621,245.0,0,129,24.0,203.0,-5,250.0
3622,3622,246.0,0,129,22.0,178.0,-4,250.0
3623,3623,247.0,0,129,36.0,245.0,-3,250.0
3624,3624,248.0,0,129,25.0,163.0,-2,250.0
3625,3625,249.0,0,129,76.0,207.0,-1,250.0
3626,3626,250.0,1,129,74.0,233.0,0,250.0
3627,3627,251.0,1,129,23.0,252.0,1,250.0
3628,3628,252.0,1,129,15.0,310.0,2,250.0
3629,3629,253.0,1,129,12.0,233.0,3,250.0
3630,3630,254.0,1,129,19.0,200.0,4,250.0
3631,3631,255.0,1,129,19.0,239.0,5,250.0
3632,3632,256.0,1,129,24.0,200.0,6,250.0
3633,3633,257.0,1,129,15.0,167.0,7,250.0
3634,3634,258.0,1,129,19.0,146.0,8,250.0
3635,3635,259.0,1,129,12.0,131.0,9,250.0
3636,3636,260.0,1,129,8.0,92.0,10,250.0
3637,3637,261.0,1,129,7.0,119.0,11,250.0
3638,3638,262.0,1,129,18.0,109.0,12,250.0
3639,3639,263.0,1,129,9.0,113.0,13,250.0
3640,3640,110.0,0,130,3.0,1.0,-14,124.0
3641,3641,111.0,0,130,59.0,37.0,-13,124.0
3642,3642,112.0,0,130,7.0,0.0,-12,124.0
3643,3643,113.0,0,130,2.0,0.0,-11,124.0
3644,3644,114.0,0,130,0.0,1.0,-10,124.0
3645,3645,115.0,0,130,9.0,2.0,-9,124.0
3646,3646,116.0,0,130,14.0,1.0,-8,124.0
3647,3647,117.0,0,130,6.0,2.0,-7,124.0
3648,3648,118.0,0,130,4.0,5.0,-6,124.0
3649,3649,119.0,0,130,16.0,6.0,-5,124.0
3650,3650,120.0,0,130,5.0,5.0,-4,124.0
3651,3651,121.0,0,130,2.0,2.0,-3,124.0
3652,3652,122.0,0,130,2.0,6.0,-2,124.0
3653,3653,123.0,0,130,70.0,33.0,-1,124.0
3654,3654,124.0,1,130,43.0,27.0,0,124.0
3655,3655,125.0,1,130,12.0,2.0,1,124.0
3656,3656,126.0,1,130,10.0,2.0,2,124.0
3657,3657,127.0,1,130,6.0,2.0,3,124.0
3658,3658,128.0,1,130,4.0,1.0,4,124.0
3659,3659,129.0,1,130,9.0,3.0,5,124.0
3660,3660,130.0,1,130,1.0,3.0,6,124.0
3661,3661,131.0,1,130,13.0,5.0,7,124.0
3662,3662,132.0,1,130,1.0,1.0,8,124.0
3663,3663,133.0,1,130,5.0,6.0,9,124.0
3664,3664,134.0,1,130,1.0,2.0,10,124.0
3665,3665,135.0,1,130,4.0,2.0,11,124.0
3666,3666,136.0,1,130,1.0,1.0,12,124.0
3667,3667,137.0,1,130,0.0,2.0,13,124.0
3668,3668,29.0,0,131,0.0,0.0,-14,43.0
3669,3669,30.0,0,131,0.0,0.0,-13,43.0
3670,3670,31.0,0,131,0.0,0.0,-12,43.0
3671,3671,32.0,0,131,0.0,0.0,-11,43.0
3672,3672,33.0,0,131,0.0,0.0,-10,43.0
3673,3673,34.0,0,131,0.0,0.0,-9,43.0
3674,3674,35.0,0,131,76.0,131.0,-8,43.0
3675,3675,36.0,0,131,684.0,1183.0,-7,43.0
3676,3676,37.0,0,131,749.0,1759.0,-6,43.0
3677,3677,38.0,0,131,588.0,1276.0,-5,43.0
3678,3678,39.0,0,131,386.0,851.0,-4,43.0
3679,3679,40.0,0,131,434.0,855.0,-3,43.0
3680,3680,41.0,0,131,1449.0,1675.0,-2,43.0
3681,3681,42.0,0,131,1722.0,1820.0,-1,43.0
3682,3682,43.0,1,131,472.0,598.0,0,43.0
3683,3683,44.0,1,131,453.0,855.0,1,43.0
3684,3684,45.0,1,131,247.0,525.0,2,43.0
3685,3685,46.0,1,131,60.0,280.0,3,43.0
3686,3686,47.0,1,131,49.0,188.0,4,43.0
3687,3687,48.0,1,131,56.0,223.0,5,43.0
3688,3688,49.0,1,131,157.0,382.0,6,43.0
3689,3689,50.0,1,131,252.0,656.0,7,43.0
3690,3690,51.0,1,131,139.0,354.0,8,43.0
3691,3691,52.0,1,131,83.0,243.0,9,43.0
3692,3692,53.0,1,131,43.0,194.0,10,43.0
3693,3693,54.0,1,131,107.0,263.0,11,43.0
3694,3694,55.0,1,131,67.0,216.0,12,43.0
3695,3695,56.0,1,131,42.0,130.0,13,43.0
3696,3696,229.0,0,132,1.0,2.0,-14,243.0
3697,3697,230.0,0,132,1.0,6.0,-13,243.0
3698,3698,231.0,0,132,0.0,1.0,-12,243.0
3699,3699,232.0,0,132,3.0,17.0,-11,243.0
3700,3700,233.0,0,132,3.0,4.0,-10,243.0
3701,3701,234.0,0,132,0.0,3.0,-9,243.0
3702,3702,235.0,0,132,2.0,6.0,-8,243.0
3703,3703,236.0,0,132,3.0,4.0,-7,243.0
3704,3704,237.0,0,132,0.0,4.0,-6,243.0
3705,3705,238.0,0,132,6.0,6.0,-5,243.0
3706,3706,239.0,0,132,3.0,2.0,-4,243.0
3707,3707,240.0,0,132,21.0,5.0,-3,243.0
3708,3708,241.0,0,132,6.0,8.0,-2,243.0
3709,3709,242.0,0,132,1.0,6.0,-1,243.0
3710,3710,243.0,1,132,13.0,9.0,0,243.0
3711,3711,244.0,1,132,3.0,12.0,1,243.0
3712,3712,245.0,1,132,5.0,9.0,2,243.0
3713,3713,246.0,1,132,2.0,6.0,3,243.0
3714,3714,247.0,1,132,3.0,5.0,4,243.0
3715,3715,248.0,1,132,2.0,7.0,5,243.0
3716,3716,249.0,1,132,3.0,7.0,6,243.0
3717,3717,250.0,1,132,7.0,25.0,7,243.0
3718,3718,251.0,1,132,2.0,2.0,8,243.0
3719,3719,252.0,1,132,17.0,13.0,9,243.0
3720,3720,253.0,1,132,4.0,3.0,10,243.0
3721,3721,254.0,1,132,5.0,7.0,11,243.0
3722,3722,255.0,1,132,7.0,4.0,12,243.0
3723,3723,256.0,1,132,10.0,10.0,13,243.0
3724,3724,117.0,0,133,0.0,0.0,-14,131.0
3725,3725,118.0,0,133,0.0,0.0,-13,131.0
3726,3726,119.0,0,133,3.0,2.0,-12,131.0
3727,3727,120.0,0,133,0.0,0.0,-11,131.0
3728,3728,121.0,0,133,0.0,0.0,-10,131.0
3729,3729,122.0,0,133,0.0,0.0,-9,131.0
3730,3730,123.0,0,133,0.0,1.0,-8,131.0
3731,3731,124.0,0,133,0.0,0.0,-7,131.0
3732,3732,125.0,0,133,0.0,0.0,-6,131.0
3733,3733,126.0,0,133,0.0,0.0,-5,131.0
3734,3734,127.0,0,133,0.0,0.0,-4,131.0
3735,3735,128.0,0,133,0.0,0.0,-3,131.0
3736,3736,129.0,0,133,1.0,0.0,-2,131.0
3737,3737,130.0,0,133,3.0,0.0,-1,131.0
3738,3738,131.0,1,133,44.0,18.0,0,131.0
3739,3739,132.0,1,133,30.0,7.0,1,131.0
3740,3740,133.0,1,133,21.0,6.0,2,131.0
3741,3741,134.0,1,133,1.0,1.0,3,131.0
3742,3742,135.0,1,133,0.0,3.0,4,131.0
3743,3743,136.0,1,133,0.0,1.0,5,131.0
3744,3744,137.0,1,133,0.0,1.0,6,131.0
3745,3745,138.0,1,133,1.0,2.0,7,131.0
3746,3746,139.0,1,133,0.0,1.0,8,131.0
3747,3747,140.0,1,133,1.0,0.0,9,131.0
3748,3748,141.0,1,133,0.0,3.0,10,131.0
3749,3749,142.0,1,133,0.0,0.0,11,131.0
3750,3750,143.0,1,133,0.0,0.0,12,131.0
3751,3751,144.0,1,133,0.0,0.0,13,131.0
3752,3752,234.0,0,134,0.0,0.0,-14,248.0
3753,3753,235.0,0,134,0.0,0.0,-13,248.0
3754,3754,236.0,0,134,0.0,0.0,-12,248.0
3755,3755,237.0,0,134,0.0,0.0,-11,248.0
3756,3756,238.0,0,134,0.0,0.0,-10,248.0
3757,3757,239.0,0,134,0.0,0.0,-9,248.0
3758,3758,240.0,0,134,0.0,0.0,-8,248.0
3759,3759,241.0,0,134,0.0,0.0,-7,248.0
3760,3760,242.0,0,134,0.0,0.0,-6,248.0
3761,3761,243.0,0,134,0.0,0.0,-5,248.0
3762,3762,244.0,0,134,0.0,0.0,-4,248.0
3763,3763,245.0,0,134,0.0,0.0,-3,248.0
3764,3764,246.0,0,134,0.0,0.0,-2,248.0
3765,3765,247.0,0,134,1.0,0.0,-1,248.0
3766,3766,248.0,1,134,1.0,0.0,0,248.0
3767,3767,249.0,1,134,0.0,0.0,1,248.0
3768,3768,250.0,1,134,0.0,0.0,2,248.0
3769,3769,251.0,1,134,0.0,0.0,3,248.0
3770,3770,252.0,1,134,0.0,0.0,4,248.0
3771,3771,253.0,1,134,0.0,0.0,5,248.0
3772,3772,254.0,1,134,1.0,0.0,6,248.0
3773,3773,255.0,1,134,0.0,0.0,7,248.0
3774,3774,256.0,1,134,0.0,0.0,8,248.0
3775,3775,257.0,1,134,0.0,0.0,9,248.0
3776,3776,258.0,1,134,0.0,0.0,10,248.0
3777,3777,259.0,1,134,0.0,0.0,11,248.0
3778,3778,260.0,1,134,0.0,0.0,12,248.0
3779,3779,261.0,1,134,1.0,0.0,13,248.0
3780,3780,234.0,0,135,0.0,1.0,-14,248.0
3781,3781,235.0,0,135,0.0,0.0,-13,248.0
3782,3782,236.0,0,135,0.0,0.0,-12,248.0
3783,3783,237.0,0,135,0.0,0.0,-11,248.0
3784,3784,238.0,0,135,0.0,0.0,-10,248.0
3785,3785,239.0,0,135,1.0,0.0,-9,248.0
3786,3786,240.0,0,135,0.0,0.0,-8,248.0
3787,3787,241.0,0,135,0.0,0.0,-7,248.0
3788,3788,242.0,0,135,0.0,1.0,-6,248.0
3789,3789,243.0,0,135,0.0,0.0,-5,248.0
3790,3790,244.0,0,135,1.0,0.0,-4,248.0
3791,3791,245.0,0,135,0.0,0.0,-3,248.0
3792,3792,246.0,0,135,5.0,1.0,-2,248.0
3793,3793,247.0,0,135,31.0,29.0,-1,248.0
3794,3794,248.0,1,135,80.0,73.0,0,248.0
3795,3795,249.0,1,135,9.0,8.0,1,248.0
3796,3796,250.0,1,135,0.0,0.0,2,248.0
3797,3797,251.0,1,135,0.0,0.0,3,248.0
3798,3798,252.0,1,135,0.0,1.0,4,248.0
3799,3799,253.0,1,135,0.0,0.0,5,248.0
3800,3800,254.0,1,135,1.0,1.0,6,248.0
3801,3801,255.0,1,135,10.0,5.0,7,248.0
3802,3802,256.0,1,135,5.0,2.0,8,248.0
3803,3803,257.0,1,135,1.0,0.0,9,248.0
3804,3804,258.0,1,135,0.0,0.0,10,248.0
3805,3805,259.0,1,135,0.0,0.0,11,248.0
3806,3806,260.0,1,135,2.0,2.0,12,248.0
3807,3807,261.0,1,135,1.0,0.0,13,248.0
3808,3808,126.0,0,136,22.0,18.0,-14,140.0
3809,3809,127.0,0,136,40.0,36.0,-13,140.0
3810,3810,128.0,0,136,121.0,96.0,-12,140.0
3811,3811,129.0,0,136,30.0,18.0,-11,140.0
3812,3812,130.0,0,136,25.0,18.0,-10,140.0
3813,3813,131.0,0,136,22.0,19.0,-9,140.0
3814,3814,132.0,0,136,46.0,38.0,-8,140.0
3815,3815,133.0,0,136,21.0,18.0,-7,140.0
3816,3816,134.0,0,136,19.0,18.0,-6,140.0
3817,3817,135.0,0,136,22.0,24.0,-5,140.0
3818,3818,136.0,0,136,17.0,22.0,-4,140.0
3819,3819,137.0,0,136,18.0,11.0,-3,140.0
3820,3820,138.0,0,136,30.0,33.0,-2,140.0
3821,3821,139.0,0,136,171.0,151.0,-1,140.0
3822,3822,140.0,1,136,370.0,302.0,0,140.0
3823,3823,141.0,1,136,29.0,67.0,1,140.0
3824,3824,142.0,1,136,109.0,129.0,2,140.0
3825,3825,143.0,1,136,50.0,60.0,3,140.0
3826,3826,144.0,1,136,11.0,17.0,4,140.0
3827,3827,145.0,1,136,42.0,22.0,5,140.0
3828,3828,146.0,1,136,22.0,28.0,6,140.0
3829,3829,147.0,1,136,11.0,21.0,7,140.0
3830,3830,148.0,1,136,22.0,24.0,8,140.0
3831,3831,149.0,1,136,35.0,29.0,9,140.0
3832,3832,150.0,1,136,21.0,24.0,10,140.0
3833,3833,151.0,1,136,8.0,9.0,11,140.0
3834,3834,152.0,1,136,8.0,15.0,12,140.0
3835,3835,153.0,1,136,1032.0,1197.0,13,140.0
3836,3836,73.0,0,137,19.0,20.0,-14,87.0
3837,3837,74.0,0,137,11.0,11.0,-13,87.0
3838,3838,75.0,0,137,11.0,11.0,-12,87.0
3839,3839,76.0,0,137,14.0,8.0,-11,87.0
3840,3840,77.0,0,137,19.0,15.0,-10,87.0
3841,3841,78.0,0,137,25.0,30.0,-9,87.0
3842,3842,79.0,0,137,18.0,23.0,-8,87.0
3843,3843,80.0,0,137,19.0,18.0,-7,87.0
3844,3844,81.0,0,137,45.0,29.0,-6,87.0
3845,3845,82.0,0,137,44.0,23.0,-5,87.0
3846,3846,83.0,0,137,29.0,26.0,-4,87.0
3847,3847,84.0,0,137,21.0,20.0,-3,87.0
3848,3848,85.0,0,137,79.0,90.0,-2,87.0
3849,3849,86.0,0,137,38.0,33.0,-1,87.0
3850,3850,87.0,1,137,111.0,76.0,0,87.0
3851,3851,88.0,1,137,34.0,41.0,1,87.0
3852,3852,89.0,1,137,27.0,28.0,2,87.0
3853,3853,90.0,1,137,15.0,30.0,3,87.0
3854,3854,91.0,1,137,7.0,21.0,4,87.0
3855,3855,92.0,1,137,13.0,20.0,5,87.0
3856,3856,93.0,1,137,23.0,21.0,6,87.0
3857,3857,94.0,1,137,22.0,20.0,7,87.0
3858,3858,95.0,1,137,19.0,26.0,8,87.0
3859,3859,96.0,1,137,17.0,22.0,9,87.0
3860,3860,97.0,1,137,117.0,108.0,10,87.0
3861,3861,98.0,1,137,23.0,37.0,11,87.0
3862,3862,99.0,1,137,17.0,20.0,12,87.0
3863,3863,100.0,1,137,19.0,25.0,13,87.0
3864,3864,210.0,0,138,6.0,8.0,-14,224.0
3865,3865,211.0,0,138,23.0,7.0,-13,224.0
3866,3866,212.0,0,138,20.0,5.0,-12,224.0
3867,3867,213.0,0,138,10.0,3.0,-11,224.0
3868,3868,214.0,0,138,4.0,5.0,-10,224.0
3869,3869,215.0,0,138,10.0,8.0,-9,224.0
3870,3870,216.0,0,138,11.0,11.0,-8,224.0
3871,3871,217.0,0,138,2.0,3.0,-7,224.0
3872,3872,218.0,0,138,31.0,24.0,-6,224.0
3873,3873,219.0,0,138,31.0,12.0,-5,224.0
3874,3874,220.0,0,138,13.0,3.0,-4,224.0
3875,3875,221.0,0,138,16.0,9.0,-3,224.0
3876,3876,222.0,0,138,22.0,6.0,-2,224.0
3877,3877,223.0,0,138,10.0,7.0,-1,224.0
3878,3878,224.0,1,138,109.0,129.0,0,224.0
3879,3879,225.0,1,138,9.0,10.0,1,224.0
3880,3880,226.0,1,138,3.0,4.0,2,224.0
3881,3881,227.0,1,138,6.0,5.0,3,224.0
3882,3882,228.0,1,138,14.0,6.0,4,224.0
3883,3883,229.0,1,138,11.0,5.0,5,224.0
3884,3884,230.0,1,138,6.0,5.0,6,224.0
3885,3885,231.0,1,138,2.0,2.0,7,224.0
3886,3886,232.0,1,138,3.0,2.0,8,224.0
3887,3887,233.0,1,138,3.0,4.0,9,224.0
3888,3888,234.0,1,138,1.0,2.0,10,224.0
3889,3889,235.0,1,138,0.0,5.0,11,224.0
3890,3890,236.0,1,138,4.0,1.0,12,224.0
3891,3891,237.0,1,138,3.0,1.0,13,224.0
3892,3892,151.0,0,139,15.0,28.0,-14,165.0
3893,3893,152.0,0,139,38.0,77.0,-13,165.0
3894,3894,153.0,0,139,10.0,30.0,-12,165.0
3895,3895,154.0,0,139,5.0,20.0,-11,165.0
3896,3896,155.0,0,139,6.0,17.0,-10,165.0
3897,3897,156.0,0,139,154.0,159.0,-9,165.0
3898,3898,157.0,0,139,172.0,268.0,-8,165.0
3899,3899,158.0,0,139,51.0,107.0,-7,165.0
3900,3900,159.0,0,139,26.0,60.0,-6,165.0
3901,3901,160.0,0,139,145.0,212.0,-5,165.0
3902,3902,161.0,0,139,137.0,237.0,-4,165.0
3903,3903,162.0,0,139,29.0,64.0,-3,165.0
3904,3904,163.0,0,139,19.0,43.0,-2,165.0
3905,3905,164.0,0,139,10.0,32.0,-1,165.0
3906,3906,165.0,1,139,22.0,26.0,0,165.0
3907,3907,166.0,1,139,10.0,29.0,1,165.0
3908,3908,167.0,1,139,36.0,31.0,2,165.0
3909,3909,168.0,1,139,24.0,14.0,3,165.0
3910,3910,169.0,1,139,6.0,22.0,4,165.0
3911,3911,170.0,1,139,27.0,31.0,5,165.0
3912,3912,171.0,1,139,15.0,212.0,6,165.0
3913,3913,172.0,1,139,15.0,47.0,7,165.0
3914,3914,173.0,1,139,4.0,19.0,8,165.0
3915,3915,174.0,1,139,7.0,11.0,9,165.0
3916,3916,175.0,1,139,48.0,85.0,10,165.0
3917,3917,176.0,1,139,13.0,22.0,11,165.0
3918,3918,177.0,1,139,18.0,36.0,12,165.0
3919,3919,178.0,1,139,9.0,27.0,13,165.0
3920,3920,154.0,0,140,56.0,73.0,-14,168.0
3921,3921,155.0,0,140,57.0,67.0,-13,168.0
3922,3922,156.0,0,140,33.0,34.0,-12,168.0
3923,3923,157.0,0,140,17.0,27.0,-11,168.0
3924,3924,158.0,0,140,20.0,22.0,-10,168.0
3925,3925,159.0,0,140,15.0,27.0,-9,168.0
3926,3926,160.0,0,140,12.0,17.0,-8,168.0
3927,3927,161.0,0,140,14.0,11.0,-7,168.0
3928,3928,162.0,0,140,7.0,18.0,-6,168.0
3929,3929,163.0,0,140,11.0,14.0,-5,168.0
3930,3930,164.0,0,140,14.0,15.0,-4,168.0
3931,3931,165.0,0,140,83.0,66.0,-3,168.0
3932,3932,166.0,0,140,66.0,33.0,-2,168.0
3933,3933,167.0,0,140,582.0,300.0,-1,168.0
3934,3934,168.0,1,140,116.0,75.0,0,168.0
3935,3935,169.0,1,140,27.0,33.0,1,168.0
3936,3936,170.0,1,140,15.0,18.0,2,168.0
3937,3937,171.0,1,140,14.0,11.0,3,168.0
3938,3938,172.0,1,140,18.0,11.0,4,168.0
3939,3939,173.0,1,140,44.0,34.0,5,168.0
3940,3940,174.0,1,140,97.0,61.0,6,168.0
3941,3941,175.0,1,140,145.0,110.0,7,168.0
3942,3942,176.0,1,140,29.0,27.0,8,168.0
3943,3943,177.0,1,140,20.0,26.0,9,168.0
3944,3944,178.0,1,140,17.0,13.0,10,168.0
3945,3945,179.0,1,140,57.0,57.0,11,168.0
3946,3946,180.0,1,140,258.0,273.0,12,168.0
3947,3947,181.0,1,140,423.0,355.0,13,168.0
3948,3948,103.0,0,141,64.0,451.0,-14,117.0
3949,3949,104.0,0,141,84.0,523.0,-13,117.0
3950,3950,105.0,0,141,68.0,414.0,-12,117.0
3951,3951,106.0,0,141,86.0,426.0,-11,117.0
3952,3952,107.0,0,141,40.0,371.0,-10,117.0
3953,3953,108.0,0,141,29.0,192.0,-9,117.0
3954,3954,109.0,0,141,38.0,190.0,-8,117.0
3955,3955,110.0,0,141,32.0,168.0,-7,117.0
3956,3956,111.0,0,141,111.0,211.0,-6,117.0
3957,3957,112.0,0,141,42.0,121.0,-5,117.0
3958,3958,113.0,0,141,61.0,205.0,-4,117.0
3959,3959,114.0,0,141,163.0,349.0,-3,117.0
3960,3960,115.0,0,141,140.0,330.0,-2,117.0
3961,3961,116.0,0,141,140.0,315.0,-1,117.0
3962,3962,117.0,1,141,368.0,785.0,0,117.0
3963,3963,118.0,1,141,52.0,244.0,1,117.0
3964,3964,119.0,1,141,35.0,201.0,2,117.0
3965,3965,120.0,1,141,85.0,266.0,3,117.0
3966,3966,121.0,1,141,102.0,283.0,4,117.0
3967,3967,122.0,1,141,195.0,414.0,5,117.0
3968,3968,123.0,1,141,77.0,299.0,6,117.0
3969,3969,124.0,1,141,51.0,204.0,7,117.0
3970,3970,125.0,1,141,60.0,226.0,8,117.0
3971,3971,126.0,1,141,25.0,120.0,9,117.0
3972,3972,127.0,1,141,70.0,214.0,10,117.0
3973,3973,128.0,1,141,38.0,170.0,11,117.0
3974,3974,129.0,1,141,39.0,198.0,12,117.0
3975,3975,130.0,1,141,28.0,143.0,13,117.0
3976,3976,95.0,0,142,285.0,549.0,-14,109.0
3977,3977,96.0,0,142,133.0,287.0,-13,109.0
3978,3978,97.0,0,142,175.0,354.0,-12,109.0
3979,3979,98.0,0,142,1560.0,3347.0,-11,109.0
3980,3980,99.0,0,142,249.0,543.0,-10,109.0
3981,3981,100.0,0,142,160.0,322.0,-9,109.0
3982,3982,101.0,0,142,853.0,1805.0,-8,109.0
3983,3983,102.0,0,142,462.0,721.0,-7,109.0
3984,3984,103.0,0,142,1966.0,5083.0,-6,109.0
3985,3985,104.0,0,142,443.0,1412.0,-5,109.0
3986,3986,105.0,0,142,235.0,1029.0,-4,109.0
3987,3987,106.0,0,142,330.0,811.0,-3,109.0
3988,3988,107.0,0,142,719.0,1968.0,-2,109.0
3989,3989,108.0,0,142,680.0,2053.0,-1,109.0
3990,3990,109.0,1,142,493.0,668.0,0,109.0
3991,3991,110.0,1,142,219.0,894.0,1,109.0
3992,3992,111.0,1,142,403.0,1382.0,2,109.0
3993,3993,112.0,1,142,428.0,1239.0,3,109.0
3994,3994,113.0,1,142,432.0,1524.0,4,109.0
3995,3995,114.0,1,142,778.0,2171.0,5,109.0
3996,3996,115.0,1,142,252.0,1157.0,6,109.0
3997,3997,116.0,1,142,367.0,1702.0,7,109.0
3998,3998,117.0,1,142,315.0,1512.0,8,109.0
3999,3999,118.0,1,142,232.0,968.0,9,109.0
4000,4000,119.0,1,142,366.0,1449.0,10,109.0
4001,4001,120.0,1,142,401.0,1583.0,11,109.0
4002,4002,121.0,1,142,979.0,2247.0,12,109.0
4003,4003,122.0,1,142,206.0,662.0,13,109.0
4004,4004,138.0,0,143,5.0,6.0,-14,152.0
4005,4005,139.0,0,143,9.0,6.0,-13,152.0
4006,4006,140.0,0,143,3.0,4.0,-12,152.0
4007,4007,141.0,0,143,43.0,39.0,-11,152.0
4008,4008,142.0,0,143,44.0,37.0,-10,152.0
4009,4009,143.0,0,143,22.0,16.0,-9,152.0
4010,4010,144.0,0,143,24.0,21.0,-8,152.0
4011,4011,145.0,0,143,8.0,10.0,-7,152.0
4012,4012,146.0,0,143,21.0,21.0,-6,152.0
4013,4013,147.0,0,143,18.0,21.0,-5,152.0
4014,4014,148.0,0,143,16.0,17.0,-4,152.0
4015,4015,149.0,0,143,15.0,12.0,-3,152.0
4016,4016,150.0,0,143,18.0,25.0,-2,152.0
4017,4017,151.0,0,143,25.0,33.0,-1,152.0
4018,4018,152.0,1,143,30.0,36.0,0,152.0
4019,4019,153.0,1,143,13.0,15.0,1,152.0
4020,4020,154.0,1,143,11.0,18.0,2,152.0
4021,4021,155.0,1,143,13.0,12.0,3,152.0
4022,4022,156.0,1,143,24.0,36.0,4,152.0
4023,4023,157.0,1,143,21.0,15.0,5,152.0
4024,4024,158.0,1,143,24.0,21.0,6,152.0
4025,4025,159.0,1,143,8.0,5.0,7,152.0
4026,4026,160.0,1,143,18.0,21.0,8,152.0
4027,4027,161.0,1,143,13.0,16.0,9,152.0
4028,4028,162.0,1,143,6.0,4.0,10,152.0
4029,4029,163.0,1,143,10.0,7.0,11,152.0
4030,4030,164.0,1,143,20.0,11.0,12,152.0
4031,4031,165.0,1,143,8.0,14.0,13,152.0
4032,4032,170.0,0,144,1.0,1.0,-14,184.0
4033,4033,171.0,0,144,3.0,4.0,-13,184.0
4034,4034,172.0,0,144,2.0,2.0,-12,184.0
4035,4035,173.0,0,144,0.0,0.0,-11,184.0
4036,4036,174.0,0,144,0.0,1.0,-10,184.0
4037,4037,175.0,0,144,3.0,1.0,-9,184.0
4038,4038,176.0,0,144,2.0,3.0,-8,184.0
4039,4039,177.0,0,144,2.0,0.0,-7,184.0
4040,4040,178.0,0,144,0.0,2.0,-6,184.0
4041,4041,179.0,0,144,2.0,0.0,-5,184.0
4042,4042,180.0,0,144,0.0,1.0,-4,184.0
4043,4043,181.0,0,144,0.0,2.0,-3,184.0
4044,4044,182.0,0,144,0.0,0.0,-2,184.0
4045,4045,183.0,0,144,0.0,2.0,-1,184.0
4046,4046,184.0,1,144,9.0,3.0,0,184.0
4047,4047,185.0,1,144,0.0,0.0,1,184.0
4048,4048,186.0,1,144,0.0,0.0,2,184.0
4049,4049,187.0,1,144,1.0,2.0,3,184.0
4050,4050,188.0,1,144,0.0,1.0,4,184.0
4051,4051,189.0,1,144,0.0,0.0,5,184.0
4052,4052,190.0,1,144,2.0,3.0,6,184.0
4053,4053,191.0,1,144,7.0,4.0,7,184.0
4054,4054,192.0,1,144,1.0,1.0,8,184.0
4055,4055,193.0,1,144,77.0,34.0,9,184.0
4056,4056,194.0,1,144,13.0,11.0,10,184.0
4057,4057,195.0,1,144,4.0,2.0,11,184.0
4058,4058,196.0,1,144,2.0,1.0,12,184.0
4059,4059,197.0,1,144,2.0,2.0,13,184.0
4060,4060,112.0,0,145,3.0,5.0,-14,126.0
4061,4061,113.0,0,145,1.0,3.0,-13,126.0
4062,4062,114.0,0,145,4.0,6.0,-12,126.0
4063,4063,115.0,0,145,2.0,1.0,-11,126.0
4064,4064,116.0,0,145,7.0,12.0,-10,126.0
4065,4065,117.0,0,145,8.0,23.0,-9,126.0
4066,4066,118.0,0,145,5.0,3.0,-8,126.0
4067,4067,119.0,0,145,2.0,5.0,-7,126.0
4068,4068,120.0,0,145,16.0,6.0,-6,126.0
4069,4069,121.0,0,145,182.0,186.0,-5,126.0
4070,4070,122.0,0,145,36.0,24.0,-4,126.0
4071,4071,123.0,0,145,18.0,24.0,-3,126.0
4072,4072,124.0,0,145,12.0,10.0,-2,126.0
4073,4073,125.0,0,145,16.0,13.0,-1,126.0
4074,4074,126.0,1,145,37.0,32.0,0,126.0
4075,4075,127.0,1,145,6.0,10.0,1,126.0
4076,4076,128.0,1,145,12.0,14.0,2,126.0
4077,4077,129.0,1,145,6.0,5.0,3,126.0
4078,4078,130.0,1,145,3.0,9.0,4,126.0
4079,4079,131.0,1,145,21.0,13.0,5,126.0
4080,4080,132.0,1,145,11.0,21.0,6,126.0
4081,4081,133.0,1,145,2.0,4.0,7,126.0
4082,4082,134.0,1,145,11.0,23.0,8,126.0
4083,4083,135.0,1,145,12.0,44.0,9,126.0
4084,4084,136.0,1,145,24.0,82.0,10,126.0
4085,4085,137.0,1,145,7.0,57.0,11,126.0
4086,4086,138.0,1,145,7.0,47.0,12,126.0
4087,4087,139.0,1,145,20.0,54.0,13,126.0
4088,4088,56.0,0,146,48.0,62.0,-14,70.0
4089,4089,57.0,0,146,202.0,344.0,-13,70.0
4090,4090,58.0,0,146,61.0,140.0,-12,70.0
4091,4091,59.0,0,146,113.0,65.0,-11,70.0
4092,4092,60.0,0,146,197.0,72.0,-10,70.0
4093,4093,61.0,0,146,36.0,35.0,-9,70.0
4094,4094,62.0,0,146,14.0,14.0,-8,70.0
4095,4095,63.0,0,146,51.0,25.0,-7,70.0
4096,4096,64.0,0,146,46.0,16.0,-6,70.0
4097,4097,65.0,0,146,26.0,20.0,-5,70.0
4098,4098,66.0,0,146,31.0,37.0,-4,70.0
4099,4099,67.0,0,146,137.0,80.0,-3,70.0
4100,4100,68.0,0,146,25.0,19.0,-2,70.0
4101,4101,69.0,0,146,37.0,30.0,-1,70.0
4102,4102,70.0,1,146,239.0,169.0,0,70.0
4103,4103,71.0,1,146,196.0,90.0,1,70.0
4104,4104,72.0,1,146,207.0,72.0,2,70.0
4105,4105,73.0,1,146,89.0,49.0,3,70.0
4106,4106,74.0,1,146,56.0,37.0,4,70.0
4107,4107,75.0,1,146,27.0,20.0,5,70.0
4108,4108,76.0,1,146,62.0,31.0,6,70.0
4109,4109,77.0,1,146,68.0,59.0,7,70.0
4110,4110,78.0,1,146,69.0,46.0,8,70.0
4111,4111,79.0,1,146,55.0,32.0,9,70.0
4112,4112,80.0,1,146,68.0,44.0,10,70.0
4113,4113,81.0,1,146,618.0,498.0,11,70.0
4114,4114,82.0,1,146,477.0,371.0,12,70.0
4115,4115,83.0,1,146,141.0,122.0,13,70.0
4116,4116,83.0,0,147,88.0,588.0,-14,97.0
4117,4117,84.0,0,147,79.0,514.0,-13,97.0
4118,4118,85.0,0,147,270.0,1207.0,-12,97.0
4119,4119,86.0,0,147,118.0,691.0,-11,97.0
4120,4120,87.0,0,147,102.0,509.0,-10,97.0
4121,4121,88.0,0,147,174.0,888.0,-9,97.0
4122,4122,89.0,0,147,138.0,1088.0,-8,97.0
4123,4123,90.0,0,147,320.0,3043.0,-7,97.0
4124,4124,91.0,0,147,643.0,4674.0,-6,97.0
4125,4125,92.0,0,147,305.0,2540.0,-5,97.0
4126,4126,93.0,0,147,717.0,4726.0,-4,97.0
4127,4127,94.0,0,147,278.0,2144.0,-3,97.0
4128,4128,95.0,0,147,151.0,1787.0,-2,97.0
4129,4129,96.0,0,147,167.0,1620.0,-1,97.0
4130,4130,97.0,1,147,125.0,1300.0,0,97.0
4131,4131,98.0,1,147,71.0,1258.0,1,97.0
4132,4132,99.0,1,147,106.0,1450.0,2,97.0
4133,4133,100.0,1,147,137.0,2225.0,3,97.0
4134,4134,101.0,1,147,1789.0,15624.0,4,97.0
4135,4135,102.0,1,147,552.0,10757.0,5,97.0
4136,4136,103.0,1,147,151.0,5466.0,6,97.0
4137,4137,104.0,1,147,129.0,4555.0,7,97.0
4138,4138,105.0,1,147,103.0,4170.0,8,97.0
4139,4139,106.0,1,147,137.0,3666.0,9,97.0
4140,4140,107.0,1,147,138.0,3982.0,10,97.0
4141,4141,108.0,1,147,114.0,3343.0,11,97.0
4142,4142,109.0,1,147,78.0,2910.0,12,97.0
4143,4143,110.0,1,147,84.0,2409.0,13,97.0
4144,4144,234.0,0,148,0.0,0.0,-14,248.0
4145,4145,235.0,0,148,0.0,0.0,-13,248.0
4146,4146,236.0,0,148,0.0,0.0,-12,248.0
4147,4147,237.0,0,148,0.0,1.0,-11,248.0
4148,4148,238.0,0,148,0.0,0.0,-10,248.0
4149,4149,239.0,0,148,1.0,5.0,-9,248.0
4150,4150,240.0,0,148,0.0,8.0,-8,248.0
4151,4151,241.0,0,148,0.0,1.0,-7,248.0
4152,4152,242.0,0,148,0.0,0.0,-6,248.0
4153,4153,243.0,0,148,1.0,0.0,-5,248.0
4154,4154,244.0,0,148,0.0,0.0,-4,248.0
4155,4155,245.0,0,148,0.0,0.0,-3,248.0
4156,4156,246.0,0,148,0.0,3.0,-2,248.0
4157,4157,247.0,0,148,74.0,42.0,-1,248.0
4158,4158,248.0,1,148,105.0,109.0,0,248.0
4159,4159,249.0,1,148,159.0,32.0,1,248.0
4160,4160,250.0,1,148,19.0,8.0,2,248.0
4161,4161,251.0,1,148,12.0,3.0,3,248.0
4162,4162,252.0,1,148,6.0,1.0,4,248.0
4163,4163,253.0,1,148,4.0,0.0,5,248.0
4164,4164,254.0,1,148,1.0,0.0,6,248.0
4165,4165,255.0,1,148,10.0,4.0,7,248.0
4166,4166,256.0,1,148,6.0,3.0,8,248.0
4167,4167,257.0,1,148,1.0,0.0,9,248.0
4168,4168,258.0,1,148,5.0,2.0,10,248.0
4169,4169,259.0,1,148,2.0,1.0,11,248.0
4170,4170,260.0,1,148,1.0,0.0,12,248.0
4171,4171,261.0,1,148,0.0,0.0,13,248.0
4172,4172,101.0,0,149,8.0,18.0,-14,115.0
4173,4173,102.0,0,149,6.0,23.0,-13,115.0
4174,4174,103.0,0,149,13.0,21.0,-12,115.0
4175,4175,104.0,0,149,13.0,10.0,-11,115.0
4176,4176,105.0,0,149,1.0,14.0,-10,115.0
4177,4177,106.0,0,149,4.0,9.0,-9,115.0
4178,4178,107.0,0,149,3.0,5.0,-8,115.0
4179,4179,108.0,0,149,3.0,10.0,-7,115.0
4180,4180,109.0,0,149,2.0,3.0,-6,115.0
4181,4181,110.0,0,149,9.0,8.0,-5,115.0
4182,4182,111.0,0,149,8.0,5.0,-4,115.0
4183,4183,112.0,0,149,2.0,5.0,-3,115.0
4184,4184,113.0,0,149,2.0,6.0,-2,115.0
4185,4185,114.0,0,149,58.0,47.0,-1,115.0
4186,4186,115.0,1,149,264.0,223.0,0,115.0
4187,4187,116.0,1,149,18.0,19.0,1,115.0
4188,4188,117.0,1,149,26.0,24.0,2,115.0
4189,4189,118.0,1,149,9.0,13.0,3,115.0
4190,4190,119.0,1,149,5.0,15.0,4,115.0
4191,4191,120.0,1,149,6.0,7.0,5,115.0
4192,4192,121.0,1,149,5.0,6.0,6,115.0
4193,4193,122.0,1,149,4.0,6.0,7,115.0
4194,4194,123.0,1,149,1.0,8.0,8,115.0
4195,4195,124.0,1,149,7.0,16.0,9,115.0
4196,4196,125.0,1,149,7.0,8.0,10,115.0
4197,4197,126.0,1,149,13.0,12.0,11,115.0
4198,4198,127.0,1,149,2.0,3.0,12,115.0
4199,4199,128.0,1,149,50.0,71.0,13,115.0
4200,4200,39.0,0,150,1584.0,9009.0,-14,53.0
4201,4201,40.0,0,150,1757.0,7766.0,-13,53.0
4202,4202,41.0,0,150,1550.0,6628.0,-12,53.0
4203,4203,42.0,0,150,1449.0,5657.0,-11,53.0
4204,4204,43.0,0,150,1440.0,4907.0,-10,53.0
4205,4205,44.0,0,150,1928.0,4237.0,-9,53.0
4206,4206,45.0,0,150,1358.0,5310.0,-8,53.0
4207,4207,46.0,0,150,710.0,2858.0,-7,53.0
4208,4208,47.0,0,150,421.0,2237.0,-6,53.0
4209,4209,48.0,0,150,606.0,2365.0,-5,53.0
4210,4210,49.0,0,150,655.0,2480.0,-4,53.0
4211,4211,50.0,0,150,460.0,1609.0,-3,53.0
4212,4212,51.0,0,150,523.0,1577.0,-2,53.0
4213,4213,52.0,0,150,472.0,1757.0,-1,53.0
4214,4214,53.0,1,150,628.0,1641.0,0,53.0
4215,4215,54.0,1,150,312.0,1524.0,1,53.0
4216,4216,55.0,1,150,356.0,2040.0,2,53.0
4217,4217,56.0,1,150,405.0,1863.0,3,53.0
4218,4218,57.0,1,150,386.0,1420.0,4,53.0
4219,4219,58.0,1,150,311.0,2018.0,5,53.0
4220,4220,59.0,1,150,217.0,1244.0,6,53.0
4221,4221,60.0,1,150,219.0,1067.0,7,53.0
4222,4222,61.0,1,150,137.0,767.0,8,53.0
4223,4223,62.0,1,150,304.0,1080.0,9,53.0
4224,4224,63.0,1,150,132.0,794.0,10,53.0
4225,4225,64.0,1,150,84.0,617.0,11,53.0
4226,4226,65.0,1,150,101.0,622.0,12,53.0
4227,4227,66.0,1,150,104.0,632.0,13,53.0
4228,4228,178.0,0,151,0.0,0.0,-14,192.0
4229,4229,179.0,0,151,0.0,0.0,-13,192.0
4230,4230,180.0,0,151,0.0,0.0,-12,192.0
4231,4231,181.0,0,151,0.0,0.0,-11,192.0
4232,4232,182.0,0,151,0.0,0.0,-10,192.0
4233,4233,183.0,0,151,0.0,0.0,-9,192.0
4234,4234,184.0,0,151,0.0,0.0,-8,192.0
4235,4235,185.0,0,151,0.0,0.0,-7,192.0
4236,4236,186.0,0,151,0.0,0.0,-6,192.0
4237,4237,187.0,0,151,0.0,0.0,-5,192.0
4238,4238,188.0,0,151,0.0,1.0,-4,192.0
4239,4239,189.0,0,151,0.0,0.0,-3,192.0
4240,4240,190.0,0,151,0.0,1.0,-2,192.0
4241,4241,191.0,0,151,8.0,0.0,-1,192.0
4242,4242,192.0,1,151,51.0,42.0,0,192.0
4243,4243,193.0,1,151,4.0,4.0,1,192.0
4244,4244,194.0,1,151,0.0,0.0,2,192.0
4245,4245,195.0,1,151,1.0,0.0,3,192.0
4246,4246,196.0,1,151,0.0,0.0,4,192.0
4247,4247,197.0,1,151,1.0,0.0,5,192.0
4248,4248,198.0,1,151,0.0,0.0,6,192.0
4249,4249,199.0,1,151,0.0,0.0,7,192.0
4250,4250,200.0,1,151,0.0,0.0,8,192.0
4251,4251,201.0,1,151,0.0,0.0,9,192.0
4252,4252,202.0,1,151,0.0,0.0,10,192.0
4253,4253,203.0,1,151,6.0,4.0,11,192.0
4254,4254,204.0,1,151,4.0,3.0,12,192.0
4255,4255,205.0,1,151,0.0,0.0,13,192.0
4256,4256,165.0,0,152,9.0,53.0,-14,179.0
4257,4257,166.0,0,152,8.0,37.0,-13,179.0
4258,4258,167.0,0,152,4.0,36.0,-12,179.0
4259,4259,168.0,0,152,9.0,32.0,-11,179.0
4260,4260,169.0,0,152,10.0,32.0,-10,179.0
4261,4261,170.0,0,152,11.0,39.0,-9,179.0
4262,4262,171.0,0,152,30.0,76.0,-8,179.0
4263,4263,172.0,0,152,31.0,51.0,-7,179.0
4264,4264,173.0,0,152,10.0,51.0,-6,179.0
4265,4265,174.0,0,152,13.0,55.0,-5,179.0
4266,4266,175.0,0,152,13.0,67.0,-4,179.0
4267,4267,176.0,0,152,5.0,50.0,-3,179.0
4268,4268,177.0,0,152,12.0,49.0,-2,179.0
4269,4269,178.0,0,152,812.0,1142.0,-1,179.0
4270,4270,179.0,1,152,2003.0,3619.0,0,179.0
4271,4271,180.0,1,152,115.0,336.0,1,179.0
4272,4272,181.0,1,152,26.0,113.0,2,179.0
4273,4273,182.0,1,152,18.0,82.0,3,179.0
4274,4274,183.0,1,152,20.0,46.0,4,179.0
4275,4275,184.0,1,152,14.0,37.0,5,179.0
4276,4276,185.0,1,152,238.0,227.0,6,179.0
4277,4277,186.0,1,152,388.0,555.0,7,179.0
4278,4278,187.0,1,152,74.0,154.0,8,179.0
4279,4279,188.0,1,152,47.0,136.0,9,179.0
4280,4280,189.0,1,152,14.0,95.0,10,179.0
4281,4281,190.0,1,152,37.0,58.0,11,179.0
4282,4282,191.0,1,152,22.0,36.0,12,179.0
4283,4283,192.0,1,152,77.0,128.0,13,179.0
4284,4284,53.0,0,153,150.0,263.0,-14,67.0
4285,4285,54.0,0,153,266.0,406.0,-13,67.0
4286,4286,55.0,0,153,677.0,903.0,-12,67.0
4287,4287,56.0,0,153,571.0,573.0,-11,67.0
4288,4288,57.0,0,153,428.0,590.0,-10,67.0
4289,4289,58.0,0,153,399.0,300.0,-9,67.0
4290,4290,59.0,0,153,734.0,500.0,-8,67.0
4291,4291,60.0,0,153,310.0,291.0,-7,67.0
4292,4292,61.0,0,153,156.0,126.0,-6,67.0
4293,4293,62.0,0,153,196.0,165.0,-5,67.0
4294,4294,63.0,0,153,178.0,180.0,-4,67.0
4295,4295,64.0,0,153,224.0,174.0,-3,67.0
4296,4296,65.0,0,153,160.0,148.0,-2,67.0
4297,4297,66.0,0,153,179.0,333.0,-1,67.0
4298,4298,67.0,1,153,132.0,221.0,0,67.0
4299,4299,68.0,1,153,139.0,172.0,1,67.0
4300,4300,69.0,1,153,51.0,101.0,2,67.0
4301,4301,70.0,1,153,115.0,123.0,3,67.0
4302,4302,71.0,1,153,36.0,100.0,4,67.0
4303,4303,72.0,1,153,71.0,93.0,5,67.0
4304,4304,73.0,1,153,85.0,145.0,6,67.0
4305,4305,74.0,1,153,367.0,397.0,7,67.0
4306,4306,75.0,1,153,29.0,54.0,8,67.0
4307,4307,76.0,1,153,59.0,72.0,9,67.0
4308,4308,77.0,1,153,73.0,94.0,10,67.0
4309,4309,78.0,1,153,26.0,53.0,11,67.0
4310,4310,79.0,1,153,64.0,113.0,12,67.0
4311,4311,80.0,1,153,28.0,108.0,13,67.0
4312,4312,77.0,0,154,1.0,1.0,-14,91.0
4313,4313,78.0,0,154,1.0,1.0,-13,91.0
4314,4314,79.0,0,154,0.0,1.0,-12,91.0
4315,4315,80.0,0,154,0.0,1.0,-11,91.0
4316,4316,81.0,0,154,0.0,0.0,-10,91.0
4317,4317,82.0,0,154,0.0,2.0,-9,91.0
4318,4318,83.0,0,154,0.0,0.0,-8,91.0
4319,4319,84.0,0,154,0.0,1.0,-7,91.0
4320,4320,85.0,0,154,0.0,0.0,-6,91.0
4321,4321,86.0,0,154,2.0,0.0,-5,91.0
4322,4322,87.0,0,154,1.0,2.0,-4,91.0
4323,4323,88.0,0,154,1.0,0.0,-3,91.0
4324,4324,89.0,0,154,1.0,1.0,-2,91.0
4325,4325,90.0,0,154,2.0,0.0,-1,91.0
4326,4326,91.0,1,154,8.0,2.0,0,91.0
4327,4327,92.0,1,154,0.0,1.0,1,91.0
4328,4328,93.0,1,154,0.0,2.0,2,91.0
4329,4329,94.0,1,154,0.0,0.0,3,91.0
4330,4330,95.0,1,154,0.0,1.0,4,91.0
4331,4331,96.0,1,154,0.0,1.0,5,91.0
4332,4332,97.0,1,154,1.0,2.0,6,91.0
4333,4333,98.0,1,154,0.0,0.0,7,91.0
4334,4334,99.0,1,154,0.0,0.0,8,91.0
4335,4335,100.0,1,154,0.0,0.0,9,91.0
4336,4336,101.0,1,154,0.0,2.0,10,91.0
4337,4337,102.0,1,154,1.0,2.0,11,91.0
4338,4338,103.0,1,154,0.0,1.0,12,91.0
4339,4339,104.0,1,154,0.0,0.0,13,91.0
4340,4340,40.0,0,155,25.0,115.0,-14,54.0
4341,4341,41.0,0,155,25.0,94.0,-13,54.0
4342,4342,42.0,0,155,52.0,130.0,-12,54.0
4343,4343,43.0,0,155,47.0,123.0,-11,54.0
4344,4344,44.0,0,155,47.0,117.0,-10,54.0
4345,4345,45.0,0,155,24.0,80.0,-9,54.0
4346,4346,46.0,0,155,15.0,74.0,-8,54.0
4347,4347,47.0,0,155,45.0,91.0,-7,54.0
4348,4348,48.0,0,155,90.0,145.0,-6,54.0
4349,4349,49.0,0,155,55.0,152.0,-5,54.0
4350,4350,50.0,0,155,61.0,136.0,-4,54.0
4351,4351,51.0,0,155,105.0,125.0,-3,54.0
4352,4352,52.0,0,155,71.0,128.0,-2,54.0
4353,4353,53.0,0,155,85.0,102.0,-1,54.0
4354,4354,54.0,1,155,95.0,98.0,0,54.0
4355,4355,55.0,1,155,20.0,57.0,1,54.0
4356,4356,56.0,1,155,21.0,63.0,2,54.0
4357,4357,57.0,1,155,16.0,66.0,3,54.0
4358,4358,58.0,1,155,103.0,177.0,4,54.0
4359,4359,59.0,1,155,57.0,154.0,5,54.0
4360,4360,60.0,1,155,46.0,105.0,6,54.0
4361,4361,61.0,1,155,24.0,72.0,7,54.0
4362,4362,62.0,1,155,8.0,33.0,8,54.0
4363,4363,63.0,1,155,24.0,36.0,9,54.0
4364,4364,64.0,1,155,54.0,53.0,10,54.0
4365,4365,65.0,1,155,7.0,16.0,11,54.0
4366,4366,66.0,1,155,8.0,17.0,12,54.0
4367,4367,67.0,1,155,11.0,15.0,13,54.0
4368,4368,39.0,0,156,376.0,676.0,-14,53.0
4369,4369,40.0,0,156,258.0,446.0,-13,53.0
4370,4370,41.0,0,156,227.0,335.0,-12,53.0
4371,4371,42.0,0,156,199.0,238.0,-11,53.0
4372,4372,43.0,0,156,302.0,297.0,-10,53.0
4373,4373,44.0,0,156,1708.0,1790.0,-9,53.0
4374,4374,45.0,0,156,1348.0,1406.0,-8,53.0
4375,4375,46.0,0,156,148.0,180.0,-7,53.0
4376,4376,47.0,0,156,127.0,134.0,-6,53.0
4377,4377,48.0,0,156,114.0,129.0,-5,53.0
4378,4378,49.0,0,156,206.0,188.0,-4,53.0
4379,4379,50.0,0,156,172.0,205.0,-3,53.0
4380,4380,51.0,0,156,162.0,124.0,-2,53.0
4381,4381,52.0,0,156,161.0,125.0,-1,53.0
4382,4382,53.0,1,156,166.0,110.0,0,53.0
4383,4383,54.0,1,156,279.0,595.0,1,53.0
4384,4384,55.0,1,156,309.0,442.0,2,53.0
4385,4385,56.0,1,156,89.0,101.0,3,53.0
4386,4386,57.0,1,156,59.0,69.0,4,53.0
4387,4387,58.0,1,156,49.0,69.0,5,53.0
4388,4388,59.0,1,156,169.0,180.0,6,53.0
4389,4389,60.0,1,156,42.0,67.0,7,53.0
4390,4390,61.0,1,156,30.0,38.0,8,53.0
4391,4391,62.0,1,156,75.0,59.0,9,53.0
4392,4392,63.0,1,156,24.0,34.0,10,53.0
4393,4393,64.0,1,156,30.0,37.0,11,53.0
4394,4394,65.0,1,156,35.0,38.0,12,53.0
4395,4395,66.0,1,156,37.0,49.0,13,53.0
4396,4396,163.0,0,157,25.0,18.0,-14,177.0
4397,4397,164.0,0,157,67.0,22.0,-13,177.0
4398,4398,165.0,0,157,10.0,8.0,-12,177.0
4399,4399,166.0,0,157,56.0,28.0,-11,177.0
4400,4400,167.0,0,157,60.0,21.0,-10,177.0
4401,4401,168.0,0,157,17.0,10.0,-9,177.0
4402,4402,169.0,0,157,29.0,22.0,-8,177.0
4403,4403,170.0,0,157,19.0,11.0,-7,177.0
4404,4404,171.0,0,157,17.0,13.0,-6,177.0
4405,4405,172.0,0,157,30.0,26.0,-5,177.0
4406,4406,173.0,0,157,25.0,48.0,-4,177.0
4407,4407,174.0,0,157,11.0,26.0,-3,177.0
4408,4408,175.0,0,157,135.0,130.0,-2,177.0
4409,4409,176.0,0,157,125.0,93.0,-1,177.0
4410,4410,177.0,1,157,221.0,160.0,0,177.0
4411,4411,178.0,1,157,20.0,19.0,1,177.0
4412,4412,179.0,1,157,23.0,20.0,2,177.0
4413,4413,180.0,1,157,7.0,7.0,3,177.0
4414,4414,181.0,1,157,9.0,2.0,4,177.0
4415,4415,182.0,1,157,7.0,5.0,5,177.0
4416,4416,183.0,1,157,25.0,9.0,6,177.0
4417,4417,184.0,1,157,12.0,10.0,7,177.0
4418,4418,185.0,1,157,14.0,8.0,8,177.0
4419,4419,186.0,1,157,14.0,5.0,9,177.0
4420,4420,187.0,1,157,132.0,79.0,10,177.0
4421,4421,188.0,1,157,24.0,23.0,11,177.0
4422,4422,189.0,1,157,7.0,7.0,12,177.0
4423,4423,190.0,1,157,21.0,11.0,13,177.0
4424,4424,57.0,0,158,5.0,15.0,-14,71.0
4425,4425,58.0,0,158,18.0,32.0,-13,71.0
4426,4426,59.0,0,158,18.0,36.0,-12,71.0
4427,4427,60.0,0,158,7.0,11.0,-11,71.0
4428,4428,61.0,0,158,23.0,30.0,-10,71.0
4429,4429,62.0,0,158,9.0,17.0,-9,71.0
4430,4430,63.0,0,158,6.0,16.0,-8,71.0
4431,4431,64.0,0,158,11.0,8.0,-7,71.0
4432,4432,65.0,0,158,11.0,6.0,-6,71.0
4433,4433,66.0,0,158,7.0,31.0,-5,71.0
4434,4434,67.0,0,158,7.0,18.0,-4,71.0
4435,4435,68.0,0,158,4.0,13.0,-3,71.0
4436,4436,69.0,0,158,7.0,17.0,-2,71.0
4437,4437,70.0,0,158,28.0,23.0,-1,71.0
4438,4438,71.0,1,158,36.0,39.0,0,71.0
4439,4439,72.0,1,158,19.0,28.0,1,71.0
4440,4440,73.0,1,158,6.0,17.0,2,71.0
4441,4441,74.0,1,158,8.0,21.0,3,71.0
4442,4442,75.0,1,158,4.0,5.0,4,71.0
4443,4443,76.0,1,158,198.0,122.0,5,71.0
4444,4444,77.0,1,158,14.0,18.0,6,71.0
4445,4445,78.0,1,158,11.0,12.0,7,71.0
4446,4446,79.0,1,158,11.0,13.0,8,71.0
4447,4447,80.0,1,158,5.0,14.0,9,71.0
4448,4448,81.0,1,158,7.0,10.0,10,71.0
4449,4449,82.0,1,158,4.0,8.0,11,71.0
4450,4450,83.0,1,158,3.0,6.0,12,71.0
4451,4451,84.0,1,158,3.0,19.0,13,71.0
4452,4452,108.0,0,159,92.0,434.0,-14,122.0
4453,4453,109.0,0,159,72.0,449.0,-13,122.0
4454,4454,110.0,0,159,87.0,600.0,-12,122.0
4455,4455,111.0,0,159,111.0,638.0,-11,122.0
4456,4456,112.0,0,159,178.0,673.0,-10,122.0
4457,4457,113.0,0,159,241.0,862.0,-9,122.0
4458,4458,114.0,0,159,595.0,1527.0,-8,122.0
4459,4459,115.0,0,159,2830.0,18576.0,-7,122.0
4460,4460,116.0,0,159,1521.0,7402.0,-6,122.0
4461,4461,117.0,0,159,1767.0,6878.0,-5,122.0
4462,4462,118.0,0,159,956.0,4324.0,-4,122.0
4463,4463,119.0,0,159,2558.0,7502.0,-3,122.0
4464,4464,120.0,0,159,4270.0,12723.0,-2,122.0
4465,4465,121.0,0,159,1289.0,4854.0,-1,122.0
4466,4466,122.0,1,159,887.0,3537.0,0,122.0
4467,4467,123.0,1,159,316.0,1321.0,1,122.0
4468,4468,124.0,1,159,306.0,1406.0,2,122.0
4469,4469,125.0,1,159,236.0,1159.0,3,122.0
4470,4470,126.0,1,159,336.0,1136.0,4,122.0
4471,4471,127.0,1,159,244.0,1010.0,5,122.0
4472,4472,128.0,1,159,407.0,1241.0,6,122.0
4473,4473,129.0,1,159,247.0,875.0,7,122.0
4474,4474,130.0,1,159,115.0,701.0,8,122.0
4475,4475,131.0,1,159,215.0,774.0,9,122.0
4476,4476,132.0,1,159,122.0,732.0,10,122.0
4477,4477,133.0,1,159,121.0,738.0,11,122.0
4478,4478,134.0,1,159,130.0,756.0,12,122.0
4479,4479,135.0,1,159,121.0,569.0,13,122.0
4480,4480,77.0,0,160,111.0,1341.0,-14,91.0
4481,4481,78.0,0,160,129.0,1609.0,-13,91.0
4482,4482,79.0,0,160,123.0,1602.0,-12,91.0
4483,4483,80.0,0,160,172.0,1843.0,-11,91.0
4484,4484,81.0,0,160,95.0,1166.0,-10,91.0
4485,4485,82.0,0,160,150.0,898.0,-9,91.0
4486,4486,83.0,0,160,172.0,1378.0,-8,91.0
4487,4487,84.0,0,160,78.0,832.0,-7,91.0
4488,4488,85.0,0,160,51.0,841.0,-6,91.0
4489,4489,86.0,0,160,60.0,923.0,-5,91.0
4490,4490,87.0,0,160,86.0,1044.0,-4,91.0
4491,4491,88.0,0,160,129.0,1974.0,-3,91.0
4492,4492,89.0,0,160,315.0,4619.0,-2,91.0
4493,4493,90.0,0,160,233.0,3890.0,-1,91.0
4494,4494,91.0,1,160,121.0,3126.0,0,91.0
4495,4495,92.0,1,160,239.0,4255.0,1,91.0
4496,4496,93.0,1,160,140.0,4355.0,2,91.0
4497,4497,94.0,1,160,83.0,3567.0,3,91.0
4498,4498,95.0,1,160,84.0,2951.0,4,91.0
4499,4499,96.0,1,160,196.0,3384.0,5,91.0
4500,4500,97.0,1,160,50.0,2110.0,6,91.0
4501,4501,98.0,1,160,87.0,2842.0,7,91.0
4502,4502,99.0,1,160,114.0,4340.0,8,91.0
4503,4503,100.0,1,160,942.0,28311.0,9,91.0
4504,4504,101.0,1,160,312.0,10330.0,10,91.0
4505,4505,102.0,1,160,96.0,8258.0,11,91.0
4506,4506,103.0,1,160,400.0,12599.0,12,91.0
4507,4507,104.0,1,160,85.0,7067.0,13,91.0
4508,4508,193.0,0,161,25.0,17.0,-14,207.0
4509,4509,194.0,0,161,27.0,24.0,-13,207.0
4510,4510,195.0,0,161,15.0,5.0,-12,207.0
4511,4511,196.0,0,161,9.0,5.0,-11,207.0
4512,4512,197.0,0,161,8.0,9.0,-10,207.0
4513,4513,198.0,0,161,4.0,3.0,-9,207.0
4514,4514,199.0,0,161,7.0,4.0,-8,207.0
4515,4515,200.0,0,161,52.0,27.0,-7,207.0
4516,4516,201.0,0,161,19.0,12.0,-6,207.0
4517,4517,202.0,0,161,6.0,6.0,-5,207.0
4518,4518,203.0,0,161,6.0,13.0,-4,207.0
4519,4519,204.0,0,161,7.0,2.0,-3,207.0
4520,4520,205.0,0,161,12.0,6.0,-2,207.0
4521,4521,206.0,0,161,17.0,22.0,-1,207.0
4522,4522,207.0,1,161,82.0,60.0,0,207.0
4523,4523,208.0,1,161,15.0,18.0,1,207.0
4524,4524,209.0,1,161,6.0,11.0,2,207.0
4525,4525,210.0,1,161,8.0,7.0,3,207.0
4526,4526,211.0,1,161,10.0,11.0,4,207.0
4527,4527,212.0,1,161,6.0,5.0,5,207.0
4528,4528,213.0,1,161,5.0,4.0,6,207.0
4529,4529,214.0,1,161,9.0,7.0,7,207.0
4530,4530,215.0,1,161,8.0,6.0,8,207.0
4531,4531,216.0,1,161,19.0,6.0,9,207.0
4532,4532,217.0,1,161,8.0,11.0,10,207.0
4533,4533,218.0,1,161,18.0,13.0,11,207.0
4534,4534,219.0,1,161,8.0,7.0,12,207.0
4535,4535,220.0,1,161,6.0,0.0,13,207.0
4536,4536,156.0,0,162,3.0,11.0,-14,170.0
4537,4537,157.0,0,162,5.0,16.0,-13,170.0
4538,4538,158.0,0,162,11.0,31.0,-12,170.0
4539,4539,159.0,0,162,7.0,19.0,-11,170.0
4540,4540,160.0,0,162,7.0,26.0,-10,170.0
4541,4541,161.0,0,162,13.0,25.0,-9,170.0
4542,4542,162.0,0,162,12.0,22.0,-8,170.0
4543,4543,163.0,0,162,6.0,14.0,-7,170.0
4544,4544,164.0,0,162,9.0,11.0,-6,170.0
4545,4545,165.0,0,162,13.0,14.0,-5,170.0
4546,4546,166.0,0,162,31.0,33.0,-4,170.0
4547,4547,167.0,0,162,25.0,44.0,-3,170.0
4548,4548,168.0,0,162,109.0,96.0,-2,170.0
4549,4549,169.0,0,162,79.0,39.0,-1,170.0
4550,4550,170.0,1,162,109.0,47.0,0,170.0
4551,4551,171.0,1,162,90.0,38.0,1,170.0
4552,4552,172.0,1,162,13.0,24.0,2,170.0
4553,4553,173.0,1,162,22.0,27.0,3,170.0
4554,4554,174.0,1,162,17.0,31.0,4,170.0
4555,4555,175.0,1,162,4.0,7.0,5,170.0
4556,4556,176.0,1,162,4.0,13.0,6,170.0
4557,4557,177.0,1,162,11.0,15.0,7,170.0
4558,4558,178.0,1,162,15.0,20.0,8,170.0
4559,4559,179.0,1,162,32.0,58.0,9,170.0
4560,4560,180.0,1,162,14.0,27.0,10,170.0
4561,4561,181.0,1,162,36.0,20.0,11,170.0
4562,4562,182.0,1,162,26.0,32.0,12,170.0
4563,4563,183.0,1,162,8.0,18.0,13,170.0
4564,4564,129.0,0,163,35.0,49.0,-14,143.0
4565,4565,130.0,0,163,25.0,46.0,-13,143.0
4566,4566,131.0,0,163,81.0,120.0,-12,143.0
4567,4567,132.0,0,163,27.0,70.0,-11,143.0
4568,4568,133.0,0,163,17.0,29.0,-10,143.0
4569,4569,134.0,0,163,18.0,11.0,-9,143.0
4570,4570,135.0,0,163,24.0,51.0,-8,143.0
4571,4571,136.0,0,163,26.0,25.0,-7,143.0
4572,4572,137.0,0,163,19.0,27.0,-6,143.0
4573,4573,138.0,0,163,38.0,52.0,-5,143.0
4574,4574,139.0,0,163,229.0,241.0,-4,143.0
4575,4575,140.0,0,163,41.0,45.0,-3,143.0
4576,4576,141.0,0,163,39.0,61.0,-2,143.0
4577,4577,142.0,0,163,42.0,53.0,-1,143.0
4578,4578,143.0,1,163,81.0,39.0,0,143.0
4579,4579,144.0,1,163,21.0,23.0,1,143.0
4580,4580,145.0,1,163,18.0,45.0,2,143.0
4581,4581,146.0,1,163,122.0,68.0,3,143.0
4582,4582,147.0,1,163,231.0,165.0,4,143.0
4583,4583,148.0,1,163,298.0,216.0,5,143.0
4584,4584,149.0,1,163,257.0,233.0,6,143.0
4585,4585,150.0,1,163,430.0,191.0,7,143.0
4586,4586,151.0,1,163,118.0,129.0,8,143.0
4587,4587,152.0,1,163,39.0,46.0,9,143.0
4588,4588,153.0,1,163,34.0,43.0,10,143.0
4589,4589,154.0,1,163,14.0,20.0,11,143.0
4590,4590,155.0,1,163,23.0,50.0,12,143.0
4591,4591,156.0,1,163,32.0,30.0,13,143.0
4592,4592,44.0,0,164,123.0,522.0,-14,58.0
4593,4593,45.0,0,164,254.0,845.0,-13,58.0
4594,4594,46.0,0,164,55.0,223.0,-12,58.0
4595,4595,47.0,0,164,68.0,204.0,-11,58.0
4596,4596,48.0,0,164,73.0,172.0,-10,58.0
4597,4597,49.0,0,164,51.0,96.0,-9,58.0
4598,4598,50.0,0,164,48.0,82.0,-8,58.0
4599,4599,51.0,0,164,83.0,201.0,-7,58.0
4600,4600,52.0,0,164,27.0,88.0,-6,58.0
4601,4601,53.0,0,164,326.0,530.0,-5,58.0
4602,4602,54.0,0,164,136.0,308.0,-4,58.0
4603,4603,55.0,0,164,149.0,280.0,-3,58.0
4604,4604,56.0,0,164,72.0,105.0,-2,58.0
4605,4605,57.0,0,164,36.0,48.0,-1,58.0
4606,4606,58.0,1,164,413.0,1021.0,0,58.0
4607,4607,59.0,1,164,452.0,654.0,1,58.0
4608,4608,60.0,1,164,217.0,472.0,2,58.0
4609,4609,61.0,1,164,556.0,800.0,3,58.0
4610,4610,62.0,1,164,453.0,681.0,4,58.0
4611,4611,63.0,1,164,156.0,208.0,5,58.0
4612,4612,64.0,1,164,197.0,322.0,6,58.0
4613,4613,65.0,1,164,74.0,97.0,7,58.0
4614,4614,66.0,1,164,104.0,157.0,8,58.0
4615,4615,67.0,1,164,47.0,109.0,9,58.0
4616,4616,68.0,1,164,49.0,94.0,10,58.0
4617,4617,69.0,1,164,16.0,50.0,11,58.0
4618,4618,70.0,1,164,64.0,77.0,12,58.0
4619,4619,71.0,1,164,20.0,65.0,13,58.0
4620,4620,130.0,0,165,1.0,0.0,-14,144.0
4621,4621,131.0,0,165,0.0,0.0,-13,144.0
4622,4622,132.0,0,165,2.0,0.0,-12,144.0
4623,4623,133.0,0,165,1.0,2.0,-11,144.0
4624,4624,134.0,0,165,5.0,5.0,-10,144.0
4625,4625,135.0,0,165,0.0,0.0,-9,144.0
4626,4626,136.0,0,165,3.0,3.0,-8,144.0
4627,4627,137.0,0,165,50.0,31.0,-7,144.0
4628,4628,138.0,0,165,36.0,12.0,-6,144.0
4629,4629,139.0,0,165,3.0,5.0,-5,144.0
4630,4630,140.0,0,165,2.0,3.0,-4,144.0
4631,4631,141.0,0,165,3.0,0.0,-3,144.0
4632,4632,142.0,0,165,1.0,0.0,-2,144.0
4633,4633,143.0,0,165,14.0,23.0,-1,144.0
4634,4634,144.0,1,165,66.0,32.0,0,144.0
4635,4635,145.0,1,165,14.0,11.0,1,144.0
4636,4636,146.0,1,165,4.0,3.0,2,144.0
4637,4637,147.0,1,165,14.0,5.0,3,144.0
4638,4638,148.0,1,165,7.0,1.0,4,144.0
4639,4639,149.0,1,165,1.0,3.0,5,144.0
4640,4640,150.0,1,165,10.0,13.0,6,144.0
4641,4641,151.0,1,165,4.0,14.0,7,144.0
4642,4642,152.0,1,165,36.0,15.0,8,144.0
4643,4643,153.0,1,165,4.0,1.0,9,144.0
4644,4644,154.0,1,165,2.0,4.0,10,144.0
4645,4645,155.0,1,165,1.0,1.0,11,144.0
4646,4646,156.0,1,165,1.0,2.0,12,144.0
4647,4647,157.0,1,165,2.0,0.0,13,144.0
4648,4648,27.0,0,166,9.0,51.0,-14,41.0
4649,4649,28.0,0,166,14.0,58.0,-13,41.0
4650,4650,29.0,0,166,28.0,57.0,-12,41.0
4651,4651,30.0,0,166,685.0,2027.0,-11,41.0
4652,4652,31.0,0,166,1209.0,3299.0,-10,41.0
4653,4653,32.0,0,166,812.0,1678.0,-9,41.0
4654,4654,33.0,0,166,581.0,801.0,-8,41.0
4655,4655,34.0,0,166,375.0,498.0,-7,41.0
4656,4656,35.0,0,166,281.0,403.0,-6,41.0
4657,4657,36.0,0,166,288.0,362.0,-5,41.0
4658,4658,37.0,0,166,273.0,273.0,-4,41.0
4659,4659,38.0,0,166,251.0,296.0,-3,41.0
4660,4660,39.0,0,166,392.0,561.0,-2,41.0
4661,4661,40.0,0,166,460.0,629.0,-1,41.0
4662,4662,41.0,1,166,751.0,1093.0,0,41.0
4663,4663,42.0,1,166,291.0,389.0,1,41.0
4664,4664,43.0,1,166,238.0,427.0,2,41.0
4665,4665,44.0,1,166,1238.0,2543.0,3,41.0
4666,4666,45.0,1,166,3959.0,10059.0,4,41.0
4667,4667,46.0,1,166,2925.0,7672.0,5,41.0
4668,4668,47.0,1,166,1969.0,7441.0,6,41.0
4669,4669,48.0,1,166,1437.0,3696.0,7,41.0
4670,4670,49.0,1,166,1186.0,3094.0,8,41.0
4671,4671,50.0,1,166,509.0,1526.0,9,41.0
4672,4672,51.0,1,166,689.0,2181.0,10,41.0
4673,4673,52.0,1,166,826.0,2677.0,11,41.0
4674,4674,53.0,1,166,196.0,754.0,12,41.0
4675,4675,54.0,1,166,164.0,529.0,13,41.0
4676,4676,230.0,0,167,32.0,62.0,-14,244.0
4677,4677,231.0,0,167,20.0,45.0,-13,244.0
4678,4678,232.0,0,167,75.0,129.0,-12,244.0
4679,4679,233.0,0,167,25.0,47.0,-11,244.0
4680,4680,234.0,0,167,11.0,41.0,-10,244.0
4681,4681,235.0,0,167,95.0,146.0,-9,244.0
4682,4682,236.0,0,167,37.0,79.0,-8,244.0
4683,4683,237.0,0,167,27.0,56.0,-7,244.0
4684,4684,238.0,0,167,52.0,85.0,-6,244.0
4685,4685,239.0,0,167,79.0,109.0,-5,244.0
4686,4686,240.0,0,167,26.0,43.0,-4,244.0
4687,4687,241.0,0,167,30.0,62.0,-3,244.0
4688,4688,242.0,0,167,21.0,76.0,-2,244.0
4689,4689,243.0,0,167,44.0,130.0,-1,244.0
4690,4690,244.0,1,167,166.0,336.0,0,244.0
4691,4691,245.0,1,167,20.0,76.0,1,244.0
4692,4692,246.0,1,167,13.0,46.0,2,244.0
4693,4693,247.0,1,167,13.0,50.0,3,244.0
4694,4694,248.0,1,167,89.0,151.0,4,244.0
4695,4695,249.0,1,167,52.0,93.0,5,244.0
4696,4696,250.0,1,167,35.0,80.0,6,244.0
4697,4697,251.0,1,167,84.0,143.0,7,244.0
4698,4698,252.0,1,167,13.0,49.0,8,244.0
4699,4699,253.0,1,167,21.0,81.0,9,244.0
4700,4700,254.0,1,167,19.0,51.0,10,244.0
4701,4701,255.0,1,167,124.0,238.0,11,244.0
4702,4702,256.0,1,167,32.0,58.0,12,244.0
4703,4703,257.0,1,167,31.0,73.0,13,244.0
4704,4704,167.0,0,168,0.0,0.0,-14,181.0
4705,4705,168.0,0,168,0.0,0.0,-13,181.0
4706,4706,169.0,0,168,0.0,1.0,-12,181.0
4707,4707,170.0,0,168,0.0,0.0,-11,181.0
4708,4708,171.0,0,168,1.0,0.0,-10,181.0
4709,4709,172.0,0,168,57762.0,125511.0,-9,181.0
4710,4710,173.0,0,168,7918.0,25932.0,-8,181.0
4711,4711,174.0,0,168,1010.0,2971.0,-7,181.0
4712,4712,175.0,0,168,345.0,1227.0,-6,181.0
4713,4713,176.0,0,168,360.0,833.0,-5,181.0
4714,4714,177.0,0,168,206.0,722.0,-4,181.0
4715,4715,178.0,0,168,379.0,714.0,-3,181.0
4716,4716,179.0,0,168,279.0,1049.0,-2,181.0
4717,4717,180.0,0,168,342.0,620.0,-1,181.0
4718,4718,181.0,1,168,1368.0,2896.0,0,181.0
4719,4719,182.0,1,168,392.0,1042.0,1,181.0
4720,4720,183.0,1,168,232.0,613.0,2,181.0
4721,4721,184.0,1,168,591.0,686.0,3,181.0
4722,4722,185.0,1,168,238.0,549.0,4,181.0
4723,4723,186.0,1,168,289.0,683.0,5,181.0
4724,4724,187.0,1,168,195.0,599.0,6,181.0
4725,4725,188.0,1,168,1903.0,5132.0,7,181.0
4726,4726,189.0,1,168,284.0,1153.0,8,181.0
4727,4727,190.0,1,168,173.0,626.0,9,181.0
4728,4728,191.0,1,168,202.0,628.0,10,181.0
4729,4729,192.0,1,168,328.0,786.0,11,181.0
4730,4730,193.0,1,168,266.0,847.0,12,181.0
4731,4731,194.0,1,168,75.0,385.0,13,181.0
4732,4732,163.0,0,169,202.0,416.0,-14,177.0
4733,4733,164.0,0,169,26.0,67.0,-13,177.0
4734,4734,165.0,0,169,28.0,62.0,-12,177.0
4735,4735,166.0,0,169,34.0,60.0,-11,177.0
4736,4736,167.0,0,169,696.0,1123.0,-10,177.0
4737,4737,168.0,0,169,264.0,548.0,-9,177.0
4738,4738,169.0,0,169,101.0,252.0,-8,177.0
4739,4739,170.0,0,169,72.0,138.0,-7,177.0
4740,4740,171.0,0,169,93.0,160.0,-6,177.0
4741,4741,172.0,0,169,390.0,560.0,-5,177.0
4742,4742,173.0,0,169,1127.0,2243.0,-4,177.0
4743,4743,174.0,0,169,303.0,734.0,-3,177.0
4744,4744,175.0,0,169,46.0,98.0,-2,177.0
4745,4745,176.0,0,169,125.0,196.0,-1,177.0
4746,4746,177.0,1,169,209.0,511.0,0,177.0
4747,4747,178.0,1,169,75.0,214.0,1,177.0
4748,4748,179.0,1,169,26.0,92.0,2,177.0
4749,4749,180.0,1,169,51.0,83.0,3,177.0
4750,4750,181.0,1,169,13.0,52.0,4,177.0
4751,4751,182.0,1,169,32.0,88.0,5,177.0
4752,4752,183.0,1,169,13.0,56.0,6,177.0
4753,4753,184.0,1,169,7.0,21.0,7,177.0
4754,4754,185.0,1,169,4.0,30.0,8,177.0
4755,4755,186.0,1,169,10.0,40.0,9,177.0
4756,4756,187.0,1,169,6.0,26.0,10,177.0
4757,4757,188.0,1,169,9.0,36.0,11,177.0
4758,4758,189.0,1,169,6.0,23.0,12,177.0
4759,4759,190.0,1,169,4.0,17.0,13,177.0
4760,4760,108.0,0,170,58.0,106.0,-14,122.0
4761,4761,109.0,0,170,41.0,113.0,-13,122.0
4762,4762,110.0,0,170,6.0,20.0,-12,122.0
4763,4763,111.0,0,170,13.0,19.0,-11,122.0
4764,4764,112.0,0,170,7.0,12.0,-10,122.0
4765,4765,113.0,0,170,7.0,5.0,-9,122.0
4766,4766,114.0,0,170,6.0,13.0,-8,122.0
4767,4767,115.0,0,170,5.0,10.0,-7,122.0
4768,4768,116.0,0,170,2.0,15.0,-6,122.0
4769,4769,117.0,0,170,6.0,14.0,-5,122.0
4770,4770,118.0,0,170,2.0,6.0,-4,122.0
4771,4771,119.0,0,170,8.0,11.0,-3,122.0
4772,4772,120.0,0,170,1.0,6.0,-2,122.0
4773,4773,121.0,0,170,11.0,17.0,-1,122.0
4774,4774,122.0,1,170,66.0,11.0,0,122.0
4775,4775,123.0,1,170,12.0,21.0,1,122.0
4776,4776,124.0,1,170,4.0,9.0,2,122.0
4777,4777,125.0,1,170,2.0,10.0,3,122.0
4778,4778,126.0,1,170,4.0,7.0,4,122.0
4779,4779,127.0,1,170,1.0,3.0,5,122.0
4780,4780,128.0,1,170,8.0,9.0,6,122.0
4781,4781,129.0,1,170,7.0,5.0,7,122.0
4782,4782,130.0,1,170,4.0,8.0,8,122.0
4783,4783,131.0,1,170,4.0,7.0,9,122.0
4784,4784,132.0,1,170,9.0,6.0,10,122.0
4785,4785,133.0,1,170,3.0,5.0,11,122.0
4786,4786,134.0,1,170,1.0,5.0,12,122.0
4787,4787,135.0,1,170,21.0,24.0,13,122.0
4788,4788,178.0,0,171,16.0,17.0,-14,192.0
4789,4789,179.0,0,171,2.0,0.0,-13,192.0
4790,4790,180.0,0,171,0.0,0.0,-12,192.0
4791,4791,181.0,0,171,0.0,1.0,-11,192.0
4792,4792,182.0,0,171,0.0,0.0,-10,192.0
4793,4793,183.0,0,171,0.0,0.0,-9,192.0
4794,4794,184.0,0,171,0.0,1.0,-8,192.0
4795,4795,185.0,0,171,0.0,0.0,-7,192.0
4796,4796,186.0,0,171,1.0,0.0,-6,192.0
4797,4797,187.0,0,171,0.0,0.0,-5,192.0
4798,4798,188.0,0,171,0.0,0.0,-4,192.0
4799,4799,189.0,0,171,0.0,0.0,-3,192.0
4800,4800,190.0,0,171,0.0,0.0,-2,192.0
4801,4801,191.0,0,171,0.0,0.0,-1,192.0
4802,4802,192.0,1,171,24.0,14.0,0,192.0
4803,4803,193.0,1,171,2.0,3.0,1,192.0
4804,4804,194.0,1,171,1.0,6.0,2,192.0
4805,4805,195.0,1,171,0.0,0.0,3,192.0
4806,4806,196.0,1,171,0.0,0.0,4,192.0
4807,4807,197.0,1,171,1.0,0.0,5,192.0
4808,4808,198.0,1,171,1.0,0.0,6,192.0
4809,4809,199.0,1,171,0.0,0.0,7,192.0
4810,4810,200.0,1,171,0.0,1.0,8,192.0
4811,4811,201.0,1,171,0.0,1.0,9,192.0
4812,4812,202.0,1,171,0.0,0.0,10,192.0
4813,4813,203.0,1,171,0.0,1.0,11,192.0
4814,4814,204.0,1,171,2.0,0.0,12,192.0
4815,4815,205.0,1,171,0.0,0.0,13,192.0
4816,4816,127.0,0,172,147.0,117.0,-14,141.0
4817,4817,128.0,0,172,1067.0,1094.0,-13,141.0
4818,4818,129.0,0,172,141.0,149.0,-12,141.0
4819,4819,130.0,0,172,95.0,111.0,-11,141.0
4820,4820,131.0,0,172,53.0,56.0,-10,141.0
4821,4821,132.0,0,172,37.0,41.0,-9,141.0
4822,4822,133.0,0,172,70.0,92.0,-8,141.0
4823,4823,134.0,0,172,66.0,53.0,-7,141.0
4824,4824,135.0,0,172,74.0,86.0,-6,141.0
4825,4825,136.0,0,172,35.0,44.0,-5,141.0
4826,4826,137.0,0,172,25.0,33.0,-4,141.0
4827,4827,138.0,0,172,29.0,36.0,-3,141.0
4828,4828,139.0,0,172,24.0,24.0,-2,141.0
4829,4829,140.0,0,172,69.0,63.0,-1,141.0
4830,4830,141.0,1,172,327.0,311.0,0,141.0
4831,4831,142.0,1,172,92.0,142.0,1,141.0
4832,4832,143.0,1,172,27.0,48.0,2,141.0
4833,4833,144.0,1,172,35.0,40.0,3,141.0
4834,4834,145.0,1,172,50.0,74.0,4,141.0
4835,4835,146.0,1,172,38.0,53.0,5,141.0
4836,4836,147.0,1,172,63.0,86.0,6,141.0
4837,4837,148.0,1,172,47.0,51.0,7,141.0
4838,4838,149.0,1,172,31.0,26.0,8,141.0
4839,4839,150.0,1,172,25.0,47.0,9,141.0
4840,4840,151.0,1,172,19.0,48.0,10,141.0
4841,4841,152.0,1,172,28.0,34.0,11,141.0
4842,4842,153.0,1,172,10.0,32.0,12,141.0
4843,4843,154.0,1,172,13.0,23.0,13,141.0
4844,4844,178.0,0,173,4.0,5.0,-14,192.0
4845,4845,179.0,0,173,3.0,2.0,-13,192.0
4846,4846,180.0,0,173,3.0,3.0,-12,192.0
4847,4847,181.0,0,173,0.0,1.0,-11,192.0
4848,4848,182.0,0,173,1.0,0.0,-10,192.0
4849,4849,183.0,0,173,1.0,0.0,-9,192.0
4850,4850,184.0,0,173,1.0,0.0,-8,192.0
4851,4851,185.0,0,173,1.0,1.0,-7,192.0
4852,4852,186.0,0,173,0.0,3.0,-6,192.0
4853,4853,187.0,0,173,0.0,1.0,-5,192.0
4854,4854,188.0,0,173,0.0,0.0,-4,192.0
4855,4855,189.0,0,173,0.0,0.0,-3,192.0
4856,4856,190.0,0,173,1.0,0.0,-2,192.0
4857,4857,191.0,0,173,9.0,1.0,-1,192.0
4858,4858,192.0,1,173,13.0,4.0,0,192.0
4859,4859,193.0,1,173,3.0,2.0,1,192.0
4860,4860,194.0,1,173,1.0,0.0,2,192.0
4861,4861,195.0,1,173,1.0,1.0,3,192.0
4862,4862,196.0,1,173,0.0,3.0,4,192.0
4863,4863,197.0,1,173,4.0,3.0,5,192.0
4864,4864,198.0,1,173,1.0,1.0,6,192.0
4865,4865,199.0,1,173,1.0,5.0,7,192.0
4866,4866,200.0,1,173,0.0,0.0,8,192.0
4867,4867,201.0,1,173,1.0,3.0,9,192.0
4868,4868,202.0,1,173,1.0,0.0,10,192.0
4869,4869,203.0,1,173,0.0,0.0,11,192.0
4870,4870,204.0,1,173,3.0,2.0,12,192.0
4871,4871,205.0,1,173,2.0,1.0,13,192.0
4872,4872,200.0,0,174,0.0,0.0,-14,214.0
4873,4873,201.0,0,174,0.0,1.0,-13,214.0
4874,4874,202.0,0,174,1.0,2.0,-12,214.0
4875,4875,203.0,0,174,0.0,1.0,-11,214.0
4876,4876,204.0,0,174,2.0,0.0,-10,214.0
4877,4877,205.0,0,174,0.0,0.0,-9,214.0
4878,4878,206.0,0,174,0.0,0.0,-8,214.0
4879,4879,207.0,0,174,7.0,0.0,-7,214.0
4880,4880,208.0,0,174,0.0,0.0,-6,214.0
4881,4881,209.0,0,174,0.0,0.0,-5,214.0
4882,4882,210.0,0,174,0.0,1.0,-4,214.0
4883,4883,211.0,0,174,3.0,0.0,-3,214.0
4884,4884,212.0,0,174,0.0,0.0,-2,214.0
4885,4885,213.0,0,174,0.0,0.0,-1,214.0
4886,4886,214.0,1,174,5.0,4.0,0,214.0
4887,4887,215.0,1,174,2.0,2.0,1,214.0
4888,4888,216.0,1,174,1.0,3.0,2,214.0
4889,4889,217.0,1,174,1.0,1.0,3,214.0
4890,4890,218.0,1,174,0.0,1.0,4,214.0
4891,4891,219.0,1,174,0.0,2.0,5,214.0
4892,4892,220.0,1,174,1.0,1.0,6,214.0
4893,4893,221.0,1,174,0.0,0.0,7,214.0
4894,4894,222.0,1,174,1.0,0.0,8,214.0
4895,4895,223.0,1,174,0.0,0.0,9,214.0
4896,4896,224.0,1,174,0.0,0.0,10,214.0
4897,4897,225.0,1,174,0.0,0.0,11,214.0
4898,4898,226.0,1,174,0.0,0.0,12,214.0
4899,4899,227.0,1,174,0.0,1.0,13,214.0
4900,4900,103.0,0,175,11.0,62.0,-14,117.0
4901,4901,104.0,0,175,11.0,24.0,-13,117.0
4902,4902,105.0,0,175,11.0,11.0,-12,117.0
4903,4903,106.0,0,175,4.0,18.0,-11,117.0
4904,4904,107.0,0,175,8.0,15.0,-10,117.0
4905,4905,108.0,0,175,9.0,14.0,-9,117.0
4906,4906,109.0,0,175,12.0,13.0,-8,117.0
4907,4907,110.0,0,175,5.0,4.0,-7,117.0
4908,4908,111.0,0,175,11.0,10.0,-6,117.0
4909,4909,112.0,0,175,16.0,10.0,-5,117.0
4910,4910,113.0,0,175,6.0,3.0,-4,117.0
4911,4911,114.0,0,175,4.0,5.0,-3,117.0
4912,4912,115.0,0,175,7.0,12.0,-2,117.0
4913,4913,116.0,0,175,48.0,37.0,-1,117.0
4914,4914,117.0,1,175,332.0,253.0,0,117.0
4915,4915,118.0,1,175,10.0,32.0,1,117.0
4916,4916,119.0,1,175,4.0,12.0,2,117.0
4917,4917,120.0,1,175,19.0,14.0,3,117.0
4918,4918,121.0,1,175,1.0,10.0,4,117.0
4919,4919,122.0,1,175,5.0,3.0,5,117.0
4920,4920,123.0,1,175,4.0,13.0,6,117.0
4921,4921,124.0,1,175,1.0,9.0,7,117.0
4922,4922,125.0,1,175,6.0,6.0,8,117.0
4923,4923,126.0,1,175,27.0,21.0,9,117.0
4924,4924,127.0,1,175,634.0,838.0,10,117.0
4925,4925,128.0,1,175,77.0,107.0,11,117.0
4926,4926,129.0,1,175,113.0,163.0,12,117.0
4927,4927,130.0,1,175,123.0,118.0,13,117.0
4928,4928,37.0,0,176,52.0,275.0,-14,51.0
4929,4929,38.0,0,176,113.0,320.0,-13,51.0
4930,4930,39.0,0,176,87.0,291.0,-12,51.0
4931,4931,40.0,0,176,108.0,348.0,-11,51.0
4932,4932,41.0,0,176,91.0,226.0,-10,51.0
4933,4933,42.0,0,176,39.0,148.0,-9,51.0
4934,4934,43.0,0,176,32.0,101.0,-8,51.0
4935,4935,44.0,0,176,22.0,82.0,-7,51.0
4936,4936,45.0,0,176,16.0,59.0,-6,51.0
4937,4937,46.0,0,176,18.0,48.0,-5,51.0
4938,4938,47.0,0,176,19.0,69.0,-4,51.0
4939,4939,48.0,0,176,41.0,106.0,-3,51.0
4940,4940,49.0,0,176,79.0,190.0,-2,51.0
4941,4941,50.0,0,176,419.0,730.0,-1,51.0
4942,4942,51.0,1,176,534.0,790.0,0,51.0
4943,4943,52.0,1,176,368.0,657.0,1,51.0
4944,4944,53.0,1,176,325.0,612.0,2,51.0
4945,4945,54.0,1,176,202.0,475.0,3,51.0
4946,4946,55.0,1,176,119.0,274.0,4,51.0
4947,4947,56.0,1,176,40.0,128.0,5,51.0
4948,4948,57.0,1,176,60.0,135.0,6,51.0
4949,4949,58.0,1,176,147.0,224.0,7,51.0
4950,4950,59.0,1,176,433.0,844.0,8,51.0
4951,4951,60.0,1,176,191.0,423.0,9,51.0
4952,4952,61.0,1,176,37.0,82.0,10,51.0
4953,4953,62.0,1,176,30.0,60.0,11,51.0
4954,4954,63.0,1,176,26.0,35.0,12,51.0
4955,4955,64.0,1,176,10.0,31.0,13,51.0
4956,4956,163.0,0,177,3.0,3.0,-14,177.0
4957,4957,164.0,0,177,4.0,0.0,-13,177.0
4958,4958,165.0,0,177,5.0,0.0,-12,177.0
4959,4959,166.0,0,177,12.0,2.0,-11,177.0
4960,4960,167.0,0,177,1.0,1.0,-10,177.0
4961,4961,168.0,0,177,2.0,1.0,-9,177.0
4962,4962,169.0,0,177,4.0,2.0,-8,177.0
4963,4963,170.0,0,177,0.0,2.0,-7,177.0
4964,4964,171.0,0,177,5.0,0.0,-6,177.0
4965,4965,172.0,0,177,2.0,0.0,-5,177.0
4966,4966,173.0,0,177,10.0,0.0,-4,177.0
4967,4967,174.0,0,177,17.0,7.0,-3,177.0
4968,4968,175.0,0,177,22.0,2.0,-2,177.0
4969,4969,176.0,0,177,13.0,6.0,-1,177.0
4970,4970,177.0,1,177,13.0,14.0,0,177.0
4971,4971,178.0,1,177,4.0,2.0,1,177.0
4972,4972,179.0,1,177,3.0,2.0,2,177.0
4973,4973,180.0,1,177,2.0,2.0,3,177.0
4974,4974,181.0,1,177,8.0,0.0,4,177.0
4975,4975,182.0,1,177,4.0,3.0,5,177.0
4976,4976,183.0,1,177,1.0,0.0,6,177.0
4977,4977,184.0,1,177,8.0,2.0,7,177.0
4978,4978,185.0,1,177,8.0,2.0,8,177.0
4979,4979,186.0,1,177,2.0,5.0,9,177.0
4980,4980,187.0,1,177,4.0,1.0,10,177.0
4981,4981,188.0,1,177,2.0,3.0,11,177.0
4982,4982,189.0,1,177,1.0,0.0,12,177.0
4983,4983,190.0,1,177,6.0,4.0,13,177.0
4984,4984,69.0,0,178,0.0,6.0,-14,83.0
4985,4985,70.0,0,178,0.0,2.0,-13,83.0
4986,4986,71.0,0,178,3.0,5.0,-12,83.0
4987,4987,72.0,0,178,2.0,6.0,-11,83.0
4988,4988,73.0,0,178,0.0,2.0,-10,83.0
4989,4989,74.0,0,178,2.0,2.0,-9,83.0
4990,4990,75.0,0,178,1.0,2.0,-8,83.0
4991,4991,76.0,0,178,2.0,1.0,-7,83.0
4992,4992,77.0,0,178,0.0,2.0,-6,83.0
4993,4993,78.0,0,178,0.0,1.0,-5,83.0
4994,4994,79.0,0,178,1.0,1.0,-4,83.0
4995,4995,80.0,0,178,0.0,1.0,-3,83.0
4996,4996,81.0,0,178,1.0,3.0,-2,83.0
4997,4997,82.0,0,178,34.0,50.0,-1,83.0
4998,4998,83.0,1,178,47.0,81.0,0,83.0
4999,4999,84.0,1,178,7.0,27.0,1,83.0
5000,5000,85.0,1,178,1.0,11.0,2,83.0
5001,5001,86.0,1,178,2.0,5.0,3,83.0
5002,5002,87.0,1,178,3.0,4.0,4,83.0
5003,5003,88.0,1,178,4.0,18.0,5,83.0
5004,5004,89.0,1,178,1.0,4.0,6,83.0
5005,5005,90.0,1,178,0.0,5.0,7,83.0
5006,5006,91.0,1,178,1.0,2.0,8,83.0
5007,5007,92.0,1,178,0.0,5.0,9,83.0
5008,5008,93.0,1,178,2.0,3.0,10,83.0
5009,5009,94.0,1,178,0.0,4.0,11,83.0
5010,5010,95.0,1,178,1.0,2.0,12,83.0
5011,5011,96.0,1,178,0.0,2.0,13,83.0
5012,5012,48.0,0,179,60.0,84.0,-14,62.0
5013,5013,49.0,0,179,40.0,67.0,-13,62.0
5014,5014,50.0,0,179,35.0,68.0,-12,62.0
5015,5015,51.0,0,179,223.0,287.0,-11,62.0
5016,5016,52.0,0,179,90.0,148.0,-10,62.0
5017,5017,53.0,0,179,39.0,73.0,-9,62.0
5018,5018,54.0,0,179,229.0,503.0,-8,62.0
5019,5019,55.0,0,179,250.0,209.0,-7,62.0
5020,5020,56.0,0,179,29.0,50.0,-6,62.0
5021,5021,57.0,0,179,63.0,91.0,-5,62.0
5022,5022,58.0,0,179,232.0,387.0,-4,62.0
5023,5023,59.0,0,179,250.0,310.0,-3,62.0
5024,5024,60.0,0,179,141.0,200.0,-2,62.0
5025,5025,61.0,0,179,78.0,111.0,-1,62.0
5026,5026,62.0,1,179,103.0,78.0,0,62.0
5027,5027,63.0,1,179,31.0,39.0,1,62.0
5028,5028,64.0,1,179,18.0,28.0,2,62.0
5029,5029,65.0,1,179,41.0,58.0,3,62.0
5030,5030,66.0,1,179,32.0,48.0,4,62.0
5031,5031,67.0,1,179,98.0,100.0,5,62.0
5032,5032,68.0,1,179,59.0,65.0,6,62.0
5033,5033,69.0,1,179,11.0,35.0,7,62.0
5034,5034,70.0,1,179,17.0,23.0,8,62.0
5035,5035,71.0,1,179,33.0,60.0,9,62.0
5036,5036,72.0,1,179,133.0,155.0,10,62.0
5037,5037,73.0,1,179,70.0,93.0,11,62.0
5038,5038,74.0,1,179,63.0,59.0,12,62.0
5039,5039,75.0,1,179,11.0,27.0,13,62.0
5040,5040,217.0,0,180,8.0,22.0,-14,231.0
5041,5041,218.0,0,180,31.0,140.0,-13,231.0
5042,5042,219.0,0,180,18.0,65.0,-12,231.0
5043,5043,220.0,0,180,11.0,18.0,-11,231.0
5044,5044,221.0,0,180,29.0,68.0,-10,231.0
5045,5045,222.0,0,180,11.0,50.0,-9,231.0
5046,5046,223.0,0,180,14.0,35.0,-8,231.0
5047,5047,224.0,0,180,20.0,48.0,-7,231.0
5048,5048,225.0,0,180,24.0,68.0,-6,231.0
5049,5049,226.0,0,180,26.0,51.0,-5,231.0
5050,5050,227.0,0,180,4.0,14.0,-4,231.0
5051,5051,228.0,0,180,7.0,12.0,-3,231.0
5052,5052,229.0,0,180,17.0,54.0,-2,231.0
5053,5053,230.0,0,180,17.0,73.0,-1,231.0
5054,5054,231.0,1,180,19.0,68.0,0,231.0
5055,5055,232.0,1,180,5.0,47.0,1,231.0
5056,5056,233.0,1,180,5.0,42.0,2,231.0
5057,5057,234.0,1,180,7.0,32.0,3,231.0
5058,5058,235.0,1,180,11.0,40.0,4,231.0
5059,5059,236.0,1,180,51.0,152.0,5,231.0
5060,5060,237.0,1,180,14.0,43.0,6,231.0
5061,5061,238.0,1,180,16.0,39.0,7,231.0
5062,5062,239.0,1,180,9.0,43.0,8,231.0
5063,5063,240.0,1,180,5.0,28.0,9,231.0
5064,5064,241.0,1,180,4.0,23.0,10,231.0
5065,5065,242.0,1,180,23.0,89.0,11,231.0
5066,5066,243.0,1,180,23.0,97.0,12,231.0
5067,5067,244.0,1,180,50.0,141.0,13,231.0
5068,5068,229.0,0,181,9.0,24.0,-14,243.0
5069,5069,230.0,0,181,4.0,3.0,-13,243.0
5070,5070,231.0,0,181,10.0,13.0,-12,243.0
5071,5071,232.0,0,181,9.0,9.0,-11,243.0
5072,5072,233.0,0,181,8.0,3.0,-10,243.0
5073,5073,234.0,0,181,10.0,12.0,-9,243.0
5074,5074,235.0,0,181,12.0,10.0,-8,243.0
5075,5075,236.0,0,181,6.0,6.0,-7,243.0
5076,5076,237.0,0,181,5.0,6.0,-6,243.0
5077,5077,238.0,0,181,3.0,5.0,-5,243.0
5078,5078,239.0,0,181,10.0,11.0,-4,243.0
5079,5079,240.0,0,181,10.0,13.0,-3,243.0
5080,5080,241.0,0,181,28.0,33.0,-2,243.0
5081,5081,242.0,0,181,6.0,12.0,-1,243.0
5082,5082,243.0,1,181,123.0,72.0,0,243.0
5083,5083,244.0,1,181,24.0,28.0,1,243.0
5084,5084,245.0,1,181,11.0,10.0,2,243.0
5085,5085,246.0,1,181,5.0,5.0,3,243.0
5086,5086,247.0,1,181,19.0,59.0,4,243.0
5087,5087,248.0,1,181,8.0,10.0,5,243.0
5088,5088,249.0,1,181,3.0,7.0,6,243.0
5089,5089,250.0,1,181,3.0,6.0,7,243.0
5090,5090,251.0,1,181,4.0,6.0,8,243.0
5091,5091,252.0,1,181,26.0,19.0,9,243.0
5092,5092,253.0,1,181,6.0,3.0,10,243.0
5093,5093,254.0,1,181,4.0,7.0,11,243.0
5094,5094,255.0,1,181,4.0,3.0,12,243.0
5095,5095,256.0,1,181,3.0,3.0,13,243.0
5096,5096,100.0,0,182,8.0,12.0,-14,114.0
5097,5097,101.0,0,182,173.0,42.0,-13,114.0
5098,5098,102.0,0,182,420.0,118.0,-12,114.0
5099,5099,103.0,0,182,223.0,113.0,-11,114.0
5100,5100,104.0,0,182,118.0,44.0,-10,114.0
5101,5101,105.0,0,182,27.0,15.0,-9,114.0
5102,5102,106.0,0,182,129.0,80.0,-8,114.0
5103,5103,107.0,0,182,33.0,26.0,-7,114.0
5104,5104,108.0,0,182,30.0,23.0,-6,114.0
5105,5105,109.0,0,182,33.0,25.0,-5,114.0
5106,5106,110.0,0,182,37.0,38.0,-4,114.0
5107,5107,111.0,0,182,100.0,45.0,-3,114.0
5108,5108,112.0,0,182,20.0,15.0,-2,114.0
5109,5109,113.0,0,182,26.0,18.0,-1,114.0
5110,5110,114.0,1,182,29.0,27.0,0,114.0
5111,5111,115.0,1,182,36.0,56.0,1,114.0
5112,5112,116.0,1,182,29.0,26.0,2,114.0
5113,5113,117.0,1,182,43.0,48.0,3,114.0
5114,5114,118.0,1,182,18.0,24.0,4,114.0
5115,5115,119.0,1,182,26.0,38.0,5,114.0
5116,5116,120.0,1,182,19.0,25.0,6,114.0
5117,5117,121.0,1,182,18.0,21.0,7,114.0
5118,5118,122.0,1,182,738.0,253.0,8,114.0
5119,5119,123.0,1,182,184.0,76.0,9,114.0
5120,5120,124.0,1,182,31.0,36.0,10,114.0
5121,5121,125.0,1,182,41.0,32.0,11,114.0
5122,5122,126.0,1,182,16.0,21.0,12,114.0
5123,5123,127.0,1,182,6.0,17.0,13,114.0
5124,5124,109.0,0,183,34.0,130.0,-14,123.0
5125,5125,110.0,0,183,41.0,146.0,-13,123.0
5126,5126,111.0,0,183,52.0,112.0,-12,123.0
5127,5127,112.0,0,183,24.0,91.0,-11,123.0
5128,5128,113.0,0,183,48.0,71.0,-10,123.0
5129,5129,114.0,0,183,20.0,63.0,-9,123.0
5130,5130,115.0,0,183,21.0,114.0,-8,123.0
5131,5131,116.0,0,183,25.0,140.0,-7,123.0
5132,5132,117.0,0,183,18.0,80.0,-6,123.0
5133,5133,118.0,0,183,18.0,69.0,-5,123.0
5134,5134,119.0,0,183,33.0,87.0,-4,123.0
5135,5135,120.0,0,183,20.0,78.0,-3,123.0
5136,5136,121.0,0,183,23.0,108.0,-2,123.0
5137,5137,122.0,0,183,23.0,91.0,-1,123.0
5138,5138,123.0,1,183,52.0,81.0,0,123.0
5139,5139,124.0,1,183,23.0,65.0,1,123.0
5140,5140,125.0,1,183,45.0,72.0,2,123.0
5141,5141,126.0,1,183,23.0,69.0,3,123.0
5142,5142,127.0,1,183,29.0,69.0,4,123.0
5143,5143,128.0,1,183,24.0,119.0,5,123.0
5144,5144,129.0,1,183,25.0,117.0,6,123.0
5145,5145,130.0,1,183,23.0,102.0,7,123.0
5146,5146,131.0,1,183,59.0,123.0,8,123.0
5147,5147,132.0,1,183,52.0,144.0,9,123.0
5148,5148,133.0,1,183,32.0,159.0,10,123.0
5149,5149,134.0,1,183,54.0,177.0,11,123.0
5150,5150,135.0,1,183,50.0,164.0,12,123.0
5151,5151,136.0,1,183,52.0,167.0,13,123.0
5152,5152,47.0,0,184,684.0,1054.0,-14,61.0
5153,5153,48.0,0,184,232.0,441.0,-13,61.0
5154,5154,49.0,0,184,145.0,272.0,-12,61.0
5155,5155,50.0,0,184,3147.0,3554.0,-11,61.0
5156,5156,51.0,0,184,1447.0,1863.0,-10,61.0
5157,5157,52.0,0,184,225.0,389.0,-9,61.0
5158,5158,53.0,0,184,643.0,767.0,-8,61.0
5159,5159,54.0,0,184,168.0,344.0,-7,61.0
5160,5160,55.0,0,184,258.0,438.0,-6,61.0
5161,5161,56.0,0,184,188.0,288.0,-5,61.0
5162,5162,57.0,0,184,2289.0,3119.0,-4,61.0
5163,5163,58.0,0,184,1197.0,2130.0,-3,61.0
5164,5164,59.0,0,184,231.0,357.0,-2,61.0
5165,5165,60.0,0,184,129.0,186.0,-1,61.0
5166,5166,61.0,1,184,158.0,228.0,0,61.0
5167,5167,62.0,1,184,162.0,235.0,1,61.0
5168,5168,63.0,1,184,130.0,160.0,2,61.0
5169,5169,64.0,1,184,62.0,119.0,3,61.0
5170,5170,65.0,1,184,80.0,165.0,4,61.0
5171,5171,66.0,1,184,68.0,144.0,5,61.0
5172,5172,67.0,1,184,62.0,125.0,6,61.0
5173,5173,68.0,1,184,50.0,104.0,7,61.0
5174,5174,69.0,1,184,32.0,83.0,8,61.0
5175,5175,70.0,1,184,33.0,108.0,9,61.0
5176,5176,71.0,1,184,57.0,92.0,10,61.0
5177,5177,72.0,1,184,31.0,115.0,11,61.0
5178,5178,73.0,1,184,52.0,132.0,12,61.0
5179,5179,74.0,1,184,41.0,125.0,13,61.0
5180,5180,42.0,0,185,46.0,44.0,-14,56.0
5181,5181,43.0,0,185,38.0,23.0,-13,56.0
5182,5182,44.0,0,185,130.0,169.0,-12,56.0
5183,5183,45.0,0,185,94.0,73.0,-11,56.0
5184,5184,46.0,0,185,48.0,47.0,-10,56.0
5185,5185,47.0,0,185,46.0,55.0,-9,56.0
5186,5186,48.0,0,185,74.0,62.0,-8,56.0
5187,5187,49.0,0,185,40.0,33.0,-7,56.0
5188,5188,50.0,0,185,35.0,21.0,-6,56.0
5189,5189,51.0,0,185,71.0,56.0,-5,56.0
5190,5190,52.0,0,185,188.0,113.0,-4,56.0
5191,5191,53.0,0,185,58.0,27.0,-3,56.0
5192,5192,54.0,0,185,50.0,29.0,-2,56.0
5193,5193,55.0,0,185,99.0,43.0,-1,56.0
5194,5194,56.0,1,185,121.0,42.0,0,56.0
5195,5195,57.0,1,185,61.0,29.0,1,56.0
5196,5196,58.0,1,185,29.0,22.0,2,56.0
5197,5197,59.0,1,185,63.0,58.0,3,56.0
5198,5198,60.0,1,185,27.0,30.0,4,56.0
5199,5199,61.0,1,185,10.0,11.0,5,56.0
5200,5200,62.0,1,185,17.0,15.0,6,56.0
5201,5201,63.0,1,185,9.0,12.0,7,56.0
5202,5202,64.0,1,185,16.0,19.0,8,56.0
5203,5203,65.0,1,185,15.0,16.0,9,56.0
5204,5204,66.0,1,185,11.0,12.0,10,56.0
5205,5205,67.0,1,185,4.0,8.0,11,56.0
5206,5206,68.0,1,185,9.0,9.0,12,56.0
5207,5207,69.0,1,185,3.0,2.0,13,56.0
5208,5208,17.0,0,186,0.0,0.0,-14,31.0
5209,5209,18.0,0,186,0.0,0.0,-13,31.0
5210,5210,19.0,0,186,0.0,0.0,-12,31.0
5211,5211,20.0,0,186,0.0,1.0,-11,31.0
5212,5212,21.0,0,186,0.0,0.0,-10,31.0
5213,5213,22.0,0,186,0.0,0.0,-9,31.0
5214,5214,23.0,0,186,0.0,0.0,-8,31.0
5215,5215,24.0,0,186,0.0,0.0,-7,31.0
5216,5216,25.0,0,186,0.0,0.0,-6,31.0
5217,5217,26.0,0,186,0.0,0.0,-5,31.0
5218,5218,27.0,0,186,0.0,1.0,-4,31.0
5219,5219,28.0,0,186,3.0,17.0,-3,31.0
5220,5220,29.0,0,186,8.0,65.0,-2,31.0
5221,5221,30.0,0,186,9.0,27.0,-1,31.0
5222,5222,31.0,1,186,37.0,132.0,0,31.0
5223,5223,32.0,1,186,6.0,40.0,1,31.0
5224,5224,33.0,1,186,2.0,41.0,2,31.0
5225,5225,34.0,1,186,8.0,90.0,3,31.0
5226,5226,35.0,1,186,14.0,409.0,4,31.0
5227,5227,36.0,1,186,61.0,2904.0,5,31.0
5228,5228,37.0,1,186,40.0,1125.0,6,31.0
5229,5229,38.0,1,186,7.0,216.0,7,31.0
5230,5230,39.0,1,186,13.0,305.0,8,31.0
5231,5231,40.0,1,186,9.0,146.0,9,31.0
5232,5232,41.0,1,186,5.0,73.0,10,31.0
5233,5233,42.0,1,186,3.0,54.0,11,31.0
5234,5234,43.0,1,186,1.0,39.0,12,31.0
5235,5235,44.0,1,186,1.0,33.0,13,31.0
5236,5236,56.0,0,187,461.0,529.0,-14,70.0
5237,5237,57.0,0,187,1723.0,2878.0,-13,70.0
5238,5238,58.0,0,187,1637.0,2523.0,-12,70.0
5239,5239,59.0,0,187,1469.0,2117.0,-11,70.0
5240,5240,60.0,0,187,1009.0,1490.0,-10,70.0
5241,5241,61.0,0,187,538.0,760.0,-9,70.0
5242,5242,62.0,0,187,299.0,443.0,-8,70.0
5243,5243,63.0,0,187,967.0,1325.0,-7,70.0
5244,5244,64.0,0,187,764.0,1254.0,-6,70.0
5245,5245,65.0,0,187,355.0,547.0,-5,70.0
5246,5246,66.0,0,187,635.0,1102.0,-4,70.0
5247,5247,67.0,0,187,257.0,450.0,-3,70.0
5248,5248,68.0,0,187,264.0,444.0,-2,70.0
5249,5249,69.0,0,187,640.0,1063.0,-1,70.0
5250,5250,70.0,1,187,637.0,1229.0,0,70.0
5251,5251,71.0,1,187,284.0,508.0,1,70.0
5252,5252,72.0,1,187,668.0,1538.0,2,70.0
5253,5253,73.0,1,187,666.0,1545.0,3,70.0
5254,5254,74.0,1,187,300.0,792.0,4,70.0
5255,5255,75.0,1,187,181.0,496.0,5,70.0
5256,5256,76.0,1,187,254.0,627.0,6,70.0
5257,5257,77.0,1,187,174.0,427.0,7,70.0
5258,5258,78.0,1,187,227.0,529.0,8,70.0
5259,5259,79.0,1,187,235.0,640.0,9,70.0
5260,5260,80.0,1,187,320.0,785.0,10,70.0
5261,5261,81.0,1,187,196.0,488.0,11,70.0
5262,5262,82.0,1,187,147.0,415.0,12,70.0
5263,5263,83.0,1,187,278.0,585.0,13,70.0
5264,5264,99.0,0,188,44.0,81.0,-14,113.0
5265,5265,100.0,0,188,23.0,48.0,-13,113.0
5266,5266,101.0,0,188,19.0,52.0,-12,113.0
5267,5267,102.0,0,188,22.0,46.0,-11,113.0
5268,5268,103.0,0,188,55.0,121.0,-10,113.0
5269,5269,104.0,0,188,88.0,222.0,-9,113.0
5270,5270,105.0,0,188,41.0,171.0,-8,113.0
5271,5271,106.0,0,188,28.0,90.0,-7,113.0
5272,5272,107.0,0,188,17.0,47.0,-6,113.0
5273,5273,108.0,0,188,16.0,79.0,-5,113.0
5274,5274,109.0,0,188,22.0,86.0,-4,113.0
5275,5275,110.0,0,188,48.0,120.0,-3,113.0
5276,5276,111.0,0,188,1002.0,1386.0,-2,113.0
5277,5277,112.0,0,188,703.0,1446.0,-1,113.0
5278,5278,113.0,1,188,116.0,262.0,0,113.0
5279,5279,114.0,1,188,51.0,107.0,1,113.0
5280,5280,115.0,1,188,30.0,65.0,2,113.0
5281,5281,116.0,1,188,25.0,69.0,3,113.0
5282,5282,117.0,1,188,61.0,193.0,4,113.0
5283,5283,118.0,1,188,52.0,122.0,5,113.0
5284,5284,119.0,1,188,271.0,341.0,6,113.0
5285,5285,120.0,1,188,110.0,283.0,7,113.0
5286,5286,121.0,1,188,60.0,151.0,8,113.0
5287,5287,122.0,1,188,128.0,121.0,9,113.0
5288,5288,123.0,1,188,41.0,71.0,10,113.0
5289,5289,124.0,1,188,27.0,66.0,11,113.0
5290,5290,125.0,1,188,13.0,47.0,12,113.0
5291,5291,126.0,1,188,15.0,45.0,13,113.0
5292,5292,41.0,0,189,200.0,1323.0,-14,55.0
5293,5293,42.0,0,189,135.0,856.0,-13,55.0
5294,5294,43.0,0,189,156.0,730.0,-12,55.0
5295,5295,44.0,0,189,211.0,926.0,-11,55.0
5296,5296,45.0,0,189,161.0,785.0,-10,55.0
5297,5297,46.0,0,189,104.0,395.0,-9,55.0
5298,5298,47.0,0,189,85.0,336.0,-8,55.0
5299,5299,48.0,0,189,118.0,376.0,-7,55.0
5300,5300,49.0,0,189,169.0,431.0,-6,55.0
5301,5301,50.0,0,189,216.0,648.0,-5,55.0
5302,5302,51.0,0,189,258.0,735.0,-4,55.0
5303,5303,52.0,0,189,212.0,656.0,-3,55.0
5304,5304,53.0,0,189,127.0,306.0,-2,55.0
5305,5305,54.0,0,189,159.0,393.0,-1,55.0
5306,5306,55.0,1,189,107.0,250.0,0,55.0
5307,5307,56.0,1,189,88.0,304.0,1,55.0
5308,5308,57.0,1,189,194.0,521.0,2,55.0
5309,5309,58.0,1,189,277.0,592.0,3,55.0
5310,5310,59.0,1,189,333.0,666.0,4,55.0
5311,5311,60.0,1,189,106.0,263.0,5,55.0
5312,5312,61.0,1,189,50.0,199.0,6,55.0
5313,5313,62.0,1,189,88.0,227.0,7,55.0
5314,5314,63.0,1,189,63.0,160.0,8,55.0
5315,5315,64.0,1,189,53.0,165.0,9,55.0
5316,5316,65.0,1,189,43.0,194.0,10,55.0
5317,5317,66.0,1,189,48.0,202.0,11,55.0
5318,5318,67.0,1,189,43.0,143.0,12,55.0
5319,5319,68.0,1,189,37.0,155.0,13,55.0
5320,5320,264.0,0,190,17.0,34.0,-14,278.0
5321,5321,265.0,0,190,6.0,32.0,-13,278.0
5322,5322,266.0,0,190,17.0,24.0,-12,278.0
5323,5323,267.0,0,190,20.0,30.0,-11,278.0
5324,5324,268.0,0,190,22.0,26.0,-10,278.0
5325,5325,269.0,0,190,16.0,23.0,-9,278.0
5326,5326,270.0,0,190,13.0,25.0,-8,278.0
5327,5327,271.0,0,190,31.0,42.0,-7,278.0
5328,5328,272.0,0,190,20.0,40.0,-6,278.0
5329,5329,273.0,0,190,38.0,52.0,-5,278.0
5330,5330,274.0,0,190,141.0,71.0,-4,278.0
5331,5331,275.0,0,190,10.0,18.0,-3,278.0
5332,5332,276.0,0,190,18.0,24.0,-2,278.0
5333,5333,277.0,0,190,26.0,49.0,-1,278.0
5334,5334,278.0,1,190,105.0,92.0,0,278.0
5335,5335,279.0,1,190,27.0,35.0,1,278.0
5336,5336,280.0,1,190,2.0,24.0,2,278.0
5337,5337,281.0,1,190,9.0,15.0,3,278.0
5338,5338,282.0,1,190,3.0,20.0,4,278.0
5339,5339,283.0,1,190,4.0,19.0,5,278.0
5340,5340,284.0,1,190,56.0,135.0,6,278.0
5341,5341,285.0,1,190,27.0,67.0,7,278.0
5342,5342,286.0,1,190,6.0,35.0,8,278.0
5343,5343,287.0,1,190,10.0,29.0,9,278.0
5344,5344,288.0,1,190,19.0,26.0,10,278.0
5345,5345,289.0,1,190,3.0,19.0,11,278.0
5346,5346,290.0,1,190,5.0,14.0,12,278.0
5347,5347,291.0,1,190,15.0,20.0,13,278.0
5348,5348,225.0,0,191,1.0,0.0,-14,239.0
5349,5349,226.0,0,191,0.0,1.0,-13,239.0
5350,5350,227.0,0,191,0.0,0.0,-12,239.0
5351,5351,228.0,0,191,2.0,0.0,-11,239.0
5352,5352,229.0,0,191,1.0,0.0,-10,239.0
5353,5353,230.0,0,191,0.0,0.0,-9,239.0
5354,5354,231.0,0,191,1.0,0.0,-8,239.0
5355,5355,232.0,0,191,1.0,2.0,-7,239.0
5356,5356,233.0,0,191,0.0,0.0,-6,239.0
5357,5357,234.0,0,191,0.0,0.0,-5,239.0
5358,5358,235.0,0,191,1.0,2.0,-4,239.0
5359,5359,236.0,0,191,0.0,1.0,-3,239.0
5360,5360,237.0,0,191,1.0,2.0,-2,239.0
5361,5361,238.0,0,191,17.0,8.0,-1,239.0
5362,5362,239.0,1,191,119.0,80.0,0,239.0
5363,5363,240.0,1,191,2.0,4.0,1,239.0
5364,5364,241.0,1,191,3.0,3.0,2,239.0
5365,5365,242.0,1,191,0.0,5.0,3,239.0
5366,5366,243.0,1,191,2.0,1.0,4,239.0
5367,5367,244.0,1,191,2.0,1.0,5,239.0
5368,5368,245.0,1,191,1.0,1.0,6,239.0
5369,5369,246.0,1,191,2.0,4.0,7,239.0
5370,5370,247.0,1,191,4.0,12.0,8,239.0
5371,5371,248.0,1,191,4.0,0.0,9,239.0
5372,5372,249.0,1,191,5.0,3.0,10,239.0
5373,5373,250.0,1,191,13.0,17.0,11,239.0
5374,5374,251.0,1,191,1.0,2.0,12,239.0
5375,5375,252.0,1,191,1.0,4.0,13,239.0
5376,5376,234.0,0,192,1.0,0.0,-14,248.0
5377,5377,235.0,0,192,0.0,0.0,-13,248.0
5378,5378,236.0,0,192,0.0,2.0,-12,248.0
5379,5379,237.0,0,192,1.0,0.0,-11,248.0
5380,5380,238.0,0,192,0.0,0.0,-10,248.0
5381,5381,239.0,0,192,0.0,0.0,-9,248.0
5382,5382,240.0,0,192,0.0,0.0,-8,248.0
5383,5383,241.0,0,192,0.0,0.0,-7,248.0
5384,5384,242.0,0,192,2.0,1.0,-6,248.0
5385,5385,243.0,0,192,1.0,3.0,-5,248.0
5386,5386,244.0,0,192,0.0,0.0,-4,248.0
5387,5387,245.0,0,192,1.0,2.0,-3,248.0
5388,5388,246.0,0,192,1.0,0.0,-2,248.0
5389,5389,247.0,0,192,12.0,8.0,-1,248.0
5390,5390,248.0,1,192,7.0,3.0,0,248.0
5391,5391,249.0,1,192,1.0,3.0,1,248.0
5392,5392,250.0,1,192,1.0,3.0,2,248.0
5393,5393,251.0,1,192,0.0,0.0,3,248.0
5394,5394,252.0,1,192,1.0,2.0,4,248.0
5395,5395,253.0,1,192,0.0,1.0,5,248.0
5396,5396,254.0,1,192,2.0,1.0,6,248.0
5397,5397,255.0,1,192,1.0,1.0,7,248.0
5398,5398,256.0,1,192,0.0,0.0,8,248.0
5399,5399,257.0,1,192,0.0,1.0,9,248.0
5400,5400,258.0,1,192,0.0,0.0,10,248.0
5401,5401,259.0,1,192,0.0,0.0,11,248.0
5402,5402,260.0,1,192,0.0,0.0,12,248.0
5403,5403,261.0,1,192,0.0,2.0,13,248.0
5404,5404,205.0,0,193,46.0,46.0,-14,219.0
5405,5405,206.0,0,193,12.0,22.0,-13,219.0
5406,5406,207.0,0,193,5.0,21.0,-12,219.0
5407,5407,208.0,0,193,3.0,7.0,-11,219.0
5408,5408,209.0,0,193,7.0,14.0,-10,219.0
5409,5409,210.0,0,193,2.0,8.0,-9,219.0
5410,5410,211.0,0,193,11.0,21.0,-8,219.0
5411,5411,212.0,0,193,21.0,26.0,-7,219.0
5412,5412,213.0,0,193,6.0,14.0,-6,219.0
5413,5413,214.0,0,193,9.0,16.0,-5,219.0
5414,5414,215.0,0,193,2.0,9.0,-4,219.0
5415,5415,216.0,0,193,3.0,6.0,-3,219.0
5416,5416,217.0,0,193,3.0,12.0,-2,219.0
5417,5417,218.0,0,193,13.0,16.0,-1,219.0
5418,5418,219.0,1,193,25.0,33.0,0,219.0
5419,5419,220.0,1,193,21.0,21.0,1,219.0
5420,5420,221.0,1,193,15.0,18.0,2,219.0
5421,5421,222.0,1,193,4.0,7.0,3,219.0
5422,5422,223.0,1,193,1.0,6.0,4,219.0
5423,5423,224.0,1,193,3.0,13.0,5,219.0
5424,5424,225.0,1,193,19.0,28.0,6,219.0
5425,5425,226.0,1,193,24.0,40.0,7,219.0
5426,5426,227.0,1,193,10.0,13.0,8,219.0
5427,5427,228.0,1,193,5.0,8.0,9,219.0
5428,5428,229.0,1,193,2.0,8.0,10,219.0
5429,5429,230.0,1,193,5.0,5.0,11,219.0
5430,5430,231.0,1,193,4.0,9.0,12,219.0
5431,5431,232.0,1,193,15.0,38.0,13,219.0
5432,5432,188.0,0,194,27.0,12.0,-14,202.0
5433,5433,189.0,0,194,72.0,49.0,-13,202.0
5434,5434,190.0,0,194,151.0,95.0,-12,202.0
5435,5435,191.0,0,194,12.0,15.0,-11,202.0
5436,5436,192.0,0,194,15.0,17.0,-10,202.0
5437,5437,193.0,0,194,268.0,83.0,-9,202.0
5438,5438,194.0,0,194,176.0,62.0,-8,202.0
5439,5439,195.0,0,194,52.0,22.0,-7,202.0
5440,5440,196.0,0,194,104.0,41.0,-6,202.0
5441,5441,197.0,0,194,50.0,20.0,-5,202.0
5442,5442,198.0,0,194,60.0,23.0,-4,202.0
5443,5443,199.0,0,194,125.0,39.0,-3,202.0
5444,5444,200.0,0,194,16.0,9.0,-2,202.0
5445,5445,201.0,0,194,26.0,13.0,-1,202.0
5446,5446,202.0,1,194,41.0,14.0,0,202.0
5447,5447,203.0,1,194,25.0,14.0,1,202.0
5448,5448,204.0,1,194,63.0,29.0,2,202.0
5449,5449,205.0,1,194,123.0,58.0,3,202.0
5450,5450,206.0,1,194,22.0,6.0,4,202.0
5451,5451,207.0,1,194,13.0,14.0,5,202.0
5452,5452,208.0,1,194,11.0,3.0,6,202.0
5453,5453,209.0,1,194,2.0,5.0,7,202.0
5454,5454,210.0,1,194,12.0,10.0,8,202.0
5455,5455,211.0,1,194,6.0,5.0,9,202.0
5456,5456,212.0,1,194,13.0,4.0,10,202.0
5457,5457,213.0,1,194,10.0,8.0,11,202.0
5458,5458,214.0,1,194,14.0,9.0,12,202.0
5459,5459,215.0,1,194,18.0,13.0,13,202.0
5460,5460,7.0,0,195,27.0,471.0,-14,21.0
5461,5461,8.0,0,195,14.0,249.0,-13,21.0
5462,5462,9.0,0,195,15.0,214.0,-12,21.0
5463,5463,10.0,0,195,8.0,100.0,-11,21.0
5464,5464,11.0,0,195,9.0,130.0,-10,21.0
5465,5465,12.0,0,195,3.0,104.0,-9,21.0
5466,5466,13.0,0,195,9.0,216.0,-8,21.0
5467,5467,14.0,0,195,11.0,226.0,-7,21.0
5468,5468,15.0,0,195,9.0,172.0,-6,21.0
5469,5469,16.0,0,195,2.0,90.0,-5,21.0
5470,5470,17.0,0,195,7.0,77.0,-4,21.0
5471,5471,18.0,0,195,6.0,152.0,-3,21.0
5472,5472,19.0,0,195,6.0,166.0,-2,21.0
5473,5473,20.0,0,195,10.0,178.0,-1,21.0
5474,5474,21.0,1,195,6.0,184.0,0,21.0
5475,5475,22.0,1,195,2.0,49.0,1,21.0
5476,5476,23.0,1,195,4.0,97.0,2,21.0
5477,5477,24.0,1,195,2.0,54.0,3,21.0
5478,5478,25.0,1,195,16.0,462.0,4,21.0
5479,5479,26.0,1,195,9.0,458.0,5,21.0
5480,5480,27.0,1,195,20.0,1438.0,6,21.0
5481,5481,28.0,1,195,24.0,1282.0,7,21.0
5482,5482,29.0,1,195,15.0,1482.0,8,21.0
5483,5483,30.0,1,195,60.0,2327.0,9,21.0
5484,5484,31.0,1,195,99.0,5560.0,10,21.0
5485,5485,32.0,1,195,39.0,5108.0,11,21.0
5486,5486,33.0,1,195,34.0,4844.0,12,21.0
5487,5487,34.0,1,195,41.0,6145.0,13,21.0
5488,5488,185.0,0,196,13.0,5.0,-14,199.0
5489,5489,186.0,0,196,8.0,7.0,-13,199.0
5490,5490,187.0,0,196,7.0,9.0,-12,199.0
5491,5491,188.0,0,196,3.0,7.0,-11,199.0
5492,5492,189.0,0,196,3.0,4.0,-10,199.0
5493,5493,190.0,0,196,6.0,5.0,-9,199.0
5494,5494,191.0,0,196,3.0,1.0,-8,199.0
5495,5495,192.0,0,196,22.0,10.0,-7,199.0
5496,5496,193.0,0,196,9.0,5.0,-6,199.0
5497,5497,194.0,0,196,8.0,1.0,-5,199.0
5498,5498,195.0,0,196,14.0,5.0,-4,199.0
5499,5499,196.0,0,196,3.0,8.0,-3,199.0
5500,5500,197.0,0,196,6.0,4.0,-2,199.0
5501,5501,198.0,0,196,12.0,7.0,-1,199.0
5502,5502,199.0,1,196,12.0,16.0,0,199.0
5503,5503,200.0,1,196,3.0,6.0,1,199.0
5504,5504,201.0,1,196,3.0,3.0,2,199.0
5505,5505,202.0,1,196,7.0,3.0,3,199.0
5506,5506,203.0,1,196,4.0,4.0,4,199.0
5507,5507,204.0,1,196,6.0,6.0,5,199.0
5508,5508,205.0,1,196,4.0,5.0,6,199.0
5509,5509,206.0,1,196,1.0,1.0,7,199.0
5510,5510,207.0,1,196,2.0,4.0,8,199.0
5511,5511,208.0,1,196,2.0,1.0,9,199.0
5512,5512,209.0,1,196,0.0,3.0,10,199.0
5513,5513,210.0,1,196,2.0,0.0,11,199.0
5514,5514,211.0,1,196,14.0,9.0,12,199.0
5515,5515,212.0,1,196,3.0,3.0,13,199.0
5516,5516,103.0,0,197,218.0,4089.0,-14,117.0
5517,5517,104.0,0,197,125.0,3067.0,-13,117.0
5518,5518,105.0,0,197,200.0,2730.0,-12,117.0
5519,5519,106.0,0,197,105.0,1700.0,-11,117.0
5520,5520,107.0,0,197,128.0,2514.0,-10,117.0
5521,5521,108.0,0,197,141.0,1968.0,-9,117.0
5522,5522,109.0,0,197,93.0,1382.0,-8,117.0
5523,5523,110.0,0,197,110.0,1713.0,-7,117.0
5524,5524,111.0,0,197,122.0,1849.0,-6,117.0
5525,5525,112.0,0,197,102.0,1562.0,-5,117.0
5526,5526,113.0,0,197,189.0,2297.0,-4,117.0
5527,5527,114.0,0,197,228.0,2657.0,-3,117.0
5528,5528,115.0,0,197,256.0,4038.0,-2,117.0
5529,5529,116.0,0,197,167.0,2609.0,-1,117.0
5530,5530,117.0,1,197,155.0,2294.0,0,117.0
5531,5531,118.0,1,197,94.0,1811.0,1,117.0
5532,5532,119.0,1,197,93.0,2136.0,2,117.0
5533,5533,120.0,1,197,136.0,2177.0,3,117.0
5534,5534,121.0,1,197,94.0,2078.0,4,117.0
5535,5535,122.0,1,197,60.0,977.0,5,117.0
5536,5536,123.0,1,197,43.0,830.0,6,117.0
5537,5537,124.0,1,197,63.0,990.0,7,117.0
5538,5538,125.0,1,197,57.0,1104.0,8,117.0
5539,5539,126.0,1,197,54.0,1033.0,9,117.0
5540,5540,127.0,1,197,73.0,1491.0,10,117.0
5541,5541,128.0,1,197,80.0,1198.0,11,117.0
5542,5542,129.0,1,197,73.0,1072.0,12,117.0
5543,5543,130.0,1,197,62.0,675.0,13,117.0
5544,5544,259.0,0,198,8.0,7.0,-14,273.0
5545,5545,260.0,0,198,15.0,9.0,-13,273.0
5546,5546,261.0,0,198,4.0,3.0,-12,273.0
5547,5547,262.0,0,198,3.0,1.0,-11,273.0
5548,5548,263.0,0,198,2.0,3.0,-10,273.0
5549,5549,264.0,0,198,148.0,61.0,-9,273.0
5550,5550,265.0,0,198,5.0,4.0,-8,273.0
5551,5551,266.0,0,198,4.0,4.0,-7,273.0
5552,5552,267.0,0,198,4.0,3.0,-6,273.0
5553,5553,268.0,0,198,7.0,5.0,-5,273.0
5554,5554,269.0,0,198,5.0,0.0,-4,273.0
5555,5555,270.0,0,198,24.0,14.0,-3,273.0
5556,5556,271.0,0,198,19.0,7.0,-2,273.0
5557,5557,272.0,0,198,155.0,120.0,-1,273.0
5558,5558,273.0,1,198,132.0,89.0,0,273.0
5559,5559,274.0,1,198,24.0,22.0,1,273.0
5560,5560,275.0,1,198,225.0,116.0,2,273.0
5561,5561,276.0,1,198,98.0,57.0,3,273.0
5562,5562,277.0,1,198,17.0,3.0,4,273.0
5563,5563,278.0,1,198,15.0,11.0,5,273.0
5564,5564,279.0,1,198,26.0,14.0,6,273.0
5565,5565,280.0,1,198,7.0,2.0,7,273.0
5566,5566,281.0,1,198,3.0,0.0,8,273.0
5567,5567,282.0,1,198,6.0,4.0,9,273.0
5568,5568,283.0,1,198,0.0,1.0,10,273.0
5569,5569,284.0,1,198,18.0,9.0,11,273.0
5570,5570,285.0,1,198,6.0,5.0,12,273.0
5571,5571,286.0,1,198,24.0,3.0,13,273.0
5572,5572,104.0,0,199,47.0,350.0,-14,118.0
5573,5573,105.0,0,199,31.0,232.0,-13,118.0
5574,5574,106.0,0,199,57.0,177.0,-12,118.0
5575,5575,107.0,0,199,43.0,163.0,-11,118.0
5576,5576,108.0,0,199,38.0,128.0,-10,118.0
5577,5577,109.0,0,199,38.0,138.0,-9,118.0
5578,5578,110.0,0,199,33.0,111.0,-8,118.0
5579,5579,111.0,0,199,47.0,204.0,-7,118.0
5580,5580,112.0,0,199,29.0,96.0,-6,118.0
5581,5581,113.0,0,199,27.0,97.0,-5,118.0
5582,5582,114.0,0,199,40.0,128.0,-4,118.0
5583,5583,115.0,0,199,39.0,123.0,-3,118.0
5584,5584,116.0,0,199,63.0,141.0,-2,118.0
5585,5585,117.0,0,199,40.0,140.0,-1,118.0
5586,5586,118.0,1,199,85.0,220.0,0,118.0
5587,5587,119.0,1,199,19.0,151.0,1,118.0
5588,5588,120.0,1,199,51.0,222.0,2,118.0
5589,5589,121.0,1,199,21.0,122.0,3,118.0
5590,5590,122.0,1,199,29.0,122.0,4,118.0
5591,5591,123.0,1,199,14.0,74.0,5,118.0
5592,5592,124.0,1,199,101.0,352.0,6,118.0
5593,5593,125.0,1,199,33.0,126.0,7,118.0
5594,5594,126.0,1,199,34.0,127.0,8,118.0
5595,5595,127.0,1,199,38.0,166.0,9,118.0
5596,5596,128.0,1,199,35.0,131.0,10,118.0
5597,5597,129.0,1,199,31.0,154.0,11,118.0
5598,5598,130.0,1,199,16.0,92.0,12,118.0
5599,5599,131.0,1,199,11.0,70.0,13,118.0
5600,5600,118.0,0,200,41.0,46.0,-14,132.0
5601,5601,119.0,0,200,40.0,46.0,-13,132.0
5602,5602,120.0,0,200,79.0,58.0,-12,132.0
5603,5603,121.0,0,200,86.0,62.0,-11,132.0
5604,5604,122.0,0,200,74.0,53.0,-10,132.0
5605,5605,123.0,0,200,95.0,71.0,-9,132.0
5606,5606,124.0,0,200,309.0,211.0,-8,132.0
5607,5607,125.0,0,200,53.0,52.0,-7,132.0
5608,5608,126.0,0,200,33.0,24.0,-6,132.0
5609,5609,127.0,0,200,134.0,90.0,-5,132.0
5610,5610,128.0,0,200,90.0,53.0,-4,132.0
5611,5611,129.0,0,200,158.0,102.0,-3,132.0
5612,5612,130.0,0,200,233.0,137.0,-2,132.0
5613,5613,131.0,0,200,94.0,81.0,-1,132.0
5614,5614,132.0,1,200,199.0,147.0,0,132.0
5615,5615,133.0,1,200,26.0,45.0,1,132.0
5616,5616,134.0,1,200,118.0,59.0,2,132.0
5617,5617,135.0,1,200,37.0,40.0,3,132.0
5618,5618,136.0,1,200,45.0,48.0,4,132.0
5619,5619,137.0,1,200,53.0,85.0,5,132.0
5620,5620,138.0,1,200,57.0,95.0,6,132.0
5621,5621,139.0,1,200,56.0,77.0,7,132.0
5622,5622,140.0,1,200,20.0,28.0,8,132.0
5623,5623,141.0,1,200,70.0,83.0,9,132.0
5624,5624,142.0,1,200,20.0,30.0,10,132.0
5625,5625,143.0,1,200,26.0,28.0,11,132.0
5626,5626,144.0,1,200,87.0,107.0,12,132.0
5627,5627,145.0,1,200,609.0,593.0,13,132.0
5628,5628,131.0,0,201,6.0,18.0,-14,145.0
5629,5629,132.0,0,201,8.0,22.0,-13,145.0
5630,5630,133.0,0,201,20.0,27.0,-12,145.0
5631,5631,134.0,0,201,8.0,18.0,-11,145.0
5632,5632,135.0,0,201,14.0,17.0,-10,145.0
5633,5633,136.0,0,201,11.0,9.0,-9,145.0
5634,5634,137.0,0,201,87.0,103.0,-8,145.0
5635,5635,138.0,0,201,184.0,203.0,-7,145.0
5636,5636,139.0,0,201,76.0,90.0,-6,145.0
5637,5637,140.0,0,201,23.0,10.0,-5,145.0
5638,5638,141.0,0,201,10.0,18.0,-4,145.0
5639,5639,142.0,0,201,15.0,17.0,-3,145.0
5640,5640,143.0,0,201,53.0,44.0,-2,145.0
5641,5641,144.0,0,201,55.0,54.0,-1,145.0
5642,5642,145.0,1,201,40.0,39.0,0,145.0
5643,5643,146.0,1,201,60.0,69.0,1,145.0
5644,5644,147.0,1,201,69.0,68.0,2,145.0
5645,5645,148.0,1,201,38.0,33.0,3,145.0
5646,5646,149.0,1,201,18.0,24.0,4,145.0
5647,5647,150.0,1,201,18.0,21.0,5,145.0
5648,5648,151.0,1,201,39.0,45.0,6,145.0
5649,5649,152.0,1,201,124.0,84.0,7,145.0
5650,5650,153.0,1,201,46.0,49.0,8,145.0
5651,5651,154.0,1,201,29.0,34.0,9,145.0
5652,5652,155.0,1,201,33.0,49.0,10,145.0
5653,5653,156.0,1,201,38.0,42.0,11,145.0
5654,5654,157.0,1,201,17.0,22.0,12,145.0
5655,5655,158.0,1,201,33.0,23.0,13,145.0
5656,5656,234.0,0,202,0.0,1.0,-14,248.0
5657,5657,235.0,0,202,0.0,0.0,-13,248.0
5658,5658,236.0,0,202,0.0,0.0,-12,248.0
5659,5659,237.0,0,202,0.0,0.0,-11,248.0
5660,5660,238.0,0,202,0.0,0.0,-10,248.0
5661,5661,239.0,0,202,0.0,1.0,-9,248.0
5662,5662,240.0,0,202,0.0,0.0,-8,248.0
5663,5663,241.0,0,202,0.0,0.0,-7,248.0
5664,5664,242.0,0,202,0.0,0.0,-6,248.0
5665,5665,243.0,0,202,0.0,0.0,-5,248.0
5666,5666,244.0,0,202,0.0,0.0,-4,248.0
5667,5667,245.0,0,202,1.0,0.0,-3,248.0
5668,5668,246.0,0,202,1.0,0.0,-2,248.0
5669,5669,247.0,0,202,9.0,15.0,-1,248.0
5670,5670,248.0,1,202,19.0,9.0,0,248.0
5671,5671,249.0,1,202,2.0,1.0,1,248.0
5672,5672,250.0,1,202,0.0,1.0,2,248.0
5673,5673,251.0,1,202,0.0,0.0,3,248.0
5674,5674,252.0,1,202,0.0,0.0,4,248.0
5675,5675,253.0,1,202,0.0,0.0,5,248.0
5676,5676,254.0,1,202,0.0,0.0,6,248.0
5677,5677,255.0,1,202,0.0,1.0,7,248.0
5678,5678,256.0,1,202,0.0,1.0,8,248.0
5679,5679,257.0,1,202,0.0,0.0,9,248.0
5680,5680,258.0,1,202,0.0,0.0,10,248.0
5681,5681,259.0,1,202,1.0,0.0,11,248.0
5682,5682,260.0,1,202,0.0,1.0,12,248.0
5683,5683,261.0,1,202,0.0,0.0,13,248.0
5684,5684,134.0,0,203,6.0,10.0,-14,148.0
5685,5685,135.0,0,203,2.0,3.0,-13,148.0
5686,5686,136.0,0,203,1.0,1.0,-12,148.0
5687,5687,137.0,0,203,0.0,2.0,-11,148.0
5688,5688,138.0,0,203,0.0,2.0,-10,148.0
5689,5689,139.0,0,203,1.0,2.0,-9,148.0
5690,5690,140.0,0,203,1.0,5.0,-8,148.0
5691,5691,141.0,0,203,1.0,1.0,-7,148.0
5692,5692,142.0,0,203,0.0,2.0,-6,148.0
5693,5693,143.0,0,203,3.0,4.0,-5,148.0
5694,5694,144.0,0,203,3.0,4.0,-4,148.0
5695,5695,145.0,0,203,1.0,1.0,-3,148.0
5696,5696,146.0,0,203,47.0,48.0,-2,148.0
5697,5697,147.0,0,203,59.0,42.0,-1,148.0
5698,5698,148.0,1,203,31.0,8.0,0,148.0
5699,5699,149.0,1,203,6.0,3.0,1,148.0
5700,5700,150.0,1,203,15.0,27.0,2,148.0
5701,5701,151.0,1,203,29.0,51.0,3,148.0
5702,5702,152.0,1,203,5.0,8.0,4,148.0
5703,5703,153.0,1,203,7.0,9.0,5,148.0
5704,5704,154.0,1,203,8.0,3.0,6,148.0
5705,5705,155.0,1,203,2.0,0.0,7,148.0
5706,5706,156.0,1,203,1.0,2.0,8,148.0
5707,5707,157.0,1,203,0.0,2.0,9,148.0
5708,5708,158.0,1,203,1.0,6.0,10,148.0
5709,5709,159.0,1,203,0.0,1.0,11,148.0
5710,5710,160.0,1,203,0.0,0.0,12,148.0
5711,5711,161.0,1,203,13.0,12.0,13,148.0
5712,5712,45.0,0,204,2.0,4.0,-14,59.0
5713,5713,46.0,0,204,0.0,3.0,-13,59.0
5714,5714,47.0,0,204,1.0,3.0,-12,59.0
5715,5715,48.0,0,204,2.0,3.0,-11,59.0
5716,5716,49.0,0,204,3.0,9.0,-10,59.0
5717,5717,50.0,0,204,28.0,33.0,-9,59.0
5718,5718,51.0,0,204,85.0,119.0,-8,59.0
5719,5719,52.0,0,204,99.0,203.0,-7,59.0
5720,5720,53.0,0,204,261.0,382.0,-6,59.0
5721,5721,54.0,0,204,164.0,317.0,-5,59.0
5722,5722,55.0,0,204,120.0,171.0,-4,59.0
5723,5723,56.0,0,204,72.0,100.0,-3,59.0
5724,5724,57.0,0,204,65.0,141.0,-2,59.0
5725,5725,58.0,0,204,254.0,404.0,-1,59.0
5726,5726,59.0,1,204,1081.0,1566.0,0,59.0
5727,5727,60.0,1,204,254.0,502.0,1,59.0
5728,5728,61.0,1,204,51.0,122.0,2,59.0
5729,5729,62.0,1,204,47.0,66.0,3,59.0
5730,5730,63.0,1,204,49.0,62.0,4,59.0
5731,5731,64.0,1,204,27.0,35.0,5,59.0
5732,5732,65.0,1,204,31.0,46.0,6,59.0
5733,5733,66.0,1,204,11.0,23.0,7,59.0
5734,5734,67.0,1,204,7.0,27.0,8,59.0
5735,5735,68.0,1,204,8.0,19.0,9,59.0
5736,5736,69.0,1,204,3.0,15.0,10,59.0
5737,5737,70.0,1,204,2.0,12.0,11,59.0
5738,5738,71.0,1,204,1.0,7.0,12,59.0
5739,5739,72.0,1,204,48.0,81.0,13,59.0
5740,5740,42.0,0,205,1505.0,2290.0,-14,56.0
5741,5741,43.0,0,205,1010.0,1058.0,-13,56.0
5742,5742,44.0,0,205,352.0,421.0,-12,56.0
5743,5743,45.0,0,205,256.0,328.0,-11,56.0
5744,5744,46.0,0,205,157.0,216.0,-10,56.0
5745,5745,47.0,0,205,158.0,157.0,-9,56.0
5746,5746,48.0,0,205,171.0,179.0,-8,56.0
5747,5747,49.0,0,205,235.0,175.0,-7,56.0
5748,5748,50.0,0,205,162.0,149.0,-6,56.0
5749,5749,51.0,0,205,273.0,255.0,-5,56.0
5750,5750,52.0,0,205,259.0,206.0,-4,56.0
5751,5751,53.0,0,205,155.0,132.0,-3,56.0
5752,5752,54.0,0,205,100.0,104.0,-2,56.0
5753,5753,55.0,0,205,146.0,117.0,-1,56.0
5754,5754,56.0,1,205,431.0,329.0,0,56.0
5755,5755,57.0,1,205,158.0,133.0,1,56.0
5756,5756,58.0,1,205,176.0,218.0,2,56.0
5757,5757,59.0,1,205,138.0,133.0,3,56.0
5758,5758,60.0,1,205,84.0,109.0,4,56.0
5759,5759,61.0,1,205,45.0,76.0,5,56.0
5760,5760,62.0,1,205,656.0,660.0,6,56.0
5761,5761,63.0,1,205,167.0,203.0,7,56.0
5762,5762,64.0,1,205,72.0,58.0,8,56.0
5763,5763,65.0,1,205,71.0,92.0,9,56.0
5764,5764,66.0,1,205,83.0,96.0,10,56.0
5765,5765,67.0,1,205,163.0,150.0,11,56.0
5766,5766,68.0,1,205,437.0,409.0,12,56.0
5767,5767,69.0,1,205,264.0,220.0,13,56.0
5768,5768,-6.0,0,206,0.0,0.0,-14,8.0
5769,5769,-5.0,0,206,0.0,2.0,-13,8.0
5770,5770,-4.0,0,206,0.0,3.0,-12,8.0
5771,5771,-3.0,0,206,0.0,2.0,-11,8.0
5772,5772,-2.0,0,206,0.0,4.0,-10,8.0
5773,5773,-1.0,0,206,0.0,1.0,-9,8.0
5774,5774,0.0,0,206,1.0,0.0,-8,8.0
5775,5775,1.0,0,206,3.0,18.0,-7,8.0
5776,5776,2.0,0,206,0.0,2.0,-6,8.0
5777,5777,3.0,0,206,0.0,1.0,-5,8.0
5778,5778,4.0,0,206,0.0,1.0,-4,8.0
5779,5779,5.0,0,206,0.0,1.0,-3,8.0
5780,5780,6.0,0,206,1.0,2.0,-2,8.0
5781,5781,7.0,0,206,2.0,3.0,-1,8.0
5782,5782,8.0,1,206,3.0,5.0,0,8.0
5783,5783,9.0,1,206,1.0,6.0,1,8.0
5784,5784,10.0,1,206,0.0,6.0,2,8.0
5785,5785,11.0,1,206,1.0,3.0,3,8.0
5786,5786,12.0,1,206,0.0,9.0,4,8.0
5787,5787,13.0,1,206,0.0,7.0,5,8.0
5788,5788,14.0,1,206,0.0,2.0,6,8.0
5789,5789,15.0,1,206,1.0,6.0,7,8.0
5790,5790,16.0,1,206,0.0,0.0,8,8.0
5791,5791,17.0,1,206,0.0,9.0,9,8.0
5792,5792,18.0,1,206,0.0,6.0,10,8.0
5793,5793,19.0,1,206,1.0,3.0,11,8.0
5794,5794,20.0,1,206,0.0,0.0,12,8.0
5795,5795,21.0,1,206,0.0,10.0,13,8.0
5796,5796,178.0,0,207,1.0,1.0,-14,192.0
5797,5797,179.0,0,207,1.0,0.0,-13,192.0
5798,5798,180.0,0,207,1.0,0.0,-12,192.0
5799,5799,181.0,0,207,0.0,0.0,-11,192.0
5800,5800,182.0,0,207,0.0,0.0,-10,192.0
5801,5801,183.0,0,207,1.0,0.0,-9,192.0
5802,5802,184.0,0,207,0.0,0.0,-8,192.0
5803,5803,185.0,0,207,0.0,0.0,-7,192.0
5804,5804,186.0,0,207,0.0,0.0,-6,192.0
5805,5805,187.0,0,207,0.0,0.0,-5,192.0
5806,5806,188.0,0,207,1.0,0.0,-4,192.0
5807,5807,189.0,0,207,1.0,0.0,-3,192.0
5808,5808,190.0,0,207,0.0,0.0,-2,192.0
5809,5809,191.0,0,207,7.0,2.0,-1,192.0
5810,5810,192.0,1,207,41.0,11.0,0,192.0
5811,5811,193.0,1,207,2.0,2.0,1,192.0
5812,5812,194.0,1,207,0.0,0.0,2,192.0
5813,5813,195.0,1,207,0.0,0.0,3,192.0
5814,5814,196.0,1,207,0.0,0.0,4,192.0
5815,5815,197.0,1,207,1.0,2.0,5,192.0
5816,5816,198.0,1,207,0.0,0.0,6,192.0
5817,5817,199.0,1,207,0.0,0.0,7,192.0
5818,5818,200.0,1,207,0.0,0.0,8,192.0
5819,5819,201.0,1,207,0.0,0.0,9,192.0
5820,5820,202.0,1,207,0.0,0.0,10,192.0
5821,5821,203.0,1,207,1.0,1.0,11,192.0
5822,5822,204.0,1,207,0.0,0.0,12,192.0
5823,5823,205.0,1,207,0.0,0.0,13,192.0
5824,5824,127.0,0,208,3.0,4.0,-14,141.0
5825,5825,128.0,0,208,3.0,2.0,-13,141.0
5826,5826,129.0,0,208,4.0,7.0,-12,141.0
5827,5827,130.0,0,208,6.0,9.0,-11,141.0
5828,5828,131.0,0,208,4.0,4.0,-10,141.0
5829,5829,132.0,0,208,9.0,16.0,-9,141.0
5830,5830,133.0,0,208,12.0,10.0,-8,141.0
5831,5831,134.0,0,208,5.0,7.0,-7,141.0
5832,5832,135.0,0,208,3.0,6.0,-6,141.0
5833,5833,136.0,0,208,12.0,6.0,-5,141.0
5834,5834,137.0,0,208,7.0,6.0,-4,141.0
5835,5835,138.0,0,208,6.0,9.0,-3,141.0
5836,5836,139.0,0,208,1.0,2.0,-2,141.0
5837,5837,140.0,0,208,8.0,12.0,-1,141.0
5838,5838,141.0,1,208,14.0,11.0,0,141.0
5839,5839,142.0,1,208,3.0,3.0,1,141.0
5840,5840,143.0,1,208,14.0,23.0,2,141.0
5841,5841,144.0,1,208,5.0,14.0,3,141.0
5842,5842,145.0,1,208,8.0,9.0,4,141.0
5843,5843,146.0,1,208,3.0,5.0,5,141.0
5844,5844,147.0,1,208,21.0,10.0,6,141.0
5845,5845,148.0,1,208,6.0,6.0,7,141.0
5846,5846,149.0,1,208,3.0,4.0,8,141.0
5847,5847,150.0,1,208,0.0,3.0,9,141.0
5848,5848,151.0,1,208,32.0,225.0,10,141.0
5849,5849,152.0,1,208,44.0,427.0,11,141.0
5850,5850,153.0,1,208,12.0,129.0,12,141.0
5851,5851,154.0,1,208,6.0,14.0,13,141.0
5852,5852,96.0,0,209,59.0,131.0,-14,110.0
5853,5853,97.0,0,209,54.0,131.0,-13,110.0
5854,5854,98.0,0,209,63.0,88.0,-12,110.0
5855,5855,99.0,0,209,921.0,1575.0,-11,110.0
5856,5856,100.0,0,209,226.0,473.0,-10,110.0
5857,5857,101.0,0,209,214.0,323.0,-9,110.0
5858,5858,102.0,0,209,136.0,424.0,-8,110.0
5859,5859,103.0,0,209,308.0,800.0,-7,110.0
5860,5860,104.0,0,209,296.0,564.0,-6,110.0
5861,5861,105.0,0,209,241.0,502.0,-5,110.0
5862,5862,106.0,0,209,697.0,1188.0,-4,110.0
5863,5863,107.0,0,209,312.0,1478.0,-3,110.0
5864,5864,108.0,0,209,373.0,1559.0,-2,110.0
5865,5865,109.0,0,209,400.0,1007.0,-1,110.0
5866,5866,110.0,1,209,1118.0,4821.0,0,110.0
5867,5867,111.0,1,209,928.0,3656.0,1,110.0
5868,5868,112.0,1,209,387.0,1563.0,2,110.0
5869,5869,113.0,1,209,419.0,1962.0,3,110.0
5870,5870,114.0,1,209,1991.0,6917.0,4,110.0
5871,5871,115.0,1,209,599.0,4405.0,5,110.0
5872,5872,116.0,1,209,289.0,2025.0,6,110.0
5873,5873,117.0,1,209,309.0,2242.0,7,110.0
5874,5874,118.0,1,209,803.0,3466.0,8,110.0
5875,5875,119.0,1,209,399.0,2198.0,9,110.0
5876,5876,120.0,1,209,99.0,803.0,10,110.0
5877,5877,121.0,1,209,120.0,370.0,11,110.0
5878,5878,122.0,1,209,50.0,186.0,12,110.0
5879,5879,123.0,1,209,60.0,270.0,13,110.0
5880,5880,103.0,0,210,250.0,611.0,-14,117.0
5881,5881,104.0,0,210,590.0,1500.0,-13,117.0
5882,5882,105.0,0,210,162.0,367.0,-12,117.0
5883,5883,106.0,0,210,66.0,167.0,-11,117.0
5884,5884,107.0,0,210,54.0,182.0,-10,117.0
5885,5885,108.0,0,210,35.0,104.0,-9,117.0
5886,5886,109.0,0,210,38.0,107.0,-8,117.0
5887,5887,110.0,0,210,63.0,123.0,-7,117.0
5888,5888,111.0,0,210,61.0,182.0,-6,117.0
5889,5889,112.0,0,210,44.0,102.0,-5,117.0
5890,5890,113.0,0,210,54.0,135.0,-4,117.0
5891,5891,114.0,0,210,315.0,546.0,-3,117.0
5892,5892,115.0,0,210,79.0,183.0,-2,117.0
5893,5893,116.0,0,210,101.0,200.0,-1,117.0
5894,5894,117.0,1,210,138.0,310.0,0,117.0
5895,5895,118.0,1,210,19.0,71.0,1,117.0
5896,5896,119.0,1,210,18.0,72.0,2,117.0
5897,5897,120.0,1,210,25.0,81.0,3,117.0
5898,5898,121.0,1,210,28.0,84.0,4,117.0
5899,5899,122.0,1,210,43.0,127.0,5,117.0
5900,5900,123.0,1,210,11.0,50.0,6,117.0
5901,5901,124.0,1,210,39.0,127.0,7,117.0
5902,5902,125.0,1,210,48.0,126.0,8,117.0
5903,5903,126.0,1,210,303.0,569.0,9,117.0
5904,5904,127.0,1,210,447.0,956.0,10,117.0
5905,5905,128.0,1,210,24.0,93.0,11,117.0
5906,5906,129.0,1,210,38.0,96.0,12,117.0
5907,5907,130.0,1,210,11.0,70.0,13,117.0
5908,5908,100.0,0,211,21.0,61.0,-14,114.0
5909,5909,101.0,0,211,26.0,85.0,-13,114.0
5910,5910,102.0,0,211,45.0,123.0,-12,114.0
5911,5911,103.0,0,211,37.0,113.0,-11,114.0
5912,5912,104.0,0,211,33.0,89.0,-10,114.0
5913,5913,105.0,0,211,24.0,97.0,-9,114.0
5914,5914,106.0,0,211,811.0,332.0,-8,114.0
5915,5915,107.0,0,211,109.0,122.0,-7,114.0
5916,5916,108.0,0,211,52.0,118.0,-6,114.0
5917,5917,109.0,0,211,30.0,69.0,-5,114.0
5918,5918,110.0,0,211,27.0,52.0,-4,114.0
5919,5919,111.0,0,211,35.0,33.0,-3,114.0
5920,5920,112.0,0,211,97.0,124.0,-2,114.0
5921,5921,113.0,0,211,424.0,578.0,-1,114.0
5922,5922,114.0,1,211,657.0,619.0,0,114.0
5923,5923,115.0,1,211,1817.0,2926.0,1,114.0
5924,5924,116.0,1,211,347.0,639.0,2,114.0
5925,5925,117.0,1,211,429.0,834.0,3,114.0
5926,5926,118.0,1,211,135.0,269.0,4,114.0
5927,5927,119.0,1,211,309.0,455.0,5,114.0
5928,5928,120.0,1,211,396.0,666.0,6,114.0
5929,5929,121.0,1,211,578.0,900.0,7,114.0
5930,5930,122.0,1,211,305.0,328.0,8,114.0
5931,5931,123.0,1,211,49.0,128.0,9,114.0
5932,5932,124.0,1,211,64.0,134.0,10,114.0
5933,5933,125.0,1,211,89.0,205.0,11,114.0
5934,5934,126.0,1,211,560.0,779.0,12,114.0
5935,5935,127.0,1,211,258.0,478.0,13,114.0
5936,5936,90.0,0,212,10.0,3.0,-14,104.0
5937,5937,91.0,0,212,8.0,9.0,-13,104.0
5938,5938,92.0,0,212,237.0,151.0,-12,104.0
5939,5939,93.0,0,212,11.0,11.0,-11,104.0
5940,5940,94.0,0,212,9.0,6.0,-10,104.0
5941,5941,95.0,0,212,162.0,132.0,-9,104.0
5942,5942,96.0,0,212,22.0,9.0,-8,104.0
5943,5943,97.0,0,212,7.0,9.0,-7,104.0
5944,5944,98.0,0,212,3.0,3.0,-6,104.0
5945,5945,99.0,0,212,6.0,6.0,-5,104.0
5946,5946,100.0,0,212,8.0,4.0,-4,104.0
5947,5947,101.0,0,212,13.0,9.0,-3,104.0
5948,5948,102.0,0,212,17.0,16.0,-2,104.0
5949,5949,103.0,0,212,27.0,29.0,-1,104.0
5950,5950,104.0,1,212,465.0,220.0,0,104.0
5951,5951,105.0,1,212,12.0,20.0,1,104.0
5952,5952,106.0,1,212,11.0,16.0,2,104.0
5953,5953,107.0,1,212,8.0,12.0,3,104.0
5954,5954,108.0,1,212,3.0,9.0,4,104.0
5955,5955,109.0,1,212,3.0,7.0,5,104.0
5956,5956,110.0,1,212,6.0,7.0,6,104.0
5957,5957,111.0,1,212,2.0,6.0,7,104.0
5958,5958,112.0,1,212,6.0,7.0,8,104.0
5959,5959,113.0,1,212,28.0,25.0,9,104.0
5960,5960,114.0,1,212,17.0,21.0,10,104.0
5961,5961,115.0,1,212,10.0,16.0,11,104.0
5962,5962,116.0,1,212,8.0,14.0,12,104.0
5963,5963,117.0,1,212,191.0,194.0,13,104.0
5964,5964,237.0,0,213,5.0,12.0,-14,251.0
5965,5965,238.0,0,213,15.0,22.0,-13,251.0
5966,5966,239.0,0,213,15.0,13.0,-12,251.0
5967,5967,240.0,0,213,9.0,12.0,-11,251.0
5968,5968,241.0,0,213,1.0,6.0,-10,251.0
5969,5969,242.0,0,213,4.0,15.0,-9,251.0
5970,5970,243.0,0,213,11.0,17.0,-8,251.0
5971,5971,244.0,0,213,4.0,15.0,-7,251.0
5972,5972,245.0,0,213,8.0,11.0,-6,251.0
5973,5973,246.0,0,213,15.0,19.0,-5,251.0
5974,5974,247.0,0,213,10.0,14.0,-4,251.0
5975,5975,248.0,0,213,4.0,9.0,-3,251.0
5976,5976,249.0,0,213,10.0,33.0,-2,251.0
5977,5977,250.0,0,213,236.0,357.0,-1,251.0
5978,5978,251.0,1,213,135.0,199.0,0,251.0
5979,5979,252.0,1,213,115.0,111.0,1,251.0
5980,5980,253.0,1,213,13.0,20.0,2,251.0
5981,5981,254.0,1,213,10.0,16.0,3,251.0
5982,5982,255.0,1,213,5.0,16.0,4,251.0
5983,5983,256.0,1,213,8.0,16.0,5,251.0
5984,5984,257.0,1,213,9.0,25.0,6,251.0
5985,5985,258.0,1,213,64.0,193.0,7,251.0
5986,5986,259.0,1,213,21.0,47.0,8,251.0
5987,5987,260.0,1,213,53.0,27.0,9,251.0
5988,5988,261.0,1,213,2.0,11.0,10,251.0
5989,5989,262.0,1,213,4.0,12.0,11,251.0
5990,5990,263.0,1,213,1.0,9.0,12,251.0
5991,5991,264.0,1,213,4.0,16.0,13,251.0
5992,5992,27.0,0,214,32.0,930.0,-14,41.0
5993,5993,28.0,0,214,19.0,815.0,-13,41.0
5994,5994,29.0,0,214,20.0,538.0,-12,41.0
5995,5995,30.0,0,214,44.0,967.0,-11,41.0
5996,5996,31.0,0,214,458.0,1949.0,-10,41.0
5997,5997,32.0,0,214,416.0,2425.0,-9,41.0
5998,5998,33.0,0,214,260.0,1727.0,-8,41.0
5999,5999,34.0,0,214,144.0,1719.0,-7,41.0
6000,6000,35.0,0,214,161.0,2151.0,-6,41.0
6001,6001,36.0,0,214,646.0,2528.0,-5,41.0
6002,6002,37.0,0,214,513.0,1784.0,-4,41.0
6003,6003,38.0,0,214,328.0,1309.0,-3,41.0
6004,6004,39.0,0,214,189.0,785.0,-2,41.0
6005,6005,40.0,0,214,149.0,611.0,-1,41.0
6006,6006,41.0,1,214,202.0,676.0,0,41.0
6007,6007,42.0,1,214,50.0,316.0,1,41.0
6008,6008,43.0,1,214,47.0,335.0,2,41.0
6009,6009,44.0,1,214,85.0,563.0,3,41.0
6010,6010,45.0,1,214,62.0,470.0,4,41.0
6011,6011,46.0,1,214,46.0,280.0,5,41.0
6012,6012,47.0,1,214,16.0,218.0,6,41.0
6013,6013,48.0,1,214,24.0,197.0,7,41.0
6014,6014,49.0,1,214,19.0,181.0,8,41.0
6015,6015,50.0,1,214,13.0,227.0,9,41.0
6016,6016,51.0,1,214,68.0,736.0,10,41.0
6017,6017,52.0,1,214,80.0,574.0,11,41.0
6018,6018,53.0,1,214,10.0,156.0,12,41.0
6019,6019,54.0,1,214,53.0,198.0,13,41.0
6020,6020,217.0,0,215,4.0,13.0,-14,231.0
6021,6021,218.0,0,215,0.0,12.0,-13,231.0
6022,6022,219.0,0,215,3.0,3.0,-12,231.0
6023,6023,220.0,0,215,2.0,9.0,-11,231.0
6024,6024,221.0,0,215,5.0,11.0,-10,231.0
6025,6025,222.0,0,215,2.0,10.0,-9,231.0
6026,6026,223.0,0,215,4.0,8.0,-8,231.0
6027,6027,224.0,0,215,5.0,7.0,-7,231.0
6028,6028,225.0,0,215,5.0,9.0,-6,231.0
6029,6029,226.0,0,215,3.0,7.0,-5,231.0
6030,6030,227.0,0,215,5.0,6.0,-4,231.0
6031,6031,228.0,0,215,4.0,7.0,-3,231.0
6032,6032,229.0,0,215,22.0,52.0,-2,231.0
6033,6033,230.0,0,215,16.0,19.0,-1,231.0
6034,6034,231.0,1,215,13.0,27.0,0,231.0
6035,6035,232.0,1,215,9.0,5.0,1,231.0
6036,6036,233.0,1,215,4.0,6.0,2,231.0
6037,6037,234.0,1,215,2.0,5.0,3,231.0
6038,6038,235.0,1,215,2.0,9.0,4,231.0
6039,6039,236.0,1,215,6.0,10.0,5,231.0
6040,6040,237.0,1,215,5.0,10.0,6,231.0
6041,6041,238.0,1,215,45.0,43.0,7,231.0
6042,6042,239.0,1,215,6.0,6.0,8,231.0
6043,6043,240.0,1,215,4.0,4.0,9,231.0
6044,6044,241.0,1,215,1.0,12.0,10,231.0
6045,6045,242.0,1,215,0.0,9.0,11,231.0
6046,6046,243.0,1,215,6.0,5.0,12,231.0
6047,6047,244.0,1,215,1.0,6.0,13,231.0
6048,6048,178.0,0,216,3.0,0.0,-14,192.0
6049,6049,179.0,0,216,0.0,0.0,-13,192.0
6050,6050,180.0,0,216,0.0,2.0,-12,192.0
6051,6051,181.0,0,216,2.0,3.0,-11,192.0
6052,6052,182.0,0,216,1.0,7.0,-10,192.0
6053,6053,183.0,0,216,3.0,3.0,-9,192.0
6054,6054,184.0,0,216,1.0,4.0,-8,192.0
6055,6055,185.0,0,216,1.0,2.0,-7,192.0
6056,6056,186.0,0,216,0.0,1.0,-6,192.0
6057,6057,187.0,0,216,2.0,0.0,-5,192.0
6058,6058,188.0,0,216,0.0,3.0,-4,192.0
6059,6059,189.0,0,216,1.0,0.0,-3,192.0
6060,6060,190.0,0,216,1.0,3.0,-2,192.0
6061,6061,191.0,0,216,13.0,5.0,-1,192.0
6062,6062,192.0,1,216,20.0,6.0,0,192.0
6063,6063,193.0,1,216,2.0,7.0,1,192.0
6064,6064,194.0,1,216,3.0,4.0,2,192.0
6065,6065,195.0,1,216,1.0,0.0,3,192.0
6066,6066,196.0,1,216,1.0,3.0,4,192.0
6067,6067,197.0,1,216,2.0,2.0,5,192.0
6068,6068,198.0,1,216,2.0,0.0,6,192.0
6069,6069,199.0,1,216,1.0,3.0,7,192.0
6070,6070,200.0,1,216,2.0,1.0,8,192.0
6071,6071,201.0,1,216,1.0,0.0,9,192.0
6072,6072,202.0,1,216,1.0,1.0,10,192.0
6073,6073,203.0,1,216,0.0,3.0,11,192.0
6074,6074,204.0,1,216,2.0,2.0,12,192.0
6075,6075,205.0,1,216,2.0,2.0,13,192.0
6076,6076,187.0,0,217,51.0,53.0,-14,201.0
6077,6077,188.0,0,217,24.0,23.0,-13,201.0
6078,6078,189.0,0,217,23.0,21.0,-12,201.0
6079,6079,190.0,0,217,8.0,9.0,-11,201.0
6080,6080,191.0,0,217,76.0,73.0,-10,201.0
6081,6081,192.0,0,217,32.0,35.0,-9,201.0
6082,6082,193.0,0,217,27.0,37.0,-8,201.0
6083,6083,194.0,0,217,23.0,43.0,-7,201.0
6084,6084,195.0,0,217,19.0,24.0,-6,201.0
6085,6085,196.0,0,217,13.0,22.0,-5,201.0
6086,6086,197.0,0,217,12.0,12.0,-4,201.0
6087,6087,198.0,0,217,148.0,121.0,-3,201.0
6088,6088,199.0,0,217,58.0,45.0,-2,201.0
6089,6089,200.0,0,217,151.0,129.0,-1,201.0
6090,6090,201.0,1,217,82.0,91.0,0,201.0
6091,6091,202.0,1,217,28.0,27.0,1,201.0
6092,6092,203.0,1,217,14.0,21.0,2,201.0
6093,6093,204.0,1,217,8.0,17.0,3,201.0
6094,6094,205.0,1,217,6.0,17.0,4,201.0
6095,6095,206.0,1,217,15.0,14.0,5,201.0
6096,6096,207.0,1,217,7.0,13.0,6,201.0
6097,6097,208.0,1,217,14.0,12.0,7,201.0
6098,6098,209.0,1,217,8.0,8.0,8,201.0
6099,6099,210.0,1,217,94.0,94.0,9,201.0
6100,6100,211.0,1,217,56.0,58.0,10,201.0
6101,6101,212.0,1,217,17.0,14.0,11,201.0
6102,6102,213.0,1,217,4.0,17.0,12,201.0
6103,6103,214.0,1,217,14.0,19.0,13,201.0
6104,6104,40.0,0,218,6.0,185.0,-14,54.0
6105,6105,41.0,0,218,5.0,154.0,-13,54.0
6106,6106,42.0,0,218,9.0,149.0,-12,54.0
6107,6107,43.0,0,218,3.0,154.0,-11,54.0
6108,6108,44.0,0,218,7.0,218.0,-10,54.0
6109,6109,45.0,0,218,5.0,96.0,-9,54.0
6110,6110,46.0,0,218,0.0,27.0,-8,54.0
6111,6111,47.0,0,218,2.0,168.0,-7,54.0
6112,6112,48.0,0,218,5.0,222.0,-6,54.0
6113,6113,49.0,0,218,4.0,38.0,-5,54.0
6114,6114,50.0,0,218,5.0,26.0,-4,54.0
6115,6115,51.0,0,218,2.0,42.0,-3,54.0
6116,6116,52.0,0,218,1.0,31.0,-2,54.0
6117,6117,53.0,0,218,9.0,55.0,-1,54.0
6118,6118,54.0,1,218,20.0,51.0,0,54.0
6119,6119,55.0,1,218,8.0,97.0,1,54.0
6120,6120,56.0,1,218,5.0,42.0,2,54.0
6121,6121,57.0,1,218,4.0,93.0,3,54.0
6122,6122,58.0,1,218,14.0,137.0,4,54.0
6123,6123,59.0,1,218,11.0,233.0,5,54.0
6124,6124,60.0,1,218,3.0,275.0,6,54.0
6125,6125,61.0,1,218,6.0,94.0,7,54.0
6126,6126,62.0,1,218,4.0,59.0,8,54.0
6127,6127,63.0,1,218,1.0,34.0,9,54.0
6128,6128,64.0,1,218,1.0,12.0,10,54.0
6129,6129,65.0,1,218,5.0,57.0,11,54.0
6130,6130,66.0,1,218,2.0,50.0,12,54.0
6131,6131,67.0,1,218,2.0,52.0,13,54.0
6132,6132,163.0,0,219,0.0,0.0,-14,177.0
6133,6133,164.0,0,219,0.0,0.0,-13,177.0
6134,6134,165.0,0,219,0.0,0.0,-12,177.0
6135,6135,166.0,0,219,0.0,0.0,-11,177.0
6136,6136,167.0,0,219,0.0,0.0,-10,177.0
6137,6137,168.0,0,219,0.0,0.0,-9,177.0
6138,6138,169.0,0,219,0.0,0.0,-8,177.0
6139,6139,170.0,0,219,0.0,1.0,-7,177.0
6140,6140,171.0,0,219,0.0,1.0,-6,177.0
6141,6141,172.0,0,219,0.0,0.0,-5,177.0
6142,6142,173.0,0,219,0.0,0.0,-4,177.0
6143,6143,174.0,0,219,0.0,1.0,-3,177.0
6144,6144,175.0,0,219,0.0,0.0,-2,177.0
6145,6145,176.0,0,219,4.0,8.0,-1,177.0
6146,6146,177.0,1,219,15.0,9.0,0,177.0
6147,6147,178.0,1,219,1.0,2.0,1,177.0
6148,6148,179.0,1,219,3.0,2.0,2,177.0
6149,6149,180.0,1,219,1.0,7.0,3,177.0
6150,6150,181.0,1,219,1.0,0.0,4,177.0
6151,6151,182.0,1,219,19.0,6.0,5,177.0
6152,6152,183.0,1,219,309.0,89.0,6,177.0
6153,6153,184.0,1,219,56.0,24.0,7,177.0
6154,6154,185.0,1,219,28.0,6.0,8,177.0
6155,6155,186.0,1,219,13.0,2.0,9,177.0
6156,6156,187.0,1,219,0.0,4.0,10,177.0
6157,6157,188.0,1,219,0.0,0.0,11,177.0
6158,6158,189.0,1,219,1.0,0.0,12,177.0
6159,6159,190.0,1,219,0.0,0.0,13,177.0
6160,6160,22.0,0,220,0.0,11.0,-14,36.0
6161,6161,23.0,0,220,28.0,109.0,-13,36.0
6162,6162,24.0,0,220,9.0,52.0,-12,36.0
6163,6163,25.0,0,220,0.0,8.0,-11,36.0
6164,6164,26.0,0,220,2.0,10.0,-10,36.0
6165,6165,27.0,0,220,3.0,36.0,-9,36.0
6166,6166,28.0,0,220,15.0,176.0,-8,36.0
6167,6167,29.0,0,220,14.0,81.0,-7,36.0
6168,6168,30.0,0,220,20.0,75.0,-6,36.0
6169,6169,31.0,0,220,217.0,391.0,-5,36.0
6170,6170,32.0,0,220,201.0,471.0,-4,36.0
6171,6171,33.0,0,220,308.0,724.0,-3,36.0
6172,6172,34.0,0,220,135.0,363.0,-2,36.0
6173,6173,35.0,0,220,140.0,321.0,-1,36.0
6174,6174,36.0,1,220,158.0,526.0,0,36.0
6175,6175,37.0,1,220,199.0,637.0,1,36.0
6176,6176,38.0,1,220,186.0,660.0,2,36.0
6177,6177,39.0,1,220,80.0,483.0,3,36.0
6178,6178,40.0,1,220,34.0,326.0,4,36.0
6179,6179,41.0,1,220,27.0,233.0,5,36.0
6180,6180,42.0,1,220,28.0,196.0,6,36.0
6181,6181,43.0,1,220,14.0,130.0,7,36.0
6182,6182,44.0,1,220,9.0,197.0,8,36.0
6183,6183,45.0,1,220,14.0,242.0,9,36.0
6184,6184,46.0,1,220,8.0,186.0,10,36.0
6185,6185,47.0,1,220,11.0,134.0,11,36.0
6186,6186,48.0,1,220,10.0,128.0,12,36.0
6187,6187,49.0,1,220,9.0,64.0,13,36.0
6188,6188,163.0,0,221,32.0,29.0,-14,177.0
6189,6189,164.0,0,221,20.0,13.0,-13,177.0
6190,6190,165.0,0,221,11.0,7.0,-12,177.0
6191,6191,166.0,0,221,5.0,2.0,-11,177.0
6192,6192,167.0,0,221,6.0,2.0,-10,177.0
6193,6193,168.0,0,221,6.0,8.0,-9,177.0
6194,6194,169.0,0,221,1.0,3.0,-8,177.0
6195,6195,170.0,0,221,8.0,3.0,-7,177.0
6196,6196,171.0,0,221,33.0,25.0,-6,177.0
6197,6197,172.0,0,221,17.0,14.0,-5,177.0
6198,6198,173.0,0,221,2.0,3.0,-4,177.0
6199,6199,174.0,0,221,4.0,7.0,-3,177.0
6200,6200,175.0,0,221,55.0,75.0,-2,177.0
6201,6201,176.0,0,221,29.0,31.0,-1,177.0
6202,6202,177.0,1,221,18.0,17.0,0,177.0
6203,6203,178.0,1,221,12.0,14.0,1,177.0
6204,6204,179.0,1,221,8.0,9.0,2,177.0
6205,6205,180.0,1,221,5.0,6.0,3,177.0
6206,6206,181.0,1,221,6.0,4.0,4,177.0
6207,6207,182.0,1,221,3.0,3.0,5,177.0
6208,6208,183.0,1,221,4.0,1.0,6,177.0
6209,6209,184.0,1,221,18.0,22.0,7,177.0
6210,6210,185.0,1,221,14.0,7.0,8,177.0
6211,6211,186.0,1,221,20.0,14.0,9,177.0
6212,6212,187.0,1,221,14.0,10.0,10,177.0
6213,6213,188.0,1,221,53.0,35.0,11,177.0
6214,6214,189.0,1,221,13.0,23.0,12,177.0
6215,6215,190.0,1,221,7.0,6.0,13,177.0
6216,6216,129.0,0,222,67.0,84.0,-14,143.0
6217,6217,130.0,0,222,102.0,111.0,-13,143.0
6218,6218,131.0,0,222,50.0,62.0,-12,143.0
6219,6219,132.0,0,222,41.0,56.0,-11,143.0
6220,6220,133.0,0,222,28.0,45.0,-10,143.0
6221,6221,134.0,0,222,29.0,39.0,-9,143.0
6222,6222,135.0,0,222,37.0,39.0,-8,143.0
6223,6223,136.0,0,222,44.0,54.0,-7,143.0
6224,6224,137.0,0,222,23.0,31.0,-6,143.0
6225,6225,138.0,0,222,25.0,36.0,-5,143.0
6226,6226,139.0,0,222,79.0,97.0,-4,143.0
6227,6227,140.0,0,222,84.0,111.0,-3,143.0
6228,6228,141.0,0,222,204.0,183.0,-2,143.0
6229,6229,142.0,0,222,31.0,36.0,-1,143.0
6230,6230,143.0,1,222,87.0,54.0,0,143.0
6231,6231,144.0,1,222,118.0,108.0,1,143.0
6232,6232,145.0,1,222,159.0,137.0,2,143.0
6233,6233,146.0,1,222,66.0,88.0,3,143.0
6234,6234,147.0,1,222,54.0,54.0,4,143.0
6235,6235,148.0,1,222,38.0,40.0,5,143.0
6236,6236,149.0,1,222,83.0,117.0,6,143.0
6237,6237,150.0,1,222,45.0,73.0,7,143.0
6238,6238,151.0,1,222,62.0,87.0,8,143.0
6239,6239,152.0,1,222,16.0,28.0,9,143.0
6240,6240,153.0,1,222,40.0,58.0,10,143.0
6241,6241,154.0,1,222,46.0,55.0,11,143.0
6242,6242,155.0,1,222,43.0,34.0,12,143.0
6243,6243,156.0,1,222,31.0,25.0,13,143.0
6244,6244,81.0,0,223,6.0,12.0,-14,95.0
6245,6245,82.0,0,223,8.0,5.0,-13,95.0
6246,6246,83.0,0,223,3.0,9.0,-12,95.0
6247,6247,84.0,0,223,25.0,34.0,-11,95.0
6248,6248,85.0,0,223,5.0,19.0,-10,95.0
6249,6249,86.0,0,223,19.0,20.0,-9,95.0
6250,6250,87.0,0,223,93.0,106.0,-8,95.0
6251,6251,88.0,0,223,43.0,33.0,-7,95.0
6252,6252,89.0,0,223,16.0,33.0,-6,95.0
6253,6253,90.0,0,223,18.0,35.0,-5,95.0
6254,6254,91.0,0,223,12.0,20.0,-4,95.0
6255,6255,92.0,0,223,26.0,43.0,-3,95.0
6256,6256,93.0,0,223,24.0,40.0,-2,95.0
6257,6257,94.0,0,223,16.0,32.0,-1,95.0
6258,6258,95.0,1,223,43.0,43.0,0,95.0
6259,6259,96.0,1,223,35.0,68.0,1,95.0
6260,6260,97.0,1,223,18.0,44.0,2,95.0
6261,6261,98.0,1,223,14.0,27.0,3,95.0
6262,6262,99.0,1,223,19.0,42.0,4,95.0
6263,6263,100.0,1,223,15.0,45.0,5,95.0
6264,6264,101.0,1,223,18.0,78.0,6,95.0
6265,6265,102.0,1,223,21.0,71.0,7,95.0
6266,6266,103.0,1,223,8.0,81.0,8,95.0
6267,6267,104.0,1,223,35.0,192.0,9,95.0
6268,6268,105.0,1,223,14.0,59.0,10,95.0
6269,6269,106.0,1,223,22.0,80.0,11,95.0
6270,6270,107.0,1,223,33.0,84.0,12,95.0
6271,6271,108.0,1,223,24.0,99.0,13,95.0
6272,6272,116.0,0,224,14.0,17.0,-14,130.0
6273,6273,117.0,0,224,7.0,5.0,-13,130.0
6274,6274,118.0,0,224,8.0,26.0,-12,130.0
6275,6275,119.0,0,224,16.0,21.0,-11,130.0
6276,6276,120.0,0,224,10.0,16.0,-10,130.0
6277,6277,121.0,0,224,1.0,4.0,-9,130.0
6278,6278,122.0,0,224,111.0,72.0,-8,130.0
6279,6279,123.0,0,224,110.0,124.0,-7,130.0
6280,6280,124.0,0,224,14.0,18.0,-6,130.0
6281,6281,125.0,0,224,44.0,36.0,-5,130.0
6282,6282,126.0,0,224,5.0,7.0,-4,130.0
6283,6283,127.0,0,224,22.0,33.0,-3,130.0
6284,6284,128.0,0,224,10.0,21.0,-2,130.0
6285,6285,129.0,0,224,405.0,247.0,-1,130.0
6286,6286,130.0,1,224,581.0,701.0,0,130.0
6287,6287,131.0,1,224,44.0,47.0,1,130.0
6288,6288,132.0,1,224,9.0,16.0,2,130.0
6289,6289,133.0,1,224,7.0,9.0,3,130.0
6290,6290,134.0,1,224,7.0,7.0,4,130.0
6291,6291,135.0,1,224,19.0,27.0,5,130.0
6292,6292,136.0,1,224,114.0,144.0,6,130.0
6293,6293,137.0,1,224,16.0,24.0,7,130.0
6294,6294,138.0,1,224,15.0,13.0,8,130.0
6295,6295,139.0,1,224,2.0,9.0,9,130.0
6296,6296,140.0,1,224,3.0,7.0,10,130.0
6297,6297,141.0,1,224,5.0,6.0,11,130.0
6298,6298,142.0,1,224,32.0,49.0,12,130.0
6299,6299,143.0,1,224,55.0,74.0,13,130.0
6300,6300,42.0,0,225,293.0,406.0,-14,56.0
6301,6301,43.0,0,225,324.0,510.0,-13,56.0
6302,6302,44.0,0,225,222.0,326.0,-12,56.0
6303,6303,45.0,0,225,224.0,344.0,-11,56.0
6304,6304,46.0,0,225,362.0,509.0,-10,56.0
6305,6305,47.0,0,225,407.0,533.0,-9,56.0
6306,6306,48.0,0,225,1994.0,1729.0,-8,56.0
6307,6307,49.0,0,225,4403.0,3437.0,-7,56.0
6308,6308,50.0,0,225,2985.0,2145.0,-6,56.0
6309,6309,51.0,0,225,1714.0,1334.0,-5,56.0
6310,6310,52.0,0,225,937.0,892.0,-4,56.0
6311,6311,53.0,0,225,1634.0,1168.0,-3,56.0
6312,6312,54.0,0,225,258.0,351.0,-2,56.0
6313,6313,55.0,0,225,1814.0,1559.0,-1,56.0
6314,6314,56.0,1,225,1118.0,1430.0,0,56.0
6315,6315,57.0,1,225,1553.0,2225.0,1,56.0
6316,6316,58.0,1,225,139.0,265.0,2,56.0
6317,6317,59.0,1,225,1985.0,2992.0,3,56.0
6318,6318,60.0,1,225,1082.0,1617.0,4,56.0
6319,6319,61.0,1,225,119.0,265.0,5,56.0
6320,6320,62.0,1,225,604.0,983.0,6,56.0
6321,6321,63.0,1,225,484.0,715.0,7,56.0
6322,6322,64.0,1,225,79.0,191.0,8,56.0
6323,6323,65.0,1,225,50.0,123.0,9,56.0
6324,6324,66.0,1,225,604.0,1028.0,10,56.0
6325,6325,67.0,1,225,199.0,347.0,11,56.0
6326,6326,68.0,1,225,98.0,188.0,12,56.0
6327,6327,69.0,1,225,151.0,229.0,13,56.0
6328,6328,163.0,0,226,3.0,1.0,-14,177.0
6329,6329,164.0,0,226,2.0,2.0,-13,177.0
6330,6330,165.0,0,226,135.0,44.0,-12,177.0
6331,6331,166.0,0,226,55.0,21.0,-11,177.0
6332,6332,167.0,0,226,22.0,9.0,-10,177.0
6333,6333,168.0,0,226,5.0,5.0,-9,177.0
6334,6334,169.0,0,226,6.0,1.0,-8,177.0
6335,6335,170.0,0,226,3.0,1.0,-7,177.0
6336,6336,171.0,0,226,5.0,2.0,-6,177.0
6337,6337,172.0,0,226,5.0,4.0,-5,177.0
6338,6338,173.0,0,226,13.0,2.0,-4,177.0
6339,6339,174.0,0,226,4.0,1.0,-3,177.0
6340,6340,175.0,0,226,6.0,4.0,-2,177.0
6341,6341,176.0,0,226,17.0,9.0,-1,177.0
6342,6342,177.0,1,226,9.0,6.0,0,177.0
6343,6343,178.0,1,226,2.0,2.0,1,177.0
6344,6344,179.0,1,226,6.0,2.0,2,177.0
6345,6345,180.0,1,226,7.0,2.0,3,177.0
6346,6346,181.0,1,226,1.0,0.0,4,177.0
6347,6347,182.0,1,226,2.0,2.0,5,177.0
6348,6348,183.0,1,226,0.0,3.0,6,177.0
6349,6349,184.0,1,226,4.0,0.0,7,177.0
6350,6350,185.0,1,226,0.0,2.0,8,177.0
6351,6351,186.0,1,226,1.0,2.0,9,177.0
6352,6352,187.0,1,226,2.0,0.0,10,177.0
6353,6353,188.0,1,226,3.0,0.0,11,177.0
6354,6354,189.0,1,226,2.0,0.0,12,177.0
6355,6355,190.0,1,226,2.0,1.0,13,177.0
6356,6356,16.0,0,227,0.0,0.0,-14,30.0
6357,6357,17.0,0,227,0.0,0.0,-13,30.0
6358,6358,18.0,0,227,0.0,0.0,-12,30.0
6359,6359,19.0,0,227,0.0,0.0,-11,30.0
6360,6360,20.0,0,227,0.0,0.0,-10,30.0
6361,6361,21.0,0,227,0.0,0.0,-9,30.0
6362,6362,22.0,0,227,0.0,0.0,-8,30.0
6363,6363,23.0,0,227,0.0,0.0,-7,30.0
6364,6364,24.0,0,227,0.0,0.0,-6,30.0
6365,6365,25.0,0,227,0.0,1.0,-5,30.0
6366,6366,26.0,0,227,0.0,0.0,-4,30.0
6367,6367,27.0,0,227,0.0,5.0,-3,30.0
6368,6368,28.0,0,227,0.0,4.0,-2,30.0
6369,6369,29.0,0,227,0.0,40.0,-1,30.0
6370,6370,30.0,1,227,14.0,226.0,0,30.0
6371,6371,31.0,1,227,1.0,138.0,1,30.0
6372,6372,32.0,1,227,1.0,132.0,2,30.0
6373,6373,33.0,1,227,3.0,301.0,3,30.0
6374,6374,34.0,1,227,1.0,208.0,4,30.0
6375,6375,35.0,1,227,0.0,155.0,5,30.0
6376,6376,36.0,1,227,0.0,113.0,6,30.0
6377,6377,37.0,1,227,1.0,121.0,7,30.0
6378,6378,38.0,1,227,5.0,176.0,8,30.0
6379,6379,39.0,1,227,0.0,95.0,9,30.0
6380,6380,40.0,1,227,0.0,37.0,10,30.0
6381,6381,41.0,1,227,1.0,68.0,11,30.0
6382,6382,42.0,1,227,0.0,37.0,12,30.0
6383,6383,43.0,1,227,0.0,25.0,13,30.0
6384,6384,325.0,0,228,0.0,2.0,-14,339.0
6385,6385,326.0,0,228,2.0,1.0,-13,339.0
6386,6386,327.0,0,228,7.0,2.0,-12,339.0
6387,6387,328.0,0,228,1.0,1.0,-11,339.0
6388,6388,329.0,0,228,5.0,6.0,-10,339.0
6389,6389,330.0,0,228,2.0,4.0,-9,339.0
6390,6390,331.0,0,228,3.0,2.0,-8,339.0
6391,6391,332.0,0,228,0.0,1.0,-7,339.0
6392,6392,333.0,0,228,0.0,2.0,-6,339.0
6393,6393,334.0,0,228,0.0,0.0,-5,339.0
6394,6394,335.0,0,228,0.0,1.0,-4,339.0
6395,6395,336.0,0,228,1.0,0.0,-3,339.0
6396,6396,337.0,0,228,1.0,1.0,-2,339.0
6397,6397,338.0,0,228,0.0,1.0,-1,339.0
6398,6398,339.0,1,228,3.0,2.0,0,339.0
6399,6399,340.0,1,228,5.0,1.0,1,339.0
6400,6400,341.0,1,228,0.0,1.0,2,339.0
6401,6401,342.0,1,228,1.0,1.0,3,339.0
6402,6402,343.0,1,228,3.0,3.0,4,339.0
6403,6403,344.0,1,228,1.0,0.0,5,339.0
6404,6404,345.0,1,228,1.0,1.0,6,339.0
6405,6405,346.0,1,228,2.0,4.0,7,339.0
6406,6406,347.0,1,228,1.0,2.0,8,339.0
6407,6407,348.0,1,228,3.0,1.0,9,339.0
6408,6408,349.0,1,228,1.0,1.0,10,339.0
6409,6409,350.0,1,228,1.0,2.0,11,339.0
6410,6410,351.0,1,228,0.0,1.0,12,339.0
6411,6411,352.0,1,228,0.0,1.0,13,339.0
6412,6412,296.0,0,229,0.0,0.0,-14,310.0
6413,6413,297.0,0,229,0.0,0.0,-13,310.0
6414,6414,298.0,0,229,0.0,0.0,-12,310.0
6415,6415,299.0,0,229,2.0,0.0,-11,310.0
6416,6416,300.0,0,229,0.0,0.0,-10,310.0
6417,6417,301.0,0,229,0.0,1.0,-9,310.0
6418,6418,302.0,0,229,0.0,1.0,-8,310.0
6419,6419,303.0,0,229,0.0,0.0,-7,310.0
6420,6420,304.0,0,229,0.0,0.0,-6,310.0
6421,6421,305.0,0,229,0.0,1.0,-5,310.0
6422,6422,306.0,0,229,0.0,1.0,-4,310.0
6423,6423,307.0,0,229,0.0,0.0,-3,310.0
6424,6424,308.0,0,229,0.0,0.0,-2,310.0
6425,6425,309.0,0,229,13.0,1.0,-1,310.0
6426,6426,310.0,1,229,143.0,44.0,0,310.0
6427,6427,311.0,1,229,9.0,7.0,1,310.0
6428,6428,312.0,1,229,5.0,2.0,2,310.0
6429,6429,313.0,1,229,1.0,0.0,3,310.0
6430,6430,314.0,1,229,0.0,1.0,4,310.0
6431,6431,315.0,1,229,0.0,0.0,5,310.0
6432,6432,316.0,1,229,2.0,1.0,6,310.0
6433,6433,317.0,1,229,0.0,2.0,7,310.0
6434,6434,318.0,1,229,0.0,1.0,8,310.0
6435,6435,319.0,1,229,0.0,1.0,9,310.0
6436,6436,320.0,1,229,2.0,0.0,10,310.0
6437,6437,321.0,1,229,0.0,0.0,11,310.0
6438,6438,322.0,1,229,0.0,1.0,12,310.0
6439,6439,323.0,1,229,0.0,0.0,13,310.0
6440,6440,89.0,0,230,110.0,153.0,-14,103.0
6441,6441,90.0,0,230,157.0,255.0,-13,103.0
6442,6442,91.0,0,230,56.0,81.0,-12,103.0
6443,6443,92.0,0,230,39.0,53.0,-11,103.0
6444,6444,93.0,0,230,111.0,110.0,-10,103.0
6445,6445,94.0,0,230,85.0,88.0,-9,103.0
6446,6446,95.0,0,230,26.0,40.0,-8,103.0
6447,6447,96.0,0,230,51.0,61.0,-7,103.0
6448,6448,97.0,0,230,43.0,30.0,-6,103.0
6449,6449,98.0,0,230,24.0,31.0,-5,103.0
6450,6450,99.0,0,230,20.0,25.0,-4,103.0
6451,6451,100.0,0,230,32.0,43.0,-3,103.0
6452,6452,101.0,0,230,29.0,63.0,-2,103.0
6453,6453,102.0,0,230,111.0,129.0,-1,103.0
6454,6454,103.0,1,230,161.0,242.0,0,103.0
6455,6455,104.0,1,230,54.0,140.0,1,103.0
6456,6456,105.0,1,230,51.0,119.0,2,103.0
6457,6457,106.0,1,230,200.0,218.0,3,103.0
6458,6458,107.0,1,230,66.0,116.0,4,103.0
6459,6459,108.0,1,230,30.0,94.0,5,103.0
6460,6460,109.0,1,230,43.0,72.0,6,103.0
6461,6461,110.0,1,230,22.0,60.0,7,103.0
6462,6462,111.0,1,230,24.0,78.0,8,103.0
6463,6463,112.0,1,230,14.0,43.0,9,103.0
6464,6464,113.0,1,230,43.0,92.0,10,103.0
6465,6465,114.0,1,230,24.0,61.0,11,103.0
6466,6466,115.0,1,230,22.0,92.0,12,103.0
6467,6467,116.0,1,230,21.0,61.0,13,103.0
6468,6468,152.0,0,231,22.0,56.0,-14,166.0
6469,6469,153.0,0,231,30.0,28.0,-13,166.0
6470,6470,154.0,0,231,24.0,37.0,-12,166.0
6471,6471,155.0,0,231,11.0,36.0,-11,166.0
6472,6472,156.0,0,231,20.0,31.0,-10,166.0
6473,6473,157.0,0,231,56.0,82.0,-9,166.0
6474,6474,158.0,0,231,662.0,1552.0,-8,166.0
6475,6475,159.0,0,231,142.0,367.0,-7,166.0
6476,6476,160.0,0,231,72.0,101.0,-6,166.0
6477,6477,161.0,0,231,63.0,97.0,-5,166.0
6478,6478,162.0,0,231,16.0,36.0,-4,166.0
6479,6479,163.0,0,231,17.0,21.0,-3,166.0
6480,6480,164.0,0,231,19.0,21.0,-2,166.0
6481,6481,165.0,0,231,329.0,650.0,-1,166.0
6482,6482,166.0,1,231,118.0,322.0,0,166.0
6483,6483,167.0,1,231,27.0,65.0,1,166.0
6484,6484,168.0,1,231,11.0,38.0,2,166.0
6485,6485,169.0,1,231,15.0,49.0,3,166.0
6486,6486,170.0,1,231,10.0,44.0,4,166.0
6487,6487,171.0,1,231,13.0,34.0,5,166.0
6488,6488,172.0,1,231,27.0,91.0,6,166.0
6489,6489,173.0,1,231,14.0,47.0,7,166.0
6490,6490,174.0,1,231,22.0,76.0,8,166.0
6491,6491,175.0,1,231,8.0,31.0,9,166.0
6492,6492,176.0,1,231,56.0,86.0,10,166.0
6493,6493,177.0,1,231,34.0,83.0,11,166.0
6494,6494,178.0,1,231,15.0,19.0,12,166.0
6495,6495,179.0,1,231,6.0,29.0,13,166.0
6496,6496,93.0,0,232,28.0,48.0,-14,107.0
6497,6497,94.0,0,232,25.0,11.0,-13,107.0
6498,6498,95.0,0,232,70.0,49.0,-12,107.0
6499,6499,96.0,0,232,95.0,79.0,-11,107.0
6500,6500,97.0,0,232,28.0,15.0,-10,107.0
6501,6501,98.0,0,232,16.0,15.0,-9,107.0
6502,6502,99.0,0,232,17.0,11.0,-8,107.0
6503,6503,100.0,0,232,13.0,10.0,-7,107.0
6504,6504,101.0,0,232,22.0,29.0,-6,107.0
6505,6505,102.0,0,232,49.0,58.0,-5,107.0
6506,6506,103.0,0,232,37.0,41.0,-4,107.0
6507,6507,104.0,0,232,273.0,245.0,-3,107.0
6508,6508,105.0,0,232,76.0,111.0,-2,107.0
6509,6509,106.0,0,232,40.0,30.0,-1,107.0
6510,6510,107.0,1,232,37.0,31.0,0,107.0
6511,6511,108.0,1,232,15.0,14.0,1,107.0
6512,6512,109.0,1,232,10.0,11.0,2,107.0
6513,6513,110.0,1,232,10.0,21.0,3,107.0
6514,6514,111.0,1,232,13.0,15.0,4,107.0
6515,6515,112.0,1,232,7.0,18.0,5,107.0
6516,6516,113.0,1,232,18.0,29.0,6,107.0
6517,6517,114.0,1,232,19.0,32.0,7,107.0
6518,6518,115.0,1,232,15.0,24.0,8,107.0
6519,6519,116.0,1,232,22.0,19.0,9,107.0
6520,6520,117.0,1,232,27.0,21.0,10,107.0
6521,6521,118.0,1,232,16.0,17.0,11,107.0
6522,6522,119.0,1,232,9.0,23.0,12,107.0
6523,6523,120.0,1,232,9.0,11.0,13,107.0
6524,6524,178.0,0,233,0.0,0.0,-14,192.0
6525,6525,179.0,0,233,1.0,0.0,-13,192.0
6526,6526,180.0,0,233,0.0,0.0,-12,192.0
6527,6527,181.0,0,233,0.0,1.0,-11,192.0
6528,6528,182.0,0,233,0.0,0.0,-10,192.0
6529,6529,183.0,0,233,0.0,0.0,-9,192.0
6530,6530,184.0,0,233,0.0,0.0,-8,192.0
6531,6531,185.0,0,233,0.0,0.0,-7,192.0
6532,6532,186.0,0,233,0.0,0.0,-6,192.0
6533,6533,187.0,0,233,0.0,0.0,-5,192.0
6534,6534,188.0,0,233,0.0,0.0,-4,192.0
6535,6535,189.0,0,233,0.0,0.0,-3,192.0
6536,6536,190.0,0,233,1.0,0.0,-2,192.0
6537,6537,191.0,0,233,4.0,1.0,-1,192.0
6538,6538,192.0,1,233,9.0,8.0,0,192.0
6539,6539,193.0,1,233,0.0,0.0,1,192.0
6540,6540,194.0,1,233,1.0,0.0,2,192.0
6541,6541,195.0,1,233,0.0,0.0,3,192.0
6542,6542,196.0,1,233,0.0,0.0,4,192.0
6543,6543,197.0,1,233,1.0,0.0,5,192.0
6544,6544,198.0,1,233,4.0,0.0,6,192.0
6545,6545,199.0,1,233,5.0,0.0,7,192.0
6546,6546,200.0,1,233,0.0,0.0,8,192.0
6547,6547,201.0,1,233,0.0,0.0,9,192.0
6548,6548,202.0,1,233,0.0,0.0,10,192.0
6549,6549,203.0,1,233,2.0,0.0,11,192.0
6550,6550,204.0,1,233,0.0,0.0,12,192.0
6551,6551,205.0,1,233,0.0,0.0,13,192.0
6552,6552,177.0,0,234,80.0,201.0,-14,191.0
6553,6553,178.0,0,234,93.0,255.0,-13,191.0
6554,6554,179.0,0,234,196.0,426.0,-12,191.0
6555,6555,180.0,0,234,172.0,383.0,-11,191.0
6556,6556,181.0,0,234,62.0,151.0,-10,191.0
6557,6557,182.0,0,234,116.0,212.0,-9,191.0
6558,6558,183.0,0,234,57.0,127.0,-8,191.0
6559,6559,184.0,0,234,64.0,96.0,-7,191.0
6560,6560,185.0,0,234,37.0,104.0,-6,191.0
6561,6561,186.0,0,234,87.0,127.0,-5,191.0
6562,6562,187.0,0,234,53.0,113.0,-4,191.0
6563,6563,188.0,0,234,168.0,341.0,-3,191.0
6564,6564,189.0,0,234,142.0,288.0,-2,191.0
6565,6565,190.0,0,234,143.0,215.0,-1,191.0
6566,6566,191.0,1,234,77.0,142.0,0,191.0
6567,6567,192.0,1,234,62.0,129.0,1,191.0
6568,6568,193.0,1,234,95.0,174.0,2,191.0
6569,6569,194.0,1,234,40.0,93.0,3,191.0
6570,6570,195.0,1,234,30.0,101.0,4,191.0
6571,6571,196.0,1,234,89.0,124.0,5,191.0
6572,6572,197.0,1,234,73.0,106.0,6,191.0
6573,6573,198.0,1,234,200.0,155.0,7,191.0
6574,6574,199.0,1,234,60.0,66.0,8,191.0
6575,6575,200.0,1,234,115.0,103.0,9,191.0
6576,6576,201.0,1,234,81.0,153.0,10,191.0
6577,6577,202.0,1,234,53.0,128.0,11,191.0
6578,6578,203.0,1,234,58.0,141.0,12,191.0
6579,6579,204.0,1,234,23.0,76.0,13,191.0
6580,6580,37.0,0,235,69.0,137.0,-14,51.0
6581,6581,38.0,0,235,93.0,87.0,-13,51.0
6582,6582,39.0,0,235,69.0,78.0,-12,51.0
6583,6583,40.0,0,235,152.0,199.0,-11,51.0
6584,6584,41.0,0,235,69.0,71.0,-10,51.0
6585,6585,42.0,0,235,74.0,76.0,-9,51.0
6586,6586,43.0,0,235,31.0,43.0,-8,51.0
6587,6587,44.0,0,235,7.0,32.0,-7,51.0
6588,6588,45.0,0,235,21.0,26.0,-6,51.0
6589,6589,46.0,0,235,16.0,28.0,-5,51.0
6590,6590,47.0,0,235,8.0,13.0,-4,51.0
6591,6591,48.0,0,235,13.0,24.0,-3,51.0
6592,6592,49.0,0,235,15.0,20.0,-2,51.0
6593,6593,50.0,0,235,127.0,127.0,-1,51.0
6594,6594,51.0,1,235,177.0,141.0,0,51.0
6595,6595,52.0,1,235,30.0,43.0,1,51.0
6596,6596,53.0,1,235,14.0,27.0,2,51.0
6597,6597,54.0,1,235,19.0,20.0,3,51.0
6598,6598,55.0,1,235,61.0,80.0,4,51.0
6599,6599,56.0,1,235,19.0,14.0,5,51.0
6600,6600,57.0,1,235,29.0,26.0,6,51.0
6601,6601,58.0,1,235,20.0,21.0,7,51.0
6602,6602,59.0,1,235,26.0,28.0,8,51.0
6603,6603,60.0,1,235,11.0,10.0,9,51.0
6604,6604,61.0,1,235,10.0,10.0,10,51.0
6605,6605,62.0,1,235,4.0,2.0,11,51.0
6606,6606,63.0,1,235,9.0,10.0,12,51.0
6607,6607,64.0,1,235,4.0,7.0,13,51.0
6608,6608,133.0,0,236,87.0,96.0,-14,147.0
6609,6609,134.0,0,236,32.0,38.0,-13,147.0
6610,6610,135.0,0,236,72.0,121.0,-12,147.0
6611,6611,136.0,0,236,38.0,38.0,-11,147.0
6612,6612,137.0,0,236,102.0,128.0,-10,147.0
6613,6613,138.0,0,236,36.0,46.0,-9,147.0
6614,6614,139.0,0,236,34.0,50.0,-8,147.0
6615,6615,140.0,0,236,37.0,36.0,-7,147.0
6616,6616,141.0,0,236,94.0,89.0,-6,147.0
6617,6617,142.0,0,236,23.0,36.0,-5,147.0
6618,6618,143.0,0,236,26.0,26.0,-4,147.0
6619,6619,144.0,0,236,40.0,59.0,-3,147.0
6620,6620,145.0,0,236,119.0,116.0,-2,147.0
6621,6621,146.0,0,236,50.0,94.0,-1,147.0
6622,6622,147.0,1,236,163.0,157.0,0,147.0
6623,6623,148.0,1,236,46.0,34.0,1,147.0
6624,6624,149.0,1,236,34.0,17.0,2,147.0
6625,6625,150.0,1,236,4.0,9.0,3,147.0
6626,6626,151.0,1,236,76.0,88.0,4,147.0
6627,6627,152.0,1,236,46.0,55.0,5,147.0
6628,6628,153.0,1,236,43.0,65.0,6,147.0
6629,6629,154.0,1,236,42.0,36.0,7,147.0
6630,6630,155.0,1,236,56.0,56.0,8,147.0
6631,6631,156.0,1,236,14.0,15.0,9,147.0
6632,6632,157.0,1,236,5.0,14.0,10,147.0
6633,6633,158.0,1,236,77.0,74.0,11,147.0
6634,6634,159.0,1,236,90.0,89.0,12,147.0
6635,6635,160.0,1,236,40.0,42.0,13,147.0
6636,6636,52.0,0,237,336.0,506.0,-14,66.0
6637,6637,53.0,0,237,245.0,439.0,-13,66.0
6638,6638,54.0,0,237,375.0,735.0,-12,66.0
6639,6639,55.0,0,237,217.0,402.0,-11,66.0
6640,6640,56.0,0,237,329.0,499.0,-10,66.0
6641,6641,57.0,0,237,361.0,782.0,-9,66.0
6642,6642,58.0,0,237,764.0,1047.0,-8,66.0
6643,6643,59.0,0,237,757.0,836.0,-7,66.0
6644,6644,60.0,0,237,339.0,424.0,-6,66.0
6645,6645,61.0,0,237,149.0,216.0,-5,66.0
6646,6646,62.0,0,237,211.0,226.0,-4,66.0
6647,6647,63.0,0,237,169.0,211.0,-3,66.0
6648,6648,64.0,0,237,322.0,278.0,-2,66.0
6649,6649,65.0,0,237,350.0,439.0,-1,66.0
6650,6650,66.0,1,237,521.0,701.0,0,66.0
6651,6651,67.0,1,237,289.0,501.0,1,66.0
6652,6652,68.0,1,237,208.0,286.0,2,66.0
6653,6653,69.0,1,237,171.0,301.0,3,66.0
6654,6654,70.0,1,237,449.0,771.0,4,66.0
6655,6655,71.0,1,237,115.0,250.0,5,66.0
6656,6656,72.0,1,237,315.0,552.0,6,66.0
6657,6657,73.0,1,237,247.0,429.0,7,66.0
6658,6658,74.0,1,237,36.0,104.0,8,66.0
6659,6659,75.0,1,237,24.0,79.0,9,66.0
6660,6660,76.0,1,237,55.0,129.0,10,66.0
6661,6661,77.0,1,237,41.0,126.0,11,66.0
6662,6662,78.0,1,237,64.0,196.0,12,66.0
6663,6663,79.0,1,237,68.0,215.0,13,66.0
6664,6664,41.0,0,238,770.0,7515.0,-14,55.0
6665,6665,42.0,0,238,898.0,10715.0,-13,55.0
6666,6666,43.0,0,238,873.0,5397.0,-12,55.0
6667,6667,44.0,0,238,722.0,5789.0,-11,55.0
6668,6668,45.0,0,238,1220.0,10558.0,-10,55.0
6669,6669,46.0,0,238,819.0,7618.0,-9,55.0
6670,6670,47.0,0,238,745.0,7543.0,-8,55.0
6671,6671,48.0,0,238,759.0,8065.0,-7,55.0
6672,6672,49.0,0,238,659.0,4920.0,-6,55.0
6673,6673,50.0,0,238,376.0,2534.0,-5,55.0
6674,6674,51.0,0,238,599.0,4753.0,-4,55.0
6675,6675,52.0,0,238,390.0,3649.0,-3,55.0
6676,6676,53.0,0,238,300.0,2403.0,-2,55.0
6677,6677,54.0,0,238,190.0,1482.0,-1,55.0
6678,6678,55.0,1,238,291.0,3400.0,0,55.0
6679,6679,56.0,1,238,152.0,1940.0,1,55.0
6680,6680,57.0,1,238,411.0,4209.0,2,55.0
6681,6681,58.0,1,238,211.0,2445.0,3,55.0
6682,6682,59.0,1,238,259.0,2894.0,4,55.0
6683,6683,60.0,1,238,264.0,3166.0,5,55.0
6684,6684,61.0,1,238,58.0,710.0,6,55.0
6685,6685,62.0,1,238,145.0,1865.0,7,55.0
6686,6686,63.0,1,238,80.0,1357.0,8,55.0
6687,6687,64.0,1,238,152.0,1949.0,9,55.0
6688,6688,65.0,1,238,40.0,639.0,10,55.0
6689,6689,66.0,1,238,113.0,1269.0,11,55.0
6690,6690,67.0,1,238,147.0,2195.0,12,55.0
6691,6691,68.0,1,238,60.0,785.0,13,55.0
6692,6692,77.0,0,239,42.0,36.0,-14,91.0
6693,6693,78.0,0,239,27.0,29.0,-13,91.0
6694,6694,79.0,0,239,79.0,72.0,-12,91.0
6695,6695,80.0,0,239,148.0,86.0,-11,91.0
6696,6696,81.0,0,239,120.0,125.0,-10,91.0
6697,6697,82.0,0,239,44.0,39.0,-9,91.0
6698,6698,83.0,0,239,134.0,73.0,-8,91.0
6699,6699,84.0,0,239,38.0,33.0,-7,91.0
6700,6700,85.0,0,239,99.0,47.0,-6,91.0
6701,6701,86.0,0,239,61.0,40.0,-5,91.0
6702,6702,87.0,0,239,52.0,38.0,-4,91.0
6703,6703,88.0,0,239,582.0,446.0,-3,91.0
6704,6704,89.0,0,239,486.0,732.0,-2,91.0
6705,6705,90.0,0,239,337.0,481.0,-1,91.0
6706,6706,91.0,1,239,236.0,229.0,0,91.0
6707,6707,92.0,1,239,125.0,122.0,1,91.0
6708,6708,93.0,1,239,154.0,166.0,2,91.0
6709,6709,94.0,1,239,365.0,309.0,3,91.0
6710,6710,95.0,1,239,99.0,126.0,4,91.0
6711,6711,96.0,1,239,60.0,73.0,5,91.0
6712,6712,97.0,1,239,61.0,147.0,6,91.0
6713,6713,98.0,1,239,27.0,36.0,7,91.0
6714,6714,99.0,1,239,25.0,34.0,8,91.0
6715,6715,100.0,1,239,24.0,76.0,9,91.0
6716,6716,101.0,1,239,19.0,60.0,10,91.0
6717,6717,102.0,1,239,57.0,94.0,11,91.0
6718,6718,103.0,1,239,69.0,153.0,12,91.0
6719,6719,104.0,1,239,30.0,77.0,13,91.0
6720,6720,234.0,0,240,15.0,46.0,-14,248.0
6721,6721,235.0,0,240,9.0,41.0,-13,248.0
6722,6722,236.0,0,240,37.0,201.0,-12,248.0
6723,6723,237.0,0,240,51.0,260.0,-11,248.0
6724,6724,238.0,0,240,27.0,133.0,-10,248.0
6725,6725,239.0,0,240,64.0,293.0,-9,248.0
6726,6726,240.0,0,240,41.0,118.0,-8,248.0
6727,6727,241.0,0,240,30.0,102.0,-7,248.0
6728,6728,242.0,0,240,51.0,214.0,-6,248.0
6729,6729,243.0,0,240,112.0,431.0,-5,248.0
6730,6730,244.0,0,240,90.0,490.0,-4,248.0
6731,6731,245.0,0,240,71.0,290.0,-3,248.0
6732,6732,246.0,0,240,267.0,1072.0,-2,248.0
6733,6733,247.0,0,240,156.0,728.0,-1,248.0
6734,6734,248.0,1,240,96.0,629.0,0,248.0
6735,6735,249.0,1,240,26.0,240.0,1,248.0
6736,6736,250.0,1,240,68.0,406.0,2,248.0
6737,6737,251.0,1,240,123.0,600.0,3,248.0
6738,6738,252.0,1,240,153.0,513.0,4,248.0
6739,6739,253.0,1,240,21.0,92.0,5,248.0
6740,6740,254.0,1,240,18.0,59.0,6,248.0
6741,6741,255.0,1,240,14.0,61.0,7,248.0
6742,6742,256.0,1,240,25.0,118.0,8,248.0
6743,6743,257.0,1,240,36.0,204.0,9,248.0
6744,6744,258.0,1,240,46.0,344.0,10,248.0
6745,6745,259.0,1,240,41.0,329.0,11,248.0
6746,6746,260.0,1,240,30.0,186.0,12,248.0
6747,6747,261.0,1,240,30.0,80.0,13,248.0
6748,6748,126.0,0,241,85.0,134.0,-14,140.0
6749,6749,127.0,0,241,68.0,76.0,-13,140.0
6750,6750,128.0,0,241,44.0,92.0,-12,140.0
6751,6751,129.0,0,241,175.0,185.0,-11,140.0
6752,6752,130.0,0,241,104.0,161.0,-10,140.0
6753,6753,131.0,0,241,69.0,118.0,-9,140.0
6754,6754,132.0,0,241,83.0,172.0,-8,140.0
6755,6755,133.0,0,241,111.0,175.0,-7,140.0
6756,6756,134.0,0,241,113.0,161.0,-6,140.0
6757,6757,135.0,0,241,237.0,312.0,-5,140.0
6758,6758,136.0,0,241,162.0,179.0,-4,140.0
6759,6759,137.0,0,241,80.0,172.0,-3,140.0
6760,6760,138.0,0,241,99.0,151.0,-2,140.0
6761,6761,139.0,0,241,85.0,141.0,-1,140.0
6762,6762,140.0,1,241,131.0,118.0,0,140.0
6763,6763,141.0,1,241,46.0,131.0,1,140.0
6764,6764,142.0,1,241,42.0,152.0,2,140.0
6765,6765,143.0,1,241,81.0,200.0,3,140.0
6766,6766,144.0,1,241,39.0,139.0,4,140.0
6767,6767,145.0,1,241,40.0,116.0,5,140.0
6768,6768,146.0,1,241,51.0,134.0,6,140.0
6769,6769,147.0,1,241,104.0,174.0,7,140.0
6770,6770,148.0,1,241,47.0,112.0,8,140.0
6771,6771,149.0,1,241,80.0,178.0,9,140.0
6772,6772,150.0,1,241,55.0,159.0,10,140.0
6773,6773,151.0,1,241,42.0,197.0,11,140.0
6774,6774,152.0,1,241,39.0,152.0,12,140.0
6775,6775,153.0,1,241,22.0,96.0,13,140.0
6776,6776,42.0,0,242,6.0,12.0,-14,56.0
6777,6777,43.0,0,242,0.0,6.0,-13,56.0
6778,6778,44.0,0,242,6.0,6.0,-12,56.0
6779,6779,45.0,0,242,0.0,1.0,-11,56.0
6780,6780,46.0,0,242,0.0,2.0,-10,56.0
6781,6781,47.0,0,242,0.0,0.0,-9,56.0
6782,6782,48.0,0,242,1.0,0.0,-8,56.0
6783,6783,49.0,0,242,1.0,3.0,-7,56.0
6784,6784,50.0,0,242,8.0,5.0,-6,56.0
6785,6785,51.0,0,242,64.0,112.0,-5,56.0
6786,6786,52.0,0,242,18.0,25.0,-4,56.0
6787,6787,53.0,0,242,4.0,8.0,-3,56.0
6788,6788,54.0,0,242,3.0,15.0,-2,56.0
6789,6789,55.0,0,242,2.0,5.0,-1,56.0
6790,6790,56.0,1,242,27.0,30.0,0,56.0
6791,6791,57.0,1,242,58.0,46.0,1,56.0
6792,6792,58.0,1,242,170.0,238.0,2,56.0
6793,6793,59.0,1,242,21.0,47.0,3,56.0
6794,6794,60.0,1,242,14.0,23.0,4,56.0
6795,6795,61.0,1,242,9.0,10.0,5,56.0
6796,6796,62.0,1,242,1.0,9.0,6,56.0
6797,6797,63.0,1,242,2.0,2.0,7,56.0
6798,6798,64.0,1,242,0.0,5.0,8,56.0
6799,6799,65.0,1,242,3.0,5.0,9,56.0
6800,6800,66.0,1,242,2.0,4.0,10,56.0
6801,6801,67.0,1,242,1.0,2.0,11,56.0
6802,6802,68.0,1,242,0.0,0.0,12,56.0
6803,6803,69.0,1,242,0.0,2.0,13,56.0
6804,6804,72.0,0,243,352.0,993.0,-14,86.0
6805,6805,73.0,0,243,205.0,563.0,-13,86.0
6806,6806,74.0,0,243,30.0,78.0,-12,86.0
6807,6807,75.0,0,243,281.0,805.0,-11,86.0
6808,6808,76.0,0,243,341.0,1047.0,-10,86.0
6809,6809,77.0,0,243,115.0,280.0,-9,86.0
6810,6810,78.0,0,243,61.0,104.0,-8,86.0
6811,6811,79.0,0,243,223.0,659.0,-7,86.0
6812,6812,80.0,0,243,884.0,2652.0,-6,86.0
6813,6813,81.0,0,243,171.0,327.0,-5,86.0
6814,6814,82.0,0,243,68.0,147.0,-4,86.0
6815,6815,83.0,0,243,256.0,655.0,-3,86.0
6816,6816,84.0,0,243,60.0,128.0,-2,86.0
6817,6817,85.0,0,243,41.0,64.0,-1,86.0
6818,6818,86.0,1,243,46.0,63.0,0,86.0
6819,6819,87.0,1,243,124.0,485.0,1,86.0
6820,6820,88.0,1,243,50.0,134.0,2,86.0
6821,6821,89.0,1,243,142.0,666.0,3,86.0
6822,6822,90.0,1,243,209.0,1160.0,4,86.0
6823,6823,91.0,1,243,32.0,176.0,5,86.0
6824,6824,92.0,1,243,41.0,141.0,6,86.0
6825,6825,93.0,1,243,39.0,176.0,7,86.0
6826,6826,94.0,1,243,202.0,802.0,8,86.0
6827,6827,95.0,1,243,46.0,225.0,9,86.0
6828,6828,96.0,1,243,54.0,202.0,10,86.0
6829,6829,97.0,1,243,22.0,106.0,11,86.0
6830,6830,98.0,1,243,15.0,79.0,12,86.0
6831,6831,99.0,1,243,9.0,64.0,13,86.0
6832,6832,24.0,0,244,3.0,5.0,-14,38.0
6833,6833,25.0,0,244,2.0,11.0,-13,38.0
6834,6834,26.0,0,244,4.0,21.0,-12,38.0
6835,6835,27.0,0,244,21.0,152.0,-11,38.0
6836,6836,28.0,0,244,18.0,108.0,-10,38.0
6837,6837,29.0,0,244,23.0,103.0,-9,38.0
6838,6838,30.0,0,244,27.0,128.0,-8,38.0
6839,6839,31.0,0,244,39.0,134.0,-7,38.0
6840,6840,32.0,0,244,96.0,444.0,-6,38.0
6841,6841,33.0,0,244,203.0,826.0,-5,38.0
6842,6842,34.0,0,244,291.0,1256.0,-4,38.0
6843,6843,35.0,0,244,222.0,551.0,-3,38.0
6844,6844,36.0,0,244,258.0,1168.0,-2,38.0
6845,6845,37.0,0,244,317.0,1058.0,-1,38.0
6846,6846,38.0,1,244,247.0,666.0,0,38.0
6847,6847,39.0,1,244,138.0,539.0,1,38.0
6848,6848,40.0,1,244,102.0,428.0,2,38.0
6849,6849,41.0,1,244,82.0,349.0,3,38.0
6850,6850,42.0,1,244,36.0,243.0,4,38.0
6851,6851,43.0,1,244,506.0,3873.0,5,38.0
6852,6852,44.0,1,244,95.0,706.0,6,38.0
6853,6853,45.0,1,244,27.0,243.0,7,38.0
6854,6854,46.0,1,244,72.0,552.0,8,38.0
6855,6855,47.0,1,244,30.0,194.0,9,38.0
6856,6856,48.0,1,244,23.0,101.0,10,38.0
6857,6857,49.0,1,244,13.0,75.0,11,38.0
6858,6858,50.0,1,244,8.0,98.0,12,38.0
6859,6859,51.0,1,244,27.0,91.0,13,38.0
6860,6860,85.0,0,245,56.0,232.0,-14,99.0
6861,6861,86.0,0,245,72.0,206.0,-13,99.0
6862,6862,87.0,0,245,176.0,691.0,-12,99.0
6863,6863,88.0,0,245,54.0,198.0,-11,99.0
6864,6864,89.0,0,245,328.0,1308.0,-10,99.0
6865,6865,90.0,0,245,137.0,611.0,-9,99.0
6866,6866,91.0,0,245,65.0,258.0,-8,99.0
6867,6867,92.0,0,245,71.0,236.0,-7,99.0
6868,6868,93.0,0,245,174.0,599.0,-6,99.0
6869,6869,94.0,0,245,347.0,1555.0,-5,99.0
6870,6870,95.0,0,245,61.0,274.0,-4,99.0
6871,6871,96.0,0,245,71.0,299.0,-3,99.0
6872,6872,97.0,0,245,64.0,266.0,-2,99.0
6873,6873,98.0,0,245,54.0,223.0,-1,99.0
6874,6874,99.0,1,245,40.0,159.0,0,99.0
6875,6875,100.0,1,245,422.0,2214.0,1,99.0
6876,6876,101.0,1,245,55.0,468.0,2,99.0
6877,6877,102.0,1,245,408.0,2952.0,3,99.0
6878,6878,103.0,1,245,89.0,877.0,4,99.0
6879,6879,104.0,1,245,24.0,449.0,5,99.0
6880,6880,105.0,1,245,129.0,731.0,6,99.0
6881,6881,106.0,1,245,51.0,445.0,7,99.0
6882,6882,107.0,1,245,33.0,310.0,8,99.0
6883,6883,108.0,1,245,18.0,246.0,9,99.0
6884,6884,109.0,1,245,25.0,240.0,10,99.0
6885,6885,110.0,1,245,18.0,358.0,11,99.0
6886,6886,111.0,1,245,244.0,2139.0,12,99.0
6887,6887,112.0,1,245,47.0,393.0,13,99.0
6888,6888,7.0,0,246,18.0,121.0,-14,21.0
6889,6889,8.0,0,246,19.0,202.0,-13,21.0
6890,6890,9.0,0,246,11.0,99.0,-12,21.0
6891,6891,10.0,0,246,16.0,123.0,-11,21.0
6892,6892,11.0,0,246,4.0,121.0,-10,21.0
6893,6893,12.0,0,246,4.0,73.0,-9,21.0
6894,6894,13.0,0,246,3.0,33.0,-8,21.0
6895,6895,14.0,0,246,1.0,13.0,-7,21.0
6896,6896,15.0,0,246,2.0,14.0,-6,21.0
6897,6897,16.0,0,246,1.0,5.0,-5,21.0
6898,6898,17.0,0,246,1.0,24.0,-4,21.0
6899,6899,18.0,0,246,14.0,87.0,-3,21.0
6900,6900,19.0,0,246,2.0,33.0,-2,21.0
6901,6901,20.0,0,246,19.0,96.0,-1,21.0
6902,6902,21.0,1,246,3.0,47.0,0,21.0
6903,6903,22.0,1,246,1.0,37.0,1,21.0
6904,6904,23.0,1,246,2.0,17.0,2,21.0
6905,6905,24.0,1,246,3.0,24.0,3,21.0
6906,6906,25.0,1,246,4.0,65.0,4,21.0
6907,6907,26.0,1,246,16.0,256.0,5,21.0
6908,6908,27.0,1,246,17.0,601.0,6,21.0
6909,6909,28.0,1,246,15.0,574.0,7,21.0
6910,6910,29.0,1,246,21.0,580.0,8,21.0
6911,6911,30.0,1,246,24.0,763.0,9,21.0
6912,6912,31.0,1,246,63.0,2130.0,10,21.0
6913,6913,32.0,1,246,71.0,4543.0,11,21.0
6914,6914,33.0,1,246,27.0,2914.0,12,21.0
6915,6915,34.0,1,246,13.0,1944.0,13,21.0
6916,6916,28.0,0,247,0.0,0.0,-14,42.0
6917,6917,29.0,0,247,0.0,0.0,-13,42.0
6918,6918,30.0,0,247,1491.0,3503.0,-12,42.0
6919,6919,31.0,0,247,2125.0,7384.0,-11,42.0
6920,6920,32.0,0,247,1882.0,13231.0,-10,42.0
6921,6921,33.0,0,247,1497.0,8061.0,-9,42.0
6922,6922,34.0,0,247,1476.0,8726.0,-8,42.0
6923,6923,35.0,0,247,1469.0,5629.0,-7,42.0
6924,6924,36.0,0,247,3176.0,20434.0,-6,42.0
6925,6925,37.0,0,247,2525.0,19065.0,-5,42.0
6926,6926,38.0,0,247,1515.0,10320.0,-4,42.0
6927,6927,39.0,0,247,1791.0,12790.0,-3,42.0
6928,6928,40.0,0,247,1486.0,9750.0,-2,42.0
6929,6929,41.0,0,247,1018.0,9237.0,-1,42.0
6930,6930,42.0,1,247,742.0,5742.0,0,42.0
6931,6931,43.0,1,247,357.0,3887.0,1,42.0
6932,6932,44.0,1,247,356.0,4608.0,2,42.0
6933,6933,45.0,1,247,695.0,8369.0,3,42.0
6934,6934,46.0,1,247,246.0,3957.0,4,42.0
6935,6935,47.0,1,247,179.0,3031.0,5,42.0
6936,6936,48.0,1,247,471.0,6592.0,6,42.0
6937,6937,49.0,1,247,207.0,3685.0,7,42.0
6938,6938,50.0,1,247,198.0,2725.0,8,42.0
6939,6939,51.0,1,247,132.0,2306.0,9,42.0
6940,6940,52.0,1,247,171.0,2903.0,10,42.0
6941,6941,53.0,1,247,101.0,1495.0,11,42.0
6942,6942,54.0,1,247,100.0,2259.0,12,42.0
6943,6943,55.0,1,247,111.0,2638.0,13,42.0
6944,6944,234.0,0,248,0.0,0.0,-14,248.0
6945,6945,235.0,0,248,0.0,0.0,-13,248.0
6946,6946,236.0,0,248,0.0,2.0,-12,248.0
6947,6947,237.0,0,248,0.0,1.0,-11,248.0
6948,6948,238.0,0,248,0.0,1.0,-10,248.0
6949,6949,239.0,0,248,0.0,1.0,-9,248.0
6950,6950,240.0,0,248,0.0,1.0,-8,248.0
6951,6951,241.0,0,248,0.0,2.0,-7,248.0
6952,6952,242.0,0,248,0.0,0.0,-6,248.0
6953,6953,243.0,0,248,0.0,0.0,-5,248.0
6954,6954,244.0,0,248,0.0,0.0,-4,248.0
6955,6955,245.0,0,248,0.0,0.0,-3,248.0
6956,6956,246.0,0,248,0.0,1.0,-2,248.0
6957,6957,247.0,0,248,22.0,7.0,-1,248.0
6958,6958,248.0,1,248,69.0,86.0,0,248.0
6959,6959,249.0,1,248,0.0,10.0,1,248.0
6960,6960,250.0,1,248,0.0,0.0,2,248.0
6961,6961,251.0,1,248,0.0,1.0,3,248.0
6962,6962,252.0,1,248,1.0,2.0,4,248.0
6963,6963,253.0,1,248,0.0,0.0,5,248.0
6964,6964,254.0,1,248,1.0,0.0,6,248.0
6965,6965,255.0,1,248,0.0,1.0,7,248.0
6966,6966,256.0,1,248,1.0,0.0,8,248.0
6967,6967,257.0,1,248,0.0,0.0,9,248.0
6968,6968,258.0,1,248,0.0,2.0,10,248.0
6969,6969,259.0,1,248,1.0,0.0,11,248.0
6970,6970,260.0,1,248,0.0,0.0,12,248.0
6971,6971,261.0,1,248,0.0,0.0,13,248.0
6972,6972,197.0,0,249,15.0,18.0,-14,211.0
6973,6973,198.0,0,249,29.0,36.0,-13,211.0
6974,6974,199.0,0,249,56.0,30.0,-12,211.0
6975,6975,200.0,0,249,16.0,12.0,-11,211.0
6976,6976,201.0,0,249,10.0,16.0,-10,211.0
6977,6977,202.0,0,249,15.0,40.0,-9,211.0
6978,6978,203.0,0,249,14.0,23.0,-8,211.0
6979,6979,204.0,0,249,22.0,27.0,-7,211.0
6980,6980,205.0,0,249,16.0,17.0,-6,211.0
6981,6981,206.0,0,249,18.0,24.0,-5,211.0
6982,6982,207.0,0,249,15.0,15.0,-4,211.0
6983,6983,208.0,0,249,6.0,9.0,-3,211.0
6984,6984,209.0,0,249,9.0,11.0,-2,211.0
6985,6985,210.0,0,249,30.0,22.0,-1,211.0
6986,6986,211.0,1,249,32.0,23.0,0,211.0
6987,6987,212.0,1,249,14.0,24.0,1,211.0
6988,6988,213.0,1,249,89.0,57.0,2,211.0
6989,6989,214.0,1,249,98.0,54.0,3,211.0
6990,6990,215.0,1,249,24.0,22.0,4,211.0
6991,6991,216.0,1,249,17.0,22.0,5,211.0
6992,6992,217.0,1,249,20.0,31.0,6,211.0
6993,6993,218.0,1,249,17.0,15.0,7,211.0
6994,6994,219.0,1,249,10.0,11.0,8,211.0
6995,6995,220.0,1,249,12.0,12.0,9,211.0
6996,6996,221.0,1,249,18.0,19.0,10,211.0
6997,6997,222.0,1,249,22.0,29.0,11,211.0
6998,6998,223.0,1,249,15.0,24.0,12,211.0
6999,6999,224.0,1,249,17.0,23.0,13,211.0
7000,7000,170.0,0,250,4.0,3.0,-14,184.0
7001,7001,171.0,0,250,1.0,5.0,-13,184.0
7002,7002,172.0,0,250,5.0,4.0,-12,184.0
7003,7003,173.0,0,250,26.0,28.0,-11,184.0
7004,7004,174.0,0,250,6.0,9.0,-10,184.0
7005,7005,175.0,0,250,2.0,4.0,-9,184.0
7006,7006,176.0,0,250,3.0,5.0,-8,184.0
7007,7007,177.0,0,250,1.0,2.0,-7,184.0
7008,7008,178.0,0,250,39.0,18.0,-6,184.0
7009,7009,179.0,0,250,65.0,57.0,-5,184.0
7010,7010,180.0,0,250,85.0,73.0,-4,184.0
7011,7011,181.0,0,250,13.0,3.0,-3,184.0
7012,7012,182.0,0,250,5.0,8.0,-2,184.0
7013,7013,183.0,0,250,14.0,8.0,-1,184.0
7014,7014,184.0,1,250,43.0,26.0,0,184.0
7015,7015,185.0,1,250,84.0,22.0,1,184.0
7016,7016,186.0,1,250,36.0,26.0,2,184.0
7017,7017,187.0,1,250,17.0,10.0,3,184.0
7018,7018,188.0,1,250,21.0,14.0,4,184.0
7019,7019,189.0,1,250,15.0,24.0,5,184.0
7020,7020,190.0,1,250,6.0,14.0,6,184.0
7021,7021,191.0,1,250,8.0,5.0,7,184.0
7022,7022,192.0,1,250,4.0,5.0,8,184.0
7023,7023,193.0,1,250,24.0,13.0,9,184.0
7024,7024,194.0,1,250,29.0,19.0,10,184.0
7025,7025,195.0,1,250,11.0,14.0,11,184.0
7026,7026,196.0,1,250,17.0,15.0,12,184.0
7027,7027,197.0,1,250,8.0,7.0,13,184.0
7028,7028,253.0,0,251,9.0,9.0,-14,267.0
7029,7029,254.0,0,251,15.0,18.0,-13,267.0
7030,7030,255.0,0,251,21.0,15.0,-12,267.0
7031,7031,256.0,0,251,33.0,34.0,-11,267.0
7032,7032,257.0,0,251,27.0,31.0,-10,267.0
7033,7033,258.0,0,251,9.0,9.0,-9,267.0
7034,7034,259.0,0,251,7.0,11.0,-8,267.0
7035,7035,260.0,0,251,7.0,12.0,-7,267.0
7036,7036,261.0,0,251,7.0,12.0,-6,267.0
7037,7037,262.0,0,251,16.0,9.0,-5,267.0
7038,7038,263.0,0,251,10.0,6.0,-4,267.0
7039,7039,264.0,0,251,8.0,10.0,-3,267.0
7040,7040,265.0,0,251,320.0,181.0,-2,267.0
7041,7041,266.0,0,251,22.0,22.0,-1,267.0
7042,7042,267.0,1,251,69.0,44.0,0,267.0
7043,7043,268.0,1,251,23.0,17.0,1,267.0
7044,7044,269.0,1,251,12.0,33.0,2,267.0
7045,7045,270.0,1,251,16.0,25.0,3,267.0
7046,7046,271.0,1,251,9.0,15.0,4,267.0
7047,7047,272.0,1,251,7.0,21.0,5,267.0
7048,7048,273.0,1,251,7.0,6.0,6,267.0
7049,7049,274.0,1,251,14.0,14.0,7,267.0
7050,7050,275.0,1,251,16.0,14.0,8,267.0
7051,7051,276.0,1,251,35.0,22.0,9,267.0
7052,7052,277.0,1,251,21.0,16.0,10,267.0
7053,7053,278.0,1,251,10.0,21.0,11,267.0
7054,7054,279.0,1,251,5.0,7.0,12,267.0
7055,7055,280.0,1,251,4.0,1.0,13,267.0
7056,7056,122.0,0,252,67.0,103.0,-14,136.0
7057,7057,123.0,0,252,48.0,71.0,-13,136.0
7058,7058,124.0,0,252,77.0,138.0,-12,136.0
7059,7059,125.0,0,252,73.0,140.0,-11,136.0
7060,7060,126.0,0,252,38.0,51.0,-10,136.0
7061,7061,127.0,0,252,76.0,107.0,-9,136.0
7062,7062,128.0,0,252,418.0,538.0,-8,136.0
7063,7063,129.0,0,252,76.0,125.0,-7,136.0
7064,7064,130.0,0,252,46.0,64.0,-6,136.0
7065,7065,131.0,0,252,63.0,79.0,-5,136.0
7066,7066,132.0,0,252,38.0,73.0,-4,136.0
7067,7067,133.0,0,252,91.0,133.0,-3,136.0
7068,7068,134.0,0,252,27.0,54.0,-2,136.0
7069,7069,135.0,0,252,41.0,75.0,-1,136.0
7070,7070,136.0,1,252,645.0,1010.0,0,136.0
7071,7071,137.0,1,252,71.0,119.0,1,136.0
7072,7072,138.0,1,252,39.0,96.0,2,136.0
7073,7073,139.0,1,252,71.0,126.0,3,136.0
7074,7074,140.0,1,252,24.0,47.0,4,136.0
7075,7075,141.0,1,252,36.0,80.0,5,136.0
7076,7076,142.0,1,252,26.0,79.0,6,136.0
7077,7077,143.0,1,252,23.0,57.0,7,136.0
7078,7078,144.0,1,252,13.0,40.0,8,136.0
7079,7079,145.0,1,252,44.0,68.0,9,136.0
7080,7080,146.0,1,252,14.0,49.0,10,136.0
7081,7081,147.0,1,252,14.0,33.0,11,136.0
7082,7082,148.0,1,252,73.0,146.0,12,136.0
7083,7083,149.0,1,252,63.0,99.0,13,136.0
7084,7084,117.0,0,253,2.0,7.0,-14,131.0
7085,7085,118.0,0,253,1.0,9.0,-13,131.0
7086,7086,119.0,0,253,5.0,5.0,-12,131.0
7087,7087,120.0,0,253,1.0,6.0,-11,131.0
7088,7088,121.0,0,253,3.0,22.0,-10,131.0
7089,7089,122.0,0,253,3.0,16.0,-9,131.0
7090,7090,123.0,0,253,5.0,11.0,-8,131.0
7091,7091,124.0,0,253,2.0,3.0,-7,131.0
7092,7092,125.0,0,253,1.0,6.0,-6,131.0
7093,7093,126.0,0,253,0.0,0.0,-5,131.0
7094,7094,127.0,0,253,1.0,3.0,-4,131.0
7095,7095,128.0,0,253,0.0,1.0,-3,131.0
7096,7096,129.0,0,253,1.0,0.0,-2,131.0
7097,7097,130.0,0,253,0.0,1.0,-1,131.0
7098,7098,131.0,1,253,1.0,1.0,0,131.0
7099,7099,132.0,1,253,0.0,2.0,1,131.0
7100,7100,133.0,1,253,1.0,2.0,2,131.0
7101,7101,134.0,1,253,1.0,1.0,3,131.0
7102,7102,135.0,1,253,0.0,0.0,4,131.0
7103,7103,136.0,1,253,3.0,4.0,5,131.0
7104,7104,137.0,1,253,0.0,2.0,6,131.0
7105,7105,138.0,1,253,0.0,18.0,7,131.0
7106,7106,139.0,1,253,2.0,3.0,8,131.0
7107,7107,140.0,1,253,0.0,7.0,9,131.0
7108,7108,141.0,1,253,1.0,1.0,10,131.0
7109,7109,142.0,1,253,1.0,5.0,11,131.0
7110,7110,143.0,1,253,1.0,2.0,12,131.0
7111,7111,144.0,1,253,1.0,0.0,13,131.0
7112,7112,54.0,0,254,5.0,2.0,-14,68.0
7113,7113,55.0,0,254,18.0,11.0,-13,68.0
7114,7114,56.0,0,254,4.0,5.0,-12,68.0
7115,7115,57.0,0,254,4.0,6.0,-11,68.0
7116,7116,58.0,0,254,4.0,3.0,-10,68.0
7117,7117,59.0,0,254,2.0,2.0,-9,68.0
7118,7118,60.0,0,254,4.0,4.0,-8,68.0
7119,7119,61.0,0,254,7.0,7.0,-7,68.0
7120,7120,62.0,0,254,1.0,4.0,-6,68.0
7121,7121,63.0,0,254,2.0,1.0,-5,68.0
7122,7122,64.0,0,254,38.0,55.0,-4,68.0
7123,7123,65.0,0,254,35.0,21.0,-3,68.0
7124,7124,66.0,0,254,9.0,6.0,-2,68.0
7125,7125,67.0,0,254,20.0,10.0,-1,68.0
7126,7126,68.0,1,254,73.0,42.0,0,68.0
7127,7127,69.0,1,254,4.0,7.0,1,68.0
7128,7128,70.0,1,254,7.0,6.0,2,68.0
7129,7129,71.0,1,254,5.0,4.0,3,68.0
7130,7130,72.0,1,254,10.0,4.0,4,68.0
7131,7131,73.0,1,254,2.0,4.0,5,68.0
7132,7132,74.0,1,254,3.0,7.0,6,68.0
7133,7133,75.0,1,254,0.0,0.0,7,68.0
7134,7134,76.0,1,254,1.0,0.0,8,68.0
7135,7135,77.0,1,254,1.0,0.0,9,68.0
7136,7136,78.0,1,254,0.0,1.0,10,68.0
7137,7137,79.0,1,254,1.0,2.0,11,68.0
7138,7138,80.0,1,254,1.0,0.0,12,68.0
7139,7139,81.0,1,254,3.0,1.0,13,68.0
7140,7140,263.0,0,255,0.0,2.0,-14,277.0
7141,7141,264.0,0,255,5.0,1.0,-13,277.0
7142,7142,265.0,0,255,5.0,13.0,-12,277.0
7143,7143,266.0,0,255,3.0,8.0,-11,277.0
7144,7144,267.0,0,255,0.0,1.0,-10,277.0
7145,7145,268.0,0,255,3.0,1.0,-9,277.0
7146,7146,269.0,0,255,0.0,0.0,-8,277.0
7147,7147,270.0,0,255,0.0,0.0,-7,277.0
7148,7148,271.0,0,255,7.0,15.0,-6,277.0
7149,7149,272.0,0,255,4.0,11.0,-5,277.0
7150,7150,273.0,0,255,0.0,0.0,-4,277.0
7151,7151,274.0,0,255,2.0,1.0,-3,277.0
7152,7152,275.0,0,255,0.0,2.0,-2,277.0
7153,7153,276.0,0,255,9.0,5.0,-1,277.0
7154,7154,277.0,1,255,323.0,194.0,0,277.0
7155,7155,278.0,1,255,22.0,23.0,1,277.0
7156,7156,279.0,1,255,5.0,4.0,2,277.0
7157,7157,280.0,1,255,5.0,2.0,3,277.0
7158,7158,281.0,1,255,6.0,4.0,4,277.0
7159,7159,282.0,1,255,1.0,0.0,5,277.0
7160,7160,283.0,1,255,0.0,1.0,6,277.0
7161,7161,284.0,1,255,1.0,1.0,7,277.0
7162,7162,285.0,1,255,1.0,1.0,8,277.0
7163,7163,286.0,1,255,0.0,4.0,9,277.0
7164,7164,287.0,1,255,0.0,4.0,10,277.0
7165,7165,288.0,1,255,0.0,1.0,11,277.0
7166,7166,289.0,1,255,0.0,1.0,12,277.0
7167,7167,290.0,1,255,3.0,2.0,13,277.0
7168,7168,96.0,0,256,203.0,258.0,-14,110.0
7169,7169,97.0,0,256,76.0,164.0,-13,110.0
7170,7170,98.0,0,256,50.0,140.0,-12,110.0
7171,7171,99.0,0,256,71.0,220.0,-11,110.0
7172,7172,100.0,0,256,57.0,203.0,-10,110.0
7173,7173,101.0,0,256,135.0,355.0,-9,110.0
7174,7174,102.0,0,256,344.0,527.0,-8,110.0
7175,7175,103.0,0,256,235.0,648.0,-7,110.0
7176,7176,104.0,0,256,318.0,722.0,-6,110.0
7177,7177,105.0,0,256,189.0,519.0,-5,110.0
7178,7178,106.0,0,256,89.0,292.0,-4,110.0
7179,7179,107.0,0,256,92.0,323.0,-3,110.0
7180,7180,108.0,0,256,368.0,566.0,-2,110.0
7181,7181,109.0,0,256,2311.0,5015.0,-1,110.0
7182,7182,110.0,1,256,1017.0,2876.0,0,110.0
7183,7183,111.0,1,256,687.0,1911.0,1,110.0
7184,7184,112.0,1,256,138.0,473.0,2,110.0
7185,7185,113.0,1,256,83.0,233.0,3,110.0
7186,7186,114.0,1,256,62.0,230.0,4,110.0
7187,7187,115.0,1,256,67.0,239.0,5,110.0
7188,7188,116.0,1,256,46.0,228.0,6,110.0
7189,7189,117.0,1,256,45.0,220.0,7,110.0
7190,7190,118.0,1,256,31.0,167.0,8,110.0
7191,7191,119.0,1,256,34.0,210.0,9,110.0
7192,7192,120.0,1,256,28.0,136.0,10,110.0
7193,7193,121.0,1,256,37.0,128.0,11,110.0
7194,7194,122.0,1,256,34.0,151.0,12,110.0
7195,7195,123.0,1,256,29.0,138.0,13,110.0
7196,7196,49.0,0,257,183.0,909.0,-14,63.0
7197,7197,50.0,0,257,556.0,1410.0,-13,63.0
7198,7198,51.0,0,257,909.0,2779.0,-12,63.0
7199,7199,52.0,0,257,326.0,1081.0,-11,63.0
7200,7200,53.0,0,257,238.0,1049.0,-10,63.0
7201,7201,54.0,0,257,400.0,1489.0,-9,63.0
7202,7202,55.0,0,257,259.0,949.0,-8,63.0
7203,7203,56.0,0,257,267.0,1145.0,-7,63.0
7204,7204,57.0,0,257,300.0,1179.0,-6,63.0
7205,7205,58.0,0,257,577.0,1062.0,-5,63.0
7206,7206,59.0,0,257,553.0,898.0,-4,63.0
7207,7207,60.0,0,257,328.0,951.0,-3,63.0
7208,7208,61.0,0,257,199.0,488.0,-2,63.0
7209,7209,62.0,0,257,579.0,1318.0,-1,63.0
7210,7210,63.0,1,257,186.0,968.0,0,63.0
7211,7211,64.0,1,257,226.0,394.0,1,63.0
7212,7212,65.0,1,257,186.0,399.0,2,63.0
7213,7213,66.0,1,257,174.0,707.0,3,63.0
7214,7214,67.0,1,257,150.0,423.0,4,63.0
7215,7215,68.0,1,257,101.0,635.0,5,63.0
7216,7216,69.0,1,257,116.0,561.0,6,63.0
7217,7217,70.0,1,257,233.0,985.0,7,63.0
7218,7218,71.0,1,257,157.0,659.0,8,63.0
7219,7219,72.0,1,257,209.0,683.0,9,63.0
7220,7220,73.0,1,257,100.0,358.0,10,63.0
7221,7221,74.0,1,257,109.0,412.0,11,63.0
7222,7222,75.0,1,257,40.0,187.0,12,63.0
7223,7223,76.0,1,257,32.0,349.0,13,63.0
7224,7224,123.0,0,258,34.0,163.0,-14,137.0
7225,7225,124.0,0,258,27.0,166.0,-13,137.0
7226,7226,125.0,0,258,97.0,416.0,-12,137.0
7227,7227,126.0,0,258,26.0,120.0,-11,137.0
7228,7228,127.0,0,258,60.0,274.0,-10,137.0
7229,7229,128.0,0,258,71.0,307.0,-9,137.0
7230,7230,129.0,0,258,308.0,383.0,-8,137.0
7231,7231,130.0,0,258,28.0,113.0,-7,137.0
7232,7232,131.0,0,258,21.0,104.0,-6,137.0
7233,7233,132.0,0,258,28.0,148.0,-5,137.0
7234,7234,133.0,0,258,22.0,120.0,-4,137.0
7235,7235,134.0,0,258,124.0,238.0,-3,137.0
7236,7236,135.0,0,258,50.0,199.0,-2,137.0
7237,7237,136.0,0,258,131.0,371.0,-1,137.0
7238,7238,137.0,1,258,160.0,277.0,0,137.0
7239,7239,138.0,1,258,28.0,154.0,1,137.0
7240,7240,139.0,1,258,112.0,360.0,2,137.0
7241,7241,140.0,1,258,104.0,177.0,3,137.0
7242,7242,141.0,1,258,104.0,204.0,4,137.0
7243,7243,142.0,1,258,103.0,160.0,5,137.0
7244,7244,143.0,1,258,45.0,165.0,6,137.0
7245,7245,144.0,1,258,32.0,132.0,7,137.0
7246,7246,145.0,1,258,39.0,162.0,8,137.0
7247,7247,146.0,1,258,19.0,130.0,9,137.0
7248,7248,147.0,1,258,44.0,231.0,10,137.0
7249,7249,148.0,1,258,193.0,391.0,11,137.0
7250,7250,149.0,1,258,66.0,154.0,12,137.0
7251,7251,150.0,1,258,45.0,111.0,13,137.0
7252,7252,234.0,0,259,35.0,59.0,-14,248.0
7253,7253,235.0,0,259,14.0,58.0,-13,248.0
7254,7254,236.0,0,259,25.0,97.0,-12,248.0
7255,7255,237.0,0,259,23.0,93.0,-11,248.0
7256,7256,238.0,0,259,11.0,76.0,-10,248.0
7257,7257,239.0,0,259,20.0,91.0,-9,248.0
7258,7258,240.0,0,259,18.0,63.0,-8,248.0
7259,7259,241.0,0,259,58.0,174.0,-7,248.0
7260,7260,242.0,0,259,55.0,188.0,-6,248.0
7261,7261,243.0,0,259,69.0,334.0,-5,248.0
7262,7262,244.0,0,259,56.0,296.0,-4,248.0
7263,7263,245.0,0,259,80.0,343.0,-3,248.0
7264,7264,246.0,0,259,40.0,248.0,-2,248.0
7265,7265,247.0,0,259,245.0,732.0,-1,248.0
7266,7266,248.0,1,259,359.0,908.0,0,248.0
7267,7267,249.0,1,259,106.0,349.0,1,248.0
7268,7268,250.0,1,259,114.0,731.0,2,248.0
7269,7269,251.0,1,259,59.0,280.0,3,248.0
7270,7270,252.0,1,259,95.0,192.0,4,248.0
7271,7271,253.0,1,259,57.0,137.0,5,248.0
7272,7272,254.0,1,259,34.0,94.0,6,248.0
7273,7273,255.0,1,259,24.0,125.0,7,248.0
7274,7274,256.0,1,259,14.0,85.0,8,248.0
7275,7275,257.0,1,259,34.0,101.0,9,248.0
7276,7276,258.0,1,259,20.0,89.0,10,248.0
7277,7277,259.0,1,259,14.0,70.0,11,248.0
7278,7278,260.0,1,259,20.0,93.0,12,248.0
7279,7279,261.0,1,259,19.0,82.0,13,248.0
7280,7280,284.0,0,260,4.0,2.0,-14,298.0
7281,7281,285.0,0,260,5.0,7.0,-13,298.0
7282,7282,286.0,0,260,1.0,1.0,-12,298.0
7283,7283,287.0,0,260,1.0,1.0,-11,298.0
7284,7284,288.0,0,260,1.0,0.0,-10,298.0
7285,7285,289.0,0,260,8.0,3.0,-9,298.0
7286,7286,290.0,0,260,2.0,3.0,-8,298.0
7287,7287,291.0,0,260,1.0,1.0,-7,298.0
7288,7288,292.0,0,260,1.0,2.0,-6,298.0
7289,7289,293.0,0,260,3.0,1.0,-5,298.0
7290,7290,294.0,0,260,1.0,0.0,-4,298.0
7291,7291,295.0,0,260,2.0,1.0,-3,298.0
7292,7292,296.0,0,260,3.0,1.0,-2,298.0
7293,7293,297.0,0,260,2.0,1.0,-1,298.0
7294,7294,298.0,1,260,11.0,3.0,0,298.0
7295,7295,299.0,1,260,3.0,1.0,1,298.0
7296,7296,300.0,1,260,0.0,2.0,2,298.0
7297,7297,301.0,1,260,20.0,7.0,3,298.0
7298,7298,302.0,1,260,3.0,0.0,4,298.0
7299,7299,303.0,1,260,2.0,1.0,5,298.0
7300,7300,304.0,1,260,1.0,1.0,6,298.0
7301,7301,305.0,1,260,1.0,3.0,7,298.0
7302,7302,306.0,1,260,3.0,2.0,8,298.0
7303,7303,307.0,1,260,2.0,3.0,9,298.0
7304,7304,308.0,1,260,0.0,0.0,10,298.0
7305,7305,309.0,1,260,0.0,2.0,11,298.0
7306,7306,310.0,1,260,1.0,0.0,12,298.0
7307,7307,311.0,1,260,0.0,1.0,13,298.0
7308,7308,87.0,0,261,49.0,38.0,-14,101.0
7309,7309,88.0,0,261,26.0,42.0,-13,101.0
7310,7310,89.0,0,261,192.0,175.0,-12,101.0
7311,7311,90.0,0,261,74.0,95.0,-11,101.0
7312,7312,91.0,0,261,41.0,45.0,-10,101.0
7313,7313,92.0,0,261,61.0,59.0,-9,101.0
7314,7314,93.0,0,261,55.0,81.0,-8,101.0
7315,7315,94.0,0,261,55.0,61.0,-7,101.0
7316,7316,95.0,0,261,25.0,48.0,-6,101.0
7317,7317,96.0,0,261,37.0,42.0,-5,101.0
7318,7318,97.0,0,261,24.0,39.0,-4,101.0
7319,7319,98.0,0,261,26.0,44.0,-3,101.0
7320,7320,99.0,0,261,33.0,58.0,-2,101.0
7321,7321,100.0,0,261,90.0,75.0,-1,101.0
7322,7322,101.0,1,261,81.0,155.0,0,101.0
7323,7323,102.0,1,261,50.0,148.0,1,101.0
7324,7324,103.0,1,261,104.0,213.0,2,101.0
7325,7325,104.0,1,261,87.0,179.0,3,101.0
7326,7326,105.0,1,261,23.0,83.0,4,101.0
7327,7327,106.0,1,261,111.0,148.0,5,101.0
7328,7328,107.0,1,261,38.0,80.0,6,101.0
7329,7329,108.0,1,261,66.0,149.0,7,101.0
7330,7330,109.0,1,261,34.0,67.0,8,101.0
7331,7331,110.0,1,261,39.0,93.0,9,101.0
7332,7332,111.0,1,261,56.0,92.0,10,101.0
7333,7333,112.0,1,261,71.0,61.0,11,101.0
7334,7334,113.0,1,261,48.0,85.0,12,101.0
7335,7335,114.0,1,261,38.0,79.0,13,101.0
7336,7336,101.0,0,262,38.0,32.0,-14,115.0
7337,7337,102.0,0,262,49.0,49.0,-13,115.0
7338,7338,103.0,0,262,40.0,49.0,-12,115.0
7339,7339,104.0,0,262,54.0,43.0,-11,115.0
7340,7340,105.0,0,262,32.0,43.0,-10,115.0
7341,7341,106.0,0,262,64.0,40.0,-9,115.0
7342,7342,107.0,0,262,51.0,48.0,-8,115.0
7343,7343,108.0,0,262,47.0,31.0,-7,115.0
7344,7344,109.0,0,262,30.0,18.0,-6,115.0
7345,7345,110.0,0,262,25.0,31.0,-5,115.0
7346,7346,111.0,0,262,26.0,33.0,-4,115.0
7347,7347,112.0,0,262,102.0,93.0,-3,115.0
7348,7348,113.0,0,262,44.0,49.0,-2,115.0
7349,7349,114.0,0,262,395.0,248.0,-1,115.0
7350,7350,115.0,1,262,544.0,617.0,0,115.0
7351,7351,116.0,1,262,630.0,693.0,1,115.0
7352,7352,117.0,1,262,37.0,58.0,2,115.0
7353,7353,118.0,1,262,31.0,43.0,3,115.0
7354,7354,119.0,1,262,25.0,38.0,4,115.0
7355,7355,120.0,1,262,26.0,56.0,5,115.0
7356,7356,121.0,1,262,47.0,71.0,6,115.0
7357,7357,122.0,1,262,287.0,282.0,7,115.0
7358,7358,123.0,1,262,60.0,80.0,8,115.0
7359,7359,124.0,1,262,33.0,40.0,9,115.0
7360,7360,125.0,1,262,19.0,32.0,10,115.0
7361,7361,126.0,1,262,34.0,44.0,11,115.0
7362,7362,127.0,1,262,34.0,36.0,12,115.0
7363,7363,128.0,1,262,15.0,28.0,13,115.0
7364,7364,221.0,0,263,9.0,11.0,-14,235.0
7365,7365,222.0,0,263,5.0,9.0,-13,235.0
7366,7366,223.0,0,263,9.0,14.0,-12,235.0
7367,7367,224.0,0,263,5.0,5.0,-11,235.0
7368,7368,225.0,0,263,35.0,38.0,-10,235.0
7369,7369,226.0,0,263,5.0,5.0,-9,235.0
7370,7370,227.0,0,263,1.0,3.0,-8,235.0
7371,7371,228.0,0,263,5.0,4.0,-7,235.0
7372,7372,229.0,0,263,5.0,5.0,-6,235.0
7373,7373,230.0,0,263,12.0,10.0,-5,235.0
7374,7374,231.0,0,263,12.0,10.0,-4,235.0
7375,7375,232.0,0,263,13.0,14.0,-3,235.0
7376,7376,233.0,0,263,4.0,2.0,-2,235.0
7377,7377,234.0,0,263,6.0,9.0,-1,235.0
7378,7378,235.0,1,263,14.0,5.0,0,235.0
7379,7379,236.0,1,263,9.0,12.0,1,235.0
7380,7380,237.0,1,263,7.0,8.0,2,235.0
7381,7381,238.0,1,263,14.0,17.0,3,235.0
7382,7382,239.0,1,263,7.0,6.0,4,235.0
7383,7383,240.0,1,263,0.0,3.0,5,235.0
7384,7384,241.0,1,263,2.0,0.0,6,235.0
7385,7385,242.0,1,263,9.0,4.0,7,235.0
7386,7386,243.0,1,263,2.0,15.0,8,235.0
7387,7387,244.0,1,263,16.0,14.0,9,235.0
7388,7388,245.0,1,263,12.0,16.0,10,235.0
7389,7389,246.0,1,263,12.0,32.0,11,235.0
7390,7390,247.0,1,263,0.0,0.0,12,235.0
7391,7391,248.0,1,263,6.0,6.0,13,235.0
7392,7392,64.0,0,264,372.0,279.0,-14,78.0
7393,7393,65.0,0,264,404.0,294.0,-13,78.0
7394,7394,66.0,0,264,176.0,102.0,-12,78.0
7395,7395,67.0,0,264,92.0,55.0,-11,78.0
7396,7396,68.0,0,264,152.0,153.0,-10,78.0
7397,7397,69.0,0,264,266.0,239.0,-9,78.0
7398,7398,70.0,0,264,212.0,197.0,-8,78.0
7399,7399,71.0,0,264,474.0,534.0,-7,78.0
7400,7400,72.0,0,264,501.0,563.0,-6,78.0
7401,7401,73.0,0,264,165.0,195.0,-5,78.0
7402,7402,74.0,0,264,137.0,198.0,-4,78.0
7403,7403,75.0,0,264,117.0,195.0,-3,78.0
7404,7404,76.0,0,264,67.0,116.0,-2,78.0
7405,7405,77.0,0,264,418.0,652.0,-1,78.0
7406,7406,78.0,1,264,344.0,492.0,0,78.0
7407,7407,79.0,1,264,167.0,332.0,1,78.0
7408,7408,80.0,1,264,72.0,144.0,2,78.0
7409,7409,81.0,1,264,156.0,263.0,3,78.0
7410,7410,82.0,1,264,46.0,97.0,4,78.0
7411,7411,83.0,1,264,136.0,271.0,5,78.0
7412,7412,84.0,1,264,109.0,193.0,6,78.0
7413,7413,85.0,1,264,41.0,85.0,7,78.0
7414,7414,86.0,1,264,56.0,129.0,8,78.0
7415,7415,87.0,1,264,40.0,86.0,9,78.0
7416,7416,88.0,1,264,31.0,108.0,10,78.0
7417,7417,89.0,1,264,75.0,133.0,11,78.0
7418,7418,90.0,1,264,46.0,136.0,12,78.0
7419,7419,91.0,1,264,16.0,91.0,13,78.0
7420,7420,110.0,0,265,20.0,51.0,-14,124.0
7421,7421,111.0,0,265,18.0,41.0,-13,124.0
7422,7422,112.0,0,265,3.0,23.0,-12,124.0
7423,7423,113.0,0,265,44.0,113.0,-11,124.0
7424,7424,114.0,0,265,30.0,51.0,-10,124.0
7425,7425,115.0,0,265,13.0,35.0,-9,124.0
7426,7426,116.0,0,265,67.0,160.0,-8,124.0
7427,7427,117.0,0,265,52.0,79.0,-7,124.0
7428,7428,118.0,0,265,19.0,38.0,-6,124.0
7429,7429,119.0,0,265,6.0,11.0,-5,124.0
7430,7430,120.0,0,265,17.0,21.0,-4,124.0
7431,7431,121.0,0,265,12.0,25.0,-3,124.0
7432,7432,122.0,0,265,2.0,4.0,-2,124.0
7433,7433,123.0,0,265,5.0,8.0,-1,124.0
7434,7434,124.0,1,265,20.0,14.0,0,124.0
7435,7435,125.0,1,265,4.0,19.0,1,124.0
7436,7436,126.0,1,265,59.0,92.0,2,124.0
7437,7437,127.0,1,265,14.0,34.0,3,124.0
7438,7438,128.0,1,265,6.0,10.0,4,124.0
7439,7439,129.0,1,265,31.0,198.0,5,124.0
7440,7440,130.0,1,265,16.0,92.0,6,124.0
7441,7441,131.0,1,265,2.0,11.0,7,124.0
7442,7442,132.0,1,265,10.0,11.0,8,124.0
7443,7443,133.0,1,265,5.0,8.0,9,124.0
7444,7444,134.0,1,265,6.0,28.0,10,124.0
7445,7445,135.0,1,265,5.0,16.0,11,124.0
7446,7446,136.0,1,265,12.0,18.0,12,124.0
7447,7447,137.0,1,265,5.0,21.0,13,124.0
7448,7448,87.0,0,266,23.0,9.0,-14,101.0
7449,7449,88.0,0,266,14.0,10.0,-13,101.0
7450,7450,89.0,0,266,11.0,7.0,-12,101.0
7451,7451,90.0,0,266,5.0,5.0,-11,101.0
7452,7452,91.0,0,266,11.0,6.0,-10,101.0
7453,7453,92.0,0,266,12.0,12.0,-9,101.0
7454,7454,93.0,0,266,38.0,21.0,-8,101.0
7455,7455,94.0,0,266,64.0,52.0,-7,101.0
7456,7456,95.0,0,266,13.0,11.0,-6,101.0
7457,7457,96.0,0,266,40.0,19.0,-5,101.0
7458,7458,97.0,0,266,17.0,10.0,-4,101.0
7459,7459,98.0,0,266,11.0,14.0,-3,101.0
7460,7460,99.0,0,266,32.0,15.0,-2,101.0
7461,7461,100.0,0,266,14.0,12.0,-1,101.0
7462,7462,101.0,1,266,108.0,75.0,0,101.0
7463,7463,102.0,1,266,67.0,147.0,1,101.0
7464,7464,103.0,1,266,21.0,33.0,2,101.0
7465,7465,104.0,1,266,12.0,24.0,3,101.0
7466,7466,105.0,1,266,12.0,16.0,4,101.0
7467,7467,106.0,1,266,11.0,19.0,5,101.0
7468,7468,107.0,1,266,17.0,11.0,6,101.0
7469,7469,108.0,1,266,14.0,17.0,7,101.0
7470,7470,109.0,1,266,19.0,30.0,8,101.0
7471,7471,110.0,1,266,2.0,8.0,9,101.0
7472,7472,111.0,1,266,9.0,16.0,10,101.0
7473,7473,112.0,1,266,11.0,7.0,11,101.0
7474,7474,113.0,1,266,5.0,8.0,12,101.0
7475,7475,114.0,1,266,3.0,7.0,13,101.0
7476,7476,65.0,0,267,239.0,781.0,-14,79.0
7477,7477,66.0,0,267,148.0,552.0,-13,79.0
7478,7478,67.0,0,267,85.0,237.0,-12,79.0
7479,7479,68.0,0,267,49.0,135.0,-11,79.0
7480,7480,69.0,0,267,55.0,174.0,-10,79.0
7481,7481,70.0,0,267,56.0,114.0,-9,79.0
7482,7482,71.0,0,267,235.0,825.0,-8,79.0
7483,7483,72.0,0,267,269.0,936.0,-7,79.0
7484,7484,73.0,0,267,75.0,248.0,-6,79.0
7485,7485,74.0,0,267,30.0,115.0,-5,79.0
7486,7486,75.0,0,267,201.0,901.0,-4,79.0
7487,7487,76.0,0,267,220.0,925.0,-3,79.0
7488,7488,77.0,0,267,64.0,157.0,-2,79.0
7489,7489,78.0,0,267,125.0,564.0,-1,79.0
7490,7490,79.0,1,267,337.0,1289.0,0,79.0
7491,7491,80.0,1,267,471.0,2052.0,1,79.0
7492,7492,81.0,1,267,124.0,498.0,2,79.0
7493,7493,82.0,1,267,107.0,463.0,3,79.0
7494,7494,83.0,1,267,75.0,442.0,4,79.0
7495,7495,84.0,1,267,19.0,104.0,5,79.0
7496,7496,85.0,1,267,20.0,112.0,6,79.0
7497,7497,86.0,1,267,24.0,124.0,7,79.0
7498,7498,87.0,1,267,77.0,549.0,8,79.0
7499,7499,88.0,1,267,20.0,158.0,9,79.0
7500,7500,89.0,1,267,172.0,1480.0,10,79.0
7501,7501,90.0,1,267,49.0,556.0,11,79.0
7502,7502,91.0,1,267,17.0,183.0,12,79.0
7503,7503,92.0,1,267,153.0,1144.0,13,79.0
7504,7504,56.0,0,268,931.0,2309.0,-14,70.0
7505,7505,57.0,0,268,372.0,1152.0,-13,70.0
7506,7506,58.0,0,268,1567.0,4047.0,-12,70.0
7507,7507,59.0,0,268,1255.0,3351.0,-11,70.0
7508,7508,60.0,0,268,738.0,2554.0,-10,70.0
7509,7509,61.0,0,268,207.0,851.0,-9,70.0
7510,7510,62.0,0,268,665.0,1814.0,-8,70.0
7511,7511,63.0,0,268,161.0,666.0,-7,70.0
7512,7512,64.0,0,268,74.0,384.0,-6,70.0
7513,7513,65.0,0,268,75.0,308.0,-5,70.0
7514,7514,66.0,0,268,192.0,604.0,-4,70.0
7515,7515,67.0,0,268,98.0,336.0,-3,70.0
7516,7516,68.0,0,268,152.0,489.0,-2,70.0
7517,7517,69.0,0,268,74.0,317.0,-1,70.0
7518,7518,70.0,1,268,176.0,448.0,0,70.0
7519,7519,71.0,1,268,302.0,1055.0,1,70.0
7520,7520,72.0,1,268,181.0,676.0,2,70.0
7521,7521,73.0,1,268,98.0,479.0,3,70.0
7522,7522,74.0,1,268,96.0,451.0,4,70.0
7523,7523,75.0,1,268,38.0,202.0,5,70.0
7524,7524,76.0,1,268,66.0,257.0,6,70.0
7525,7525,77.0,1,268,83.0,435.0,7,70.0
7526,7526,78.0,1,268,52.0,281.0,8,70.0
7527,7527,79.0,1,268,51.0,292.0,9,70.0
7528,7528,80.0,1,268,673.0,2389.0,10,70.0
7529,7529,81.0,1,268,116.0,526.0,11,70.0
7530,7530,82.0,1,268,116.0,498.0,12,70.0
7531,7531,83.0,1,268,183.0,775.0,13,70.0
7532,7532,106.0,0,269,67.0,196.0,-14,120.0
7533,7533,107.0,0,269,42.0,197.0,-13,120.0
7534,7534,108.0,0,269,39.0,108.0,-12,120.0
7535,7535,109.0,0,269,36.0,67.0,-11,120.0
7536,7536,110.0,0,269,90.0,189.0,-10,120.0
7537,7537,111.0,0,269,44.0,100.0,-9,120.0
7538,7538,112.0,0,269,39.0,81.0,-8,120.0
7539,7539,113.0,0,269,40.0,124.0,-7,120.0
7540,7540,114.0,0,269,219.0,429.0,-6,120.0
7541,7541,115.0,0,269,1008.0,2477.0,-5,120.0
7542,7542,116.0,0,269,823.0,2044.0,-4,120.0
7543,7543,117.0,0,269,780.0,2265.0,-3,120.0
7544,7544,118.0,0,269,306.0,914.0,-2,120.0
7545,7545,119.0,0,269,462.0,1002.0,-1,120.0
7546,7546,120.0,1,269,641.0,1693.0,0,120.0
7547,7547,121.0,1,269,300.0,789.0,1,120.0
7548,7548,122.0,1,269,108.0,321.0,2,120.0
7549,7549,123.0,1,269,46.0,151.0,3,120.0
7550,7550,124.0,1,269,41.0,186.0,4,120.0
7551,7551,125.0,1,269,34.0,142.0,5,120.0
7552,7552,126.0,1,269,36.0,140.0,6,120.0
7553,7553,127.0,1,269,46.0,142.0,7,120.0
7554,7554,128.0,1,269,20.0,118.0,8,120.0
7555,7555,129.0,1,269,28.0,107.0,9,120.0
7556,7556,130.0,1,269,29.0,138.0,10,120.0
7557,7557,131.0,1,269,36.0,80.0,11,120.0
7558,7558,132.0,1,269,17.0,65.0,12,120.0
7559,7559,133.0,1,269,40.0,142.0,13,120.0
7560,7560,120.0,0,270,112.0,1075.0,-14,134.0
7561,7561,121.0,0,270,123.0,1773.0,-13,134.0
7562,7562,122.0,0,270,100.0,1677.0,-12,134.0
7563,7563,123.0,0,270,96.0,1652.0,-11,134.0
7564,7564,124.0,0,270,120.0,1748.0,-10,134.0
7565,7565,125.0,0,270,214.0,1498.0,-9,134.0
7566,7566,126.0,0,270,75.0,1260.0,-8,134.0
7567,7567,127.0,0,270,75.0,1077.0,-7,134.0
7568,7568,128.0,0,270,76.0,1296.0,-6,134.0
7569,7569,129.0,0,270,83.0,1332.0,-5,134.0
7570,7570,130.0,0,270,55.0,1216.0,-4,134.0
7571,7571,131.0,0,270,72.0,1062.0,-3,134.0
7572,7572,132.0,0,270,65.0,1276.0,-2,134.0
7573,7573,133.0,0,270,125.0,1299.0,-1,134.0
7574,7574,134.0,1,270,107.0,1142.0,0,134.0
7575,7575,135.0,1,270,84.0,1641.0,1,134.0
7576,7576,136.0,1,270,75.0,2314.0,2,134.0
7577,7577,137.0,1,270,68.0,1741.0,3,134.0
7578,7578,138.0,1,270,64.0,1521.0,4,134.0
7579,7579,139.0,1,270,63.0,1282.0,5,134.0
7580,7580,140.0,1,270,59.0,1171.0,6,134.0
7581,7581,141.0,1,270,95.0,1737.0,7,134.0
7582,7582,142.0,1,270,72.0,1680.0,8,134.0
7583,7583,143.0,1,270,59.0,1655.0,9,134.0
7584,7584,144.0,1,270,75.0,1103.0,10,134.0
7585,7585,145.0,1,270,46.0,1461.0,11,134.0
7586,7586,146.0,1,270,42.0,1099.0,12,134.0
7587,7587,147.0,1,270,45.0,935.0,13,134.0
7588,7588,43.0,0,271,65.0,75.0,-14,57.0
7589,7589,44.0,0,271,86.0,140.0,-13,57.0
7590,7590,45.0,0,271,93.0,106.0,-12,57.0
7591,7591,46.0,0,271,26.0,39.0,-11,57.0
7592,7592,47.0,0,271,58.0,79.0,-10,57.0
7593,7593,48.0,0,271,139.0,82.0,-9,57.0
7594,7594,49.0,0,271,18.0,17.0,-8,57.0
7595,7595,50.0,0,271,7.0,18.0,-7,57.0
7596,7596,51.0,0,271,15.0,15.0,-6,57.0
7597,7597,52.0,0,271,19.0,11.0,-5,57.0
7598,7598,53.0,0,271,46.0,32.0,-4,57.0
7599,7599,54.0,0,271,265.0,125.0,-3,57.0
7600,7600,55.0,0,271,24.0,40.0,-2,57.0
7601,7601,56.0,0,271,101.0,81.0,-1,57.0
7602,7602,57.0,1,271,55.0,72.0,0,57.0
7603,7603,58.0,1,271,29.0,29.0,1,57.0
7604,7604,59.0,1,271,5.0,8.0,2,57.0
7605,7605,60.0,1,271,9.0,12.0,3,57.0
7606,7606,61.0,1,271,190.0,78.0,4,57.0
7607,7607,62.0,1,271,38.0,35.0,5,57.0
7608,7608,63.0,1,271,23.0,30.0,6,57.0
7609,7609,64.0,1,271,91.0,62.0,7,57.0
7610,7610,65.0,1,271,11.0,17.0,8,57.0
7611,7611,66.0,1,271,65.0,34.0,9,57.0
7612,7612,67.0,1,271,65.0,63.0,10,57.0
7613,7613,68.0,1,271,13.0,20.0,11,57.0
7614,7614,69.0,1,271,12.0,19.0,12,57.0
7615,7615,70.0,1,271,15.0,8.0,13,57.0
7616,7616,60.0,0,272,48.0,198.0,-14,74.0
7617,7617,61.0,0,272,18.0,158.0,-13,74.0
7618,7618,62.0,0,272,14.0,131.0,-12,74.0
7619,7619,63.0,0,272,12.0,106.0,-11,74.0
7620,7620,64.0,0,272,12.0,76.0,-10,74.0
7621,7621,65.0,0,272,20.0,100.0,-9,74.0
7622,7622,66.0,0,272,16.0,128.0,-8,74.0
7623,7623,67.0,0,272,5.0,100.0,-7,74.0
7624,7624,68.0,0,272,19.0,121.0,-6,74.0
7625,7625,69.0,0,272,6.0,89.0,-5,74.0
7626,7626,70.0,0,272,10.0,57.0,-4,74.0
7627,7627,71.0,0,272,9.0,89.0,-3,74.0
7628,7628,72.0,0,272,7.0,60.0,-2,74.0
7629,7629,73.0,0,272,6.0,70.0,-1,74.0
7630,7630,74.0,1,272,25.0,37.0,0,74.0
7631,7631,75.0,1,272,3.0,44.0,1,74.0
7632,7632,76.0,1,272,7.0,33.0,2,74.0
7633,7633,77.0,1,272,7.0,55.0,3,74.0
7634,7634,78.0,1,272,10.0,55.0,4,74.0
7635,7635,79.0,1,272,8.0,58.0,5,74.0
7636,7636,80.0,1,272,12.0,84.0,6,74.0
7637,7637,81.0,1,272,5.0,55.0,7,74.0
7638,7638,82.0,1,272,5.0,46.0,8,74.0
7639,7639,83.0,1,272,5.0,61.0,9,74.0
7640,7640,84.0,1,272,6.0,95.0,10,74.0
7641,7641,85.0,1,272,11.0,80.0,11,74.0
7642,7642,86.0,1,272,8.0,117.0,12,74.0
7643,7643,87.0,1,272,4.0,123.0,13,74.0
7644,7644,79.0,0,273,16.0,49.0,-14,93.0
7645,7645,80.0,0,273,4.0,19.0,-13,93.0
7646,7646,81.0,0,273,8.0,31.0,-12,93.0
7647,7647,82.0,0,273,13.0,44.0,-11,93.0
7648,7648,83.0,0,273,6.0,23.0,-10,93.0
7649,7649,84.0,0,273,3.0,21.0,-9,93.0
7650,7650,85.0,0,273,6.0,31.0,-8,93.0
7651,7651,86.0,0,273,5.0,31.0,-7,93.0
7652,7652,87.0,0,273,16.0,60.0,-6,93.0
7653,7653,88.0,0,273,7.0,45.0,-5,93.0
7654,7654,89.0,0,273,26.0,236.0,-4,93.0
7655,7655,90.0,0,273,24.0,142.0,-3,93.0
7656,7656,91.0,0,273,182.0,1721.0,-2,93.0
7657,7657,92.0,0,273,123.0,552.0,-1,93.0
7658,7658,93.0,1,273,300.0,750.0,0,93.0
7659,7659,94.0,1,273,155.0,897.0,1,93.0
7660,7660,95.0,1,273,38.0,164.0,2,93.0
7661,7661,96.0,1,273,22.0,86.0,3,93.0
7662,7662,97.0,1,273,14.0,90.0,4,93.0
7663,7663,98.0,1,273,32.0,108.0,5,93.0
7664,7664,99.0,1,273,22.0,100.0,6,93.0
7665,7665,100.0,1,273,34.0,117.0,7,93.0
7666,7666,101.0,1,273,13.0,76.0,8,93.0
7667,7667,102.0,1,273,29.0,97.0,9,93.0
7668,7668,103.0,1,273,15.0,68.0,10,93.0
7669,7669,104.0,1,273,64.0,305.0,11,93.0
7670,7670,105.0,1,273,47.0,236.0,12,93.0
7671,7671,106.0,1,273,32.0,227.0,13,93.0
7672,7672,51.0,0,274,862.0,1040.0,-14,65.0
7673,7673,52.0,0,274,486.0,898.0,-13,65.0
7674,7674,53.0,0,274,976.0,1232.0,-12,65.0
7675,7675,54.0,0,274,212.0,413.0,-11,65.0
7676,7676,55.0,0,274,1092.0,1724.0,-10,65.0
7677,7677,56.0,0,274,679.0,1040.0,-9,65.0
7678,7678,57.0,0,274,1267.0,2014.0,-8,65.0
7679,7679,58.0,0,274,135.0,285.0,-7,65.0
7680,7680,59.0,0,274,1661.0,2073.0,-6,65.0
7681,7681,60.0,0,274,789.0,1206.0,-5,65.0
7682,7682,61.0,0,274,209.0,317.0,-4,65.0
7683,7683,62.0,0,274,482.0,680.0,-3,65.0
7684,7684,63.0,0,274,396.0,536.0,-2,65.0
7685,7685,64.0,0,274,103.0,187.0,-1,65.0
7686,7686,65.0,1,274,45.0,139.0,0,65.0
7687,7687,66.0,1,274,377.0,824.0,1,65.0
7688,7688,67.0,1,274,154.0,340.0,2,65.0
7689,7689,68.0,1,274,61.0,182.0,3,65.0
7690,7690,69.0,1,274,23.0,86.0,4,65.0
7691,7691,70.0,1,274,41.0,118.0,5,65.0
7692,7692,71.0,1,274,31.0,116.0,6,65.0
7693,7693,72.0,1,274,505.0,914.0,7,65.0
7694,7694,73.0,1,274,501.0,879.0,8,65.0
7695,7695,74.0,1,274,58.0,198.0,9,65.0
7696,7696,75.0,1,274,106.0,269.0,10,65.0
7697,7697,76.0,1,274,452.0,948.0,11,65.0
7698,7698,77.0,1,274,375.0,756.0,12,65.0
7699,7699,78.0,1,274,31.0,134.0,13,65.0
7700,7700,53.0,0,275,3.0,12.0,-14,67.0
7701,7701,54.0,0,275,7.0,5.0,-13,67.0
7702,7702,55.0,0,275,3.0,5.0,-12,67.0
7703,7703,56.0,0,275,1.0,7.0,-11,67.0
7704,7704,57.0,0,275,3.0,3.0,-10,67.0
7705,7705,58.0,0,275,4.0,5.0,-9,67.0
7706,7706,59.0,0,275,2.0,6.0,-8,67.0
7707,7707,60.0,0,275,4.0,0.0,-7,67.0
7708,7708,61.0,0,275,1.0,4.0,-6,67.0
7709,7709,62.0,0,275,3.0,7.0,-5,67.0
7710,7710,63.0,0,275,2.0,2.0,-4,67.0
7711,7711,64.0,0,275,2.0,3.0,-3,67.0
7712,7712,65.0,0,275,4.0,5.0,-2,67.0
7713,7713,66.0,0,275,1.0,3.0,-1,67.0
7714,7714,67.0,1,275,22.0,5.0,0,67.0
7715,7715,68.0,1,275,3.0,2.0,1,67.0
7716,7716,69.0,1,275,1.0,6.0,2,67.0
7717,7717,70.0,1,275,0.0,1.0,3,67.0
7718,7718,71.0,1,275,3.0,3.0,4,67.0
7719,7719,72.0,1,275,2.0,2.0,5,67.0
7720,7720,73.0,1,275,2.0,3.0,6,67.0
7721,7721,74.0,1,275,2.0,1.0,7,67.0
7722,7722,75.0,1,275,1.0,3.0,8,67.0
7723,7723,76.0,1,275,1.0,3.0,9,67.0
7724,7724,77.0,1,275,2.0,0.0,10,67.0
7725,7725,78.0,1,275,2.0,2.0,11,67.0
7726,7726,79.0,1,275,2.0,2.0,12,67.0
7727,7727,80.0,1,275,2.0,1.0,13,67.0
7728,7728,49.0,0,276,6.0,7.0,-14,63.0
7729,7729,50.0,0,276,2.0,6.0,-13,63.0
7730,7730,51.0,0,276,6.0,11.0,-12,63.0
7731,7731,52.0,0,276,6.0,11.0,-11,63.0
7732,7732,53.0,0,276,9.0,21.0,-10,63.0
7733,7733,54.0,0,276,3.0,12.0,-9,63.0
7734,7734,55.0,0,276,7.0,29.0,-8,63.0
7735,7735,56.0,0,276,6.0,7.0,-7,63.0
7736,7736,57.0,0,276,5.0,12.0,-6,63.0
7737,7737,58.0,0,276,1.0,13.0,-5,63.0
7738,7738,59.0,0,276,4.0,2.0,-4,63.0
7739,7739,60.0,0,276,1.0,6.0,-3,63.0
7740,7740,61.0,0,276,1.0,6.0,-2,63.0
7741,7741,62.0,0,276,25.0,34.0,-1,63.0
7742,7742,63.0,1,276,10.0,9.0,0,63.0
7743,7743,64.0,1,276,15.0,4.0,1,63.0
7744,7744,65.0,1,276,2.0,2.0,2,63.0
7745,7745,66.0,1,276,2.0,1.0,3,63.0
7746,7746,67.0,1,276,1.0,3.0,4,63.0
7747,7747,68.0,1,276,68.0,23.0,5,63.0
7748,7748,69.0,1,276,10.0,6.0,6,63.0
7749,7749,70.0,1,276,5.0,4.0,7,63.0
7750,7750,71.0,1,276,5.0,2.0,8,63.0
7751,7751,72.0,1,276,1.0,4.0,9,63.0
7752,7752,73.0,1,276,4.0,2.0,10,63.0
7753,7753,74.0,1,276,0.0,2.0,11,63.0
7754,7754,75.0,1,276,2.0,7.0,12,63.0
7755,7755,76.0,1,276,5.0,8.0,13,63.0
7756,7756,263.0,0,277,0.0,0.0,-14,277.0
7757,7757,264.0,0,277,0.0,1.0,-13,277.0
7758,7758,265.0,0,277,0.0,0.0,-12,277.0
7759,7759,266.0,0,277,0.0,0.0,-11,277.0
7760,7760,267.0,0,277,0.0,0.0,-10,277.0
7761,7761,268.0,0,277,0.0,1.0,-9,277.0
7762,7762,269.0,0,277,0.0,0.0,-8,277.0
7763,7763,270.0,0,277,1.0,0.0,-7,277.0
7764,7764,271.0,0,277,0.0,0.0,-6,277.0
7765,7765,272.0,0,277,0.0,0.0,-5,277.0
7766,7766,273.0,0,277,0.0,0.0,-4,277.0
7767,7767,274.0,0,277,0.0,1.0,-3,277.0
7768,7768,275.0,0,277,93.0,57.0,-2,277.0
7769,7769,276.0,0,277,255.0,147.0,-1,277.0
7770,7770,277.0,1,277,31.0,11.0,0,277.0
7771,7771,278.0,1,277,3.0,4.0,1,277.0
7772,7772,279.0,1,277,3.0,3.0,2,277.0
7773,7773,280.0,1,277,1.0,1.0,3,277.0
7774,7774,281.0,1,277,0.0,0.0,4,277.0
7775,7775,282.0,1,277,0.0,1.0,5,277.0
7776,7776,283.0,1,277,6.0,3.0,6,277.0
7777,7777,284.0,1,277,1.0,1.0,7,277.0
7778,7778,285.0,1,277,1.0,1.0,8,277.0
7779,7779,286.0,1,277,0.0,1.0,9,277.0
7780,7780,287.0,1,277,0.0,1.0,10,277.0
7781,7781,288.0,1,277,1.0,0.0,11,277.0
7782,7782,289.0,1,277,1.0,1.0,12,277.0
7783,7783,290.0,1,277,2.0,2.0,13,277.0
7784,7784,219.0,0,278,3.0,14.0,-14,233.0
7785,7785,220.0,0,278,1.0,4.0,-13,233.0
7786,7786,221.0,0,278,2.0,4.0,-12,233.0
7787,7787,222.0,0,278,1.0,3.0,-11,233.0
7788,7788,223.0,0,278,1.0,8.0,-10,233.0
7789,7789,224.0,0,278,0.0,3.0,-9,233.0
7790,7790,225.0,0,278,1.0,2.0,-8,233.0
7791,7791,226.0,0,278,4.0,4.0,-7,233.0
7792,7792,227.0,0,278,3.0,2.0,-6,233.0
7793,7793,228.0,0,278,3.0,2.0,-5,233.0
7794,7794,229.0,0,278,0.0,1.0,-4,233.0
7795,7795,230.0,0,278,1.0,0.0,-3,233.0
7796,7796,231.0,0,278,11.0,1.0,-2,233.0
7797,7797,232.0,0,278,18.0,33.0,-1,233.0
7798,7798,233.0,1,278,77.0,84.0,0,233.0
7799,7799,234.0,1,278,10.0,8.0,1,233.0
7800,7800,235.0,1,278,9.0,3.0,2,233.0
7801,7801,236.0,1,278,6.0,4.0,3,233.0
7802,7802,237.0,1,278,0.0,2.0,4,233.0
7803,7803,238.0,1,278,0.0,5.0,5,233.0
7804,7804,239.0,1,278,9.0,5.0,6,233.0
7805,7805,240.0,1,278,7.0,1.0,7,233.0
7806,7806,241.0,1,278,1.0,2.0,8,233.0
7807,7807,242.0,1,278,2.0,1.0,9,233.0
7808,7808,243.0,1,278,7.0,6.0,10,233.0
7809,7809,244.0,1,278,2.0,4.0,11,233.0
7810,7810,245.0,1,278,1.0,2.0,12,233.0
7811,7811,246.0,1,278,2.0,2.0,13,233.0
7812,7812,42.0,0,279,9.0,23.0,-14,56.0
7813,7813,43.0,0,279,4.0,20.0,-13,56.0
7814,7814,44.0,0,279,8.0,18.0,-12,56.0
7815,7815,45.0,0,279,8.0,14.0,-11,56.0
7816,7816,46.0,0,279,8.0,9.0,-10,56.0
7817,7817,47.0,0,279,5.0,13.0,-9,56.0
7818,7818,48.0,0,279,12.0,10.0,-8,56.0
7819,7819,49.0,0,279,10.0,19.0,-7,56.0
7820,7820,50.0,0,279,10.0,15.0,-6,56.0
7821,7821,51.0,0,279,3.0,6.0,-5,56.0
7822,7822,52.0,0,279,3.0,6.0,-4,56.0
7823,7823,53.0,0,279,9.0,7.0,-3,56.0
7824,7824,54.0,0,279,8.0,7.0,-2,56.0
7825,7825,55.0,0,279,18.0,13.0,-1,56.0
7826,7826,56.0,1,279,78.0,31.0,0,56.0
7827,7827,57.0,1,279,13.0,7.0,1,56.0
7828,7828,58.0,1,279,7.0,12.0,2,56.0
7829,7829,59.0,1,279,9.0,5.0,3,56.0
7830,7830,60.0,1,279,10.0,7.0,4,56.0
7831,7831,61.0,1,279,19.0,19.0,5,56.0
7832,7832,62.0,1,279,7.0,8.0,6,56.0
7833,7833,63.0,1,279,2.0,3.0,7,56.0
7834,7834,64.0,1,279,0.0,3.0,8,56.0
7835,7835,65.0,1,279,6.0,3.0,9,56.0
7836,7836,66.0,1,279,3.0,2.0,10,56.0
7837,7837,67.0,1,279,2.0,1.0,11,56.0
7838,7838,68.0,1,279,2.0,3.0,12,56.0
7839,7839,69.0,1,279,3.0,4.0,13,56.0
7840,7840,37.0,0,280,68.0,122.0,-14,51.0
7841,7841,38.0,0,280,80.0,216.0,-13,51.0
7842,7842,39.0,0,280,52.0,94.0,-12,51.0
7843,7843,40.0,0,280,27.0,89.0,-11,51.0
7844,7844,41.0,0,280,21.0,48.0,-10,51.0
7845,7845,42.0,0,280,27.0,51.0,-9,51.0
7846,7846,43.0,0,280,17.0,43.0,-8,51.0
7847,7847,44.0,0,280,26.0,51.0,-7,51.0
7848,7848,45.0,0,280,64.0,85.0,-6,51.0
7849,7849,46.0,0,280,38.0,44.0,-5,51.0
7850,7850,47.0,0,280,11.0,26.0,-4,51.0
7851,7851,48.0,0,280,52.0,91.0,-3,51.0
7852,7852,49.0,0,280,78.0,118.0,-2,51.0
7853,7853,50.0,0,280,261.0,518.0,-1,51.0
7854,7854,51.0,1,280,501.0,737.0,0,51.0
7855,7855,52.0,1,280,303.0,564.0,1,51.0
7856,7856,53.0,1,280,265.0,448.0,2,51.0
7857,7857,54.0,1,280,166.0,322.0,3,51.0
7858,7858,55.0,1,280,149.0,306.0,4,51.0
7859,7859,56.0,1,280,59.0,95.0,5,51.0
7860,7860,57.0,1,280,149.0,273.0,6,51.0
7861,7861,58.0,1,280,214.0,342.0,7,51.0
7862,7862,59.0,1,280,551.0,1108.0,8,51.0
7863,7863,60.0,1,280,184.0,446.0,9,51.0
7864,7864,61.0,1,280,48.0,98.0,10,51.0
7865,7865,62.0,1,280,30.0,58.0,11,51.0
7866,7866,63.0,1,280,17.0,25.0,12,51.0
7867,7867,64.0,1,280,13.0,34.0,13,51.0
7868,7868,72.0,0,281,11.0,12.0,-14,86.0
7869,7869,73.0,0,281,9.0,7.0,-13,86.0
7870,7870,74.0,0,281,0.0,13.0,-12,86.0
7871,7871,75.0,0,281,2.0,4.0,-11,86.0
7872,7872,76.0,0,281,2.0,5.0,-10,86.0
7873,7873,77.0,0,281,0.0,1.0,-9,86.0
7874,7874,78.0,0,281,4.0,8.0,-8,86.0
7875,7875,79.0,0,281,4.0,10.0,-7,86.0
7876,7876,80.0,0,281,4.0,12.0,-6,86.0
7877,7877,81.0,0,281,1.0,8.0,-5,86.0
7878,7878,82.0,0,281,8.0,9.0,-4,86.0
7879,7879,83.0,0,281,6.0,13.0,-3,86.0
7880,7880,84.0,0,281,4.0,4.0,-2,86.0
7881,7881,85.0,0,281,29.0,47.0,-1,86.0
7882,7882,86.0,1,281,57.0,36.0,0,86.0
7883,7883,87.0,1,281,9.0,13.0,1,86.0
7884,7884,88.0,1,281,9.0,20.0,2,86.0
7885,7885,89.0,1,281,15.0,30.0,3,86.0
7886,7886,90.0,1,281,10.0,32.0,4,86.0
7887,7887,91.0,1,281,6.0,26.0,5,86.0
7888,7888,92.0,1,281,7.0,16.0,6,86.0
7889,7889,93.0,1,281,4.0,13.0,7,86.0
7890,7890,94.0,1,281,7.0,35.0,8,86.0
7891,7891,95.0,1,281,40.0,57.0,9,86.0
7892,7892,96.0,1,281,18.0,15.0,10,86.0
7893,7893,97.0,1,281,5.0,15.0,11,86.0
7894,7894,98.0,1,281,4.0,10.0,12,86.0
7895,7895,99.0,1,281,7.0,7.0,13,86.0
7896,7896,242.0,0,282,0.0,1.0,-14,256.0
7897,7897,243.0,0,282,0.0,0.0,-13,256.0
7898,7898,244.0,0,282,1.0,0.0,-12,256.0
7899,7899,245.0,0,282,1.0,0.0,-11,256.0
7900,7900,246.0,0,282,1.0,0.0,-10,256.0
7901,7901,247.0,0,282,5.0,3.0,-9,256.0
7902,7902,248.0,0,282,0.0,0.0,-8,256.0
7903,7903,249.0,0,282,0.0,1.0,-7,256.0
7904,7904,250.0,0,282,0.0,0.0,-6,256.0
7905,7905,251.0,0,282,1.0,1.0,-5,256.0
7906,7906,252.0,0,282,0.0,1.0,-4,256.0
7907,7907,253.0,0,282,0.0,0.0,-3,256.0
7908,7908,254.0,0,282,47.0,42.0,-2,256.0
7909,7909,255.0,0,282,22.0,14.0,-1,256.0
7910,7910,256.0,1,282,102.0,35.0,0,256.0
7911,7911,257.0,1,282,5.0,3.0,1,256.0
7912,7912,258.0,1,282,17.0,18.0,2,256.0
7913,7913,259.0,1,282,7.0,13.0,3,256.0
7914,7914,260.0,1,282,3.0,0.0,4,256.0
7915,7915,261.0,1,282,5.0,4.0,5,256.0
7916,7916,262.0,1,282,10.0,6.0,6,256.0
7917,7917,263.0,1,282,2.0,0.0,7,256.0
7918,7918,264.0,1,282,0.0,3.0,8,256.0
7919,7919,265.0,1,282,0.0,0.0,9,256.0
7920,7920,266.0,1,282,0.0,1.0,10,256.0
7921,7921,267.0,1,282,1.0,0.0,11,256.0
7922,7922,268.0,1,282,0.0,2.0,12,256.0
7923,7923,269.0,1,282,0.0,0.0,13,256.0
7924,7924,79.0,0,283,0.0,0.0,-14,93.0
7925,7925,80.0,0,283,1.0,1.0,-13,93.0
7926,7926,81.0,0,283,0.0,0.0,-12,93.0
7927,7927,82.0,0,283,0.0,1.0,-11,93.0
7928,7928,83.0,0,283,1.0,9.0,-10,93.0
7929,7929,84.0,0,283,0.0,1.0,-9,93.0
7930,7930,85.0,0,283,1.0,1.0,-8,93.0
7931,7931,86.0,0,283,0.0,1.0,-7,93.0
7932,7932,87.0,0,283,1.0,1.0,-6,93.0
7933,7933,88.0,0,283,2.0,1.0,-5,93.0
7934,7934,89.0,0,283,0.0,1.0,-4,93.0
7935,7935,90.0,0,283,0.0,2.0,-3,93.0
7936,7936,91.0,0,283,0.0,5.0,-2,93.0
7937,7937,92.0,0,283,1.0,2.0,-1,93.0
7938,7938,93.0,1,283,1.0,4.0,0,93.0
7939,7939,94.0,1,283,0.0,2.0,1,93.0
7940,7940,95.0,1,283,0.0,3.0,2,93.0
7941,7941,96.0,1,283,0.0,3.0,3,93.0
7942,7942,97.0,1,283,1.0,3.0,4,93.0
7943,7943,98.0,1,283,1.0,2.0,5,93.0
7944,7944,99.0,1,283,0.0,3.0,6,93.0
7945,7945,100.0,1,283,1.0,2.0,7,93.0
7946,7946,101.0,1,283,0.0,4.0,8,93.0
7947,7947,102.0,1,283,2.0,4.0,9,93.0
7948,7948,103.0,1,283,1.0,4.0,10,93.0
7949,7949,104.0,1,283,2.0,3.0,11,93.0
7950,7950,105.0,1,283,1.0,3.0,12,93.0
7951,7951,106.0,1,283,1.0,2.0,13,93.0
7952,7952,45.0,0,284,171.0,213.0,-14,59.0
7953,7953,46.0,0,284,156.0,243.0,-13,59.0
7954,7954,47.0,0,284,63.0,61.0,-12,59.0
7955,7955,48.0,0,284,12.0,18.0,-11,59.0
7956,7956,49.0,0,284,20.0,16.0,-10,59.0
7957,7957,50.0,0,284,16.0,19.0,-9,59.0
7958,7958,51.0,0,284,32.0,32.0,-8,59.0
7959,7959,52.0,0,284,29.0,30.0,-7,59.0
7960,7960,53.0,0,284,11.0,7.0,-6,59.0
7961,7961,54.0,0,284,9.0,10.0,-5,59.0
7962,7962,55.0,0,284,12.0,5.0,-4,59.0
7963,7963,56.0,0,284,99.0,170.0,-3,59.0
7964,7964,57.0,0,284,40.0,36.0,-2,59.0
7965,7965,58.0,0,284,607.0,182.0,-1,59.0
7966,7966,59.0,1,284,253.0,131.0,0,59.0
7967,7967,60.0,1,284,41.0,35.0,1,59.0
7968,7968,61.0,1,284,23.0,13.0,2,59.0
7969,7969,62.0,1,284,26.0,25.0,3,59.0
7970,7970,63.0,1,284,9.0,16.0,4,59.0
7971,7971,64.0,1,284,7.0,7.0,5,59.0
7972,7972,65.0,1,284,11.0,17.0,6,59.0
7973,7973,66.0,1,284,1900.0,1219.0,7,59.0
7974,7974,67.0,1,284,243.0,177.0,8,59.0
7975,7975,68.0,1,284,37.0,39.0,9,59.0
7976,7976,69.0,1,284,76.0,43.0,10,59.0
7977,7977,70.0,1,284,35.0,27.0,11,59.0
7978,7978,71.0,1,284,1421.0,693.0,12,59.0
7979,7979,72.0,1,284,1544.0,981.0,13,59.0
7980,7980,51.0,0,285,0.0,0.0,-14,65.0
7981,7981,52.0,0,285,0.0,0.0,-13,65.0
7982,7982,53.0,0,285,0.0,0.0,-12,65.0
7983,7983,54.0,0,285,0.0,0.0,-11,65.0
7984,7984,55.0,0,285,1.0,0.0,-10,65.0
7985,7985,56.0,0,285,0.0,0.0,-9,65.0
7986,7986,57.0,0,285,8.0,5.0,-8,65.0
7987,7987,58.0,0,285,4.0,1.0,-7,65.0
7988,7988,59.0,0,285,3.0,3.0,-6,65.0
7989,7989,60.0,0,285,0.0,2.0,-5,65.0
7990,7990,61.0,0,285,0.0,1.0,-4,65.0
7991,7991,62.0,0,285,1.0,0.0,-3,65.0
7992,7992,63.0,0,285,0.0,1.0,-2,65.0
7993,7993,64.0,0,285,9.0,6.0,-1,65.0
7994,7994,65.0,1,285,72.0,21.0,0,65.0
7995,7995,66.0,1,285,2.0,3.0,1,65.0
7996,7996,67.0,1,285,3.0,2.0,2,65.0
7997,7997,68.0,1,285,3.0,3.0,3,65.0
7998,7998,69.0,1,285,1.0,1.0,4,65.0
7999,7999,70.0,1,285,0.0,1.0,5,65.0
8000,8000,71.0,1,285,0.0,3.0,6,65.0
8001,8001,72.0,1,285,0.0,3.0,7,65.0
8002,8002,73.0,1,285,1.0,4.0,8,65.0
8003,8003,74.0,1,285,0.0,1.0,9,65.0
8004,8004,75.0,1,285,3.0,1.0,10,65.0
8005,8005,76.0,1,285,1.0,1.0,11,65.0
8006,8006,77.0,1,285,0.0,3.0,12,65.0
8007,8007,78.0,1,285,2.0,2.0,13,65.0
8008,8008,87.0,0,286,190.0,439.0,-14,101.0
8009,8009,88.0,0,286,77.0,222.0,-13,101.0
8010,8010,89.0,0,286,267.0,620.0,-12,101.0
8011,8011,90.0,0,286,358.0,936.0,-11,101.0
8012,8012,91.0,0,286,61.0,231.0,-10,101.0
8013,8013,92.0,0,286,142.0,344.0,-9,101.0
8014,8014,93.0,0,286,119.0,341.0,-8,101.0
8015,8015,94.0,0,286,303.0,691.0,-7,101.0
8016,8016,95.0,0,286,89.0,247.0,-6,101.0
8017,8017,96.0,0,286,46.0,125.0,-5,101.0
8018,8018,97.0,0,286,37.0,108.0,-4,101.0
8019,8019,98.0,0,286,24.0,91.0,-3,101.0
8020,8020,99.0,0,286,70.0,163.0,-2,101.0
8021,8021,100.0,0,286,424.0,980.0,-1,101.0
8022,8022,101.0,1,286,156.0,917.0,0,101.0
8023,8023,102.0,1,286,271.0,1403.0,1,101.0
8024,8024,103.0,1,286,151.0,828.0,2,101.0
8025,8025,104.0,1,286,91.0,477.0,3,101.0
8026,8026,105.0,1,286,82.0,425.0,4,101.0
8027,8027,106.0,1,286,70.0,318.0,5,101.0
8028,8028,107.0,1,286,56.0,288.0,6,101.0
8029,8029,108.0,1,286,43.0,208.0,7,101.0
8030,8030,109.0,1,286,27.0,157.0,8,101.0
8031,8031,110.0,1,286,94.0,586.0,9,101.0
8032,8032,111.0,1,286,139.0,769.0,10,101.0
8033,8033,112.0,1,286,56.0,272.0,11,101.0
8034,8034,113.0,1,286,93.0,483.0,12,101.0
8035,8035,114.0,1,286,212.0,790.0,13,101.0
8036,8036,122.0,0,287,99.0,631.0,-14,136.0
8037,8037,123.0,0,287,114.0,654.0,-13,136.0
8038,8038,124.0,0,287,91.0,757.0,-12,136.0
8039,8039,125.0,0,287,143.0,859.0,-11,136.0
8040,8040,126.0,0,287,140.0,673.0,-10,136.0
8041,8041,127.0,0,287,53.0,315.0,-9,136.0
8042,8042,128.0,0,287,75.0,418.0,-8,136.0
8043,8043,129.0,0,287,121.0,600.0,-7,136.0
8044,8044,130.0,0,287,157.0,889.0,-6,136.0
8045,8045,131.0,0,287,245.0,1496.0,-5,136.0
8046,8046,132.0,0,287,449.0,2345.0,-4,136.0
8047,8047,133.0,0,287,153.0,1127.0,-3,136.0
8048,8048,134.0,0,287,71.0,517.0,-2,136.0
8049,8049,135.0,0,287,340.0,1842.0,-1,136.0
8050,8050,136.0,1,287,330.0,1586.0,0,136.0
8051,8051,137.0,1,287,119.0,853.0,1,136.0
8052,8052,138.0,1,287,69.0,608.0,2,136.0
8053,8053,139.0,1,287,91.0,604.0,3,136.0
8054,8054,140.0,1,287,130.0,817.0,4,136.0
8055,8055,141.0,1,287,337.0,2082.0,5,136.0
8056,8056,142.0,1,287,169.0,1168.0,6,136.0
8057,8057,143.0,1,287,91.0,737.0,7,136.0
8058,8058,144.0,1,287,45.0,452.0,8,136.0
8059,8059,145.0,1,287,109.0,933.0,9,136.0
8060,8060,146.0,1,287,96.0,709.0,10,136.0
8061,8061,147.0,1,287,29.0,280.0,11,136.0
8062,8062,148.0,1,287,86.0,477.0,12,136.0
8063,8063,149.0,1,287,157.0,973.0,13,136.0
8064,8064,236.0,0,288,0.0,1.0,-14,250.0
8065,8065,237.0,0,288,2.0,0.0,-13,250.0
8066,8066,238.0,0,288,0.0,1.0,-12,250.0
8067,8067,239.0,0,288,0.0,0.0,-11,250.0
8068,8068,240.0,0,288,0.0,0.0,-10,250.0
8069,8069,241.0,0,288,0.0,0.0,-9,250.0
8070,8070,242.0,0,288,2.0,2.0,-8,250.0
8071,8071,243.0,0,288,5.0,1.0,-7,250.0
8072,8072,244.0,0,288,2.0,1.0,-6,250.0
8073,8073,245.0,0,288,4.0,2.0,-5,250.0
8074,8074,246.0,0,288,8.0,3.0,-4,250.0
8075,8075,247.0,0,288,0.0,0.0,-3,250.0
8076,8076,248.0,0,288,0.0,2.0,-2,250.0
8077,8077,249.0,0,288,373.0,234.0,-1,250.0
8078,8078,250.0,1,288,306.0,173.0,0,250.0
8079,8079,251.0,1,288,14.0,7.0,1,250.0
8080,8080,252.0,1,288,4.0,1.0,2,250.0
8081,8081,253.0,1,288,4.0,1.0,3,250.0
8082,8082,254.0,1,288,6.0,2.0,4,250.0
8083,8083,255.0,1,288,13.0,4.0,5,250.0
8084,8084,256.0,1,288,31.0,10.0,6,250.0
8085,8085,257.0,1,288,7.0,5.0,7,250.0
8086,8086,258.0,1,288,4.0,6.0,8,250.0
8087,8087,259.0,1,288,2.0,7.0,9,250.0
8088,8088,260.0,1,288,12.0,10.0,10,250.0
8089,8089,261.0,1,288,65.0,28.0,11,250.0
8090,8090,262.0,1,288,49.0,51.0,12,250.0
8091,8091,263.0,1,288,71.0,53.0,13,250.0
8092,8092,23.0,0,289,1.0,2.0,-14,37.0
8093,8093,24.0,0,289,1.0,9.0,-13,37.0
8094,8094,25.0,0,289,0.0,10.0,-12,37.0
8095,8095,26.0,0,289,1.0,8.0,-11,37.0
8096,8096,27.0,0,289,0.0,26.0,-10,37.0
8097,8097,28.0,0,289,3.0,83.0,-9,37.0
8098,8098,29.0,0,289,3.0,233.0,-8,37.0
8099,8099,30.0,0,289,0.0,106.0,-7,37.0
8100,8100,31.0,0,289,13.0,187.0,-6,37.0
8101,8101,32.0,0,289,40.0,423.0,-5,37.0
8102,8102,33.0,0,289,19.0,299.0,-4,37.0
8103,8103,34.0,0,289,10.0,263.0,-3,37.0
8104,8104,35.0,0,289,5.0,204.0,-2,37.0
8105,8105,36.0,0,289,45.0,322.0,-1,37.0
8106,8106,37.0,1,289,58.0,470.0,0,37.0
8107,8107,38.0,1,289,18.0,281.0,1,37.0
8108,8108,39.0,1,289,12.0,208.0,2,37.0
8109,8109,40.0,1,289,7.0,245.0,3,37.0
8110,8110,41.0,1,289,4.0,138.0,4,37.0
8111,8111,42.0,1,289,1.0,127.0,5,37.0
8112,8112,43.0,1,289,4.0,92.0,6,37.0
8113,8113,44.0,1,289,4.0,113.0,7,37.0
8114,8114,45.0,1,289,1.0,67.0,8,37.0
8115,8115,46.0,1,289,2.0,87.0,9,37.0
8116,8116,47.0,1,289,0.0,60.0,10,37.0
8117,8117,48.0,1,289,5.0,77.0,11,37.0
8118,8118,49.0,1,289,2.0,52.0,12,37.0
8119,8119,50.0,1,289,2.0,47.0,13,37.0
8120,8120,161.0,0,290,36.0,45.0,-14,175.0
8121,8121,162.0,0,290,14.0,23.0,-13,175.0
8122,8122,163.0,0,290,22.0,21.0,-12,175.0
8123,8123,164.0,0,290,20.0,24.0,-11,175.0
8124,8124,165.0,0,290,11.0,14.0,-10,175.0
8125,8125,166.0,0,290,28.0,38.0,-9,175.0
8126,8126,167.0,0,290,15.0,14.0,-8,175.0
8127,8127,168.0,0,290,9.0,15.0,-7,175.0
8128,8128,169.0,0,290,87.0,100.0,-6,175.0
8129,8129,170.0,0,290,51.0,55.0,-5,175.0
8130,8130,171.0,0,290,23.0,22.0,-4,175.0
8131,8131,172.0,0,290,31.0,29.0,-3,175.0
8132,8132,173.0,0,290,23.0,27.0,-2,175.0
8133,8133,174.0,0,290,52.0,48.0,-1,175.0
8134,8134,175.0,1,290,63.0,37.0,0,175.0
8135,8135,176.0,1,290,38.0,54.0,1,175.0
8136,8136,177.0,1,290,90.0,96.0,2,175.0
8137,8137,178.0,1,290,34.0,59.0,3,175.0
8138,8138,179.0,1,290,36.0,64.0,4,175.0
8139,8139,180.0,1,290,9.0,17.0,5,175.0
8140,8140,181.0,1,290,4.0,13.0,6,175.0
8141,8141,182.0,1,290,4.0,14.0,7,175.0
8142,8142,183.0,1,290,7.0,12.0,8,175.0
8143,8143,184.0,1,290,0.0,6.0,9,175.0
8144,8144,185.0,1,290,11.0,9.0,10,175.0
8145,8145,186.0,1,290,16.0,23.0,11,175.0
8146,8146,187.0,1,290,7.0,14.0,12,175.0
8147,8147,188.0,1,290,3.0,12.0,13,175.0
8148,8148,79.0,0,291,138.0,713.0,-14,93.0
8149,8149,80.0,0,291,456.0,1896.0,-13,93.0
8150,8150,81.0,0,291,53.0,338.0,-12,93.0
8151,8151,82.0,0,291,87.0,300.0,-11,93.0
8152,8152,83.0,0,291,98.0,390.0,-10,93.0
8153,8153,84.0,0,291,143.0,980.0,-9,93.0
8154,8154,85.0,0,291,36.0,261.0,-8,93.0
8155,8155,86.0,0,291,32.0,158.0,-7,93.0
8156,8156,87.0,0,291,206.0,1011.0,-6,93.0
8157,8157,88.0,0,291,64.0,305.0,-5,93.0
8158,8158,89.0,0,291,239.0,1512.0,-4,93.0
8159,8159,90.0,0,291,89.0,698.0,-3,93.0
8160,8160,91.0,0,291,76.0,405.0,-2,93.0
8161,8161,92.0,0,291,34.0,341.0,-1,93.0
8162,8162,93.0,1,291,110.0,559.0,0,93.0
8163,8163,94.0,1,291,90.0,629.0,1,93.0
8164,8164,95.0,1,291,31.0,297.0,2,93.0
8165,8165,96.0,1,291,29.0,225.0,3,93.0
8166,8166,97.0,1,291,17.0,230.0,4,93.0
8167,8167,98.0,1,291,18.0,239.0,5,93.0
8168,8168,99.0,1,291,20.0,234.0,6,93.0
8169,8169,100.0,1,291,537.0,5598.0,7,93.0
8170,8170,101.0,1,291,234.0,3272.0,8,93.0
8171,8171,102.0,1,291,132.0,2034.0,9,93.0
8172,8172,103.0,1,291,50.0,951.0,10,93.0
8173,8173,104.0,1,291,26.0,588.0,11,93.0
8174,8174,105.0,1,291,36.0,600.0,12,93.0
8175,8175,106.0,1,291,34.0,567.0,13,93.0
8176,8176,121.0,0,292,279.0,592.0,-14,135.0
8177,8177,122.0,0,292,125.0,283.0,-13,135.0
8178,8178,123.0,0,292,154.0,314.0,-12,135.0
8179,8179,124.0,0,292,60.0,171.0,-11,135.0
8180,8180,125.0,0,292,55.0,160.0,-10,135.0
8181,8181,126.0,0,292,99.0,234.0,-9,135.0
8182,8182,127.0,0,292,98.0,220.0,-8,135.0
8183,8183,128.0,0,292,126.0,238.0,-7,135.0
8184,8184,129.0,0,292,79.0,160.0,-6,135.0
8185,8185,130.0,0,292,68.0,275.0,-5,135.0
8186,8186,131.0,0,292,48.0,133.0,-4,135.0
8187,8187,132.0,0,292,19.0,64.0,-3,135.0
8188,8188,133.0,0,292,27.0,90.0,-2,135.0
8189,8189,134.0,0,292,39.0,69.0,-1,135.0
8190,8190,135.0,1,292,60.0,106.0,0,135.0
8191,8191,136.0,1,292,43.0,116.0,1,135.0
8192,8192,137.0,1,292,119.0,353.0,2,135.0
8193,8193,138.0,1,292,46.0,166.0,3,135.0
8194,8194,139.0,1,292,23.0,92.0,4,135.0
8195,8195,140.0,1,292,37.0,126.0,5,135.0
8196,8196,141.0,1,292,23.0,117.0,6,135.0
8197,8197,142.0,1,292,59.0,187.0,7,135.0
8198,8198,143.0,1,292,60.0,179.0,8,135.0
8199,8199,144.0,1,292,23.0,99.0,9,135.0
8200,8200,145.0,1,292,42.0,86.0,10,135.0
8201,8201,146.0,1,292,93.0,205.0,11,135.0
8202,8202,147.0,1,292,170.0,403.0,12,135.0
8203,8203,148.0,1,292,89.0,195.0,13,135.0
8204,8204,121.0,0,293,9.0,28.0,-14,135.0
8205,8205,122.0,0,293,14.0,33.0,-13,135.0
8206,8206,123.0,0,293,17.0,32.0,-12,135.0
8207,8207,124.0,0,293,20.0,37.0,-11,135.0
8208,8208,125.0,0,293,9.0,26.0,-10,135.0
8209,8209,126.0,0,293,7.0,22.0,-9,135.0
8210,8210,127.0,0,293,7.0,28.0,-8,135.0
8211,8211,128.0,0,293,5.0,22.0,-7,135.0
8212,8212,129.0,0,293,12.0,30.0,-6,135.0
8213,8213,130.0,0,293,6.0,24.0,-5,135.0
8214,8214,131.0,0,293,7.0,30.0,-4,135.0
8215,8215,132.0,0,293,6.0,18.0,-3,135.0
8216,8216,133.0,0,293,57.0,100.0,-2,135.0
8217,8217,134.0,0,293,164.0,258.0,-1,135.0
8218,8218,135.0,1,293,179.0,174.0,0,135.0
8219,8219,136.0,1,293,23.0,54.0,1,135.0
8220,8220,137.0,1,293,8.0,31.0,2,135.0
8221,8221,138.0,1,293,4.0,38.0,3,135.0
8222,8222,139.0,1,293,15.0,22.0,4,135.0
8223,8223,140.0,1,293,10.0,22.0,5,135.0
8224,8224,141.0,1,293,32.0,63.0,6,135.0
8225,8225,142.0,1,293,5.0,32.0,7,135.0
8226,8226,143.0,1,293,3.0,20.0,8,135.0
8227,8227,144.0,1,293,8.0,25.0,9,135.0
8228,8228,145.0,1,293,5.0,14.0,10,135.0
8229,8229,146.0,1,293,3.0,10.0,11,135.0
8230,8230,147.0,1,293,7.0,18.0,12,135.0
8231,8231,148.0,1,293,5.0,11.0,13,135.0
8232,8232,207.0,0,294,3.0,9.0,-14,221.0
8233,8233,208.0,0,294,21.0,28.0,-13,221.0
8234,8234,209.0,0,294,4.0,11.0,-12,221.0
8235,8235,210.0,0,294,4.0,13.0,-11,221.0
8236,8236,211.0,0,294,4.0,14.0,-10,221.0
8237,8237,212.0,0,294,6.0,6.0,-9,221.0
8238,8238,213.0,0,294,2.0,12.0,-8,221.0
8239,8239,214.0,0,294,6.0,13.0,-7,221.0
8240,8240,215.0,0,294,3.0,14.0,-6,221.0
8241,8241,216.0,0,294,3.0,10.0,-5,221.0
8242,8242,217.0,0,294,3.0,6.0,-4,221.0
8243,8243,218.0,0,294,4.0,12.0,-3,221.0
8244,8244,219.0,0,294,4.0,4.0,-2,221.0
8245,8245,220.0,0,294,11.0,19.0,-1,221.0
8246,8246,221.0,1,294,25.0,12.0,0,221.0
8247,8247,222.0,1,294,8.0,20.0,1,221.0
8248,8248,223.0,1,294,2.0,14.0,2,221.0
8249,8249,224.0,1,294,6.0,10.0,3,221.0
8250,8250,225.0,1,294,4.0,12.0,4,221.0
8251,8251,226.0,1,294,7.0,11.0,5,221.0
8252,8252,227.0,1,294,3.0,11.0,6,221.0
8253,8253,228.0,1,294,6.0,4.0,7,221.0
8254,8254,229.0,1,294,3.0,11.0,8,221.0
8255,8255,230.0,1,294,24.0,31.0,9,221.0
8256,8256,231.0,1,294,81.0,33.0,10,221.0
8257,8257,232.0,1,294,5.0,9.0,11,221.0
8258,8258,233.0,1,294,14.0,20.0,12,221.0
8259,8259,234.0,1,294,3.0,14.0,13,221.0
8260,8260,126.0,0,295,37.0,40.0,-14,140.0
8261,8261,127.0,0,295,58.0,61.0,-13,140.0
8262,8262,128.0,0,295,98.0,103.0,-12,140.0
8263,8263,129.0,0,295,219.0,191.0,-11,140.0
8264,8264,130.0,0,295,76.0,63.0,-10,140.0
8265,8265,131.0,0,295,65.0,77.0,-9,140.0
8266,8266,132.0,0,295,168.0,126.0,-8,140.0
8267,8267,133.0,0,295,35.0,41.0,-7,140.0
8268,8268,134.0,0,295,73.0,66.0,-6,140.0
8269,8269,135.0,0,295,58.0,79.0,-5,140.0
8270,8270,136.0,0,295,49.0,58.0,-4,140.0
8271,8271,137.0,0,295,26.0,38.0,-3,140.0
8272,8272,138.0,0,295,37.0,54.0,-2,140.0
8273,8273,139.0,0,295,364.0,358.0,-1,140.0
8274,8274,140.0,1,295,167.0,132.0,0,140.0
8275,8275,141.0,1,295,107.0,120.0,1,140.0
8276,8276,142.0,1,295,61.0,67.0,2,140.0
8277,8277,143.0,1,295,117.0,104.0,3,140.0
8278,8278,144.0,1,295,92.0,107.0,4,140.0
8279,8279,145.0,1,295,73.0,87.0,5,140.0
8280,8280,146.0,1,295,98.0,99.0,6,140.0
8281,8281,147.0,1,295,55.0,70.0,7,140.0
8282,8282,148.0,1,295,55.0,77.0,8,140.0
8283,8283,149.0,1,295,129.0,170.0,9,140.0
8284,8284,150.0,1,295,72.0,121.0,10,140.0
8285,8285,151.0,1,295,317.0,422.0,11,140.0
8286,8286,152.0,1,295,150.0,200.0,12,140.0
8287,8287,153.0,1,295,104.0,209.0,13,140.0
8288,8288,101.0,0,296,114.0,720.0,-14,115.0
8289,8289,102.0,0,296,380.0,2121.0,-13,115.0
8290,8290,103.0,0,296,163.0,1322.0,-12,115.0
8291,8291,104.0,0,296,123.0,872.0,-11,115.0
8292,8292,105.0,0,296,116.0,673.0,-10,115.0
8293,8293,106.0,0,296,72.0,474.0,-9,115.0
8294,8294,107.0,0,296,93.0,489.0,-8,115.0
8295,8295,108.0,0,296,286.0,1237.0,-7,115.0
8296,8296,109.0,0,296,212.0,999.0,-6,115.0
8297,8297,110.0,0,296,99.0,541.0,-5,115.0
8298,8298,111.0,0,296,247.0,932.0,-4,115.0
8299,8299,112.0,0,296,408.0,1882.0,-3,115.0
8300,8300,113.0,0,296,473.0,1860.0,-2,115.0
8301,8301,114.0,0,296,193.0,837.0,-1,115.0
8302,8302,115.0,1,296,327.0,1872.0,0,115.0
8303,8303,116.0,1,296,280.0,1480.0,1,115.0
8304,8304,117.0,1,296,166.0,1099.0,2,115.0
8305,8305,118.0,1,296,78.0,634.0,3,115.0
8306,8306,119.0,1,296,89.0,724.0,4,115.0
8307,8307,120.0,1,296,109.0,674.0,5,115.0
8308,8308,121.0,1,296,118.0,694.0,6,115.0
8309,8309,122.0,1,296,90.0,581.0,7,115.0
8310,8310,123.0,1,296,129.0,1047.0,8,115.0
8311,8311,124.0,1,296,77.0,561.0,9,115.0
8312,8312,125.0,1,296,42.0,377.0,10,115.0
8313,8313,126.0,1,296,267.0,1901.0,11,115.0
8314,8314,127.0,1,296,157.0,1025.0,12,115.0
8315,8315,128.0,1,296,123.0,908.0,13,115.0
8316,8316,184.0,0,297,125.0,78.0,-14,198.0
8317,8317,185.0,0,297,30.0,23.0,-13,198.0
8318,8318,186.0,0,297,487.0,690.0,-12,198.0
8319,8319,187.0,0,297,1136.0,1873.0,-11,198.0
8320,8320,188.0,0,297,8023.0,13365.0,-10,198.0
8321,8321,189.0,0,297,2181.0,4749.0,-9,198.0
8322,8322,190.0,0,297,8293.0,21303.0,-8,198.0
8323,8323,191.0,0,297,1597.0,3373.0,-7,198.0
8324,8324,192.0,0,297,579.0,1278.0,-6,198.0
8325,8325,193.0,0,297,235.0,518.0,-5,198.0
8326,8326,194.0,0,297,130.0,213.0,-4,198.0
8327,8327,195.0,0,297,64.0,168.0,-3,198.0
8328,8328,196.0,0,297,68.0,150.0,-2,198.0
8329,8329,197.0,0,297,141.0,159.0,-1,198.0
8330,8330,198.0,1,297,102.0,152.0,0,198.0
8331,8331,199.0,1,297,57.0,56.0,1,198.0
8332,8332,200.0,1,297,31.0,66.0,2,198.0
8333,8333,201.0,1,297,32.0,99.0,3,198.0
8334,8334,202.0,1,297,71.0,114.0,4,198.0
8335,8335,203.0,1,297,45.0,80.0,5,198.0
8336,8336,204.0,1,297,50.0,73.0,6,198.0
8337,8337,205.0,1,297,73.0,76.0,7,198.0
8338,8338,206.0,1,297,47.0,50.0,8,198.0
8339,8339,207.0,1,297,44.0,72.0,9,198.0
8340,8340,208.0,1,297,27.0,48.0,10,198.0
8341,8341,209.0,1,297,51.0,78.0,11,198.0
8342,8342,210.0,1,297,36.0,57.0,12,198.0
8343,8343,211.0,1,297,65.0,109.0,13,198.0
8344,8344,23.0,0,298,0.0,19.0,-14,37.0
8345,8345,24.0,0,298,6.0,14.0,-13,37.0
8346,8346,25.0,0,298,2.0,29.0,-12,37.0
8347,8347,26.0,0,298,7.0,41.0,-11,37.0
8348,8348,27.0,0,298,31.0,221.0,-10,37.0
8349,8349,28.0,0,298,57.0,440.0,-9,37.0
8350,8350,29.0,0,298,54.0,428.0,-8,37.0
8351,8351,30.0,0,298,85.0,646.0,-7,37.0
8352,8352,31.0,0,298,804.0,2289.0,-6,37.0
8353,8353,32.0,0,298,1425.0,4870.0,-5,37.0
8354,8354,33.0,0,298,2083.0,13302.0,-4,37.0
8355,8355,34.0,0,298,1085.0,5463.0,-3,37.0
8356,8356,35.0,0,298,1195.0,5787.0,-2,37.0
8357,8357,36.0,0,298,1903.0,13298.0,-1,37.0
8358,8358,37.0,1,298,1933.0,21086.0,0,37.0
8359,8359,38.0,1,298,1425.0,20085.0,1,37.0
8360,8360,39.0,1,298,681.0,11310.0,2,37.0
8361,8361,40.0,1,298,445.0,8258.0,3,37.0
8362,8362,41.0,1,298,458.0,8077.0,4,37.0
8363,8363,42.0,1,298,631.0,11700.0,5,37.0
8364,8364,43.0,1,298,231.0,4122.0,6,37.0
8365,8365,44.0,1,298,160.0,3483.0,7,37.0
8366,8366,45.0,1,298,272.0,5174.0,8,37.0
8367,8367,46.0,1,298,282.0,7273.0,9,37.0
8368,8368,47.0,1,298,132.0,3810.0,10,37.0
8369,8369,48.0,1,298,169.0,4398.0,11,37.0
8370,8370,49.0,1,298,168.0,4930.0,12,37.0
8371,8371,50.0,1,298,130.0,4274.0,13,37.0
8372,8372,188.0,0,299,1.0,2.0,-14,202.0
8373,8373,189.0,0,299,0.0,0.0,-13,202.0
8374,8374,190.0,0,299,0.0,0.0,-12,202.0
8375,8375,191.0,0,299,0.0,0.0,-11,202.0
8376,8376,192.0,0,299,0.0,0.0,-10,202.0
8377,8377,193.0,0,299,0.0,0.0,-9,202.0
8378,8378,194.0,0,299,0.0,0.0,-8,202.0
8379,8379,195.0,0,299,0.0,0.0,-7,202.0
8380,8380,196.0,0,299,0.0,0.0,-6,202.0
8381,8381,197.0,0,299,1.0,0.0,-5,202.0
8382,8382,198.0,0,299,1.0,0.0,-4,202.0
8383,8383,199.0,0,299,0.0,1.0,-3,202.0
8384,8384,200.0,0,299,0.0,1.0,-2,202.0
8385,8385,201.0,0,299,1.0,0.0,-1,202.0
8386,8386,202.0,1,299,4.0,1.0,0,202.0
8387,8387,203.0,1,299,1.0,0.0,1,202.0
8388,8388,204.0,1,299,0.0,0.0,2,202.0
8389,8389,205.0,1,299,0.0,0.0,3,202.0
8390,8390,206.0,1,299,0.0,0.0,4,202.0
8391,8391,207.0,1,299,1.0,1.0,5,202.0
8392,8392,208.0,1,299,1.0,0.0,6,202.0
8393,8393,209.0,1,299,0.0,0.0,7,202.0
8394,8394,210.0,1,299,0.0,0.0,8,202.0
8395,8395,211.0,1,299,0.0,0.0,9,202.0
8396,8396,212.0,1,299,0.0,1.0,10,202.0
8397,8397,213.0,1,299,0.0,0.0,11,202.0
8398,8398,214.0,1,299,0.0,0.0,12,202.0
8399,8399,215.0,1,299,0.0,0.0,13,202.0
8400,8400,106.0,0,300,1068.0,326.0,-14,120.0
8401,8401,107.0,0,300,67.0,19.0,-13,120.0
8402,8402,108.0,0,300,34.0,11.0,-12,120.0
8403,8403,109.0,0,300,19.0,12.0,-11,120.0
8404,8404,110.0,0,300,141.0,218.0,-10,120.0
8405,8405,111.0,0,300,102.0,154.0,-9,120.0
8406,8406,112.0,0,300,56.0,68.0,-8,120.0
8407,8407,113.0,0,300,38.0,45.0,-7,120.0
8408,8408,114.0,0,300,257.0,147.0,-6,120.0
8409,8409,115.0,0,300,2389.0,3359.0,-5,120.0
8410,8410,116.0,0,300,527.0,851.0,-4,120.0
8411,8411,117.0,0,300,578.0,810.0,-3,120.0
8412,8412,118.0,0,300,148.0,229.0,-2,120.0
8413,8413,119.0,0,300,443.0,445.0,-1,120.0
8414,8414,120.0,1,300,569.0,710.0,0,120.0
8415,8415,121.0,1,300,341.0,435.0,1,120.0
8416,8416,122.0,1,300,240.0,276.0,2,120.0
8417,8417,123.0,1,300,113.0,416.0,3,120.0
8418,8418,124.0,1,300,29.0,109.0,4,120.0
8419,8419,125.0,1,300,39.0,68.0,5,120.0
8420,8420,126.0,1,300,32.0,38.0,6,120.0
8421,8421,127.0,1,300,47.0,84.0,7,120.0
8422,8422,128.0,1,300,38.0,49.0,8,120.0
8423,8423,129.0,1,300,24.0,47.0,9,120.0
8424,8424,130.0,1,300,21.0,32.0,10,120.0
8425,8425,131.0,1,300,27.0,31.0,11,120.0
8426,8426,132.0,1,300,25.0,52.0,12,120.0
8427,8427,133.0,1,300,71.0,79.0,13,120.0
8428,8428,29.0,0,301,0.0,1.0,-14,43.0
8429,8429,30.0,0,301,0.0,0.0,-13,43.0
8430,8430,31.0,0,301,0.0,1.0,-12,43.0
8431,8431,32.0,0,301,0.0,1.0,-11,43.0
8432,8432,33.0,0,301,0.0,3.0,-10,43.0
8433,8433,34.0,0,301,0.0,2.0,-9,43.0
8434,8434,35.0,0,301,0.0,2.0,-8,43.0
8435,8435,36.0,0,301,1.0,4.0,-7,43.0
8436,8436,37.0,0,301,0.0,1.0,-6,43.0
8437,8437,38.0,0,301,0.0,9.0,-5,43.0
8438,8438,39.0,0,301,15.0,66.0,-4,43.0
8439,8439,40.0,0,301,1.0,27.0,-3,43.0
8440,8440,41.0,0,301,1.0,13.0,-2,43.0
8441,8441,42.0,0,301,0.0,6.0,-1,43.0
8442,8442,43.0,1,301,19.0,11.0,0,43.0
8443,8443,44.0,1,301,0.0,9.0,1,43.0
8444,8444,45.0,1,301,1.0,11.0,2,43.0
8445,8445,46.0,1,301,1.0,4.0,3,43.0
8446,8446,47.0,1,301,0.0,11.0,4,43.0
8447,8447,48.0,1,301,3.0,22.0,5,43.0
8448,8448,49.0,1,301,0.0,16.0,6,43.0
8449,8449,50.0,1,301,0.0,7.0,7,43.0
8450,8450,51.0,1,301,1.0,12.0,8,43.0
8451,8451,52.0,1,301,1.0,4.0,9,43.0
8452,8452,53.0,1,301,0.0,12.0,10,43.0
8453,8453,54.0,1,301,1.0,15.0,11,43.0
8454,8454,55.0,1,301,1.0,10.0,12,43.0
8455,8455,56.0,1,301,2.0,2.0,13,43.0
8456,8456,3.0,0,302,0.0,5.0,-14,17.0
8457,8457,4.0,0,302,0.0,2.0,-13,17.0
8458,8458,5.0,0,302,0.0,0.0,-12,17.0
8459,8459,6.0,0,302,0.0,0.0,-11,17.0
8460,8460,7.0,0,302,0.0,1.0,-10,17.0
8461,8461,8.0,0,302,0.0,1.0,-9,17.0
8462,8462,9.0,0,302,0.0,0.0,-8,17.0
8463,8463,10.0,0,302,0.0,0.0,-7,17.0
8464,8464,11.0,0,302,1.0,0.0,-6,17.0
8465,8465,12.0,0,302,1.0,1.0,-5,17.0
8466,8466,13.0,0,302,1.0,1.0,-4,17.0
8467,8467,14.0,0,302,0.0,0.0,-3,17.0
8468,8468,15.0,0,302,0.0,0.0,-2,17.0
8469,8469,16.0,0,302,0.0,1.0,-1,17.0
8470,8470,17.0,1,302,1.0,1.0,0,17.0
8471,8471,18.0,1,302,0.0,0.0,1,17.0
8472,8472,19.0,1,302,0.0,0.0,2,17.0
8473,8473,20.0,1,302,0.0,1.0,3,17.0
8474,8474,21.0,1,302,0.0,1.0,4,17.0
8475,8475,22.0,1,302,0.0,0.0,5,17.0
8476,8476,23.0,1,302,0.0,0.0,6,17.0
8477,8477,24.0,1,302,0.0,1.0,7,17.0
8478,8478,25.0,1,302,0.0,0.0,8,17.0
8479,8479,26.0,1,302,0.0,0.0,9,17.0
8480,8480,27.0,1,302,1.0,2.0,10,17.0
8481,8481,28.0,1,302,0.0,0.0,11,17.0
8482,8482,29.0,1,302,0.0,1.0,12,17.0
8483,8483,30.0,1,302,1.0,1.0,13,17.0
8484,8484,89.0,0,303,13.0,12.0,-14,103.0
8485,8485,90.0,0,303,21.0,12.0,-13,103.0
8486,8486,91.0,0,303,16.0,11.0,-12,103.0
8487,8487,92.0,0,303,193.0,128.0,-11,103.0
8488,8488,93.0,0,303,58.0,41.0,-10,103.0
8489,8489,94.0,0,303,8.0,16.0,-9,103.0
8490,8490,95.0,0,303,128.0,102.0,-8,103.0
8491,8491,96.0,0,303,62.0,43.0,-7,103.0
8492,8492,97.0,0,303,12.0,6.0,-6,103.0
8493,8493,98.0,0,303,11.0,13.0,-5,103.0
8494,8494,99.0,0,303,6.0,8.0,-4,103.0
8495,8495,100.0,0,303,8.0,8.0,-3,103.0
8496,8496,101.0,0,303,22.0,11.0,-2,103.0
8497,8497,102.0,0,303,25.0,16.0,-1,103.0
8498,8498,103.0,1,303,38.0,33.0,0,103.0
8499,8499,104.0,1,303,350.0,203.0,1,103.0
8500,8500,105.0,1,303,114.0,77.0,2,103.0
8501,8501,106.0,1,303,13.0,20.0,3,103.0
8502,8502,107.0,1,303,18.0,28.0,4,103.0
8503,8503,108.0,1,303,34.0,12.0,5,103.0
8504,8504,109.0,1,303,6.0,13.0,6,103.0
8505,8505,110.0,1,303,9.0,13.0,7,103.0
8506,8506,111.0,1,303,7.0,9.0,8,103.0
8507,8507,112.0,1,303,5.0,12.0,9,103.0
8508,8508,113.0,1,303,7.0,4.0,10,103.0
8509,8509,114.0,1,303,20.0,24.0,11,103.0
8510,8510,115.0,1,303,21.0,25.0,12,103.0
8511,8511,116.0,1,303,30.0,29.0,13,103.0
8512,8512,243.0,0,304,39.0,166.0,-14,257.0
8513,8513,244.0,0,304,76.0,322.0,-13,257.0
8514,8514,245.0,0,304,45.0,140.0,-12,257.0
8515,8515,246.0,0,304,81.0,289.0,-11,257.0
8516,8516,247.0,0,304,55.0,151.0,-10,257.0
8517,8517,248.0,0,304,65.0,204.0,-9,257.0
8518,8518,249.0,0,304,34.0,146.0,-8,257.0
8519,8519,250.0,0,304,31.0,114.0,-7,257.0
8520,8520,251.0,0,304,51.0,185.0,-6,257.0
8521,8521,252.0,0,304,64.0,229.0,-5,257.0
8522,8522,253.0,0,304,43.0,190.0,-4,257.0
8523,8523,254.0,0,304,96.0,234.0,-3,257.0
8524,8524,255.0,0,304,52.0,219.0,-2,257.0
8525,8525,256.0,0,304,72.0,220.0,-1,257.0
8526,8526,257.0,1,304,51.0,138.0,0,257.0
8527,8527,258.0,1,304,29.0,95.0,1,257.0
8528,8528,259.0,1,304,43.0,146.0,2,257.0
8529,8529,260.0,1,304,92.0,291.0,3,257.0
8530,8530,261.0,1,304,62.0,210.0,4,257.0
8531,8531,262.0,1,304,55.0,214.0,5,257.0
8532,8532,263.0,1,304,42.0,235.0,6,257.0
8533,8533,264.0,1,304,43.0,137.0,7,257.0
8534,8534,265.0,1,304,40.0,155.0,8,257.0
8535,8535,266.0,1,304,23.0,95.0,9,257.0
8536,8536,267.0,1,304,31.0,175.0,10,257.0
8537,8537,268.0,1,304,34.0,137.0,11,257.0
8538,8538,269.0,1,304,26.0,131.0,12,257.0
8539,8539,270.0,1,304,29.0,173.0,13,257.0
8540,8540,40.0,0,305,437.0,997.0,-14,54.0
8541,8541,41.0,0,305,245.0,730.0,-13,54.0
8542,8542,42.0,0,305,226.0,847.0,-12,54.0
8543,8543,43.0,0,305,229.0,568.0,-11,54.0
8544,8544,44.0,0,305,383.0,756.0,-10,54.0
8545,8545,45.0,0,305,249.0,564.0,-9,54.0
8546,8546,46.0,0,305,170.0,498.0,-8,54.0
8547,8547,47.0,0,305,135.0,336.0,-7,54.0
8548,8548,48.0,0,305,140.0,276.0,-6,54.0
8549,8549,49.0,0,305,233.0,420.0,-5,54.0
8550,8550,50.0,0,305,179.0,346.0,-4,54.0
8551,8551,51.0,0,305,139.0,284.0,-3,54.0
8552,8552,52.0,0,305,137.0,236.0,-2,54.0
8553,8553,53.0,0,305,89.0,176.0,-1,54.0
8554,8554,54.0,1,305,211.0,349.0,0,54.0
8555,8555,55.0,1,305,74.0,169.0,1,54.0
8556,8556,56.0,1,305,41.0,102.0,2,54.0
8557,8557,57.0,1,305,66.0,139.0,3,54.0
8558,8558,58.0,1,305,106.0,265.0,4,54.0
8559,8559,59.0,1,305,155.0,312.0,5,54.0
8560,8560,60.0,1,305,54.0,107.0,6,54.0
8561,8561,61.0,1,305,71.0,149.0,7,54.0
8562,8562,62.0,1,305,21.0,84.0,8,54.0
8563,8563,63.0,1,305,40.0,65.0,9,54.0
8564,8564,64.0,1,305,36.0,75.0,10,54.0
8565,8565,65.0,1,305,17.0,55.0,11,54.0
8566,8566,66.0,1,305,24.0,53.0,12,54.0
8567,8567,67.0,1,305,64.0,106.0,13,54.0
8568,8568,62.0,0,306,3.0,10.0,-14,76.0
8569,8569,63.0,0,306,1.0,5.0,-13,76.0
8570,8570,64.0,0,306,5.0,3.0,-12,76.0
8571,8571,65.0,0,306,3.0,20.0,-11,76.0
8572,8572,66.0,0,306,0.0,9.0,-10,76.0
8573,8573,67.0,0,306,1.0,14.0,-9,76.0
8574,8574,68.0,0,306,0.0,9.0,-8,76.0
8575,8575,69.0,0,306,1.0,8.0,-7,76.0
8576,8576,70.0,0,306,2.0,3.0,-6,76.0
8577,8577,71.0,0,306,0.0,3.0,-5,76.0
8578,8578,72.0,0,306,1.0,6.0,-4,76.0
8579,8579,73.0,0,306,4.0,69.0,-3,76.0
8580,8580,74.0,0,306,8.0,40.0,-2,76.0
8581,8581,75.0,0,306,5.0,6.0,-1,76.0
8582,8582,76.0,1,306,22.0,8.0,0,76.0
8583,8583,77.0,1,306,2.0,7.0,1,76.0
8584,8584,78.0,1,306,2.0,4.0,2,76.0
8585,8585,79.0,1,306,1.0,5.0,3,76.0
8586,8586,80.0,1,306,0.0,4.0,4,76.0
8587,8587,81.0,1,306,1.0,7.0,5,76.0
8588,8588,82.0,1,306,0.0,5.0,6,76.0
8589,8589,83.0,1,306,3.0,15.0,7,76.0
8590,8590,84.0,1,306,6.0,8.0,8,76.0
8591,8591,85.0,1,306,0.0,7.0,9,76.0
8592,8592,86.0,1,306,5.0,9.0,10,76.0
8593,8593,87.0,1,306,1.0,12.0,11,76.0
8594,8594,88.0,1,306,2.0,7.0,12,76.0
8595,8595,89.0,1,306,0.0,4.0,13,76.0
8596,8596,3.0,0,307,10.0,84.0,-14,17.0
8597,8597,4.0,0,307,8.0,34.0,-13,17.0
8598,8598,5.0,0,307,6.0,38.0,-12,17.0
8599,8599,6.0,0,307,5.0,67.0,-11,17.0
8600,8600,7.0,0,307,13.0,293.0,-10,17.0
8601,8601,8.0,0,307,37.0,478.0,-9,17.0
8602,8602,9.0,0,307,16.0,311.0,-8,17.0
8603,8603,10.0,0,307,12.0,127.0,-7,17.0
8604,8604,11.0,0,307,18.0,174.0,-6,17.0
8605,8605,12.0,0,307,4.0,182.0,-5,17.0
8606,8606,13.0,0,307,7.0,67.0,-4,17.0
8607,8607,14.0,0,307,9.0,86.0,-3,17.0
8608,8608,15.0,0,307,10.0,114.0,-2,17.0
8609,8609,16.0,0,307,4.0,39.0,-1,17.0
8610,8610,17.0,1,307,5.0,27.0,0,17.0
8611,8611,18.0,1,307,0.0,23.0,1,17.0
8612,8612,19.0,1,307,2.0,13.0,2,17.0
8613,8613,20.0,1,307,4.0,45.0,3,17.0
8614,8614,21.0,1,307,5.0,33.0,4,17.0
8615,8615,22.0,1,307,1.0,31.0,5,17.0
8616,8616,23.0,1,307,1.0,20.0,6,17.0
8617,8617,24.0,1,307,2.0,28.0,7,17.0
8618,8618,25.0,1,307,1.0,28.0,8,17.0
8619,8619,26.0,1,307,18.0,449.0,9,17.0
8620,8620,27.0,1,307,12.0,368.0,10,17.0
8621,8621,28.0,1,307,31.0,913.0,11,17.0
8622,8622,29.0,1,307,11.0,456.0,12,17.0
8623,8623,30.0,1,307,12.0,512.0,13,17.0
8624,8624,30.0,0,308,17.0,183.0,-14,44.0
8625,8625,31.0,0,308,77.0,319.0,-13,44.0
8626,8626,32.0,0,308,115.0,509.0,-12,44.0
8627,8627,33.0,0,308,106.0,643.0,-11,44.0
8628,8628,34.0,0,308,99.0,597.0,-10,44.0
8629,8629,35.0,0,308,83.0,509.0,-9,44.0
8630,8630,36.0,0,308,207.0,613.0,-8,44.0
8631,8631,37.0,0,308,273.0,664.0,-7,44.0
8632,8632,38.0,0,308,508.0,595.0,-6,44.0
8633,8633,39.0,0,308,219.0,618.0,-5,44.0
8634,8634,40.0,0,308,76.0,309.0,-4,44.0
8635,8635,41.0,0,308,73.0,238.0,-3,44.0
8636,8636,42.0,0,308,44.0,150.0,-2,44.0
8637,8637,43.0,0,308,163.0,266.0,-1,44.0
8638,8638,44.0,1,308,99.0,201.0,0,44.0
8639,8639,45.0,1,308,57.0,146.0,1,44.0
8640,8640,46.0,1,308,56.0,129.0,2,44.0
8641,8641,47.0,1,308,127.0,480.0,3,44.0
8642,8642,48.0,1,308,126.0,362.0,4,44.0
8643,8643,49.0,1,308,28.0,94.0,5,44.0
8644,8644,50.0,1,308,16.0,78.0,6,44.0
8645,8645,51.0,1,308,41.0,113.0,7,44.0
8646,8646,52.0,1,308,18.0,101.0,8,44.0
8647,8647,53.0,1,308,15.0,72.0,9,44.0
8648,8648,54.0,1,308,12.0,65.0,10,44.0
8649,8649,55.0,1,308,11.0,70.0,11,44.0
8650,8650,56.0,1,308,11.0,49.0,12,44.0
8651,8651,57.0,1,308,12.0,39.0,13,44.0
8652,8652,163.0,0,309,0.0,1.0,-14,177.0
8653,8653,164.0,0,309,2.0,0.0,-13,177.0
8654,8654,165.0,0,309,0.0,0.0,-12,177.0
8655,8655,166.0,0,309,0.0,0.0,-11,177.0
8656,8656,167.0,0,309,0.0,1.0,-10,177.0
8657,8657,168.0,0,309,0.0,2.0,-9,177.0
8658,8658,169.0,0,309,1.0,1.0,-8,177.0
8659,8659,170.0,0,309,2.0,0.0,-7,177.0
8660,8660,171.0,0,309,1.0,1.0,-6,177.0
8661,8661,172.0,0,309,1.0,1.0,-5,177.0
8662,8662,173.0,0,309,1.0,1.0,-4,177.0
8663,8663,174.0,0,309,0.0,0.0,-3,177.0
8664,8664,175.0,0,309,1.0,0.0,-2,177.0
8665,8665,176.0,0,309,8.0,0.0,-1,177.0
8666,8666,177.0,1,309,124.0,57.0,0,177.0
8667,8667,178.0,1,309,5.0,9.0,1,177.0
8668,8668,179.0,1,309,1.0,1.0,2,177.0
8669,8669,180.0,1,309,1.0,0.0,3,177.0
8670,8670,181.0,1,309,2.0,0.0,4,177.0
8671,8671,182.0,1,309,0.0,2.0,5,177.0
8672,8672,183.0,1,309,2.0,0.0,6,177.0
8673,8673,184.0,1,309,1.0,1.0,7,177.0
8674,8674,185.0,1,309,0.0,0.0,8,177.0
8675,8675,186.0,1,309,0.0,0.0,9,177.0
8676,8676,187.0,1,309,0.0,0.0,10,177.0
8677,8677,188.0,1,309,0.0,1.0,11,177.0
8678,8678,189.0,1,309,0.0,1.0,12,177.0
8679,8679,190.0,1,309,1.0,1.0,13,177.0
8680,8680,110.0,0,310,26.0,88.0,-14,124.0
8681,8681,111.0,0,310,29.0,73.0,-13,124.0
8682,8682,112.0,0,310,14.0,34.0,-12,124.0
8683,8683,113.0,0,310,44.0,95.0,-11,124.0
8684,8684,114.0,0,310,36.0,67.0,-10,124.0
8685,8685,115.0,0,310,40.0,78.0,-9,124.0
8686,8686,116.0,0,310,76.0,150.0,-8,124.0
8687,8687,117.0,0,310,14.0,56.0,-7,124.0
8688,8688,118.0,0,310,34.0,55.0,-6,124.0
8689,8689,119.0,0,310,14.0,42.0,-5,124.0
8690,8690,120.0,0,310,456.0,691.0,-4,124.0
8691,8691,121.0,0,310,57.0,107.0,-3,124.0
8692,8692,122.0,0,310,14.0,54.0,-2,124.0
8693,8693,123.0,0,310,398.0,645.0,-1,124.0
8694,8694,124.0,1,310,209.0,362.0,0,124.0
8695,8695,125.0,1,310,24.0,80.0,1,124.0
8696,8696,126.0,1,310,43.0,90.0,2,124.0
8697,8697,127.0,1,310,54.0,95.0,3,124.0
8698,8698,128.0,1,310,30.0,124.0,4,124.0
8699,8699,129.0,1,310,37.0,144.0,5,124.0
8700,8700,130.0,1,310,22.0,49.0,6,124.0
8701,8701,131.0,1,310,16.0,48.0,7,124.0
8702,8702,132.0,1,310,14.0,41.0,8,124.0
8703,8703,133.0,1,310,9.0,46.0,9,124.0
8704,8704,134.0,1,310,16.0,62.0,10,124.0
8705,8705,135.0,1,310,41.0,136.0,11,124.0
8706,8706,136.0,1,310,23.0,77.0,12,124.0
8707,8707,137.0,1,310,106.0,174.0,13,124.0
8708,8708,163.0,0,311,19.0,3.0,-14,177.0
8709,8709,164.0,0,311,49.0,22.0,-13,177.0
8710,8710,165.0,0,311,9.0,11.0,-12,177.0
8711,8711,166.0,0,311,2.0,2.0,-11,177.0
8712,8712,167.0,0,311,3.0,6.0,-10,177.0
8713,8713,168.0,0,311,6.0,3.0,-9,177.0
8714,8714,169.0,0,311,5.0,10.0,-8,177.0
8715,8715,170.0,0,311,30.0,22.0,-7,177.0
8716,8716,171.0,0,311,7.0,6.0,-6,177.0
8717,8717,172.0,0,311,38.0,21.0,-5,177.0
8718,8718,173.0,0,311,25.0,9.0,-4,177.0
8719,8719,174.0,0,311,37.0,23.0,-3,177.0
8720,8720,175.0,0,311,11.0,4.0,-2,177.0
8721,8721,176.0,0,311,68.0,30.0,-1,177.0
8722,8722,177.0,1,311,380.0,290.0,0,177.0
8723,8723,178.0,1,311,9.0,18.0,1,177.0
8724,8724,179.0,1,311,7.0,7.0,2,177.0
8725,8725,180.0,1,311,9.0,5.0,3,177.0
8726,8726,181.0,1,311,10.0,8.0,4,177.0
8727,8727,182.0,1,311,4.0,12.0,5,177.0
8728,8728,183.0,1,311,9.0,8.0,6,177.0
8729,8729,184.0,1,311,6.0,6.0,7,177.0
8730,8730,185.0,1,311,10.0,5.0,8,177.0
8731,8731,186.0,1,311,3.0,2.0,9,177.0
8732,8732,187.0,1,311,0.0,3.0,10,177.0
8733,8733,188.0,1,311,1.0,4.0,11,177.0
8734,8734,189.0,1,311,1.0,6.0,12,177.0
8735,8735,190.0,1,311,35.0,39.0,13,177.0
8736,8736,154.0,0,312,0.0,0.0,-14,168.0
8737,8737,155.0,0,312,0.0,0.0,-13,168.0
8738,8738,156.0,0,312,7.0,7.0,-12,168.0
8739,8739,157.0,0,312,4.0,2.0,-11,168.0
8740,8740,158.0,0,312,1.0,4.0,-10,168.0
8741,8741,159.0,0,312,5.0,3.0,-9,168.0
8742,8742,160.0,0,312,5.0,3.0,-8,168.0
8743,8743,161.0,0,312,1.0,0.0,-7,168.0
8744,8744,162.0,0,312,0.0,0.0,-6,168.0
8745,8745,163.0,0,312,1.0,1.0,-5,168.0
8746,8746,164.0,0,312,7.0,6.0,-4,168.0
8747,8747,165.0,0,312,5.0,2.0,-3,168.0
8748,8748,166.0,0,312,1.0,1.0,-2,168.0
8749,8749,167.0,0,312,2.0,0.0,-1,168.0
8750,8750,168.0,1,312,8.0,1.0,0,168.0
8751,8751,169.0,1,312,3.0,2.0,1,168.0
8752,8752,170.0,1,312,0.0,3.0,2,168.0
8753,8753,171.0,1,312,0.0,1.0,3,168.0
8754,8754,172.0,1,312,1.0,1.0,4,168.0
8755,8755,173.0,1,312,0.0,2.0,5,168.0
8756,8756,174.0,1,312,2.0,2.0,6,168.0
8757,8757,175.0,1,312,1.0,1.0,7,168.0
8758,8758,176.0,1,312,2.0,4.0,8,168.0
8759,8759,177.0,1,312,0.0,1.0,9,168.0
8760,8760,178.0,1,312,1.0,2.0,10,168.0
8761,8761,179.0,1,312,0.0,3.0,11,168.0
8762,8762,180.0,1,312,3.0,2.0,12,168.0
8763,8763,181.0,1,312,2.0,1.0,13,168.0
8764,8764,314.0,0,313,0.0,0.0,-14,328.0
8765,8765,315.0,0,313,0.0,0.0,-13,328.0
8766,8766,316.0,0,313,0.0,0.0,-12,328.0
8767,8767,317.0,0,313,0.0,0.0,-11,328.0
8768,8768,318.0,0,313,0.0,0.0,-10,328.0
8769,8769,319.0,0,313,0.0,0.0,-9,328.0
8770,8770,320.0,0,313,0.0,0.0,-8,328.0
8771,8771,321.0,0,313,0.0,0.0,-7,328.0
8772,8772,322.0,0,313,0.0,0.0,-6,328.0
8773,8773,323.0,0,313,0.0,0.0,-5,328.0
8774,8774,324.0,0,313,0.0,0.0,-4,328.0
8775,8775,325.0,0,313,0.0,0.0,-3,328.0
8776,8776,326.0,0,313,0.0,0.0,-2,328.0
8777,8777,327.0,0,313,0.0,0.0,-1,328.0
8778,8778,328.0,1,313,5.0,0.0,0,328.0
8779,8779,329.0,1,313,0.0,0.0,1,328.0
8780,8780,330.0,1,313,0.0,0.0,2,328.0
8781,8781,331.0,1,313,0.0,0.0,3,328.0
8782,8782,332.0,1,313,0.0,0.0,4,328.0
8783,8783,333.0,1,313,0.0,0.0,5,328.0
8784,8784,334.0,1,313,0.0,0.0,6,328.0
8785,8785,335.0,1,313,0.0,1.0,7,328.0
8786,8786,336.0,1,313,0.0,0.0,8,328.0
8787,8787,337.0,1,313,0.0,0.0,9,328.0
8788,8788,338.0,1,313,0.0,0.0,10,328.0
8789,8789,339.0,1,313,0.0,0.0,11,328.0
8790,8790,340.0,1,313,0.0,1.0,12,328.0
8791,8791,341.0,1,313,0.0,1.0,13,328.0
8792,8792,83.0,0,314,11.0,14.0,-14,97.0
8793,8793,84.0,0,314,4.0,8.0,-13,97.0
8794,8794,85.0,0,314,4.0,7.0,-12,97.0
8795,8795,86.0,0,314,7.0,13.0,-11,97.0
8796,8796,87.0,0,314,19.0,56.0,-10,97.0
8797,8797,88.0,0,314,40.0,48.0,-9,97.0
8798,8798,89.0,0,314,36.0,58.0,-8,97.0
8799,8799,90.0,0,314,24.0,42.0,-7,97.0
8800,8800,91.0,0,314,4.0,19.0,-6,97.0
8801,8801,92.0,0,314,4.0,20.0,-5,97.0
8802,8802,93.0,0,314,7.0,12.0,-4,97.0
8803,8803,94.0,0,314,9.0,35.0,-3,97.0
8804,8804,95.0,0,314,16.0,36.0,-2,97.0
8805,8805,96.0,0,314,8.0,26.0,-1,97.0
8806,8806,97.0,1,314,38.0,34.0,0,97.0
8807,8807,98.0,1,314,5.0,23.0,1,97.0
8808,8808,99.0,1,314,5.0,26.0,2,97.0
8809,8809,100.0,1,314,4.0,15.0,3,97.0
8810,8810,101.0,1,314,10.0,13.0,4,97.0
8811,8811,102.0,1,314,14.0,45.0,5,97.0
8812,8812,103.0,1,314,25.0,71.0,6,97.0
8813,8813,104.0,1,314,20.0,61.0,7,97.0
8814,8814,105.0,1,314,41.0,100.0,8,97.0
8815,8815,106.0,1,314,28.0,70.0,9,97.0
8816,8816,107.0,1,314,13.0,59.0,10,97.0
8817,8817,108.0,1,314,9.0,51.0,11,97.0
8818,8818,109.0,1,314,13.0,36.0,12,97.0
8819,8819,110.0,1,314,7.0,38.0,13,97.0
8820,8820,234.0,0,315,0.0,0.0,-14,248.0
8821,8821,235.0,0,315,0.0,0.0,-13,248.0
8822,8822,236.0,0,315,0.0,0.0,-12,248.0
8823,8823,237.0,0,315,0.0,0.0,-11,248.0
8824,8824,238.0,0,315,1.0,0.0,-10,248.0
8825,8825,239.0,0,315,0.0,0.0,-9,248.0
8826,8826,240.0,0,315,0.0,0.0,-8,248.0
8827,8827,241.0,0,315,1.0,0.0,-7,248.0
8828,8828,242.0,0,315,1.0,0.0,-6,248.0
8829,8829,243.0,0,315,0.0,0.0,-5,248.0
8830,8830,244.0,0,315,0.0,0.0,-4,248.0
8831,8831,245.0,0,315,1.0,0.0,-3,248.0
8832,8832,246.0,0,315,0.0,0.0,-2,248.0
8833,8833,247.0,0,315,57.0,44.0,-1,248.0
8834,8834,248.0,1,315,45.0,30.0,0,248.0
8835,8835,249.0,1,315,5.0,6.0,1,248.0
8836,8836,250.0,1,315,1.0,1.0,2,248.0
8837,8837,251.0,1,315,0.0,0.0,3,248.0
8838,8838,252.0,1,315,2.0,0.0,4,248.0
8839,8839,253.0,1,315,0.0,0.0,5,248.0
8840,8840,254.0,1,315,0.0,2.0,6,248.0
8841,8841,255.0,1,315,0.0,1.0,7,248.0
8842,8842,256.0,1,315,0.0,0.0,8,248.0
8843,8843,257.0,1,315,0.0,0.0,9,248.0
8844,8844,258.0,1,315,0.0,0.0,10,248.0
8845,8845,259.0,1,315,1.0,0.0,11,248.0
8846,8846,260.0,1,315,0.0,0.0,12,248.0
8847,8847,261.0,1,315,0.0,0.0,13,248.0
8848,8848,178.0,0,316,101.0,92.0,-14,192.0
8849,8849,179.0,0,316,74.0,75.0,-13,192.0
8850,8850,180.0,0,316,25.0,13.0,-12,192.0
8851,8851,181.0,0,316,45.0,28.0,-11,192.0
8852,8852,182.0,0,316,84.0,65.0,-10,192.0
8853,8853,183.0,0,316,54.0,32.0,-9,192.0
8854,8854,184.0,0,316,46.0,42.0,-8,192.0
8855,8855,185.0,0,316,28.0,21.0,-7,192.0
8856,8856,186.0,0,316,19.0,20.0,-6,192.0
8857,8857,187.0,0,316,94.0,46.0,-5,192.0
8858,8858,188.0,0,316,101.0,51.0,-4,192.0
8859,8859,189.0,0,316,208.0,86.0,-3,192.0
8860,8860,190.0,0,316,51.0,24.0,-2,192.0
8861,8861,191.0,0,316,193.0,93.0,-1,192.0
8862,8862,192.0,1,316,102.0,67.0,0,192.0
8863,8863,193.0,1,316,33.0,18.0,1,192.0
8864,8864,194.0,1,316,24.0,28.0,2,192.0
8865,8865,195.0,1,316,114.0,45.0,3,192.0
8866,8866,196.0,1,316,62.0,36.0,4,192.0
8867,8867,197.0,1,316,46.0,20.0,5,192.0
8868,8868,198.0,1,316,88.0,59.0,6,192.0
8869,8869,199.0,1,316,47.0,16.0,7,192.0
8870,8870,200.0,1,316,17.0,25.0,8,192.0
8871,8871,201.0,1,316,18.0,12.0,9,192.0
8872,8872,202.0,1,316,38.0,34.0,10,192.0
8873,8873,203.0,1,316,54.0,53.0,11,192.0
8874,8874,204.0,1,316,29.0,19.0,12,192.0
8875,8875,205.0,1,316,15.0,11.0,13,192.0
8876,8876,30.0,0,317,2.0,14.0,-14,44.0
8877,8877,31.0,0,317,11.0,29.0,-13,44.0
8878,8878,32.0,0,317,46.0,117.0,-12,44.0
8879,8879,33.0,0,317,21.0,74.0,-11,44.0
8880,8880,34.0,0,317,19.0,86.0,-10,44.0
8881,8881,35.0,0,317,39.0,102.0,-9,44.0
8882,8882,36.0,0,317,33.0,108.0,-8,44.0
8883,8883,37.0,0,317,107.0,136.0,-7,44.0
8884,8884,38.0,0,317,70.0,133.0,-6,44.0
8885,8885,39.0,0,317,148.0,242.0,-5,44.0
8886,8886,40.0,0,317,88.0,139.0,-4,44.0
8887,8887,41.0,0,317,99.0,160.0,-3,44.0
8888,8888,42.0,0,317,150.0,182.0,-2,44.0
8889,8889,43.0,0,317,215.0,304.0,-1,44.0
8890,8890,44.0,1,317,488.0,926.0,0,44.0
8891,8891,45.0,1,317,79.0,163.0,1,44.0
8892,8892,46.0,1,317,70.0,141.0,2,44.0
8893,8893,47.0,1,317,48.0,121.0,3,44.0
8894,8894,48.0,1,317,78.0,136.0,4,44.0
8895,8895,49.0,1,317,44.0,87.0,5,44.0
8896,8896,50.0,1,317,39.0,72.0,6,44.0
8897,8897,51.0,1,317,57.0,102.0,7,44.0
8898,8898,52.0,1,317,55.0,138.0,8,44.0
8899,8899,53.0,1,317,33.0,97.0,9,44.0
8900,8900,54.0,1,317,25.0,67.0,10,44.0
8901,8901,55.0,1,317,24.0,67.0,11,44.0
8902,8902,56.0,1,317,20.0,51.0,12,44.0
8903,8903,57.0,1,317,41.0,114.0,13,44.0
8904,8904,52.0,0,318,121.0,128.0,-14,66.0
8905,8905,53.0,0,318,45.0,47.0,-13,66.0
8906,8906,54.0,0,318,26.0,36.0,-12,66.0
8907,8907,55.0,0,318,17.0,24.0,-11,66.0
8908,8908,56.0,0,318,15.0,13.0,-10,66.0
8909,8909,57.0,0,318,19.0,22.0,-9,66.0
8910,8910,58.0,0,318,16.0,8.0,-8,66.0
8911,8911,59.0,0,318,22.0,39.0,-7,66.0
8912,8912,60.0,0,318,15.0,13.0,-6,66.0
8913,8913,61.0,0,318,3.0,15.0,-5,66.0
8914,8914,62.0,0,318,7.0,11.0,-4,66.0
8915,8915,63.0,0,318,28.0,29.0,-3,66.0
8916,8916,64.0,0,318,14.0,4.0,-2,66.0
8917,8917,65.0,0,318,11.0,14.0,-1,66.0
8918,8918,66.0,1,318,100.0,67.0,0,66.0
8919,8919,67.0,1,318,9.0,29.0,1,66.0
8920,8920,68.0,1,318,12.0,19.0,2,66.0
8921,8921,69.0,1,318,5.0,9.0,3,66.0
8922,8922,70.0,1,318,5.0,9.0,4,66.0
8923,8923,71.0,1,318,6.0,4.0,5,66.0
8924,8924,72.0,1,318,98.0,60.0,6,66.0
8925,8925,73.0,1,318,27.0,18.0,7,66.0
8926,8926,74.0,1,318,11.0,13.0,8,66.0
8927,8927,75.0,1,318,2.0,3.0,9,66.0
8928,8928,76.0,1,318,8.0,11.0,10,66.0
8929,8929,77.0,1,318,7.0,10.0,11,66.0
8930,8930,78.0,1,318,45.0,53.0,12,66.0
8931,8931,79.0,1,318,31.0,34.0,13,66.0
8932,8932,193.0,0,319,0.0,0.0,-14,207.0
8933,8933,194.0,0,319,0.0,1.0,-13,207.0
8934,8934,195.0,0,319,0.0,0.0,-12,207.0
8935,8935,196.0,0,319,0.0,0.0,-11,207.0
8936,8936,197.0,0,319,1.0,0.0,-10,207.0
8937,8937,198.0,0,319,0.0,0.0,-9,207.0
8938,8938,199.0,0,319,0.0,0.0,-8,207.0
8939,8939,200.0,0,319,0.0,1.0,-7,207.0
8940,8940,201.0,0,319,0.0,0.0,-6,207.0
8941,8941,202.0,0,319,0.0,0.0,-5,207.0
8942,8942,203.0,0,319,0.0,0.0,-4,207.0
8943,8943,204.0,0,319,0.0,0.0,-3,207.0
8944,8944,205.0,0,319,0.0,0.0,-2,207.0
8945,8945,206.0,0,319,1.0,0.0,-1,207.0
8946,8946,207.0,1,319,3.0,2.0,0,207.0
8947,8947,208.0,1,319,1.0,1.0,1,207.0
8948,8948,209.0,1,319,0.0,2.0,2,207.0
8949,8949,210.0,1,319,0.0,0.0,3,207.0
8950,8950,211.0,1,319,0.0,0.0,4,207.0
8951,8951,212.0,1,319,0.0,0.0,5,207.0
8952,8952,213.0,1,319,1.0,0.0,6,207.0
8953,8953,214.0,1,319,0.0,0.0,7,207.0
8954,8954,215.0,1,319,0.0,0.0,8,207.0
8955,8955,216.0,1,319,1.0,0.0,9,207.0
8956,8956,217.0,1,319,0.0,0.0,10,207.0
8957,8957,218.0,1,319,1.0,0.0,11,207.0
8958,8958,219.0,1,319,1.0,0.0,12,207.0
8959,8959,220.0,1,319,3.0,2.0,13,207.0
8960,8960,117.0,0,320,3.0,3.0,-14,131.0
8961,8961,118.0,0,320,5.0,1.0,-13,131.0
8962,8962,119.0,0,320,8.0,5.0,-12,131.0
8963,8963,120.0,0,320,2.0,3.0,-11,131.0
8964,8964,121.0,0,320,11.0,1.0,-10,131.0
8965,8965,122.0,0,320,2.0,4.0,-9,131.0
8966,8966,123.0,0,320,3.0,3.0,-8,131.0
8967,8967,124.0,0,320,3.0,3.0,-7,131.0
8968,8968,125.0,0,320,1.0,0.0,-6,131.0
8969,8969,126.0,0,320,2.0,3.0,-5,131.0
8970,8970,127.0,0,320,1.0,2.0,-4,131.0
8971,8971,128.0,0,320,2.0,3.0,-3,131.0
8972,8972,129.0,0,320,2.0,2.0,-2,131.0
8973,8973,130.0,0,320,4.0,6.0,-1,131.0
8974,8974,131.0,1,320,18.0,3.0,0,131.0
8975,8975,132.0,1,320,3.0,2.0,1,131.0
8976,8976,133.0,1,320,5.0,8.0,2,131.0
8977,8977,134.0,1,320,2.0,3.0,3,131.0
8978,8978,135.0,1,320,18.0,12.0,4,131.0
8979,8979,136.0,1,320,2.0,3.0,5,131.0
8980,8980,137.0,1,320,1.0,1.0,6,131.0
8981,8981,138.0,1,320,3.0,3.0,7,131.0
8982,8982,139.0,1,320,1.0,1.0,8,131.0
8983,8983,140.0,1,320,0.0,0.0,9,131.0
8984,8984,141.0,1,320,2.0,1.0,10,131.0
8985,8985,142.0,1,320,3.0,2.0,11,131.0
8986,8986,143.0,1,320,3.0,0.0,12,131.0
8987,8987,144.0,1,320,1.0,2.0,13,131.0
8988,8988,41.0,0,321,72.0,84.0,-14,55.0
8989,8989,42.0,0,321,21.0,29.0,-13,55.0
8990,8990,43.0,0,321,20.0,22.0,-12,55.0
8991,8991,44.0,0,321,71.0,53.0,-11,55.0
8992,8992,45.0,0,321,43.0,33.0,-10,55.0
8993,8993,46.0,0,321,20.0,14.0,-9,55.0
8994,8994,47.0,0,321,17.0,12.0,-8,55.0
8995,8995,48.0,0,321,10.0,11.0,-7,55.0
8996,8996,49.0,0,321,7.0,10.0,-6,55.0
8997,8997,50.0,0,321,21.0,22.0,-5,55.0
8998,8998,51.0,0,321,13.0,26.0,-4,55.0
8999,8999,52.0,0,321,6.0,4.0,-3,55.0
9000,9000,53.0,0,321,5.0,7.0,-2,55.0
9001,9001,54.0,0,321,11.0,7.0,-1,55.0
9002,9002,55.0,1,321,34.0,22.0,0,55.0
9003,9003,56.0,1,321,5.0,4.0,1,55.0
9004,9004,57.0,1,321,3.0,6.0,2,55.0
9005,9005,58.0,1,321,3.0,3.0,3,55.0
9006,9006,59.0,1,321,3.0,4.0,4,55.0
9007,9007,60.0,1,321,4.0,1.0,5,55.0
9008,9008,61.0,1,321,2.0,2.0,6,55.0
9009,9009,62.0,1,321,1.0,2.0,7,55.0
9010,9010,63.0,1,321,1.0,3.0,8,55.0
9011,9011,64.0,1,321,2.0,2.0,9,55.0
9012,9012,65.0,1,321,5.0,4.0,10,55.0
9013,9013,66.0,1,321,25.0,28.0,11,55.0
9014,9014,67.0,1,321,1.0,3.0,12,55.0
9015,9015,68.0,1,321,0.0,2.0,13,55.0
9016,9016,33.0,0,322,0.0,0.0,-14,47.0
9017,9017,34.0,0,322,0.0,0.0,-13,47.0
9018,9018,35.0,0,322,0.0,0.0,-12,47.0
9019,9019,36.0,0,322,0.0,0.0,-11,47.0
9020,9020,37.0,0,322,1.0,4.0,-10,47.0
9021,9021,38.0,0,322,0.0,3.0,-9,47.0
9022,9022,39.0,0,322,0.0,6.0,-8,47.0
9023,9023,40.0,0,322,0.0,2.0,-7,47.0
9024,9024,41.0,0,322,0.0,1.0,-6,47.0
9025,9025,42.0,0,322,0.0,2.0,-5,47.0
9026,9026,43.0,0,322,1.0,0.0,-4,47.0
9027,9027,44.0,0,322,0.0,6.0,-3,47.0
9028,9028,45.0,0,322,0.0,2.0,-2,47.0
9029,9029,46.0,0,322,0.0,1.0,-1,47.0
9030,9030,47.0,1,322,15.0,23.0,0,47.0
9031,9031,48.0,1,322,4.0,6.0,1,47.0
9032,9032,49.0,1,322,1.0,1.0,2,47.0
9033,9033,50.0,1,322,2.0,1.0,3,47.0
9034,9034,51.0,1,322,2.0,2.0,4,47.0
9035,9035,52.0,1,322,0.0,4.0,5,47.0
9036,9036,53.0,1,322,1.0,1.0,6,47.0
9037,9037,54.0,1,322,1.0,1.0,7,47.0
9038,9038,55.0,1,322,0.0,2.0,8,47.0
9039,9039,56.0,1,322,1.0,0.0,9,47.0
9040,9040,57.0,1,322,0.0,0.0,10,47.0
9041,9041,58.0,1,322,1.0,0.0,11,47.0
9042,9042,59.0,1,322,0.0,0.0,12,47.0
9043,9043,60.0,1,322,0.0,1.0,13,47.0
9044,9044,30.0,0,323,22.0,266.0,-14,44.0
9045,9045,31.0,0,323,171.0,617.0,-13,44.0
9046,9046,32.0,0,323,139.0,533.0,-12,44.0
9047,9047,33.0,0,323,183.0,872.0,-11,44.0
9048,9048,34.0,0,323,235.0,1004.0,-10,44.0
9049,9049,35.0,0,323,214.0,1137.0,-9,44.0
9050,9050,36.0,0,323,348.0,1406.0,-8,44.0
9051,9051,37.0,0,323,389.0,1482.0,-7,44.0
9052,9052,38.0,0,323,413.0,2085.0,-6,44.0
9053,9053,39.0,0,323,266.0,1367.0,-5,44.0
9054,9054,40.0,0,323,261.0,1117.0,-4,44.0
9055,9055,41.0,0,323,204.0,987.0,-3,44.0
9056,9056,42.0,0,323,125.0,693.0,-2,44.0
9057,9057,43.0,0,323,93.0,427.0,-1,44.0
9058,9058,44.0,1,323,135.0,594.0,0,44.0
9059,9059,45.0,1,323,137.0,606.0,1,44.0
9060,9060,46.0,1,323,56.0,360.0,2,44.0
9061,9061,47.0,1,323,118.0,529.0,3,44.0
9062,9062,48.0,1,323,83.0,433.0,4,44.0
9063,9063,49.0,1,323,46.0,291.0,5,44.0
9064,9064,50.0,1,323,59.0,310.0,6,44.0
9065,9065,51.0,1,323,49.0,293.0,7,44.0
9066,9066,52.0,1,323,86.0,392.0,8,44.0
9067,9067,53.0,1,323,50.0,246.0,9,44.0
9068,9068,54.0,1,323,67.0,289.0,10,44.0
9069,9069,55.0,1,323,37.0,204.0,11,44.0
9070,9070,56.0,1,323,21.0,181.0,12,44.0
9071,9071,57.0,1,323,140.0,632.0,13,44.0
9072,9072,265.0,0,324,9.0,26.0,-14,279.0
9073,9073,266.0,0,324,35.0,17.0,-13,279.0
9074,9074,267.0,0,324,12.0,16.0,-12,279.0
9075,9075,268.0,0,324,16.0,11.0,-11,279.0
9076,9076,269.0,0,324,9.0,21.0,-10,279.0
9077,9077,270.0,0,324,19.0,15.0,-9,279.0
9078,9078,271.0,0,324,2.0,14.0,-8,279.0
9079,9079,272.0,0,324,5.0,8.0,-7,279.0
9080,9080,273.0,0,324,7.0,4.0,-6,279.0
9081,9081,274.0,0,324,0.0,10.0,-5,279.0
9082,9082,275.0,0,324,4.0,4.0,-4,279.0
9083,9083,276.0,0,324,2.0,9.0,-3,279.0
9084,9084,277.0,0,324,8.0,15.0,-2,279.0
9085,9085,278.0,0,324,9.0,13.0,-1,279.0
9086,9086,279.0,1,324,9.0,12.0,0,279.0
9087,9087,280.0,1,324,1.0,5.0,1,279.0
9088,9088,281.0,1,324,4.0,7.0,2,279.0
9089,9089,282.0,1,324,5.0,15.0,3,279.0
9090,9090,283.0,1,324,0.0,9.0,4,279.0
9091,9091,284.0,1,324,4.0,22.0,5,279.0
9092,9092,285.0,1,324,5.0,11.0,6,279.0
9093,9093,286.0,1,324,17.0,66.0,7,279.0
9094,9094,287.0,1,324,23.0,45.0,8,279.0
9095,9095,288.0,1,324,5.0,13.0,9,279.0
9096,9096,289.0,1,324,3.0,10.0,10,279.0
9097,9097,290.0,1,324,12.0,25.0,11,279.0
9098,9098,291.0,1,324,10.0,22.0,12,279.0
9099,9099,292.0,1,324,14.0,25.0,13,279.0
9100,9100,235.0,0,325,3.0,1.0,-14,249.0
9101,9101,236.0,0,325,1.0,0.0,-13,249.0
9102,9102,237.0,0,325,0.0,1.0,-12,249.0
9103,9103,238.0,0,325,0.0,1.0,-11,249.0
9104,9104,239.0,0,325,0.0,1.0,-10,249.0
9105,9105,240.0,0,325,2.0,2.0,-9,249.0
9106,9106,241.0,0,325,6.0,4.0,-8,249.0
9107,9107,242.0,0,325,0.0,0.0,-7,249.0
9108,9108,243.0,0,325,1.0,0.0,-6,249.0
9109,9109,244.0,0,325,0.0,0.0,-5,249.0
9110,9110,245.0,0,325,0.0,1.0,-4,249.0
9111,9111,246.0,0,325,1.0,1.0,-3,249.0
9112,9112,247.0,0,325,0.0,0.0,-2,249.0
9113,9113,248.0,0,325,2.0,2.0,-1,249.0
9114,9114,249.0,1,325,11.0,3.0,0,249.0
9115,9115,250.0,1,325,1.0,1.0,1,249.0
9116,9116,251.0,1,325,2.0,0.0,2,249.0
9117,9117,252.0,1,325,0.0,1.0,3,249.0
9118,9118,253.0,1,325,0.0,1.0,4,249.0
9119,9119,254.0,1,325,0.0,0.0,5,249.0
9120,9120,255.0,1,325,0.0,1.0,6,249.0
9121,9121,256.0,1,325,0.0,2.0,7,249.0
9122,9122,257.0,1,325,0.0,0.0,8,249.0
9123,9123,258.0,1,325,34.0,40.0,9,249.0
9124,9124,259.0,1,325,1.0,4.0,10,249.0
9125,9125,260.0,1,325,2.0,1.0,11,249.0
9126,9126,261.0,1,325,0.0,0.0,12,249.0
9127,9127,262.0,1,325,1.0,2.0,13,249.0
9128,9128,257.0,0,326,4.0,1.0,-14,271.0
9129,9129,258.0,0,326,6.0,3.0,-13,271.0
9130,9130,259.0,0,326,5.0,0.0,-12,271.0
9131,9131,260.0,0,326,0.0,0.0,-11,271.0
9132,9132,261.0,0,326,1.0,2.0,-10,271.0
9133,9133,262.0,0,326,2.0,4.0,-9,271.0
9134,9134,263.0,0,326,3.0,7.0,-8,271.0
9135,9135,264.0,0,326,2.0,1.0,-7,271.0
9136,9136,265.0,0,326,0.0,1.0,-6,271.0
9137,9137,266.0,0,326,3.0,6.0,-5,271.0
9138,9138,267.0,0,326,30.0,45.0,-4,271.0
9139,9139,268.0,0,326,102.0,118.0,-3,271.0
9140,9140,269.0,0,326,11.0,10.0,-2,271.0
9141,9141,270.0,0,326,599.0,732.0,-1,271.0
9142,9142,271.0,1,326,376.0,416.0,0,271.0
9143,9143,272.0,1,326,29.0,34.0,1,271.0
9144,9144,273.0,1,326,13.0,14.0,2,271.0
9145,9145,274.0,1,326,227.0,430.0,3,271.0
9146,9146,275.0,1,326,73.0,80.0,4,271.0
9147,9147,276.0,1,326,27.0,51.0,5,271.0
9148,9148,277.0,1,326,15.0,23.0,6,271.0
9149,9149,278.0,1,326,7.0,16.0,7,271.0
9150,9150,279.0,1,326,2.0,2.0,8,271.0
9151,9151,280.0,1,326,7.0,16.0,9,271.0
9152,9152,281.0,1,326,4.0,14.0,10,271.0
9153,9153,282.0,1,326,8.0,7.0,11,271.0
9154,9154,283.0,1,326,8.0,34.0,12,271.0
9155,9155,284.0,1,326,6.0,4.0,13,271.0
9156,9156,234.0,0,327,0.0,0.0,-14,248.0
9157,9157,235.0,0,327,0.0,0.0,-13,248.0
9158,9158,236.0,0,327,0.0,0.0,-12,248.0
9159,9159,237.0,0,327,0.0,0.0,-11,248.0
9160,9160,238.0,0,327,0.0,0.0,-10,248.0
9161,9161,239.0,0,327,1.0,1.0,-9,248.0
9162,9162,240.0,0,327,0.0,0.0,-8,248.0
9163,9163,241.0,0,327,0.0,0.0,-7,248.0
9164,9164,242.0,0,327,0.0,0.0,-6,248.0
9165,9165,243.0,0,327,0.0,0.0,-5,248.0
9166,9166,244.0,0,327,1.0,1.0,-4,248.0
9167,9167,245.0,0,327,1.0,2.0,-3,248.0
9168,9168,246.0,0,327,0.0,1.0,-2,248.0
9169,9169,247.0,0,327,20.0,12.0,-1,248.0
9170,9170,248.0,1,327,67.0,48.0,0,248.0
9171,9171,249.0,1,327,0.0,5.0,1,248.0
9172,9172,250.0,1,327,1.0,1.0,2,248.0
9173,9173,251.0,1,327,0.0,1.0,3,248.0
9174,9174,252.0,1,327,0.0,1.0,4,248.0
9175,9175,253.0,1,327,0.0,0.0,5,248.0
9176,9176,254.0,1,327,0.0,0.0,6,248.0
9177,9177,255.0,1,327,0.0,0.0,7,248.0
9178,9178,256.0,1,327,1.0,2.0,8,248.0
9179,9179,257.0,1,327,0.0,1.0,9,248.0
9180,9180,258.0,1,327,0.0,0.0,10,248.0
9181,9181,259.0,1,327,0.0,1.0,11,248.0
9182,9182,260.0,1,327,0.0,1.0,12,248.0
9183,9183,261.0,1,327,0.0,0.0,13,248.0
9184,9184,119.0,0,328,748.0,1395.0,-14,133.0
9185,9185,120.0,0,328,1660.0,3903.0,-13,133.0
9186,9186,121.0,0,328,2346.0,5738.0,-12,133.0
9187,9187,122.0,0,328,1379.0,1394.0,-11,133.0
9188,9188,123.0,0,328,364.0,711.0,-10,133.0
9189,9189,124.0,0,328,216.0,508.0,-9,133.0
9190,9190,125.0,0,328,150.0,372.0,-8,133.0
9191,9191,126.0,0,328,103.0,314.0,-7,133.0
9192,9192,127.0,0,328,78.0,209.0,-6,133.0
9193,9193,128.0,0,328,121.0,236.0,-5,133.0
9194,9194,129.0,0,328,133.0,245.0,-4,133.0
9195,9195,130.0,0,328,48.0,191.0,-3,133.0
9196,9196,131.0,0,328,80.0,247.0,-2,133.0
9197,9197,132.0,0,328,5143.0,12547.0,-1,133.0
9198,9198,133.0,1,328,4398.0,12774.0,0,133.0
9199,9199,134.0,1,328,545.0,1897.0,1,133.0
9200,9200,135.0,1,328,280.0,972.0,2,133.0
9201,9201,136.0,1,328,161.0,815.0,3,133.0
9202,9202,137.0,1,328,186.0,730.0,4,133.0
9203,9203,138.0,1,328,133.0,634.0,5,133.0
9204,9204,139.0,1,328,166.0,588.0,6,133.0
9205,9205,140.0,1,328,513.0,1117.0,7,133.0
9206,9206,141.0,1,328,707.0,2387.0,8,133.0
9207,9207,142.0,1,328,172.0,783.0,9,133.0
9208,9208,143.0,1,328,118.0,440.0,10,133.0
9209,9209,144.0,1,328,177.0,446.0,11,133.0
9210,9210,145.0,1,328,158.0,661.0,12,133.0
9211,9211,146.0,1,328,113.0,505.0,13,133.0
9212,9212,154.0,0,329,366.0,746.0,-14,168.0
9213,9213,155.0,0,329,127.0,397.0,-13,168.0
9214,9214,156.0,0,329,77.0,134.0,-12,168.0
9215,9215,157.0,0,329,27.0,77.0,-11,168.0
9216,9216,158.0,0,329,55.0,164.0,-10,168.0
9217,9217,159.0,0,329,498.0,1236.0,-9,168.0
9218,9218,160.0,0,329,119.0,251.0,-8,168.0
9219,9219,161.0,0,329,50.0,135.0,-7,168.0
9220,9220,162.0,0,329,297.0,612.0,-6,168.0
9221,9221,163.0,0,329,168.0,324.0,-5,168.0
9222,9222,164.0,0,329,88.0,247.0,-4,168.0
9223,9223,165.0,0,329,107.0,256.0,-3,168.0
9224,9224,166.0,0,329,63.0,131.0,-2,168.0
9225,9225,167.0,0,329,165.0,258.0,-1,168.0
9226,9226,168.0,1,329,107.0,191.0,0,168.0
9227,9227,169.0,1,329,53.0,139.0,1,168.0
9228,9228,170.0,1,329,75.0,139.0,2,168.0
9229,9229,171.0,1,329,39.0,80.0,3,168.0
9230,9230,172.0,1,329,59.0,132.0,4,168.0
9231,9231,173.0,1,329,100.0,212.0,5,168.0
9232,9232,174.0,1,329,43.0,118.0,6,168.0
9233,9233,175.0,1,329,24.0,71.0,7,168.0
9234,9234,176.0,1,329,224.0,430.0,8,168.0
9235,9235,177.0,1,329,138.0,289.0,9,168.0
9236,9236,178.0,1,329,83.0,172.0,10,168.0
9237,9237,179.0,1,329,45.0,150.0,11,168.0
9238,9238,180.0,1,329,167.0,335.0,12,168.0
9239,9239,181.0,1,329,26.0,87.0,13,168.0
9240,9240,163.0,0,330,0.0,0.0,-14,177.0
9241,9241,164.0,0,330,0.0,0.0,-13,177.0
9242,9242,165.0,0,330,0.0,0.0,-12,177.0
9243,9243,166.0,0,330,0.0,0.0,-11,177.0
9244,9244,167.0,0,330,0.0,0.0,-10,177.0
9245,9245,168.0,0,330,0.0,0.0,-9,177.0
9246,9246,169.0,0,330,0.0,0.0,-8,177.0
9247,9247,170.0,0,330,0.0,0.0,-7,177.0
9248,9248,171.0,0,330,0.0,0.0,-6,177.0
9249,9249,172.0,0,330,0.0,0.0,-5,177.0
9250,9250,173.0,0,330,1.0,0.0,-4,177.0
9251,9251,174.0,0,330,0.0,1.0,-3,177.0
9252,9252,175.0,0,330,0.0,1.0,-2,177.0
9253,9253,176.0,0,330,0.0,0.0,-1,177.0
9254,9254,177.0,1,330,1.0,1.0,0,177.0
9255,9255,178.0,1,330,0.0,0.0,1,177.0
9256,9256,179.0,1,330,0.0,3.0,2,177.0
9257,9257,180.0,1,330,0.0,1.0,3,177.0
9258,9258,181.0,1,330,0.0,2.0,4,177.0
9259,9259,182.0,1,330,1.0,0.0,5,177.0
9260,9260,183.0,1,330,0.0,0.0,6,177.0
9261,9261,184.0,1,330,0.0,0.0,7,177.0
9262,9262,185.0,1,330,0.0,0.0,8,177.0
9263,9263,186.0,1,330,0.0,0.0,9,177.0
9264,9264,187.0,1,330,0.0,0.0,10,177.0
9265,9265,188.0,1,330,1.0,0.0,11,177.0
9266,9266,189.0,1,330,0.0,0.0,12,177.0
9267,9267,190.0,1,330,0.0,0.0,13,177.0
9268,9268,326.0,0,331,9.0,26.0,-14,340.0
9269,9269,327.0,0,331,19.0,39.0,-13,340.0
9270,9270,328.0,0,331,100.0,114.0,-12,340.0
9271,9271,329.0,0,331,21.0,32.0,-11,340.0
9272,9272,330.0,0,331,11.0,25.0,-10,340.0
9273,9273,331.0,0,331,15.0,26.0,-9,340.0
9274,9274,332.0,0,331,15.0,37.0,-8,340.0
9275,9275,333.0,0,331,16.0,42.0,-7,340.0
9276,9276,334.0,0,331,8.0,20.0,-6,340.0
9277,9277,335.0,0,331,13.0,36.0,-5,340.0
9278,9278,336.0,0,331,11.0,39.0,-4,340.0
9279,9279,337.0,0,331,96.0,159.0,-3,340.0
9280,9280,338.0,0,331,32.0,65.0,-2,340.0
9281,9281,339.0,0,331,77.0,87.0,-1,340.0
9282,9282,340.0,1,331,182.0,180.0,0,340.0
9283,9283,341.0,1,331,42.0,65.0,1,340.0
9284,9284,342.0,1,331,12.0,26.0,2,340.0
9285,9285,343.0,1,331,90.0,189.0,3,340.0
9286,9286,344.0,1,331,9.0,51.0,4,340.0
9287,9287,345.0,1,331,16.0,36.0,5,340.0
9288,9288,346.0,1,331,16.0,41.0,6,340.0
9289,9289,347.0,1,331,21.0,45.0,7,340.0
9290,9290,348.0,1,331,9.0,28.0,8,340.0
9291,9291,349.0,1,331,26.0,78.0,9,340.0
9292,9292,350.0,1,331,51.0,79.0,10,340.0
9293,9293,351.0,1,331,47.0,135.0,11,340.0
9294,9294,352.0,1,331,11.0,28.0,12,340.0
9295,9295,353.0,1,331,21.0,65.0,13,340.0
9296,9296,126.0,0,332,25.0,102.0,-14,140.0
9297,9297,127.0,0,332,88.0,156.0,-13,140.0
9298,9298,128.0,0,332,21.0,122.0,-12,140.0
9299,9299,129.0,0,332,53.0,114.0,-11,140.0
9300,9300,130.0,0,332,26.0,76.0,-10,140.0
9301,9301,131.0,0,332,27.0,90.0,-9,140.0
9302,9302,132.0,0,332,26.0,89.0,-8,140.0
9303,9303,133.0,0,332,46.0,114.0,-7,140.0
9304,9304,134.0,0,332,21.0,81.0,-6,140.0
9305,9305,135.0,0,332,25.0,78.0,-5,140.0
9306,9306,136.0,0,332,47.0,121.0,-4,140.0
9307,9307,137.0,0,332,24.0,93.0,-3,140.0
9308,9308,138.0,0,332,23.0,95.0,-2,140.0
9309,9309,139.0,0,332,229.0,332.0,-1,140.0
9310,9310,140.0,1,332,376.0,390.0,0,140.0
9311,9311,141.0,1,332,104.0,173.0,1,140.0
9312,9312,142.0,1,332,36.0,127.0,2,140.0
9313,9313,143.0,1,332,41.0,138.0,3,140.0
9314,9314,144.0,1,332,17.0,87.0,4,140.0
9315,9315,145.0,1,332,15.0,65.0,5,140.0
9316,9316,146.0,1,332,34.0,84.0,6,140.0
9317,9317,147.0,1,332,47.0,135.0,7,140.0
9318,9318,148.0,1,332,28.0,85.0,8,140.0
9319,9319,149.0,1,332,15.0,53.0,9,140.0
9320,9320,150.0,1,332,37.0,70.0,10,140.0
9321,9321,151.0,1,332,33.0,116.0,11,140.0
9322,9322,152.0,1,332,26.0,125.0,12,140.0
9323,9323,153.0,1,332,163.0,211.0,13,140.0
9324,9324,117.0,0,333,0.0,0.0,-14,131.0
9325,9325,118.0,0,333,0.0,0.0,-13,131.0
9326,9326,119.0,0,333,0.0,0.0,-12,131.0
9327,9327,120.0,0,333,0.0,0.0,-11,131.0
9328,9328,121.0,0,333,0.0,0.0,-10,131.0
9329,9329,122.0,0,333,0.0,0.0,-9,131.0
9330,9330,123.0,0,333,0.0,0.0,-8,131.0
9331,9331,124.0,0,333,0.0,0.0,-7,131.0
9332,9332,125.0,0,333,0.0,0.0,-6,131.0
9333,9333,126.0,0,333,0.0,0.0,-5,131.0
9334,9334,127.0,0,333,0.0,0.0,-4,131.0
9335,9335,128.0,0,333,0.0,0.0,-3,131.0
9336,9336,129.0,0,333,0.0,0.0,-2,131.0
9337,9337,130.0,0,333,0.0,0.0,-1,131.0
9338,9338,131.0,1,333,5.0,1.0,0,131.0
9339,9339,132.0,1,333,0.0,0.0,1,131.0
9340,9340,133.0,1,333,0.0,1.0,2,131.0
9341,9341,134.0,1,333,0.0,0.0,3,131.0
9342,9342,135.0,1,333,0.0,1.0,4,131.0
9343,9343,136.0,1,333,1.0,1.0,5,131.0
9344,9344,137.0,1,333,1.0,0.0,6,131.0
9345,9345,138.0,1,333,0.0,0.0,7,131.0
9346,9346,139.0,1,333,1.0,1.0,8,131.0
9347,9347,140.0,1,333,0.0,0.0,9,131.0
9348,9348,141.0,1,333,0.0,2.0,10,131.0
9349,9349,142.0,1,333,1.0,1.0,11,131.0
9350,9350,143.0,1,333,0.0,0.0,12,131.0
9351,9351,144.0,1,333,0.0,0.0,13,131.0
9352,9352,109.0,0,334,57.0,117.0,-14,123.0
9353,9353,110.0,0,334,525.0,628.0,-13,123.0
9354,9354,111.0,0,334,282.0,339.0,-12,123.0
9355,9355,112.0,0,334,55.0,99.0,-11,123.0
9356,9356,113.0,0,334,73.0,99.0,-10,123.0
9357,9357,114.0,0,334,51.0,117.0,-9,123.0
9358,9358,115.0,0,334,39.0,110.0,-8,123.0
9359,9359,116.0,0,334,34.0,119.0,-7,123.0
9360,9360,117.0,0,334,228.0,422.0,-6,123.0
9361,9361,118.0,0,334,86.0,130.0,-5,123.0
9362,9362,119.0,0,334,47.0,109.0,-4,123.0
9363,9363,120.0,0,334,65.0,101.0,-3,123.0
9364,9364,121.0,0,334,57.0,86.0,-2,123.0
9365,9365,122.0,0,334,366.0,325.0,-1,123.0
9366,9366,123.0,1,334,854.0,698.0,0,123.0
9367,9367,124.0,1,334,483.0,570.0,1,123.0
9368,9368,125.0,1,334,119.0,186.0,2,123.0
9369,9369,126.0,1,334,46.0,100.0,3,123.0
9370,9370,127.0,1,334,65.0,90.0,4,123.0
9371,9371,128.0,1,334,53.0,106.0,5,123.0
9372,9372,129.0,1,334,59.0,88.0,6,123.0
9373,9373,130.0,1,334,76.0,101.0,7,123.0
9374,9374,131.0,1,334,31.0,49.0,8,123.0
9375,9375,132.0,1,334,50.0,94.0,9,123.0
9376,9376,133.0,1,334,32.0,86.0,10,123.0
9377,9377,134.0,1,334,35.0,73.0,11,123.0
9378,9378,135.0,1,334,90.0,116.0,12,123.0
9379,9379,136.0,1,334,47.0,88.0,13,123.0
9380,9380,161.0,0,335,0.0,0.0,-14,175.0
9381,9381,162.0,0,335,1.0,0.0,-13,175.0
9382,9382,163.0,0,335,0.0,0.0,-12,175.0
9383,9383,164.0,0,335,0.0,1.0,-11,175.0
9384,9384,165.0,0,335,0.0,2.0,-10,175.0
9385,9385,166.0,0,335,1.0,1.0,-9,175.0
9386,9386,167.0,0,335,0.0,2.0,-8,175.0
9387,9387,168.0,0,335,0.0,0.0,-7,175.0
9388,9388,169.0,0,335,0.0,0.0,-6,175.0
9389,9389,170.0,0,335,0.0,3.0,-5,175.0
9390,9390,171.0,0,335,2.0,1.0,-4,175.0
9391,9391,172.0,0,335,2.0,0.0,-3,175.0
9392,9392,173.0,0,335,1.0,1.0,-2,175.0
9393,9393,174.0,0,335,0.0,0.0,-1,175.0
9394,9394,175.0,1,335,49.0,19.0,0,175.0
9395,9395,176.0,1,335,1.0,2.0,1,175.0
9396,9396,177.0,1,335,1.0,1.0,2,175.0
9397,9397,178.0,1,335,0.0,0.0,3,175.0
9398,9398,179.0,1,335,0.0,0.0,4,175.0
9399,9399,180.0,1,335,0.0,0.0,5,175.0
9400,9400,181.0,1,335,0.0,1.0,6,175.0
9401,9401,182.0,1,335,0.0,2.0,7,175.0
9402,9402,183.0,1,335,0.0,0.0,8,175.0
9403,9403,184.0,1,335,0.0,1.0,9,175.0
9404,9404,185.0,1,335,0.0,0.0,10,175.0
9405,9405,186.0,1,335,0.0,0.0,11,175.0
9406,9406,187.0,1,335,0.0,0.0,12,175.0
9407,9407,188.0,1,335,0.0,2.0,13,175.0
9408,9408,75.0,0,336,115.0,203.0,-14,89.0
9409,9409,76.0,0,336,45.0,64.0,-13,89.0
9410,9410,77.0,0,336,75.0,69.0,-12,89.0
9411,9411,78.0,0,336,336.0,158.0,-11,89.0
9412,9412,79.0,0,336,157.0,52.0,-10,89.0
9413,9413,80.0,0,336,39.0,20.0,-9,89.0
9414,9414,81.0,0,336,66.0,38.0,-8,89.0
9415,9415,82.0,0,336,40.0,24.0,-7,89.0
9416,9416,83.0,0,336,39.0,28.0,-6,89.0
9417,9417,84.0,0,336,78.0,42.0,-5,89.0
9418,9418,85.0,0,336,48.0,77.0,-4,89.0
9419,9419,86.0,0,336,55.0,60.0,-3,89.0
9420,9420,87.0,0,336,58.0,45.0,-2,89.0
9421,9421,88.0,0,336,49.0,70.0,-1,89.0
9422,9422,89.0,1,336,112.0,176.0,0,89.0
9423,9423,90.0,1,336,85.0,152.0,1,89.0
9424,9424,91.0,1,336,47.0,124.0,2,89.0
9425,9425,92.0,1,336,33.0,73.0,3,89.0
9426,9426,93.0,1,336,20.0,94.0,4,89.0
9427,9427,94.0,1,336,34.0,52.0,5,89.0
9428,9428,95.0,1,336,46.0,56.0,6,89.0
9429,9429,96.0,1,336,21.0,60.0,7,89.0
9430,9430,97.0,1,336,38.0,56.0,8,89.0
9431,9431,98.0,1,336,40.0,90.0,9,89.0
9432,9432,99.0,1,336,41.0,52.0,10,89.0
9433,9433,100.0,1,336,25.0,115.0,11,89.0
9434,9434,101.0,1,336,38.0,115.0,12,89.0
9435,9435,102.0,1,336,55.0,176.0,13,89.0
9436,9436,102.0,0,337,16.0,39.0,-14,116.0
9437,9437,103.0,0,337,16.0,37.0,-13,116.0
9438,9438,104.0,0,337,18.0,40.0,-12,116.0
9439,9439,105.0,0,337,27.0,70.0,-11,116.0
9440,9440,106.0,0,337,48.0,150.0,-10,116.0
9441,9441,107.0,0,337,32.0,40.0,-9,116.0
9442,9442,108.0,0,337,14.0,23.0,-8,116.0
9443,9443,109.0,0,337,10.0,27.0,-7,116.0
9444,9444,110.0,0,337,18.0,25.0,-6,116.0
9445,9445,111.0,0,337,15.0,25.0,-5,116.0
9446,9446,112.0,0,337,117.0,215.0,-4,116.0
9447,9447,113.0,0,337,608.0,1056.0,-3,116.0
9448,9448,114.0,0,337,88.0,117.0,-2,116.0
9449,9449,115.0,0,337,2455.0,3536.0,-1,116.0
9450,9450,116.0,1,337,884.0,1581.0,0,116.0
9451,9451,117.0,1,337,1514.0,2437.0,1,116.0
9452,9452,118.0,1,337,392.0,783.0,2,116.0
9453,9453,119.0,1,337,532.0,934.0,3,116.0
9454,9454,120.0,1,337,526.0,691.0,4,116.0
9455,9455,121.0,1,337,219.0,338.0,5,116.0
9456,9456,122.0,1,337,132.0,251.0,6,116.0
9457,9457,123.0,1,337,41.0,128.0,7,116.0
9458,9458,124.0,1,337,27.0,71.0,8,116.0
9459,9459,125.0,1,337,39.0,80.0,9,116.0
9460,9460,126.0,1,337,33.0,58.0,10,116.0
9461,9461,127.0,1,337,55.0,81.0,11,116.0
9462,9462,128.0,1,337,30.0,48.0,12,116.0
9463,9463,129.0,1,337,14.0,55.0,13,116.0
9464,9464,79.0,0,338,1.0,0.0,-14,93.0
9465,9465,80.0,0,338,0.0,2.0,-13,93.0
9466,9466,81.0,0,338,0.0,0.0,-12,93.0
9467,9467,82.0,0,338,0.0,1.0,-11,93.0
9468,9468,83.0,0,338,2.0,0.0,-10,93.0
9469,9469,84.0,0,338,0.0,2.0,-9,93.0
9470,9470,85.0,0,338,1.0,0.0,-8,93.0
9471,9471,86.0,0,338,0.0,0.0,-7,93.0
9472,9472,87.0,0,338,0.0,0.0,-6,93.0
9473,9473,88.0,0,338,0.0,0.0,-5,93.0
9474,9474,89.0,0,338,0.0,1.0,-4,93.0
9475,9475,90.0,0,338,3.0,1.0,-3,93.0
9476,9476,91.0,0,338,0.0,2.0,-2,93.0
9477,9477,92.0,0,338,0.0,1.0,-1,93.0
9478,9478,93.0,1,338,3.0,0.0,0,93.0
9479,9479,94.0,1,338,0.0,0.0,1,93.0
9480,9480,95.0,1,338,0.0,0.0,2,93.0
9481,9481,96.0,1,338,0.0,0.0,3,93.0
9482,9482,97.0,1,338,0.0,0.0,4,93.0
9483,9483,98.0,1,338,1.0,1.0,5,93.0
9484,9484,99.0,1,338,0.0,0.0,6,93.0
9485,9485,100.0,1,338,0.0,0.0,7,93.0
9486,9486,101.0,1,338,0.0,1.0,8,93.0
9487,9487,102.0,1,338,0.0,0.0,9,93.0
9488,9488,103.0,1,338,0.0,0.0,10,93.0
9489,9489,104.0,1,338,0.0,0.0,11,93.0
9490,9490,105.0,1,338,0.0,1.0,12,93.0
9491,9491,106.0,1,338,0.0,1.0,13,93.0
9492,9492,54.0,0,339,474.0,9363.0,-14,68.0
9493,9493,55.0,0,339,514.0,6989.0,-13,68.0
9494,9494,56.0,0,339,565.0,4768.0,-12,68.0
9495,9495,57.0,0,339,410.0,4331.0,-11,68.0
9496,9496,58.0,0,339,443.0,3447.0,-10,68.0
9497,9497,59.0,0,339,340.0,3309.0,-9,68.0
9498,9498,60.0,0,339,181.0,2511.0,-8,68.0
9499,9499,61.0,0,339,365.0,4721.0,-7,68.0
9500,9500,62.0,0,339,345.0,3389.0,-6,68.0
9501,9501,63.0,0,339,149.0,2623.0,-5,68.0
9502,9502,64.0,0,339,476.0,4171.0,-4,68.0
9503,9503,65.0,0,339,818.0,5479.0,-3,68.0
9504,9504,66.0,0,339,685.0,5790.0,-2,68.0
9505,9505,67.0,0,339,446.0,5269.0,-1,68.0
9506,9506,68.0,1,339,427.0,4812.0,0,68.0
9507,9507,69.0,1,339,189.0,3032.0,1,68.0
9508,9508,70.0,1,339,654.0,4299.0,2,68.0
9509,9509,71.0,1,339,273.0,2580.0,3,68.0
9510,9510,72.0,1,339,88.0,1591.0,4,68.0
9511,9511,73.0,1,339,92.0,1644.0,5,68.0
9512,9512,74.0,1,339,213.0,2550.0,6,68.0
9513,9513,75.0,1,339,189.0,2451.0,7,68.0
9514,9514,76.0,1,339,100.0,1490.0,8,68.0
9515,9515,77.0,1,339,77.0,1368.0,9,68.0
9516,9516,78.0,1,339,81.0,1305.0,10,68.0
9517,9517,79.0,1,339,55.0,1183.0,11,68.0
9518,9518,80.0,1,339,54.0,1019.0,12,68.0
9519,9519,81.0,1,339,110.0,1431.0,13,68.0
9520,9520,163.0,0,340,6.0,2.0,-14,177.0
9521,9521,164.0,0,340,10.0,6.0,-13,177.0
9522,9522,165.0,0,340,12.0,8.0,-12,177.0
9523,9523,166.0,0,340,2.0,16.0,-11,177.0
9524,9524,167.0,0,340,17.0,21.0,-10,177.0
9525,9525,168.0,0,340,21.0,22.0,-9,177.0
9526,9526,169.0,0,340,10.0,9.0,-8,177.0
9527,9527,170.0,0,340,10.0,12.0,-7,177.0
9528,9528,171.0,0,340,15.0,15.0,-6,177.0
9529,9529,172.0,0,340,56.0,29.0,-5,177.0
9530,9530,173.0,0,340,43.0,64.0,-4,177.0
9531,9531,174.0,0,340,43.0,47.0,-3,177.0
9532,9532,175.0,0,340,52.0,161.0,-2,177.0
9533,9533,176.0,0,340,49.0,76.0,-1,177.0
9534,9534,177.0,1,340,122.0,122.0,0,177.0
9535,9535,178.0,1,340,8.0,16.0,1,177.0
9536,9536,179.0,1,340,15.0,15.0,2,177.0
9537,9537,180.0,1,340,6.0,13.0,3,177.0
9538,9538,181.0,1,340,3.0,13.0,4,177.0
9539,9539,182.0,1,340,15.0,27.0,5,177.0
9540,9540,183.0,1,340,3.0,13.0,6,177.0
9541,9541,184.0,1,340,8.0,8.0,7,177.0
9542,9542,185.0,1,340,4.0,10.0,8,177.0
9543,9543,186.0,1,340,50.0,136.0,9,177.0
9544,9544,187.0,1,340,18.0,50.0,10,177.0
9545,9545,188.0,1,340,27.0,14.0,11,177.0
9546,9546,189.0,1,340,5.0,10.0,12,177.0
9547,9547,190.0,1,340,11.0,20.0,13,177.0
9548,9548,33.0,0,341,0.0,0.0,-14,47.0
9549,9549,34.0,0,341,0.0,0.0,-13,47.0
9550,9550,35.0,0,341,0.0,0.0,-12,47.0
9551,9551,36.0,0,341,0.0,0.0,-11,47.0
9552,9552,37.0,0,341,0.0,0.0,-10,47.0
9553,9553,38.0,0,341,0.0,0.0,-9,47.0
9554,9554,39.0,0,341,0.0,0.0,-8,47.0
9555,9555,40.0,0,341,0.0,0.0,-7,47.0
9556,9556,41.0,0,341,0.0,0.0,-6,47.0
9557,9557,42.0,0,341,9.0,19.0,-5,47.0
9558,9558,43.0,0,341,420.0,326.0,-4,47.0
9559,9559,44.0,0,341,91.0,122.0,-3,47.0
9560,9560,45.0,0,341,2879.0,3170.0,-2,47.0
9561,9561,46.0,0,341,483.0,713.0,-1,47.0
9562,9562,47.0,1,341,1906.0,2588.0,0,47.0
9563,9563,48.0,1,341,3407.0,4126.0,1,47.0
9564,9564,49.0,1,341,3099.0,4902.0,2,47.0
9565,9565,50.0,1,341,1367.0,2131.0,3,47.0
9566,9566,51.0,1,341,1062.0,2247.0,4,47.0
9567,9567,52.0,1,341,1895.0,3262.0,5,47.0
9568,9568,53.0,1,341,401.0,872.0,6,47.0
9569,9569,54.0,1,341,238.0,621.0,7,47.0
9570,9570,55.0,1,341,1890.0,3594.0,8,47.0
9571,9571,56.0,1,341,1773.0,3152.0,9,47.0
9572,9572,57.0,1,341,319.0,708.0,10,47.0
9573,9573,58.0,1,341,2615.0,4929.0,11,47.0
9574,9574,59.0,1,341,1271.0,2602.0,12,47.0
9575,9575,60.0,1,341,258.0,603.0,13,47.0
9576,9576,136.0,0,342,0.0,0.0,-14,150.0
9577,9577,137.0,0,342,1.0,2.0,-13,150.0
9578,9578,138.0,0,342,2.0,5.0,-12,150.0
9579,9579,139.0,0,342,0.0,2.0,-11,150.0
9580,9580,140.0,0,342,2.0,5.0,-10,150.0
9581,9581,141.0,0,342,2.0,1.0,-9,150.0
9582,9582,142.0,0,342,2.0,2.0,-8,150.0
9583,9583,143.0,0,342,1.0,3.0,-7,150.0
9584,9584,144.0,0,342,0.0,3.0,-6,150.0
9585,9585,145.0,0,342,0.0,0.0,-5,150.0
9586,9586,146.0,0,342,1.0,2.0,-4,150.0
9587,9587,147.0,0,342,0.0,5.0,-3,150.0
9588,9588,148.0,0,342,1.0,4.0,-2,150.0
9589,9589,149.0,0,342,26.0,22.0,-1,150.0
9590,9590,150.0,1,342,25.0,10.0,0,150.0
9591,9591,151.0,1,342,6.0,3.0,1,150.0
9592,9592,152.0,1,342,2.0,2.0,2,150.0
9593,9593,153.0,1,342,4.0,4.0,3,150.0
9594,9594,154.0,1,342,3.0,1.0,4,150.0
9595,9595,155.0,1,342,1.0,5.0,5,150.0
9596,9596,156.0,1,342,2.0,5.0,6,150.0
9597,9597,157.0,1,342,0.0,2.0,7,150.0
9598,9598,158.0,1,342,2.0,5.0,8,150.0
9599,9599,159.0,1,342,14.0,47.0,9,150.0
9600,9600,160.0,1,342,7.0,9.0,10,150.0
9601,9601,161.0,1,342,2.0,6.0,11,150.0
9602,9602,162.0,1,342,2.0,5.0,12,150.0
9603,9603,163.0,1,342,0.0,2.0,13,150.0
9604,9604,52.0,0,343,122.0,221.0,-14,66.0
9605,9605,53.0,0,343,338.0,531.0,-13,66.0
9606,9606,54.0,0,343,149.0,268.0,-12,66.0
9607,9607,55.0,0,343,20.0,40.0,-11,66.0
9608,9608,56.0,0,343,57.0,75.0,-10,66.0
9609,9609,57.0,0,343,91.0,124.0,-9,66.0
9610,9610,58.0,0,343,234.0,425.0,-8,66.0
9611,9611,59.0,0,343,97.0,265.0,-7,66.0
9612,9612,60.0,0,343,84.0,171.0,-6,66.0
9613,9613,61.0,0,343,30.0,57.0,-5,66.0
9614,9614,62.0,0,343,36.0,55.0,-4,66.0
9615,9615,63.0,0,343,11.0,33.0,-3,66.0
9616,9616,64.0,0,343,12.0,26.0,-2,66.0
9617,9617,65.0,0,343,13.0,23.0,-1,66.0
9618,9618,66.0,1,343,29.0,23.0,0,66.0
9619,9619,67.0,1,343,9.0,21.0,1,66.0
9620,9620,68.0,1,343,5.0,15.0,2,66.0
9621,9621,69.0,1,343,5.0,10.0,3,66.0
9622,9622,70.0,1,343,10.0,27.0,4,66.0
9623,9623,71.0,1,343,13.0,19.0,5,66.0
9624,9624,72.0,1,343,5.0,18.0,6,66.0
9625,9625,73.0,1,343,2.0,9.0,7,66.0
9626,9626,74.0,1,343,0.0,5.0,8,66.0
9627,9627,75.0,1,343,2.0,7.0,9,66.0
9628,9628,76.0,1,343,10.0,23.0,10,66.0
9629,9629,77.0,1,343,7.0,10.0,11,66.0
9630,9630,78.0,1,343,7.0,8.0,12,66.0
9631,9631,79.0,1,343,4.0,9.0,13,66.0
9632,9632,40.0,0,344,204.0,901.0,-14,54.0
9633,9633,41.0,0,344,180.0,718.0,-13,54.0
9634,9634,42.0,0,344,911.0,803.0,-12,54.0
9635,9635,43.0,0,344,373.0,678.0,-11,54.0
9636,9636,44.0,0,344,254.0,530.0,-10,54.0
9637,9637,45.0,0,344,298.0,596.0,-9,54.0
9638,9638,46.0,0,344,111.0,300.0,-8,54.0
9639,9639,47.0,0,344,99.0,324.0,-7,54.0
9640,9640,48.0,0,344,117.0,254.0,-6,54.0
9641,9641,49.0,0,344,63.0,182.0,-5,54.0
9642,9642,50.0,0,344,36.0,145.0,-4,54.0
9643,9643,51.0,0,344,67.0,132.0,-3,54.0
9644,9644,52.0,0,344,61.0,157.0,-2,54.0
9645,9645,53.0,0,344,68.0,165.0,-1,54.0
9646,9646,54.0,1,344,168.0,233.0,0,54.0
9647,9647,55.0,1,344,34.0,134.0,1,54.0
9648,9648,56.0,1,344,54.0,125.0,2,54.0
9649,9649,57.0,1,344,95.0,182.0,3,54.0
9650,9650,58.0,1,344,29.0,91.0,4,54.0
9651,9651,59.0,1,344,30.0,99.0,5,54.0
9652,9652,60.0,1,344,23.0,64.0,6,54.0
9653,9653,61.0,1,344,160.0,134.0,7,54.0
9654,9654,62.0,1,344,122.0,189.0,8,54.0
9655,9655,63.0,1,344,9.0,51.0,9,54.0
9656,9656,64.0,1,344,22.0,45.0,10,54.0
9657,9657,65.0,1,344,14.0,48.0,11,54.0
9658,9658,66.0,1,344,12.0,41.0,12,54.0
9659,9659,67.0,1,344,14.0,49.0,13,54.0
9660,9660,46.0,0,345,86.0,281.0,-14,60.0
9661,9661,47.0,0,345,129.0,487.0,-13,60.0
9662,9662,48.0,0,345,77.0,280.0,-12,60.0
9663,9663,49.0,0,345,54.0,178.0,-11,60.0
9664,9664,50.0,0,345,33.0,106.0,-10,60.0
9665,9665,51.0,0,345,97.0,132.0,-9,60.0
9666,9666,52.0,0,345,52.0,151.0,-8,60.0
9667,9667,53.0,0,345,71.0,200.0,-7,60.0
9668,9668,54.0,0,345,118.0,205.0,-6,60.0
9669,9669,55.0,0,345,135.0,236.0,-5,60.0
9670,9670,56.0,0,345,51.0,86.0,-4,60.0
9671,9671,57.0,0,345,30.0,119.0,-3,60.0
9672,9672,58.0,0,345,27.0,74.0,-2,60.0
9673,9673,59.0,0,345,37.0,90.0,-1,60.0
9674,9674,60.0,1,345,138.0,196.0,0,60.0
9675,9675,61.0,1,345,37.0,108.0,1,60.0
9676,9676,62.0,1,345,21.0,55.0,2,60.0
9677,9677,63.0,1,345,20.0,63.0,3,60.0
9678,9678,64.0,1,345,25.0,72.0,4,60.0
9679,9679,65.0,1,345,23.0,55.0,5,60.0
9680,9680,66.0,1,345,12.0,51.0,6,60.0
9681,9681,67.0,1,345,26.0,47.0,7,60.0
9682,9682,68.0,1,345,19.0,60.0,8,60.0
9683,9683,69.0,1,345,28.0,52.0,9,60.0
9684,9684,70.0,1,345,54.0,112.0,10,60.0
9685,9685,71.0,1,345,13.0,51.0,11,60.0
9686,9686,72.0,1,345,21.0,60.0,12,60.0
9687,9687,73.0,1,345,35.0,53.0,13,60.0
9688,9688,95.0,0,346,104.0,514.0,-14,109.0
9689,9689,96.0,0,346,307.0,2075.0,-13,109.0
9690,9690,97.0,0,346,163.0,1279.0,-12,109.0
9691,9691,98.0,0,346,84.0,596.0,-11,109.0
9692,9692,99.0,0,346,180.0,922.0,-10,109.0
9693,9693,100.0,0,346,595.0,6727.0,-9,109.0
9694,9694,101.0,0,346,878.0,7426.0,-8,109.0
9695,9695,102.0,0,346,198.0,1720.0,-7,109.0
9696,9696,103.0,0,346,101.0,1059.0,-6,109.0
9697,9697,104.0,0,346,87.0,998.0,-5,109.0
9698,9698,105.0,0,346,102.0,630.0,-4,109.0
9699,9699,106.0,0,346,96.0,740.0,-3,109.0
9700,9700,107.0,0,346,133.0,849.0,-2,109.0
9701,9701,108.0,0,346,208.0,1208.0,-1,109.0
9702,9702,109.0,1,346,243.0,1576.0,0,109.0
9703,9703,110.0,1,346,219.0,1917.0,1,109.0
9704,9704,111.0,1,346,226.0,1786.0,2,109.0
9705,9705,112.0,1,346,119.0,940.0,3,109.0
9706,9706,113.0,1,346,122.0,943.0,4,109.0
9707,9707,114.0,1,346,80.0,626.0,5,109.0
9708,9708,115.0,1,346,94.0,873.0,6,109.0
9709,9709,116.0,1,346,63.0,777.0,7,109.0
9710,9710,117.0,1,346,79.0,731.0,8,109.0
9711,9711,118.0,1,346,37.0,446.0,9,109.0
9712,9712,119.0,1,346,79.0,788.0,10,109.0
9713,9713,120.0,1,346,40.0,496.0,11,109.0
9714,9714,121.0,1,346,33.0,280.0,12,109.0
9715,9715,122.0,1,346,35.0,365.0,13,109.0
9716,9716,131.0,0,347,29.0,45.0,-14,145.0
9717,9717,132.0,0,347,13.0,53.0,-13,145.0
9718,9718,133.0,0,347,20.0,39.0,-12,145.0
9719,9719,134.0,0,347,23.0,81.0,-11,145.0
9720,9720,135.0,0,347,35.0,78.0,-10,145.0
9721,9721,136.0,0,347,36.0,83.0,-9,145.0
9722,9722,137.0,0,347,34.0,76.0,-8,145.0
9723,9723,138.0,0,347,12.0,47.0,-7,145.0
9724,9724,139.0,0,347,26.0,140.0,-6,145.0
9725,9725,140.0,0,347,16.0,117.0,-5,145.0
9726,9726,141.0,0,347,93.0,334.0,-4,145.0
9727,9727,142.0,0,347,74.0,216.0,-3,145.0
9728,9728,143.0,0,347,22.0,103.0,-2,145.0
9729,9729,144.0,0,347,37.0,122.0,-1,145.0
9730,9730,145.0,1,347,142.0,195.0,0,145.0
9731,9731,146.0,1,347,19.0,90.0,1,145.0
9732,9732,147.0,1,347,101.0,125.0,2,145.0
9733,9733,148.0,1,347,36.0,101.0,3,145.0
9734,9734,149.0,1,347,12.0,64.0,4,145.0
9735,9735,150.0,1,347,38.0,113.0,5,145.0
9736,9736,151.0,1,347,64.0,79.0,6,145.0
9737,9737,152.0,1,347,15.0,60.0,7,145.0
9738,9738,153.0,1,347,23.0,87.0,8,145.0
9739,9739,154.0,1,347,18.0,70.0,9,145.0
9740,9740,155.0,1,347,30.0,111.0,10,145.0
9741,9741,156.0,1,347,17.0,48.0,11,145.0
9742,9742,157.0,1,347,26.0,47.0,12,145.0
9743,9743,158.0,1,347,19.0,58.0,13,145.0
9744,9744,234.0,0,348,32.0,292.0,-14,248.0
9745,9745,235.0,0,348,228.0,699.0,-13,248.0
9746,9746,236.0,0,348,23.0,101.0,-12,248.0
9747,9747,237.0,0,348,26.0,86.0,-11,248.0
9748,9748,238.0,0,348,97.0,195.0,-10,248.0
9749,9749,239.0,0,348,513.0,1651.0,-9,248.0
9750,9750,240.0,0,348,480.0,1432.0,-8,248.0
9751,9751,241.0,0,348,821.0,2498.0,-7,248.0
9752,9752,242.0,0,348,127.0,521.0,-6,248.0
9753,9753,243.0,0,348,42.0,142.0,-5,248.0
9754,9754,244.0,0,348,79.0,295.0,-4,248.0
9755,9755,245.0,0,348,107.0,334.0,-3,248.0
9756,9756,246.0,0,348,62.0,248.0,-2,248.0
9757,9757,247.0,0,348,145.0,427.0,-1,248.0
9758,9758,248.0,1,348,445.0,1282.0,0,248.0
9759,9759,249.0,1,348,103.0,420.0,1,248.0
9760,9760,250.0,1,348,228.0,678.0,2,248.0
9761,9761,251.0,1,348,160.0,193.0,3,248.0
9762,9762,252.0,1,348,47.0,118.0,4,248.0
9763,9763,253.0,1,348,21.0,63.0,5,248.0
9764,9764,254.0,1,348,6.0,52.0,6,248.0
9765,9765,255.0,1,348,188.0,591.0,7,248.0
9766,9766,256.0,1,348,227.0,754.0,8,248.0
9767,9767,257.0,1,348,37.0,241.0,9,248.0
9768,9768,258.0,1,348,261.0,1158.0,10,248.0
9769,9769,259.0,1,348,53.0,339.0,11,248.0
9770,9770,260.0,1,348,83.0,588.0,12,248.0
9771,9771,261.0,1,348,133.0,448.0,13,248.0
9772,9772,37.0,0,349,45.0,240.0,-14,51.0
9773,9773,38.0,0,349,43.0,247.0,-13,51.0
9774,9774,39.0,0,349,63.0,320.0,-12,51.0
9775,9775,40.0,0,349,74.0,289.0,-11,51.0
9776,9776,41.0,0,349,28.0,165.0,-10,51.0
9777,9777,42.0,0,349,36.0,166.0,-9,51.0
9778,9778,43.0,0,349,21.0,157.0,-8,51.0
9779,9779,44.0,0,349,48.0,187.0,-7,51.0
9780,9780,45.0,0,349,55.0,418.0,-6,51.0
9781,9781,46.0,0,349,46.0,217.0,-5,51.0
9782,9782,47.0,0,349,44.0,153.0,-4,51.0
9783,9783,48.0,0,349,56.0,238.0,-3,51.0
9784,9784,49.0,0,349,23.0,84.0,-2,51.0
9785,9785,50.0,0,349,32.0,90.0,-1,51.0
9786,9786,51.0,1,349,96.0,159.0,0,51.0
9787,9787,52.0,1,349,21.0,112.0,1,51.0
9788,9788,53.0,1,349,22.0,86.0,2,51.0
9789,9789,54.0,1,349,23.0,87.0,3,51.0
9790,9790,55.0,1,349,20.0,54.0,4,51.0
9791,9791,56.0,1,349,26.0,90.0,5,51.0
9792,9792,57.0,1,349,20.0,59.0,6,51.0
9793,9793,58.0,1,349,11.0,49.0,7,51.0
9794,9794,59.0,1,349,8.0,28.0,8,51.0
9795,9795,60.0,1,349,17.0,45.0,9,51.0
9796,9796,61.0,1,349,8.0,36.0,10,51.0
9797,9797,62.0,1,349,7.0,36.0,11,51.0
9798,9798,63.0,1,349,10.0,40.0,12,51.0
9799,9799,64.0,1,349,2.0,12.0,13,51.0
9800,9800,57.0,0,350,11.0,26.0,-14,71.0
9801,9801,58.0,0,350,2.0,19.0,-13,71.0
9802,9802,59.0,0,350,7.0,16.0,-12,71.0
9803,9803,60.0,0,350,7.0,20.0,-11,71.0
9804,9804,61.0,0,350,29.0,28.0,-10,71.0
9805,9805,62.0,0,350,11.0,20.0,-9,71.0
9806,9806,63.0,0,350,6.0,20.0,-8,71.0
9807,9807,64.0,0,350,21.0,19.0,-7,71.0
9808,9808,65.0,0,350,9.0,4.0,-6,71.0
9809,9809,66.0,0,350,11.0,3.0,-5,71.0
9810,9810,67.0,0,350,6.0,15.0,-4,71.0
9811,9811,68.0,0,350,2.0,11.0,-3,71.0
9812,9812,69.0,0,350,24.0,20.0,-2,71.0
9813,9813,70.0,0,350,11.0,16.0,-1,71.0
9814,9814,71.0,1,350,51.0,25.0,0,71.0
9815,9815,72.0,1,350,29.0,25.0,1,71.0
9816,9816,73.0,1,350,13.0,10.0,2,71.0
9817,9817,74.0,1,350,14.0,7.0,3,71.0
9818,9818,75.0,1,350,19.0,8.0,4,71.0
9819,9819,76.0,1,350,18.0,15.0,5,71.0
9820,9820,77.0,1,350,118.0,96.0,6,71.0
9821,9821,78.0,1,350,17.0,13.0,7,71.0
9822,9822,79.0,1,350,6.0,4.0,8,71.0
9823,9823,80.0,1,350,4.0,4.0,9,71.0
9824,9824,81.0,1,350,11.0,25.0,10,71.0
9825,9825,82.0,1,350,5.0,6.0,11,71.0
9826,9826,83.0,1,350,1.0,2.0,12,71.0
9827,9827,84.0,1,350,5.0,5.0,13,71.0
9828,9828,61.0,0,351,336.0,260.0,-14,75.0
9829,9829,62.0,0,351,239.0,337.0,-13,75.0
9830,9830,63.0,0,351,106.0,191.0,-12,75.0
9831,9831,64.0,0,351,75.0,137.0,-11,75.0
9832,9832,65.0,0,351,103.0,118.0,-10,75.0
9833,9833,66.0,0,351,78.0,121.0,-9,75.0
9834,9834,67.0,0,351,93.0,141.0,-8,75.0
9835,9835,68.0,0,351,48.0,97.0,-7,75.0
9836,9836,69.0,0,351,46.0,91.0,-6,75.0
9837,9837,70.0,0,351,44.0,71.0,-5,75.0
9838,9838,71.0,0,351,51.0,116.0,-4,75.0
9839,9839,72.0,0,351,47.0,70.0,-3,75.0
9840,9840,73.0,0,351,63.0,88.0,-2,75.0
9841,9841,74.0,0,351,140.0,135.0,-1,75.0
9842,9842,75.0,1,351,70.0,74.0,0,75.0
9843,9843,76.0,1,351,27.0,49.0,1,75.0
9844,9844,77.0,1,351,23.0,75.0,2,75.0
9845,9845,78.0,1,351,40.0,83.0,3,75.0
9846,9846,79.0,1,351,19.0,76.0,4,75.0
9847,9847,80.0,1,351,42.0,83.0,5,75.0
9848,9848,81.0,1,351,40.0,84.0,6,75.0
9849,9849,82.0,1,351,26.0,70.0,7,75.0
9850,9850,83.0,1,351,253.0,222.0,8,75.0
9851,9851,84.0,1,351,121.0,143.0,9,75.0
9852,9852,85.0,1,351,32.0,78.0,10,75.0
9853,9853,86.0,1,351,32.0,86.0,11,75.0
9854,9854,87.0,1,351,25.0,62.0,12,75.0
9855,9855,88.0,1,351,34.0,89.0,13,75.0
9856,9856,234.0,0,352,47.0,18.0,-14,248.0
9857,9857,235.0,0,352,30.0,17.0,-13,248.0
9858,9858,236.0,0,352,12.0,11.0,-12,248.0
9859,9859,237.0,0,352,10.0,6.0,-11,248.0
9860,9860,238.0,0,352,5.0,14.0,-10,248.0
9861,9861,239.0,0,352,25.0,15.0,-9,248.0
9862,9862,240.0,0,352,35.0,23.0,-8,248.0
9863,9863,241.0,0,352,60.0,44.0,-7,248.0
9864,9864,242.0,0,352,56.0,50.0,-6,248.0
9865,9865,243.0,0,352,29.0,37.0,-5,248.0
9866,9866,244.0,0,352,16.0,38.0,-4,248.0
9867,9867,245.0,0,352,30.0,33.0,-3,248.0
9868,9868,246.0,0,352,24.0,21.0,-2,248.0
9869,9869,247.0,0,352,129.0,85.0,-1,248.0
9870,9870,248.0,1,352,166.0,140.0,0,248.0
9871,9871,249.0,1,352,17.0,16.0,1,248.0
9872,9872,250.0,1,352,96.0,62.0,2,248.0
9873,9873,251.0,1,352,30.0,26.0,3,248.0
9874,9874,252.0,1,352,20.0,15.0,4,248.0
9875,9875,253.0,1,352,56.0,41.0,5,248.0
9876,9876,254.0,1,352,61.0,44.0,6,248.0
9877,9877,255.0,1,352,46.0,38.0,7,248.0
9878,9878,256.0,1,352,57.0,62.0,8,248.0
9879,9879,257.0,1,352,72.0,56.0,9,248.0
9880,9880,258.0,1,352,33.0,33.0,10,248.0
9881,9881,259.0,1,352,57.0,46.0,11,248.0
9882,9882,260.0,1,352,25.0,30.0,12,248.0
9883,9883,261.0,1,352,29.0,20.0,13,248.0
9884,9884,322.0,0,353,1.0,1.0,-14,336.0
9885,9885,323.0,0,353,0.0,0.0,-13,336.0
9886,9886,324.0,0,353,0.0,0.0,-12,336.0
9887,9887,325.0,0,353,0.0,0.0,-11,336.0
9888,9888,326.0,0,353,1.0,1.0,-10,336.0
9889,9889,327.0,0,353,0.0,0.0,-9,336.0
9890,9890,328.0,0,353,0.0,0.0,-8,336.0
9891,9891,329.0,0,353,0.0,2.0,-7,336.0
9892,9892,330.0,0,353,0.0,0.0,-6,336.0
9893,9893,331.0,0,353,0.0,0.0,-5,336.0
9894,9894,332.0,0,353,1.0,1.0,-4,336.0
9895,9895,333.0,0,353,1.0,0.0,-3,336.0
9896,9896,334.0,0,353,0.0,0.0,-2,336.0
9897,9897,335.0,0,353,0.0,2.0,-1,336.0
9898,9898,336.0,1,353,19.0,1.0,0,336.0
9899,9899,337.0,1,353,0.0,0.0,1,336.0
9900,9900,338.0,1,353,2.0,1.0,2,336.0
9901,9901,339.0,1,353,0.0,0.0,3,336.0
9902,9902,340.0,1,353,0.0,0.0,4,336.0
9903,9903,341.0,1,353,16.0,10.0,5,336.0
9904,9904,342.0,1,353,1.0,3.0,6,336.0
9905,9905,343.0,1,353,0.0,1.0,7,336.0
9906,9906,344.0,1,353,0.0,1.0,8,336.0
9907,9907,345.0,1,353,1.0,0.0,9,336.0
9908,9908,346.0,1,353,0.0,0.0,10,336.0
9909,9909,347.0,1,353,0.0,0.0,11,336.0
9910,9910,348.0,1,353,0.0,0.0,12,336.0
9911,9911,349.0,1,353,0.0,2.0,13,336.0
9912,9912,89.0,0,354,486.0,1520.0,-14,103.0
9913,9913,90.0,0,354,146.0,530.0,-13,103.0
9914,9914,91.0,0,354,150.0,240.0,-12,103.0
9915,9915,92.0,0,354,30.0,37.0,-11,103.0
9916,9916,93.0,0,354,57.0,44.0,-10,103.0
9917,9917,94.0,0,354,672.0,253.0,-9,103.0
9918,9918,95.0,0,354,149.0,91.0,-8,103.0
9919,9919,96.0,0,354,166.0,70.0,-7,103.0
9920,9920,97.0,0,354,32.0,33.0,-6,103.0
9921,9921,98.0,0,354,42.0,30.0,-5,103.0
9922,9922,99.0,0,354,19.0,25.0,-4,103.0
9923,9923,100.0,0,354,14.0,30.0,-3,103.0
9924,9924,101.0,0,354,61.0,211.0,-2,103.0
9925,9925,102.0,0,354,57.0,138.0,-1,103.0
9926,9926,103.0,1,354,161.0,162.0,0,103.0
9927,9927,104.0,1,354,145.0,240.0,1,103.0
9928,9928,105.0,1,354,67.0,93.0,2,103.0
9929,9929,106.0,1,354,30.0,59.0,3,103.0
9930,9930,107.0,1,354,48.0,98.0,4,103.0
9931,9931,108.0,1,354,40.0,115.0,5,103.0
9932,9932,109.0,1,354,40.0,87.0,6,103.0
9933,9933,110.0,1,354,34.0,57.0,7,103.0
9934,9934,111.0,1,354,90.0,113.0,8,103.0
9935,9935,112.0,1,354,41.0,60.0,9,103.0
9936,9936,113.0,1,354,13.0,31.0,10,103.0
9937,9937,114.0,1,354,14.0,25.0,11,103.0
9938,9938,115.0,1,354,25.0,59.0,12,103.0
9939,9939,116.0,1,354,26.0,68.0,13,103.0
9940,9940,67.0,0,355,230.0,156.0,-14,81.0
9941,9941,68.0,0,355,829.0,515.0,-13,81.0
9942,9942,69.0,0,355,802.0,677.0,-12,81.0
9943,9943,70.0,0,355,114.0,103.0,-11,81.0
9944,9944,71.0,0,355,82.0,89.0,-10,81.0
9945,9945,72.0,0,355,425.0,189.0,-9,81.0
9946,9946,73.0,0,355,428.0,329.0,-8,81.0
9947,9947,74.0,0,355,246.0,367.0,-7,81.0
9948,9948,75.0,0,355,1619.0,1144.0,-6,81.0
9949,9949,76.0,0,355,1622.0,1208.0,-5,81.0
9950,9950,77.0,0,355,613.0,574.0,-4,81.0
9951,9951,78.0,0,355,383.0,419.0,-3,81.0
9952,9952,79.0,0,355,1033.0,717.0,-2,81.0
9953,9953,80.0,0,355,4273.0,2730.0,-1,81.0
9954,9954,81.0,1,355,234.0,253.0,0,81.0
9955,9955,82.0,1,355,294.0,247.0,1,81.0
9956,9956,83.0,1,355,809.0,495.0,2,81.0
9957,9957,84.0,1,355,130.0,135.0,3,81.0
9958,9958,85.0,1,355,64.0,74.0,4,81.0
9959,9959,86.0,1,355,81.0,101.0,5,81.0
9960,9960,87.0,1,355,478.0,506.0,6,81.0
9961,9961,88.0,1,355,69.0,119.0,7,81.0
9962,9962,89.0,1,355,870.0,1121.0,8,81.0
9963,9963,90.0,1,355,344.0,540.0,9,81.0
9964,9964,91.0,1,355,57.0,163.0,10,81.0
9965,9965,92.0,1,355,34.0,93.0,11,81.0
9966,9966,93.0,1,355,298.0,446.0,12,81.0
9967,9967,94.0,1,355,529.0,737.0,13,81.0
9968,9968,206.0,0,356,1.0,2.0,-14,220.0
9969,9969,207.0,0,356,8.0,3.0,-13,220.0
9970,9970,208.0,0,356,4.0,0.0,-12,220.0
9971,9971,209.0,0,356,5.0,1.0,-11,220.0
9972,9972,210.0,0,356,2.0,2.0,-10,220.0
9973,9973,211.0,0,356,3.0,3.0,-9,220.0
9974,9974,212.0,0,356,0.0,1.0,-8,220.0
9975,9975,213.0,0,356,0.0,0.0,-7,220.0
9976,9976,214.0,0,356,21.0,11.0,-6,220.0
9977,9977,215.0,0,356,9.0,13.0,-5,220.0
9978,9978,216.0,0,356,7.0,8.0,-4,220.0
9979,9979,217.0,0,356,8.0,12.0,-3,220.0
9980,9980,218.0,0,356,3.0,4.0,-2,220.0
9981,9981,219.0,0,356,2.0,1.0,-1,220.0
9982,9982,220.0,1,356,19.0,5.0,0,220.0
9983,9983,221.0,1,356,18.0,9.0,1,220.0
9984,9984,222.0,1,356,17.0,11.0,2,220.0
9985,9985,223.0,1,356,10.0,10.0,3,220.0
9986,9986,224.0,1,356,1.0,4.0,4,220.0
9987,9987,225.0,1,356,1.0,0.0,5,220.0
9988,9988,226.0,1,356,1.0,4.0,6,220.0
9989,9989,227.0,1,356,2.0,5.0,7,220.0
9990,9990,228.0,1,356,4.0,3.0,8,220.0
9991,9991,229.0,1,356,3.0,1.0,9,220.0
9992,9992,230.0,1,356,3.0,1.0,10,220.0
9993,9993,231.0,1,356,1.0,4.0,11,220.0
9994,9994,232.0,1,356,14.0,20.0,12,220.0
9995,9995,233.0,1,356,7.0,8.0,13,220.0
9996,9996,103.0,0,357,44.0,207.0,-14,117.0
9997,9997,104.0,0,357,59.0,182.0,-13,117.0
9998,9998,105.0,0,357,36.0,108.0,-12,117.0
9999,9999,106.0,0,357,71.0,187.0,-11,117.0
10000,10000,107.0,0,357,18.0,104.0,-10,117.0
10001,10001,108.0,0,357,13.0,75.0,-9,117.0
10002,10002,109.0,0,357,14.0,57.0,-8,117.0
10003,10003,110.0,0,357,20.0,61.0,-7,117.0
10004,10004,111.0,0,357,22.0,53.0,-6,117.0
10005,10005,112.0,0,357,11.0,67.0,-5,117.0
10006,10006,113.0,0,357,48.0,67.0,-4,117.0
10007,10007,114.0,0,357,56.0,114.0,-3,117.0
10008,10008,115.0,0,357,82.0,134.0,-2,117.0
10009,10009,116.0,0,357,38.0,146.0,-1,117.0
10010,10010,117.0,1,357,44.0,76.0,0,117.0
10011,10011,118.0,1,357,31.0,66.0,1,117.0
10012,10012,119.0,1,357,41.0,122.0,2,117.0
10013,10013,120.0,1,357,41.0,71.0,3,117.0
10014,10014,121.0,1,357,58.0,163.0,4,117.0
10015,10015,122.0,1,357,36.0,124.0,5,117.0
10016,10016,123.0,1,357,22.0,74.0,6,117.0
10017,10017,124.0,1,357,26.0,104.0,7,117.0
10018,10018,125.0,1,357,30.0,81.0,8,117.0
10019,10019,126.0,1,357,21.0,48.0,9,117.0
10020,10020,127.0,1,357,12.0,35.0,10,117.0
10021,10021,128.0,1,357,17.0,48.0,11,117.0
10022,10022,129.0,1,357,21.0,64.0,12,117.0
10023,10023,130.0,1,357,17.0,105.0,13,117.0
10024,10024,29.0,0,358,17.0,222.0,-14,43.0
10025,10025,30.0,0,358,16.0,153.0,-13,43.0
10026,10026,31.0,0,358,115.0,397.0,-12,43.0
10027,10027,32.0,0,358,812.0,4084.0,-11,43.0
10028,10028,33.0,0,358,694.0,3653.0,-10,43.0
10029,10029,34.0,0,358,328.0,1522.0,-9,43.0
10030,10030,35.0,0,358,210.0,921.0,-8,43.0
10031,10031,36.0,0,358,185.0,572.0,-7,43.0
10032,10032,37.0,0,358,279.0,506.0,-6,43.0
10033,10033,38.0,0,358,188.0,418.0,-5,43.0
10034,10034,39.0,0,358,225.0,633.0,-4,43.0
10035,10035,40.0,0,358,153.0,479.0,-3,43.0
10036,10036,41.0,0,358,223.0,393.0,-2,43.0
10037,10037,42.0,0,358,328.0,893.0,-1,43.0
10038,10038,43.0,1,358,199.0,360.0,0,43.0
10039,10039,44.0,1,358,150.0,384.0,1,43.0
10040,10040,45.0,1,358,109.0,286.0,2,43.0
10041,10041,46.0,1,358,80.0,180.0,3,43.0
10042,10042,47.0,1,358,40.0,132.0,4,43.0
10043,10043,48.0,1,358,58.0,193.0,5,43.0
10044,10044,49.0,1,358,19.0,86.0,6,43.0
10045,10045,50.0,1,358,20.0,76.0,7,43.0
10046,10046,51.0,1,358,22.0,59.0,8,43.0
10047,10047,52.0,1,358,15.0,79.0,9,43.0
10048,10048,53.0,1,358,31.0,112.0,10,43.0
10049,10049,54.0,1,358,346.0,1068.0,11,43.0
10050,10050,55.0,1,358,279.0,817.0,12,43.0
10051,10051,56.0,1,358,59.0,187.0,13,43.0
10052,10052,6.0,0,359,4.0,37.0,-14,20.0
10053,10053,7.0,0,359,41.0,551.0,-13,20.0
10054,10054,8.0,0,359,16.0,274.0,-12,20.0
10055,10055,9.0,0,359,8.0,107.0,-11,20.0
10056,10056,10.0,0,359,16.0,158.0,-10,20.0
10057,10057,11.0,0,359,6.0,53.0,-9,20.0
10058,10058,12.0,0,359,9.0,46.0,-8,20.0
10059,10059,13.0,0,359,1.0,37.0,-7,20.0
10060,10060,14.0,0,359,3.0,8.0,-6,20.0
10061,10061,15.0,0,359,3.0,19.0,-5,20.0
10062,10062,16.0,0,359,3.0,26.0,-4,20.0
10063,10063,17.0,0,359,3.0,18.0,-3,20.0
10064,10064,18.0,0,359,1.0,10.0,-2,20.0
10065,10065,19.0,0,359,0.0,14.0,-1,20.0
10066,10066,20.0,1,359,4.0,41.0,0,20.0
10067,10067,21.0,1,359,1.0,9.0,1,20.0
10068,10068,22.0,1,359,5.0,18.0,2,20.0
10069,10069,23.0,1,359,0.0,11.0,3,20.0
10070,10070,24.0,1,359,1.0,19.0,4,20.0
10071,10071,25.0,1,359,12.0,127.0,5,20.0
10072,10072,26.0,1,359,24.0,226.0,6,20.0
10073,10073,27.0,1,359,44.0,817.0,7,20.0
10074,10074,28.0,1,359,12.0,376.0,8,20.0
10075,10075,29.0,1,359,16.0,443.0,9,20.0
10076,10076,30.0,1,359,82.0,2329.0,10,20.0
10077,10077,31.0,1,359,69.0,2893.0,11,20.0
10078,10078,32.0,1,359,56.0,4112.0,12,20.0
10079,10079,33.0,1,359,32.0,1948.0,13,20.0
10080,10080,30.0,0,360,32.0,485.0,-14,44.0
10081,10081,31.0,0,360,105.0,586.0,-13,44.0
10082,10082,32.0,0,360,69.0,327.0,-12,44.0
10083,10083,33.0,0,360,109.0,641.0,-11,44.0
10084,10084,34.0,0,360,99.0,1041.0,-10,44.0
10085,10085,35.0,0,360,79.0,974.0,-9,44.0
10086,10086,36.0,0,360,139.0,1115.0,-8,44.0
10087,10087,37.0,0,360,429.0,2004.0,-7,44.0
10088,10088,38.0,0,360,183.0,828.0,-6,44.0
10089,10089,39.0,0,360,126.0,730.0,-5,44.0
10090,10090,40.0,0,360,53.0,337.0,-4,44.0
10091,10091,41.0,0,360,50.0,244.0,-3,44.0
10092,10092,42.0,0,360,27.0,148.0,-2,44.0
10093,10093,43.0,0,360,105.0,424.0,-1,44.0
10094,10094,44.0,1,360,143.0,348.0,0,44.0
10095,10095,45.0,1,360,249.0,642.0,1,44.0
10096,10096,46.0,1,360,44.0,180.0,2,44.0
10097,10097,47.0,1,360,51.0,181.0,3,44.0
10098,10098,48.0,1,360,18.0,80.0,4,44.0
10099,10099,49.0,1,360,24.0,122.0,5,44.0
10100,10100,50.0,1,360,26.0,128.0,6,44.0
10101,10101,51.0,1,360,17.0,83.0,7,44.0
10102,10102,52.0,1,360,4.0,46.0,8,44.0
10103,10103,53.0,1,360,19.0,150.0,9,44.0
10104,10104,54.0,1,360,24.0,103.0,10,44.0
10105,10105,55.0,1,360,22.0,112.0,11,44.0
10106,10106,56.0,1,360,11.0,58.0,12,44.0
10107,10107,57.0,1,360,18.0,109.0,13,44.0
10108,10108,52.0,0,361,683.0,4823.0,-14,66.0
10109,10109,53.0,0,361,606.0,4365.0,-13,66.0
10110,10110,54.0,0,361,753.0,4853.0,-12,66.0
10111,10111,55.0,0,361,715.0,3789.0,-11,66.0
10112,10112,56.0,0,361,710.0,3069.0,-10,66.0
10113,10113,57.0,0,361,609.0,3365.0,-9,66.0
10114,10114,58.0,0,361,2042.0,4315.0,-8,66.0
10115,10115,59.0,0,361,1939.0,3545.0,-7,66.0
10116,10116,60.0,0,361,542.0,2195.0,-6,66.0
10117,10117,61.0,0,361,309.0,2009.0,-5,66.0
10118,10118,62.0,0,361,309.0,1844.0,-4,66.0
10119,10119,63.0,0,361,342.0,1683.0,-3,66.0
10120,10120,64.0,0,361,330.0,1476.0,-2,66.0
10121,10121,65.0,0,361,360.0,1562.0,-1,66.0
10122,10122,66.0,1,361,564.0,2068.0,0,66.0
10123,10123,67.0,1,361,446.0,1780.0,1,66.0
10124,10124,68.0,1,361,253.0,1408.0,2,66.0
10125,10125,69.0,1,361,127.0,1111.0,3,66.0
10126,10126,70.0,1,361,253.0,1339.0,4,66.0
10127,10127,71.0,1,361,206.0,1631.0,5,66.0
10128,10128,72.0,1,361,270.0,1734.0,6,66.0
10129,10129,73.0,1,361,123.0,1301.0,7,66.0
10130,10130,74.0,1,361,153.0,1239.0,8,66.0
10131,10131,75.0,1,361,139.0,806.0,9,66.0
10132,10132,76.0,1,361,101.0,914.0,10,66.0
10133,10133,77.0,1,361,98.0,1130.0,11,66.0
10134,10134,78.0,1,361,111.0,1134.0,12,66.0
10135,10135,79.0,1,361,116.0,1264.0,13,66.0
10136,10136,117.0,0,362,1.0,0.0,-14,131.0
10137,10137,118.0,0,362,0.0,1.0,-13,131.0
10138,10138,119.0,0,362,2.0,0.0,-12,131.0
10139,10139,120.0,0,362,0.0,1.0,-11,131.0
10140,10140,121.0,0,362,1.0,0.0,-10,131.0
10141,10141,122.0,0,362,1.0,0.0,-9,131.0
10142,10142,123.0,0,362,0.0,0.0,-8,131.0
10143,10143,124.0,0,362,0.0,1.0,-7,131.0
10144,10144,125.0,0,362,0.0,0.0,-6,131.0
10145,10145,126.0,0,362,0.0,1.0,-5,131.0
10146,10146,127.0,0,362,0.0,0.0,-4,131.0
10147,10147,128.0,0,362,0.0,2.0,-3,131.0
10148,10148,129.0,0,362,0.0,0.0,-2,131.0
10149,10149,130.0,0,362,1.0,0.0,-1,131.0
10150,10150,131.0,1,362,11.0,6.0,0,131.0
10151,10151,132.0,1,362,0.0,2.0,1,131.0
10152,10152,133.0,1,362,1.0,1.0,2,131.0
10153,10153,134.0,1,362,1.0,0.0,3,131.0
10154,10154,135.0,1,362,1.0,2.0,4,131.0
10155,10155,136.0,1,362,1.0,0.0,5,131.0
10156,10156,137.0,1,362,0.0,1.0,6,131.0
10157,10157,138.0,1,362,1.0,0.0,7,131.0
10158,10158,139.0,1,362,0.0,0.0,8,131.0
10159,10159,140.0,1,362,0.0,0.0,9,131.0
10160,10160,141.0,1,362,0.0,0.0,10,131.0
10161,10161,142.0,1,362,0.0,0.0,11,131.0
10162,10162,143.0,1,362,1.0,0.0,12,131.0
10163,10163,144.0,1,362,0.0,0.0,13,131.0
10164,10164,304.0,0,363,0.0,0.0,-14,318.0
10165,10165,305.0,0,363,0.0,0.0,-13,318.0
10166,10166,306.0,0,363,0.0,0.0,-12,318.0
10167,10167,307.0,0,363,0.0,0.0,-11,318.0
10168,10168,308.0,0,363,0.0,0.0,-10,318.0
10169,10169,309.0,0,363,0.0,0.0,-9,318.0
10170,10170,310.0,0,363,0.0,0.0,-8,318.0
10171,10171,311.0,0,363,0.0,0.0,-7,318.0
10172,10172,312.0,0,363,0.0,0.0,-6,318.0
10173,10173,313.0,0,363,0.0,0.0,-5,318.0
10174,10174,314.0,0,363,0.0,0.0,-4,318.0
10175,10175,315.0,0,363,0.0,0.0,-3,318.0
10176,10176,316.0,0,363,0.0,0.0,-2,318.0
10177,10177,317.0,0,363,0.0,0.0,-1,318.0
10178,10178,318.0,1,363,2.0,1.0,0,318.0
10179,10179,319.0,1,363,0.0,3.0,1,318.0
10180,10180,320.0,1,363,0.0,0.0,2,318.0
10181,10181,321.0,1,363,0.0,0.0,3,318.0
10182,10182,322.0,1,363,0.0,0.0,4,318.0
10183,10183,323.0,1,363,0.0,0.0,5,318.0
10184,10184,324.0,1,363,0.0,0.0,6,318.0
10185,10185,325.0,1,363,0.0,0.0,7,318.0
10186,10186,326.0,1,363,0.0,0.0,8,318.0
10187,10187,327.0,1,363,0.0,0.0,9,318.0
10188,10188,328.0,1,363,0.0,0.0,10,318.0
10189,10189,329.0,1,363,0.0,0.0,11,318.0
10190,10190,330.0,1,363,0.0,0.0,12,318.0
10191,10191,331.0,1,363,0.0,0.0,13,318.0
10192,10192,51.0,0,364,154.0,134.0,-14,65.0
10193,10193,52.0,0,364,78.0,81.0,-13,65.0
10194,10194,53.0,0,364,117.0,86.0,-12,65.0
10195,10195,54.0,0,364,95.0,70.0,-11,65.0
10196,10196,55.0,0,364,581.0,339.0,-10,65.0
10197,10197,56.0,0,364,82.0,53.0,-9,65.0
10198,10198,57.0,0,364,32.0,29.0,-8,65.0
10199,10199,58.0,0,364,47.0,30.0,-7,65.0
10200,10200,59.0,0,364,39.0,21.0,-6,65.0
10201,10201,60.0,0,364,68.0,75.0,-5,65.0
10202,10202,61.0,0,364,31.0,11.0,-4,65.0
10203,10203,62.0,0,364,36.0,16.0,-3,65.0
10204,10204,63.0,0,364,61.0,48.0,-2,65.0
10205,10205,64.0,0,364,69.0,45.0,-1,65.0
10206,10206,65.0,1,364,77.0,40.0,0,65.0
10207,10207,66.0,1,364,87.0,65.0,1,65.0
10208,10208,67.0,1,364,26.0,25.0,2,65.0
10209,10209,68.0,1,364,58.0,49.0,3,65.0
10210,10210,69.0,1,364,35.0,32.0,4,65.0
10211,10211,70.0,1,364,22.0,24.0,5,65.0
10212,10212,71.0,1,364,25.0,22.0,6,65.0
10213,10213,72.0,1,364,10.0,11.0,7,65.0
10214,10214,73.0,1,364,13.0,17.0,8,65.0
10215,10215,74.0,1,364,12.0,8.0,9,65.0
10216,10216,75.0,1,364,18.0,13.0,10,65.0
10217,10217,76.0,1,364,30.0,14.0,11,65.0
10218,10218,77.0,1,364,28.0,35.0,12,65.0
10219,10219,78.0,1,364,64.0,45.0,13,65.0
10220,10220,45.0,0,365,3060.0,4756.0,-14,59.0
10221,10221,46.0,0,365,6288.0,7047.0,-13,59.0
10222,10222,47.0,0,365,286.0,435.0,-12,59.0
10223,10223,48.0,0,365,430.0,422.0,-11,59.0
10224,10224,49.0,0,365,260.0,331.0,-10,59.0
10225,10225,50.0,0,365,218.0,275.0,-9,59.0
10226,10226,51.0,0,365,424.0,416.0,-8,59.0
10227,10227,52.0,0,365,290.0,328.0,-7,59.0
10228,10228,53.0,0,365,772.0,852.0,-6,59.0
10229,10229,54.0,0,365,215.0,309.0,-5,59.0
10230,10230,55.0,0,365,333.0,453.0,-4,59.0
10231,10231,56.0,0,365,136.0,232.0,-3,59.0
10232,10232,57.0,0,365,747.0,941.0,-2,59.0
10233,10233,58.0,0,365,930.0,1013.0,-1,59.0
10234,10234,59.0,1,365,551.0,677.0,0,59.0
10235,10235,60.0,1,365,143.0,233.0,1,59.0
10236,10236,61.0,1,365,642.0,576.0,2,59.0
10237,10237,62.0,1,365,4145.0,5381.0,3,59.0
10238,10238,63.0,1,365,864.0,1113.0,4,59.0
10239,10239,64.0,1,365,432.0,649.0,5,59.0
10240,10240,65.0,1,365,268.0,330.0,6,59.0
10241,10241,66.0,1,365,197.0,223.0,7,59.0
10242,10242,67.0,1,365,269.0,285.0,8,59.0
10243,10243,68.0,1,365,167.0,214.0,9,59.0
10244,10244,69.0,1,365,191.0,249.0,10,59.0
10245,10245,70.0,1,365,228.0,369.0,11,59.0
10246,10246,71.0,1,365,151.0,292.0,12,59.0
10247,10247,72.0,1,365,219.0,437.0,13,59.0
10248,10248,92.0,0,366,60.0,67.0,-14,106.0
10249,10249,93.0,0,366,42.0,47.0,-13,106.0
10250,10250,94.0,0,366,15.0,14.0,-12,106.0
10251,10251,95.0,0,366,36.0,40.0,-11,106.0
10252,10252,96.0,0,366,12.0,14.0,-10,106.0
10253,10253,97.0,0,366,7.0,8.0,-9,106.0
10254,10254,98.0,0,366,10.0,16.0,-8,106.0
10255,10255,99.0,0,366,17.0,21.0,-7,106.0
10256,10256,100.0,0,366,52.0,40.0,-6,106.0
10257,10257,101.0,0,366,43.0,80.0,-5,106.0
10258,10258,102.0,0,366,40.0,63.0,-4,106.0
10259,10259,103.0,0,366,124.0,200.0,-3,106.0
10260,10260,104.0,0,366,178.0,367.0,-2,106.0
10261,10261,105.0,0,366,43.0,94.0,-1,106.0
10262,10262,106.0,1,366,42.0,53.0,0,106.0
10263,10263,107.0,1,366,47.0,87.0,1,106.0
10264,10264,108.0,1,366,28.0,40.0,2,106.0
10265,10265,109.0,1,366,17.0,30.0,3,106.0
10266,10266,110.0,1,366,16.0,21.0,4,106.0
10267,10267,111.0,1,366,98.0,109.0,5,106.0
10268,10268,112.0,1,366,15.0,20.0,6,106.0
10269,10269,113.0,1,366,153.0,101.0,7,106.0
10270,10270,114.0,1,366,58.0,41.0,8,106.0
10271,10271,115.0,1,366,27.0,32.0,9,106.0
10272,10272,116.0,1,366,9.0,32.0,10,106.0
10273,10273,117.0,1,366,6.0,20.0,11,106.0
10274,10274,118.0,1,366,9.0,23.0,12,106.0
10275,10275,119.0,1,366,11.0,26.0,13,106.0
10276,10276,105.0,0,367,35.0,84.0,-14,119.0
10277,10277,106.0,0,367,26.0,79.0,-13,119.0
10278,10278,107.0,0,367,40.0,86.0,-12,119.0
10279,10279,108.0,0,367,29.0,91.0,-11,119.0
10280,10280,109.0,0,367,30.0,81.0,-10,119.0
10281,10281,110.0,0,367,58.0,113.0,-9,119.0
10282,10282,111.0,0,367,43.0,71.0,-8,119.0
10283,10283,112.0,0,367,40.0,57.0,-7,119.0
10284,10284,113.0,0,367,38.0,77.0,-6,119.0
10285,10285,114.0,0,367,26.0,76.0,-5,119.0
10286,10286,115.0,0,367,30.0,57.0,-4,119.0
10287,10287,116.0,0,367,15.0,41.0,-3,119.0
10288,10288,117.0,0,367,38.0,59.0,-2,119.0
10289,10289,118.0,0,367,153.0,238.0,-1,119.0
10290,10290,119.0,1,367,80.0,138.0,0,119.0
10291,10291,120.0,1,367,44.0,65.0,1,119.0
10292,10292,121.0,1,367,27.0,43.0,2,119.0
10293,10293,122.0,1,367,15.0,39.0,3,119.0
10294,10294,123.0,1,367,18.0,33.0,4,119.0
10295,10295,124.0,1,367,14.0,40.0,5,119.0
10296,10296,125.0,1,367,13.0,33.0,6,119.0
10297,10297,126.0,1,367,11.0,36.0,7,119.0
10298,10298,127.0,1,367,22.0,42.0,8,119.0
10299,10299,128.0,1,367,11.0,35.0,9,119.0
10300,10300,129.0,1,367,11.0,42.0,10,119.0
10301,10301,130.0,1,367,26.0,46.0,11,119.0
10302,10302,131.0,1,367,28.0,49.0,12,119.0
10303,10303,132.0,1,367,16.0,57.0,13,119.0
10304,10304,101.0,0,368,0.0,0.0,-14,115.0
10305,10305,102.0,0,368,5.0,2.0,-13,115.0
10306,10306,103.0,0,368,0.0,1.0,-12,115.0
10307,10307,104.0,0,368,4.0,1.0,-11,115.0
10308,10308,105.0,0,368,1.0,1.0,-10,115.0
10309,10309,106.0,0,368,3.0,1.0,-9,115.0
10310,10310,107.0,0,368,0.0,0.0,-8,115.0
10311,10311,108.0,0,368,1.0,1.0,-7,115.0
10312,10312,109.0,0,368,0.0,0.0,-6,115.0
10313,10313,110.0,0,368,0.0,1.0,-5,115.0
10314,10314,111.0,0,368,0.0,0.0,-4,115.0
10315,10315,112.0,0,368,1.0,2.0,-3,115.0
10316,10316,113.0,0,368,0.0,0.0,-2,115.0
10317,10317,114.0,0,368,64.0,20.0,-1,115.0
10318,10318,115.0,1,368,159.0,85.0,0,115.0
10319,10319,116.0,1,368,10.0,4.0,1,115.0
10320,10320,117.0,1,368,1.0,2.0,2,115.0
10321,10321,118.0,1,368,1.0,0.0,3,115.0
10322,10322,119.0,1,368,2.0,1.0,4,115.0
10323,10323,120.0,1,368,2.0,1.0,5,115.0
10324,10324,121.0,1,368,1.0,0.0,6,115.0
10325,10325,122.0,1,368,0.0,1.0,7,115.0
10326,10326,123.0,1,368,0.0,0.0,8,115.0
10327,10327,124.0,1,368,0.0,1.0,9,115.0
10328,10328,125.0,1,368,20.0,14.0,10,115.0
10329,10329,126.0,1,368,3.0,5.0,11,115.0
10330,10330,127.0,1,368,2.0,2.0,12,115.0
10331,10331,128.0,1,368,0.0,3.0,13,115.0
10332,10332,159.0,0,369,15.0,20.0,-14,173.0
10333,10333,160.0,0,369,18.0,17.0,-13,173.0
10334,10334,161.0,0,369,19.0,17.0,-12,173.0
10335,10335,162.0,0,369,14.0,9.0,-11,173.0
10336,10336,163.0,0,369,11.0,14.0,-10,173.0
10337,10337,164.0,0,369,11.0,11.0,-9,173.0
10338,10338,165.0,0,369,555.0,443.0,-8,173.0
10339,10339,166.0,0,369,533.0,513.0,-7,173.0
10340,10340,167.0,0,369,460.0,379.0,-6,173.0
10341,10341,168.0,0,369,559.0,483.0,-5,173.0
10342,10342,169.0,0,369,293.0,324.0,-4,173.0
10343,10343,170.0,0,369,58.0,53.0,-3,173.0
10344,10344,171.0,0,369,20.0,11.0,-2,173.0
10345,10345,172.0,0,369,43.0,27.0,-1,173.0
10346,10346,173.0,1,369,271.0,204.0,0,173.0
10347,10347,174.0,1,369,32.0,26.0,1,173.0
10348,10348,175.0,1,369,134.0,129.0,2,173.0
10349,10349,176.0,1,369,156.0,140.0,3,173.0
10350,10350,177.0,1,369,28.0,47.0,4,173.0
10351,10351,178.0,1,369,44.0,19.0,5,173.0
10352,10352,179.0,1,369,87.0,102.0,6,173.0
10353,10353,180.0,1,369,19.0,14.0,7,173.0
10354,10354,181.0,1,369,18.0,26.0,8,173.0
10355,10355,182.0,1,369,110.0,89.0,9,173.0
10356,10356,183.0,1,369,98.0,39.0,10,173.0
10357,10357,184.0,1,369,9.0,14.0,11,173.0
10358,10358,185.0,1,369,10.0,8.0,12,173.0
10359,10359,186.0,1,369,9.0,12.0,13,173.0
10360,10360,164.0,0,370,50.0,463.0,-14,178.0
10361,10361,165.0,0,370,46.0,447.0,-13,178.0
10362,10362,166.0,0,370,49.0,430.0,-12,178.0
10363,10363,167.0,0,370,50.0,455.0,-11,178.0
10364,10364,168.0,0,370,42.0,423.0,-10,178.0
10365,10365,169.0,0,370,60.0,437.0,-9,178.0
10366,10366,170.0,0,370,50.0,432.0,-8,178.0
10367,10367,171.0,0,370,53.0,438.0,-7,178.0
10368,10368,172.0,0,370,48.0,386.0,-6,178.0
10369,10369,173.0,0,370,47.0,450.0,-5,178.0
10370,10370,174.0,0,370,77.0,540.0,-4,178.0
10371,10371,175.0,0,370,57.0,980.0,-3,178.0
10372,10372,176.0,0,370,55.0,1107.0,-2,178.0
10373,10373,177.0,0,370,73.0,1127.0,-1,178.0
10374,10374,178.0,1,370,67.0,866.0,0,178.0
10375,10375,179.0,1,370,44.0,810.0,1,178.0
10376,10376,180.0,1,370,50.0,610.0,2,178.0
10377,10377,181.0,1,370,39.0,560.0,3,178.0
10378,10378,182.0,1,370,43.0,430.0,4,178.0
10379,10379,183.0,1,370,36.0,300.0,5,178.0
10380,10380,184.0,1,370,19.0,255.0,6,178.0
10381,10381,185.0,1,370,34.0,269.0,7,178.0
10382,10382,186.0,1,370,40.0,334.0,8,178.0
10383,10383,187.0,1,370,20.0,287.0,9,178.0
10384,10384,188.0,1,370,36.0,305.0,10,178.0
10385,10385,189.0,1,370,32.0,307.0,11,178.0
10386,10386,190.0,1,370,40.0,266.0,12,178.0
10387,10387,191.0,1,370,23.0,294.0,13,178.0
10388,10388,134.0,0,371,17.0,42.0,-14,148.0
10389,10389,135.0,0,371,26.0,40.0,-13,148.0
10390,10390,136.0,0,371,20.0,32.0,-12,148.0
10391,10391,137.0,0,371,13.0,31.0,-11,148.0
10392,10392,138.0,0,371,37.0,73.0,-10,148.0
10393,10393,139.0,0,371,25.0,34.0,-9,148.0
10394,10394,140.0,0,371,41.0,35.0,-8,148.0
10395,10395,141.0,0,371,19.0,31.0,-7,148.0
10396,10396,142.0,0,371,22.0,35.0,-6,148.0
10397,10397,143.0,0,371,12.0,29.0,-5,148.0
10398,10398,144.0,0,371,13.0,23.0,-4,148.0
10399,10399,145.0,0,371,15.0,38.0,-3,148.0
10400,10400,146.0,0,371,25.0,55.0,-2,148.0
10401,10401,147.0,0,371,269.0,325.0,-1,148.0
10402,10402,148.0,1,371,530.0,796.0,0,148.0
10403,10403,149.0,1,371,47.0,93.0,1,148.0
10404,10404,150.0,1,371,60.0,78.0,2,148.0
10405,10405,151.0,1,371,234.0,311.0,3,148.0
10406,10406,152.0,1,371,156.0,326.0,4,148.0
10407,10407,153.0,1,371,693.0,1350.0,5,148.0
10408,10408,154.0,1,371,435.0,689.0,6,148.0
10409,10409,155.0,1,371,59.0,98.0,7,148.0
10410,10410,156.0,1,371,19.0,44.0,8,148.0
10411,10411,157.0,1,371,11.0,37.0,9,148.0
10412,10412,158.0,1,371,68.0,113.0,10,148.0
10413,10413,159.0,1,371,11.0,49.0,11,148.0
10414,10414,160.0,1,371,73.0,110.0,12,148.0
10415,10415,161.0,1,371,24.0,38.0,13,148.0
10416,10416,117.0,0,372,1.0,1.0,-14,131.0
10417,10417,118.0,0,372,0.0,1.0,-13,131.0
10418,10418,119.0,0,372,5.0,3.0,-12,131.0
10419,10419,120.0,0,372,1.0,2.0,-11,131.0
10420,10420,121.0,0,372,1.0,3.0,-10,131.0
10421,10421,122.0,0,372,2.0,1.0,-9,131.0
10422,10422,123.0,0,372,1.0,0.0,-8,131.0
10423,10423,124.0,0,372,1.0,1.0,-7,131.0
10424,10424,125.0,0,372,0.0,0.0,-6,131.0
10425,10425,126.0,0,372,0.0,0.0,-5,131.0
10426,10426,127.0,0,372,0.0,0.0,-4,131.0
10427,10427,128.0,0,372,0.0,0.0,-3,131.0
10428,10428,129.0,0,372,0.0,0.0,-2,131.0
10429,10429,130.0,0,372,3.0,3.0,-1,131.0
10430,10430,131.0,1,372,12.0,5.0,0,131.0
10431,10431,132.0,1,372,1.0,5.0,1,131.0
10432,10432,133.0,1,372,3.0,1.0,2,131.0
10433,10433,134.0,1,372,0.0,3.0,3,131.0
10434,10434,135.0,1,372,5.0,1.0,4,131.0
10435,10435,136.0,1,372,1.0,0.0,5,131.0
10436,10436,137.0,1,372,0.0,0.0,6,131.0
10437,10437,138.0,1,372,0.0,0.0,7,131.0
10438,10438,139.0,1,372,1.0,0.0,8,131.0
10439,10439,140.0,1,372,0.0,0.0,9,131.0
10440,10440,141.0,1,372,3.0,0.0,10,131.0
10441,10441,142.0,1,372,0.0,1.0,11,131.0
10442,10442,143.0,1,372,1.0,0.0,12,131.0
10443,10443,144.0,1,372,0.0,1.0,13,131.0
10444,10444,273.0,0,373,24.0,46.0,-14,287.0
10445,10445,274.0,0,373,4.0,29.0,-13,287.0
10446,10446,275.0,0,373,33.0,34.0,-12,287.0
10447,10447,276.0,0,373,38.0,69.0,-11,287.0
10448,10448,277.0,0,373,46.0,62.0,-10,287.0
10449,10449,278.0,0,373,36.0,73.0,-9,287.0
10450,10450,279.0,0,373,75.0,71.0,-8,287.0
10451,10451,280.0,0,373,15.0,26.0,-7,287.0
10452,10452,281.0,0,373,16.0,10.0,-6,287.0
10453,10453,282.0,0,373,28.0,42.0,-5,287.0
10454,10454,283.0,0,373,8.0,20.0,-4,287.0
10455,10455,284.0,0,373,11.0,38.0,-3,287.0
10456,10456,285.0,0,373,29.0,30.0,-2,287.0
10457,10457,286.0,0,373,12.0,34.0,-1,287.0
10458,10458,287.0,1,373,20.0,24.0,0,287.0
10459,10459,288.0,1,373,5.0,12.0,1,287.0
10460,10460,289.0,1,373,72.0,100.0,2,287.0
10461,10461,290.0,1,373,25.0,37.0,3,287.0
10462,10462,291.0,1,373,8.0,28.0,4,287.0
10463,10463,292.0,1,373,137.0,218.0,5,287.0
10464,10464,293.0,1,373,485.0,718.0,6,287.0
10465,10465,294.0,1,373,225.0,346.0,7,287.0
10466,10466,295.0,1,373,32.0,68.0,8,287.0
10467,10467,296.0,1,373,32.0,71.0,9,287.0
10468,10468,297.0,1,373,89.0,104.0,10,287.0
10469,10469,298.0,1,373,99.0,68.0,11,287.0
10470,10470,299.0,1,373,18.0,27.0,12,287.0
10471,10471,300.0,1,373,39.0,47.0,13,287.0
10472,10472,108.0,0,374,3.0,9.0,-14,122.0
10473,10473,109.0,0,374,7.0,13.0,-13,122.0
10474,10474,110.0,0,374,75.0,181.0,-12,122.0
10475,10475,111.0,0,374,4.0,24.0,-11,122.0
10476,10476,112.0,0,374,4.0,10.0,-10,122.0
10477,10477,113.0,0,374,3.0,3.0,-9,122.0
10478,10478,114.0,0,374,2.0,3.0,-8,122.0
10479,10479,115.0,0,374,5.0,4.0,-7,122.0
10480,10480,116.0,0,374,2.0,1.0,-6,122.0
10481,10481,117.0,0,374,2.0,8.0,-5,122.0
10482,10482,118.0,0,374,4.0,4.0,-4,122.0
10483,10483,119.0,0,374,1.0,3.0,-3,122.0
10484,10484,120.0,0,374,0.0,3.0,-2,122.0
10485,10485,121.0,0,374,22.0,23.0,-1,122.0
10486,10486,122.0,1,374,10.0,12.0,0,122.0
10487,10487,123.0,1,374,11.0,6.0,1,122.0
10488,10488,124.0,1,374,4.0,7.0,2,122.0
10489,10489,125.0,1,374,2.0,4.0,3,122.0
10490,10490,126.0,1,374,0.0,6.0,4,122.0
10491,10491,127.0,1,374,0.0,2.0,5,122.0
10492,10492,128.0,1,374,3.0,8.0,6,122.0
10493,10493,129.0,1,374,5.0,4.0,7,122.0
10494,10494,130.0,1,374,1.0,1.0,8,122.0
10495,10495,131.0,1,374,2.0,3.0,9,122.0
10496,10496,132.0,1,374,3.0,4.0,10,122.0
10497,10497,133.0,1,374,2.0,5.0,11,122.0
10498,10498,134.0,1,374,2.0,6.0,12,122.0
10499,10499,135.0,1,374,1.0,0.0,13,122.0
10500,10500,208.0,0,375,75.0,24.0,-14,222.0
10501,10501,209.0,0,375,37.0,9.0,-13,222.0
10502,10502,210.0,0,375,38.0,19.0,-12,222.0
10503,10503,211.0,0,375,7.0,7.0,-11,222.0
10504,10504,212.0,0,375,38.0,39.0,-10,222.0
10505,10505,213.0,0,375,52.0,52.0,-9,222.0
10506,10506,214.0,0,375,28.0,28.0,-8,222.0
10507,10507,215.0,0,375,29.0,20.0,-7,222.0
10508,10508,216.0,0,375,26.0,4.0,-6,222.0
10509,10509,217.0,0,375,42.0,12.0,-5,222.0
10510,10510,218.0,0,375,15.0,5.0,-4,222.0
10511,10511,219.0,0,375,15.0,4.0,-3,222.0
10512,10512,220.0,0,375,27.0,9.0,-2,222.0
10513,10513,221.0,0,375,24.0,11.0,-1,222.0
10514,10514,222.0,1,375,25.0,9.0,0,222.0
10515,10515,223.0,1,375,8.0,4.0,1,222.0
10516,10516,224.0,1,375,14.0,8.0,2,222.0
10517,10517,225.0,1,375,11.0,6.0,3,222.0
10518,10518,226.0,1,375,14.0,4.0,4,222.0
10519,10519,227.0,1,375,16.0,7.0,5,222.0
10520,10520,228.0,1,375,14.0,5.0,6,222.0
10521,10521,229.0,1,375,15.0,12.0,7,222.0
10522,10522,230.0,1,375,20.0,14.0,8,222.0
10523,10523,231.0,1,375,29.0,15.0,9,222.0
10524,10524,232.0,1,375,12.0,12.0,10,222.0
10525,10525,233.0,1,375,34.0,8.0,11,222.0
10526,10526,234.0,1,375,14.0,17.0,12,222.0
10527,10527,235.0,1,375,29.0,14.0,13,222.0
10528,10528,28.0,0,376,0.0,0.0,-14,42.0
10529,10529,29.0,0,376,11.0,75.0,-13,42.0
10530,10530,30.0,0,376,22.0,91.0,-12,42.0
10531,10531,31.0,0,376,103.0,243.0,-11,42.0
10532,10532,32.0,0,376,821.0,2552.0,-10,42.0
10533,10533,33.0,0,376,487.0,1850.0,-9,42.0
10534,10534,34.0,0,376,661.0,2899.0,-8,42.0
10535,10535,35.0,0,376,1059.0,4390.0,-7,42.0
10536,10536,36.0,0,376,1266.0,3879.0,-6,42.0
10537,10537,37.0,0,376,1284.0,3009.0,-5,42.0
10538,10538,38.0,0,376,1039.0,2210.0,-4,42.0
10539,10539,39.0,0,376,923.0,2077.0,-3,42.0
10540,10540,40.0,0,376,1162.0,2029.0,-2,42.0
10541,10541,41.0,0,376,880.0,1763.0,-1,42.0
10542,10542,42.0,1,376,1220.0,2562.0,0,42.0
10543,10543,43.0,1,376,1176.0,2220.0,1,42.0
10544,10544,44.0,1,376,528.0,1459.0,2,42.0
10545,10545,45.0,1,376,1668.0,4036.0,3,42.0
10546,10546,46.0,1,376,269.0,961.0,4,42.0
10547,10547,47.0,1,376,184.0,624.0,5,42.0
10548,10548,48.0,1,376,187.0,653.0,6,42.0
10549,10549,49.0,1,376,76.0,359.0,7,42.0
10550,10550,50.0,1,376,64.0,314.0,8,42.0
10551,10551,51.0,1,376,120.0,691.0,9,42.0
10552,10552,52.0,1,376,115.0,477.0,10,42.0
10553,10553,53.0,1,376,565.0,1638.0,11,42.0
10554,10554,54.0,1,376,143.0,644.0,12,42.0
10555,10555,55.0,1,376,246.0,947.0,13,42.0
10556,10556,34.0,0,377,376.0,1401.0,-14,48.0
10557,10557,35.0,0,377,348.0,1320.0,-13,48.0
10558,10558,36.0,0,377,724.0,1535.0,-12,48.0
10559,10559,37.0,0,377,2873.0,3691.0,-11,48.0
10560,10560,38.0,0,377,1943.0,3149.0,-10,48.0
10561,10561,39.0,0,377,1331.0,2138.0,-9,48.0
10562,10562,40.0,0,377,2017.0,2920.0,-8,48.0
10563,10563,41.0,0,377,1281.0,2216.0,-7,48.0
10564,10564,42.0,0,377,829.0,1645.0,-6,48.0
10565,10565,43.0,0,377,1023.0,1672.0,-5,48.0
10566,10566,44.0,0,377,1327.0,2035.0,-4,48.0
10567,10567,45.0,0,377,2786.0,4139.0,-3,48.0
10568,10568,46.0,0,377,1078.0,1919.0,-2,48.0
10569,10569,47.0,0,377,827.0,1325.0,-1,48.0
10570,10570,48.0,1,377,1623.0,3417.0,0,48.0
10571,10571,49.0,1,377,865.0,2121.0,1,48.0
10572,10572,50.0,1,377,452.0,1232.0,2,48.0
10573,10573,51.0,1,377,228.0,923.0,3,48.0
10574,10574,52.0,1,377,486.0,1451.0,4,48.0
10575,10575,53.0,1,377,75.0,255.0,5,48.0
10576,10576,54.0,1,377,497.0,1598.0,6,48.0
10577,10577,55.0,1,377,342.0,1223.0,7,48.0
10578,10578,56.0,1,377,698.0,2461.0,8,48.0
10579,10579,57.0,1,377,77.0,215.0,9,48.0
10580,10580,58.0,1,377,831.0,2854.0,10,48.0
10581,10581,59.0,1,377,389.0,1569.0,11,48.0
10582,10582,60.0,1,377,42.0,211.0,12,48.0
10583,10583,61.0,1,377,188.0,745.0,13,48.0
10584,10584,4.0,0,378,11.0,75.0,-14,18.0
10585,10585,5.0,0,378,3.0,74.0,-13,18.0
10586,10586,6.0,0,378,10.0,338.0,-12,18.0
10587,10587,7.0,0,378,39.0,754.0,-11,18.0
10588,10588,8.0,0,378,77.0,2451.0,-10,18.0
10589,10589,9.0,0,378,48.0,910.0,-9,18.0
10590,10590,10.0,0,378,20.0,498.0,-8,18.0
10591,10591,11.0,0,378,26.0,614.0,-7,18.0
10592,10592,12.0,0,378,13.0,228.0,-6,18.0
10593,10593,13.0,0,378,9.0,188.0,-5,18.0
10594,10594,14.0,0,378,5.0,100.0,-4,18.0
10595,10595,15.0,0,378,6.0,312.0,-3,18.0
10596,10596,16.0,0,378,13.0,246.0,-2,18.0
10597,10597,17.0,0,378,8.0,181.0,-1,18.0
10598,10598,18.0,1,378,10.0,289.0,0,18.0
10599,10599,19.0,1,378,5.0,170.0,1,18.0
10600,10600,20.0,1,378,3.0,198.0,2,18.0
10601,10601,21.0,1,378,1.0,123.0,3,18.0
10602,10602,22.0,1,378,5.0,191.0,4,18.0
10603,10603,23.0,1,378,1.0,104.0,5,18.0
10604,10604,24.0,1,378,2.0,118.0,6,18.0
10605,10605,25.0,1,378,4.0,114.0,7,18.0
10606,10606,26.0,1,378,13.0,383.0,8,18.0
10607,10607,27.0,1,378,51.0,4818.0,9,18.0
10608,10608,28.0,1,378,32.0,2843.0,10,18.0
10609,10609,29.0,1,378,35.0,4464.0,11,18.0
10610,10610,30.0,1,378,88.0,7773.0,12,18.0
10611,10611,31.0,1,378,91.0,8782.0,13,18.0
10612,10612,140.0,0,379,1.0,7.0,-14,154.0
10613,10613,141.0,0,379,0.0,3.0,-13,154.0
10614,10614,142.0,0,379,4.0,1.0,-12,154.0
10615,10615,143.0,0,379,3.0,2.0,-11,154.0
10616,10616,144.0,0,379,2.0,4.0,-10,154.0
10617,10617,145.0,0,379,3.0,2.0,-9,154.0
10618,10618,146.0,0,379,4.0,3.0,-8,154.0
10619,10619,147.0,0,379,3.0,2.0,-7,154.0
10620,10620,148.0,0,379,2.0,3.0,-6,154.0
10621,10621,149.0,0,379,1.0,1.0,-5,154.0
10622,10622,150.0,0,379,7.0,0.0,-4,154.0
10623,10623,151.0,0,379,3.0,8.0,-3,154.0
10624,10624,152.0,0,379,4.0,2.0,-2,154.0
10625,10625,153.0,0,379,80.0,54.0,-1,154.0
10626,10626,154.0,1,379,21.0,8.0,0,154.0
10627,10627,155.0,1,379,6.0,3.0,1,154.0
10628,10628,156.0,1,379,3.0,6.0,2,154.0
10629,10629,157.0,1,379,1.0,5.0,3,154.0
10630,10630,158.0,1,379,2.0,4.0,4,154.0
10631,10631,159.0,1,379,0.0,3.0,5,154.0
10632,10632,160.0,1,379,3.0,2.0,6,154.0
10633,10633,161.0,1,379,5.0,8.0,7,154.0
10634,10634,162.0,1,379,4.0,5.0,8,154.0
10635,10635,163.0,1,379,14.0,14.0,9,154.0
10636,10636,164.0,1,379,2.0,7.0,10,154.0
10637,10637,165.0,1,379,4.0,7.0,11,154.0
10638,10638,166.0,1,379,2.0,5.0,12,154.0
10639,10639,167.0,1,379,0.0,2.0,13,154.0
10640,10640,94.0,0,380,206.0,608.0,-14,108.0
10641,10641,95.0,0,380,49.0,142.0,-13,108.0
10642,10642,96.0,0,380,28.0,70.0,-12,108.0
10643,10643,97.0,0,380,30.0,89.0,-11,108.0
10644,10644,98.0,0,380,31.0,85.0,-10,108.0
10645,10645,99.0,0,380,33.0,102.0,-9,108.0
10646,10646,100.0,0,380,352.0,1141.0,-8,108.0
10647,10647,101.0,0,380,334.0,755.0,-7,108.0
10648,10648,102.0,0,380,290.0,1454.0,-6,108.0
10649,10649,103.0,0,380,289.0,932.0,-5,108.0
10650,10650,104.0,0,380,91.0,427.0,-4,108.0
10651,10651,105.0,0,380,52.0,222.0,-3,108.0
10652,10652,106.0,0,380,125.0,523.0,-2,108.0
10653,10653,107.0,0,380,176.0,541.0,-1,108.0
10654,10654,108.0,1,380,449.0,1293.0,0,108.0
10655,10655,109.0,1,380,82.0,385.0,1,108.0
10656,10656,110.0,1,380,263.0,1263.0,2,108.0
10657,10657,111.0,1,380,83.0,588.0,3,108.0
10658,10658,112.0,1,380,71.0,296.0,4,108.0
10659,10659,113.0,1,380,53.0,293.0,5,108.0
10660,10660,114.0,1,380,51.0,260.0,6,108.0
10661,10661,115.0,1,380,35.0,296.0,7,108.0
10662,10662,116.0,1,380,1186.0,6631.0,8,108.0
10663,10663,117.0,1,380,325.0,1996.0,9,108.0
10664,10664,118.0,1,380,263.0,1261.0,10,108.0
10665,10665,119.0,1,380,597.0,2945.0,11,108.0
10666,10666,120.0,1,380,151.0,934.0,12,108.0
10667,10667,121.0,1,380,46.0,354.0,13,108.0
10668,10668,62.0,0,381,22.0,84.0,-14,76.0
10669,10669,63.0,0,381,6.0,2.0,-13,76.0
10670,10670,64.0,0,381,3.0,5.0,-12,76.0
10671,10671,65.0,0,381,2.0,0.0,-11,76.0
10672,10672,66.0,0,381,1.0,3.0,-10,76.0
10673,10673,67.0,0,381,1.0,2.0,-9,76.0
10674,10674,68.0,0,381,1.0,2.0,-8,76.0
10675,10675,69.0,0,381,0.0,1.0,-7,76.0
10676,10676,70.0,0,381,1.0,5.0,-6,76.0
10677,10677,71.0,0,381,0.0,3.0,-5,76.0
10678,10678,72.0,0,381,3.0,1.0,-4,76.0
10679,10679,73.0,0,381,1.0,3.0,-3,76.0
10680,10680,74.0,0,381,0.0,3.0,-2,76.0
10681,10681,75.0,0,381,0.0,0.0,-1,76.0
10682,10682,76.0,1,381,2.0,1.0,0,76.0
10683,10683,77.0,1,381,2.0,0.0,1,76.0
10684,10684,78.0,1,381,2.0,4.0,2,76.0
10685,10685,79.0,1,381,1.0,2.0,3,76.0
10686,10686,80.0,1,381,1.0,0.0,4,76.0
10687,10687,81.0,1,381,3.0,1.0,5,76.0
10688,10688,82.0,1,381,3.0,3.0,6,76.0
10689,10689,83.0,1,381,1.0,3.0,7,76.0
10690,10690,84.0,1,381,0.0,4.0,8,76.0
10691,10691,85.0,1,381,2.0,1.0,9,76.0
10692,10692,86.0,1,381,0.0,4.0,10,76.0
10693,10693,87.0,1,381,0.0,1.0,11,76.0
10694,10694,88.0,1,381,0.0,2.0,12,76.0
10695,10695,89.0,1,381,2.0,5.0,13,76.0
10696,10696,127.0,0,382,60.0,60.0,-14,141.0
10697,10697,128.0,0,382,11.0,80.0,-13,141.0
10698,10698,129.0,0,382,16.0,59.0,-12,141.0
10699,10699,130.0,0,382,14.0,50.0,-11,141.0
10700,10700,131.0,0,382,38.0,41.0,-10,141.0
10701,10701,132.0,0,382,13.0,45.0,-9,141.0
10702,10702,133.0,0,382,3.0,30.0,-8,141.0
10703,10703,134.0,0,382,10.0,39.0,-7,141.0
10704,10704,135.0,0,382,9.0,29.0,-6,141.0
10705,10705,136.0,0,382,7.0,29.0,-5,141.0
10706,10706,137.0,0,382,12.0,53.0,-4,141.0
10707,10707,138.0,0,382,7.0,39.0,-3,141.0
10708,10708,139.0,0,382,7.0,33.0,-2,141.0
10709,10709,140.0,0,382,72.0,170.0,-1,141.0
10710,10710,141.0,1,382,876.0,1363.0,0,141.0
10711,10711,142.0,1,382,61.0,166.0,1,141.0
10712,10712,143.0,1,382,24.0,54.0,2,141.0
10713,10713,144.0,1,382,5.0,57.0,3,141.0
10714,10714,145.0,1,382,4.0,31.0,4,141.0
10715,10715,146.0,1,382,8.0,26.0,5,141.0
10716,10716,147.0,1,382,3.0,26.0,6,141.0
10717,10717,148.0,1,382,20.0,63.0,7,141.0
10718,10718,149.0,1,382,9.0,56.0,8,141.0
10719,10719,150.0,1,382,4.0,34.0,9,141.0
10720,10720,151.0,1,382,13.0,57.0,10,141.0
10721,10721,152.0,1,382,8.0,35.0,11,141.0
10722,10722,153.0,1,382,4.0,29.0,12,141.0
10723,10723,154.0,1,382,11.0,32.0,13,141.0
10724,10724,73.0,0,383,79.0,126.0,-14,87.0
10725,10725,74.0,0,383,18.0,45.0,-13,87.0
10726,10726,75.0,0,383,7.0,25.0,-12,87.0
10727,10727,76.0,0,383,3.0,18.0,-11,87.0
10728,10728,77.0,0,383,45.0,26.0,-10,87.0
10729,10729,78.0,0,383,327.0,91.0,-9,87.0
10730,10730,79.0,0,383,70.0,64.0,-8,87.0
10731,10731,80.0,0,383,21.0,33.0,-7,87.0
10732,10732,81.0,0,383,22.0,28.0,-6,87.0
10733,10733,82.0,0,383,25.0,49.0,-5,87.0
10734,10734,83.0,0,383,11.0,28.0,-4,87.0
10735,10735,84.0,0,383,40.0,157.0,-3,87.0
10736,10736,85.0,0,383,16.0,88.0,-2,87.0
10737,10737,86.0,0,383,28.0,159.0,-1,87.0
10738,10738,87.0,1,383,65.0,391.0,0,87.0
10739,10739,88.0,1,383,37.0,392.0,1,87.0
10740,10740,89.0,1,383,33.0,310.0,2,87.0
10741,10741,90.0,1,383,38.0,327.0,3,87.0
10742,10742,91.0,1,383,64.0,381.0,4,87.0
10743,10743,92.0,1,383,31.0,203.0,5,87.0
10744,10744,93.0,1,383,42.0,119.0,6,87.0
10745,10745,94.0,1,383,17.0,78.0,7,87.0
10746,10746,95.0,1,383,8.0,60.0,8,87.0
10747,10747,96.0,1,383,5.0,59.0,9,87.0
10748,10748,97.0,1,383,34.0,153.0,10,87.0
10749,10749,98.0,1,383,16.0,140.0,11,87.0
10750,10750,99.0,1,383,9.0,93.0,12,87.0
10751,10751,100.0,1,383,27.0,109.0,13,87.0
10752,10752,162.0,0,384,1.0,1.0,-14,176.0
10753,10753,163.0,0,384,1.0,0.0,-13,176.0
10754,10754,164.0,0,384,0.0,1.0,-12,176.0
10755,10755,165.0,0,384,3.0,5.0,-11,176.0
10756,10756,166.0,0,384,1.0,4.0,-10,176.0
10757,10757,167.0,0,384,17.0,2.0,-9,176.0
10758,10758,168.0,0,384,1.0,1.0,-8,176.0
10759,10759,169.0,0,384,0.0,1.0,-7,176.0
10760,10760,170.0,0,384,1.0,0.0,-6,176.0
10761,10761,171.0,0,384,0.0,1.0,-5,176.0
10762,10762,172.0,0,384,0.0,1.0,-4,176.0
10763,10763,173.0,0,384,3.0,3.0,-3,176.0
10764,10764,174.0,0,384,0.0,2.0,-2,176.0
10765,10765,175.0,0,384,2.0,2.0,-1,176.0
10766,10766,176.0,1,384,14.0,7.0,0,176.0
10767,10767,177.0,1,384,2.0,0.0,1,176.0
10768,10768,178.0,1,384,0.0,2.0,2,176.0
10769,10769,179.0,1,384,1.0,2.0,3,176.0
10770,10770,180.0,1,384,1.0,3.0,4,176.0
10771,10771,181.0,1,384,1.0,2.0,5,176.0
10772,10772,182.0,1,384,1.0,3.0,6,176.0
10773,10773,183.0,1,384,0.0,0.0,7,176.0
10774,10774,184.0,1,384,0.0,3.0,8,176.0
10775,10775,185.0,1,384,1.0,0.0,9,176.0
10776,10776,186.0,1,384,0.0,1.0,10,176.0
10777,10777,187.0,1,384,2.0,1.0,11,176.0
10778,10778,188.0,1,384,2.0,1.0,12,176.0
10779,10779,189.0,1,384,0.0,0.0,13,176.0
10780,10780,87.0,0,385,15.0,21.0,-14,101.0
10781,10781,88.0,0,385,22.0,25.0,-13,101.0
10782,10782,89.0,0,385,729.0,201.0,-12,101.0
10783,10783,90.0,0,385,70.0,29.0,-11,101.0
10784,10784,91.0,0,385,22.0,17.0,-10,101.0
10785,10785,92.0,0,385,18.0,19.0,-9,101.0
10786,10786,93.0,0,385,19.0,23.0,-8,101.0
10787,10787,94.0,0,385,30.0,19.0,-7,101.0
10788,10788,95.0,0,385,45.0,55.0,-6,101.0
10789,10789,96.0,0,385,15.0,16.0,-5,101.0
10790,10790,97.0,0,385,12.0,14.0,-4,101.0
10791,10791,98.0,0,385,18.0,19.0,-3,101.0
10792,10792,99.0,0,385,21.0,12.0,-2,101.0
10793,10793,100.0,0,385,38.0,20.0,-1,101.0
10794,10794,101.0,1,385,97.0,50.0,0,101.0
10795,10795,102.0,1,385,23.0,53.0,1,101.0
10796,10796,103.0,1,385,23.0,43.0,2,101.0
10797,10797,104.0,1,385,24.0,54.0,3,101.0
10798,10798,105.0,1,385,14.0,28.0,4,101.0
10799,10799,106.0,1,385,913.0,378.0,5,101.0
10800,10800,107.0,1,385,115.0,63.0,6,101.0
10801,10801,108.0,1,385,43.0,53.0,7,101.0
10802,10802,109.0,1,385,53.0,62.0,8,101.0
10803,10803,110.0,1,385,9.0,28.0,9,101.0
10804,10804,111.0,1,385,17.0,26.0,10,101.0
10805,10805,112.0,1,385,12.0,15.0,11,101.0
10806,10806,113.0,1,385,12.0,15.0,12,101.0
10807,10807,114.0,1,385,38.0,45.0,13,101.0
10808,10808,30.0,0,386,304.0,4248.0,-14,44.0
10809,10809,31.0,0,386,1093.0,8340.0,-13,44.0
10810,10810,32.0,0,386,5419.0,124531.0,-12,44.0
10811,10811,33.0,0,386,2335.0,62364.0,-11,44.0
10812,10812,34.0,0,386,1468.0,52936.0,-10,44.0
10813,10813,35.0,0,386,1399.0,49254.0,-9,44.0
10814,10814,36.0,0,386,2340.0,63198.0,-8,44.0
10815,10815,37.0,0,386,2089.0,49739.0,-7,44.0
10816,10816,38.0,0,386,1400.0,35211.0,-6,44.0
10817,10817,39.0,0,386,1127.0,27316.0,-5,44.0
10818,10818,40.0,0,386,1306.0,25359.0,-4,44.0
10819,10819,41.0,0,386,1001.0,27206.0,-3,44.0
10820,10820,42.0,0,386,1264.0,27628.0,-2,44.0
10821,10821,43.0,0,386,1483.0,28914.0,-1,44.0
10822,10822,44.0,1,386,1325.0,43934.0,0,44.0
10823,10823,45.0,1,386,819.0,34840.0,1,44.0
10824,10824,46.0,1,386,368.0,13053.0,2,44.0
10825,10825,47.0,1,386,508.0,16081.0,3,44.0
10826,10826,48.0,1,386,454.0,19358.0,4,44.0
10827,10827,49.0,1,386,160.0,7926.0,5,44.0
10828,10828,50.0,1,386,223.0,11920.0,6,44.0
10829,10829,51.0,1,386,237.0,15566.0,7,44.0
10830,10830,52.0,1,386,473.0,23545.0,8,44.0
10831,10831,53.0,1,386,1073.0,79323.0,9,44.0
10832,10832,54.0,1,386,258.0,23777.0,10,44.0
10833,10833,55.0,1,386,156.0,11018.0,11,44.0
10834,10834,56.0,1,386,107.0,7378.0,12,44.0
10835,10835,57.0,1,386,114.0,9160.0,13,44.0
10836,10836,225.0,0,387,0.0,3.0,-14,239.0
10837,10837,226.0,0,387,3.0,2.0,-13,239.0
10838,10838,227.0,0,387,1.0,3.0,-12,239.0
10839,10839,228.0,0,387,2.0,1.0,-11,239.0
10840,10840,229.0,0,387,0.0,1.0,-10,239.0
10841,10841,230.0,0,387,2.0,1.0,-9,239.0
10842,10842,231.0,0,387,0.0,0.0,-8,239.0
10843,10843,232.0,0,387,2.0,2.0,-7,239.0
10844,10844,233.0,0,387,4.0,1.0,-6,239.0
10845,10845,234.0,0,387,13.0,7.0,-5,239.0
10846,10846,235.0,0,387,4.0,1.0,-4,239.0
10847,10847,236.0,0,387,7.0,4.0,-3,239.0
10848,10848,237.0,0,387,1.0,1.0,-2,239.0
10849,10849,238.0,0,387,4.0,1.0,-1,239.0
10850,10850,239.0,1,387,45.0,6.0,0,239.0
10851,10851,240.0,1,387,1.0,1.0,1,239.0
10852,10852,241.0,1,387,8.0,3.0,2,239.0
10853,10853,242.0,1,387,2.0,1.0,3,239.0
10854,10854,243.0,1,387,2.0,5.0,4,239.0
10855,10855,244.0,1,387,3.0,4.0,5,239.0
10856,10856,245.0,1,387,5.0,7.0,6,239.0
10857,10857,246.0,1,387,19.0,11.0,7,239.0
10858,10858,247.0,1,387,11.0,12.0,8,239.0
10859,10859,248.0,1,387,3.0,3.0,9,239.0
10860,10860,249.0,1,387,6.0,5.0,10,239.0
10861,10861,250.0,1,387,9.0,9.0,11,239.0
10862,10862,251.0,1,387,1.0,1.0,12,239.0
10863,10863,252.0,1,387,11.0,5.0,13,239.0
10864,10864,306.0,0,388,1.0,1.0,-14,320.0
10865,10865,307.0,0,388,2.0,1.0,-13,320.0
10866,10866,308.0,0,388,102.0,24.0,-12,320.0
10867,10867,309.0,0,388,25.0,2.0,-11,320.0
10868,10868,310.0,0,388,13.0,6.0,-10,320.0
10869,10869,311.0,0,388,15.0,7.0,-9,320.0
10870,10870,312.0,0,388,8.0,7.0,-8,320.0
10871,10871,313.0,0,388,2.0,3.0,-7,320.0
10872,10872,314.0,0,388,3.0,7.0,-6,320.0
10873,10873,315.0,0,388,2.0,4.0,-5,320.0
10874,10874,316.0,0,388,5.0,2.0,-4,320.0
10875,10875,317.0,0,388,6.0,6.0,-3,320.0
10876,10876,318.0,0,388,3.0,7.0,-2,320.0
10877,10877,319.0,0,388,3.0,4.0,-1,320.0
10878,10878,320.0,1,388,1.0,2.0,0,320.0
10879,10879,321.0,1,388,2.0,2.0,1,320.0
10880,10880,322.0,1,388,0.0,0.0,2,320.0
10881,10881,323.0,1,388,0.0,3.0,3,320.0
10882,10882,324.0,1,388,1.0,1.0,4,320.0
10883,10883,325.0,1,388,1.0,2.0,5,320.0
10884,10884,326.0,1,388,0.0,3.0,6,320.0
10885,10885,327.0,1,388,3.0,2.0,7,320.0
10886,10886,328.0,1,388,1.0,4.0,8,320.0
10887,10887,329.0,1,388,3.0,3.0,9,320.0
10888,10888,330.0,1,388,1.0,8.0,10,320.0
10889,10889,331.0,1,388,3.0,0.0,11,320.0
10890,10890,332.0,1,388,3.0,2.0,12,320.0
10891,10891,333.0,1,388,1.0,5.0,13,320.0
10892,10892,285.0,0,389,4.0,14.0,-14,299.0
10893,10893,286.0,0,389,9.0,30.0,-13,299.0
10894,10894,287.0,0,389,5.0,17.0,-12,299.0
10895,10895,288.0,0,389,17.0,17.0,-11,299.0
10896,10896,289.0,0,389,9.0,5.0,-10,299.0
10897,10897,290.0,0,389,5.0,12.0,-9,299.0
10898,10898,291.0,0,389,8.0,17.0,-8,299.0
10899,10899,292.0,0,389,9.0,14.0,-7,299.0
10900,10900,293.0,0,389,8.0,14.0,-6,299.0
10901,10901,294.0,0,389,7.0,21.0,-5,299.0
10902,10902,295.0,0,389,5.0,9.0,-4,299.0
10903,10903,296.0,0,389,2.0,7.0,-3,299.0
10904,10904,297.0,0,389,10.0,9.0,-2,299.0
10905,10905,298.0,0,389,5.0,12.0,-1,299.0
10906,10906,299.0,1,389,13.0,10.0,0,299.0
10907,10907,300.0,1,389,9.0,18.0,1,299.0
10908,10908,301.0,1,389,4.0,9.0,2,299.0
10909,10909,302.0,1,389,15.0,19.0,3,299.0
10910,10910,303.0,1,389,11.0,25.0,4,299.0
10911,10911,304.0,1,389,8.0,21.0,5,299.0
10912,10912,305.0,1,389,9.0,19.0,6,299.0
10913,10913,306.0,1,389,1.0,12.0,7,299.0
10914,10914,307.0,1,389,5.0,17.0,8,299.0
10915,10915,308.0,1,389,21.0,47.0,9,299.0
10916,10916,309.0,1,389,3.0,18.0,10,299.0
10917,10917,310.0,1,389,1.0,14.0,11,299.0
10918,10918,311.0,1,389,3.0,11.0,12,299.0
10919,10919,312.0,1,389,11.0,25.0,13,299.0
10920,10920,164.0,0,390,0.0,0.0,-14,178.0
10921,10921,165.0,0,390,0.0,0.0,-13,178.0
10922,10922,166.0,0,390,0.0,0.0,-12,178.0
10923,10923,167.0,0,390,0.0,0.0,-11,178.0
10924,10924,168.0,0,390,0.0,0.0,-10,178.0
10925,10925,169.0,0,390,0.0,0.0,-9,178.0
10926,10926,170.0,0,390,0.0,0.0,-8,178.0
10927,10927,171.0,0,390,0.0,0.0,-7,178.0
10928,10928,172.0,0,390,0.0,0.0,-6,178.0
10929,10929,173.0,0,390,0.0,0.0,-5,178.0
10930,10930,174.0,0,390,0.0,0.0,-4,178.0
10931,10931,175.0,0,390,0.0,0.0,-3,178.0
10932,10932,176.0,0,390,1.0,0.0,-2,178.0
10933,10933,177.0,0,390,0.0,0.0,-1,178.0
10934,10934,178.0,1,390,2.0,1.0,0,178.0
10935,10935,179.0,1,390,0.0,0.0,1,178.0
10936,10936,180.0,1,390,0.0,0.0,2,178.0
10937,10937,181.0,1,390,0.0,0.0,3,178.0
10938,10938,182.0,1,390,0.0,0.0,4,178.0
10939,10939,183.0,1,390,0.0,0.0,5,178.0
10940,10940,184.0,1,390,0.0,0.0,6,178.0
10941,10941,185.0,1,390,0.0,0.0,7,178.0
10942,10942,186.0,1,390,0.0,0.0,8,178.0
10943,10943,187.0,1,390,0.0,0.0,9,178.0
10944,10944,188.0,1,390,0.0,0.0,10,178.0
10945,10945,189.0,1,390,0.0,0.0,11,178.0
10946,10946,190.0,1,390,0.0,0.0,12,178.0
10947,10947,191.0,1,390,0.0,0.0,13,178.0
10948,10948,325.0,0,391,42.0,26.0,-14,339.0
10949,10949,326.0,0,391,14.0,15.0,-13,339.0
10950,10950,327.0,0,391,174.0,128.0,-12,339.0
10951,10951,328.0,0,391,22.0,12.0,-11,339.0
10952,10952,329.0,0,391,5.0,1.0,-10,339.0
10953,10953,330.0,0,391,3.0,5.0,-9,339.0
10954,10954,331.0,0,391,5.0,6.0,-8,339.0
10955,10955,332.0,0,391,9.0,5.0,-7,339.0
10956,10956,333.0,0,391,18.0,7.0,-6,339.0
10957,10957,334.0,0,391,17.0,17.0,-5,339.0
10958,10958,335.0,0,391,5.0,6.0,-4,339.0
10959,10959,336.0,0,391,5.0,6.0,-3,339.0
10960,10960,337.0,0,391,2.0,6.0,-2,339.0
10961,10961,338.0,0,391,6.0,6.0,-1,339.0
10962,10962,339.0,1,391,26.0,8.0,0,339.0
10963,10963,340.0,1,391,13.0,6.0,1,339.0
10964,10964,341.0,1,391,25.0,15.0,2,339.0
10965,10965,342.0,1,391,6.0,5.0,3,339.0
10966,10966,343.0,1,391,6.0,10.0,4,339.0
10967,10967,344.0,1,391,7.0,9.0,5,339.0
10968,10968,345.0,1,391,4.0,4.0,6,339.0
10969,10969,346.0,1,391,4.0,3.0,7,339.0
10970,10970,347.0,1,391,4.0,6.0,8,339.0
10971,10971,348.0,1,391,6.0,11.0,9,339.0
10972,10972,349.0,1,391,9.0,4.0,10,339.0
10973,10973,350.0,1,391,3.0,5.0,11,339.0
10974,10974,351.0,1,391,1.0,4.0,12,339.0
10975,10975,352.0,1,391,5.0,5.0,13,339.0
10976,10976,93.0,0,392,6.0,8.0,-14,107.0
10977,10977,94.0,0,392,25.0,7.0,-13,107.0
10978,10978,95.0,0,392,12.0,6.0,-12,107.0
10979,10979,96.0,0,392,5.0,2.0,-11,107.0
10980,10980,97.0,0,392,0.0,4.0,-10,107.0
10981,10981,98.0,0,392,2.0,3.0,-9,107.0
10982,10982,99.0,0,392,3.0,3.0,-8,107.0
10983,10983,100.0,0,392,4.0,5.0,-7,107.0
10984,10984,101.0,0,392,2.0,6.0,-6,107.0
10985,10985,102.0,0,392,6.0,5.0,-5,107.0
10986,10986,103.0,0,392,10.0,13.0,-4,107.0
10987,10987,104.0,0,392,33.0,9.0,-3,107.0
10988,10988,105.0,0,392,13.0,6.0,-2,107.0
10989,10989,106.0,0,392,5.0,5.0,-1,107.0
10990,10990,107.0,1,392,22.0,22.0,0,107.0
10991,10991,108.0,1,392,8.0,14.0,1,107.0
10992,10992,109.0,1,392,4.0,5.0,2,107.0
10993,10993,110.0,1,392,3.0,10.0,3,107.0
10994,10994,111.0,1,392,32.0,17.0,4,107.0
10995,10995,112.0,1,392,5.0,4.0,5,107.0
10996,10996,113.0,1,392,4.0,5.0,6,107.0
10997,10997,114.0,1,392,6.0,2.0,7,107.0
10998,10998,115.0,1,392,1.0,7.0,8,107.0
10999,10999,116.0,1,392,6.0,3.0,9,107.0
11000,11000,117.0,1,392,1.0,4.0,10,107.0
11001,11001,118.0,1,392,2.0,8.0,11,107.0
11002,11002,119.0,1,392,4.0,7.0,12,107.0
11003,11003,120.0,1,392,1.0,3.0,13,107.0
11004,11004,45.0,0,393,5.0,17.0,-14,59.0
11005,11005,46.0,0,393,0.0,5.0,-13,59.0
11006,11006,47.0,0,393,1.0,6.0,-12,59.0
11007,11007,48.0,0,393,3.0,3.0,-11,59.0
11008,11008,49.0,0,393,1.0,5.0,-10,59.0
11009,11009,50.0,0,393,116.0,170.0,-9,59.0
11010,11010,51.0,0,393,371.0,513.0,-8,59.0
11011,11011,52.0,0,393,67.0,150.0,-7,59.0
11012,11012,53.0,0,393,23.0,63.0,-6,59.0
11013,11013,54.0,0,393,9.0,44.0,-5,59.0
11014,11014,55.0,0,393,5.0,49.0,-4,59.0
11015,11015,56.0,0,393,22.0,87.0,-3,59.0
11016,11016,57.0,0,393,55.0,83.0,-2,59.0
11017,11017,58.0,0,393,455.0,685.0,-1,59.0
11018,11018,59.0,1,393,336.0,668.0,0,59.0
11019,11019,60.0,1,393,60.0,125.0,1,59.0
11020,11020,61.0,1,393,19.0,70.0,2,59.0
11021,11021,62.0,1,393,19.0,35.0,3,59.0
11022,11022,63.0,1,393,19.0,34.0,4,59.0
11023,11023,64.0,1,393,14.0,69.0,5,59.0
11024,11024,65.0,1,393,12.0,24.0,6,59.0
11025,11025,66.0,1,393,8.0,22.0,7,59.0
11026,11026,67.0,1,393,4.0,23.0,8,59.0
11027,11027,68.0,1,393,8.0,20.0,9,59.0
11028,11028,69.0,1,393,2.0,17.0,10,59.0
11029,11029,70.0,1,393,11.0,19.0,11,59.0
11030,11030,71.0,1,393,4.0,16.0,12,59.0
11031,11031,72.0,1,393,1.0,19.0,13,59.0
11032,11032,172.0,0,394,0.0,3.0,-14,186.0
11033,11033,173.0,0,394,0.0,0.0,-13,186.0
11034,11034,174.0,0,394,0.0,0.0,-12,186.0
11035,11035,175.0,0,394,0.0,1.0,-11,186.0
11036,11036,176.0,0,394,0.0,3.0,-10,186.0
11037,11037,177.0,0,394,1.0,1.0,-9,186.0
11038,11038,178.0,0,394,1.0,1.0,-8,186.0
11039,11039,179.0,0,394,2.0,2.0,-7,186.0
11040,11040,180.0,0,394,0.0,0.0,-6,186.0
11041,11041,181.0,0,394,0.0,0.0,-5,186.0
11042,11042,182.0,0,394,1.0,0.0,-4,186.0
11043,11043,183.0,0,394,0.0,0.0,-3,186.0
11044,11044,184.0,0,394,0.0,0.0,-2,186.0
11045,11045,185.0,0,394,1.0,2.0,-1,186.0
11046,11046,186.0,1,394,5.0,1.0,0,186.0
11047,11047,187.0,1,394,1.0,1.0,1,186.0
11048,11048,188.0,1,394,0.0,0.0,2,186.0
11049,11049,189.0,1,394,0.0,1.0,3,186.0
11050,11050,190.0,1,394,0.0,0.0,4,186.0
11051,11051,191.0,1,394,0.0,0.0,5,186.0
11052,11052,192.0,1,394,0.0,0.0,6,186.0
11053,11053,193.0,1,394,0.0,0.0,7,186.0
11054,11054,194.0,1,394,1.0,3.0,8,186.0
11055,11055,195.0,1,394,0.0,0.0,9,186.0
11056,11056,196.0,1,394,0.0,0.0,10,186.0
11057,11057,197.0,1,394,1.0,0.0,11,186.0
11058,11058,198.0,1,394,1.0,0.0,12,186.0
11059,11059,199.0,1,394,0.0,0.0,13,186.0
11060,11060,-9.0,0,395,1.0,1.0,-14,5.0
11061,11061,-8.0,0,395,0.0,2.0,-13,5.0
11062,11062,-7.0,0,395,0.0,1.0,-12,5.0
11063,11063,-6.0,0,395,0.0,0.0,-11,5.0
11064,11064,-5.0,0,395,0.0,0.0,-10,5.0
11065,11065,-4.0,0,395,0.0,0.0,-9,5.0
11066,11066,-3.0,0,395,0.0,0.0,-8,5.0
11067,11067,-2.0,0,395,0.0,0.0,-7,5.0
11068,11068,-1.0,0,395,0.0,0.0,-6,5.0
11069,11069,0.0,0,395,0.0,0.0,-5,5.0
11070,11070,1.0,0,395,0.0,0.0,-4,5.0
11071,11071,2.0,0,395,0.0,0.0,-3,5.0
11072,11072,3.0,0,395,0.0,0.0,-2,5.0
11073,11073,4.0,0,395,0.0,0.0,-1,5.0
11074,11074,5.0,1,395,1.0,0.0,0,5.0
11075,11075,6.0,1,395,0.0,0.0,1,5.0
11076,11076,7.0,1,395,0.0,1.0,2,5.0
11077,11077,8.0,1,395,1.0,1.0,3,5.0
11078,11078,9.0,1,395,0.0,1.0,4,5.0
11079,11079,10.0,1,395,0.0,2.0,5,5.0
11080,11080,11.0,1,395,0.0,0.0,6,5.0
11081,11081,12.0,1,395,0.0,0.0,7,5.0
11082,11082,13.0,1,395,0.0,3.0,8,5.0
11083,11083,14.0,1,395,0.0,0.0,9,5.0
11084,11084,15.0,1,395,0.0,0.0,10,5.0
11085,11085,16.0,1,395,0.0,0.0,11,5.0
11086,11086,17.0,1,395,0.0,0.0,12,5.0
11087,11087,18.0,1,395,0.0,0.0,13,5.0
11088,11088,170.0,0,396,24.0,50.0,-14,184.0
11089,11089,171.0,0,396,16.0,60.0,-13,184.0
11090,11090,172.0,0,396,10.0,72.0,-12,184.0
11091,11091,173.0,0,396,31.0,66.0,-11,184.0
11092,11092,174.0,0,396,23.0,79.0,-10,184.0
11093,11093,175.0,0,396,35.0,112.0,-9,184.0
11094,11094,176.0,0,396,194.0,291.0,-8,184.0
11095,11095,177.0,0,396,226.0,307.0,-7,184.0
11096,11096,178.0,0,396,39.0,136.0,-6,184.0
11097,11097,179.0,0,396,167.0,432.0,-5,184.0
11098,11098,180.0,0,396,65.0,165.0,-4,184.0
11099,11099,181.0,0,396,635.0,1432.0,-3,184.0
11100,11100,182.0,0,396,449.0,1011.0,-2,184.0
11101,11101,183.0,0,396,52.0,172.0,-1,184.0
11102,11102,184.0,1,396,86.0,114.0,0,184.0
11103,11103,185.0,1,396,28.0,84.0,1,184.0
11104,11104,186.0,1,396,46.0,125.0,2,184.0
11105,11105,187.0,1,396,37.0,140.0,3,184.0
11106,11106,188.0,1,396,53.0,114.0,4,184.0
11107,11107,189.0,1,396,16.0,51.0,5,184.0
11108,11108,190.0,1,396,17.0,63.0,6,184.0
11109,11109,191.0,1,396,6.0,34.0,7,184.0
11110,11110,192.0,1,396,2.0,34.0,8,184.0
11111,11111,193.0,1,396,8.0,80.0,9,184.0
11112,11112,194.0,1,396,19.0,63.0,10,184.0
11113,11113,195.0,1,396,100.0,117.0,11,184.0
11114,11114,196.0,1,396,186.0,112.0,12,184.0
11115,11115,197.0,1,396,16.0,33.0,13,184.0
11116,11116,277.0,0,397,5.0,7.0,-14,291.0
11117,11117,278.0,0,397,4.0,10.0,-13,291.0
11118,11118,279.0,0,397,1.0,5.0,-12,291.0
11119,11119,280.0,0,397,2.0,7.0,-11,291.0
11120,11120,281.0,0,397,3.0,4.0,-10,291.0
11121,11121,282.0,0,397,1.0,11.0,-9,291.0
11122,11122,283.0,0,397,6.0,8.0,-8,291.0
11123,11123,284.0,0,397,4.0,10.0,-7,291.0
11124,11124,285.0,0,397,6.0,4.0,-6,291.0
11125,11125,286.0,0,397,5.0,10.0,-5,291.0
11126,11126,287.0,0,397,6.0,12.0,-4,291.0
11127,11127,288.0,0,397,2.0,12.0,-3,291.0
11128,11128,289.0,0,397,5.0,7.0,-2,291.0
11129,11129,290.0,0,397,11.0,48.0,-1,291.0
11130,11130,291.0,1,397,38.0,34.0,0,291.0
11131,11131,292.0,1,397,19.0,17.0,1,291.0
11132,11132,293.0,1,397,8.0,16.0,2,291.0
11133,11133,294.0,1,397,5.0,6.0,3,291.0
11134,11134,295.0,1,397,4.0,6.0,4,291.0
11135,11135,296.0,1,397,10.0,10.0,5,291.0
11136,11136,297.0,1,397,2.0,12.0,6,291.0
11137,11137,298.0,1,397,2.0,13.0,7,291.0
11138,11138,299.0,1,397,4.0,5.0,8,291.0
11139,11139,300.0,1,397,0.0,7.0,9,291.0
11140,11140,301.0,1,397,0.0,5.0,10,291.0
11141,11141,302.0,1,397,1.0,9.0,11,291.0
11142,11142,303.0,1,397,2.0,5.0,12,291.0
11143,11143,304.0,1,397,8.0,13.0,13,291.0
11144,11144,115.0,0,398,204.0,305.0,-14,129.0
11145,11145,116.0,0,398,67.0,263.0,-13,129.0
11146,11146,117.0,0,398,114.0,217.0,-12,129.0
11147,11147,118.0,0,398,57.0,71.0,-11,129.0
11148,11148,119.0,0,398,38.0,52.0,-10,129.0
11149,11149,120.0,0,398,29.0,43.0,-9,129.0
11150,11150,121.0,0,398,22.0,52.0,-8,129.0
11151,11151,122.0,0,398,72.0,121.0,-7,129.0
11152,11152,123.0,0,398,59.0,82.0,-6,129.0
11153,11153,124.0,0,398,31.0,44.0,-5,129.0
11154,11154,125.0,0,398,39.0,60.0,-4,129.0
11155,11155,126.0,0,398,21.0,48.0,-3,129.0
11156,11156,127.0,0,398,16.0,23.0,-2,129.0
11157,11157,128.0,0,398,72.0,60.0,-1,129.0
11158,11158,129.0,1,398,227.0,245.0,0,129.0
11159,11159,130.0,1,398,16.0,41.0,1,129.0
11160,11160,131.0,1,398,20.0,31.0,2,129.0
11161,11161,132.0,1,398,23.0,43.0,3,129.0
11162,11162,133.0,1,398,93.0,123.0,4,129.0
11163,11163,134.0,1,398,44.0,56.0,5,129.0
11164,11164,135.0,1,398,67.0,61.0,6,129.0
11165,11165,136.0,1,398,70.0,68.0,7,129.0
11166,11166,137.0,1,398,130.0,136.0,8,129.0
11167,11167,138.0,1,398,47.0,138.0,9,129.0
11168,11168,139.0,1,398,51.0,41.0,10,129.0
11169,11169,140.0,1,398,8.0,29.0,11,129.0
11170,11170,141.0,1,398,23.0,63.0,12,129.0
11171,11171,142.0,1,398,68.0,66.0,13,129.0
11172,11172,222.0,0,399,0.0,0.0,-14,236.0
11173,11173,223.0,0,399,0.0,0.0,-13,236.0
11174,11174,224.0,0,399,0.0,0.0,-12,236.0
11175,11175,225.0,0,399,0.0,0.0,-11,236.0
11176,11176,226.0,0,399,0.0,0.0,-10,236.0
11177,11177,227.0,0,399,0.0,0.0,-9,236.0
11178,11178,228.0,0,399,0.0,0.0,-8,236.0
11179,11179,229.0,0,399,0.0,0.0,-7,236.0
11180,11180,230.0,0,399,0.0,0.0,-6,236.0
11181,11181,231.0,0,399,0.0,0.0,-5,236.0
11182,11182,232.0,0,399,0.0,0.0,-4,236.0
11183,11183,233.0,0,399,0.0,0.0,-3,236.0
11184,11184,234.0,0,399,0.0,0.0,-2,236.0
11185,11185,235.0,0,399,40.0,21.0,-1,236.0
11186,11186,236.0,1,399,317.0,124.0,0,236.0
11187,11187,237.0,1,399,138.0,112.0,1,236.0
11188,11188,238.0,1,399,40.0,24.0,2,236.0
11189,11189,239.0,1,399,27.0,16.0,3,236.0
11190,11190,240.0,1,399,40.0,24.0,4,236.0
11191,11191,241.0,1,399,58.0,30.0,5,236.0
11192,11192,242.0,1,399,73.0,32.0,6,236.0
11193,11193,243.0,1,399,30.0,14.0,7,236.0
11194,11194,244.0,1,399,6.0,2.0,8,236.0
11195,11195,245.0,1,399,19.0,13.0,9,236.0
11196,11196,246.0,1,399,14.0,5.0,10,236.0
11197,11197,247.0,1,399,7.0,4.0,11,236.0
11198,11198,248.0,1,399,1.0,0.0,12,236.0
11199,11199,249.0,1,399,7.0,9.0,13,236.0
11200,11200,161.0,0,400,27.0,10.0,-14,175.0
11201,11201,162.0,0,400,11.0,10.0,-13,175.0
11202,11202,163.0,0,400,16.0,12.0,-12,175.0
11203,11203,164.0,0,400,7.0,7.0,-11,175.0
11204,11204,165.0,0,400,6.0,6.0,-10,175.0
11205,11205,166.0,0,400,4.0,5.0,-9,175.0
11206,11206,167.0,0,400,18.0,19.0,-8,175.0
11207,11207,168.0,0,400,3.0,7.0,-7,175.0
11208,11208,169.0,0,400,5.0,4.0,-6,175.0
11209,11209,170.0,0,400,3.0,4.0,-5,175.0
11210,11210,171.0,0,400,10.0,17.0,-4,175.0
11211,11211,172.0,0,400,31.0,33.0,-3,175.0
11212,11212,173.0,0,400,12.0,13.0,-2,175.0
11213,11213,174.0,0,400,21.0,20.0,-1,175.0
11214,11214,175.0,1,400,59.0,27.0,0,175.0
11215,11215,176.0,1,400,5.0,7.0,1,175.0
11216,11216,177.0,1,400,6.0,8.0,2,175.0
11217,11217,178.0,1,400,21.0,11.0,3,175.0
11218,11218,179.0,1,400,6.0,7.0,4,175.0
11219,11219,180.0,1,400,10.0,6.0,5,175.0
11220,11220,181.0,1,400,3.0,5.0,6,175.0
11221,11221,182.0,1,400,3.0,4.0,7,175.0
11222,11222,183.0,1,400,3.0,9.0,8,175.0
11223,11223,184.0,1,400,5.0,5.0,9,175.0
11224,11224,185.0,1,400,2.0,6.0,10,175.0
11225,11225,186.0,1,400,3.0,2.0,11,175.0
11226,11226,187.0,1,400,2.0,7.0,12,175.0
11227,11227,188.0,1,400,4.0,1.0,13,175.0
11228,11228,172.0,0,401,0.0,2.0,-14,186.0
11229,11229,173.0,0,401,2.0,3.0,-13,186.0
11230,11230,174.0,0,401,3.0,2.0,-12,186.0
11231,11231,175.0,0,401,0.0,4.0,-11,186.0
11232,11232,176.0,0,401,0.0,2.0,-10,186.0
11233,11233,177.0,0,401,0.0,6.0,-9,186.0
11234,11234,178.0,0,401,2.0,0.0,-8,186.0
11235,11235,179.0,0,401,2.0,2.0,-7,186.0
11236,11236,180.0,0,401,0.0,0.0,-6,186.0
11237,11237,181.0,0,401,2.0,1.0,-5,186.0
11238,11238,182.0,0,401,1.0,3.0,-4,186.0
11239,11239,183.0,0,401,0.0,3.0,-3,186.0
11240,11240,184.0,0,401,0.0,0.0,-2,186.0
11241,11241,185.0,0,401,7.0,2.0,-1,186.0
11242,11242,186.0,1,401,12.0,2.0,0,186.0
11243,11243,187.0,1,401,1.0,2.0,1,186.0
11244,11244,188.0,1,401,1.0,0.0,2,186.0
11245,11245,189.0,1,401,1.0,3.0,3,186.0
11246,11246,190.0,1,401,0.0,4.0,4,186.0
11247,11247,191.0,1,401,0.0,2.0,5,186.0
11248,11248,192.0,1,401,0.0,3.0,6,186.0
11249,11249,193.0,1,401,1.0,3.0,7,186.0
11250,11250,194.0,1,401,0.0,2.0,8,186.0
11251,11251,195.0,1,401,0.0,1.0,9,186.0
11252,11252,196.0,1,401,0.0,1.0,10,186.0
11253,11253,197.0,1,401,2.0,0.0,11,186.0
11254,11254,198.0,1,401,4.0,0.0,12,186.0
11255,11255,199.0,1,401,1.0,3.0,13,186.0
11256,11256,135.0,0,402,2.0,3.0,-14,149.0
11257,11257,136.0,0,402,3.0,2.0,-13,149.0
11258,11258,137.0,0,402,0.0,2.0,-12,149.0
11259,11259,138.0,0,402,3.0,2.0,-11,149.0
11260,11260,139.0,0,402,0.0,5.0,-10,149.0
11261,11261,140.0,0,402,2.0,9.0,-9,149.0
11262,11262,141.0,0,402,4.0,6.0,-8,149.0
11263,11263,142.0,0,402,1.0,3.0,-7,149.0
11264,11264,143.0,0,402,0.0,4.0,-6,149.0
11265,11265,144.0,0,402,2.0,4.0,-5,149.0
11266,11266,145.0,0,402,1.0,2.0,-4,149.0
11267,11267,146.0,0,402,2.0,10.0,-3,149.0
11268,11268,147.0,0,402,1.0,8.0,-2,149.0
11269,11269,148.0,0,402,3.0,3.0,-1,149.0
11270,11270,149.0,1,402,14.0,2.0,0,149.0
11271,11271,150.0,1,402,3.0,5.0,1,149.0
11272,11272,151.0,1,402,0.0,5.0,2,149.0
11273,11273,152.0,1,402,0.0,4.0,3,149.0
11274,11274,153.0,1,402,0.0,4.0,4,149.0
11275,11275,154.0,1,402,0.0,5.0,5,149.0
11276,11276,155.0,1,402,0.0,6.0,6,149.0
11277,11277,156.0,1,402,1.0,2.0,7,149.0
11278,11278,157.0,1,402,2.0,3.0,8,149.0
11279,11279,158.0,1,402,0.0,4.0,9,149.0
11280,11280,159.0,1,402,1.0,4.0,10,149.0
11281,11281,160.0,1,402,0.0,4.0,11,149.0
11282,11282,161.0,1,402,0.0,4.0,12,149.0
11283,11283,162.0,1,402,1.0,5.0,13,149.0
11284,11284,131.0,0,403,217.0,182.0,-14,145.0
11285,11285,132.0,0,403,119.0,122.0,-13,145.0
11286,11286,133.0,0,403,34.0,46.0,-12,145.0
11287,11287,134.0,0,403,12.0,16.0,-11,145.0
11288,11288,135.0,0,403,32.0,38.0,-10,145.0
11289,11289,136.0,0,403,69.0,47.0,-9,145.0
11290,11290,137.0,0,403,18.0,20.0,-8,145.0
11291,11291,138.0,0,403,8.0,37.0,-7,145.0
11292,11292,139.0,0,403,6.0,19.0,-6,145.0
11293,11293,140.0,0,403,12.0,20.0,-5,145.0
11294,11294,141.0,0,403,27.0,29.0,-4,145.0
11295,11295,142.0,0,403,23.0,38.0,-3,145.0
11296,11296,143.0,0,403,34.0,65.0,-2,145.0
11297,11297,144.0,0,403,28.0,39.0,-1,145.0
11298,11298,145.0,1,403,1209.0,864.0,0,145.0
11299,11299,146.0,1,403,28.0,50.0,1,145.0
11300,11300,147.0,1,403,45.0,36.0,2,145.0
11301,11301,148.0,1,403,276.0,146.0,3,145.0
11302,11302,149.0,1,403,77.0,76.0,4,145.0
11303,11303,150.0,1,403,84.0,107.0,5,145.0
11304,11304,151.0,1,403,21.0,47.0,6,145.0
11305,11305,152.0,1,403,46.0,69.0,7,145.0
11306,11306,153.0,1,403,31.0,35.0,8,145.0
11307,11307,154.0,1,403,61.0,50.0,9,145.0
11308,11308,155.0,1,403,16.0,30.0,10,145.0
11309,11309,156.0,1,403,5.0,19.0,11,145.0
11310,11310,157.0,1,403,16.0,26.0,12,145.0
11311,11311,158.0,1,403,6.0,15.0,13,145.0
11312,11312,103.0,0,404,382.0,1811.0,-14,117.0
11313,11313,104.0,0,404,612.0,2022.0,-13,117.0
11314,11314,105.0,0,404,298.0,904.0,-12,117.0
11315,11315,106.0,0,404,118.0,525.0,-11,117.0
11316,11316,107.0,0,404,127.0,637.0,-10,117.0
11317,11317,108.0,0,404,145.0,480.0,-9,117.0
11318,11318,109.0,0,404,107.0,338.0,-8,117.0
11319,11319,110.0,0,404,59.0,256.0,-7,117.0
11320,11320,111.0,0,404,97.0,315.0,-6,117.0
11321,11321,112.0,0,404,63.0,231.0,-5,117.0
11322,11322,113.0,0,404,90.0,282.0,-4,117.0
11323,11323,114.0,0,404,96.0,299.0,-3,117.0
11324,11324,115.0,0,404,196.0,599.0,-2,117.0
11325,11325,116.0,0,404,121.0,450.0,-1,117.0
11326,11326,117.0,1,404,161.0,562.0,0,117.0
11327,11327,118.0,1,404,102.0,457.0,1,117.0
11328,11328,119.0,1,404,45.0,322.0,2,117.0
11329,11329,120.0,1,404,132.0,325.0,3,117.0
11330,11330,121.0,1,404,63.0,260.0,4,117.0
11331,11331,122.0,1,404,35.0,201.0,5,117.0
11332,11332,123.0,1,404,28.0,153.0,6,117.0
11333,11333,124.0,1,404,42.0,212.0,7,117.0
11334,11334,125.0,1,404,67.0,238.0,8,117.0
11335,11335,126.0,1,404,75.0,280.0,9,117.0
11336,11336,127.0,1,404,84.0,332.0,10,117.0
11337,11337,128.0,1,404,65.0,261.0,11,117.0
11338,11338,129.0,1,404,40.0,241.0,12,117.0
11339,11339,130.0,1,404,74.0,493.0,13,117.0
11340,11340,179.0,0,405,0.0,2.0,-14,193.0
11341,11341,180.0,0,405,2.0,4.0,-13,193.0
11342,11342,181.0,0,405,3.0,6.0,-12,193.0
11343,11343,182.0,0,405,0.0,7.0,-11,193.0
11344,11344,183.0,0,405,3.0,1.0,-10,193.0
11345,11345,184.0,0,405,2.0,3.0,-9,193.0
11346,11346,185.0,0,405,2.0,3.0,-8,193.0
11347,11347,186.0,0,405,0.0,2.0,-7,193.0
11348,11348,187.0,0,405,3.0,18.0,-6,193.0
11349,11349,188.0,0,405,3.0,5.0,-5,193.0
11350,11350,189.0,0,405,1026.0,1132.0,-4,193.0
11351,11351,190.0,0,405,170.0,291.0,-3,193.0
11352,11352,191.0,0,405,67.0,96.0,-2,193.0
11353,11353,192.0,0,405,37.0,47.0,-1,193.0
11354,11354,193.0,1,405,68.0,48.0,0,193.0
11355,11355,194.0,1,405,13.0,63.0,1,193.0
11356,11356,195.0,1,405,26.0,15.0,2,193.0
11357,11357,196.0,1,405,11.0,9.0,3,193.0
11358,11358,197.0,1,405,3.0,10.0,4,193.0
11359,11359,198.0,1,405,2.0,11.0,5,193.0
11360,11360,199.0,1,405,5.0,10.0,6,193.0
11361,11361,200.0,1,405,3.0,3.0,7,193.0
11362,11362,201.0,1,405,3.0,7.0,8,193.0
11363,11363,202.0,1,405,4.0,7.0,9,193.0
11364,11364,203.0,1,405,2.0,3.0,10,193.0
11365,11365,204.0,1,405,4.0,4.0,11,193.0
11366,11366,205.0,1,405,2.0,6.0,12,193.0
11367,11367,206.0,1,405,3.0,6.0,13,193.0
11368,11368,98.0,0,406,5.0,3.0,-14,112.0
11369,11369,99.0,0,406,6.0,4.0,-13,112.0
11370,11370,100.0,0,406,2.0,6.0,-12,112.0
11371,11371,101.0,0,406,9.0,7.0,-11,112.0
11372,11372,102.0,0,406,13.0,23.0,-10,112.0
11373,11373,103.0,0,406,3.0,11.0,-9,112.0
11374,11374,104.0,0,406,9.0,31.0,-8,112.0
11375,11375,105.0,0,406,14.0,24.0,-7,112.0
11376,11376,106.0,0,406,5.0,8.0,-6,112.0
11377,11377,107.0,0,406,5.0,10.0,-5,112.0
11378,11378,108.0,0,406,7.0,6.0,-4,112.0
11379,11379,109.0,0,406,1.0,3.0,-3,112.0
11380,11380,110.0,0,406,198.0,294.0,-2,112.0
11381,11381,111.0,0,406,45.0,63.0,-1,112.0
11382,11382,112.0,1,406,31.0,22.0,0,112.0
11383,11383,113.0,1,406,11.0,11.0,1,112.0
11384,11384,114.0,1,406,15.0,14.0,2,112.0
11385,11385,115.0,1,406,9.0,11.0,3,112.0
11386,11386,116.0,1,406,7.0,12.0,4,112.0
11387,11387,117.0,1,406,5.0,9.0,5,112.0
11388,11388,118.0,1,406,5.0,10.0,6,112.0
11389,11389,119.0,1,406,4.0,6.0,7,112.0
11390,11390,120.0,1,406,1.0,9.0,8,112.0
11391,11391,121.0,1,406,1.0,9.0,9,112.0
11392,11392,122.0,1,406,5.0,7.0,10,112.0
11393,11393,123.0,1,406,4.0,6.0,11,112.0
11394,11394,124.0,1,406,16.0,17.0,12,112.0
11395,11395,125.0,1,406,5.0,9.0,13,112.0
11396,11396,92.0,0,407,109.0,387.0,-14,106.0
11397,11397,93.0,0,407,278.0,834.0,-13,106.0
11398,11398,94.0,0,407,549.0,631.0,-12,106.0
11399,11399,95.0,0,407,154.0,379.0,-11,106.0
11400,11400,96.0,0,407,129.0,315.0,-10,106.0
11401,11401,97.0,0,407,141.0,332.0,-9,106.0
11402,11402,98.0,0,407,72.0,301.0,-8,106.0
11403,11403,99.0,0,407,61.0,324.0,-7,106.0
11404,11404,100.0,0,407,152.0,579.0,-6,106.0
11405,11405,101.0,0,407,131.0,765.0,-5,106.0
11406,11406,102.0,0,407,406.0,928.0,-4,106.0
11407,11407,103.0,0,407,256.0,1179.0,-3,106.0
11408,11408,104.0,0,407,197.0,1055.0,-2,106.0
11409,11409,105.0,0,407,136.0,892.0,-1,106.0
11410,11410,106.0,1,407,167.0,799.0,0,106.0
11411,11411,107.0,1,407,104.0,697.0,1,106.0
11412,11412,108.0,1,407,334.0,894.0,2,106.0
11413,11413,109.0,1,407,218.0,592.0,3,106.0
11414,11414,110.0,1,407,175.0,646.0,4,106.0
11415,11415,111.0,1,407,120.0,435.0,5,106.0
11416,11416,112.0,1,407,108.0,466.0,6,106.0
11417,11417,113.0,1,407,128.0,536.0,7,106.0
11418,11418,114.0,1,407,93.0,495.0,8,106.0
11419,11419,115.0,1,407,79.0,616.0,9,106.0
11420,11420,116.0,1,407,194.0,892.0,10,106.0
11421,11421,117.0,1,407,83.0,721.0,11,106.0
11422,11422,118.0,1,407,135.0,673.0,12,106.0
11423,11423,119.0,1,407,89.0,511.0,13,106.0
11424,11424,79.0,0,408,0.0,0.0,-14,93.0
11425,11425,80.0,0,408,0.0,1.0,-13,93.0
11426,11426,81.0,0,408,0.0,0.0,-12,93.0
11427,11427,82.0,0,408,0.0,0.0,-11,93.0
11428,11428,83.0,0,408,0.0,1.0,-10,93.0
11429,11429,84.0,0,408,0.0,1.0,-9,93.0
11430,11430,85.0,0,408,1.0,2.0,-8,93.0
11431,11431,86.0,0,408,0.0,0.0,-7,93.0
11432,11432,87.0,0,408,0.0,0.0,-6,93.0
11433,11433,88.0,0,408,0.0,0.0,-5,93.0
11434,11434,89.0,0,408,0.0,1.0,-4,93.0
11435,11435,90.0,0,408,0.0,0.0,-3,93.0
11436,11436,91.0,0,408,0.0,0.0,-2,93.0
11437,11437,92.0,0,408,0.0,1.0,-1,93.0
11438,11438,93.0,1,408,3.0,1.0,0,93.0
11439,11439,94.0,1,408,0.0,1.0,1,93.0
11440,11440,95.0,1,408,0.0,2.0,2,93.0
11441,11441,96.0,1,408,0.0,0.0,3,93.0
11442,11442,97.0,1,408,0.0,0.0,4,93.0
11443,11443,98.0,1,408,0.0,0.0,5,93.0
11444,11444,99.0,1,408,0.0,0.0,6,93.0
11445,11445,100.0,1,408,0.0,1.0,7,93.0
11446,11446,101.0,1,408,0.0,0.0,8,93.0
11447,11447,102.0,1,408,0.0,2.0,9,93.0
11448,11448,103.0,1,408,0.0,0.0,10,93.0
11449,11449,104.0,1,408,0.0,0.0,11,93.0
11450,11450,105.0,1,408,0.0,0.0,12,93.0
11451,11451,106.0,1,408,0.0,0.0,13,93.0
11452,11452,42.0,0,409,336.0,965.0,-14,56.0
11453,11453,43.0,0,409,584.0,928.0,-13,56.0
11454,11454,44.0,0,409,1604.0,2051.0,-12,56.0
11455,11455,45.0,0,409,972.0,1129.0,-11,56.0
11456,11456,46.0,0,409,345.0,430.0,-10,56.0
11457,11457,47.0,0,409,614.0,729.0,-9,56.0
11458,11458,48.0,0,409,1618.0,1169.0,-8,56.0
11459,11459,49.0,0,409,1100.0,497.0,-7,56.0
11460,11460,50.0,0,409,103.0,168.0,-6,56.0
11461,11461,51.0,0,409,104.0,190.0,-5,56.0
11462,11462,52.0,0,409,282.0,406.0,-4,56.0
11463,11463,53.0,0,409,102.0,178.0,-3,56.0
11464,11464,54.0,0,409,121.0,180.0,-2,56.0
11465,11465,55.0,0,409,126.0,216.0,-1,56.0
11466,11466,56.0,1,409,193.0,236.0,0,56.0
11467,11467,57.0,1,409,65.0,162.0,1,56.0
11468,11468,58.0,1,409,79.0,119.0,2,56.0
11469,11469,59.0,1,409,56.0,104.0,3,56.0
11470,11470,60.0,1,409,44.0,94.0,4,56.0
11471,11471,61.0,1,409,117.0,176.0,5,56.0
11472,11472,62.0,1,409,278.0,233.0,6,56.0
11473,11473,63.0,1,409,184.0,185.0,7,56.0
11474,11474,64.0,1,409,50.0,131.0,8,56.0
11475,11475,65.0,1,409,29.0,77.0,9,56.0
11476,11476,66.0,1,409,223.0,320.0,10,56.0
11477,11477,67.0,1,409,101.0,122.0,11,56.0
11478,11478,68.0,1,409,231.0,281.0,12,56.0
11479,11479,69.0,1,409,376.0,274.0,13,56.0
11480,11480,234.0,0,410,1.0,1.0,-14,248.0
11481,11481,235.0,0,410,0.0,0.0,-13,248.0
11482,11482,236.0,0,410,0.0,0.0,-12,248.0
11483,11483,237.0,0,410,0.0,0.0,-11,248.0
11484,11484,238.0,0,410,0.0,1.0,-10,248.0
11485,11485,239.0,0,410,0.0,0.0,-9,248.0
11486,11486,240.0,0,410,0.0,0.0,-8,248.0
11487,11487,241.0,0,410,0.0,0.0,-7,248.0
11488,11488,242.0,0,410,0.0,0.0,-6,248.0
11489,11489,243.0,0,410,0.0,0.0,-5,248.0
11490,11490,244.0,0,410,0.0,0.0,-4,248.0
11491,11491,245.0,0,410,0.0,0.0,-3,248.0
11492,11492,246.0,0,410,0.0,2.0,-2,248.0
11493,11493,247.0,0,410,11.0,4.0,-1,248.0
11494,11494,248.0,1,410,53.0,39.0,0,248.0
11495,11495,249.0,1,410,2.0,1.0,1,248.0
11496,11496,250.0,1,410,1.0,0.0,2,248.0
11497,11497,251.0,1,410,0.0,0.0,3,248.0
11498,11498,252.0,1,410,0.0,0.0,4,248.0
11499,11499,253.0,1,410,0.0,0.0,5,248.0
11500,11500,254.0,1,410,0.0,0.0,6,248.0
11501,11501,255.0,1,410,0.0,0.0,7,248.0
11502,11502,256.0,1,410,0.0,0.0,8,248.0
11503,11503,257.0,1,410,0.0,0.0,9,248.0
11504,11504,258.0,1,410,0.0,0.0,10,248.0
11505,11505,259.0,1,410,0.0,0.0,11,248.0
11506,11506,260.0,1,410,0.0,0.0,12,248.0
11507,11507,261.0,1,410,0.0,0.0,13,248.0
11508,11508,42.0,0,411,5.0,39.0,-14,56.0
11509,11509,43.0,0,411,4.0,27.0,-13,56.0
11510,11510,44.0,0,411,4.0,13.0,-12,56.0
11511,11511,45.0,0,411,5.0,15.0,-11,56.0
11512,11512,46.0,0,411,6.0,14.0,-10,56.0
11513,11513,47.0,0,411,1.0,11.0,-9,56.0
11514,11514,48.0,0,411,0.0,18.0,-8,56.0
11515,11515,49.0,0,411,3.0,10.0,-7,56.0
11516,11516,50.0,0,411,7.0,13.0,-6,56.0
11517,11517,51.0,0,411,1.0,3.0,-5,56.0
11518,11518,52.0,0,411,1.0,2.0,-4,56.0
11519,11519,53.0,0,411,7.0,7.0,-3,56.0
11520,11520,54.0,0,411,1.0,6.0,-2,56.0
11521,11521,55.0,0,411,19.0,50.0,-1,56.0
11522,11522,56.0,1,411,17.0,16.0,0,56.0
11523,11523,57.0,1,411,0.0,3.0,1,56.0
11524,11524,58.0,1,411,0.0,3.0,2,56.0
11525,11525,59.0,1,411,2.0,3.0,3,56.0
11526,11526,60.0,1,411,1.0,4.0,4,56.0
11527,11527,61.0,1,411,0.0,2.0,5,56.0
11528,11528,62.0,1,411,2.0,2.0,6,56.0
11529,11529,63.0,1,411,2.0,1.0,7,56.0
11530,11530,64.0,1,411,1.0,5.0,8,56.0
11531,11531,65.0,1,411,0.0,0.0,9,56.0
11532,11532,66.0,1,411,0.0,3.0,10,56.0
11533,11533,67.0,1,411,1.0,8.0,11,56.0
11534,11534,68.0,1,411,4.0,2.0,12,56.0
11535,11535,69.0,1,411,2.0,4.0,13,56.0
11536,11536,36.0,0,412,126.0,448.0,-14,50.0
11537,11537,37.0,0,412,122.0,560.0,-13,50.0
11538,11538,38.0,0,412,88.0,245.0,-12,50.0
11539,11539,39.0,0,412,568.0,1383.0,-11,50.0
11540,11540,40.0,0,412,138.0,380.0,-10,50.0
11541,11541,41.0,0,412,83.0,303.0,-9,50.0
11542,11542,42.0,0,412,79.0,264.0,-8,50.0
11543,11543,43.0,0,412,65.0,206.0,-7,50.0
11544,11544,44.0,0,412,74.0,173.0,-6,50.0
11545,11545,45.0,0,412,64.0,230.0,-5,50.0
11546,11546,46.0,0,412,41.0,140.0,-4,50.0
11547,11547,47.0,0,412,32.0,118.0,-3,50.0
11548,11548,48.0,0,412,35.0,84.0,-2,50.0
11549,11549,49.0,0,412,142.0,259.0,-1,50.0
11550,11550,50.0,1,412,787.0,945.0,0,50.0
11551,11551,51.0,1,412,46.0,132.0,1,50.0
11552,11552,52.0,1,412,32.0,76.0,2,50.0
11553,11553,53.0,1,412,47.0,121.0,3,50.0
11554,11554,54.0,1,412,20.0,68.0,4,50.0
11555,11555,55.0,1,412,56.0,185.0,5,50.0
11556,11556,56.0,1,412,18.0,65.0,6,50.0
11557,11557,57.0,1,412,18.0,48.0,7,50.0
11558,11558,58.0,1,412,197.0,369.0,8,50.0
11559,11559,59.0,1,412,30.0,76.0,9,50.0
11560,11560,60.0,1,412,8.0,39.0,10,50.0
11561,11561,61.0,1,412,9.0,25.0,11,50.0
11562,11562,62.0,1,412,4.0,24.0,12,50.0
11563,11563,63.0,1,412,9.0,28.0,13,50.0
11564,11564,259.0,0,413,1.0,0.0,-14,273.0
11565,11565,260.0,0,413,4.0,0.0,-13,273.0
11566,11566,261.0,0,413,1.0,1.0,-12,273.0
11567,11567,262.0,0,413,4.0,0.0,-11,273.0
11568,11568,263.0,0,413,6.0,0.0,-10,273.0
11569,11569,264.0,0,413,3.0,2.0,-9,273.0
11570,11570,265.0,0,413,4.0,1.0,-8,273.0
11571,11571,266.0,0,413,1.0,1.0,-7,273.0
11572,11572,267.0,0,413,2.0,1.0,-6,273.0
11573,11573,268.0,0,413,0.0,1.0,-5,273.0
11574,11574,269.0,0,413,0.0,0.0,-4,273.0
11575,11575,270.0,0,413,9.0,3.0,-3,273.0
11576,11576,271.0,0,413,7.0,0.0,-2,273.0
11577,11577,272.0,0,413,46.0,33.0,-1,273.0
11578,11578,273.0,1,413,75.0,30.0,0,273.0
11579,11579,274.0,1,413,4.0,2.0,1,273.0
11580,11580,275.0,1,413,65.0,47.0,2,273.0
11581,11581,276.0,1,413,81.0,39.0,3,273.0
11582,11582,277.0,1,413,3.0,7.0,4,273.0
11583,11583,278.0,1,413,4.0,2.0,5,273.0
11584,11584,279.0,1,413,4.0,1.0,6,273.0
11585,11585,280.0,1,413,19.0,14.0,7,273.0
11586,11586,281.0,1,413,21.0,12.0,8,273.0
11587,11587,282.0,1,413,3.0,5.0,9,273.0
11588,11588,283.0,1,413,1.0,0.0,10,273.0
11589,11589,284.0,1,413,3.0,1.0,11,273.0
11590,11590,285.0,1,413,0.0,5.0,12,273.0
11591,11591,286.0,1,413,2.0,1.0,13,273.0
11592,11592,234.0,0,414,0.0,0.0,-14,248.0
11593,11593,235.0,0,414,1.0,0.0,-13,248.0
11594,11594,236.0,0,414,0.0,0.0,-12,248.0
11595,11595,237.0,0,414,0.0,0.0,-11,248.0
11596,11596,238.0,0,414,0.0,0.0,-10,248.0
11597,11597,239.0,0,414,0.0,0.0,-9,248.0
11598,11598,240.0,0,414,0.0,0.0,-8,248.0
11599,11599,241.0,0,414,0.0,0.0,-7,248.0
11600,11600,242.0,0,414,0.0,0.0,-6,248.0
11601,11601,243.0,0,414,0.0,0.0,-5,248.0
11602,11602,244.0,0,414,0.0,0.0,-4,248.0
11603,11603,245.0,0,414,0.0,0.0,-3,248.0
11604,11604,246.0,0,414,0.0,0.0,-2,248.0
11605,11605,247.0,0,414,1.0,0.0,-1,248.0
11606,11606,248.0,1,414,1.0,0.0,0,248.0
11607,11607,249.0,1,414,0.0,0.0,1,248.0
11608,11608,250.0,1,414,0.0,0.0,2,248.0
11609,11609,251.0,1,414,0.0,0.0,3,248.0
11610,11610,252.0,1,414,0.0,0.0,4,248.0
11611,11611,253.0,1,414,0.0,0.0,5,248.0
11612,11612,254.0,1,414,0.0,0.0,6,248.0
11613,11613,255.0,1,414,0.0,1.0,7,248.0
11614,11614,256.0,1,414,0.0,0.0,8,248.0
11615,11615,257.0,1,414,0.0,0.0,9,248.0
11616,11616,258.0,1,414,0.0,0.0,10,248.0
11617,11617,259.0,1,414,0.0,0.0,11,248.0
11618,11618,260.0,1,414,0.0,0.0,12,248.0
11619,11619,261.0,1,414,0.0,0.0,13,248.0
11620,11620,242.0,0,415,2.0,3.0,-14,256.0
11621,11621,243.0,0,415,7.0,5.0,-13,256.0
11622,11622,244.0,0,415,35.0,7.0,-12,256.0
11623,11623,245.0,0,415,17.0,11.0,-11,256.0
11624,11624,246.0,0,415,10.0,3.0,-10,256.0
11625,11625,247.0,0,415,1.0,0.0,-9,256.0
11626,11626,248.0,0,415,12.0,4.0,-8,256.0
11627,11627,249.0,0,415,28.0,8.0,-7,256.0
11628,11628,250.0,0,415,10.0,6.0,-6,256.0
11629,11629,251.0,0,415,7.0,4.0,-5,256.0
11630,11630,252.0,0,415,3.0,3.0,-4,256.0
11631,11631,253.0,0,415,1.0,1.0,-3,256.0
11632,11632,254.0,0,415,9.0,2.0,-2,256.0
11633,11633,255.0,0,415,24.0,7.0,-1,256.0
11634,11634,256.0,1,415,25.0,16.0,0,256.0
11635,11635,257.0,1,415,4.0,3.0,1,256.0
11636,11636,258.0,1,415,3.0,3.0,2,256.0
11637,11637,259.0,1,415,7.0,3.0,3,256.0
11638,11638,260.0,1,415,6.0,2.0,4,256.0
11639,11639,261.0,1,415,3.0,2.0,5,256.0
11640,11640,262.0,1,415,19.0,3.0,6,256.0
11641,11641,263.0,1,415,35.0,18.0,7,256.0
11642,11642,264.0,1,415,9.0,5.0,8,256.0
11643,11643,265.0,1,415,53.0,25.0,9,256.0
11644,11644,266.0,1,415,84.0,37.0,10,256.0
11645,11645,267.0,1,415,25.0,14.0,11,256.0
11646,11646,268.0,1,415,9.0,4.0,12,256.0
11647,11647,269.0,1,415,3.0,2.0,13,256.0
11648,11648,83.0,0,416,26.0,38.0,-14,97.0
11649,11649,84.0,0,416,24.0,28.0,-13,97.0
11650,11650,85.0,0,416,25.0,29.0,-12,97.0
11651,11651,86.0,0,416,25.0,33.0,-11,97.0
11652,11652,87.0,0,416,87.0,154.0,-10,97.0
11653,11653,88.0,0,416,18.0,36.0,-9,97.0
11654,11654,89.0,0,416,198.0,80.0,-8,97.0
11655,11655,90.0,0,416,71.0,46.0,-7,97.0
11656,11656,91.0,0,416,112.0,60.0,-6,97.0
11657,11657,92.0,0,416,40.0,38.0,-5,97.0
11658,11658,93.0,0,416,25.0,56.0,-4,97.0
11659,11659,94.0,0,416,53.0,118.0,-3,97.0
11660,11660,95.0,0,416,18.0,23.0,-2,97.0
11661,11661,96.0,0,416,17.0,38.0,-1,97.0
11662,11662,97.0,1,416,30.0,33.0,0,97.0
11663,11663,98.0,1,416,28.0,88.0,1,97.0
11664,11664,99.0,1,416,60.0,75.0,2,97.0
11665,11665,100.0,1,416,25.0,46.0,3,97.0
11666,11666,101.0,1,416,33.0,38.0,4,97.0
11667,11667,102.0,1,416,29.0,47.0,5,97.0
11668,11668,103.0,1,416,21.0,79.0,6,97.0
11669,11669,104.0,1,416,15.0,37.0,7,97.0
11670,11670,105.0,1,416,31.0,87.0,8,97.0
11671,11671,106.0,1,416,46.0,103.0,9,97.0
11672,11672,107.0,1,416,65.0,191.0,10,97.0
11673,11673,108.0,1,416,51.0,85.0,11,97.0
11674,11674,109.0,1,416,18.0,49.0,12,97.0
11675,11675,110.0,1,416,19.0,43.0,13,97.0
11676,11676,160.0,0,417,28.0,97.0,-14,174.0
11677,11677,161.0,0,417,25.0,46.0,-13,174.0
11678,11678,162.0,0,417,36.0,77.0,-12,174.0
11679,11679,163.0,0,417,19.0,61.0,-11,174.0
11680,11680,164.0,0,417,19.0,46.0,-10,174.0
11681,11681,165.0,0,417,22.0,41.0,-9,174.0
11682,11682,166.0,0,417,19.0,44.0,-8,174.0
11683,11683,167.0,0,417,23.0,46.0,-7,174.0
11684,11684,168.0,0,417,22.0,46.0,-6,174.0
11685,11685,169.0,0,417,219.0,246.0,-5,174.0
11686,11686,170.0,0,417,73.0,98.0,-4,174.0
11687,11687,171.0,0,417,37.0,53.0,-3,174.0
11688,11688,172.0,0,417,185.0,418.0,-2,174.0
11689,11689,173.0,0,417,3042.0,8595.0,-1,174.0
11690,11690,174.0,1,417,7588.0,26673.0,0,174.0
11691,11691,175.0,1,417,1682.0,4933.0,1,174.0
11692,11692,176.0,1,417,190.0,731.0,2,174.0
11693,11693,177.0,1,417,117.0,620.0,3,174.0
11694,11694,178.0,1,417,159.0,527.0,4,174.0
11695,11695,179.0,1,417,59.0,526.0,5,174.0
11696,11696,180.0,1,417,70.0,509.0,6,174.0
11697,11697,181.0,1,417,45.0,240.0,7,174.0
11698,11698,182.0,1,417,107.0,236.0,8,174.0
11699,11699,183.0,1,417,230.0,349.0,9,174.0
11700,11700,184.0,1,417,79.0,267.0,10,174.0
11701,11701,185.0,1,417,36.0,150.0,11,174.0
11702,11702,186.0,1,417,118.0,373.0,12,174.0
11703,11703,187.0,1,417,77.0,228.0,13,174.0
11704,11704,160.0,0,418,19.0,16.0,-14,174.0
11705,11705,161.0,0,418,161.0,203.0,-13,174.0
11706,11706,162.0,0,418,15.0,26.0,-12,174.0
11707,11707,163.0,0,418,13.0,32.0,-11,174.0
11708,11708,164.0,0,418,5.0,5.0,-10,174.0
11709,11709,165.0,0,418,9.0,15.0,-9,174.0
11710,11710,166.0,0,418,5.0,17.0,-8,174.0
11711,11711,167.0,0,418,5.0,6.0,-7,174.0
11712,11712,168.0,0,418,61.0,94.0,-6,174.0
11713,11713,169.0,0,418,30.0,100.0,-5,174.0
11714,11714,170.0,0,418,12.0,24.0,-4,174.0
11715,11715,171.0,0,418,7.0,11.0,-3,174.0
11716,11716,172.0,0,418,9.0,8.0,-2,174.0
11717,11717,173.0,0,418,65.0,31.0,-1,174.0
11718,11718,174.0,1,418,108.0,112.0,0,174.0
11719,11719,175.0,1,418,9.0,27.0,1,174.0
11720,11720,176.0,1,418,53.0,79.0,2,174.0
11721,11721,177.0,1,418,9.0,15.0,3,174.0
11722,11722,178.0,1,418,2.0,12.0,4,174.0
11723,11723,179.0,1,418,5.0,17.0,5,174.0
11724,11724,180.0,1,418,43.0,51.0,6,174.0
11725,11725,181.0,1,418,87.0,70.0,7,174.0
11726,11726,182.0,1,418,8.0,15.0,8,174.0
11727,11727,183.0,1,418,17.0,22.0,9,174.0
11728,11728,184.0,1,418,31.0,33.0,10,174.0
11729,11729,185.0,1,418,8.0,6.0,11,174.0
11730,11730,186.0,1,418,5.0,11.0,12,174.0
11731,11731,187.0,1,418,2.0,11.0,13,174.0
11732,11732,25.0,0,419,0.0,0.0,-14,39.0
11733,11733,26.0,0,419,0.0,0.0,-13,39.0
11734,11734,27.0,0,419,0.0,0.0,-12,39.0
11735,11735,28.0,0,419,0.0,0.0,-11,39.0
11736,11736,29.0,0,419,0.0,0.0,-10,39.0
11737,11737,30.0,0,419,0.0,0.0,-9,39.0
11738,11738,31.0,0,419,0.0,0.0,-8,39.0
11739,11739,32.0,0,419,0.0,0.0,-7,39.0
11740,11740,33.0,0,419,0.0,0.0,-6,39.0
11741,11741,34.0,0,419,0.0,0.0,-5,39.0
11742,11742,35.0,0,419,0.0,0.0,-4,39.0
11743,11743,36.0,0,419,0.0,0.0,-3,39.0
11744,11744,37.0,0,419,6.0,27.0,-2,39.0
11745,11745,38.0,0,419,945.0,1692.0,-1,39.0
11746,11746,39.0,1,419,848.0,1364.0,0,39.0
11747,11747,40.0,1,419,145.0,687.0,1,39.0
11748,11748,41.0,1,419,48.0,462.0,2,39.0
11749,11749,42.0,1,419,41.0,307.0,3,39.0
11750,11750,43.0,1,419,65.0,359.0,4,39.0
11751,11751,44.0,1,419,84.0,361.0,5,39.0
11752,11752,45.0,1,419,20.0,178.0,6,39.0
11753,11753,46.0,1,419,10.0,140.0,7,39.0
11754,11754,47.0,1,419,30.0,151.0,8,39.0
11755,11755,48.0,1,419,17.0,152.0,9,39.0
11756,11756,49.0,1,419,39.0,508.0,10,39.0
11757,11757,50.0,1,419,12.0,221.0,11,39.0
11758,11758,51.0,1,419,12.0,124.0,12,39.0
11759,11759,52.0,1,419,26.0,145.0,13,39.0
11760,11760,117.0,0,420,2.0,2.0,-14,131.0
11761,11761,118.0,0,420,2.0,1.0,-13,131.0
11762,11762,119.0,0,420,0.0,4.0,-12,131.0
11763,11763,120.0,0,420,2.0,2.0,-11,131.0
11764,11764,121.0,0,420,0.0,0.0,-10,131.0
11765,11765,122.0,0,420,1.0,3.0,-9,131.0
11766,11766,123.0,0,420,1.0,0.0,-8,131.0
11767,11767,124.0,0,420,0.0,2.0,-7,131.0
11768,11768,125.0,0,420,1.0,0.0,-6,131.0
11769,11769,126.0,0,420,0.0,2.0,-5,131.0
11770,11770,127.0,0,420,0.0,0.0,-4,131.0
11771,11771,128.0,0,420,0.0,0.0,-3,131.0
11772,11772,129.0,0,420,0.0,3.0,-2,131.0
11773,11773,130.0,0,420,1.0,4.0,-1,131.0
11774,11774,131.0,1,420,5.0,2.0,0,131.0
11775,11775,132.0,1,420,2.0,6.0,1,131.0
11776,11776,133.0,1,420,3.0,3.0,2,131.0
11777,11777,134.0,1,420,1.0,2.0,3,131.0
11778,11778,135.0,1,420,0.0,4.0,4,131.0
11779,11779,136.0,1,420,0.0,1.0,5,131.0
11780,11780,137.0,1,420,0.0,0.0,6,131.0
11781,11781,138.0,1,420,0.0,1.0,7,131.0
11782,11782,139.0,1,420,0.0,1.0,8,131.0
11783,11783,140.0,1,420,1.0,2.0,9,131.0
11784,11784,141.0,1,420,0.0,1.0,10,131.0
11785,11785,142.0,1,420,1.0,0.0,11,131.0
11786,11786,143.0,1,420,0.0,0.0,12,131.0
11787,11787,144.0,1,420,0.0,1.0,13,131.0
11788,11788,121.0,0,421,157.0,147.0,-14,135.0
11789,11789,122.0,0,421,37.0,56.0,-13,135.0
11790,11790,123.0,0,421,29.0,27.0,-12,135.0
11791,11791,124.0,0,421,27.0,30.0,-11,135.0
11792,11792,125.0,0,421,28.0,27.0,-10,135.0
11793,11793,126.0,0,421,29.0,39.0,-9,135.0
11794,11794,127.0,0,421,31.0,26.0,-8,135.0
11795,11795,128.0,0,421,50.0,41.0,-7,135.0
11796,11796,129.0,0,421,30.0,31.0,-6,135.0
11797,11797,130.0,0,421,28.0,26.0,-5,135.0
11798,11798,131.0,0,421,20.0,14.0,-4,135.0
11799,11799,132.0,0,421,33.0,47.0,-3,135.0
11800,11800,133.0,0,421,35.0,50.0,-2,135.0
11801,11801,134.0,0,421,36.0,35.0,-1,135.0
11802,11802,135.0,1,421,102.0,139.0,0,135.0
11803,11803,136.0,1,421,22.0,33.0,1,135.0
11804,11804,137.0,1,421,23.0,25.0,2,135.0
11805,11805,138.0,1,421,12.0,18.0,3,135.0
11806,11806,139.0,1,421,40.0,65.0,4,135.0
11807,11807,140.0,1,421,53.0,54.0,5,135.0
11808,11808,141.0,1,421,25.0,33.0,6,135.0
11809,11809,142.0,1,421,23.0,38.0,7,135.0
11810,11810,143.0,1,421,28.0,37.0,8,135.0
11811,11811,144.0,1,421,18.0,33.0,9,135.0
11812,11812,145.0,1,421,5.0,19.0,10,135.0
11813,11813,146.0,1,421,11.0,18.0,11,135.0
11814,11814,147.0,1,421,26.0,39.0,12,135.0
11815,11815,148.0,1,421,54.0,79.0,13,135.0
11816,11816,98.0,0,422,25.0,55.0,-14,112.0
11817,11817,99.0,0,422,46.0,88.0,-13,112.0
11818,11818,100.0,0,422,61.0,97.0,-12,112.0
11819,11819,101.0,0,422,155.0,197.0,-11,112.0
11820,11820,102.0,0,422,82.0,132.0,-10,112.0
11821,11821,103.0,0,422,111.0,205.0,-9,112.0
11822,11822,104.0,0,422,206.0,325.0,-8,112.0
11823,11823,105.0,0,422,90.0,195.0,-7,112.0
11824,11824,106.0,0,422,73.0,148.0,-6,112.0
11825,11825,107.0,0,422,30.0,74.0,-5,112.0
11826,11826,108.0,0,422,167.0,211.0,-4,112.0
11827,11827,109.0,0,422,46.0,84.0,-3,112.0
11828,11828,110.0,0,422,66.0,101.0,-2,112.0
11829,11829,111.0,0,422,146.0,284.0,-1,112.0
11830,11830,112.0,1,422,152.0,279.0,0,112.0
11831,11831,113.0,1,422,36.0,120.0,1,112.0
11832,11832,114.0,1,422,68.0,146.0,2,112.0
11833,11833,115.0,1,422,46.0,234.0,3,112.0
11834,11834,116.0,1,422,131.0,357.0,4,112.0
11835,11835,117.0,1,422,346.0,901.0,5,112.0
11836,11836,118.0,1,422,44.0,125.0,6,112.0
11837,11837,119.0,1,422,61.0,221.0,7,112.0
11838,11838,120.0,1,422,57.0,271.0,8,112.0
11839,11839,121.0,1,422,56.0,197.0,9,112.0
11840,11840,122.0,1,422,152.0,334.0,10,112.0
11841,11841,123.0,1,422,159.0,398.0,11,112.0
11842,11842,124.0,1,422,61.0,225.0,12,112.0
11843,11843,125.0,1,422,45.0,133.0,13,112.0
11844,11844,40.0,0,423,409.0,1794.0,-14,54.0
11845,11845,41.0,0,423,311.0,1252.0,-13,54.0
11846,11846,42.0,0,423,167.0,502.0,-12,54.0
11847,11847,43.0,0,423,183.0,575.0,-11,54.0
11848,11848,44.0,0,423,242.0,603.0,-10,54.0
11849,11849,45.0,0,423,224.0,737.0,-9,54.0
11850,11850,46.0,0,423,109.0,415.0,-8,54.0
11851,11851,47.0,0,423,102.0,279.0,-7,54.0
11852,11852,48.0,0,423,130.0,269.0,-6,54.0
11853,11853,49.0,0,423,91.0,185.0,-5,54.0
11854,11854,50.0,0,423,94.0,184.0,-4,54.0
11855,11855,51.0,0,423,134.0,307.0,-3,54.0
11856,11856,52.0,0,423,83.0,189.0,-2,54.0
11857,11857,53.0,0,423,175.0,210.0,-1,54.0
11858,11858,54.0,1,423,242.0,282.0,0,54.0
11859,11859,55.0,1,423,74.0,195.0,1,54.0
11860,11860,56.0,1,423,58.0,182.0,2,54.0
11861,11861,57.0,1,423,47.0,169.0,3,54.0
11862,11862,58.0,1,423,50.0,197.0,4,54.0
11863,11863,59.0,1,423,78.0,164.0,5,54.0
11864,11864,60.0,1,423,25.0,78.0,6,54.0
11865,11865,61.0,1,423,25.0,75.0,7,54.0
11866,11866,62.0,1,423,16.0,68.0,8,54.0
11867,11867,63.0,1,423,13.0,60.0,9,54.0
11868,11868,64.0,1,423,25.0,85.0,10,54.0
11869,11869,65.0,1,423,11.0,69.0,11,54.0
11870,11870,66.0,1,423,36.0,108.0,12,54.0
11871,11871,67.0,1,423,25.0,63.0,13,54.0
11872,11872,35.0,0,424,144.0,655.0,-14,49.0
11873,11873,36.0,0,424,210.0,619.0,-13,49.0
11874,11874,37.0,0,424,134.0,309.0,-12,49.0
11875,11875,38.0,0,424,136.0,317.0,-11,49.0
11876,11876,39.0,0,424,160.0,332.0,-10,49.0
11877,11877,40.0,0,424,60.0,167.0,-9,49.0
11878,11878,41.0,0,424,1129.0,1867.0,-8,49.0
11879,11879,42.0,0,424,922.0,1265.0,-7,49.0
11880,11880,43.0,0,424,118.0,452.0,-6,49.0
11881,11881,44.0,0,424,421.0,874.0,-5,49.0
11882,11882,45.0,0,424,212.0,426.0,-4,49.0
11883,11883,46.0,0,424,95.0,168.0,-3,49.0
11884,11884,47.0,0,424,252.0,465.0,-2,49.0
11885,11885,48.0,0,424,287.0,402.0,-1,49.0
11886,11886,49.0,1,424,154.0,164.0,0,49.0
11887,11887,50.0,1,424,35.0,93.0,1,49.0
11888,11888,51.0,1,424,28.0,82.0,2,49.0
11889,11889,52.0,1,424,37.0,77.0,3,49.0
11890,11890,53.0,1,424,44.0,124.0,4,49.0
11891,11891,54.0,1,424,124.0,178.0,5,49.0
11892,11892,55.0,1,424,92.0,156.0,6,49.0
11893,11893,56.0,1,424,19.0,55.0,7,49.0
11894,11894,57.0,1,424,18.0,54.0,8,49.0
11895,11895,58.0,1,424,18.0,50.0,9,49.0
11896,11896,59.0,1,424,8.0,24.0,10,49.0
11897,11897,60.0,1,424,8.0,42.0,11,49.0
11898,11898,61.0,1,424,20.0,22.0,12,49.0
11899,11899,62.0,1,424,14.0,25.0,13,49.0
11900,11900,132.0,0,425,33.0,45.0,-14,146.0
11901,11901,133.0,0,425,34.0,41.0,-13,146.0
11902,11902,134.0,0,425,22.0,28.0,-12,146.0
11903,11903,135.0,0,425,23.0,50.0,-11,146.0
11904,11904,136.0,0,425,46.0,59.0,-10,146.0
11905,11905,137.0,0,425,74.0,136.0,-9,146.0
11906,11906,138.0,0,425,40.0,106.0,-8,146.0
11907,11907,139.0,0,425,49.0,78.0,-7,146.0
11908,11908,140.0,0,425,187.0,93.0,-6,146.0
11909,11909,141.0,0,425,112.0,150.0,-5,146.0
11910,11910,142.0,0,425,14.0,39.0,-4,146.0
11911,11911,143.0,0,425,31.0,34.0,-3,146.0
11912,11912,144.0,0,425,45.0,72.0,-2,146.0
11913,11913,145.0,0,425,48.0,100.0,-1,146.0
11914,11914,146.0,1,425,116.0,149.0,0,146.0
11915,11915,147.0,1,425,27.0,86.0,1,146.0
11916,11916,148.0,1,425,34.0,31.0,2,146.0
11917,11917,149.0,1,425,39.0,55.0,3,146.0
11918,11918,150.0,1,425,85.0,73.0,4,146.0
11919,11919,151.0,1,425,231.0,214.0,5,146.0
11920,11920,152.0,1,425,37.0,94.0,6,146.0
11921,11921,153.0,1,425,110.0,142.0,7,146.0
11922,11922,154.0,1,425,52.0,66.0,8,146.0
11923,11923,155.0,1,425,26.0,40.0,9,146.0
11924,11924,156.0,1,425,29.0,41.0,10,146.0
11925,11925,157.0,1,425,86.0,110.0,11,146.0
11926,11926,158.0,1,425,223.0,242.0,12,146.0
11927,11927,159.0,1,425,102.0,119.0,13,146.0
11928,11928,73.0,0,426,5.0,2.0,-14,87.0
11929,11929,74.0,0,426,5.0,9.0,-13,87.0
11930,11930,75.0,0,426,4.0,2.0,-12,87.0
11931,11931,76.0,0,426,2.0,2.0,-11,87.0
11932,11932,77.0,0,426,3.0,2.0,-10,87.0
11933,11933,78.0,0,426,4.0,1.0,-9,87.0
11934,11934,79.0,0,426,3.0,3.0,-8,87.0
11935,11935,80.0,0,426,7.0,6.0,-7,87.0
11936,11936,81.0,0,426,2.0,5.0,-6,87.0
11937,11937,82.0,0,426,3.0,1.0,-5,87.0
11938,11938,83.0,0,426,5.0,5.0,-4,87.0
11939,11939,84.0,0,426,2.0,2.0,-3,87.0
11940,11940,85.0,0,426,247.0,174.0,-2,87.0
11941,11941,86.0,0,426,5076.0,5385.0,-1,87.0
11942,11942,87.0,1,426,3835.0,4836.0,0,87.0
11943,11943,88.0,1,426,544.0,753.0,1,87.0
11944,11944,89.0,1,426,220.0,389.0,2,87.0
11945,11945,90.0,1,426,151.0,293.0,3,87.0
11946,11946,91.0,1,426,62.0,122.0,4,87.0
11947,11947,92.0,1,426,51.0,77.0,5,87.0
11948,11948,93.0,1,426,139.0,123.0,6,87.0
11949,11949,94.0,1,426,74.0,76.0,7,87.0
11950,11950,95.0,1,426,208.0,161.0,8,87.0
11951,11951,96.0,1,426,114.0,82.0,9,87.0
11952,11952,97.0,1,426,25.0,40.0,10,87.0
11953,11953,98.0,1,426,43.0,42.0,11,87.0
11954,11954,99.0,1,426,360.0,185.0,12,87.0
11955,11955,100.0,1,426,157.0,87.0,13,87.0
11956,11956,78.0,0,427,31.0,42.0,-14,92.0
11957,11957,79.0,0,427,65.0,104.0,-13,92.0
11958,11958,80.0,0,427,27.0,51.0,-12,92.0
11959,11959,81.0,0,427,27.0,28.0,-11,92.0
11960,11960,82.0,0,427,17.0,8.0,-10,92.0
11961,11961,83.0,0,427,17.0,16.0,-9,92.0
11962,11962,84.0,0,427,21.0,37.0,-8,92.0
11963,11963,85.0,0,427,14.0,28.0,-7,92.0
11964,11964,86.0,0,427,15.0,23.0,-6,92.0
11965,11965,87.0,0,427,32.0,51.0,-5,92.0
11966,11966,88.0,0,427,45.0,86.0,-4,92.0
11967,11967,89.0,0,427,20.0,23.0,-3,92.0
11968,11968,90.0,0,427,6.0,24.0,-2,92.0
11969,11969,91.0,0,427,22.0,36.0,-1,92.0
11970,11970,92.0,1,427,34.0,42.0,0,92.0
11971,11971,93.0,1,427,30.0,55.0,1,92.0
11972,11972,94.0,1,427,12.0,27.0,2,92.0
11973,11973,95.0,1,427,73.0,129.0,3,92.0
11974,11974,96.0,1,427,18.0,43.0,4,92.0
11975,11975,97.0,1,427,19.0,32.0,5,92.0
11976,11976,98.0,1,427,13.0,30.0,6,92.0
11977,11977,99.0,1,427,13.0,35.0,7,92.0
11978,11978,100.0,1,427,24.0,50.0,8,92.0
11979,11979,101.0,1,427,42.0,83.0,9,92.0
11980,11980,102.0,1,427,17.0,41.0,10,92.0
11981,11981,103.0,1,427,61.0,144.0,11,92.0
11982,11982,104.0,1,427,59.0,172.0,12,92.0
11983,11983,105.0,1,427,19.0,40.0,13,92.0
11984,11984,237.0,0,428,50.0,164.0,-14,251.0
11985,11985,238.0,0,428,11.0,57.0,-13,251.0
11986,11986,239.0,0,428,8.0,31.0,-12,251.0
11987,11987,240.0,0,428,7.0,33.0,-11,251.0
11988,11988,241.0,0,428,5.0,26.0,-10,251.0
11989,11989,242.0,0,428,8.0,47.0,-9,251.0
11990,11990,243.0,0,428,7.0,40.0,-8,251.0
11991,11991,244.0,0,428,8.0,38.0,-7,251.0
11992,11992,245.0,0,428,5.0,40.0,-6,251.0
11993,11993,246.0,0,428,10.0,36.0,-5,251.0
11994,11994,247.0,0,428,7.0,54.0,-4,251.0
11995,11995,248.0,0,428,24.0,59.0,-3,251.0
11996,11996,249.0,0,428,8.0,36.0,-2,251.0
11997,11997,250.0,0,428,128.0,294.0,-1,251.0
11998,11998,251.0,1,428,31.0,112.0,0,251.0
11999,11999,252.0,1,428,317.0,919.0,1,251.0
12000,12000,253.0,1,428,66.0,246.0,2,251.0
12001,12001,254.0,1,428,16.0,75.0,3,251.0
12002,12002,255.0,1,428,7.0,45.0,4,251.0
12003,12003,256.0,1,428,11.0,85.0,5,251.0
12004,12004,257.0,1,428,10.0,66.0,6,251.0
12005,12005,258.0,1,428,9.0,64.0,7,251.0
12006,12006,259.0,1,428,6.0,51.0,8,251.0
12007,12007,260.0,1,428,2.0,40.0,9,251.0
12008,12008,261.0,1,428,3.0,35.0,10,251.0
12009,12009,262.0,1,428,1.0,32.0,11,251.0
12010,12010,263.0,1,428,8.0,47.0,12,251.0
12011,12011,264.0,1,428,10.0,89.0,13,251.0
12012,12012,325.0,0,429,0.0,3.0,-14,339.0
12013,12013,326.0,0,429,0.0,1.0,-13,339.0
12014,12014,327.0,0,429,0.0,7.0,-12,339.0
12015,12015,328.0,0,429,0.0,8.0,-11,339.0
12016,12016,329.0,0,429,0.0,5.0,-10,339.0
12017,12017,330.0,0,429,0.0,2.0,-9,339.0
12018,12018,331.0,0,429,1.0,5.0,-8,339.0
12019,12019,332.0,0,429,1.0,8.0,-7,339.0
12020,12020,333.0,0,429,0.0,3.0,-6,339.0
12021,12021,334.0,0,429,0.0,8.0,-5,339.0
12022,12022,335.0,0,429,0.0,0.0,-4,339.0
12023,12023,336.0,0,429,4.0,7.0,-3,339.0
12024,12024,337.0,0,429,0.0,14.0,-2,339.0
12025,12025,338.0,0,429,2.0,10.0,-1,339.0
12026,12026,339.0,1,429,13.0,11.0,0,339.0
12027,12027,340.0,1,429,1.0,6.0,1,339.0
12028,12028,341.0,1,429,1.0,4.0,2,339.0
12029,12029,342.0,1,429,1.0,3.0,3,339.0
12030,12030,343.0,1,429,1.0,8.0,4,339.0
12031,12031,344.0,1,429,17.0,10.0,5,339.0
12032,12032,345.0,1,429,4.0,4.0,6,339.0
12033,12033,346.0,1,429,0.0,6.0,7,339.0
12034,12034,347.0,1,429,3.0,9.0,8,339.0
12035,12035,348.0,1,429,2.0,9.0,9,339.0
12036,12036,349.0,1,429,2.0,8.0,10,339.0
12037,12037,350.0,1,429,0.0,5.0,11,339.0
12038,12038,351.0,1,429,3.0,5.0,12,339.0
12039,12039,352.0,1,429,2.0,5.0,13,339.0
12040,12040,15.0,0,430,12.0,119.0,-14,29.0
12041,12041,16.0,0,430,8.0,88.0,-13,29.0
12042,12042,17.0,0,430,5.0,65.0,-12,29.0
12043,12043,18.0,0,430,10.0,141.0,-11,29.0
12044,12044,19.0,0,430,14.0,90.0,-10,29.0
12045,12045,20.0,0,430,5.0,73.0,-9,29.0
12046,12046,21.0,0,430,0.0,24.0,-8,29.0
12047,12047,22.0,0,430,4.0,29.0,-7,29.0
12048,12048,23.0,0,430,2.0,28.0,-6,29.0
12049,12049,24.0,0,430,5.0,31.0,-5,29.0
12050,12050,25.0,0,430,17.0,419.0,-4,29.0
12051,12051,26.0,0,430,26.0,507.0,-3,29.0
12052,12052,27.0,0,430,30.0,819.0,-2,29.0
12053,12053,28.0,0,430,76.0,1092.0,-1,29.0
12054,12054,29.0,1,430,51.0,962.0,0,29.0
12055,12055,30.0,1,430,127.0,2565.0,1,29.0
12056,12056,31.0,1,430,162.0,5968.0,2,29.0
12057,12057,32.0,1,430,89.0,6574.0,3,29.0
12058,12058,33.0,1,430,60.0,5344.0,4,29.0
12059,12059,34.0,1,430,36.0,3378.0,5,29.0
12060,12060,35.0,1,430,20.0,2354.0,6,29.0
12061,12061,36.0,1,430,37.0,2722.0,7,29.0
12062,12062,37.0,1,430,36.0,3378.0,8,29.0
12063,12063,38.0,1,430,30.0,3561.0,9,29.0
12064,12064,39.0,1,430,24.0,4104.0,10,29.0
12065,12065,40.0,1,430,11.0,2356.0,11,29.0
12066,12066,41.0,1,430,20.0,1975.0,12,29.0
12067,12067,42.0,1,430,8.0,1248.0,13,29.0
12068,12068,106.0,0,431,217.0,585.0,-14,120.0
12069,12069,107.0,0,431,81.0,198.0,-13,120.0
12070,12070,108.0,0,431,102.0,168.0,-12,120.0
12071,12071,109.0,0,431,39.0,115.0,-11,120.0
12072,12072,110.0,0,431,297.0,593.0,-10,120.0
12073,12073,111.0,0,431,484.0,1102.0,-9,120.0
12074,12074,112.0,0,431,147.0,212.0,-8,120.0
12075,12075,113.0,0,431,71.0,106.0,-7,120.0
12076,12076,114.0,0,431,57.0,104.0,-6,120.0
12077,12077,115.0,0,431,91.0,205.0,-5,120.0
12078,12078,116.0,0,431,72.0,164.0,-4,120.0
12079,12079,117.0,0,431,90.0,164.0,-3,120.0
12080,12080,118.0,0,431,73.0,131.0,-2,120.0
12081,12081,119.0,0,431,102.0,135.0,-1,120.0
12082,12082,120.0,1,431,200.0,335.0,0,120.0
12083,12083,121.0,1,431,40.0,77.0,1,120.0
12084,12084,122.0,1,431,34.0,82.0,2,120.0
12085,12085,123.0,1,431,74.0,135.0,3,120.0
12086,12086,124.0,1,431,77.0,130.0,4,120.0
12087,12087,125.0,1,431,33.0,110.0,5,120.0
12088,12088,126.0,1,431,60.0,136.0,6,120.0
12089,12089,127.0,1,431,80.0,104.0,7,120.0
12090,12090,128.0,1,431,70.0,155.0,8,120.0
12091,12091,129.0,1,431,168.0,256.0,9,120.0
12092,12092,130.0,1,431,38.0,97.0,10,120.0
12093,12093,131.0,1,431,198.0,275.0,11,120.0
12094,12094,132.0,1,431,124.0,191.0,12,120.0
12095,12095,133.0,1,431,60.0,172.0,13,120.0
12096,12096,58.0,0,432,28.0,38.0,-14,72.0
12097,12097,59.0,0,432,50.0,59.0,-13,72.0
12098,12098,60.0,0,432,30.0,35.0,-12,72.0
12099,12099,61.0,0,432,27.0,27.0,-11,72.0
12100,12100,62.0,0,432,14.0,36.0,-10,72.0
12101,12101,63.0,0,432,14.0,19.0,-9,72.0
12102,12102,64.0,0,432,18.0,19.0,-8,72.0
12103,12103,65.0,0,432,18.0,14.0,-7,72.0
12104,12104,66.0,0,432,16.0,23.0,-6,72.0
12105,12105,67.0,0,432,10.0,20.0,-5,72.0
12106,12106,68.0,0,432,7.0,31.0,-4,72.0
12107,12107,69.0,0,432,11.0,21.0,-3,72.0
12108,12108,70.0,0,432,24.0,23.0,-2,72.0
12109,12109,71.0,0,432,18.0,21.0,-1,72.0
12110,12110,72.0,1,432,60.0,48.0,0,72.0
12111,12111,73.0,1,432,12.0,32.0,1,72.0
12112,12112,74.0,1,432,10.0,23.0,2,72.0
12113,12113,75.0,1,432,6.0,15.0,3,72.0
12114,12114,76.0,1,432,11.0,11.0,4,72.0
12115,12115,77.0,1,432,7.0,26.0,5,72.0
12116,12116,78.0,1,432,11.0,15.0,6,72.0
12117,12117,79.0,1,432,12.0,24.0,7,72.0
12118,12118,80.0,1,432,200.0,101.0,8,72.0
12119,12119,81.0,1,432,60.0,30.0,9,72.0
12120,12120,82.0,1,432,27.0,21.0,10,72.0
12121,12121,83.0,1,432,29.0,27.0,11,72.0
12122,12122,84.0,1,432,11.0,22.0,12,72.0
12123,12123,85.0,1,432,12.0,39.0,13,72.0
12124,12124,149.0,0,433,16.0,17.0,-14,163.0
12125,12125,150.0,0,433,113.0,56.0,-13,163.0
12126,12126,151.0,0,433,25.0,21.0,-12,163.0
12127,12127,152.0,0,433,14.0,10.0,-11,163.0
12128,12128,153.0,0,433,10.0,4.0,-10,163.0
12129,12129,154.0,0,433,8.0,6.0,-9,163.0
12130,12130,155.0,0,433,5.0,5.0,-8,163.0
12131,12131,156.0,0,433,11.0,13.0,-7,163.0
12132,12132,157.0,0,433,9.0,18.0,-6,163.0
12133,12133,158.0,0,433,10.0,7.0,-5,163.0
12134,12134,159.0,0,433,16.0,9.0,-4,163.0
12135,12135,160.0,0,433,11.0,7.0,-3,163.0
12136,12136,161.0,0,433,3.0,4.0,-2,163.0
12137,12137,162.0,0,433,4.0,4.0,-1,163.0
12138,12138,163.0,1,433,289.0,82.0,0,163.0
12139,12139,164.0,1,433,77.0,60.0,1,163.0
12140,12140,165.0,1,433,51.0,31.0,2,163.0
12141,12141,166.0,1,433,466.0,185.0,3,163.0
12142,12142,167.0,1,433,27.0,18.0,4,163.0
12143,12143,168.0,1,433,14.0,18.0,5,163.0
12144,12144,169.0,1,433,8.0,11.0,6,163.0
12145,12145,170.0,1,433,19.0,11.0,7,163.0
12146,12146,171.0,1,433,16.0,23.0,8,163.0
12147,12147,172.0,1,433,5.0,12.0,9,163.0
12148,12148,173.0,1,433,5.0,11.0,10,163.0
12149,12149,174.0,1,433,14.0,11.0,11,163.0
12150,12150,175.0,1,433,17.0,31.0,12,163.0
12151,12151,176.0,1,433,1.0,7.0,13,163.0
12152,12152,161.0,0,434,6.0,5.0,-14,175.0
12153,12153,162.0,0,434,19.0,10.0,-13,175.0
12154,12154,163.0,0,434,16.0,11.0,-12,175.0
12155,12155,164.0,0,434,37.0,24.0,-11,175.0
12156,12156,165.0,0,434,20.0,16.0,-10,175.0
12157,12157,166.0,0,434,48.0,24.0,-9,175.0
12158,12158,167.0,0,434,32.0,20.0,-8,175.0
12159,12159,168.0,0,434,31.0,16.0,-7,175.0
12160,12160,169.0,0,434,31.0,12.0,-6,175.0
12161,12161,170.0,0,434,27.0,15.0,-5,175.0
12162,12162,171.0,0,434,57.0,49.0,-4,175.0
12163,12163,172.0,0,434,313.0,174.0,-3,175.0
12164,12164,173.0,0,434,73.0,74.0,-2,175.0
12165,12165,174.0,0,434,23.0,17.0,-1,175.0
12166,12166,175.0,1,434,23.0,20.0,0,175.0
12167,12167,176.0,1,434,63.0,40.0,1,175.0
12168,12168,177.0,1,434,45.0,46.0,2,175.0
12169,12169,178.0,1,434,33.0,16.0,3,175.0
12170,12170,179.0,1,434,24.0,18.0,4,175.0
12171,12171,180.0,1,434,36.0,34.0,5,175.0
12172,12172,181.0,1,434,21.0,26.0,6,175.0
12173,12173,182.0,1,434,19.0,16.0,7,175.0
12174,12174,183.0,1,434,12.0,17.0,8,175.0
12175,12175,184.0,1,434,25.0,11.0,9,175.0
12176,12176,185.0,1,434,8.0,12.0,10,175.0
12177,12177,186.0,1,434,35.0,16.0,11,175.0
12178,12178,187.0,1,434,56.0,32.0,12,175.0
12179,12179,188.0,1,434,94.0,71.0,13,175.0
12180,12180,75.0,0,435,5.0,4.0,-14,89.0
12181,12181,76.0,0,435,1.0,5.0,-13,89.0
12182,12182,77.0,0,435,4.0,2.0,-12,89.0
12183,12183,78.0,0,435,7.0,0.0,-11,89.0
12184,12184,79.0,0,435,5.0,0.0,-10,89.0
12185,12185,80.0,0,435,3.0,3.0,-9,89.0
12186,12186,81.0,0,435,2.0,3.0,-8,89.0
12187,12187,82.0,0,435,2.0,1.0,-7,89.0
12188,12188,83.0,0,435,1.0,3.0,-6,89.0
12189,12189,84.0,0,435,1.0,2.0,-5,89.0
12190,12190,85.0,0,435,3.0,5.0,-4,89.0
12191,12191,86.0,0,435,1.0,0.0,-3,89.0
12192,12192,87.0,0,435,3.0,3.0,-2,89.0
12193,12193,88.0,0,435,9.0,2.0,-1,89.0
12194,12194,89.0,1,435,23.0,5.0,0,89.0
12195,12195,90.0,1,435,5.0,7.0,1,89.0
12196,12196,91.0,1,435,2.0,5.0,2,89.0
12197,12197,92.0,1,435,6.0,8.0,3,89.0
12198,12198,93.0,1,435,2.0,4.0,4,89.0
12199,12199,94.0,1,435,7.0,2.0,5,89.0
12200,12200,95.0,1,435,10.0,2.0,6,89.0
12201,12201,96.0,1,435,3.0,4.0,7,89.0
12202,12202,97.0,1,435,0.0,1.0,8,89.0
12203,12203,98.0,1,435,3.0,1.0,9,89.0
12204,12204,99.0,1,435,3.0,3.0,10,89.0
12205,12205,100.0,1,435,20.0,11.0,11,89.0
12206,12206,101.0,1,435,4.0,9.0,12,89.0
12207,12207,102.0,1,435,2.0,8.0,13,89.0
12208,12208,163.0,0,436,30.0,30.0,-14,177.0
12209,12209,164.0,0,436,43.0,26.0,-13,177.0
12210,12210,165.0,0,436,63.0,27.0,-12,177.0
12211,12211,166.0,0,436,28.0,20.0,-11,177.0
12212,12212,167.0,0,436,27.0,17.0,-10,177.0
12213,12213,168.0,0,436,18.0,8.0,-9,177.0
12214,12214,169.0,0,436,16.0,13.0,-8,177.0
12215,12215,170.0,0,436,6.0,13.0,-7,177.0
12216,12216,171.0,0,436,24.0,14.0,-6,177.0
12217,12217,172.0,0,436,25.0,18.0,-5,177.0
12218,12218,173.0,0,436,24.0,13.0,-4,177.0
12219,12219,174.0,0,436,9.0,7.0,-3,177.0
12220,12220,175.0,0,436,5.0,11.0,-2,177.0
12221,12221,176.0,0,436,9.0,22.0,-1,177.0
12222,12222,177.0,1,436,107.0,171.0,0,177.0
12223,12223,178.0,1,436,13.0,27.0,1,177.0
12224,12224,179.0,1,436,9.0,22.0,2,177.0
12225,12225,180.0,1,436,9.0,22.0,3,177.0
12226,12226,181.0,1,436,6.0,10.0,4,177.0
12227,12227,182.0,1,436,3.0,11.0,5,177.0
12228,12228,183.0,1,436,2.0,9.0,6,177.0
12229,12229,184.0,1,436,22.0,13.0,7,177.0
12230,12230,185.0,1,436,5.0,6.0,8,177.0
12231,12231,186.0,1,436,9.0,12.0,9,177.0
12232,12232,187.0,1,436,9.0,11.0,10,177.0
12233,12233,188.0,1,436,4.0,14.0,11,177.0
12234,12234,189.0,1,436,5.0,10.0,12,177.0
12235,12235,190.0,1,436,8.0,7.0,13,177.0
12236,12236,39.0,0,437,2891.0,30319.0,-14,53.0
12237,12237,40.0,0,437,2258.0,21981.0,-13,53.0
12238,12238,41.0,0,437,1790.0,14109.0,-12,53.0
12239,12239,42.0,0,437,1518.0,17774.0,-11,53.0
12240,12240,43.0,0,437,648.0,5209.0,-10,53.0
12241,12241,44.0,0,437,750.0,6430.0,-9,53.0
12242,12242,45.0,0,437,1081.0,11243.0,-8,53.0
12243,12243,46.0,0,437,889.0,7488.0,-7,53.0
12244,12244,47.0,0,437,1280.0,7054.0,-6,53.0
12245,12245,48.0,0,437,968.0,5827.0,-5,53.0
12246,12246,49.0,0,437,502.0,4697.0,-4,53.0
12247,12247,50.0,0,437,854.0,5428.0,-3,53.0
12248,12248,51.0,0,437,649.0,3528.0,-2,53.0
12249,12249,52.0,0,437,581.0,5150.0,-1,53.0
12250,12250,53.0,1,437,396.0,3181.0,0,53.0
12251,12251,54.0,1,437,428.0,4459.0,1,53.0
12252,12252,55.0,1,437,382.0,2927.0,2,53.0
12253,12253,56.0,1,437,226.0,2560.0,3,53.0
12254,12254,57.0,1,437,543.0,4448.0,4,53.0
12255,12255,58.0,1,437,752.0,5806.0,5,53.0
12256,12256,59.0,1,437,808.0,6550.0,6,53.0
12257,12257,60.0,1,437,204.0,1518.0,7,53.0
12258,12258,61.0,1,437,70.0,673.0,8,53.0
12259,12259,62.0,1,437,329.0,1979.0,9,53.0
12260,12260,63.0,1,437,187.0,2184.0,10,53.0
12261,12261,64.0,1,437,112.0,1211.0,11,53.0
12262,12262,65.0,1,437,80.0,934.0,12,53.0
12263,12263,66.0,1,437,171.0,2010.0,13,53.0
12264,12264,27.0,0,438,0.0,0.0,-14,41.0
12265,12265,28.0,0,438,0.0,0.0,-13,41.0
12266,12266,29.0,0,438,0.0,0.0,-12,41.0
12267,12267,30.0,0,438,0.0,0.0,-11,41.0
12268,12268,31.0,0,438,0.0,0.0,-10,41.0
12269,12269,32.0,0,438,0.0,0.0,-9,41.0
12270,12270,33.0,0,438,0.0,0.0,-8,41.0
12271,12271,34.0,0,438,0.0,0.0,-7,41.0
12272,12272,35.0,0,438,0.0,0.0,-6,41.0
12273,12273,36.0,0,438,0.0,0.0,-5,41.0
12274,12274,37.0,0,438,0.0,0.0,-4,41.0
12275,12275,38.0,0,438,236.0,372.0,-3,41.0
12276,12276,39.0,0,438,233.0,339.0,-2,41.0
12277,12277,40.0,0,438,244.0,394.0,-1,41.0
12278,12278,41.0,1,438,575.0,1168.0,0,41.0
12279,12279,42.0,1,438,107.0,233.0,1,41.0
12280,12280,43.0,1,438,38.0,69.0,2,41.0
12281,12281,44.0,1,438,22.0,59.0,3,41.0
12282,12282,45.0,1,438,18.0,60.0,4,41.0
12283,12283,46.0,1,438,6.0,24.0,5,41.0
12284,12284,47.0,1,438,18.0,47.0,6,41.0
12285,12285,48.0,1,438,11.0,35.0,7,41.0
12286,12286,49.0,1,438,11.0,40.0,8,41.0
12287,12287,50.0,1,438,13.0,28.0,9,41.0
12288,12288,51.0,1,438,6.0,12.0,10,41.0
12289,12289,52.0,1,438,4.0,25.0,11,41.0
12290,12290,53.0,1,438,4.0,6.0,12,41.0
12291,12291,54.0,1,438,4.0,8.0,13,41.0
12292,12292,78.0,0,439,20.0,12.0,-14,92.0
12293,12293,79.0,0,439,9.0,11.0,-13,92.0
12294,12294,80.0,0,439,54.0,20.0,-12,92.0
12295,12295,81.0,0,439,12.0,7.0,-11,92.0
12296,12296,82.0,0,439,7.0,3.0,-10,92.0
12297,12297,83.0,0,439,90.0,31.0,-9,92.0
12298,12298,84.0,0,439,18.0,16.0,-8,92.0
12299,12299,85.0,0,439,4.0,10.0,-7,92.0
12300,12300,86.0,0,439,21.0,13.0,-6,92.0
12301,12301,87.0,0,439,11.0,14.0,-5,92.0
12302,12302,88.0,0,439,14.0,10.0,-4,92.0
12303,12303,89.0,0,439,25.0,27.0,-3,92.0
12304,12304,90.0,0,439,21.0,21.0,-2,92.0
12305,12305,91.0,0,439,88.0,68.0,-1,92.0
12306,12306,92.0,1,439,62.0,45.0,0,92.0
12307,12307,93.0,1,439,37.0,31.0,1,92.0
12308,12308,94.0,1,439,12.0,12.0,2,92.0
12309,12309,95.0,1,439,0.0,14.0,3,92.0
12310,12310,96.0,1,439,4.0,10.0,4,92.0
12311,12311,97.0,1,439,5.0,18.0,5,92.0
12312,12312,98.0,1,439,6.0,14.0,6,92.0
12313,12313,99.0,1,439,5.0,12.0,7,92.0
12314,12314,100.0,1,439,5.0,8.0,8,92.0
12315,12315,101.0,1,439,15.0,22.0,9,92.0
12316,12316,102.0,1,439,15.0,39.0,10,92.0
12317,12317,103.0,1,439,29.0,66.0,11,92.0
12318,12318,104.0,1,439,75.0,130.0,12,92.0
12319,12319,105.0,1,439,26.0,52.0,13,92.0
12320,12320,135.0,0,440,6.0,10.0,-14,149.0
12321,12321,136.0,0,440,0.0,4.0,-13,149.0
12322,12322,137.0,0,440,0.0,1.0,-12,149.0
12323,12323,138.0,0,440,1.0,1.0,-11,149.0
12324,12324,139.0,0,440,7.0,6.0,-10,149.0
12325,12325,140.0,0,440,1.0,2.0,-9,149.0
12326,12326,141.0,0,440,1.0,2.0,-8,149.0
12327,12327,142.0,0,440,0.0,3.0,-7,149.0
12328,12328,143.0,0,440,0.0,0.0,-6,149.0
12329,12329,144.0,0,440,1.0,1.0,-5,149.0
12330,12330,145.0,0,440,8.0,10.0,-4,149.0
12331,12331,146.0,0,440,0.0,1.0,-3,149.0
12332,12332,147.0,0,440,1.0,0.0,-2,149.0
12333,12333,148.0,0,440,248.0,188.0,-1,149.0
12334,12334,149.0,1,440,93.0,45.0,0,149.0
12335,12335,150.0,1,440,6.0,12.0,1,149.0
12336,12336,151.0,1,440,2.0,5.0,2,149.0
12337,12337,152.0,1,440,4.0,4.0,3,149.0
12338,12338,153.0,1,440,1.0,3.0,4,149.0
12339,12339,154.0,1,440,3.0,5.0,5,149.0
12340,12340,155.0,1,440,2.0,4.0,6,149.0
12341,12341,156.0,1,440,4.0,4.0,7,149.0
12342,12342,157.0,1,440,17.0,7.0,8,149.0
12343,12343,158.0,1,440,3.0,2.0,9,149.0
12344,12344,159.0,1,440,1.0,0.0,10,149.0
12345,12345,160.0,1,440,2.0,0.0,11,149.0
12346,12346,161.0,1,440,0.0,0.0,12,149.0
12347,12347,162.0,1,440,2.0,1.0,13,149.0
12348,12348,-14.0,0,441,0.0,2.0,-14,0.0
12349,12349,-13.0,0,441,0.0,0.0,-13,0.0
12350,12350,-12.0,0,441,0.0,1.0,-12,0.0
12351,12351,-11.0,0,441,0.0,0.0,-11,0.0
12352,12352,-10.0,0,441,1.0,3.0,-10,0.0
12353,12353,-9.0,0,441,0.0,0.0,-9,0.0
12354,12354,-8.0,0,441,0.0,2.0,-8,0.0
12355,12355,-7.0,0,441,0.0,0.0,-7,0.0
12356,12356,-6.0,0,441,0.0,0.0,-6,0.0
12357,12357,-5.0,0,441,0.0,0.0,-5,0.0
12358,12358,-4.0,0,441,0.0,0.0,-4,0.0
12359,12359,-3.0,0,441,0.0,1.0,-3,0.0
12360,12360,-2.0,0,441,0.0,1.0,-2,0.0
12361,12361,-1.0,0,441,0.0,0.0,-1,0.0
12362,12362,0.0,1,441,1.0,2.0,0,0.0
12363,12363,1.0,1,441,0.0,0.0,1,0.0
12364,12364,2.0,1,441,0.0,0.0,2,0.0
12365,12365,3.0,1,441,0.0,1.0,3,0.0
12366,12366,4.0,1,441,0.0,0.0,4,0.0
12367,12367,5.0,1,441,0.0,0.0,5,0.0
12368,12368,6.0,1,441,0.0,0.0,6,0.0
12369,12369,7.0,1,441,0.0,1.0,7,0.0
12370,12370,8.0,1,441,0.0,0.0,8,0.0
12371,12371,9.0,1,441,0.0,1.0,9,0.0
12372,12372,10.0,1,441,0.0,2.0,10,0.0
12373,12373,11.0,1,441,0.0,0.0,11,0.0
12374,12374,12.0,1,441,0.0,1.0,12,0.0
12375,12375,13.0,1,441,0.0,0.0,13,0.0
12376,12376,230.0,0,442,21.0,47.0,-14,244.0
12377,12377,231.0,0,442,18.0,32.0,-13,244.0
12378,12378,232.0,0,442,10.0,29.0,-12,244.0
12379,12379,233.0,0,442,12.0,25.0,-11,244.0
12380,12380,234.0,0,442,6.0,17.0,-10,244.0
12381,12381,235.0,0,442,14.0,41.0,-9,244.0
12382,12382,236.0,0,442,24.0,35.0,-8,244.0
12383,12383,237.0,0,442,33.0,52.0,-7,244.0
12384,12384,238.0,0,442,59.0,131.0,-6,244.0
12385,12385,239.0,0,442,9.0,26.0,-5,244.0
12386,12386,240.0,0,442,83.0,111.0,-4,244.0
12387,12387,241.0,0,442,102.0,280.0,-3,244.0
12388,12388,242.0,0,442,39.0,85.0,-2,244.0
12389,12389,243.0,0,442,56.0,87.0,-1,244.0
12390,12390,244.0,1,442,13.0,24.0,0,244.0
12391,12391,245.0,1,442,74.0,120.0,1,244.0
12392,12392,246.0,1,442,8.0,47.0,2,244.0
12393,12393,247.0,1,442,26.0,50.0,3,244.0
12394,12394,248.0,1,442,95.0,128.0,4,244.0
12395,12395,249.0,1,442,83.0,177.0,5,244.0
12396,12396,250.0,1,442,9.0,39.0,6,244.0
12397,12397,251.0,1,442,9.0,29.0,7,244.0
12398,12398,252.0,1,442,4.0,39.0,8,244.0
12399,12399,253.0,1,442,10.0,23.0,9,244.0
12400,12400,254.0,1,442,94.0,144.0,10,244.0
12401,12401,255.0,1,442,274.0,463.0,11,244.0
12402,12402,256.0,1,442,33.0,49.0,12,244.0
12403,12403,257.0,1,442,21.0,62.0,13,244.0
12404,12404,130.0,0,443,844.0,6010.0,-14,144.0
12405,12405,131.0,0,443,264.0,3247.0,-13,144.0
12406,12406,132.0,0,443,329.0,4036.0,-12,144.0
12407,12407,133.0,0,443,793.0,5165.0,-11,144.0
12408,12408,134.0,0,443,304.0,2701.0,-10,144.0
12409,12409,135.0,0,443,391.0,3094.0,-9,144.0
12410,12410,136.0,0,443,1033.0,24699.0,-8,144.0
12411,12411,137.0,0,443,2119.0,43790.0,-7,144.0
12412,12412,138.0,0,443,466.0,10844.0,-6,144.0
12413,12413,139.0,0,443,657.0,5838.0,-5,144.0
12414,12414,140.0,0,443,518.0,4087.0,-4,144.0
12415,12415,141.0,0,443,668.0,5522.0,-3,144.0
12416,12416,142.0,0,443,498.0,4515.0,-2,144.0
12417,12417,143.0,0,443,689.0,5037.0,-1,144.0
12418,12418,144.0,1,443,557.0,3791.0,0,144.0
12419,12419,145.0,1,443,307.0,2656.0,1,144.0
12420,12420,146.0,1,443,137.0,1896.0,2,144.0
12421,12421,147.0,1,443,397.0,2066.0,3,144.0
12422,12422,148.0,1,443,129.0,1183.0,4,144.0
12423,12423,149.0,1,443,108.0,983.0,5,144.0
12424,12424,150.0,1,443,80.0,924.0,6,144.0
12425,12425,151.0,1,443,212.0,1510.0,7,144.0
12426,12426,152.0,1,443,93.0,1356.0,8,144.0
12427,12427,153.0,1,443,140.0,1200.0,9,144.0
12428,12428,154.0,1,443,281.0,1309.0,10,144.0
12429,12429,155.0,1,443,95.0,1016.0,11,144.0
12430,12430,156.0,1,443,322.0,1496.0,12,144.0
12431,12431,157.0,1,443,173.0,997.0,13,144.0
12432,12432,234.0,0,444,0.0,0.0,-14,248.0
12433,12433,235.0,0,444,0.0,0.0,-13,248.0
12434,12434,236.0,0,444,0.0,0.0,-12,248.0
12435,12435,237.0,0,444,0.0,0.0,-11,248.0
12436,12436,238.0,0,444,0.0,0.0,-10,248.0
12437,12437,239.0,0,444,0.0,0.0,-9,248.0
12438,12438,240.0,0,444,0.0,0.0,-8,248.0
12439,12439,241.0,0,444,0.0,0.0,-7,248.0
12440,12440,242.0,0,444,0.0,0.0,-6,248.0
12441,12441,243.0,0,444,0.0,0.0,-5,248.0
12442,12442,244.0,0,444,0.0,0.0,-4,248.0
12443,12443,245.0,0,444,0.0,0.0,-3,248.0
12444,12444,246.0,0,444,0.0,0.0,-2,248.0
12445,12445,247.0,0,444,0.0,0.0,-1,248.0
12446,12446,248.0,1,444,1.0,0.0,0,248.0
12447,12447,249.0,1,444,0.0,0.0,1,248.0
12448,12448,250.0,1,444,0.0,0.0,2,248.0
12449,12449,251.0,1,444,0.0,0.0,3,248.0
12450,12450,252.0,1,444,0.0,0.0,4,248.0
12451,12451,253.0,1,444,0.0,0.0,5,248.0
12452,12452,254.0,1,444,0.0,0.0,6,248.0
12453,12453,255.0,1,444,0.0,0.0,7,248.0
12454,12454,256.0,1,444,0.0,0.0,8,248.0
12455,12455,257.0,1,444,0.0,0.0,9,248.0
12456,12456,258.0,1,444,0.0,0.0,10,248.0
12457,12457,259.0,1,444,0.0,0.0,11,248.0
12458,12458,260.0,1,444,0.0,0.0,12,248.0
12459,12459,261.0,1,444,0.0,0.0,13,248.0
12460,12460,115.0,0,445,14.0,38.0,-14,129.0
12461,12461,116.0,0,445,19.0,43.0,-13,129.0
12462,12462,117.0,0,445,17.0,61.0,-12,129.0
12463,12463,118.0,0,445,18.0,52.0,-11,129.0
12464,12464,119.0,0,445,26.0,55.0,-10,129.0
12465,12465,120.0,0,445,56.0,42.0,-9,129.0
12466,12466,121.0,0,445,65.0,74.0,-8,129.0
12467,12467,122.0,0,445,39.0,42.0,-7,129.0
12468,12468,123.0,0,445,22.0,36.0,-6,129.0
12469,12469,124.0,0,445,18.0,46.0,-5,129.0
12470,12470,125.0,0,445,20.0,36.0,-4,129.0
12471,12471,126.0,0,445,11.0,29.0,-3,129.0
12472,12472,127.0,0,445,7.0,10.0,-2,129.0
12473,12473,128.0,0,445,17.0,31.0,-1,129.0
12474,12474,129.0,1,445,22.0,29.0,0,129.0
12475,12475,130.0,1,445,18.0,17.0,1,129.0
12476,12476,131.0,1,445,23.0,17.0,2,129.0
12477,12477,132.0,1,445,43.0,13.0,3,129.0
12478,12478,133.0,1,445,12.0,15.0,4,129.0
12479,12479,134.0,1,445,3.0,15.0,5,129.0
12480,12480,135.0,1,445,5.0,10.0,6,129.0
12481,12481,136.0,1,445,26.0,43.0,7,129.0
12482,12482,137.0,1,445,14.0,20.0,8,129.0
12483,12483,138.0,1,445,8.0,13.0,9,129.0
12484,12484,139.0,1,445,21.0,42.0,10,129.0
12485,12485,140.0,1,445,36.0,57.0,11,129.0
12486,12486,141.0,1,445,11.0,28.0,12,129.0
12487,12487,142.0,1,445,20.0,33.0,13,129.0
12488,12488,93.0,0,446,0.0,0.0,-14,107.0
12489,12489,94.0,0,446,0.0,0.0,-13,107.0
12490,12490,95.0,0,446,0.0,0.0,-12,107.0
12491,12491,96.0,0,446,0.0,1.0,-11,107.0
12492,12492,97.0,0,446,0.0,0.0,-10,107.0
12493,12493,98.0,0,446,0.0,0.0,-9,107.0
12494,12494,99.0,0,446,0.0,0.0,-8,107.0
12495,12495,100.0,0,446,0.0,0.0,-7,107.0
12496,12496,101.0,0,446,0.0,0.0,-6,107.0
12497,12497,102.0,0,446,0.0,1.0,-5,107.0
12498,12498,103.0,0,446,0.0,1.0,-4,107.0
12499,12499,104.0,0,446,0.0,0.0,-3,107.0
12500,12500,105.0,0,446,0.0,1.0,-2,107.0
12501,12501,106.0,0,446,0.0,1.0,-1,107.0
12502,12502,107.0,1,446,4.0,6.0,0,107.0
12503,12503,108.0,1,446,0.0,2.0,1,107.0
12504,12504,109.0,1,446,1.0,3.0,2,107.0
12505,12505,110.0,1,446,0.0,0.0,3,107.0
12506,12506,111.0,1,446,0.0,0.0,4,107.0
12507,12507,112.0,1,446,3.0,0.0,5,107.0
12508,12508,113.0,1,446,0.0,2.0,6,107.0
12509,12509,114.0,1,446,0.0,1.0,7,107.0
12510,12510,115.0,1,446,0.0,0.0,8,107.0
12511,12511,116.0,1,446,0.0,2.0,9,107.0
12512,12512,117.0,1,446,0.0,1.0,10,107.0
12513,12513,118.0,1,446,0.0,1.0,11,107.0
12514,12514,119.0,1,446,0.0,0.0,12,107.0
12515,12515,120.0,1,446,0.0,0.0,13,107.0
12516,12516,27.0,0,447,5.0,70.0,-14,41.0
12517,12517,28.0,0,447,13.0,78.0,-13,41.0
12518,12518,29.0,0,447,13.0,72.0,-12,41.0
12519,12519,30.0,0,447,10.0,77.0,-11,41.0
12520,12520,31.0,0,447,87.0,321.0,-10,41.0
12521,12521,32.0,0,447,120.0,358.0,-9,41.0
12522,12522,33.0,0,447,210.0,768.0,-8,41.0
12523,12523,34.0,0,447,193.0,651.0,-7,41.0
12524,12524,35.0,0,447,230.0,890.0,-6,41.0
12525,12525,36.0,0,447,255.0,812.0,-5,41.0
12526,12526,37.0,0,447,294.0,1033.0,-4,41.0
12527,12527,38.0,0,447,295.0,1088.0,-3,41.0
12528,12528,39.0,0,447,196.0,677.0,-2,41.0
12529,12529,40.0,0,447,173.0,571.0,-1,41.0
12530,12530,41.0,1,447,147.0,539.0,0,41.0
12531,12531,42.0,1,447,65.0,351.0,1,41.0
12532,12532,43.0,1,447,44.0,248.0,2,41.0
12533,12533,44.0,1,447,66.0,299.0,3,41.0
12534,12534,45.0,1,447,54.0,330.0,4,41.0
12535,12535,46.0,1,447,38.0,206.0,5,41.0
12536,12536,47.0,1,447,33.0,166.0,6,41.0
12537,12537,48.0,1,447,25.0,131.0,7,41.0
12538,12538,49.0,1,447,41.0,220.0,8,41.0
12539,12539,50.0,1,447,44.0,189.0,9,41.0
12540,12540,51.0,1,447,42.0,204.0,10,41.0
12541,12541,52.0,1,447,28.0,156.0,11,41.0
12542,12542,53.0,1,447,32.0,122.0,12,41.0
12543,12543,54.0,1,447,28.0,143.0,13,41.0
12544,12544,112.0,0,448,49.0,91.0,-14,126.0
12545,12545,113.0,0,448,32.0,71.0,-13,126.0
12546,12546,114.0,0,448,43.0,116.0,-12,126.0
12547,12547,115.0,0,448,53.0,124.0,-11,126.0
12548,12548,116.0,0,448,55.0,105.0,-10,126.0
12549,12549,117.0,0,448,37.0,95.0,-9,126.0
12550,12550,118.0,0,448,21.0,66.0,-8,126.0
12551,12551,119.0,0,448,52.0,67.0,-7,126.0
12552,12552,120.0,0,448,36.0,45.0,-6,126.0
12553,12553,121.0,0,448,19.0,60.0,-5,126.0
12554,12554,122.0,0,448,19.0,33.0,-4,126.0
12555,12555,123.0,0,448,15.0,35.0,-3,126.0
12556,12556,124.0,0,448,28.0,58.0,-2,126.0
12557,12557,125.0,0,448,567.0,409.0,-1,126.0
12558,12558,126.0,1,448,814.0,778.0,0,126.0
12559,12559,127.0,1,448,67.0,98.0,1,126.0
12560,12560,128.0,1,448,22.0,50.0,2,126.0
12561,12561,129.0,1,448,35.0,52.0,3,126.0
12562,12562,130.0,1,448,20.0,42.0,4,126.0
12563,12563,131.0,1,448,12.0,34.0,5,126.0
12564,12564,132.0,1,448,15.0,40.0,6,126.0
12565,12565,133.0,1,448,27.0,36.0,7,126.0
12566,12566,134.0,1,448,6.0,12.0,8,126.0
12567,12567,135.0,1,448,8.0,19.0,9,126.0
12568,12568,136.0,1,448,6.0,17.0,10,126.0
12569,12569,137.0,1,448,52.0,62.0,11,126.0
12570,12570,138.0,1,448,16.0,23.0,12,126.0
12571,12571,139.0,1,448,5.0,23.0,13,126.0
12572,12572,135.0,0,449,0.0,0.0,-14,149.0
12573,12573,136.0,0,449,1.0,2.0,-13,149.0
12574,12574,137.0,0,449,0.0,1.0,-12,149.0
12575,12575,138.0,0,449,0.0,0.0,-11,149.0
12576,12576,139.0,0,449,0.0,0.0,-10,149.0
12577,12577,140.0,0,449,0.0,1.0,-9,149.0
12578,12578,141.0,0,449,0.0,0.0,-8,149.0
12579,12579,142.0,0,449,0.0,0.0,-7,149.0
12580,12580,143.0,0,449,0.0,0.0,-6,149.0
12581,12581,144.0,0,449,0.0,0.0,-5,149.0
12582,12582,145.0,0,449,0.0,0.0,-4,149.0
12583,12583,146.0,0,449,0.0,0.0,-3,149.0
12584,12584,147.0,0,449,0.0,2.0,-2,149.0
12585,12585,148.0,0,449,10.0,28.0,-1,149.0
12586,12586,149.0,1,449,59.0,39.0,0,149.0
12587,12587,150.0,1,449,13.0,12.0,1,149.0
12588,12588,151.0,1,449,2.0,3.0,2,149.0
12589,12589,152.0,1,449,0.0,1.0,3,149.0
12590,12590,153.0,1,449,0.0,0.0,4,149.0
12591,12591,154.0,1,449,0.0,2.0,5,149.0
12592,12592,155.0,1,449,0.0,1.0,6,149.0
12593,12593,156.0,1,449,1.0,1.0,7,149.0
12594,12594,157.0,1,449,0.0,2.0,8,149.0
12595,12595,158.0,1,449,0.0,5.0,9,149.0
12596,12596,159.0,1,449,0.0,2.0,10,149.0
12597,12597,160.0,1,449,0.0,2.0,11,149.0
12598,12598,161.0,1,449,0.0,1.0,12,149.0
12599,12599,162.0,1,449,1.0,0.0,13,149.0
12600,12600,255.0,0,450,11.0,33.0,-14,269.0
12601,12601,256.0,0,450,16.0,27.0,-13,269.0
12602,12602,257.0,0,450,39.0,107.0,-12,269.0
12603,12603,258.0,0,450,9.0,29.0,-11,269.0
12604,12604,259.0,0,450,4.0,13.0,-10,269.0
12605,12605,260.0,0,450,10.0,16.0,-9,269.0
12606,12606,261.0,0,450,21.0,43.0,-8,269.0
12607,12607,262.0,0,450,11.0,14.0,-7,269.0
12608,12608,263.0,0,450,8.0,20.0,-6,269.0
12609,12609,264.0,0,450,5.0,15.0,-5,269.0
12610,12610,265.0,0,450,6.0,12.0,-4,269.0
12611,12611,266.0,0,450,9.0,25.0,-3,269.0
12612,12612,267.0,0,450,9.0,15.0,-2,269.0
12613,12613,268.0,0,450,5.0,14.0,-1,269.0
12614,12614,269.0,1,450,11.0,24.0,0,269.0
12615,12615,270.0,1,450,11.0,16.0,1,269.0
12616,12616,271.0,1,450,26.0,10.0,2,269.0
12617,12617,272.0,1,450,8.0,14.0,3,269.0
12618,12618,273.0,1,450,3.0,9.0,4,269.0
12619,12619,274.0,1,450,4.0,11.0,5,269.0
12620,12620,275.0,1,450,2.0,12.0,6,269.0
12621,12621,276.0,1,450,7.0,19.0,7,269.0
12622,12622,277.0,1,450,14.0,21.0,8,269.0
12623,12623,278.0,1,450,5.0,7.0,9,269.0
12624,12624,279.0,1,450,9.0,16.0,10,269.0
12625,12625,280.0,1,450,3.0,11.0,11,269.0
12626,12626,281.0,1,450,4.0,14.0,12,269.0
12627,12627,282.0,1,450,8.0,8.0,13,269.0
12628,12628,193.0,0,451,0.0,0.0,-14,207.0
12629,12629,194.0,0,451,2.0,2.0,-13,207.0
12630,12630,195.0,0,451,1.0,0.0,-12,207.0
12631,12631,196.0,0,451,1.0,0.0,-11,207.0
12632,12632,197.0,0,451,1.0,0.0,-10,207.0
12633,12633,198.0,0,451,1.0,1.0,-9,207.0
12634,12634,199.0,0,451,2.0,0.0,-8,207.0
12635,12635,200.0,0,451,4.0,0.0,-7,207.0
12636,12636,201.0,0,451,0.0,1.0,-6,207.0
12637,12637,202.0,0,451,3.0,0.0,-5,207.0
12638,12638,203.0,0,451,0.0,1.0,-4,207.0
12639,12639,204.0,0,451,2.0,1.0,-3,207.0
12640,12640,205.0,0,451,0.0,1.0,-2,207.0
12641,12641,206.0,0,451,1.0,0.0,-1,207.0
12642,12642,207.0,1,451,2.0,2.0,0,207.0
12643,12643,208.0,1,451,1.0,1.0,1,207.0
12644,12644,209.0,1,451,0.0,0.0,2,207.0
12645,12645,210.0,1,451,0.0,0.0,3,207.0
12646,12646,211.0,1,451,9.0,5.0,4,207.0
12647,12647,212.0,1,451,1.0,3.0,5,207.0
12648,12648,213.0,1,451,2.0,1.0,6,207.0
12649,12649,214.0,1,451,0.0,0.0,7,207.0
12650,12650,215.0,1,451,1.0,1.0,8,207.0
12651,12651,216.0,1,451,1.0,1.0,9,207.0
12652,12652,217.0,1,451,1.0,1.0,10,207.0
12653,12653,218.0,1,451,4.0,2.0,11,207.0
12654,12654,219.0,1,451,1.0,0.0,12,207.0
12655,12655,220.0,1,451,0.0,2.0,13,207.0
12656,12656,152.0,0,452,1.0,8.0,-14,166.0
12657,12657,153.0,0,452,2.0,5.0,-13,166.0
12658,12658,154.0,0,452,0.0,3.0,-12,166.0
12659,12659,155.0,0,452,3.0,3.0,-11,166.0
12660,12660,156.0,0,452,1.0,2.0,-10,166.0
12661,12661,157.0,0,452,3.0,4.0,-9,166.0
12662,12662,158.0,0,452,10.0,7.0,-8,166.0
12663,12663,159.0,0,452,6.0,1.0,-7,166.0
12664,12664,160.0,0,452,2.0,3.0,-6,166.0
12665,12665,161.0,0,452,2.0,1.0,-5,166.0
12666,12666,162.0,0,452,3.0,1.0,-4,166.0
12667,12667,163.0,0,452,2.0,3.0,-3,166.0
12668,12668,164.0,0,452,3.0,5.0,-2,166.0
12669,12669,165.0,0,452,27.0,7.0,-1,166.0
12670,12670,166.0,1,452,286.0,135.0,0,166.0
12671,12671,167.0,1,452,24.0,21.0,1,166.0
12672,12672,168.0,1,452,33.0,38.0,2,166.0
12673,12673,169.0,1,452,26.0,17.0,3,166.0
12674,12674,170.0,1,452,41.0,15.0,4,166.0
12675,12675,171.0,1,452,31.0,12.0,5,166.0
12676,12676,172.0,1,452,3.0,1.0,6,166.0
12677,12677,173.0,1,452,2.0,5.0,7,166.0
12678,12678,174.0,1,452,4.0,2.0,8,166.0
12679,12679,175.0,1,452,1.0,3.0,9,166.0
12680,12680,176.0,1,452,3.0,3.0,10,166.0
12681,12681,177.0,1,452,2.0,4.0,11,166.0
12682,12682,178.0,1,452,0.0,2.0,12,166.0
12683,12683,179.0,1,452,5.0,5.0,13,166.0
12684,12684,169.0,0,453,2.0,6.0,-14,183.0
12685,12685,170.0,0,453,1.0,7.0,-13,183.0
12686,12686,171.0,0,453,0.0,10.0,-12,183.0
12687,12687,172.0,0,453,2.0,15.0,-11,183.0
12688,12688,173.0,0,453,2.0,13.0,-10,183.0
12689,12689,174.0,0,453,2.0,10.0,-9,183.0
12690,12690,175.0,0,453,0.0,9.0,-8,183.0
12691,12691,176.0,0,453,2.0,4.0,-7,183.0
12692,12692,177.0,0,453,3.0,8.0,-6,183.0
12693,12693,178.0,0,453,4.0,6.0,-5,183.0
12694,12694,179.0,0,453,2.0,13.0,-4,183.0
12695,12695,180.0,0,453,0.0,5.0,-3,183.0
12696,12696,181.0,0,453,2.0,12.0,-2,183.0
12697,12697,182.0,0,453,4.0,15.0,-1,183.0
12698,12698,183.0,1,453,52.0,33.0,0,183.0
12699,12699,184.0,1,453,4.0,5.0,1,183.0
12700,12700,185.0,1,453,4.0,3.0,2,183.0
12701,12701,186.0,1,453,0.0,9.0,3,183.0
12702,12702,187.0,1,453,4.0,7.0,4,183.0
12703,12703,188.0,1,453,1.0,12.0,5,183.0
12704,12704,189.0,1,453,0.0,10.0,6,183.0
12705,12705,190.0,1,453,0.0,10.0,7,183.0
12706,12706,191.0,1,453,0.0,7.0,8,183.0
12707,12707,192.0,1,453,3.0,13.0,9,183.0
12708,12708,193.0,1,453,3.0,16.0,10,183.0
12709,12709,194.0,1,453,6.0,15.0,11,183.0
12710,12710,195.0,1,453,1.0,6.0,12,183.0
12711,12711,196.0,1,453,4.0,6.0,13,183.0
12712,12712,17.0,0,454,0.0,8.0,-14,31.0
12713,12713,18.0,0,454,5.0,11.0,-13,31.0
12714,12714,19.0,0,454,1.0,7.0,-12,31.0
12715,12715,20.0,0,454,1.0,6.0,-11,31.0
12716,12716,21.0,0,454,0.0,7.0,-10,31.0
12717,12717,22.0,0,454,0.0,5.0,-9,31.0
12718,12718,23.0,0,454,0.0,4.0,-8,31.0
12719,12719,24.0,0,454,0.0,4.0,-7,31.0
12720,12720,25.0,0,454,0.0,4.0,-6,31.0
12721,12721,26.0,0,454,6.0,20.0,-5,31.0
12722,12722,27.0,0,454,11.0,107.0,-4,31.0
12723,12723,28.0,0,454,17.0,147.0,-3,31.0
12724,12724,29.0,0,454,37.0,172.0,-2,31.0
12725,12725,30.0,0,454,293.0,2216.0,-1,31.0
12726,12726,31.0,1,454,546.0,8315.0,0,31.0
12727,12727,32.0,1,454,160.0,6199.0,1,31.0
12728,12728,33.0,1,454,98.0,4777.0,2,31.0
12729,12729,34.0,1,454,44.0,3409.0,3,31.0
12730,12730,35.0,1,454,24.0,2478.0,4,31.0
12731,12731,36.0,1,454,114.0,12145.0,5,31.0
12732,12732,37.0,1,454,132.0,17697.0,6,31.0
12733,12733,38.0,1,454,51.0,10784.0,7,31.0
12734,12734,39.0,1,454,50.0,10663.0,8,31.0
12735,12735,40.0,1,454,44.0,7759.0,9,31.0
12736,12736,41.0,1,454,32.0,6058.0,10,31.0
12737,12737,42.0,1,454,28.0,7033.0,11,31.0
12738,12738,43.0,1,454,13.0,3120.0,12,31.0
12739,12739,44.0,1,454,21.0,3048.0,13,31.0
12740,12740,112.0,0,455,53.0,119.0,-14,126.0
12741,12741,113.0,0,455,67.0,137.0,-13,126.0
12742,12742,114.0,0,455,63.0,154.0,-12,126.0
12743,12743,115.0,0,455,178.0,281.0,-11,126.0
12744,12744,116.0,0,455,204.0,345.0,-10,126.0
12745,12745,117.0,0,455,63.0,200.0,-9,126.0
12746,12746,118.0,0,455,118.0,201.0,-8,126.0
12747,12747,119.0,0,455,75.0,146.0,-7,126.0
12748,12748,120.0,0,455,76.0,133.0,-6,126.0
12749,12749,121.0,0,455,76.0,74.0,-5,126.0
12750,12750,122.0,0,455,58.0,110.0,-4,126.0
12751,12751,123.0,0,455,59.0,94.0,-3,126.0
12752,12752,124.0,0,455,120.0,195.0,-2,126.0
12753,12753,125.0,0,455,43.0,94.0,-1,126.0
12754,12754,126.0,1,455,170.0,256.0,0,126.0
12755,12755,127.0,1,455,150.0,220.0,1,126.0
12756,12756,128.0,1,455,107.0,205.0,2,126.0
12757,12757,129.0,1,455,54.0,118.0,3,126.0
12758,12758,130.0,1,455,66.0,122.0,4,126.0
12759,12759,131.0,1,455,45.0,58.0,5,126.0
12760,12760,132.0,1,455,30.0,90.0,6,126.0
12761,12761,133.0,1,455,46.0,137.0,7,126.0
12762,12762,134.0,1,455,52.0,87.0,8,126.0
12763,12763,135.0,1,455,74.0,116.0,9,126.0
12764,12764,136.0,1,455,70.0,195.0,10,126.0
12765,12765,137.0,1,455,77.0,182.0,11,126.0
12766,12766,138.0,1,455,22.0,59.0,12,126.0
12767,12767,139.0,1,455,24.0,71.0,13,126.0
12768,12768,178.0,0,456,0.0,0.0,-14,192.0
12769,12769,179.0,0,456,0.0,0.0,-13,192.0
12770,12770,180.0,0,456,0.0,1.0,-12,192.0
12771,12771,181.0,0,456,0.0,0.0,-11,192.0
12772,12772,182.0,0,456,0.0,0.0,-10,192.0
12773,12773,183.0,0,456,0.0,0.0,-9,192.0
12774,12774,184.0,0,456,0.0,0.0,-8,192.0
12775,12775,185.0,0,456,0.0,0.0,-7,192.0
12776,12776,186.0,0,456,0.0,0.0,-6,192.0
12777,12777,187.0,0,456,0.0,0.0,-5,192.0
12778,12778,188.0,0,456,0.0,1.0,-4,192.0
12779,12779,189.0,0,456,0.0,0.0,-3,192.0
12780,12780,190.0,0,456,0.0,0.0,-2,192.0
12781,12781,191.0,0,456,2.0,3.0,-1,192.0
12782,12782,192.0,1,456,7.0,10.0,0,192.0
12783,12783,193.0,1,456,0.0,0.0,1,192.0
12784,12784,194.0,1,456,0.0,0.0,2,192.0
12785,12785,195.0,1,456,0.0,1.0,3,192.0
12786,12786,196.0,1,456,0.0,0.0,4,192.0
12787,12787,197.0,1,456,1.0,0.0,5,192.0
12788,12788,198.0,1,456,0.0,0.0,6,192.0
12789,12789,199.0,1,456,0.0,0.0,7,192.0
12790,12790,200.0,1,456,0.0,0.0,8,192.0
12791,12791,201.0,1,456,0.0,0.0,9,192.0
12792,12792,202.0,1,456,0.0,0.0,10,192.0
12793,12793,203.0,1,456,0.0,0.0,11,192.0
12794,12794,204.0,1,456,0.0,0.0,12,192.0
12795,12795,205.0,1,456,0.0,0.0,13,192.0
12796,12796,164.0,0,457,0.0,0.0,-14,178.0
12797,12797,165.0,0,457,0.0,0.0,-13,178.0
12798,12798,166.0,0,457,0.0,0.0,-12,178.0
12799,12799,167.0,0,457,0.0,0.0,-11,178.0
12800,12800,168.0,0,457,0.0,0.0,-10,178.0
12801,12801,169.0,0,457,0.0,0.0,-9,178.0
12802,12802,170.0,0,457,0.0,0.0,-8,178.0
12803,12803,171.0,0,457,0.0,0.0,-7,178.0
12804,12804,172.0,0,457,0.0,0.0,-6,178.0
12805,12805,173.0,0,457,0.0,0.0,-5,178.0
12806,12806,174.0,0,457,0.0,0.0,-4,178.0
12807,12807,175.0,0,457,0.0,0.0,-3,178.0
12808,12808,176.0,0,457,0.0,0.0,-2,178.0
12809,12809,177.0,0,457,2.0,0.0,-1,178.0
12810,12810,178.0,1,457,14.0,5.0,0,178.0
12811,12811,179.0,1,457,0.0,1.0,1,178.0
12812,12812,180.0,1,457,0.0,0.0,2,178.0
12813,12813,181.0,1,457,0.0,0.0,3,178.0
12814,12814,182.0,1,457,0.0,0.0,4,178.0
12815,12815,183.0,1,457,0.0,0.0,5,178.0
12816,12816,184.0,1,457,0.0,0.0,6,178.0
12817,12817,185.0,1,457,0.0,0.0,7,178.0
12818,12818,186.0,1,457,0.0,0.0,8,178.0
12819,12819,187.0,1,457,1.0,0.0,9,178.0
12820,12820,188.0,1,457,0.0,0.0,10,178.0
12821,12821,189.0,1,457,0.0,0.0,11,178.0
12822,12822,190.0,1,457,0.0,0.0,12,178.0
12823,12823,191.0,1,457,0.0,0.0,13,178.0
12824,12824,95.0,0,458,0.0,0.0,-14,109.0
12825,12825,96.0,0,458,0.0,0.0,-13,109.0
12826,12826,97.0,0,458,0.0,0.0,-12,109.0
12827,12827,98.0,0,458,0.0,0.0,-11,109.0
12828,12828,99.0,0,458,0.0,0.0,-10,109.0
12829,12829,100.0,0,458,0.0,0.0,-9,109.0
12830,12830,101.0,0,458,0.0,0.0,-8,109.0
12831,12831,102.0,0,458,0.0,0.0,-7,109.0
12832,12832,103.0,0,458,0.0,0.0,-6,109.0
12833,12833,104.0,0,458,0.0,0.0,-5,109.0
12834,12834,105.0,0,458,0.0,0.0,-4,109.0
12835,12835,106.0,0,458,0.0,0.0,-3,109.0
12836,12836,107.0,0,458,0.0,0.0,-2,109.0
12837,12837,108.0,0,458,365.0,873.0,-1,109.0
12838,12838,109.0,1,458,1643.0,1920.0,0,109.0
12839,12839,110.0,1,458,283.0,614.0,1,109.0
12840,12840,111.0,1,458,78.0,185.0,2,109.0
12841,12841,112.0,1,458,156.0,196.0,3,109.0
12842,12842,113.0,1,458,114.0,139.0,4,109.0
12843,12843,114.0,1,458,56.0,121.0,5,109.0
12844,12844,115.0,1,458,175.0,352.0,6,109.0
12845,12845,116.0,1,458,1257.0,2437.0,7,109.0
12846,12846,117.0,1,458,135.0,368.0,8,109.0
12847,12847,118.0,1,458,59.0,144.0,9,109.0
12848,12848,119.0,1,458,37.0,119.0,10,109.0
12849,12849,120.0,1,458,452.0,1033.0,11,109.0
12850,12850,121.0,1,458,65.0,197.0,12,109.0
12851,12851,122.0,1,458,136.0,295.0,13,109.0
12852,12852,161.0,0,459,26.0,65.0,-14,175.0
12853,12853,162.0,0,459,28.0,84.0,-13,175.0
12854,12854,163.0,0,459,46.0,81.0,-12,175.0
12855,12855,164.0,0,459,30.0,62.0,-11,175.0
12856,12856,165.0,0,459,64.0,109.0,-10,175.0
12857,12857,166.0,0,459,59.0,91.0,-9,175.0
12858,12858,167.0,0,459,21.0,69.0,-8,175.0
12859,12859,168.0,0,459,23.0,49.0,-7,175.0
12860,12860,169.0,0,459,27.0,67.0,-6,175.0
12861,12861,170.0,0,459,39.0,74.0,-5,175.0
12862,12862,171.0,0,459,37.0,72.0,-4,175.0
12863,12863,172.0,0,459,19.0,62.0,-3,175.0
12864,12864,173.0,0,459,35.0,62.0,-2,175.0
12865,12865,174.0,0,459,46.0,82.0,-1,175.0
12866,12866,175.0,1,459,40.0,68.0,0,175.0
12867,12867,176.0,1,459,34.0,88.0,1,175.0
12868,12868,177.0,1,459,45.0,124.0,2,175.0
12869,12869,178.0,1,459,25.0,95.0,3,175.0
12870,12870,179.0,1,459,19.0,80.0,4,175.0
12871,12871,180.0,1,459,18.0,65.0,5,175.0
12872,12872,181.0,1,459,8.0,41.0,6,175.0
12873,12873,182.0,1,459,18.0,52.0,7,175.0
12874,12874,183.0,1,459,44.0,84.0,8,175.0
12875,12875,184.0,1,459,30.0,77.0,9,175.0
12876,12876,185.0,1,459,31.0,49.0,10,175.0
12877,12877,186.0,1,459,28.0,93.0,11,175.0
12878,12878,187.0,1,459,50.0,110.0,12,175.0
12879,12879,188.0,1,459,37.0,70.0,13,175.0
12880,12880,143.0,0,460,0.0,0.0,-14,157.0
12881,12881,144.0,0,460,0.0,0.0,-13,157.0
12882,12882,145.0,0,460,0.0,0.0,-12,157.0
12883,12883,146.0,0,460,0.0,0.0,-11,157.0
12884,12884,147.0,0,460,0.0,0.0,-10,157.0
12885,12885,148.0,0,460,0.0,0.0,-9,157.0
12886,12886,149.0,0,460,0.0,0.0,-8,157.0
12887,12887,150.0,0,460,0.0,0.0,-7,157.0
12888,12888,151.0,0,460,0.0,0.0,-6,157.0
12889,12889,152.0,0,460,0.0,0.0,-5,157.0
12890,12890,153.0,0,460,0.0,0.0,-4,157.0
12891,12891,154.0,0,460,0.0,0.0,-3,157.0
12892,12892,155.0,0,460,0.0,0.0,-2,157.0
12893,12893,156.0,0,460,1.0,0.0,-1,157.0
12894,12894,157.0,1,460,7.0,3.0,0,157.0
12895,12895,158.0,1,460,2.0,0.0,1,157.0
12896,12896,159.0,1,460,0.0,0.0,2,157.0
12897,12897,160.0,1,460,0.0,1.0,3,157.0
12898,12898,161.0,1,460,0.0,0.0,4,157.0
12899,12899,162.0,1,460,0.0,0.0,5,157.0
12900,12900,163.0,1,460,1.0,0.0,6,157.0
12901,12901,164.0,1,460,0.0,0.0,7,157.0
12902,12902,165.0,1,460,0.0,0.0,8,157.0
12903,12903,166.0,1,460,0.0,0.0,9,157.0
12904,12904,167.0,1,460,1.0,0.0,10,157.0
12905,12905,168.0,1,460,0.0,0.0,11,157.0
12906,12906,169.0,1,460,0.0,0.0,12,157.0
12907,12907,170.0,1,460,0.0,0.0,13,157.0
12908,12908,219.0,0,461,2.0,2.0,-14,233.0
12909,12909,220.0,0,461,2.0,1.0,-13,233.0
12910,12910,221.0,0,461,0.0,3.0,-12,233.0
12911,12911,222.0,0,461,2.0,2.0,-11,233.0
12912,12912,223.0,0,461,3.0,7.0,-10,233.0
12913,12913,224.0,0,461,17.0,52.0,-9,233.0
12914,12914,225.0,0,461,18.0,47.0,-8,233.0
12915,12915,226.0,0,461,8.0,14.0,-7,233.0
12916,12916,227.0,0,461,2.0,1.0,-6,233.0
12917,12917,228.0,0,461,5.0,6.0,-5,233.0
12918,12918,229.0,0,461,2.0,7.0,-4,233.0
12919,12919,230.0,0,461,13.0,37.0,-3,233.0
12920,12920,231.0,0,461,5.0,16.0,-2,233.0
12921,12921,232.0,0,461,50.0,44.0,-1,233.0
12922,12922,233.0,1,461,38.0,19.0,0,233.0
12923,12923,234.0,1,461,5.0,8.0,1,233.0
12924,12924,235.0,1,461,2.0,2.0,2,233.0
12925,12925,236.0,1,461,6.0,21.0,3,233.0
12926,12926,237.0,1,461,2.0,8.0,4,233.0
12927,12927,238.0,1,461,2.0,7.0,5,233.0
12928,12928,239.0,1,461,7.0,8.0,6,233.0
12929,12929,240.0,1,461,4.0,6.0,7,233.0
12930,12930,241.0,1,461,2.0,9.0,8,233.0
12931,12931,242.0,1,461,14.0,43.0,9,233.0
12932,12932,243.0,1,461,4.0,6.0,10,233.0
12933,12933,244.0,1,461,3.0,2.0,11,233.0
12934,12934,245.0,1,461,0.0,3.0,12,233.0
12935,12935,246.0,1,461,1.0,5.0,13,233.0
12936,12936,134.0,0,462,73.0,160.0,-14,148.0
12937,12937,135.0,0,462,67.0,184.0,-13,148.0
12938,12938,136.0,0,462,40.0,218.0,-12,148.0
12939,12939,137.0,0,462,72.0,187.0,-11,148.0
12940,12940,138.0,0,462,46.0,138.0,-10,148.0
12941,12941,139.0,0,462,41.0,125.0,-9,148.0
12942,12942,140.0,0,462,69.0,183.0,-8,148.0
12943,12943,141.0,0,462,62.0,159.0,-7,148.0
12944,12944,142.0,0,462,46.0,141.0,-6,148.0
12945,12945,143.0,0,462,33.0,106.0,-5,148.0
12946,12946,144.0,0,462,36.0,132.0,-4,148.0
12947,12947,145.0,0,462,40.0,117.0,-3,148.0
12948,12948,146.0,0,462,28.0,112.0,-2,148.0
12949,12949,147.0,0,462,45.0,80.0,-1,148.0
12950,12950,148.0,1,462,41.0,70.0,0,148.0
12951,12951,149.0,1,462,35.0,87.0,1,148.0
12952,12952,150.0,1,462,27.0,83.0,2,148.0
12953,12953,151.0,1,462,23.0,88.0,3,148.0
12954,12954,152.0,1,462,23.0,108.0,4,148.0
12955,12955,153.0,1,462,45.0,119.0,5,148.0
12956,12956,154.0,1,462,38.0,98.0,6,148.0
12957,12957,155.0,1,462,24.0,96.0,7,148.0
12958,12958,156.0,1,462,37.0,134.0,8,148.0
12959,12959,157.0,1,462,60.0,118.0,9,148.0
12960,12960,158.0,1,462,47.0,127.0,10,148.0
12961,12961,159.0,1,462,29.0,83.0,11,148.0
12962,12962,160.0,1,462,37.0,73.0,12,148.0
12963,12963,161.0,1,462,15.0,73.0,13,148.0
12964,12964,95.0,0,463,2.0,5.0,-14,109.0
12965,12965,96.0,0,463,9.0,8.0,-13,109.0
12966,12966,97.0,0,463,14.0,13.0,-12,109.0
12967,12967,98.0,0,463,15.0,11.0,-11,109.0
12968,12968,99.0,0,463,21.0,17.0,-10,109.0
12969,12969,100.0,0,463,11.0,10.0,-9,109.0
12970,12970,101.0,0,463,7.0,1.0,-8,109.0
12971,12971,102.0,0,463,11.0,17.0,-7,109.0
12972,12972,103.0,0,463,6.0,26.0,-6,109.0
12973,12973,104.0,0,463,7.0,7.0,-5,109.0
12974,12974,105.0,0,463,9.0,15.0,-4,109.0
12975,12975,106.0,0,463,9.0,22.0,-3,109.0
12976,12976,107.0,0,463,4.0,10.0,-2,109.0
12977,12977,108.0,0,463,12.0,10.0,-1,109.0
12978,12978,109.0,1,463,50.0,39.0,0,109.0
12979,12979,110.0,1,463,7.0,9.0,1,109.0
12980,12980,111.0,1,463,7.0,9.0,2,109.0
12981,12981,112.0,1,463,156.0,199.0,3,109.0
12982,12982,113.0,1,463,32.0,96.0,4,109.0
12983,12983,114.0,1,463,6.0,18.0,5,109.0
12984,12984,115.0,1,463,6.0,17.0,6,109.0
12985,12985,116.0,1,463,12.0,14.0,7,109.0
12986,12986,117.0,1,463,1.0,14.0,8,109.0
12987,12987,118.0,1,463,4.0,13.0,9,109.0
12988,12988,119.0,1,463,6.0,12.0,10,109.0
12989,12989,120.0,1,463,4.0,16.0,11,109.0
12990,12990,121.0,1,463,5.0,12.0,12,109.0
12991,12991,122.0,1,463,12.0,25.0,13,109.0
12992,12992,148.0,0,464,54.0,129.0,-14,162.0
12993,12993,149.0,0,464,37.0,96.0,-13,162.0
12994,12994,150.0,0,464,99.0,253.0,-12,162.0
12995,12995,151.0,0,464,43.0,150.0,-11,162.0
12996,12996,152.0,0,464,36.0,150.0,-10,162.0
12997,12997,153.0,0,464,56.0,129.0,-9,162.0
12998,12998,154.0,0,464,105.0,250.0,-8,162.0
12999,12999,155.0,0,464,82.0,213.0,-7,162.0
13000,13000,156.0,0,464,88.0,253.0,-6,162.0
13001,13001,157.0,0,464,54.0,163.0,-5,162.0
13002,13002,158.0,0,464,22.0,84.0,-4,162.0
13003,13003,159.0,0,464,19.0,86.0,-3,162.0
13004,13004,160.0,0,464,16.0,48.0,-2,162.0
13005,13005,161.0,0,464,13.0,63.0,-1,162.0
13006,13006,162.0,1,464,127.0,99.0,0,162.0
13007,13007,163.0,1,464,31.0,128.0,1,162.0
13008,13008,164.0,1,464,32.0,113.0,2,162.0
13009,13009,165.0,1,464,21.0,102.0,3,162.0
13010,13010,166.0,1,464,24.0,105.0,4,162.0
13011,13011,167.0,1,464,17.0,94.0,5,162.0
13012,13012,168.0,1,464,10.0,55.0,6,162.0
13013,13013,169.0,1,464,13.0,53.0,7,162.0
13014,13014,170.0,1,464,24.0,110.0,8,162.0
13015,13015,171.0,1,464,36.0,120.0,9,162.0
13016,13016,172.0,1,464,21.0,62.0,10,162.0
13017,13017,173.0,1,464,16.0,103.0,11,162.0
13018,13018,174.0,1,464,7.0,54.0,12,162.0
13019,13019,175.0,1,464,9.0,52.0,13,162.0
13020,13020,43.0,0,465,955.0,5599.0,-14,57.0
13021,13021,44.0,0,465,994.0,4241.0,-13,57.0
13022,13022,45.0,0,465,1216.0,5571.0,-12,57.0
13023,13023,46.0,0,465,2053.0,8377.0,-11,57.0
13024,13024,47.0,0,465,868.0,4581.0,-10,57.0
13025,13025,48.0,0,465,1394.0,6567.0,-9,57.0
13026,13026,49.0,0,465,1666.0,6261.0,-8,57.0
13027,13027,50.0,0,465,1089.0,3415.0,-7,57.0
13028,13028,51.0,0,465,389.0,1669.0,-6,57.0
13029,13029,52.0,0,465,353.0,1487.0,-5,57.0
13030,13030,53.0,0,465,213.0,1351.0,-4,57.0
13031,13031,54.0,0,465,346.0,3444.0,-3,57.0
13032,13032,55.0,0,465,663.0,4023.0,-2,57.0
13033,13033,56.0,0,465,340.0,2120.0,-1,57.0
13034,13034,57.0,1,465,250.0,2107.0,0,57.0
13035,13035,58.0,1,465,297.0,2164.0,1,57.0
13036,13036,59.0,1,465,608.0,3558.0,2,57.0
13037,13037,60.0,1,465,237.0,1456.0,3,57.0
13038,13038,61.0,1,465,117.0,1015.0,4,57.0
13039,13039,62.0,1,465,289.0,1753.0,5,57.0
13040,13040,63.0,1,465,292.0,1498.0,6,57.0
13041,13041,64.0,1,465,84.0,704.0,7,57.0
13042,13042,65.0,1,465,85.0,579.0,8,57.0
13043,13043,66.0,1,465,76.0,605.0,9,57.0
13044,13044,67.0,1,465,60.0,531.0,10,57.0
13045,13045,68.0,1,465,71.0,465.0,11,57.0
13046,13046,69.0,1,465,31.0,258.0,12,57.0
13047,13047,70.0,1,465,33.0,234.0,13,57.0
13048,13048,178.0,0,466,1.0,0.0,-14,192.0
13049,13049,179.0,0,466,1.0,2.0,-13,192.0
13050,13050,180.0,0,466,1.0,3.0,-12,192.0
13051,13051,181.0,0,466,1.0,2.0,-11,192.0
13052,13052,182.0,0,466,1.0,5.0,-10,192.0
13053,13053,183.0,0,466,2.0,9.0,-9,192.0
13054,13054,184.0,0,466,2.0,2.0,-8,192.0
13055,13055,185.0,0,466,0.0,4.0,-7,192.0
13056,13056,186.0,0,466,0.0,6.0,-6,192.0
13057,13057,187.0,0,466,1.0,1.0,-5,192.0
13058,13058,188.0,0,466,0.0,2.0,-4,192.0
13059,13059,189.0,0,466,0.0,4.0,-3,192.0
13060,13060,190.0,0,466,1.0,4.0,-2,192.0
13061,13061,191.0,0,466,6.0,3.0,-1,192.0
13062,13062,192.0,1,466,9.0,10.0,0,192.0
13063,13063,193.0,1,466,0.0,2.0,1,192.0
13064,13064,194.0,1,466,1.0,2.0,2,192.0
13065,13065,195.0,1,466,0.0,3.0,3,192.0
13066,13066,196.0,1,466,0.0,1.0,4,192.0
13067,13067,197.0,1,466,3.0,1.0,5,192.0
13068,13068,198.0,1,466,1.0,2.0,6,192.0
13069,13069,199.0,1,466,1.0,5.0,7,192.0
13070,13070,200.0,1,466,0.0,0.0,8,192.0
13071,13071,201.0,1,466,0.0,0.0,9,192.0
13072,13072,202.0,1,466,1.0,0.0,10,192.0
13073,13073,203.0,1,466,0.0,1.0,11,192.0
13074,13074,204.0,1,466,0.0,0.0,12,192.0
13075,13075,205.0,1,466,0.0,1.0,13,192.0
13076,13076,178.0,0,467,4.0,5.0,-14,192.0
13077,13077,179.0,0,467,0.0,1.0,-13,192.0
13078,13078,180.0,0,467,0.0,0.0,-12,192.0
13079,13079,181.0,0,467,0.0,0.0,-11,192.0
13080,13080,182.0,0,467,0.0,1.0,-10,192.0
13081,13081,183.0,0,467,0.0,0.0,-9,192.0
13082,13082,184.0,0,467,0.0,0.0,-8,192.0
13083,13083,185.0,0,467,0.0,0.0,-7,192.0
13084,13084,186.0,0,467,0.0,0.0,-6,192.0
13085,13085,187.0,0,467,0.0,0.0,-5,192.0
13086,13086,188.0,0,467,1.0,0.0,-4,192.0
13087,13087,189.0,0,467,0.0,0.0,-3,192.0
13088,13088,190.0,0,467,0.0,0.0,-2,192.0
13089,13089,191.0,0,467,3.0,1.0,-1,192.0
13090,13090,192.0,1,467,9.0,7.0,0,192.0
13091,13091,193.0,1,467,1.0,0.0,1,192.0
13092,13092,194.0,1,467,1.0,1.0,2,192.0
13093,13093,195.0,1,467,1.0,1.0,3,192.0
13094,13094,196.0,1,467,0.0,0.0,4,192.0
13095,13095,197.0,1,467,1.0,0.0,5,192.0
13096,13096,198.0,1,467,0.0,0.0,6,192.0
13097,13097,199.0,1,467,0.0,0.0,7,192.0
13098,13098,200.0,1,467,0.0,0.0,8,192.0
13099,13099,201.0,1,467,1.0,0.0,9,192.0
13100,13100,202.0,1,467,0.0,0.0,10,192.0
13101,13101,203.0,1,467,0.0,0.0,11,192.0
13102,13102,204.0,1,467,0.0,0.0,12,192.0
13103,13103,205.0,1,467,0.0,0.0,13,192.0
13104,13104,161.0,0,468,1.0,11.0,-14,175.0
13105,13105,162.0,0,468,1.0,10.0,-13,175.0
13106,13106,163.0,0,468,0.0,5.0,-12,175.0
13107,13107,164.0,0,468,0.0,2.0,-11,175.0
13108,13108,165.0,0,468,21.0,14.0,-10,175.0
13109,13109,166.0,0,468,4.0,10.0,-9,175.0
13110,13110,167.0,0,468,1.0,6.0,-8,175.0
13111,13111,168.0,0,468,108.0,82.0,-7,175.0
13112,13112,169.0,0,468,63.0,52.0,-6,175.0
13113,13113,170.0,0,468,4.0,9.0,-5,175.0
13114,13114,171.0,0,468,2.0,12.0,-4,175.0
13115,13115,172.0,0,468,3.0,4.0,-3,175.0
13116,13116,173.0,0,468,7.0,15.0,-2,175.0
13117,13117,174.0,0,468,185.0,100.0,-1,175.0
13118,13118,175.0,1,468,92.0,113.0,0,175.0
13119,13119,176.0,1,468,29.0,23.0,1,175.0
13120,13120,177.0,1,468,6.0,8.0,2,175.0
13121,13121,178.0,1,468,4.0,6.0,3,175.0
13122,13122,179.0,1,468,2.0,7.0,4,175.0
13123,13123,180.0,1,468,4.0,8.0,5,175.0
13124,13124,181.0,1,468,6.0,9.0,6,175.0
13125,13125,182.0,1,468,1.0,2.0,7,175.0
13126,13126,183.0,1,468,3.0,6.0,8,175.0
13127,13127,184.0,1,468,0.0,5.0,9,175.0
13128,13128,185.0,1,468,5.0,23.0,10,175.0
13129,13129,186.0,1,468,2.0,5.0,11,175.0
13130,13130,187.0,1,468,1.0,8.0,12,175.0
13131,13131,188.0,1,468,0.0,6.0,13,175.0
13132,13132,121.0,0,469,7.0,2.0,-14,135.0
13133,13133,122.0,0,469,5.0,2.0,-13,135.0
13134,13134,123.0,0,469,18.0,13.0,-12,135.0
13135,13135,124.0,0,469,8.0,9.0,-11,135.0
13136,13136,125.0,0,469,16.0,6.0,-10,135.0
13137,13137,126.0,0,469,2.0,0.0,-9,135.0
13138,13138,127.0,0,469,4.0,1.0,-8,135.0
13139,13139,128.0,0,469,3.0,1.0,-7,135.0
13140,13140,129.0,0,469,5.0,2.0,-6,135.0
13141,13141,130.0,0,469,2.0,0.0,-5,135.0
13142,13142,131.0,0,469,0.0,2.0,-4,135.0
13143,13143,132.0,0,469,1.0,1.0,-3,135.0
13144,13144,133.0,0,469,1.0,1.0,-2,135.0
13145,13145,134.0,0,469,6.0,2.0,-1,135.0
13146,13146,135.0,1,469,76.0,30.0,0,135.0
13147,13147,136.0,1,469,27.0,19.0,1,135.0
13148,13148,137.0,1,469,3.0,5.0,2,135.0
13149,13149,138.0,1,469,0.0,3.0,3,135.0
13150,13150,139.0,1,469,3.0,2.0,4,135.0
13151,13151,140.0,1,469,1.0,0.0,5,135.0
13152,13152,141.0,1,469,4.0,0.0,6,135.0
13153,13153,142.0,1,469,2.0,1.0,7,135.0
13154,13154,143.0,1,469,1.0,1.0,8,135.0
13155,13155,144.0,1,469,0.0,1.0,9,135.0
13156,13156,145.0,1,469,1.0,0.0,10,135.0
13157,13157,146.0,1,469,1.0,3.0,11,135.0
13158,13158,147.0,1,469,1.0,1.0,12,135.0
13159,13159,148.0,1,469,0.0,0.0,13,135.0
13160,13160,72.0,0,470,0.0,0.0,-14,86.0
13161,13161,73.0,0,470,0.0,3.0,-13,86.0
13162,13162,74.0,0,470,0.0,0.0,-12,86.0
13163,13163,75.0,0,470,0.0,2.0,-11,86.0
13164,13164,76.0,0,470,0.0,1.0,-10,86.0
13165,13165,77.0,0,470,0.0,0.0,-9,86.0
13166,13166,78.0,0,470,0.0,0.0,-8,86.0
13167,13167,79.0,0,470,0.0,0.0,-7,86.0
13168,13168,80.0,0,470,0.0,1.0,-6,86.0
13169,13169,81.0,0,470,1.0,0.0,-5,86.0
13170,13170,82.0,0,470,0.0,0.0,-4,86.0
13171,13171,83.0,0,470,1.0,0.0,-3,86.0
13172,13172,84.0,0,470,0.0,1.0,-2,86.0
13173,13173,85.0,0,470,0.0,0.0,-1,86.0
13174,13174,86.0,1,470,3.0,6.0,0,86.0
13175,13175,87.0,1,470,1.0,1.0,1,86.0
13176,13176,88.0,1,470,1.0,0.0,2,86.0
13177,13177,89.0,1,470,0.0,3.0,3,86.0
13178,13178,90.0,1,470,0.0,0.0,4,86.0
13179,13179,91.0,1,470,0.0,1.0,5,86.0
13180,13180,92.0,1,470,0.0,0.0,6,86.0
13181,13181,93.0,1,470,0.0,0.0,7,86.0
13182,13182,94.0,1,470,0.0,1.0,8,86.0
13183,13183,95.0,1,470,0.0,0.0,9,86.0
13184,13184,96.0,1,470,0.0,0.0,10,86.0
13185,13185,97.0,1,470,1.0,0.0,11,86.0
13186,13186,98.0,1,470,0.0,0.0,12,86.0
13187,13187,99.0,1,470,1.0,1.0,13,86.0
13188,13188,218.0,0,471,57.0,111.0,-14,232.0
13189,13189,219.0,0,471,30.0,66.0,-13,232.0
13190,13190,220.0,0,471,37.0,91.0,-12,232.0
13191,13191,221.0,0,471,49.0,87.0,-11,232.0
13192,13192,222.0,0,471,30.0,68.0,-10,232.0
13193,13193,223.0,0,471,20.0,53.0,-9,232.0
13194,13194,224.0,0,471,19.0,69.0,-8,232.0
13195,13195,225.0,0,471,19.0,35.0,-7,232.0
13196,13196,226.0,0,471,18.0,54.0,-6,232.0
13197,13197,227.0,0,471,23.0,109.0,-5,232.0
13198,13198,228.0,0,471,23.0,48.0,-4,232.0
13199,13199,229.0,0,471,10.0,48.0,-3,232.0
13200,13200,230.0,0,471,16.0,67.0,-2,232.0
13201,13201,231.0,0,471,22.0,51.0,-1,232.0
13202,13202,232.0,1,471,6.0,39.0,0,232.0
13203,13203,233.0,1,471,23.0,54.0,1,232.0
13204,13204,234.0,1,471,12.0,34.0,2,232.0
13205,13205,235.0,1,471,16.0,57.0,3,232.0
13206,13206,236.0,1,471,10.0,69.0,4,232.0
13207,13207,237.0,1,471,29.0,60.0,5,232.0
13208,13208,238.0,1,471,48.0,119.0,6,232.0
13209,13209,239.0,1,471,15.0,62.0,7,232.0
13210,13210,240.0,1,471,104.0,287.0,8,232.0
13211,13211,241.0,1,471,23.0,84.0,9,232.0
13212,13212,242.0,1,471,120.0,263.0,10,232.0
13213,13213,243.0,1,471,28.0,89.0,11,232.0
13214,13214,244.0,1,471,15.0,62.0,12,232.0
13215,13215,245.0,1,471,71.0,236.0,13,232.0
13216,13216,234.0,0,472,1.0,3.0,-14,248.0
13217,13217,235.0,0,472,0.0,1.0,-13,248.0
13218,13218,236.0,0,472,1.0,0.0,-12,248.0
13219,13219,237.0,0,472,2.0,0.0,-11,248.0
13220,13220,238.0,0,472,2.0,0.0,-10,248.0
13221,13221,239.0,0,472,0.0,1.0,-9,248.0
13222,13222,240.0,0,472,1.0,3.0,-8,248.0
13223,13223,241.0,0,472,3.0,4.0,-7,248.0
13224,13224,242.0,0,472,3.0,1.0,-6,248.0
13225,13225,243.0,0,472,2.0,0.0,-5,248.0
13226,13226,244.0,0,472,3.0,2.0,-4,248.0
13227,13227,245.0,0,472,2.0,0.0,-3,248.0
13228,13228,246.0,0,472,0.0,3.0,-2,248.0
13229,13229,247.0,0,472,16.0,17.0,-1,248.0
13230,13230,248.0,1,472,49.0,55.0,0,248.0
13231,13231,249.0,1,472,4.0,2.0,1,248.0
13232,13232,250.0,1,472,0.0,0.0,2,248.0
13233,13233,251.0,1,472,0.0,2.0,3,248.0
13234,13234,252.0,1,472,0.0,0.0,4,248.0
13235,13235,253.0,1,472,0.0,0.0,5,248.0
13236,13236,254.0,1,472,0.0,1.0,6,248.0
13237,13237,255.0,1,472,1.0,2.0,7,248.0
13238,13238,256.0,1,472,0.0,0.0,8,248.0
13239,13239,257.0,1,472,0.0,1.0,9,248.0
13240,13240,258.0,1,472,2.0,1.0,10,248.0
13241,13241,259.0,1,472,0.0,2.0,11,248.0
13242,13242,260.0,1,472,1.0,1.0,12,248.0
13243,13243,261.0,1,472,1.0,1.0,13,248.0
13244,13244,284.0,0,473,10.0,22.0,-14,298.0
13245,13245,285.0,0,473,6.0,31.0,-13,298.0
13246,13246,286.0,0,473,3.0,26.0,-12,298.0
13247,13247,287.0,0,473,5.0,29.0,-11,298.0
13248,13248,288.0,0,473,6.0,22.0,-10,298.0
13249,13249,289.0,0,473,57.0,43.0,-9,298.0
13250,13250,290.0,0,473,115.0,79.0,-8,298.0
13251,13251,291.0,0,473,10.0,39.0,-7,298.0
13252,13252,292.0,0,473,13.0,38.0,-6,298.0
13253,13253,293.0,0,473,7.0,46.0,-5,298.0
13254,13254,294.0,0,473,6.0,37.0,-4,298.0
13255,13255,295.0,0,473,3.0,22.0,-3,298.0
13256,13256,296.0,0,473,19.0,34.0,-2,298.0
13257,13257,297.0,0,473,3.0,29.0,-1,298.0
13258,13258,298.0,1,473,7.0,27.0,0,298.0
13259,13259,299.0,1,473,7.0,23.0,1,298.0
13260,13260,300.0,1,473,11.0,31.0,2,298.0
13261,13261,301.0,1,473,8.0,20.0,3,298.0
13262,13262,302.0,1,473,6.0,27.0,4,298.0
13263,13263,303.0,1,473,3.0,13.0,5,298.0
13264,13264,304.0,1,473,9.0,19.0,6,298.0
13265,13265,305.0,1,473,8.0,27.0,7,298.0
13266,13266,306.0,1,473,9.0,31.0,8,298.0
13267,13267,307.0,1,473,4.0,26.0,9,298.0
13268,13268,308.0,1,473,10.0,23.0,10,298.0
13269,13269,309.0,1,473,7.0,27.0,11,298.0
13270,13270,310.0,1,473,4.0,22.0,12,298.0
13271,13271,311.0,1,473,5.0,37.0,13,298.0
13272,13272,224.0,0,474,5.0,11.0,-14,238.0
13273,13273,225.0,0,474,7.0,11.0,-13,238.0
13274,13274,226.0,0,474,35.0,33.0,-12,238.0
13275,13275,227.0,0,474,14.0,9.0,-11,238.0
13276,13276,228.0,0,474,10.0,12.0,-10,238.0
13277,13277,229.0,0,474,4.0,12.0,-9,238.0
13278,13278,230.0,0,474,5.0,14.0,-8,238.0
13279,13279,231.0,0,474,1.0,6.0,-7,238.0
13280,13280,232.0,0,474,10.0,7.0,-6,238.0
13281,13281,233.0,0,474,6.0,11.0,-5,238.0
13282,13282,234.0,0,474,26.0,44.0,-4,238.0
13283,13283,235.0,0,474,28.0,22.0,-3,238.0
13284,13284,236.0,0,474,12.0,14.0,-2,238.0
13285,13285,237.0,0,474,48.0,15.0,-1,238.0
13286,13286,238.0,1,474,25.0,9.0,0,238.0
13287,13287,239.0,1,474,11.0,9.0,1,238.0
13288,13288,240.0,1,474,5.0,9.0,2,238.0
13289,13289,241.0,1,474,7.0,7.0,3,238.0
13290,13290,242.0,1,474,11.0,7.0,4,238.0
13291,13291,243.0,1,474,2.0,3.0,5,238.0
13292,13292,244.0,1,474,2.0,9.0,6,238.0
13293,13293,245.0,1,474,8.0,18.0,7,238.0
13294,13294,246.0,1,474,6.0,17.0,8,238.0
13295,13295,247.0,1,474,7.0,9.0,9,238.0
13296,13296,248.0,1,474,4.0,4.0,10,238.0
13297,13297,249.0,1,474,7.0,13.0,11,238.0
13298,13298,250.0,1,474,13.0,22.0,12,238.0
13299,13299,251.0,1,474,4.0,7.0,13,238.0
13300,13300,51.0,0,475,50.0,47.0,-14,65.0
13301,13301,52.0,0,475,248.0,150.0,-13,65.0
13302,13302,53.0,0,475,176.0,132.0,-12,65.0
13303,13303,54.0,0,475,116.0,142.0,-11,65.0
13304,13304,55.0,0,475,49.0,45.0,-10,65.0
13305,13305,56.0,0,475,18.0,22.0,-9,65.0
13306,13306,57.0,0,475,28.0,27.0,-8,65.0
13307,13307,58.0,0,475,39.0,31.0,-7,65.0
13308,13308,59.0,0,475,19.0,21.0,-6,65.0
13309,13309,60.0,0,475,18.0,13.0,-5,65.0
13310,13310,61.0,0,475,10.0,12.0,-4,65.0
13311,13311,62.0,0,475,23.0,20.0,-3,65.0
13312,13312,63.0,0,475,15.0,20.0,-2,65.0
13313,13313,64.0,0,475,95.0,94.0,-1,65.0
13314,13314,65.0,1,475,59.0,31.0,0,65.0
13315,13315,66.0,1,475,9.0,12.0,1,65.0
13316,13316,67.0,1,475,6.0,13.0,2,65.0
13317,13317,68.0,1,475,16.0,13.0,3,65.0
13318,13318,69.0,1,475,5.0,18.0,4,65.0
13319,13319,70.0,1,475,9.0,15.0,5,65.0
13320,13320,71.0,1,475,5.0,13.0,6,65.0
13321,13321,72.0,1,475,12.0,21.0,7,65.0
13322,13322,73.0,1,475,10.0,13.0,8,65.0
13323,13323,74.0,1,475,6.0,10.0,9,65.0
13324,13324,75.0,1,475,10.0,15.0,10,65.0
13325,13325,76.0,1,475,1.0,8.0,11,65.0
13326,13326,77.0,1,475,8.0,8.0,12,65.0
13327,13327,78.0,1,475,6.0,11.0,13,65.0
13328,13328,41.0,0,476,33.0,14.0,-14,55.0
13329,13329,42.0,0,476,9.0,8.0,-13,55.0
13330,13330,43.0,0,476,4.0,8.0,-12,55.0
13331,13331,44.0,0,476,12.0,6.0,-11,55.0
13332,13332,45.0,0,476,2.0,2.0,-10,55.0
13333,13333,46.0,0,476,8.0,2.0,-9,55.0
13334,13334,47.0,0,476,2.0,3.0,-8,55.0
13335,13335,48.0,0,476,3.0,2.0,-7,55.0
13336,13336,49.0,0,476,42.0,18.0,-6,55.0
13337,13337,50.0,0,476,39.0,29.0,-5,55.0
13338,13338,51.0,0,476,69.0,53.0,-4,55.0
13339,13339,52.0,0,476,35.0,30.0,-3,55.0
13340,13340,53.0,0,476,17.0,14.0,-2,55.0
13341,13341,54.0,0,476,18.0,12.0,-1,55.0
13342,13342,55.0,1,476,49.0,34.0,0,55.0
13343,13343,56.0,1,476,13.0,4.0,1,55.0
13344,13344,57.0,1,476,30.0,36.0,2,55.0
13345,13345,58.0,1,476,28.0,39.0,3,55.0
13346,13346,59.0,1,476,18.0,11.0,4,55.0
13347,13347,60.0,1,476,13.0,5.0,5,55.0
13348,13348,61.0,1,476,6.0,6.0,6,55.0
13349,13349,62.0,1,476,3.0,3.0,7,55.0
13350,13350,63.0,1,476,3.0,4.0,8,55.0
13351,13351,64.0,1,476,1.0,2.0,9,55.0
13352,13352,65.0,1,476,0.0,0.0,10,55.0
13353,13353,66.0,1,476,3.0,2.0,11,55.0
13354,13354,67.0,1,476,1.0,1.0,12,55.0
13355,13355,68.0,1,476,2.0,2.0,13,55.0
13356,13356,39.0,0,477,4.0,11.0,-14,53.0
13357,13357,40.0,0,477,16.0,28.0,-13,53.0
13358,13358,41.0,0,477,1.0,5.0,-12,53.0
13359,13359,42.0,0,477,3.0,7.0,-11,53.0
13360,13360,43.0,0,477,10.0,5.0,-10,53.0
13361,13361,44.0,0,477,3.0,8.0,-9,53.0
13362,13362,45.0,0,477,7.0,7.0,-8,53.0
13363,13363,46.0,0,477,9.0,5.0,-7,53.0
13364,13364,47.0,0,477,5.0,5.0,-6,53.0
13365,13365,48.0,0,477,0.0,2.0,-5,53.0
13366,13366,49.0,0,477,2.0,3.0,-4,53.0
13367,13367,50.0,0,477,1.0,4.0,-3,53.0
13368,13368,51.0,0,477,7.0,4.0,-2,53.0
13369,13369,52.0,0,477,4.0,6.0,-1,53.0
13370,13370,53.0,1,477,15.0,6.0,0,53.0
13371,13371,54.0,1,477,7.0,8.0,1,53.0
13372,13372,55.0,1,477,5.0,2.0,2,53.0
13373,13373,56.0,1,477,0.0,0.0,3,53.0
13374,13374,57.0,1,477,0.0,4.0,4,53.0
13375,13375,58.0,1,477,1.0,0.0,5,53.0
13376,13376,59.0,1,477,0.0,1.0,6,53.0
13377,13377,60.0,1,477,0.0,3.0,7,53.0
13378,13378,61.0,1,477,0.0,2.0,8,53.0
13379,13379,62.0,1,477,0.0,0.0,9,53.0
13380,13380,63.0,1,477,0.0,0.0,10,53.0
13381,13381,64.0,1,477,0.0,2.0,11,53.0
13382,13382,65.0,1,477,0.0,0.0,12,53.0
13383,13383,66.0,1,477,2.0,2.0,13,53.0
13384,13384,273.0,0,478,4.0,1.0,-14,287.0
13385,13385,274.0,0,478,11.0,5.0,-13,287.0
13386,13386,275.0,0,478,3.0,3.0,-12,287.0
13387,13387,276.0,0,478,1.0,1.0,-11,287.0
13388,13388,277.0,0,478,11.0,4.0,-10,287.0
13389,13389,278.0,0,478,7.0,2.0,-9,287.0
13390,13390,279.0,0,478,0.0,0.0,-8,287.0
13391,13391,280.0,0,478,7.0,7.0,-7,287.0
13392,13392,281.0,0,478,12.0,5.0,-6,287.0
13393,13393,282.0,0,478,18.0,6.0,-5,287.0
13394,13394,283.0,0,478,2.0,0.0,-4,287.0
13395,13395,284.0,0,478,0.0,1.0,-3,287.0
13396,13396,285.0,0,478,9.0,3.0,-2,287.0
13397,13397,286.0,0,478,6.0,1.0,-1,287.0
13398,13398,287.0,1,478,14.0,5.0,0,287.0
13399,13399,288.0,1,478,2.0,5.0,1,287.0
13400,13400,289.0,1,478,152.0,54.0,2,287.0
13401,13401,290.0,1,478,14.0,2.0,3,287.0
13402,13402,291.0,1,478,6.0,3.0,4,287.0
13403,13403,292.0,1,478,21.0,9.0,5,287.0
13404,13404,293.0,1,478,2.0,1.0,6,287.0
13405,13405,294.0,1,478,15.0,11.0,7,287.0
13406,13406,295.0,1,478,7.0,3.0,8,287.0
13407,13407,296.0,1,478,15.0,12.0,9,287.0
13408,13408,297.0,1,478,15.0,5.0,10,287.0
13409,13409,298.0,1,478,5.0,2.0,11,287.0
13410,13410,299.0,1,478,1.0,1.0,12,287.0
13411,13411,300.0,1,478,7.0,0.0,13,287.0
13412,13412,126.0,0,479,1.0,1.0,-14,140.0
13413,13413,127.0,0,479,0.0,0.0,-13,140.0
13414,13414,128.0,0,479,0.0,0.0,-12,140.0
13415,13415,129.0,0,479,0.0,0.0,-11,140.0
13416,13416,130.0,0,479,0.0,0.0,-10,140.0
13417,13417,131.0,0,479,0.0,0.0,-9,140.0
13418,13418,132.0,0,479,0.0,0.0,-8,140.0
13419,13419,133.0,0,479,0.0,0.0,-7,140.0
13420,13420,134.0,0,479,0.0,0.0,-6,140.0
13421,13421,135.0,0,479,0.0,0.0,-5,140.0
13422,13422,136.0,0,479,0.0,0.0,-4,140.0
13423,13423,137.0,0,479,0.0,0.0,-3,140.0
13424,13424,138.0,0,479,0.0,0.0,-2,140.0
13425,13425,139.0,0,479,0.0,1.0,-1,140.0
13426,13426,140.0,1,479,1.0,1.0,0,140.0
13427,13427,141.0,1,479,0.0,0.0,1,140.0
13428,13428,142.0,1,479,0.0,0.0,2,140.0
13429,13429,143.0,1,479,0.0,0.0,3,140.0
13430,13430,144.0,1,479,0.0,0.0,4,140.0
13431,13431,145.0,1,479,0.0,0.0,5,140.0
13432,13432,146.0,1,479,0.0,0.0,6,140.0
13433,13433,147.0,1,479,0.0,0.0,7,140.0
13434,13434,148.0,1,479,0.0,0.0,8,140.0
13435,13435,149.0,1,479,0.0,0.0,9,140.0
13436,13436,150.0,1,479,0.0,0.0,10,140.0
13437,13437,151.0,1,479,0.0,0.0,11,140.0
13438,13438,152.0,1,479,0.0,0.0,12,140.0
13439,13439,153.0,1,479,0.0,0.0,13,140.0
13440,13440,227.0,0,480,15.0,18.0,-14,241.0
13441,13441,228.0,0,480,9.0,6.0,-13,241.0
13442,13442,229.0,0,480,4.0,7.0,-12,241.0
13443,13443,230.0,0,480,8.0,7.0,-11,241.0
13444,13444,231.0,0,480,5.0,12.0,-10,241.0
13445,13445,232.0,0,480,3.0,5.0,-9,241.0
13446,13446,233.0,0,480,5.0,4.0,-8,241.0
13447,13447,234.0,0,480,4.0,6.0,-7,241.0
13448,13448,235.0,0,480,6.0,3.0,-6,241.0
13449,13449,236.0,0,480,2.0,1.0,-5,241.0
13450,13450,237.0,0,480,4.0,4.0,-4,241.0
13451,13451,238.0,0,480,42.0,51.0,-3,241.0
13452,13452,239.0,0,480,5.0,7.0,-2,241.0
13453,13453,240.0,0,480,131.0,97.0,-1,241.0
13454,13454,241.0,1,480,186.0,158.0,0,241.0
13455,13455,242.0,1,480,57.0,72.0,1,241.0
13456,13456,243.0,1,480,58.0,63.0,2,241.0
13457,13457,244.0,1,480,13.0,16.0,3,241.0
13458,13458,245.0,1,480,3.0,6.0,4,241.0
13459,13459,246.0,1,480,42.0,49.0,5,241.0
13460,13460,247.0,1,480,35.0,61.0,6,241.0
13461,13461,248.0,1,480,21.0,35.0,7,241.0
13462,13462,249.0,1,480,21.0,15.0,8,241.0
13463,13463,250.0,1,480,13.0,18.0,9,241.0
13464,13464,251.0,1,480,7.0,12.0,10,241.0
13465,13465,252.0,1,480,44.0,66.0,11,241.0
13466,13466,253.0,1,480,7.0,9.0,12,241.0
13467,13467,254.0,1,480,15.0,16.0,13,241.0
13468,13468,126.0,0,481,16.0,22.0,-14,140.0
13469,13469,127.0,0,481,15.0,8.0,-13,140.0
13470,13470,128.0,0,481,12.0,9.0,-12,140.0
13471,13471,129.0,0,481,15.0,12.0,-11,140.0
13472,13472,130.0,0,481,9.0,11.0,-10,140.0
13473,13473,131.0,0,481,18.0,13.0,-9,140.0
13474,13474,132.0,0,481,14.0,12.0,-8,140.0
13475,13475,133.0,0,481,8.0,5.0,-7,140.0
13476,13476,134.0,0,481,7.0,7.0,-6,140.0
13477,13477,135.0,0,481,41.0,11.0,-5,140.0
13478,13478,136.0,0,481,27.0,39.0,-4,140.0
13479,13479,137.0,0,481,15.0,9.0,-3,140.0
13480,13480,138.0,0,481,11.0,3.0,-2,140.0
13481,13481,139.0,0,481,23.0,11.0,-1,140.0
13482,13482,140.0,1,481,39.0,10.0,0,140.0
13483,13483,141.0,1,481,26.0,32.0,1,140.0
13484,13484,142.0,1,481,13.0,31.0,2,140.0
13485,13485,143.0,1,481,7.0,12.0,3,140.0
13486,13486,144.0,1,481,9.0,12.0,4,140.0
13487,13487,145.0,1,481,11.0,6.0,5,140.0
13488,13488,146.0,1,481,12.0,4.0,6,140.0
13489,13489,147.0,1,481,12.0,11.0,7,140.0
13490,13490,148.0,1,481,25.0,25.0,8,140.0
13491,13491,149.0,1,481,4.0,9.0,9,140.0
13492,13492,150.0,1,481,4.0,8.0,10,140.0
13493,13493,151.0,1,481,6.0,4.0,11,140.0
13494,13494,152.0,1,481,6.0,6.0,12,140.0
13495,13495,153.0,1,481,8.0,4.0,13,140.0
13496,13496,45.0,0,482,41.0,275.0,-14,59.0
13497,13497,46.0,0,482,21.0,101.0,-13,59.0
13498,13498,47.0,0,482,6.0,33.0,-12,59.0
13499,13499,48.0,0,482,8.0,30.0,-11,59.0
13500,13500,49.0,0,482,11.0,28.0,-10,59.0
13501,13501,50.0,0,482,6.0,35.0,-9,59.0
13502,13502,51.0,0,482,11.0,26.0,-8,59.0
13503,13503,52.0,0,482,9.0,29.0,-7,59.0
13504,13504,53.0,0,482,37.0,175.0,-6,59.0
13505,13505,54.0,0,482,36.0,116.0,-5,59.0
13506,13506,55.0,0,482,9.0,38.0,-4,59.0
13507,13507,56.0,0,482,8.0,34.0,-3,59.0
13508,13508,57.0,0,482,15.0,35.0,-2,59.0
13509,13509,58.0,0,482,29.0,32.0,-1,59.0
13510,13510,59.0,1,482,92.0,67.0,0,59.0
13511,13511,60.0,1,482,15.0,27.0,1,59.0
13512,13512,61.0,1,482,3.0,14.0,2,59.0
13513,13513,62.0,1,482,7.0,12.0,3,59.0
13514,13514,63.0,1,482,3.0,8.0,4,59.0
13515,13515,64.0,1,482,2.0,10.0,5,59.0
13516,13516,65.0,1,482,2.0,14.0,6,59.0
13517,13517,66.0,1,482,4.0,5.0,7,59.0
13518,13518,67.0,1,482,4.0,6.0,8,59.0
13519,13519,68.0,1,482,2.0,11.0,9,59.0
13520,13520,69.0,1,482,7.0,14.0,10,59.0
13521,13521,70.0,1,482,1.0,4.0,11,59.0
13522,13522,71.0,1,482,2.0,2.0,12,59.0
13523,13523,72.0,1,482,4.0,21.0,13,59.0
13524,13524,234.0,0,483,0.0,0.0,-14,248.0
13525,13525,235.0,0,483,0.0,0.0,-13,248.0
13526,13526,236.0,0,483,0.0,0.0,-12,248.0
13527,13527,237.0,0,483,0.0,0.0,-11,248.0
13528,13528,238.0,0,483,0.0,0.0,-10,248.0
13529,13529,239.0,0,483,0.0,0.0,-9,248.0
13530,13530,240.0,0,483,0.0,0.0,-8,248.0
13531,13531,241.0,0,483,0.0,1.0,-7,248.0
13532,13532,242.0,0,483,0.0,1.0,-6,248.0
13533,13533,243.0,0,483,0.0,1.0,-5,248.0
13534,13534,244.0,0,483,0.0,0.0,-4,248.0
13535,13535,245.0,0,483,0.0,0.0,-3,248.0
13536,13536,246.0,0,483,1.0,0.0,-2,248.0
13537,13537,247.0,0,483,3.0,3.0,-1,248.0
13538,13538,248.0,1,483,8.0,7.0,0,248.0
13539,13539,249.0,1,483,0.0,0.0,1,248.0
13540,13540,250.0,1,483,0.0,1.0,2,248.0
13541,13541,251.0,1,483,0.0,0.0,3,248.0
13542,13542,252.0,1,483,0.0,0.0,4,248.0
13543,13543,253.0,1,483,0.0,0.0,5,248.0
13544,13544,254.0,1,483,0.0,0.0,6,248.0
13545,13545,255.0,1,483,0.0,0.0,7,248.0
13546,13546,256.0,1,483,0.0,0.0,8,248.0
13547,13547,257.0,1,483,0.0,0.0,9,248.0
13548,13548,258.0,1,483,0.0,0.0,10,248.0
13549,13549,259.0,1,483,0.0,0.0,11,248.0
13550,13550,260.0,1,483,0.0,0.0,12,248.0
13551,13551,261.0,1,483,0.0,0.0,13,248.0
13552,13552,163.0,0,484,38.0,178.0,-14,177.0
13553,13553,164.0,0,484,251.0,471.0,-13,177.0
13554,13554,165.0,0,484,64.0,158.0,-12,177.0
13555,13555,166.0,0,484,206.0,474.0,-11,177.0
13556,13556,167.0,0,484,116.0,297.0,-10,177.0
13557,13557,168.0,0,484,75.0,178.0,-9,177.0
13558,13558,169.0,0,484,47.0,117.0,-8,177.0
13559,13559,170.0,0,484,48.0,118.0,-7,177.0
13560,13560,171.0,0,484,33.0,146.0,-6,177.0
13561,13561,172.0,0,484,158.0,432.0,-5,177.0
13562,13562,173.0,0,484,335.0,1004.0,-4,177.0
13563,13563,174.0,0,484,102.0,403.0,-3,177.0
13564,13564,175.0,0,484,66.0,199.0,-2,177.0
13565,13565,176.0,0,484,87.0,233.0,-1,177.0
13566,13566,177.0,1,484,69.0,271.0,0,177.0
13567,13567,178.0,1,484,55.0,217.0,1,177.0
13568,13568,179.0,1,484,102.0,295.0,2,177.0
13569,13569,180.0,1,484,23.0,149.0,3,177.0
13570,13570,181.0,1,484,17.0,102.0,4,177.0
13571,13571,182.0,1,484,17.0,105.0,5,177.0
13572,13572,183.0,1,484,40.0,117.0,6,177.0
13573,13573,184.0,1,484,18.0,67.0,7,177.0
13574,13574,185.0,1,484,10.0,72.0,8,177.0
13575,13575,186.0,1,484,41.0,130.0,9,177.0
13576,13576,187.0,1,484,39.0,108.0,10,177.0
13577,13577,188.0,1,484,35.0,150.0,11,177.0
13578,13578,189.0,1,484,27.0,97.0,12,177.0
13579,13579,190.0,1,484,52.0,196.0,13,177.0
13580,13580,182.0,0,485,5.0,17.0,-14,196.0
13581,13581,183.0,0,485,92.0,66.0,-13,196.0
13582,13582,184.0,0,485,41.0,27.0,-12,196.0
13583,13583,185.0,0,485,16.0,7.0,-11,196.0
13584,13584,186.0,0,485,9.0,9.0,-10,196.0
13585,13585,187.0,0,485,34.0,30.0,-9,196.0
13586,13586,188.0,0,485,15.0,22.0,-8,196.0
13587,13587,189.0,0,485,13.0,18.0,-7,196.0
13588,13588,190.0,0,485,24.0,21.0,-6,196.0
13589,13589,191.0,0,485,6.0,9.0,-5,196.0
13590,13590,192.0,0,485,4.0,9.0,-4,196.0
13591,13591,193.0,0,485,8.0,12.0,-3,196.0
13592,13592,194.0,0,485,14.0,15.0,-2,196.0
13593,13593,195.0,0,485,16.0,18.0,-1,196.0
13594,13594,196.0,1,485,59.0,44.0,0,196.0
13595,13595,197.0,1,485,13.0,14.0,1,196.0
13596,13596,198.0,1,485,6.0,7.0,2,196.0
13597,13597,199.0,1,485,2.0,4.0,3,196.0
13598,13598,200.0,1,485,3.0,5.0,4,196.0
13599,13599,201.0,1,485,6.0,7.0,5,196.0
13600,13600,202.0,1,485,6.0,5.0,6,196.0
13601,13601,203.0,1,485,1.0,5.0,7,196.0
13602,13602,204.0,1,485,2.0,2.0,8,196.0
13603,13603,205.0,1,485,1.0,8.0,9,196.0
13604,13604,206.0,1,485,12.0,11.0,10,196.0
13605,13605,207.0,1,485,4.0,6.0,11,196.0
13606,13606,208.0,1,485,4.0,7.0,12,196.0
13607,13607,209.0,1,485,2.0,2.0,13,196.0
13608,13608,39.0,0,486,0.0,0.0,-14,53.0
13609,13609,40.0,0,486,0.0,0.0,-13,53.0
13610,13610,41.0,0,486,15.0,22.0,-12,53.0
13611,13611,42.0,0,486,39.0,84.0,-11,53.0
13612,13612,43.0,0,486,16.0,32.0,-10,53.0
13613,13613,44.0,0,486,16.0,24.0,-9,53.0
13614,13614,45.0,0,486,29.0,38.0,-8,53.0
13615,13615,46.0,0,486,18.0,47.0,-7,53.0
13616,13616,47.0,0,486,44.0,76.0,-6,53.0
13617,13617,48.0,0,486,22.0,27.0,-5,53.0
13618,13618,49.0,0,486,12.0,19.0,-4,53.0
13619,13619,50.0,0,486,21.0,36.0,-3,53.0
13620,13620,51.0,0,486,11.0,17.0,-2,53.0
13621,13621,52.0,0,486,23.0,24.0,-1,53.0
13622,13622,53.0,1,486,22.0,23.0,0,53.0
13623,13623,54.0,1,486,13.0,20.0,1,53.0
13624,13624,55.0,1,486,10.0,19.0,2,53.0
13625,13625,56.0,1,486,5.0,9.0,3,53.0
13626,13626,57.0,1,486,4.0,16.0,4,53.0
13627,13627,58.0,1,486,13.0,16.0,5,53.0
13628,13628,59.0,1,486,9.0,18.0,6,53.0
13629,13629,60.0,1,486,2.0,18.0,7,53.0
13630,13630,61.0,1,486,5.0,9.0,8,53.0
13631,13631,62.0,1,486,2.0,5.0,9,53.0
13632,13632,63.0,1,486,3.0,7.0,10,53.0
13633,13633,64.0,1,486,1.0,6.0,11,53.0
13634,13634,65.0,1,486,1.0,6.0,12,53.0
13635,13635,66.0,1,486,3.0,4.0,13,53.0
13636,13636,152.0,0,487,40.0,89.0,-14,166.0
13637,13637,153.0,0,487,113.0,216.0,-13,166.0
13638,13638,154.0,0,487,154.0,308.0,-12,166.0
13639,13639,155.0,0,487,121.0,279.0,-11,166.0
13640,13640,156.0,0,487,65.0,146.0,-10,166.0
13641,13641,157.0,0,487,55.0,143.0,-9,166.0
13642,13642,158.0,0,487,29.0,70.0,-8,166.0
13643,13643,159.0,0,487,32.0,68.0,-7,166.0
13644,13644,160.0,0,487,66.0,126.0,-6,166.0
13645,13645,161.0,0,487,43.0,113.0,-5,166.0
13646,13646,162.0,0,487,43.0,95.0,-4,166.0
13647,13647,163.0,0,487,92.0,186.0,-3,166.0
13648,13648,164.0,0,487,41.0,108.0,-2,166.0
13649,13649,165.0,0,487,1054.0,1590.0,-1,166.0
13650,13650,166.0,1,487,317.0,529.0,0,166.0
13651,13651,167.0,1,487,77.0,144.0,1,166.0
13652,13652,168.0,1,487,33.0,76.0,2,166.0
13653,13653,169.0,1,487,363.0,544.0,3,166.0
13654,13654,170.0,1,487,260.0,465.0,4,166.0
13655,13655,171.0,1,487,21.0,61.0,5,166.0
13656,13656,172.0,1,487,271.0,324.0,6,166.0
13657,13657,173.0,1,487,600.0,937.0,7,166.0
13658,13658,174.0,1,487,70.0,203.0,8,166.0
13659,13659,175.0,1,487,25.0,79.0,9,166.0
13660,13660,176.0,1,487,150.0,269.0,10,166.0
13661,13661,177.0,1,487,52.0,100.0,11,166.0
13662,13662,178.0,1,487,10.0,55.0,12,166.0
13663,13663,179.0,1,487,104.0,206.0,13,166.0
13664,13664,164.0,0,488,1.0,0.0,-14,178.0
13665,13665,165.0,0,488,1.0,0.0,-13,178.0
13666,13666,166.0,0,488,2.0,2.0,-12,178.0
13667,13667,167.0,0,488,1.0,1.0,-11,178.0
13668,13668,168.0,0,488,0.0,1.0,-10,178.0
13669,13669,169.0,0,488,1.0,1.0,-9,178.0
13670,13670,170.0,0,488,0.0,1.0,-8,178.0
13671,13671,171.0,0,488,0.0,1.0,-7,178.0
13672,13672,172.0,0,488,2.0,0.0,-6,178.0
13673,13673,173.0,0,488,2.0,2.0,-5,178.0
13674,13674,174.0,0,488,1.0,0.0,-4,178.0
13675,13675,175.0,0,488,1.0,2.0,-3,178.0
13676,13676,176.0,0,488,0.0,2.0,-2,178.0
13677,13677,177.0,0,488,1.0,4.0,-1,178.0
13678,13678,178.0,1,488,20.0,11.0,0,178.0
13679,13679,179.0,1,488,3.0,6.0,1,178.0
13680,13680,180.0,1,488,5.0,5.0,2,178.0
13681,13681,181.0,1,488,2.0,2.0,3,178.0
13682,13682,182.0,1,488,1.0,2.0,4,178.0
13683,13683,183.0,1,488,2.0,0.0,5,178.0
13684,13684,184.0,1,488,2.0,2.0,6,178.0
13685,13685,185.0,1,488,0.0,1.0,7,178.0
13686,13686,186.0,1,488,0.0,0.0,8,178.0
13687,13687,187.0,1,488,4.0,3.0,9,178.0
13688,13688,188.0,1,488,1.0,1.0,10,178.0
13689,13689,189.0,1,488,2.0,0.0,11,178.0
13690,13690,190.0,1,488,0.0,0.0,12,178.0
13691,13691,191.0,1,488,1.0,0.0,13,178.0
13692,13692,42.0,0,489,1363.0,5419.0,-14,56.0
13693,13693,43.0,0,489,1511.0,5032.0,-13,56.0
13694,13694,44.0,0,489,967.0,4019.0,-12,56.0
13695,13695,45.0,0,489,583.0,1805.0,-11,56.0
13696,13696,46.0,0,489,916.0,2727.0,-10,56.0
13697,13697,47.0,0,489,708.0,1969.0,-9,56.0
13698,13698,48.0,0,489,385.0,787.0,-8,56.0
13699,13699,49.0,0,489,205.0,407.0,-7,56.0
13700,13700,50.0,0,489,150.0,302.0,-6,56.0
13701,13701,51.0,0,489,184.0,333.0,-5,56.0
13702,13702,52.0,0,489,1140.0,1988.0,-4,56.0
13703,13703,53.0,0,489,265.0,514.0,-3,56.0
13704,13704,54.0,0,489,220.0,453.0,-2,56.0
13705,13705,55.0,0,489,4102.0,13037.0,-1,56.0
13706,13706,56.0,1,489,1045.0,4174.0,0,56.0
13707,13707,57.0,1,489,393.0,1371.0,1,56.0
13708,13708,58.0,1,489,524.0,1251.0,2,56.0
13709,13709,59.0,1,489,163.0,425.0,3,56.0
13710,13710,60.0,1,489,66.0,239.0,4,56.0
13711,13711,61.0,1,489,39.0,196.0,5,56.0
13712,13712,62.0,1,489,53.0,186.0,6,56.0
13713,13713,63.0,1,489,59.0,216.0,7,56.0
13714,13714,64.0,1,489,56.0,200.0,8,56.0
13715,13715,65.0,1,489,96.0,277.0,9,56.0
13716,13716,66.0,1,489,119.0,345.0,10,56.0
13717,13717,67.0,1,489,35.0,162.0,11,56.0
13718,13718,68.0,1,489,38.0,160.0,12,56.0
13719,13719,69.0,1,489,59.0,194.0,13,56.0
13720,13720,50.0,0,490,5.0,33.0,-14,64.0
13721,13721,51.0,0,490,1.0,37.0,-13,64.0
13722,13722,52.0,0,490,12.0,66.0,-12,64.0
13723,13723,53.0,0,490,14.0,49.0,-11,64.0
13724,13724,54.0,0,490,6.0,42.0,-10,64.0
13725,13725,55.0,0,490,9.0,38.0,-9,64.0
13726,13726,56.0,0,490,6.0,26.0,-8,64.0
13727,13727,57.0,0,490,3.0,25.0,-7,64.0
13728,13728,58.0,0,490,2.0,16.0,-6,64.0
13729,13729,59.0,0,490,3.0,21.0,-5,64.0
13730,13730,60.0,0,490,3.0,16.0,-4,64.0
13731,13731,61.0,0,490,4.0,22.0,-3,64.0
13732,13732,62.0,0,490,7.0,8.0,-2,64.0
13733,13733,63.0,0,490,3.0,17.0,-1,64.0
13734,13734,64.0,1,490,21.0,17.0,0,64.0
13735,13735,65.0,1,490,4.0,18.0,1,64.0
13736,13736,66.0,1,490,2.0,29.0,2,64.0
13737,13737,67.0,1,490,3.0,17.0,3,64.0
13738,13738,68.0,1,490,2.0,24.0,4,64.0
13739,13739,69.0,1,490,0.0,23.0,5,64.0
13740,13740,70.0,1,490,1.0,17.0,6,64.0
13741,13741,71.0,1,490,2.0,14.0,7,64.0
13742,13742,72.0,1,490,0.0,8.0,8,64.0
13743,13743,73.0,1,490,1.0,3.0,9,64.0
13744,13744,74.0,1,490,0.0,5.0,10,64.0
13745,13745,75.0,1,490,1.0,3.0,11,64.0
13746,13746,76.0,1,490,2.0,5.0,12,64.0
13747,13747,77.0,1,490,2.0,6.0,13,64.0
13748,13748,31.0,0,491,33.0,167.0,-14,45.0
13749,13749,32.0,0,491,44.0,277.0,-13,45.0
13750,13750,33.0,0,491,16.0,171.0,-12,45.0
13751,13751,34.0,0,491,10.0,158.0,-11,45.0
13752,13752,35.0,0,491,94.0,457.0,-10,45.0
13753,13753,36.0,0,491,28.0,175.0,-9,45.0
13754,13754,37.0,0,491,26.0,248.0,-8,45.0
13755,13755,38.0,0,491,8.0,149.0,-7,45.0
13756,13756,39.0,0,491,22.0,169.0,-6,45.0
13757,13757,40.0,0,491,27.0,169.0,-5,45.0
13758,13758,41.0,0,491,21.0,168.0,-4,45.0
13759,13759,42.0,0,491,18.0,109.0,-3,45.0
13760,13760,43.0,0,491,10.0,97.0,-2,45.0
13761,13761,44.0,0,491,50.0,143.0,-1,45.0
13762,13762,45.0,1,491,130.0,128.0,0,45.0
13763,13763,46.0,1,491,27.0,100.0,1,45.0
13764,13764,47.0,1,491,25.0,138.0,2,45.0
13765,13765,48.0,1,491,12.0,105.0,3,45.0
13766,13766,49.0,1,491,3.0,35.0,4,45.0
13767,13767,50.0,1,491,2.0,21.0,5,45.0
13768,13768,51.0,1,491,5.0,29.0,6,45.0
13769,13769,52.0,1,491,6.0,38.0,7,45.0
13770,13770,53.0,1,491,5.0,42.0,8,45.0
13771,13771,54.0,1,491,27.0,51.0,9,45.0
13772,13772,55.0,1,491,12.0,46.0,10,45.0
13773,13773,56.0,1,491,5.0,56.0,11,45.0
13774,13774,57.0,1,491,2.0,41.0,12,45.0
13775,13775,58.0,1,491,0.0,23.0,13,45.0
13776,13776,90.0,0,492,0.0,5.0,-14,104.0
13777,13777,91.0,0,492,0.0,3.0,-13,104.0
13778,13778,92.0,0,492,0.0,6.0,-12,104.0
13779,13779,93.0,0,492,0.0,1.0,-11,104.0
13780,13780,94.0,0,492,0.0,1.0,-10,104.0
13781,13781,95.0,0,492,1.0,1.0,-9,104.0
13782,13782,96.0,0,492,0.0,2.0,-8,104.0
13783,13783,97.0,0,492,1.0,3.0,-7,104.0
13784,13784,98.0,0,492,0.0,1.0,-6,104.0
13785,13785,99.0,0,492,0.0,1.0,-5,104.0
13786,13786,100.0,0,492,1.0,2.0,-4,104.0
13787,13787,101.0,0,492,1.0,1.0,-3,104.0
13788,13788,102.0,0,492,1.0,4.0,-2,104.0
13789,13789,103.0,0,492,35.0,29.0,-1,104.0
13790,13790,104.0,1,492,48.0,41.0,0,104.0
13791,13791,105.0,1,492,8.0,9.0,1,104.0
13792,13792,106.0,1,492,0.0,4.0,2,104.0
13793,13793,107.0,1,492,0.0,2.0,3,104.0
13794,13794,108.0,1,492,0.0,2.0,4,104.0
13795,13795,109.0,1,492,2.0,6.0,5,104.0
13796,13796,110.0,1,492,12.0,11.0,6,104.0
13797,13797,111.0,1,492,3.0,6.0,7,104.0
13798,13798,112.0,1,492,3.0,1.0,8,104.0
13799,13799,113.0,1,492,0.0,2.0,9,104.0
13800,13800,114.0,1,492,0.0,0.0,10,104.0
13801,13801,115.0,1,492,2.0,3.0,11,104.0
13802,13802,116.0,1,492,1.0,3.0,12,104.0
13803,13803,117.0,1,492,3.0,1.0,13,104.0
13804,13804,14.0,0,493,9.0,197.0,-14,28.0
13805,13805,15.0,0,493,4.0,123.0,-13,28.0
13806,13806,16.0,0,493,11.0,230.0,-12,28.0
13807,13807,17.0,0,493,1.0,78.0,-11,28.0
13808,13808,18.0,0,493,6.0,98.0,-10,28.0
13809,13809,19.0,0,493,0.0,79.0,-9,28.0
13810,13810,20.0,0,493,5.0,119.0,-8,28.0
13811,13811,21.0,0,493,0.0,48.0,-7,28.0
13812,13812,22.0,0,493,2.0,91.0,-6,28.0
13813,13813,23.0,0,493,4.0,88.0,-5,28.0
13814,13814,24.0,0,493,2.0,44.0,-4,28.0
13815,13815,25.0,0,493,16.0,469.0,-3,28.0
13816,13816,26.0,0,493,8.0,376.0,-2,28.0
13817,13817,27.0,0,493,61.0,2189.0,-1,28.0
13818,13818,28.0,1,493,72.0,2364.0,0,28.0
13819,13819,29.0,1,493,33.0,1748.0,1,28.0
13820,13820,30.0,1,493,53.0,2515.0,2,28.0
13821,13821,31.0,1,493,94.0,4413.0,3,28.0
13822,13822,32.0,1,493,57.0,3953.0,4,28.0
13823,13823,33.0,1,493,19.0,3760.0,5,28.0
13824,13824,34.0,1,493,15.0,4032.0,6,28.0
13825,13825,35.0,1,493,22.0,3731.0,7,28.0
13826,13826,36.0,1,493,11.0,3013.0,8,28.0
13827,13827,37.0,1,493,9.0,2973.0,9,28.0
13828,13828,38.0,1,493,13.0,2239.0,10,28.0
13829,13829,39.0,1,493,5.0,1800.0,11,28.0
13830,13830,40.0,1,493,9.0,8004.0,12,28.0
13831,13831,41.0,1,493,9.0,3562.0,13,28.0
13832,13832,164.0,0,494,1.0,0.0,-14,178.0
13833,13833,165.0,0,494,1.0,7.0,-13,178.0
13834,13834,166.0,0,494,2.0,3.0,-12,178.0
13835,13835,167.0,0,494,3.0,3.0,-11,178.0
13836,13836,168.0,0,494,1.0,2.0,-10,178.0
13837,13837,169.0,0,494,2.0,1.0,-9,178.0
13838,13838,170.0,0,494,2.0,2.0,-8,178.0
13839,13839,171.0,0,494,0.0,2.0,-7,178.0
13840,13840,172.0,0,494,1.0,2.0,-6,178.0
13841,13841,173.0,0,494,1.0,2.0,-5,178.0
13842,13842,174.0,0,494,4.0,7.0,-4,178.0
13843,13843,175.0,0,494,3.0,1.0,-3,178.0
13844,13844,176.0,0,494,2.0,3.0,-2,178.0
13845,13845,177.0,0,494,135.0,49.0,-1,178.0
13846,13846,178.0,1,494,1652.0,1382.0,0,178.0
13847,13847,179.0,1,494,85.0,74.0,1,178.0
13848,13848,180.0,1,494,18.0,16.0,2,178.0
13849,13849,181.0,1,494,11.0,9.0,3,178.0
13850,13850,182.0,1,494,10.0,4.0,4,178.0
13851,13851,183.0,1,494,25.0,6.0,5,178.0
13852,13852,184.0,1,494,55.0,25.0,6,178.0
13853,13853,185.0,1,494,25.0,9.0,7,178.0
13854,13854,186.0,1,494,35.0,29.0,8,178.0
13855,13855,187.0,1,494,14.0,14.0,9,178.0
13856,13856,188.0,1,494,11.0,8.0,10,178.0
13857,13857,189.0,1,494,9.0,10.0,11,178.0
13858,13858,190.0,1,494,2.0,7.0,12,178.0
13859,13859,191.0,1,494,10.0,3.0,13,178.0
13860,13860,183.0,0,495,2.0,7.0,-14,197.0
13861,13861,184.0,0,495,1.0,3.0,-13,197.0
13862,13862,185.0,0,495,1.0,0.0,-12,197.0
13863,13863,186.0,0,495,12.0,3.0,-11,197.0
13864,13864,187.0,0,495,112.0,34.0,-10,197.0
13865,13865,188.0,0,495,105.0,61.0,-9,197.0
13866,13866,189.0,0,495,32.0,26.0,-8,197.0
13867,13867,190.0,0,495,8.0,11.0,-7,197.0
13868,13868,191.0,0,495,4.0,7.0,-6,197.0
13869,13869,192.0,0,495,12.0,4.0,-5,197.0
13870,13870,193.0,0,495,10.0,6.0,-4,197.0
13871,13871,194.0,0,495,6.0,3.0,-3,197.0
13872,13872,195.0,0,495,9.0,3.0,-2,197.0
13873,13873,196.0,0,495,141.0,88.0,-1,197.0
13874,13874,197.0,1,495,61.0,38.0,0,197.0
13875,13875,198.0,1,495,25.0,16.0,1,197.0
13876,13876,199.0,1,495,61.0,29.0,2,197.0
13877,13877,200.0,1,495,142.0,39.0,3,197.0
13878,13878,201.0,1,495,7.0,9.0,4,197.0
13879,13879,202.0,1,495,11.0,10.0,5,197.0
13880,13880,203.0,1,495,7.0,8.0,6,197.0
13881,13881,204.0,1,495,4.0,5.0,7,197.0
13882,13882,205.0,1,495,2.0,3.0,8,197.0
13883,13883,206.0,1,495,2.0,2.0,9,197.0
13884,13884,207.0,1,495,88.0,45.0,10,197.0
13885,13885,208.0,1,495,40.0,15.0,11,197.0
13886,13886,209.0,1,495,2.0,8.0,12,197.0
13887,13887,210.0,1,495,0.0,2.0,13,197.0
13888,13888,154.0,0,496,57.0,92.0,-14,168.0
13889,13889,155.0,0,496,16.0,39.0,-13,168.0
13890,13890,156.0,0,496,20.0,38.0,-12,168.0
13891,13891,157.0,0,496,70.0,99.0,-11,168.0
13892,13892,158.0,0,496,96.0,136.0,-10,168.0
13893,13893,159.0,0,496,42.0,53.0,-9,168.0
13894,13894,160.0,0,496,30.0,61.0,-8,168.0
13895,13895,161.0,0,496,28.0,42.0,-7,168.0
13896,13896,162.0,0,496,20.0,37.0,-6,168.0
13897,13897,163.0,0,496,19.0,29.0,-5,168.0
13898,13898,164.0,0,496,23.0,42.0,-4,168.0
13899,13899,165.0,0,496,162.0,165.0,-3,168.0
13900,13900,166.0,0,496,280.0,248.0,-2,168.0
13901,13901,167.0,0,496,57.0,102.0,-1,168.0
13902,13902,168.0,1,496,550.0,371.0,0,168.0
13903,13903,169.0,1,496,29.0,41.0,1,168.0
13904,13904,170.0,1,496,16.0,55.0,2,168.0
13905,13905,171.0,1,496,16.0,33.0,3,168.0
13906,13906,172.0,1,496,27.0,36.0,4,168.0
13907,13907,173.0,1,496,22.0,61.0,5,168.0
13908,13908,174.0,1,496,18.0,73.0,6,168.0
13909,13909,175.0,1,496,46.0,105.0,7,168.0
13910,13910,176.0,1,496,19.0,48.0,8,168.0
13911,13911,177.0,1,496,60.0,84.0,9,168.0
13912,13912,178.0,1,496,82.0,120.0,10,168.0
13913,13913,179.0,1,496,13.0,36.0,11,168.0
13914,13914,180.0,1,496,11.0,38.0,12,168.0
13915,13915,181.0,1,496,15.0,31.0,13,168.0
13916,13916,74.0,0,497,66.0,85.0,-14,88.0
13917,13917,75.0,0,497,17.0,47.0,-13,88.0
13918,13918,76.0,0,497,19.0,50.0,-12,88.0
13919,13919,77.0,0,497,26.0,62.0,-11,88.0
13920,13920,78.0,0,497,17.0,35.0,-10,88.0
13921,13921,79.0,0,497,28.0,74.0,-9,88.0
13922,13922,80.0,0,497,42.0,158.0,-8,88.0
13923,13923,81.0,0,497,101.0,89.0,-7,88.0
13924,13924,82.0,0,497,41.0,68.0,-6,88.0
13925,13925,83.0,0,497,39.0,86.0,-5,88.0
13926,13926,84.0,0,497,54.0,119.0,-4,88.0
13927,13927,85.0,0,497,67.0,214.0,-3,88.0
13928,13928,86.0,0,497,37.0,195.0,-2,88.0
13929,13929,87.0,0,497,75.0,408.0,-1,88.0
13930,13930,88.0,1,497,106.0,353.0,0,88.0
13931,13931,89.0,1,497,225.0,481.0,1,88.0
13932,13932,90.0,1,497,195.0,568.0,2,88.0
13933,13933,91.0,1,497,80.0,321.0,3,88.0
13934,13934,92.0,1,497,34.0,141.0,4,88.0
13935,13935,93.0,1,497,48.0,189.0,5,88.0
13936,13936,94.0,1,497,322.0,670.0,6,88.0
13937,13937,95.0,1,497,54.0,241.0,7,88.0
13938,13938,96.0,1,497,33.0,105.0,8,88.0
13939,13939,97.0,1,497,65.0,168.0,9,88.0
13940,13940,98.0,1,497,23.0,77.0,10,88.0
13941,13941,99.0,1,497,9.0,70.0,11,88.0
13942,13942,100.0,1,497,43.0,77.0,12,88.0
13943,13943,101.0,1,497,31.0,100.0,13,88.0
13944,13944,100.0,0,498,6.0,1.0,-14,114.0
13945,13945,101.0,0,498,6.0,3.0,-13,114.0
13946,13946,102.0,0,498,5.0,8.0,-12,114.0
13947,13947,103.0,0,498,6.0,4.0,-11,114.0
13948,13948,104.0,0,498,3.0,12.0,-10,114.0
13949,13949,105.0,0,498,6.0,9.0,-9,114.0
13950,13950,106.0,0,498,2.0,9.0,-8,114.0
13951,13951,107.0,0,498,4.0,8.0,-7,114.0
13952,13952,108.0,0,498,4.0,4.0,-6,114.0
13953,13953,109.0,0,498,6.0,10.0,-5,114.0
13954,13954,110.0,0,498,2.0,4.0,-4,114.0
13955,13955,111.0,0,498,8.0,5.0,-3,114.0
13956,13956,112.0,0,498,3.0,5.0,-2,114.0
13957,13957,113.0,0,498,3.0,1.0,-1,114.0
13958,13958,114.0,1,498,3.0,5.0,0,114.0
13959,13959,115.0,1,498,1.0,4.0,1,114.0
13960,13960,116.0,1,498,5.0,5.0,2,114.0
13961,13961,117.0,1,498,3.0,13.0,3,114.0
13962,13962,118.0,1,498,1.0,7.0,4,114.0
13963,13963,119.0,1,498,7.0,2.0,5,114.0
13964,13964,120.0,1,498,2.0,6.0,6,114.0
13965,13965,121.0,1,498,2.0,4.0,7,114.0
13966,13966,122.0,1,498,1.0,5.0,8,114.0
13967,13967,123.0,1,498,1.0,8.0,9,114.0
13968,13968,124.0,1,498,4.0,4.0,10,114.0
13969,13969,125.0,1,498,2.0,2.0,11,114.0
13970,13970,126.0,1,498,2.0,6.0,12,114.0
13971,13971,127.0,1,498,0.0,5.0,13,114.0
13972,13972,231.0,0,499,2.0,9.0,-14,245.0
13973,13973,232.0,0,499,4.0,9.0,-13,245.0
13974,13974,233.0,0,499,23.0,62.0,-12,245.0
13975,13975,234.0,0,499,3.0,11.0,-11,245.0
13976,13976,235.0,0,499,3.0,19.0,-10,245.0
13977,13977,236.0,0,499,15.0,21.0,-9,245.0
13978,13978,237.0,0,499,6.0,9.0,-8,245.0
13979,13979,238.0,0,499,7.0,14.0,-7,245.0
13980,13980,239.0,0,499,3.0,5.0,-6,245.0
13981,13981,240.0,0,499,8.0,14.0,-5,245.0
13982,13982,241.0,0,499,6.0,10.0,-4,245.0
13983,13983,242.0,0,499,4.0,10.0,-3,245.0
13984,13984,243.0,0,499,2.0,4.0,-2,245.0
13985,13985,244.0,0,499,7.0,14.0,-1,245.0
13986,13986,245.0,1,499,30.0,9.0,0,245.0
13987,13987,246.0,1,499,6.0,7.0,1,245.0
13988,13988,247.0,1,499,8.0,22.0,2,245.0
13989,13989,248.0,1,499,5.0,11.0,3,245.0
13990,13990,249.0,1,499,1.0,7.0,4,245.0
13991,13991,250.0,1,499,1.0,2.0,5,245.0
13992,13992,251.0,1,499,5.0,8.0,6,245.0
13993,13993,252.0,1,499,0.0,6.0,7,245.0
13994,13994,253.0,1,499,1.0,1.0,8,245.0
13995,13995,254.0,1,499,5.0,3.0,9,245.0
13996,13996,255.0,1,499,1.0,4.0,10,245.0
13997,13997,256.0,1,499,2.0,9.0,11,245.0
13998,13998,257.0,1,499,0.0,7.0,12,245.0
13999,13999,258.0,1,499,4.0,4.0,13,245.0
14000,14000,95.0,0,500,212.0,115.0,-14,109.0
14001,14001,96.0,0,500,208.0,90.0,-13,109.0
14002,14002,97.0,0,500,46.0,36.0,-12,109.0
14003,14003,98.0,0,500,84.0,49.0,-11,109.0
14004,14004,99.0,0,500,24.0,16.0,-10,109.0
14005,14005,100.0,0,500,38.0,34.0,-9,109.0
14006,14006,101.0,0,500,28.0,40.0,-8,109.0
14007,14007,102.0,0,500,75.0,97.0,-7,109.0
14008,14008,103.0,0,500,77.0,77.0,-6,109.0
14009,14009,104.0,0,500,191.0,200.0,-5,109.0
14010,14010,105.0,0,500,94.0,99.0,-4,109.0
14011,14011,106.0,0,500,120.0,179.0,-3,109.0
14012,14012,107.0,0,500,61.0,77.0,-2,109.0
14013,14013,108.0,0,500,44.0,49.0,-1,109.0
14014,14014,109.0,1,500,56.0,71.0,0,109.0
14015,14015,110.0,1,500,152.0,228.0,1,109.0
14016,14016,111.0,1,500,251.0,362.0,2,109.0
14017,14017,112.0,1,500,72.0,98.0,3,109.0
14018,14018,113.0,1,500,36.0,65.0,4,109.0
14019,14019,114.0,1,500,534.0,487.0,5,109.0
14020,14020,115.0,1,500,244.0,182.0,6,109.0
14021,14021,116.0,1,500,128.0,130.0,7,109.0
14022,14022,117.0,1,500,214.0,255.0,8,109.0
14023,14023,118.0,1,500,110.0,179.0,9,109.0
14024,14024,119.0,1,500,89.0,181.0,10,109.0
14025,14025,120.0,1,500,163.0,194.0,11,109.0
14026,14026,121.0,1,500,601.0,388.0,12,109.0
14027,14027,122.0,1,500,85.0,103.0,13,109.0
14028,14028,164.0,0,501,68.0,38.0,-14,178.0
14029,14029,165.0,0,501,432.0,342.0,-13,178.0
14030,14030,166.0,0,501,160.0,134.0,-12,178.0
14031,14031,167.0,0,501,130.0,80.0,-11,178.0
14032,14032,168.0,0,501,117.0,103.0,-10,178.0
14033,14033,169.0,0,501,375.0,177.0,-9,178.0
14034,14034,170.0,0,501,267.0,169.0,-8,178.0
14035,14035,171.0,0,501,245.0,97.0,-7,178.0
14036,14036,172.0,0,501,124.0,67.0,-6,178.0
14037,14037,173.0,0,501,120.0,78.0,-5,178.0
14038,14038,174.0,0,501,75.0,48.0,-4,178.0
14039,14039,175.0,0,501,60.0,29.0,-3,178.0
14040,14040,176.0,0,501,134.0,58.0,-2,178.0
14041,14041,177.0,0,501,232.0,118.0,-1,178.0
14042,14042,178.0,1,501,152.0,126.0,0,178.0
14043,14043,179.0,1,501,37.0,37.0,1,178.0
14044,14044,180.0,1,501,46.0,39.0,2,178.0
14045,14045,181.0,1,501,62.0,40.0,3,178.0
14046,14046,182.0,1,501,66.0,46.0,4,178.0
14047,14047,183.0,1,501,52.0,43.0,5,178.0
14048,14048,184.0,1,501,52.0,61.0,6,178.0
14049,14049,185.0,1,501,91.0,75.0,7,178.0
14050,14050,186.0,1,501,26.0,15.0,8,178.0
14051,14051,187.0,1,501,21.0,21.0,9,178.0
14052,14052,188.0,1,501,23.0,43.0,10,178.0
14053,14053,189.0,1,501,18.0,11.0,11,178.0
14054,14054,190.0,1,501,21.0,21.0,12,178.0
14055,14055,191.0,1,501,26.0,17.0,13,178.0
14056,14056,173.0,0,502,0.0,1.0,-14,187.0
14057,14057,174.0,0,502,5.0,2.0,-13,187.0
14058,14058,175.0,0,502,2.0,1.0,-12,187.0
14059,14059,176.0,0,502,2.0,0.0,-11,187.0
14060,14060,177.0,0,502,5.0,1.0,-10,187.0
14061,14061,178.0,0,502,3.0,2.0,-9,187.0
14062,14062,179.0,0,502,1.0,1.0,-8,187.0
14063,14063,180.0,0,502,0.0,1.0,-7,187.0
14064,14064,181.0,0,502,5.0,3.0,-6,187.0
14065,14065,182.0,0,502,0.0,0.0,-5,187.0
14066,14066,183.0,0,502,1.0,0.0,-4,187.0
14067,14067,184.0,0,502,2.0,0.0,-3,187.0
14068,14068,185.0,0,502,1.0,0.0,-2,187.0
14069,14069,186.0,0,502,18.0,9.0,-1,187.0
14070,14070,187.0,1,502,422.0,192.0,0,187.0
14071,14071,188.0,1,502,96.0,60.0,1,187.0
14072,14072,189.0,1,502,16.0,2.0,2,187.0
14073,14073,190.0,1,502,5.0,5.0,3,187.0
14074,14074,191.0,1,502,36.0,32.0,4,187.0
14075,14075,192.0,1,502,2.0,3.0,5,187.0
14076,14076,193.0,1,502,0.0,1.0,6,187.0
14077,14077,194.0,1,502,1.0,0.0,7,187.0
14078,14078,195.0,1,502,0.0,0.0,8,187.0
14079,14079,196.0,1,502,1.0,2.0,9,187.0
14080,14080,197.0,1,502,4.0,1.0,10,187.0
14081,14081,198.0,1,502,1.0,1.0,11,187.0
14082,14082,199.0,1,502,0.0,2.0,12,187.0
14083,14083,200.0,1,502,1.0,0.0,13,187.0
14084,14084,161.0,0,503,25.0,34.0,-14,175.0
14085,14085,162.0,0,503,7.0,22.0,-13,175.0
14086,14086,163.0,0,503,15.0,21.0,-12,175.0
14087,14087,164.0,0,503,64.0,93.0,-11,175.0
14088,14088,165.0,0,503,77.0,82.0,-10,175.0
14089,14089,166.0,0,503,19.0,33.0,-9,175.0
14090,14090,167.0,0,503,12.0,26.0,-8,175.0
14091,14091,168.0,0,503,77.0,113.0,-7,175.0
14092,14092,169.0,0,503,27.0,47.0,-6,175.0
14093,14093,170.0,0,503,56.0,86.0,-5,175.0
14094,14094,171.0,0,503,47.0,89.0,-4,175.0
14095,14095,172.0,0,503,37.0,45.0,-3,175.0
14096,14096,173.0,0,503,21.0,43.0,-2,175.0
14097,14097,174.0,0,503,22.0,24.0,-1,175.0
14098,14098,175.0,1,503,504.0,508.0,0,175.0
14099,14099,176.0,1,503,18.0,29.0,1,175.0
14100,14100,177.0,1,503,30.0,54.0,2,175.0
14101,14101,178.0,1,503,36.0,101.0,3,175.0
14102,14102,179.0,1,503,41.0,61.0,4,175.0
14103,14103,180.0,1,503,28.0,38.0,5,175.0
14104,14104,181.0,1,503,25.0,54.0,6,175.0
14105,14105,182.0,1,503,31.0,50.0,7,175.0
14106,14106,183.0,1,503,23.0,45.0,8,175.0
14107,14107,184.0,1,503,23.0,36.0,9,175.0
14108,14108,185.0,1,503,91.0,104.0,10,175.0
14109,14109,186.0,1,503,88.0,125.0,11,175.0
14110,14110,187.0,1,503,44.0,74.0,12,175.0
14111,14111,188.0,1,503,11.0,34.0,13,175.0
14112,14112,39.0,0,504,1541.0,34109.0,-14,53.0
14113,14113,40.0,0,504,1394.0,27583.0,-13,53.0
14114,14114,41.0,0,504,755.0,13815.0,-12,53.0
14115,14115,42.0,0,504,678.0,14596.0,-11,53.0
14116,14116,43.0,0,504,981.0,15578.0,-10,53.0
14117,14117,44.0,0,504,996.0,16579.0,-9,53.0
14118,14118,45.0,0,504,785.0,9592.0,-8,53.0
14119,14119,46.0,0,504,715.0,11659.0,-7,53.0
14120,14120,47.0,0,504,554.0,7469.0,-6,53.0
14121,14121,48.0,0,504,979.0,9028.0,-5,53.0
14122,14122,49.0,0,504,603.0,7508.0,-4,53.0
14123,14123,50.0,0,504,535.0,8085.0,-3,53.0
14124,14124,51.0,0,504,519.0,7547.0,-2,53.0
14125,14125,52.0,0,504,567.0,9678.0,-1,53.0
14126,14126,53.0,1,504,399.0,9637.0,0,53.0
14127,14127,54.0,1,504,178.0,4778.0,1,53.0
14128,14128,55.0,1,504,265.0,7489.0,2,53.0
14129,14129,56.0,1,504,400.0,8365.0,3,53.0
14130,14130,57.0,1,504,440.0,5324.0,4,53.0
14131,14131,58.0,1,504,420.0,5890.0,5,53.0
14132,14132,59.0,1,504,173.0,2744.0,6,53.0
14133,14133,60.0,1,504,67.0,1376.0,7,53.0
14134,14134,61.0,1,504,60.0,1193.0,8,53.0
14135,14135,62.0,1,504,105.0,2055.0,9,53.0
14136,14136,63.0,1,504,40.0,752.0,10,53.0
14137,14137,64.0,1,504,14.0,576.0,11,53.0
14138,14138,65.0,1,504,76.0,1087.0,12,53.0
14139,14139,66.0,1,504,76.0,1100.0,13,53.0
14140,14140,135.0,0,505,4.0,4.0,-14,149.0
14141,14141,136.0,0,505,6.0,1.0,-13,149.0
14142,14142,137.0,0,505,6.0,13.0,-12,149.0
14143,14143,138.0,0,505,1.0,4.0,-11,149.0
14144,14144,139.0,0,505,10.0,24.0,-10,149.0
14145,14145,140.0,0,505,5.0,10.0,-9,149.0
14146,14146,141.0,0,505,17.0,32.0,-8,149.0
14147,14147,142.0,0,505,26.0,30.0,-7,149.0
14148,14148,143.0,0,505,13.0,39.0,-6,149.0
14149,14149,144.0,0,505,6.0,5.0,-5,149.0
14150,14150,145.0,0,505,13.0,8.0,-4,149.0
14151,14151,146.0,0,505,49.0,31.0,-3,149.0
14152,14152,147.0,0,505,56.0,28.0,-2,149.0
14153,14153,148.0,0,505,83.0,71.0,-1,149.0
14154,14154,149.0,1,505,88.0,100.0,0,149.0
14155,14155,150.0,1,505,22.0,33.0,1,149.0
14156,14156,151.0,1,505,8.0,13.0,2,149.0
14157,14157,152.0,1,505,3.0,4.0,3,149.0
14158,14158,153.0,1,505,12.0,14.0,4,149.0
14159,14159,154.0,1,505,6.0,14.0,5,149.0
14160,14160,155.0,1,505,2.0,8.0,6,149.0
14161,14161,156.0,1,505,5.0,3.0,7,149.0
14162,14162,157.0,1,505,6.0,10.0,8,149.0
14163,14163,158.0,1,505,3.0,7.0,9,149.0
14164,14164,159.0,1,505,4.0,5.0,10,149.0
14165,14165,160.0,1,505,5.0,5.0,11,149.0
14166,14166,161.0,1,505,4.0,5.0,12,149.0
14167,14167,162.0,1,505,7.0,19.0,13,149.0
14168,14168,105.0,0,506,114.0,124.0,-14,119.0
14169,14169,106.0,0,506,152.0,205.0,-13,119.0
14170,14170,107.0,0,506,94.0,148.0,-12,119.0
14171,14171,108.0,0,506,291.0,258.0,-11,119.0
14172,14172,109.0,0,506,110.0,98.0,-10,119.0
14173,14173,110.0,0,506,154.0,184.0,-9,119.0
14174,14174,111.0,0,506,43.0,73.0,-8,119.0
14175,14175,112.0,0,506,51.0,75.0,-7,119.0
14176,14176,113.0,0,506,46.0,51.0,-6,119.0
14177,14177,114.0,0,506,57.0,84.0,-5,119.0
14178,14178,115.0,0,506,51.0,93.0,-4,119.0
14179,14179,116.0,0,506,35.0,67.0,-3,119.0
14180,14180,117.0,0,506,139.0,143.0,-2,119.0
14181,14181,118.0,0,506,1714.0,1771.0,-1,119.0
14182,14182,119.0,1,506,306.0,492.0,0,119.0
14183,14183,120.0,1,506,50.0,174.0,1,119.0
14184,14184,121.0,1,506,51.0,132.0,2,119.0
14185,14185,122.0,1,506,53.0,110.0,3,119.0
14186,14186,123.0,1,506,42.0,77.0,4,119.0
14187,14187,124.0,1,506,35.0,112.0,5,119.0
14188,14188,125.0,1,506,32.0,56.0,6,119.0
14189,14189,126.0,1,506,21.0,78.0,7,119.0
14190,14190,127.0,1,506,25.0,95.0,8,119.0
14191,14191,128.0,1,506,24.0,84.0,9,119.0
14192,14192,129.0,1,506,30.0,81.0,10,119.0
14193,14193,130.0,1,506,14.0,76.0,11,119.0
14194,14194,131.0,1,506,21.0,61.0,12,119.0
14195,14195,132.0,1,506,40.0,88.0,13,119.0
14196,14196,47.0,0,507,10.0,24.0,-14,61.0
14197,14197,48.0,0,507,8.0,18.0,-13,61.0
14198,14198,49.0,0,507,9.0,10.0,-12,61.0
14199,14199,50.0,0,507,5.0,6.0,-11,61.0
14200,14200,51.0,0,507,5.0,8.0,-10,61.0
14201,14201,52.0,0,507,4.0,12.0,-9,61.0
14202,14202,53.0,0,507,11.0,9.0,-8,61.0
14203,14203,54.0,0,507,8.0,21.0,-7,61.0
14204,14204,55.0,0,507,17.0,26.0,-6,61.0
14205,14205,56.0,0,507,8.0,22.0,-5,61.0
14206,14206,57.0,0,507,8.0,13.0,-4,61.0
14207,14207,58.0,0,507,22.0,34.0,-3,61.0
14208,14208,59.0,0,507,6.0,10.0,-2,61.0
14209,14209,60.0,0,507,7.0,15.0,-1,61.0
14210,14210,61.0,1,507,16.0,13.0,0,61.0
14211,14211,62.0,1,507,5.0,3.0,1,61.0
14212,14212,63.0,1,507,5.0,12.0,2,61.0
14213,14213,64.0,1,507,3.0,10.0,3,61.0
14214,14214,65.0,1,507,1.0,6.0,4,61.0
14215,14215,66.0,1,507,1.0,8.0,5,61.0
14216,14216,67.0,1,507,2.0,5.0,6,61.0
14217,14217,68.0,1,507,2.0,3.0,7,61.0
14218,14218,69.0,1,507,4.0,6.0,8,61.0
14219,14219,70.0,1,507,0.0,6.0,9,61.0
14220,14220,71.0,1,507,1.0,1.0,10,61.0
14221,14221,72.0,1,507,1.0,1.0,11,61.0
14222,14222,73.0,1,507,2.0,3.0,12,61.0
14223,14223,74.0,1,507,3.0,1.0,13,61.0
14224,14224,244.0,0,508,39.0,245.0,-14,258.0
14225,14225,245.0,0,508,51.0,191.0,-13,258.0
14226,14226,246.0,0,508,44.0,274.0,-12,258.0
14227,14227,247.0,0,508,28.0,200.0,-11,258.0
14228,14228,248.0,0,508,28.0,178.0,-10,258.0
14229,14229,249.0,0,508,43.0,196.0,-9,258.0
14230,14230,250.0,0,508,88.0,292.0,-8,258.0
14231,14231,251.0,0,508,31.0,218.0,-7,258.0
14232,14232,252.0,0,508,41.0,197.0,-6,258.0
14233,14233,253.0,0,508,16.0,139.0,-5,258.0
14234,14234,254.0,0,508,24.0,119.0,-4,258.0
14235,14235,255.0,0,508,49.0,422.0,-3,258.0
14236,14236,256.0,0,508,38.0,227.0,-2,258.0
14237,14237,257.0,0,508,53.0,260.0,-1,258.0
14238,14238,258.0,1,508,34.0,202.0,0,258.0
14239,14239,259.0,1,508,21.0,131.0,1,258.0
14240,14240,260.0,1,508,26.0,134.0,2,258.0
14241,14241,261.0,1,508,20.0,80.0,3,258.0
14242,14242,262.0,1,508,21.0,105.0,4,258.0
14243,14243,263.0,1,508,38.0,126.0,5,258.0
14244,14244,264.0,1,508,25.0,143.0,6,258.0
14245,14245,265.0,1,508,89.0,173.0,7,258.0
14246,14246,266.0,1,508,48.0,166.0,8,258.0
14247,14247,267.0,1,508,58.0,338.0,9,258.0
14248,14248,268.0,1,508,62.0,188.0,10,258.0
14249,14249,269.0,1,508,15.0,88.0,11,258.0
14250,14250,270.0,1,508,8.0,122.0,12,258.0
14251,14251,271.0,1,508,69.0,229.0,13,258.0
14252,14252,169.0,0,509,38.0,59.0,-14,183.0
14253,14253,170.0,0,509,41.0,40.0,-13,183.0
14254,14254,171.0,0,509,71.0,47.0,-12,183.0
14255,14255,172.0,0,509,11.0,18.0,-11,183.0
14256,14256,173.0,0,509,13.0,24.0,-10,183.0
14257,14257,174.0,0,509,6.0,12.0,-9,183.0
14258,14258,175.0,0,509,31.0,42.0,-8,183.0
14259,14259,176.0,0,509,29.0,59.0,-7,183.0
14260,14260,177.0,0,509,22.0,34.0,-6,183.0
14261,14261,178.0,0,509,18.0,40.0,-5,183.0
14262,14262,179.0,0,509,27.0,45.0,-4,183.0
14263,14263,180.0,0,509,27.0,36.0,-3,183.0
14264,14264,181.0,0,509,46.0,43.0,-2,183.0
14265,14265,182.0,0,509,15.0,18.0,-1,183.0
14266,14266,183.0,1,509,122.0,112.0,0,183.0
14267,14267,184.0,1,509,16.0,24.0,1,183.0
14268,14268,185.0,1,509,13.0,15.0,2,183.0
14269,14269,186.0,1,509,531.0,589.0,3,183.0
14270,14270,187.0,1,509,120.0,93.0,4,183.0
14271,14271,188.0,1,509,47.0,32.0,5,183.0
14272,14272,189.0,1,509,14.0,17.0,6,183.0
14273,14273,190.0,1,509,11.0,9.0,7,183.0
14274,14274,191.0,1,509,20.0,21.0,8,183.0
14275,14275,192.0,1,509,9.0,15.0,9,183.0
14276,14276,193.0,1,509,28.0,25.0,10,183.0
14277,14277,194.0,1,509,41.0,41.0,11,183.0
14278,14278,195.0,1,509,54.0,78.0,12,183.0
14279,14279,196.0,1,509,10.0,24.0,13,183.0
14280,14280,218.0,0,510,19.0,38.0,-14,232.0
14281,14281,219.0,0,510,17.0,31.0,-13,232.0
14282,14282,220.0,0,510,13.0,16.0,-12,232.0
14283,14283,221.0,0,510,41.0,33.0,-11,232.0
14284,14284,222.0,0,510,12.0,10.0,-10,232.0
14285,14285,223.0,0,510,13.0,19.0,-9,232.0
14286,14286,224.0,0,510,5.0,9.0,-8,232.0
14287,14287,225.0,0,510,34.0,18.0,-7,232.0
14288,14288,226.0,0,510,209.0,67.0,-6,232.0
14289,14289,227.0,0,510,23.0,21.0,-5,232.0
14290,14290,228.0,0,510,14.0,10.0,-4,232.0
14291,14291,229.0,0,510,6.0,9.0,-3,232.0
14292,14292,230.0,0,510,14.0,11.0,-2,232.0
14293,14293,231.0,0,510,70.0,87.0,-1,232.0
14294,14294,232.0,1,510,8.0,15.0,0,232.0
14295,14295,233.0,1,510,6.0,7.0,1,232.0
14296,14296,234.0,1,510,0.0,4.0,2,232.0
14297,14297,235.0,1,510,7.0,2.0,3,232.0
14298,14298,236.0,1,510,3.0,1.0,4,232.0
14299,14299,237.0,1,510,5.0,6.0,5,232.0
14300,14300,238.0,1,510,18.0,38.0,6,232.0
14301,14301,239.0,1,510,188.0,253.0,7,232.0
14302,14302,240.0,1,510,24.0,25.0,8,232.0
14303,14303,241.0,1,510,19.0,22.0,9,232.0
14304,14304,242.0,1,510,17.0,40.0,10,232.0
14305,14305,243.0,1,510,20.0,17.0,11,232.0
14306,14306,244.0,1,510,3.0,15.0,12,232.0
14307,14307,245.0,1,510,7.0,11.0,13,232.0
14308,14308,153.0,0,511,384.0,1494.0,-14,167.0
14309,14309,154.0,0,511,298.0,1027.0,-13,167.0
14310,14310,155.0,0,511,59.0,361.0,-12,167.0
14311,14311,156.0,0,511,124.0,690.0,-11,167.0
14312,14312,157.0,0,511,68.0,523.0,-10,167.0
14313,14313,158.0,0,511,66.0,534.0,-9,167.0
14314,14314,159.0,0,511,60.0,475.0,-8,167.0
14315,14315,160.0,0,511,42.0,314.0,-7,167.0
14316,14316,161.0,0,511,49.0,322.0,-6,167.0
14317,14317,162.0,0,511,52.0,307.0,-5,167.0
14318,14318,163.0,0,511,55.0,365.0,-4,167.0
14319,14319,164.0,0,511,66.0,409.0,-3,167.0
14320,14320,165.0,0,511,51.0,297.0,-2,167.0
14321,14321,166.0,0,511,32.0,208.0,-1,167.0
14322,14322,167.0,1,511,91.0,477.0,0,167.0
14323,14323,168.0,1,511,33.0,242.0,1,167.0
14324,14324,169.0,1,511,36.0,216.0,2,167.0
14325,14325,170.0,1,511,85.0,310.0,3,167.0
14326,14326,171.0,1,511,31.0,190.0,4,167.0
14327,14327,172.0,1,511,34.0,239.0,5,167.0
14328,14328,173.0,1,511,39.0,351.0,6,167.0
14329,14329,174.0,1,511,80.0,2114.0,7,167.0
14330,14330,175.0,1,511,31.0,565.0,8,167.0
14331,14331,176.0,1,511,32.0,232.0,9,167.0
14332,14332,177.0,1,511,31.0,232.0,10,167.0
14333,14333,178.0,1,511,18.0,285.0,11,167.0
14334,14334,179.0,1,511,37.0,327.0,12,167.0
14335,14335,180.0,1,511,201.0,938.0,13,167.0
14336,14336,46.0,0,512,100.0,187.0,-14,60.0
14337,14337,47.0,0,512,134.0,332.0,-13,60.0
14338,14338,48.0,0,512,61.0,113.0,-12,60.0
14339,14339,49.0,0,512,75.0,95.0,-11,60.0
14340,14340,50.0,0,512,54.0,105.0,-10,60.0
14341,14341,51.0,0,512,78.0,87.0,-9,60.0
14342,14342,52.0,0,512,28.0,93.0,-8,60.0
14343,14343,53.0,0,512,38.0,79.0,-7,60.0
14344,14344,54.0,0,512,30.0,62.0,-6,60.0
14345,14345,55.0,0,512,28.0,55.0,-5,60.0
14346,14346,56.0,0,512,48.0,105.0,-4,60.0
14347,14347,57.0,0,512,62.0,99.0,-3,60.0
14348,14348,58.0,0,512,101.0,127.0,-2,60.0
14349,14349,59.0,0,512,96.0,207.0,-1,60.0
14350,14350,60.0,1,512,75.0,82.0,0,60.0
14351,14351,61.0,1,512,145.0,218.0,1,60.0
14352,14352,62.0,1,512,48.0,96.0,2,60.0
14353,14353,63.0,1,512,39.0,60.0,3,60.0
14354,14354,64.0,1,512,16.0,39.0,4,60.0
14355,14355,65.0,1,512,36.0,47.0,5,60.0
14356,14356,66.0,1,512,43.0,43.0,6,60.0
14357,14357,67.0,1,512,34.0,27.0,7,60.0
14358,14358,68.0,1,512,13.0,41.0,8,60.0
14359,14359,69.0,1,512,7.0,30.0,9,60.0
14360,14360,70.0,1,512,19.0,30.0,10,60.0
14361,14361,71.0,1,512,7.0,21.0,11,60.0
14362,14362,72.0,1,512,6.0,14.0,12,60.0
14363,14363,73.0,1,512,7.0,19.0,13,60.0
14364,14364,13.0,0,513,9.0,373.0,-14,27.0
14365,14365,14.0,0,513,8.0,267.0,-13,27.0
14366,14366,15.0,0,513,7.0,479.0,-12,27.0
14367,14367,16.0,0,513,3.0,271.0,-11,27.0
14368,14368,17.0,0,513,7.0,207.0,-10,27.0
14369,14369,18.0,0,513,11.0,256.0,-9,27.0
14370,14370,19.0,0,513,7.0,259.0,-8,27.0
14371,14371,20.0,0,513,5.0,197.0,-7,27.0
14372,14372,21.0,0,513,3.0,198.0,-6,27.0
14373,14373,22.0,0,513,3.0,138.0,-5,27.0
14374,14374,23.0,0,513,2.0,147.0,-4,27.0
14375,14375,24.0,0,513,3.0,180.0,-3,27.0
14376,14376,25.0,0,513,5.0,240.0,-2,27.0
14377,14377,26.0,0,513,11.0,347.0,-1,27.0
14378,14378,27.0,1,513,5.0,1349.0,0,27.0
14379,14379,28.0,1,513,10.0,2215.0,1,27.0
14380,14380,29.0,1,513,10.0,2117.0,2,27.0
14381,14381,30.0,1,513,15.0,2608.0,3,27.0
14382,14382,31.0,1,513,20.0,4168.0,4,27.0
14383,14383,32.0,1,513,18.0,6853.0,5,27.0
14384,14384,33.0,1,513,18.0,10977.0,6,27.0
14385,14385,34.0,1,513,38.0,19531.0,7,27.0
14386,14386,35.0,1,513,48.0,38627.0,8,27.0
14387,14387,36.0,1,513,37.0,39801.0,9,27.0
14388,14388,37.0,1,513,22.0,33727.0,10,27.0
14389,14389,38.0,1,513,65.0,39688.0,11,27.0
14390,14390,39.0,1,513,33.0,33810.0,12,27.0
14391,14391,40.0,1,513,18.0,25144.0,13,27.0
14392,14392,104.0,0,514,308.0,1728.0,-14,118.0
14393,14393,105.0,0,514,192.0,1238.0,-13,118.0
14394,14394,106.0,0,514,70.0,427.0,-12,118.0
14395,14395,107.0,0,514,170.0,522.0,-11,118.0
14396,14396,108.0,0,514,165.0,468.0,-10,118.0
14397,14397,109.0,0,514,92.0,369.0,-9,118.0
14398,14398,110.0,0,514,121.0,515.0,-8,118.0
14399,14399,111.0,0,514,280.0,1249.0,-7,118.0
14400,14400,112.0,0,514,205.0,1004.0,-6,118.0
14401,14401,113.0,0,514,100.0,600.0,-5,118.0
14402,14402,114.0,0,514,103.0,459.0,-4,118.0
14403,14403,115.0,0,514,120.0,462.0,-3,118.0
14404,14404,116.0,0,514,229.0,886.0,-2,118.0
14405,14405,117.0,0,514,345.0,1076.0,-1,118.0
14406,14406,118.0,1,514,626.0,1421.0,0,118.0
14407,14407,119.0,1,514,274.0,1213.0,1,118.0
14408,14408,120.0,1,514,194.0,721.0,2,118.0
14409,14409,121.0,1,514,108.0,397.0,3,118.0
14410,14410,122.0,1,514,54.0,245.0,4,118.0
14411,14411,123.0,1,514,41.0,269.0,5,118.0
14412,14412,124.0,1,514,60.0,297.0,6,118.0
14413,14413,125.0,1,514,48.0,290.0,7,118.0
14414,14414,126.0,1,514,99.0,421.0,8,118.0
14415,14415,127.0,1,514,308.0,1035.0,9,118.0
14416,14416,128.0,1,514,145.0,344.0,10,118.0
14417,14417,129.0,1,514,259.0,313.0,11,118.0
14418,14418,130.0,1,514,154.0,584.0,12,118.0
14419,14419,131.0,1,514,110.0,432.0,13,118.0
14420,14420,121.0,0,515,116.0,1678.0,-14,135.0
14421,14421,122.0,0,515,64.0,1705.0,-13,135.0
14422,14422,123.0,0,515,94.0,1494.0,-12,135.0
14423,14423,124.0,0,515,90.0,1699.0,-11,135.0
14424,14424,125.0,0,515,83.0,1616.0,-10,135.0
14425,14425,126.0,0,515,121.0,1282.0,-9,135.0
14426,14426,127.0,0,515,132.0,1354.0,-8,135.0
14427,14427,128.0,0,515,236.0,1426.0,-7,135.0
14428,14428,129.0,0,515,124.0,1597.0,-6,135.0
14429,14429,130.0,0,515,80.0,1300.0,-5,135.0
14430,14430,131.0,0,515,83.0,1215.0,-4,135.0
14431,14431,132.0,0,515,69.0,1144.0,-3,135.0
14432,14432,133.0,0,515,81.0,1466.0,-2,135.0
14433,14433,134.0,0,515,84.0,1438.0,-1,135.0
14434,14434,135.0,1,515,67.0,1576.0,0,135.0
14435,14435,136.0,1,515,62.0,1748.0,1,135.0
14436,14436,137.0,1,515,69.0,1829.0,2,135.0
14437,14437,138.0,1,515,48.0,1578.0,3,135.0
14438,14438,139.0,1,515,52.0,1414.0,4,135.0
14439,14439,140.0,1,515,52.0,929.0,5,135.0
14440,14440,141.0,1,515,47.0,1054.0,6,135.0
14441,14441,142.0,1,515,56.0,1373.0,7,135.0
14442,14442,143.0,1,515,61.0,1350.0,8,135.0
14443,14443,144.0,1,515,25.0,908.0,9,135.0
14444,14444,145.0,1,515,21.0,1042.0,10,135.0
14445,14445,146.0,1,515,32.0,1220.0,11,135.0
14446,14446,147.0,1,515,24.0,862.0,12,135.0
14447,14447,148.0,1,515,26.0,727.0,13,135.0
14448,14448,234.0,0,516,1.0,2.0,-14,248.0
14449,14449,235.0,0,516,1.0,1.0,-13,248.0
14450,14450,236.0,0,516,0.0,1.0,-12,248.0
14451,14451,237.0,0,516,0.0,0.0,-11,248.0
14452,14452,238.0,0,516,0.0,2.0,-10,248.0
14453,14453,239.0,0,516,2.0,1.0,-9,248.0
14454,14454,240.0,0,516,0.0,1.0,-8,248.0
14455,14455,241.0,0,516,0.0,0.0,-7,248.0
14456,14456,242.0,0,516,2.0,3.0,-6,248.0
14457,14457,243.0,0,516,0.0,1.0,-5,248.0
14458,14458,244.0,0,516,3.0,2.0,-4,248.0
14459,14459,245.0,0,516,0.0,1.0,-3,248.0
14460,14460,246.0,0,516,0.0,2.0,-2,248.0
14461,14461,247.0,0,516,175.0,115.0,-1,248.0
14462,14462,248.0,1,516,47.0,37.0,0,248.0
14463,14463,249.0,1,516,2.0,1.0,1,248.0
14464,14464,250.0,1,516,1.0,1.0,2,248.0
14465,14465,251.0,1,516,1.0,0.0,3,248.0
14466,14466,252.0,1,516,0.0,4.0,4,248.0
14467,14467,253.0,1,516,0.0,1.0,5,248.0
14468,14468,254.0,1,516,5.0,1.0,6,248.0
14469,14469,255.0,1,516,3.0,1.0,7,248.0
14470,14470,256.0,1,516,2.0,4.0,8,248.0
14471,14471,257.0,1,516,0.0,0.0,9,248.0
14472,14472,258.0,1,516,1.0,2.0,10,248.0
14473,14473,259.0,1,516,6.0,2.0,11,248.0
14474,14474,260.0,1,516,0.0,5.0,12,248.0
14475,14475,261.0,1,516,2.0,1.0,13,248.0
14476,14476,49.0,0,517,6.0,31.0,-14,63.0
14477,14477,50.0,0,517,14.0,17.0,-13,63.0
14478,14478,51.0,0,517,11.0,22.0,-12,63.0
14479,14479,52.0,0,517,5.0,18.0,-11,63.0
14480,14480,53.0,0,517,3.0,24.0,-10,63.0
14481,14481,54.0,0,517,6.0,21.0,-9,63.0
14482,14482,55.0,0,517,14.0,22.0,-8,63.0
14483,14483,56.0,0,517,7.0,9.0,-7,63.0
14484,14484,57.0,0,517,6.0,16.0,-6,63.0
14485,14485,58.0,0,517,4.0,8.0,-5,63.0
14486,14486,59.0,0,517,5.0,10.0,-4,63.0
14487,14487,60.0,0,517,6.0,14.0,-3,63.0
14488,14488,61.0,0,517,3.0,6.0,-2,63.0
14489,14489,62.0,0,517,1.0,7.0,-1,63.0
14490,14490,63.0,1,517,5.0,12.0,0,63.0
14491,14491,64.0,1,517,4.0,5.0,1,63.0
14492,14492,65.0,1,517,12.0,31.0,2,63.0
14493,14493,66.0,1,517,43.0,105.0,3,63.0
14494,14494,67.0,1,517,9.0,36.0,4,63.0
14495,14495,68.0,1,517,0.0,15.0,5,63.0
14496,14496,69.0,1,517,4.0,9.0,6,63.0
14497,14497,70.0,1,517,2.0,8.0,7,63.0
14498,14498,71.0,1,517,1.0,5.0,8,63.0
14499,14499,72.0,1,517,2.0,6.0,9,63.0
14500,14500,73.0,1,517,1.0,4.0,10,63.0
14501,14501,74.0,1,517,2.0,2.0,11,63.0
14502,14502,75.0,1,517,2.0,0.0,12,63.0
14503,14503,76.0,1,517,24.0,12.0,13,63.0
14504,14504,117.0,0,518,0.0,0.0,-14,131.0
14505,14505,118.0,0,518,0.0,1.0,-13,131.0
14506,14506,119.0,0,518,0.0,0.0,-12,131.0
14507,14507,120.0,0,518,0.0,1.0,-11,131.0
14508,14508,121.0,0,518,0.0,0.0,-10,131.0
14509,14509,122.0,0,518,0.0,0.0,-9,131.0
14510,14510,123.0,0,518,0.0,0.0,-8,131.0
14511,14511,124.0,0,518,0.0,0.0,-7,131.0
14512,14512,125.0,0,518,0.0,0.0,-6,131.0
14513,14513,126.0,0,518,0.0,0.0,-5,131.0
14514,14514,127.0,0,518,2.0,2.0,-4,131.0
14515,14515,128.0,0,518,0.0,0.0,-3,131.0
14516,14516,129.0,0,518,0.0,0.0,-2,131.0
14517,14517,130.0,0,518,1.0,1.0,-1,131.0
14518,14518,131.0,1,518,5.0,3.0,0,131.0
14519,14519,132.0,1,518,1.0,0.0,1,131.0
14520,14520,133.0,1,518,0.0,0.0,2,131.0
14521,14521,134.0,1,518,2.0,2.0,3,131.0
14522,14522,135.0,1,518,0.0,2.0,4,131.0
14523,14523,136.0,1,518,0.0,0.0,5,131.0
14524,14524,137.0,1,518,0.0,1.0,6,131.0
14525,14525,138.0,1,518,0.0,0.0,7,131.0
14526,14526,139.0,1,518,0.0,1.0,8,131.0
14527,14527,140.0,1,518,0.0,0.0,9,131.0
14528,14528,141.0,1,518,1.0,0.0,10,131.0
14529,14529,142.0,1,518,0.0,0.0,11,131.0
14530,14530,143.0,1,518,0.0,2.0,12,131.0
14531,14531,144.0,1,518,0.0,0.0,13,131.0
14532,14532,234.0,0,519,76.0,55.0,-14,248.0
14533,14533,235.0,0,519,8.0,8.0,-13,248.0
14534,14534,236.0,0,519,3.0,13.0,-12,248.0
14535,14535,237.0,0,519,17.0,32.0,-11,248.0
14536,14536,238.0,0,519,6.0,9.0,-10,248.0
14537,14537,239.0,0,519,4.0,17.0,-9,248.0
14538,14538,240.0,0,519,10.0,11.0,-8,248.0
14539,14539,241.0,0,519,4.0,8.0,-7,248.0
14540,14540,242.0,0,519,7.0,17.0,-6,248.0
14541,14541,243.0,0,519,5.0,16.0,-5,248.0
14542,14542,244.0,0,519,6.0,5.0,-4,248.0
14543,14543,245.0,0,519,2.0,4.0,-3,248.0
14544,14544,246.0,0,519,1.0,4.0,-2,248.0
14545,14545,247.0,0,519,30.0,89.0,-1,248.0
14546,14546,248.0,1,519,24.0,57.0,0,248.0
14547,14547,249.0,1,519,5.0,3.0,1,248.0
14548,14548,250.0,1,519,3.0,10.0,2,248.0
14549,14549,251.0,1,519,0.0,3.0,3,248.0
14550,14550,252.0,1,519,2.0,2.0,4,248.0
14551,14551,253.0,1,519,5.0,4.0,5,248.0
14552,14552,254.0,1,519,0.0,6.0,6,248.0
14553,14553,255.0,1,519,3.0,11.0,7,248.0
14554,14554,256.0,1,519,2.0,3.0,8,248.0
14555,14555,257.0,1,519,2.0,6.0,9,248.0
14556,14556,258.0,1,519,2.0,4.0,10,248.0
14557,14557,259.0,1,519,2.0,5.0,11,248.0
14558,14558,260.0,1,519,1.0,8.0,12,248.0
14559,14559,261.0,1,519,2.0,6.0,13,248.0
14560,14560,58.0,0,520,31.0,28.0,-14,72.0
14561,14561,59.0,0,520,19.0,17.0,-13,72.0
14562,14562,60.0,0,520,25.0,21.0,-12,72.0
14563,14563,61.0,0,520,23.0,16.0,-11,72.0
14564,14564,62.0,0,520,43.0,33.0,-10,72.0
14565,14565,63.0,0,520,19.0,13.0,-9,72.0
14566,14566,64.0,0,520,14.0,11.0,-8,72.0
14567,14567,65.0,0,520,8.0,11.0,-7,72.0
14568,14568,66.0,0,520,15.0,14.0,-6,72.0
14569,14569,67.0,0,520,14.0,9.0,-5,72.0
14570,14570,68.0,0,520,28.0,16.0,-4,72.0
14571,14571,69.0,0,520,485.0,241.0,-3,72.0
14572,14572,70.0,0,520,387.0,279.0,-2,72.0
14573,14573,71.0,0,520,78.0,40.0,-1,72.0
14574,14574,72.0,1,520,81.0,52.0,0,72.0
14575,14575,73.0,1,520,30.0,25.0,1,72.0
14576,14576,74.0,1,520,28.0,12.0,2,72.0
14577,14577,75.0,1,520,19.0,15.0,3,72.0
14578,14578,76.0,1,520,107.0,56.0,4,72.0
14579,14579,77.0,1,520,317.0,252.0,5,72.0
14580,14580,78.0,1,520,43.0,41.0,6,72.0
14581,14581,79.0,1,520,3503.0,1876.0,7,72.0
14582,14582,80.0,1,520,1922.0,1150.0,8,72.0
14583,14583,81.0,1,520,112.0,112.0,9,72.0
14584,14584,82.0,1,520,882.0,429.0,10,72.0
14585,14585,83.0,1,520,615.0,414.0,11,72.0
14586,14586,84.0,1,520,419.0,342.0,12,72.0
14587,14587,85.0,1,520,81.0,95.0,13,72.0
14588,14588,136.0,0,521,42.0,31.0,-14,150.0
14589,14589,137.0,0,521,80.0,116.0,-13,150.0
14590,14590,138.0,0,521,105.0,134.0,-12,150.0
14591,14591,139.0,0,521,6.0,20.0,-11,150.0
14592,14592,140.0,0,521,187.0,172.0,-10,150.0
14593,14593,141.0,0,521,110.0,151.0,-9,150.0
14594,14594,142.0,0,521,147.0,195.0,-8,150.0
14595,14595,143.0,0,521,257.0,469.0,-7,150.0
14596,14596,144.0,0,521,175.0,248.0,-6,150.0
14597,14597,145.0,0,521,57.0,59.0,-5,150.0
14598,14598,146.0,0,521,23.0,51.0,-4,150.0
14599,14599,147.0,0,521,50.0,87.0,-3,150.0
14600,14600,148.0,0,521,73.0,87.0,-2,150.0
14601,14601,149.0,0,521,29.0,32.0,-1,150.0
14602,14602,150.0,1,521,111.0,120.0,0,150.0
14603,14603,151.0,1,521,57.0,105.0,1,150.0
14604,14604,152.0,1,521,63.0,103.0,2,150.0
14605,14605,153.0,1,521,57.0,65.0,3,150.0
14606,14606,154.0,1,521,10.0,34.0,4,150.0
14607,14607,155.0,1,521,18.0,36.0,5,150.0
14608,14608,156.0,1,521,38.0,109.0,6,150.0
14609,14609,157.0,1,521,27.0,97.0,7,150.0
14610,14610,158.0,1,521,40.0,145.0,8,150.0
14611,14611,159.0,1,521,38.0,116.0,9,150.0
14612,14612,160.0,1,521,53.0,55.0,10,150.0
14613,14613,161.0,1,521,62.0,79.0,11,150.0
14614,14614,162.0,1,521,47.0,61.0,12,150.0
14615,14615,163.0,1,521,10.0,25.0,13,150.0
14616,14616,90.0,0,522,69.0,183.0,-14,104.0
14617,14617,91.0,0,522,227.0,355.0,-13,104.0
14618,14618,92.0,0,522,326.0,614.0,-12,104.0
14619,14619,93.0,0,522,102.0,225.0,-11,104.0
14620,14620,94.0,0,522,95.0,173.0,-10,104.0
14621,14621,95.0,0,522,85.0,255.0,-9,104.0
14622,14622,96.0,0,522,44.0,114.0,-8,104.0
14623,14623,97.0,0,522,123.0,223.0,-7,104.0
14624,14624,98.0,0,522,67.0,111.0,-6,104.0
14625,14625,99.0,0,522,53.0,139.0,-5,104.0
14626,14626,100.0,0,522,55.0,132.0,-4,104.0
14627,14627,101.0,0,522,544.0,816.0,-3,104.0
14628,14628,102.0,0,522,100.0,400.0,-2,104.0
14629,14629,103.0,0,522,384.0,681.0,-1,104.0
14630,14630,104.0,1,522,339.0,506.0,0,104.0
14631,14631,105.0,1,522,81.0,326.0,1,104.0
14632,14632,106.0,1,522,72.0,213.0,2,104.0
14633,14633,107.0,1,522,432.0,760.0,3,104.0
14634,14634,108.0,1,522,52.0,192.0,4,104.0
14635,14635,109.0,1,522,51.0,184.0,5,104.0
14636,14636,110.0,1,522,33.0,132.0,6,104.0
14637,14637,111.0,1,522,43.0,143.0,7,104.0
14638,14638,112.0,1,522,35.0,141.0,8,104.0
14639,14639,113.0,1,522,39.0,132.0,9,104.0
14640,14640,114.0,1,522,22.0,140.0,10,104.0
14641,14641,115.0,1,522,45.0,121.0,11,104.0
14642,14642,116.0,1,522,38.0,180.0,12,104.0
14643,14643,117.0,1,522,47.0,177.0,13,104.0
14644,14644,75.0,0,523,29.0,28.0,-14,89.0
14645,14645,76.0,0,523,33.0,38.0,-13,89.0
14646,14646,77.0,0,523,43.0,29.0,-12,89.0
14647,14647,78.0,0,523,120.0,70.0,-11,89.0
14648,14648,79.0,0,523,105.0,68.0,-10,89.0
14649,14649,80.0,0,523,56.0,30.0,-9,89.0
14650,14650,81.0,0,523,47.0,29.0,-8,89.0
14651,14651,82.0,0,523,76.0,98.0,-7,89.0
14652,14652,83.0,0,523,421.0,238.0,-6,89.0
14653,14653,84.0,0,523,93.0,72.0,-5,89.0
14654,14654,85.0,0,523,54.0,41.0,-4,89.0
14655,14655,86.0,0,523,27.0,37.0,-3,89.0
14656,14656,87.0,0,523,43.0,42.0,-2,89.0
14657,14657,88.0,0,523,44.0,73.0,-1,89.0
14658,14658,89.0,1,523,419.0,300.0,0,89.0
14659,14659,90.0,1,523,111.0,122.0,1,89.0
14660,14660,91.0,1,523,58.0,70.0,2,89.0
14661,14661,92.0,1,523,29.0,70.0,3,89.0
14662,14662,93.0,1,523,26.0,63.0,4,89.0
14663,14663,94.0,1,523,72.0,115.0,5,89.0
14664,14664,95.0,1,523,28.0,63.0,6,89.0
14665,14665,96.0,1,523,21.0,50.0,7,89.0
14666,14666,97.0,1,523,32.0,55.0,8,89.0
14667,14667,98.0,1,523,21.0,71.0,9,89.0
14668,14668,99.0,1,523,23.0,46.0,10,89.0
14669,14669,100.0,1,523,29.0,67.0,11,89.0
14670,14670,101.0,1,523,32.0,90.0,12,89.0
14671,14671,102.0,1,523,100.0,223.0,13,89.0
14672,14672,38.0,0,524,36.0,98.0,-14,52.0
14673,14673,39.0,0,524,20.0,48.0,-13,52.0
14674,14674,40.0,0,524,20.0,38.0,-12,52.0
14675,14675,41.0,0,524,12.0,48.0,-11,52.0
14676,14676,42.0,0,524,20.0,44.0,-10,52.0
14677,14677,43.0,0,524,12.0,27.0,-9,52.0
14678,14678,44.0,0,524,14.0,16.0,-8,52.0
14679,14679,45.0,0,524,12.0,19.0,-7,52.0
14680,14680,46.0,0,524,10.0,22.0,-6,52.0
14681,14681,47.0,0,524,13.0,24.0,-5,52.0
14682,14682,48.0,0,524,7.0,9.0,-4,52.0
14683,14683,49.0,0,524,10.0,10.0,-3,52.0
14684,14684,50.0,0,524,7.0,11.0,-2,52.0
14685,14685,51.0,0,524,74.0,88.0,-1,52.0
14686,14686,52.0,1,524,107.0,104.0,0,52.0
14687,14687,53.0,1,524,8.0,25.0,1,52.0
14688,14688,54.0,1,524,6.0,16.0,2,52.0
14689,14689,55.0,1,524,8.0,14.0,3,52.0
14690,14690,56.0,1,524,18.0,33.0,4,52.0
14691,14691,57.0,1,524,5.0,14.0,5,52.0
14692,14692,58.0,1,524,17.0,37.0,6,52.0
14693,14693,59.0,1,524,36.0,63.0,7,52.0
14694,14694,60.0,1,524,13.0,18.0,8,52.0
14695,14695,61.0,1,524,3.0,6.0,9,52.0
14696,14696,62.0,1,524,5.0,20.0,10,52.0
14697,14697,63.0,1,524,4.0,7.0,11,52.0
14698,14698,64.0,1,524,2.0,8.0,12,52.0
14699,14699,65.0,1,524,2.0,7.0,13,52.0
14700,14700,192.0,0,525,9.0,9.0,-14,206.0
14701,14701,193.0,0,525,2.0,0.0,-13,206.0
14702,14702,194.0,0,525,5.0,3.0,-12,206.0
14703,14703,195.0,0,525,27.0,26.0,-11,206.0
14704,14704,196.0,0,525,8.0,15.0,-10,206.0
14705,14705,197.0,0,525,6.0,5.0,-9,206.0
14706,14706,198.0,0,525,8.0,1.0,-8,206.0
14707,14707,199.0,0,525,11.0,4.0,-7,206.0
14708,14708,200.0,0,525,4.0,3.0,-6,206.0
14709,14709,201.0,0,525,4.0,0.0,-5,206.0
14710,14710,202.0,0,525,2.0,2.0,-4,206.0
14711,14711,203.0,0,525,26.0,19.0,-3,206.0
14712,14712,204.0,0,525,83.0,34.0,-2,206.0
14713,14713,205.0,0,525,109.0,39.0,-1,206.0
14714,14714,206.0,1,525,13.0,5.0,0,206.0
14715,14715,207.0,1,525,10.0,5.0,1,206.0
14716,14716,208.0,1,525,7.0,9.0,2,206.0
14717,14717,209.0,1,525,39.0,31.0,3,206.0
14718,14718,210.0,1,525,9.0,13.0,4,206.0
14719,14719,211.0,1,525,55.0,38.0,5,206.0
14720,14720,212.0,1,525,5.0,5.0,6,206.0
14721,14721,213.0,1,525,2.0,9.0,7,206.0
14722,14722,214.0,1,525,1.0,1.0,8,206.0
14723,14723,215.0,1,525,1.0,1.0,9,206.0
14724,14724,216.0,1,525,2.0,3.0,10,206.0
14725,14725,217.0,1,525,1.0,4.0,11,206.0
14726,14726,218.0,1,525,1.0,2.0,12,206.0
14727,14727,219.0,1,525,0.0,2.0,13,206.0
14728,14728,37.0,0,526,0.0,0.0,-14,51.0
14729,14729,38.0,0,526,0.0,0.0,-13,51.0
14730,14730,39.0,0,526,0.0,0.0,-12,51.0
14731,14731,40.0,0,526,589.0,1014.0,-11,51.0
14732,14732,41.0,0,526,472.0,973.0,-10,51.0
14733,14733,42.0,0,526,1417.0,1746.0,-9,51.0
14734,14734,43.0,0,526,1897.0,1967.0,-8,51.0
14735,14735,44.0,0,526,2943.0,3023.0,-7,51.0
14736,14736,45.0,0,526,4091.0,4086.0,-6,51.0
14737,14737,46.0,0,526,3014.0,3209.0,-5,51.0
14738,14738,47.0,0,526,1989.0,2407.0,-4,51.0
14739,14739,48.0,0,526,3015.0,3304.0,-3,51.0
14740,14740,49.0,0,526,2887.0,2914.0,-2,51.0
14741,14741,50.0,0,526,1987.0,2528.0,-1,51.0
14742,14742,51.0,1,526,1507.0,2934.0,0,51.0
14743,14743,52.0,1,526,1093.0,2105.0,1,51.0
14744,14744,53.0,1,526,808.0,1994.0,2,51.0
14745,14745,54.0,1,526,451.0,1177.0,3,51.0
14746,14746,55.0,1,526,1230.0,2887.0,4,51.0
14747,14747,56.0,1,526,1277.0,2925.0,5,51.0
14748,14748,57.0,1,526,269.0,766.0,6,51.0
14749,14749,58.0,1,526,1809.0,3997.0,7,51.0
14750,14750,59.0,1,526,1035.0,2596.0,8,51.0
14751,14751,60.0,1,526,237.0,679.0,9,51.0
14752,14752,61.0,1,526,134.0,372.0,10,51.0
14753,14753,62.0,1,526,609.0,1628.0,11,51.0
14754,14754,63.0,1,526,111.0,418.0,12,51.0
14755,14755,64.0,1,526,95.0,324.0,13,51.0
14756,14756,228.0,0,527,1.0,1.0,-14,242.0
14757,14757,229.0,0,527,5.0,2.0,-13,242.0
14758,14758,230.0,0,527,21.0,11.0,-12,242.0
14759,14759,231.0,0,527,5.0,5.0,-11,242.0
14760,14760,232.0,0,527,0.0,0.0,-10,242.0
14761,14761,233.0,0,527,2.0,1.0,-9,242.0
14762,14762,234.0,0,527,1.0,1.0,-8,242.0
14763,14763,235.0,0,527,5.0,3.0,-7,242.0
14764,14764,236.0,0,527,1.0,4.0,-6,242.0
14765,14765,237.0,0,527,1.0,2.0,-5,242.0
14766,14766,238.0,0,527,2.0,3.0,-4,242.0
14767,14767,239.0,0,527,0.0,0.0,-3,242.0
14768,14768,240.0,0,527,1.0,0.0,-2,242.0
14769,14769,241.0,0,527,623.0,429.0,-1,242.0
14770,14770,242.0,1,527,902.0,783.0,0,242.0
14771,14771,243.0,1,527,114.0,153.0,1,242.0
14772,14772,244.0,1,527,27.0,28.0,2,242.0
14773,14773,245.0,1,527,14.0,16.0,3,242.0
14774,14774,246.0,1,527,5.0,3.0,4,242.0
14775,14775,247.0,1,527,10.0,9.0,5,242.0
14776,14776,248.0,1,527,12.0,7.0,6,242.0
14777,14777,249.0,1,527,3.0,3.0,7,242.0
14778,14778,250.0,1,527,4.0,7.0,8,242.0
14779,14779,251.0,1,527,7.0,5.0,9,242.0
14780,14780,252.0,1,527,2.0,12.0,10,242.0
14781,14781,253.0,1,527,1.0,1.0,11,242.0
14782,14782,254.0,1,527,4.0,4.0,12,242.0
14783,14783,255.0,1,527,8.0,11.0,13,242.0
14784,14784,65.0,0,528,95.0,119.0,-14,79.0
14785,14785,66.0,0,528,100.0,132.0,-13,79.0
14786,14786,67.0,0,528,142.0,168.0,-12,79.0
14787,14787,68.0,0,528,75.0,81.0,-11,79.0
14788,14788,69.0,0,528,61.0,88.0,-10,79.0
14789,14789,70.0,0,528,33.0,67.0,-9,79.0
14790,14790,71.0,0,528,49.0,59.0,-8,79.0
14791,14791,72.0,0,528,53.0,42.0,-7,79.0
14792,14792,73.0,0,528,64.0,56.0,-6,79.0
14793,14793,74.0,0,528,33.0,43.0,-5,79.0
14794,14794,75.0,0,528,66.0,71.0,-4,79.0
14795,14795,76.0,0,528,37.0,31.0,-3,79.0
14796,14796,77.0,0,528,24.0,28.0,-2,79.0
14797,14797,78.0,0,528,57.0,56.0,-1,79.0
14798,14798,79.0,1,528,58.0,71.0,0,79.0
14799,14799,80.0,1,528,50.0,64.0,1,79.0
14800,14800,81.0,1,528,31.0,58.0,2,79.0
14801,14801,82.0,1,528,74.0,71.0,3,79.0
14802,14802,83.0,1,528,70.0,115.0,4,79.0
14803,14803,84.0,1,528,81.0,103.0,5,79.0
14804,14804,85.0,1,528,31.0,48.0,6,79.0
14805,14805,86.0,1,528,79.0,124.0,7,79.0
14806,14806,87.0,1,528,116.0,146.0,8,79.0
14807,14807,88.0,1,528,236.0,410.0,9,79.0
14808,14808,89.0,1,528,216.0,326.0,10,79.0
14809,14809,90.0,1,528,670.0,1537.0,11,79.0
14810,14810,91.0,1,528,281.0,897.0,12,79.0
14811,14811,92.0,1,528,65.0,179.0,13,79.0
14812,14812,118.0,0,529,79.0,93.0,-14,132.0
14813,14813,119.0,0,529,169.0,227.0,-13,132.0
14814,14814,120.0,0,529,68.0,92.0,-12,132.0
14815,14815,121.0,0,529,209.0,210.0,-11,132.0
14816,14816,122.0,0,529,118.0,168.0,-10,132.0
14817,14817,123.0,0,529,187.0,236.0,-9,132.0
14818,14818,124.0,0,529,42.0,68.0,-8,132.0
14819,14819,125.0,0,529,60.0,93.0,-7,132.0
14820,14820,126.0,0,529,86.0,126.0,-6,132.0
14821,14821,127.0,0,529,165.0,219.0,-5,132.0
14822,14822,128.0,0,529,106.0,132.0,-4,132.0
14823,14823,129.0,0,529,380.0,613.0,-3,132.0
14824,14824,130.0,0,529,129.0,236.0,-2,132.0
14825,14825,131.0,0,529,78.0,86.0,-1,132.0
14826,14826,132.0,1,529,112.0,106.0,0,132.0
14827,14827,133.0,1,529,92.0,137.0,1,132.0
14828,14828,134.0,1,529,33.0,66.0,2,132.0
14829,14829,135.0,1,529,94.0,110.0,3,132.0
14830,14830,136.0,1,529,234.0,238.0,4,132.0
14831,14831,137.0,1,529,233.0,347.0,5,132.0
14832,14832,138.0,1,529,47.0,91.0,6,132.0
14833,14833,139.0,1,529,41.0,84.0,7,132.0
14834,14834,140.0,1,529,18.0,42.0,8,132.0
14835,14835,141.0,1,529,36.0,55.0,9,132.0
14836,14836,142.0,1,529,65.0,113.0,10,132.0
14837,14837,143.0,1,529,112.0,190.0,11,132.0
14838,14838,144.0,1,529,108.0,143.0,12,132.0
14839,14839,145.0,1,529,30.0,63.0,13,132.0
14840,14840,20.0,0,530,0.0,8.0,-14,34.0
14841,14841,21.0,0,530,0.0,12.0,-13,34.0
14842,14842,22.0,0,530,0.0,12.0,-12,34.0
14843,14843,23.0,0,530,1.0,13.0,-11,34.0
14844,14844,24.0,0,530,0.0,9.0,-10,34.0
14845,14845,25.0,0,530,0.0,10.0,-9,34.0
14846,14846,26.0,0,530,2.0,22.0,-8,34.0
14847,14847,27.0,0,530,10.0,192.0,-7,34.0
14848,14848,28.0,0,530,17.0,208.0,-6,34.0
14849,14849,29.0,0,530,43.0,439.0,-5,34.0
14850,14850,30.0,0,530,156.0,917.0,-4,34.0
14851,14851,31.0,0,530,652.0,2422.0,-3,34.0
14852,14852,32.0,0,530,404.0,1553.0,-2,34.0
14853,14853,33.0,0,530,321.0,1304.0,-1,34.0
14854,14854,34.0,1,530,491.0,2494.0,0,34.0
14855,14855,35.0,1,530,253.0,2417.0,1,34.0
14856,14856,36.0,1,530,152.0,1510.0,2,34.0
14857,14857,37.0,1,530,130.0,1313.0,3,34.0
14858,14858,38.0,1,530,71.0,983.0,4,34.0
14859,14859,39.0,1,530,70.0,1007.0,5,34.0
14860,14860,40.0,1,530,86.0,937.0,6,34.0
14861,14861,41.0,1,530,31.0,540.0,7,34.0
14862,14862,42.0,1,530,27.0,365.0,8,34.0
14863,14863,43.0,1,530,39.0,502.0,9,34.0
14864,14864,44.0,1,530,337.0,4030.0,10,34.0
14865,14865,45.0,1,530,188.0,3504.0,11,34.0
14866,14866,46.0,1,530,22.0,451.0,12,34.0
14867,14867,47.0,1,530,39.0,530.0,13,34.0
14868,14868,39.0,0,531,1342.0,17943.0,-14,53.0
14869,14869,40.0,0,531,1035.0,17737.0,-13,53.0
14870,14870,41.0,0,531,1144.0,18359.0,-12,53.0
14871,14871,42.0,0,531,778.0,8652.0,-11,53.0
14872,14872,43.0,0,531,656.0,11448.0,-10,53.0
14873,14873,44.0,0,531,974.0,14567.0,-9,53.0
14874,14874,45.0,0,531,791.0,13219.0,-8,53.0
14875,14875,46.0,0,531,415.0,7050.0,-7,53.0
14876,14876,47.0,0,531,505.0,6724.0,-6,53.0
14877,14877,48.0,0,531,647.0,6512.0,-5,53.0
14878,14878,49.0,0,531,353.0,3623.0,-4,53.0
14879,14879,50.0,0,531,378.0,4256.0,-3,53.0
14880,14880,51.0,0,531,359.0,4923.0,-2,53.0
14881,14881,52.0,0,531,310.0,4140.0,-1,53.0
14882,14882,53.0,1,531,191.0,3606.0,0,53.0
14883,14883,54.0,1,531,132.0,4014.0,1,53.0
14884,14884,55.0,1,531,128.0,3008.0,2,53.0
14885,14885,56.0,1,531,156.0,3580.0,3,53.0
14886,14886,57.0,1,531,79.0,2374.0,4,53.0
14887,14887,58.0,1,531,215.0,4370.0,5,53.0
14888,14888,59.0,1,531,137.0,3588.0,6,53.0
14889,14889,60.0,1,531,50.0,1082.0,7,53.0
14890,14890,61.0,1,531,87.0,1709.0,8,53.0
14891,14891,62.0,1,531,48.0,1422.0,9,53.0
14892,14892,63.0,1,531,41.0,1339.0,10,53.0
14893,14893,64.0,1,531,50.0,1229.0,11,53.0
14894,14894,65.0,1,531,130.0,2357.0,12,53.0
14895,14895,66.0,1,531,39.0,1334.0,13,53.0
14896,14896,242.0,0,532,8.0,51.0,-14,256.0
14897,14897,243.0,0,532,10.0,27.0,-13,256.0
14898,14898,244.0,0,532,6.0,35.0,-12,256.0
14899,14899,245.0,0,532,5.0,36.0,-11,256.0
14900,14900,246.0,0,532,3.0,26.0,-10,256.0
14901,14901,247.0,0,532,4.0,29.0,-9,256.0
14902,14902,248.0,0,532,17.0,53.0,-8,256.0
14903,14903,249.0,0,532,5.0,33.0,-7,256.0
14904,14904,250.0,0,532,4.0,30.0,-6,256.0
14905,14905,251.0,0,532,11.0,36.0,-5,256.0
14906,14906,252.0,0,532,6.0,29.0,-4,256.0
14907,14907,253.0,0,532,9.0,34.0,-3,256.0
14908,14908,254.0,0,532,5.0,23.0,-2,256.0
14909,14909,255.0,0,532,11.0,36.0,-1,256.0
14910,14910,256.0,1,532,32.0,94.0,0,256.0
14911,14911,257.0,1,532,2.0,50.0,1,256.0
14912,14912,258.0,1,532,14.0,39.0,2,256.0
14913,14913,259.0,1,532,4.0,22.0,3,256.0
14914,14914,260.0,1,532,6.0,27.0,4,256.0
14915,14915,261.0,1,532,3.0,21.0,5,256.0
14916,14916,262.0,1,532,3.0,20.0,6,256.0
14917,14917,263.0,1,532,15.0,66.0,7,256.0
14918,14918,264.0,1,532,2.0,52.0,8,256.0
14919,14919,265.0,1,532,5.0,79.0,9,256.0
14920,14920,266.0,1,532,6.0,38.0,10,256.0
14921,14921,267.0,1,532,2.0,28.0,11,256.0
14922,14922,268.0,1,532,5.0,25.0,12,256.0
14923,14923,269.0,1,532,1.0,26.0,13,256.0
14924,14924,79.0,0,533,15.0,14.0,-14,93.0
14925,14925,80.0,0,533,29.0,18.0,-13,93.0
14926,14926,81.0,0,533,12.0,14.0,-12,93.0
14927,14927,82.0,0,533,13.0,7.0,-11,93.0
14928,14928,83.0,0,533,13.0,11.0,-10,93.0
14929,14929,84.0,0,533,16.0,15.0,-9,93.0
14930,14930,85.0,0,533,63.0,138.0,-8,93.0
14931,14931,86.0,0,533,17.0,29.0,-7,93.0
14932,14932,87.0,0,533,19.0,5.0,-6,93.0
14933,14933,88.0,0,533,12.0,15.0,-5,93.0
14934,14934,89.0,0,533,34.0,51.0,-4,93.0
14935,14935,90.0,0,533,25.0,57.0,-3,93.0
14936,14936,91.0,0,533,78.0,52.0,-2,93.0
14937,14937,92.0,0,533,471.0,357.0,-1,93.0
14938,14938,93.0,1,533,203.0,159.0,0,93.0
14939,14939,94.0,1,533,42.0,59.0,1,93.0
14940,14940,95.0,1,533,17.0,28.0,2,93.0
14941,14941,96.0,1,533,40.0,96.0,3,93.0
14942,14942,97.0,1,533,16.0,52.0,4,93.0
14943,14943,98.0,1,533,28.0,52.0,5,93.0
14944,14944,99.0,1,533,49.0,83.0,6,93.0
14945,14945,100.0,1,533,111.0,172.0,7,93.0
14946,14946,101.0,1,533,17.0,69.0,8,93.0
14947,14947,102.0,1,533,27.0,80.0,9,93.0
14948,14948,103.0,1,533,16.0,83.0,10,93.0
14949,14949,104.0,1,533,13.0,141.0,11,93.0
14950,14950,105.0,1,533,10.0,61.0,12,93.0
14951,14951,106.0,1,533,8.0,31.0,13,93.0
14952,14952,37.0,0,534,125.0,157.0,-14,51.0
14953,14953,38.0,0,534,149.0,202.0,-13,51.0
14954,14954,39.0,0,534,91.0,132.0,-12,51.0
14955,14955,40.0,0,534,323.0,249.0,-11,51.0
14956,14956,41.0,0,534,637.0,498.0,-10,51.0
14957,14957,42.0,0,534,893.0,774.0,-9,51.0
14958,14958,43.0,0,534,312.0,144.0,-8,51.0
14959,14959,44.0,0,534,47.0,47.0,-7,51.0
14960,14960,45.0,0,534,290.0,198.0,-6,51.0
14961,14961,46.0,0,534,52.0,51.0,-5,51.0
14962,14962,47.0,0,534,1120.0,661.0,-4,51.0
14963,14963,48.0,0,534,766.0,314.0,-3,51.0
14964,14964,49.0,0,534,45.0,32.0,-2,51.0
14965,14965,50.0,0,534,39.0,22.0,-1,51.0
14966,14966,51.0,1,534,135.0,85.0,0,51.0
14967,14967,52.0,1,534,48.0,33.0,1,51.0
14968,14968,53.0,1,534,37.0,36.0,2,51.0
14969,14969,54.0,1,534,187.0,141.0,3,51.0
14970,14970,55.0,1,534,21.0,22.0,4,51.0
14971,14971,56.0,1,534,23.0,14.0,5,51.0
14972,14972,57.0,1,534,13.0,12.0,6,51.0
14973,14973,58.0,1,534,19.0,24.0,7,51.0
14974,14974,59.0,1,534,7.0,16.0,8,51.0
14975,14975,60.0,1,534,9.0,9.0,9,51.0
14976,14976,61.0,1,534,35.0,45.0,10,51.0
14977,14977,62.0,1,534,118.0,72.0,11,51.0
14978,14978,63.0,1,534,23.0,15.0,12,51.0
14979,14979,64.0,1,534,19.0,25.0,13,51.0
14980,14980,321.0,0,535,6.0,4.0,-14,335.0
14981,14981,322.0,0,535,31.0,59.0,-13,335.0
14982,14982,323.0,0,535,16.0,37.0,-12,335.0
14983,14983,324.0,0,535,7.0,8.0,-11,335.0
14984,14984,325.0,0,535,10.0,7.0,-10,335.0
14985,14985,326.0,0,535,4.0,6.0,-9,335.0
14986,14986,327.0,0,535,8.0,8.0,-8,335.0
14987,14987,328.0,0,535,3.0,9.0,-7,335.0
14988,14988,329.0,0,535,3.0,2.0,-6,335.0
14989,14989,330.0,0,535,3.0,2.0,-5,335.0
14990,14990,331.0,0,535,2.0,5.0,-4,335.0
14991,14991,332.0,0,535,3.0,5.0,-3,335.0
14992,14992,333.0,0,535,5.0,10.0,-2,335.0
14993,14993,334.0,0,535,7.0,7.0,-1,335.0
14994,14994,335.0,1,535,4.0,11.0,0,335.0
14995,14995,336.0,1,535,2.0,11.0,1,335.0
14996,14996,337.0,1,535,2.0,7.0,2,335.0
14997,14997,338.0,1,535,3.0,7.0,3,335.0
14998,14998,339.0,1,535,2.0,7.0,4,335.0
14999,14999,340.0,1,535,4.0,2.0,5,335.0
15000,15000,341.0,1,535,2.0,8.0,6,335.0
15001,15001,342.0,1,535,1.0,5.0,7,335.0
15002,15002,343.0,1,535,3.0,4.0,8,335.0
15003,15003,344.0,1,535,2.0,7.0,9,335.0
15004,15004,345.0,1,535,3.0,5.0,10,335.0
15005,15005,346.0,1,535,3.0,7.0,11,335.0
15006,15006,347.0,1,535,4.0,9.0,12,335.0
15007,15007,348.0,1,535,3.0,9.0,13,335.0
15008,15008,138.0,0,536,1.0,3.0,-14,152.0
15009,15009,139.0,0,536,14.0,14.0,-13,152.0
15010,15010,140.0,0,536,5.0,13.0,-12,152.0
15011,15011,141.0,0,536,0.0,2.0,-11,152.0
15012,15012,142.0,0,536,2.0,1.0,-10,152.0
15013,15013,143.0,0,536,1.0,2.0,-9,152.0
15014,15014,144.0,0,536,28.0,42.0,-8,152.0
15015,15015,145.0,0,536,5.0,18.0,-7,152.0
15016,15016,146.0,0,536,6.0,7.0,-6,152.0
15017,15017,147.0,0,536,133.0,37.0,-5,152.0
15018,15018,148.0,0,536,27.0,17.0,-4,152.0
15019,15019,149.0,0,536,3.0,4.0,-3,152.0
15020,15020,150.0,0,536,1.0,6.0,-2,152.0
15021,15021,151.0,0,536,0.0,8.0,-1,152.0
15022,15022,152.0,1,536,42.0,18.0,0,152.0
15023,15023,153.0,1,536,8.0,9.0,1,152.0
15024,15024,154.0,1,536,2.0,2.0,2,152.0
15025,15025,155.0,1,536,4.0,8.0,3,152.0
15026,15026,156.0,1,536,2.0,2.0,4,152.0
15027,15027,157.0,1,536,0.0,1.0,5,152.0
15028,15028,158.0,1,536,0.0,0.0,6,152.0
15029,15029,159.0,1,536,0.0,1.0,7,152.0
15030,15030,160.0,1,536,1.0,3.0,8,152.0
15031,15031,161.0,1,536,1.0,3.0,9,152.0
15032,15032,162.0,1,536,5.0,6.0,10,152.0
15033,15033,163.0,1,536,1.0,1.0,11,152.0
15034,15034,164.0,1,536,0.0,0.0,12,152.0
15035,15035,165.0,1,536,0.0,0.0,13,152.0
15036,15036,101.0,0,537,10.0,8.0,-14,115.0
15037,15037,102.0,0,537,12.0,10.0,-13,115.0
15038,15038,103.0,0,537,39.0,8.0,-12,115.0
15039,15039,104.0,0,537,18.0,9.0,-11,115.0
15040,15040,105.0,0,537,8.0,8.0,-10,115.0
15041,15041,106.0,0,537,13.0,4.0,-9,115.0
15042,15042,107.0,0,537,16.0,5.0,-8,115.0
15043,15043,108.0,0,537,27.0,12.0,-7,115.0
15044,15044,109.0,0,537,11.0,9.0,-6,115.0
15045,15045,110.0,0,537,21.0,13.0,-5,115.0
15046,15046,111.0,0,537,8.0,11.0,-4,115.0
15047,15047,112.0,0,537,3.0,3.0,-3,115.0
15048,15048,113.0,0,537,12.0,5.0,-2,115.0
15049,15049,114.0,0,537,10.0,8.0,-1,115.0
15050,15050,115.0,1,537,29.0,23.0,0,115.0
15051,15051,116.0,1,537,10.0,10.0,1,115.0
15052,15052,117.0,1,537,6.0,14.0,2,115.0
15053,15053,118.0,1,537,4.0,5.0,3,115.0
15054,15054,119.0,1,537,11.0,10.0,4,115.0
15055,15055,120.0,1,537,10.0,9.0,5,115.0
15056,15056,121.0,1,537,2.0,7.0,6,115.0
15057,15057,122.0,1,537,5.0,3.0,7,115.0
15058,15058,123.0,1,537,3.0,5.0,8,115.0
15059,15059,124.0,1,537,9.0,15.0,9,115.0
15060,15060,125.0,1,537,2.0,12.0,10,115.0
15061,15061,126.0,1,537,9.0,12.0,11,115.0
15062,15062,127.0,1,537,5.0,5.0,12,115.0
15063,15063,128.0,1,537,18.0,7.0,13,115.0
15064,15064,47.0,0,538,1.0,7.0,-14,61.0
15065,15065,48.0,0,538,4.0,11.0,-13,61.0
15066,15066,49.0,0,538,1.0,3.0,-12,61.0
15067,15067,50.0,0,538,4.0,7.0,-11,61.0
15068,15068,51.0,0,538,3.0,3.0,-10,61.0
15069,15069,52.0,0,538,1.0,6.0,-9,61.0
15070,15070,53.0,0,538,2.0,6.0,-8,61.0
15071,15071,54.0,0,538,5.0,6.0,-7,61.0
15072,15072,55.0,0,538,4.0,4.0,-6,61.0
15073,15073,56.0,0,538,5.0,4.0,-5,61.0
15074,15074,57.0,0,538,2.0,3.0,-4,61.0
15075,15075,58.0,0,538,1.0,0.0,-3,61.0
15076,15076,59.0,0,538,2.0,0.0,-2,61.0
15077,15077,60.0,0,538,1.0,2.0,-1,61.0
15078,15078,61.0,1,538,28.0,7.0,0,61.0
15079,15079,62.0,1,538,6.0,10.0,1,61.0
15080,15080,63.0,1,538,1.0,6.0,2,61.0
15081,15081,64.0,1,538,4.0,1.0,3,61.0
15082,15082,65.0,1,538,7.0,5.0,4,61.0
15083,15083,66.0,1,538,6.0,6.0,5,61.0
15084,15084,67.0,1,538,8.0,6.0,6,61.0
15085,15085,68.0,1,538,3.0,4.0,7,61.0
15086,15086,69.0,1,538,4.0,5.0,8,61.0
15087,15087,70.0,1,538,3.0,8.0,9,61.0
15088,15088,71.0,1,538,1.0,8.0,10,61.0
15089,15089,72.0,1,538,2.0,4.0,11,61.0
15090,15090,73.0,1,538,2.0,6.0,12,61.0
15091,15091,74.0,1,538,0.0,1.0,13,61.0
15092,15092,31.0,0,539,219.0,979.0,-14,45.0
15093,15093,32.0,0,539,416.0,2097.0,-13,45.0
15094,15094,33.0,0,539,587.0,2751.0,-12,45.0
15095,15095,34.0,0,539,428.0,2603.0,-11,45.0
15096,15096,35.0,0,539,461.0,2289.0,-10,45.0
15097,15097,36.0,0,539,564.0,2804.0,-9,45.0
15098,15098,37.0,0,539,760.0,4162.0,-8,45.0
15099,15099,38.0,0,539,973.0,5774.0,-7,45.0
15100,15100,39.0,0,539,486.0,2319.0,-6,45.0
15101,15101,40.0,0,539,580.0,2652.0,-5,45.0
15102,15102,41.0,0,539,471.0,2206.0,-4,45.0
15103,15103,42.0,0,539,225.0,962.0,-3,45.0
15104,15104,43.0,0,539,268.0,982.0,-2,45.0
15105,15105,44.0,0,539,516.0,2497.0,-1,45.0
15106,15106,45.0,1,539,892.0,1973.0,0,45.0
15107,15107,46.0,1,539,165.0,973.0,1,45.0
15108,15108,47.0,1,539,221.0,933.0,2,45.0
15109,15109,48.0,1,539,327.0,2044.0,3,45.0
15110,15110,49.0,1,539,224.0,986.0,4,45.0
15111,15111,50.0,1,539,217.0,1361.0,5,45.0
15112,15112,51.0,1,539,110.0,810.0,6,45.0
15113,15113,52.0,1,539,91.0,571.0,7,45.0
15114,15114,53.0,1,539,122.0,619.0,8,45.0
15115,15115,54.0,1,539,180.0,691.0,9,45.0
15116,15116,55.0,1,539,79.0,469.0,10,45.0
15117,15117,56.0,1,539,98.0,400.0,11,45.0
15118,15118,57.0,1,539,50.0,383.0,12,45.0
15119,15119,58.0,1,539,223.0,1487.0,13,45.0
15120,15120,55.0,0,540,6.0,33.0,-14,69.0
15121,15121,56.0,0,540,4.0,21.0,-13,69.0
15122,15122,57.0,0,540,4.0,22.0,-12,69.0
15123,15123,58.0,0,540,6.0,17.0,-11,69.0
15124,15124,59.0,0,540,6.0,49.0,-10,69.0
15125,15125,60.0,0,540,85.0,215.0,-9,69.0
15126,15126,61.0,0,540,42.0,145.0,-8,69.0
15127,15127,62.0,0,540,18.0,102.0,-7,69.0
15128,15128,63.0,0,540,36.0,88.0,-6,69.0
15129,15129,64.0,0,540,32.0,77.0,-5,69.0
15130,15130,65.0,0,540,18.0,74.0,-4,69.0
15131,15131,66.0,0,540,14.0,75.0,-3,69.0
15132,15132,67.0,0,540,21.0,58.0,-2,69.0
15133,15133,68.0,0,540,8508.0,14001.0,-1,69.0
15134,15134,69.0,1,540,3880.0,6645.0,0,69.0
15135,15135,70.0,1,540,366.0,797.0,1,69.0
15136,15136,71.0,1,540,943.0,1498.0,2,69.0
15137,15137,72.0,1,540,396.0,671.0,3,69.0
15138,15138,73.0,1,540,256.0,620.0,4,69.0
15139,15139,74.0,1,540,93.0,224.0,5,69.0
15140,15140,75.0,1,540,70.0,128.0,6,69.0
15141,15141,76.0,1,540,68.0,181.0,7,69.0
15142,15142,77.0,1,540,98.0,176.0,8,69.0
15143,15143,78.0,1,540,1486.0,1013.0,9,69.0
15144,15144,79.0,1,540,677.0,579.0,10,69.0
15145,15145,80.0,1,540,122.0,202.0,11,69.0
15146,15146,81.0,1,540,227.0,265.0,12,69.0
15147,15147,82.0,1,540,94.0,146.0,13,69.0
15148,15148,62.0,0,541,0.0,0.0,-14,76.0
15149,15149,63.0,0,541,0.0,0.0,-13,76.0
15150,15150,64.0,0,541,1.0,0.0,-12,76.0
15151,15151,65.0,0,541,0.0,1.0,-11,76.0
15152,15152,66.0,0,541,0.0,1.0,-10,76.0
15153,15153,67.0,0,541,1.0,0.0,-9,76.0
15154,15154,68.0,0,541,0.0,1.0,-8,76.0
15155,15155,69.0,0,541,0.0,0.0,-7,76.0
15156,15156,70.0,0,541,0.0,0.0,-6,76.0
15157,15157,71.0,0,541,0.0,0.0,-5,76.0
15158,15158,72.0,0,541,0.0,0.0,-4,76.0
15159,15159,73.0,0,541,0.0,0.0,-3,76.0
15160,15160,74.0,0,541,0.0,1.0,-2,76.0
15161,15161,75.0,0,541,1.0,0.0,-1,76.0
15162,15162,76.0,1,541,7.0,0.0,0,76.0
15163,15163,77.0,1,541,0.0,0.0,1,76.0
15164,15164,78.0,1,541,0.0,0.0,2,76.0
15165,15165,79.0,1,541,1.0,2.0,3,76.0
15166,15166,80.0,1,541,0.0,0.0,4,76.0
15167,15167,81.0,1,541,0.0,0.0,5,76.0
15168,15168,82.0,1,541,0.0,0.0,6,76.0
15169,15169,83.0,1,541,0.0,0.0,7,76.0
15170,15170,84.0,1,541,0.0,0.0,8,76.0
15171,15171,85.0,1,541,0.0,0.0,9,76.0
15172,15172,86.0,1,541,0.0,0.0,10,76.0
15173,15173,87.0,1,541,0.0,0.0,11,76.0
15174,15174,88.0,1,541,0.0,1.0,12,76.0
15175,15175,89.0,1,541,0.0,0.0,13,76.0
15176,15176,22.0,0,542,0.0,0.0,-14,36.0
15177,15177,23.0,0,542,0.0,0.0,-13,36.0
15178,15178,24.0,0,542,0.0,0.0,-12,36.0
15179,15179,25.0,0,542,0.0,0.0,-11,36.0
15180,15180,26.0,0,542,0.0,0.0,-10,36.0
15181,15181,27.0,0,542,1.0,1.0,-9,36.0
15182,15182,28.0,0,542,0.0,1.0,-8,36.0
15183,15183,29.0,0,542,0.0,22.0,-7,36.0
15184,15184,30.0,0,542,0.0,2.0,-6,36.0
15185,15185,31.0,0,542,0.0,3.0,-5,36.0
15186,15186,32.0,0,542,46.0,313.0,-4,36.0
15187,15187,33.0,0,542,81.0,485.0,-3,36.0
15188,15188,34.0,0,542,1555.0,16353.0,-2,36.0
15189,15189,35.0,0,542,1350.0,14197.0,-1,36.0
15190,15190,36.0,1,542,1396.0,14743.0,0,36.0
15191,15191,37.0,1,542,715.0,9806.0,1,36.0
15192,15192,38.0,1,542,2834.0,18385.0,2,36.0
15193,15193,39.0,1,542,787.0,8966.0,3,36.0
15194,15194,40.0,1,542,356.0,5093.0,4,36.0
15195,15195,41.0,1,542,361.0,4607.0,5,36.0
15196,15196,42.0,1,542,280.0,3486.0,6,36.0
15197,15197,43.0,1,542,272.0,5703.0,7,36.0
15198,15198,44.0,1,542,271.0,4215.0,8,36.0
15199,15199,45.0,1,542,182.0,2360.0,9,36.0
15200,15200,46.0,1,542,120.0,1890.0,10,36.0
15201,15201,47.0,1,542,363.0,3772.0,11,36.0
15202,15202,48.0,1,542,283.0,2996.0,12,36.0
15203,15203,49.0,1,542,44.0,963.0,13,36.0
15204,15204,225.0,0,543,0.0,0.0,-14,239.0
15205,15205,226.0,0,543,0.0,0.0,-13,239.0
15206,15206,227.0,0,543,0.0,1.0,-12,239.0
15207,15207,228.0,0,543,0.0,0.0,-11,239.0
15208,15208,229.0,0,543,0.0,0.0,-10,239.0
15209,15209,230.0,0,543,0.0,0.0,-9,239.0
15210,15210,231.0,0,543,0.0,0.0,-8,239.0
15211,15211,232.0,0,543,0.0,0.0,-7,239.0
15212,15212,233.0,0,543,0.0,0.0,-6,239.0
15213,15213,234.0,0,543,0.0,0.0,-5,239.0
15214,15214,235.0,0,543,1.0,0.0,-4,239.0
15215,15215,236.0,0,543,0.0,0.0,-3,239.0
15216,15216,237.0,0,543,0.0,0.0,-2,239.0
15217,15217,238.0,0,543,0.0,0.0,-1,239.0
15218,15218,239.0,1,543,5.0,1.0,0,239.0
15219,15219,240.0,1,543,0.0,0.0,1,239.0
15220,15220,241.0,1,543,0.0,1.0,2,239.0
15221,15221,242.0,1,543,0.0,1.0,3,239.0
15222,15222,243.0,1,543,0.0,0.0,4,239.0
15223,15223,244.0,1,543,0.0,0.0,5,239.0
15224,15224,245.0,1,543,0.0,0.0,6,239.0
15225,15225,246.0,1,543,0.0,0.0,7,239.0
15226,15226,247.0,1,543,0.0,0.0,8,239.0
15227,15227,248.0,1,543,0.0,1.0,9,239.0
15228,15228,249.0,1,543,0.0,0.0,10,239.0
15229,15229,250.0,1,543,0.0,0.0,11,239.0
15230,15230,251.0,1,543,0.0,0.0,12,239.0
15231,15231,252.0,1,543,0.0,0.0,13,239.0
15232,15232,75.0,0,544,0.0,0.0,-14,89.0
15233,15233,76.0,0,544,0.0,0.0,-13,89.0
15234,15234,77.0,0,544,0.0,2.0,-12,89.0
15235,15235,78.0,0,544,0.0,0.0,-11,89.0
15236,15236,79.0,0,544,1.0,4.0,-10,89.0
15237,15237,80.0,0,544,3.0,20.0,-9,89.0
15238,15238,81.0,0,544,0.0,3.0,-8,89.0
15239,15239,82.0,0,544,103.0,82.0,-7,89.0
15240,15240,83.0,0,544,34.0,51.0,-6,89.0
15241,15241,84.0,0,544,6.0,9.0,-5,89.0
15242,15242,85.0,0,544,11.0,25.0,-4,89.0
15243,15243,86.0,0,544,5.0,8.0,-3,89.0
15244,15244,87.0,0,544,12.0,19.0,-2,89.0
15245,15245,88.0,0,544,7.0,14.0,-1,89.0
15246,15246,89.0,1,544,24.0,18.0,0,89.0
15247,15247,90.0,1,544,5.0,14.0,1,89.0
15248,15248,91.0,1,544,2.0,11.0,2,89.0
15249,15249,92.0,1,544,3.0,8.0,3,89.0
15250,15250,93.0,1,544,25.0,27.0,4,89.0
15251,15251,94.0,1,544,19.0,29.0,5,89.0
15252,15252,95.0,1,544,13.0,61.0,6,89.0
15253,15253,96.0,1,544,1.0,17.0,7,89.0
15254,15254,97.0,1,544,0.0,15.0,8,89.0
15255,15255,98.0,1,544,2.0,10.0,9,89.0
15256,15256,99.0,1,544,43.0,26.0,10,89.0
15257,15257,100.0,1,544,6.0,19.0,11,89.0
15258,15258,101.0,1,544,3.0,12.0,12,89.0
15259,15259,102.0,1,544,20.0,45.0,13,89.0
15260,15260,232.0,0,545,49.0,35.0,-14,246.0
15261,15261,233.0,0,545,8.0,5.0,-13,246.0
15262,15262,234.0,0,545,3.0,4.0,-12,246.0
15263,15263,235.0,0,545,10.0,7.0,-11,246.0
15264,15264,236.0,0,545,5.0,2.0,-10,246.0
15265,15265,237.0,0,545,2.0,2.0,-9,246.0
15266,15266,238.0,0,545,25.0,21.0,-8,246.0
15267,15267,239.0,0,545,41.0,32.0,-7,246.0
15268,15268,240.0,0,545,7.0,5.0,-6,246.0
15269,15269,241.0,0,545,4.0,6.0,-5,246.0
15270,15270,242.0,0,545,3.0,13.0,-4,246.0
15271,15271,243.0,0,545,3.0,6.0,-3,246.0
15272,15272,244.0,0,545,7.0,4.0,-2,246.0
15273,15273,245.0,0,545,29.0,12.0,-1,246.0
15274,15274,246.0,1,545,34.0,20.0,0,246.0
15275,15275,247.0,1,545,10.0,4.0,1,246.0
15276,15276,248.0,1,545,6.0,6.0,2,246.0
15277,15277,249.0,1,545,10.0,5.0,3,246.0
15278,15278,250.0,1,545,9.0,11.0,4,246.0
15279,15279,251.0,1,545,1.0,7.0,5,246.0
15280,15280,252.0,1,545,4.0,8.0,6,246.0
15281,15281,253.0,1,545,6.0,6.0,7,246.0
15282,15282,254.0,1,545,6.0,4.0,8,246.0
15283,15283,255.0,1,545,3.0,6.0,9,246.0
15284,15284,256.0,1,545,7.0,12.0,10,246.0
15285,15285,257.0,1,545,16.0,10.0,11,246.0
15286,15286,258.0,1,545,24.0,17.0,12,246.0
15287,15287,259.0,1,545,9.0,6.0,13,246.0
15288,15288,263.0,0,546,4.0,5.0,-14,277.0
15289,15289,264.0,0,546,3.0,2.0,-13,277.0
15290,15290,265.0,0,546,1.0,0.0,-12,277.0
15291,15291,266.0,0,546,0.0,3.0,-11,277.0
15292,15292,267.0,0,546,1.0,2.0,-10,277.0
15293,15293,268.0,0,546,7.0,17.0,-9,277.0
15294,15294,269.0,0,546,20.0,51.0,-8,277.0
15295,15295,270.0,0,546,5.0,7.0,-7,277.0
15296,15296,271.0,0,546,5.0,8.0,-6,277.0
15297,15297,272.0,0,546,3.0,10.0,-5,277.0
15298,15298,273.0,0,546,1.0,3.0,-4,277.0
15299,15299,274.0,0,546,5.0,7.0,-3,277.0
15300,15300,275.0,0,546,1.0,5.0,-2,277.0
15301,15301,276.0,0,546,6.0,19.0,-1,277.0
15302,15302,277.0,1,546,45.0,77.0,0,277.0
15303,15303,278.0,1,546,8.0,12.0,1,277.0
15304,15304,279.0,1,546,7.0,16.0,2,277.0
15305,15305,280.0,1,546,1.0,3.0,3,277.0
15306,15306,281.0,1,546,1.0,5.0,4,277.0
15307,15307,282.0,1,546,2.0,1.0,5,277.0
15308,15308,283.0,1,546,1.0,3.0,6,277.0
15309,15309,284.0,1,546,1.0,4.0,7,277.0
15310,15310,285.0,1,546,1.0,6.0,8,277.0
15311,15311,286.0,1,546,1.0,3.0,9,277.0
15312,15312,287.0,1,546,2.0,3.0,10,277.0
15313,15313,288.0,1,546,2.0,2.0,11,277.0
15314,15314,289.0,1,546,0.0,2.0,12,277.0
15315,15315,290.0,1,546,9.0,15.0,13,277.0
15316,15316,72.0,0,547,4.0,2.0,-14,86.0
15317,15317,73.0,0,547,3.0,7.0,-13,86.0
15318,15318,74.0,0,547,1.0,3.0,-12,86.0
15319,15319,75.0,0,547,1.0,3.0,-11,86.0
15320,15320,76.0,0,547,2.0,4.0,-10,86.0
15321,15321,77.0,0,547,4.0,4.0,-9,86.0
15322,15322,78.0,0,547,0.0,3.0,-8,86.0
15323,15323,79.0,0,547,0.0,4.0,-7,86.0
15324,15324,80.0,0,547,1.0,5.0,-6,86.0
15325,15325,81.0,0,547,1.0,2.0,-5,86.0
15326,15326,82.0,0,547,2.0,2.0,-4,86.0
15327,15327,83.0,0,547,1.0,3.0,-3,86.0
15328,15328,84.0,0,547,2.0,8.0,-2,86.0
15329,15329,85.0,0,547,1.0,7.0,-1,86.0
15330,15330,86.0,1,547,8.0,8.0,0,86.0
15331,15331,87.0,1,547,3.0,9.0,1,86.0
15332,15332,88.0,1,547,2.0,10.0,2,86.0
15333,15333,89.0,1,547,5.0,9.0,3,86.0
15334,15334,90.0,1,547,4.0,14.0,4,86.0
15335,15335,91.0,1,547,1.0,50.0,5,86.0
15336,15336,92.0,1,547,2.0,14.0,6,86.0
15337,15337,93.0,1,547,1.0,14.0,7,86.0
15338,15338,94.0,1,547,1.0,10.0,8,86.0
15339,15339,95.0,1,547,1.0,7.0,9,86.0
15340,15340,96.0,1,547,3.0,9.0,10,86.0
15341,15341,97.0,1,547,2.0,7.0,11,86.0
15342,15342,98.0,1,547,2.0,5.0,12,86.0
15343,15343,99.0,1,547,3.0,5.0,13,86.0
15344,15344,76.0,0,548,498.0,959.0,-14,90.0
15345,15345,77.0,0,548,104.0,145.0,-13,90.0
15346,15346,78.0,0,548,61.0,97.0,-12,90.0
15347,15347,79.0,0,548,365.0,682.0,-11,90.0
15348,15348,80.0,0,548,1542.0,2319.0,-10,90.0
15349,15349,81.0,0,548,72.0,110.0,-9,90.0
15350,15350,82.0,0,548,99.0,112.0,-8,90.0
15351,15351,83.0,0,548,314.0,463.0,-7,90.0
15352,15352,84.0,0,548,37.0,61.0,-6,90.0
15353,15353,85.0,0,548,27.0,46.0,-5,90.0
15354,15354,86.0,0,548,36.0,55.0,-4,90.0
15355,15355,87.0,0,548,210.0,434.0,-3,90.0
15356,15356,88.0,0,548,34.0,79.0,-2,90.0
15357,15357,89.0,0,548,521.0,1110.0,-1,90.0
15358,15358,90.0,1,548,295.0,645.0,0,90.0
15359,15359,91.0,1,548,50.0,112.0,1,90.0
15360,15360,92.0,1,548,23.0,90.0,2,90.0
15361,15361,93.0,1,548,109.0,247.0,3,90.0
15362,15362,94.0,1,548,325.0,704.0,4,90.0
15363,15363,95.0,1,548,59.0,174.0,5,90.0
15364,15364,96.0,1,548,24.0,118.0,6,90.0
15365,15365,97.0,1,548,15.0,164.0,7,90.0
15366,15366,98.0,1,548,25.0,104.0,8,90.0
15367,15367,99.0,1,548,22.0,90.0,9,90.0
15368,15368,100.0,1,548,431.0,1423.0,10,90.0
15369,15369,101.0,1,548,60.0,358.0,11,90.0
15370,15370,102.0,1,548,240.0,1236.0,12,90.0
15371,15371,103.0,1,548,68.0,366.0,13,90.0
15372,15372,40.0,0,549,2912.0,12411.0,-14,54.0
15373,15373,41.0,0,549,1804.0,9433.0,-13,54.0
15374,15374,42.0,0,549,1271.0,6675.0,-12,54.0
15375,15375,43.0,0,549,935.0,4968.0,-11,54.0
15376,15376,44.0,0,549,826.0,7034.0,-10,54.0
15377,15377,45.0,0,549,685.0,5763.0,-9,54.0
15378,15378,46.0,0,549,376.0,2985.0,-8,54.0
15379,15379,47.0,0,549,527.0,2774.0,-7,54.0
15380,15380,48.0,0,549,635.0,2524.0,-6,54.0
15381,15381,49.0,0,549,376.0,1715.0,-5,54.0
15382,15382,50.0,0,549,265.0,1318.0,-4,54.0
15383,15383,51.0,0,549,642.0,3105.0,-3,54.0
15384,15384,52.0,0,549,397.0,2463.0,-2,54.0
15385,15385,53.0,0,549,1012.0,4644.0,-1,54.0
15386,15386,54.0,1,549,977.0,3865.0,0,54.0
15387,15387,55.0,1,549,308.0,2262.0,1,54.0
15388,15388,56.0,1,549,106.0,1078.0,2,54.0
15389,15389,57.0,1,549,174.0,1689.0,3,54.0
15390,15390,58.0,1,549,1276.0,4487.0,4,54.0
15391,15391,59.0,1,549,341.0,1597.0,5,54.0
15392,15392,60.0,1,549,98.0,864.0,6,54.0
15393,15393,61.0,1,549,82.0,712.0,7,54.0
15394,15394,62.0,1,549,283.0,1955.0,8,54.0
15395,15395,63.0,1,549,126.0,1131.0,9,54.0
15396,15396,64.0,1,549,185.0,1454.0,10,54.0
15397,15397,65.0,1,549,110.0,938.0,11,54.0
15398,15398,66.0,1,549,129.0,842.0,12,54.0
15399,15399,67.0,1,549,112.0,816.0,13,54.0
15400,15400,16.0,0,550,7.0,105.0,-14,30.0
15401,15401,17.0,0,550,6.0,80.0,-13,30.0
15402,15402,18.0,0,550,6.0,107.0,-12,30.0
15403,15403,19.0,0,550,4.0,78.0,-11,30.0
15404,15404,20.0,0,550,3.0,95.0,-10,30.0
15405,15405,21.0,0,550,4.0,56.0,-9,30.0
15406,15406,22.0,0,550,5.0,138.0,-8,30.0
15407,15407,23.0,0,550,0.0,30.0,-7,30.0
15408,15408,24.0,0,550,3.0,83.0,-6,30.0
15409,15409,25.0,0,550,4.0,97.0,-5,30.0
15410,15410,26.0,0,550,16.0,521.0,-4,30.0
15411,15411,27.0,0,550,30.0,852.0,-3,30.0
15412,15412,28.0,0,550,47.0,907.0,-2,30.0
15413,15413,29.0,0,550,79.0,1268.0,-1,30.0
15414,15414,30.0,1,550,65.0,1367.0,0,30.0
15415,15415,31.0,1,550,121.0,3092.0,1,30.0
15416,15416,32.0,1,550,155.0,5938.0,2,30.0
15417,15417,33.0,1,550,43.0,3260.0,3,30.0
15418,15418,34.0,1,550,29.0,2394.0,4,30.0
15419,15419,35.0,1,550,16.0,1884.0,5,30.0
15420,15420,36.0,1,550,73.0,8350.0,6,30.0
15421,15421,37.0,1,550,80.0,13533.0,7,30.0
15422,15422,38.0,1,550,38.0,8219.0,8,30.0
15423,15423,39.0,1,550,14.0,2906.0,9,30.0
15424,15424,40.0,1,550,20.0,4533.0,10,30.0
15425,15425,41.0,1,550,36.0,4221.0,11,30.0
15426,15426,42.0,1,550,22.0,3267.0,12,30.0
15427,15427,43.0,1,550,22.0,2389.0,13,30.0
15428,15428,161.0,0,551,1.0,6.0,-14,175.0
15429,15429,162.0,0,551,0.0,7.0,-13,175.0
15430,15430,163.0,0,551,2.0,2.0,-12,175.0
15431,15431,164.0,0,551,1.0,3.0,-11,175.0
15432,15432,165.0,0,551,6.0,11.0,-10,175.0
15433,15433,166.0,0,551,3.0,23.0,-9,175.0
15434,15434,167.0,0,551,2.0,10.0,-8,175.0
15435,15435,168.0,0,551,0.0,1.0,-7,175.0
15436,15436,169.0,0,551,1.0,8.0,-6,175.0
15437,15437,170.0,0,551,0.0,9.0,-5,175.0
15438,15438,171.0,0,551,1.0,3.0,-4,175.0
15439,15439,172.0,0,551,0.0,6.0,-3,175.0
15440,15440,173.0,0,551,2.0,10.0,-2,175.0
15441,15441,174.0,0,551,50.0,73.0,-1,175.0
15442,15442,175.0,1,551,59.0,57.0,0,175.0
15443,15443,176.0,1,551,4.0,10.0,1,175.0
15444,15444,177.0,1,551,2.0,5.0,2,175.0
15445,15445,178.0,1,551,9.0,11.0,3,175.0
15446,15446,179.0,1,551,6.0,21.0,4,175.0
15447,15447,180.0,1,551,3.0,2.0,5,175.0
15448,15448,181.0,1,551,0.0,8.0,6,175.0
15449,15449,182.0,1,551,1.0,5.0,7,175.0
15450,15450,183.0,1,551,1.0,4.0,8,175.0
15451,15451,184.0,1,551,4.0,2.0,9,175.0
15452,15452,185.0,1,551,1.0,8.0,10,175.0
15453,15453,186.0,1,551,3.0,5.0,11,175.0
15454,15454,187.0,1,551,6.0,6.0,12,175.0
15455,15455,188.0,1,551,1.0,5.0,13,175.0
15456,15456,304.0,0,552,23.0,13.0,-14,318.0
15457,15457,305.0,0,552,7.0,1.0,-13,318.0
15458,15458,306.0,0,552,0.0,1.0,-12,318.0
15459,15459,307.0,0,552,3.0,1.0,-11,318.0
15460,15460,308.0,0,552,3.0,3.0,-10,318.0
15461,15461,309.0,0,552,1.0,1.0,-9,318.0
15462,15462,310.0,0,552,2.0,6.0,-8,318.0
15463,15463,311.0,0,552,5.0,3.0,-7,318.0
15464,15464,312.0,0,552,7.0,5.0,-6,318.0
15465,15465,313.0,0,552,1.0,1.0,-5,318.0
15466,15466,314.0,0,552,2.0,1.0,-4,318.0
15467,15467,315.0,0,552,5.0,1.0,-3,318.0
15468,15468,316.0,0,552,3.0,3.0,-2,318.0
15469,15469,317.0,0,552,4.0,3.0,-1,318.0
15470,15470,318.0,1,552,4.0,3.0,0,318.0
15471,15471,319.0,1,552,3.0,2.0,1,318.0
15472,15472,320.0,1,552,14.0,6.0,2,318.0
15473,15473,321.0,1,552,5.0,3.0,3,318.0
15474,15474,322.0,1,552,3.0,3.0,4,318.0
15475,15475,323.0,1,552,4.0,0.0,5,318.0
15476,15476,324.0,1,552,0.0,2.0,6,318.0
15477,15477,325.0,1,552,3.0,3.0,7,318.0
15478,15478,326.0,1,552,5.0,8.0,8,318.0
15479,15479,327.0,1,552,4.0,3.0,9,318.0
15480,15480,328.0,1,552,0.0,2.0,10,318.0
15481,15481,329.0,1,552,0.0,3.0,11,318.0
15482,15482,330.0,1,552,6.0,3.0,12,318.0
15483,15483,331.0,1,552,5.0,0.0,13,318.0
15484,15484,305.0,0,553,3.0,3.0,-14,319.0
15485,15485,306.0,0,553,5.0,2.0,-13,319.0
15486,15486,307.0,0,553,3.0,11.0,-12,319.0
15487,15487,308.0,0,553,3.0,8.0,-11,319.0
15488,15488,309.0,0,553,5.0,5.0,-10,319.0
15489,15489,310.0,0,553,5.0,6.0,-9,319.0
15490,15490,311.0,0,553,9.0,15.0,-8,319.0
15491,15491,312.0,0,553,5.0,7.0,-7,319.0
15492,15492,313.0,0,553,5.0,6.0,-6,319.0
15493,15493,314.0,0,553,5.0,8.0,-5,319.0
15494,15494,315.0,0,553,5.0,6.0,-4,319.0
15495,15495,316.0,0,553,9.0,9.0,-3,319.0
15496,15496,317.0,0,553,5.0,6.0,-2,319.0
15497,15497,318.0,0,553,21.0,26.0,-1,319.0
15498,15498,319.0,1,553,11.0,28.0,0,319.0
15499,15499,320.0,1,553,5.0,7.0,1,319.0
15500,15500,321.0,1,553,4.0,10.0,2,319.0
15501,15501,322.0,1,553,4.0,3.0,3,319.0
15502,15502,323.0,1,553,1.0,10.0,4,319.0
15503,15503,324.0,1,553,6.0,7.0,5,319.0
15504,15504,325.0,1,553,6.0,8.0,6,319.0
15505,15505,326.0,1,553,2.0,9.0,7,319.0
15506,15506,327.0,1,553,2.0,11.0,8,319.0
15507,15507,328.0,1,553,1.0,5.0,9,319.0
15508,15508,329.0,1,553,2.0,7.0,10,319.0
15509,15509,330.0,1,553,2.0,3.0,11,319.0
15510,15510,331.0,1,553,4.0,8.0,12,319.0
15511,15511,332.0,1,553,1.0,5.0,13,319.0
15512,15512,173.0,0,554,0.0,6.0,-14,187.0
15513,15513,174.0,0,554,5.0,4.0,-13,187.0
15514,15514,175.0,0,554,10.0,11.0,-12,187.0
15515,15515,176.0,0,554,20.0,28.0,-11,187.0
15516,15516,177.0,0,554,10.0,14.0,-10,187.0
15517,15517,178.0,0,554,16.0,12.0,-9,187.0
15518,15518,179.0,0,554,10.0,9.0,-8,187.0
15519,15519,180.0,0,554,10.0,11.0,-7,187.0
15520,15520,181.0,0,554,4.0,9.0,-6,187.0
15521,15521,182.0,0,554,4.0,4.0,-5,187.0
15522,15522,183.0,0,554,20.0,12.0,-4,187.0
15523,15523,184.0,0,554,13.0,9.0,-3,187.0
15524,15524,185.0,0,554,8.0,3.0,-2,187.0
15525,15525,186.0,0,554,99.0,55.0,-1,187.0
15526,15526,187.0,1,554,114.0,68.0,0,187.0
15527,15527,188.0,1,554,8.0,10.0,1,187.0
15528,15528,189.0,1,554,4.0,8.0,2,187.0
15529,15529,190.0,1,554,151.0,105.0,3,187.0
15530,15530,191.0,1,554,102.0,69.0,4,187.0
15531,15531,192.0,1,554,28.0,12.0,5,187.0
15532,15532,193.0,1,554,15.0,13.0,6,187.0
15533,15533,194.0,1,554,10.0,14.0,7,187.0
15534,15534,195.0,1,554,22.0,16.0,8,187.0
15535,15535,196.0,1,554,20.0,16.0,9,187.0
15536,15536,197.0,1,554,13.0,12.0,10,187.0
15537,15537,198.0,1,554,15.0,13.0,11,187.0
15538,15538,199.0,1,554,12.0,14.0,12,187.0
15539,15539,200.0,1,554,4.0,7.0,13,187.0
15540,15540,246.0,0,555,19.0,21.0,-14,260.0
15541,15541,247.0,0,555,11.0,13.0,-13,260.0
15542,15542,248.0,0,555,8.0,5.0,-12,260.0
15543,15543,249.0,0,555,6.0,10.0,-11,260.0
15544,15544,250.0,0,555,10.0,7.0,-10,260.0
15545,15545,251.0,0,555,5.0,7.0,-9,260.0
15546,15546,252.0,0,555,3.0,5.0,-8,260.0
15547,15547,253.0,0,555,5.0,4.0,-7,260.0
15548,15548,254.0,0,555,10.0,14.0,-6,260.0
15549,15549,255.0,0,555,19.0,18.0,-5,260.0
15550,15550,256.0,0,555,4.0,13.0,-4,260.0
15551,15551,257.0,0,555,4.0,6.0,-3,260.0
15552,15552,258.0,0,555,5.0,9.0,-2,260.0
15553,15553,259.0,0,555,7.0,5.0,-1,260.0
15554,15554,260.0,1,555,46.0,12.0,0,260.0
15555,15555,261.0,1,555,4.0,5.0,1,260.0
15556,15556,262.0,1,555,7.0,5.0,2,260.0
15557,15557,263.0,1,555,8.0,12.0,3,260.0
15558,15558,264.0,1,555,0.0,5.0,4,260.0
15559,15559,265.0,1,555,3.0,10.0,5,260.0
15560,15560,266.0,1,555,10.0,7.0,6,260.0
15561,15561,267.0,1,555,5.0,8.0,7,260.0
15562,15562,268.0,1,555,6.0,3.0,8,260.0
15563,15563,269.0,1,555,5.0,2.0,9,260.0
15564,15564,270.0,1,555,1.0,2.0,10,260.0
15565,15565,271.0,1,555,4.0,4.0,11,260.0
15566,15566,272.0,1,555,3.0,5.0,12,260.0
15567,15567,273.0,1,555,10.0,17.0,13,260.0
15568,15568,194.0,0,556,0.0,0.0,-14,208.0
15569,15569,195.0,0,556,1.0,0.0,-13,208.0
15570,15570,196.0,0,556,0.0,0.0,-12,208.0
15571,15571,197.0,0,556,0.0,0.0,-11,208.0
15572,15572,198.0,0,556,0.0,1.0,-10,208.0
15573,15573,199.0,0,556,0.0,0.0,-9,208.0
15574,15574,200.0,0,556,1.0,2.0,-8,208.0
15575,15575,201.0,0,556,1.0,0.0,-7,208.0
15576,15576,202.0,0,556,1.0,0.0,-6,208.0
15577,15577,203.0,0,556,0.0,0.0,-5,208.0
15578,15578,204.0,0,556,0.0,1.0,-4,208.0
15579,15579,205.0,0,556,1.0,0.0,-3,208.0
15580,15580,206.0,0,556,0.0,0.0,-2,208.0
15581,15581,207.0,0,556,0.0,1.0,-1,208.0
15582,15582,208.0,1,556,17.0,1.0,0,208.0
15583,15583,209.0,1,556,2.0,0.0,1,208.0
15584,15584,210.0,1,556,2.0,0.0,2,208.0
15585,15585,211.0,1,556,0.0,0.0,3,208.0
15586,15586,212.0,1,556,0.0,1.0,4,208.0
15587,15587,213.0,1,556,0.0,1.0,5,208.0
15588,15588,214.0,1,556,0.0,0.0,6,208.0
15589,15589,215.0,1,556,0.0,0.0,7,208.0
15590,15590,216.0,1,556,0.0,0.0,8,208.0
15591,15591,217.0,1,556,0.0,0.0,9,208.0
15592,15592,218.0,1,556,0.0,0.0,10,208.0
15593,15593,219.0,1,556,0.0,0.0,11,208.0
15594,15594,220.0,1,556,1.0,0.0,12,208.0
15595,15595,221.0,1,556,0.0,0.0,13,208.0
15596,15596,163.0,0,557,0.0,0.0,-14,177.0
15597,15597,164.0,0,557,0.0,0.0,-13,177.0
15598,15598,165.0,0,557,0.0,0.0,-12,177.0
15599,15599,166.0,0,557,0.0,0.0,-11,177.0
15600,15600,167.0,0,557,0.0,0.0,-10,177.0
15601,15601,168.0,0,557,0.0,0.0,-9,177.0
15602,15602,169.0,0,557,0.0,0.0,-8,177.0
15603,15603,170.0,0,557,0.0,0.0,-7,177.0
15604,15604,171.0,0,557,0.0,0.0,-6,177.0
15605,15605,172.0,0,557,0.0,0.0,-5,177.0
15606,15606,173.0,0,557,0.0,1.0,-4,177.0
15607,15607,174.0,0,557,0.0,0.0,-3,177.0
15608,15608,175.0,0,557,0.0,0.0,-2,177.0
15609,15609,176.0,0,557,0.0,0.0,-1,177.0
15610,15610,177.0,1,557,46.0,35.0,0,177.0
15611,15611,178.0,1,557,2.0,2.0,1,177.0
15612,15612,179.0,1,557,2.0,2.0,2,177.0
15613,15613,180.0,1,557,0.0,2.0,3,177.0
15614,15614,181.0,1,557,0.0,2.0,4,177.0
15615,15615,182.0,1,557,0.0,1.0,5,177.0
15616,15616,183.0,1,557,0.0,0.0,6,177.0
15617,15617,184.0,1,557,0.0,0.0,7,177.0
15618,15618,185.0,1,557,0.0,0.0,8,177.0
15619,15619,186.0,1,557,0.0,0.0,9,177.0
15620,15620,187.0,1,557,1.0,0.0,10,177.0
15621,15621,188.0,1,557,0.0,0.0,11,177.0
15622,15622,189.0,1,557,1.0,0.0,12,177.0
15623,15623,190.0,1,557,0.0,0.0,13,177.0
15624,15624,53.0,0,558,5.0,9.0,-14,67.0
15625,15625,54.0,0,558,13.0,18.0,-13,67.0
15626,15626,55.0,0,558,3.0,5.0,-12,67.0
15627,15627,56.0,0,558,11.0,7.0,-11,67.0
15628,15628,57.0,0,558,4.0,1.0,-10,67.0
15629,15629,58.0,0,558,3.0,4.0,-9,67.0
15630,15630,59.0,0,558,1.0,1.0,-8,67.0
15631,15631,60.0,0,558,1.0,4.0,-7,67.0
15632,15632,61.0,0,558,4.0,4.0,-6,67.0
15633,15633,62.0,0,558,3.0,4.0,-5,67.0
15634,15634,63.0,0,558,7.0,4.0,-4,67.0
15635,15635,64.0,0,558,1.0,1.0,-3,67.0
15636,15636,65.0,0,558,4.0,0.0,-2,67.0
15637,15637,66.0,0,558,4.0,1.0,-1,67.0
15638,15638,67.0,1,558,14.0,5.0,0,67.0
15639,15639,68.0,1,558,22.0,5.0,1,67.0
15640,15640,69.0,1,558,8.0,5.0,2,67.0
15641,15641,70.0,1,558,7.0,0.0,3,67.0
15642,15642,71.0,1,558,9.0,3.0,4,67.0
15643,15643,72.0,1,558,1.0,2.0,5,67.0
15644,15644,73.0,1,558,3.0,0.0,6,67.0
15645,15645,74.0,1,558,2.0,1.0,7,67.0
15646,15646,75.0,1,558,1.0,0.0,8,67.0
15647,15647,76.0,1,558,1.0,0.0,9,67.0
15648,15648,77.0,1,558,5.0,3.0,10,67.0
15649,15649,78.0,1,558,3.0,3.0,11,67.0
15650,15650,79.0,1,558,1.0,2.0,12,67.0
15651,15651,80.0,1,558,2.0,2.0,13,67.0
15652,15652,2.0,0,559,2.0,32.0,-14,16.0
15653,15653,3.0,0,559,2.0,15.0,-13,16.0
15654,15654,4.0,0,559,4.0,10.0,-12,16.0
15655,15655,5.0,0,559,1.0,7.0,-11,16.0
15656,15656,6.0,0,559,6.0,207.0,-10,16.0
15657,15657,7.0,0,559,21.0,231.0,-9,16.0
15658,15658,8.0,0,559,5.0,151.0,-8,16.0
15659,15659,9.0,0,559,4.0,82.0,-7,16.0
15660,15660,10.0,0,559,4.0,74.0,-6,16.0
15661,15661,11.0,0,559,1.0,48.0,-5,16.0
15662,15662,12.0,0,559,2.0,23.0,-4,16.0
15663,15663,13.0,0,559,1.0,42.0,-3,16.0
15664,15664,14.0,0,559,1.0,18.0,-2,16.0
15665,15665,15.0,0,559,5.0,91.0,-1,16.0
15666,15666,16.0,1,559,6.0,31.0,0,16.0
15667,15667,17.0,1,559,0.0,15.0,1,16.0
15668,15668,18.0,1,559,1.0,76.0,2,16.0
15669,15669,19.0,1,559,0.0,17.0,3,16.0
15670,15670,20.0,1,559,2.0,29.0,4,16.0
15671,15671,21.0,1,559,5.0,76.0,5,16.0
15672,15672,22.0,1,559,1.0,42.0,6,16.0
15673,15673,23.0,1,559,0.0,25.0,7,16.0
15674,15674,24.0,1,559,1.0,47.0,8,16.0
15675,15675,25.0,1,559,3.0,37.0,9,16.0
15676,15676,26.0,1,559,2.0,31.0,10,16.0
15677,15677,27.0,1,559,4.0,428.0,11,16.0
15678,15678,28.0,1,559,17.0,637.0,12,16.0
15679,15679,29.0,1,559,13.0,488.0,13,16.0
15680,15680,102.0,0,560,43.0,40.0,-14,116.0
15681,15681,103.0,0,560,7.0,9.0,-13,116.0
15682,15682,104.0,0,560,3.0,9.0,-12,116.0
15683,15683,105.0,0,560,4.0,7.0,-11,116.0
15684,15684,106.0,0,560,0.0,4.0,-10,116.0
15685,15685,107.0,0,560,6.0,6.0,-9,116.0
15686,15686,108.0,0,560,0.0,13.0,-8,116.0
15687,15687,109.0,0,560,1.0,4.0,-7,116.0
15688,15688,110.0,0,560,1.0,4.0,-6,116.0
15689,15689,111.0,0,560,3.0,1.0,-5,116.0
15690,15690,112.0,0,560,1.0,2.0,-4,116.0
15691,15691,113.0,0,560,1.0,3.0,-3,116.0
15692,15692,114.0,0,560,3.0,2.0,-2,116.0
15693,15693,115.0,0,560,247.0,204.0,-1,116.0
15694,15694,116.0,1,560,88.0,56.0,0,116.0
15695,15695,117.0,1,560,201.0,322.0,1,116.0
15696,15696,118.0,1,560,24.0,36.0,2,116.0
15697,15697,119.0,1,560,85.0,83.0,3,116.0
15698,15698,120.0,1,560,69.0,52.0,4,116.0
15699,15699,121.0,1,560,3.0,14.0,5,116.0
15700,15700,122.0,1,560,2.0,6.0,6,116.0
15701,15701,123.0,1,560,3.0,4.0,7,116.0
15702,15702,124.0,1,560,2.0,5.0,8,116.0
15703,15703,125.0,1,560,0.0,1.0,9,116.0
15704,15704,126.0,1,560,2.0,4.0,10,116.0
15705,15705,127.0,1,560,95.0,59.0,11,116.0
15706,15706,128.0,1,560,53.0,56.0,12,116.0
15707,15707,129.0,1,560,7.0,11.0,13,116.0
15708,15708,117.0,0,561,4.0,9.0,-14,131.0
15709,15709,118.0,0,561,7.0,10.0,-13,131.0
15710,15710,119.0,0,561,3.0,3.0,-12,131.0
15711,15711,120.0,0,561,2.0,3.0,-11,131.0
15712,15712,121.0,0,561,2.0,1.0,-10,131.0
15713,15713,122.0,0,561,0.0,3.0,-9,131.0
15714,15714,123.0,0,561,2.0,3.0,-8,131.0
15715,15715,124.0,0,561,22.0,12.0,-7,131.0
15716,15716,125.0,0,561,18.0,20.0,-6,131.0
15717,15717,126.0,0,561,27.0,19.0,-5,131.0
15718,15718,127.0,0,561,13.0,12.0,-4,131.0
15719,15719,128.0,0,561,7.0,9.0,-3,131.0
15720,15720,129.0,0,561,9.0,4.0,-2,131.0
15721,15721,130.0,0,561,13.0,12.0,-1,131.0
15722,15722,131.0,1,561,83.0,58.0,0,131.0
15723,15723,132.0,1,561,111.0,92.0,1,131.0
15724,15724,133.0,1,561,19.0,12.0,2,131.0
15725,15725,134.0,1,561,7.0,7.0,3,131.0
15726,15726,135.0,1,561,29.0,19.0,4,131.0
15727,15727,136.0,1,561,14.0,4.0,5,131.0
15728,15728,137.0,1,561,17.0,13.0,6,131.0
15729,15729,138.0,1,561,6.0,4.0,7,131.0
15730,15730,139.0,1,561,6.0,10.0,8,131.0
15731,15731,140.0,1,561,8.0,3.0,9,131.0
15732,15732,141.0,1,561,132.0,124.0,10,131.0
15733,15733,142.0,1,561,27.0,33.0,11,131.0
15734,15734,143.0,1,561,13.0,31.0,12,131.0
15735,15735,144.0,1,561,2.0,14.0,13,131.0
15736,15736,82.0,0,562,69.0,98.0,-14,96.0
15737,15737,83.0,0,562,112.0,131.0,-13,96.0
15738,15738,84.0,0,562,63.0,207.0,-12,96.0
15739,15739,85.0,0,562,50.0,138.0,-11,96.0
15740,15740,86.0,0,562,42.0,107.0,-10,96.0
15741,15741,87.0,0,562,93.0,248.0,-9,96.0
15742,15742,88.0,0,562,102.0,292.0,-8,96.0
15743,15743,89.0,0,562,626.0,1218.0,-7,96.0
15744,15744,90.0,0,562,205.0,592.0,-6,96.0
15745,15745,91.0,0,562,127.0,387.0,-5,96.0
15746,15746,92.0,0,562,79.0,309.0,-4,96.0
15747,15747,93.0,0,562,61.0,218.0,-3,96.0
15748,15748,94.0,0,562,91.0,278.0,-2,96.0
15749,15749,95.0,0,562,63.0,238.0,-1,96.0
15750,15750,96.0,1,562,106.0,441.0,0,96.0
15751,15751,97.0,1,562,46.0,249.0,1,96.0
15752,15752,98.0,1,562,27.0,225.0,2,96.0
15753,15753,99.0,1,562,42.0,233.0,3,96.0
15754,15754,100.0,1,562,21.0,313.0,4,96.0
15755,15755,101.0,1,562,74.0,550.0,5,96.0
15756,15756,102.0,1,562,140.0,927.0,6,96.0
15757,15757,103.0,1,562,112.0,935.0,7,96.0
15758,15758,104.0,1,562,78.0,787.0,8,96.0
15759,15759,105.0,1,562,56.0,652.0,9,96.0
15760,15760,106.0,1,562,44.0,456.0,10,96.0
15761,15761,107.0,1,562,55.0,512.0,11,96.0
15762,15762,108.0,1,562,28.0,332.0,12,96.0
15763,15763,109.0,1,562,59.0,324.0,13,96.0
15764,15764,182.0,0,563,0.0,0.0,-14,196.0
15765,15765,183.0,0,563,0.0,0.0,-13,196.0
15766,15766,184.0,0,563,0.0,3.0,-12,196.0
15767,15767,185.0,0,563,1.0,2.0,-11,196.0
15768,15768,186.0,0,563,0.0,4.0,-10,196.0
15769,15769,187.0,0,563,0.0,2.0,-9,196.0
15770,15770,188.0,0,563,0.0,1.0,-8,196.0
15771,15771,189.0,0,563,0.0,1.0,-7,196.0
15772,15772,190.0,0,563,0.0,1.0,-6,196.0
15773,15773,191.0,0,563,0.0,0.0,-5,196.0
15774,15774,192.0,0,563,0.0,2.0,-4,196.0
15775,15775,193.0,0,563,1.0,2.0,-3,196.0
15776,15776,194.0,0,563,0.0,0.0,-2,196.0
15777,15777,195.0,0,563,2.0,0.0,-1,196.0
15778,15778,196.0,1,563,0.0,1.0,0,196.0
15779,15779,197.0,1,563,0.0,3.0,1,196.0
15780,15780,198.0,1,563,1.0,1.0,2,196.0
15781,15781,199.0,1,563,0.0,1.0,3,196.0
15782,15782,200.0,1,563,0.0,1.0,4,196.0
15783,15783,201.0,1,563,0.0,0.0,5,196.0
15784,15784,202.0,1,563,0.0,0.0,6,196.0
15785,15785,203.0,1,563,0.0,1.0,7,196.0
15786,15786,204.0,1,563,0.0,2.0,8,196.0
15787,15787,205.0,1,563,1.0,3.0,9,196.0
15788,15788,206.0,1,563,0.0,0.0,10,196.0
15789,15789,207.0,1,563,1.0,1.0,11,196.0
15790,15790,208.0,1,563,1.0,1.0,12,196.0
15791,15791,209.0,1,563,0.0,4.0,13,196.0
15792,15792,164.0,0,564,44.0,133.0,-14,178.0
15793,15793,165.0,0,564,25.0,49.0,-13,178.0
15794,15794,166.0,0,564,17.0,86.0,-12,178.0
15795,15795,167.0,0,564,14.0,54.0,-11,178.0
15796,15796,168.0,0,564,18.0,50.0,-10,178.0
15797,15797,169.0,0,564,22.0,59.0,-9,178.0
15798,15798,170.0,0,564,8.0,30.0,-8,178.0
15799,15799,171.0,0,564,58.0,84.0,-7,178.0
15800,15800,172.0,0,564,78.0,169.0,-6,178.0
15801,15801,173.0,0,564,50.0,158.0,-5,178.0
15802,15802,174.0,0,564,16.0,44.0,-4,178.0
15803,15803,175.0,0,564,21.0,66.0,-3,178.0
15804,15804,176.0,0,564,27.0,95.0,-2,178.0
15805,15805,177.0,0,564,37.0,130.0,-1,178.0
15806,15806,178.0,1,564,161.0,399.0,0,178.0
15807,15807,179.0,1,564,100.0,359.0,1,178.0
15808,15808,180.0,1,564,22.0,84.0,2,178.0
15809,15809,181.0,1,564,31.0,95.0,3,178.0
15810,15810,182.0,1,564,18.0,47.0,4,178.0
15811,15811,183.0,1,564,2.0,34.0,5,178.0
15812,15812,184.0,1,564,7.0,35.0,6,178.0
15813,15813,185.0,1,564,29.0,51.0,7,178.0
15814,15814,186.0,1,564,8.0,52.0,8,178.0
15815,15815,187.0,1,564,28.0,117.0,9,178.0
15816,15816,188.0,1,564,14.0,78.0,10,178.0
15817,15817,189.0,1,564,35.0,138.0,11,178.0
15818,15818,190.0,1,564,24.0,70.0,12,178.0
15819,15819,191.0,1,564,9.0,37.0,13,178.0
15820,15820,234.0,0,565,0.0,0.0,-14,248.0
15821,15821,235.0,0,565,0.0,0.0,-13,248.0
15822,15822,236.0,0,565,0.0,0.0,-12,248.0
15823,15823,237.0,0,565,0.0,0.0,-11,248.0
15824,15824,238.0,0,565,0.0,0.0,-10,248.0
15825,15825,239.0,0,565,0.0,0.0,-9,248.0
15826,15826,240.0,0,565,0.0,0.0,-8,248.0
15827,15827,241.0,0,565,0.0,0.0,-7,248.0
15828,15828,242.0,0,565,0.0,0.0,-6,248.0
15829,15829,243.0,0,565,0.0,0.0,-5,248.0
15830,15830,244.0,0,565,0.0,1.0,-4,248.0
15831,15831,245.0,0,565,0.0,0.0,-3,248.0
15832,15832,246.0,0,565,0.0,0.0,-2,248.0
15833,15833,247.0,0,565,19.0,13.0,-1,248.0
15834,15834,248.0,1,565,55.0,26.0,0,248.0
15835,15835,249.0,1,565,2.0,1.0,1,248.0
15836,15836,250.0,1,565,3.0,1.0,2,248.0
15837,15837,251.0,1,565,0.0,0.0,3,248.0
15838,15838,252.0,1,565,0.0,1.0,4,248.0
15839,15839,253.0,1,565,1.0,0.0,5,248.0
15840,15840,254.0,1,565,0.0,0.0,6,248.0
15841,15841,255.0,1,565,0.0,0.0,7,248.0
15842,15842,256.0,1,565,1.0,0.0,8,248.0
15843,15843,257.0,1,565,0.0,0.0,9,248.0
15844,15844,258.0,1,565,0.0,0.0,10,248.0
15845,15845,259.0,1,565,0.0,0.0,11,248.0
15846,15846,260.0,1,565,0.0,0.0,12,248.0
15847,15847,261.0,1,565,0.0,0.0,13,248.0
15848,15848,101.0,0,566,58.0,130.0,-14,115.0
15849,15849,102.0,0,566,71.0,106.0,-13,115.0
15850,15850,103.0,0,566,184.0,248.0,-12,115.0
15851,15851,104.0,0,566,256.0,341.0,-11,115.0
15852,15852,105.0,0,566,61.0,126.0,-10,115.0
15853,15853,106.0,0,566,91.0,129.0,-9,115.0
15854,15854,107.0,0,566,81.0,111.0,-8,115.0
15855,15855,108.0,0,566,203.0,348.0,-7,115.0
15856,15856,109.0,0,566,56.0,155.0,-6,115.0
15857,15857,110.0,0,566,54.0,103.0,-5,115.0
15858,15858,111.0,0,566,35.0,57.0,-4,115.0
15859,15859,112.0,0,566,27.0,26.0,-3,115.0
15860,15860,113.0,0,566,30.0,56.0,-2,115.0
15861,15861,114.0,0,566,319.0,411.0,-1,115.0
15862,15862,115.0,1,566,174.0,260.0,0,115.0
15863,15863,116.0,1,566,54.0,116.0,1,115.0
15864,15864,117.0,1,566,60.0,115.0,2,115.0
15865,15865,118.0,1,566,116.0,229.0,3,115.0
15866,15866,119.0,1,566,80.0,128.0,4,115.0
15867,15867,120.0,1,566,125.0,192.0,5,115.0
15868,15868,121.0,1,566,70.0,123.0,6,115.0
15869,15869,122.0,1,566,159.0,212.0,7,115.0
15870,15870,123.0,1,566,36.0,70.0,8,115.0
15871,15871,124.0,1,566,32.0,80.0,9,115.0
15872,15872,125.0,1,566,51.0,78.0,10,115.0
15873,15873,126.0,1,566,182.0,213.0,11,115.0
15874,15874,127.0,1,566,83.0,143.0,12,115.0
15875,15875,128.0,1,566,15.0,53.0,13,115.0
15876,15876,234.0,0,567,11.0,10.0,-14,248.0
15877,15877,235.0,0,567,6.0,4.0,-13,248.0
15878,15878,236.0,0,567,0.0,7.0,-12,248.0
15879,15879,237.0,0,567,4.0,0.0,-11,248.0
15880,15880,238.0,0,567,4.0,4.0,-10,248.0
15881,15881,239.0,0,567,18.0,10.0,-9,248.0
15882,15882,240.0,0,567,4.0,0.0,-8,248.0
15883,15883,241.0,0,567,3.0,4.0,-7,248.0
15884,15884,242.0,0,567,6.0,2.0,-6,248.0
15885,15885,243.0,0,567,24.0,27.0,-5,248.0
15886,15886,244.0,0,567,12.0,6.0,-4,248.0
15887,15887,245.0,0,567,6.0,4.0,-3,248.0
15888,15888,246.0,0,567,8.0,6.0,-2,248.0
15889,15889,247.0,0,567,165.0,124.0,-1,248.0
15890,15890,248.0,1,567,179.0,200.0,0,248.0
15891,15891,249.0,1,567,27.0,23.0,1,248.0
15892,15892,250.0,1,567,6.0,4.0,2,248.0
15893,15893,251.0,1,567,23.0,26.0,3,248.0
15894,15894,252.0,1,567,8.0,7.0,4,248.0
15895,15895,253.0,1,567,6.0,5.0,5,248.0
15896,15896,254.0,1,567,2.0,3.0,6,248.0
15897,15897,255.0,1,567,5.0,10.0,7,248.0
15898,15898,256.0,1,567,2.0,6.0,8,248.0
15899,15899,257.0,1,567,4.0,6.0,9,248.0
15900,15900,258.0,1,567,1.0,2.0,10,248.0
15901,15901,259.0,1,567,2.0,3.0,11,248.0
15902,15902,260.0,1,567,1.0,5.0,12,248.0
15903,15903,261.0,1,567,1.0,3.0,13,248.0
15904,15904,206.0,0,568,2.0,2.0,-14,220.0
15905,15905,207.0,0,568,4.0,8.0,-13,220.0
15906,15906,208.0,0,568,2.0,8.0,-12,220.0
15907,15907,209.0,0,568,1.0,1.0,-11,220.0
15908,15908,210.0,0,568,1.0,2.0,-10,220.0
15909,15909,211.0,0,568,2.0,3.0,-9,220.0
15910,15910,212.0,0,568,0.0,2.0,-8,220.0
15911,15911,213.0,0,568,0.0,0.0,-7,220.0
15912,15912,214.0,0,568,1.0,3.0,-6,220.0
15913,15913,215.0,0,568,2.0,4.0,-5,220.0
15914,15914,216.0,0,568,0.0,3.0,-4,220.0
15915,15915,217.0,0,568,5.0,2.0,-3,220.0
15916,15916,218.0,0,568,0.0,1.0,-2,220.0
15917,15917,219.0,0,568,0.0,1.0,-1,220.0
15918,15918,220.0,1,568,5.0,0.0,0,220.0
15919,15919,221.0,1,568,1.0,1.0,1,220.0
15920,15920,222.0,1,568,1.0,8.0,2,220.0
15921,15921,223.0,1,568,2.0,3.0,3,220.0
15922,15922,224.0,1,568,1.0,2.0,4,220.0
15923,15923,225.0,1,568,0.0,0.0,5,220.0
15924,15924,226.0,1,568,1.0,2.0,6,220.0
15925,15925,227.0,1,568,1.0,3.0,7,220.0
15926,15926,228.0,1,568,1.0,3.0,8,220.0
15927,15927,229.0,1,568,0.0,3.0,9,220.0
15928,15928,230.0,1,568,0.0,3.0,10,220.0
15929,15929,231.0,1,568,1.0,3.0,11,220.0
15930,15930,232.0,1,568,1.0,1.0,12,220.0
15931,15931,233.0,1,568,0.0,4.0,13,220.0
15932,15932,106.0,0,569,29.0,44.0,-14,120.0
15933,15933,107.0,0,569,23.0,34.0,-13,120.0
15934,15934,108.0,0,569,15.0,17.0,-12,120.0
15935,15935,109.0,0,569,22.0,50.0,-11,120.0
15936,15936,110.0,0,569,24.0,37.0,-10,120.0
15937,15937,111.0,0,569,169.0,86.0,-9,120.0
15938,15938,112.0,0,569,22.0,21.0,-8,120.0
15939,15939,113.0,0,569,23.0,21.0,-7,120.0
15940,15940,114.0,0,569,55.0,51.0,-6,120.0
15941,15941,115.0,0,569,32.0,32.0,-5,120.0
15942,15942,116.0,0,569,33.0,57.0,-4,120.0
15943,15943,117.0,0,569,56.0,58.0,-3,120.0
15944,15944,118.0,0,569,25.0,28.0,-2,120.0
15945,15945,119.0,0,569,86.0,66.0,-1,120.0
15946,15946,120.0,1,569,637.0,559.0,0,120.0
15947,15947,121.0,1,569,547.0,669.0,1,120.0
15948,15948,122.0,1,569,18.0,28.0,2,120.0
15949,15949,123.0,1,569,3.0,11.0,3,120.0
15950,15950,124.0,1,569,13.0,23.0,4,120.0
15951,15951,125.0,1,569,29.0,33.0,5,120.0
15952,15952,126.0,1,569,15.0,23.0,6,120.0
15953,15953,127.0,1,569,8.0,26.0,7,120.0
15954,15954,128.0,1,569,20.0,25.0,8,120.0
15955,15955,129.0,1,569,11.0,13.0,9,120.0
15956,15956,130.0,1,569,5.0,8.0,10,120.0
15957,15957,131.0,1,569,3.0,12.0,11,120.0
15958,15958,132.0,1,569,28.0,54.0,12,120.0
15959,15959,133.0,1,569,47.0,42.0,13,120.0
15960,15960,8.0,0,570,2.0,13.0,-14,22.0
15961,15961,9.0,0,570,1.0,12.0,-13,22.0
15962,15962,10.0,0,570,1.0,2.0,-12,22.0
15963,15963,11.0,0,570,0.0,5.0,-11,22.0
15964,15964,12.0,0,570,0.0,4.0,-10,22.0
15965,15965,13.0,0,570,0.0,7.0,-9,22.0
15966,15966,14.0,0,570,0.0,5.0,-8,22.0
15967,15967,15.0,0,570,0.0,4.0,-7,22.0
15968,15968,16.0,0,570,0.0,2.0,-6,22.0
15969,15969,17.0,0,570,1.0,5.0,-5,22.0
15970,15970,18.0,0,570,0.0,5.0,-4,22.0
15971,15971,19.0,0,570,1.0,0.0,-3,22.0
15972,15972,20.0,0,570,0.0,4.0,-2,22.0
15973,15973,21.0,0,570,7.0,29.0,-1,22.0
15974,15974,22.0,1,570,4.0,24.0,0,22.0
15975,15975,23.0,1,570,0.0,7.0,1,22.0
15976,15976,24.0,1,570,0.0,1.0,2,22.0
15977,15977,25.0,1,570,0.0,2.0,3,22.0
15978,15978,26.0,1,570,1.0,4.0,4,22.0
15979,15979,27.0,1,570,0.0,8.0,5,22.0
15980,15980,28.0,1,570,42.0,715.0,6,22.0
15981,15981,29.0,1,570,8.0,177.0,7,22.0
15982,15982,30.0,1,570,1.0,54.0,8,22.0
15983,15983,31.0,1,570,0.0,94.0,9,22.0
15984,15984,32.0,1,570,20.0,588.0,10,22.0
15985,15985,33.0,1,570,14.0,827.0,11,22.0
15986,15986,34.0,1,570,9.0,528.0,12,22.0
15987,15987,35.0,1,570,6.0,304.0,13,22.0
15988,15988,120.0,0,571,43.0,111.0,-14,134.0
15989,15989,121.0,0,571,28.0,91.0,-13,134.0
15990,15990,122.0,0,571,26.0,88.0,-12,134.0
15991,15991,123.0,0,571,19.0,87.0,-11,134.0
15992,15992,124.0,0,571,19.0,106.0,-10,134.0
15993,15993,125.0,0,571,25.0,100.0,-9,134.0
15994,15994,126.0,0,571,26.0,71.0,-8,134.0
15995,15995,127.0,0,571,12.0,56.0,-7,134.0
15996,15996,128.0,0,571,14.0,66.0,-6,134.0
15997,15997,129.0,0,571,102.0,121.0,-5,134.0
15998,15998,130.0,0,571,89.0,127.0,-4,134.0
15999,15999,131.0,0,571,27.0,75.0,-3,134.0
16000,16000,132.0,0,571,26.0,80.0,-2,134.0
16001,16001,133.0,0,571,36.0,64.0,-1,134.0
16002,16002,134.0,1,571,126.0,204.0,0,134.0
16003,16003,135.0,1,571,27.0,98.0,1,134.0
16004,16004,136.0,1,571,12.0,65.0,2,134.0
16005,16005,137.0,1,571,10.0,50.0,3,134.0
16006,16006,138.0,1,571,7.0,64.0,4,134.0
16007,16007,139.0,1,571,114.0,87.0,5,134.0
16008,16008,140.0,1,571,82.0,70.0,6,134.0
16009,16009,141.0,1,571,10.0,68.0,7,134.0
16010,16010,142.0,1,571,7.0,45.0,8,134.0
16011,16011,143.0,1,571,11.0,51.0,9,134.0
16012,16012,144.0,1,571,5.0,38.0,10,134.0
16013,16013,145.0,1,571,8.0,45.0,11,134.0
16014,16014,146.0,1,571,5.0,38.0,12,134.0
16015,16015,147.0,1,571,5.0,36.0,13,134.0
16016,16016,214.0,0,572,7.0,8.0,-14,228.0
16017,16017,215.0,0,572,37.0,29.0,-13,228.0
16018,16018,216.0,0,572,124.0,129.0,-12,228.0
16019,16019,217.0,0,572,53.0,38.0,-11,228.0
16020,16020,218.0,0,572,8.0,7.0,-10,228.0
16021,16021,219.0,0,572,5.0,7.0,-9,228.0
16022,16022,220.0,0,572,13.0,11.0,-8,228.0
16023,16023,221.0,0,572,6.0,13.0,-7,228.0
16024,16024,222.0,0,572,6.0,10.0,-6,228.0
16025,16025,223.0,0,572,11.0,8.0,-5,228.0
16026,16026,224.0,0,572,4.0,2.0,-4,228.0
16027,16027,225.0,0,572,10.0,10.0,-3,228.0
16028,16028,226.0,0,572,24.0,12.0,-2,228.0
16029,16029,227.0,0,572,293.0,226.0,-1,228.0
16030,16030,228.0,1,572,610.0,630.0,0,228.0
16031,16031,229.0,1,572,28.0,55.0,1,228.0
16032,16032,230.0,1,572,10.0,15.0,2,228.0
16033,16033,231.0,1,572,5.0,14.0,3,228.0
16034,16034,232.0,1,572,7.0,11.0,4,228.0
16035,16035,233.0,1,572,13.0,9.0,5,228.0
16036,16036,234.0,1,572,39.0,24.0,6,228.0
16037,16037,235.0,1,572,6.0,10.0,7,228.0
16038,16038,236.0,1,572,4.0,3.0,8,228.0
16039,16039,237.0,1,572,6.0,4.0,9,228.0
16040,16040,238.0,1,572,7.0,7.0,10,228.0
16041,16041,239.0,1,572,9.0,13.0,11,228.0
16042,16042,240.0,1,572,20.0,18.0,12,228.0
16043,16043,241.0,1,572,21.0,15.0,13,228.0
16044,16044,109.0,0,573,151.0,615.0,-14,123.0
16045,16045,110.0,0,573,138.0,680.0,-13,123.0
16046,16046,111.0,0,573,206.0,628.0,-12,123.0
16047,16047,112.0,0,573,85.0,426.0,-11,123.0
16048,16048,113.0,0,573,248.0,1183.0,-10,123.0
16049,16049,114.0,0,573,240.0,1372.0,-9,123.0
16050,16050,115.0,0,573,86.0,433.0,-8,123.0
16051,16051,116.0,0,573,166.0,684.0,-7,123.0
16052,16052,117.0,0,573,118.0,589.0,-6,123.0
16053,16053,118.0,0,573,64.0,318.0,-5,123.0
16054,16054,119.0,0,573,98.0,371.0,-4,123.0
16055,16055,120.0,0,573,101.0,372.0,-3,123.0
16056,16056,121.0,0,573,175.0,683.0,-2,123.0
16057,16057,122.0,0,573,372.0,1075.0,-1,123.0
16058,16058,123.0,1,573,240.0,631.0,0,123.0
16059,16059,124.0,1,573,164.0,735.0,1,123.0
16060,16060,125.0,1,573,232.0,682.0,2,123.0
16061,16061,126.0,1,573,56.0,240.0,3,123.0
16062,16062,127.0,1,573,162.0,429.0,4,123.0
16063,16063,128.0,1,573,96.0,323.0,5,123.0
16064,16064,129.0,1,573,97.0,284.0,6,123.0
16065,16065,130.0,1,573,72.0,353.0,7,123.0
16066,16066,131.0,1,573,46.0,196.0,8,123.0
16067,16067,132.0,1,573,89.0,314.0,9,123.0
16068,16068,133.0,1,573,248.0,565.0,10,123.0
16069,16069,134.0,1,573,193.0,585.0,11,123.0
16070,16070,135.0,1,573,47.0,229.0,12,123.0
16071,16071,136.0,1,573,62.0,411.0,13,123.0
16072,16072,266.0,0,574,9.0,17.0,-14,280.0
16073,16073,267.0,0,574,5.0,22.0,-13,280.0
16074,16074,268.0,0,574,3.0,20.0,-12,280.0
16075,16075,269.0,0,574,4.0,8.0,-11,280.0
16076,16076,270.0,0,574,1.0,11.0,-10,280.0
16077,16077,271.0,0,574,5.0,10.0,-9,280.0
16078,16078,272.0,0,574,11.0,27.0,-8,280.0
16079,16079,273.0,0,574,16.0,14.0,-7,280.0
16080,16080,274.0,0,574,9.0,9.0,-6,280.0
16081,16081,275.0,0,574,15.0,14.0,-5,280.0
16082,16082,276.0,0,574,22.0,12.0,-4,280.0
16083,16083,277.0,0,574,32.0,46.0,-3,280.0
16084,16084,278.0,0,574,31.0,19.0,-2,280.0
16085,16085,279.0,0,574,43.0,45.0,-1,280.0
16086,16086,280.0,1,574,60.0,60.0,0,280.0
16087,16087,281.0,1,574,29.0,35.0,1,280.0
16088,16088,282.0,1,574,35.0,15.0,2,280.0
16089,16089,283.0,1,574,18.0,11.0,3,280.0
16090,16090,284.0,1,574,18.0,18.0,4,280.0
16091,16091,285.0,1,574,23.0,24.0,5,280.0
16092,16092,286.0,1,574,8.0,18.0,6,280.0
16093,16093,287.0,1,574,8.0,18.0,7,280.0
16094,16094,288.0,1,574,6.0,15.0,8,280.0
16095,16095,289.0,1,574,16.0,18.0,9,280.0
16096,16096,290.0,1,574,5.0,4.0,10,280.0
16097,16097,291.0,1,574,12.0,13.0,11,280.0
16098,16098,292.0,1,574,11.0,16.0,12,280.0
16099,16099,293.0,1,574,8.0,16.0,13,280.0
16100,16100,130.0,0,575,5.0,10.0,-14,144.0
16101,16101,131.0,0,575,5.0,4.0,-13,144.0
16102,16102,132.0,0,575,5.0,2.0,-12,144.0
16103,16103,133.0,0,575,8.0,6.0,-11,144.0
16104,16104,134.0,0,575,5.0,4.0,-10,144.0
16105,16105,135.0,0,575,7.0,6.0,-9,144.0
16106,16106,136.0,0,575,6.0,7.0,-8,144.0
16107,16107,137.0,0,575,8.0,10.0,-7,144.0
16108,16108,138.0,0,575,5.0,6.0,-6,144.0
16109,16109,139.0,0,575,6.0,5.0,-5,144.0
16110,16110,140.0,0,575,4.0,2.0,-4,144.0
16111,16111,141.0,0,575,2.0,3.0,-3,144.0
16112,16112,142.0,0,575,5.0,9.0,-2,144.0
16113,16113,143.0,0,575,5.0,5.0,-1,144.0
16114,16114,144.0,1,575,25.0,11.0,0,144.0
16115,16115,145.0,1,575,2.0,3.0,1,144.0
16116,16116,146.0,1,575,6.0,0.0,2,144.0
16117,16117,147.0,1,575,5.0,7.0,3,144.0
16118,16118,148.0,1,575,6.0,6.0,4,144.0
16119,16119,149.0,1,575,3.0,2.0,5,144.0
16120,16120,150.0,1,575,4.0,3.0,6,144.0
16121,16121,151.0,1,575,3.0,4.0,7,144.0
16122,16122,152.0,1,575,5.0,4.0,8,144.0
16123,16123,153.0,1,575,0.0,2.0,9,144.0
16124,16124,154.0,1,575,11.0,16.0,10,144.0
16125,16125,155.0,1,575,4.0,1.0,11,144.0
16126,16126,156.0,1,575,1.0,2.0,12,144.0
16127,16127,157.0,1,575,6.0,2.0,13,144.0
16128,16128,178.0,0,576,0.0,0.0,-14,192.0
16129,16129,179.0,0,576,0.0,0.0,-13,192.0
16130,16130,180.0,0,576,0.0,0.0,-12,192.0
16131,16131,181.0,0,576,0.0,0.0,-11,192.0
16132,16132,182.0,0,576,0.0,0.0,-10,192.0
16133,16133,183.0,0,576,0.0,0.0,-9,192.0
16134,16134,184.0,0,576,0.0,0.0,-8,192.0
16135,16135,185.0,0,576,0.0,0.0,-7,192.0
16136,16136,186.0,0,576,0.0,0.0,-6,192.0
16137,16137,187.0,0,576,0.0,0.0,-5,192.0
16138,16138,188.0,0,576,0.0,0.0,-4,192.0
16139,16139,189.0,0,576,1.0,1.0,-3,192.0
16140,16140,190.0,0,576,0.0,2.0,-2,192.0
16141,16141,191.0,0,576,0.0,1.0,-1,192.0
16142,16142,192.0,1,576,20.0,4.0,0,192.0
16143,16143,193.0,1,576,0.0,2.0,1,192.0
16144,16144,194.0,1,576,0.0,2.0,2,192.0
16145,16145,195.0,1,576,0.0,0.0,3,192.0
16146,16146,196.0,1,576,0.0,2.0,4,192.0
16147,16147,197.0,1,576,2.0,1.0,5,192.0
16148,16148,198.0,1,576,0.0,0.0,6,192.0
16149,16149,199.0,1,576,0.0,0.0,7,192.0
16150,16150,200.0,1,576,1.0,0.0,8,192.0
16151,16151,201.0,1,576,0.0,0.0,9,192.0
16152,16152,202.0,1,576,0.0,0.0,10,192.0
16153,16153,203.0,1,576,0.0,0.0,11,192.0
16154,16154,204.0,1,576,0.0,0.0,12,192.0
16155,16155,205.0,1,576,0.0,0.0,13,192.0
16156,16156,268.0,0,577,0.0,0.0,-14,282.0
16157,16157,269.0,0,577,0.0,3.0,-13,282.0
16158,16158,270.0,0,577,0.0,0.0,-12,282.0
16159,16159,271.0,0,577,0.0,2.0,-11,282.0
16160,16160,272.0,0,577,0.0,0.0,-10,282.0
16161,16161,273.0,0,577,0.0,1.0,-9,282.0
16162,16162,274.0,0,577,1.0,2.0,-8,282.0
16163,16163,275.0,0,577,0.0,0.0,-7,282.0
16164,16164,276.0,0,577,0.0,0.0,-6,282.0
16165,16165,277.0,0,577,0.0,1.0,-5,282.0
16166,16166,278.0,0,577,0.0,0.0,-4,282.0
16167,16167,279.0,0,577,0.0,0.0,-3,282.0
16168,16168,280.0,0,577,0.0,1.0,-2,282.0
16169,16169,281.0,0,577,0.0,2.0,-1,282.0
16170,16170,282.0,1,577,4.0,0.0,0,282.0
16171,16171,283.0,1,577,1.0,2.0,1,282.0
16172,16172,284.0,1,577,1.0,3.0,2,282.0
16173,16173,285.0,1,577,0.0,1.0,3,282.0
16174,16174,286.0,1,577,0.0,1.0,4,282.0
16175,16175,287.0,1,577,2.0,7.0,5,282.0
16176,16176,288.0,1,577,0.0,2.0,6,282.0
16177,16177,289.0,1,577,0.0,2.0,7,282.0
16178,16178,290.0,1,577,0.0,2.0,8,282.0
16179,16179,291.0,1,577,0.0,2.0,9,282.0
16180,16180,292.0,1,577,1.0,1.0,10,282.0
16181,16181,293.0,1,577,1.0,3.0,11,282.0
16182,16182,294.0,1,577,0.0,1.0,12,282.0
16183,16183,295.0,1,577,0.0,2.0,13,282.0
16184,16184,167.0,0,578,8.0,4.0,-14,181.0
16185,16185,168.0,0,578,10.0,6.0,-13,181.0
16186,16186,169.0,0,578,7.0,4.0,-12,181.0
16187,16187,170.0,0,578,3.0,5.0,-11,181.0
16188,16188,171.0,0,578,4.0,2.0,-10,181.0
16189,16189,172.0,0,578,3.0,2.0,-9,181.0
16190,16190,173.0,0,578,2.0,2.0,-8,181.0
16191,16191,174.0,0,578,2.0,3.0,-7,181.0
16192,16192,175.0,0,578,9.0,3.0,-6,181.0
16193,16193,176.0,0,578,8.0,6.0,-5,181.0
16194,16194,177.0,0,578,5.0,3.0,-4,181.0
16195,16195,178.0,0,578,11.0,11.0,-3,181.0
16196,16196,179.0,0,578,1.0,2.0,-2,181.0
16197,16197,180.0,0,578,66.0,44.0,-1,181.0
16198,16198,181.0,1,578,210.0,76.0,0,181.0
16199,16199,182.0,1,578,12.0,5.0,1,181.0
16200,16200,183.0,1,578,1.0,4.0,2,181.0
16201,16201,184.0,1,578,2.0,3.0,3,181.0
16202,16202,185.0,1,578,0.0,0.0,4,181.0
16203,16203,186.0,1,578,2.0,6.0,5,181.0
16204,16204,187.0,1,578,11.0,18.0,6,181.0
16205,16205,188.0,1,578,1.0,3.0,7,181.0
16206,16206,189.0,1,578,2.0,2.0,8,181.0
16207,16207,190.0,1,578,1.0,2.0,9,181.0
16208,16208,191.0,1,578,4.0,1.0,10,181.0
16209,16209,192.0,1,578,5.0,2.0,11,181.0
16210,16210,193.0,1,578,9.0,7.0,12,181.0
16211,16211,194.0,1,578,2.0,3.0,13,181.0
16212,16212,117.0,0,579,0.0,0.0,-14,131.0
16213,16213,118.0,0,579,0.0,0.0,-13,131.0
16214,16214,119.0,0,579,0.0,0.0,-12,131.0
16215,16215,120.0,0,579,0.0,0.0,-11,131.0
16216,16216,121.0,0,579,0.0,0.0,-10,131.0
16217,16217,122.0,0,579,0.0,0.0,-9,131.0
16218,16218,123.0,0,579,0.0,0.0,-8,131.0
16219,16219,124.0,0,579,1.0,0.0,-7,131.0
16220,16220,125.0,0,579,0.0,0.0,-6,131.0
16221,16221,126.0,0,579,0.0,0.0,-5,131.0
16222,16222,127.0,0,579,0.0,0.0,-4,131.0
16223,16223,128.0,0,579,1.0,0.0,-3,131.0
16224,16224,129.0,0,579,0.0,0.0,-2,131.0
16225,16225,130.0,0,579,0.0,0.0,-1,131.0
16226,16226,131.0,1,579,0.0,0.0,0,131.0
16227,16227,132.0,1,579,0.0,1.0,1,131.0
16228,16228,133.0,1,579,0.0,0.0,2,131.0
16229,16229,134.0,1,579,0.0,1.0,3,131.0
16230,16230,135.0,1,579,1.0,1.0,4,131.0
16231,16231,136.0,1,579,1.0,0.0,5,131.0
16232,16232,137.0,1,579,0.0,0.0,6,131.0
16233,16233,138.0,1,579,0.0,2.0,7,131.0
16234,16234,139.0,1,579,0.0,0.0,8,131.0
16235,16235,140.0,1,579,0.0,0.0,9,131.0
16236,16236,141.0,1,579,0.0,0.0,10,131.0
16237,16237,142.0,1,579,0.0,0.0,11,131.0
16238,16238,143.0,1,579,0.0,0.0,12,131.0
16239,16239,144.0,1,579,0.0,0.0,13,131.0
16240,16240,91.0,0,580,0.0,1.0,-14,105.0
16241,16241,92.0,0,580,0.0,0.0,-13,105.0
16242,16242,93.0,0,580,0.0,4.0,-12,105.0
16243,16243,94.0,0,580,0.0,3.0,-11,105.0
16244,16244,95.0,0,580,1.0,3.0,-10,105.0
16245,16245,96.0,0,580,1.0,0.0,-9,105.0
16246,16246,97.0,0,580,0.0,0.0,-8,105.0
16247,16247,98.0,0,580,0.0,0.0,-7,105.0
16248,16248,99.0,0,580,0.0,1.0,-6,105.0
16249,16249,100.0,0,580,1.0,3.0,-5,105.0
16250,16250,101.0,0,580,0.0,1.0,-4,105.0
16251,16251,102.0,0,580,1.0,2.0,-3,105.0
16252,16252,103.0,0,580,1.0,2.0,-2,105.0
16253,16253,104.0,0,580,1.0,1.0,-1,105.0
16254,16254,105.0,1,580,3.0,4.0,0,105.0
16255,16255,106.0,1,580,2.0,3.0,1,105.0
16256,16256,107.0,1,580,0.0,3.0,2,105.0
16257,16257,108.0,1,580,0.0,4.0,3,105.0
16258,16258,109.0,1,580,0.0,8.0,4,105.0
16259,16259,110.0,1,580,0.0,0.0,5,105.0
16260,16260,111.0,1,580,0.0,1.0,6,105.0
16261,16261,112.0,1,580,1.0,1.0,7,105.0
16262,16262,113.0,1,580,1.0,3.0,8,105.0
16263,16263,114.0,1,580,0.0,1.0,9,105.0
16264,16264,115.0,1,580,0.0,2.0,10,105.0
16265,16265,116.0,1,580,1.0,1.0,11,105.0
16266,16266,117.0,1,580,0.0,1.0,12,105.0
16267,16267,118.0,1,580,0.0,0.0,13,105.0
16268,16268,87.0,0,581,0.0,1.0,-14,101.0
16269,16269,88.0,0,581,2.0,1.0,-13,101.0
16270,16270,89.0,0,581,0.0,2.0,-12,101.0
16271,16271,90.0,0,581,0.0,0.0,-11,101.0
16272,16272,91.0,0,581,0.0,0.0,-10,101.0
16273,16273,92.0,0,581,0.0,1.0,-9,101.0
16274,16274,93.0,0,581,2.0,2.0,-8,101.0
16275,16275,94.0,0,581,2.0,1.0,-7,101.0
16276,16276,95.0,0,581,0.0,1.0,-6,101.0
16277,16277,96.0,0,581,0.0,1.0,-5,101.0
16278,16278,97.0,0,581,0.0,0.0,-4,101.0
16279,16279,98.0,0,581,1.0,1.0,-3,101.0
16280,16280,99.0,0,581,0.0,0.0,-2,101.0
16281,16281,100.0,0,581,0.0,0.0,-1,101.0
16282,16282,101.0,1,581,16.0,2.0,0,101.0
16283,16283,102.0,1,581,0.0,1.0,1,101.0
16284,16284,103.0,1,581,0.0,1.0,2,101.0
16285,16285,104.0,1,581,0.0,0.0,3,101.0
16286,16286,105.0,1,581,1.0,0.0,4,101.0
16287,16287,106.0,1,581,0.0,1.0,5,101.0
16288,16288,107.0,1,581,2.0,0.0,6,101.0
16289,16289,108.0,1,581,2.0,1.0,7,101.0
16290,16290,109.0,1,581,0.0,0.0,8,101.0
16291,16291,110.0,1,581,0.0,1.0,9,101.0
16292,16292,111.0,1,581,0.0,0.0,10,101.0
16293,16293,112.0,1,581,0.0,0.0,11,101.0
16294,16294,113.0,1,581,0.0,0.0,12,101.0
16295,16295,114.0,1,581,0.0,0.0,13,101.0
16296,16296,170.0,0,582,10.0,12.0,-14,184.0
16297,16297,171.0,0,582,6.0,10.0,-13,184.0
16298,16298,172.0,0,582,5.0,4.0,-12,184.0
16299,16299,173.0,0,582,5.0,11.0,-11,184.0
16300,16300,174.0,0,582,14.0,7.0,-10,184.0
16301,16301,175.0,0,582,11.0,6.0,-9,184.0
16302,16302,176.0,0,582,1.0,4.0,-8,184.0
16303,16303,177.0,0,582,9.0,6.0,-7,184.0
16304,16304,178.0,0,582,4.0,7.0,-6,184.0
16305,16305,179.0,0,582,10.0,8.0,-5,184.0
16306,16306,180.0,0,582,19.0,5.0,-4,184.0
16307,16307,181.0,0,582,7.0,5.0,-3,184.0
16308,16308,182.0,0,582,3.0,5.0,-2,184.0
16309,16309,183.0,0,582,5.0,5.0,-1,184.0
16310,16310,184.0,1,582,28.0,6.0,0,184.0
16311,16311,185.0,1,582,9.0,9.0,1,184.0
16312,16312,186.0,1,582,8.0,3.0,2,184.0
16313,16313,187.0,1,582,3.0,7.0,3,184.0
16314,16314,188.0,1,582,4.0,1.0,4,184.0
16315,16315,189.0,1,582,4.0,2.0,5,184.0
16316,16316,190.0,1,582,4.0,2.0,6,184.0
16317,16317,191.0,1,582,6.0,7.0,7,184.0
16318,16318,192.0,1,582,2.0,3.0,8,184.0
16319,16319,193.0,1,582,4.0,9.0,9,184.0
16320,16320,194.0,1,582,3.0,1.0,10,184.0
16321,16321,195.0,1,582,3.0,7.0,11,184.0
16322,16322,196.0,1,582,76.0,68.0,12,184.0
16323,16323,197.0,1,582,5.0,3.0,13,184.0
16324,16324,100.0,0,583,142.0,184.0,-14,114.0
16325,16325,101.0,0,583,125.0,233.0,-13,114.0
16326,16326,102.0,0,583,639.0,1566.0,-12,114.0
16327,16327,103.0,0,583,312.0,683.0,-11,114.0
16328,16328,104.0,0,583,1131.0,1823.0,-10,114.0
16329,16329,105.0,0,583,696.0,1054.0,-9,114.0
16330,16330,106.0,0,583,834.0,989.0,-8,114.0
16331,16331,107.0,0,583,614.0,689.0,-7,114.0
16332,16332,108.0,0,583,799.0,856.0,-6,114.0
16333,16333,109.0,0,583,227.0,315.0,-5,114.0
16334,16334,110.0,0,583,904.0,1499.0,-4,114.0
16335,16335,111.0,0,583,417.0,807.0,-3,114.0
16336,16336,112.0,0,583,231.0,442.0,-2,114.0
16337,16337,113.0,0,583,492.0,903.0,-1,114.0
16338,16338,114.0,1,583,556.0,676.0,0,114.0
16339,16339,115.0,1,583,1406.0,1431.0,1,114.0
16340,16340,116.0,1,583,1153.0,2359.0,2,114.0
16341,16341,117.0,1,583,1701.0,3785.0,3,114.0
16342,16342,118.0,1,583,1816.0,5352.0,4,114.0
16343,16343,119.0,1,583,418.0,1434.0,5,114.0
16344,16344,120.0,1,583,227.0,660.0,6,114.0
16345,16345,121.0,1,583,344.0,948.0,7,114.0
16346,16346,122.0,1,583,2302.0,1784.0,8,114.0
16347,16347,123.0,1,583,271.0,500.0,9,114.0
16348,16348,124.0,1,583,212.0,697.0,10,114.0
16349,16349,125.0,1,583,173.0,497.0,11,114.0
16350,16350,126.0,1,583,170.0,496.0,12,114.0
16351,16351,127.0,1,583,600.0,1390.0,13,114.0
16352,16352,174.0,0,584,42.0,49.0,-14,188.0
16353,16353,175.0,0,584,13.0,30.0,-13,188.0
16354,16354,176.0,0,584,6.0,25.0,-12,188.0
16355,16355,177.0,0,584,9.0,6.0,-11,188.0
16356,16356,178.0,0,584,19.0,9.0,-10,188.0
16357,16357,179.0,0,584,18.0,18.0,-9,188.0
16358,16358,180.0,0,584,6.0,21.0,-8,188.0
16359,16359,181.0,0,584,4.0,6.0,-7,188.0
16360,16360,182.0,0,584,9.0,6.0,-6,188.0
16361,16361,183.0,0,584,3.0,2.0,-5,188.0
16362,16362,184.0,0,584,1.0,4.0,-4,188.0
16363,16363,185.0,0,584,7.0,12.0,-3,188.0
16364,16364,186.0,0,584,6.0,7.0,-2,188.0
16365,16365,187.0,0,584,4.0,6.0,-1,188.0
16366,16366,188.0,1,584,6.0,7.0,0,188.0
16367,16367,189.0,1,584,4.0,2.0,1,188.0
16368,16368,190.0,1,584,3.0,2.0,2,188.0
16369,16369,191.0,1,584,4.0,1.0,3,188.0
16370,16370,192.0,1,584,2.0,2.0,4,188.0
16371,16371,193.0,1,584,4.0,3.0,5,188.0
16372,16372,194.0,1,584,25.0,7.0,6,188.0
16373,16373,195.0,1,584,6.0,3.0,7,188.0
16374,16374,196.0,1,584,1.0,3.0,8,188.0
16375,16375,197.0,1,584,1.0,3.0,9,188.0
16376,16376,198.0,1,584,3.0,0.0,10,188.0
16377,16377,199.0,1,584,2.0,4.0,11,188.0
16378,16378,200.0,1,584,2.0,2.0,12,188.0
16379,16379,201.0,1,584,2.0,6.0,13,188.0
16380,16380,143.0,0,585,0.0,0.0,-14,157.0
16381,16381,144.0,0,585,0.0,0.0,-13,157.0
16382,16382,145.0,0,585,0.0,0.0,-12,157.0
16383,16383,146.0,0,585,0.0,0.0,-11,157.0
16384,16384,147.0,0,585,0.0,0.0,-10,157.0
16385,16385,148.0,0,585,0.0,0.0,-9,157.0
16386,16386,149.0,0,585,0.0,0.0,-8,157.0
16387,16387,150.0,0,585,0.0,0.0,-7,157.0
16388,16388,151.0,0,585,0.0,0.0,-6,157.0
16389,16389,152.0,0,585,0.0,0.0,-5,157.0
16390,16390,153.0,0,585,0.0,0.0,-4,157.0
16391,16391,154.0,0,585,0.0,0.0,-3,157.0
16392,16392,155.0,0,585,0.0,0.0,-2,157.0
16393,16393,156.0,0,585,143.0,66.0,-1,157.0
16394,16394,157.0,1,585,37.0,19.0,0,157.0
16395,16395,158.0,1,585,10.0,3.0,1,157.0
16396,16396,159.0,1,585,6.0,1.0,2,157.0
16397,16397,160.0,1,585,1.0,3.0,3,157.0
16398,16398,161.0,1,585,0.0,1.0,4,157.0
16399,16399,162.0,1,585,0.0,1.0,5,157.0
16400,16400,163.0,1,585,1.0,1.0,6,157.0
16401,16401,164.0,1,585,0.0,1.0,7,157.0
16402,16402,165.0,1,585,1.0,1.0,8,157.0
16403,16403,166.0,1,585,1.0,0.0,9,157.0
16404,16404,167.0,1,585,0.0,0.0,10,157.0
16405,16405,168.0,1,585,0.0,0.0,11,157.0
16406,16406,169.0,1,585,1.0,0.0,12,157.0
16407,16407,170.0,1,585,1.0,0.0,13,157.0
16408,16408,35.0,0,586,777.0,3651.0,-14,49.0
16409,16409,36.0,0,586,6506.0,17136.0,-13,49.0
16410,16410,37.0,0,586,8211.0,23361.0,-12,49.0
16411,16411,38.0,0,586,3478.0,11878.0,-11,49.0
16412,16412,39.0,0,586,3018.0,13796.0,-10,49.0
16413,16413,40.0,0,586,2387.0,8112.0,-9,49.0
16414,16414,41.0,0,586,1924.0,9621.0,-8,49.0
16415,16415,42.0,0,586,1646.0,7657.0,-7,49.0
16416,16416,43.0,0,586,1172.0,3326.0,-6,49.0
16417,16417,44.0,0,586,1477.0,3797.0,-5,49.0
16418,16418,45.0,0,586,1917.0,4970.0,-4,49.0
16419,16419,46.0,0,586,1613.0,5491.0,-3,49.0
16420,16420,47.0,0,586,1138.0,4645.0,-2,49.0
16421,16421,48.0,0,586,3218.0,8745.0,-1,49.0
16422,16422,49.0,1,586,2674.0,10058.0,0,49.0
16423,16423,50.0,1,586,988.0,5525.0,1,49.0
16424,16424,51.0,1,586,582.0,4803.0,2,49.0
16425,16425,52.0,1,586,447.0,3703.0,3,49.0
16426,16426,53.0,1,586,163.0,1646.0,4,49.0
16427,16427,54.0,1,586,180.0,1694.0,5,49.0
16428,16428,55.0,1,586,267.0,3072.0,6,49.0
16429,16429,56.0,1,586,271.0,2792.0,7,49.0
16430,16430,57.0,1,586,119.0,1489.0,8,49.0
16431,16431,58.0,1,586,427.0,4197.0,9,49.0
16432,16432,59.0,1,586,320.0,3189.0,10,49.0
16433,16433,60.0,1,586,149.0,1363.0,11,49.0
16434,16434,61.0,1,586,60.0,546.0,12,49.0
16435,16435,62.0,1,586,236.0,2594.0,13,49.0
16436,16436,207.0,0,587,5.0,1.0,-14,221.0
16437,16437,208.0,0,587,2.0,3.0,-13,221.0
16438,16438,209.0,0,587,4.0,8.0,-12,221.0
16439,16439,210.0,0,587,3.0,5.0,-11,221.0
16440,16440,211.0,0,587,3.0,2.0,-10,221.0
16441,16441,212.0,0,587,4.0,4.0,-9,221.0
16442,16442,213.0,0,587,1.0,3.0,-8,221.0
16443,16443,214.0,0,587,2.0,2.0,-7,221.0
16444,16444,215.0,0,587,3.0,0.0,-6,221.0
16445,16445,216.0,0,587,7.0,5.0,-5,221.0
16446,16446,217.0,0,587,3.0,2.0,-4,221.0
16447,16447,218.0,0,587,10.0,1.0,-3,221.0
16448,16448,219.0,0,587,1.0,1.0,-2,221.0
16449,16449,220.0,0,587,5.0,7.0,-1,221.0
16450,16450,221.0,1,587,13.0,5.0,0,221.0
16451,16451,222.0,1,587,3.0,3.0,1,221.0
16452,16452,223.0,1,587,3.0,4.0,2,221.0
16453,16453,224.0,1,587,6.0,3.0,3,221.0
16454,16454,225.0,1,587,4.0,3.0,4,221.0
16455,16455,226.0,1,587,10.0,3.0,5,221.0
16456,16456,227.0,1,587,5.0,3.0,6,221.0
16457,16457,228.0,1,587,15.0,6.0,7,221.0
16458,16458,229.0,1,587,8.0,2.0,8,221.0
16459,16459,230.0,1,587,3.0,1.0,9,221.0
16460,16460,231.0,1,587,2.0,0.0,10,221.0
16461,16461,232.0,1,587,0.0,1.0,11,221.0
16462,16462,233.0,1,587,5.0,7.0,12,221.0
16463,16463,234.0,1,587,2.0,0.0,13,221.0
16464,16464,42.0,0,588,1155.0,4422.0,-14,56.0
16465,16465,43.0,0,588,638.0,2291.0,-13,56.0
16466,16466,44.0,0,588,1013.0,3455.0,-12,56.0
16467,16467,45.0,0,588,669.0,1816.0,-11,56.0
16468,16468,46.0,0,588,239.0,436.0,-10,56.0
16469,16469,47.0,0,588,278.0,690.0,-9,56.0
16470,16470,48.0,0,588,275.0,501.0,-8,56.0
16471,16471,49.0,0,588,406.0,423.0,-7,56.0
16472,16472,50.0,0,588,790.0,1371.0,-6,56.0
16473,16473,51.0,0,588,462.0,777.0,-5,56.0
16474,16474,52.0,0,588,362.0,682.0,-4,56.0
16475,16475,53.0,0,588,140.0,261.0,-3,56.0
16476,16476,54.0,0,588,174.0,344.0,-2,56.0
16477,16477,55.0,0,588,225.0,381.0,-1,56.0
16478,16478,56.0,1,588,607.0,1240.0,0,56.0
16479,16479,57.0,1,588,139.0,293.0,1,56.0
16480,16480,58.0,1,588,651.0,966.0,2,56.0
16481,16481,59.0,1,588,710.0,885.0,3,56.0
16482,16482,60.0,1,588,367.0,570.0,4,56.0
16483,16483,61.0,1,588,198.0,325.0,5,56.0
16484,16484,62.0,1,588,459.0,752.0,6,56.0
16485,16485,63.0,1,588,102.0,227.0,7,56.0
16486,16486,64.0,1,588,100.0,171.0,8,56.0
16487,16487,65.0,1,588,66.0,149.0,9,56.0
16488,16488,66.0,1,588,285.0,604.0,10,56.0
16489,16489,67.0,1,588,189.0,437.0,11,56.0
16490,16490,68.0,1,588,111.0,246.0,12,56.0
16491,16491,69.0,1,588,385.0,758.0,13,56.0
16492,16492,166.0,0,589,3.0,2.0,-14,180.0
16493,16493,167.0,0,589,7.0,3.0,-13,180.0
16494,16494,168.0,0,589,6.0,1.0,-12,180.0
16495,16495,169.0,0,589,11.0,4.0,-11,180.0
16496,16496,170.0,0,589,6.0,1.0,-10,180.0
16497,16497,171.0,0,589,15.0,4.0,-9,180.0
16498,16498,172.0,0,589,6.0,1.0,-8,180.0
16499,16499,173.0,0,589,6.0,4.0,-7,180.0
16500,16500,174.0,0,589,6.0,2.0,-6,180.0
16501,16501,175.0,0,589,10.0,3.0,-5,180.0
16502,16502,176.0,0,589,23.0,5.0,-4,180.0
16503,16503,177.0,0,589,23.0,7.0,-3,180.0
16504,16504,178.0,0,589,12.0,4.0,-2,180.0
16505,16505,179.0,0,589,7.0,4.0,-1,180.0
16506,16506,180.0,1,589,65.0,18.0,0,180.0
16507,16507,181.0,1,589,4.0,2.0,1,180.0
16508,16508,182.0,1,589,5.0,2.0,2,180.0
16509,16509,183.0,1,589,11.0,6.0,3,180.0
16510,16510,184.0,1,589,18.0,5.0,4,180.0
16511,16511,185.0,1,589,3.0,2.0,5,180.0
16512,16512,186.0,1,589,10.0,2.0,6,180.0
16513,16513,187.0,1,589,6.0,6.0,7,180.0
16514,16514,188.0,1,589,7.0,1.0,8,180.0
16515,16515,189.0,1,589,8.0,5.0,9,180.0
16516,16516,190.0,1,589,3.0,0.0,10,180.0
16517,16517,191.0,1,589,4.0,2.0,11,180.0
16518,16518,192.0,1,589,1.0,2.0,12,180.0
16519,16519,193.0,1,589,4.0,2.0,13,180.0
16520,16520,97.0,0,590,61.0,167.0,-14,111.0
16521,16521,98.0,0,590,42.0,119.0,-13,111.0
16522,16522,99.0,0,590,25.0,68.0,-12,111.0
16523,16523,100.0,0,590,454.0,1334.0,-11,111.0
16524,16524,101.0,0,590,245.0,548.0,-10,111.0
16525,16525,102.0,0,590,329.0,1187.0,-9,111.0
16526,16526,103.0,0,590,171.0,501.0,-8,111.0
16527,16527,104.0,0,590,64.0,261.0,-7,111.0
16528,16528,105.0,0,590,71.0,269.0,-6,111.0
16529,16529,106.0,0,590,155.0,423.0,-5,111.0
16530,16530,107.0,0,590,61.0,190.0,-4,111.0
16531,16531,108.0,0,590,54.0,169.0,-3,111.0
16532,16532,109.0,0,590,111.0,335.0,-2,111.0
16533,16533,110.0,0,590,121.0,422.0,-1,111.0
16534,16534,111.0,1,590,180.0,471.0,0,111.0
16535,16535,112.0,1,590,171.0,397.0,1,111.0
16536,16536,113.0,1,590,79.0,309.0,2,111.0
16537,16537,114.0,1,590,69.0,240.0,3,111.0
16538,16538,115.0,1,590,53.0,253.0,4,111.0
16539,16539,116.0,1,590,310.0,1033.0,5,111.0
16540,16540,117.0,1,590,95.0,410.0,6,111.0
16541,16541,118.0,1,590,89.0,332.0,7,111.0
16542,16542,119.0,1,590,154.0,459.0,8,111.0
16543,16543,120.0,1,590,47.0,232.0,9,111.0
16544,16544,121.0,1,590,87.0,305.0,10,111.0
16545,16545,122.0,1,590,124.0,398.0,11,111.0
16546,16546,123.0,1,590,339.0,1088.0,12,111.0
16547,16547,124.0,1,590,73.0,298.0,13,111.0
16548,16548,319.0,0,591,8.0,5.0,-14,333.0
16549,16549,320.0,0,591,4.0,6.0,-13,333.0
16550,16550,321.0,0,591,36.0,12.0,-12,333.0
16551,16551,322.0,0,591,10.0,12.0,-11,333.0
16552,16552,323.0,0,591,3.0,3.0,-10,333.0
16553,16553,324.0,0,591,0.0,1.0,-9,333.0
16554,16554,325.0,0,591,2.0,1.0,-8,333.0
16555,16555,326.0,0,591,3.0,3.0,-7,333.0
16556,16556,327.0,0,591,3.0,1.0,-6,333.0
16557,16557,328.0,0,591,3.0,1.0,-5,333.0
16558,16558,329.0,0,591,23.0,11.0,-4,333.0
16559,16559,330.0,0,591,2.0,4.0,-3,333.0
16560,16560,331.0,0,591,0.0,1.0,-2,333.0
16561,16561,332.0,0,591,2.0,1.0,-1,333.0
16562,16562,333.0,1,591,18.0,7.0,0,333.0
16563,16563,334.0,1,591,2.0,2.0,1,333.0
16564,16564,335.0,1,591,7.0,17.0,2,333.0
16565,16565,336.0,1,591,11.0,1.0,3,333.0
16566,16566,337.0,1,591,54.0,10.0,4,333.0
16567,16567,338.0,1,591,34.0,9.0,5,333.0
16568,16568,339.0,1,591,7.0,5.0,6,333.0
16569,16569,340.0,1,591,7.0,3.0,7,333.0
16570,16570,341.0,1,591,5.0,4.0,8,333.0
16571,16571,342.0,1,591,4.0,7.0,9,333.0
16572,16572,343.0,1,591,5.0,4.0,10,333.0
16573,16573,344.0,1,591,4.0,1.0,11,333.0
16574,16574,345.0,1,591,5.0,4.0,12,333.0
16575,16575,346.0,1,591,12.0,3.0,13,333.0
16576,16576,21.0,0,592,1.0,3.0,-14,35.0
16577,16577,22.0,0,592,1.0,0.0,-13,35.0
16578,16578,23.0,0,592,0.0,0.0,-12,35.0
16579,16579,24.0,0,592,0.0,0.0,-11,35.0
16580,16580,25.0,0,592,0.0,1.0,-10,35.0
16581,16581,26.0,0,592,0.0,2.0,-9,35.0
16582,16582,27.0,0,592,1.0,11.0,-8,35.0
16583,16583,28.0,0,592,6.0,59.0,-7,35.0
16584,16584,29.0,0,592,5.0,76.0,-6,35.0
16585,16585,30.0,0,592,46.0,218.0,-5,35.0
16586,16586,31.0,0,592,56.0,252.0,-4,35.0
16587,16587,32.0,0,592,182.0,588.0,-3,35.0
16588,16588,33.0,0,592,300.0,938.0,-2,35.0
16589,16589,34.0,0,592,239.0,728.0,-1,35.0
16590,16590,35.0,1,592,157.0,732.0,0,35.0
16591,16591,36.0,1,592,102.0,650.0,1,35.0
16592,16592,37.0,1,592,67.0,593.0,2,35.0
16593,16593,38.0,1,592,59.0,415.0,3,35.0
16594,16594,39.0,1,592,22.0,238.0,4,35.0
16595,16595,40.0,1,592,31.0,205.0,5,35.0
16596,16596,41.0,1,592,11.0,143.0,6,35.0
16597,16597,42.0,1,592,9.0,115.0,7,35.0
16598,16598,43.0,1,592,7.0,84.0,8,35.0
16599,16599,44.0,1,592,4.0,55.0,9,35.0
16600,16600,45.0,1,592,12.0,127.0,10,35.0
16601,16601,46.0,1,592,7.0,62.0,11,35.0
16602,16602,47.0,1,592,4.0,39.0,12,35.0
16603,16603,48.0,1,592,6.0,40.0,13,35.0
16604,16604,243.0,0,593,123.0,163.0,-14,257.0
16605,16605,244.0,0,593,330.0,327.0,-13,257.0
16606,16606,245.0,0,593,649.0,600.0,-12,257.0
16607,16607,246.0,0,593,613.0,670.0,-11,257.0
16608,16608,247.0,0,593,535.0,964.0,-10,257.0
16609,16609,248.0,0,593,733.0,1355.0,-9,257.0
16610,16610,249.0,0,593,53.0,100.0,-8,257.0
16611,16611,250.0,0,593,341.0,431.0,-7,257.0
16612,16612,251.0,0,593,127.0,186.0,-6,257.0
16613,16613,252.0,0,593,1244.0,1826.0,-5,257.0
16614,16614,253.0,0,593,388.0,578.0,-4,257.0
16615,16615,254.0,0,593,37.0,55.0,-3,257.0
16616,16616,255.0,0,593,270.0,150.0,-2,257.0
16617,16617,256.0,0,593,1404.0,1404.0,-1,257.0
16618,16618,257.0,1,593,541.0,525.0,0,257.0
16619,16619,258.0,1,593,173.0,231.0,1,257.0
16620,16620,259.0,1,593,47.0,93.0,2,257.0
16621,16621,260.0,1,593,122.0,345.0,3,257.0
16622,16622,261.0,1,593,22.0,42.0,4,257.0
16623,16623,262.0,1,593,16.0,27.0,5,257.0
16624,16624,263.0,1,593,884.0,870.0,6,257.0
16625,16625,264.0,1,593,137.0,165.0,7,257.0
16626,16626,265.0,1,593,49.0,77.0,8,257.0
16627,16627,266.0,1,593,9.0,17.0,9,257.0
16628,16628,267.0,1,593,19.0,24.0,10,257.0
16629,16629,268.0,1,593,6.0,14.0,11,257.0
16630,16630,269.0,1,593,6.0,12.0,12,257.0
16631,16631,270.0,1,593,7.0,10.0,13,257.0
16632,16632,41.0,0,594,626.0,1526.0,-14,55.0
16633,16633,42.0,0,594,241.0,621.0,-13,55.0
16634,16634,43.0,0,594,296.0,744.0,-12,55.0
16635,16635,44.0,0,594,598.0,1189.0,-11,55.0
16636,16636,45.0,0,594,335.0,730.0,-10,55.0
16637,16637,46.0,0,594,297.0,581.0,-9,55.0
16638,16638,47.0,0,594,251.0,691.0,-8,55.0
16639,16639,48.0,0,594,163.0,350.0,-7,55.0
16640,16640,49.0,0,594,347.0,489.0,-6,55.0
16641,16641,50.0,0,594,352.0,608.0,-5,55.0
16642,16642,51.0,0,594,1938.0,1652.0,-4,55.0
16643,16643,52.0,0,594,818.0,799.0,-3,55.0
16644,16644,53.0,0,594,179.0,341.0,-2,55.0
16645,16645,54.0,0,594,387.0,644.0,-1,55.0
16646,16646,55.0,1,594,323.0,552.0,0,55.0
16647,16647,56.0,1,594,130.0,404.0,1,55.0
16648,16648,57.0,1,594,152.0,319.0,2,55.0
16649,16649,58.0,1,594,603.0,1138.0,3,55.0
16650,16650,59.0,1,594,593.0,1303.0,4,55.0
16651,16651,60.0,1,594,465.0,898.0,5,55.0
16652,16652,61.0,1,594,89.0,285.0,6,55.0
16653,16653,62.0,1,594,92.0,258.0,7,55.0
16654,16654,63.0,1,594,143.0,391.0,8,55.0
16655,16655,64.0,1,594,66.0,181.0,9,55.0
16656,16656,65.0,1,594,103.0,261.0,10,55.0
16657,16657,66.0,1,594,69.0,214.0,11,55.0
16658,16658,67.0,1,594,64.0,190.0,12,55.0
16659,16659,68.0,1,594,57.0,165.0,13,55.0
16660,16660,217.0,0,595,9.0,9.0,-14,231.0
16661,16661,218.0,0,595,11.0,18.0,-13,231.0
16662,16662,219.0,0,595,3.0,8.0,-12,231.0
16663,16663,220.0,0,595,2.0,9.0,-11,231.0
16664,16664,221.0,0,595,14.0,16.0,-10,231.0
16665,16665,222.0,0,595,5.0,9.0,-9,231.0
16666,16666,223.0,0,595,2.0,12.0,-8,231.0
16667,16667,224.0,0,595,4.0,9.0,-7,231.0
16668,16668,225.0,0,595,15.0,17.0,-6,231.0
16669,16669,226.0,0,595,5.0,8.0,-5,231.0
16670,16670,227.0,0,595,7.0,11.0,-4,231.0
16671,16671,228.0,0,595,2.0,5.0,-3,231.0
16672,16672,229.0,0,595,3.0,3.0,-2,231.0
16673,16673,230.0,0,595,12.0,19.0,-1,231.0
16674,16674,231.0,1,595,49.0,24.0,0,231.0
16675,16675,232.0,1,595,6.0,15.0,1,231.0
16676,16676,233.0,1,595,67.0,8.0,2,231.0
16677,16677,234.0,1,595,12.0,8.0,3,231.0
16678,16678,235.0,1,595,7.0,9.0,4,231.0
16679,16679,236.0,1,595,12.0,16.0,5,231.0
16680,16680,237.0,1,595,6.0,4.0,6,231.0
16681,16681,238.0,1,595,15.0,12.0,7,231.0
16682,16682,239.0,1,595,2.0,6.0,8,231.0
16683,16683,240.0,1,595,2.0,9.0,9,231.0
16684,16684,241.0,1,595,3.0,2.0,10,231.0
16685,16685,242.0,1,595,6.0,11.0,11,231.0
16686,16686,243.0,1,595,1.0,7.0,12,231.0
16687,16687,244.0,1,595,6.0,11.0,13,231.0
16688,16688,197.0,0,596,3.0,3.0,-14,211.0
16689,16689,198.0,0,596,6.0,5.0,-13,211.0
16690,16690,199.0,0,596,3.0,5.0,-12,211.0
16691,16691,200.0,0,596,1.0,1.0,-11,211.0
16692,16692,201.0,0,596,3.0,7.0,-10,211.0
16693,16693,202.0,0,596,2.0,2.0,-9,211.0
16694,16694,203.0,0,596,1.0,4.0,-8,211.0
16695,16695,204.0,0,596,0.0,3.0,-7,211.0
16696,16696,205.0,0,596,0.0,5.0,-6,211.0
16697,16697,206.0,0,596,2.0,4.0,-5,211.0
16698,16698,207.0,0,596,0.0,1.0,-4,211.0
16699,16699,208.0,0,596,1.0,2.0,-3,211.0
16700,16700,209.0,0,596,1.0,4.0,-2,211.0
16701,16701,210.0,0,596,5.0,11.0,-1,211.0
16702,16702,211.0,1,596,17.0,35.0,0,211.0
16703,16703,212.0,1,596,4.0,7.0,1,211.0
16704,16704,213.0,1,596,2.0,0.0,2,211.0
16705,16705,214.0,1,596,0.0,1.0,3,211.0
16706,16706,215.0,1,596,0.0,11.0,4,211.0
16707,16707,216.0,1,596,0.0,1.0,5,211.0
16708,16708,217.0,1,596,1.0,2.0,6,211.0
16709,16709,218.0,1,596,0.0,5.0,7,211.0
16710,16710,219.0,1,596,4.0,12.0,8,211.0
16711,16711,220.0,1,596,0.0,2.0,9,211.0
16712,16712,221.0,1,596,1.0,3.0,10,211.0
16713,16713,222.0,1,596,0.0,7.0,11,211.0
16714,16714,223.0,1,596,1.0,3.0,12,211.0
16715,16715,224.0,1,596,1.0,3.0,13,211.0
16716,16716,191.0,0,597,1.0,3.0,-14,205.0
16717,16717,192.0,0,597,2.0,3.0,-13,205.0
16718,16718,193.0,0,597,1.0,6.0,-12,205.0
16719,16719,194.0,0,597,0.0,8.0,-11,205.0
16720,16720,195.0,0,597,0.0,5.0,-10,205.0
16721,16721,196.0,0,597,1.0,3.0,-9,205.0
16722,16722,197.0,0,597,3.0,1.0,-8,205.0
16723,16723,198.0,0,597,6.0,11.0,-7,205.0
16724,16724,199.0,0,597,2.0,9.0,-6,205.0
16725,16725,200.0,0,597,4.0,10.0,-5,205.0
16726,16726,201.0,0,597,0.0,7.0,-4,205.0
16727,16727,202.0,0,597,1.0,24.0,-3,205.0
16728,16728,203.0,0,597,2.0,16.0,-2,205.0
16729,16729,204.0,0,597,120.0,177.0,-1,205.0
16730,16730,205.0,1,597,323.0,469.0,0,205.0
16731,16731,206.0,1,597,25.0,34.0,1,205.0
16732,16732,207.0,1,597,3.0,12.0,2,205.0
16733,16733,208.0,1,597,2.0,9.0,3,205.0
16734,16734,209.0,1,597,3.0,15.0,4,205.0
16735,16735,210.0,1,597,0.0,10.0,5,205.0
16736,16736,211.0,1,597,2.0,10.0,6,205.0
16737,16737,212.0,1,597,0.0,5.0,7,205.0
16738,16738,213.0,1,597,0.0,7.0,8,205.0
16739,16739,214.0,1,597,0.0,2.0,9,205.0
16740,16740,215.0,1,597,1.0,3.0,10,205.0
16741,16741,216.0,1,597,2.0,5.0,11,205.0
16742,16742,217.0,1,597,5.0,2.0,12,205.0
16743,16743,218.0,1,597,0.0,2.0,13,205.0
16744,16744,167.0,0,598,4.0,6.0,-14,181.0
16745,16745,168.0,0,598,5.0,12.0,-13,181.0
16746,16746,169.0,0,598,11.0,1.0,-12,181.0
16747,16747,170.0,0,598,4.0,4.0,-11,181.0
16748,16748,171.0,0,598,6.0,4.0,-10,181.0
16749,16749,172.0,0,598,12.0,5.0,-9,181.0
16750,16750,173.0,0,598,9.0,9.0,-8,181.0
16751,16751,174.0,0,598,8.0,10.0,-7,181.0
16752,16752,175.0,0,598,5.0,3.0,-6,181.0
16753,16753,176.0,0,598,5.0,1.0,-5,181.0
16754,16754,177.0,0,598,5.0,2.0,-4,181.0
16755,16755,178.0,0,598,6.0,4.0,-3,181.0
16756,16756,179.0,0,598,9.0,7.0,-2,181.0
16757,16757,180.0,0,598,14.0,6.0,-1,181.0
16758,16758,181.0,1,598,18.0,7.0,0,181.0
16759,16759,182.0,1,598,2.0,8.0,1,181.0
16760,16760,183.0,1,598,2.0,6.0,2,181.0
16761,16761,184.0,1,598,2.0,2.0,3,181.0
16762,16762,185.0,1,598,6.0,8.0,4,181.0
16763,16763,186.0,1,598,3.0,5.0,5,181.0
16764,16764,187.0,1,598,4.0,6.0,6,181.0
16765,16765,188.0,1,598,0.0,3.0,7,181.0
16766,16766,189.0,1,598,0.0,3.0,8,181.0
16767,16767,190.0,1,598,3.0,3.0,9,181.0
16768,16768,191.0,1,598,11.0,5.0,10,181.0
16769,16769,192.0,1,598,3.0,6.0,11,181.0
16770,16770,193.0,1,598,3.0,0.0,12,181.0
16771,16771,194.0,1,598,4.0,2.0,13,181.0
16772,16772,104.0,0,599,24.0,13.0,-14,118.0
16773,16773,105.0,0,599,7.0,11.0,-13,118.0
16774,16774,106.0,0,599,32.0,37.0,-12,118.0
16775,16775,107.0,0,599,14.0,9.0,-11,118.0
16776,16776,108.0,0,599,27.0,15.0,-10,118.0
16777,16777,109.0,0,599,10.0,8.0,-9,118.0
16778,16778,110.0,0,599,13.0,13.0,-8,118.0
16779,16779,111.0,0,599,12.0,20.0,-7,118.0
16780,16780,112.0,0,599,20.0,21.0,-6,118.0
16781,16781,113.0,0,599,11.0,6.0,-5,118.0
16782,16782,114.0,0,599,10.0,15.0,-4,118.0
16783,16783,115.0,0,599,14.0,16.0,-3,118.0
16784,16784,116.0,0,599,16.0,26.0,-2,118.0
16785,16785,117.0,0,599,137.0,127.0,-1,118.0
16786,16786,118.0,1,599,313.0,410.0,0,118.0
16787,16787,119.0,1,599,74.0,83.0,1,118.0
16788,16788,120.0,1,599,73.0,121.0,2,118.0
16789,16789,121.0,1,599,64.0,53.0,3,118.0
16790,16790,122.0,1,599,17.0,14.0,4,118.0
16791,16791,123.0,1,599,12.0,23.0,5,118.0
16792,16792,124.0,1,599,15.0,14.0,6,118.0
16793,16793,125.0,1,599,7.0,18.0,7,118.0
16794,16794,126.0,1,599,3.0,9.0,8,118.0
16795,16795,127.0,1,599,15.0,15.0,9,118.0
16796,16796,128.0,1,599,12.0,15.0,10,118.0
16797,16797,129.0,1,599,28.0,55.0,11,118.0
16798,16798,130.0,1,599,7.0,18.0,12,118.0
16799,16799,131.0,1,599,6.0,5.0,13,118.0
16800,16800,296.0,0,600,5.0,5.0,-14,310.0
16801,16801,297.0,0,600,1.0,1.0,-13,310.0
16802,16802,298.0,0,600,3.0,2.0,-12,310.0
16803,16803,299.0,0,600,2.0,6.0,-11,310.0
16804,16804,300.0,0,600,0.0,1.0,-10,310.0
16805,16805,301.0,0,600,1.0,0.0,-9,310.0
16806,16806,302.0,0,600,0.0,0.0,-8,310.0
16807,16807,303.0,0,600,0.0,1.0,-7,310.0
16808,16808,304.0,0,600,3.0,3.0,-6,310.0
16809,16809,305.0,0,600,4.0,5.0,-5,310.0
16810,16810,306.0,0,600,2.0,5.0,-4,310.0
16811,16811,307.0,0,600,4.0,2.0,-3,310.0
16812,16812,308.0,0,600,5.0,3.0,-2,310.0
16813,16813,309.0,0,600,34.0,49.0,-1,310.0
16814,16814,310.0,1,600,44.0,30.0,0,310.0
16815,16815,311.0,1,600,2.0,3.0,1,310.0
16816,16816,312.0,1,600,1.0,0.0,2,310.0
16817,16817,313.0,1,600,8.0,6.0,3,310.0
16818,16818,314.0,1,600,6.0,4.0,4,310.0
16819,16819,315.0,1,600,1.0,1.0,5,310.0
16820,16820,316.0,1,600,1.0,1.0,6,310.0
16821,16821,317.0,1,600,1.0,2.0,7,310.0
16822,16822,318.0,1,600,3.0,8.0,8,310.0
16823,16823,319.0,1,600,2.0,4.0,9,310.0
16824,16824,320.0,1,600,2.0,2.0,10,310.0
16825,16825,321.0,1,600,1.0,1.0,11,310.0
16826,16826,322.0,1,600,1.0,5.0,12,310.0
16827,16827,323.0,1,600,0.0,3.0,13,310.0
16828,16828,6.0,0,601,14.0,148.0,-14,20.0
16829,16829,7.0,0,601,24.0,591.0,-13,20.0
16830,16830,8.0,0,601,13.0,296.0,-12,20.0
16831,16831,9.0,0,601,6.0,63.0,-11,20.0
16832,16832,10.0,0,601,6.0,50.0,-10,20.0
16833,16833,11.0,0,601,2.0,45.0,-9,20.0
16834,16834,12.0,0,601,2.0,26.0,-8,20.0
16835,16835,13.0,0,601,3.0,33.0,-7,20.0
16836,16836,14.0,0,601,1.0,33.0,-6,20.0
16837,16837,15.0,0,601,4.0,27.0,-5,20.0
16838,16838,16.0,0,601,4.0,23.0,-4,20.0
16839,16839,17.0,0,601,2.0,9.0,-3,20.0
16840,16840,18.0,0,601,1.0,12.0,-2,20.0
16841,16841,19.0,0,601,2.0,59.0,-1,20.0
16842,16842,20.0,1,601,4.0,29.0,0,20.0
16843,16843,21.0,1,601,0.0,3.0,1,20.0
16844,16844,22.0,1,601,0.0,13.0,2,20.0
16845,16845,23.0,1,601,0.0,12.0,3,20.0
16846,16846,24.0,1,601,0.0,13.0,4,20.0
16847,16847,25.0,1,601,2.0,81.0,5,20.0
16848,16848,26.0,1,601,2.0,21.0,6,20.0
16849,16849,27.0,1,601,4.0,77.0,7,20.0
16850,16850,28.0,1,601,5.0,285.0,8,20.0
16851,16851,29.0,1,601,2.0,219.0,9,20.0
16852,16852,30.0,1,601,10.0,421.0,10,20.0
16853,16853,31.0,1,601,13.0,594.0,11,20.0
16854,16854,32.0,1,601,26.0,1139.0,12,20.0
16855,16855,33.0,1,601,7.0,661.0,13,20.0
16856,16856,31.0,0,602,116.0,224.0,-14,45.0
16857,16857,32.0,0,602,131.0,205.0,-13,45.0
16858,16858,33.0,0,602,218.0,355.0,-12,45.0
16859,16859,34.0,0,602,243.0,631.0,-11,45.0
16860,16860,35.0,0,602,236.0,404.0,-10,45.0
16861,16861,36.0,0,602,262.0,469.0,-9,45.0
16862,16862,37.0,0,602,214.0,345.0,-8,45.0
16863,16863,38.0,0,602,184.0,288.0,-7,45.0
16864,16864,39.0,0,602,234.0,266.0,-6,45.0
16865,16865,40.0,0,602,1096.0,1496.0,-5,45.0
16866,16866,41.0,0,602,348.0,499.0,-4,45.0
16867,16867,42.0,0,602,105.0,147.0,-3,45.0
16868,16868,43.0,0,602,97.0,159.0,-2,45.0
16869,16869,44.0,0,602,117.0,142.0,-1,45.0
16870,16870,45.0,1,602,178.0,158.0,0,45.0
16871,16871,46.0,1,602,55.0,115.0,1,45.0
16872,16872,47.0,1,602,45.0,96.0,2,45.0
16873,16873,48.0,1,602,47.0,104.0,3,45.0
16874,16874,49.0,1,602,51.0,70.0,4,45.0
16875,16875,50.0,1,602,67.0,99.0,5,45.0
16876,16876,51.0,1,602,60.0,144.0,6,45.0
16877,16877,52.0,1,602,86.0,194.0,7,45.0
16878,16878,53.0,1,602,259.0,541.0,8,45.0
16879,16879,54.0,1,602,122.0,270.0,9,45.0
16880,16880,55.0,1,602,29.0,69.0,10,45.0
16881,16881,56.0,1,602,37.0,95.0,11,45.0
16882,16882,57.0,1,602,28.0,50.0,12,45.0
16883,16883,58.0,1,602,28.0,93.0,13,45.0
16884,16884,89.0,0,603,41.0,54.0,-14,103.0
16885,16885,90.0,0,603,82.0,102.0,-13,103.0
16886,16886,91.0,0,603,48.0,52.0,-12,103.0
16887,16887,92.0,0,603,29.0,40.0,-11,103.0
16888,16888,93.0,0,603,37.0,32.0,-10,103.0
16889,16889,94.0,0,603,41.0,35.0,-9,103.0
16890,16890,95.0,0,603,33.0,41.0,-8,103.0
16891,16891,96.0,0,603,20.0,25.0,-7,103.0
16892,16892,97.0,0,603,26.0,23.0,-6,103.0
16893,16893,98.0,0,603,17.0,20.0,-5,103.0
16894,16894,99.0,0,603,23.0,29.0,-4,103.0
16895,16895,100.0,0,603,269.0,476.0,-3,103.0
16896,16896,101.0,0,603,101.0,385.0,-2,103.0
16897,16897,102.0,0,603,54.0,189.0,-1,103.0
16898,16898,103.0,1,603,167.0,459.0,0,103.0
16899,16899,104.0,1,603,46.0,197.0,1,103.0
16900,16900,105.0,1,603,37.0,132.0,2,103.0
16901,16901,106.0,1,603,60.0,246.0,3,103.0
16902,16902,107.0,1,603,39.0,135.0,4,103.0
16903,16903,108.0,1,603,15.0,62.0,5,103.0
16904,16904,109.0,1,603,10.0,45.0,6,103.0
16905,16905,110.0,1,603,21.0,114.0,7,103.0
16906,16906,111.0,1,603,26.0,87.0,8,103.0
16907,16907,112.0,1,603,10.0,37.0,9,103.0
16908,16908,113.0,1,603,11.0,55.0,10,103.0
16909,16909,114.0,1,603,18.0,89.0,11,103.0
16910,16910,115.0,1,603,12.0,41.0,12,103.0
16911,16911,116.0,1,603,21.0,101.0,13,103.0
16912,16912,57.0,0,604,0.0,1.0,-14,71.0
16913,16913,58.0,0,604,2.0,0.0,-13,71.0
16914,16914,59.0,0,604,0.0,1.0,-12,71.0
16915,16915,60.0,0,604,1.0,0.0,-11,71.0
16916,16916,61.0,0,604,1.0,3.0,-10,71.0
16917,16917,62.0,0,604,1.0,2.0,-9,71.0
16918,16918,63.0,0,604,0.0,3.0,-8,71.0
16919,16919,64.0,0,604,12.0,6.0,-7,71.0
16920,16920,65.0,0,604,0.0,1.0,-6,71.0
16921,16921,66.0,0,604,2.0,5.0,-5,71.0
16922,16922,67.0,0,604,0.0,0.0,-4,71.0
16923,16923,68.0,0,604,0.0,0.0,-3,71.0
16924,16924,69.0,0,604,1.0,0.0,-2,71.0
16925,16925,70.0,0,604,2.0,3.0,-1,71.0
16926,16926,71.0,1,604,35.0,17.0,0,71.0
16927,16927,72.0,1,604,2.0,5.0,1,71.0
16928,16928,73.0,1,604,2.0,3.0,2,71.0
16929,16929,74.0,1,604,2.0,2.0,3,71.0
16930,16930,75.0,1,604,1.0,1.0,4,71.0
16931,16931,76.0,1,604,1.0,1.0,5,71.0
16932,16932,77.0,1,604,2.0,0.0,6,71.0
16933,16933,78.0,1,604,0.0,1.0,7,71.0
16934,16934,79.0,1,604,1.0,3.0,8,71.0
16935,16935,80.0,1,604,0.0,1.0,9,71.0
16936,16936,81.0,1,604,0.0,0.0,10,71.0
16937,16937,82.0,1,604,0.0,1.0,11,71.0
16938,16938,83.0,1,604,0.0,0.0,12,71.0
16939,16939,84.0,1,604,1.0,1.0,13,71.0
16940,16940,253.0,0,605,0.0,1.0,-14,267.0
16941,16941,254.0,0,605,0.0,0.0,-13,267.0
16942,16942,255.0,0,605,0.0,0.0,-12,267.0
16943,16943,256.0,0,605,0.0,0.0,-11,267.0
16944,16944,257.0,0,605,0.0,1.0,-10,267.0
16945,16945,258.0,0,605,0.0,0.0,-9,267.0
16946,16946,259.0,0,605,0.0,0.0,-8,267.0
16947,16947,260.0,0,605,0.0,0.0,-7,267.0
16948,16948,261.0,0,605,0.0,0.0,-6,267.0
16949,16949,262.0,0,605,0.0,0.0,-5,267.0
16950,16950,263.0,0,605,1.0,0.0,-4,267.0
16951,16951,264.0,0,605,0.0,1.0,-3,267.0
16952,16952,265.0,0,605,0.0,0.0,-2,267.0
16953,16953,266.0,0,605,0.0,2.0,-1,267.0
16954,16954,267.0,1,605,14.0,6.0,0,267.0
16955,16955,268.0,1,605,0.0,2.0,1,267.0
16956,16956,269.0,1,605,0.0,0.0,2,267.0
16957,16957,270.0,1,605,1.0,1.0,3,267.0
16958,16958,271.0,1,605,0.0,0.0,4,267.0
16959,16959,272.0,1,605,0.0,2.0,5,267.0
16960,16960,273.0,1,605,0.0,1.0,6,267.0
16961,16961,274.0,1,605,0.0,1.0,7,267.0
16962,16962,275.0,1,605,0.0,0.0,8,267.0
16963,16963,276.0,1,605,0.0,0.0,9,267.0
16964,16964,277.0,1,605,3.0,6.0,10,267.0
16965,16965,278.0,1,605,0.0,0.0,11,267.0
16966,16966,279.0,1,605,0.0,0.0,12,267.0
16967,16967,280.0,1,605,0.0,0.0,13,267.0
16968,16968,27.0,0,606,43.0,1470.0,-14,41.0
16969,16969,28.0,0,606,72.0,1469.0,-13,41.0
16970,16970,29.0,0,606,93.0,2136.0,-12,41.0
16971,16971,30.0,0,606,219.0,2000.0,-11,41.0
16972,16972,31.0,0,606,1171.0,5676.0,-10,41.0
16973,16973,32.0,0,606,1628.0,10990.0,-9,41.0
16974,16974,33.0,0,606,1512.0,14118.0,-8,41.0
16975,16975,34.0,0,606,1412.0,21054.0,-7,41.0
16976,16976,35.0,0,606,1681.0,21609.0,-6,41.0
16977,16977,36.0,0,606,3712.0,43784.0,-5,41.0
16978,16978,37.0,0,606,2853.0,36655.0,-4,41.0
16979,16979,38.0,0,606,1629.0,20309.0,-3,41.0
16980,16980,39.0,0,606,1417.0,17868.0,-2,41.0
16981,16981,40.0,0,606,1355.0,13969.0,-1,41.0
16982,16982,41.0,1,606,1297.0,23108.0,0,41.0
16983,16983,42.0,1,606,694.0,9567.0,1,41.0
16984,16984,43.0,1,606,384.0,6783.0,2,41.0
16985,16985,44.0,1,606,634.0,10358.0,3,41.0
16986,16986,45.0,1,606,389.0,6786.0,4,41.0
16987,16987,46.0,1,606,263.0,6979.0,5,41.0
16988,16988,47.0,1,606,255.0,6609.0,6,41.0
16989,16989,48.0,1,606,196.0,5921.0,7,41.0
16990,16990,49.0,1,606,138.0,3376.0,8,41.0
16991,16991,50.0,1,606,126.0,3337.0,9,41.0
16992,16992,51.0,1,606,156.0,3550.0,10,41.0
16993,16993,52.0,1,606,184.0,4500.0,11,41.0
16994,16994,53.0,1,606,57.0,2604.0,12,41.0
16995,16995,54.0,1,606,97.0,3269.0,13,41.0
16996,16996,117.0,0,607,0.0,0.0,-14,131.0
16997,16997,118.0,0,607,0.0,1.0,-13,131.0
16998,16998,119.0,0,607,0.0,0.0,-12,131.0
16999,16999,120.0,0,607,0.0,0.0,-11,131.0
17000,17000,121.0,0,607,0.0,0.0,-10,131.0
17001,17001,122.0,0,607,0.0,0.0,-9,131.0
17002,17002,123.0,0,607,0.0,0.0,-8,131.0
17003,17003,124.0,0,607,0.0,0.0,-7,131.0
17004,17004,125.0,0,607,0.0,0.0,-6,131.0
17005,17005,126.0,0,607,0.0,0.0,-5,131.0
17006,17006,127.0,0,607,0.0,0.0,-4,131.0
17007,17007,128.0,0,607,0.0,0.0,-3,131.0
17008,17008,129.0,0,607,0.0,0.0,-2,131.0
17009,17009,130.0,0,607,0.0,0.0,-1,131.0
17010,17010,131.0,1,607,5.0,2.0,0,131.0
17011,17011,132.0,1,607,1.0,0.0,1,131.0
17012,17012,133.0,1,607,0.0,1.0,2,131.0
17013,17013,134.0,1,607,0.0,0.0,3,131.0
17014,17014,135.0,1,607,0.0,0.0,4,131.0
17015,17015,136.0,1,607,0.0,0.0,5,131.0
17016,17016,137.0,1,607,0.0,0.0,6,131.0
17017,17017,138.0,1,607,0.0,0.0,7,131.0
17018,17018,139.0,1,607,0.0,0.0,8,131.0
17019,17019,140.0,1,607,0.0,0.0,9,131.0
17020,17020,141.0,1,607,0.0,0.0,10,131.0
17021,17021,142.0,1,607,0.0,0.0,11,131.0
17022,17022,143.0,1,607,0.0,0.0,12,131.0
17023,17023,144.0,1,607,0.0,0.0,13,131.0
17024,17024,122.0,0,608,421.0,699.0,-14,136.0
17025,17025,123.0,0,608,258.0,526.0,-13,136.0
17026,17026,124.0,0,608,295.0,439.0,-12,136.0
17027,17027,125.0,0,608,65.0,185.0,-11,136.0
17028,17028,126.0,0,608,72.0,146.0,-10,136.0
17029,17029,127.0,0,608,51.0,83.0,-9,136.0
17030,17030,128.0,0,608,118.0,218.0,-8,136.0
17031,17031,129.0,0,608,92.0,155.0,-7,136.0
17032,17032,130.0,0,608,200.0,377.0,-6,136.0
17033,17033,131.0,0,608,93.0,188.0,-5,136.0
17034,17034,132.0,0,608,59.0,107.0,-4,136.0
17035,17035,133.0,0,608,100.0,142.0,-3,136.0
17036,17036,134.0,0,608,191.0,295.0,-2,136.0
17037,17037,135.0,0,608,230.0,340.0,-1,136.0
17038,17038,136.0,1,608,113.0,217.0,0,136.0
17039,17039,137.0,1,608,101.0,182.0,1,136.0
17040,17040,138.0,1,608,57.0,103.0,2,136.0
17041,17041,139.0,1,608,33.0,85.0,3,136.0
17042,17042,140.0,1,608,28.0,60.0,4,136.0
17043,17043,141.0,1,608,21.0,62.0,5,136.0
17044,17044,142.0,1,608,263.0,469.0,6,136.0
17045,17045,143.0,1,608,131.0,256.0,7,136.0
17046,17046,144.0,1,608,102.0,223.0,8,136.0
17047,17047,145.0,1,608,54.0,116.0,9,136.0
17048,17048,146.0,1,608,261.0,471.0,10,136.0
17049,17049,147.0,1,608,159.0,374.0,11,136.0
17050,17050,148.0,1,608,38.0,87.0,12,136.0
17051,17051,149.0,1,608,141.0,289.0,13,136.0
17052,17052,291.0,0,609,2.0,8.0,-14,305.0
17053,17053,292.0,0,609,2.0,4.0,-13,305.0
17054,17054,293.0,0,609,2.0,2.0,-12,305.0
17055,17055,294.0,0,609,3.0,3.0,-11,305.0
17056,17056,295.0,0,609,1.0,2.0,-10,305.0
17057,17057,296.0,0,609,1.0,2.0,-9,305.0
17058,17058,297.0,0,609,1.0,1.0,-8,305.0
17059,17059,298.0,0,609,3.0,4.0,-7,305.0
17060,17060,299.0,0,609,0.0,1.0,-6,305.0
17061,17061,300.0,0,609,2.0,3.0,-5,305.0
17062,17062,301.0,0,609,2.0,2.0,-4,305.0
17063,17063,302.0,0,609,3.0,3.0,-3,305.0
17064,17064,303.0,0,609,0.0,0.0,-2,305.0
17065,17065,304.0,0,609,33.0,36.0,-1,305.0
17066,17066,305.0,1,609,80.0,98.0,0,305.0
17067,17067,306.0,1,609,2.0,15.0,1,305.0
17068,17068,307.0,1,609,2.0,10.0,2,305.0
17069,17069,308.0,1,609,10.0,6.0,3,305.0
17070,17070,309.0,1,609,7.0,8.0,4,305.0
17071,17071,310.0,1,609,6.0,6.0,5,305.0
17072,17072,311.0,1,609,9.0,7.0,6,305.0
17073,17073,312.0,1,609,2.0,6.0,7,305.0
17074,17074,313.0,1,609,1.0,3.0,8,305.0
17075,17075,314.0,1,609,4.0,3.0,9,305.0
17076,17076,315.0,1,609,2.0,4.0,10,305.0
17077,17077,316.0,1,609,5.0,1.0,11,305.0
17078,17078,317.0,1,609,2.0,1.0,12,305.0
17079,17079,318.0,1,609,1.0,2.0,13,305.0
17080,17080,160.0,0,610,24.0,243.0,-14,174.0
17081,17081,161.0,0,610,28.0,304.0,-13,174.0
17082,17082,162.0,0,610,28.0,553.0,-12,174.0
17083,17083,163.0,0,610,56.0,328.0,-11,174.0
17084,17084,164.0,0,610,120.0,1130.0,-10,174.0
17085,17085,165.0,0,610,82.0,906.0,-9,174.0
17086,17086,166.0,0,610,29.0,440.0,-8,174.0
17087,17087,167.0,0,610,31.0,400.0,-7,174.0
17088,17088,168.0,0,610,25.0,384.0,-6,174.0
17089,17089,169.0,0,610,21.0,225.0,-5,174.0
17090,17090,170.0,0,610,13.0,290.0,-4,174.0
17091,17091,171.0,0,610,96.0,777.0,-3,174.0
17092,17092,172.0,0,610,70.0,774.0,-2,174.0
17093,17093,173.0,0,610,244.0,1271.0,-1,174.0
17094,17094,174.0,1,610,196.0,1518.0,0,174.0
17095,17095,175.0,1,610,23.0,473.0,1,174.0
17096,17096,176.0,1,610,59.0,1034.0,2,174.0
17097,17097,177.0,1,610,367.0,2201.0,3,174.0
17098,17098,178.0,1,610,66.0,679.0,4,174.0
17099,17099,179.0,1,610,402.0,2137.0,5,174.0
17100,17100,180.0,1,610,213.0,1263.0,6,174.0
17101,17101,181.0,1,610,51.0,471.0,7,174.0
17102,17102,182.0,1,610,59.0,474.0,8,174.0
17103,17103,183.0,1,610,78.0,525.0,9,174.0
17104,17104,184.0,1,610,68.0,587.0,10,174.0
17105,17105,185.0,1,610,184.0,1001.0,11,174.0
17106,17106,186.0,1,610,101.0,878.0,12,174.0
17107,17107,187.0,1,610,42.0,388.0,13,174.0
17108,17108,50.0,0,611,3.0,7.0,-14,64.0
17109,17109,51.0,0,611,7.0,7.0,-13,64.0
17110,17110,52.0,0,611,5.0,18.0,-12,64.0
17111,17111,53.0,0,611,1.0,7.0,-11,64.0
17112,17112,54.0,0,611,3.0,7.0,-10,64.0
17113,17113,55.0,0,611,0.0,13.0,-9,64.0
17114,17114,56.0,0,611,3.0,4.0,-8,64.0
17115,17115,57.0,0,611,1.0,2.0,-7,64.0
17116,17116,58.0,0,611,1.0,2.0,-6,64.0
17117,17117,59.0,0,611,0.0,4.0,-5,64.0
17118,17118,60.0,0,611,0.0,3.0,-4,64.0
17119,17119,61.0,0,611,2.0,7.0,-3,64.0
17120,17120,62.0,0,611,4.0,20.0,-2,64.0
17121,17121,63.0,0,611,8.0,16.0,-1,64.0
17122,17122,64.0,1,611,7.0,9.0,0,64.0
17123,17123,65.0,1,611,6.0,4.0,1,64.0
17124,17124,66.0,1,611,4.0,2.0,2,64.0
17125,17125,67.0,1,611,3.0,3.0,3,64.0
17126,17126,68.0,1,611,0.0,7.0,4,64.0
17127,17127,69.0,1,611,2.0,3.0,5,64.0
17128,17128,70.0,1,611,2.0,4.0,6,64.0
17129,17129,71.0,1,611,2.0,3.0,7,64.0
17130,17130,72.0,1,611,0.0,0.0,8,64.0
17131,17131,73.0,1,611,0.0,1.0,9,64.0
17132,17132,74.0,1,611,2.0,2.0,10,64.0
17133,17133,75.0,1,611,1.0,1.0,11,64.0
17134,17134,76.0,1,611,1.0,1.0,12,64.0
17135,17135,77.0,1,611,1.0,5.0,13,64.0
17136,17136,124.0,0,612,163.0,365.0,-14,138.0
17137,17137,125.0,0,612,133.0,296.0,-13,138.0
17138,17138,126.0,0,612,128.0,369.0,-12,138.0
17139,17139,127.0,0,612,508.0,962.0,-11,138.0
17140,17140,128.0,0,612,174.0,495.0,-10,138.0
17141,17141,129.0,0,612,143.0,335.0,-9,138.0
17142,17142,130.0,0,612,173.0,534.0,-8,138.0
17143,17143,131.0,0,612,96.0,284.0,-7,138.0
17144,17144,132.0,0,612,398.0,1164.0,-6,138.0
17145,17145,133.0,0,612,284.0,745.0,-5,138.0
17146,17146,134.0,0,612,110.0,293.0,-4,138.0
17147,17147,135.0,0,612,449.0,1334.0,-3,138.0
17148,17148,136.0,0,612,223.0,662.0,-2,138.0
17149,17149,137.0,0,612,1367.0,5211.0,-1,138.0
17150,17150,138.0,1,612,273.0,888.0,0,138.0
17151,17151,139.0,1,612,930.0,1344.0,1,138.0
17152,17152,140.0,1,612,251.0,510.0,2,138.0
17153,17153,141.0,1,612,68.0,190.0,3,138.0
17154,17154,142.0,1,612,68.0,204.0,4,138.0
17155,17155,143.0,1,612,62.0,135.0,5,138.0
17156,17156,144.0,1,612,343.0,1049.0,6,138.0
17157,17157,145.0,1,612,388.0,868.0,7,138.0
17158,17158,146.0,1,612,126.0,292.0,8,138.0
17159,17159,147.0,1,612,92.0,256.0,9,138.0
17160,17160,148.0,1,612,111.0,272.0,10,138.0
17161,17161,149.0,1,612,38.0,133.0,11,138.0
17162,17162,150.0,1,612,69.0,192.0,12,138.0
17163,17163,151.0,1,612,134.0,626.0,13,138.0
17164,17164,123.0,0,613,26.0,25.0,-14,137.0
17165,17165,124.0,0,613,16.0,24.0,-13,137.0
17166,17166,125.0,0,613,27.0,24.0,-12,137.0
17167,17167,126.0,0,613,11.0,13.0,-11,137.0
17168,17168,127.0,0,613,10.0,13.0,-10,137.0
17169,17169,128.0,0,613,23.0,21.0,-9,137.0
17170,17170,129.0,0,613,172.0,219.0,-8,137.0
17171,17171,130.0,0,613,16.0,28.0,-7,137.0
17172,17172,131.0,0,613,16.0,22.0,-6,137.0
17173,17173,132.0,0,613,27.0,32.0,-5,137.0
17174,17174,133.0,0,613,88.0,105.0,-4,137.0
17175,17175,134.0,0,613,27.0,39.0,-3,137.0
17176,17176,135.0,0,613,12.0,19.0,-2,137.0
17177,17177,136.0,0,613,203.0,346.0,-1,137.0
17178,17178,137.0,1,613,94.0,169.0,0,137.0
17179,17179,138.0,1,613,18.0,27.0,1,137.0
17180,17180,139.0,1,613,468.0,630.0,2,137.0
17181,17181,140.0,1,613,44.0,95.0,3,137.0
17182,17182,141.0,1,613,333.0,427.0,4,137.0
17183,17183,142.0,1,613,122.0,169.0,5,137.0
17184,17184,143.0,1,613,77.0,118.0,6,137.0
17185,17185,144.0,1,613,59.0,58.0,7,137.0
17186,17186,145.0,1,613,28.0,25.0,8,137.0
17187,17187,146.0,1,613,446.0,691.0,9,137.0
17188,17188,147.0,1,613,36.0,68.0,10,137.0
17189,17189,148.0,1,613,201.0,256.0,11,137.0
17190,17190,149.0,1,613,115.0,133.0,12,137.0
17191,17191,150.0,1,613,45.0,43.0,13,137.0
17192,17192,163.0,0,614,0.0,3.0,-14,177.0
17193,17193,164.0,0,614,0.0,3.0,-13,177.0
17194,17194,165.0,0,614,2.0,4.0,-12,177.0
17195,17195,166.0,0,614,4.0,3.0,-11,177.0
17196,17196,167.0,0,614,3.0,3.0,-10,177.0
17197,17197,168.0,0,614,0.0,3.0,-9,177.0
17198,17198,169.0,0,614,0.0,2.0,-8,177.0
17199,17199,170.0,0,614,0.0,0.0,-7,177.0
17200,17200,171.0,0,614,0.0,2.0,-6,177.0
17201,17201,172.0,0,614,1.0,3.0,-5,177.0
17202,17202,173.0,0,614,0.0,0.0,-4,177.0
17203,17203,174.0,0,614,0.0,3.0,-3,177.0
17204,17204,175.0,0,614,0.0,1.0,-2,177.0
17205,17205,176.0,0,614,136.0,57.0,-1,177.0
17206,17206,177.0,1,614,1042.0,898.0,0,177.0
17207,17207,178.0,1,614,54.0,61.0,1,177.0
17208,17208,179.0,1,614,9.0,15.0,2,177.0
17209,17209,180.0,1,614,3.0,5.0,3,177.0
17210,17210,181.0,1,614,2.0,6.0,4,177.0
17211,17211,182.0,1,614,0.0,3.0,5,177.0
17212,17212,183.0,1,614,2.0,5.0,6,177.0
17213,17213,184.0,1,614,5.0,4.0,7,177.0
17214,17214,185.0,1,614,4.0,3.0,8,177.0
17215,17215,186.0,1,614,3.0,2.0,9,177.0
17216,17216,187.0,1,614,0.0,5.0,10,177.0
17217,17217,188.0,1,614,0.0,2.0,11,177.0
17218,17218,189.0,1,614,3.0,3.0,12,177.0
17219,17219,190.0,1,614,0.0,2.0,13,177.0
17220,17220,247.0,0,615,20.0,19.0,-14,261.0
17221,17221,248.0,0,615,19.0,41.0,-13,261.0
17222,17222,249.0,0,615,15.0,13.0,-12,261.0
17223,17223,250.0,0,615,12.0,18.0,-11,261.0
17224,17224,251.0,0,615,57.0,71.0,-10,261.0
17225,17225,252.0,0,615,33.0,38.0,-9,261.0
17226,17226,253.0,0,615,14.0,35.0,-8,261.0
17227,17227,254.0,0,615,37.0,40.0,-7,261.0
17228,17228,255.0,0,615,15.0,25.0,-6,261.0
17229,17229,256.0,0,615,13.0,20.0,-5,261.0
17230,17230,257.0,0,615,6.0,17.0,-4,261.0
17231,17231,258.0,0,615,6.0,15.0,-3,261.0
17232,17232,259.0,0,615,5.0,16.0,-2,261.0
17233,17233,260.0,0,615,14.0,29.0,-1,261.0
17234,17234,261.0,1,615,66.0,98.0,0,261.0
17235,17235,262.0,1,615,42.0,48.0,1,261.0
17236,17236,263.0,1,615,22.0,36.0,2,261.0
17237,17237,264.0,1,615,5.0,32.0,3,261.0
17238,17238,265.0,1,615,11.0,18.0,4,261.0
17239,17239,266.0,1,615,12.0,17.0,5,261.0
17240,17240,267.0,1,615,21.0,85.0,6,261.0
17241,17241,268.0,1,615,3.0,43.0,7,261.0
17242,17242,269.0,1,615,14.0,27.0,8,261.0
17243,17243,270.0,1,615,5.0,14.0,9,261.0
17244,17244,271.0,1,615,6.0,6.0,10,261.0
17245,17245,272.0,1,615,1.0,4.0,11,261.0
17246,17246,273.0,1,615,4.0,15.0,12,261.0
17247,17247,274.0,1,615,1.0,7.0,13,261.0
17248,17248,73.0,0,616,28.0,21.0,-14,87.0
17249,17249,74.0,0,616,29.0,18.0,-13,87.0
17250,17250,75.0,0,616,37.0,20.0,-12,87.0
17251,17251,76.0,0,616,33.0,48.0,-11,87.0
17252,17252,77.0,0,616,29.0,37.0,-10,87.0
17253,17253,78.0,0,616,19.0,14.0,-9,87.0
17254,17254,79.0,0,616,22.0,17.0,-8,87.0
17255,17255,80.0,0,616,24.0,13.0,-7,87.0
17256,17256,81.0,0,616,26.0,35.0,-6,87.0
17257,17257,82.0,0,616,17.0,18.0,-5,87.0
17258,17258,83.0,0,616,68.0,39.0,-4,87.0
17259,17259,84.0,0,616,33.0,21.0,-3,87.0
17260,17260,85.0,0,616,20.0,21.0,-2,87.0
17261,17261,86.0,0,616,17.0,14.0,-1,87.0
17262,17262,87.0,1,616,46.0,28.0,0,87.0
17263,17263,88.0,1,616,57.0,53.0,1,87.0
17264,17264,89.0,1,616,343.0,170.0,2,87.0
17265,17265,90.0,1,616,190.0,129.0,3,87.0
17266,17266,91.0,1,616,74.0,54.0,4,87.0
17267,17267,92.0,1,616,29.0,28.0,5,87.0
17268,17268,93.0,1,616,18.0,45.0,6,87.0
17269,17269,94.0,1,616,48.0,53.0,7,87.0
17270,17270,95.0,1,616,26.0,60.0,8,87.0
17271,17271,96.0,1,616,10.0,27.0,9,87.0
17272,17272,97.0,1,616,10.0,29.0,10,87.0
17273,17273,98.0,1,616,17.0,51.0,11,87.0
17274,17274,99.0,1,616,15.0,37.0,12,87.0
17275,17275,100.0,1,616,13.0,43.0,13,87.0
17276,17276,31.0,0,617,1352.0,5889.0,-14,45.0
17277,17277,32.0,0,617,1202.0,7375.0,-13,45.0
17278,17278,33.0,0,617,979.0,6543.0,-12,45.0
17279,17279,34.0,0,617,833.0,4493.0,-11,45.0
17280,17280,35.0,0,617,975.0,7049.0,-10,45.0
17281,17281,36.0,0,617,1495.0,7282.0,-9,45.0
17282,17282,37.0,0,617,1370.0,4069.0,-8,45.0
17283,17283,38.0,0,617,2389.0,5851.0,-7,45.0
17284,17284,39.0,0,617,1886.0,5378.0,-6,45.0
17285,17285,40.0,0,617,2690.0,6728.0,-5,45.0
17286,17286,41.0,0,617,1747.0,4694.0,-4,45.0
17287,17287,42.0,0,617,1025.0,2981.0,-3,45.0
17288,17288,43.0,0,617,966.0,3428.0,-2,45.0
17289,17289,44.0,0,617,1972.0,5124.0,-1,45.0
17290,17290,45.0,1,617,1395.0,5591.0,0,45.0
17291,17291,46.0,1,617,739.0,3765.0,1,45.0
17292,17292,47.0,1,617,560.0,3125.0,2,45.0
17293,17293,48.0,1,617,484.0,2607.0,3,45.0
17294,17294,49.0,1,617,539.0,2841.0,4,45.0
17295,17295,50.0,1,617,300.0,1714.0,5,45.0
17296,17296,51.0,1,617,355.0,2298.0,6,45.0
17297,17297,52.0,1,617,281.0,1727.0,7,45.0
17298,17298,53.0,1,617,66.0,677.0,8,45.0
17299,17299,54.0,1,617,91.0,921.0,9,45.0
17300,17300,55.0,1,617,390.0,3049.0,10,45.0
17301,17301,56.0,1,617,356.0,2485.0,11,45.0
17302,17302,57.0,1,617,371.0,2508.0,12,45.0
17303,17303,58.0,1,617,651.0,4234.0,13,45.0
17304,17304,30.0,0,618,184.0,1811.0,-14,44.0
17305,17305,31.0,0,618,1581.0,9951.0,-13,44.0
17306,17306,32.0,0,618,1708.0,15644.0,-12,44.0
17307,17307,33.0,0,618,1600.0,32290.0,-11,44.0
17308,17308,34.0,0,618,1266.0,20902.0,-10,44.0
17309,17309,35.0,0,618,1215.0,15167.0,-9,44.0
17310,17310,36.0,0,618,2183.0,24902.0,-8,44.0
17311,17311,37.0,0,618,2129.0,27335.0,-7,44.0
17312,17312,38.0,0,618,1534.0,19145.0,-6,44.0
17313,17313,39.0,0,618,1442.0,16710.0,-5,44.0
17314,17314,40.0,0,618,1269.0,10271.0,-4,44.0
17315,17315,41.0,0,618,848.0,8969.0,-3,44.0
17316,17316,42.0,0,618,778.0,8297.0,-2,44.0
17317,17317,43.0,0,618,667.0,5332.0,-1,44.0
17318,17318,44.0,1,618,848.0,9714.0,0,44.0
17319,17319,45.0,1,618,644.0,9390.0,1,44.0
17320,17320,46.0,1,618,427.0,10003.0,2,44.0
17321,17321,47.0,1,618,323.0,6449.0,3,44.0
17322,17322,48.0,1,618,235.0,5488.0,4,44.0
17323,17323,49.0,1,618,254.0,4361.0,5,44.0
17324,17324,50.0,1,618,153.0,3213.0,6,44.0
17325,17325,51.0,1,618,202.0,4120.0,7,44.0
17326,17326,52.0,1,618,682.0,15884.0,8,44.0
17327,17327,53.0,1,618,355.0,7894.0,9,44.0
17328,17328,54.0,1,618,144.0,5274.0,10,44.0
17329,17329,55.0,1,618,178.0,6794.0,11,44.0
17330,17330,56.0,1,618,113.0,3821.0,12,44.0
17331,17331,57.0,1,618,91.0,2220.0,13,44.0
17332,17332,18.0,0,619,0.0,2.0,-14,32.0
17333,17333,19.0,0,619,0.0,0.0,-13,32.0
17334,17334,20.0,0,619,0.0,0.0,-12,32.0
17335,17335,21.0,0,619,0.0,0.0,-11,32.0
17336,17336,22.0,0,619,0.0,0.0,-10,32.0
17337,17337,23.0,0,619,0.0,2.0,-9,32.0
17338,17338,24.0,0,619,0.0,0.0,-8,32.0
17339,17339,25.0,0,619,0.0,2.0,-7,32.0
17340,17340,26.0,0,619,0.0,0.0,-6,32.0
17341,17341,27.0,0,619,0.0,0.0,-5,32.0
17342,17342,28.0,0,619,0.0,0.0,-4,32.0
17343,17343,29.0,0,619,0.0,3.0,-3,32.0
17344,17344,30.0,0,619,0.0,3.0,-2,32.0
17345,17345,31.0,0,619,1.0,4.0,-1,32.0
17346,17346,32.0,1,619,3.0,1.0,0,32.0
17347,17347,33.0,1,619,0.0,6.0,1,32.0
17348,17348,34.0,1,619,0.0,0.0,2,32.0
17349,17349,35.0,1,619,0.0,4.0,3,32.0
17350,17350,36.0,1,619,0.0,3.0,4,32.0
17351,17351,37.0,1,619,0.0,30.0,5,32.0
17352,17352,38.0,1,619,0.0,7.0,6,32.0
17353,17353,39.0,1,619,0.0,5.0,7,32.0
17354,17354,40.0,1,619,0.0,0.0,8,32.0
17355,17355,41.0,1,619,0.0,6.0,9,32.0
17356,17356,42.0,1,619,0.0,21.0,10,32.0
17357,17357,43.0,1,619,0.0,3.0,11,32.0
17358,17358,44.0,1,619,0.0,9.0,12,32.0
17359,17359,45.0,1,619,0.0,4.0,13,32.0
17360,17360,3.0,0,620,0.0,11.0,-14,17.0
17361,17361,4.0,0,620,3.0,18.0,-13,17.0
17362,17362,5.0,0,620,0.0,0.0,-12,17.0
17363,17363,6.0,0,620,4.0,22.0,-11,17.0
17364,17364,7.0,0,620,10.0,48.0,-10,17.0
17365,17365,8.0,0,620,3.0,38.0,-9,17.0
17366,17366,9.0,0,620,6.0,60.0,-8,17.0
17367,17367,10.0,0,620,11.0,88.0,-7,17.0
17368,17368,11.0,0,620,2.0,32.0,-6,17.0
17369,17369,12.0,0,620,3.0,19.0,-5,17.0
17370,17370,13.0,0,620,2.0,10.0,-4,17.0
17371,17371,14.0,0,620,1.0,6.0,-3,17.0
17372,17372,15.0,0,620,0.0,7.0,-2,17.0
17373,17373,16.0,0,620,3.0,10.0,-1,17.0
17374,17374,17.0,1,620,14.0,11.0,0,17.0
17375,17375,18.0,1,620,1.0,6.0,1,17.0
17376,17376,19.0,1,620,4.0,17.0,2,17.0
17377,17377,20.0,1,620,4.0,38.0,3,17.0
17378,17378,21.0,1,620,0.0,10.0,4,17.0
17379,17379,22.0,1,620,0.0,11.0,5,17.0
17380,17380,23.0,1,620,0.0,10.0,6,17.0
17381,17381,24.0,1,620,1.0,6.0,7,17.0
17382,17382,25.0,1,620,0.0,9.0,8,17.0
17383,17383,26.0,1,620,1.0,12.0,9,17.0
17384,17384,27.0,1,620,1.0,86.0,10,17.0
17385,17385,28.0,1,620,9.0,131.0,11,17.0
17386,17386,29.0,1,620,4.0,152.0,12,17.0
17387,17387,30.0,1,620,13.0,378.0,13,17.0
17388,17388,169.0,0,621,9.0,9.0,-14,183.0
17389,17389,170.0,0,621,6.0,0.0,-13,183.0
17390,17390,171.0,0,621,14.0,4.0,-12,183.0
17391,17391,172.0,0,621,4.0,2.0,-11,183.0
17392,17392,173.0,0,621,9.0,2.0,-10,183.0
17393,17393,174.0,0,621,6.0,3.0,-9,183.0
17394,17394,175.0,0,621,11.0,1.0,-8,183.0
17395,17395,176.0,0,621,6.0,5.0,-7,183.0
17396,17396,177.0,0,621,62.0,19.0,-6,183.0
17397,17397,178.0,0,621,87.0,36.0,-5,183.0
17398,17398,179.0,0,621,7.0,3.0,-4,183.0
17399,17399,180.0,0,621,19.0,4.0,-3,183.0
17400,17400,181.0,0,621,18.0,5.0,-2,183.0
17401,17401,182.0,0,621,2.0,1.0,-1,183.0
17402,17402,183.0,1,621,38.0,14.0,0,183.0
17403,17403,184.0,1,621,9.0,1.0,1,183.0
17404,17404,185.0,1,621,0.0,0.0,2,183.0
17405,17405,186.0,1,621,2.0,1.0,3,183.0
17406,17406,187.0,1,621,1.0,0.0,4,183.0
17407,17407,188.0,1,621,8.0,0.0,5,183.0
17408,17408,189.0,1,621,8.0,1.0,6,183.0
17409,17409,190.0,1,621,15.0,3.0,7,183.0
17410,17410,191.0,1,621,0.0,1.0,8,183.0
17411,17411,192.0,1,621,3.0,0.0,9,183.0
17412,17412,193.0,1,621,0.0,2.0,10,183.0
17413,17413,194.0,1,621,5.0,0.0,11,183.0
17414,17414,195.0,1,621,2.0,1.0,12,183.0
17415,17415,196.0,1,621,0.0,0.0,13,183.0
17416,17416,41.0,0,622,436.0,4554.0,-14,55.0
17417,17417,42.0,0,622,997.0,4253.0,-13,55.0
17418,17418,43.0,0,622,484.0,3665.0,-12,55.0
17419,17419,44.0,0,622,528.0,3779.0,-11,55.0
17420,17420,45.0,0,622,332.0,2806.0,-10,55.0
17421,17421,46.0,0,622,248.0,2263.0,-9,55.0
17422,17422,47.0,0,622,357.0,2195.0,-8,55.0
17423,17423,48.0,0,622,281.0,1755.0,-7,55.0
17424,17424,49.0,0,622,210.0,1424.0,-6,55.0
17425,17425,50.0,0,622,194.0,1268.0,-5,55.0
17426,17426,51.0,0,622,190.0,1302.0,-4,55.0
17427,17427,52.0,0,622,205.0,1334.0,-3,55.0
17428,17428,53.0,0,622,236.0,1243.0,-2,55.0
17429,17429,54.0,0,622,225.0,1323.0,-1,55.0
17430,17430,55.0,1,622,197.0,997.0,0,55.0
17431,17431,56.0,1,622,334.0,971.0,1,55.0
17432,17432,57.0,1,622,240.0,1399.0,2,55.0
17433,17433,58.0,1,622,242.0,1075.0,3,55.0
17434,17434,59.0,1,622,218.0,898.0,4,55.0
17435,17435,60.0,1,622,89.0,621.0,5,55.0
17436,17436,61.0,1,622,73.0,624.0,6,55.0
17437,17437,62.0,1,622,67.0,534.0,7,55.0
17438,17438,63.0,1,622,48.0,441.0,8,55.0
17439,17439,64.0,1,622,86.0,433.0,9,55.0
17440,17440,65.0,1,622,58.0,419.0,10,55.0
17441,17441,66.0,1,622,49.0,379.0,11,55.0
17442,17442,67.0,1,622,37.0,376.0,12,55.0
17443,17443,68.0,1,622,38.0,345.0,13,55.0
17444,17444,104.0,0,623,10.0,68.0,-14,118.0
17445,17445,105.0,0,623,15.0,39.0,-13,118.0
17446,17446,106.0,0,623,5.0,31.0,-12,118.0
17447,17447,107.0,0,623,7.0,32.0,-11,118.0
17448,17448,108.0,0,623,4.0,18.0,-10,118.0
17449,17449,109.0,0,623,35.0,161.0,-9,118.0
17450,17450,110.0,0,623,29.0,226.0,-8,118.0
17451,17451,111.0,0,623,103.0,100.0,-7,118.0
17452,17452,112.0,0,623,68.0,106.0,-6,118.0
17453,17453,113.0,0,623,18.0,47.0,-5,118.0
17454,17454,114.0,0,623,14.0,21.0,-4,118.0
17455,17455,115.0,0,623,5.0,14.0,-3,118.0
17456,17456,116.0,0,623,9.0,21.0,-2,118.0
17457,17457,117.0,0,623,45.0,70.0,-1,118.0
17458,17458,118.0,1,623,189.0,223.0,0,118.0
17459,17459,119.0,1,623,54.0,94.0,1,118.0
17460,17460,120.0,1,623,51.0,57.0,2,118.0
17461,17461,121.0,1,623,22.0,41.0,3,118.0
17462,17462,122.0,1,623,19.0,19.0,4,118.0
17463,17463,123.0,1,623,18.0,64.0,5,118.0
17464,17464,124.0,1,623,15.0,18.0,6,118.0
17465,17465,125.0,1,623,15.0,63.0,7,118.0
17466,17466,126.0,1,623,5.0,20.0,8,118.0
17467,17467,127.0,1,623,49.0,105.0,9,118.0
17468,17468,128.0,1,623,14.0,17.0,10,118.0
17469,17469,129.0,1,623,8.0,13.0,11,118.0
17470,17470,130.0,1,623,3.0,9.0,12,118.0
17471,17471,131.0,1,623,9.0,17.0,13,118.0
17472,17472,234.0,0,624,9.0,10.0,-14,248.0
17473,17473,235.0,0,624,4.0,10.0,-13,248.0
17474,17474,236.0,0,624,4.0,7.0,-12,248.0
17475,17475,237.0,0,624,1.0,13.0,-11,248.0
17476,17476,238.0,0,624,5.0,18.0,-10,248.0
17477,17477,239.0,0,624,4.0,8.0,-9,248.0
17478,17478,240.0,0,624,5.0,7.0,-8,248.0
17479,17479,241.0,0,624,21.0,17.0,-7,248.0
17480,17480,242.0,0,624,11.0,7.0,-6,248.0
17481,17481,243.0,0,624,8.0,14.0,-5,248.0
17482,17482,244.0,0,624,3.0,6.0,-4,248.0
17483,17483,245.0,0,624,14.0,30.0,-3,248.0
17484,17484,246.0,0,624,11.0,13.0,-2,248.0
17485,17485,247.0,0,624,452.0,598.0,-1,248.0
17486,17486,248.0,1,624,380.0,327.0,0,248.0
17487,17487,249.0,1,624,14.0,21.0,1,248.0
17488,17488,250.0,1,624,4.0,20.0,2,248.0
17489,17489,251.0,1,624,20.0,34.0,3,248.0
17490,17490,252.0,1,624,6.0,29.0,4,248.0
17491,17491,253.0,1,624,10.0,9.0,5,248.0
17492,17492,254.0,1,624,3.0,12.0,6,248.0
17493,17493,255.0,1,624,7.0,29.0,7,248.0
17494,17494,256.0,1,624,1.0,8.0,8,248.0
17495,17495,257.0,1,624,7.0,7.0,9,248.0
17496,17496,258.0,1,624,2.0,10.0,10,248.0
17497,17497,259.0,1,624,5.0,18.0,11,248.0
17498,17498,260.0,1,624,9.0,17.0,12,248.0
17499,17499,261.0,1,624,12.0,20.0,13,248.0
17500,17500,101.0,0,625,8.0,24.0,-14,115.0
17501,17501,102.0,0,625,3.0,26.0,-13,115.0
17502,17502,103.0,0,625,5.0,29.0,-12,115.0
17503,17503,104.0,0,625,2.0,39.0,-11,115.0
17504,17504,105.0,0,625,4.0,60.0,-10,115.0
17505,17505,106.0,0,625,13.0,42.0,-9,115.0
17506,17506,107.0,0,625,9.0,71.0,-8,115.0
17507,17507,108.0,0,625,4.0,21.0,-7,115.0
17508,17508,109.0,0,625,9.0,27.0,-6,115.0
17509,17509,110.0,0,625,8.0,37.0,-5,115.0
17510,17510,111.0,0,625,2.0,23.0,-4,115.0
17511,17511,112.0,0,625,15.0,102.0,-3,115.0
17512,17512,113.0,0,625,1.0,18.0,-2,115.0
17513,17513,114.0,0,625,735.0,912.0,-1,115.0
17514,17514,115.0,1,625,860.0,1383.0,0,115.0
17515,17515,116.0,1,625,110.0,234.0,1,115.0
17516,17516,117.0,1,625,133.0,205.0,2,115.0
17517,17517,118.0,1,625,21.0,51.0,3,115.0
17518,17518,119.0,1,625,11.0,29.0,4,115.0
17519,17519,120.0,1,625,8.0,22.0,5,115.0
17520,17520,121.0,1,625,8.0,25.0,6,115.0
17521,17521,122.0,1,625,33.0,37.0,7,115.0
17522,17522,123.0,1,625,26.0,42.0,8,115.0
17523,17523,124.0,1,625,5.0,28.0,9,115.0
17524,17524,125.0,1,625,5.0,14.0,10,115.0
17525,17525,126.0,1,625,4.0,54.0,11,115.0
17526,17526,127.0,1,625,7.0,22.0,12,115.0
17527,17527,128.0,1,625,8.0,16.0,13,115.0
17528,17528,316.0,0,626,4.0,3.0,-14,330.0
17529,17529,317.0,0,626,18.0,11.0,-13,330.0
17530,17530,318.0,0,626,8.0,4.0,-12,330.0
17531,17531,319.0,0,626,8.0,5.0,-11,330.0
17532,17532,320.0,0,626,12.0,3.0,-10,330.0
17533,17533,321.0,0,626,2.0,16.0,-9,330.0
17534,17534,322.0,0,626,7.0,6.0,-8,330.0
17535,17535,323.0,0,626,15.0,6.0,-7,330.0
17536,17536,324.0,0,626,8.0,7.0,-6,330.0
17537,17537,325.0,0,626,4.0,3.0,-5,330.0
17538,17538,326.0,0,626,4.0,8.0,-4,330.0
17539,17539,327.0,0,626,15.0,21.0,-3,330.0
17540,17540,328.0,0,626,14.0,11.0,-2,330.0
17541,17541,329.0,0,626,10.0,9.0,-1,330.0
17542,17542,330.0,1,626,17.0,7.0,0,330.0
17543,17543,331.0,1,626,12.0,11.0,1,330.0
17544,17544,332.0,1,626,3.0,3.0,2,330.0
17545,17545,333.0,1,626,2.0,6.0,3,330.0
17546,17546,334.0,1,626,12.0,19.0,4,330.0
17547,17547,335.0,1,626,10.0,16.0,5,330.0
17548,17548,336.0,1,626,5.0,3.0,6,330.0
17549,17549,337.0,1,626,24.0,30.0,7,330.0
17550,17550,338.0,1,626,7.0,16.0,8,330.0
17551,17551,339.0,1,626,5.0,6.0,9,330.0
17552,17552,340.0,1,626,2.0,9.0,10,330.0
17553,17553,341.0,1,626,4.0,5.0,11,330.0
17554,17554,342.0,1,626,136.0,104.0,12,330.0
17555,17555,343.0,1,626,63.0,49.0,13,330.0
17556,17556,167.0,0,627,40.0,76.0,-14,181.0
17557,17557,168.0,0,627,27.0,56.0,-13,181.0
17558,17558,169.0,0,627,56.0,93.0,-12,181.0
17559,17559,170.0,0,627,31.0,37.0,-11,181.0
17560,17560,171.0,0,627,56.0,65.0,-10,181.0
17561,17561,172.0,0,627,23.0,49.0,-9,181.0
17562,17562,173.0,0,627,24.0,65.0,-8,181.0
17563,17563,174.0,0,627,191.0,326.0,-7,181.0
17564,17564,175.0,0,627,52.0,113.0,-6,181.0
17565,17565,176.0,0,627,101.0,146.0,-5,181.0
17566,17566,177.0,0,627,76.0,122.0,-4,181.0
17567,17567,178.0,0,627,392.0,654.0,-3,181.0
17568,17568,179.0,0,627,140.0,238.0,-2,181.0
17569,17569,180.0,0,627,219.0,269.0,-1,181.0
17570,17570,181.0,1,627,247.0,355.0,0,181.0
17571,17571,182.0,1,627,48.0,117.0,1,181.0
17572,17572,183.0,1,627,55.0,54.0,2,181.0
17573,17573,184.0,1,627,516.0,719.0,3,181.0
17574,17574,185.0,1,627,236.0,424.0,4,181.0
17575,17575,186.0,1,627,110.0,172.0,5,181.0
17576,17576,187.0,1,627,36.0,71.0,6,181.0
17577,17577,188.0,1,627,183.0,216.0,7,181.0
17578,17578,189.0,1,627,42.0,49.0,8,181.0
17579,17579,190.0,1,627,19.0,25.0,9,181.0
17580,17580,191.0,1,627,8.0,28.0,10,181.0
17581,17581,192.0,1,627,53.0,77.0,11,181.0
17582,17582,193.0,1,627,43.0,77.0,12,181.0
17583,17583,194.0,1,627,30.0,50.0,13,181.0
17584,17584,106.0,0,628,42.0,129.0,-14,120.0
17585,17585,107.0,0,628,59.0,125.0,-13,120.0
17586,17586,108.0,0,628,260.0,440.0,-12,120.0
17587,17587,109.0,0,628,176.0,394.0,-11,120.0
17588,17588,110.0,0,628,62.0,179.0,-10,120.0
17589,17589,111.0,0,628,32.0,113.0,-9,120.0
17590,17590,112.0,0,628,43.0,203.0,-8,120.0
17591,17591,113.0,0,628,32.0,102.0,-7,120.0
17592,17592,114.0,0,628,21.0,69.0,-6,120.0
17593,17593,115.0,0,628,57.0,123.0,-5,120.0
17594,17594,116.0,0,628,73.0,152.0,-4,120.0
17595,17595,117.0,0,628,56.0,159.0,-3,120.0
17596,17596,118.0,0,628,27.0,92.0,-2,120.0
17597,17597,119.0,0,628,78.0,112.0,-1,120.0
17598,17598,120.0,1,628,322.0,375.0,0,120.0
17599,17599,121.0,1,628,47.0,87.0,1,120.0
17600,17600,122.0,1,628,24.0,75.0,2,120.0
17601,17601,123.0,1,628,25.0,62.0,3,120.0
17602,17602,124.0,1,628,20.0,82.0,4,120.0
17603,17603,125.0,1,628,259.0,404.0,5,120.0
17604,17604,126.0,1,628,782.0,1739.0,6,120.0
17605,17605,127.0,1,628,623.0,1024.0,7,120.0
17606,17606,128.0,1,628,253.0,392.0,8,120.0
17607,17607,129.0,1,628,148.0,299.0,9,120.0
17608,17608,130.0,1,628,88.0,225.0,10,120.0
17609,17609,131.0,1,628,60.0,216.0,11,120.0
17610,17610,132.0,1,628,130.0,373.0,12,120.0
17611,17611,133.0,1,628,46.0,126.0,13,120.0
17612,17612,93.0,0,629,49.0,81.0,-14,107.0
17613,17613,94.0,0,629,425.0,586.0,-13,107.0
17614,17614,95.0,0,629,55.0,118.0,-12,107.0
17615,17615,96.0,0,629,68.0,111.0,-11,107.0
17616,17616,97.0,0,629,30.0,56.0,-10,107.0
17617,17617,98.0,0,629,70.0,119.0,-9,107.0
17618,17618,99.0,0,629,81.0,111.0,-8,107.0
17619,17619,100.0,0,629,610.0,1152.0,-7,107.0
17620,17620,101.0,0,629,300.0,419.0,-6,107.0
17621,17621,102.0,0,629,503.0,1071.0,-5,107.0
17622,17622,103.0,0,629,216.0,377.0,-4,107.0
17623,17623,104.0,0,629,52.0,129.0,-3,107.0
17624,17624,105.0,0,629,63.0,160.0,-2,107.0
17625,17625,106.0,0,629,69.0,132.0,-1,107.0
17626,17626,107.0,1,629,89.0,183.0,0,107.0
17627,17627,108.0,1,629,25.0,92.0,1,107.0
17628,17628,109.0,1,629,19.0,57.0,2,107.0
17629,17629,110.0,1,629,20.0,78.0,3,107.0
17630,17630,111.0,1,629,367.0,728.0,4,107.0
17631,17631,112.0,1,629,651.0,1568.0,5,107.0
17632,17632,113.0,1,629,69.0,206.0,6,107.0
17633,17633,114.0,1,629,234.0,578.0,7,107.0
17634,17634,115.0,1,629,159.0,381.0,8,107.0
17635,17635,116.0,1,629,146.0,288.0,9,107.0
17636,17636,117.0,1,629,16.0,115.0,10,107.0
17637,17637,118.0,1,629,36.0,122.0,11,107.0
17638,17638,119.0,1,629,39.0,115.0,12,107.0
17639,17639,120.0,1,629,89.0,193.0,13,107.0
17640,17640,178.0,0,630,0.0,0.0,-14,192.0
17641,17641,179.0,0,630,0.0,0.0,-13,192.0
17642,17642,180.0,0,630,0.0,0.0,-12,192.0
17643,17643,181.0,0,630,0.0,0.0,-11,192.0
17644,17644,182.0,0,630,0.0,1.0,-10,192.0
17645,17645,183.0,0,630,1.0,0.0,-9,192.0
17646,17646,184.0,0,630,0.0,0.0,-8,192.0
17647,17647,185.0,0,630,0.0,0.0,-7,192.0
17648,17648,186.0,0,630,0.0,0.0,-6,192.0
17649,17649,187.0,0,630,0.0,0.0,-5,192.0
17650,17650,188.0,0,630,0.0,0.0,-4,192.0
17651,17651,189.0,0,630,0.0,0.0,-3,192.0
17652,17652,190.0,0,630,0.0,0.0,-2,192.0
17653,17653,191.0,0,630,0.0,0.0,-1,192.0
17654,17654,192.0,1,630,7.0,1.0,0,192.0
17655,17655,193.0,1,630,1.0,0.0,1,192.0
17656,17656,194.0,1,630,0.0,0.0,2,192.0
17657,17657,195.0,1,630,0.0,0.0,3,192.0
17658,17658,196.0,1,630,1.0,0.0,4,192.0
17659,17659,197.0,1,630,1.0,0.0,5,192.0
17660,17660,198.0,1,630,0.0,0.0,6,192.0
17661,17661,199.0,1,630,0.0,0.0,7,192.0
17662,17662,200.0,1,630,0.0,0.0,8,192.0
17663,17663,201.0,1,630,0.0,0.0,9,192.0
17664,17664,202.0,1,630,0.0,0.0,10,192.0
17665,17665,203.0,1,630,0.0,0.0,11,192.0
17666,17666,204.0,1,630,0.0,0.0,12,192.0
17667,17667,205.0,1,630,0.0,1.0,13,192.0
17668,17668,70.0,0,631,150.0,261.0,-14,84.0
17669,17669,71.0,0,631,157.0,315.0,-13,84.0
17670,17670,72.0,0,631,226.0,431.0,-12,84.0
17671,17671,73.0,0,631,113.0,297.0,-11,84.0
17672,17672,74.0,0,631,87.0,228.0,-10,84.0
17673,17673,75.0,0,631,66.0,205.0,-9,84.0
17674,17674,76.0,0,631,112.0,299.0,-8,84.0
17675,17675,77.0,0,631,119.0,284.0,-7,84.0
17676,17676,78.0,0,631,96.0,323.0,-6,84.0
17677,17677,79.0,0,631,98.0,337.0,-5,84.0
17678,17678,80.0,0,631,124.0,266.0,-4,84.0
17679,17679,81.0,0,631,61.0,192.0,-3,84.0
17680,17680,82.0,0,631,127.0,238.0,-2,84.0
17681,17681,83.0,0,631,151.0,285.0,-1,84.0
17682,17682,84.0,1,631,295.0,305.0,0,84.0
17683,17683,85.0,1,631,74.0,248.0,1,84.0
17684,17684,86.0,1,631,107.0,401.0,2,84.0
17685,17685,87.0,1,631,82.0,326.0,3,84.0
17686,17686,88.0,1,631,40.0,263.0,4,84.0
17687,17687,89.0,1,631,477.0,807.0,5,84.0
17688,17688,90.0,1,631,228.0,707.0,6,84.0
17689,17689,91.0,1,631,139.0,518.0,7,84.0
17690,17690,92.0,1,631,80.0,482.0,8,84.0
17691,17691,93.0,1,631,70.0,473.0,9,84.0
17692,17692,94.0,1,631,134.0,629.0,10,84.0
17693,17693,95.0,1,631,87.0,477.0,11,84.0
17694,17694,96.0,1,631,61.0,366.0,12,84.0
17695,17695,97.0,1,631,50.0,269.0,13,84.0
17696,17696,12.0,0,632,12.0,622.0,-14,26.0
17697,17697,13.0,0,632,18.0,728.0,-13,26.0
17698,17698,14.0,0,632,15.0,590.0,-12,26.0
17699,17699,15.0,0,632,12.0,370.0,-11,26.0
17700,17700,16.0,0,632,7.0,252.0,-10,26.0
17701,17701,17.0,0,632,15.0,293.0,-9,26.0
17702,17702,18.0,0,632,29.0,542.0,-8,26.0
17703,17703,19.0,0,632,12.0,311.0,-7,26.0
17704,17704,20.0,0,632,11.0,350.0,-6,26.0
17705,17705,21.0,0,632,10.0,338.0,-5,26.0
17706,17706,22.0,0,632,4.0,280.0,-4,26.0
17707,17707,23.0,0,632,5.0,254.0,-3,26.0
17708,17708,24.0,0,632,7.0,365.0,-2,26.0
17709,17709,25.0,0,632,8.0,299.0,-1,26.0
17710,17710,26.0,1,632,20.0,1039.0,0,26.0
17711,17711,27.0,1,632,35.0,3303.0,1,26.0
17712,17712,28.0,1,632,38.0,5108.0,2,26.0
17713,17713,29.0,1,632,21.0,3578.0,3,26.0
17714,17714,30.0,1,632,20.0,4134.0,4,26.0
17715,17715,31.0,1,632,41.0,8795.0,5,26.0
17716,17716,32.0,1,632,102.0,26827.0,6,26.0
17717,17717,33.0,1,632,62.0,30599.0,7,26.0
17718,17718,34.0,1,632,50.0,36309.0,8,26.0
17719,17719,35.0,1,632,55.0,32518.0,9,26.0
17720,17720,36.0,1,632,56.0,37840.0,10,26.0
17721,17721,37.0,1,632,47.0,45413.0,11,26.0
17722,17722,38.0,1,632,38.0,36572.0,12,26.0
17723,17723,39.0,1,632,38.0,26484.0,13,26.0
17724,17724,146.0,0,633,130.0,131.0,-14,160.0
17725,17725,147.0,0,633,198.0,167.0,-13,160.0
17726,17726,148.0,0,633,309.0,267.0,-12,160.0
17727,17727,149.0,0,633,64.0,78.0,-11,160.0
17728,17728,150.0,0,633,33.0,31.0,-10,160.0
17729,17729,151.0,0,633,343.0,261.0,-9,160.0
17730,17730,152.0,0,633,93.0,105.0,-8,160.0
17731,17731,153.0,0,633,44.0,43.0,-7,160.0
17732,17732,154.0,0,633,40.0,38.0,-6,160.0
17733,17733,155.0,0,633,47.0,45.0,-5,160.0
17734,17734,156.0,0,633,45.0,42.0,-4,160.0
17735,17735,157.0,0,633,66.0,86.0,-3,160.0
17736,17736,158.0,0,633,82.0,66.0,-2,160.0
17737,17737,159.0,0,633,65.0,69.0,-1,160.0
17738,17738,160.0,1,633,130.0,78.0,0,160.0
17739,17739,161.0,1,633,73.0,64.0,1,160.0
17740,17740,162.0,1,633,45.0,52.0,2,160.0
17741,17741,163.0,1,633,38.0,53.0,3,160.0
17742,17742,164.0,1,633,59.0,64.0,4,160.0
17743,17743,165.0,1,633,47.0,64.0,5,160.0
17744,17744,166.0,1,633,103.0,96.0,6,160.0
17745,17745,167.0,1,633,92.0,91.0,7,160.0
17746,17746,168.0,1,633,80.0,75.0,8,160.0
17747,17747,169.0,1,633,667.0,570.0,9,160.0
17748,17748,170.0,1,633,373.0,340.0,10,160.0
17749,17749,171.0,1,633,302.0,288.0,11,160.0
17750,17750,172.0,1,633,70.0,82.0,12,160.0
17751,17751,173.0,1,633,46.0,67.0,13,160.0
17752,17752,52.0,0,634,53.0,69.0,-14,66.0
17753,17753,53.0,0,634,547.0,865.0,-13,66.0
17754,17754,54.0,0,634,159.0,212.0,-12,66.0
17755,17755,55.0,0,634,62.0,84.0,-11,66.0
17756,17756,56.0,0,634,53.0,71.0,-10,66.0
17757,17757,57.0,0,634,74.0,78.0,-9,66.0
17758,17758,58.0,0,634,26.0,38.0,-8,66.0
17759,17759,59.0,0,634,21.0,29.0,-7,66.0
17760,17760,60.0,0,634,29.0,36.0,-6,66.0
17761,17761,61.0,0,634,55.0,31.0,-5,66.0
17762,17762,62.0,0,634,130.0,54.0,-4,66.0
17763,17763,63.0,0,634,27.0,24.0,-3,66.0
17764,17764,64.0,0,634,22.0,16.0,-2,66.0
17765,17765,65.0,0,634,449.0,167.0,-1,66.0
17766,17766,66.0,1,634,287.0,139.0,0,66.0
17767,17767,67.0,1,634,57.0,52.0,1,66.0
17768,17768,68.0,1,634,221.0,102.0,2,66.0
17769,17769,69.0,1,634,26.0,33.0,3,66.0
17770,17770,70.0,1,634,31.0,36.0,4,66.0
17771,17771,71.0,1,634,23.0,35.0,5,66.0
17772,17772,72.0,1,634,21.0,24.0,6,66.0
17773,17773,73.0,1,634,11.0,28.0,7,66.0
17774,17774,74.0,1,634,9.0,26.0,8,66.0
17775,17775,75.0,1,634,10.0,18.0,9,66.0
17776,17776,76.0,1,634,5.0,11.0,10,66.0
17777,17777,77.0,1,634,10.0,16.0,11,66.0
17778,17778,78.0,1,634,46.0,27.0,12,66.0
17779,17779,79.0,1,634,38.0,48.0,13,66.0
17780,17780,41.0,0,635,19.0,56.0,-14,55.0
17781,17781,42.0,0,635,16.0,50.0,-13,55.0
17782,17782,43.0,0,635,52.0,112.0,-12,55.0
17783,17783,44.0,0,635,207.0,422.0,-11,55.0
17784,17784,45.0,0,635,80.0,176.0,-10,55.0
17785,17785,46.0,0,635,59.0,143.0,-9,55.0
17786,17786,47.0,0,635,23.0,87.0,-8,55.0
17787,17787,48.0,0,635,12.0,38.0,-7,55.0
17788,17788,49.0,0,635,27.0,66.0,-6,55.0
17789,17789,50.0,0,635,19.0,38.0,-5,55.0
17790,17790,51.0,0,635,10.0,20.0,-4,55.0
17791,17791,52.0,0,635,56.0,106.0,-3,55.0
17792,17792,53.0,0,635,42.0,135.0,-2,55.0
17793,17793,54.0,0,635,32.0,86.0,-1,55.0
17794,17794,55.0,1,635,91.0,141.0,0,55.0
17795,17795,56.0,1,635,22.0,36.0,1,55.0
17796,17796,57.0,1,635,6.0,23.0,2,55.0
17797,17797,58.0,1,635,18.0,40.0,3,55.0
17798,17798,59.0,1,635,15.0,29.0,4,55.0
17799,17799,60.0,1,635,5.0,26.0,5,55.0
17800,17800,61.0,1,635,14.0,50.0,6,55.0
17801,17801,62.0,1,635,29.0,34.0,7,55.0
17802,17802,63.0,1,635,5.0,15.0,8,55.0
17803,17803,64.0,1,635,6.0,12.0,9,55.0
17804,17804,65.0,1,635,5.0,19.0,10,55.0
17805,17805,66.0,1,635,9.0,19.0,11,55.0
17806,17806,67.0,1,635,8.0,12.0,12,55.0
17807,17807,68.0,1,635,3.0,14.0,13,55.0
17808,17808,89.0,0,636,8.0,10.0,-14,103.0
17809,17809,90.0,0,636,9.0,11.0,-13,103.0
17810,17810,91.0,0,636,4.0,6.0,-12,103.0
17811,17811,92.0,0,636,6.0,3.0,-11,103.0
17812,17812,93.0,0,636,3.0,2.0,-10,103.0
17813,17813,94.0,0,636,4.0,6.0,-9,103.0
17814,17814,95.0,0,636,5.0,14.0,-8,103.0
17815,17815,96.0,0,636,4.0,3.0,-7,103.0
17816,17816,97.0,0,636,15.0,5.0,-6,103.0
17817,17817,98.0,0,636,7.0,15.0,-5,103.0
17818,17818,99.0,0,636,8.0,9.0,-4,103.0
17819,17819,100.0,0,636,3.0,5.0,-3,103.0
17820,17820,101.0,0,636,5.0,7.0,-2,103.0
17821,17821,102.0,0,636,45.0,56.0,-1,103.0
17822,17822,103.0,1,636,53.0,62.0,0,103.0
17823,17823,104.0,1,636,4.0,24.0,1,103.0
17824,17824,105.0,1,636,6.0,11.0,2,103.0
17825,17825,106.0,1,636,41.0,45.0,3,103.0
17826,17826,107.0,1,636,33.0,23.0,4,103.0
17827,17827,108.0,1,636,1.0,13.0,5,103.0
17828,17828,109.0,1,636,71.0,119.0,6,103.0
17829,17829,110.0,1,636,271.0,371.0,7,103.0
17830,17830,111.0,1,636,67.0,153.0,8,103.0
17831,17831,112.0,1,636,22.0,27.0,9,103.0
17832,17832,113.0,1,636,14.0,15.0,10,103.0
17833,17833,114.0,1,636,13.0,27.0,11,103.0
17834,17834,115.0,1,636,70.0,124.0,12,103.0
17835,17835,116.0,1,636,23.0,44.0,13,103.0
17836,17836,40.0,0,637,213.0,710.0,-14,54.0
17837,17837,41.0,0,637,843.0,2564.0,-13,54.0
17838,17838,42.0,0,637,353.0,1176.0,-12,54.0
17839,17839,43.0,0,637,109.0,296.0,-11,54.0
17840,17840,44.0,0,637,64.0,161.0,-10,54.0
17841,17841,45.0,0,637,82.0,165.0,-9,54.0
17842,17842,46.0,0,637,75.0,251.0,-8,54.0
17843,17843,47.0,0,637,40.0,105.0,-7,54.0
17844,17844,48.0,0,637,77.0,169.0,-6,54.0
17845,17845,49.0,0,637,38.0,79.0,-5,54.0
17846,17846,50.0,0,637,25.0,62.0,-4,54.0
17847,17847,51.0,0,637,27.0,41.0,-3,54.0
17848,17848,52.0,0,637,48.0,77.0,-2,54.0
17849,17849,53.0,0,637,68.0,86.0,-1,54.0
17850,17850,54.0,1,637,84.0,72.0,0,54.0
17851,17851,55.0,1,637,26.0,64.0,1,54.0
17852,17852,56.0,1,637,15.0,50.0,2,54.0
17853,17853,57.0,1,637,104.0,196.0,3,54.0
17854,17854,58.0,1,637,21.0,39.0,4,54.0
17855,17855,59.0,1,637,35.0,75.0,5,54.0
17856,17856,60.0,1,637,20.0,47.0,6,54.0
17857,17857,61.0,1,637,7.0,34.0,7,54.0
17858,17858,62.0,1,637,9.0,25.0,8,54.0
17859,17859,63.0,1,637,17.0,36.0,9,54.0
17860,17860,64.0,1,637,9.0,43.0,10,54.0
17861,17861,65.0,1,637,40.0,52.0,11,54.0
17862,17862,66.0,1,637,34.0,68.0,12,54.0
17863,17863,67.0,1,637,7.0,15.0,13,54.0
17864,17864,40.0,0,638,0.0,0.0,-14,54.0
17865,17865,41.0,0,638,0.0,1.0,-13,54.0
17866,17866,42.0,0,638,0.0,16.0,-12,54.0
17867,17867,43.0,0,638,3.0,6.0,-11,54.0
17868,17868,44.0,0,638,4.0,7.0,-10,54.0
17869,17869,45.0,0,638,1.0,0.0,-9,54.0
17870,17870,46.0,0,638,4.0,11.0,-8,54.0
17871,17871,47.0,0,638,4.0,3.0,-7,54.0
17872,17872,48.0,0,638,2.0,8.0,-6,54.0
17873,17873,49.0,0,638,1.0,0.0,-5,54.0
17874,17874,50.0,0,638,0.0,1.0,-4,54.0
17875,17875,51.0,0,638,1.0,1.0,-3,54.0
17876,17876,52.0,0,638,0.0,0.0,-2,54.0
17877,17877,53.0,0,638,112.0,267.0,-1,54.0
17878,17878,54.0,1,638,2005.0,3742.0,0,54.0
17879,17879,55.0,1,638,62.0,176.0,1,54.0
17880,17880,56.0,1,638,28.0,60.0,2,54.0
17881,17881,57.0,1,638,31.0,71.0,3,54.0
17882,17882,58.0,1,638,159.0,386.0,4,54.0
17883,17883,59.0,1,638,11.0,41.0,5,54.0
17884,17884,60.0,1,638,9.0,19.0,6,54.0
17885,17885,61.0,1,638,8.0,11.0,7,54.0
17886,17886,62.0,1,638,8.0,14.0,8,54.0
17887,17887,63.0,1,638,9.0,6.0,9,54.0
17888,17888,64.0,1,638,8.0,13.0,10,54.0
17889,17889,65.0,1,638,3.0,8.0,11,54.0
17890,17890,66.0,1,638,1.0,4.0,12,54.0
17891,17891,67.0,1,638,2.0,6.0,13,54.0
17892,17892,235.0,0,639,24.0,43.0,-14,249.0
17893,17893,236.0,0,639,7.0,20.0,-13,249.0
17894,17894,237.0,0,639,4.0,13.0,-12,249.0
17895,17895,238.0,0,639,38.0,33.0,-11,249.0
17896,17896,239.0,0,639,6.0,5.0,-10,249.0
17897,17897,240.0,0,639,6.0,8.0,-9,249.0
17898,17898,241.0,0,639,1.0,4.0,-8,249.0
17899,17899,242.0,0,639,14.0,8.0,-7,249.0
17900,17900,243.0,0,639,9.0,7.0,-6,249.0
17901,17901,244.0,0,639,7.0,11.0,-5,249.0
17902,17902,245.0,0,639,6.0,25.0,-4,249.0
17903,17903,246.0,0,639,14.0,12.0,-3,249.0
17904,17904,247.0,0,639,12.0,10.0,-2,249.0
17905,17905,248.0,0,639,13.0,16.0,-1,249.0
17906,17906,249.0,1,639,64.0,40.0,0,249.0
17907,17907,250.0,1,639,15.0,16.0,1,249.0
17908,17908,251.0,1,639,4.0,13.0,2,249.0
17909,17909,252.0,1,639,3.0,4.0,3,249.0
17910,17910,253.0,1,639,4.0,5.0,4,249.0
17911,17911,254.0,1,639,17.0,42.0,5,249.0
17912,17912,255.0,1,639,11.0,12.0,6,249.0
17913,17913,256.0,1,639,7.0,8.0,7,249.0
17914,17914,257.0,1,639,3.0,13.0,8,249.0
17915,17915,258.0,1,639,4.0,10.0,9,249.0
17916,17916,259.0,1,639,1.0,12.0,10,249.0
17917,17917,260.0,1,639,3.0,5.0,11,249.0
17918,17918,261.0,1,639,3.0,7.0,12,249.0
17919,17919,262.0,1,639,4.0,5.0,13,249.0
17920,17920,211.0,0,640,6.0,16.0,-14,225.0
17921,17921,212.0,0,640,7.0,14.0,-13,225.0
17922,17922,213.0,0,640,7.0,16.0,-12,225.0
17923,17923,214.0,0,640,10.0,19.0,-11,225.0
17924,17924,215.0,0,640,5.0,20.0,-10,225.0
17925,17925,216.0,0,640,4.0,20.0,-9,225.0
17926,17926,217.0,0,640,2.0,19.0,-8,225.0
17927,17927,218.0,0,640,4.0,15.0,-7,225.0
17928,17928,219.0,0,640,3.0,2.0,-6,225.0
17929,17929,220.0,0,640,0.0,12.0,-5,225.0
17930,17930,221.0,0,640,5.0,11.0,-4,225.0
17931,17931,222.0,0,640,4.0,16.0,-3,225.0
17932,17932,223.0,0,640,7.0,28.0,-2,225.0
17933,17933,224.0,0,640,4.0,11.0,-1,225.0
17934,17934,225.0,1,640,9.0,20.0,0,225.0
17935,17935,226.0,1,640,5.0,23.0,1,225.0
17936,17936,227.0,1,640,5.0,16.0,2,225.0
17937,17937,228.0,1,640,4.0,30.0,3,225.0
17938,17938,229.0,1,640,11.0,32.0,4,225.0
17939,17939,230.0,1,640,6.0,24.0,5,225.0
17940,17940,231.0,1,640,2.0,17.0,6,225.0
17941,17941,232.0,1,640,5.0,13.0,7,225.0
17942,17942,233.0,1,640,2.0,12.0,8,225.0
17943,17943,234.0,1,640,5.0,11.0,9,225.0
17944,17944,235.0,1,640,3.0,10.0,10,225.0
17945,17945,236.0,1,640,6.0,33.0,11,225.0
17946,17946,237.0,1,640,11.0,25.0,12,225.0
17947,17947,238.0,1,640,4.0,12.0,13,225.0
17948,17948,234.0,0,641,0.0,1.0,-14,248.0
17949,17949,235.0,0,641,0.0,0.0,-13,248.0
17950,17950,236.0,0,641,0.0,0.0,-12,248.0
17951,17951,237.0,0,641,0.0,0.0,-11,248.0
17952,17952,238.0,0,641,0.0,0.0,-10,248.0
17953,17953,239.0,0,641,1.0,0.0,-9,248.0
17954,17954,240.0,0,641,0.0,0.0,-8,248.0
17955,17955,241.0,0,641,0.0,0.0,-7,248.0
17956,17956,242.0,0,641,0.0,0.0,-6,248.0
17957,17957,243.0,0,641,0.0,0.0,-5,248.0
17958,17958,244.0,0,641,0.0,0.0,-4,248.0
17959,17959,245.0,0,641,0.0,0.0,-3,248.0
17960,17960,246.0,0,641,0.0,0.0,-2,248.0
17961,17961,247.0,0,641,5.0,1.0,-1,248.0
17962,17962,248.0,1,641,3.0,2.0,0,248.0
17963,17963,249.0,1,641,0.0,0.0,1,248.0
17964,17964,250.0,1,641,0.0,0.0,2,248.0
17965,17965,251.0,1,641,0.0,0.0,3,248.0
17966,17966,252.0,1,641,1.0,0.0,4,248.0
17967,17967,253.0,1,641,0.0,0.0,5,248.0
17968,17968,254.0,1,641,0.0,0.0,6,248.0
17969,17969,255.0,1,641,0.0,0.0,7,248.0
17970,17970,256.0,1,641,0.0,0.0,8,248.0
17971,17971,257.0,1,641,0.0,0.0,9,248.0
17972,17972,258.0,1,641,0.0,0.0,10,248.0
17973,17973,259.0,1,641,2.0,9.0,11,248.0
17974,17974,260.0,1,641,5.0,3.0,12,248.0
17975,17975,261.0,1,641,2.0,3.0,13,248.0
17976,17976,45.0,0,642,172.0,1015.0,-14,59.0
17977,17977,46.0,0,642,132.0,634.0,-13,59.0
17978,17978,47.0,0,642,88.0,505.0,-12,59.0
17979,17979,48.0,0,642,88.0,518.0,-11,59.0
17980,17980,49.0,0,642,153.0,544.0,-10,59.0
17981,17981,50.0,0,642,224.0,725.0,-9,59.0
17982,17982,51.0,0,642,242.0,905.0,-8,59.0
17983,17983,52.0,0,642,174.0,741.0,-7,59.0
17984,17984,53.0,0,642,217.0,470.0,-6,59.0
17985,17985,54.0,0,642,297.0,705.0,-5,59.0
17986,17986,55.0,0,642,124.0,512.0,-4,59.0
17987,17987,56.0,0,642,141.0,374.0,-3,59.0
17988,17988,57.0,0,642,156.0,551.0,-2,59.0
17989,17989,58.0,0,642,203.0,679.0,-1,59.0
17990,17990,59.0,1,642,243.0,662.0,0,59.0
17991,17991,60.0,1,642,107.0,275.0,1,59.0
17992,17992,61.0,1,642,58.0,148.0,2,59.0
17993,17993,62.0,1,642,39.0,133.0,3,59.0
17994,17994,63.0,1,642,28.0,211.0,4,59.0
17995,17995,64.0,1,642,33.0,108.0,5,59.0
17996,17996,65.0,1,642,42.0,170.0,6,59.0
17997,17997,66.0,1,642,79.0,261.0,7,59.0
17998,17998,67.0,1,642,37.0,193.0,8,59.0
17999,17999,68.0,1,642,22.0,167.0,9,59.0
18000,18000,69.0,1,642,47.0,133.0,10,59.0
18001,18001,70.0,1,642,41.0,139.0,11,59.0
18002,18002,71.0,1,642,23.0,120.0,12,59.0
18003,18003,72.0,1,642,37.0,157.0,13,59.0
18004,18004,200.0,0,643,0.0,0.0,-14,214.0
18005,18005,201.0,0,643,0.0,1.0,-13,214.0
18006,18006,202.0,0,643,0.0,2.0,-12,214.0
18007,18007,203.0,0,643,0.0,0.0,-11,214.0
18008,18008,204.0,0,643,0.0,0.0,-10,214.0
18009,18009,205.0,0,643,0.0,1.0,-9,214.0
18010,18010,206.0,0,643,0.0,2.0,-8,214.0
18011,18011,207.0,0,643,0.0,2.0,-7,214.0
18012,18012,208.0,0,643,0.0,0.0,-6,214.0
18013,18013,209.0,0,643,0.0,0.0,-5,214.0
18014,18014,210.0,0,643,0.0,0.0,-4,214.0
18015,18015,211.0,0,643,1.0,2.0,-3,214.0
18016,18016,212.0,0,643,0.0,0.0,-2,214.0
18017,18017,213.0,0,643,5.0,3.0,-1,214.0
18018,18018,214.0,1,643,13.0,1.0,0,214.0
18019,18019,215.0,1,643,0.0,2.0,1,214.0
18020,18020,216.0,1,643,2.0,1.0,2,214.0
18021,18021,217.0,1,643,1.0,1.0,3,214.0
18022,18022,218.0,1,643,4.0,1.0,4,214.0
18023,18023,219.0,1,643,28.0,6.0,5,214.0
18024,18024,220.0,1,643,0.0,1.0,6,214.0
18025,18025,221.0,1,643,1.0,2.0,7,214.0
18026,18026,222.0,1,643,1.0,2.0,8,214.0
18027,18027,223.0,1,643,0.0,2.0,9,214.0
18028,18028,224.0,1,643,0.0,1.0,10,214.0
18029,18029,225.0,1,643,1.0,2.0,11,214.0
18030,18030,226.0,1,643,0.0,0.0,12,214.0
18031,18031,227.0,1,643,0.0,0.0,13,214.0
18032,18032,130.0,0,644,12.0,24.0,-14,144.0
18033,18033,131.0,0,644,36.0,35.0,-13,144.0
18034,18034,132.0,0,644,12.0,28.0,-12,144.0
18035,18035,133.0,0,644,15.0,21.0,-11,144.0
18036,18036,134.0,0,644,29.0,25.0,-10,144.0
18037,18037,135.0,0,644,10.0,37.0,-9,144.0
18038,18038,136.0,0,644,13.0,24.0,-8,144.0
18039,18039,137.0,0,644,15.0,22.0,-7,144.0
18040,18040,138.0,0,644,21.0,22.0,-6,144.0
18041,18041,139.0,0,644,15.0,18.0,-5,144.0
18042,18042,140.0,0,644,9.0,27.0,-4,144.0
18043,18043,141.0,0,644,15.0,28.0,-3,144.0
18044,18044,142.0,0,644,13.0,15.0,-2,144.0
18045,18045,143.0,0,644,61.0,45.0,-1,144.0
18046,18046,144.0,1,644,282.0,107.0,0,144.0
18047,18047,145.0,1,644,56.0,53.0,1,144.0
18048,18048,146.0,1,644,26.0,21.0,2,144.0
18049,18049,147.0,1,644,15.0,15.0,3,144.0
18050,18050,148.0,1,644,41.0,25.0,4,144.0
18051,18051,149.0,1,644,31.0,43.0,5,144.0
18052,18052,150.0,1,644,39.0,47.0,6,144.0
18053,18053,151.0,1,644,83.0,71.0,7,144.0
18054,18054,152.0,1,644,28.0,51.0,8,144.0
18055,18055,153.0,1,644,74.0,37.0,9,144.0
18056,18056,154.0,1,644,20.0,15.0,10,144.0
18057,18057,155.0,1,644,10.0,10.0,11,144.0
18058,18058,156.0,1,644,13.0,17.0,12,144.0
18059,18059,157.0,1,644,17.0,33.0,13,144.0
18060,18060,117.0,0,645,0.0,0.0,-14,131.0
18061,18061,118.0,0,645,0.0,1.0,-13,131.0
18062,18062,119.0,0,645,0.0,0.0,-12,131.0
18063,18063,120.0,0,645,1.0,0.0,-11,131.0
18064,18064,121.0,0,645,0.0,0.0,-10,131.0
18065,18065,122.0,0,645,0.0,0.0,-9,131.0
18066,18066,123.0,0,645,0.0,0.0,-8,131.0
18067,18067,124.0,0,645,0.0,0.0,-7,131.0
18068,18068,125.0,0,645,0.0,0.0,-6,131.0
18069,18069,126.0,0,645,0.0,0.0,-5,131.0
18070,18070,127.0,0,645,0.0,0.0,-4,131.0
18071,18071,128.0,0,645,0.0,0.0,-3,131.0
18072,18072,129.0,0,645,0.0,0.0,-2,131.0
18073,18073,130.0,0,645,0.0,0.0,-1,131.0
18074,18074,131.0,1,645,3.0,3.0,0,131.0
18075,18075,132.0,1,645,0.0,0.0,1,131.0
18076,18076,133.0,1,645,0.0,0.0,2,131.0
18077,18077,134.0,1,645,0.0,0.0,3,131.0
18078,18078,135.0,1,645,0.0,0.0,4,131.0
18079,18079,136.0,1,645,0.0,1.0,5,131.0
18080,18080,137.0,1,645,0.0,0.0,6,131.0
18081,18081,138.0,1,645,0.0,0.0,7,131.0
18082,18082,139.0,1,645,0.0,0.0,8,131.0
18083,18083,140.0,1,645,0.0,0.0,9,131.0
18084,18084,141.0,1,645,1.0,0.0,10,131.0
18085,18085,142.0,1,645,0.0,0.0,11,131.0
18086,18086,143.0,1,645,0.0,0.0,12,131.0
18087,18087,144.0,1,645,0.0,0.0,13,131.0
18088,18088,234.0,0,646,0.0,0.0,-14,248.0
18089,18089,235.0,0,646,0.0,0.0,-13,248.0
18090,18090,236.0,0,646,0.0,0.0,-12,248.0
18091,18091,237.0,0,646,0.0,0.0,-11,248.0
18092,18092,238.0,0,646,0.0,0.0,-10,248.0
18093,18093,239.0,0,646,0.0,0.0,-9,248.0
18094,18094,240.0,0,646,0.0,0.0,-8,248.0
18095,18095,241.0,0,646,0.0,0.0,-7,248.0
18096,18096,242.0,0,646,0.0,0.0,-6,248.0
18097,18097,243.0,0,646,0.0,0.0,-5,248.0
18098,18098,244.0,0,646,0.0,0.0,-4,248.0
18099,18099,245.0,0,646,0.0,0.0,-3,248.0
18100,18100,246.0,0,646,0.0,0.0,-2,248.0
18101,18101,247.0,0,646,0.0,1.0,-1,248.0
18102,18102,248.0,1,646,0.0,0.0,0,248.0
18103,18103,249.0,1,646,0.0,0.0,1,248.0
18104,18104,250.0,1,646,0.0,0.0,2,248.0
18105,18105,251.0,1,646,0.0,0.0,3,248.0
18106,18106,252.0,1,646,0.0,0.0,4,248.0
18107,18107,253.0,1,646,0.0,0.0,5,248.0
18108,18108,254.0,1,646,0.0,0.0,6,248.0
18109,18109,255.0,1,646,0.0,0.0,7,248.0
18110,18110,256.0,1,646,0.0,0.0,8,248.0
18111,18111,257.0,1,646,0.0,0.0,9,248.0
18112,18112,258.0,1,646,0.0,0.0,10,248.0
18113,18113,259.0,1,646,0.0,0.0,11,248.0
18114,18114,260.0,1,646,0.0,0.0,12,248.0
18115,18115,261.0,1,646,0.0,0.0,13,248.0
18116,18116,53.0,0,647,158.0,658.0,-14,67.0
18117,18117,54.0,0,647,149.0,546.0,-13,67.0
18118,18118,55.0,0,647,70.0,429.0,-12,67.0
18119,18119,56.0,0,647,328.0,757.0,-11,67.0
18120,18120,57.0,0,647,108.0,596.0,-10,67.0
18121,18121,58.0,0,647,256.0,732.0,-9,67.0
18122,18122,59.0,0,647,105.0,439.0,-8,67.0
18123,18123,60.0,0,647,33.0,171.0,-7,67.0
18124,18124,61.0,0,647,44.0,240.0,-6,67.0
18125,18125,62.0,0,647,124.0,432.0,-5,67.0
18126,18126,63.0,0,647,60.0,195.0,-4,67.0
18127,18127,64.0,0,647,73.0,299.0,-3,67.0
18128,18128,65.0,0,647,206.0,455.0,-2,67.0
18129,18129,66.0,0,647,140.0,271.0,-1,67.0
18130,18130,67.0,1,647,168.0,452.0,0,67.0
18131,18131,68.0,1,647,53.0,225.0,1,67.0
18132,18132,69.0,1,647,288.0,502.0,2,67.0
18133,18133,70.0,1,647,35.0,171.0,3,67.0
18134,18134,71.0,1,647,519.0,742.0,4,67.0
18135,18135,72.0,1,647,41.0,146.0,5,67.0
18136,18136,73.0,1,647,53.0,140.0,6,67.0
18137,18137,74.0,1,647,19.0,103.0,7,67.0
18138,18138,75.0,1,647,29.0,121.0,8,67.0
18139,18139,76.0,1,647,15.0,76.0,9,67.0
18140,18140,77.0,1,647,87.0,179.0,10,67.0
18141,18141,78.0,1,647,141.0,193.0,11,67.0
18142,18142,79.0,1,647,78.0,163.0,12,67.0
18143,18143,80.0,1,647,53.0,221.0,13,67.0
18144,18144,212.0,0,648,4.0,7.0,-14,226.0
18145,18145,213.0,0,648,7.0,7.0,-13,226.0
18146,18146,214.0,0,648,10.0,19.0,-12,226.0
18147,18147,215.0,0,648,5.0,10.0,-11,226.0
18148,18148,216.0,0,648,1.0,6.0,-10,226.0
18149,18149,217.0,0,648,4.0,10.0,-9,226.0
18150,18150,218.0,0,648,1.0,8.0,-8,226.0
18151,18151,219.0,0,648,6.0,16.0,-7,226.0
18152,18152,220.0,0,648,8.0,23.0,-6,226.0
18153,18153,221.0,0,648,4.0,13.0,-5,226.0
18154,18154,222.0,0,648,0.0,10.0,-4,226.0
18155,18155,223.0,0,648,5.0,9.0,-3,226.0
18156,18156,224.0,0,648,2.0,8.0,-2,226.0
18157,18157,225.0,0,648,640.0,441.0,-1,226.0
18158,18158,226.0,1,648,87.0,50.0,0,226.0
18159,18159,227.0,1,648,11.0,20.0,1,226.0
18160,18160,228.0,1,648,9.0,12.0,2,226.0
18161,18161,229.0,1,648,20.0,22.0,3,226.0
18162,18162,230.0,1,648,5.0,11.0,4,226.0
18163,18163,231.0,1,648,2.0,10.0,5,226.0
18164,18164,232.0,1,648,5.0,1.0,6,226.0
18165,18165,233.0,1,648,1.0,5.0,7,226.0
18166,18166,234.0,1,648,3.0,5.0,8,226.0
18167,18167,235.0,1,648,1.0,14.0,9,226.0
18168,18168,236.0,1,648,2.0,10.0,10,226.0
18169,18169,237.0,1,648,1.0,5.0,11,226.0
18170,18170,238.0,1,648,4.0,3.0,12,226.0
18171,18171,239.0,1,648,1.0,8.0,13,226.0
18172,18172,152.0,0,649,520.0,1501.0,-14,166.0
18173,18173,153.0,0,649,430.0,1367.0,-13,166.0
18174,18174,154.0,0,649,277.0,723.0,-12,166.0
18175,18175,155.0,0,649,61.0,243.0,-11,166.0
18176,18176,156.0,0,649,119.0,438.0,-10,166.0
18177,18177,157.0,0,649,49.0,183.0,-9,166.0
18178,18178,158.0,0,649,148.0,516.0,-8,166.0
18179,18179,159.0,0,649,180.0,834.0,-7,166.0
18180,18180,160.0,0,649,72.0,314.0,-6,166.0
18181,18181,161.0,0,649,211.0,444.0,-5,166.0
18182,18182,162.0,0,649,188.0,446.0,-4,166.0
18183,18183,163.0,0,649,118.0,319.0,-3,166.0
18184,18184,164.0,0,649,72.0,209.0,-2,166.0
18185,18185,165.0,0,649,138.0,350.0,-1,166.0
18186,18186,166.0,1,649,102.0,253.0,0,166.0
18187,18187,167.0,1,649,39.0,161.0,1,166.0
18188,18188,168.0,1,649,66.0,191.0,2,166.0
18189,18189,169.0,1,649,80.0,287.0,3,166.0
18190,18190,170.0,1,649,30.0,118.0,4,166.0
18191,18191,171.0,1,649,22.0,162.0,5,166.0
18192,18192,172.0,1,649,24.0,102.0,6,166.0
18193,18193,173.0,1,649,51.0,195.0,7,166.0
18194,18194,174.0,1,649,29.0,198.0,8,166.0
18195,18195,175.0,1,649,27.0,163.0,9,166.0
18196,18196,176.0,1,649,27.0,100.0,10,166.0
18197,18197,177.0,1,649,16.0,101.0,11,166.0
18198,18198,178.0,1,649,14.0,94.0,12,166.0
18199,18199,179.0,1,649,31.0,213.0,13,166.0
18200,18200,37.0,0,650,330.0,614.0,-14,51.0
18201,18201,38.0,0,650,371.0,861.0,-13,51.0
18202,18202,39.0,0,650,248.0,562.0,-12,51.0
18203,18203,40.0,0,650,217.0,480.0,-11,51.0
18204,18204,41.0,0,650,146.0,346.0,-10,51.0
18205,18205,42.0,0,650,193.0,313.0,-9,51.0
18206,18206,43.0,0,650,269.0,477.0,-8,51.0
18207,18207,44.0,0,650,139.0,245.0,-7,51.0
18208,18208,45.0,0,650,146.0,315.0,-6,51.0
18209,18209,46.0,0,650,82.0,143.0,-5,51.0
18210,18210,47.0,0,650,69.0,123.0,-4,51.0
18211,18211,48.0,0,650,125.0,134.0,-3,51.0
18212,18212,49.0,0,650,70.0,83.0,-2,51.0
18213,18213,50.0,0,650,108.0,144.0,-1,51.0
18214,18214,51.0,1,650,342.0,289.0,0,51.0
18215,18215,52.0,1,650,82.0,145.0,1,51.0
18216,18216,53.0,1,650,39.0,97.0,2,51.0
18217,18217,54.0,1,650,42.0,102.0,3,51.0
18218,18218,55.0,1,650,75.0,123.0,4,51.0
18219,18219,56.0,1,650,62.0,89.0,5,51.0
18220,18220,57.0,1,650,108.0,104.0,6,51.0
18221,18221,58.0,1,650,94.0,204.0,7,51.0
18222,18222,59.0,1,650,154.0,194.0,8,51.0
18223,18223,60.0,1,650,50.0,63.0,9,51.0
18224,18224,61.0,1,650,31.0,56.0,10,51.0
18225,18225,62.0,1,650,412.0,336.0,11,51.0
18226,18226,63.0,1,650,47.0,64.0,12,51.0
18227,18227,64.0,1,650,26.0,55.0,13,51.0
18228,18228,265.0,0,651,14.0,44.0,-14,279.0
18229,18229,266.0,0,651,29.0,47.0,-13,279.0
18230,18230,267.0,0,651,13.0,68.0,-12,279.0
18231,18231,268.0,0,651,20.0,86.0,-11,279.0
18232,18232,269.0,0,651,16.0,95.0,-10,279.0
18233,18233,270.0,0,651,23.0,73.0,-9,279.0
18234,18234,271.0,0,651,17.0,70.0,-8,279.0
18235,18235,272.0,0,651,17.0,60.0,-7,279.0
18236,18236,273.0,0,651,19.0,56.0,-6,279.0
18237,18237,274.0,0,651,7.0,46.0,-5,279.0
18238,18238,275.0,0,651,5.0,56.0,-4,279.0
18239,18239,276.0,0,651,8.0,47.0,-3,279.0
18240,18240,277.0,0,651,7.0,48.0,-2,279.0
18241,18241,278.0,0,651,10.0,54.0,-1,279.0
18242,18242,279.0,1,651,26.0,61.0,0,279.0
18243,18243,280.0,1,651,5.0,52.0,1,279.0
18244,18244,281.0,1,651,14.0,70.0,2,279.0
18245,18245,282.0,1,651,42.0,164.0,3,279.0
18246,18246,283.0,1,651,18.0,77.0,4,279.0
18247,18247,284.0,1,651,6.0,63.0,5,279.0
18248,18248,285.0,1,651,10.0,56.0,6,279.0
18249,18249,286.0,1,651,17.0,72.0,7,279.0
18250,18250,287.0,1,651,11.0,52.0,8,279.0
18251,18251,288.0,1,651,14.0,63.0,9,279.0
18252,18252,289.0,1,651,20.0,95.0,10,279.0
18253,18253,290.0,1,651,21.0,94.0,11,279.0
18254,18254,291.0,1,651,13.0,78.0,12,279.0
18255,18255,292.0,1,651,15.0,67.0,13,279.0
18256,18256,256.0,0,652,1.0,1.0,-14,270.0
18257,18257,257.0,0,652,1.0,1.0,-13,270.0
18258,18258,258.0,0,652,0.0,0.0,-12,270.0
18259,18259,259.0,0,652,0.0,1.0,-11,270.0
18260,18260,260.0,0,652,0.0,1.0,-10,270.0
18261,18261,261.0,0,652,0.0,0.0,-9,270.0
18262,18262,262.0,0,652,0.0,0.0,-8,270.0
18263,18263,263.0,0,652,0.0,0.0,-7,270.0
18264,18264,264.0,0,652,0.0,0.0,-6,270.0
18265,18265,265.0,0,652,0.0,3.0,-5,270.0
18266,18266,266.0,0,652,0.0,0.0,-4,270.0
18267,18267,267.0,0,652,0.0,1.0,-3,270.0
18268,18268,268.0,0,652,0.0,1.0,-2,270.0
18269,18269,269.0,0,652,0.0,0.0,-1,270.0
18270,18270,270.0,1,652,13.0,0.0,0,270.0
18271,18271,271.0,1,652,1.0,0.0,1,270.0
18272,18272,272.0,1,652,0.0,0.0,2,270.0
18273,18273,273.0,1,652,0.0,1.0,3,270.0
18274,18274,274.0,1,652,1.0,0.0,4,270.0
18275,18275,275.0,1,652,0.0,0.0,5,270.0
18276,18276,276.0,1,652,2.0,1.0,6,270.0
18277,18277,277.0,1,652,0.0,1.0,7,270.0
18278,18278,278.0,1,652,0.0,0.0,8,270.0
18279,18279,279.0,1,652,0.0,0.0,9,270.0
18280,18280,280.0,1,652,0.0,0.0,10,270.0
18281,18281,281.0,1,652,0.0,0.0,11,270.0
18282,18282,282.0,1,652,0.0,0.0,12,270.0
18283,18283,283.0,1,652,1.0,0.0,13,270.0
18284,18284,43.0,0,653,51.0,106.0,-14,57.0
18285,18285,44.0,0,653,21.0,37.0,-13,57.0
18286,18286,45.0,0,653,24.0,62.0,-12,57.0
18287,18287,46.0,0,653,19.0,54.0,-11,57.0
18288,18288,47.0,0,653,135.0,104.0,-10,57.0
18289,18289,48.0,0,653,70.0,85.0,-9,57.0
18290,18290,49.0,0,653,38.0,45.0,-8,57.0
18291,18291,50.0,0,653,17.0,21.0,-7,57.0
18292,18292,51.0,0,653,21.0,27.0,-6,57.0
18293,18293,52.0,0,653,10.0,24.0,-5,57.0
18294,18294,53.0,0,653,16.0,27.0,-4,57.0
18295,18295,54.0,0,653,31.0,29.0,-3,57.0
18296,18296,55.0,0,653,13.0,15.0,-2,57.0
18297,18297,56.0,0,653,363.0,339.0,-1,57.0
18298,18298,57.0,1,653,1258.0,1210.0,0,57.0
18299,18299,58.0,1,653,76.0,83.0,1,57.0
18300,18300,59.0,1,653,37.0,52.0,2,57.0
18301,18301,60.0,1,653,30.0,39.0,3,57.0
18302,18302,61.0,1,653,22.0,23.0,4,57.0
18303,18303,62.0,1,653,19.0,23.0,5,57.0
18304,18304,63.0,1,653,99.0,59.0,6,57.0
18305,18305,64.0,1,653,23.0,45.0,7,57.0
18306,18306,65.0,1,653,11.0,16.0,8,57.0
18307,18307,66.0,1,653,10.0,11.0,9,57.0
18308,18308,67.0,1,653,3.0,8.0,10,57.0
18309,18309,68.0,1,653,8.0,12.0,11,57.0
18310,18310,69.0,1,653,14.0,13.0,12,57.0
18311,18311,70.0,1,653,36.0,67.0,13,57.0
18312,18312,163.0,0,654,1.0,0.0,-14,177.0
18313,18313,164.0,0,654,0.0,0.0,-13,177.0
18314,18314,165.0,0,654,0.0,2.0,-12,177.0
18315,18315,166.0,0,654,1.0,2.0,-11,177.0
18316,18316,167.0,0,654,0.0,0.0,-10,177.0
18317,18317,168.0,0,654,0.0,0.0,-9,177.0
18318,18318,169.0,0,654,0.0,0.0,-8,177.0
18319,18319,170.0,0,654,0.0,0.0,-7,177.0
18320,18320,171.0,0,654,5.0,2.0,-6,177.0
18321,18321,172.0,0,654,2.0,0.0,-5,177.0
18322,18322,173.0,0,654,1.0,1.0,-4,177.0
18323,18323,174.0,0,654,2.0,0.0,-3,177.0
18324,18324,175.0,0,654,0.0,0.0,-2,177.0
18325,18325,176.0,0,654,20.0,8.0,-1,177.0
18326,18326,177.0,1,654,178.0,120.0,0,177.0
18327,18327,178.0,1,654,2.0,6.0,1,177.0
18328,18328,179.0,1,654,4.0,1.0,2,177.0
18329,18329,180.0,1,654,1.0,4.0,3,177.0
18330,18330,181.0,1,654,6.0,2.0,4,177.0
18331,18331,182.0,1,654,3.0,1.0,5,177.0
18332,18332,183.0,1,654,1.0,0.0,6,177.0
18333,18333,184.0,1,654,1.0,1.0,7,177.0
18334,18334,185.0,1,654,0.0,0.0,8,177.0
18335,18335,186.0,1,654,0.0,1.0,9,177.0
18336,18336,187.0,1,654,6.0,9.0,10,177.0
18337,18337,188.0,1,654,0.0,1.0,11,177.0
18338,18338,189.0,1,654,0.0,1.0,12,177.0
18339,18339,190.0,1,654,1.0,2.0,13,177.0
18340,18340,278.0,0,655,1.0,0.0,-14,292.0
18341,18341,279.0,0,655,1.0,0.0,-13,292.0
18342,18342,280.0,0,655,0.0,0.0,-12,292.0
18343,18343,281.0,0,655,0.0,0.0,-11,292.0
18344,18344,282.0,0,655,0.0,0.0,-10,292.0
18345,18345,283.0,0,655,0.0,0.0,-9,292.0
18346,18346,284.0,0,655,0.0,0.0,-8,292.0
18347,18347,285.0,0,655,0.0,0.0,-7,292.0
18348,18348,286.0,0,655,0.0,0.0,-6,292.0
18349,18349,287.0,0,655,0.0,0.0,-5,292.0
18350,18350,288.0,0,655,0.0,1.0,-4,292.0
18351,18351,289.0,0,655,1.0,0.0,-3,292.0
18352,18352,290.0,0,655,2.0,0.0,-2,292.0
18353,18353,291.0,0,655,1.0,0.0,-1,292.0
18354,18354,292.0,1,655,20.0,9.0,0,292.0
18355,18355,293.0,1,655,3.0,0.0,1,292.0
18356,18356,294.0,1,655,0.0,0.0,2,292.0
18357,18357,295.0,1,655,3.0,0.0,3,292.0
18358,18358,296.0,1,655,1.0,1.0,4,292.0
18359,18359,297.0,1,655,1.0,0.0,5,292.0
18360,18360,298.0,1,655,1.0,0.0,6,292.0
18361,18361,299.0,1,655,0.0,0.0,7,292.0
18362,18362,300.0,1,655,0.0,0.0,8,292.0
18363,18363,301.0,1,655,0.0,0.0,9,292.0
18364,18364,302.0,1,655,0.0,0.0,10,292.0
18365,18365,303.0,1,655,1.0,0.0,11,292.0
18366,18366,304.0,1,655,0.0,0.0,12,292.0
18367,18367,305.0,1,655,0.0,0.0,13,292.0
18368,18368,106.0,0,656,5.0,40.0,-14,120.0
18369,18369,107.0,0,656,9.0,33.0,-13,120.0
18370,18370,108.0,0,656,4.0,23.0,-12,120.0
18371,18371,109.0,0,656,6.0,24.0,-11,120.0
18372,18372,110.0,0,656,19.0,26.0,-10,120.0
18373,18373,111.0,0,656,13.0,25.0,-9,120.0
18374,18374,112.0,0,656,8.0,17.0,-8,120.0
18375,18375,113.0,0,656,13.0,28.0,-7,120.0
18376,18376,114.0,0,656,13.0,30.0,-6,120.0
18377,18377,115.0,0,656,25.0,65.0,-5,120.0
18378,18378,116.0,0,656,36.0,46.0,-4,120.0
18379,18379,117.0,0,656,12.0,41.0,-3,120.0
18380,18380,118.0,0,656,12.0,36.0,-2,120.0
18381,18381,119.0,0,656,9.0,32.0,-1,120.0
18382,18382,120.0,1,656,73.0,84.0,0,120.0
18383,18383,121.0,1,656,20.0,53.0,1,120.0
18384,18384,122.0,1,656,41.0,106.0,2,120.0
18385,18385,123.0,1,656,8.0,34.0,3,120.0
18386,18386,124.0,1,656,27.0,48.0,4,120.0
18387,18387,125.0,1,656,7.0,36.0,5,120.0
18388,18388,126.0,1,656,6.0,35.0,6,120.0
18389,18389,127.0,1,656,9.0,25.0,7,120.0
18390,18390,128.0,1,656,13.0,18.0,8,120.0
18391,18391,129.0,1,656,20.0,42.0,9,120.0
18392,18392,130.0,1,656,12.0,35.0,10,120.0
18393,18393,131.0,1,656,5.0,21.0,11,120.0
18394,18394,132.0,1,656,12.0,27.0,12,120.0
18395,18395,133.0,1,656,4.0,27.0,13,120.0
18396,18396,94.0,0,657,3.0,26.0,-14,108.0
18397,18397,95.0,0,657,5.0,13.0,-13,108.0
18398,18398,96.0,0,657,6.0,17.0,-12,108.0
18399,18399,97.0,0,657,17.0,24.0,-11,108.0
18400,18400,98.0,0,657,15.0,28.0,-10,108.0
18401,18401,99.0,0,657,5.0,17.0,-9,108.0
18402,18402,100.0,0,657,7.0,21.0,-8,108.0
18403,18403,101.0,0,657,14.0,35.0,-7,108.0
18404,18404,102.0,0,657,9.0,57.0,-6,108.0
18405,18405,103.0,0,657,7.0,66.0,-5,108.0
18406,18406,104.0,0,657,9.0,99.0,-4,108.0
18407,18407,105.0,0,657,9.0,55.0,-3,108.0
18408,18408,106.0,0,657,19.0,73.0,-2,108.0
18409,18409,107.0,0,657,160.0,258.0,-1,108.0
18410,18410,108.0,1,657,643.0,1154.0,0,108.0
18411,18411,109.0,1,657,42.0,86.0,1,108.0
18412,18412,110.0,1,657,12.0,70.0,2,108.0
18413,18413,111.0,1,657,10.0,54.0,3,108.0
18414,18414,112.0,1,657,18.0,46.0,4,108.0
18415,18415,113.0,1,657,8.0,42.0,5,108.0
18416,18416,114.0,1,657,6.0,33.0,6,108.0
18417,18417,115.0,1,657,11.0,42.0,7,108.0
18418,18418,116.0,1,657,7.0,47.0,8,108.0
18419,18419,117.0,1,657,4.0,43.0,9,108.0
18420,18420,118.0,1,657,46.0,104.0,10,108.0
18421,18421,119.0,1,657,21.0,53.0,11,108.0
18422,18422,120.0,1,657,9.0,35.0,12,108.0
18423,18423,121.0,1,657,384.0,609.0,13,108.0
18424,18424,42.0,0,658,823.0,13791.0,-14,56.0
18425,18425,43.0,0,658,514.0,11347.0,-13,56.0
18426,18426,44.0,0,658,721.0,10674.0,-12,56.0
18427,18427,45.0,0,658,616.0,8406.0,-11,56.0
18428,18428,46.0,0,658,499.0,7141.0,-10,56.0
18429,18429,47.0,0,658,581.0,13283.0,-9,56.0
18430,18430,48.0,0,658,642.0,7972.0,-8,56.0
18431,18431,49.0,0,658,428.0,7112.0,-7,56.0
18432,18432,50.0,0,658,571.0,10470.0,-6,56.0
18433,18433,51.0,0,658,469.0,8647.0,-5,56.0
18434,18434,52.0,0,658,417.0,6165.0,-4,56.0
18435,18435,53.0,0,658,241.0,3794.0,-3,56.0
18436,18436,54.0,0,658,189.0,2706.0,-2,56.0
18437,18437,55.0,0,658,413.0,5220.0,-1,56.0
18438,18438,56.0,1,658,344.0,4974.0,0,56.0
18439,18439,57.0,1,658,203.0,3676.0,1,56.0
18440,18440,58.0,1,658,257.0,4898.0,2,56.0
18441,18441,59.0,1,658,147.0,2926.0,3,56.0
18442,18442,60.0,1,658,99.0,1818.0,4,56.0
18443,18443,61.0,1,658,44.0,1140.0,5,56.0
18444,18444,62.0,1,658,122.0,2625.0,6,56.0
18445,18445,63.0,1,658,79.0,2039.0,7,56.0
18446,18446,64.0,1,658,32.0,1015.0,8,56.0
18447,18447,65.0,1,658,51.0,1316.0,9,56.0
18448,18448,66.0,1,658,123.0,2564.0,10,56.0
18449,18449,67.0,1,658,40.0,901.0,11,56.0
18450,18450,68.0,1,658,30.0,1047.0,12,56.0
18451,18451,69.0,1,658,46.0,802.0,13,56.0
18452,18452,89.0,0,659,154.0,761.0,-14,103.0
18453,18453,90.0,0,659,260.0,1805.0,-13,103.0
18454,18454,91.0,0,659,71.0,479.0,-12,103.0
18455,18455,92.0,0,659,47.0,257.0,-11,103.0
18456,18456,93.0,0,659,117.0,703.0,-10,103.0
18457,18457,94.0,0,659,205.0,1011.0,-9,103.0
18458,18458,95.0,0,659,703.0,2860.0,-8,103.0
18459,18459,96.0,0,659,447.0,2119.0,-7,103.0
18460,18460,97.0,0,659,75.0,472.0,-6,103.0
18461,18461,98.0,0,659,92.0,519.0,-5,103.0
18462,18462,99.0,0,659,69.0,338.0,-4,103.0
18463,18463,100.0,0,659,199.0,1216.0,-3,103.0
18464,18464,101.0,0,659,1957.0,7142.0,-2,103.0
18465,18465,102.0,0,659,310.0,2422.0,-1,103.0
18466,18466,103.0,1,659,127.0,1703.0,0,103.0
18467,18467,104.0,1,659,173.0,2878.0,1,103.0
18468,18468,105.0,1,659,40.0,842.0,2,103.0
18469,18469,106.0,1,659,58.0,817.0,3,103.0
18470,18470,107.0,1,659,79.0,890.0,4,103.0
18471,18471,108.0,1,659,32.0,625.0,5,103.0
18472,18472,109.0,1,659,29.0,468.0,6,103.0
18473,18473,110.0,1,659,48.0,669.0,7,103.0
18474,18474,111.0,1,659,30.0,757.0,8,103.0
18475,18475,112.0,1,659,26.0,391.0,9,103.0
18476,18476,113.0,1,659,74.0,766.0,10,103.0
18477,18477,114.0,1,659,67.0,695.0,11,103.0
18478,18478,115.0,1,659,37.0,574.0,12,103.0
18479,18479,116.0,1,659,116.0,1171.0,13,103.0
18480,18480,74.0,0,660,94.0,66.0,-14,88.0
18481,18481,75.0,0,660,45.0,32.0,-13,88.0
18482,18482,76.0,0,660,52.0,23.0,-12,88.0
18483,18483,77.0,0,660,92.0,33.0,-11,88.0
18484,18484,78.0,0,660,37.0,19.0,-10,88.0
18485,18485,79.0,0,660,107.0,37.0,-9,88.0
18486,18486,80.0,0,660,110.0,99.0,-8,88.0
18487,18487,81.0,0,660,182.0,176.0,-7,88.0
18488,18488,82.0,0,660,127.0,133.0,-6,88.0
18489,18489,83.0,0,660,108.0,101.0,-5,88.0
18490,18490,84.0,0,660,23.0,19.0,-4,88.0
18491,18491,85.0,0,660,77.0,76.0,-3,88.0
18492,18492,86.0,0,660,79.0,56.0,-2,88.0
18493,18493,87.0,0,660,1496.0,1273.0,-1,88.0
18494,18494,88.0,1,660,1134.0,1094.0,0,88.0
18495,18495,89.0,1,660,493.0,319.0,1,88.0
18496,18496,90.0,1,660,145.0,108.0,2,88.0
18497,18497,91.0,1,660,48.0,62.0,3,88.0
18498,18498,92.0,1,660,74.0,63.0,4,88.0
18499,18499,93.0,1,660,118.0,156.0,5,88.0
18500,18500,94.0,1,660,38.0,51.0,6,88.0
18501,18501,95.0,1,660,88.0,97.0,7,88.0
18502,18502,96.0,1,660,34.0,43.0,8,88.0
18503,18503,97.0,1,660,22.0,27.0,9,88.0
18504,18504,98.0,1,660,18.0,23.0,10,88.0
18505,18505,99.0,1,660,16.0,24.0,11,88.0
18506,18506,100.0,1,660,38.0,52.0,12,88.0
18507,18507,101.0,1,660,32.0,52.0,13,88.0
18508,18508,38.0,0,661,536.0,1599.0,-14,52.0
18509,18509,39.0,0,661,500.0,1229.0,-13,52.0
18510,18510,40.0,0,661,268.0,714.0,-12,52.0
18511,18511,41.0,0,661,168.0,463.0,-11,52.0
18512,18512,42.0,0,661,254.0,531.0,-10,52.0
18513,18513,43.0,0,661,261.0,418.0,-9,52.0
18514,18514,44.0,0,661,244.0,549.0,-8,52.0
18515,18515,45.0,0,661,199.0,423.0,-7,52.0
18516,18516,46.0,0,661,313.0,593.0,-6,52.0
18517,18517,47.0,0,661,143.0,331.0,-5,52.0
18518,18518,48.0,0,661,202.0,268.0,-4,52.0
18519,18519,49.0,0,661,160.0,238.0,-3,52.0
18520,18520,50.0,0,661,135.0,178.0,-2,52.0
18521,18521,51.0,0,661,231.0,428.0,-1,52.0
18522,18522,52.0,1,661,265.0,430.0,0,52.0
18523,18523,53.0,1,661,162.0,226.0,1,52.0
18524,18524,54.0,1,661,118.0,209.0,2,52.0
18525,18525,55.0,1,661,92.0,226.0,3,52.0
18526,18526,56.0,1,661,84.0,196.0,4,52.0
18527,18527,57.0,1,661,213.0,368.0,5,52.0
18528,18528,58.0,1,661,149.0,251.0,6,52.0
18529,18529,59.0,1,661,232.0,441.0,7,52.0
18530,18530,60.0,1,661,148.0,264.0,8,52.0
18531,18531,61.0,1,661,39.0,119.0,9,52.0
18532,18532,62.0,1,661,75.0,170.0,10,52.0
18533,18533,63.0,1,661,53.0,174.0,11,52.0
18534,18534,64.0,1,661,59.0,141.0,12,52.0
18535,18535,65.0,1,661,98.0,200.0,13,52.0
18536,18536,53.0,0,662,0.0,5.0,-14,67.0
18537,18537,54.0,0,662,4.0,5.0,-13,67.0
18538,18538,55.0,0,662,1.0,2.0,-12,67.0
18539,18539,56.0,0,662,0.0,0.0,-11,67.0
18540,18540,57.0,0,662,1.0,0.0,-10,67.0
18541,18541,58.0,0,662,2.0,3.0,-9,67.0
18542,18542,59.0,0,662,1.0,1.0,-8,67.0
18543,18543,60.0,0,662,0.0,4.0,-7,67.0
18544,18544,61.0,0,662,1.0,0.0,-6,67.0
18545,18545,62.0,0,662,1.0,1.0,-5,67.0
18546,18546,63.0,0,662,1.0,2.0,-4,67.0
18547,18547,64.0,0,662,0.0,0.0,-3,67.0
18548,18548,65.0,0,662,0.0,2.0,-2,67.0
18549,18549,66.0,0,662,0.0,1.0,-1,67.0
18550,18550,67.0,1,662,23.0,11.0,0,67.0
18551,18551,68.0,1,662,1.0,0.0,1,67.0
18552,18552,69.0,1,662,1.0,0.0,2,67.0
18553,18553,70.0,1,662,2.0,2.0,3,67.0
18554,18554,71.0,1,662,0.0,1.0,4,67.0
18555,18555,72.0,1,662,0.0,0.0,5,67.0
18556,18556,73.0,1,662,1.0,3.0,6,67.0
18557,18557,74.0,1,662,0.0,0.0,7,67.0
18558,18558,75.0,1,662,0.0,1.0,8,67.0
18559,18559,76.0,1,662,1.0,0.0,9,67.0
18560,18560,77.0,1,662,0.0,0.0,10,67.0
18561,18561,78.0,1,662,1.0,1.0,11,67.0
18562,18562,79.0,1,662,5.0,0.0,12,67.0
18563,18563,80.0,1,662,7.0,1.0,13,67.0
18564,18564,24.0,0,663,0.0,0.0,-14,38.0
18565,18565,25.0,0,663,0.0,1.0,-13,38.0
18566,18566,26.0,0,663,1.0,1.0,-12,38.0
18567,18567,27.0,0,663,0.0,7.0,-11,38.0
18568,18568,28.0,0,663,1.0,11.0,-10,38.0
18569,18569,29.0,0,663,0.0,5.0,-9,38.0
18570,18570,30.0,0,663,0.0,13.0,-8,38.0
18571,18571,31.0,0,663,1.0,18.0,-7,38.0
18572,18572,32.0,0,663,11.0,26.0,-6,38.0
18573,18573,33.0,0,663,25.0,91.0,-5,38.0
18574,18574,34.0,0,663,55.0,146.0,-4,38.0
18575,18575,35.0,0,663,29.0,119.0,-3,38.0
18576,18576,36.0,0,663,39.0,114.0,-2,38.0
18577,18577,37.0,0,663,2122.0,4234.0,-1,38.0
18578,18578,38.0,1,663,1518.0,1581.0,0,38.0
18579,18579,39.0,1,663,496.0,954.0,1,38.0
18580,18580,40.0,1,663,237.0,511.0,2,38.0
18581,18581,41.0,1,663,112.0,275.0,3,38.0
18582,18582,42.0,1,663,41.0,152.0,4,38.0
18583,18583,43.0,1,663,32.0,128.0,5,38.0
18584,18584,44.0,1,663,59.0,215.0,6,38.0
18585,18585,45.0,1,663,46.0,139.0,7,38.0
18586,18586,46.0,1,663,161.0,425.0,8,38.0
18587,18587,47.0,1,663,39.0,165.0,9,38.0
18588,18588,48.0,1,663,24.0,92.0,10,38.0
18589,18589,49.0,1,663,17.0,80.0,11,38.0
18590,18590,50.0,1,663,14.0,67.0,12,38.0
18591,18591,51.0,1,663,17.0,61.0,13,38.0
18592,18592,108.0,0,664,266.0,2481.0,-14,122.0
18593,18593,109.0,0,664,230.0,2154.0,-13,122.0
18594,18594,110.0,0,664,204.0,1871.0,-12,122.0
18595,18595,111.0,0,664,206.0,1750.0,-11,122.0
18596,18596,112.0,0,664,154.0,1203.0,-10,122.0
18597,18597,113.0,0,664,167.0,1120.0,-9,122.0
18598,18598,114.0,0,664,257.0,1719.0,-8,122.0
18599,18599,115.0,0,664,337.0,2624.0,-7,122.0
18600,18600,116.0,0,664,185.0,1550.0,-6,122.0
18601,18601,117.0,0,664,107.0,1059.0,-5,122.0
18602,18602,118.0,0,664,147.0,1420.0,-4,122.0
18603,18603,119.0,0,664,107.0,781.0,-3,122.0
18604,18604,120.0,0,664,148.0,1063.0,-2,122.0
18605,18605,121.0,0,664,169.0,1294.0,-1,122.0
18606,18606,122.0,1,664,151.0,1248.0,0,122.0
18607,18607,123.0,1,664,127.0,904.0,1,122.0
18608,18608,124.0,1,664,85.0,603.0,2,122.0
18609,18609,125.0,1,664,83.0,534.0,3,122.0
18610,18610,126.0,1,664,40.0,385.0,4,122.0
18611,18611,127.0,1,664,67.0,362.0,5,122.0
18612,18612,128.0,1,664,231.0,1662.0,6,122.0
18613,18613,129.0,1,664,161.0,1332.0,7,122.0
18614,18614,130.0,1,664,95.0,741.0,8,122.0
18615,18615,131.0,1,664,81.0,581.0,9,122.0
18616,18616,132.0,1,664,85.0,672.0,10,122.0
18617,18617,133.0,1,664,98.0,592.0,11,122.0
18618,18618,134.0,1,664,125.0,780.0,12,122.0
18619,18619,135.0,1,664,116.0,818.0,13,122.0
18620,18620,120.0,0,665,3.0,1.0,-14,134.0
18621,18621,121.0,0,665,1.0,0.0,-13,134.0
18622,18622,122.0,0,665,1.0,2.0,-12,134.0
18623,18623,123.0,0,665,2.0,4.0,-11,134.0
18624,18624,124.0,0,665,0.0,0.0,-10,134.0
18625,18625,125.0,0,665,3.0,1.0,-9,134.0
18626,18626,126.0,0,665,6.0,0.0,-8,134.0
18627,18627,127.0,0,665,2.0,1.0,-7,134.0
18628,18628,128.0,0,665,4.0,2.0,-6,134.0
18629,18629,129.0,0,665,0.0,1.0,-5,134.0
18630,18630,130.0,0,665,2.0,0.0,-4,134.0
18631,18631,131.0,0,665,1.0,0.0,-3,134.0
18632,18632,132.0,0,665,1.0,1.0,-2,134.0
18633,18633,133.0,0,665,39.0,23.0,-1,134.0
18634,18634,134.0,1,665,9.0,9.0,0,134.0
18635,18635,135.0,1,665,5.0,1.0,1,134.0
18636,18636,136.0,1,665,1.0,0.0,2,134.0
18637,18637,137.0,1,665,2.0,2.0,3,134.0
18638,18638,138.0,1,665,1.0,1.0,4,134.0
18639,18639,139.0,1,665,4.0,2.0,5,134.0
18640,18640,140.0,1,665,0.0,0.0,6,134.0
18641,18641,141.0,1,665,2.0,2.0,7,134.0
18642,18642,142.0,1,665,0.0,0.0,8,134.0
18643,18643,143.0,1,665,3.0,3.0,9,134.0
18644,18644,144.0,1,665,2.0,2.0,10,134.0
18645,18645,145.0,1,665,0.0,1.0,11,134.0
18646,18646,146.0,1,665,0.0,0.0,12,134.0
18647,18647,147.0,1,665,0.0,0.0,13,134.0
18648,18648,87.0,0,666,1661.0,562.0,-14,101.0
18649,18649,88.0,0,666,449.0,171.0,-13,101.0
18650,18650,89.0,0,666,360.0,1602.0,-12,101.0
18651,18651,90.0,0,666,102.0,281.0,-11,101.0
18652,18652,91.0,0,666,368.0,258.0,-10,101.0
18653,18653,92.0,0,666,39.0,54.0,-9,101.0
18654,18654,93.0,0,666,1322.0,712.0,-8,101.0
18655,18655,94.0,0,666,193.0,150.0,-7,101.0
18656,18656,95.0,0,666,65.0,58.0,-6,101.0
18657,18657,96.0,0,666,24.0,22.0,-5,101.0
18658,18658,97.0,0,666,24.0,29.0,-4,101.0
18659,18659,98.0,0,666,23.0,21.0,-3,101.0
18660,18660,99.0,0,666,273.0,140.0,-2,101.0
18661,18661,100.0,0,666,44.0,24.0,-1,101.0
18662,18662,101.0,1,666,55.0,51.0,0,101.0
18663,18663,102.0,1,666,21.0,34.0,1,101.0
18664,18664,103.0,1,666,21.0,50.0,2,101.0
18665,18665,104.0,1,666,28.0,50.0,3,101.0
18666,18666,105.0,1,666,9.0,34.0,4,101.0
18667,18667,106.0,1,666,5.0,24.0,5,101.0
18668,18668,107.0,1,666,16.0,40.0,6,101.0
18669,18669,108.0,1,666,290.0,283.0,7,101.0
18670,18670,109.0,1,666,61.0,73.0,8,101.0
18671,18671,110.0,1,666,12.0,34.0,9,101.0
18672,18672,111.0,1,666,7.0,19.0,10,101.0
18673,18673,112.0,1,666,9.0,19.0,11,101.0
18674,18674,113.0,1,666,12.0,26.0,12,101.0
18675,18675,114.0,1,666,11.0,22.0,13,101.0
18676,18676,41.0,0,667,230.0,593.0,-14,55.0
18677,18677,42.0,0,667,153.0,483.0,-13,55.0
18678,18678,43.0,0,667,228.0,604.0,-12,55.0
18679,18679,44.0,0,667,182.0,386.0,-11,55.0
18680,18680,45.0,0,667,157.0,336.0,-10,55.0
18681,18681,46.0,0,667,111.0,252.0,-9,55.0
18682,18682,47.0,0,667,194.0,728.0,-8,55.0
18683,18683,48.0,0,667,156.0,277.0,-7,55.0
18684,18684,49.0,0,667,512.0,598.0,-6,55.0
18685,18685,50.0,0,667,268.0,482.0,-5,55.0
18686,18686,51.0,0,667,199.0,236.0,-4,55.0
18687,18687,52.0,0,667,83.0,135.0,-3,55.0
18688,18688,53.0,0,667,64.0,157.0,-2,55.0
18689,18689,54.0,0,667,250.0,554.0,-1,55.0
18690,18690,55.0,1,667,514.0,586.0,0,55.0
18691,18691,56.0,1,667,78.0,192.0,1,55.0
18692,18692,57.0,1,667,79.0,152.0,2,55.0
18693,18693,58.0,1,667,85.0,118.0,3,55.0
18694,18694,59.0,1,667,120.0,154.0,4,55.0
18695,18695,60.0,1,667,41.0,91.0,5,55.0
18696,18696,61.0,1,667,24.0,77.0,6,55.0
18697,18697,62.0,1,667,25.0,56.0,7,55.0
18698,18698,63.0,1,667,17.0,69.0,8,55.0
18699,18699,64.0,1,667,21.0,43.0,9,55.0
18700,18700,65.0,1,667,231.0,250.0,10,55.0
18701,18701,66.0,1,667,81.0,129.0,11,55.0
18702,18702,67.0,1,667,21.0,58.0,12,55.0
18703,18703,68.0,1,667,12.0,62.0,13,55.0
18704,18704,59.0,0,668,50.0,106.0,-14,73.0
18705,18705,60.0,0,668,20.0,38.0,-13,73.0
18706,18706,61.0,0,668,17.0,67.0,-12,73.0
18707,18707,62.0,0,668,26.0,100.0,-11,73.0
18708,18708,63.0,0,668,16.0,55.0,-10,73.0
18709,18709,64.0,0,668,17.0,35.0,-9,73.0
18710,18710,65.0,0,668,8.0,30.0,-8,73.0
18711,18711,66.0,0,668,13.0,35.0,-7,73.0
18712,18712,67.0,0,668,7.0,18.0,-6,73.0
18713,18713,68.0,0,668,9.0,25.0,-5,73.0
18714,18714,69.0,0,668,7.0,32.0,-4,73.0
18715,18715,70.0,0,668,13.0,22.0,-3,73.0
18716,18716,71.0,0,668,3.0,28.0,-2,73.0
18717,18717,72.0,0,668,5.0,14.0,-1,73.0
18718,18718,73.0,1,668,45.0,49.0,0,73.0
18719,18719,74.0,1,668,32.0,54.0,1,73.0
18720,18720,75.0,1,668,19.0,31.0,2,73.0
18721,18721,76.0,1,668,19.0,16.0,3,73.0
18722,18722,77.0,1,668,9.0,18.0,4,73.0
18723,18723,78.0,1,668,5.0,14.0,5,73.0
18724,18724,79.0,1,668,10.0,28.0,6,73.0
18725,18725,80.0,1,668,9.0,22.0,7,73.0
18726,18726,81.0,1,668,13.0,18.0,8,73.0
18727,18727,82.0,1,668,7.0,14.0,9,73.0
18728,18728,83.0,1,668,27.0,46.0,10,73.0
18729,18729,84.0,1,668,44.0,50.0,11,73.0
18730,18730,85.0,1,668,6.0,23.0,12,73.0
18731,18731,86.0,1,668,8.0,23.0,13,73.0
18732,18732,45.0,0,669,0.0,0.0,-14,59.0
18733,18733,46.0,0,669,5.0,3.0,-13,59.0
18734,18734,47.0,0,669,0.0,0.0,-12,59.0
18735,18735,48.0,0,669,0.0,0.0,-11,59.0
18736,18736,49.0,0,669,0.0,1.0,-10,59.0
18737,18737,50.0,0,669,0.0,1.0,-9,59.0
18738,18738,51.0,0,669,0.0,0.0,-8,59.0
18739,18739,52.0,0,669,0.0,0.0,-7,59.0
18740,18740,53.0,0,669,0.0,1.0,-6,59.0
18741,18741,54.0,0,669,1.0,0.0,-5,59.0
18742,18742,55.0,0,669,0.0,0.0,-4,59.0
18743,18743,56.0,0,669,0.0,0.0,-3,59.0
18744,18744,57.0,0,669,0.0,0.0,-2,59.0
18745,18745,58.0,0,669,0.0,0.0,-1,59.0
18746,18746,59.0,1,669,16.0,2.0,0,59.0
18747,18747,60.0,1,669,0.0,1.0,1,59.0
18748,18748,61.0,1,669,0.0,0.0,2,59.0
18749,18749,62.0,1,669,0.0,0.0,3,59.0
18750,18750,63.0,1,669,0.0,0.0,4,59.0
18751,18751,64.0,1,669,0.0,2.0,5,59.0
18752,18752,65.0,1,669,0.0,0.0,6,59.0
18753,18753,66.0,1,669,0.0,1.0,7,59.0
18754,18754,67.0,1,669,1.0,0.0,8,59.0
18755,18755,68.0,1,669,0.0,0.0,9,59.0
18756,18756,69.0,1,669,0.0,0.0,10,59.0
18757,18757,70.0,1,669,1.0,1.0,11,59.0
18758,18758,71.0,1,669,0.0,1.0,12,59.0
18759,18759,72.0,1,669,0.0,0.0,13,59.0
18760,18760,222.0,0,670,6.0,2.0,-14,236.0
18761,18761,223.0,0,670,4.0,4.0,-13,236.0
18762,18762,224.0,0,670,11.0,6.0,-12,236.0
18763,18763,225.0,0,670,0.0,5.0,-11,236.0
18764,18764,226.0,0,670,2.0,3.0,-10,236.0
18765,18765,227.0,0,670,1.0,0.0,-9,236.0
18766,18766,228.0,0,670,1.0,1.0,-8,236.0
18767,18767,229.0,0,670,22.0,4.0,-7,236.0
18768,18768,230.0,0,670,9.0,5.0,-6,236.0
18769,18769,231.0,0,670,4.0,0.0,-5,236.0
18770,18770,232.0,0,670,1.0,6.0,-4,236.0
18771,18771,233.0,0,670,1.0,0.0,-3,236.0
18772,18772,234.0,0,670,3.0,1.0,-2,236.0
18773,18773,235.0,0,670,5.0,2.0,-1,236.0
18774,18774,236.0,1,670,5.0,1.0,0,236.0
18775,18775,237.0,1,670,6.0,2.0,1,236.0
18776,18776,238.0,1,670,2.0,2.0,2,236.0
18777,18777,239.0,1,670,3.0,3.0,3,236.0
18778,18778,240.0,1,670,2.0,0.0,4,236.0
18779,18779,241.0,1,670,1.0,1.0,5,236.0
18780,18780,242.0,1,670,2.0,0.0,6,236.0
18781,18781,243.0,1,670,0.0,2.0,7,236.0
18782,18782,244.0,1,670,2.0,1.0,8,236.0
18783,18783,245.0,1,670,4.0,2.0,9,236.0
18784,18784,246.0,1,670,1.0,0.0,10,236.0
18785,18785,247.0,1,670,1.0,1.0,11,236.0
18786,18786,248.0,1,670,6.0,5.0,12,236.0
18787,18787,249.0,1,670,11.0,2.0,13,236.0
18788,18788,23.0,0,671,5.0,36.0,-14,37.0
18789,18789,24.0,0,671,5.0,71.0,-13,37.0
18790,18790,25.0,0,671,6.0,50.0,-12,37.0
18791,18791,26.0,0,671,21.0,553.0,-11,37.0
18792,18792,27.0,0,671,27.0,579.0,-10,37.0
18793,18793,28.0,0,671,65.0,1055.0,-9,37.0
18794,18794,29.0,0,671,67.0,1250.0,-8,37.0
18795,18795,30.0,0,671,124.0,1914.0,-7,37.0
18796,18796,31.0,0,671,917.0,6355.0,-6,37.0
18797,18797,32.0,0,671,1447.0,9834.0,-5,37.0
18798,18798,33.0,0,671,1571.0,16216.0,-4,37.0
18799,18799,34.0,0,671,1257.0,14554.0,-3,37.0
18800,18800,35.0,0,671,1632.0,23233.0,-2,37.0
18801,18801,36.0,0,671,1724.0,19980.0,-1,37.0
18802,18802,37.0,1,671,1386.0,25621.0,0,37.0
18803,18803,38.0,1,671,717.0,18947.0,1,37.0
18804,18804,39.0,1,671,397.0,13207.0,2,37.0
18805,18805,40.0,1,671,254.0,9766.0,3,37.0
18806,18806,41.0,1,671,317.0,13601.0,4,37.0
18807,18807,42.0,1,671,338.0,13960.0,5,37.0
18808,18808,43.0,1,671,182.0,6750.0,6,37.0
18809,18809,44.0,1,671,158.0,4975.0,7,37.0
18810,18810,45.0,1,671,66.0,3038.0,8,37.0
18811,18811,46.0,1,671,57.0,3322.0,9,37.0
18812,18812,47.0,1,671,59.0,2042.0,10,37.0
18813,18813,48.0,1,671,138.0,6567.0,11,37.0
18814,18814,49.0,1,671,94.0,4748.0,12,37.0
18815,18815,50.0,1,671,40.0,2503.0,13,37.0
18816,18816,211.0,0,672,6.0,1.0,-14,225.0
18817,18817,212.0,0,672,10.0,3.0,-13,225.0
18818,18818,213.0,0,672,1.0,4.0,-12,225.0
18819,18819,214.0,0,672,9.0,4.0,-11,225.0
18820,18820,215.0,0,672,8.0,10.0,-10,225.0
18821,18821,216.0,0,672,23.0,10.0,-9,225.0
18822,18822,217.0,0,672,7.0,5.0,-8,225.0
18823,18823,218.0,0,672,8.0,11.0,-7,225.0
18824,18824,219.0,0,672,62.0,51.0,-6,225.0
18825,18825,220.0,0,672,10.0,4.0,-5,225.0
18826,18826,221.0,0,672,6.0,4.0,-4,225.0
18827,18827,222.0,0,672,13.0,4.0,-3,225.0
18828,18828,223.0,0,672,7.0,4.0,-2,225.0
18829,18829,224.0,0,672,2.0,8.0,-1,225.0
18830,18830,225.0,1,672,14.0,4.0,0,225.0
18831,18831,226.0,1,672,9.0,3.0,1,225.0
18832,18832,227.0,1,672,6.0,1.0,2,225.0
18833,18833,228.0,1,672,112.0,73.0,3,225.0
18834,18834,229.0,1,672,23.0,22.0,4,225.0
18835,18835,230.0,1,672,6.0,4.0,5,225.0
18836,18836,231.0,1,672,4.0,6.0,6,225.0
18837,18837,232.0,1,672,1.0,2.0,7,225.0
18838,18838,233.0,1,672,3.0,4.0,8,225.0
18839,18839,234.0,1,672,0.0,0.0,9,225.0
18840,18840,235.0,1,672,7.0,7.0,10,225.0
18841,18841,236.0,1,672,1.0,5.0,11,225.0
18842,18842,237.0,1,672,2.0,7.0,12,225.0
18843,18843,238.0,1,672,5.0,2.0,13,225.0
18844,18844,306.0,0,673,0.0,2.0,-14,320.0
18845,18845,307.0,0,673,1.0,1.0,-13,320.0
18846,18846,308.0,0,673,1.0,2.0,-12,320.0
18847,18847,309.0,0,673,1.0,1.0,-11,320.0
18848,18848,310.0,0,673,0.0,0.0,-10,320.0
18849,18849,311.0,0,673,1.0,1.0,-9,320.0
18850,18850,312.0,0,673,1.0,0.0,-8,320.0
18851,18851,313.0,0,673,0.0,2.0,-7,320.0
18852,18852,314.0,0,673,2.0,0.0,-6,320.0
18853,18853,315.0,0,673,1.0,2.0,-5,320.0
18854,18854,316.0,0,673,1.0,4.0,-4,320.0
18855,18855,317.0,0,673,0.0,2.0,-3,320.0
18856,18856,318.0,0,673,0.0,1.0,-2,320.0
18857,18857,319.0,0,673,211.0,61.0,-1,320.0
18858,18858,320.0,1,673,297.0,175.0,0,320.0
18859,18859,321.0,1,673,33.0,18.0,1,320.0
18860,18860,322.0,1,673,5.0,4.0,2,320.0
18861,18861,323.0,1,673,2.0,3.0,3,320.0
18862,18862,324.0,1,673,12.0,5.0,4,320.0
18863,18863,325.0,1,673,3.0,1.0,5,320.0
18864,18864,326.0,1,673,1.0,1.0,6,320.0
18865,18865,327.0,1,673,3.0,0.0,7,320.0
18866,18866,328.0,1,673,0.0,2.0,8,320.0
18867,18867,329.0,1,673,1.0,2.0,9,320.0
18868,18868,330.0,1,673,0.0,1.0,10,320.0
18869,18869,331.0,1,673,0.0,0.0,11,320.0
18870,18870,332.0,1,673,1.0,0.0,12,320.0
18871,18871,333.0,1,673,0.0,0.0,13,320.0
18872,18872,40.0,0,674,82.0,271.0,-14,54.0
18873,18873,41.0,0,674,78.0,247.0,-13,54.0
18874,18874,42.0,0,674,64.0,146.0,-12,54.0
18875,18875,43.0,0,674,93.0,175.0,-11,54.0
18876,18876,44.0,0,674,43.0,120.0,-10,54.0
18877,18877,45.0,0,674,57.0,320.0,-9,54.0
18878,18878,46.0,0,674,94.0,212.0,-8,54.0
18879,18879,47.0,0,674,89.0,228.0,-7,54.0
18880,18880,48.0,0,674,79.0,182.0,-6,54.0
18881,18881,49.0,0,674,29.0,81.0,-5,54.0
18882,18882,50.0,0,674,31.0,64.0,-4,54.0
18883,18883,51.0,0,674,143.0,211.0,-3,54.0
18884,18884,52.0,0,674,69.0,122.0,-2,54.0
18885,18885,53.0,0,674,89.0,221.0,-1,54.0
18886,18886,54.0,1,674,386.0,375.0,0,54.0
18887,18887,55.0,1,674,111.0,161.0,1,54.0
18888,18888,56.0,1,674,59.0,157.0,2,54.0
18889,18889,57.0,1,674,51.0,108.0,3,54.0
18890,18890,58.0,1,674,36.0,97.0,4,54.0
18891,18891,59.0,1,674,66.0,120.0,5,54.0
18892,18892,60.0,1,674,20.0,41.0,6,54.0
18893,18893,61.0,1,674,19.0,38.0,7,54.0
18894,18894,62.0,1,674,29.0,42.0,8,54.0
18895,18895,63.0,1,674,17.0,42.0,9,54.0
18896,18896,64.0,1,674,14.0,24.0,10,54.0
18897,18897,65.0,1,674,7.0,18.0,11,54.0
18898,18898,66.0,1,674,7.0,21.0,12,54.0
18899,18899,67.0,1,674,15.0,43.0,13,54.0
18900,18900,37.0,0,675,636.0,2587.0,-14,51.0
18901,18901,38.0,0,675,736.0,2895.0,-13,51.0
18902,18902,39.0,0,675,473.0,2217.0,-12,51.0
18903,18903,40.0,0,675,422.0,1726.0,-11,51.0
18904,18904,41.0,0,675,421.0,1942.0,-10,51.0
18905,18905,42.0,0,675,398.0,1967.0,-9,51.0
18906,18906,43.0,0,675,315.0,1338.0,-8,51.0
18907,18907,44.0,0,675,295.0,1144.0,-7,51.0
18908,18908,45.0,0,675,320.0,1037.0,-6,51.0
18909,18909,46.0,0,675,143.0,566.0,-5,51.0
18910,18910,47.0,0,675,128.0,562.0,-4,51.0
18911,18911,48.0,0,675,164.0,502.0,-3,51.0
18912,18912,49.0,0,675,134.0,409.0,-2,51.0
18913,18913,50.0,0,675,223.0,639.0,-1,51.0
18914,18914,51.0,1,675,357.0,716.0,0,51.0
18915,18915,52.0,1,675,202.0,663.0,1,51.0
18916,18916,53.0,1,675,504.0,1014.0,2,51.0
18917,18917,54.0,1,675,590.0,1003.0,3,51.0
18918,18918,55.0,1,675,263.0,547.0,4,51.0
18919,18919,56.0,1,675,101.0,308.0,5,51.0
18920,18920,57.0,1,675,148.0,374.0,6,51.0
18921,18921,58.0,1,675,248.0,503.0,7,51.0
18922,18922,59.0,1,675,284.0,623.0,8,51.0
18923,18923,60.0,1,675,139.0,359.0,9,51.0
18924,18924,61.0,1,675,116.0,309.0,10,51.0
18925,18925,62.0,1,675,96.0,267.0,11,51.0
18926,18926,63.0,1,675,88.0,223.0,12,51.0
18927,18927,64.0,1,675,81.0,177.0,13,51.0
18928,18928,246.0,0,676,0.0,3.0,-14,260.0
18929,18929,247.0,0,676,2.0,2.0,-13,260.0
18930,18930,248.0,0,676,1.0,0.0,-12,260.0
18931,18931,249.0,0,676,0.0,0.0,-11,260.0
18932,18932,250.0,0,676,0.0,0.0,-10,260.0
18933,18933,251.0,0,676,0.0,0.0,-9,260.0
18934,18934,252.0,0,676,1.0,1.0,-8,260.0
18935,18935,253.0,0,676,1.0,0.0,-7,260.0
18936,18936,254.0,0,676,8.0,4.0,-6,260.0
18937,18937,255.0,0,676,2.0,1.0,-5,260.0
18938,18938,256.0,0,676,0.0,1.0,-4,260.0
18939,18939,257.0,0,676,0.0,0.0,-3,260.0
18940,18940,258.0,0,676,0.0,1.0,-2,260.0
18941,18941,259.0,0,676,0.0,1.0,-1,260.0
18942,18942,260.0,1,676,9.0,0.0,0,260.0
18943,18943,261.0,1,676,1.0,0.0,1,260.0
18944,18944,262.0,1,676,0.0,0.0,2,260.0
18945,18945,263.0,1,676,0.0,2.0,3,260.0
18946,18946,264.0,1,676,1.0,2.0,4,260.0
18947,18947,265.0,1,676,0.0,1.0,5,260.0
18948,18948,266.0,1,676,0.0,1.0,6,260.0
18949,18949,267.0,1,676,1.0,14.0,7,260.0
18950,18950,268.0,1,676,2.0,2.0,8,260.0
18951,18951,269.0,1,676,0.0,1.0,9,260.0
18952,18952,270.0,1,676,1.0,1.0,10,260.0
18953,18953,271.0,1,676,0.0,0.0,11,260.0
18954,18954,272.0,1,676,0.0,0.0,12,260.0
18955,18955,273.0,1,676,0.0,1.0,13,260.0
18956,18956,51.0,0,677,1041.0,2808.0,-14,65.0
18957,18957,52.0,0,677,791.0,2413.0,-13,65.0
18958,18958,53.0,0,677,537.0,1808.0,-12,65.0
18959,18959,54.0,0,677,576.0,1789.0,-11,65.0
18960,18960,55.0,0,677,539.0,1685.0,-10,65.0
18961,18961,56.0,0,677,420.0,1292.0,-9,65.0
18962,18962,57.0,0,677,351.0,1010.0,-8,65.0
18963,18963,58.0,0,677,1035.0,1383.0,-7,65.0
18964,18964,59.0,0,677,863.0,1416.0,-6,65.0
18965,18965,60.0,0,677,1498.0,2291.0,-5,65.0
18966,18966,61.0,0,677,657.0,1377.0,-4,65.0
18967,18967,62.0,0,677,795.0,2299.0,-3,65.0
18968,18968,63.0,0,677,397.0,1288.0,-2,65.0
18969,18969,64.0,0,677,265.0,633.0,-1,65.0
18970,18970,65.0,1,677,203.0,695.0,0,65.0
18971,18971,66.0,1,677,316.0,793.0,1,65.0
18972,18972,67.0,1,677,256.0,638.0,2,65.0
18973,18973,68.0,1,677,162.0,595.0,3,65.0
18974,18974,69.0,1,677,253.0,650.0,4,65.0
18975,18975,70.0,1,677,306.0,1071.0,5,65.0
18976,18976,71.0,1,677,218.0,668.0,6,65.0
18977,18977,72.0,1,677,217.0,619.0,7,65.0
18978,18978,73.0,1,677,589.0,2140.0,8,65.0
18979,18979,74.0,1,677,240.0,831.0,9,65.0
18980,18980,75.0,1,677,161.0,464.0,10,65.0
18981,18981,76.0,1,677,92.0,394.0,11,65.0
18982,18982,77.0,1,677,83.0,338.0,12,65.0
18983,18983,78.0,1,677,126.0,469.0,13,65.0
18984,18984,242.0,0,678,88.0,86.0,-14,256.0
18985,18985,243.0,0,678,54.0,62.0,-13,256.0
18986,18986,244.0,0,678,27.0,44.0,-12,256.0
18987,18987,245.0,0,678,6.0,35.0,-11,256.0
18988,18988,246.0,0,678,7.0,29.0,-10,256.0
18989,18989,247.0,0,678,12.0,29.0,-9,256.0
18990,18990,248.0,0,678,9.0,28.0,-8,256.0
18991,18991,249.0,0,678,11.0,32.0,-7,256.0
18992,18992,250.0,0,678,19.0,32.0,-6,256.0
18993,18993,251.0,0,678,48.0,102.0,-5,256.0
18994,18994,252.0,0,678,31.0,57.0,-4,256.0
18995,18995,253.0,0,678,13.0,36.0,-3,256.0
18996,18996,254.0,0,678,22.0,27.0,-2,256.0
18997,18997,255.0,0,678,29.0,32.0,-1,256.0
18998,18998,256.0,1,678,27.0,53.0,0,256.0
18999,18999,257.0,1,678,57.0,52.0,1,256.0
19000,19000,258.0,1,678,94.0,47.0,2,256.0
19001,19001,259.0,1,678,166.0,169.0,3,256.0
19002,19002,260.0,1,678,72.0,148.0,4,256.0
19003,19003,261.0,1,678,63.0,48.0,5,256.0
19004,19004,262.0,1,678,24.0,42.0,6,256.0
19005,19005,263.0,1,678,23.0,24.0,7,256.0
19006,19006,264.0,1,678,24.0,43.0,8,256.0
19007,19007,265.0,1,678,12.0,29.0,9,256.0
19008,19008,266.0,1,678,12.0,35.0,10,256.0
19009,19009,267.0,1,678,12.0,42.0,11,256.0
19010,19010,268.0,1,678,8.0,23.0,12,256.0
19011,19011,269.0,1,678,14.0,29.0,13,256.0
19012,19012,217.0,0,679,3.0,11.0,-14,231.0
19013,19013,218.0,0,679,3.0,3.0,-13,231.0
19014,19014,219.0,0,679,4.0,7.0,-12,231.0
19015,19015,220.0,0,679,3.0,4.0,-11,231.0
19016,19016,221.0,0,679,0.0,6.0,-10,231.0
19017,19017,222.0,0,679,3.0,2.0,-9,231.0
19018,19018,223.0,0,679,3.0,6.0,-8,231.0
19019,19019,224.0,0,679,4.0,12.0,-7,231.0
19020,19020,225.0,0,679,6.0,3.0,-6,231.0
19021,19021,226.0,0,679,5.0,8.0,-5,231.0
19022,19022,227.0,0,679,5.0,5.0,-4,231.0
19023,19023,228.0,0,679,3.0,4.0,-3,231.0
19024,19024,229.0,0,679,4.0,7.0,-2,231.0
19025,19025,230.0,0,679,9.0,8.0,-1,231.0
19026,19026,231.0,1,679,18.0,14.0,0,231.0
19027,19027,232.0,1,679,4.0,7.0,1,231.0
19028,19028,233.0,1,679,6.0,9.0,2,231.0
19029,19029,234.0,1,679,20.0,26.0,3,231.0
19030,19030,235.0,1,679,8.0,14.0,4,231.0
19031,19031,236.0,1,679,1.0,6.0,5,231.0
19032,19032,237.0,1,679,5.0,14.0,6,231.0
19033,19033,238.0,1,679,8.0,8.0,7,231.0
19034,19034,239.0,1,679,7.0,6.0,8,231.0
19035,19035,240.0,1,679,2.0,13.0,9,231.0
19036,19036,241.0,1,679,1.0,4.0,10,231.0
19037,19037,242.0,1,679,1.0,7.0,11,231.0
19038,19038,243.0,1,679,13.0,11.0,12,231.0
19039,19039,244.0,1,679,6.0,5.0,13,231.0
19040,19040,188.0,0,680,2.0,1.0,-14,202.0
19041,19041,189.0,0,680,11.0,10.0,-13,202.0
19042,19042,190.0,0,680,3.0,1.0,-12,202.0
19043,19043,191.0,0,680,2.0,2.0,-11,202.0
19044,19044,192.0,0,680,6.0,3.0,-10,202.0
19045,19045,193.0,0,680,43.0,55.0,-9,202.0
19046,19046,194.0,0,680,151.0,213.0,-8,202.0
19047,19047,195.0,0,680,19.0,28.0,-7,202.0
19048,19048,196.0,0,680,19.0,24.0,-6,202.0
19049,19049,197.0,0,680,4.0,9.0,-5,202.0
19050,19050,198.0,0,680,117.0,71.0,-4,202.0
19051,19051,199.0,0,680,73.0,38.0,-3,202.0
19052,19052,200.0,0,680,18.0,5.0,-2,202.0
19053,19053,201.0,0,680,14.0,15.0,-1,202.0
19054,19054,202.0,1,680,15.0,5.0,0,202.0
19055,19055,203.0,1,680,6.0,4.0,1,202.0
19056,19056,204.0,1,680,8.0,2.0,2,202.0
19057,19057,205.0,1,680,3.0,2.0,3,202.0
19058,19058,206.0,1,680,6.0,4.0,4,202.0
19059,19059,207.0,1,680,6.0,6.0,5,202.0
19060,19060,208.0,1,680,5.0,4.0,6,202.0
19061,19061,209.0,1,680,30.0,7.0,7,202.0
19062,19062,210.0,1,680,8.0,4.0,8,202.0
19063,19063,211.0,1,680,10.0,12.0,9,202.0
19064,19064,212.0,1,680,4.0,1.0,10,202.0
19065,19065,213.0,1,680,18.0,7.0,11,202.0
19066,19066,214.0,1,680,19.0,8.0,12,202.0
19067,19067,215.0,1,680,9.0,17.0,13,202.0
19068,19068,181.0,0,681,1.0,1.0,-14,195.0
19069,19069,182.0,0,681,5.0,7.0,-13,195.0
19070,19070,183.0,0,681,4.0,5.0,-12,195.0
19071,19071,184.0,0,681,2.0,7.0,-11,195.0
19072,19072,185.0,0,681,7.0,6.0,-10,195.0
19073,19073,186.0,0,681,39.0,26.0,-9,195.0
19074,19074,187.0,0,681,15.0,23.0,-8,195.0
19075,19075,188.0,0,681,4.0,12.0,-7,195.0
19076,19076,189.0,0,681,10.0,11.0,-6,195.0
19077,19077,190.0,0,681,16.0,21.0,-5,195.0
19078,19078,191.0,0,681,16.0,22.0,-4,195.0
19079,19079,192.0,0,681,9.0,3.0,-3,195.0
19080,19080,193.0,0,681,6.0,9.0,-2,195.0
19081,19081,194.0,0,681,16.0,24.0,-1,195.0
19082,19082,195.0,1,681,46.0,24.0,0,195.0
19083,19083,196.0,1,681,7.0,20.0,1,195.0
19084,19084,197.0,1,681,3.0,5.0,2,195.0
19085,19085,198.0,1,681,4.0,11.0,3,195.0
19086,19086,199.0,1,681,10.0,14.0,4,195.0
19087,19087,200.0,1,681,11.0,12.0,5,195.0
19088,19088,201.0,1,681,8.0,21.0,6,195.0
19089,19089,202.0,1,681,33.0,25.0,7,195.0
19090,19090,203.0,1,681,5.0,23.0,8,195.0
19091,19091,204.0,1,681,21.0,87.0,9,195.0
19092,19092,205.0,1,681,31.0,88.0,10,195.0
19093,19093,206.0,1,681,10.0,47.0,11,195.0
19094,19094,207.0,1,681,8.0,16.0,12,195.0
19095,19095,208.0,1,681,5.0,28.0,13,195.0
19096,19096,156.0,0,682,5.0,3.0,-14,170.0
19097,19097,157.0,0,682,3.0,3.0,-13,170.0
19098,19098,158.0,0,682,3.0,0.0,-12,170.0
19099,19099,159.0,0,682,0.0,2.0,-11,170.0
19100,19100,160.0,0,682,1.0,1.0,-10,170.0
19101,19101,161.0,0,682,1.0,1.0,-9,170.0
19102,19102,162.0,0,682,132.0,172.0,-8,170.0
19103,19103,163.0,0,682,37.0,29.0,-7,170.0
19104,19104,164.0,0,682,29.0,17.0,-6,170.0
19105,19105,165.0,0,682,5.0,8.0,-5,170.0
19106,19106,166.0,0,682,7.0,10.0,-4,170.0
19107,19107,167.0,0,682,60.0,53.0,-3,170.0
19108,19108,168.0,0,682,10.0,16.0,-2,170.0
19109,19109,169.0,0,682,142.0,109.0,-1,170.0
19110,19110,170.0,1,682,138.0,133.0,0,170.0
19111,19111,171.0,1,682,48.0,43.0,1,170.0
19112,19112,172.0,1,682,15.0,16.0,2,170.0
19113,19113,173.0,1,682,3.0,7.0,3,170.0
19114,19114,174.0,1,682,5.0,5.0,4,170.0
19115,19115,175.0,1,682,6.0,13.0,5,170.0
19116,19116,176.0,1,682,17.0,32.0,6,170.0
19117,19117,177.0,1,682,14.0,27.0,7,170.0
19118,19118,178.0,1,682,131.0,73.0,8,170.0
19119,19119,179.0,1,682,27.0,21.0,9,170.0
19120,19120,180.0,1,682,132.0,92.0,10,170.0
19121,19121,181.0,1,682,30.0,35.0,11,170.0
19122,19122,182.0,1,682,11.0,16.0,12,170.0
19123,19123,183.0,1,682,49.0,46.0,13,170.0
19124,19124,41.0,0,683,55.0,173.0,-14,55.0
19125,19125,42.0,0,683,50.0,139.0,-13,55.0
19126,19126,43.0,0,683,47.0,106.0,-12,55.0
19127,19127,44.0,0,683,203.0,333.0,-11,55.0
19128,19128,45.0,0,683,120.0,227.0,-10,55.0
19129,19129,46.0,0,683,82.0,164.0,-9,55.0
19130,19130,47.0,0,683,44.0,75.0,-8,55.0
19131,19131,48.0,0,683,74.0,95.0,-7,55.0
19132,19132,49.0,0,683,123.0,159.0,-6,55.0
19133,19133,50.0,0,683,90.0,168.0,-5,55.0
19134,19134,51.0,0,683,47.0,61.0,-4,55.0
19135,19135,52.0,0,683,35.0,48.0,-3,55.0
19136,19136,53.0,0,683,24.0,58.0,-2,55.0
19137,19137,54.0,0,683,72.0,81.0,-1,55.0
19138,19138,55.0,1,683,46.0,45.0,0,55.0
19139,19139,56.0,1,683,11.0,30.0,1,55.0
19140,19140,57.0,1,683,12.0,35.0,2,55.0
19141,19141,58.0,1,683,26.0,55.0,3,55.0
19142,19142,59.0,1,683,85.0,115.0,4,55.0
19143,19143,60.0,1,683,20.0,52.0,5,55.0
19144,19144,61.0,1,683,15.0,27.0,6,55.0
19145,19145,62.0,1,683,22.0,39.0,7,55.0
19146,19146,63.0,1,683,8.0,24.0,8,55.0
19147,19147,64.0,1,683,16.0,37.0,9,55.0
19148,19148,65.0,1,683,10.0,29.0,10,55.0
19149,19149,66.0,1,683,8.0,18.0,11,55.0
19150,19150,67.0,1,683,12.0,28.0,12,55.0
19151,19151,68.0,1,683,8.0,25.0,13,55.0
19152,19152,117.0,0,684,0.0,0.0,-14,131.0
19153,19153,118.0,0,684,0.0,0.0,-13,131.0
19154,19154,119.0,0,684,0.0,1.0,-12,131.0
19155,19155,120.0,0,684,0.0,0.0,-11,131.0
19156,19156,121.0,0,684,0.0,0.0,-10,131.0
19157,19157,122.0,0,684,1.0,0.0,-9,131.0
19158,19158,123.0,0,684,0.0,0.0,-8,131.0
19159,19159,124.0,0,684,0.0,0.0,-7,131.0
19160,19160,125.0,0,684,0.0,0.0,-6,131.0
19161,19161,126.0,0,684,0.0,0.0,-5,131.0
19162,19162,127.0,0,684,0.0,0.0,-4,131.0
19163,19163,128.0,0,684,0.0,0.0,-3,131.0
19164,19164,129.0,0,684,0.0,0.0,-2,131.0
19165,19165,130.0,0,684,0.0,0.0,-1,131.0
19166,19166,131.0,1,684,2.0,0.0,0,131.0
19167,19167,132.0,1,684,0.0,0.0,1,131.0
19168,19168,133.0,1,684,1.0,0.0,2,131.0
19169,19169,134.0,1,684,0.0,0.0,3,131.0
19170,19170,135.0,1,684,0.0,0.0,4,131.0
19171,19171,136.0,1,684,0.0,0.0,5,131.0
19172,19172,137.0,1,684,0.0,0.0,6,131.0
19173,19173,138.0,1,684,0.0,0.0,7,131.0
19174,19174,139.0,1,684,0.0,0.0,8,131.0
19175,19175,140.0,1,684,0.0,0.0,9,131.0
19176,19176,141.0,1,684,0.0,0.0,10,131.0
19177,19177,142.0,1,684,0.0,0.0,11,131.0
19178,19178,143.0,1,684,0.0,0.0,12,131.0
19179,19179,144.0,1,684,0.0,0.0,13,131.0
19180,19180,89.0,0,685,61.0,166.0,-14,103.0
19181,19181,90.0,0,685,71.0,204.0,-13,103.0
19182,19182,91.0,0,685,46.0,138.0,-12,103.0
19183,19183,92.0,0,685,988.0,762.0,-11,103.0
19184,19184,93.0,0,685,715.0,863.0,-10,103.0
19185,19185,94.0,0,685,226.0,312.0,-9,103.0
19186,19186,95.0,0,685,95.0,226.0,-8,103.0
19187,19187,96.0,0,685,113.0,307.0,-7,103.0
19188,19188,97.0,0,685,65.0,128.0,-6,103.0
19189,19189,98.0,0,685,77.0,156.0,-5,103.0
19190,19190,99.0,0,685,179.0,413.0,-4,103.0
19191,19191,100.0,0,685,70.0,159.0,-3,103.0
19192,19192,101.0,0,685,236.0,754.0,-2,103.0
19193,19193,102.0,0,685,172.0,681.0,-1,103.0
19194,19194,103.0,1,685,402.0,850.0,0,103.0
19195,19195,104.0,1,685,125.0,709.0,1,103.0
19196,19196,105.0,1,685,59.0,563.0,2,103.0
19197,19197,106.0,1,685,45.0,434.0,3,103.0
19198,19198,107.0,1,685,64.0,522.0,4,103.0
19199,19199,108.0,1,685,84.0,555.0,5,103.0
19200,19200,109.0,1,685,74.0,525.0,6,103.0
19201,19201,110.0,1,685,57.0,395.0,7,103.0
19202,19202,111.0,1,685,142.0,561.0,8,103.0
19203,19203,112.0,1,685,34.0,248.0,9,103.0
19204,19204,113.0,1,685,30.0,229.0,10,103.0
19205,19205,114.0,1,685,43.0,329.0,11,103.0
19206,19206,115.0,1,685,227.0,1149.0,12,103.0
19207,19207,116.0,1,685,158.0,1159.0,13,103.0
19208,19208,51.0,0,686,3.0,8.0,-14,65.0
19209,19209,52.0,0,686,8.0,16.0,-13,65.0
19210,19210,53.0,0,686,3.0,7.0,-12,65.0
19211,19211,54.0,0,686,4.0,6.0,-11,65.0
19212,19212,55.0,0,686,3.0,14.0,-10,65.0
19213,19213,56.0,0,686,4.0,14.0,-9,65.0
19214,19214,57.0,0,686,6.0,12.0,-8,65.0
19215,19215,58.0,0,686,6.0,6.0,-7,65.0
19216,19216,59.0,0,686,3.0,7.0,-6,65.0
19217,19217,60.0,0,686,4.0,8.0,-5,65.0
19218,19218,61.0,0,686,2.0,5.0,-4,65.0
19219,19219,62.0,0,686,0.0,4.0,-3,65.0
19220,19220,63.0,0,686,1.0,2.0,-2,65.0
19221,19221,64.0,0,686,1843.0,1851.0,-1,65.0
19222,19222,65.0,1,686,546.0,600.0,0,65.0
19223,19223,66.0,1,686,88.0,65.0,1,65.0
19224,19224,67.0,1,686,26.0,54.0,2,65.0
19225,19225,68.0,1,686,16.0,13.0,3,65.0
19226,19226,69.0,1,686,18.0,25.0,4,65.0
19227,19227,70.0,1,686,8.0,12.0,5,65.0
19228,19228,71.0,1,686,21.0,16.0,6,65.0
19229,19229,72.0,1,686,11.0,12.0,7,65.0
19230,19230,73.0,1,686,1.0,11.0,8,65.0
19231,19231,74.0,1,686,11.0,8.0,9,65.0
19232,19232,75.0,1,686,13.0,13.0,10,65.0
19233,19233,76.0,1,686,6.0,7.0,11,65.0
19234,19234,77.0,1,686,9.0,8.0,12,65.0
19235,19235,78.0,1,686,12.0,13.0,13,65.0
19236,19236,40.0,0,687,1567.0,2800.0,-14,54.0
19237,19237,41.0,0,687,1436.0,2465.0,-13,54.0
19238,19238,42.0,0,687,3680.0,7031.0,-12,54.0
19239,19239,43.0,0,687,2656.0,3229.0,-11,54.0
19240,19240,44.0,0,687,1236.0,1671.0,-10,54.0
19241,19241,45.0,0,687,1775.0,2662.0,-9,54.0
19242,19242,46.0,0,687,1104.0,1907.0,-8,54.0
19243,19243,47.0,0,687,919.0,1450.0,-7,54.0
19244,19244,48.0,0,687,852.0,941.0,-6,54.0
19245,19245,49.0,0,687,2626.0,1993.0,-5,54.0
19246,19246,50.0,0,687,935.0,981.0,-4,54.0
19247,19247,51.0,0,687,810.0,952.0,-3,54.0
19248,19248,52.0,0,687,596.0,606.0,-2,54.0
19249,19249,53.0,0,687,419.0,360.0,-1,54.0
19250,19250,54.0,1,687,1014.0,1561.0,0,54.0
19251,19251,55.0,1,687,570.0,1237.0,1,54.0
19252,19252,56.0,1,687,204.0,453.0,2,54.0
19253,19253,57.0,1,687,138.0,350.0,3,54.0
19254,19254,58.0,1,687,283.0,730.0,4,54.0
19255,19255,59.0,1,687,490.0,834.0,5,54.0
19256,19256,60.0,1,687,769.0,1271.0,6,54.0
19257,19257,61.0,1,687,148.0,409.0,7,54.0
19258,19258,62.0,1,687,385.0,660.0,8,54.0
19259,19259,63.0,1,687,144.0,270.0,9,54.0
19260,19260,64.0,1,687,185.0,390.0,10,54.0
19261,19261,65.0,1,687,55.0,144.0,11,54.0
19262,19262,66.0,1,687,220.0,357.0,12,54.0
19263,19263,67.0,1,687,132.0,244.0,13,54.0
19264,19264,32.0,0,688,1304.0,9434.0,-14,46.0
19265,19265,33.0,0,688,1461.0,16470.0,-13,46.0
19266,19266,34.0,0,688,1290.0,18062.0,-12,46.0
19267,19267,35.0,0,688,1534.0,17509.0,-11,46.0
19268,19268,36.0,0,688,1252.0,12971.0,-10,46.0
19269,19269,37.0,0,688,2524.0,25050.0,-9,46.0
19270,19270,38.0,0,688,2190.0,21984.0,-8,46.0
19271,19271,39.0,0,688,1263.0,13315.0,-7,46.0
19272,19272,40.0,0,688,1514.0,15593.0,-6,46.0
19273,19273,41.0,0,688,984.0,9160.0,-5,46.0
19274,19274,42.0,0,688,975.0,11584.0,-4,46.0
19275,19275,43.0,0,688,679.0,6195.0,-3,46.0
19276,19276,44.0,0,688,575.0,4308.0,-2,46.0
19277,19277,45.0,0,688,871.0,6048.0,-1,46.0
19278,19278,46.0,1,688,778.0,8675.0,0,46.0
19279,19279,47.0,1,688,406.0,5354.0,1,46.0
19280,19280,48.0,1,688,284.0,4104.0,2,46.0
19281,19281,49.0,1,688,506.0,6672.0,3,46.0
19282,19282,50.0,1,688,251.0,3746.0,4,46.0
19283,19283,51.0,1,688,221.0,2785.0,5,46.0
19284,19284,52.0,1,688,142.0,2811.0,6,46.0
19285,19285,53.0,1,688,221.0,3678.0,7,46.0
19286,19286,54.0,1,688,260.0,5206.0,8,46.0
19287,19287,55.0,1,688,241.0,5054.0,9,46.0
19288,19288,56.0,1,688,99.0,1963.0,10,46.0
19289,19289,57.0,1,688,333.0,5127.0,11,46.0
19290,19290,58.0,1,688,188.0,2958.0,12,46.0
19291,19291,59.0,1,688,216.0,3586.0,13,46.0
