,unit_id,ever_treated,ts,gain_rate,time_period
0,2,False,-14,1.0,137.0
1,2,False,-13,3.0,138.0
2,2,False,-12,0.0,139.0
3,2,False,-11,1.0,140.0
4,2,False,-10,1.0,141.0
5,2,False,-9,0.0,142.0
6,2,False,-8,0.0,143.0
7,2,False,-7,0.0,144.0
8,2,False,-6,0.0,145.0
9,2,False,-5,0.0,146.0
10,2,False,-4,1.0,147.0
11,2,False,-3,0.0,148.0
12,2,False,-2,1.0,149.0
13,2,False,-1,1.0,150.0
14,2,False,0,0.0,151.0
15,2,False,1,0.0,152.0
16,2,False,2,1.0,153.0
17,2,False,3,1.0,154.0
18,2,False,4,0.0,155.0
19,2,False,5,0.0,156.0
20,2,False,6,0.0,157.0
21,2,False,7,0.0,158.0
22,2,False,8,0.0,159.0
23,2,False,9,0.0,160.0
24,2,False,10,0.0,161.0
25,2,False,11,1.0,162.0
26,2,False,12,1.0,163.0
27,2,False,13,0.0,164.0
28,2,True,-14,0.0,137.0
29,2,True,-13,0.0,138.0
30,2,True,-12,0.0,139.0
31,2,True,-11,1.0,140.0
32,2,True,-10,0.0,141.0
33,2,True,-9,0.0,142.0
34,2,True,-8,0.0,143.0
35,2,True,-7,0.0,144.0
36,2,True,-6,1.0,145.0
37,2,True,-5,0.0,146.0
38,2,True,-4,0.0,147.0
39,2,True,-3,0.0,148.0
40,2,True,-2,0.0,149.0
41,2,True,-1,0.0,150.0
42,2,True,0,0.0,151.0
43,2,True,1,0.0,152.0
44,2,True,2,1.0,153.0
45,2,True,3,0.0,154.0
46,2,True,4,0.0,155.0
47,2,True,5,1.0,156.0
48,2,True,6,0.0,157.0
49,2,True,7,0.0,158.0
50,2,True,8,0.0,159.0
51,2,True,9,1.0,160.0
52,2,True,10,0.0,161.0
53,2,True,11,0.0,162.0
54,2,True,12,0.0,163.0
55,2,True,13,0.0,164.0
56,3,False,-14,5.0,137.0
57,3,False,-13,7.0,138.0
58,3,False,-12,3.0,139.0
59,3,False,-11,13.0,140.0
60,3,False,-10,3.0,141.0
61,3,False,-9,8.0,142.0
62,3,False,-8,4.0,143.0
63,3,False,-7,3.0,144.0
64,3,False,-6,4.0,145.0
65,3,False,-5,5.0,146.0
66,3,False,-4,4.0,147.0
67,3,False,-3,4.0,148.0
68,3,False,-2,21.0,149.0
69,3,False,-1,3.0,150.0
70,3,False,0,5.0,151.0
71,3,False,1,1.0,152.0
72,3,False,2,6.0,153.0
73,3,False,3,4.0,154.0
74,3,False,4,9.0,155.0
75,3,False,5,1.0,156.0
76,3,False,6,2.0,157.0
77,3,False,7,3.0,158.0
78,3,False,8,5.0,159.0
79,3,False,9,4.0,160.0
80,3,False,10,4.0,161.0
81,3,False,11,2.0,162.0
82,3,False,12,1.0,163.0
83,3,False,13,25.0,164.0
84,3,True,-14,2.0,137.0
85,3,True,-13,4.0,138.0
86,3,True,-12,1.0,139.0
87,3,True,-11,11.0,140.0
88,3,True,-10,3.0,141.0
89,3,True,-9,5.0,142.0
90,3,True,-8,4.0,143.0
91,3,True,-7,3.0,144.0
92,3,True,-6,4.0,145.0
93,3,True,-5,3.0,146.0
94,3,True,-4,2.0,147.0
95,3,True,-3,1.0,148.0
96,3,True,-2,5.0,149.0
97,3,True,-1,0.0,150.0
98,3,True,0,4.0,151.0
99,3,True,1,2.0,152.0
100,3,True,2,3.0,153.0
101,3,True,3,1.0,154.0
102,3,True,4,2.0,155.0
103,3,True,5,1.0,156.0
104,3,True,6,2.0,157.0
105,3,True,7,6.0,158.0
106,3,True,8,1.0,159.0
107,3,True,9,8.0,160.0
108,3,True,10,2.0,161.0
109,3,True,11,3.0,162.0
110,3,True,12,4.0,163.0
111,3,True,13,17.0,164.0
112,9,False,-14,0.0,223.0
113,9,False,-13,0.0,224.0
114,9,False,-12,0.0,225.0
115,9,False,-11,1.0,226.0
116,9,False,-10,0.0,227.0
117,9,False,-9,0.0,228.0
118,9,False,-8,0.0,229.0
119,9,False,-7,0.0,230.0
120,9,False,-6,1.0,231.0
121,9,False,-5,0.0,232.0
122,9,False,-4,0.0,233.0
123,9,False,-3,0.0,234.0
124,9,False,-2,0.0,235.0
125,9,False,-1,1.0,236.0
126,9,False,0,0.0,237.0
127,9,False,1,0.0,238.0
128,9,False,2,1.0,239.0
129,9,False,3,0.0,240.0
130,9,False,4,0.0,241.0
131,9,False,5,1.0,242.0
132,9,False,6,0.0,243.0
133,9,False,7,0.0,244.0
134,9,False,8,2.0,245.0
135,9,False,9,0.0,246.0
136,9,False,10,0.0,247.0
137,9,False,11,0.0,248.0
138,9,False,12,0.0,249.0
139,9,False,13,0.0,250.0
140,9,True,-14,0.0,223.0
141,9,True,-13,0.0,224.0
142,9,True,-12,0.0,225.0
143,9,True,-11,0.0,226.0
144,9,True,-10,0.0,227.0
145,9,True,-9,0.0,228.0
146,9,True,-8,0.0,229.0
147,9,True,-7,0.0,230.0
148,9,True,-6,0.0,231.0
149,9,True,-5,0.0,232.0
150,9,True,-4,0.0,233.0
151,9,True,-3,1.0,234.0
152,9,True,-2,0.0,235.0
153,9,True,-1,0.0,236.0
154,9,True,0,0.0,237.0
155,9,True,1,0.0,238.0
156,9,True,2,3.0,239.0
157,9,True,3,0.0,240.0
158,9,True,4,0.0,241.0
159,9,True,5,0.0,242.0
160,9,True,6,1.0,243.0
161,9,True,7,0.0,244.0
162,9,True,8,0.0,245.0
163,9,True,9,0.0,246.0
164,9,True,10,0.0,247.0
165,9,True,11,0.0,248.0
166,9,True,12,0.0,249.0
167,9,True,13,0.0,250.0
168,10,False,-14,2.0,-14.0
169,10,False,-13,0.0,-13.0
170,10,False,-12,2.0,-12.0
171,10,False,-11,3.0,-11.0
172,10,False,-10,1.0,-10.0
173,10,False,-9,2.0,-9.0
174,10,False,-8,0.0,-8.0
175,10,False,-7,1.0,-7.0
176,10,False,-6,2.0,-6.0
177,10,False,-5,1.0,-5.0
178,10,False,-4,2.0,-4.0
179,10,False,-3,0.0,-3.0
180,10,False,-2,2.0,-2.0
181,10,False,-1,3.0,-1.0
182,10,False,0,4.0,0.0
183,10,False,1,3.0,1.0
184,10,False,2,2.0,2.0
185,10,False,3,1.0,3.0
186,10,False,4,4.0,4.0
187,10,False,5,9.0,5.0
188,10,False,6,4.0,6.0
189,10,False,7,5.0,7.0
190,10,False,8,2.0,8.0
191,10,False,9,5.0,9.0
192,10,False,10,0.0,10.0
193,10,False,11,23.0,11.0
194,10,False,12,2.0,12.0
195,10,False,13,14.0,13.0
196,10,True,-14,0.0,-14.0
197,10,True,-13,0.0,-13.0
198,10,True,-12,0.0,-12.0
199,10,True,-11,0.0,-11.0
200,10,True,-10,0.0,-10.0
201,10,True,-9,0.0,-9.0
202,10,True,-8,0.0,-8.0
203,10,True,-7,0.0,-7.0
204,10,True,-6,0.0,-6.0
205,10,True,-5,0.0,-5.0
206,10,True,-4,0.0,-4.0
207,10,True,-3,0.0,-3.0
208,10,True,-2,0.0,-2.0
209,10,True,-1,0.0,-1.0
210,10,True,0,0.0,0.0
211,10,True,1,0.0,1.0
212,10,True,2,0.0,2.0
213,10,True,3,0.0,3.0
214,10,True,4,0.0,4.0
215,10,True,5,0.0,5.0
216,10,True,6,0.0,6.0
217,10,True,7,0.0,7.0
218,10,True,8,0.0,8.0
219,10,True,9,0.0,9.0
220,10,True,10,0.0,10.0
221,10,True,11,0.0,11.0
222,10,True,12,0.0,12.0
223,10,True,13,0.0,13.0
224,12,False,-14,3.0,114.0
225,12,False,-13,0.0,115.0
226,12,False,-12,0.0,116.0
227,12,False,-11,6.0,117.0
228,12,False,-10,9.0,118.0
229,12,False,-9,0.0,119.0
230,12,False,-8,3.0,120.0
231,12,False,-7,2.0,121.0
232,12,False,-6,2.0,122.0
233,12,False,-5,2.0,123.0
234,12,False,-4,4.0,124.0
235,12,False,-3,1.0,125.0
236,12,False,-2,1.0,126.0
237,12,False,-1,6.0,127.0
238,12,False,0,18.0,128.0
239,12,False,1,11.0,129.0
240,12,False,2,0.0,130.0
241,12,False,3,4.0,131.0
242,12,False,4,4.0,132.0
243,12,False,5,25.0,133.0
244,12,False,6,27.0,134.0
245,12,False,7,15.0,135.0
246,12,False,8,2.0,136.0
247,12,False,9,3.0,137.0
248,12,False,10,0.0,138.0
249,12,False,11,0.0,139.0
250,12,False,12,5.0,140.0
251,12,False,13,3.0,141.0
252,12,True,-14,2.0,114.0
253,12,True,-13,1.0,115.0
254,12,True,-12,2.0,116.0
255,12,True,-11,1.0,117.0
256,12,True,-10,4.0,118.0
257,12,True,-9,0.0,119.0
258,12,True,-8,1.0,120.0
259,12,True,-7,1.0,121.0
260,12,True,-6,1.0,122.0
261,12,True,-5,5.0,123.0
262,12,True,-4,4.0,124.0
263,12,True,-3,2.0,125.0
264,12,True,-2,4.0,126.0
265,12,True,-1,1.0,127.0
266,12,True,0,140.0,128.0
267,12,True,1,2.0,129.0
268,12,True,2,3.0,130.0
269,12,True,3,4.0,131.0
270,12,True,4,3.0,132.0
271,12,True,5,14.0,133.0
272,12,True,6,6.0,134.0
273,12,True,7,5.0,135.0
274,12,True,8,1.0,136.0
275,12,True,9,1.0,137.0
276,12,True,10,0.0,138.0
277,12,True,11,2.0,139.0
278,12,True,12,7.0,140.0
279,12,True,13,5.0,141.0
280,13,False,-14,1.0,209.0
281,13,False,-13,1.0,210.0
282,13,False,-12,0.0,211.0
283,13,False,-11,0.0,212.0
284,13,False,-10,0.0,213.0
285,13,False,-9,0.0,214.0
286,13,False,-8,0.0,215.0
287,13,False,-7,1.0,216.0
288,13,False,-6,1.0,217.0
289,13,False,-5,1.0,218.0
290,13,False,-4,2.0,219.0
291,13,False,-3,0.0,220.0
292,13,False,-2,0.0,221.0
293,13,False,-1,0.0,222.0
294,13,False,0,1.0,223.0
295,13,False,1,2.0,224.0
296,13,False,2,1.0,225.0
297,13,False,3,1.0,226.0
298,13,False,4,2.0,227.0
299,13,False,5,0.0,228.0
300,13,False,6,0.0,229.0
301,13,False,7,1.0,230.0
302,13,False,8,1.0,231.0
303,13,False,9,0.0,232.0
304,13,False,10,1.0,233.0
305,13,False,11,1.0,234.0
306,13,False,12,0.0,235.0
307,13,False,13,4.0,236.0
308,13,True,-14,1.0,209.0
309,13,True,-13,2.0,210.0
310,13,True,-12,2.0,211.0
311,13,True,-11,2.0,212.0
312,13,True,-10,0.0,213.0
313,13,True,-9,2.0,214.0
314,13,True,-8,0.0,215.0
315,13,True,-7,1.0,216.0
316,13,True,-6,1.0,217.0
317,13,True,-5,1.0,218.0
318,13,True,-4,0.0,219.0
319,13,True,-3,2.0,220.0
320,13,True,-2,0.0,221.0
321,13,True,-1,0.0,222.0
322,13,True,0,1.0,223.0
323,13,True,1,0.0,224.0
324,13,True,2,0.0,225.0
325,13,True,3,3.0,226.0
326,13,True,4,0.0,227.0
327,13,True,5,0.0,228.0
328,13,True,6,0.0,229.0
329,13,True,7,2.0,230.0
330,13,True,8,1.0,231.0
331,13,True,9,0.0,232.0
332,13,True,10,0.0,233.0
333,13,True,11,1.0,234.0
334,13,True,12,0.0,235.0
335,13,True,13,1.0,236.0
336,14,False,-14,0.0,-6.0
337,14,False,-13,1.0,-5.0
338,14,False,-12,0.0,-4.0
339,14,False,-11,0.0,-3.0
340,14,False,-10,4.0,-2.0
341,14,False,-9,1.0,-1.0
342,14,False,-8,2.0,0.0
343,14,False,-7,10.0,1.0
344,14,False,-6,4.0,2.0
345,14,False,-5,6.0,3.0
346,14,False,-4,5.0,4.0
347,14,False,-3,1.0,5.0
348,14,False,-2,7.0,6.0
349,14,False,-1,10.0,7.0
350,14,False,0,8.0,8.0
351,14,False,1,6.0,9.0
352,14,False,2,7.0,10.0
353,14,False,3,9.0,11.0
354,14,False,4,3.0,12.0
355,14,False,5,3.0,13.0
356,14,False,6,5.0,14.0
357,14,False,7,2.0,15.0
358,14,False,8,2.0,16.0
359,14,False,9,4.0,17.0
360,14,False,10,5.0,18.0
361,14,False,11,3.0,19.0
362,14,False,12,3.0,20.0
363,14,False,13,1.0,21.0
364,14,True,-14,0.0,-6.0
365,14,True,-13,0.0,-5.0
366,14,True,-12,0.0,-4.0
367,14,True,-11,0.0,-3.0
368,14,True,-10,0.0,-2.0
369,14,True,-9,1.0,-1.0
370,14,True,-8,0.0,0.0
371,14,True,-7,8.0,1.0
372,14,True,-6,3.0,2.0
373,14,True,-5,3.0,3.0
374,14,True,-4,2.0,4.0
375,14,True,-3,1.0,5.0
376,14,True,-2,3.0,6.0
377,14,True,-1,2.0,7.0
378,14,True,0,11.0,8.0
379,14,True,1,0.0,9.0
380,14,True,2,0.0,10.0
381,14,True,3,4.0,11.0
382,14,True,4,2.0,12.0
383,14,True,5,0.0,13.0
384,14,True,6,0.0,14.0
385,14,True,7,2.0,15.0
386,14,True,8,1.0,16.0
387,14,True,9,0.0,17.0
388,14,True,10,1.0,18.0
389,14,True,11,1.0,19.0
390,14,True,12,1.0,20.0
391,14,True,13,0.0,21.0
392,17,False,-14,118.0,81.0
393,17,False,-13,101.0,82.0
394,17,False,-12,85.0,83.0
395,17,False,-11,59.0,84.0
396,17,False,-10,80.0,85.0
397,17,False,-9,64.0,86.0
398,17,False,-8,70.0,87.0
399,17,False,-7,62.0,88.0
400,17,False,-6,110.0,89.0
401,17,False,-5,102.0,90.0
402,17,False,-4,119.0,91.0
403,17,False,-3,75.0,92.0
404,17,False,-2,391.0,93.0
405,17,False,-1,588.0,94.0
406,17,False,0,110.0,95.0
407,17,False,1,120.0,96.0
408,17,False,2,97.0,97.0
409,17,False,3,87.0,98.0
410,17,False,4,30.0,99.0
411,17,False,5,15.0,100.0
412,17,False,6,16.0,101.0
413,17,False,7,19.0,102.0
414,17,False,8,18.0,103.0
415,17,False,9,26.0,104.0
416,17,False,10,52.0,105.0
417,17,False,11,57.0,106.0
418,17,False,12,44.0,107.0
419,17,False,13,35.0,108.0
420,17,True,-14,21.0,81.0
421,17,True,-13,26.0,82.0
422,17,True,-12,52.0,83.0
423,17,True,-11,15.0,84.0
424,17,True,-10,34.0,85.0
425,17,True,-9,13.0,86.0
426,17,True,-8,18.0,87.0
427,17,True,-7,16.0,88.0
428,17,True,-6,31.0,89.0
429,17,True,-5,50.0,90.0
430,17,True,-4,54.0,91.0
431,17,True,-3,16.0,92.0
432,17,True,-2,313.0,93.0
433,17,True,-1,415.0,94.0
434,17,True,0,54.0,95.0
435,17,True,1,23.0,96.0
436,17,True,2,44.0,97.0
437,17,True,3,34.0,98.0
438,17,True,4,11.0,99.0
439,17,True,5,6.0,100.0
440,17,True,6,8.0,101.0
441,17,True,7,7.0,102.0
442,17,True,8,0.0,103.0
443,17,True,9,11.0,104.0
444,17,True,10,23.0,105.0
445,17,True,11,6.0,106.0
446,17,True,12,15.0,107.0
447,17,True,13,14.0,108.0
448,18,False,-14,0.0,229.0
449,18,False,-13,0.0,230.0
450,18,False,-12,0.0,231.0
451,18,False,-11,1.0,232.0
452,18,False,-10,1.0,233.0
453,18,False,-9,0.0,234.0
454,18,False,-8,1.0,235.0
455,18,False,-7,0.0,236.0
456,18,False,-6,0.0,237.0
457,18,False,-5,0.0,238.0
458,18,False,-4,0.0,239.0
459,18,False,-3,1.0,240.0
460,18,False,-2,0.0,241.0
461,18,False,-1,0.0,242.0
462,18,False,0,1.0,243.0
463,18,False,1,0.0,244.0
464,18,False,2,0.0,245.0
465,18,False,3,0.0,246.0
466,18,False,4,0.0,247.0
467,18,False,5,0.0,248.0
468,18,False,6,0.0,249.0
469,18,False,7,0.0,250.0
470,18,False,8,0.0,251.0
471,18,False,9,0.0,252.0
472,18,False,10,2.0,253.0
473,18,False,11,1.0,254.0
474,18,False,12,0.0,255.0
475,18,False,13,0.0,256.0
476,18,True,-14,0.0,229.0
477,18,True,-13,0.0,230.0
478,18,True,-12,0.0,231.0
479,18,True,-11,1.0,232.0
480,18,True,-10,0.0,233.0
481,18,True,-9,1.0,234.0
482,18,True,-8,0.0,235.0
483,18,True,-7,0.0,236.0
484,18,True,-6,0.0,237.0
485,18,True,-5,0.0,238.0
486,18,True,-4,0.0,239.0
487,18,True,-3,0.0,240.0
488,18,True,-2,0.0,241.0
489,18,True,-1,0.0,242.0
490,18,True,0,1.0,243.0
491,18,True,1,0.0,244.0
492,18,True,2,0.0,245.0
493,18,True,3,0.0,246.0
494,18,True,4,0.0,247.0
495,18,True,5,1.0,248.0
496,18,True,6,0.0,249.0
497,18,True,7,0.0,250.0
498,18,True,8,0.0,251.0
499,18,True,9,0.0,252.0
500,18,True,10,0.0,253.0
501,18,True,11,1.0,254.0
502,18,True,12,0.0,255.0
503,18,True,13,0.0,256.0
504,21,False,-14,1.0,153.0
505,21,False,-13,0.0,154.0
506,21,False,-12,1.0,155.0
507,21,False,-11,0.0,156.0
508,21,False,-10,1.0,157.0
509,21,False,-9,0.0,158.0
510,21,False,-8,0.0,159.0
511,21,False,-7,0.0,160.0
512,21,False,-6,0.0,161.0
513,21,False,-5,0.0,162.0
514,21,False,-4,1.0,163.0
515,21,False,-3,0.0,164.0
516,21,False,-2,1.0,165.0
517,21,False,-1,1.0,166.0
518,21,False,0,1.0,167.0
519,21,False,1,1.0,168.0
520,21,False,2,0.0,169.0
521,21,False,3,0.0,170.0
522,21,False,4,0.0,171.0
523,21,False,5,0.0,172.0
524,21,False,6,0.0,173.0
525,21,False,7,0.0,174.0
526,21,False,8,0.0,175.0
527,21,False,9,0.0,176.0
528,21,False,10,0.0,177.0
529,21,False,11,0.0,178.0
530,21,False,12,0.0,179.0
531,21,False,13,1.0,180.0
532,21,True,-14,1.0,153.0
533,21,True,-13,0.0,154.0
534,21,True,-12,0.0,155.0
535,21,True,-11,1.0,156.0
536,21,True,-10,0.0,157.0
537,21,True,-9,0.0,158.0
538,21,True,-8,0.0,159.0
539,21,True,-7,0.0,160.0
540,21,True,-6,0.0,161.0
541,21,True,-5,0.0,162.0
542,21,True,-4,0.0,163.0
543,21,True,-3,0.0,164.0
544,21,True,-2,0.0,165.0
545,21,True,-1,1.0,166.0
546,21,True,0,2.0,167.0
547,21,True,1,0.0,168.0
548,21,True,2,0.0,169.0
549,21,True,3,0.0,170.0
550,21,True,4,0.0,171.0
551,21,True,5,0.0,172.0
552,21,True,6,0.0,173.0
553,21,True,7,0.0,174.0
554,21,True,8,0.0,175.0
555,21,True,9,0.0,176.0
556,21,True,10,0.0,177.0
557,21,True,11,0.0,178.0
558,21,True,12,0.0,179.0
559,21,True,13,0.0,180.0
560,22,False,-14,2.0,-12.0
561,22,False,-13,1.0,-11.0
562,22,False,-12,2.0,-10.0
563,22,False,-11,2.0,-9.0
564,22,False,-10,1.0,-8.0
565,22,False,-9,6.0,-7.0
566,22,False,-8,1.0,-6.0
567,22,False,-7,1.0,-5.0
568,22,False,-6,4.0,-4.0
569,22,False,-5,16.0,-3.0
570,22,False,-4,15.0,-2.0
571,22,False,-3,13.0,-1.0
572,22,False,-2,15.0,0.0
573,22,False,-1,14.0,1.0
574,22,False,0,49.0,2.0
575,22,False,1,70.0,3.0
576,22,False,2,56.0,4.0
577,22,False,3,65.0,5.0
578,22,False,4,323.0,6.0
579,22,False,5,61.0,7.0
580,22,False,6,113.0,8.0
581,22,False,7,829.0,9.0
582,22,False,8,539.0,10.0
583,22,False,9,131.0,11.0
584,22,False,10,344.0,12.0
585,22,False,11,115.0,13.0
586,22,False,12,42.0,14.0
587,22,False,13,24.0,15.0
588,22,True,-14,0.0,-12.0
589,22,True,-13,0.0,-11.0
590,22,True,-12,0.0,-10.0
591,22,True,-11,0.0,-9.0
592,22,True,-10,0.0,-8.0
593,22,True,-9,0.0,-7.0
594,22,True,-8,0.0,-6.0
595,22,True,-7,0.0,-5.0
596,22,True,-6,0.0,-4.0
597,22,True,-5,0.0,-3.0
598,22,True,-4,0.0,-2.0
599,22,True,-3,0.0,-1.0
600,22,True,-2,6.0,0.0
601,22,True,-1,5.0,1.0
602,22,True,0,10.0,2.0
603,22,True,1,5.0,3.0
604,22,True,2,1.0,4.0
605,22,True,3,1.0,5.0
606,22,True,4,66.0,6.0
607,22,True,5,6.0,7.0
608,22,True,6,14.0,8.0
609,22,True,7,73.0,9.0
610,22,True,8,30.0,10.0
611,22,True,9,4.0,11.0
612,22,True,10,45.0,12.0
613,22,True,11,5.0,13.0
614,22,True,12,2.0,14.0
615,22,True,13,2.0,15.0
616,23,False,-14,0.0,187.0
617,23,False,-13,0.0,188.0
618,23,False,-12,1.0,189.0
619,23,False,-11,0.0,190.0
620,23,False,-10,0.0,191.0
621,23,False,-9,0.0,192.0
622,23,False,-8,1.0,193.0
623,23,False,-7,0.0,194.0
624,23,False,-6,1.0,195.0
625,23,False,-5,0.0,196.0
626,23,False,-4,0.0,197.0
627,23,False,-3,0.0,198.0
628,23,False,-2,0.0,199.0
629,23,False,-1,0.0,200.0
630,23,False,0,1.0,201.0
631,23,False,1,0.0,202.0
632,23,False,2,0.0,203.0
633,23,False,3,0.0,204.0
634,23,False,4,0.0,205.0
635,23,False,5,1.0,206.0
636,23,False,6,2.0,207.0
637,23,False,7,0.0,208.0
638,23,False,8,0.0,209.0
639,23,False,9,0.0,210.0
640,23,False,10,0.0,211.0
641,23,False,11,0.0,212.0
642,23,False,12,1.0,213.0
643,23,False,13,0.0,214.0
644,23,True,-14,0.0,187.0
645,23,True,-13,0.0,188.0
646,23,True,-12,0.0,189.0
647,23,True,-11,0.0,190.0
648,23,True,-10,0.0,191.0
649,23,True,-9,0.0,192.0
650,23,True,-8,1.0,193.0
651,23,True,-7,0.0,194.0
652,23,True,-6,1.0,195.0
653,23,True,-5,0.0,196.0
654,23,True,-4,0.0,197.0
655,23,True,-3,0.0,198.0
656,23,True,-2,0.0,199.0
657,23,True,-1,0.0,200.0
658,23,True,0,1.0,201.0
659,23,True,1,1.0,202.0
660,23,True,2,0.0,203.0
661,23,True,3,0.0,204.0
662,23,True,4,0.0,205.0
663,23,True,5,0.0,206.0
664,23,True,6,0.0,207.0
665,23,True,7,1.0,208.0
666,23,True,8,0.0,209.0
667,23,True,9,0.0,210.0
668,23,True,10,0.0,211.0
669,23,True,11,0.0,212.0
670,23,True,12,0.0,213.0
671,23,True,13,0.0,214.0
672,24,False,-14,0.0,1.0
673,24,False,-13,0.0,2.0
674,24,False,-12,0.0,3.0
675,24,False,-11,0.0,4.0
676,24,False,-10,16.0,5.0
677,24,False,-9,29.0,6.0
678,24,False,-8,5.0,7.0
679,24,False,-7,14.0,8.0
680,24,False,-6,3.0,9.0
681,24,False,-5,14.0,10.0
682,24,False,-4,1.0,11.0
683,24,False,-3,5.0,12.0
684,24,False,-2,11.0,13.0
685,24,False,-1,12.0,14.0
686,24,False,0,17.0,15.0
687,24,False,1,5.0,16.0
688,24,False,2,3.0,17.0
689,24,False,3,9.0,18.0
690,24,False,4,17.0,19.0
691,24,False,5,4.0,20.0
692,24,False,6,5.0,21.0
693,24,False,7,2.0,22.0
694,24,False,8,3.0,23.0
695,24,False,9,2.0,24.0
696,24,False,10,5.0,25.0
697,24,False,11,1.0,26.0
698,24,False,12,9.0,27.0
699,24,False,13,2.0,28.0
700,24,True,-14,0.0,1.0
701,24,True,-13,0.0,2.0
702,24,True,-12,0.0,3.0
703,24,True,-11,0.0,4.0
704,24,True,-10,1.0,5.0
705,24,True,-9,0.0,6.0
706,24,True,-8,0.0,7.0
707,24,True,-7,1.0,8.0
708,24,True,-6,0.0,9.0
709,24,True,-5,0.0,10.0
710,24,True,-4,1.0,11.0
711,24,True,-3,0.0,12.0
712,24,True,-2,1.0,13.0
713,24,True,-1,0.0,14.0
714,24,True,0,5.0,15.0
715,24,True,1,2.0,16.0
716,24,True,2,3.0,17.0
717,24,True,3,2.0,18.0
718,24,True,4,3.0,19.0
719,24,True,5,2.0,20.0
720,24,True,6,1.0,21.0
721,24,True,7,2.0,22.0
722,24,True,8,1.0,23.0
723,24,True,9,1.0,24.0
724,24,True,10,0.0,25.0
725,24,True,11,0.0,26.0
726,24,True,12,0.0,27.0
727,24,True,13,1.0,28.0
728,29,False,-14,0.0,-9.0
729,29,False,-13,0.0,-8.0
730,29,False,-12,0.0,-7.0
731,29,False,-11,0.0,-6.0
732,29,False,-10,0.0,-5.0
733,29,False,-9,0.0,-4.0
734,29,False,-8,0.0,-3.0
735,29,False,-7,0.0,-2.0
736,29,False,-6,0.0,-1.0
737,29,False,-5,0.0,0.0
738,29,False,-4,119.0,1.0
739,29,False,-3,47.0,2.0
740,29,False,-2,149.0,3.0
741,29,False,-1,1677.0,4.0
742,29,False,0,1156.0,5.0
743,29,False,1,338.0,6.0
744,29,False,2,169.0,7.0
745,29,False,3,328.0,8.0
746,29,False,4,471.0,9.0
747,29,False,5,147.0,10.0
748,29,False,6,131.0,11.0
749,29,False,7,63.0,12.0
750,29,False,8,38.0,13.0
751,29,False,9,50.0,14.0
752,29,False,10,53.0,15.0
753,29,False,11,121.0,16.0
754,29,False,12,76.0,17.0
755,29,False,13,59.0,18.0
756,29,True,-14,0.0,-9.0
757,29,True,-13,0.0,-8.0
758,29,True,-12,0.0,-7.0
759,29,True,-11,0.0,-6.0
760,29,True,-10,0.0,-5.0
761,29,True,-9,0.0,-4.0
762,29,True,-8,0.0,-3.0
763,29,True,-7,0.0,-2.0
764,29,True,-6,0.0,-1.0
765,29,True,-5,0.0,0.0
766,29,True,-4,0.0,1.0
767,29,True,-3,4.0,2.0
768,29,True,-2,5.0,3.0
769,29,True,-1,118.0,4.0
770,29,True,0,47.0,5.0
771,29,True,1,7.0,6.0
772,29,True,2,6.0,7.0
773,29,True,3,7.0,8.0
774,29,True,4,11.0,9.0
775,29,True,5,2.0,10.0
776,29,True,6,3.0,11.0
777,29,True,7,1.0,12.0
778,29,True,8,3.0,13.0
779,29,True,9,0.0,14.0
780,29,True,10,1.0,15.0
781,29,True,11,1.0,16.0
782,29,True,12,5.0,17.0
783,29,True,13,4.0,18.0
784,30,False,-14,1.0,210.0
785,30,False,-13,2.0,211.0
786,30,False,-12,0.0,212.0
787,30,False,-11,1.0,213.0
788,30,False,-10,5.0,214.0
789,30,False,-9,1.0,215.0
790,30,False,-8,1.0,216.0
791,30,False,-7,5.0,217.0
792,30,False,-6,2.0,218.0
793,30,False,-5,2.0,219.0
794,30,False,-4,1.0,220.0
795,30,False,-3,1.0,221.0
796,30,False,-2,0.0,222.0
797,30,False,-1,2.0,223.0
798,30,False,0,2.0,224.0
799,30,False,1,2.0,225.0
800,30,False,2,1.0,226.0
801,30,False,3,1.0,227.0
802,30,False,4,6.0,228.0
803,30,False,5,3.0,229.0
804,30,False,6,0.0,230.0
805,30,False,7,0.0,231.0
806,30,False,8,1.0,232.0
807,30,False,9,3.0,233.0
808,30,False,10,0.0,234.0
809,30,False,11,0.0,235.0
810,30,False,12,1.0,236.0
811,30,False,13,1.0,237.0
812,30,True,-14,0.0,210.0
813,30,True,-13,0.0,211.0
814,30,True,-12,0.0,212.0
815,30,True,-11,0.0,213.0
816,30,True,-10,0.0,214.0
817,30,True,-9,1.0,215.0
818,30,True,-8,0.0,216.0
819,30,True,-7,5.0,217.0
820,30,True,-6,0.0,218.0
821,30,True,-5,2.0,219.0
822,30,True,-4,1.0,220.0
823,30,True,-3,1.0,221.0
824,30,True,-2,1.0,222.0
825,30,True,-1,0.0,223.0
826,30,True,0,1.0,224.0
827,30,True,1,1.0,225.0
828,30,True,2,2.0,226.0
829,30,True,3,1.0,227.0
830,30,True,4,1.0,228.0
831,30,True,5,0.0,229.0
832,30,True,6,0.0,230.0
833,30,True,7,1.0,231.0
834,30,True,8,1.0,232.0
835,30,True,9,0.0,233.0
836,30,True,10,0.0,234.0
837,30,True,11,1.0,235.0
838,30,True,12,0.0,236.0
839,30,True,13,0.0,237.0
840,31,False,-14,6.0,-9.0
841,31,False,-13,8.0,-8.0
842,31,False,-12,11.0,-7.0
843,31,False,-11,10.0,-6.0
844,31,False,-10,10.0,-5.0
845,31,False,-9,395.0,-4.0
846,31,False,-8,505.0,-3.0
847,31,False,-7,381.0,-2.0
848,31,False,-6,338.0,-1.0
849,31,False,-5,434.0,0.0
850,31,False,-4,1117.0,1.0
851,31,False,-3,2146.0,2.0
852,31,False,-2,3387.0,3.0
853,31,False,-1,3023.0,4.0
854,31,False,0,7174.0,5.0
855,31,False,1,4881.0,6.0
856,31,False,2,3622.0,7.0
857,31,False,3,4813.0,8.0
858,31,False,4,3583.0,9.0
859,31,False,5,2051.0,10.0
860,31,False,6,923.0,11.0
861,31,False,7,1076.0,12.0
862,31,False,8,3678.0,13.0
863,31,False,9,1058.0,14.0
864,31,False,10,619.0,15.0
865,31,False,11,370.0,16.0
866,31,False,12,348.0,17.0
867,31,False,13,531.0,18.0
868,31,True,-14,0.0,-9.0
869,31,True,-13,0.0,-8.0
870,31,True,-12,0.0,-7.0
871,31,True,-11,0.0,-6.0
872,31,True,-10,0.0,-5.0
873,31,True,-9,0.0,-4.0
874,31,True,-8,0.0,-3.0
875,31,True,-7,0.0,-2.0
876,31,True,-6,10.0,-1.0
877,31,True,-5,57.0,0.0
878,31,True,-4,233.0,1.0
879,31,True,-3,427.0,2.0
880,31,True,-2,782.0,3.0
881,31,True,-1,486.0,4.0
882,31,True,0,2096.0,5.0
883,31,True,1,764.0,6.0
884,31,True,2,166.0,7.0
885,31,True,3,360.0,8.0
886,31,True,4,271.0,9.0
887,31,True,5,124.0,10.0
888,31,True,6,41.0,11.0
889,31,True,7,70.0,12.0
890,31,True,8,285.0,13.0
891,31,True,9,41.0,14.0
892,31,True,10,18.0,15.0
893,31,True,11,15.0,16.0
894,31,True,12,4.0,17.0
895,31,True,13,16.0,18.0
896,32,False,-14,3.0,34.0
897,32,False,-13,4.0,35.0
898,32,False,-12,1.0,36.0
899,32,False,-11,3.0,37.0
900,32,False,-10,1.0,38.0
901,32,False,-9,0.0,39.0
902,32,False,-8,0.0,40.0
903,32,False,-7,2.0,41.0
904,32,False,-6,0.0,42.0
905,32,False,-5,0.0,43.0
906,32,False,-4,1.0,44.0
907,32,False,-3,0.0,45.0
908,32,False,-2,0.0,46.0
909,32,False,-1,2.0,47.0
910,32,False,0,0.0,48.0
911,32,False,1,2.0,49.0
912,32,False,2,0.0,50.0
913,32,False,3,0.0,51.0
914,32,False,4,0.0,52.0
915,32,False,5,0.0,53.0
916,32,False,6,0.0,54.0
917,32,False,7,0.0,55.0
918,32,False,8,1.0,56.0
919,32,False,9,0.0,57.0
920,32,False,10,0.0,58.0
921,32,False,11,0.0,59.0
922,32,False,12,0.0,60.0
923,32,False,13,1.0,61.0
924,32,True,-14,0.0,34.0
925,32,True,-13,0.0,35.0
926,32,True,-12,2.0,36.0
927,32,True,-11,0.0,37.0
928,32,True,-10,0.0,38.0
929,32,True,-9,0.0,39.0
930,32,True,-8,0.0,40.0
931,32,True,-7,2.0,41.0
932,32,True,-6,0.0,42.0
933,32,True,-5,0.0,43.0
934,32,True,-4,0.0,44.0
935,32,True,-3,1.0,45.0
936,32,True,-2,0.0,46.0
937,32,True,-1,0.0,47.0
938,32,True,0,2.0,48.0
939,32,True,1,2.0,49.0
940,32,True,2,1.0,50.0
941,32,True,3,1.0,51.0
942,32,True,4,1.0,52.0
943,32,True,5,0.0,53.0
944,32,True,6,0.0,54.0
945,32,True,7,0.0,55.0
946,32,True,8,0.0,56.0
947,32,True,9,2.0,57.0
948,32,True,10,0.0,58.0
949,32,True,11,0.0,59.0
950,32,True,12,0.0,60.0
951,32,True,13,0.0,61.0
952,33,False,-14,191.0,47.0
953,33,False,-13,327.0,48.0
954,33,False,-12,211.0,49.0
955,33,False,-11,220.0,50.0
956,33,False,-10,264.0,51.0
957,33,False,-9,97.0,52.0
958,33,False,-8,120.0,53.0
959,33,False,-7,161.0,54.0
960,33,False,-6,113.0,55.0
961,33,False,-5,468.0,56.0
962,33,False,-4,235.0,57.0
963,33,False,-3,166.0,58.0
964,33,False,-2,551.0,59.0
965,33,False,-1,1184.0,60.0
966,33,False,0,1875.0,61.0
967,33,False,1,422.0,62.0
968,33,False,2,386.0,63.0
969,33,False,3,440.0,64.0
970,33,False,4,486.0,65.0
971,33,False,5,263.0,66.0
972,33,False,6,341.0,67.0
973,33,False,7,274.0,68.0
974,33,False,8,374.0,69.0
975,33,False,9,312.0,70.0
976,33,False,10,499.0,71.0
977,33,False,11,1187.0,72.0
978,33,False,12,1020.0,73.0
979,33,False,13,1127.0,74.0
980,33,True,-14,59.0,47.0
981,33,True,-13,82.0,48.0
982,33,True,-12,47.0,49.0
983,33,True,-11,54.0,50.0
984,33,True,-10,126.0,51.0
985,33,True,-9,29.0,52.0
986,33,True,-8,22.0,53.0
987,33,True,-7,40.0,54.0
988,33,True,-6,23.0,55.0
989,33,True,-5,101.0,56.0
990,33,True,-4,48.0,57.0
991,33,True,-3,21.0,58.0
992,33,True,-2,101.0,59.0
993,33,True,-1,277.0,60.0
994,33,True,0,431.0,61.0
995,33,True,1,79.0,62.0
996,33,True,2,34.0,63.0
997,33,True,3,52.0,64.0
998,33,True,4,54.0,65.0
999,33,True,5,32.0,66.0
1000,33,True,6,48.0,67.0
1001,33,True,7,28.0,68.0
1002,33,True,8,41.0,69.0
1003,33,True,9,20.0,70.0
1004,33,True,10,31.0,71.0
1005,33,True,11,102.0,72.0
1006,33,True,12,77.0,73.0
1007,33,True,13,86.0,74.0
1008,34,False,-14,0.0,209.0
1009,34,False,-13,1.0,210.0
1010,34,False,-12,1.0,211.0
1011,34,False,-11,1.0,212.0
1012,34,False,-10,0.0,213.0
1013,34,False,-9,0.0,214.0
1014,34,False,-8,0.0,215.0
1015,34,False,-7,0.0,216.0
1016,34,False,-6,0.0,217.0
1017,34,False,-5,0.0,218.0
1018,34,False,-4,0.0,219.0
1019,34,False,-3,0.0,220.0
1020,34,False,-2,0.0,221.0
1021,34,False,-1,0.0,222.0
1022,34,False,0,0.0,223.0
1023,34,False,1,0.0,224.0
1024,34,False,2,0.0,225.0
1025,34,False,3,0.0,226.0
1026,34,False,4,2.0,227.0
1027,34,False,5,0.0,228.0
1028,34,False,6,0.0,229.0
1029,34,False,7,0.0,230.0
1030,34,False,8,0.0,231.0
1031,34,False,9,0.0,232.0
1032,34,False,10,1.0,233.0
1033,34,False,11,0.0,234.0
1034,34,False,12,0.0,235.0
1035,34,False,13,1.0,236.0
1036,34,True,-14,0.0,209.0
1037,34,True,-13,0.0,210.0
1038,34,True,-12,0.0,211.0
1039,34,True,-11,0.0,212.0
1040,34,True,-10,0.0,213.0
1041,34,True,-9,0.0,214.0
1042,34,True,-8,0.0,215.0
1043,34,True,-7,0.0,216.0
1044,34,True,-6,0.0,217.0
1045,34,True,-5,0.0,218.0
1046,34,True,-4,0.0,219.0
1047,34,True,-3,0.0,220.0
1048,34,True,-2,0.0,221.0
1049,34,True,-1,0.0,222.0
1050,34,True,0,2.0,223.0
1051,34,True,1,0.0,224.0
1052,34,True,2,0.0,225.0
1053,34,True,3,0.0,226.0
1054,34,True,4,0.0,227.0
1055,34,True,5,1.0,228.0
1056,34,True,6,0.0,229.0
1057,34,True,7,0.0,230.0
1058,34,True,8,0.0,231.0
1059,34,True,9,0.0,232.0
1060,34,True,10,0.0,233.0
1061,34,True,11,0.0,234.0
1062,34,True,12,0.0,235.0
1063,34,True,13,0.0,236.0
1064,35,False,-14,0.0,157.0
1065,35,False,-13,0.0,158.0
1066,35,False,-12,0.0,159.0
1067,35,False,-11,0.0,160.0
1068,35,False,-10,0.0,161.0
1069,35,False,-9,0.0,162.0
1070,35,False,-8,0.0,163.0
1071,35,False,-7,0.0,164.0
1072,35,False,-6,0.0,165.0
1073,35,False,-5,0.0,166.0
1074,35,False,-4,0.0,167.0
1075,35,False,-3,0.0,168.0
1076,35,False,-2,0.0,169.0
1077,35,False,-1,0.0,170.0
1078,35,False,0,0.0,171.0
1079,35,False,1,0.0,172.0
1080,35,False,2,1.0,173.0
1081,35,False,3,0.0,174.0
1082,35,False,4,0.0,175.0
1083,35,False,5,0.0,176.0
1084,35,False,6,0.0,177.0
1085,35,False,7,0.0,178.0
1086,35,False,8,0.0,179.0
1087,35,False,9,0.0,180.0
1088,35,False,10,0.0,181.0
1089,35,False,11,1.0,182.0
1090,35,False,12,0.0,183.0
1091,35,False,13,0.0,184.0
1092,35,True,-14,0.0,157.0
1093,35,True,-13,0.0,158.0
1094,35,True,-12,0.0,159.0
1095,35,True,-11,0.0,160.0
1096,35,True,-10,0.0,161.0
1097,35,True,-9,0.0,162.0
1098,35,True,-8,0.0,163.0
1099,35,True,-7,0.0,164.0
1100,35,True,-6,0.0,165.0
1101,35,True,-5,0.0,166.0
1102,35,True,-4,0.0,167.0
1103,35,True,-3,0.0,168.0
1104,35,True,-2,0.0,169.0
1105,35,True,-1,0.0,170.0
1106,35,True,0,0.0,171.0
1107,35,True,1,0.0,172.0
1108,35,True,2,0.0,173.0
1109,35,True,3,0.0,174.0
1110,35,True,4,0.0,175.0
1111,35,True,5,0.0,176.0
1112,35,True,6,0.0,177.0
1113,35,True,7,0.0,178.0
1114,35,True,8,0.0,179.0
1115,35,True,9,0.0,180.0
1116,35,True,10,0.0,181.0
1117,35,True,11,0.0,182.0
1118,35,True,12,0.0,183.0
1119,35,True,13,0.0,184.0
1120,36,False,-14,0.0,229.0
1121,36,False,-13,0.0,230.0
1122,36,False,-12,0.0,231.0
1123,36,False,-11,0.0,232.0
1124,36,False,-10,0.0,233.0
1125,36,False,-9,0.0,234.0
1126,36,False,-8,0.0,235.0
1127,36,False,-7,0.0,236.0
1128,36,False,-6,0.0,237.0
1129,36,False,-5,0.0,238.0
1130,36,False,-4,0.0,239.0
1131,36,False,-3,0.0,240.0
1132,36,False,-2,0.0,241.0
1133,36,False,-1,0.0,242.0
1134,36,False,0,0.0,243.0
1135,36,False,1,0.0,244.0
1136,36,False,2,0.0,245.0
1137,36,False,3,0.0,246.0
1138,36,False,4,1.0,247.0
1139,36,False,5,1.0,248.0
1140,36,False,6,0.0,249.0
1141,36,False,7,0.0,250.0
1142,36,False,8,0.0,251.0
1143,36,False,9,0.0,252.0
1144,36,False,10,0.0,253.0
1145,36,False,11,0.0,254.0
1146,36,False,12,0.0,255.0
1147,36,False,13,0.0,256.0
1148,36,True,-14,0.0,229.0
1149,36,True,-13,0.0,230.0
1150,36,True,-12,0.0,231.0
1151,36,True,-11,0.0,232.0
1152,36,True,-10,0.0,233.0
1153,36,True,-9,0.0,234.0
1154,36,True,-8,0.0,235.0
1155,36,True,-7,0.0,236.0
1156,36,True,-6,0.0,237.0
1157,36,True,-5,0.0,238.0
1158,36,True,-4,0.0,239.0
1159,36,True,-3,0.0,240.0
1160,36,True,-2,0.0,241.0
1161,36,True,-1,0.0,242.0
1162,36,True,0,0.0,243.0
1163,36,True,1,0.0,244.0
1164,36,True,2,0.0,245.0
1165,36,True,3,0.0,246.0
1166,36,True,4,0.0,247.0
1167,36,True,5,1.0,248.0
1168,36,True,6,0.0,249.0
1169,36,True,7,0.0,250.0
1170,36,True,8,0.0,251.0
1171,36,True,9,0.0,252.0
1172,36,True,10,0.0,253.0
1173,36,True,11,0.0,254.0
1174,36,True,12,0.0,255.0
1175,36,True,13,0.0,256.0
1176,37,False,-14,22.0,25.0
1177,37,False,-13,14.0,26.0
1178,37,False,-12,8.0,27.0
1179,37,False,-11,17.0,28.0
1180,37,False,-10,10.0,29.0
1181,37,False,-9,67.0,30.0
1182,37,False,-8,12.0,31.0
1183,37,False,-7,15.0,32.0
1184,37,False,-6,10.0,33.0
1185,37,False,-5,7.0,34.0
1186,37,False,-4,7.0,35.0
1187,37,False,-3,4.0,36.0
1188,37,False,-2,9.0,37.0
1189,37,False,-1,3.0,38.0
1190,37,False,0,6.0,39.0
1191,37,False,1,9.0,40.0
1192,37,False,2,7.0,41.0
1193,37,False,3,4.0,42.0
1194,37,False,4,14.0,43.0
1195,37,False,5,63.0,44.0
1196,37,False,6,9.0,45.0
1197,37,False,7,3.0,46.0
1198,37,False,8,7.0,47.0
1199,37,False,9,3.0,48.0
1200,37,False,10,7.0,49.0
1201,37,False,11,4.0,50.0
1202,37,False,12,4.0,51.0
1203,37,False,13,3.0,52.0
1204,37,True,-14,10.0,25.0
1205,37,True,-13,3.0,26.0
1206,37,True,-12,2.0,27.0
1207,37,True,-11,6.0,28.0
1208,37,True,-10,1.0,29.0
1209,37,True,-9,9.0,30.0
1210,37,True,-8,5.0,31.0
1211,37,True,-7,5.0,32.0
1212,37,True,-6,5.0,33.0
1213,37,True,-5,3.0,34.0
1214,37,True,-4,1.0,35.0
1215,37,True,-3,4.0,36.0
1216,37,True,-2,6.0,37.0
1217,37,True,-1,3.0,38.0
1218,37,True,0,6.0,39.0
1219,37,True,1,4.0,40.0
1220,37,True,2,3.0,41.0
1221,37,True,3,2.0,42.0
1222,37,True,4,4.0,43.0
1223,37,True,5,65.0,44.0
1224,37,True,6,7.0,45.0
1225,37,True,7,2.0,46.0
1226,37,True,8,1.0,47.0
1227,37,True,9,2.0,48.0
1228,37,True,10,1.0,49.0
1229,37,True,11,3.0,50.0
1230,37,True,12,4.0,51.0
1231,37,True,13,1.0,52.0
1232,39,False,-14,0.0,195.0
1233,39,False,-13,1.0,196.0
1234,39,False,-12,0.0,197.0
1235,39,False,-11,0.0,198.0
1236,39,False,-10,2.0,199.0
1237,39,False,-9,0.0,200.0
1238,39,False,-8,0.0,201.0
1239,39,False,-7,0.0,202.0
1240,39,False,-6,0.0,203.0
1241,39,False,-5,1.0,204.0
1242,39,False,-4,0.0,205.0
1243,39,False,-3,0.0,206.0
1244,39,False,-2,0.0,207.0
1245,39,False,-1,0.0,208.0
1246,39,False,0,0.0,209.0
1247,39,False,1,0.0,210.0
1248,39,False,2,0.0,211.0
1249,39,False,3,0.0,212.0
1250,39,False,4,0.0,213.0
1251,39,False,5,0.0,214.0
1252,39,False,6,0.0,215.0
1253,39,False,7,0.0,216.0
1254,39,False,8,0.0,217.0
1255,39,False,9,0.0,218.0
1256,39,False,10,2.0,219.0
1257,39,False,11,1.0,220.0
1258,39,False,12,0.0,221.0
1259,39,False,13,0.0,222.0
1260,39,True,-14,0.0,195.0
1261,39,True,-13,1.0,196.0
1262,39,True,-12,0.0,197.0
1263,39,True,-11,0.0,198.0
1264,39,True,-10,0.0,199.0
1265,39,True,-9,0.0,200.0
1266,39,True,-8,0.0,201.0
1267,39,True,-7,0.0,202.0
1268,39,True,-6,0.0,203.0
1269,39,True,-5,0.0,204.0
1270,39,True,-4,0.0,205.0
1271,39,True,-3,0.0,206.0
1272,39,True,-2,0.0,207.0
1273,39,True,-1,1.0,208.0
1274,39,True,0,0.0,209.0
1275,39,True,1,0.0,210.0
1276,39,True,2,0.0,211.0
1277,39,True,3,0.0,212.0
1278,39,True,4,0.0,213.0
1279,39,True,5,0.0,214.0
1280,39,True,6,0.0,215.0
1281,39,True,7,0.0,216.0
1282,39,True,8,0.0,217.0
1283,39,True,9,0.0,218.0
1284,39,True,10,0.0,219.0
1285,39,True,11,0.0,220.0
1286,39,True,12,1.0,221.0
1287,39,True,13,0.0,222.0
1288,41,False,-14,1.0,209.0
1289,41,False,-13,3.0,210.0
1290,41,False,-12,0.0,211.0
1291,41,False,-11,1.0,212.0
1292,41,False,-10,0.0,213.0
1293,41,False,-9,2.0,214.0
1294,41,False,-8,1.0,215.0
1295,41,False,-7,0.0,216.0
1296,41,False,-6,0.0,217.0
1297,41,False,-5,0.0,218.0
1298,41,False,-4,1.0,219.0
1299,41,False,-3,0.0,220.0
1300,41,False,-2,1.0,221.0
1301,41,False,-1,0.0,222.0
1302,41,False,0,0.0,223.0
1303,41,False,1,1.0,224.0
1304,41,False,2,0.0,225.0
1305,41,False,3,1.0,226.0
1306,41,False,4,0.0,227.0
1307,41,False,5,0.0,228.0
1308,41,False,6,11.0,229.0
1309,41,False,7,0.0,230.0
1310,41,False,8,0.0,231.0
1311,41,False,9,0.0,232.0
1312,41,False,10,0.0,233.0
1313,41,False,11,0.0,234.0
1314,41,False,12,1.0,235.0
1315,41,False,13,1.0,236.0
1316,41,True,-14,0.0,209.0
1317,41,True,-13,0.0,210.0
1318,41,True,-12,0.0,211.0
1319,41,True,-11,0.0,212.0
1320,41,True,-10,0.0,213.0
1321,41,True,-9,0.0,214.0
1322,41,True,-8,0.0,215.0
1323,41,True,-7,0.0,216.0
1324,41,True,-6,0.0,217.0
1325,41,True,-5,0.0,218.0
1326,41,True,-4,0.0,219.0
1327,41,True,-3,0.0,220.0
1328,41,True,-2,1.0,221.0
1329,41,True,-1,0.0,222.0
1330,41,True,0,2.0,223.0
1331,41,True,1,1.0,224.0
1332,41,True,2,0.0,225.0
1333,41,True,3,1.0,226.0
1334,41,True,4,0.0,227.0
1335,41,True,5,0.0,228.0
1336,41,True,6,15.0,229.0
1337,41,True,7,3.0,230.0
1338,41,True,8,1.0,231.0
1339,41,True,9,0.0,232.0
1340,41,True,10,0.0,233.0
1341,41,True,11,0.0,234.0
1342,41,True,12,0.0,235.0
1343,41,True,13,0.0,236.0
1344,43,False,-14,0.0,149.0
1345,43,False,-13,0.0,150.0
1346,43,False,-12,0.0,151.0
1347,43,False,-11,1.0,152.0
1348,43,False,-10,0.0,153.0
1349,43,False,-9,0.0,154.0
1350,43,False,-8,0.0,155.0
1351,43,False,-7,0.0,156.0
1352,43,False,-6,0.0,157.0
1353,43,False,-5,0.0,158.0
1354,43,False,-4,0.0,159.0
1355,43,False,-3,0.0,160.0
1356,43,False,-2,1.0,161.0
1357,43,False,-1,0.0,162.0
1358,43,False,0,2.0,163.0
1359,43,False,1,1.0,164.0
1360,43,False,2,0.0,165.0
1361,43,False,3,0.0,166.0
1362,43,False,4,0.0,167.0
1363,43,False,5,0.0,168.0
1364,43,False,6,0.0,169.0
1365,43,False,7,0.0,170.0
1366,43,False,8,0.0,171.0
1367,43,False,9,0.0,172.0
1368,43,False,10,0.0,173.0
1369,43,False,11,0.0,174.0
1370,43,False,12,0.0,175.0
1371,43,False,13,0.0,176.0
1372,43,True,-14,0.0,149.0
1373,43,True,-13,0.0,150.0
1374,43,True,-12,0.0,151.0
1375,43,True,-11,0.0,152.0
1376,43,True,-10,0.0,153.0
1377,43,True,-9,0.0,154.0
1378,43,True,-8,1.0,155.0
1379,43,True,-7,1.0,156.0
1380,43,True,-6,0.0,157.0
1381,43,True,-5,0.0,158.0
1382,43,True,-4,0.0,159.0
1383,43,True,-3,0.0,160.0
1384,43,True,-2,0.0,161.0
1385,43,True,-1,0.0,162.0
1386,43,True,0,2.0,163.0
1387,43,True,1,0.0,164.0
1388,43,True,2,0.0,165.0
1389,43,True,3,0.0,166.0
1390,43,True,4,0.0,167.0
1391,43,True,5,0.0,168.0
1392,43,True,6,0.0,169.0
1393,43,True,7,0.0,170.0
1394,43,True,8,0.0,171.0
1395,43,True,9,0.0,172.0
1396,43,True,10,0.0,173.0
1397,43,True,11,0.0,174.0
1398,43,True,12,0.0,175.0
1399,43,True,13,0.0,176.0
1400,44,False,-14,0.0,-5.0
1401,44,False,-13,0.0,-4.0
1402,44,False,-12,0.0,-3.0
1403,44,False,-11,0.0,-2.0
1404,44,False,-10,0.0,-1.0
1405,44,False,-9,2.0,0.0
1406,44,False,-8,2.0,1.0
1407,44,False,-7,8.0,2.0
1408,44,False,-6,5.0,3.0
1409,44,False,-5,5.0,4.0
1410,44,False,-4,6.0,5.0
1411,44,False,-3,3.0,6.0
1412,44,False,-2,1.0,7.0
1413,44,False,-1,3.0,8.0
1414,44,False,0,12.0,9.0
1415,44,False,1,3.0,10.0
1416,44,False,2,2.0,11.0
1417,44,False,3,5.0,12.0
1418,44,False,4,0.0,13.0
1419,44,False,5,3.0,14.0
1420,44,False,6,2.0,15.0
1421,44,False,7,7.0,16.0
1422,44,False,8,5.0,17.0
1423,44,False,9,4.0,18.0
1424,44,False,10,1.0,19.0
1425,44,False,11,7.0,20.0
1426,44,False,12,1.0,21.0
1427,44,False,13,1.0,22.0
1428,44,True,-14,0.0,-5.0
1429,44,True,-13,0.0,-4.0
1430,44,True,-12,0.0,-3.0
1431,44,True,-11,0.0,-2.0
1432,44,True,-10,0.0,-1.0
1433,44,True,-9,0.0,0.0
1434,44,True,-8,0.0,1.0
1435,44,True,-7,0.0,2.0
1436,44,True,-6,0.0,3.0
1437,44,True,-5,0.0,4.0
1438,44,True,-4,2.0,5.0
1439,44,True,-3,0.0,6.0
1440,44,True,-2,0.0,7.0
1441,44,True,-1,0.0,8.0
1442,44,True,0,19.0,9.0
1443,44,True,1,0.0,10.0
1444,44,True,2,4.0,11.0
1445,44,True,3,1.0,12.0
1446,44,True,4,0.0,13.0
1447,44,True,5,1.0,14.0
1448,44,True,6,1.0,15.0
1449,44,True,7,2.0,16.0
1450,44,True,8,1.0,17.0
1451,44,True,9,0.0,18.0
1452,44,True,10,0.0,19.0
1453,44,True,11,0.0,20.0
1454,44,True,12,1.0,21.0
1455,44,True,13,0.0,22.0
1456,45,False,-14,352.0,-1.0
1457,45,False,-13,362.0,0.0
1458,45,False,-12,976.0,1.0
1459,45,False,-11,1412.0,2.0
1460,45,False,-10,1963.0,3.0
1461,45,False,-9,2531.0,4.0
1462,45,False,-8,1974.0,5.0
1463,45,False,-7,1565.0,6.0
1464,45,False,-6,931.0,7.0
1465,45,False,-5,1031.0,8.0
1466,45,False,-4,1041.0,9.0
1467,45,False,-3,6229.0,10.0
1468,45,False,-2,2609.0,11.0
1469,45,False,-1,3223.0,12.0
1470,45,False,0,3695.0,13.0
1471,45,False,1,1323.0,14.0
1472,45,False,2,676.0,15.0
1473,45,False,3,637.0,16.0
1474,45,False,4,894.0,17.0
1475,45,False,5,673.0,18.0
1476,45,False,6,505.0,19.0
1477,45,False,7,427.0,20.0
1478,45,False,8,503.0,21.0
1479,45,False,9,511.0,22.0
1480,45,False,10,526.0,23.0
1481,45,False,11,1989.0,24.0
1482,45,False,12,873.0,25.0
1483,45,False,13,492.0,26.0
1484,45,True,-14,26.0,-1.0
1485,45,True,-13,45.0,0.0
1486,45,True,-12,140.0,1.0
1487,45,True,-11,196.0,2.0
1488,45,True,-10,316.0,3.0
1489,45,True,-9,221.0,4.0
1490,45,True,-8,205.0,5.0
1491,45,True,-7,214.0,6.0
1492,45,True,-6,126.0,7.0
1493,45,True,-5,191.0,8.0
1494,45,True,-4,183.0,9.0
1495,45,True,-3,901.0,10.0
1496,45,True,-2,415.0,11.0
1497,45,True,-1,1188.0,12.0
1498,45,True,0,1104.0,13.0
1499,45,True,1,188.0,14.0
1500,45,True,2,65.0,15.0
1501,45,True,3,65.0,16.0
1502,45,True,4,99.0,17.0
1503,45,True,5,75.0,18.0
1504,45,True,6,38.0,19.0
1505,45,True,7,62.0,20.0
1506,45,True,8,42.0,21.0
1507,45,True,9,41.0,22.0
1508,45,True,10,48.0,23.0
1509,45,True,11,334.0,24.0
1510,45,True,12,105.0,25.0
1511,45,True,13,68.0,26.0
1512,50,False,-14,16.0,152.0
1513,50,False,-13,12.0,153.0
1514,50,False,-12,3.0,154.0
1515,50,False,-11,8.0,155.0
1516,50,False,-10,3.0,156.0
1517,50,False,-9,1.0,157.0
1518,50,False,-8,2.0,158.0
1519,50,False,-7,3.0,159.0
1520,50,False,-6,3.0,160.0
1521,50,False,-5,2.0,161.0
1522,50,False,-4,2.0,162.0
1523,50,False,-3,1.0,163.0
1524,50,False,-2,2.0,164.0
1525,50,False,-1,1.0,165.0
1526,50,False,0,2.0,166.0
1527,50,False,1,3.0,167.0
1528,50,False,2,3.0,168.0
1529,50,False,3,4.0,169.0
1530,50,False,4,3.0,170.0
1531,50,False,5,5.0,171.0
1532,50,False,6,3.0,172.0
1533,50,False,7,3.0,173.0
1534,50,False,8,3.0,174.0
1535,50,False,9,2.0,175.0
1536,50,False,10,2.0,176.0
1537,50,False,11,1.0,177.0
1538,50,False,12,4.0,178.0
1539,50,False,13,0.0,179.0
1540,50,True,-14,19.0,152.0
1541,50,True,-13,22.0,153.0
1542,50,True,-12,8.0,154.0
1543,50,True,-11,2.0,155.0
1544,50,True,-10,3.0,156.0
1545,50,True,-9,2.0,157.0
1546,50,True,-8,6.0,158.0
1547,50,True,-7,1.0,159.0
1548,50,True,-6,12.0,160.0
1549,50,True,-5,2.0,161.0
1550,50,True,-4,3.0,162.0
1551,50,True,-3,0.0,163.0
1552,50,True,-2,1.0,164.0
1553,50,True,-1,2.0,165.0
1554,50,True,0,7.0,166.0
1555,50,True,1,7.0,167.0
1556,50,True,2,4.0,168.0
1557,50,True,3,5.0,169.0
1558,50,True,4,2.0,170.0
1559,50,True,5,5.0,171.0
1560,50,True,6,0.0,172.0
1561,50,True,7,0.0,173.0
1562,50,True,8,4.0,174.0
1563,50,True,9,1.0,175.0
1564,50,True,10,2.0,176.0
1565,50,True,11,2.0,177.0
1566,50,True,12,1.0,178.0
1567,50,True,13,1.0,179.0
1568,51,False,-14,0.0,209.0
1569,51,False,-13,0.0,210.0
1570,51,False,-12,2.0,211.0
1571,51,False,-11,0.0,212.0
1572,51,False,-10,2.0,213.0
1573,51,False,-9,0.0,214.0
1574,51,False,-8,0.0,215.0
1575,51,False,-7,0.0,216.0
1576,51,False,-6,2.0,217.0
1577,51,False,-5,2.0,218.0
1578,51,False,-4,0.0,219.0
1579,51,False,-3,0.0,220.0
1580,51,False,-2,0.0,221.0
1581,51,False,-1,1.0,222.0
1582,51,False,0,1.0,223.0
1583,51,False,1,1.0,224.0
1584,51,False,2,2.0,225.0
1585,51,False,3,1.0,226.0
1586,51,False,4,2.0,227.0
1587,51,False,5,0.0,228.0
1588,51,False,6,2.0,229.0
1589,51,False,7,0.0,230.0
1590,51,False,8,1.0,231.0
1591,51,False,9,1.0,232.0
1592,51,False,10,1.0,233.0
1593,51,False,11,1.0,234.0
1594,51,False,12,0.0,235.0
1595,51,False,13,1.0,236.0
1596,51,True,-14,1.0,209.0
1597,51,True,-13,0.0,210.0
1598,51,True,-12,0.0,211.0
1599,51,True,-11,1.0,212.0
1600,51,True,-10,0.0,213.0
1601,51,True,-9,0.0,214.0
1602,51,True,-8,0.0,215.0
1603,51,True,-7,0.0,216.0
1604,51,True,-6,0.0,217.0
1605,51,True,-5,0.0,218.0
1606,51,True,-4,0.0,219.0
1607,51,True,-3,0.0,220.0
1608,51,True,-2,0.0,221.0
1609,51,True,-1,1.0,222.0
1610,51,True,0,1.0,223.0
1611,51,True,1,0.0,224.0
1612,51,True,2,0.0,225.0
1613,51,True,3,2.0,226.0
1614,51,True,4,1.0,227.0
1615,51,True,5,0.0,228.0
1616,51,True,6,1.0,229.0
1617,51,True,7,2.0,230.0
1618,51,True,8,0.0,231.0
1619,51,True,9,1.0,232.0
1620,51,True,10,0.0,233.0
1621,51,True,11,0.0,234.0
1622,51,True,12,0.0,235.0
1623,51,True,13,0.0,236.0
1624,52,False,-14,1.0,-3.0
1625,52,False,-13,0.0,-2.0
1626,52,False,-12,0.0,-1.0
1627,52,False,-11,1.0,0.0
1628,52,False,-10,0.0,1.0
1629,52,False,-9,1.0,2.0
1630,52,False,-8,5.0,3.0
1631,52,False,-7,2.0,4.0
1632,52,False,-6,0.0,5.0
1633,52,False,-5,0.0,6.0
1634,52,False,-4,7.0,7.0
1635,52,False,-3,4.0,8.0
1636,52,False,-2,3.0,9.0
1637,52,False,-1,12.0,10.0
1638,52,False,0,4.0,11.0
1639,52,False,1,6.0,12.0
1640,52,False,2,2.0,13.0
1641,52,False,3,0.0,14.0
1642,52,False,4,1.0,15.0
1643,52,False,5,3.0,16.0
1644,52,False,6,3.0,17.0
1645,52,False,7,0.0,18.0
1646,52,False,8,0.0,19.0
1647,52,False,9,1.0,20.0
1648,52,False,10,0.0,21.0
1649,52,False,11,1.0,22.0
1650,52,False,12,3.0,23.0
1651,52,False,13,11.0,24.0
1652,52,True,-14,0.0,-3.0
1653,52,True,-13,0.0,-2.0
1654,52,True,-12,0.0,-1.0
1655,52,True,-11,0.0,0.0
1656,52,True,-10,0.0,1.0
1657,52,True,-9,0.0,2.0
1658,52,True,-8,0.0,3.0
1659,52,True,-7,0.0,4.0
1660,52,True,-6,0.0,5.0
1661,52,True,-5,0.0,6.0
1662,52,True,-4,1.0,7.0
1663,52,True,-3,0.0,8.0
1664,52,True,-2,0.0,9.0
1665,52,True,-1,5.0,10.0
1666,52,True,0,9.0,11.0
1667,52,True,1,6.0,12.0
1668,52,True,2,0.0,13.0
1669,52,True,3,0.0,14.0
1670,52,True,4,0.0,15.0
1671,52,True,5,2.0,16.0
1672,52,True,6,2.0,17.0
1673,52,True,7,1.0,18.0
1674,52,True,8,0.0,19.0
1675,52,True,9,0.0,20.0
1676,52,True,10,0.0,21.0
1677,52,True,11,0.0,22.0
1678,52,True,12,1.0,23.0
1679,52,True,13,6.0,24.0
1680,55,False,-14,309.0,-7.0
1681,55,False,-13,346.0,-6.0
1682,55,False,-12,441.0,-5.0
1683,55,False,-11,1052.0,-4.0
1684,55,False,-10,4942.0,-3.0
1685,55,False,-9,4508.0,-2.0
1686,55,False,-8,3942.0,-1.0
1687,55,False,-7,4347.0,0.0
1688,55,False,-6,16732.0,1.0
1689,55,False,-5,25403.0,2.0
1690,55,False,-4,30692.0,3.0
1691,55,False,-3,37000.0,4.0
1692,55,False,-2,30071.0,5.0
1693,55,False,-1,40384.0,6.0
1694,55,False,0,39715.0,7.0
1695,55,False,1,35755.0,8.0
1696,55,False,2,21259.0,9.0
1697,55,False,3,20285.0,10.0
1698,55,False,4,23736.0,11.0
1699,55,False,5,12982.0,12.0
1700,55,False,6,8216.0,13.0
1701,55,False,7,9745.0,14.0
1702,55,False,8,15505.0,15.0
1703,55,False,9,8835.0,16.0
1704,55,False,10,6965.0,17.0
1705,55,False,11,8201.0,18.0
1706,55,False,12,4687.0,19.0
1707,55,False,13,3577.0,20.0
1708,55,True,-14,0.0,-7.0
1709,55,True,-13,0.0,-6.0
1710,55,True,-12,0.0,-5.0
1711,55,True,-11,0.0,-4.0
1712,55,True,-10,0.0,-3.0
1713,55,True,-9,0.0,-2.0
1714,55,True,-8,85.0,-1.0
1715,55,True,-7,315.0,0.0
1716,55,True,-6,1109.0,1.0
1717,55,True,-5,1044.0,2.0
1718,55,True,-4,700.0,3.0
1719,55,True,-3,605.0,4.0
1720,55,True,-2,677.0,5.0
1721,55,True,-1,1640.0,6.0
1722,55,True,0,1504.0,7.0
1723,55,True,1,821.0,8.0
1724,55,True,2,459.0,9.0
1725,55,True,3,329.0,10.0
1726,55,True,4,415.0,11.0
1727,55,True,5,259.0,12.0
1728,55,True,6,149.0,13.0
1729,55,True,7,204.0,14.0
1730,55,True,8,246.0,15.0
1731,55,True,9,115.0,16.0
1732,55,True,10,117.0,17.0
1733,55,True,11,84.0,18.0
1734,55,True,12,49.0,19.0
1735,55,True,13,39.0,20.0
1736,56,False,-14,1.0,209.0
1737,56,False,-13,0.0,210.0
1738,56,False,-12,0.0,211.0
1739,56,False,-11,0.0,212.0
1740,56,False,-10,0.0,213.0
1741,56,False,-9,0.0,214.0
1742,56,False,-8,0.0,215.0
1743,56,False,-7,0.0,216.0
1744,56,False,-6,0.0,217.0
1745,56,False,-5,0.0,218.0
1746,56,False,-4,0.0,219.0
1747,56,False,-3,0.0,220.0
1748,56,False,-2,0.0,221.0
1749,56,False,-1,1.0,222.0
1750,56,False,0,0.0,223.0
1751,56,False,1,0.0,224.0
1752,56,False,2,0.0,225.0
1753,56,False,3,0.0,226.0
1754,56,False,4,0.0,227.0
1755,56,False,5,0.0,228.0
1756,56,False,6,0.0,229.0
1757,56,False,7,0.0,230.0
1758,56,False,8,0.0,231.0
1759,56,False,9,1.0,232.0
1760,56,False,10,1.0,233.0
1761,56,False,11,1.0,234.0
1762,56,False,12,0.0,235.0
1763,56,False,13,0.0,236.0
1764,56,True,-14,0.0,209.0
1765,56,True,-13,1.0,210.0
1766,56,True,-12,0.0,211.0
1767,56,True,-11,0.0,212.0
1768,56,True,-10,0.0,213.0
1769,56,True,-9,0.0,214.0
1770,56,True,-8,0.0,215.0
1771,56,True,-7,0.0,216.0
1772,56,True,-6,0.0,217.0
1773,56,True,-5,1.0,218.0
1774,56,True,-4,0.0,219.0
1775,56,True,-3,0.0,220.0
1776,56,True,-2,0.0,221.0
1777,56,True,-1,0.0,222.0
1778,56,True,0,0.0,223.0
1779,56,True,1,0.0,224.0
1780,56,True,2,0.0,225.0
1781,56,True,3,0.0,226.0
1782,56,True,4,0.0,227.0
1783,56,True,5,0.0,228.0
1784,56,True,6,0.0,229.0
1785,56,True,7,0.0,230.0
1786,56,True,8,0.0,231.0
1787,56,True,9,0.0,232.0
1788,56,True,10,0.0,233.0
1789,56,True,11,0.0,234.0
1790,56,True,12,0.0,235.0
1791,56,True,13,0.0,236.0
1792,57,False,-14,5.0,20.0
1793,57,False,-13,3.0,21.0
1794,57,False,-12,1.0,22.0
1795,57,False,-11,1.0,23.0
1796,57,False,-10,2.0,24.0
1797,57,False,-9,6.0,25.0
1798,57,False,-8,3.0,26.0
1799,57,False,-7,0.0,27.0
1800,57,False,-6,0.0,28.0
1801,57,False,-5,2.0,29.0
1802,57,False,-4,4.0,30.0
1803,57,False,-3,0.0,31.0
1804,57,False,-2,0.0,32.0
1805,57,False,-1,0.0,33.0
1806,57,False,0,10.0,34.0
1807,57,False,1,3.0,35.0
1808,57,False,2,1.0,36.0
1809,57,False,3,3.0,37.0
1810,57,False,4,0.0,38.0
1811,57,False,5,0.0,39.0
1812,57,False,6,4.0,40.0
1813,57,False,7,0.0,41.0
1814,57,False,8,0.0,42.0
1815,57,False,9,2.0,43.0
1816,57,False,10,2.0,44.0
1817,57,False,11,0.0,45.0
1818,57,False,12,0.0,46.0
1819,57,False,13,0.0,47.0
1820,57,True,-14,2.0,20.0
1821,57,True,-13,1.0,21.0
1822,57,True,-12,1.0,22.0
1823,57,True,-11,2.0,23.0
1824,57,True,-10,0.0,24.0
1825,57,True,-9,2.0,25.0
1826,57,True,-8,0.0,26.0
1827,57,True,-7,0.0,27.0
1828,57,True,-6,0.0,28.0
1829,57,True,-5,2.0,29.0
1830,57,True,-4,0.0,30.0
1831,57,True,-3,1.0,31.0
1832,57,True,-2,2.0,32.0
1833,57,True,-1,0.0,33.0
1834,57,True,0,7.0,34.0
1835,57,True,1,1.0,35.0
1836,57,True,2,3.0,36.0
1837,57,True,3,1.0,37.0
1838,57,True,4,0.0,38.0
1839,57,True,5,0.0,39.0
1840,57,True,6,0.0,40.0
1841,57,True,7,0.0,41.0
1842,57,True,8,0.0,42.0
1843,57,True,9,0.0,43.0
1844,57,True,10,0.0,44.0
1845,57,True,11,0.0,45.0
1846,57,True,12,0.0,46.0
1847,57,True,13,0.0,47.0
1848,58,False,-14,0.0,-7.0
1849,58,False,-13,0.0,-6.0
1850,58,False,-12,0.0,-5.0
1851,58,False,-11,0.0,-4.0
1852,58,False,-10,0.0,-3.0
1853,58,False,-9,0.0,-2.0
1854,58,False,-8,0.0,-1.0
1855,58,False,-7,0.0,0.0
1856,58,False,-6,0.0,1.0
1857,58,False,-5,3.0,2.0
1858,58,False,-4,1.0,3.0
1859,58,False,-3,5.0,4.0
1860,58,False,-2,4.0,5.0
1861,58,False,-1,13.0,6.0
1862,58,False,0,24.0,7.0
1863,58,False,1,1.0,8.0
1864,58,False,2,4.0,9.0
1865,58,False,3,7.0,10.0
1866,58,False,4,1.0,11.0
1867,58,False,5,6.0,12.0
1868,58,False,6,5.0,13.0
1869,58,False,7,3.0,14.0
1870,58,False,8,1.0,15.0
1871,58,False,9,1.0,16.0
1872,58,False,10,4.0,17.0
1873,58,False,11,2.0,18.0
1874,58,False,12,3.0,19.0
1875,58,False,13,0.0,20.0
1876,58,True,-14,0.0,-7.0
1877,58,True,-13,0.0,-6.0
1878,58,True,-12,0.0,-5.0
1879,58,True,-11,0.0,-4.0
1880,58,True,-10,0.0,-3.0
1881,58,True,-9,0.0,-2.0
1882,58,True,-8,0.0,-1.0
1883,58,True,-7,0.0,0.0
1884,58,True,-6,0.0,1.0
1885,58,True,-5,0.0,2.0
1886,58,True,-4,1.0,3.0
1887,58,True,-3,0.0,4.0
1888,58,True,-2,0.0,5.0
1889,58,True,-1,3.0,6.0
1890,58,True,0,6.0,7.0
1891,58,True,1,2.0,8.0
1892,58,True,2,0.0,9.0
1893,58,True,3,0.0,10.0
1894,58,True,4,0.0,11.0
1895,58,True,5,0.0,12.0
1896,58,True,6,0.0,13.0
1897,58,True,7,0.0,14.0
1898,58,True,8,0.0,15.0
1899,58,True,9,0.0,16.0
1900,58,True,10,0.0,17.0
1901,58,True,11,0.0,18.0
1902,58,True,12,0.0,19.0
1903,58,True,13,0.0,20.0
1904,59,False,-14,2124.0,31.0
1905,59,False,-13,2234.0,32.0
1906,59,False,-12,1728.0,33.0
1907,59,False,-11,1135.0,34.0
1908,59,False,-10,1146.0,35.0
1909,59,False,-9,993.0,36.0
1910,59,False,-8,659.0,37.0
1911,59,False,-7,985.0,38.0
1912,59,False,-6,828.0,39.0
1913,59,False,-5,2224.0,40.0
1914,59,False,-4,3323.0,41.0
1915,59,False,-3,1320.0,42.0
1916,59,False,-2,1316.0,43.0
1917,59,False,-1,922.0,44.0
1918,59,False,0,1729.0,45.0
1919,59,False,1,342.0,46.0
1920,59,False,2,464.0,47.0
1921,59,False,3,772.0,48.0
1922,59,False,4,2143.0,49.0
1923,59,False,5,1242.0,50.0
1924,59,False,6,668.0,51.0
1925,59,False,7,479.0,52.0
1926,59,False,8,691.0,53.0
1927,59,False,9,809.0,54.0
1928,59,False,10,1146.0,55.0
1929,59,False,11,753.0,56.0
1930,59,False,12,562.0,57.0
1931,59,False,13,1037.0,58.0
1932,59,True,-14,171.0,31.0
1933,59,True,-13,178.0,32.0
1934,59,True,-12,142.0,33.0
1935,59,True,-11,87.0,34.0
1936,59,True,-10,76.0,35.0
1937,59,True,-9,98.0,36.0
1938,59,True,-8,37.0,37.0
1939,59,True,-7,60.0,38.0
1940,59,True,-6,100.0,39.0
1941,59,True,-5,245.0,40.0
1942,59,True,-4,333.0,41.0
1943,59,True,-3,101.0,42.0
1944,59,True,-2,129.0,43.0
1945,59,True,-1,88.0,44.0
1946,59,True,0,297.0,45.0
1947,59,True,1,14.0,46.0
1948,59,True,2,17.0,47.0
1949,59,True,3,65.0,48.0
1950,59,True,4,246.0,49.0
1951,59,True,5,68.0,50.0
1952,59,True,6,33.0,51.0
1953,59,True,7,19.0,52.0
1954,59,True,8,24.0,53.0
1955,59,True,9,62.0,54.0
1956,59,True,10,77.0,55.0
1957,59,True,11,34.0,56.0
1958,59,True,12,28.0,57.0
1959,59,True,13,84.0,58.0
1960,60,False,-14,34.0,141.0
1961,60,False,-13,24.0,142.0
1962,60,False,-12,19.0,143.0
1963,60,False,-11,28.0,144.0
1964,60,False,-10,80.0,145.0
1965,60,False,-9,20.0,146.0
1966,60,False,-8,15.0,147.0
1967,60,False,-7,47.0,148.0
1968,60,False,-6,22.0,149.0
1969,60,False,-5,35.0,150.0
1970,60,False,-4,25.0,151.0
1971,60,False,-3,35.0,152.0
1972,60,False,-2,22.0,153.0
1973,60,False,-1,23.0,154.0
1974,60,False,0,65.0,155.0
1975,60,False,1,35.0,156.0
1976,60,False,2,67.0,157.0
1977,60,False,3,34.0,158.0
1978,60,False,4,22.0,159.0
1979,60,False,5,67.0,160.0
1980,60,False,6,85.0,161.0
1981,60,False,7,47.0,162.0
1982,60,False,8,46.0,163.0
1983,60,False,9,27.0,164.0
1984,60,False,10,33.0,165.0
1985,60,False,11,90.0,166.0
1986,60,False,12,64.0,167.0
1987,60,False,13,45.0,168.0
1988,60,True,-14,11.0,141.0
1989,60,True,-13,4.0,142.0
1990,60,True,-12,8.0,143.0
1991,60,True,-11,12.0,144.0
1992,60,True,-10,11.0,145.0
1993,60,True,-9,18.0,146.0
1994,60,True,-8,9.0,147.0
1995,60,True,-7,22.0,148.0
1996,60,True,-6,4.0,149.0
1997,60,True,-5,9.0,150.0
1998,60,True,-4,10.0,151.0
1999,60,True,-3,4.0,152.0
2000,60,True,-2,9.0,153.0
2001,60,True,-1,10.0,154.0
2002,60,True,0,30.0,155.0
2003,60,True,1,4.0,156.0
2004,60,True,2,28.0,157.0
2005,60,True,3,21.0,158.0
2006,60,True,4,4.0,159.0
2007,60,True,5,12.0,160.0
2008,60,True,6,14.0,161.0
2009,60,True,7,4.0,162.0
2010,60,True,8,5.0,163.0
2011,60,True,9,5.0,164.0
2012,60,True,10,6.0,165.0
2013,60,True,11,39.0,166.0
2014,60,True,12,30.0,167.0
2015,60,True,13,25.0,168.0
2016,62,False,-14,54.0,5.0
2017,62,False,-13,23.0,6.0
2018,62,False,-12,25.0,7.0
2019,62,False,-11,188.0,8.0
2020,62,False,-10,306.0,9.0
2021,62,False,-9,357.0,10.0
2022,62,False,-8,104.0,11.0
2023,62,False,-7,116.0,12.0
2024,62,False,-6,57.0,13.0
2025,62,False,-5,58.0,14.0
2026,62,False,-4,32.0,15.0
2027,62,False,-3,33.0,16.0
2028,62,False,-2,33.0,17.0
2029,62,False,-1,35.0,18.0
2030,62,False,0,20.0,19.0
2031,62,False,1,11.0,20.0
2032,62,False,2,17.0,21.0
2033,62,False,3,25.0,22.0
2034,62,False,4,30.0,23.0
2035,62,False,5,27.0,24.0
2036,62,False,6,11.0,25.0
2037,62,False,7,9.0,26.0
2038,62,False,8,15.0,27.0
2039,62,False,9,18.0,28.0
2040,62,False,10,18.0,29.0
2041,62,False,11,10.0,30.0
2042,62,False,12,9.0,31.0
2043,62,False,13,6.0,32.0
2044,62,True,-14,3.0,5.0
2045,62,True,-13,1.0,6.0
2046,62,True,-12,5.0,7.0
2047,62,True,-11,1363.0,8.0
2048,62,True,-10,1016.0,9.0
2049,62,True,-9,564.0,10.0
2050,62,True,-8,130.0,11.0
2051,62,True,-7,487.0,12.0
2052,62,True,-6,130.0,13.0
2053,62,True,-5,62.0,14.0
2054,62,True,-4,33.0,15.0
2055,62,True,-3,59.0,16.0
2056,62,True,-2,34.0,17.0
2057,62,True,-1,35.0,18.0
2058,62,True,0,12.0,19.0
2059,62,True,1,8.0,20.0
2060,62,True,2,9.0,21.0
2061,62,True,3,9.0,22.0
2062,62,True,4,15.0,23.0
2063,62,True,5,18.0,24.0
2064,62,True,6,4.0,25.0
2065,62,True,7,3.0,26.0
2066,62,True,8,7.0,27.0
2067,62,True,9,11.0,28.0
2068,62,True,10,4.0,29.0
2069,62,True,11,2.0,30.0
2070,62,True,12,0.0,31.0
2071,62,True,13,6.0,32.0
2072,65,False,-14,9.0,117.0
2073,65,False,-13,4.0,118.0
2074,65,False,-12,7.0,119.0
2075,65,False,-11,8.0,120.0
2076,65,False,-10,4.0,121.0
2077,65,False,-9,23.0,122.0
2078,65,False,-8,20.0,123.0
2079,65,False,-7,8.0,124.0
2080,65,False,-6,5.0,125.0
2081,65,False,-5,7.0,126.0
2082,65,False,-4,6.0,127.0
2083,65,False,-3,5.0,128.0
2084,65,False,-2,3.0,129.0
2085,65,False,-1,0.0,130.0
2086,65,False,0,9.0,131.0
2087,65,False,1,8.0,132.0
2088,65,False,2,5.0,133.0
2089,65,False,3,12.0,134.0
2090,65,False,4,14.0,135.0
2091,65,False,5,6.0,136.0
2092,65,False,6,8.0,137.0
2093,65,False,7,6.0,138.0
2094,65,False,8,8.0,139.0
2095,65,False,9,2.0,140.0
2096,65,False,10,6.0,141.0
2097,65,False,11,4.0,142.0
2098,65,False,12,11.0,143.0
2099,65,False,13,11.0,144.0
2100,65,True,-14,0.0,117.0
2101,65,True,-13,3.0,118.0
2102,65,True,-12,3.0,119.0
2103,65,True,-11,2.0,120.0
2104,65,True,-10,2.0,121.0
2105,65,True,-9,2.0,122.0
2106,65,True,-8,0.0,123.0
2107,65,True,-7,1.0,124.0
2108,65,True,-6,1.0,125.0
2109,65,True,-5,0.0,126.0
2110,65,True,-4,2.0,127.0
2111,65,True,-3,3.0,128.0
2112,65,True,-2,0.0,129.0
2113,65,True,-1,2.0,130.0
2114,65,True,0,10.0,131.0
2115,65,True,1,2.0,132.0
2116,65,True,2,1.0,133.0
2117,65,True,3,4.0,134.0
2118,65,True,4,3.0,135.0
2119,65,True,5,2.0,136.0
2120,65,True,6,3.0,137.0
2121,65,True,7,0.0,138.0
2122,65,True,8,1.0,139.0
2123,65,True,9,2.0,140.0
2124,65,True,10,1.0,141.0
2125,65,True,11,1.0,142.0
2126,65,True,12,1.0,143.0
2127,65,True,13,5.0,144.0
2128,67,False,-14,0.0,152.0
2129,67,False,-13,0.0,153.0
2130,67,False,-12,0.0,154.0
2131,67,False,-11,0.0,155.0
2132,67,False,-10,0.0,156.0
2133,67,False,-9,0.0,157.0
2134,67,False,-8,0.0,158.0
2135,67,False,-7,0.0,159.0
2136,67,False,-6,0.0,160.0
2137,67,False,-5,0.0,161.0
2138,67,False,-4,0.0,162.0
2139,67,False,-3,0.0,163.0
2140,67,False,-2,0.0,164.0
2141,67,False,-1,0.0,165.0
2142,67,False,0,0.0,166.0
2143,67,False,1,0.0,167.0
2144,67,False,2,0.0,168.0
2145,67,False,3,0.0,169.0
2146,67,False,4,0.0,170.0
2147,67,False,5,0.0,171.0
2148,67,False,6,0.0,172.0
2149,67,False,7,0.0,173.0
2150,67,False,8,0.0,174.0
2151,67,False,9,0.0,175.0
2152,67,False,10,0.0,176.0
2153,67,False,11,0.0,177.0
2154,67,False,12,0.0,178.0
2155,67,False,13,0.0,179.0
2156,67,True,-14,0.0,152.0
2157,67,True,-13,0.0,153.0
2158,67,True,-12,0.0,154.0
2159,67,True,-11,0.0,155.0
2160,67,True,-10,0.0,156.0
2161,67,True,-9,0.0,157.0
2162,67,True,-8,0.0,158.0
2163,67,True,-7,0.0,159.0
2164,67,True,-6,0.0,160.0
2165,67,True,-5,0.0,161.0
2166,67,True,-4,0.0,162.0
2167,67,True,-3,0.0,163.0
2168,67,True,-2,0.0,164.0
2169,67,True,-1,0.0,165.0
2170,67,True,0,0.0,166.0
2171,67,True,1,1.0,167.0
2172,67,True,2,0.0,168.0
2173,67,True,3,0.0,169.0
2174,67,True,4,0.0,170.0
2175,67,True,5,0.0,171.0
2176,67,True,6,0.0,172.0
2177,67,True,7,0.0,173.0
2178,67,True,8,0.0,174.0
2179,67,True,9,0.0,175.0
2180,67,True,10,0.0,176.0
2181,67,True,11,0.0,177.0
2182,67,True,12,0.0,178.0
2183,67,True,13,0.0,179.0
2184,69,False,-14,2.0,248.0
2185,69,False,-13,0.0,249.0
2186,69,False,-12,0.0,250.0
2187,69,False,-11,0.0,251.0
2188,69,False,-10,0.0,252.0
2189,69,False,-9,0.0,253.0
2190,69,False,-8,0.0,254.0
2191,69,False,-7,1.0,255.0
2192,69,False,-6,0.0,256.0
2193,69,False,-5,0.0,257.0
2194,69,False,-4,0.0,258.0
2195,69,False,-3,0.0,259.0
2196,69,False,-2,0.0,260.0
2197,69,False,-1,2.0,261.0
2198,69,False,0,0.0,262.0
2199,69,False,1,0.0,263.0
2200,69,False,2,0.0,264.0
2201,69,False,3,1.0,265.0
2202,69,False,4,0.0,266.0
2203,69,False,5,0.0,267.0
2204,69,False,6,0.0,268.0
2205,69,False,7,0.0,269.0
2206,69,False,8,1.0,270.0
2207,69,False,9,0.0,271.0
2208,69,False,10,0.0,272.0
2209,69,False,11,0.0,273.0
2210,69,False,12,0.0,274.0
2211,69,False,13,0.0,275.0
2212,69,True,-14,0.0,248.0
2213,69,True,-13,0.0,249.0
2214,69,True,-12,0.0,250.0
2215,69,True,-11,0.0,251.0
2216,69,True,-10,0.0,252.0
2217,69,True,-9,0.0,253.0
2218,69,True,-8,0.0,254.0
2219,69,True,-7,0.0,255.0
2220,69,True,-6,0.0,256.0
2221,69,True,-5,0.0,257.0
2222,69,True,-4,0.0,258.0
2223,69,True,-3,0.0,259.0
2224,69,True,-2,0.0,260.0
2225,69,True,-1,0.0,261.0
2226,69,True,0,0.0,262.0
2227,69,True,1,0.0,263.0
2228,69,True,2,1.0,264.0
2229,69,True,3,0.0,265.0
2230,69,True,4,0.0,266.0
2231,69,True,5,0.0,267.0
2232,69,True,6,0.0,268.0
2233,69,True,7,0.0,269.0
2234,69,True,8,0.0,270.0
2235,69,True,9,0.0,271.0
2236,69,True,10,0.0,272.0
2237,69,True,11,0.0,273.0
2238,69,True,12,0.0,274.0
2239,69,True,13,0.0,275.0
2240,72,False,-14,1.0,97.0
2241,72,False,-13,0.0,98.0
2242,72,False,-12,0.0,99.0
2243,72,False,-11,1.0,100.0
2244,72,False,-10,0.0,101.0
2245,72,False,-9,0.0,102.0
2246,72,False,-8,1.0,103.0
2247,72,False,-7,1.0,104.0
2248,72,False,-6,0.0,105.0
2249,72,False,-5,0.0,106.0
2250,72,False,-4,1.0,107.0
2251,72,False,-3,1.0,108.0
2252,72,False,-2,1.0,109.0
2253,72,False,-1,0.0,110.0
2254,72,False,0,1.0,111.0
2255,72,False,1,0.0,112.0
2256,72,False,2,1.0,113.0
2257,72,False,3,0.0,114.0
2258,72,False,4,0.0,115.0
2259,72,False,5,0.0,116.0
2260,72,False,6,0.0,117.0
2261,72,False,7,2.0,118.0
2262,72,False,8,0.0,119.0
2263,72,False,9,0.0,120.0
2264,72,False,10,1.0,121.0
2265,72,False,11,1.0,122.0
2266,72,False,12,1.0,123.0
2267,72,False,13,0.0,124.0
2268,72,True,-14,1.0,97.0
2269,72,True,-13,3.0,98.0
2270,72,True,-12,0.0,99.0
2271,72,True,-11,1.0,100.0
2272,72,True,-10,0.0,101.0
2273,72,True,-9,1.0,102.0
2274,72,True,-8,1.0,103.0
2275,72,True,-7,0.0,104.0
2276,72,True,-6,1.0,105.0
2277,72,True,-5,0.0,106.0
2278,72,True,-4,0.0,107.0
2279,72,True,-3,1.0,108.0
2280,72,True,-2,2.0,109.0
2281,72,True,-1,0.0,110.0
2282,72,True,0,4.0,111.0
2283,72,True,1,1.0,112.0
2284,72,True,2,1.0,113.0
2285,72,True,3,0.0,114.0
2286,72,True,4,0.0,115.0
2287,72,True,5,3.0,116.0
2288,72,True,6,0.0,117.0
2289,72,True,7,0.0,118.0
2290,72,True,8,1.0,119.0
2291,72,True,9,0.0,120.0
2292,72,True,10,1.0,121.0
2293,72,True,11,0.0,122.0
2294,72,True,12,1.0,123.0
2295,72,True,13,1.0,124.0
2296,75,False,-14,0.0,83.0
2297,75,False,-13,0.0,84.0
2298,75,False,-12,0.0,85.0
2299,75,False,-11,0.0,86.0
2300,75,False,-10,0.0,87.0
2301,75,False,-9,0.0,88.0
2302,75,False,-8,0.0,89.0
2303,75,False,-7,1.0,90.0
2304,75,False,-6,0.0,91.0
2305,75,False,-5,0.0,92.0
2306,75,False,-4,1.0,93.0
2307,75,False,-3,0.0,94.0
2308,75,False,-2,0.0,95.0
2309,75,False,-1,1.0,96.0
2310,75,False,0,9.0,97.0
2311,75,False,1,3.0,98.0
2312,75,False,2,10.0,99.0
2313,75,False,3,3.0,100.0
2314,75,False,4,6.0,101.0
2315,75,False,5,2.0,102.0
2316,75,False,6,36.0,103.0
2317,75,False,7,12.0,104.0
2318,75,False,8,4.0,105.0
2319,75,False,9,0.0,106.0
2320,75,False,10,1.0,107.0
2321,75,False,11,1.0,108.0
2322,75,False,12,2.0,109.0
2323,75,False,13,2.0,110.0
2324,75,True,-14,0.0,83.0
2325,75,True,-13,0.0,84.0
2326,75,True,-12,0.0,85.0
2327,75,True,-11,0.0,86.0
2328,75,True,-10,0.0,87.0
2329,75,True,-9,0.0,88.0
2330,75,True,-8,0.0,89.0
2331,75,True,-7,0.0,90.0
2332,75,True,-6,1.0,91.0
2333,75,True,-5,0.0,92.0
2334,75,True,-4,1.0,93.0
2335,75,True,-3,1.0,94.0
2336,75,True,-2,0.0,95.0
2337,75,True,-1,2.0,96.0
2338,75,True,0,5.0,97.0
2339,75,True,1,5.0,98.0
2340,75,True,2,6.0,99.0
2341,75,True,3,1.0,100.0
2342,75,True,4,1.0,101.0
2343,75,True,5,0.0,102.0
2344,75,True,6,38.0,103.0
2345,75,True,7,3.0,104.0
2346,75,True,8,5.0,105.0
2347,75,True,9,1.0,106.0
2348,75,True,10,0.0,107.0
2349,75,True,11,1.0,108.0
2350,75,True,12,3.0,109.0
2351,75,True,13,0.0,110.0
2352,77,False,-14,0.0,102.0
2353,77,False,-13,1.0,103.0
2354,77,False,-12,0.0,104.0
2355,77,False,-11,2.0,105.0
2356,77,False,-10,3.0,106.0
2357,77,False,-9,2.0,107.0
2358,77,False,-8,1.0,108.0
2359,77,False,-7,0.0,109.0
2360,77,False,-6,0.0,110.0
2361,77,False,-5,1.0,111.0
2362,77,False,-4,0.0,112.0
2363,77,False,-3,0.0,113.0
2364,77,False,-2,0.0,114.0
2365,77,False,-1,0.0,115.0
2366,77,False,0,0.0,116.0
2367,77,False,1,1.0,117.0
2368,77,False,2,3.0,118.0
2369,77,False,3,0.0,119.0
2370,77,False,4,0.0,120.0
2371,77,False,5,2.0,121.0
2372,77,False,6,0.0,122.0
2373,77,False,7,0.0,123.0
2374,77,False,8,2.0,124.0
2375,77,False,9,0.0,125.0
2376,77,False,10,0.0,126.0
2377,77,False,11,1.0,127.0
2378,77,False,12,0.0,128.0
2379,77,False,13,1.0,129.0
2380,77,True,-14,0.0,102.0
2381,77,True,-13,0.0,103.0
2382,77,True,-12,0.0,104.0
2383,77,True,-11,0.0,105.0
2384,77,True,-10,0.0,106.0
2385,77,True,-9,0.0,107.0
2386,77,True,-8,0.0,108.0
2387,77,True,-7,0.0,109.0
2388,77,True,-6,0.0,110.0
2389,77,True,-5,1.0,111.0
2390,77,True,-4,0.0,112.0
2391,77,True,-3,0.0,113.0
2392,77,True,-2,1.0,114.0
2393,77,True,-1,0.0,115.0
2394,77,True,0,4.0,116.0
2395,77,True,1,2.0,117.0
2396,77,True,2,1.0,118.0
2397,77,True,3,0.0,119.0
2398,77,True,4,0.0,120.0
2399,77,True,5,0.0,121.0
2400,77,True,6,1.0,122.0
2401,77,True,7,0.0,123.0
2402,77,True,8,1.0,124.0
2403,77,True,9,0.0,125.0
2404,77,True,10,1.0,126.0
2405,77,True,11,1.0,127.0
2406,77,True,12,0.0,128.0
2407,77,True,13,0.0,129.0
2408,79,False,-14,0.0,185.0
2409,79,False,-13,0.0,186.0
2410,79,False,-12,0.0,187.0
2411,79,False,-11,0.0,188.0
2412,79,False,-10,0.0,189.0
2413,79,False,-9,0.0,190.0
2414,79,False,-8,0.0,191.0
2415,79,False,-7,0.0,192.0
2416,79,False,-6,0.0,193.0
2417,79,False,-5,0.0,194.0
2418,79,False,-4,0.0,195.0
2419,79,False,-3,0.0,196.0
2420,79,False,-2,0.0,197.0
2421,79,False,-1,0.0,198.0
2422,79,False,0,0.0,199.0
2423,79,False,1,0.0,200.0
2424,79,False,2,0.0,201.0
2425,79,False,3,0.0,202.0
2426,79,False,4,0.0,203.0
2427,79,False,5,0.0,204.0
2428,79,False,6,0.0,205.0
2429,79,False,7,0.0,206.0
2430,79,False,8,0.0,207.0
2431,79,False,9,0.0,208.0
2432,79,False,10,0.0,209.0
2433,79,False,11,1.0,210.0
2434,79,False,12,0.0,211.0
2435,79,False,13,0.0,212.0
2436,79,True,-14,0.0,185.0
2437,79,True,-13,0.0,186.0
2438,79,True,-12,0.0,187.0
2439,79,True,-11,0.0,188.0
2440,79,True,-10,0.0,189.0
2441,79,True,-9,0.0,190.0
2442,79,True,-8,0.0,191.0
2443,79,True,-7,0.0,192.0
2444,79,True,-6,0.0,193.0
2445,79,True,-5,0.0,194.0
2446,79,True,-4,0.0,195.0
2447,79,True,-3,0.0,196.0
2448,79,True,-2,0.0,197.0
2449,79,True,-1,0.0,198.0
2450,79,True,0,0.0,199.0
2451,79,True,1,0.0,200.0
2452,79,True,2,0.0,201.0
2453,79,True,3,0.0,202.0
2454,79,True,4,1.0,203.0
2455,79,True,5,0.0,204.0
2456,79,True,6,0.0,205.0
2457,79,True,7,0.0,206.0
2458,79,True,8,0.0,207.0
2459,79,True,9,0.0,208.0
2460,79,True,10,0.0,209.0
2461,79,True,11,0.0,210.0
2462,79,True,12,1.0,211.0
2463,79,True,13,0.0,212.0
2464,80,False,-14,0.0,200.0
2465,80,False,-13,0.0,201.0
2466,80,False,-12,0.0,202.0
2467,80,False,-11,0.0,203.0
2468,80,False,-10,0.0,204.0
2469,80,False,-9,1.0,205.0
2470,80,False,-8,0.0,206.0
2471,80,False,-7,1.0,207.0
2472,80,False,-6,0.0,208.0
2473,80,False,-5,0.0,209.0
2474,80,False,-4,0.0,210.0
2475,80,False,-3,0.0,211.0
2476,80,False,-2,0.0,212.0
2477,80,False,-1,0.0,213.0
2478,80,False,0,1.0,214.0
2479,80,False,1,0.0,215.0
2480,80,False,2,0.0,216.0
2481,80,False,3,0.0,217.0
2482,80,False,4,0.0,218.0
2483,80,False,5,1.0,219.0
2484,80,False,6,0.0,220.0
2485,80,False,7,0.0,221.0
2486,80,False,8,0.0,222.0
2487,80,False,9,0.0,223.0
2488,80,False,10,0.0,224.0
2489,80,False,11,0.0,225.0
2490,80,False,12,0.0,226.0
2491,80,False,13,0.0,227.0
2492,80,True,-14,0.0,200.0
2493,80,True,-13,0.0,201.0
2494,80,True,-12,0.0,202.0
2495,80,True,-11,1.0,203.0
2496,80,True,-10,0.0,204.0
2497,80,True,-9,0.0,205.0
2498,80,True,-8,0.0,206.0
2499,80,True,-7,0.0,207.0
2500,80,True,-6,0.0,208.0
2501,80,True,-5,0.0,209.0
2502,80,True,-4,0.0,210.0
2503,80,True,-3,1.0,211.0
2504,80,True,-2,0.0,212.0
2505,80,True,-1,0.0,213.0
2506,80,True,0,4.0,214.0
2507,80,True,1,0.0,215.0
2508,80,True,2,0.0,216.0
2509,80,True,3,0.0,217.0
2510,80,True,4,0.0,218.0
2511,80,True,5,0.0,219.0
2512,80,True,6,0.0,220.0
2513,80,True,7,0.0,221.0
2514,80,True,8,1.0,222.0
2515,80,True,9,0.0,223.0
2516,80,True,10,0.0,224.0
2517,80,True,11,1.0,225.0
2518,80,True,12,1.0,226.0
2519,80,True,13,0.0,227.0
2520,84,False,-14,35.0,50.0
2521,84,False,-13,33.0,51.0
2522,84,False,-12,12.0,52.0
2523,84,False,-11,6.0,53.0
2524,84,False,-10,8.0,54.0
2525,84,False,-9,9.0,55.0
2526,84,False,-8,62.0,56.0
2527,84,False,-7,20.0,57.0
2528,84,False,-6,9.0,58.0
2529,84,False,-5,14.0,59.0
2530,84,False,-4,44.0,60.0
2531,84,False,-3,38.0,61.0
2532,84,False,-2,29.0,62.0
2533,84,False,-1,127.0,63.0
2534,84,False,0,135.0,64.0
2535,84,False,1,48.0,65.0
2536,84,False,2,22.0,66.0
2537,84,False,3,25.0,67.0
2538,84,False,4,28.0,68.0
2539,84,False,5,24.0,69.0
2540,84,False,6,38.0,70.0
2541,84,False,7,54.0,71.0
2542,84,False,8,60.0,72.0
2543,84,False,9,67.0,73.0
2544,84,False,10,107.0,74.0
2545,84,False,11,119.0,75.0
2546,84,False,12,87.0,76.0
2547,84,False,13,176.0,77.0
2548,84,True,-14,11.0,50.0
2549,84,True,-13,11.0,51.0
2550,84,True,-12,2.0,52.0
2551,84,True,-11,3.0,53.0
2552,84,True,-10,1.0,54.0
2553,84,True,-9,2.0,55.0
2554,84,True,-8,12.0,56.0
2555,84,True,-7,10.0,57.0
2556,84,True,-6,3.0,58.0
2557,84,True,-5,6.0,59.0
2558,84,True,-4,2.0,60.0
2559,84,True,-3,3.0,61.0
2560,84,True,-2,4.0,62.0
2561,84,True,-1,41.0,63.0
2562,84,True,0,61.0,64.0
2563,84,True,1,13.0,65.0
2564,84,True,2,4.0,66.0
2565,84,True,3,1.0,67.0
2566,84,True,4,6.0,68.0
2567,84,True,5,3.0,69.0
2568,84,True,6,3.0,70.0
2569,84,True,7,6.0,71.0
2570,84,True,8,0.0,72.0
2571,84,True,9,0.0,73.0
2572,84,True,10,2.0,74.0
2573,84,True,11,1.0,75.0
2574,84,True,12,1.0,76.0
2575,84,True,13,6.0,77.0
2576,85,False,-14,0.0,-12.0
2577,85,False,-13,0.0,-11.0
2578,85,False,-12,0.0,-10.0
2579,85,False,-11,0.0,-9.0
2580,85,False,-10,0.0,-8.0
2581,85,False,-9,0.0,-7.0
2582,85,False,-8,0.0,-6.0
2583,85,False,-7,1.0,-5.0
2584,85,False,-6,0.0,-4.0
2585,85,False,-5,0.0,-3.0
2586,85,False,-4,2.0,-2.0
2587,85,False,-3,0.0,-1.0
2588,85,False,-2,1.0,0.0
2589,85,False,-1,1.0,1.0
2590,85,False,0,0.0,2.0
2591,85,False,1,0.0,3.0
2592,85,False,2,1.0,4.0
2593,85,False,3,0.0,5.0
2594,85,False,4,0.0,6.0
2595,85,False,5,1.0,7.0
2596,85,False,6,0.0,8.0
2597,85,False,7,0.0,9.0
2598,85,False,8,0.0,10.0
2599,85,False,9,0.0,11.0
2600,85,False,10,0.0,12.0
2601,85,False,11,0.0,13.0
2602,85,False,12,0.0,14.0
2603,85,False,13,0.0,15.0
2604,85,True,-14,0.0,-12.0
2605,85,True,-13,0.0,-11.0
2606,85,True,-12,0.0,-10.0
2607,85,True,-11,0.0,-9.0
2608,85,True,-10,0.0,-8.0
2609,85,True,-9,0.0,-7.0
2610,85,True,-8,0.0,-6.0
2611,85,True,-7,0.0,-5.0
2612,85,True,-6,0.0,-4.0
2613,85,True,-5,0.0,-3.0
2614,85,True,-4,0.0,-2.0
2615,85,True,-3,0.0,-1.0
2616,85,True,-2,0.0,0.0
2617,85,True,-1,1.0,1.0
2618,85,True,0,3.0,2.0
2619,85,True,1,0.0,3.0
2620,85,True,2,1.0,4.0
2621,85,True,3,0.0,5.0
2622,85,True,4,0.0,6.0
2623,85,True,5,0.0,7.0
2624,85,True,6,0.0,8.0
2625,85,True,7,0.0,9.0
2626,85,True,8,0.0,10.0
2627,85,True,9,0.0,11.0
2628,85,True,10,0.0,12.0
2629,85,True,11,0.0,13.0
2630,85,True,12,0.0,14.0
2631,85,True,13,0.0,15.0
2632,86,False,-14,4.0,176.0
2633,86,False,-13,0.0,177.0
2634,86,False,-12,1.0,178.0
2635,86,False,-11,1.0,179.0
2636,86,False,-10,2.0,180.0
2637,86,False,-9,0.0,181.0
2638,86,False,-8,1.0,182.0
2639,86,False,-7,0.0,183.0
2640,86,False,-6,0.0,184.0
2641,86,False,-5,1.0,185.0
2642,86,False,-4,0.0,186.0
2643,86,False,-3,0.0,187.0
2644,86,False,-2,2.0,188.0
2645,86,False,-1,0.0,189.0
2646,86,False,0,1.0,190.0
2647,86,False,1,0.0,191.0
2648,86,False,2,0.0,192.0
2649,86,False,3,0.0,193.0
2650,86,False,4,0.0,194.0
2651,86,False,5,1.0,195.0
2652,86,False,6,0.0,196.0
2653,86,False,7,2.0,197.0
2654,86,False,8,1.0,198.0
2655,86,False,9,0.0,199.0
2656,86,False,10,1.0,200.0
2657,86,False,11,1.0,201.0
2658,86,False,12,0.0,202.0
2659,86,False,13,1.0,203.0
2660,86,True,-14,5.0,176.0
2661,86,True,-13,1.0,177.0
2662,86,True,-12,1.0,178.0
2663,86,True,-11,0.0,179.0
2664,86,True,-10,0.0,180.0
2665,86,True,-9,1.0,181.0
2666,86,True,-8,0.0,182.0
2667,86,True,-7,0.0,183.0
2668,86,True,-6,0.0,184.0
2669,86,True,-5,1.0,185.0
2670,86,True,-4,0.0,186.0
2671,86,True,-3,0.0,187.0
2672,86,True,-2,1.0,188.0
2673,86,True,-1,1.0,189.0
2674,86,True,0,1.0,190.0
2675,86,True,1,0.0,191.0
2676,86,True,2,0.0,192.0
2677,86,True,3,1.0,193.0
2678,86,True,4,0.0,194.0
2679,86,True,5,0.0,195.0
2680,86,True,6,0.0,196.0
2681,86,True,7,0.0,197.0
2682,86,True,8,1.0,198.0
2683,86,True,9,0.0,199.0
2684,86,True,10,0.0,200.0
2685,86,True,11,0.0,201.0
2686,86,True,12,0.0,202.0
2687,86,True,13,0.0,203.0
2688,88,False,-14,0.0,52.0
2689,88,False,-13,0.0,53.0
2690,88,False,-12,0.0,54.0
2691,88,False,-11,1.0,55.0
2692,88,False,-10,0.0,56.0
2693,88,False,-9,0.0,57.0
2694,88,False,-8,0.0,58.0
2695,88,False,-7,1.0,59.0
2696,88,False,-6,1.0,60.0
2697,88,False,-5,0.0,61.0
2698,88,False,-4,0.0,62.0
2699,88,False,-3,0.0,63.0
2700,88,False,-2,0.0,64.0
2701,88,False,-1,0.0,65.0
2702,88,False,0,1.0,66.0
2703,88,False,1,0.0,67.0
2704,88,False,2,0.0,68.0
2705,88,False,3,1.0,69.0
2706,88,False,4,0.0,70.0
2707,88,False,5,1.0,71.0
2708,88,False,6,1.0,72.0
2709,88,False,7,1.0,73.0
2710,88,False,8,0.0,74.0
2711,88,False,9,0.0,75.0
2712,88,False,10,0.0,76.0
2713,88,False,11,0.0,77.0
2714,88,False,12,0.0,78.0
2715,88,False,13,1.0,79.0
2716,88,True,-14,0.0,52.0
2717,88,True,-13,0.0,53.0
2718,88,True,-12,1.0,54.0
2719,88,True,-11,1.0,55.0
2720,88,True,-10,0.0,56.0
2721,88,True,-9,0.0,57.0
2722,88,True,-8,0.0,58.0
2723,88,True,-7,0.0,59.0
2724,88,True,-6,1.0,60.0
2725,88,True,-5,0.0,61.0
2726,88,True,-4,0.0,62.0
2727,88,True,-3,0.0,63.0
2728,88,True,-2,1.0,64.0
2729,88,True,-1,0.0,65.0
2730,88,True,0,1.0,66.0
2731,88,True,1,0.0,67.0
2732,88,True,2,0.0,68.0
2733,88,True,3,0.0,69.0
2734,88,True,4,0.0,70.0
2735,88,True,5,0.0,71.0
2736,88,True,6,0.0,72.0
2737,88,True,7,0.0,73.0
2738,88,True,8,0.0,74.0
2739,88,True,9,0.0,75.0
2740,88,True,10,1.0,76.0
2741,88,True,11,0.0,77.0
2742,88,True,12,0.0,78.0
2743,88,True,13,1.0,79.0
2744,90,False,-14,0.0,292.0
2745,90,False,-13,0.0,293.0
2746,90,False,-12,1.0,294.0
2747,90,False,-11,0.0,295.0
2748,90,False,-10,0.0,296.0
2749,90,False,-9,0.0,297.0
2750,90,False,-8,0.0,298.0
2751,90,False,-7,0.0,299.0
2752,90,False,-6,0.0,300.0
2753,90,False,-5,0.0,301.0
2754,90,False,-4,0.0,302.0
2755,90,False,-3,0.0,303.0
2756,90,False,-2,1.0,304.0
2757,90,False,-1,0.0,305.0
2758,90,False,0,0.0,306.0
2759,90,False,1,0.0,307.0
2760,90,False,2,0.0,308.0
2761,90,False,3,0.0,309.0
2762,90,False,4,0.0,310.0
2763,90,False,5,0.0,311.0
2764,90,False,6,0.0,312.0
2765,90,False,7,0.0,313.0
2766,90,False,8,0.0,314.0
2767,90,False,9,0.0,315.0
2768,90,False,10,0.0,316.0
2769,90,False,11,0.0,317.0
2770,90,False,12,0.0,318.0
2771,90,False,13,0.0,319.0
2772,90,True,-14,0.0,292.0
2773,90,True,-13,0.0,293.0
2774,90,True,-12,1.0,294.0
2775,90,True,-11,0.0,295.0
2776,90,True,-10,0.0,296.0
2777,90,True,-9,0.0,297.0
2778,90,True,-8,0.0,298.0
2779,90,True,-7,0.0,299.0
2780,90,True,-6,0.0,300.0
2781,90,True,-5,0.0,301.0
2782,90,True,-4,0.0,302.0
2783,90,True,-3,0.0,303.0
2784,90,True,-2,0.0,304.0
2785,90,True,-1,0.0,305.0
2786,90,True,0,0.0,306.0
2787,90,True,1,0.0,307.0
2788,90,True,2,0.0,308.0
2789,90,True,3,0.0,309.0
2790,90,True,4,0.0,310.0
2791,90,True,5,0.0,311.0
2792,90,True,6,0.0,312.0
2793,90,True,7,0.0,313.0
2794,90,True,8,0.0,314.0
2795,90,True,9,0.0,315.0
2796,90,True,10,0.0,316.0
2797,90,True,11,0.0,317.0
2798,90,True,12,0.0,318.0
2799,90,True,13,0.0,319.0
2800,95,False,-14,0.0,161.0
2801,95,False,-13,0.0,162.0
2802,95,False,-12,0.0,163.0
2803,95,False,-11,0.0,164.0
2804,95,False,-10,0.0,165.0
2805,95,False,-9,0.0,166.0
2806,95,False,-8,0.0,167.0
2807,95,False,-7,0.0,168.0
2808,95,False,-6,0.0,169.0
2809,95,False,-5,1.0,170.0
2810,95,False,-4,0.0,171.0
2811,95,False,-3,0.0,172.0
2812,95,False,-2,1.0,173.0
2813,95,False,-1,1.0,174.0
2814,95,False,0,4.0,175.0
2815,95,False,1,0.0,176.0
2816,95,False,2,0.0,177.0
2817,95,False,3,0.0,178.0
2818,95,False,4,0.0,179.0
2819,95,False,5,0.0,180.0
2820,95,False,6,0.0,181.0
2821,95,False,7,0.0,182.0
2822,95,False,8,1.0,183.0
2823,95,False,9,0.0,184.0
2824,95,False,10,0.0,185.0
2825,95,False,11,0.0,186.0
2826,95,False,12,0.0,187.0
2827,95,False,13,0.0,188.0
2828,95,True,-14,0.0,161.0
2829,95,True,-13,0.0,162.0
2830,95,True,-12,0.0,163.0
2831,95,True,-11,0.0,164.0
2832,95,True,-10,0.0,165.0
2833,95,True,-9,0.0,166.0
2834,95,True,-8,0.0,167.0
2835,95,True,-7,0.0,168.0
2836,95,True,-6,0.0,169.0
2837,95,True,-5,0.0,170.0
2838,95,True,-4,0.0,171.0
2839,95,True,-3,0.0,172.0
2840,95,True,-2,0.0,173.0
2841,95,True,-1,0.0,174.0
2842,95,True,0,4.0,175.0
2843,95,True,1,0.0,176.0
2844,95,True,2,0.0,177.0
2845,95,True,3,0.0,178.0
2846,95,True,4,1.0,179.0
2847,95,True,5,0.0,180.0
2848,95,True,6,0.0,181.0
2849,95,True,7,0.0,182.0
2850,95,True,8,0.0,183.0
2851,95,True,9,0.0,184.0
2852,95,True,10,0.0,185.0
2853,95,True,11,0.0,186.0
2854,95,True,12,0.0,187.0
2855,95,True,13,0.0,188.0
2856,96,False,-14,3.0,8.0
2857,96,False,-13,1.0,9.0
2858,96,False,-12,0.0,10.0
2859,96,False,-11,1.0,11.0
2860,96,False,-10,1.0,12.0
2861,96,False,-9,1.0,13.0
2862,96,False,-8,12.0,14.0
2863,96,False,-7,7.0,15.0
2864,96,False,-6,2.0,16.0
2865,96,False,-5,3.0,17.0
2866,96,False,-4,2.0,18.0
2867,96,False,-3,4.0,19.0
2868,96,False,-2,2.0,20.0
2869,96,False,-1,0.0,21.0
2870,96,False,0,0.0,22.0
2871,96,False,1,2.0,23.0
2872,96,False,2,1.0,24.0
2873,96,False,3,22.0,25.0
2874,96,False,4,9.0,26.0
2875,96,False,5,2.0,27.0
2876,96,False,6,1.0,28.0
2877,96,False,7,4.0,29.0
2878,96,False,8,1.0,30.0
2879,96,False,9,4.0,31.0
2880,96,False,10,1.0,32.0
2881,96,False,11,3.0,33.0
2882,96,False,12,1.0,34.0
2883,96,False,13,2.0,35.0
2884,96,True,-14,0.0,8.0
2885,96,True,-13,0.0,9.0
2886,96,True,-12,0.0,10.0
2887,96,True,-11,1.0,11.0
2888,96,True,-10,0.0,12.0
2889,96,True,-9,0.0,13.0
2890,96,True,-8,1.0,14.0
2891,96,True,-7,3.0,15.0
2892,96,True,-6,0.0,16.0
2893,96,True,-5,0.0,17.0
2894,96,True,-4,0.0,18.0
2895,96,True,-3,0.0,19.0
2896,96,True,-2,0.0,20.0
2897,96,True,-1,0.0,21.0
2898,96,True,0,1.0,22.0
2899,96,True,1,0.0,23.0
2900,96,True,2,0.0,24.0
2901,96,True,3,0.0,25.0
2902,96,True,4,2.0,26.0
2903,96,True,5,0.0,27.0
2904,96,True,6,0.0,28.0
2905,96,True,7,0.0,29.0
2906,96,True,8,1.0,30.0
2907,96,True,9,0.0,31.0
2908,96,True,10,0.0,32.0
2909,96,True,11,1.0,33.0
2910,96,True,12,0.0,34.0
2911,96,True,13,0.0,35.0
2912,97,False,-14,0.0,51.0
2913,97,False,-13,0.0,52.0
2914,97,False,-12,0.0,53.0
2915,97,False,-11,2.0,54.0
2916,97,False,-10,0.0,55.0
2917,97,False,-9,0.0,56.0
2918,97,False,-8,1.0,57.0
2919,97,False,-7,0.0,58.0
2920,97,False,-6,0.0,59.0
2921,97,False,-5,0.0,60.0
2922,97,False,-4,2.0,61.0
2923,97,False,-3,760.0,62.0
2924,97,False,-2,177.0,63.0
2925,97,False,-1,46.0,64.0
2926,97,False,0,13.0,65.0
2927,97,False,1,5.0,66.0
2928,97,False,2,22.0,67.0
2929,97,False,3,8.0,68.0
2930,97,False,4,3.0,69.0
2931,97,False,5,4.0,70.0
2932,97,False,6,4.0,71.0
2933,97,False,7,7.0,72.0
2934,97,False,8,5.0,73.0
2935,97,False,9,1.0,74.0
2936,97,False,10,2.0,75.0
2937,97,False,11,2.0,76.0
2938,97,False,12,2.0,77.0
2939,97,False,13,0.0,78.0
2940,97,True,-14,0.0,51.0
2941,97,True,-13,1.0,52.0
2942,97,True,-12,0.0,53.0
2943,97,True,-11,0.0,54.0
2944,97,True,-10,0.0,55.0
2945,97,True,-9,0.0,56.0
2946,97,True,-8,0.0,57.0
2947,97,True,-7,0.0,58.0
2948,97,True,-6,0.0,59.0
2949,97,True,-5,0.0,60.0
2950,97,True,-4,2.0,61.0
2951,97,True,-3,831.0,62.0
2952,97,True,-2,200.0,63.0
2953,97,True,-1,48.0,64.0
2954,97,True,0,15.0,65.0
2955,97,True,1,5.0,66.0
2956,97,True,2,20.0,67.0
2957,97,True,3,12.0,68.0
2958,97,True,4,3.0,69.0
2959,97,True,5,6.0,70.0
2960,97,True,6,2.0,71.0
2961,97,True,7,1.0,72.0
2962,97,True,8,3.0,73.0
2963,97,True,9,2.0,74.0
2964,97,True,10,1.0,75.0
2965,97,True,11,0.0,76.0
2966,97,True,12,1.0,77.0
2967,97,True,13,0.0,78.0
2968,99,False,-14,0.0,-11.0
2969,99,False,-13,0.0,-10.0
2970,99,False,-12,0.0,-9.0
2971,99,False,-11,0.0,-8.0
2972,99,False,-10,0.0,-7.0
2973,99,False,-9,0.0,-6.0
2974,99,False,-8,0.0,-5.0
2975,99,False,-7,0.0,-4.0
2976,99,False,-6,0.0,-3.0
2977,99,False,-5,0.0,-2.0
2978,99,False,-4,1.0,-1.0
2979,99,False,-3,1.0,0.0
2980,99,False,-2,13.0,1.0
2981,99,False,-1,48.0,2.0
2982,99,False,0,63.0,3.0
2983,99,False,1,40.0,4.0
2984,99,False,2,24.0,5.0
2985,99,False,3,16.0,6.0
2986,99,False,4,6.0,7.0
2987,99,False,5,14.0,8.0
2988,99,False,6,25.0,9.0
2989,99,False,7,14.0,10.0
2990,99,False,8,18.0,11.0
2991,99,False,9,13.0,12.0
2992,99,False,10,11.0,13.0
2993,99,False,11,12.0,14.0
2994,99,False,12,10.0,15.0
2995,99,False,13,5.0,16.0
2996,99,True,-14,0.0,-11.0
2997,99,True,-13,0.0,-10.0
2998,99,True,-12,0.0,-9.0
2999,99,True,-11,0.0,-8.0
3000,99,True,-10,0.0,-7.0
3001,99,True,-9,0.0,-6.0
3002,99,True,-8,0.0,-5.0
3003,99,True,-7,0.0,-4.0
3004,99,True,-6,0.0,-3.0
3005,99,True,-5,0.0,-2.0
3006,99,True,-4,2.0,-1.0
3007,99,True,-3,0.0,0.0
3008,99,True,-2,2.0,1.0
3009,99,True,-1,8.0,2.0
3010,99,True,0,10.0,3.0
3011,99,True,1,2.0,4.0
3012,99,True,2,2.0,5.0
3013,99,True,3,1.0,6.0
3014,99,True,4,0.0,7.0
3015,99,True,5,2.0,8.0
3016,99,True,6,1.0,9.0
3017,99,True,7,0.0,10.0
3018,99,True,8,0.0,11.0
3019,99,True,9,0.0,12.0
3020,99,True,10,0.0,13.0
3021,99,True,11,1.0,14.0
3022,99,True,12,1.0,15.0
3023,99,True,13,0.0,16.0
3024,100,False,-14,0.0,246.0
3025,100,False,-13,0.0,247.0
3026,100,False,-12,0.0,248.0
3027,100,False,-11,0.0,249.0
3028,100,False,-10,0.0,250.0
3029,100,False,-9,1.0,251.0
3030,100,False,-8,0.0,252.0
3031,100,False,-7,0.0,253.0
3032,100,False,-6,0.0,254.0
3033,100,False,-5,0.0,255.0
3034,100,False,-4,0.0,256.0
3035,100,False,-3,0.0,257.0
3036,100,False,-2,0.0,258.0
3037,100,False,-1,0.0,259.0
3038,100,False,0,1.0,260.0
3039,100,False,1,1.0,261.0
3040,100,False,2,0.0,262.0
3041,100,False,3,0.0,263.0
3042,100,False,4,0.0,264.0
3043,100,False,5,0.0,265.0
3044,100,False,6,0.0,266.0
3045,100,False,7,0.0,267.0
3046,100,False,8,0.0,268.0
3047,100,False,9,0.0,269.0
3048,100,False,10,0.0,270.0
3049,100,False,11,0.0,271.0
3050,100,False,12,0.0,272.0
3051,100,False,13,0.0,273.0
3052,100,True,-14,0.0,246.0
3053,100,True,-13,0.0,247.0
3054,100,True,-12,0.0,248.0
3055,100,True,-11,0.0,249.0
3056,100,True,-10,0.0,250.0
3057,100,True,-9,0.0,251.0
3058,100,True,-8,0.0,252.0
3059,100,True,-7,0.0,253.0
3060,100,True,-6,1.0,254.0
3061,100,True,-5,0.0,255.0
3062,100,True,-4,0.0,256.0
3063,100,True,-3,0.0,257.0
3064,100,True,-2,0.0,258.0
3065,100,True,-1,0.0,259.0
3066,100,True,0,1.0,260.0
3067,100,True,1,0.0,261.0
3068,100,True,2,0.0,262.0
3069,100,True,3,0.0,263.0
3070,100,True,4,0.0,264.0
3071,100,True,5,0.0,265.0
3072,100,True,6,0.0,266.0
3073,100,True,7,0.0,267.0
3074,100,True,8,0.0,268.0
3075,100,True,9,0.0,269.0
3076,100,True,10,0.0,270.0
3077,100,True,11,0.0,271.0
3078,100,True,12,0.0,272.0
3079,100,True,13,0.0,273.0
3080,102,False,-14,0.0,39.0
3081,102,False,-13,0.0,40.0
3082,102,False,-12,0.0,41.0
3083,102,False,-11,0.0,42.0
3084,102,False,-10,0.0,43.0
3085,102,False,-9,0.0,44.0
3086,102,False,-8,1.0,45.0
3087,102,False,-7,1.0,46.0
3088,102,False,-6,0.0,47.0
3089,102,False,-5,0.0,48.0
3090,102,False,-4,0.0,49.0
3091,102,False,-3,0.0,50.0
3092,102,False,-2,0.0,51.0
3093,102,False,-1,0.0,52.0
3094,102,False,0,2.0,53.0
3095,102,False,1,1.0,54.0
3096,102,False,2,2.0,55.0
3097,102,False,3,1.0,56.0
3098,102,False,4,2.0,57.0
3099,102,False,5,2.0,58.0
3100,102,False,6,0.0,59.0
3101,102,False,7,0.0,60.0
3102,102,False,8,0.0,61.0
3103,102,False,9,0.0,62.0
3104,102,False,10,0.0,63.0
3105,102,False,11,1.0,64.0
3106,102,False,12,0.0,65.0
3107,102,False,13,0.0,66.0
3108,102,True,-14,0.0,39.0
3109,102,True,-13,1.0,40.0
3110,102,True,-12,0.0,41.0
3111,102,True,-11,1.0,42.0
3112,102,True,-10,1.0,43.0
3113,102,True,-9,0.0,44.0
3114,102,True,-8,1.0,45.0
3115,102,True,-7,0.0,46.0
3116,102,True,-6,0.0,47.0
3117,102,True,-5,0.0,48.0
3118,102,True,-4,0.0,49.0
3119,102,True,-3,1.0,50.0
3120,102,True,-2,1.0,51.0
3121,102,True,-1,0.0,52.0
3122,102,True,0,4.0,53.0
3123,102,True,1,0.0,54.0
3124,102,True,2,0.0,55.0
3125,102,True,3,0.0,56.0
3126,102,True,4,0.0,57.0
3127,102,True,5,0.0,58.0
3128,102,True,6,0.0,59.0
3129,102,True,7,0.0,60.0
3130,102,True,8,0.0,61.0
3131,102,True,9,0.0,62.0
3132,102,True,10,1.0,63.0
3133,102,True,11,0.0,64.0
3134,102,True,12,1.0,65.0
3135,102,True,13,0.0,66.0
3136,105,False,-14,2.0,51.0
3137,105,False,-13,2.0,52.0
3138,105,False,-12,2.0,53.0
3139,105,False,-11,0.0,54.0
3140,105,False,-10,0.0,55.0
3141,105,False,-9,1.0,56.0
3142,105,False,-8,2.0,57.0
3143,105,False,-7,4.0,58.0
3144,105,False,-6,2.0,59.0
3145,105,False,-5,0.0,60.0
3146,105,False,-4,1.0,61.0
3147,105,False,-3,1.0,62.0
3148,105,False,-2,19.0,63.0
3149,105,False,-1,12.0,64.0
3150,105,False,0,20.0,65.0
3151,105,False,1,2.0,66.0
3152,105,False,2,10.0,67.0
3153,105,False,3,1.0,68.0
3154,105,False,4,3.0,69.0
3155,105,False,5,2.0,70.0
3156,105,False,6,2.0,71.0
3157,105,False,7,2.0,72.0
3158,105,False,8,3.0,73.0
3159,105,False,9,4.0,74.0
3160,105,False,10,1.0,75.0
3161,105,False,11,5.0,76.0
3162,105,False,12,3.0,77.0
3163,105,False,13,2.0,78.0
3164,105,True,-14,2.0,51.0
3165,105,True,-13,2.0,52.0
3166,105,True,-12,0.0,53.0
3167,105,True,-11,0.0,54.0
3168,105,True,-10,0.0,55.0
3169,105,True,-9,1.0,56.0
3170,105,True,-8,0.0,57.0
3171,105,True,-7,0.0,58.0
3172,105,True,-6,1.0,59.0
3173,105,True,-5,0.0,60.0
3174,105,True,-4,0.0,61.0
3175,105,True,-3,1.0,62.0
3176,105,True,-2,12.0,63.0
3177,105,True,-1,6.0,64.0
3178,105,True,0,6.0,65.0
3179,105,True,1,3.0,66.0
3180,105,True,2,11.0,67.0
3181,105,True,3,1.0,68.0
3182,105,True,4,7.0,69.0
3183,105,True,5,3.0,70.0
3184,105,True,6,1.0,71.0
3185,105,True,7,0.0,72.0
3186,105,True,8,0.0,73.0
3187,105,True,9,1.0,74.0
3188,105,True,10,0.0,75.0
3189,105,True,11,0.0,76.0
3190,105,True,12,1.0,77.0
3191,105,True,13,0.0,78.0
3192,107,False,-14,1.0,229.0
3193,107,False,-13,0.0,230.0
3194,107,False,-12,1.0,231.0
3195,107,False,-11,2.0,232.0
3196,107,False,-10,0.0,233.0
3197,107,False,-9,0.0,234.0
3198,107,False,-8,0.0,235.0
3199,107,False,-7,0.0,236.0
3200,107,False,-6,3.0,237.0
3201,107,False,-5,2.0,238.0
3202,107,False,-4,1.0,239.0
3203,107,False,-3,1.0,240.0
3204,107,False,-2,3.0,241.0
3205,107,False,-1,6.0,242.0
3206,107,False,0,2.0,243.0
3207,107,False,1,1.0,244.0
3208,107,False,2,2.0,245.0
3209,107,False,3,4.0,246.0
3210,107,False,4,4.0,247.0
3211,107,False,5,0.0,248.0
3212,107,False,6,1.0,249.0
3213,107,False,7,1.0,250.0
3214,107,False,8,2.0,251.0
3215,107,False,9,0.0,252.0
3216,107,False,10,1.0,253.0
3217,107,False,11,0.0,254.0
3218,107,False,12,0.0,255.0
3219,107,False,13,2.0,256.0
3220,107,True,-14,0.0,229.0
3221,107,True,-13,0.0,230.0
3222,107,True,-12,0.0,231.0
3223,107,True,-11,0.0,232.0
3224,107,True,-10,0.0,233.0
3225,107,True,-9,0.0,234.0
3226,107,True,-8,0.0,235.0
3227,107,True,-7,0.0,236.0
3228,107,True,-6,0.0,237.0
3229,107,True,-5,1.0,238.0
3230,107,True,-4,0.0,239.0
3231,107,True,-3,0.0,240.0
3232,107,True,-2,0.0,241.0
3233,107,True,-1,0.0,242.0
3234,107,True,0,2.0,243.0
3235,107,True,1,1.0,244.0
3236,107,True,2,0.0,245.0
3237,107,True,3,1.0,246.0
3238,107,True,4,0.0,247.0
3239,107,True,5,0.0,248.0
3240,107,True,6,0.0,249.0
3241,107,True,7,1.0,250.0
3242,107,True,8,0.0,251.0
3243,107,True,9,0.0,252.0
3244,107,True,10,0.0,253.0
3245,107,True,11,0.0,254.0
3246,107,True,12,0.0,255.0
3247,107,True,13,0.0,256.0
3248,113,False,-14,1145.0,69.0
3249,113,False,-13,1581.0,70.0
3250,113,False,-12,9538.0,71.0
3251,113,False,-11,4056.0,72.0
3252,113,False,-10,4067.0,73.0
3253,113,False,-9,4223.0,74.0
3254,113,False,-8,3483.0,75.0
3255,113,False,-7,1945.0,76.0
3256,113,False,-6,967.0,77.0
3257,113,False,-5,2043.0,78.0
3258,113,False,-4,2306.0,79.0
3259,113,False,-3,2086.0,80.0
3260,113,False,-2,1965.0,81.0
3261,113,False,-1,1465.0,82.0
3262,113,False,0,1089.0,83.0
3263,113,False,1,1370.0,84.0
3264,113,False,2,2393.0,85.0
3265,113,False,3,2561.0,86.0
3266,113,False,4,1143.0,87.0
3267,113,False,5,1317.0,88.0
3268,113,False,6,1068.0,89.0
3269,113,False,7,960.0,90.0
3270,113,False,8,1310.0,91.0
3271,113,False,9,1354.0,92.0
3272,113,False,10,950.0,93.0
3273,113,False,11,799.0,94.0
3274,113,False,12,725.0,95.0
3275,113,False,13,460.0,96.0
3276,113,True,-14,66.0,69.0
3277,113,True,-13,85.0,70.0
3278,113,True,-12,724.0,71.0
3279,113,True,-11,296.0,72.0
3280,113,True,-10,308.0,73.0
3281,113,True,-9,290.0,74.0
3282,113,True,-8,241.0,75.0
3283,113,True,-7,134.0,76.0
3284,113,True,-6,94.0,77.0
3285,113,True,-5,123.0,78.0
3286,113,True,-4,177.0,79.0
3287,113,True,-3,186.0,80.0
3288,113,True,-2,205.0,81.0
3289,113,True,-1,163.0,82.0
3290,113,True,0,111.0,83.0
3291,113,True,1,136.0,84.0
3292,113,True,2,176.0,85.0
3293,113,True,3,170.0,86.0
3294,113,True,4,72.0,87.0
3295,113,True,5,68.0,88.0
3296,113,True,6,58.0,89.0
3297,113,True,7,59.0,90.0
3298,113,True,8,97.0,91.0
3299,113,True,9,86.0,92.0
3300,113,True,10,65.0,93.0
3301,113,True,11,65.0,94.0
3302,113,True,12,43.0,95.0
3303,113,True,13,29.0,96.0
3304,114,False,-14,1.0,-7.0
3305,114,False,-13,1.0,-6.0
3306,114,False,-12,0.0,-5.0
3307,114,False,-11,0.0,-4.0
3308,114,False,-10,2.0,-3.0
3309,114,False,-9,1.0,-2.0
3310,114,False,-8,3.0,-1.0
3311,114,False,-7,2.0,0.0
3312,114,False,-6,15.0,1.0
3313,114,False,-5,14.0,2.0
3314,114,False,-4,43.0,3.0
3315,114,False,-3,33.0,4.0
3316,114,False,-2,91.0,5.0
3317,114,False,-1,47.0,6.0
3318,114,False,0,20.0,7.0
3319,114,False,1,13.0,8.0
3320,114,False,2,7.0,9.0
3321,114,False,3,10.0,10.0
3322,114,False,4,11.0,11.0
3323,114,False,5,5.0,12.0
3324,114,False,6,5.0,13.0
3325,114,False,7,4.0,14.0
3326,114,False,8,5.0,15.0
3327,114,False,9,4.0,16.0
3328,114,False,10,2.0,17.0
3329,114,False,11,3.0,18.0
3330,114,False,12,3.0,19.0
3331,114,False,13,1.0,20.0
3332,114,True,-14,0.0,-7.0
3333,114,True,-13,0.0,-6.0
3334,114,True,-12,0.0,-5.0
3335,114,True,-11,0.0,-4.0
3336,114,True,-10,0.0,-3.0
3337,114,True,-9,0.0,-2.0
3338,114,True,-8,0.0,-1.0
3339,114,True,-7,0.0,0.0
3340,114,True,-6,4.0,1.0
3341,114,True,-5,2.0,2.0
3342,114,True,-4,2.0,3.0
3343,114,True,-3,2.0,4.0
3344,114,True,-2,4.0,5.0
3345,114,True,-1,1.0,6.0
3346,114,True,0,3.0,7.0
3347,114,True,1,2.0,8.0
3348,114,True,2,0.0,9.0
3349,114,True,3,0.0,10.0
3350,114,True,4,0.0,11.0
3351,114,True,5,0.0,12.0
3352,114,True,6,1.0,13.0
3353,114,True,7,0.0,14.0
3354,114,True,8,0.0,15.0
3355,114,True,9,0.0,16.0
3356,114,True,10,0.0,17.0
3357,114,True,11,0.0,18.0
3358,114,True,12,0.0,19.0
3359,114,True,13,0.0,20.0
3360,118,False,-14,0.0,-5.0
3361,118,False,-13,0.0,-4.0
3362,118,False,-12,0.0,-3.0
3363,118,False,-11,0.0,-2.0
3364,118,False,-10,0.0,-1.0
3365,118,False,-9,0.0,0.0
3366,118,False,-8,0.0,1.0
3367,118,False,-7,0.0,2.0
3368,118,False,-6,0.0,3.0
3369,118,False,-5,0.0,4.0
3370,118,False,-4,0.0,5.0
3371,118,False,-3,0.0,6.0
3372,118,False,-2,1.0,7.0
3373,118,False,-1,5.0,8.0
3374,118,False,0,6.0,9.0
3375,118,False,1,0.0,10.0
3376,118,False,2,0.0,11.0
3377,118,False,3,0.0,12.0
3378,118,False,4,0.0,13.0
3379,118,False,5,0.0,14.0
3380,118,False,6,0.0,15.0
3381,118,False,7,0.0,16.0
3382,118,False,8,1.0,17.0
3383,118,False,9,0.0,18.0
3384,118,False,10,0.0,19.0
3385,118,False,11,0.0,20.0
3386,118,False,12,0.0,21.0
3387,118,False,13,0.0,22.0
3388,118,True,-14,0.0,-5.0
3389,118,True,-13,0.0,-4.0
3390,118,True,-12,0.0,-3.0
3391,118,True,-11,0.0,-2.0
3392,118,True,-10,0.0,-1.0
3393,118,True,-9,0.0,0.0
3394,118,True,-8,0.0,1.0
3395,118,True,-7,0.0,2.0
3396,118,True,-6,0.0,3.0
3397,118,True,-5,0.0,4.0
3398,118,True,-4,0.0,5.0
3399,118,True,-3,0.0,6.0
3400,118,True,-2,2.0,7.0
3401,118,True,-1,2.0,8.0
3402,118,True,0,6.0,9.0
3403,118,True,1,0.0,10.0
3404,118,True,2,0.0,11.0
3405,118,True,3,0.0,12.0
3406,118,True,4,1.0,13.0
3407,118,True,5,0.0,14.0
3408,118,True,6,0.0,15.0
3409,118,True,7,0.0,16.0
3410,118,True,8,0.0,17.0
3411,118,True,9,0.0,18.0
3412,118,True,10,0.0,19.0
3413,118,True,11,0.0,20.0
3414,118,True,12,0.0,21.0
3415,118,True,13,0.0,22.0
3416,123,False,-14,0.0,82.0
3417,123,False,-13,0.0,83.0
3418,123,False,-12,0.0,84.0
3419,123,False,-11,0.0,85.0
3420,123,False,-10,2.0,86.0
3421,123,False,-9,2.0,87.0
3422,123,False,-8,1.0,88.0
3423,123,False,-7,1.0,89.0
3424,123,False,-6,0.0,90.0
3425,123,False,-5,0.0,91.0
3426,123,False,-4,1.0,92.0
3427,123,False,-3,0.0,93.0
3428,123,False,-2,0.0,94.0
3429,123,False,-1,0.0,95.0
3430,123,False,0,3.0,96.0
3431,123,False,1,2.0,97.0
3432,123,False,2,1.0,98.0
3433,123,False,3,1.0,99.0
3434,123,False,4,0.0,100.0
3435,123,False,5,1.0,101.0
3436,123,False,6,2.0,102.0
3437,123,False,7,0.0,103.0
3438,123,False,8,1.0,104.0
3439,123,False,9,1.0,105.0
3440,123,False,10,0.0,106.0
3441,123,False,11,0.0,107.0
3442,123,False,12,0.0,108.0
3443,123,False,13,1.0,109.0
3444,123,True,-14,0.0,82.0
3445,123,True,-13,0.0,83.0
3446,123,True,-12,0.0,84.0
3447,123,True,-11,0.0,85.0
3448,123,True,-10,0.0,86.0
3449,123,True,-9,1.0,87.0
3450,123,True,-8,0.0,88.0
3451,123,True,-7,1.0,89.0
3452,123,True,-6,0.0,90.0
3453,123,True,-5,1.0,91.0
3454,123,True,-4,0.0,92.0
3455,123,True,-3,0.0,93.0
3456,123,True,-2,1.0,94.0
3457,123,True,-1,0.0,95.0
3458,123,True,0,1.0,96.0
3459,123,True,1,0.0,97.0
3460,123,True,2,0.0,98.0
3461,123,True,3,2.0,99.0
3462,123,True,4,1.0,100.0
3463,123,True,5,0.0,101.0
3464,123,True,6,0.0,102.0
3465,123,True,7,0.0,103.0
3466,123,True,8,0.0,104.0
3467,123,True,9,1.0,105.0
3468,123,True,10,0.0,106.0
3469,123,True,11,0.0,107.0
3470,123,True,12,0.0,108.0
3471,123,True,13,3.0,109.0
3472,124,False,-14,1.0,97.0
3473,124,False,-13,2.0,98.0
3474,124,False,-12,6.0,99.0
3475,124,False,-11,3.0,100.0
3476,124,False,-10,2.0,101.0
3477,124,False,-9,1.0,102.0
3478,124,False,-8,2.0,103.0
3479,124,False,-7,2.0,104.0
3480,124,False,-6,2.0,105.0
3481,124,False,-5,3.0,106.0
3482,124,False,-4,1.0,107.0
3483,124,False,-3,1.0,108.0
3484,124,False,-2,1.0,109.0
3485,124,False,-1,1.0,110.0
3486,124,False,0,6.0,111.0
3487,124,False,1,1.0,112.0
3488,124,False,2,2.0,113.0
3489,124,False,3,0.0,114.0
3490,124,False,4,4.0,115.0
3491,124,False,5,0.0,116.0
3492,124,False,6,8.0,117.0
3493,124,False,7,4.0,118.0
3494,124,False,8,2.0,119.0
3495,124,False,9,1.0,120.0
3496,124,False,10,20.0,121.0
3497,124,False,11,13.0,122.0
3498,124,False,12,4.0,123.0
3499,124,False,13,4.0,124.0
3500,124,True,-14,2.0,97.0
3501,124,True,-13,0.0,98.0
3502,124,True,-12,8.0,99.0
3503,124,True,-11,3.0,100.0
3504,124,True,-10,2.0,101.0
3505,124,True,-9,2.0,102.0
3506,124,True,-8,3.0,103.0
3507,124,True,-7,2.0,104.0
3508,124,True,-6,2.0,105.0
3509,124,True,-5,3.0,106.0
3510,124,True,-4,1.0,107.0
3511,124,True,-3,4.0,108.0
3512,124,True,-2,2.0,109.0
3513,124,True,-1,0.0,110.0
3514,124,True,0,0.0,111.0
3515,124,True,1,1.0,112.0
3516,124,True,2,0.0,113.0
3517,124,True,3,0.0,114.0
3518,124,True,4,7.0,115.0
3519,124,True,5,0.0,116.0
3520,124,True,6,6.0,117.0
3521,124,True,7,2.0,118.0
3522,124,True,8,1.0,119.0
3523,124,True,9,1.0,120.0
3524,124,True,10,8.0,121.0
3525,124,True,11,7.0,122.0
3526,124,True,12,2.0,123.0
3527,124,True,13,1.0,124.0
3528,128,False,-14,0.0,109.0
3529,128,False,-13,0.0,110.0
3530,128,False,-12,0.0,111.0
3531,128,False,-11,0.0,112.0
3532,128,False,-10,0.0,113.0
3533,128,False,-9,0.0,114.0
3534,128,False,-8,0.0,115.0
3535,128,False,-7,0.0,116.0
3536,128,False,-6,0.0,117.0
3537,128,False,-5,0.0,118.0
3538,128,False,-4,0.0,119.0
3539,128,False,-3,0.0,120.0
3540,128,False,-2,0.0,121.0
3541,128,False,-1,0.0,122.0
3542,128,False,0,1.0,123.0
3543,128,False,1,0.0,124.0
3544,128,False,2,0.0,125.0
3545,128,False,3,0.0,126.0
3546,128,False,4,0.0,127.0
3547,128,False,5,0.0,128.0
3548,128,False,6,0.0,129.0
3549,128,False,7,0.0,130.0
3550,128,False,8,0.0,131.0
3551,128,False,9,0.0,132.0
3552,128,False,10,0.0,133.0
3553,128,False,11,0.0,134.0
3554,128,False,12,0.0,135.0
3555,128,False,13,0.0,136.0
3556,128,True,-14,0.0,109.0
3557,128,True,-13,0.0,110.0
3558,128,True,-12,0.0,111.0
3559,128,True,-11,0.0,112.0
3560,128,True,-10,0.0,113.0
3561,128,True,-9,0.0,114.0
3562,128,True,-8,0.0,115.0
3563,128,True,-7,0.0,116.0
3564,128,True,-6,0.0,117.0
3565,128,True,-5,0.0,118.0
3566,128,True,-4,0.0,119.0
3567,128,True,-3,0.0,120.0
3568,128,True,-2,0.0,121.0
3569,128,True,-1,0.0,122.0
3570,128,True,0,0.0,123.0
3571,128,True,1,0.0,124.0
3572,128,True,2,0.0,125.0
3573,128,True,3,0.0,126.0
3574,128,True,4,0.0,127.0
3575,128,True,5,0.0,128.0
3576,128,True,6,0.0,129.0
3577,128,True,7,0.0,130.0
3578,128,True,8,0.0,131.0
3579,128,True,9,0.0,132.0
3580,128,True,10,0.0,133.0
3581,128,True,11,0.0,134.0
3582,128,True,12,0.0,135.0
3583,128,True,13,0.0,136.0
3584,129,False,-14,0.0,-5.0
3585,129,False,-13,0.0,-4.0
3586,129,False,-12,0.0,-3.0
3587,129,False,-11,0.0,-2.0
3588,129,False,-10,0.0,-1.0
3589,129,False,-9,0.0,0.0
3590,129,False,-8,0.0,1.0
3591,129,False,-7,0.0,2.0
3592,129,False,-6,0.0,3.0
3593,129,False,-5,3.0,4.0
3594,129,False,-4,8.0,5.0
3595,129,False,-3,8.0,6.0
3596,129,False,-2,3.0,7.0
3597,129,False,-1,18.0,8.0
3598,129,False,0,81.0,9.0
3599,129,False,1,75.0,10.0
3600,129,False,2,19.0,11.0
3601,129,False,3,39.0,12.0
3602,129,False,4,34.0,13.0
3603,129,False,5,22.0,14.0
3604,129,False,6,9.0,15.0
3605,129,False,7,7.0,16.0
3606,129,False,8,4.0,17.0
3607,129,False,9,8.0,18.0
3608,129,False,10,2.0,19.0
3609,129,False,11,4.0,20.0
3610,129,False,12,7.0,21.0
3611,129,False,13,4.0,22.0
3612,129,True,-14,0.0,-5.0
3613,129,True,-13,0.0,-4.0
3614,129,True,-12,0.0,-3.0
3615,129,True,-11,0.0,-2.0
3616,129,True,-10,0.0,-1.0
3617,129,True,-9,0.0,0.0
3618,129,True,-8,0.0,1.0
3619,129,True,-7,0.0,2.0
3620,129,True,-6,0.0,3.0
3621,129,True,-5,1.0,4.0
3622,129,True,-4,0.0,5.0
3623,129,True,-3,2.0,6.0
3624,129,True,-2,1.0,7.0
3625,129,True,-1,159.0,8.0
3626,129,True,0,211.0,9.0
3627,129,True,1,78.0,10.0
3628,129,True,2,59.0,11.0
3629,129,True,3,82.0,12.0
3630,129,True,4,44.0,13.0
3631,129,True,5,6.0,14.0
3632,129,True,6,4.0,15.0
3633,129,True,7,1.0,16.0
3634,129,True,8,1.0,17.0
3635,129,True,9,4.0,18.0
3636,129,True,10,2.0,19.0
3637,129,True,11,1.0,20.0
3638,129,True,12,2.0,21.0
3639,129,True,13,0.0,22.0
3640,130,False,-14,2.0,282.0
3641,130,False,-13,0.0,283.0
3642,130,False,-12,0.0,284.0
3643,130,False,-11,1.0,285.0
3644,130,False,-10,0.0,286.0
3645,130,False,-9,0.0,287.0
3646,130,False,-8,0.0,288.0
3647,130,False,-7,1.0,289.0
3648,130,False,-6,0.0,290.0
3649,130,False,-5,0.0,291.0
3650,130,False,-4,2.0,292.0
3651,130,False,-3,3.0,293.0
3652,130,False,-2,5.0,294.0
3653,130,False,-1,3.0,295.0
3654,130,False,0,8.0,296.0
3655,130,False,1,3.0,297.0
3656,130,False,2,6.0,298.0
3657,130,False,3,0.0,299.0
3658,130,False,4,1.0,300.0
3659,130,False,5,1.0,301.0
3660,130,False,6,0.0,302.0
3661,130,False,7,0.0,303.0
3662,130,False,8,2.0,304.0
3663,130,False,9,1.0,305.0
3664,130,False,10,0.0,306.0
3665,130,False,11,1.0,307.0
3666,130,False,12,4.0,308.0
3667,130,False,13,4.0,309.0
3668,130,True,-14,0.0,282.0
3669,130,True,-13,0.0,283.0
3670,130,True,-12,0.0,284.0
3671,130,True,-11,0.0,285.0
3672,130,True,-10,0.0,286.0
3673,130,True,-9,1.0,287.0
3674,130,True,-8,0.0,288.0
3675,130,True,-7,0.0,289.0
3676,130,True,-6,0.0,290.0
3677,130,True,-5,2.0,291.0
3678,130,True,-4,4.0,292.0
3679,130,True,-3,1.0,293.0
3680,130,True,-2,2.0,294.0
3681,130,True,-1,3.0,295.0
3682,130,True,0,4.0,296.0
3683,130,True,1,3.0,297.0
3684,130,True,2,3.0,298.0
3685,130,True,3,0.0,299.0
3686,130,True,4,0.0,300.0
3687,130,True,5,0.0,301.0
3688,130,True,6,1.0,302.0
3689,130,True,7,1.0,303.0
3690,130,True,8,0.0,304.0
3691,130,True,9,2.0,305.0
3692,130,True,10,0.0,306.0
3693,130,True,11,0.0,307.0
3694,130,True,12,0.0,308.0
3695,130,True,13,0.0,309.0
3696,131,False,-14,0.0,209.0
3697,131,False,-13,0.0,210.0
3698,131,False,-12,1.0,211.0
3699,131,False,-11,0.0,212.0
3700,131,False,-10,0.0,213.0
3701,131,False,-9,0.0,214.0
3702,131,False,-8,0.0,215.0
3703,131,False,-7,0.0,216.0
3704,131,False,-6,0.0,217.0
3705,131,False,-5,0.0,218.0
3706,131,False,-4,1.0,219.0
3707,131,False,-3,2.0,220.0
3708,131,False,-2,0.0,221.0
3709,131,False,-1,0.0,222.0
3710,131,False,0,0.0,223.0
3711,131,False,1,0.0,224.0
3712,131,False,2,0.0,225.0
3713,131,False,3,0.0,226.0
3714,131,False,4,1.0,227.0
3715,131,False,5,0.0,228.0
3716,131,False,6,0.0,229.0
3717,131,False,7,1.0,230.0
3718,131,False,8,0.0,231.0
3719,131,False,9,0.0,232.0
3720,131,False,10,0.0,233.0
3721,131,False,11,0.0,234.0
3722,131,False,12,0.0,235.0
3723,131,False,13,0.0,236.0
3724,131,True,-14,0.0,209.0
3725,131,True,-13,0.0,210.0
3726,131,True,-12,0.0,211.0
3727,131,True,-11,0.0,212.0
3728,131,True,-10,1.0,213.0
3729,131,True,-9,0.0,214.0
3730,131,True,-8,0.0,215.0
3731,131,True,-7,0.0,216.0
3732,131,True,-6,0.0,217.0
3733,131,True,-5,0.0,218.0
3734,131,True,-4,0.0,219.0
3735,131,True,-3,3.0,220.0
3736,131,True,-2,0.0,221.0
3737,131,True,-1,0.0,222.0
3738,131,True,0,0.0,223.0
3739,131,True,1,0.0,224.0
3740,131,True,2,0.0,225.0
3741,131,True,3,0.0,226.0
3742,131,True,4,0.0,227.0
3743,131,True,5,0.0,228.0
3744,131,True,6,0.0,229.0
3745,131,True,7,0.0,230.0
3746,131,True,8,1.0,231.0
3747,131,True,9,0.0,232.0
3748,131,True,10,0.0,233.0
3749,131,True,11,0.0,234.0
3750,131,True,12,0.0,235.0
3751,131,True,13,0.0,236.0
3752,133,False,-14,26.0,48.0
3753,133,False,-13,20.0,49.0
3754,133,False,-12,25.0,50.0
3755,133,False,-11,64.0,51.0
3756,133,False,-10,16.0,52.0
3757,133,False,-9,31.0,53.0
3758,133,False,-8,22.0,54.0
3759,133,False,-7,9.0,55.0
3760,133,False,-6,15.0,56.0
3761,133,False,-5,17.0,57.0
3762,133,False,-4,28.0,58.0
3763,133,False,-3,44.0,59.0
3764,133,False,-2,77.0,60.0
3765,133,False,-1,24.0,61.0
3766,133,False,0,119.0,62.0
3767,133,False,1,48.0,63.0
3768,133,False,2,57.0,64.0
3769,133,False,3,52.0,65.0
3770,133,False,4,87.0,66.0
3771,133,False,5,54.0,67.0
3772,133,False,6,168.0,68.0
3773,133,False,7,211.0,69.0
3774,133,False,8,99.0,70.0
3775,133,False,9,510.0,71.0
3776,133,False,10,233.0,72.0
3777,133,False,11,206.0,73.0
3778,133,False,12,211.0,74.0
3779,133,False,13,201.0,75.0
3780,133,True,-14,5.0,48.0
3781,133,True,-13,18.0,49.0
3782,133,True,-12,17.0,50.0
3783,133,True,-11,30.0,51.0
3784,133,True,-10,17.0,52.0
3785,133,True,-9,15.0,53.0
3786,133,True,-8,14.0,54.0
3787,133,True,-7,9.0,55.0
3788,133,True,-6,9.0,56.0
3789,133,True,-5,10.0,57.0
3790,133,True,-4,16.0,58.0
3791,133,True,-3,7.0,59.0
3792,133,True,-2,37.0,60.0
3793,133,True,-1,12.0,61.0
3794,133,True,0,55.0,62.0
3795,133,True,1,18.0,63.0
3796,133,True,2,29.0,64.0
3797,133,True,3,42.0,65.0
3798,133,True,4,32.0,66.0
3799,133,True,5,29.0,67.0
3800,133,True,6,50.0,68.0
3801,133,True,7,75.0,69.0
3802,133,True,8,29.0,70.0
3803,133,True,9,234.0,71.0
3804,133,True,10,73.0,72.0
3805,133,True,11,62.0,73.0
3806,133,True,12,55.0,74.0
3807,133,True,13,33.0,75.0
3808,134,False,-14,103.0,58.0
3809,134,False,-13,406.0,59.0
3810,134,False,-12,224.0,60.0
3811,134,False,-11,119.0,61.0
3812,134,False,-10,82.0,62.0
3813,134,False,-9,110.0,63.0
3814,134,False,-8,133.0,64.0
3815,134,False,-7,91.0,65.0
3816,134,False,-6,63.0,66.0
3817,134,False,-5,41.0,67.0
3818,134,False,-4,106.0,68.0
3819,134,False,-3,86.0,69.0
3820,134,False,-2,69.0,70.0
3821,134,False,-1,525.0,71.0
3822,134,False,0,312.0,72.0
3823,134,False,1,229.0,73.0
3824,134,False,2,176.0,74.0
3825,134,False,3,128.0,75.0
3826,134,False,4,168.0,76.0
3827,134,False,5,149.0,77.0
3828,134,False,6,162.0,78.0
3829,134,False,7,69.0,79.0
3830,134,False,8,202.0,80.0
3831,134,False,9,160.0,81.0
3832,134,False,10,882.0,82.0
3833,134,False,11,273.0,83.0
3834,134,False,12,80.0,84.0
3835,134,False,13,71.0,85.0
3836,134,True,-14,30.0,58.0
3837,134,True,-13,75.0,59.0
3838,134,True,-12,61.0,60.0
3839,134,True,-11,19.0,61.0
3840,134,True,-10,15.0,62.0
3841,134,True,-9,31.0,63.0
3842,134,True,-8,44.0,64.0
3843,134,True,-7,22.0,65.0
3844,134,True,-6,14.0,66.0
3845,134,True,-5,9.0,67.0
3846,134,True,-4,17.0,68.0
3847,134,True,-3,17.0,69.0
3848,134,True,-2,7.0,70.0
3849,134,True,-1,153.0,71.0
3850,134,True,0,54.0,72.0
3851,134,True,1,41.0,73.0
3852,134,True,2,34.0,74.0
3853,134,True,3,23.0,75.0
3854,134,True,4,21.0,76.0
3855,134,True,5,21.0,77.0
3856,134,True,6,32.0,78.0
3857,134,True,7,8.0,79.0
3858,134,True,8,42.0,80.0
3859,134,True,9,26.0,81.0
3860,134,True,10,265.0,82.0
3861,134,True,11,53.0,83.0
3862,134,True,12,11.0,84.0
3863,134,True,13,14.0,85.0
3864,137,False,-14,608.0,-3.0
3865,137,False,-13,678.0,-2.0
3866,137,False,-12,665.0,-1.0
3867,137,False,-11,588.0,0.0
3868,137,False,-10,851.0,1.0
3869,137,False,-9,2094.0,2.0
3870,137,False,-8,5602.0,3.0
3871,137,False,-7,9890.0,4.0
3872,137,False,-6,16929.0,5.0
3873,137,False,-5,19225.0,6.0
3874,137,False,-4,11252.0,7.0
3875,137,False,-3,7563.0,8.0
3876,137,False,-2,9916.0,9.0
3877,137,False,-1,6448.0,10.0
3878,137,False,0,6017.0,11.0
3879,137,False,1,5826.0,12.0
3880,137,False,2,4404.0,13.0
3881,137,False,3,4019.0,14.0
3882,137,False,4,3759.0,15.0
3883,137,False,5,2354.0,16.0
3884,137,False,6,2888.0,17.0
3885,137,False,7,1575.0,18.0
3886,137,False,8,1116.0,19.0
3887,137,False,9,1452.0,20.0
3888,137,False,10,2105.0,21.0
3889,137,False,11,2106.0,22.0
3890,137,False,12,3364.0,23.0
3891,137,False,13,1810.0,24.0
3892,137,True,-14,0.0,-3.0
3893,137,True,-13,0.0,-2.0
3894,137,True,-12,39.0,-1.0
3895,137,True,-11,40.0,0.0
3896,137,True,-10,53.0,1.0
3897,137,True,-9,150.0,2.0
3898,137,True,-8,284.0,3.0
3899,137,True,-7,332.0,4.0
3900,137,True,-6,532.0,5.0
3901,137,True,-5,955.0,6.0
3902,137,True,-4,1285.0,7.0
3903,137,True,-3,1438.0,8.0
3904,137,True,-2,954.0,9.0
3905,137,True,-1,543.0,10.0
3906,137,True,0,332.0,11.0
3907,137,True,1,522.0,12.0
3908,137,True,2,241.0,13.0
3909,137,True,3,211.0,14.0
3910,137,True,4,154.0,15.0
3911,137,True,5,86.0,16.0
3912,137,True,6,147.0,17.0
3913,137,True,7,73.0,18.0
3914,137,True,8,59.0,19.0
3915,137,True,9,74.0,20.0
3916,137,True,10,110.0,21.0
3917,137,True,11,117.0,22.0
3918,137,True,12,187.0,23.0
3919,137,True,13,95.0,24.0
3920,138,False,-14,301.0,91.0
3921,138,False,-13,251.0,92.0
3922,138,False,-12,151.0,93.0
3923,138,False,-11,100.0,94.0
3924,138,False,-10,235.0,95.0
3925,138,False,-9,265.0,96.0
3926,138,False,-8,110.0,97.0
3927,138,False,-7,103.0,98.0
3928,138,False,-6,92.0,99.0
3929,138,False,-5,72.0,100.0
3930,138,False,-4,62.0,101.0
3931,138,False,-3,74.0,102.0
3932,138,False,-2,75.0,103.0
3933,138,False,-1,1078.0,104.0
3934,138,False,0,280.0,105.0
3935,138,False,1,111.0,106.0
3936,138,False,2,1526.0,107.0
3937,138,False,3,239.0,108.0
3938,138,False,4,296.0,109.0
3939,138,False,5,89.0,110.0
3940,138,False,6,112.0,111.0
3941,138,False,7,151.0,112.0
3942,138,False,8,121.0,113.0
3943,138,False,9,85.0,114.0
3944,138,False,10,85.0,115.0
3945,138,False,11,415.0,116.0
3946,138,False,12,78.0,117.0
3947,138,False,13,67.0,118.0
3948,138,True,-14,64.0,91.0
3949,138,True,-13,79.0,92.0
3950,138,True,-12,75.0,93.0
3951,138,True,-11,61.0,94.0
3952,138,True,-10,77.0,95.0
3953,138,True,-9,73.0,96.0
3954,138,True,-8,36.0,97.0
3955,138,True,-7,21.0,98.0
3956,138,True,-6,36.0,99.0
3957,138,True,-5,28.0,100.0
3958,138,True,-4,17.0,101.0
3959,138,True,-3,20.0,102.0
3960,138,True,-2,20.0,103.0
3961,138,True,-1,506.0,104.0
3962,138,True,0,221.0,105.0
3963,138,True,1,29.0,106.0
3964,138,True,2,716.0,107.0
3965,138,True,3,86.0,108.0
3966,138,True,4,66.0,109.0
3967,138,True,5,14.0,110.0
3968,138,True,6,13.0,111.0
3969,138,True,7,42.0,112.0
3970,138,True,8,29.0,113.0
3971,138,True,9,26.0,114.0
3972,138,True,10,16.0,115.0
3973,138,True,11,112.0,116.0
3974,138,True,12,13.0,117.0
3975,138,True,13,12.0,118.0
3976,141,False,-14,0.0,-4.0
3977,141,False,-13,1.0,-3.0
3978,141,False,-12,1.0,-2.0
3979,141,False,-11,2.0,-1.0
3980,141,False,-10,1.0,0.0
3981,141,False,-9,0.0,1.0
3982,141,False,-8,0.0,2.0
3983,141,False,-7,2.0,3.0
3984,141,False,-6,0.0,4.0
3985,141,False,-5,2.0,5.0
3986,141,False,-4,1.0,6.0
3987,141,False,-3,25.0,7.0
3988,141,False,-2,9.0,8.0
3989,141,False,-1,12.0,9.0
3990,141,False,0,17.0,10.0
3991,141,False,1,31.0,11.0
3992,141,False,2,12.0,12.0
3993,141,False,3,12.0,13.0
3994,141,False,4,6.0,14.0
3995,141,False,5,5.0,15.0
3996,141,False,6,3.0,16.0
3997,141,False,7,6.0,17.0
3998,141,False,8,1.0,18.0
3999,141,False,9,2.0,19.0
4000,141,False,10,2.0,20.0
4001,141,False,11,1.0,21.0
4002,141,False,12,6.0,22.0
4003,141,False,13,1.0,23.0
4004,141,True,-14,0.0,-4.0
4005,141,True,-13,0.0,-3.0
4006,141,True,-12,0.0,-2.0
4007,141,True,-11,0.0,-1.0
4008,141,True,-10,0.0,0.0
4009,141,True,-9,0.0,1.0
4010,141,True,-8,0.0,2.0
4011,141,True,-7,0.0,3.0
4012,141,True,-6,0.0,4.0
4013,141,True,-5,0.0,5.0
4014,141,True,-4,0.0,6.0
4015,141,True,-3,2.0,7.0
4016,141,True,-2,0.0,8.0
4017,141,True,-1,0.0,9.0
4018,141,True,0,3.0,10.0
4019,141,True,1,1.0,11.0
4020,141,True,2,0.0,12.0
4021,141,True,3,1.0,13.0
4022,141,True,4,0.0,14.0
4023,141,True,5,0.0,15.0
4024,141,True,6,1.0,16.0
4025,141,True,7,0.0,17.0
4026,141,True,8,0.0,18.0
4027,141,True,9,0.0,19.0
4028,141,True,10,0.0,20.0
4029,141,True,11,0.0,21.0
4030,141,True,12,1.0,22.0
4031,141,True,13,1.0,23.0
4032,144,False,-14,54.0,8.0
4033,144,False,-13,37.0,9.0
4034,144,False,-12,24.0,10.0
4035,144,False,-11,4.0,11.0
4036,144,False,-10,9.0,12.0
4037,144,False,-9,10.0,13.0
4038,144,False,-8,13.0,14.0
4039,144,False,-7,32.0,15.0
4040,144,False,-6,12.0,16.0
4041,144,False,-5,12.0,17.0
4042,144,False,-4,5.0,18.0
4043,144,False,-3,12.0,19.0
4044,144,False,-2,8.0,20.0
4045,144,False,-1,13.0,21.0
4046,144,False,0,1592.0,22.0
4047,144,False,1,80.0,23.0
4048,144,False,2,22.0,24.0
4049,144,False,3,19.0,25.0
4050,144,False,4,15.0,26.0
4051,144,False,5,10.0,27.0
4052,144,False,6,9.0,28.0
4053,144,False,7,15.0,29.0
4054,144,False,8,5.0,30.0
4055,144,False,9,15.0,31.0
4056,144,False,10,5.0,32.0
4057,144,False,11,1.0,33.0
4058,144,False,12,2.0,34.0
4059,144,False,13,1.0,35.0
4060,144,True,-14,3.0,8.0
4061,144,True,-13,8.0,9.0
4062,144,True,-12,4.0,10.0
4063,144,True,-11,2.0,11.0
4064,144,True,-10,1.0,12.0
4065,144,True,-9,1.0,13.0
4066,144,True,-8,1.0,14.0
4067,144,True,-7,3.0,15.0
4068,144,True,-6,0.0,16.0
4069,144,True,-5,2.0,17.0
4070,144,True,-4,1.0,18.0
4071,144,True,-3,2.0,19.0
4072,144,True,-2,2.0,20.0
4073,144,True,-1,3.0,21.0
4074,144,True,0,702.0,22.0
4075,144,True,1,22.0,23.0
4076,144,True,2,7.0,24.0
4077,144,True,3,3.0,25.0
4078,144,True,4,10.0,26.0
4079,144,True,5,0.0,27.0
4080,144,True,6,3.0,28.0
4081,144,True,7,2.0,29.0
4082,144,True,8,3.0,30.0
4083,144,True,9,1.0,31.0
4084,144,True,10,1.0,32.0
4085,144,True,11,2.0,33.0
4086,144,True,12,1.0,34.0
4087,144,True,13,0.0,35.0
4088,151,False,-14,10.0,59.0
4089,151,False,-13,7.0,60.0
4090,151,False,-12,6.0,61.0
4091,151,False,-11,5.0,62.0
4092,151,False,-10,7.0,63.0
4093,151,False,-9,15.0,64.0
4094,151,False,-8,12.0,65.0
4095,151,False,-7,5.0,66.0
4096,151,False,-6,9.0,67.0
4097,151,False,-5,19.0,68.0
4098,151,False,-4,8.0,69.0
4099,151,False,-3,7.0,70.0
4100,151,False,-2,28.0,71.0
4101,151,False,-1,577.0,72.0
4102,151,False,0,701.0,73.0
4103,151,False,1,81.0,74.0
4104,151,False,2,37.0,75.0
4105,151,False,3,27.0,76.0
4106,151,False,4,61.0,77.0
4107,151,False,5,30.0,78.0
4108,151,False,6,23.0,79.0
4109,151,False,7,15.0,80.0
4110,151,False,8,33.0,81.0
4111,151,False,9,29.0,82.0
4112,151,False,10,8.0,83.0
4113,151,False,11,12.0,84.0
4114,151,False,12,2.0,85.0
4115,151,False,13,4.0,86.0
4116,151,True,-14,3.0,59.0
4117,151,True,-13,4.0,60.0
4118,151,True,-12,2.0,61.0
4119,151,True,-11,6.0,62.0
4120,151,True,-10,6.0,63.0
4121,151,True,-9,9.0,64.0
4122,151,True,-8,2.0,65.0
4123,151,True,-7,3.0,66.0
4124,151,True,-6,4.0,67.0
4125,151,True,-5,1.0,68.0
4126,151,True,-4,2.0,69.0
4127,151,True,-3,3.0,70.0
4128,151,True,-2,6.0,71.0
4129,151,True,-1,102.0,72.0
4130,151,True,0,209.0,73.0
4131,151,True,1,25.0,74.0
4132,151,True,2,21.0,75.0
4133,151,True,3,14.0,76.0
4134,151,True,4,17.0,77.0
4135,151,True,5,11.0,78.0
4136,151,True,6,10.0,79.0
4137,151,True,7,4.0,80.0
4138,151,True,8,4.0,81.0
4139,151,True,9,13.0,82.0
4140,151,True,10,5.0,83.0
4141,151,True,11,9.0,84.0
4142,151,True,12,5.0,85.0
4143,151,True,13,3.0,86.0
4144,153,False,-14,0.0,-5.0
4145,153,False,-13,0.0,-4.0
4146,153,False,-12,0.0,-3.0
4147,153,False,-11,0.0,-2.0
4148,153,False,-10,0.0,-1.0
4149,153,False,-9,0.0,0.0
4150,153,False,-8,0.0,1.0
4151,153,False,-7,0.0,2.0
4152,153,False,-6,0.0,3.0
4153,153,False,-5,0.0,4.0
4154,153,False,-4,2.0,5.0
4155,153,False,-3,1.0,6.0
4156,153,False,-2,4.0,7.0
4157,153,False,-1,2.0,8.0
4158,153,False,0,125.0,9.0
4159,153,False,1,264.0,10.0
4160,153,False,2,109.0,11.0
4161,153,False,3,103.0,12.0
4162,153,False,4,92.0,13.0
4163,153,False,5,41.0,14.0
4164,153,False,6,31.0,15.0
4165,153,False,7,16.0,16.0
4166,153,False,8,14.0,17.0
4167,153,False,9,23.0,18.0
4168,153,False,10,19.0,19.0
4169,153,False,11,17.0,20.0
4170,153,False,12,12.0,21.0
4171,153,False,13,12.0,22.0
4172,153,True,-14,0.0,-5.0
4173,153,True,-13,0.0,-4.0
4174,153,True,-12,0.0,-3.0
4175,153,True,-11,0.0,-2.0
4176,153,True,-10,0.0,-1.0
4177,153,True,-9,0.0,0.0
4178,153,True,-8,0.0,1.0
4179,153,True,-7,0.0,2.0
4180,153,True,-6,0.0,3.0
4181,153,True,-5,0.0,4.0
4182,153,True,-4,0.0,5.0
4183,153,True,-3,2.0,6.0
4184,153,True,-2,0.0,7.0
4185,153,True,-1,1.0,8.0
4186,153,True,0,205.0,9.0
4187,153,True,1,373.0,10.0
4188,153,True,2,120.0,11.0
4189,153,True,3,151.0,12.0
4190,153,True,4,116.0,13.0
4191,153,True,5,20.0,14.0
4192,153,True,6,7.0,15.0
4193,153,True,7,4.0,16.0
4194,153,True,8,2.0,17.0
4195,153,True,9,8.0,18.0
4196,153,True,10,4.0,19.0
4197,153,True,11,4.0,20.0
4198,153,True,12,4.0,21.0
4199,153,True,13,1.0,22.0
4200,155,False,-14,0.0,154.0
4201,155,False,-13,2.0,155.0
4202,155,False,-12,0.0,156.0
4203,155,False,-11,2.0,157.0
4204,155,False,-10,1.0,158.0
4205,155,False,-9,4.0,159.0
4206,155,False,-8,0.0,160.0
4207,155,False,-7,0.0,161.0
4208,155,False,-6,0.0,162.0
4209,155,False,-5,0.0,163.0
4210,155,False,-4,1.0,164.0
4211,155,False,-3,1.0,165.0
4212,155,False,-2,1.0,166.0
4213,155,False,-1,0.0,167.0
4214,155,False,0,0.0,168.0
4215,155,False,1,1.0,169.0
4216,155,False,2,0.0,170.0
4217,155,False,3,0.0,171.0
4218,155,False,4,1.0,172.0
4219,155,False,5,0.0,173.0
4220,155,False,6,1.0,174.0
4221,155,False,7,2.0,175.0
4222,155,False,8,1.0,176.0
4223,155,False,9,0.0,177.0
4224,155,False,10,1.0,178.0
4225,155,False,11,3.0,179.0
4226,155,False,12,5.0,180.0
4227,155,False,13,2.0,181.0
4228,155,True,-14,3.0,154.0
4229,155,True,-13,0.0,155.0
4230,155,True,-12,0.0,156.0
4231,155,True,-11,1.0,157.0
4232,155,True,-10,2.0,158.0
4233,155,True,-9,0.0,159.0
4234,155,True,-8,1.0,160.0
4235,155,True,-7,0.0,161.0
4236,155,True,-6,0.0,162.0
4237,155,True,-5,0.0,163.0
4238,155,True,-4,0.0,164.0
4239,155,True,-3,0.0,165.0
4240,155,True,-2,1.0,166.0
4241,155,True,-1,0.0,167.0
4242,155,True,0,0.0,168.0
4243,155,True,1,0.0,169.0
4244,155,True,2,0.0,170.0
4245,155,True,3,0.0,171.0
4246,155,True,4,0.0,172.0
4247,155,True,5,0.0,173.0
4248,155,True,6,0.0,174.0
4249,155,True,7,0.0,175.0
4250,155,True,8,1.0,176.0
4251,155,True,9,1.0,177.0
4252,155,True,10,0.0,178.0
4253,155,True,11,0.0,179.0
4254,155,True,12,1.0,180.0
4255,155,True,13,1.0,181.0
4256,156,False,-14,923.0,97.0
4257,156,False,-13,1133.0,98.0
4258,156,False,-12,1709.0,99.0
4259,156,False,-11,3265.0,100.0
4260,156,False,-10,1539.0,101.0
4261,156,False,-9,711.0,102.0
4262,156,False,-8,698.0,103.0
4263,156,False,-7,731.0,104.0
4264,156,False,-6,646.0,105.0
4265,156,False,-5,2024.0,106.0
4266,156,False,-4,1162.0,107.0
4267,156,False,-3,636.0,108.0
4268,156,False,-2,360.0,109.0
4269,156,False,-1,2877.0,110.0
4270,156,False,0,6245.0,111.0
4271,156,False,1,1818.0,112.0
4272,156,False,2,572.0,113.0
4273,156,False,3,244.0,114.0
4274,156,False,4,2338.0,115.0
4275,156,False,5,1994.0,116.0
4276,156,False,6,577.0,117.0
4277,156,False,7,1436.0,118.0
4278,156,False,8,646.0,119.0
4279,156,False,9,618.0,120.0
4280,156,False,10,1039.0,121.0
4281,156,False,11,633.0,122.0
4282,156,False,12,483.0,123.0
4283,156,False,13,758.0,124.0
4284,156,True,-14,75.0,97.0
4285,156,True,-13,99.0,98.0
4286,156,True,-12,151.0,99.0
4287,156,True,-11,286.0,100.0
4288,156,True,-10,105.0,101.0
4289,156,True,-9,42.0,102.0
4290,156,True,-8,31.0,103.0
4291,156,True,-7,65.0,104.0
4292,156,True,-6,51.0,105.0
4293,156,True,-5,132.0,106.0
4294,156,True,-4,93.0,107.0
4295,156,True,-3,31.0,108.0
4296,156,True,-2,35.0,109.0
4297,156,True,-1,295.0,110.0
4298,156,True,0,553.0,111.0
4299,156,True,1,106.0,112.0
4300,156,True,2,21.0,113.0
4301,156,True,3,12.0,114.0
4302,156,True,4,158.0,115.0
4303,156,True,5,117.0,116.0
4304,156,True,6,31.0,117.0
4305,156,True,7,100.0,118.0
4306,156,True,8,50.0,119.0
4307,156,True,9,41.0,120.0
4308,156,True,10,52.0,121.0
4309,156,True,11,31.0,122.0
4310,156,True,12,20.0,123.0
4311,156,True,13,18.0,124.0
4312,157,False,-14,0.0,-10.0
4313,157,False,-13,2.0,-9.0
4314,157,False,-12,1.0,-8.0
4315,157,False,-11,0.0,-7.0
4316,157,False,-10,1.0,-6.0
4317,157,False,-9,2.0,-5.0
4318,157,False,-8,7.0,-4.0
4319,157,False,-7,42.0,-3.0
4320,157,False,-6,46.0,-2.0
4321,157,False,-5,51.0,-1.0
4322,157,False,-4,271.0,0.0
4323,157,False,-3,551.0,1.0
4324,157,False,-2,525.0,2.0
4325,157,False,-1,2357.0,3.0
4326,157,False,0,1873.0,4.0
4327,157,False,1,613.0,5.0
4328,157,False,2,448.0,6.0
4329,157,False,3,431.0,7.0
4330,157,False,4,323.0,8.0
4331,157,False,5,186.0,9.0
4332,157,False,6,106.0,10.0
4333,157,False,7,149.0,11.0
4334,157,False,8,107.0,12.0
4335,157,False,9,143.0,13.0
4336,157,False,10,110.0,14.0
4337,157,False,11,92.0,15.0
4338,157,False,12,95.0,16.0
4339,157,False,13,125.0,17.0
4340,157,True,-14,0.0,-10.0
4341,157,True,-13,0.0,-9.0
4342,157,True,-12,0.0,-8.0
4343,157,True,-11,0.0,-7.0
4344,157,True,-10,0.0,-6.0
4345,157,True,-9,0.0,-5.0
4346,157,True,-8,0.0,-4.0
4347,157,True,-7,0.0,-3.0
4348,157,True,-6,0.0,-2.0
4349,157,True,-5,1.0,-1.0
4350,157,True,-4,26.0,0.0
4351,157,True,-3,78.0,1.0
4352,157,True,-2,51.0,2.0
4353,157,True,-1,220.0,3.0
4354,157,True,0,110.0,4.0
4355,157,True,1,30.0,5.0
4356,157,True,2,16.0,6.0
4357,157,True,3,15.0,7.0
4358,157,True,4,9.0,8.0
4359,157,True,5,3.0,9.0
4360,157,True,6,3.0,10.0
4361,157,True,7,5.0,11.0
4362,157,True,8,0.0,12.0
4363,157,True,9,4.0,13.0
4364,157,True,10,4.0,14.0
4365,157,True,11,2.0,15.0
4366,157,True,12,3.0,16.0
4367,157,True,13,3.0,17.0
4368,158,False,-14,2.0,233.0
4369,158,False,-13,0.0,234.0
4370,158,False,-12,0.0,235.0
4371,158,False,-11,0.0,236.0
4372,158,False,-10,0.0,237.0
4373,158,False,-9,2.0,238.0
4374,158,False,-8,0.0,239.0
4375,158,False,-7,0.0,240.0
4376,158,False,-6,4.0,241.0
4377,158,False,-5,0.0,242.0
4378,158,False,-4,3.0,243.0
4379,158,False,-3,1.0,244.0
4380,158,False,-2,0.0,245.0
4381,158,False,-1,0.0,246.0
4382,158,False,0,0.0,247.0
4383,158,False,1,0.0,248.0
4384,158,False,2,0.0,249.0
4385,158,False,3,0.0,250.0
4386,158,False,4,0.0,251.0
4387,158,False,5,0.0,252.0
4388,158,False,6,1.0,253.0
4389,158,False,7,0.0,254.0
4390,158,False,8,0.0,255.0
4391,158,False,9,0.0,256.0
4392,158,False,10,0.0,257.0
4393,158,False,11,0.0,258.0
4394,158,False,12,2.0,259.0
4395,158,False,13,0.0,260.0
4396,158,True,-14,0.0,233.0
4397,158,True,-13,0.0,234.0
4398,158,True,-12,0.0,235.0
4399,158,True,-11,0.0,236.0
4400,158,True,-10,0.0,237.0
4401,158,True,-9,0.0,238.0
4402,158,True,-8,0.0,239.0
4403,158,True,-7,0.0,240.0
4404,158,True,-6,2.0,241.0
4405,158,True,-5,1.0,242.0
4406,158,True,-4,0.0,243.0
4407,158,True,-3,0.0,244.0
4408,158,True,-2,1.0,245.0
4409,158,True,-1,1.0,246.0
4410,158,True,0,2.0,247.0
4411,158,True,1,0.0,248.0
4412,158,True,2,0.0,249.0
4413,158,True,3,1.0,250.0
4414,158,True,4,2.0,251.0
4415,158,True,5,1.0,252.0
4416,158,True,6,1.0,253.0
4417,158,True,7,0.0,254.0
4418,158,True,8,0.0,255.0
4419,158,True,9,0.0,256.0
4420,158,True,10,0.0,257.0
4421,158,True,11,0.0,258.0
4422,158,True,12,0.0,259.0
4423,158,True,13,0.0,260.0
4424,160,False,-14,43.0,138.0
4425,160,False,-13,37.0,139.0
4426,160,False,-12,47.0,140.0
4427,160,False,-11,42.0,141.0
4428,160,False,-10,54.0,142.0
4429,160,False,-9,52.0,143.0
4430,160,False,-8,46.0,144.0
4431,160,False,-7,64.0,145.0
4432,160,False,-6,62.0,146.0
4433,160,False,-5,38.0,147.0
4434,160,False,-4,47.0,148.0
4435,160,False,-3,51.0,149.0
4436,160,False,-2,51.0,150.0
4437,160,False,-1,55.0,151.0
4438,160,False,0,74.0,152.0
4439,160,False,1,33.0,153.0
4440,160,False,2,24.0,154.0
4441,160,False,3,23.0,155.0
4442,160,False,4,39.0,156.0
4443,160,False,5,73.0,157.0
4444,160,False,6,63.0,158.0
4445,160,False,7,42.0,159.0
4446,160,False,8,27.0,160.0
4447,160,False,9,29.0,161.0
4448,160,False,10,21.0,162.0
4449,160,False,11,38.0,163.0
4450,160,False,12,48.0,164.0
4451,160,False,13,32.0,165.0
4452,160,True,-14,2.0,138.0
4453,160,True,-13,1.0,139.0
4454,160,True,-12,5.0,140.0
4455,160,True,-11,3.0,141.0
4456,160,True,-10,7.0,142.0
4457,160,True,-9,3.0,143.0
4458,160,True,-8,4.0,144.0
4459,160,True,-7,9.0,145.0
4460,160,True,-6,5.0,146.0
4461,160,True,-5,3.0,147.0
4462,160,True,-4,1.0,148.0
4463,160,True,-3,4.0,149.0
4464,160,True,-2,5.0,150.0
4465,160,True,-1,21.0,151.0
4466,160,True,0,257.0,152.0
4467,160,True,1,5.0,153.0
4468,160,True,2,3.0,154.0
4469,160,True,3,4.0,155.0
4470,160,True,4,8.0,156.0
4471,160,True,5,8.0,157.0
4472,160,True,6,0.0,158.0
4473,160,True,7,11.0,159.0
4474,160,True,8,6.0,160.0
4475,160,True,9,1.0,161.0
4476,160,True,10,2.0,162.0
4477,160,True,11,23.0,163.0
4478,160,True,12,14.0,164.0
4479,160,True,13,5.0,165.0
4480,161,False,-14,1.0,-8.0
4481,161,False,-13,0.0,-7.0
4482,161,False,-12,0.0,-6.0
4483,161,False,-11,0.0,-5.0
4484,161,False,-10,0.0,-4.0
4485,161,False,-9,1.0,-3.0
4486,161,False,-8,2.0,-2.0
4487,161,False,-7,2.0,-1.0
4488,161,False,-6,5.0,0.0
4489,161,False,-5,4.0,1.0
4490,161,False,-4,4.0,2.0
4491,161,False,-3,7.0,3.0
4492,161,False,-2,11.0,4.0
4493,161,False,-1,30.0,5.0
4494,161,False,0,108.0,6.0
4495,161,False,1,22.0,7.0
4496,161,False,2,32.0,8.0
4497,161,False,3,23.0,9.0
4498,161,False,4,15.0,10.0
4499,161,False,5,8.0,11.0
4500,161,False,6,10.0,12.0
4501,161,False,7,22.0,13.0
4502,161,False,8,21.0,14.0
4503,161,False,9,23.0,15.0
4504,161,False,10,42.0,16.0
4505,161,False,11,32.0,17.0
4506,161,False,12,20.0,18.0
4507,161,False,13,14.0,19.0
4508,161,True,-14,0.0,-8.0
4509,161,True,-13,0.0,-7.0
4510,161,True,-12,0.0,-6.0
4511,161,True,-11,0.0,-5.0
4512,161,True,-10,0.0,-4.0
4513,161,True,-9,0.0,-3.0
4514,161,True,-8,0.0,-2.0
4515,161,True,-7,0.0,-1.0
4516,161,True,-6,0.0,0.0
4517,161,True,-5,0.0,1.0
4518,161,True,-4,1.0,2.0
4519,161,True,-3,0.0,3.0
4520,161,True,-2,0.0,4.0
4521,161,True,-1,1.0,5.0
4522,161,True,0,22.0,6.0
4523,161,True,1,2.0,7.0
4524,161,True,2,3.0,8.0
4525,161,True,3,0.0,9.0
4526,161,True,4,0.0,10.0
4527,161,True,5,1.0,11.0
4528,161,True,6,0.0,12.0
4529,161,True,7,1.0,13.0
4530,161,True,8,0.0,14.0
4531,161,True,9,4.0,15.0
4532,161,True,10,8.0,16.0
4533,161,True,11,6.0,17.0
4534,161,True,12,0.0,18.0
4535,161,True,13,2.0,19.0
4536,170,False,-14,0.0,-3.0
4537,170,False,-13,0.0,-2.0
4538,170,False,-12,0.0,-1.0
4539,170,False,-11,0.0,0.0
4540,170,False,-10,0.0,1.0
4541,170,False,-9,0.0,2.0
4542,170,False,-8,0.0,3.0
4543,170,False,-7,1.0,4.0
4544,170,False,-6,13.0,5.0
4545,170,False,-5,12.0,6.0
4546,170,False,-4,8.0,7.0
4547,170,False,-3,7.0,8.0
4548,170,False,-2,9.0,9.0
4549,170,False,-1,52.0,10.0
4550,170,False,0,77.0,11.0
4551,170,False,1,18.0,12.0
4552,170,False,2,2.0,13.0
4553,170,False,3,9.0,14.0
4554,170,False,4,4.0,15.0
4555,170,False,5,17.0,16.0
4556,170,False,6,13.0,17.0
4557,170,False,7,3.0,18.0
4558,170,False,8,8.0,19.0
4559,170,False,9,1.0,20.0
4560,170,False,10,9.0,21.0
4561,170,False,11,3.0,22.0
4562,170,False,12,11.0,23.0
4563,170,False,13,2.0,24.0
4564,170,True,-14,0.0,-3.0
4565,170,True,-13,0.0,-2.0
4566,170,True,-12,0.0,-1.0
4567,170,True,-11,0.0,0.0
4568,170,True,-10,0.0,1.0
4569,170,True,-9,0.0,2.0
4570,170,True,-8,0.0,3.0
4571,170,True,-7,0.0,4.0
4572,170,True,-6,0.0,5.0
4573,170,True,-5,0.0,6.0
4574,170,True,-4,1.0,7.0
4575,170,True,-3,1.0,8.0
4576,170,True,-2,0.0,9.0
4577,170,True,-1,16.0,10.0
4578,170,True,0,24.0,11.0
4579,170,True,1,4.0,12.0
4580,170,True,2,0.0,13.0
4581,170,True,3,1.0,14.0
4582,170,True,4,0.0,15.0
4583,170,True,5,0.0,16.0
4584,170,True,6,1.0,17.0
4585,170,True,7,0.0,18.0
4586,170,True,8,0.0,19.0
4587,170,True,9,0.0,20.0
4588,170,True,10,1.0,21.0
4589,170,True,11,0.0,22.0
4590,170,True,12,0.0,23.0
4591,170,True,13,0.0,24.0
4592,172,False,-14,7.0,97.0
4593,172,False,-13,15.0,98.0
4594,172,False,-12,31.0,99.0
4595,172,False,-11,6.0,100.0
4596,172,False,-10,2.0,101.0
4597,172,False,-9,3.0,102.0
4598,172,False,-8,4.0,103.0
4599,172,False,-7,5.0,104.0
4600,172,False,-6,5.0,105.0
4601,172,False,-5,9.0,106.0
4602,172,False,-4,22.0,107.0
4603,172,False,-3,29.0,108.0
4604,172,False,-2,22.0,109.0
4605,172,False,-1,11.0,110.0
4606,172,False,0,5.0,111.0
4607,172,False,1,3.0,112.0
4608,172,False,2,6.0,113.0
4609,172,False,3,8.0,114.0
4610,172,False,4,11.0,115.0
4611,172,False,5,6.0,116.0
4612,172,False,6,4.0,117.0
4613,172,False,7,0.0,118.0
4614,172,False,8,2.0,119.0
4615,172,False,9,8.0,120.0
4616,172,False,10,1.0,121.0
4617,172,False,11,4.0,122.0
4618,172,False,12,7.0,123.0
4619,172,False,13,3.0,124.0
4620,172,True,-14,4.0,97.0
4621,172,True,-13,1.0,98.0
4622,172,True,-12,5.0,99.0
4623,172,True,-11,3.0,100.0
4624,172,True,-10,2.0,101.0
4625,172,True,-9,0.0,102.0
4626,172,True,-8,1.0,103.0
4627,172,True,-7,1.0,104.0
4628,172,True,-6,2.0,105.0
4629,172,True,-5,3.0,106.0
4630,172,True,-4,8.0,107.0
4631,172,True,-3,6.0,108.0
4632,172,True,-2,11.0,109.0
4633,172,True,-1,2.0,110.0
4634,172,True,0,16.0,111.0
4635,172,True,1,2.0,112.0
4636,172,True,2,1.0,113.0
4637,172,True,3,6.0,114.0
4638,172,True,4,3.0,115.0
4639,172,True,5,0.0,116.0
4640,172,True,6,1.0,117.0
4641,172,True,7,1.0,118.0
4642,172,True,8,2.0,119.0
4643,172,True,9,1.0,120.0
4644,172,True,10,0.0,121.0
4645,172,True,11,0.0,122.0
4646,172,True,12,3.0,123.0
4647,172,True,13,0.0,124.0
4648,176,False,-14,526.0,82.0
4649,176,False,-13,182.0,83.0
4650,176,False,-12,122.0,84.0
4651,176,False,-11,105.0,85.0
4652,176,False,-10,100.0,86.0
4653,176,False,-9,103.0,87.0
4654,176,False,-8,620.0,88.0
4655,176,False,-7,243.0,89.0
4656,176,False,-6,93.0,90.0
4657,176,False,-5,84.0,91.0
4658,176,False,-4,71.0,92.0
4659,176,False,-3,208.0,93.0
4660,176,False,-2,789.0,94.0
4661,176,False,-1,279.0,95.0
4662,176,False,0,158.0,96.0
4663,176,False,1,279.0,97.0
4664,176,False,2,78.0,98.0
4665,176,False,3,359.0,99.0
4666,176,False,4,189.0,100.0
4667,176,False,5,122.0,101.0
4668,176,False,6,2723.0,102.0
4669,176,False,7,478.0,103.0
4670,176,False,8,130.0,104.0
4671,176,False,9,272.0,105.0
4672,176,False,10,174.0,106.0
4673,176,False,11,103.0,107.0
4674,176,False,12,197.0,108.0
4675,176,False,13,214.0,109.0
4676,176,True,-14,45.0,82.0
4677,176,True,-13,22.0,83.0
4678,176,True,-12,11.0,84.0
4679,176,True,-11,8.0,85.0
4680,176,True,-10,13.0,86.0
4681,176,True,-9,14.0,87.0
4682,176,True,-8,126.0,88.0
4683,176,True,-7,52.0,89.0
4684,176,True,-6,22.0,90.0
4685,176,True,-5,8.0,91.0
4686,176,True,-4,11.0,92.0
4687,176,True,-3,118.0,93.0
4688,176,True,-2,185.0,94.0
4689,176,True,-1,60.0,95.0
4690,176,True,0,45.0,96.0
4691,176,True,1,29.0,97.0
4692,176,True,2,6.0,98.0
4693,176,True,3,49.0,99.0
4694,176,True,4,55.0,100.0
4695,176,True,5,20.0,101.0
4696,176,True,6,224.0,102.0
4697,176,True,7,47.0,103.0
4698,176,True,8,4.0,104.0
4699,176,True,9,12.0,105.0
4700,176,True,10,15.0,106.0
4701,176,True,11,4.0,107.0
4702,176,True,12,9.0,108.0
4703,176,True,13,19.0,109.0
4704,177,False,-14,97.0,130.0
4705,177,False,-13,101.0,131.0
4706,177,False,-12,112.0,132.0
4707,177,False,-11,82.0,133.0
4708,177,False,-10,98.0,134.0
4709,177,False,-9,119.0,135.0
4710,177,False,-8,105.0,136.0
4711,177,False,-7,105.0,137.0
4712,177,False,-6,87.0,138.0
4713,177,False,-5,62.0,139.0
4714,177,False,-4,73.0,140.0
4715,177,False,-3,75.0,141.0
4716,177,False,-2,96.0,142.0
4717,177,False,-1,91.0,143.0
4718,177,False,0,115.0,144.0
4719,177,False,1,107.0,145.0
4720,177,False,2,114.0,146.0
4721,177,False,3,154.0,147.0
4722,177,False,4,174.0,148.0
4723,177,False,5,154.0,149.0
4724,177,False,6,118.0,150.0
4725,177,False,7,83.0,151.0
4726,177,False,8,67.0,152.0
4727,177,False,9,61.0,153.0
4728,177,False,10,85.0,154.0
4729,177,False,11,48.0,155.0
4730,177,False,12,54.0,156.0
4731,177,False,13,52.0,157.0
4732,177,True,-14,14.0,130.0
4733,177,True,-13,22.0,131.0
4734,177,True,-12,26.0,132.0
4735,177,True,-11,21.0,133.0
4736,177,True,-10,23.0,134.0
4737,177,True,-9,30.0,135.0
4738,177,True,-8,19.0,136.0
4739,177,True,-7,11.0,137.0
4740,177,True,-6,4.0,138.0
4741,177,True,-5,11.0,139.0
4742,177,True,-4,12.0,140.0
4743,177,True,-3,7.0,141.0
4744,177,True,-2,15.0,142.0
4745,177,True,-1,13.0,143.0
4746,177,True,0,20.0,144.0
4747,177,True,1,12.0,145.0
4748,177,True,2,8.0,146.0
4749,177,True,3,4.0,147.0
4750,177,True,4,11.0,148.0
4751,177,True,5,9.0,149.0
4752,177,True,6,13.0,150.0
4753,177,True,7,17.0,151.0
4754,177,True,8,6.0,152.0
4755,177,True,9,19.0,153.0
4756,177,True,10,19.0,154.0
4757,177,True,11,6.0,155.0
4758,177,True,12,6.0,156.0
4759,177,True,13,5.0,157.0
4760,178,False,-14,0.0,241.0
4761,178,False,-13,1.0,242.0
4762,178,False,-12,0.0,243.0
4763,178,False,-11,0.0,244.0
4764,178,False,-10,0.0,245.0
4765,178,False,-9,0.0,246.0
4766,178,False,-8,0.0,247.0
4767,178,False,-7,0.0,248.0
4768,178,False,-6,0.0,249.0
4769,178,False,-5,0.0,250.0
4770,178,False,-4,1.0,251.0
4771,178,False,-3,0.0,252.0
4772,178,False,-2,0.0,253.0
4773,178,False,-1,0.0,254.0
4774,178,False,0,1.0,255.0
4775,178,False,1,0.0,256.0
4776,178,False,2,0.0,257.0
4777,178,False,3,0.0,258.0
4778,178,False,4,0.0,259.0
4779,178,False,5,0.0,260.0
4780,178,False,6,0.0,261.0
4781,178,False,7,0.0,262.0
4782,178,False,8,0.0,263.0
4783,178,False,9,0.0,264.0
4784,178,False,10,0.0,265.0
4785,178,False,11,0.0,266.0
4786,178,False,12,0.0,267.0
4787,178,False,13,0.0,268.0
4788,178,True,-14,0.0,241.0
4789,178,True,-13,0.0,242.0
4790,178,True,-12,0.0,243.0
4791,178,True,-11,0.0,244.0
4792,178,True,-10,0.0,245.0
4793,178,True,-9,0.0,246.0
4794,178,True,-8,0.0,247.0
4795,178,True,-7,0.0,248.0
4796,178,True,-6,0.0,249.0
4797,178,True,-5,0.0,250.0
4798,178,True,-4,0.0,251.0
4799,178,True,-3,0.0,252.0
4800,178,True,-2,0.0,253.0
4801,178,True,-1,0.0,254.0
4802,178,True,0,3.0,255.0
4803,178,True,1,0.0,256.0
4804,178,True,2,0.0,257.0
4805,178,True,3,1.0,258.0
4806,178,True,4,0.0,259.0
4807,178,True,5,0.0,260.0
4808,178,True,6,0.0,261.0
4809,178,True,7,0.0,262.0
4810,178,True,8,0.0,263.0
4811,178,True,9,0.0,264.0
4812,178,True,10,0.0,265.0
4813,178,True,11,0.0,266.0
4814,178,True,12,0.0,267.0
4815,178,True,13,0.0,268.0
4816,182,False,-14,19.0,5.0
4817,182,False,-13,16.0,6.0
4818,182,False,-12,10.0,7.0
4819,182,False,-11,9.0,8.0
4820,182,False,-10,6.0,9.0
4821,182,False,-9,6.0,10.0
4822,182,False,-8,9.0,11.0
4823,182,False,-7,7.0,12.0
4824,182,False,-6,7.0,13.0
4825,182,False,-5,2.0,14.0
4826,182,False,-4,1.0,15.0
4827,182,False,-3,2.0,16.0
4828,182,False,-2,6.0,17.0
4829,182,False,-1,6.0,18.0
4830,182,False,0,10.0,19.0
4831,182,False,1,6.0,20.0
4832,182,False,2,2.0,21.0
4833,182,False,3,3.0,22.0
4834,182,False,4,5.0,23.0
4835,182,False,5,0.0,24.0
4836,182,False,6,2.0,25.0
4837,182,False,7,1.0,26.0
4838,182,False,8,1.0,27.0
4839,182,False,9,0.0,28.0
4840,182,False,10,1.0,29.0
4841,182,False,11,2.0,30.0
4842,182,False,12,2.0,31.0
4843,182,False,13,0.0,32.0
4844,182,True,-14,2.0,5.0
4845,182,True,-13,2.0,6.0
4846,182,True,-12,1.0,7.0
4847,182,True,-11,2.0,8.0
4848,182,True,-10,1.0,9.0
4849,182,True,-9,1.0,10.0
4850,182,True,-8,0.0,11.0
4851,182,True,-7,0.0,12.0
4852,182,True,-6,0.0,13.0
4853,182,True,-5,1.0,14.0
4854,182,True,-4,0.0,15.0
4855,182,True,-3,1.0,16.0
4856,182,True,-2,1.0,17.0
4857,182,True,-1,2.0,18.0
4858,182,True,0,4.0,19.0
4859,182,True,1,0.0,20.0
4860,182,True,2,3.0,21.0
4861,182,True,3,1.0,22.0
4862,182,True,4,1.0,23.0
4863,182,True,5,0.0,24.0
4864,182,True,6,1.0,25.0
4865,182,True,7,1.0,26.0
4866,182,True,8,2.0,27.0
4867,182,True,9,1.0,28.0
4868,182,True,10,0.0,29.0
4869,182,True,11,1.0,30.0
4870,182,True,12,0.0,31.0
4871,182,True,13,0.0,32.0
4872,184,False,-14,0.0,39.0
4873,184,False,-13,0.0,40.0
4874,184,False,-12,0.0,41.0
4875,184,False,-11,0.0,42.0
4876,184,False,-10,0.0,43.0
4877,184,False,-9,0.0,44.0
4878,184,False,-8,0.0,45.0
4879,184,False,-7,0.0,46.0
4880,184,False,-6,0.0,47.0
4881,184,False,-5,0.0,48.0
4882,184,False,-4,0.0,49.0
4883,184,False,-3,0.0,50.0
4884,184,False,-2,0.0,51.0
4885,184,False,-1,0.0,52.0
4886,184,False,0,2.0,53.0
4887,184,False,1,0.0,54.0
4888,184,False,2,0.0,55.0
4889,184,False,3,0.0,56.0
4890,184,False,4,0.0,57.0
4891,184,False,5,0.0,58.0
4892,184,False,6,0.0,59.0
4893,184,False,7,0.0,60.0
4894,184,False,8,0.0,61.0
4895,184,False,9,0.0,62.0
4896,184,False,10,0.0,63.0
4897,184,False,11,0.0,64.0
4898,184,False,12,0.0,65.0
4899,184,False,13,0.0,66.0
4900,184,True,-14,0.0,39.0
4901,184,True,-13,0.0,40.0
4902,184,True,-12,0.0,41.0
4903,184,True,-11,0.0,42.0
4904,184,True,-10,0.0,43.0
4905,184,True,-9,0.0,44.0
4906,184,True,-8,0.0,45.0
4907,184,True,-7,0.0,46.0
4908,184,True,-6,0.0,47.0
4909,184,True,-5,0.0,48.0
4910,184,True,-4,0.0,49.0
4911,184,True,-3,0.0,50.0
4912,184,True,-2,0.0,51.0
4913,184,True,-1,0.0,52.0
4914,184,True,0,1.0,53.0
4915,184,True,1,0.0,54.0
4916,184,True,2,0.0,55.0
4917,184,True,3,1.0,56.0
4918,184,True,4,0.0,57.0
4919,184,True,5,0.0,58.0
4920,184,True,6,0.0,59.0
4921,184,True,7,0.0,60.0
4922,184,True,8,0.0,61.0
4923,184,True,9,0.0,62.0
4924,184,True,10,0.0,63.0
4925,184,True,11,0.0,64.0
4926,184,True,12,0.0,65.0
4927,184,True,13,0.0,66.0
4928,185,False,-14,3.0,48.0
4929,185,False,-13,5.0,49.0
4930,185,False,-12,0.0,50.0
4931,185,False,-11,10.0,51.0
4932,185,False,-10,3.0,52.0
4933,185,False,-9,0.0,53.0
4934,185,False,-8,6.0,54.0
4935,185,False,-7,4.0,55.0
4936,185,False,-6,3.0,56.0
4937,185,False,-5,13.0,57.0
4938,185,False,-4,24.0,58.0
4939,185,False,-3,16.0,59.0
4940,185,False,-2,4.0,60.0
4941,185,False,-1,3.0,61.0
4942,185,False,0,15.0,62.0
4943,185,False,1,10.0,63.0
4944,185,False,2,10.0,64.0
4945,185,False,3,19.0,65.0
4946,185,False,4,16.0,66.0
4947,185,False,5,1.0,67.0
4948,185,False,6,2.0,68.0
4949,185,False,7,2.0,69.0
4950,185,False,8,6.0,70.0
4951,185,False,9,2.0,71.0
4952,185,False,10,5.0,72.0
4953,185,False,11,1.0,73.0
4954,185,False,12,2.0,74.0
4955,185,False,13,3.0,75.0
4956,185,True,-14,1.0,48.0
4957,185,True,-13,0.0,49.0
4958,185,True,-12,0.0,50.0
4959,185,True,-11,0.0,51.0
4960,185,True,-10,1.0,52.0
4961,185,True,-9,0.0,53.0
4962,185,True,-8,2.0,54.0
4963,185,True,-7,1.0,55.0
4964,185,True,-6,0.0,56.0
4965,185,True,-5,4.0,57.0
4966,185,True,-4,3.0,58.0
4967,185,True,-3,6.0,59.0
4968,185,True,-2,2.0,60.0
4969,185,True,-1,4.0,61.0
4970,185,True,0,10.0,62.0
4971,185,True,1,3.0,63.0
4972,185,True,2,6.0,64.0
4973,185,True,3,7.0,65.0
4974,185,True,4,6.0,66.0
4975,185,True,5,0.0,67.0
4976,185,True,6,0.0,68.0
4977,185,True,7,2.0,69.0
4978,185,True,8,0.0,70.0
4979,185,True,9,0.0,71.0
4980,185,True,10,0.0,72.0
4981,185,True,11,0.0,73.0
4982,185,True,12,4.0,74.0
4983,185,True,13,3.0,75.0
4984,188,False,-14,0.0,147.0
4985,188,False,-13,0.0,148.0
4986,188,False,-12,0.0,149.0
4987,188,False,-11,0.0,150.0
4988,188,False,-10,0.0,151.0
4989,188,False,-9,0.0,152.0
4990,188,False,-8,0.0,153.0
4991,188,False,-7,0.0,154.0
4992,188,False,-6,0.0,155.0
4993,188,False,-5,0.0,156.0
4994,188,False,-4,0.0,157.0
4995,188,False,-3,0.0,158.0
4996,188,False,-2,0.0,159.0
4997,188,False,-1,0.0,160.0
4998,188,False,0,0.0,161.0
4999,188,False,1,0.0,162.0
5000,188,False,2,0.0,163.0
5001,188,False,3,0.0,164.0
5002,188,False,4,0.0,165.0
5003,188,False,5,0.0,166.0
5004,188,False,6,0.0,167.0
5005,188,False,7,1.0,168.0
5006,188,False,8,0.0,169.0
5007,188,False,9,0.0,170.0
5008,188,False,10,0.0,171.0
5009,188,False,11,0.0,172.0
5010,188,False,12,0.0,173.0
5011,188,False,13,0.0,174.0
5012,188,True,-14,0.0,147.0
5013,188,True,-13,0.0,148.0
5014,188,True,-12,0.0,149.0
5015,188,True,-11,0.0,150.0
5016,188,True,-10,0.0,151.0
5017,188,True,-9,2.0,152.0
5018,188,True,-8,0.0,153.0
5019,188,True,-7,0.0,154.0
5020,188,True,-6,0.0,155.0
5021,188,True,-5,0.0,156.0
5022,188,True,-4,0.0,157.0
5023,188,True,-3,0.0,158.0
5024,188,True,-2,0.0,159.0
5025,188,True,-1,0.0,160.0
5026,188,True,0,4.0,161.0
5027,188,True,1,0.0,162.0
5028,188,True,2,0.0,163.0
5029,188,True,3,0.0,164.0
5030,188,True,4,1.0,165.0
5031,188,True,5,0.0,166.0
5032,188,True,6,0.0,167.0
5033,188,True,7,0.0,168.0
5034,188,True,8,1.0,169.0
5035,188,True,9,0.0,170.0
5036,188,True,10,0.0,171.0
5037,188,True,11,1.0,172.0
5038,188,True,12,0.0,173.0
5039,188,True,13,0.0,174.0
5040,189,False,-14,10.0,-7.0
5041,189,False,-13,10.0,-6.0
5042,189,False,-12,4.0,-5.0
5043,189,False,-11,12.0,-4.0
5044,189,False,-10,56.0,-3.0
5045,189,False,-9,460.0,-2.0
5046,189,False,-8,214.0,-1.0
5047,189,False,-7,428.0,0.0
5048,189,False,-6,2240.0,1.0
5049,189,False,-5,8196.0,2.0
5050,189,False,-4,7613.0,3.0
5051,189,False,-3,4800.0,4.0
5052,189,False,-2,6008.0,5.0
5053,189,False,-1,14531.0,6.0
5054,189,False,0,16363.0,7.0
5055,189,False,1,14007.0,8.0
5056,189,False,2,13483.0,9.0
5057,189,False,3,5311.0,10.0
5058,189,False,4,6678.0,11.0
5059,189,False,5,6934.0,12.0
5060,189,False,6,3540.0,13.0
5061,189,False,7,4055.0,14.0
5062,189,False,8,3014.0,15.0
5063,189,False,9,3150.0,16.0
5064,189,False,10,4178.0,17.0
5065,189,False,11,2711.0,18.0
5066,189,False,12,1631.0,19.0
5067,189,False,13,1789.0,20.0
5068,189,True,-14,0.0,-7.0
5069,189,True,-13,0.0,-6.0
5070,189,True,-12,0.0,-5.0
5071,189,True,-11,0.0,-4.0
5072,189,True,-10,0.0,-3.0
5073,189,True,-9,0.0,-2.0
5074,189,True,-8,2.0,-1.0
5075,189,True,-7,37.0,0.0
5076,189,True,-6,404.0,1.0
5077,189,True,-5,1402.0,2.0
5078,189,True,-4,651.0,3.0
5079,189,True,-3,250.0,4.0
5080,189,True,-2,377.0,5.0
5081,189,True,-1,1008.0,6.0
5082,189,True,0,871.0,7.0
5083,189,True,1,626.0,8.0
5084,189,True,2,491.0,9.0
5085,189,True,3,178.0,10.0
5086,189,True,4,184.0,11.0
5087,189,True,5,176.0,12.0
5088,189,True,6,87.0,13.0
5089,189,True,7,110.0,14.0
5090,189,True,8,93.0,15.0
5091,189,True,9,78.0,16.0
5092,189,True,10,100.0,17.0
5093,189,True,11,58.0,18.0
5094,189,True,12,33.0,19.0
5095,189,True,13,45.0,20.0
5096,191,False,-14,35008.0,5.0
5097,191,False,-13,41948.0,6.0
5098,191,False,-12,28964.0,7.0
5099,191,False,-11,26663.0,8.0
5100,191,False,-10,25133.0,9.0
5101,191,False,-9,17745.0,10.0
5102,191,False,-8,12375.0,11.0
5103,191,False,-7,10672.0,12.0
5104,191,False,-6,9323.0,13.0
5105,191,False,-5,7617.0,14.0
5106,191,False,-4,8136.0,15.0
5107,191,False,-3,5804.0,16.0
5108,191,False,-2,4636.0,17.0
5109,191,False,-1,4774.0,18.0
5110,191,False,0,4859.0,19.0
5111,191,False,1,2860.0,20.0
5112,191,False,2,3609.0,21.0
5113,191,False,3,4323.0,22.0
5114,191,False,4,3221.0,23.0
5115,191,False,5,2950.0,24.0
5116,191,False,6,3977.0,25.0
5117,191,False,7,2453.0,26.0
5118,191,False,8,2795.0,27.0
5119,191,False,9,2859.0,28.0
5120,191,False,10,2665.0,29.0
5121,191,False,11,1849.0,30.0
5122,191,False,12,1310.0,31.0
5123,191,False,13,1387.0,32.0
5124,191,True,-14,1019.0,5.0
5125,191,True,-13,1277.0,6.0
5126,191,True,-12,1677.0,7.0
5127,191,True,-11,1860.0,8.0
5128,191,True,-10,1330.0,9.0
5129,191,True,-9,1552.0,10.0
5130,191,True,-8,756.0,11.0
5131,191,True,-7,514.0,12.0
5132,191,True,-6,766.0,13.0
5133,191,True,-5,340.0,14.0
5134,191,True,-4,402.0,15.0
5135,191,True,-3,202.0,16.0
5136,191,True,-2,194.0,17.0
5137,191,True,-1,217.0,18.0
5138,191,True,0,191.0,19.0
5139,191,True,1,84.0,20.0
5140,191,True,2,151.0,21.0
5141,191,True,3,187.0,22.0
5142,191,True,4,107.0,23.0
5143,191,True,5,102.0,24.0
5144,191,True,6,167.0,25.0
5145,191,True,7,101.0,26.0
5146,191,True,8,165.0,27.0
5147,191,True,9,133.0,28.0
5148,191,True,10,120.0,29.0
5149,191,True,11,69.0,30.0
5150,191,True,12,47.0,31.0
5151,191,True,13,57.0,32.0
5152,195,False,-14,1.0,62.0
5153,195,False,-13,1.0,63.0
5154,195,False,-12,2.0,64.0
5155,195,False,-11,2.0,65.0
5156,195,False,-10,0.0,66.0
5157,195,False,-9,2.0,67.0
5158,195,False,-8,2.0,68.0
5159,195,False,-7,2.0,69.0
5160,195,False,-6,2.0,70.0
5161,195,False,-5,0.0,71.0
5162,195,False,-4,0.0,72.0
5163,195,False,-3,1.0,73.0
5164,195,False,-2,0.0,74.0
5165,195,False,-1,1.0,75.0
5166,195,False,0,2.0,76.0
5167,195,False,1,2.0,77.0
5168,195,False,2,0.0,78.0
5169,195,False,3,1.0,79.0
5170,195,False,4,0.0,80.0
5171,195,False,5,0.0,81.0
5172,195,False,6,2.0,82.0
5173,195,False,7,0.0,83.0
5174,195,False,8,0.0,84.0
5175,195,False,9,0.0,85.0
5176,195,False,10,1.0,86.0
5177,195,False,11,0.0,87.0
5178,195,False,12,1.0,88.0
5179,195,False,13,0.0,89.0
5180,195,True,-14,0.0,62.0
5181,195,True,-13,0.0,63.0
5182,195,True,-12,0.0,64.0
5183,195,True,-11,0.0,65.0
5184,195,True,-10,0.0,66.0
5185,195,True,-9,1.0,67.0
5186,195,True,-8,0.0,68.0
5187,195,True,-7,0.0,69.0
5188,195,True,-6,0.0,70.0
5189,195,True,-5,0.0,71.0
5190,195,True,-4,0.0,72.0
5191,195,True,-3,0.0,73.0
5192,195,True,-2,0.0,74.0
5193,195,True,-1,0.0,75.0
5194,195,True,0,3.0,76.0
5195,195,True,1,0.0,77.0
5196,195,True,2,0.0,78.0
5197,195,True,3,2.0,79.0
5198,195,True,4,1.0,80.0
5199,195,True,5,1.0,81.0
5200,195,True,6,0.0,82.0
5201,195,True,7,0.0,83.0
5202,195,True,8,0.0,84.0
5203,195,True,9,0.0,85.0
5204,195,True,10,0.0,86.0
5205,195,True,11,0.0,87.0
5206,195,True,12,0.0,88.0
5207,195,True,13,0.0,89.0
5208,198,False,-14,0.0,278.0
5209,198,False,-13,0.0,279.0
5210,198,False,-12,0.0,280.0
5211,198,False,-11,0.0,281.0
5212,198,False,-10,0.0,282.0
5213,198,False,-9,0.0,283.0
5214,198,False,-8,1.0,284.0
5215,198,False,-7,0.0,285.0
5216,198,False,-6,0.0,286.0
5217,198,False,-5,0.0,287.0
5218,198,False,-4,0.0,288.0
5219,198,False,-3,0.0,289.0
5220,198,False,-2,1.0,290.0
5221,198,False,-1,0.0,291.0
5222,198,False,0,0.0,292.0
5223,198,False,1,1.0,293.0
5224,198,False,2,0.0,294.0
5225,198,False,3,0.0,295.0
5226,198,False,4,0.0,296.0
5227,198,False,5,0.0,297.0
5228,198,False,6,0.0,298.0
5229,198,False,7,0.0,299.0
5230,198,False,8,0.0,300.0
5231,198,False,9,0.0,301.0
5232,198,False,10,0.0,302.0
5233,198,False,11,0.0,303.0
5234,198,False,12,1.0,304.0
5235,198,False,13,0.0,305.0
5236,198,True,-14,0.0,278.0
5237,198,True,-13,0.0,279.0
5238,198,True,-12,0.0,280.0
5239,198,True,-11,0.0,281.0
5240,198,True,-10,0.0,282.0
5241,198,True,-9,0.0,283.0
5242,198,True,-8,0.0,284.0
5243,198,True,-7,0.0,285.0
5244,198,True,-6,0.0,286.0
5245,198,True,-5,0.0,287.0
5246,198,True,-4,0.0,288.0
5247,198,True,-3,0.0,289.0
5248,198,True,-2,0.0,290.0
5249,198,True,-1,0.0,291.0
5250,198,True,0,0.0,292.0
5251,198,True,1,0.0,293.0
5252,198,True,2,1.0,294.0
5253,198,True,3,0.0,295.0
5254,198,True,4,0.0,296.0
5255,198,True,5,0.0,297.0
5256,198,True,6,0.0,298.0
5257,198,True,7,0.0,299.0
5258,198,True,8,0.0,300.0
5259,198,True,9,0.0,301.0
5260,198,True,10,0.0,302.0
5261,198,True,11,0.0,303.0
5262,198,True,12,0.0,304.0
5263,198,True,13,0.0,305.0
5264,199,False,-14,2225.0,-1.0
5265,199,False,-13,2958.0,0.0
5266,199,False,-12,5100.0,1.0
5267,199,False,-11,7645.0,2.0
5268,199,False,-10,13293.0,3.0
5269,199,False,-9,24265.0,4.0
5270,199,False,-8,42189.0,5.0
5271,199,False,-7,35419.0,6.0
5272,199,False,-6,32067.0,7.0
5273,199,False,-5,39231.0,8.0
5274,199,False,-4,27023.0,9.0
5275,199,False,-3,22911.0,10.0
5276,199,False,-2,20454.0,11.0
5277,199,False,-1,17253.0,12.0
5278,199,False,0,33870.0,13.0
5279,199,False,1,16089.0,14.0
5280,199,False,2,12209.0,15.0
5281,199,False,3,9513.0,16.0
5282,199,False,4,8062.0,17.0
5283,199,False,5,8150.0,18.0
5284,199,False,6,7161.0,19.0
5285,199,False,7,6919.0,20.0
5286,199,False,8,6868.0,21.0
5287,199,False,9,5715.0,22.0
5288,199,False,10,5384.0,23.0
5289,199,False,11,6067.0,24.0
5290,199,False,12,5540.0,25.0
5291,199,False,13,4002.0,26.0
5292,199,True,-14,29.0,-1.0
5293,199,True,-13,107.0,0.0
5294,199,True,-12,176.0,1.0
5295,199,True,-11,308.0,2.0
5296,199,True,-10,317.0,3.0
5297,199,True,-9,392.0,4.0
5298,199,True,-8,1125.0,5.0
5299,199,True,-7,1225.0,6.0
5300,199,True,-6,1816.0,7.0
5301,199,True,-5,2881.0,8.0
5302,199,True,-4,1611.0,9.0
5303,199,True,-3,1093.0,10.0
5304,199,True,-2,765.0,11.0
5305,199,True,-1,768.0,12.0
5306,199,True,0,1362.0,13.0
5307,199,True,1,455.0,14.0
5308,199,True,2,253.0,15.0
5309,199,True,3,129.0,16.0
5310,199,True,4,113.0,17.0
5311,199,True,5,123.0,18.0
5312,199,True,6,87.0,19.0
5313,199,True,7,107.0,20.0
5314,199,True,8,126.0,21.0
5315,199,True,9,83.0,22.0
5316,199,True,10,108.0,23.0
5317,199,True,11,123.0,24.0
5318,199,True,12,71.0,25.0
5319,199,True,13,75.0,26.0
5320,200,False,-14,0.0,116.0
5321,200,False,-13,0.0,117.0
5322,200,False,-12,1.0,118.0
5323,200,False,-11,0.0,119.0
5324,200,False,-10,0.0,120.0
5325,200,False,-9,0.0,121.0
5326,200,False,-8,0.0,122.0
5327,200,False,-7,0.0,123.0
5328,200,False,-6,1.0,124.0
5329,200,False,-5,1.0,125.0
5330,200,False,-4,1.0,126.0
5331,200,False,-3,0.0,127.0
5332,200,False,-2,0.0,128.0
5333,200,False,-1,2.0,129.0
5334,200,False,0,0.0,130.0
5335,200,False,1,3.0,131.0
5336,200,False,2,0.0,132.0
5337,200,False,3,1.0,133.0
5338,200,False,4,21.0,134.0
5339,200,False,5,6.0,135.0
5340,200,False,6,2.0,136.0
5341,200,False,7,3.0,137.0
5342,200,False,8,2.0,138.0
5343,200,False,9,0.0,139.0
5344,200,False,10,220.0,140.0
5345,200,False,11,145.0,141.0
5346,200,False,12,121.0,142.0
5347,200,False,13,33.0,143.0
5348,200,True,-14,0.0,116.0
5349,200,True,-13,0.0,117.0
5350,200,True,-12,0.0,118.0
5351,200,True,-11,0.0,119.0
5352,200,True,-10,0.0,120.0
5353,200,True,-9,0.0,121.0
5354,200,True,-8,0.0,122.0
5355,200,True,-7,0.0,123.0
5356,200,True,-6,0.0,124.0
5357,200,True,-5,2.0,125.0
5358,200,True,-4,0.0,126.0
5359,200,True,-3,1.0,127.0
5360,200,True,-2,0.0,128.0
5361,200,True,-1,0.0,129.0
5362,200,True,0,2.0,130.0
5363,200,True,1,1.0,131.0
5364,200,True,2,0.0,132.0
5365,200,True,3,0.0,133.0
5366,200,True,4,11.0,134.0
5367,200,True,5,0.0,135.0
5368,200,True,6,1.0,136.0
5369,200,True,7,0.0,137.0
5370,200,True,8,0.0,138.0
5371,200,True,9,0.0,139.0
5372,200,True,10,271.0,140.0
5373,200,True,11,122.0,141.0
5374,200,True,12,134.0,142.0
5375,200,True,13,41.0,143.0
5376,202,False,-14,0.0,209.0
5377,202,False,-13,0.0,210.0
5378,202,False,-12,0.0,211.0
5379,202,False,-11,1.0,212.0
5380,202,False,-10,1.0,213.0
5381,202,False,-9,0.0,214.0
5382,202,False,-8,0.0,215.0
5383,202,False,-7,0.0,216.0
5384,202,False,-6,0.0,217.0
5385,202,False,-5,0.0,218.0
5386,202,False,-4,0.0,219.0
5387,202,False,-3,1.0,220.0
5388,202,False,-2,0.0,221.0
5389,202,False,-1,0.0,222.0
5390,202,False,0,0.0,223.0
5391,202,False,1,0.0,224.0
5392,202,False,2,0.0,225.0
5393,202,False,3,0.0,226.0
5394,202,False,4,0.0,227.0
5395,202,False,5,0.0,228.0
5396,202,False,6,0.0,229.0
5397,202,False,7,0.0,230.0
5398,202,False,8,0.0,231.0
5399,202,False,9,0.0,232.0
5400,202,False,10,0.0,233.0
5401,202,False,11,0.0,234.0
5402,202,False,12,0.0,235.0
5403,202,False,13,0.0,236.0
5404,202,True,-14,0.0,209.0
5405,202,True,-13,0.0,210.0
5406,202,True,-12,0.0,211.0
5407,202,True,-11,0.0,212.0
5408,202,True,-10,0.0,213.0
5409,202,True,-9,0.0,214.0
5410,202,True,-8,0.0,215.0
5411,202,True,-7,0.0,216.0
5412,202,True,-6,0.0,217.0
5413,202,True,-5,0.0,218.0
5414,202,True,-4,0.0,219.0
5415,202,True,-3,0.0,220.0
5416,202,True,-2,0.0,221.0
5417,202,True,-1,1.0,222.0
5418,202,True,0,0.0,223.0
5419,202,True,1,1.0,224.0
5420,202,True,2,0.0,225.0
5421,202,True,3,0.0,226.0
5422,202,True,4,0.0,227.0
5423,202,True,5,0.0,228.0
5424,202,True,6,0.0,229.0
5425,202,True,7,1.0,230.0
5426,202,True,8,0.0,231.0
5427,202,True,9,0.0,232.0
5428,202,True,10,0.0,233.0
5429,202,True,11,0.0,234.0
5430,202,True,12,0.0,235.0
5431,202,True,13,0.0,236.0
5432,203,False,-14,1.0,278.0
5433,203,False,-13,1.0,279.0
5434,203,False,-12,2.0,280.0
5435,203,False,-11,2.0,281.0
5436,203,False,-10,1.0,282.0
5437,203,False,-9,3.0,283.0
5438,203,False,-8,2.0,284.0
5439,203,False,-7,2.0,285.0
5440,203,False,-6,2.0,286.0
5441,203,False,-5,0.0,287.0
5442,203,False,-4,2.0,288.0
5443,203,False,-3,1.0,289.0
5444,203,False,-2,1.0,290.0
5445,203,False,-1,1.0,291.0
5446,203,False,0,1.0,292.0
5447,203,False,1,5.0,293.0
5448,203,False,2,1.0,294.0
5449,203,False,3,3.0,295.0
5450,203,False,4,1.0,296.0
5451,203,False,5,0.0,297.0
5452,203,False,6,1.0,298.0
5453,203,False,7,4.0,299.0
5454,203,False,8,0.0,300.0
5455,203,False,9,1.0,301.0
5456,203,False,10,3.0,302.0
5457,203,False,11,2.0,303.0
5458,203,False,12,1.0,304.0
5459,203,False,13,1.0,305.0
5460,203,True,-14,1.0,278.0
5461,203,True,-13,0.0,279.0
5462,203,True,-12,0.0,280.0
5463,203,True,-11,0.0,281.0
5464,203,True,-10,1.0,282.0
5465,203,True,-9,0.0,283.0
5466,203,True,-8,3.0,284.0
5467,203,True,-7,1.0,285.0
5468,203,True,-6,1.0,286.0
5469,203,True,-5,0.0,287.0
5470,203,True,-4,0.0,288.0
5471,203,True,-3,0.0,289.0
5472,203,True,-2,0.0,290.0
5473,203,True,-1,0.0,291.0
5474,203,True,0,1.0,292.0
5475,203,True,1,0.0,293.0
5476,203,True,2,0.0,294.0
5477,203,True,3,0.0,295.0
5478,203,True,4,1.0,296.0
5479,203,True,5,0.0,297.0
5480,203,True,6,1.0,298.0
5481,203,True,7,1.0,299.0
5482,203,True,8,2.0,300.0
5483,203,True,9,1.0,301.0
5484,203,True,10,0.0,302.0
5485,203,True,11,0.0,303.0
5486,203,True,12,0.0,304.0
5487,203,True,13,0.0,305.0
5488,205,False,-14,0.0,-7.0
5489,205,False,-13,0.0,-6.0
5490,205,False,-12,0.0,-5.0
5491,205,False,-11,0.0,-4.0
5492,205,False,-10,18.0,-3.0
5493,205,False,-9,1336.0,-2.0
5494,205,False,-8,597.0,-1.0
5495,205,False,-7,171.0,0.0
5496,205,False,-6,65.0,1.0
5497,205,False,-5,52.0,2.0
5498,205,False,-4,31.0,3.0
5499,205,False,-3,40.0,4.0
5500,205,False,-2,26.0,5.0
5501,205,False,-1,102.0,6.0
5502,205,False,0,39.0,7.0
5503,205,False,1,84.0,8.0
5504,205,False,2,68.0,9.0
5505,205,False,3,25.0,10.0
5506,205,False,4,23.0,11.0
5507,205,False,5,15.0,12.0
5508,205,False,6,16.0,13.0
5509,205,False,7,10.0,14.0
5510,205,False,8,7.0,15.0
5511,205,False,9,9.0,16.0
5512,205,False,10,5.0,17.0
5513,205,False,11,6.0,18.0
5514,205,False,12,8.0,19.0
5515,205,False,13,4.0,20.0
5516,205,True,-14,0.0,-7.0
5517,205,True,-13,0.0,-6.0
5518,205,True,-12,0.0,-5.0
5519,205,True,-11,0.0,-4.0
5520,205,True,-10,0.0,-3.0
5521,205,True,-9,0.0,-2.0
5522,205,True,-8,82.0,-1.0
5523,205,True,-7,43.0,0.0
5524,205,True,-6,9.0,1.0
5525,205,True,-5,8.0,2.0
5526,205,True,-4,11.0,3.0
5527,205,True,-3,8.0,4.0
5528,205,True,-2,9.0,5.0
5529,205,True,-1,36.0,6.0
5530,205,True,0,20.0,7.0
5531,205,True,1,24.0,8.0
5532,205,True,2,22.0,9.0
5533,205,True,3,4.0,10.0
5534,205,True,4,9.0,11.0
5535,205,True,5,3.0,12.0
5536,205,True,6,5.0,13.0
5537,205,True,7,1.0,14.0
5538,205,True,8,3.0,15.0
5539,205,True,9,0.0,16.0
5540,205,True,10,2.0,17.0
5541,205,True,11,0.0,18.0
5542,205,True,12,1.0,19.0
5543,205,True,13,1.0,20.0
5544,206,False,-14,2.0,69.0
5545,206,False,-13,8.0,70.0
5546,206,False,-12,3.0,71.0
5547,206,False,-11,3.0,72.0
5548,206,False,-10,3.0,73.0
5549,206,False,-9,0.0,74.0
5550,206,False,-8,4.0,75.0
5551,206,False,-7,7.0,76.0
5552,206,False,-6,4.0,77.0
5553,206,False,-5,4.0,78.0
5554,206,False,-4,2.0,79.0
5555,206,False,-3,5.0,80.0
5556,206,False,-2,5.0,81.0
5557,206,False,-1,8.0,82.0
5558,206,False,0,26.0,83.0
5559,206,False,1,13.0,84.0
5560,206,False,2,10.0,85.0
5561,206,False,3,5.0,86.0
5562,206,False,4,7.0,87.0
5563,206,False,5,13.0,88.0
5564,206,False,6,7.0,89.0
5565,206,False,7,7.0,90.0
5566,206,False,8,6.0,91.0
5567,206,False,9,2.0,92.0
5568,206,False,10,6.0,93.0
5569,206,False,11,5.0,94.0
5570,206,False,12,4.0,95.0
5571,206,False,13,2.0,96.0
5572,206,True,-14,2.0,69.0
5573,206,True,-13,3.0,70.0
5574,206,True,-12,0.0,71.0
5575,206,True,-11,2.0,72.0
5576,206,True,-10,3.0,73.0
5577,206,True,-9,1.0,74.0
5578,206,True,-8,6.0,75.0
5579,206,True,-7,1.0,76.0
5580,206,True,-6,1.0,77.0
5581,206,True,-5,1.0,78.0
5582,206,True,-4,2.0,79.0
5583,206,True,-3,2.0,80.0
5584,206,True,-2,0.0,81.0
5585,206,True,-1,3.0,82.0
5586,206,True,0,26.0,83.0
5587,206,True,1,9.0,84.0
5588,206,True,2,8.0,85.0
5589,206,True,3,6.0,86.0
5590,206,True,4,3.0,87.0
5591,206,True,5,4.0,88.0
5592,206,True,6,1.0,89.0
5593,206,True,7,6.0,90.0
5594,206,True,8,4.0,91.0
5595,206,True,9,1.0,92.0
5596,206,True,10,4.0,93.0
5597,206,True,11,9.0,94.0
5598,206,True,12,4.0,95.0
5599,206,True,13,2.0,96.0
5600,208,False,-14,6.0,44.0
5601,208,False,-13,6.0,45.0
5602,208,False,-12,5.0,46.0
5603,208,False,-11,3.0,47.0
5604,208,False,-10,4.0,48.0
5605,208,False,-9,1.0,49.0
5606,208,False,-8,4.0,50.0
5607,208,False,-7,0.0,51.0
5608,208,False,-6,2.0,52.0
5609,208,False,-5,10.0,53.0
5610,208,False,-4,2.0,54.0
5611,208,False,-3,3.0,55.0
5612,208,False,-2,10.0,56.0
5613,208,False,-1,7.0,57.0
5614,208,False,0,8.0,58.0
5615,208,False,1,5.0,59.0
5616,208,False,2,8.0,60.0
5617,208,False,3,11.0,61.0
5618,208,False,4,3.0,62.0
5619,208,False,5,4.0,63.0
5620,208,False,6,1.0,64.0
5621,208,False,7,1.0,65.0
5622,208,False,8,0.0,66.0
5623,208,False,9,5.0,67.0
5624,208,False,10,5.0,68.0
5625,208,False,11,5.0,69.0
5626,208,False,12,5.0,70.0
5627,208,False,13,2.0,71.0
5628,208,True,-14,2.0,44.0
5629,208,True,-13,3.0,45.0
5630,208,True,-12,2.0,46.0
5631,208,True,-11,1.0,47.0
5632,208,True,-10,4.0,48.0
5633,208,True,-9,2.0,49.0
5634,208,True,-8,2.0,50.0
5635,208,True,-7,2.0,51.0
5636,208,True,-6,1.0,52.0
5637,208,True,-5,3.0,53.0
5638,208,True,-4,1.0,54.0
5639,208,True,-3,2.0,55.0
5640,208,True,-2,5.0,56.0
5641,208,True,-1,2.0,57.0
5642,208,True,0,15.0,58.0
5643,208,True,1,5.0,59.0
5644,208,True,2,9.0,60.0
5645,208,True,3,5.0,61.0
5646,208,True,4,5.0,62.0
5647,208,True,5,1.0,63.0
5648,208,True,6,1.0,64.0
5649,208,True,7,2.0,65.0
5650,208,True,8,0.0,66.0
5651,208,True,9,0.0,67.0
5652,208,True,10,4.0,68.0
5653,208,True,11,10.0,69.0
5654,208,True,12,3.0,70.0
5655,208,True,13,0.0,71.0
5656,210,False,-14,0.0,-7.0
5657,210,False,-13,0.0,-6.0
5658,210,False,-12,0.0,-5.0
5659,210,False,-11,0.0,-4.0
5660,210,False,-10,0.0,-3.0
5661,210,False,-9,0.0,-2.0
5662,210,False,-8,0.0,-1.0
5663,210,False,-7,0.0,0.0
5664,210,False,-6,0.0,1.0
5665,210,False,-5,0.0,2.0
5666,210,False,-4,5.0,3.0
5667,210,False,-3,3.0,4.0
5668,210,False,-2,29.0,5.0
5669,210,False,-1,20.0,6.0
5670,210,False,0,61.0,7.0
5671,210,False,1,50.0,8.0
5672,210,False,2,30.0,9.0
5673,210,False,3,27.0,10.0
5674,210,False,4,29.0,11.0
5675,210,False,5,17.0,12.0
5676,210,False,6,8.0,13.0
5677,210,False,7,49.0,14.0
5678,210,False,8,39.0,15.0
5679,210,False,9,23.0,16.0
5680,210,False,10,18.0,17.0
5681,210,False,11,34.0,18.0
5682,210,False,12,43.0,19.0
5683,210,False,13,14.0,20.0
5684,210,True,-14,0.0,-7.0
5685,210,True,-13,0.0,-6.0
5686,210,True,-12,0.0,-5.0
5687,210,True,-11,0.0,-4.0
5688,210,True,-10,0.0,-3.0
5689,210,True,-9,0.0,-2.0
5690,210,True,-8,0.0,-1.0
5691,210,True,-7,0.0,0.0
5692,210,True,-6,0.0,1.0
5693,210,True,-5,0.0,2.0
5694,210,True,-4,1.0,3.0
5695,210,True,-3,0.0,4.0
5696,210,True,-2,3.0,5.0
5697,210,True,-1,2.0,6.0
5698,210,True,0,22.0,7.0
5699,210,True,1,4.0,8.0
5700,210,True,2,0.0,9.0
5701,210,True,3,2.0,10.0
5702,210,True,4,4.0,11.0
5703,210,True,5,2.0,12.0
5704,210,True,6,0.0,13.0
5705,210,True,7,3.0,14.0
5706,210,True,8,3.0,15.0
5707,210,True,9,0.0,16.0
5708,210,True,10,1.0,17.0
5709,210,True,11,1.0,18.0
5710,210,True,12,0.0,19.0
5711,210,True,13,1.0,20.0
5712,211,False,-14,466.0,31.0
5713,211,False,-13,2270.0,32.0
5714,211,False,-12,508.0,33.0
5715,211,False,-11,474.0,34.0
5716,211,False,-10,358.0,35.0
5717,211,False,-9,1097.0,36.0
5718,211,False,-8,357.0,37.0
5719,211,False,-7,409.0,38.0
5720,211,False,-6,432.0,39.0
5721,211,False,-5,256.0,40.0
5722,211,False,-4,734.0,41.0
5723,211,False,-3,1421.0,42.0
5724,211,False,-2,618.0,43.0
5725,211,False,-1,538.0,44.0
5726,211,False,0,1058.0,45.0
5727,211,False,1,1012.0,46.0
5728,211,False,2,310.0,47.0
5729,211,False,3,281.0,48.0
5730,211,False,4,825.0,49.0
5731,211,False,5,3541.0,50.0
5732,211,False,6,521.0,51.0
5733,211,False,7,221.0,52.0
5734,211,False,8,3055.0,53.0
5735,211,False,9,819.0,54.0
5736,211,False,10,214.0,55.0
5737,211,False,11,171.0,56.0
5738,211,False,12,562.0,57.0
5739,211,False,13,256.0,58.0
5740,211,True,-14,37.0,31.0
5741,211,True,-13,165.0,32.0
5742,211,True,-12,44.0,33.0
5743,211,True,-11,57.0,34.0
5744,211,True,-10,48.0,35.0
5745,211,True,-9,112.0,36.0
5746,211,True,-8,32.0,37.0
5747,211,True,-7,48.0,38.0
5748,211,True,-6,56.0,39.0
5749,211,True,-5,19.0,40.0
5750,211,True,-4,69.0,41.0
5751,211,True,-3,124.0,42.0
5752,211,True,-2,60.0,43.0
5753,211,True,-1,80.0,44.0
5754,211,True,0,105.0,45.0
5755,211,True,1,89.0,46.0
5756,211,True,2,19.0,47.0
5757,211,True,3,19.0,48.0
5758,211,True,4,69.0,49.0
5759,211,True,5,334.0,50.0
5760,211,True,6,48.0,51.0
5761,211,True,7,21.0,52.0
5762,211,True,8,295.0,53.0
5763,211,True,9,77.0,54.0
5764,211,True,10,13.0,55.0
5765,211,True,11,14.0,56.0
5766,211,True,12,33.0,57.0
5767,211,True,13,17.0,58.0
5768,214,False,-14,1.0,223.0
5769,214,False,-13,1.0,224.0
5770,214,False,-12,2.0,225.0
5771,214,False,-11,2.0,226.0
5772,214,False,-10,3.0,227.0
5773,214,False,-9,0.0,228.0
5774,214,False,-8,2.0,229.0
5775,214,False,-7,3.0,230.0
5776,214,False,-6,2.0,231.0
5777,214,False,-5,1.0,232.0
5778,214,False,-4,2.0,233.0
5779,214,False,-3,3.0,234.0
5780,214,False,-2,2.0,235.0
5781,214,False,-1,0.0,236.0
5782,214,False,0,2.0,237.0
5783,214,False,1,0.0,238.0
5784,214,False,2,0.0,239.0
5785,214,False,3,2.0,240.0
5786,214,False,4,2.0,241.0
5787,214,False,5,3.0,242.0
5788,214,False,6,3.0,243.0
5789,214,False,7,4.0,244.0
5790,214,False,8,0.0,245.0
5791,214,False,9,1.0,246.0
5792,214,False,10,2.0,247.0
5793,214,False,11,1.0,248.0
5794,214,False,12,2.0,249.0
5795,214,False,13,0.0,250.0
5796,214,True,-14,0.0,223.0
5797,214,True,-13,7.0,224.0
5798,214,True,-12,1.0,225.0
5799,214,True,-11,2.0,226.0
5800,214,True,-10,3.0,227.0
5801,214,True,-9,1.0,228.0
5802,214,True,-8,1.0,229.0
5803,214,True,-7,0.0,230.0
5804,214,True,-6,0.0,231.0
5805,214,True,-5,1.0,232.0
5806,214,True,-4,3.0,233.0
5807,214,True,-3,2.0,234.0
5808,214,True,-2,0.0,235.0
5809,214,True,-1,1.0,236.0
5810,214,True,0,3.0,237.0
5811,214,True,1,2.0,238.0
5812,214,True,2,0.0,239.0
5813,214,True,3,1.0,240.0
5814,214,True,4,1.0,241.0
5815,214,True,5,0.0,242.0
5816,214,True,6,1.0,243.0
5817,214,True,7,0.0,244.0
5818,214,True,8,3.0,245.0
5819,214,True,9,1.0,246.0
5820,214,True,10,2.0,247.0
5821,214,True,11,3.0,248.0
5822,214,True,12,3.0,249.0
5823,214,True,13,4.0,250.0
5824,215,False,-14,0.0,-4.0
5825,215,False,-13,0.0,-3.0
5826,215,False,-12,0.0,-2.0
5827,215,False,-11,0.0,-1.0
5828,215,False,-10,0.0,0.0
5829,215,False,-9,0.0,1.0
5830,215,False,-8,0.0,2.0
5831,215,False,-7,0.0,3.0
5832,215,False,-6,0.0,4.0
5833,215,False,-5,0.0,5.0
5834,215,False,-4,6.0,6.0
5835,215,False,-3,6.0,7.0
5836,215,False,-2,11.0,8.0
5837,215,False,-1,6.0,9.0
5838,215,False,0,101.0,10.0
5839,215,False,1,72.0,11.0
5840,215,False,2,57.0,12.0
5841,215,False,3,42.0,13.0
5842,215,False,4,35.0,14.0
5843,215,False,5,53.0,15.0
5844,215,False,6,30.0,16.0
5845,215,False,7,46.0,17.0
5846,215,False,8,49.0,18.0
5847,215,False,9,18.0,19.0
5848,215,False,10,18.0,20.0
5849,215,False,11,23.0,21.0
5850,215,False,12,21.0,22.0
5851,215,False,13,17.0,23.0
5852,215,True,-14,0.0,-4.0
5853,215,True,-13,0.0,-3.0
5854,215,True,-12,0.0,-2.0
5855,215,True,-11,0.0,-1.0
5856,215,True,-10,0.0,0.0
5857,215,True,-9,0.0,1.0
5858,215,True,-8,0.0,2.0
5859,215,True,-7,0.0,3.0
5860,215,True,-6,0.0,4.0
5861,215,True,-5,0.0,5.0
5862,215,True,-4,0.0,6.0
5863,215,True,-3,3.0,7.0
5864,215,True,-2,1.0,8.0
5865,215,True,-1,4.0,9.0
5866,215,True,0,126.0,10.0
5867,215,True,1,24.0,11.0
5868,215,True,2,8.0,12.0
5869,215,True,3,11.0,13.0
5870,215,True,4,5.0,14.0
5871,215,True,5,7.0,15.0
5872,215,True,6,5.0,16.0
5873,215,True,7,7.0,17.0
5874,215,True,8,2.0,18.0
5875,215,True,9,5.0,19.0
5876,215,True,10,3.0,20.0
5877,215,True,11,1.0,21.0
5878,215,True,12,9.0,22.0
5879,215,True,13,3.0,23.0
5880,217,False,-14,0.0,209.0
5881,217,False,-13,1.0,210.0
5882,217,False,-12,1.0,211.0
5883,217,False,-11,0.0,212.0
5884,217,False,-10,0.0,213.0
5885,217,False,-9,0.0,214.0
5886,217,False,-8,1.0,215.0
5887,217,False,-7,0.0,216.0
5888,217,False,-6,0.0,217.0
5889,217,False,-5,0.0,218.0
5890,217,False,-4,0.0,219.0
5891,217,False,-3,0.0,220.0
5892,217,False,-2,0.0,221.0
5893,217,False,-1,0.0,222.0
5894,217,False,0,0.0,223.0
5895,217,False,1,0.0,224.0
5896,217,False,2,0.0,225.0
5897,217,False,3,1.0,226.0
5898,217,False,4,0.0,227.0
5899,217,False,5,0.0,228.0
5900,217,False,6,0.0,229.0
5901,217,False,7,1.0,230.0
5902,217,False,8,0.0,231.0
5903,217,False,9,0.0,232.0
5904,217,False,10,1.0,233.0
5905,217,False,11,0.0,234.0
5906,217,False,12,0.0,235.0
5907,217,False,13,0.0,236.0
5908,217,True,-14,0.0,209.0
5909,217,True,-13,1.0,210.0
5910,217,True,-12,0.0,211.0
5911,217,True,-11,0.0,212.0
5912,217,True,-10,0.0,213.0
5913,217,True,-9,0.0,214.0
5914,217,True,-8,0.0,215.0
5915,217,True,-7,0.0,216.0
5916,217,True,-6,0.0,217.0
5917,217,True,-5,0.0,218.0
5918,217,True,-4,0.0,219.0
5919,217,True,-3,0.0,220.0
5920,217,True,-2,0.0,221.0
5921,217,True,-1,1.0,222.0
5922,217,True,0,0.0,223.0
5923,217,True,1,0.0,224.0
5924,217,True,2,0.0,225.0
5925,217,True,3,1.0,226.0
5926,217,True,4,1.0,227.0
5927,217,True,5,0.0,228.0
5928,217,True,6,0.0,229.0
5929,217,True,7,0.0,230.0
5930,217,True,8,0.0,231.0
5931,217,True,9,0.0,232.0
5932,217,True,10,0.0,233.0
5933,217,True,11,0.0,234.0
5934,217,True,12,0.0,235.0
5935,217,True,13,0.0,236.0
5936,219,False,-14,0.0,18.0
5937,219,False,-13,0.0,19.0
5938,219,False,-12,1.0,20.0
5939,219,False,-11,34.0,21.0
5940,219,False,-10,7.0,22.0
5941,219,False,-9,4.0,23.0
5942,219,False,-8,1.0,24.0
5943,219,False,-7,3.0,25.0
5944,219,False,-6,2.0,26.0
5945,219,False,-5,0.0,27.0
5946,219,False,-4,3.0,28.0
5947,219,False,-3,2.0,29.0
5948,219,False,-2,3.0,30.0
5949,219,False,-1,2.0,31.0
5950,219,False,0,3.0,32.0
5951,219,False,1,4.0,33.0
5952,219,False,2,3.0,34.0
5953,219,False,3,2.0,35.0
5954,219,False,4,1.0,36.0
5955,219,False,5,1.0,37.0
5956,219,False,6,12.0,38.0
5957,219,False,7,7.0,39.0
5958,219,False,8,3.0,40.0
5959,219,False,9,0.0,41.0
5960,219,False,10,1.0,42.0
5961,219,False,11,1.0,43.0
5962,219,False,12,2.0,44.0
5963,219,False,13,0.0,45.0
5964,219,True,-14,1.0,18.0
5965,219,True,-13,0.0,19.0
5966,219,True,-12,0.0,20.0
5967,219,True,-11,6.0,21.0
5968,219,True,-10,3.0,22.0
5969,219,True,-9,3.0,23.0
5970,219,True,-8,1.0,24.0
5971,219,True,-7,2.0,25.0
5972,219,True,-6,0.0,26.0
5973,219,True,-5,2.0,27.0
5974,219,True,-4,0.0,28.0
5975,219,True,-3,1.0,29.0
5976,219,True,-2,0.0,30.0
5977,219,True,-1,0.0,31.0
5978,219,True,0,1.0,32.0
5979,219,True,1,2.0,33.0
5980,219,True,2,0.0,34.0
5981,219,True,3,1.0,35.0
5982,219,True,4,1.0,36.0
5983,219,True,5,0.0,37.0
5984,219,True,6,5.0,38.0
5985,219,True,7,1.0,39.0
5986,219,True,8,0.0,40.0
5987,219,True,9,1.0,41.0
5988,219,True,10,1.0,42.0
5989,219,True,11,1.0,43.0
5990,219,True,12,1.0,44.0
5991,219,True,13,1.0,45.0
5992,221,False,-14,0.0,235.0
5993,221,False,-13,0.0,236.0
5994,221,False,-12,0.0,237.0
5995,221,False,-11,0.0,238.0
5996,221,False,-10,0.0,239.0
5997,221,False,-9,0.0,240.0
5998,221,False,-8,0.0,241.0
5999,221,False,-7,0.0,242.0
6000,221,False,-6,0.0,243.0
6001,221,False,-5,0.0,244.0
6002,221,False,-4,0.0,245.0
6003,221,False,-3,1.0,246.0
6004,221,False,-2,0.0,247.0
6005,221,False,-1,0.0,248.0
6006,221,False,0,0.0,249.0
6007,221,False,1,0.0,250.0
6008,221,False,2,0.0,251.0
6009,221,False,3,0.0,252.0
6010,221,False,4,0.0,253.0
6011,221,False,5,0.0,254.0
6012,221,False,6,0.0,255.0
6013,221,False,7,0.0,256.0
6014,221,False,8,0.0,257.0
6015,221,False,9,0.0,258.0
6016,221,False,10,0.0,259.0
6017,221,False,11,0.0,260.0
6018,221,False,12,0.0,261.0
6019,221,False,13,0.0,262.0
6020,221,True,-14,0.0,235.0
6021,221,True,-13,0.0,236.0
6022,221,True,-12,0.0,237.0
6023,221,True,-11,0.0,238.0
6024,221,True,-10,0.0,239.0
6025,221,True,-9,0.0,240.0
6026,221,True,-8,0.0,241.0
6027,221,True,-7,0.0,242.0
6028,221,True,-6,0.0,243.0
6029,221,True,-5,0.0,244.0
6030,221,True,-4,0.0,245.0
6031,221,True,-3,0.0,246.0
6032,221,True,-2,0.0,247.0
6033,221,True,-1,0.0,248.0
6034,221,True,0,0.0,249.0
6035,221,True,1,0.0,250.0
6036,221,True,2,0.0,251.0
6037,221,True,3,0.0,252.0
6038,221,True,4,0.0,253.0
6039,221,True,5,0.0,254.0
6040,221,True,6,0.0,255.0
6041,221,True,7,0.0,256.0
6042,221,True,8,0.0,257.0
6043,221,True,9,0.0,258.0
6044,221,True,10,0.0,259.0
6045,221,True,11,0.0,260.0
6046,221,True,12,0.0,261.0
6047,221,True,13,0.0,262.0
6048,224,False,-14,0.0,125.0
6049,224,False,-13,0.0,126.0
6050,224,False,-12,0.0,127.0
6051,224,False,-11,2.0,128.0
6052,224,False,-10,0.0,129.0
6053,224,False,-9,3.0,130.0
6054,224,False,-8,0.0,131.0
6055,224,False,-7,1.0,132.0
6056,224,False,-6,2.0,133.0
6057,224,False,-5,1.0,134.0
6058,224,False,-4,2.0,135.0
6059,224,False,-3,1.0,136.0
6060,224,False,-2,1.0,137.0
6061,224,False,-1,0.0,138.0
6062,224,False,0,0.0,139.0
6063,224,False,1,0.0,140.0
6064,224,False,2,3.0,141.0
6065,224,False,3,1.0,142.0
6066,224,False,4,1.0,143.0
6067,224,False,5,0.0,144.0
6068,224,False,6,2.0,145.0
6069,224,False,7,1.0,146.0
6070,224,False,8,1.0,147.0
6071,224,False,9,0.0,148.0
6072,224,False,10,0.0,149.0
6073,224,False,11,3.0,150.0
6074,224,False,12,1.0,151.0
6075,224,False,13,2.0,152.0
6076,224,True,-14,0.0,125.0
6077,224,True,-13,1.0,126.0
6078,224,True,-12,0.0,127.0
6079,224,True,-11,0.0,128.0
6080,224,True,-10,2.0,129.0
6081,224,True,-9,0.0,130.0
6082,224,True,-8,0.0,131.0
6083,224,True,-7,1.0,132.0
6084,224,True,-6,0.0,133.0
6085,224,True,-5,0.0,134.0
6086,224,True,-4,0.0,135.0
6087,224,True,-3,0.0,136.0
6088,224,True,-2,0.0,137.0
6089,224,True,-1,0.0,138.0
6090,224,True,0,1.0,139.0
6091,224,True,1,0.0,140.0
6092,224,True,2,0.0,141.0
6093,224,True,3,0.0,142.0
6094,224,True,4,0.0,143.0
6095,224,True,5,0.0,144.0
6096,224,True,6,0.0,145.0
6097,224,True,7,0.0,146.0
6098,224,True,8,0.0,147.0
6099,224,True,9,1.0,148.0
6100,224,True,10,1.0,149.0
6101,224,True,11,0.0,150.0
6102,224,True,12,1.0,151.0
6103,224,True,13,0.0,152.0
6104,229,False,-14,0.0,-6.0
6105,229,False,-13,0.0,-5.0
6106,229,False,-12,0.0,-4.0
6107,229,False,-11,0.0,-3.0
6108,229,False,-10,5.0,-2.0
6109,229,False,-9,1.0,-1.0
6110,229,False,-8,19.0,0.0
6111,229,False,-7,10.0,1.0
6112,229,False,-6,21.0,2.0
6113,229,False,-5,14.0,3.0
6114,229,False,-4,53.0,4.0
6115,229,False,-3,104.0,5.0
6116,229,False,-2,42.0,6.0
6117,229,False,-1,6.0,7.0
6118,229,False,0,18.0,8.0
6119,229,False,1,32.0,9.0
6120,229,False,2,14.0,10.0
6121,229,False,3,10.0,11.0
6122,229,False,4,39.0,12.0
6123,229,False,5,9.0,13.0
6124,229,False,6,12.0,14.0
6125,229,False,7,9.0,15.0
6126,229,False,8,5.0,16.0
6127,229,False,9,5.0,17.0
6128,229,False,10,17.0,18.0
6129,229,False,11,1.0,19.0
6130,229,False,12,1.0,20.0
6131,229,False,13,4.0,21.0
6132,229,True,-14,0.0,-6.0
6133,229,True,-13,0.0,-5.0
6134,229,True,-12,0.0,-4.0
6135,229,True,-11,0.0,-3.0
6136,229,True,-10,0.0,-2.0
6137,229,True,-9,0.0,-1.0
6138,229,True,-8,0.0,0.0
6139,229,True,-7,0.0,1.0
6140,229,True,-6,0.0,2.0
6141,229,True,-5,2.0,3.0
6142,229,True,-4,0.0,4.0
6143,229,True,-3,0.0,5.0
6144,229,True,-2,2.0,6.0
6145,229,True,-1,0.0,7.0
6146,229,True,0,12.0,8.0
6147,229,True,1,1.0,9.0
6148,229,True,2,1.0,10.0
6149,229,True,3,0.0,11.0
6150,229,True,4,0.0,12.0
6151,229,True,5,0.0,13.0
6152,229,True,6,0.0,14.0
6153,229,True,7,0.0,15.0
6154,229,True,8,0.0,16.0
6155,229,True,9,0.0,17.0
6156,229,True,10,0.0,18.0
6157,229,True,11,0.0,19.0
6158,229,True,12,0.0,20.0
6159,229,True,13,0.0,21.0
6160,235,False,-14,0.0,237.0
6161,235,False,-13,0.0,238.0
6162,235,False,-12,0.0,239.0
6163,235,False,-11,0.0,240.0
6164,235,False,-10,0.0,241.0
6165,235,False,-9,0.0,242.0
6166,235,False,-8,0.0,243.0
6167,235,False,-7,0.0,244.0
6168,235,False,-6,0.0,245.0
6169,235,False,-5,0.0,246.0
6170,235,False,-4,0.0,247.0
6171,235,False,-3,1.0,248.0
6172,235,False,-2,1.0,249.0
6173,235,False,-1,0.0,250.0
6174,235,False,0,0.0,251.0
6175,235,False,1,0.0,252.0
6176,235,False,2,0.0,253.0
6177,235,False,3,0.0,254.0
6178,235,False,4,0.0,255.0
6179,235,False,5,0.0,256.0
6180,235,False,6,0.0,257.0
6181,235,False,7,0.0,258.0
6182,235,False,8,0.0,259.0
6183,235,False,9,0.0,260.0
6184,235,False,10,0.0,261.0
6185,235,False,11,0.0,262.0
6186,235,False,12,0.0,263.0
6187,235,False,13,0.0,264.0
6188,235,True,-14,0.0,237.0
6189,235,True,-13,0.0,238.0
6190,235,True,-12,0.0,239.0
6191,235,True,-11,0.0,240.0
6192,235,True,-10,0.0,241.0
6193,235,True,-9,0.0,242.0
6194,235,True,-8,0.0,243.0
6195,235,True,-7,0.0,244.0
6196,235,True,-6,0.0,245.0
6197,235,True,-5,0.0,246.0
6198,235,True,-4,0.0,247.0
6199,235,True,-3,0.0,248.0
6200,235,True,-2,0.0,249.0
6201,235,True,-1,0.0,250.0
6202,235,True,0,0.0,251.0
6203,235,True,1,1.0,252.0
6204,235,True,2,0.0,253.0
6205,235,True,3,0.0,254.0
6206,235,True,4,0.0,255.0
6207,235,True,5,0.0,256.0
6208,235,True,6,0.0,257.0
6209,235,True,7,0.0,258.0
6210,235,True,8,0.0,259.0
6211,235,True,9,0.0,260.0
6212,235,True,10,0.0,261.0
6213,235,True,11,0.0,262.0
6214,235,True,12,0.0,263.0
6215,235,True,13,0.0,264.0
6216,236,False,-14,0.0,64.0
6217,236,False,-13,0.0,65.0
6218,236,False,-12,0.0,66.0
6219,236,False,-11,0.0,67.0
6220,236,False,-10,0.0,68.0
6221,236,False,-9,0.0,69.0
6222,236,False,-8,9.0,70.0
6223,236,False,-7,1.0,71.0
6224,236,False,-6,0.0,72.0
6225,236,False,-5,2.0,73.0
6226,236,False,-4,1.0,74.0
6227,236,False,-3,0.0,75.0
6228,236,False,-2,2.0,76.0
6229,236,False,-1,0.0,77.0
6230,236,False,0,1.0,78.0
6231,236,False,1,1.0,79.0
6232,236,False,2,0.0,80.0
6233,236,False,3,0.0,81.0
6234,236,False,4,1.0,82.0
6235,236,False,5,1.0,83.0
6236,236,False,6,3.0,84.0
6237,236,False,7,0.0,85.0
6238,236,False,8,0.0,86.0
6239,236,False,9,0.0,87.0
6240,236,False,10,0.0,88.0
6241,236,False,11,0.0,89.0
6242,236,False,12,0.0,90.0
6243,236,False,13,1.0,91.0
6244,236,True,-14,0.0,64.0
6245,236,True,-13,0.0,65.0
6246,236,True,-12,0.0,66.0
6247,236,True,-11,0.0,67.0
6248,236,True,-10,0.0,68.0
6249,236,True,-9,0.0,69.0
6250,236,True,-8,0.0,70.0
6251,236,True,-7,1.0,71.0
6252,236,True,-6,1.0,72.0
6253,236,True,-5,0.0,73.0
6254,236,True,-4,1.0,74.0
6255,236,True,-3,0.0,75.0
6256,236,True,-2,0.0,76.0
6257,236,True,-1,1.0,77.0
6258,236,True,0,3.0,78.0
6259,236,True,1,1.0,79.0
6260,236,True,2,0.0,80.0
6261,236,True,3,1.0,81.0
6262,236,True,4,1.0,82.0
6263,236,True,5,1.0,83.0
6264,236,True,6,0.0,84.0
6265,236,True,7,0.0,85.0
6266,236,True,8,0.0,86.0
6267,236,True,9,0.0,87.0
6268,236,True,10,0.0,88.0
6269,236,True,11,0.0,89.0
6270,236,True,12,0.0,90.0
6271,236,True,13,0.0,91.0
6272,237,False,-14,0.0,-9.0
6273,237,False,-13,0.0,-8.0
6274,237,False,-12,0.0,-7.0
6275,237,False,-11,0.0,-6.0
6276,237,False,-10,0.0,-5.0
6277,237,False,-9,0.0,-4.0
6278,237,False,-8,1.0,-3.0
6279,237,False,-7,0.0,-2.0
6280,237,False,-6,0.0,-1.0
6281,237,False,-5,0.0,0.0
6282,237,False,-4,3.0,1.0
6283,237,False,-3,3.0,2.0
6284,237,False,-2,0.0,3.0
6285,237,False,-1,4.0,4.0
6286,237,False,0,6.0,5.0
6287,237,False,1,9.0,6.0
6288,237,False,2,2.0,7.0
6289,237,False,3,1.0,8.0
6290,237,False,4,7.0,9.0
6291,237,False,5,5.0,10.0
6292,237,False,6,2.0,11.0
6293,237,False,7,3.0,12.0
6294,237,False,8,9.0,13.0
6295,237,False,9,11.0,14.0
6296,237,False,10,10.0,15.0
6297,237,False,11,2.0,16.0
6298,237,False,12,2.0,17.0
6299,237,False,13,2.0,18.0
6300,237,True,-14,0.0,-9.0
6301,237,True,-13,0.0,-8.0
6302,237,True,-12,0.0,-7.0
6303,237,True,-11,0.0,-6.0
6304,237,True,-10,0.0,-5.0
6305,237,True,-9,0.0,-4.0
6306,237,True,-8,0.0,-3.0
6307,237,True,-7,0.0,-2.0
6308,237,True,-6,0.0,-1.0
6309,237,True,-5,0.0,0.0
6310,237,True,-4,0.0,1.0
6311,237,True,-3,0.0,2.0
6312,237,True,-2,0.0,3.0
6313,237,True,-1,0.0,4.0
6314,237,True,0,5.0,5.0
6315,237,True,1,0.0,6.0
6316,237,True,2,0.0,7.0
6317,237,True,3,1.0,8.0
6318,237,True,4,0.0,9.0
6319,237,True,5,0.0,10.0
6320,237,True,6,0.0,11.0
6321,237,True,7,0.0,12.0
6322,237,True,8,0.0,13.0
6323,237,True,9,0.0,14.0
6324,237,True,10,0.0,15.0
6325,237,True,11,0.0,16.0
6326,237,True,12,0.0,17.0
6327,237,True,13,0.0,18.0
6328,239,False,-14,302.0,37.0
6329,239,False,-13,303.0,38.0
6330,239,False,-12,368.0,39.0
6331,239,False,-11,261.0,40.0
6332,239,False,-10,1042.0,41.0
6333,239,False,-9,742.0,42.0
6334,239,False,-8,388.0,43.0
6335,239,False,-7,161.0,44.0
6336,239,False,-6,160.0,45.0
6337,239,False,-5,130.0,46.0
6338,239,False,-4,155.0,47.0
6339,239,False,-3,96.0,48.0
6340,239,False,-2,156.0,49.0
6341,239,False,-1,453.0,50.0
6342,239,False,0,455.0,51.0
6343,239,False,1,408.0,52.0
6344,239,False,2,244.0,53.0
6345,239,False,3,118.0,54.0
6346,239,False,4,221.0,55.0
6347,239,False,5,562.0,56.0
6348,239,False,6,229.0,57.0
6349,239,False,7,505.0,58.0
6350,239,False,8,1159.0,59.0
6351,239,False,9,189.0,60.0
6352,239,False,10,113.0,61.0
6353,239,False,11,89.0,62.0
6354,239,False,12,330.0,63.0
6355,239,False,13,341.0,64.0
6356,239,True,-14,113.0,37.0
6357,239,True,-13,129.0,38.0
6358,239,True,-12,163.0,39.0
6359,239,True,-11,92.0,40.0
6360,239,True,-10,434.0,41.0
6361,239,True,-9,278.0,42.0
6362,239,True,-8,106.0,43.0
6363,239,True,-7,55.0,44.0
6364,239,True,-6,64.0,45.0
6365,239,True,-5,54.0,46.0
6366,239,True,-4,54.0,47.0
6367,239,True,-3,30.0,48.0
6368,239,True,-2,41.0,49.0
6369,239,True,-1,223.0,50.0
6370,239,True,0,166.0,51.0
6371,239,True,1,171.0,52.0
6372,239,True,2,85.0,53.0
6373,239,True,3,43.0,54.0
6374,239,True,4,78.0,55.0
6375,239,True,5,210.0,56.0
6376,239,True,6,56.0,57.0
6377,239,True,7,162.0,58.0
6378,239,True,8,313.0,59.0
6379,239,True,9,46.0,60.0
6380,239,True,10,20.0,61.0
6381,239,True,11,12.0,62.0
6382,239,True,12,77.0,63.0
6383,239,True,13,57.0,64.0
6384,240,False,-14,0.0,278.0
6385,240,False,-13,1.0,279.0
6386,240,False,-12,0.0,280.0
6387,240,False,-11,1.0,281.0
6388,240,False,-10,2.0,282.0
6389,240,False,-9,0.0,283.0
6390,240,False,-8,4.0,284.0
6391,240,False,-7,0.0,285.0
6392,240,False,-6,0.0,286.0
6393,240,False,-5,4.0,287.0
6394,240,False,-4,0.0,288.0
6395,240,False,-3,3.0,289.0
6396,240,False,-2,1.0,290.0
6397,240,False,-1,3.0,291.0
6398,240,False,0,2.0,292.0
6399,240,False,1,1.0,293.0
6400,240,False,2,1.0,294.0
6401,240,False,3,0.0,295.0
6402,240,False,4,4.0,296.0
6403,240,False,5,0.0,297.0
6404,240,False,6,2.0,298.0
6405,240,False,7,1.0,299.0
6406,240,False,8,2.0,300.0
6407,240,False,9,2.0,301.0
6408,240,False,10,0.0,302.0
6409,240,False,11,1.0,303.0
6410,240,False,12,1.0,304.0
6411,240,False,13,0.0,305.0
6412,240,True,-14,1.0,278.0
6413,240,True,-13,1.0,279.0
6414,240,True,-12,0.0,280.0
6415,240,True,-11,0.0,281.0
6416,240,True,-10,0.0,282.0
6417,240,True,-9,0.0,283.0
6418,240,True,-8,0.0,284.0
6419,240,True,-7,1.0,285.0
6420,240,True,-6,2.0,286.0
6421,240,True,-5,2.0,287.0
6422,240,True,-4,0.0,288.0
6423,240,True,-3,0.0,289.0
6424,240,True,-2,1.0,290.0
6425,240,True,-1,0.0,291.0
6426,240,True,0,2.0,292.0
6427,240,True,1,2.0,293.0
6428,240,True,2,1.0,294.0
6429,240,True,3,1.0,295.0
6430,240,True,4,2.0,296.0
6431,240,True,5,0.0,297.0
6432,240,True,6,2.0,298.0
6433,240,True,7,0.0,299.0
6434,240,True,8,1.0,300.0
6435,240,True,9,1.0,301.0
6436,240,True,10,0.0,302.0
6437,240,True,11,0.0,303.0
6438,240,True,12,1.0,304.0
6439,240,True,13,0.0,305.0
6440,245,False,-14,1509.0,152.0
6441,245,False,-13,2128.0,153.0
6442,245,False,-12,1142.0,154.0
6443,245,False,-11,620.0,155.0
6444,245,False,-10,414.0,156.0
6445,245,False,-9,686.0,157.0
6446,245,False,-8,426.0,158.0
6447,245,False,-7,381.0,159.0
6448,245,False,-6,193.0,160.0
6449,245,False,-5,1397.0,161.0
6450,245,False,-4,729.0,162.0
6451,245,False,-3,319.0,163.0
6452,245,False,-2,966.0,164.0
6453,245,False,-1,933.0,165.0
6454,245,False,0,983.0,166.0
6455,245,False,1,446.0,167.0
6456,245,False,2,491.0,168.0
6457,245,False,3,286.0,169.0
6458,245,False,4,341.0,170.0
6459,245,False,5,447.0,171.0
6460,245,False,6,398.0,172.0
6461,245,False,7,149.0,173.0
6462,245,False,8,167.0,174.0
6463,245,False,9,73.0,175.0
6464,245,False,10,162.0,176.0
6465,245,False,11,408.0,177.0
6466,245,False,12,429.0,178.0
6467,245,False,13,191.0,179.0
6468,245,True,-14,365.0,152.0
6469,245,True,-13,871.0,153.0
6470,245,True,-12,383.0,154.0
6471,245,True,-11,150.0,155.0
6472,245,True,-10,113.0,156.0
6473,245,True,-9,195.0,157.0
6474,245,True,-8,132.0,158.0
6475,245,True,-7,95.0,159.0
6476,245,True,-6,57.0,160.0
6477,245,True,-5,281.0,161.0
6478,245,True,-4,168.0,162.0
6479,245,True,-3,100.0,163.0
6480,245,True,-2,237.0,164.0
6481,245,True,-1,206.0,165.0
6482,245,True,0,439.0,166.0
6483,245,True,1,120.0,167.0
6484,245,True,2,187.0,168.0
6485,245,True,3,74.0,169.0
6486,245,True,4,84.0,170.0
6487,245,True,5,79.0,171.0
6488,245,True,6,120.0,172.0
6489,245,True,7,34.0,173.0
6490,245,True,8,62.0,174.0
6491,245,True,9,33.0,175.0
6492,245,True,10,21.0,176.0
6493,245,True,11,123.0,177.0
6494,245,True,12,104.0,178.0
6495,245,True,13,51.0,179.0
6496,247,False,-14,0.0,236.0
6497,247,False,-13,0.0,237.0
6498,247,False,-12,0.0,238.0
6499,247,False,-11,0.0,239.0
6500,247,False,-10,0.0,240.0
6501,247,False,-9,1.0,241.0
6502,247,False,-8,0.0,242.0
6503,247,False,-7,0.0,243.0
6504,247,False,-6,0.0,244.0
6505,247,False,-5,0.0,245.0
6506,247,False,-4,0.0,246.0
6507,247,False,-3,0.0,247.0
6508,247,False,-2,1.0,248.0
6509,247,False,-1,1.0,249.0
6510,247,False,0,0.0,250.0
6511,247,False,1,0.0,251.0
6512,247,False,2,1.0,252.0
6513,247,False,3,1.0,253.0
6514,247,False,4,1.0,254.0
6515,247,False,5,0.0,255.0
6516,247,False,6,1.0,256.0
6517,247,False,7,0.0,257.0
6518,247,False,8,0.0,258.0
6519,247,False,9,0.0,259.0
6520,247,False,10,1.0,260.0
6521,247,False,11,0.0,261.0
6522,247,False,12,0.0,262.0
6523,247,False,13,0.0,263.0
6524,247,True,-14,0.0,236.0
6525,247,True,-13,0.0,237.0
6526,247,True,-12,0.0,238.0
6527,247,True,-11,0.0,239.0
6528,247,True,-10,0.0,240.0
6529,247,True,-9,0.0,241.0
6530,247,True,-8,0.0,242.0
6531,247,True,-7,0.0,243.0
6532,247,True,-6,0.0,244.0
6533,247,True,-5,0.0,245.0
6534,247,True,-4,0.0,246.0
6535,247,True,-3,0.0,247.0
6536,247,True,-2,0.0,248.0
6537,247,True,-1,0.0,249.0
6538,247,True,0,0.0,250.0
6539,247,True,1,0.0,251.0
6540,247,True,2,0.0,252.0
6541,247,True,3,0.0,253.0
6542,247,True,4,0.0,254.0
6543,247,True,5,1.0,255.0
6544,247,True,6,0.0,256.0
6545,247,True,7,0.0,257.0
6546,247,True,8,0.0,258.0
6547,247,True,9,0.0,259.0
6548,247,True,10,0.0,260.0
6549,247,True,11,0.0,261.0
6550,247,True,12,0.0,262.0
6551,247,True,13,1.0,263.0
6552,249,False,-14,0.0,39.0
6553,249,False,-13,1.0,40.0
6554,249,False,-12,1.0,41.0
6555,249,False,-11,0.0,42.0
6556,249,False,-10,0.0,43.0
6557,249,False,-9,0.0,44.0
6558,249,False,-8,0.0,45.0
6559,249,False,-7,0.0,46.0
6560,249,False,-6,0.0,47.0
6561,249,False,-5,1.0,48.0
6562,249,False,-4,4.0,49.0
6563,249,False,-3,0.0,50.0
6564,249,False,-2,0.0,51.0
6565,249,False,-1,1.0,52.0
6566,249,False,0,1.0,53.0
6567,249,False,1,0.0,54.0
6568,249,False,2,0.0,55.0
6569,249,False,3,0.0,56.0
6570,249,False,4,0.0,57.0
6571,249,False,5,0.0,58.0
6572,249,False,6,0.0,59.0
6573,249,False,7,0.0,60.0
6574,249,False,8,0.0,61.0
6575,249,False,9,1.0,62.0
6576,249,False,10,0.0,63.0
6577,249,False,11,0.0,64.0
6578,249,False,12,0.0,65.0
6579,249,False,13,0.0,66.0
6580,249,True,-14,0.0,39.0
6581,249,True,-13,0.0,40.0
6582,249,True,-12,0.0,41.0
6583,249,True,-11,0.0,42.0
6584,249,True,-10,0.0,43.0
6585,249,True,-9,0.0,44.0
6586,249,True,-8,2.0,45.0
6587,249,True,-7,0.0,46.0
6588,249,True,-6,0.0,47.0
6589,249,True,-5,0.0,48.0
6590,249,True,-4,0.0,49.0
6591,249,True,-3,0.0,50.0
6592,249,True,-2,0.0,51.0
6593,249,True,-1,0.0,52.0
6594,249,True,0,1.0,53.0
6595,249,True,1,1.0,54.0
6596,249,True,2,0.0,55.0
6597,249,True,3,0.0,56.0
6598,249,True,4,0.0,57.0
6599,249,True,5,0.0,58.0
6600,249,True,6,0.0,59.0
6601,249,True,7,0.0,60.0
6602,249,True,8,0.0,61.0
6603,249,True,9,0.0,62.0
6604,249,True,10,0.0,63.0
6605,249,True,11,0.0,64.0
6606,249,True,12,0.0,65.0
6607,249,True,13,0.0,66.0
6608,252,False,-14,1.0,-14.0
6609,252,False,-13,0.0,-13.0
6610,252,False,-12,0.0,-12.0
6611,252,False,-11,1.0,-11.0
6612,252,False,-10,2.0,-10.0
6613,252,False,-9,1.0,-9.0
6614,252,False,-8,0.0,-8.0
6615,252,False,-7,0.0,-7.0
6616,252,False,-6,1.0,-6.0
6617,252,False,-5,1.0,-5.0
6618,252,False,-4,0.0,-4.0
6619,252,False,-3,2.0,-3.0
6620,252,False,-2,16.0,-2.0
6621,252,False,-1,9.0,-1.0
6622,252,False,0,57.0,0.0
6623,252,False,1,74.0,1.0
6624,252,False,2,64.0,2.0
6625,252,False,3,31.0,3.0
6626,252,False,4,41.0,4.0
6627,252,False,5,18.0,5.0
6628,252,False,6,23.0,6.0
6629,252,False,7,15.0,7.0
6630,252,False,8,24.0,8.0
6631,252,False,9,66.0,9.0
6632,252,False,10,14.0,10.0
6633,252,False,11,8.0,11.0
6634,252,False,12,5.0,12.0
6635,252,False,13,7.0,13.0
6636,252,True,-14,0.0,-14.0
6637,252,True,-13,0.0,-13.0
6638,252,True,-12,0.0,-12.0
6639,252,True,-11,0.0,-11.0
6640,252,True,-10,0.0,-10.0
6641,252,True,-9,0.0,-9.0
6642,252,True,-8,0.0,-8.0
6643,252,True,-7,0.0,-7.0
6644,252,True,-6,0.0,-6.0
6645,252,True,-5,0.0,-5.0
6646,252,True,-4,0.0,-4.0
6647,252,True,-3,0.0,-3.0
6648,252,True,-2,0.0,-2.0
6649,252,True,-1,1.0,-1.0
6650,252,True,0,4.0,0.0
6651,252,True,1,5.0,1.0
6652,252,True,2,5.0,2.0
6653,252,True,3,0.0,3.0
6654,252,True,4,1.0,4.0
6655,252,True,5,0.0,5.0
6656,252,True,6,1.0,6.0
6657,252,True,7,0.0,7.0
6658,252,True,8,0.0,8.0
6659,252,True,9,1.0,9.0
6660,252,True,10,0.0,10.0
6661,252,True,11,0.0,11.0
6662,252,True,12,0.0,12.0
6663,252,True,13,0.0,13.0
6664,255,False,-14,0.0,-5.0
6665,255,False,-13,0.0,-4.0
6666,255,False,-12,0.0,-3.0
6667,255,False,-11,0.0,-2.0
6668,255,False,-10,0.0,-1.0
6669,255,False,-9,0.0,0.0
6670,255,False,-8,0.0,1.0
6671,255,False,-7,0.0,2.0
6672,255,False,-6,0.0,3.0
6673,255,False,-5,0.0,4.0
6674,255,False,-4,2.0,5.0
6675,255,False,-3,4.0,6.0
6676,255,False,-2,5.0,7.0
6677,255,False,-1,8.0,8.0
6678,255,False,0,3.0,9.0
6679,255,False,1,4.0,10.0
6680,255,False,2,1.0,11.0
6681,255,False,3,4.0,12.0
6682,255,False,4,3.0,13.0
6683,255,False,5,1.0,14.0
6684,255,False,6,4.0,15.0
6685,255,False,7,4.0,16.0
6686,255,False,8,1.0,17.0
6687,255,False,9,0.0,18.0
6688,255,False,10,1.0,19.0
6689,255,False,11,2.0,20.0
6690,255,False,12,0.0,21.0
6691,255,False,13,1.0,22.0
6692,255,True,-14,0.0,-5.0
6693,255,True,-13,0.0,-4.0
6694,255,True,-12,0.0,-3.0
6695,255,True,-11,0.0,-2.0
6696,255,True,-10,0.0,-1.0
6697,255,True,-9,0.0,0.0
6698,255,True,-8,0.0,1.0
6699,255,True,-7,0.0,2.0
6700,255,True,-6,0.0,3.0
6701,255,True,-5,0.0,4.0
6702,255,True,-4,0.0,5.0
6703,255,True,-3,0.0,6.0
6704,255,True,-2,2.0,7.0
6705,255,True,-1,0.0,8.0
6706,255,True,0,4.0,9.0
6707,255,True,1,1.0,10.0
6708,255,True,2,1.0,11.0
6709,255,True,3,1.0,12.0
6710,255,True,4,1.0,13.0
6711,255,True,5,0.0,14.0
6712,255,True,6,0.0,15.0
6713,255,True,7,0.0,16.0
6714,255,True,8,0.0,17.0
6715,255,True,9,0.0,18.0
6716,255,True,10,0.0,19.0
6717,255,True,11,0.0,20.0
6718,255,True,12,0.0,21.0
6719,255,True,13,0.0,22.0
6720,257,False,-14,2083.0,41.0
6721,257,False,-13,1760.0,42.0
6722,257,False,-12,1870.0,43.0
6723,257,False,-11,1423.0,44.0
6724,257,False,-10,838.0,45.0
6725,257,False,-9,1000.0,46.0
6726,257,False,-8,1147.0,47.0
6727,257,False,-7,985.0,48.0
6728,257,False,-6,980.0,49.0
6729,257,False,-5,1007.0,50.0
6730,257,False,-4,921.0,51.0
6731,257,False,-3,448.0,52.0
6732,257,False,-2,671.0,53.0
6733,257,False,-1,796.0,54.0
6734,257,False,0,751.0,55.0
6735,257,False,1,519.0,56.0
6736,257,False,2,452.0,57.0
6737,257,False,3,611.0,58.0
6738,257,False,4,1521.0,59.0
6739,257,False,5,1910.0,60.0
6740,257,False,6,1278.0,61.0
6741,257,False,7,1389.0,62.0
6742,257,False,8,1546.0,63.0
6743,257,False,9,1768.0,64.0
6744,257,False,10,810.0,65.0
6745,257,False,11,482.0,66.0
6746,257,False,12,457.0,67.0
6747,257,False,13,393.0,68.0
6748,257,True,-14,184.0,41.0
6749,257,True,-13,180.0,42.0
6750,257,True,-12,168.0,43.0
6751,257,True,-11,109.0,44.0
6752,257,True,-10,62.0,45.0
6753,257,True,-9,80.0,46.0
6754,257,True,-8,106.0,47.0
6755,257,True,-7,83.0,48.0
6756,257,True,-6,88.0,49.0
6757,257,True,-5,93.0,50.0
6758,257,True,-4,98.0,51.0
6759,257,True,-3,52.0,52.0
6760,257,True,-2,54.0,53.0
6761,257,True,-1,61.0,54.0
6762,257,True,0,67.0,55.0
6763,257,True,1,55.0,56.0
6764,257,True,2,59.0,57.0
6765,257,True,3,75.0,58.0
6766,257,True,4,149.0,59.0
6767,257,True,5,147.0,60.0
6768,257,True,6,95.0,61.0
6769,257,True,7,108.0,62.0
6770,257,True,8,110.0,63.0
6771,257,True,9,119.0,64.0
6772,257,True,10,47.0,65.0
6773,257,True,11,36.0,66.0
6774,257,True,12,27.0,67.0
6775,257,True,13,20.0,68.0
6776,259,False,-14,2.0,-3.0
6777,259,False,-13,2.0,-2.0
6778,259,False,-12,0.0,-1.0
6779,259,False,-11,4.0,0.0
6780,259,False,-10,0.0,1.0
6781,259,False,-9,0.0,2.0
6782,259,False,-8,1.0,3.0
6783,259,False,-7,1.0,4.0
6784,259,False,-6,4.0,5.0
6785,259,False,-5,0.0,6.0
6786,259,False,-4,1.0,7.0
6787,259,False,-3,1.0,8.0
6788,259,False,-2,1.0,9.0
6789,259,False,-1,2.0,10.0
6790,259,False,0,1.0,11.0
6791,259,False,1,1.0,12.0
6792,259,False,2,1.0,13.0
6793,259,False,3,3.0,14.0
6794,259,False,4,3.0,15.0
6795,259,False,5,0.0,16.0
6796,259,False,6,1.0,17.0
6797,259,False,7,1.0,18.0
6798,259,False,8,1.0,19.0
6799,259,False,9,2.0,20.0
6800,259,False,10,3.0,21.0
6801,259,False,11,2.0,22.0
6802,259,False,12,5.0,23.0
6803,259,False,13,4.0,24.0
6804,259,True,-14,0.0,-3.0
6805,259,True,-13,0.0,-2.0
6806,259,True,-12,1.0,-1.0
6807,259,True,-11,0.0,0.0
6808,259,True,-10,0.0,1.0
6809,259,True,-9,0.0,2.0
6810,259,True,-8,0.0,3.0
6811,259,True,-7,0.0,4.0
6812,259,True,-6,0.0,5.0
6813,259,True,-5,0.0,6.0
6814,259,True,-4,0.0,7.0
6815,259,True,-3,0.0,8.0
6816,259,True,-2,0.0,9.0
6817,259,True,-1,0.0,10.0
6818,259,True,0,4.0,11.0
6819,259,True,1,2.0,12.0
6820,259,True,2,1.0,13.0
6821,259,True,3,0.0,14.0
6822,259,True,4,1.0,15.0
6823,259,True,5,0.0,16.0
6824,259,True,6,0.0,17.0
6825,259,True,7,1.0,18.0
6826,259,True,8,1.0,19.0
6827,259,True,9,0.0,20.0
6828,259,True,10,1.0,21.0
6829,259,True,11,0.0,22.0
6830,259,True,12,0.0,23.0
6831,259,True,13,0.0,24.0
6832,260,False,-14,1.0,141.0
6833,260,False,-13,0.0,142.0
6834,260,False,-12,0.0,143.0
6835,260,False,-11,1.0,144.0
6836,260,False,-10,1.0,145.0
6837,260,False,-9,0.0,146.0
6838,260,False,-8,0.0,147.0
6839,260,False,-7,0.0,148.0
6840,260,False,-6,0.0,149.0
6841,260,False,-5,1.0,150.0
6842,260,False,-4,2.0,151.0
6843,260,False,-3,3.0,152.0
6844,260,False,-2,0.0,153.0
6845,260,False,-1,3.0,154.0
6846,260,False,0,1.0,155.0
6847,260,False,1,0.0,156.0
6848,260,False,2,2.0,157.0
6849,260,False,3,1.0,158.0
6850,260,False,4,0.0,159.0
6851,260,False,5,10.0,160.0
6852,260,False,6,1.0,161.0
6853,260,False,7,0.0,162.0
6854,260,False,8,2.0,163.0
6855,260,False,9,1.0,164.0
6856,260,False,10,1.0,165.0
6857,260,False,11,1.0,166.0
6858,260,False,12,0.0,167.0
6859,260,False,13,0.0,168.0
6860,260,True,-14,1.0,141.0
6861,260,True,-13,0.0,142.0
6862,260,True,-12,1.0,143.0
6863,260,True,-11,0.0,144.0
6864,260,True,-10,0.0,145.0
6865,260,True,-9,0.0,146.0
6866,260,True,-8,0.0,147.0
6867,260,True,-7,0.0,148.0
6868,260,True,-6,1.0,149.0
6869,260,True,-5,1.0,150.0
6870,260,True,-4,0.0,151.0
6871,260,True,-3,2.0,152.0
6872,260,True,-2,0.0,153.0
6873,260,True,-1,0.0,154.0
6874,260,True,0,1.0,155.0
6875,260,True,1,0.0,156.0
6876,260,True,2,1.0,157.0
6877,260,True,3,1.0,158.0
6878,260,True,4,2.0,159.0
6879,260,True,5,4.0,160.0
6880,260,True,6,0.0,161.0
6881,260,True,7,0.0,162.0
6882,260,True,8,2.0,163.0
6883,260,True,9,0.0,164.0
6884,260,True,10,0.0,165.0
6885,260,True,11,0.0,166.0
6886,260,True,12,1.0,167.0
6887,260,True,13,0.0,168.0
6888,262,False,-14,29.0,81.0
6889,262,False,-13,42.0,82.0
6890,262,False,-12,12.0,83.0
6891,262,False,-11,10.0,84.0
6892,262,False,-10,25.0,85.0
6893,262,False,-9,14.0,86.0
6894,262,False,-8,9.0,87.0
6895,262,False,-7,6.0,88.0
6896,262,False,-6,30.0,89.0
6897,262,False,-5,25.0,90.0
6898,262,False,-4,41.0,91.0
6899,262,False,-3,30.0,92.0
6900,262,False,-2,25.0,93.0
6901,262,False,-1,150.0,94.0
6902,262,False,0,53.0,95.0
6903,262,False,1,18.0,96.0
6904,262,False,2,5.0,97.0
6905,262,False,3,6.0,98.0
6906,262,False,4,8.0,99.0
6907,262,False,5,8.0,100.0
6908,262,False,6,4.0,101.0
6909,262,False,7,7.0,102.0
6910,262,False,8,0.0,103.0
6911,262,False,9,3.0,104.0
6912,262,False,10,2.0,105.0
6913,262,False,11,2.0,106.0
6914,262,False,12,2.0,107.0
6915,262,False,13,2.0,108.0
6916,262,True,-14,24.0,81.0
6917,262,True,-13,14.0,82.0
6918,262,True,-12,4.0,83.0
6919,262,True,-11,3.0,84.0
6920,262,True,-10,16.0,85.0
6921,262,True,-9,7.0,86.0
6922,262,True,-8,6.0,87.0
6923,262,True,-7,1.0,88.0
6924,262,True,-6,7.0,89.0
6925,262,True,-5,13.0,90.0
6926,262,True,-4,18.0,91.0
6927,262,True,-3,13.0,92.0
6928,262,True,-2,13.0,93.0
6929,262,True,-1,101.0,94.0
6930,262,True,0,29.0,95.0
6931,262,True,1,7.0,96.0
6932,262,True,2,3.0,97.0
6933,262,True,3,2.0,98.0
6934,262,True,4,5.0,99.0
6935,262,True,5,3.0,100.0
6936,262,True,6,1.0,101.0
6937,262,True,7,1.0,102.0
6938,262,True,8,1.0,103.0
6939,262,True,9,1.0,104.0
6940,262,True,10,0.0,105.0
6941,262,True,11,0.0,106.0
6942,262,True,12,2.0,107.0
6943,262,True,13,1.0,108.0
6944,267,False,-14,38.0,246.0
6945,267,False,-13,28.0,247.0
6946,267,False,-12,30.0,248.0
6947,267,False,-11,32.0,249.0
6948,267,False,-10,36.0,250.0
6949,267,False,-9,70.0,251.0
6950,267,False,-8,20.0,252.0
6951,267,False,-7,37.0,253.0
6952,267,False,-6,32.0,254.0
6953,267,False,-5,78.0,255.0
6954,267,False,-4,29.0,256.0
6955,267,False,-3,57.0,257.0
6956,267,False,-2,32.0,258.0
6957,267,False,-1,32.0,259.0
6958,267,False,0,42.0,260.0
6959,267,False,1,37.0,261.0
6960,267,False,2,21.0,262.0
6961,267,False,3,36.0,263.0
6962,267,False,4,16.0,264.0
6963,267,False,5,24.0,265.0
6964,267,False,6,9.0,266.0
6965,267,False,7,46.0,267.0
6966,267,False,8,18.0,268.0
6967,267,False,9,28.0,269.0
6968,267,False,10,13.0,270.0
6969,267,False,11,60.0,271.0
6970,267,False,12,26.0,272.0
6971,267,False,13,20.0,273.0
6972,267,True,-14,9.0,246.0
6973,267,True,-13,10.0,247.0
6974,267,True,-12,15.0,248.0
6975,267,True,-11,10.0,249.0
6976,267,True,-10,7.0,250.0
6977,267,True,-9,14.0,251.0
6978,267,True,-8,7.0,252.0
6979,267,True,-7,6.0,253.0
6980,267,True,-6,9.0,254.0
6981,267,True,-5,15.0,255.0
6982,267,True,-4,1.0,256.0
6983,267,True,-3,18.0,257.0
6984,267,True,-2,9.0,258.0
6985,267,True,-1,7.0,259.0
6986,267,True,0,9.0,260.0
6987,267,True,1,7.0,261.0
6988,267,True,2,6.0,262.0
6989,267,True,3,7.0,263.0
6990,267,True,4,6.0,264.0
6991,267,True,5,4.0,265.0
6992,267,True,6,8.0,266.0
6993,267,True,7,9.0,267.0
6994,267,True,8,3.0,268.0
6995,267,True,9,0.0,269.0
6996,267,True,10,0.0,270.0
6997,267,True,11,7.0,271.0
6998,267,True,12,4.0,272.0
6999,267,True,13,2.0,273.0
7000,269,False,-14,8404.0,85.0
7001,269,False,-13,8591.0,86.0
7002,269,False,-12,6855.0,87.0
7003,269,False,-11,3305.0,88.0
7004,269,False,-10,3410.0,89.0
7005,269,False,-9,2504.0,90.0
7006,269,False,-8,1838.0,91.0
7007,269,False,-7,892.0,92.0
7008,269,False,-6,926.0,93.0
7009,269,False,-5,934.0,94.0
7010,269,False,-4,2230.0,95.0
7011,269,False,-3,4062.0,96.0
7012,269,False,-2,2516.0,97.0
7013,269,False,-1,11321.0,98.0
7014,269,False,0,5505.0,99.0
7015,269,False,1,2324.0,100.0
7016,269,False,2,2018.0,101.0
7017,269,False,3,3745.0,102.0
7018,269,False,4,4764.0,103.0
7019,269,False,5,6447.0,104.0
7020,269,False,6,9722.0,105.0
7021,269,False,7,2917.0,106.0
7022,269,False,8,5752.0,107.0
7023,269,False,9,11217.0,108.0
7024,269,False,10,3240.0,109.0
7025,269,False,11,4941.0,110.0
7026,269,False,12,6501.0,111.0
7027,269,False,13,1595.0,112.0
7028,269,True,-14,433.0,85.0
7029,269,True,-13,357.0,86.0
7030,269,True,-12,289.0,87.0
7031,269,True,-11,99.0,88.0
7032,269,True,-10,132.0,89.0
7033,269,True,-9,96.0,90.0
7034,269,True,-8,57.0,91.0
7035,269,True,-7,36.0,92.0
7036,269,True,-6,62.0,93.0
7037,269,True,-5,68.0,94.0
7038,269,True,-4,271.0,95.0
7039,269,True,-3,314.0,96.0
7040,269,True,-2,112.0,97.0
7041,269,True,-1,764.0,98.0
7042,269,True,0,364.0,99.0
7043,269,True,1,79.0,100.0
7044,269,True,2,77.0,101.0
7045,269,True,3,123.0,102.0
7046,269,True,4,234.0,103.0
7047,269,True,5,366.0,104.0
7048,269,True,6,437.0,105.0
7049,269,True,7,70.0,106.0
7050,269,True,8,214.0,107.0
7051,269,True,9,515.0,108.0
7052,269,True,10,103.0,109.0
7053,269,True,11,207.0,110.0
7054,269,True,12,228.0,111.0
7055,269,True,13,39.0,112.0
7056,270,False,-14,29.0,-1.0
7057,270,False,-13,9.0,0.0
7058,270,False,-12,27.0,1.0
7059,270,False,-11,60.0,2.0
7060,270,False,-10,67.0,3.0
7061,270,False,-9,90.0,4.0
7062,270,False,-8,151.0,5.0
7063,270,False,-7,187.0,6.0
7064,270,False,-6,149.0,7.0
7065,270,False,-5,310.0,8.0
7066,270,False,-4,122.0,9.0
7067,270,False,-3,69.0,10.0
7068,270,False,-2,70.0,11.0
7069,270,False,-1,144.0,12.0
7070,270,False,0,632.0,13.0
7071,270,False,1,161.0,14.0
7072,270,False,2,154.0,15.0
7073,270,False,3,91.0,16.0
7074,270,False,4,343.0,17.0
7075,270,False,5,164.0,18.0
7076,270,False,6,114.0,19.0
7077,270,False,7,182.0,20.0
7078,270,False,8,55.0,21.0
7079,270,False,9,57.0,22.0
7080,270,False,10,52.0,23.0
7081,270,False,11,103.0,24.0
7082,270,False,12,133.0,25.0
7083,270,False,13,36.0,26.0
7084,270,True,-14,1.0,-1.0
7085,270,True,-13,4.0,0.0
7086,270,True,-12,3.0,1.0
7087,270,True,-11,18.0,2.0
7088,270,True,-10,14.0,3.0
7089,270,True,-9,21.0,4.0
7090,270,True,-8,19.0,5.0
7091,270,True,-7,29.0,6.0
7092,270,True,-6,29.0,7.0
7093,270,True,-5,198.0,8.0
7094,270,True,-4,61.0,9.0
7095,270,True,-3,18.0,10.0
7096,270,True,-2,20.0,11.0
7097,270,True,-1,277.0,12.0
7098,270,True,0,1467.0,13.0
7099,270,True,1,134.0,14.0
7100,270,True,2,72.0,15.0
7101,270,True,3,38.0,16.0
7102,270,True,4,139.0,17.0
7103,270,True,5,72.0,18.0
7104,270,True,6,49.0,19.0
7105,270,True,7,86.0,20.0
7106,270,True,8,28.0,21.0
7107,270,True,9,21.0,22.0
7108,270,True,10,20.0,23.0
7109,270,True,11,27.0,24.0
7110,270,True,12,43.0,25.0
7111,270,True,13,7.0,26.0
7112,271,False,-14,1.0,223.0
7113,271,False,-13,1.0,224.0
7114,271,False,-12,0.0,225.0
7115,271,False,-11,0.0,226.0
7116,271,False,-10,0.0,227.0
7117,271,False,-9,0.0,228.0
7118,271,False,-8,0.0,229.0
7119,271,False,-7,1.0,230.0
7120,271,False,-6,1.0,231.0
7121,271,False,-5,0.0,232.0
7122,271,False,-4,0.0,233.0
7123,271,False,-3,0.0,234.0
7124,271,False,-2,0.0,235.0
7125,271,False,-1,0.0,236.0
7126,271,False,0,0.0,237.0
7127,271,False,1,0.0,238.0
7128,271,False,2,0.0,239.0
7129,271,False,3,0.0,240.0
7130,271,False,4,1.0,241.0
7131,271,False,5,0.0,242.0
7132,271,False,6,0.0,243.0
7133,271,False,7,1.0,244.0
7134,271,False,8,0.0,245.0
7135,271,False,9,0.0,246.0
7136,271,False,10,0.0,247.0
7137,271,False,11,0.0,248.0
7138,271,False,12,0.0,249.0
7139,271,False,13,0.0,250.0
7140,271,True,-14,0.0,223.0
7141,271,True,-13,0.0,224.0
7142,271,True,-12,0.0,225.0
7143,271,True,-11,0.0,226.0
7144,271,True,-10,0.0,227.0
7145,271,True,-9,0.0,228.0
7146,271,True,-8,0.0,229.0
7147,271,True,-7,0.0,230.0
7148,271,True,-6,0.0,231.0
7149,271,True,-5,0.0,232.0
7150,271,True,-4,0.0,233.0
7151,271,True,-3,0.0,234.0
7152,271,True,-2,0.0,235.0
7153,271,True,-1,0.0,236.0
7154,271,True,0,1.0,237.0
7155,271,True,1,0.0,238.0
7156,271,True,2,0.0,239.0
7157,271,True,3,0.0,240.0
7158,271,True,4,0.0,241.0
7159,271,True,5,0.0,242.0
7160,271,True,6,0.0,243.0
7161,271,True,7,0.0,244.0
7162,271,True,8,0.0,245.0
7163,271,True,9,0.0,246.0
7164,271,True,10,0.0,247.0
7165,271,True,11,0.0,248.0
7166,271,True,12,0.0,249.0
7167,271,True,13,0.0,250.0
7168,273,False,-14,0.0,-14.0
7169,273,False,-13,0.0,-13.0
7170,273,False,-12,0.0,-12.0
7171,273,False,-11,0.0,-11.0
7172,273,False,-10,0.0,-10.0
7173,273,False,-9,0.0,-9.0
7174,273,False,-8,0.0,-8.0
7175,273,False,-7,0.0,-7.0
7176,273,False,-6,0.0,-6.0
7177,273,False,-5,0.0,-5.0
7178,273,False,-4,0.0,-4.0
7179,273,False,-3,0.0,-3.0
7180,273,False,-2,3.0,-2.0
7181,273,False,-1,1.0,-1.0
7182,273,False,0,16.0,0.0
7183,273,False,1,17.0,1.0
7184,273,False,2,3.0,2.0
7185,273,False,3,7.0,3.0
7186,273,False,4,27.0,4.0
7187,273,False,5,15.0,5.0
7188,273,False,6,17.0,6.0
7189,273,False,7,9.0,7.0
7190,273,False,8,9.0,8.0
7191,273,False,9,8.0,9.0
7192,273,False,10,9.0,10.0
7193,273,False,11,4.0,11.0
7194,273,False,12,4.0,12.0
7195,273,False,13,2.0,13.0
7196,273,True,-14,0.0,-14.0
7197,273,True,-13,0.0,-13.0
7198,273,True,-12,0.0,-12.0
7199,273,True,-11,0.0,-11.0
7200,273,True,-10,0.0,-10.0
7201,273,True,-9,0.0,-9.0
7202,273,True,-8,0.0,-8.0
7203,273,True,-7,0.0,-7.0
7204,273,True,-6,0.0,-6.0
7205,273,True,-5,0.0,-5.0
7206,273,True,-4,0.0,-4.0
7207,273,True,-3,0.0,-3.0
7208,273,True,-2,0.0,-2.0
7209,273,True,-1,0.0,-1.0
7210,273,True,0,9.0,0.0
7211,273,True,1,0.0,1.0
7212,273,True,2,1.0,2.0
7213,273,True,3,0.0,3.0
7214,273,True,4,1.0,4.0
7215,273,True,5,0.0,5.0
7216,273,True,6,0.0,6.0
7217,273,True,7,0.0,7.0
7218,273,True,8,0.0,8.0
7219,273,True,9,0.0,9.0
7220,273,True,10,0.0,10.0
7221,273,True,11,0.0,11.0
7222,273,True,12,0.0,12.0
7223,273,True,13,0.0,13.0
7224,274,False,-14,0.0,170.0
7225,274,False,-13,0.0,171.0
7226,274,False,-12,0.0,172.0
7227,274,False,-11,0.0,173.0
7228,274,False,-10,0.0,174.0
7229,274,False,-9,0.0,175.0
7230,274,False,-8,0.0,176.0
7231,274,False,-7,0.0,177.0
7232,274,False,-6,0.0,178.0
7233,274,False,-5,0.0,179.0
7234,274,False,-4,0.0,180.0
7235,274,False,-3,0.0,181.0
7236,274,False,-2,0.0,182.0
7237,274,False,-1,0.0,183.0
7238,274,False,0,1.0,184.0
7239,274,False,1,0.0,185.0
7240,274,False,2,0.0,186.0
7241,274,False,3,0.0,187.0
7242,274,False,4,0.0,188.0
7243,274,False,5,0.0,189.0
7244,274,False,6,0.0,190.0
7245,274,False,7,0.0,191.0
7246,274,False,8,0.0,192.0
7247,274,False,9,0.0,193.0
7248,274,False,10,0.0,194.0
7249,274,False,11,0.0,195.0
7250,274,False,12,0.0,196.0
7251,274,False,13,0.0,197.0
7252,274,True,-14,0.0,170.0
7253,274,True,-13,0.0,171.0
7254,274,True,-12,0.0,172.0
7255,274,True,-11,0.0,173.0
7256,274,True,-10,0.0,174.0
7257,274,True,-9,0.0,175.0
7258,274,True,-8,0.0,176.0
7259,274,True,-7,0.0,177.0
7260,274,True,-6,0.0,178.0
7261,274,True,-5,0.0,179.0
7262,274,True,-4,0.0,180.0
7263,274,True,-3,0.0,181.0
7264,274,True,-2,0.0,182.0
7265,274,True,-1,0.0,183.0
7266,274,True,0,0.0,184.0
7267,274,True,1,0.0,185.0
7268,274,True,2,0.0,186.0
7269,274,True,3,0.0,187.0
7270,274,True,4,0.0,188.0
7271,274,True,5,0.0,189.0
7272,274,True,6,0.0,190.0
7273,274,True,7,0.0,191.0
7274,274,True,8,0.0,192.0
7275,274,True,9,0.0,193.0
7276,274,True,10,0.0,194.0
7277,274,True,11,0.0,195.0
7278,274,True,12,0.0,196.0
7279,274,True,13,0.0,197.0
7280,279,False,-14,1.0,292.0
7281,279,False,-13,2.0,293.0
7282,279,False,-12,0.0,294.0
7283,279,False,-11,2.0,295.0
7284,279,False,-10,0.0,296.0
7285,279,False,-9,1.0,297.0
7286,279,False,-8,0.0,298.0
7287,279,False,-7,1.0,299.0
7288,279,False,-6,0.0,300.0
7289,279,False,-5,0.0,301.0
7290,279,False,-4,0.0,302.0
7291,279,False,-3,0.0,303.0
7292,279,False,-2,0.0,304.0
7293,279,False,-1,0.0,305.0
7294,279,False,0,1.0,306.0
7295,279,False,1,0.0,307.0
7296,279,False,2,0.0,308.0
7297,279,False,3,1.0,309.0
7298,279,False,4,2.0,310.0
7299,279,False,5,2.0,311.0
7300,279,False,6,2.0,312.0
7301,279,False,7,2.0,313.0
7302,279,False,8,2.0,314.0
7303,279,False,9,0.0,315.0
7304,279,False,10,0.0,316.0
7305,279,False,11,1.0,317.0
7306,279,False,12,2.0,318.0
7307,279,False,13,1.0,319.0
7308,279,True,-14,1.0,292.0
7309,279,True,-13,0.0,293.0
7310,279,True,-12,1.0,294.0
7311,279,True,-11,0.0,295.0
7312,279,True,-10,0.0,296.0
7313,279,True,-9,1.0,297.0
7314,279,True,-8,0.0,298.0
7315,279,True,-7,0.0,299.0
7316,279,True,-6,0.0,300.0
7317,279,True,-5,1.0,301.0
7318,279,True,-4,0.0,302.0
7319,279,True,-3,0.0,303.0
7320,279,True,-2,0.0,304.0
7321,279,True,-1,0.0,305.0
7322,279,True,0,1.0,306.0
7323,279,True,1,0.0,307.0
7324,279,True,2,0.0,308.0
7325,279,True,3,0.0,309.0
7326,279,True,4,0.0,310.0
7327,279,True,5,1.0,311.0
7328,279,True,6,0.0,312.0
7329,279,True,7,1.0,313.0
7330,279,True,8,0.0,314.0
7331,279,True,9,0.0,315.0
7332,279,True,10,0.0,316.0
7333,279,True,11,0.0,317.0
7334,279,True,12,0.0,318.0
7335,279,True,13,1.0,319.0
7336,280,False,-14,0.0,137.0
7337,280,False,-13,0.0,138.0
7338,280,False,-12,0.0,139.0
7339,280,False,-11,0.0,140.0
7340,280,False,-10,0.0,141.0
7341,280,False,-9,0.0,142.0
7342,280,False,-8,0.0,143.0
7343,280,False,-7,0.0,144.0
7344,280,False,-6,0.0,145.0
7345,280,False,-5,0.0,146.0
7346,280,False,-4,0.0,147.0
7347,280,False,-3,0.0,148.0
7348,280,False,-2,0.0,149.0
7349,280,False,-1,0.0,150.0
7350,280,False,0,0.0,151.0
7351,280,False,1,0.0,152.0
7352,280,False,2,1.0,153.0
7353,280,False,3,0.0,154.0
7354,280,False,4,0.0,155.0
7355,280,False,5,0.0,156.0
7356,280,False,6,0.0,157.0
7357,280,False,7,0.0,158.0
7358,280,False,8,0.0,159.0
7359,280,False,9,1.0,160.0
7360,280,False,10,0.0,161.0
7361,280,False,11,0.0,162.0
7362,280,False,12,0.0,163.0
7363,280,False,13,0.0,164.0
7364,280,True,-14,0.0,137.0
7365,280,True,-13,0.0,138.0
7366,280,True,-12,0.0,139.0
7367,280,True,-11,0.0,140.0
7368,280,True,-10,0.0,141.0
7369,280,True,-9,0.0,142.0
7370,280,True,-8,0.0,143.0
7371,280,True,-7,0.0,144.0
7372,280,True,-6,0.0,145.0
7373,280,True,-5,0.0,146.0
7374,280,True,-4,0.0,147.0
7375,280,True,-3,0.0,148.0
7376,280,True,-2,0.0,149.0
7377,280,True,-1,0.0,150.0
7378,280,True,0,3.0,151.0
7379,280,True,1,0.0,152.0
7380,280,True,2,0.0,153.0
7381,280,True,3,0.0,154.0
7382,280,True,4,0.0,155.0
7383,280,True,5,0.0,156.0
7384,280,True,6,0.0,157.0
7385,280,True,7,0.0,158.0
7386,280,True,8,0.0,159.0
7387,280,True,9,0.0,160.0
7388,280,True,10,0.0,161.0
7389,280,True,11,0.0,162.0
7390,280,True,12,0.0,163.0
7391,280,True,13,0.0,164.0
7392,281,False,-14,294.0,143.0
7393,281,False,-13,365.0,144.0
7394,281,False,-12,204.0,145.0
7395,281,False,-11,280.0,146.0
7396,281,False,-10,170.0,147.0
7397,281,False,-9,260.0,148.0
7398,281,False,-8,182.0,149.0
7399,281,False,-7,194.0,150.0
7400,281,False,-6,196.0,151.0
7401,281,False,-5,194.0,152.0
7402,281,False,-4,174.0,153.0
7403,281,False,-3,179.0,154.0
7404,281,False,-2,85.0,155.0
7405,281,False,-1,75.0,156.0
7406,281,False,0,95.0,157.0
7407,281,False,1,121.0,158.0
7408,281,False,2,107.0,159.0
7409,281,False,3,372.0,160.0
7410,281,False,4,166.0,161.0
7411,281,False,5,156.0,162.0
7412,281,False,6,118.0,163.0
7413,281,False,7,67.0,164.0
7414,281,False,8,128.0,165.0
7415,281,False,9,93.0,166.0
7416,281,False,10,76.0,167.0
7417,281,False,11,47.0,168.0
7418,281,False,12,68.0,169.0
7419,281,False,13,56.0,170.0
7420,281,True,-14,139.0,143.0
7421,281,True,-13,115.0,144.0
7422,281,True,-12,86.0,145.0
7423,281,True,-11,118.0,146.0
7424,281,True,-10,117.0,147.0
7425,281,True,-9,136.0,148.0
7426,281,True,-8,103.0,149.0
7427,281,True,-7,109.0,150.0
7428,281,True,-6,86.0,151.0
7429,281,True,-5,97.0,152.0
7430,281,True,-4,120.0,153.0
7431,281,True,-3,76.0,154.0
7432,281,True,-2,42.0,155.0
7433,281,True,-1,29.0,156.0
7434,281,True,0,85.0,157.0
7435,281,True,1,71.0,158.0
7436,281,True,2,68.0,159.0
7437,281,True,3,212.0,160.0
7438,281,True,4,91.0,161.0
7439,281,True,5,68.0,162.0
7440,281,True,6,48.0,163.0
7441,281,True,7,30.0,164.0
7442,281,True,8,57.0,165.0
7443,281,True,9,32.0,166.0
7444,281,True,10,35.0,167.0
7445,281,True,11,19.0,168.0
7446,281,True,12,34.0,169.0
7447,281,True,13,28.0,170.0
7448,284,False,-14,0.0,238.0
7449,284,False,-13,0.0,239.0
7450,284,False,-12,0.0,240.0
7451,284,False,-11,0.0,241.0
7452,284,False,-10,0.0,242.0
7453,284,False,-9,0.0,243.0
7454,284,False,-8,0.0,244.0
7455,284,False,-7,0.0,245.0
7456,284,False,-6,0.0,246.0
7457,284,False,-5,0.0,247.0
7458,284,False,-4,0.0,248.0
7459,284,False,-3,0.0,249.0
7460,284,False,-2,0.0,250.0
7461,284,False,-1,0.0,251.0
7462,284,False,0,0.0,252.0
7463,284,False,1,1.0,253.0
7464,284,False,2,0.0,254.0
7465,284,False,3,0.0,255.0
7466,284,False,4,0.0,256.0
7467,284,False,5,0.0,257.0
7468,284,False,6,0.0,258.0
7469,284,False,7,0.0,259.0
7470,284,False,8,0.0,260.0
7471,284,False,9,0.0,261.0
7472,284,False,10,0.0,262.0
7473,284,False,11,0.0,263.0
7474,284,False,12,0.0,264.0
7475,284,False,13,0.0,265.0
7476,284,True,-14,0.0,238.0
7477,284,True,-13,0.0,239.0
7478,284,True,-12,0.0,240.0
7479,284,True,-11,0.0,241.0
7480,284,True,-10,0.0,242.0
7481,284,True,-9,0.0,243.0
7482,284,True,-8,0.0,244.0
7483,284,True,-7,0.0,245.0
7484,284,True,-6,0.0,246.0
7485,284,True,-5,0.0,247.0
7486,284,True,-4,0.0,248.0
7487,284,True,-3,0.0,249.0
7488,284,True,-2,0.0,250.0
7489,284,True,-1,0.0,251.0
7490,284,True,0,0.0,252.0
7491,284,True,1,0.0,253.0
7492,284,True,2,0.0,254.0
7493,284,True,3,0.0,255.0
7494,284,True,4,0.0,256.0
7495,284,True,5,0.0,257.0
7496,284,True,6,0.0,258.0
7497,284,True,7,0.0,259.0
7498,284,True,8,0.0,260.0
7499,284,True,9,0.0,261.0
7500,284,True,10,0.0,262.0
7501,284,True,11,0.0,263.0
7502,284,True,12,0.0,264.0
7503,284,True,13,0.0,265.0
7504,285,False,-14,0.0,99.0
7505,285,False,-13,0.0,100.0
7506,285,False,-12,0.0,101.0
7507,285,False,-11,0.0,102.0
7508,285,False,-10,0.0,103.0
7509,285,False,-9,0.0,104.0
7510,285,False,-8,0.0,105.0
7511,285,False,-7,0.0,106.0
7512,285,False,-6,1.0,107.0
7513,285,False,-5,0.0,108.0
7514,285,False,-4,0.0,109.0
7515,285,False,-3,0.0,110.0
7516,285,False,-2,0.0,111.0
7517,285,False,-1,8.0,112.0
7518,285,False,0,3.0,113.0
7519,285,False,1,0.0,114.0
7520,285,False,2,0.0,115.0
7521,285,False,3,0.0,116.0
7522,285,False,4,0.0,117.0
7523,285,False,5,0.0,118.0
7524,285,False,6,0.0,119.0
7525,285,False,7,0.0,120.0
7526,285,False,8,0.0,121.0
7527,285,False,9,0.0,122.0
7528,285,False,10,0.0,123.0
7529,285,False,11,0.0,124.0
7530,285,False,12,0.0,125.0
7531,285,False,13,0.0,126.0
7532,285,True,-14,0.0,99.0
7533,285,True,-13,0.0,100.0
7534,285,True,-12,0.0,101.0
7535,285,True,-11,0.0,102.0
7536,285,True,-10,0.0,103.0
7537,285,True,-9,0.0,104.0
7538,285,True,-8,0.0,105.0
7539,285,True,-7,0.0,106.0
7540,285,True,-6,0.0,107.0
7541,285,True,-5,0.0,108.0
7542,285,True,-4,0.0,109.0
7543,285,True,-3,0.0,110.0
7544,285,True,-2,0.0,111.0
7545,285,True,-1,1.0,112.0
7546,285,True,0,1.0,113.0
7547,285,True,1,0.0,114.0
7548,285,True,2,0.0,115.0
7549,285,True,3,0.0,116.0
7550,285,True,4,1.0,117.0
7551,285,True,5,0.0,118.0
7552,285,True,6,0.0,119.0
7553,285,True,7,0.0,120.0
7554,285,True,8,0.0,121.0
7555,285,True,9,0.0,122.0
7556,285,True,10,0.0,123.0
7557,285,True,11,0.0,124.0
7558,285,True,12,0.0,125.0
7559,285,True,13,1.0,126.0
7560,286,False,-14,0.0,235.0
7561,286,False,-13,0.0,236.0
7562,286,False,-12,0.0,237.0
7563,286,False,-11,0.0,238.0
7564,286,False,-10,1.0,239.0
7565,286,False,-9,1.0,240.0
7566,286,False,-8,1.0,241.0
7567,286,False,-7,1.0,242.0
7568,286,False,-6,1.0,243.0
7569,286,False,-5,1.0,244.0
7570,286,False,-4,1.0,245.0
7571,286,False,-3,0.0,246.0
7572,286,False,-2,0.0,247.0
7573,286,False,-1,10.0,248.0
7574,286,False,0,5.0,249.0
7575,286,False,1,0.0,250.0
7576,286,False,2,1.0,251.0
7577,286,False,3,8.0,252.0
7578,286,False,4,1.0,253.0
7579,286,False,5,9.0,254.0
7580,286,False,6,2.0,255.0
7581,286,False,7,0.0,256.0
7582,286,False,8,1.0,257.0
7583,286,False,9,4.0,258.0
7584,286,False,10,0.0,259.0
7585,286,False,11,0.0,260.0
7586,286,False,12,1.0,261.0
7587,286,False,13,2.0,262.0
7588,286,True,-14,0.0,235.0
7589,286,True,-13,0.0,236.0
7590,286,True,-12,1.0,237.0
7591,286,True,-11,0.0,238.0
7592,286,True,-10,0.0,239.0
7593,286,True,-9,0.0,240.0
7594,286,True,-8,0.0,241.0
7595,286,True,-7,0.0,242.0
7596,286,True,-6,0.0,243.0
7597,286,True,-5,0.0,244.0
7598,286,True,-4,1.0,245.0
7599,286,True,-3,0.0,246.0
7600,286,True,-2,0.0,247.0
7601,286,True,-1,6.0,248.0
7602,286,True,0,1.0,249.0
7603,286,True,1,0.0,250.0
7604,286,True,2,2.0,251.0
7605,286,True,3,3.0,252.0
7606,286,True,4,0.0,253.0
7607,286,True,5,8.0,254.0
7608,286,True,6,2.0,255.0
7609,286,True,7,5.0,256.0
7610,286,True,8,1.0,257.0
7611,286,True,9,3.0,258.0
7612,286,True,10,0.0,259.0
7613,286,True,11,0.0,260.0
7614,286,True,12,0.0,261.0
7615,286,True,13,0.0,262.0
7616,299,False,-14,0.0,258.0
7617,299,False,-13,0.0,259.0
7618,299,False,-12,0.0,260.0
7619,299,False,-11,0.0,261.0
7620,299,False,-10,0.0,262.0
7621,299,False,-9,0.0,263.0
7622,299,False,-8,0.0,264.0
7623,299,False,-7,0.0,265.0
7624,299,False,-6,1.0,266.0
7625,299,False,-5,0.0,267.0
7626,299,False,-4,0.0,268.0
7627,299,False,-3,0.0,269.0
7628,299,False,-2,0.0,270.0
7629,299,False,-1,0.0,271.0
7630,299,False,0,0.0,272.0
7631,299,False,1,0.0,273.0
7632,299,False,2,0.0,274.0
7633,299,False,3,0.0,275.0
7634,299,False,4,0.0,276.0
7635,299,False,5,0.0,277.0
7636,299,False,6,0.0,278.0
7637,299,False,7,0.0,279.0
7638,299,False,8,0.0,280.0
7639,299,False,9,0.0,281.0
7640,299,False,10,1.0,282.0
7641,299,False,11,0.0,283.0
7642,299,False,12,0.0,284.0
7643,299,False,13,0.0,285.0
7644,299,True,-14,0.0,258.0
7645,299,True,-13,0.0,259.0
7646,299,True,-12,0.0,260.0
7647,299,True,-11,0.0,261.0
7648,299,True,-10,0.0,262.0
7649,299,True,-9,0.0,263.0
7650,299,True,-8,0.0,264.0
7651,299,True,-7,0.0,265.0
7652,299,True,-6,0.0,266.0
7653,299,True,-5,0.0,267.0
7654,299,True,-4,0.0,268.0
7655,299,True,-3,0.0,269.0
7656,299,True,-2,1.0,270.0
7657,299,True,-1,0.0,271.0
7658,299,True,0,2.0,272.0
7659,299,True,1,0.0,273.0
7660,299,True,2,0.0,274.0
7661,299,True,3,0.0,275.0
7662,299,True,4,0.0,276.0
7663,299,True,5,0.0,277.0
7664,299,True,6,0.0,278.0
7665,299,True,7,0.0,279.0
7666,299,True,8,0.0,280.0
7667,299,True,9,0.0,281.0
7668,299,True,10,0.0,282.0
7669,299,True,11,0.0,283.0
7670,299,True,12,1.0,284.0
7671,299,True,13,0.0,285.0
7672,300,False,-14,1.0,232.0
7673,300,False,-13,1.0,233.0
7674,300,False,-12,2.0,234.0
7675,300,False,-11,1.0,235.0
7676,300,False,-10,0.0,236.0
7677,300,False,-9,0.0,237.0
7678,300,False,-8,0.0,238.0
7679,300,False,-7,0.0,239.0
7680,300,False,-6,2.0,240.0
7681,300,False,-5,0.0,241.0
7682,300,False,-4,0.0,242.0
7683,300,False,-3,0.0,243.0
7684,300,False,-2,0.0,244.0
7685,300,False,-1,2.0,245.0
7686,300,False,0,0.0,246.0
7687,300,False,1,0.0,247.0
7688,300,False,2,1.0,248.0
7689,300,False,3,0.0,249.0
7690,300,False,4,0.0,250.0
7691,300,False,5,1.0,251.0
7692,300,False,6,1.0,252.0
7693,300,False,7,1.0,253.0
7694,300,False,8,0.0,254.0
7695,300,False,9,1.0,255.0
7696,300,False,10,0.0,256.0
7697,300,False,11,0.0,257.0
7698,300,False,12,1.0,258.0
7699,300,False,13,0.0,259.0
7700,300,True,-14,0.0,232.0
7701,300,True,-13,0.0,233.0
7702,300,True,-12,0.0,234.0
7703,300,True,-11,0.0,235.0
7704,300,True,-10,0.0,236.0
7705,300,True,-9,0.0,237.0
7706,300,True,-8,0.0,238.0
7707,300,True,-7,0.0,239.0
7708,300,True,-6,0.0,240.0
7709,300,True,-5,0.0,241.0
7710,300,True,-4,0.0,242.0
7711,300,True,-3,0.0,243.0
7712,300,True,-2,0.0,244.0
7713,300,True,-1,1.0,245.0
7714,300,True,0,0.0,246.0
7715,300,True,1,0.0,247.0
7716,300,True,2,0.0,248.0
7717,300,True,3,0.0,249.0
7718,300,True,4,0.0,250.0
7719,300,True,5,0.0,251.0
7720,300,True,6,0.0,252.0
7721,300,True,7,0.0,253.0
7722,300,True,8,0.0,254.0
7723,300,True,9,0.0,255.0
7724,300,True,10,0.0,256.0
7725,300,True,11,1.0,257.0
7726,300,True,12,0.0,258.0
7727,300,True,13,0.0,259.0
7728,301,False,-14,29.0,-7.0
7729,301,False,-13,26.0,-6.0
7730,301,False,-12,71.0,-5.0
7731,301,False,-11,55.0,-4.0
7732,301,False,-10,95.0,-3.0
7733,301,False,-9,169.0,-2.0
7734,301,False,-8,159.0,-1.0
7735,301,False,-7,2113.0,0.0
7736,301,False,-6,415.0,1.0
7737,301,False,-5,614.0,2.0
7738,301,False,-4,1061.0,3.0
7739,301,False,-3,1565.0,4.0
7740,301,False,-2,13191.0,5.0
7741,301,False,-1,12296.0,6.0
7742,301,False,0,5776.0,7.0
7743,301,False,1,6006.0,8.0
7744,301,False,2,5015.0,9.0
7745,301,False,3,8570.0,10.0
7746,301,False,4,5884.0,11.0
7747,301,False,5,7043.0,12.0
7748,301,False,6,4323.0,13.0
7749,301,False,7,4755.0,14.0
7750,301,False,8,2969.0,15.0
7751,301,False,9,1592.0,16.0
7752,301,False,10,1721.0,17.0
7753,301,False,11,1552.0,18.0
7754,301,False,12,1598.0,19.0
7755,301,False,13,942.0,20.0
7756,301,True,-14,0.0,-7.0
7757,301,True,-13,0.0,-6.0
7758,301,True,-12,0.0,-5.0
7759,301,True,-11,0.0,-4.0
7760,301,True,-10,0.0,-3.0
7761,301,True,-9,0.0,-2.0
7762,301,True,-8,0.0,-1.0
7763,301,True,-7,327.0,0.0
7764,301,True,-6,54.0,1.0
7765,301,True,-5,111.0,2.0
7766,301,True,-4,144.0,3.0
7767,301,True,-3,157.0,4.0
7768,301,True,-2,1299.0,5.0
7769,301,True,-1,1372.0,6.0
7770,301,True,0,661.0,7.0
7771,301,True,1,548.0,8.0
7772,301,True,2,407.0,9.0
7773,301,True,3,715.0,10.0
7774,301,True,4,354.0,11.0
7775,301,True,5,396.0,12.0
7776,301,True,6,331.0,13.0
7777,301,True,7,192.0,14.0
7778,301,True,8,135.0,15.0
7779,301,True,9,42.0,16.0
7780,301,True,10,54.0,17.0
7781,301,True,11,54.0,18.0
7782,301,True,12,50.0,19.0
7783,301,True,13,24.0,20.0
7784,302,False,-14,1914.0,-3.0
7785,302,False,-13,1388.0,-2.0
7786,302,False,-12,2265.0,-1.0
7787,302,False,-11,2399.0,0.0
7788,302,False,-10,7143.0,1.0
7789,302,False,-9,13876.0,2.0
7790,302,False,-8,15077.0,3.0
7791,302,False,-7,23097.0,4.0
7792,302,False,-6,22689.0,5.0
7793,302,False,-5,49516.0,6.0
7794,302,False,-4,28911.0,7.0
7795,302,False,-3,19724.0,8.0
7796,302,False,-2,16678.0,9.0
7797,302,False,-1,17228.0,10.0
7798,302,False,0,18547.0,11.0
7799,302,False,1,8152.0,12.0
7800,302,False,2,7694.0,13.0
7801,302,False,3,9512.0,14.0
7802,302,False,4,6531.0,15.0
7803,302,False,5,6939.0,16.0
7804,302,False,6,6764.0,17.0
7805,302,False,7,5318.0,18.0
7806,302,False,8,2630.0,19.0
7807,302,False,9,3832.0,20.0
7808,302,False,10,3550.0,21.0
7809,302,False,11,4166.0,22.0
7810,302,False,12,2980.0,23.0
7811,302,False,13,3844.0,24.0
7812,302,True,-14,0.0,-3.0
7813,302,True,-13,0.0,-2.0
7814,302,True,-12,206.0,-1.0
7815,302,True,-11,311.0,0.0
7816,302,True,-10,834.0,1.0
7817,302,True,-9,996.0,2.0
7818,302,True,-8,801.0,3.0
7819,302,True,-7,868.0,4.0
7820,302,True,-6,995.0,5.0
7821,302,True,-5,4867.0,6.0
7822,302,True,-4,3134.0,7.0
7823,302,True,-3,1743.0,8.0
7824,302,True,-2,1326.0,9.0
7825,302,True,-1,1346.0,10.0
7826,302,True,0,1303.0,11.0
7827,302,True,1,479.0,12.0
7828,302,True,2,427.0,13.0
7829,302,True,3,695.0,14.0
7830,302,True,4,311.0,15.0
7831,302,True,5,282.0,16.0
7832,302,True,6,312.0,17.0
7833,302,True,7,166.0,18.0
7834,302,True,8,74.0,19.0
7835,302,True,9,137.0,20.0
7836,302,True,10,148.0,21.0
7837,302,True,11,182.0,22.0
7838,302,True,12,122.0,23.0
7839,302,True,13,151.0,24.0
7840,303,False,-14,0.0,195.0
7841,303,False,-13,0.0,196.0
7842,303,False,-12,1.0,197.0
7843,303,False,-11,1.0,198.0
7844,303,False,-10,1.0,199.0
7845,303,False,-9,0.0,200.0
7846,303,False,-8,0.0,201.0
7847,303,False,-7,1.0,202.0
7848,303,False,-6,0.0,203.0
7849,303,False,-5,0.0,204.0
7850,303,False,-4,0.0,205.0
7851,303,False,-3,0.0,206.0
7852,303,False,-2,0.0,207.0
7853,303,False,-1,0.0,208.0
7854,303,False,0,0.0,209.0
7855,303,False,1,1.0,210.0
7856,303,False,2,3.0,211.0
7857,303,False,3,1.0,212.0
7858,303,False,4,0.0,213.0
7859,303,False,5,1.0,214.0
7860,303,False,6,1.0,215.0
7861,303,False,7,1.0,216.0
7862,303,False,8,3.0,217.0
7863,303,False,9,2.0,218.0
7864,303,False,10,2.0,219.0
7865,303,False,11,0.0,220.0
7866,303,False,12,0.0,221.0
7867,303,False,13,0.0,222.0
7868,303,True,-14,1.0,195.0
7869,303,True,-13,1.0,196.0
7870,303,True,-12,0.0,197.0
7871,303,True,-11,1.0,198.0
7872,303,True,-10,0.0,199.0
7873,303,True,-9,0.0,200.0
7874,303,True,-8,0.0,201.0
7875,303,True,-7,1.0,202.0
7876,303,True,-6,0.0,203.0
7877,303,True,-5,0.0,204.0
7878,303,True,-4,2.0,205.0
7879,303,True,-3,1.0,206.0
7880,303,True,-2,3.0,207.0
7881,303,True,-1,1.0,208.0
7882,303,True,0,2.0,209.0
7883,303,True,1,0.0,210.0
7884,303,True,2,1.0,211.0
7885,303,True,3,2.0,212.0
7886,303,True,4,0.0,213.0
7887,303,True,5,1.0,214.0
7888,303,True,6,0.0,215.0
7889,303,True,7,1.0,216.0
7890,303,True,8,2.0,217.0
7891,303,True,9,0.0,218.0
7892,303,True,10,2.0,219.0
7893,303,True,11,0.0,220.0
7894,303,True,12,2.0,221.0
7895,303,True,13,0.0,222.0
7896,312,False,-14,0.0,-4.0
7897,312,False,-13,0.0,-3.0
7898,312,False,-12,0.0,-2.0
7899,312,False,-11,0.0,-1.0
7900,312,False,-10,1.0,0.0
7901,312,False,-9,1.0,1.0
7902,312,False,-8,0.0,2.0
7903,312,False,-7,0.0,3.0
7904,312,False,-6,3.0,4.0
7905,312,False,-5,9.0,5.0
7906,312,False,-4,6.0,6.0
7907,312,False,-3,3.0,7.0
7908,312,False,-2,0.0,8.0
7909,312,False,-1,2.0,9.0
7910,312,False,0,0.0,10.0
7911,312,False,1,38.0,11.0
7912,312,False,2,8.0,12.0
7913,312,False,3,5.0,13.0
7914,312,False,4,6.0,14.0
7915,312,False,5,3.0,15.0
7916,312,False,6,1.0,16.0
7917,312,False,7,2.0,17.0
7918,312,False,8,0.0,18.0
7919,312,False,9,4.0,19.0
7920,312,False,10,1.0,20.0
7921,312,False,11,2.0,21.0
7922,312,False,12,2.0,22.0
7923,312,False,13,1.0,23.0
7924,312,True,-14,0.0,-4.0
7925,312,True,-13,0.0,-3.0
7926,312,True,-12,0.0,-2.0
7927,312,True,-11,0.0,-1.0
7928,312,True,-10,0.0,0.0
7929,312,True,-9,0.0,1.0
7930,312,True,-8,0.0,2.0
7931,312,True,-7,0.0,3.0
7932,312,True,-6,1.0,4.0
7933,312,True,-5,0.0,5.0
7934,312,True,-4,0.0,6.0
7935,312,True,-3,0.0,7.0
7936,312,True,-2,1.0,8.0
7937,312,True,-1,0.0,9.0
7938,312,True,0,4.0,10.0
7939,312,True,1,5.0,11.0
7940,312,True,2,2.0,12.0
7941,312,True,3,0.0,13.0
7942,312,True,4,0.0,14.0
7943,312,True,5,0.0,15.0
7944,312,True,6,0.0,16.0
7945,312,True,7,0.0,17.0
7946,312,True,8,0.0,18.0
7947,312,True,9,0.0,19.0
7948,312,True,10,0.0,20.0
7949,312,True,11,1.0,21.0
7950,312,True,12,0.0,22.0
7951,312,True,13,0.0,23.0
7952,314,False,-14,0.0,223.0
7953,314,False,-13,0.0,224.0
7954,314,False,-12,0.0,225.0
7955,314,False,-11,0.0,226.0
7956,314,False,-10,0.0,227.0
7957,314,False,-9,1.0,228.0
7958,314,False,-8,0.0,229.0
7959,314,False,-7,0.0,230.0
7960,314,False,-6,0.0,231.0
7961,314,False,-5,0.0,232.0
7962,314,False,-4,0.0,233.0
7963,314,False,-3,0.0,234.0
7964,314,False,-2,0.0,235.0
7965,314,False,-1,0.0,236.0
7966,314,False,0,0.0,237.0
7967,314,False,1,0.0,238.0
7968,314,False,2,0.0,239.0
7969,314,False,3,0.0,240.0
7970,314,False,4,0.0,241.0
7971,314,False,5,0.0,242.0
7972,314,False,6,0.0,243.0
7973,314,False,7,0.0,244.0
7974,314,False,8,0.0,245.0
7975,314,False,9,0.0,246.0
7976,314,False,10,0.0,247.0
7977,314,False,11,0.0,248.0
7978,314,False,12,0.0,249.0
7979,314,False,13,0.0,250.0
7980,314,True,-14,0.0,223.0
7981,314,True,-13,0.0,224.0
7982,314,True,-12,0.0,225.0
7983,314,True,-11,0.0,226.0
7984,314,True,-10,0.0,227.0
7985,314,True,-9,0.0,228.0
7986,314,True,-8,0.0,229.0
7987,314,True,-7,0.0,230.0
7988,314,True,-6,0.0,231.0
7989,314,True,-5,0.0,232.0
7990,314,True,-4,0.0,233.0
7991,314,True,-3,0.0,234.0
7992,314,True,-2,0.0,235.0
7993,314,True,-1,0.0,236.0
7994,314,True,0,0.0,237.0
7995,314,True,1,0.0,238.0
7996,314,True,2,0.0,239.0
7997,314,True,3,0.0,240.0
7998,314,True,4,0.0,241.0
7999,314,True,5,0.0,242.0
8000,314,True,6,0.0,243.0
8001,314,True,7,0.0,244.0
8002,314,True,8,0.0,245.0
8003,314,True,9,0.0,246.0
8004,314,True,10,0.0,247.0
8005,314,True,11,0.0,248.0
8006,314,True,12,1.0,249.0
8007,314,True,13,0.0,250.0
8008,316,False,-14,0.0,63.0
8009,316,False,-13,0.0,64.0
8010,316,False,-12,1.0,65.0
8011,316,False,-11,2.0,66.0
8012,316,False,-10,1.0,67.0
8013,316,False,-9,0.0,68.0
8014,316,False,-8,1.0,69.0
8015,316,False,-7,1.0,70.0
8016,316,False,-6,1.0,71.0
8017,316,False,-5,0.0,72.0
8018,316,False,-4,0.0,73.0
8019,316,False,-3,1.0,74.0
8020,316,False,-2,0.0,75.0
8021,316,False,-1,1.0,76.0
8022,316,False,0,0.0,77.0
8023,316,False,1,1.0,78.0
8024,316,False,2,5.0,79.0
8025,316,False,3,4.0,80.0
8026,316,False,4,2.0,81.0
8027,316,False,5,0.0,82.0
8028,316,False,6,1.0,83.0
8029,316,False,7,2.0,84.0
8030,316,False,8,0.0,85.0
8031,316,False,9,1.0,86.0
8032,316,False,10,0.0,87.0
8033,316,False,11,0.0,88.0
8034,316,False,12,0.0,89.0
8035,316,False,13,0.0,90.0
8036,316,True,-14,0.0,63.0
8037,316,True,-13,1.0,64.0
8038,316,True,-12,0.0,65.0
8039,316,True,-11,0.0,66.0
8040,316,True,-10,0.0,67.0
8041,316,True,-9,1.0,68.0
8042,316,True,-8,0.0,69.0
8043,316,True,-7,0.0,70.0
8044,316,True,-6,0.0,71.0
8045,316,True,-5,0.0,72.0
8046,316,True,-4,0.0,73.0
8047,316,True,-3,0.0,74.0
8048,316,True,-2,0.0,75.0
8049,316,True,-1,1.0,76.0
8050,316,True,0,0.0,77.0
8051,316,True,1,0.0,78.0
8052,316,True,2,3.0,79.0
8053,316,True,3,1.0,80.0
8054,316,True,4,0.0,81.0
8055,316,True,5,1.0,82.0
8056,316,True,6,1.0,83.0
8057,316,True,7,0.0,84.0
8058,316,True,8,0.0,85.0
8059,316,True,9,0.0,86.0
8060,316,True,10,0.0,87.0
8061,316,True,11,0.0,88.0
8062,316,True,12,0.0,89.0
8063,316,True,13,0.0,90.0
8064,318,False,-14,0.0,-9.0
8065,318,False,-13,0.0,-8.0
8066,318,False,-12,0.0,-7.0
8067,318,False,-11,0.0,-6.0
8068,318,False,-10,0.0,-5.0
8069,318,False,-9,0.0,-4.0
8070,318,False,-8,0.0,-3.0
8071,318,False,-7,0.0,-2.0
8072,318,False,-6,0.0,-1.0
8073,318,False,-5,0.0,0.0
8074,318,False,-4,0.0,1.0
8075,318,False,-3,1.0,2.0
8076,318,False,-2,2.0,3.0
8077,318,False,-1,0.0,4.0
8078,318,False,0,6.0,5.0
8079,318,False,1,3.0,6.0
8080,318,False,2,0.0,7.0
8081,318,False,3,0.0,8.0
8082,318,False,4,0.0,9.0
8083,318,False,5,0.0,10.0
8084,318,False,6,0.0,11.0
8085,318,False,7,0.0,12.0
8086,318,False,8,0.0,13.0
8087,318,False,9,0.0,14.0
8088,318,False,10,0.0,15.0
8089,318,False,11,0.0,16.0
8090,318,False,12,0.0,17.0
8091,318,False,13,0.0,18.0
8092,318,True,-14,0.0,-9.0
8093,318,True,-13,0.0,-8.0
8094,318,True,-12,0.0,-7.0
8095,318,True,-11,0.0,-6.0
8096,318,True,-10,0.0,-5.0
8097,318,True,-9,0.0,-4.0
8098,318,True,-8,0.0,-3.0
8099,318,True,-7,0.0,-2.0
8100,318,True,-6,0.0,-1.0
8101,318,True,-5,0.0,0.0
8102,318,True,-4,0.0,1.0
8103,318,True,-3,0.0,2.0
8104,318,True,-2,0.0,3.0
8105,318,True,-1,0.0,4.0
8106,318,True,0,5.0,5.0
8107,318,True,1,0.0,6.0
8108,318,True,2,0.0,7.0
8109,318,True,3,0.0,8.0
8110,318,True,4,0.0,9.0
8111,318,True,5,0.0,10.0
8112,318,True,6,0.0,11.0
8113,318,True,7,0.0,12.0
8114,318,True,8,0.0,13.0
8115,318,True,9,0.0,14.0
8116,318,True,10,0.0,15.0
8117,318,True,11,0.0,16.0
8118,318,True,12,0.0,17.0
8119,318,True,13,0.0,18.0
8120,320,False,-14,810.0,-4.0
8121,320,False,-13,1739.0,-3.0
8122,320,False,-12,2527.0,-2.0
8123,320,False,-11,1930.0,-1.0
8124,320,False,-10,2143.0,0.0
8125,320,False,-9,3266.0,1.0
8126,320,False,-8,6309.0,2.0
8127,320,False,-7,7018.0,3.0
8128,320,False,-6,11669.0,4.0
8129,320,False,-5,19289.0,5.0
8130,320,False,-4,19467.0,6.0
8131,320,False,-3,10810.0,7.0
8132,320,False,-2,7567.0,8.0
8133,320,False,-1,6907.0,9.0
8134,320,False,0,6279.0,10.0
8135,320,False,1,4262.0,11.0
8136,320,False,2,3129.0,12.0
8137,320,False,3,3532.0,13.0
8138,320,False,4,4783.0,14.0
8139,320,False,5,4123.0,15.0
8140,320,False,6,2461.0,16.0
8141,320,False,7,3070.0,17.0
8142,320,False,8,1529.0,18.0
8143,320,False,9,965.0,19.0
8144,320,False,10,1699.0,20.0
8145,320,False,11,3181.0,21.0
8146,320,False,12,1767.0,22.0
8147,320,False,13,1208.0,23.0
8148,320,True,-14,0.0,-4.0
8149,320,True,-13,0.0,-3.0
8150,320,True,-12,0.0,-2.0
8151,320,True,-11,41.0,-1.0
8152,320,True,-10,244.0,0.0
8153,320,True,-9,450.0,1.0
8154,320,True,-8,806.0,2.0
8155,320,True,-7,569.0,3.0
8156,320,True,-6,609.0,4.0
8157,320,True,-5,1920.0,5.0
8158,320,True,-4,2254.0,6.0
8159,320,True,-3,2387.0,7.0
8160,320,True,-2,1656.0,8.0
8161,320,True,-1,1549.0,9.0
8162,320,True,0,1081.0,10.0
8163,320,True,1,487.0,11.0
8164,320,True,2,425.0,12.0
8165,320,True,3,538.0,13.0
8166,320,True,4,579.0,14.0
8167,320,True,5,472.0,15.0
8168,320,True,6,134.0,16.0
8169,320,True,7,240.0,17.0
8170,320,True,8,108.0,18.0
8171,320,True,9,48.0,19.0
8172,320,True,10,115.0,20.0
8173,320,True,11,245.0,21.0
8174,320,True,12,121.0,22.0
8175,320,True,13,63.0,23.0
8176,322,False,-14,1.0,253.0
8177,322,False,-13,0.0,254.0
8178,322,False,-12,0.0,255.0
8179,322,False,-11,0.0,256.0
8180,322,False,-10,0.0,257.0
8181,322,False,-9,0.0,258.0
8182,322,False,-8,1.0,259.0
8183,322,False,-7,0.0,260.0
8184,322,False,-6,0.0,261.0
8185,322,False,-5,2.0,262.0
8186,322,False,-4,1.0,263.0
8187,322,False,-3,0.0,264.0
8188,322,False,-2,0.0,265.0
8189,322,False,-1,1.0,266.0
8190,322,False,0,0.0,267.0
8191,322,False,1,1.0,268.0
8192,322,False,2,0.0,269.0
8193,322,False,3,0.0,270.0
8194,322,False,4,0.0,271.0
8195,322,False,5,0.0,272.0
8196,322,False,6,0.0,273.0
8197,322,False,7,0.0,274.0
8198,322,False,8,0.0,275.0
8199,322,False,9,0.0,276.0
8200,322,False,10,1.0,277.0
8201,322,False,11,0.0,278.0
8202,322,False,12,0.0,279.0
8203,322,False,13,2.0,280.0
8204,322,True,-14,0.0,253.0
8205,322,True,-13,0.0,254.0
8206,322,True,-12,0.0,255.0
8207,322,True,-11,0.0,256.0
8208,322,True,-10,0.0,257.0
8209,322,True,-9,0.0,258.0
8210,322,True,-8,0.0,259.0
8211,322,True,-7,0.0,260.0
8212,322,True,-6,0.0,261.0
8213,322,True,-5,0.0,262.0
8214,322,True,-4,0.0,263.0
8215,322,True,-3,0.0,264.0
8216,322,True,-2,0.0,265.0
8217,322,True,-1,0.0,266.0
8218,322,True,0,0.0,267.0
8219,322,True,1,0.0,268.0
8220,322,True,2,0.0,269.0
8221,322,True,3,0.0,270.0
8222,322,True,4,0.0,271.0
8223,322,True,5,1.0,272.0
8224,322,True,6,0.0,273.0
8225,322,True,7,0.0,274.0
8226,322,True,8,0.0,275.0
8227,322,True,9,0.0,276.0
8228,322,True,10,0.0,277.0
8229,322,True,11,0.0,278.0
8230,322,True,12,0.0,279.0
8231,322,True,13,0.0,280.0
8232,323,False,-14,11.0,3.0
8233,323,False,-13,32.0,4.0
8234,323,False,-12,36.0,5.0
8235,323,False,-11,42.0,6.0
8236,323,False,-10,28.0,7.0
8237,323,False,-9,26.0,8.0
8238,323,False,-8,60.0,9.0
8239,323,False,-7,52.0,10.0
8240,323,False,-6,27.0,11.0
8241,323,False,-5,24.0,12.0
8242,323,False,-4,18.0,13.0
8243,323,False,-3,17.0,14.0
8244,323,False,-2,20.0,15.0
8245,323,False,-1,11.0,16.0
8246,323,False,0,18.0,17.0
8247,323,False,1,19.0,18.0
8248,323,False,2,16.0,19.0
8249,323,False,3,11.0,20.0
8250,323,False,4,7.0,21.0
8251,323,False,5,13.0,22.0
8252,323,False,6,12.0,23.0
8253,323,False,7,10.0,24.0
8254,323,False,8,7.0,25.0
8255,323,False,9,5.0,26.0
8256,323,False,10,3.0,27.0
8257,323,False,11,10.0,28.0
8258,323,False,12,15.0,29.0
8259,323,False,13,9.0,30.0
8260,323,True,-14,9.0,3.0
8261,323,True,-13,5.0,4.0
8262,323,True,-12,4.0,5.0
8263,323,True,-11,8.0,6.0
8264,323,True,-10,6.0,7.0
8265,323,True,-9,9.0,8.0
8266,323,True,-8,14.0,9.0
8267,323,True,-7,7.0,10.0
8268,323,True,-6,6.0,11.0
8269,323,True,-5,8.0,12.0
8270,323,True,-4,7.0,13.0
8271,323,True,-3,4.0,14.0
8272,323,True,-2,8.0,15.0
8273,323,True,-1,9.0,16.0
8274,323,True,0,8.0,17.0
8275,323,True,1,5.0,18.0
8276,323,True,2,8.0,19.0
8277,323,True,3,2.0,20.0
8278,323,True,4,1.0,21.0
8279,323,True,5,2.0,22.0
8280,323,True,6,1.0,23.0
8281,323,True,7,2.0,24.0
8282,323,True,8,1.0,25.0
8283,323,True,9,0.0,26.0
8284,323,True,10,0.0,27.0
8285,323,True,11,5.0,28.0
8286,323,True,12,6.0,29.0
8287,323,True,13,3.0,30.0
8288,327,False,-14,20.0,38.0
8289,327,False,-13,234.0,39.0
8290,327,False,-12,237.0,40.0
8291,327,False,-11,94.0,41.0
8292,327,False,-10,58.0,42.0
8293,327,False,-9,35.0,43.0
8294,327,False,-8,28.0,44.0
8295,327,False,-7,11.0,45.0
8296,327,False,-6,114.0,46.0
8297,327,False,-5,58.0,47.0
8298,327,False,-4,33.0,48.0
8299,327,False,-3,23.0,49.0
8300,327,False,-2,12.0,50.0
8301,327,False,-1,35.0,51.0
8302,327,False,0,16.0,52.0
8303,327,False,1,7.0,53.0
8304,327,False,2,26.0,54.0
8305,327,False,3,28.0,55.0
8306,327,False,4,51.0,56.0
8307,327,False,5,29.0,57.0
8308,327,False,6,37.0,58.0
8309,327,False,7,18.0,59.0
8310,327,False,8,20.0,60.0
8311,327,False,9,18.0,61.0
8312,327,False,10,11.0,62.0
8313,327,False,11,30.0,63.0
8314,327,False,12,20.0,64.0
8315,327,False,13,18.0,65.0
8316,327,True,-14,3.0,38.0
8317,327,True,-13,227.0,39.0
8318,327,True,-12,261.0,40.0
8319,327,True,-11,82.0,41.0
8320,327,True,-10,33.0,42.0
8321,327,True,-9,23.0,43.0
8322,327,True,-8,24.0,44.0
8323,327,True,-7,13.0,45.0
8324,327,True,-6,118.0,46.0
8325,327,True,-5,49.0,47.0
8326,327,True,-4,34.0,48.0
8327,327,True,-3,24.0,49.0
8328,327,True,-2,10.0,50.0
8329,327,True,-1,29.0,51.0
8330,327,True,0,13.0,52.0
8331,327,True,1,7.0,53.0
8332,327,True,2,19.0,54.0
8333,327,True,3,22.0,55.0
8334,327,True,4,29.0,56.0
8335,327,True,5,8.0,57.0
8336,327,True,6,17.0,58.0
8337,327,True,7,13.0,59.0
8338,327,True,8,14.0,60.0
8339,327,True,9,7.0,61.0
8340,327,True,10,4.0,62.0
8341,327,True,11,20.0,63.0
8342,327,True,12,10.0,64.0
8343,327,True,13,5.0,65.0
8344,328,False,-14,984.0,-12.0
8345,328,False,-13,166.0,-11.0
8346,328,False,-12,158.0,-10.0
8347,328,False,-11,108.0,-9.0
8348,328,False,-10,958.0,-8.0
8349,328,False,-9,278.0,-7.0
8350,328,False,-8,130.0,-6.0
8351,328,False,-7,144.0,-5.0
8352,328,False,-6,233.0,-4.0
8353,328,False,-5,1514.0,-3.0
8354,328,False,-4,1407.0,-2.0
8355,328,False,-3,1130.0,-1.0
8356,328,False,-2,1320.0,0.0
8357,328,False,-1,11813.0,1.0
8358,328,False,0,5999.0,2.0
8359,328,False,1,4553.0,3.0
8360,328,False,2,6003.0,4.0
8361,328,False,3,6946.0,5.0
8362,328,False,4,11177.0,6.0
8363,328,False,5,6792.0,7.0
8364,328,False,6,5503.0,8.0
8365,328,False,7,6811.0,9.0
8366,328,False,8,4594.0,10.0
8367,328,False,9,3128.0,11.0
8368,328,False,10,3478.0,12.0
8369,328,False,11,2761.0,13.0
8370,328,False,12,2187.0,14.0
8371,328,False,13,2057.0,15.0
8372,328,True,-14,0.0,-12.0
8373,328,True,-13,0.0,-11.0
8374,328,True,-12,0.0,-10.0
8375,328,True,-11,0.0,-9.0
8376,328,True,-10,0.0,-8.0
8377,328,True,-9,0.0,-7.0
8378,328,True,-8,0.0,-6.0
8379,328,True,-7,0.0,-5.0
8380,328,True,-6,0.0,-4.0
8381,328,True,-5,0.0,-3.0
8382,328,True,-4,0.0,-2.0
8383,328,True,-3,41.0,-1.0
8384,328,True,-2,260.0,0.0
8385,328,True,-1,2096.0,1.0
8386,328,True,0,662.0,2.0
8387,328,True,1,121.0,3.0
8388,328,True,2,105.0,4.0
8389,328,True,3,78.0,5.0
8390,328,True,4,368.0,6.0
8391,328,True,5,87.0,7.0
8392,328,True,6,60.0,8.0
8393,328,True,7,161.0,9.0
8394,328,True,8,51.0,10.0
8395,328,True,9,34.0,11.0
8396,328,True,10,78.0,12.0
8397,328,True,11,70.0,13.0
8398,328,True,12,10.0,14.0
8399,328,True,13,12.0,15.0
8400,331,False,-14,0.0,103.0
8401,331,False,-13,0.0,104.0
8402,331,False,-12,0.0,105.0
8403,331,False,-11,0.0,106.0
8404,331,False,-10,0.0,107.0
8405,331,False,-9,0.0,108.0
8406,331,False,-8,0.0,109.0
8407,331,False,-7,0.0,110.0
8408,331,False,-6,0.0,111.0
8409,331,False,-5,0.0,112.0
8410,331,False,-4,0.0,113.0
8411,331,False,-3,0.0,114.0
8412,331,False,-2,0.0,115.0
8413,331,False,-1,0.0,116.0
8414,331,False,0,0.0,117.0
8415,331,False,1,0.0,118.0
8416,331,False,2,0.0,119.0
8417,331,False,3,0.0,120.0
8418,331,False,4,0.0,121.0
8419,331,False,5,0.0,122.0
8420,331,False,6,0.0,123.0
8421,331,False,7,0.0,124.0
8422,331,False,8,0.0,125.0
8423,331,False,9,0.0,126.0
8424,331,False,10,0.0,127.0
8425,331,False,11,0.0,128.0
8426,331,False,12,0.0,129.0
8427,331,False,13,0.0,130.0
8428,331,True,-14,0.0,103.0
8429,331,True,-13,0.0,104.0
8430,331,True,-12,0.0,105.0
8431,331,True,-11,0.0,106.0
8432,331,True,-10,0.0,107.0
8433,331,True,-9,0.0,108.0
8434,331,True,-8,0.0,109.0
8435,331,True,-7,0.0,110.0
8436,331,True,-6,0.0,111.0
8437,331,True,-5,0.0,112.0
8438,331,True,-4,0.0,113.0
8439,331,True,-3,0.0,114.0
8440,331,True,-2,0.0,115.0
8441,331,True,-1,0.0,116.0
8442,331,True,0,1.0,117.0
8443,331,True,1,0.0,118.0
8444,331,True,2,0.0,119.0
8445,331,True,3,0.0,120.0
8446,331,True,4,0.0,121.0
8447,331,True,5,0.0,122.0
8448,331,True,6,0.0,123.0
8449,331,True,7,0.0,124.0
8450,331,True,8,0.0,125.0
8451,331,True,9,0.0,126.0
8452,331,True,10,0.0,127.0
8453,331,True,11,0.0,128.0
8454,331,True,12,0.0,129.0
8455,331,True,13,0.0,130.0
8456,332,False,-14,0.0,137.0
8457,332,False,-13,1.0,138.0
8458,332,False,-12,1.0,139.0
8459,332,False,-11,1.0,140.0
8460,332,False,-10,0.0,141.0
8461,332,False,-9,1.0,142.0
8462,332,False,-8,0.0,143.0
8463,332,False,-7,0.0,144.0
8464,332,False,-6,0.0,145.0
8465,332,False,-5,0.0,146.0
8466,332,False,-4,0.0,147.0
8467,332,False,-3,0.0,148.0
8468,332,False,-2,0.0,149.0
8469,332,False,-1,0.0,150.0
8470,332,False,0,0.0,151.0
8471,332,False,1,0.0,152.0
8472,332,False,2,1.0,153.0
8473,332,False,3,0.0,154.0
8474,332,False,4,0.0,155.0
8475,332,False,5,0.0,156.0
8476,332,False,6,0.0,157.0
8477,332,False,7,0.0,158.0
8478,332,False,8,0.0,159.0
8479,332,False,9,1.0,160.0
8480,332,False,10,0.0,161.0
8481,332,False,11,1.0,162.0
8482,332,False,12,0.0,163.0
8483,332,False,13,0.0,164.0
8484,332,True,-14,0.0,137.0
8485,332,True,-13,0.0,138.0
8486,332,True,-12,0.0,139.0
8487,332,True,-11,0.0,140.0
8488,332,True,-10,0.0,141.0
8489,332,True,-9,0.0,142.0
8490,332,True,-8,0.0,143.0
8491,332,True,-7,0.0,144.0
8492,332,True,-6,0.0,145.0
8493,332,True,-5,0.0,146.0
8494,332,True,-4,0.0,147.0
8495,332,True,-3,0.0,148.0
8496,332,True,-2,1.0,149.0
8497,332,True,-1,0.0,150.0
8498,332,True,0,2.0,151.0
8499,332,True,1,1.0,152.0
8500,332,True,2,0.0,153.0
8501,332,True,3,0.0,154.0
8502,332,True,4,0.0,155.0
8503,332,True,5,0.0,156.0
8504,332,True,6,0.0,157.0
8505,332,True,7,0.0,158.0
8506,332,True,8,0.0,159.0
8507,332,True,9,0.0,160.0
8508,332,True,10,1.0,161.0
8509,332,True,11,0.0,162.0
8510,332,True,12,0.0,163.0
8511,332,True,13,0.0,164.0
8512,333,False,-14,65.0,25.0
8513,333,False,-13,83.0,26.0
8514,333,False,-12,55.0,27.0
8515,333,False,-11,48.0,28.0
8516,333,False,-10,44.0,29.0
8517,333,False,-9,31.0,30.0
8518,333,False,-8,33.0,31.0
8519,333,False,-7,25.0,32.0
8520,333,False,-6,35.0,33.0
8521,333,False,-5,29.0,34.0
8522,333,False,-4,20.0,35.0
8523,333,False,-3,18.0,36.0
8524,333,False,-2,28.0,37.0
8525,333,False,-1,21.0,38.0
8526,333,False,0,57.0,39.0
8527,333,False,1,106.0,40.0
8528,333,False,2,175.0,41.0
8529,333,False,3,30.0,42.0
8530,333,False,4,31.0,43.0
8531,333,False,5,17.0,44.0
8532,333,False,6,11.0,45.0
8533,333,False,7,11.0,46.0
8534,333,False,8,5.0,47.0
8535,333,False,9,10.0,48.0
8536,333,False,10,31.0,49.0
8537,333,False,11,18.0,50.0
8538,333,False,12,294.0,51.0
8539,333,False,13,71.0,52.0
8540,333,True,-14,13.0,25.0
8541,333,True,-13,23.0,26.0
8542,333,True,-12,13.0,27.0
8543,333,True,-11,15.0,28.0
8544,333,True,-10,12.0,29.0
8545,333,True,-9,11.0,30.0
8546,333,True,-8,6.0,31.0
8547,333,True,-7,9.0,32.0
8548,333,True,-6,9.0,33.0
8549,333,True,-5,9.0,34.0
8550,333,True,-4,6.0,35.0
8551,333,True,-3,8.0,36.0
8552,333,True,-2,9.0,37.0
8553,333,True,-1,4.0,38.0
8554,333,True,0,506.0,39.0
8555,333,True,1,58.0,40.0
8556,333,True,2,69.0,41.0
8557,333,True,3,12.0,42.0
8558,333,True,4,15.0,43.0
8559,333,True,5,6.0,44.0
8560,333,True,6,3.0,45.0
8561,333,True,7,3.0,46.0
8562,333,True,8,10.0,47.0
8563,333,True,9,4.0,48.0
8564,333,True,10,3.0,49.0
8565,333,True,11,7.0,50.0
8566,333,True,12,169.0,51.0
8567,333,True,13,24.0,52.0
8568,338,False,-14,0.0,156.0
8569,338,False,-13,2.0,157.0
8570,338,False,-12,1.0,158.0
8571,338,False,-11,0.0,159.0
8572,338,False,-10,3.0,160.0
8573,338,False,-9,3.0,161.0
8574,338,False,-8,2.0,162.0
8575,338,False,-7,3.0,163.0
8576,338,False,-6,1.0,164.0
8577,338,False,-5,2.0,165.0
8578,338,False,-4,2.0,166.0
8579,338,False,-3,1.0,167.0
8580,338,False,-2,1.0,168.0
8581,338,False,-1,2.0,169.0
8582,338,False,0,1.0,170.0
8583,338,False,1,1.0,171.0
8584,338,False,2,2.0,172.0
8585,338,False,3,3.0,173.0
8586,338,False,4,1.0,174.0
8587,338,False,5,3.0,175.0
8588,338,False,6,4.0,176.0
8589,338,False,7,3.0,177.0
8590,338,False,8,1.0,178.0
8591,338,False,9,0.0,179.0
8592,338,False,10,2.0,180.0
8593,338,False,11,1.0,181.0
8594,338,False,12,1.0,182.0
8595,338,False,13,6.0,183.0
8596,338,True,-14,0.0,156.0
8597,338,True,-13,0.0,157.0
8598,338,True,-12,0.0,158.0
8599,338,True,-11,0.0,159.0
8600,338,True,-10,0.0,160.0
8601,338,True,-9,0.0,161.0
8602,338,True,-8,0.0,162.0
8603,338,True,-7,18.0,163.0
8604,338,True,-6,0.0,164.0
8605,338,True,-5,0.0,165.0
8606,338,True,-4,0.0,166.0
8607,338,True,-3,0.0,167.0
8608,338,True,-2,0.0,168.0
8609,338,True,-1,0.0,169.0
8610,338,True,0,2.0,170.0
8611,338,True,1,2.0,171.0
8612,338,True,2,0.0,172.0
8613,338,True,3,3.0,173.0
8614,338,True,4,0.0,174.0
8615,338,True,5,2.0,175.0
8616,338,True,6,0.0,176.0
8617,338,True,7,0.0,177.0
8618,338,True,8,0.0,178.0
8619,338,True,9,1.0,179.0
8620,338,True,10,1.0,180.0
8621,338,True,11,1.0,181.0
8622,338,True,12,0.0,182.0
8623,338,True,13,0.0,183.0
8624,342,False,-14,0.0,229.0
8625,342,False,-13,0.0,230.0
8626,342,False,-12,0.0,231.0
8627,342,False,-11,0.0,232.0
8628,342,False,-10,0.0,233.0
8629,342,False,-9,0.0,234.0
8630,342,False,-8,0.0,235.0
8631,342,False,-7,0.0,236.0
8632,342,False,-6,0.0,237.0
8633,342,False,-5,0.0,238.0
8634,342,False,-4,0.0,239.0
8635,342,False,-3,0.0,240.0
8636,342,False,-2,0.0,241.0
8637,342,False,-1,0.0,242.0
8638,342,False,0,0.0,243.0
8639,342,False,1,0.0,244.0
8640,342,False,2,0.0,245.0
8641,342,False,3,0.0,246.0
8642,342,False,4,0.0,247.0
8643,342,False,5,0.0,248.0
8644,342,False,6,0.0,249.0
8645,342,False,7,0.0,250.0
8646,342,False,8,0.0,251.0
8647,342,False,9,0.0,252.0
8648,342,False,10,0.0,253.0
8649,342,False,11,0.0,254.0
8650,342,False,12,0.0,255.0
8651,342,False,13,0.0,256.0
8652,342,True,-14,0.0,229.0
8653,342,True,-13,0.0,230.0
8654,342,True,-12,0.0,231.0
8655,342,True,-11,0.0,232.0
8656,342,True,-10,0.0,233.0
8657,342,True,-9,0.0,234.0
8658,342,True,-8,1.0,235.0
8659,342,True,-7,0.0,236.0
8660,342,True,-6,0.0,237.0
8661,342,True,-5,0.0,238.0
8662,342,True,-4,0.0,239.0
8663,342,True,-3,0.0,240.0
8664,342,True,-2,0.0,241.0
8665,342,True,-1,0.0,242.0
8666,342,True,0,0.0,243.0
8667,342,True,1,0.0,244.0
8668,342,True,2,0.0,245.0
8669,342,True,3,0.0,246.0
8670,342,True,4,0.0,247.0
8671,342,True,5,0.0,248.0
8672,342,True,6,0.0,249.0
8673,342,True,7,0.0,250.0
8674,342,True,8,0.0,251.0
8675,342,True,9,0.0,252.0
8676,342,True,10,0.0,253.0
8677,342,True,11,0.0,254.0
8678,342,True,12,0.0,255.0
8679,342,True,13,0.0,256.0
8680,343,False,-14,0.0,-9.0
8681,343,False,-13,0.0,-8.0
8682,343,False,-12,0.0,-7.0
8683,343,False,-11,0.0,-6.0
8684,343,False,-10,0.0,-5.0
8685,343,False,-9,0.0,-4.0
8686,343,False,-8,0.0,-3.0
8687,343,False,-7,398.0,-2.0
8688,343,False,-6,153.0,-1.0
8689,343,False,-5,358.0,0.0
8690,343,False,-4,53.0,1.0
8691,343,False,-3,57.0,2.0
8692,343,False,-2,70.0,3.0
8693,343,False,-1,41.0,4.0
8694,343,False,0,30.0,5.0
8695,343,False,1,30.0,6.0
8696,343,False,2,27.0,7.0
8697,343,False,3,88.0,8.0
8698,343,False,4,39.0,9.0
8699,343,False,5,56.0,10.0
8700,343,False,6,174.0,11.0
8701,343,False,7,46.0,12.0
8702,343,False,8,13.0,13.0
8703,343,False,9,9.0,14.0
8704,343,False,10,18.0,15.0
8705,343,False,11,11.0,16.0
8706,343,False,12,10.0,17.0
8707,343,False,13,7.0,18.0
8708,343,True,-14,0.0,-9.0
8709,343,True,-13,0.0,-8.0
8710,343,True,-12,0.0,-7.0
8711,343,True,-11,0.0,-6.0
8712,343,True,-10,0.0,-5.0
8713,343,True,-9,0.0,-4.0
8714,343,True,-8,0.0,-3.0
8715,343,True,-7,0.0,-2.0
8716,343,True,-6,14.0,-1.0
8717,343,True,-5,159.0,0.0
8718,343,True,-4,26.0,1.0
8719,343,True,-3,14.0,2.0
8720,343,True,-2,28.0,3.0
8721,343,True,-1,6.0,4.0
8722,343,True,0,6.0,5.0
8723,343,True,1,0.0,6.0
8724,343,True,2,1.0,7.0
8725,343,True,3,18.0,8.0
8726,343,True,4,4.0,9.0
8727,343,True,5,13.0,10.0
8728,343,True,6,22.0,11.0
8729,343,True,7,4.0,12.0
8730,343,True,8,2.0,13.0
8731,343,True,9,1.0,14.0
8732,343,True,10,5.0,15.0
8733,343,True,11,0.0,16.0
8734,343,True,12,0.0,17.0
8735,343,True,13,0.0,18.0
8736,345,False,-14,13.0,62.0
8737,345,False,-13,10.0,63.0
8738,345,False,-12,11.0,64.0
8739,345,False,-11,8.0,65.0
8740,345,False,-10,16.0,66.0
8741,345,False,-9,9.0,67.0
8742,345,False,-8,11.0,68.0
8743,345,False,-7,15.0,69.0
8744,345,False,-6,9.0,70.0
8745,345,False,-5,15.0,71.0
8746,345,False,-4,19.0,72.0
8747,345,False,-3,138.0,73.0
8748,345,False,-2,97.0,74.0
8749,345,False,-1,104.0,75.0
8750,345,False,0,85.0,76.0
8751,345,False,1,22.0,77.0
8752,345,False,2,20.0,78.0
8753,345,False,3,22.0,79.0
8754,345,False,4,46.0,80.0
8755,345,False,5,20.0,81.0
8756,345,False,6,56.0,82.0
8757,345,False,7,19.0,83.0
8758,345,False,8,10.0,84.0
8759,345,False,9,38.0,85.0
8760,345,False,10,16.0,86.0
8761,345,False,11,25.0,87.0
8762,345,False,12,19.0,88.0
8763,345,False,13,17.0,89.0
8764,345,True,-14,1.0,62.0
8765,345,True,-13,1.0,63.0
8766,345,True,-12,0.0,64.0
8767,345,True,-11,1.0,65.0
8768,345,True,-10,0.0,66.0
8769,345,True,-9,2.0,67.0
8770,345,True,-8,1.0,68.0
8771,345,True,-7,2.0,69.0
8772,345,True,-6,4.0,70.0
8773,345,True,-5,1.0,71.0
8774,345,True,-4,1.0,72.0
8775,345,True,-3,19.0,73.0
8776,345,True,-2,6.0,74.0
8777,345,True,-1,13.0,75.0
8778,345,True,0,15.0,76.0
8779,345,True,1,6.0,77.0
8780,345,True,2,2.0,78.0
8781,345,True,3,0.0,79.0
8782,345,True,4,5.0,80.0
8783,345,True,5,2.0,81.0
8784,345,True,6,9.0,82.0
8785,345,True,7,2.0,83.0
8786,345,True,8,1.0,84.0
8787,345,True,9,0.0,85.0
8788,345,True,10,1.0,86.0
8789,345,True,11,1.0,87.0
8790,345,True,12,2.0,88.0
8791,345,True,13,2.0,89.0
8792,347,False,-14,0.0,-7.0
8793,347,False,-13,0.0,-6.0
8794,347,False,-12,0.0,-5.0
8795,347,False,-11,0.0,-4.0
8796,347,False,-10,0.0,-3.0
8797,347,False,-9,1.0,-2.0
8798,347,False,-8,0.0,-1.0
8799,347,False,-7,0.0,0.0
8800,347,False,-6,1.0,1.0
8801,347,False,-5,1.0,2.0
8802,347,False,-4,2.0,3.0
8803,347,False,-3,1.0,4.0
8804,347,False,-2,3.0,5.0
8805,347,False,-1,0.0,6.0
8806,347,False,0,9.0,7.0
8807,347,False,1,3.0,8.0
8808,347,False,2,1.0,9.0
8809,347,False,3,0.0,10.0
8810,347,False,4,1.0,11.0
8811,347,False,5,1.0,12.0
8812,347,False,6,0.0,13.0
8813,347,False,7,1.0,14.0
8814,347,False,8,1.0,15.0
8815,347,False,9,1.0,16.0
8816,347,False,10,1.0,17.0
8817,347,False,11,0.0,18.0
8818,347,False,12,2.0,19.0
8819,347,False,13,2.0,20.0
8820,347,True,-14,0.0,-7.0
8821,347,True,-13,0.0,-6.0
8822,347,True,-12,0.0,-5.0
8823,347,True,-11,0.0,-4.0
8824,347,True,-10,0.0,-3.0
8825,347,True,-9,0.0,-2.0
8826,347,True,-8,0.0,-1.0
8827,347,True,-7,0.0,0.0
8828,347,True,-6,0.0,1.0
8829,347,True,-5,0.0,2.0
8830,347,True,-4,0.0,3.0
8831,347,True,-3,0.0,4.0
8832,347,True,-2,0.0,5.0
8833,347,True,-1,0.0,6.0
8834,347,True,0,4.0,7.0
8835,347,True,1,1.0,8.0
8836,347,True,2,0.0,9.0
8837,347,True,3,0.0,10.0
8838,347,True,4,0.0,11.0
8839,347,True,5,0.0,12.0
8840,347,True,6,0.0,13.0
8841,347,True,7,0.0,14.0
8842,347,True,8,0.0,15.0
8843,347,True,9,0.0,16.0
8844,347,True,10,0.0,17.0
8845,347,True,11,0.0,18.0
8846,347,True,12,0.0,19.0
8847,347,True,13,0.0,20.0
8848,351,False,-14,2.0,185.0
8849,351,False,-13,2.0,186.0
8850,351,False,-12,1.0,187.0
8851,351,False,-11,2.0,188.0
8852,351,False,-10,2.0,189.0
8853,351,False,-9,1.0,190.0
8854,351,False,-8,1.0,191.0
8855,351,False,-7,1.0,192.0
8856,351,False,-6,2.0,193.0
8857,351,False,-5,0.0,194.0
8858,351,False,-4,0.0,195.0
8859,351,False,-3,1.0,196.0
8860,351,False,-2,1.0,197.0
8861,351,False,-1,3.0,198.0
8862,351,False,0,1.0,199.0
8863,351,False,1,1.0,200.0
8864,351,False,2,0.0,201.0
8865,351,False,3,4.0,202.0
8866,351,False,4,2.0,203.0
8867,351,False,5,3.0,204.0
8868,351,False,6,3.0,205.0
8869,351,False,7,1.0,206.0
8870,351,False,8,2.0,207.0
8871,351,False,9,4.0,208.0
8872,351,False,10,1.0,209.0
8873,351,False,11,2.0,210.0
8874,351,False,12,1.0,211.0
8875,351,False,13,0.0,212.0
8876,351,True,-14,2.0,185.0
8877,351,True,-13,1.0,186.0
8878,351,True,-12,2.0,187.0
8879,351,True,-11,0.0,188.0
8880,351,True,-10,1.0,189.0
8881,351,True,-9,0.0,190.0
8882,351,True,-8,0.0,191.0
8883,351,True,-7,0.0,192.0
8884,351,True,-6,0.0,193.0
8885,351,True,-5,0.0,194.0
8886,351,True,-4,1.0,195.0
8887,351,True,-3,0.0,196.0
8888,351,True,-2,3.0,197.0
8889,351,True,-1,0.0,198.0
8890,351,True,0,3.0,199.0
8891,351,True,1,0.0,200.0
8892,351,True,2,0.0,201.0
8893,351,True,3,0.0,202.0
8894,351,True,4,0.0,203.0
8895,351,True,5,0.0,204.0
8896,351,True,6,1.0,205.0
8897,351,True,7,2.0,206.0
8898,351,True,8,0.0,207.0
8899,351,True,9,0.0,208.0
8900,351,True,10,1.0,209.0
8901,351,True,11,1.0,210.0
8902,351,True,12,0.0,211.0
8903,351,True,13,0.0,212.0
8904,352,False,-14,0.0,209.0
8905,352,False,-13,0.0,210.0
8906,352,False,-12,0.0,211.0
8907,352,False,-11,0.0,212.0
8908,352,False,-10,0.0,213.0
8909,352,False,-9,0.0,214.0
8910,352,False,-8,1.0,215.0
8911,352,False,-7,0.0,216.0
8912,352,False,-6,0.0,217.0
8913,352,False,-5,2.0,218.0
8914,352,False,-4,0.0,219.0
8915,352,False,-3,0.0,220.0
8916,352,False,-2,0.0,221.0
8917,352,False,-1,0.0,222.0
8918,352,False,0,0.0,223.0
8919,352,False,1,0.0,224.0
8920,352,False,2,0.0,225.0
8921,352,False,3,0.0,226.0
8922,352,False,4,1.0,227.0
8923,352,False,5,2.0,228.0
8924,352,False,6,1.0,229.0
8925,352,False,7,1.0,230.0
8926,352,False,8,1.0,231.0
8927,352,False,9,0.0,232.0
8928,352,False,10,2.0,233.0
8929,352,False,11,0.0,234.0
8930,352,False,12,0.0,235.0
8931,352,False,13,1.0,236.0
8932,352,True,-14,0.0,209.0
8933,352,True,-13,0.0,210.0
8934,352,True,-12,0.0,211.0
8935,352,True,-11,0.0,212.0
8936,352,True,-10,1.0,213.0
8937,352,True,-9,0.0,214.0
8938,352,True,-8,0.0,215.0
8939,352,True,-7,0.0,216.0
8940,352,True,-6,0.0,217.0
8941,352,True,-5,0.0,218.0
8942,352,True,-4,0.0,219.0
8943,352,True,-3,0.0,220.0
8944,352,True,-2,0.0,221.0
8945,352,True,-1,0.0,222.0
8946,352,True,0,1.0,223.0
8947,352,True,1,1.0,224.0
8948,352,True,2,0.0,225.0
8949,352,True,3,0.0,226.0
8950,352,True,4,0.0,227.0
8951,352,True,5,0.0,228.0
8952,352,True,6,3.0,229.0
8953,352,True,7,0.0,230.0
8954,352,True,8,1.0,231.0
8955,352,True,9,0.0,232.0
8956,352,True,10,0.0,233.0
8957,352,True,11,0.0,234.0
8958,352,True,12,0.0,235.0
8959,352,True,13,0.0,236.0
8960,353,False,-14,0.0,73.0
8961,353,False,-13,0.0,74.0
8962,353,False,-12,0.0,75.0
8963,353,False,-11,0.0,76.0
8964,353,False,-10,1.0,77.0
8965,353,False,-9,1.0,78.0
8966,353,False,-8,2.0,79.0
8967,353,False,-7,0.0,80.0
8968,353,False,-6,0.0,81.0
8969,353,False,-5,0.0,82.0
8970,353,False,-4,0.0,83.0
8971,353,False,-3,1.0,84.0
8972,353,False,-2,0.0,85.0
8973,353,False,-1,0.0,86.0
8974,353,False,0,0.0,87.0
8975,353,False,1,0.0,88.0
8976,353,False,2,2.0,89.0
8977,353,False,3,0.0,90.0
8978,353,False,4,0.0,91.0
8979,353,False,5,0.0,92.0
8980,353,False,6,1.0,93.0
8981,353,False,7,0.0,94.0
8982,353,False,8,0.0,95.0
8983,353,False,9,0.0,96.0
8984,353,False,10,0.0,97.0
8985,353,False,11,0.0,98.0
8986,353,False,12,0.0,99.0
8987,353,False,13,0.0,100.0
8988,353,True,-14,0.0,73.0
8989,353,True,-13,0.0,74.0
8990,353,True,-12,0.0,75.0
8991,353,True,-11,0.0,76.0
8992,353,True,-10,0.0,77.0
8993,353,True,-9,0.0,78.0
8994,353,True,-8,0.0,79.0
8995,353,True,-7,0.0,80.0
8996,353,True,-6,0.0,81.0
8997,353,True,-5,0.0,82.0
8998,353,True,-4,0.0,83.0
8999,353,True,-3,0.0,84.0
9000,353,True,-2,0.0,85.0
9001,353,True,-1,0.0,86.0
9002,353,True,0,0.0,87.0
9003,353,True,1,0.0,88.0
9004,353,True,2,0.0,89.0
9005,353,True,3,0.0,90.0
9006,353,True,4,0.0,91.0
9007,353,True,5,0.0,92.0
9008,353,True,6,2.0,93.0
9009,353,True,7,1.0,94.0
9010,353,True,8,0.0,95.0
9011,353,True,9,0.0,96.0
9012,353,True,10,0.0,97.0
9013,353,True,11,0.0,98.0
9014,353,True,12,0.0,99.0
9015,353,True,13,0.0,100.0
9016,354,False,-14,0.0,141.0
9017,354,False,-13,0.0,142.0
9018,354,False,-12,0.0,143.0
9019,354,False,-11,0.0,144.0
9020,354,False,-10,0.0,145.0
9021,354,False,-9,0.0,146.0
9022,354,False,-8,0.0,147.0
9023,354,False,-7,0.0,148.0
9024,354,False,-6,0.0,149.0
9025,354,False,-5,0.0,150.0
9026,354,False,-4,0.0,151.0
9027,354,False,-3,0.0,152.0
9028,354,False,-2,0.0,153.0
9029,354,False,-1,1.0,154.0
9030,354,False,0,0.0,155.0
9031,354,False,1,0.0,156.0
9032,354,False,2,0.0,157.0
9033,354,False,3,0.0,158.0
9034,354,False,4,0.0,159.0
9035,354,False,5,0.0,160.0
9036,354,False,6,0.0,161.0
9037,354,False,7,0.0,162.0
9038,354,False,8,0.0,163.0
9039,354,False,9,0.0,164.0
9040,354,False,10,0.0,165.0
9041,354,False,11,0.0,166.0
9042,354,False,12,2.0,167.0
9043,354,False,13,0.0,168.0
9044,354,True,-14,0.0,141.0
9045,354,True,-13,0.0,142.0
9046,354,True,-12,0.0,143.0
9047,354,True,-11,0.0,144.0
9048,354,True,-10,0.0,145.0
9049,354,True,-9,0.0,146.0
9050,354,True,-8,0.0,147.0
9051,354,True,-7,0.0,148.0
9052,354,True,-6,1.0,149.0
9053,354,True,-5,0.0,150.0
9054,354,True,-4,0.0,151.0
9055,354,True,-3,0.0,152.0
9056,354,True,-2,0.0,153.0
9057,354,True,-1,0.0,154.0
9058,354,True,0,0.0,155.0
9059,354,True,1,0.0,156.0
9060,354,True,2,0.0,157.0
9061,354,True,3,0.0,158.0
9062,354,True,4,0.0,159.0
9063,354,True,5,0.0,160.0
9064,354,True,6,0.0,161.0
9065,354,True,7,0.0,162.0
9066,354,True,8,0.0,163.0
9067,354,True,9,0.0,164.0
9068,354,True,10,1.0,165.0
9069,354,True,11,0.0,166.0
9070,354,True,12,0.0,167.0
9071,354,True,13,0.0,168.0
9072,355,False,-14,5.0,5.0
9073,355,False,-13,7.0,6.0
9074,355,False,-12,3.0,7.0
9075,355,False,-11,3.0,8.0
9076,355,False,-10,2.0,9.0
9077,355,False,-9,0.0,10.0
9078,355,False,-8,2.0,11.0
9079,355,False,-7,2.0,12.0
9080,355,False,-6,0.0,13.0
9081,355,False,-5,0.0,14.0
9082,355,False,-4,0.0,15.0
9083,355,False,-3,2.0,16.0
9084,355,False,-2,3.0,17.0
9085,355,False,-1,0.0,18.0
9086,355,False,0,2.0,19.0
9087,355,False,1,2.0,20.0
9088,355,False,2,2.0,21.0
9089,355,False,3,0.0,22.0
9090,355,False,4,1.0,23.0
9091,355,False,5,1.0,24.0
9092,355,False,6,1.0,25.0
9093,355,False,7,2.0,26.0
9094,355,False,8,1.0,27.0
9095,355,False,9,0.0,28.0
9096,355,False,10,2.0,29.0
9097,355,False,11,0.0,30.0
9098,355,False,12,0.0,31.0
9099,355,False,13,0.0,32.0
9100,355,True,-14,1.0,5.0
9101,355,True,-13,2.0,6.0
9102,355,True,-12,0.0,7.0
9103,355,True,-11,0.0,8.0
9104,355,True,-10,0.0,9.0
9105,355,True,-9,0.0,10.0
9106,355,True,-8,0.0,11.0
9107,355,True,-7,0.0,12.0
9108,355,True,-6,0.0,13.0
9109,355,True,-5,0.0,14.0
9110,355,True,-4,0.0,15.0
9111,355,True,-3,1.0,16.0
9112,355,True,-2,0.0,17.0
9113,355,True,-1,0.0,18.0
9114,355,True,0,5.0,19.0
9115,355,True,1,0.0,20.0
9116,355,True,2,1.0,21.0
9117,355,True,3,1.0,22.0
9118,355,True,4,0.0,23.0
9119,355,True,5,0.0,24.0
9120,355,True,6,1.0,25.0
9121,355,True,7,0.0,26.0
9122,355,True,8,1.0,27.0
9123,355,True,9,0.0,28.0
9124,355,True,10,0.0,29.0
9125,355,True,11,0.0,30.0
9126,355,True,12,0.0,31.0
9127,355,True,13,0.0,32.0
9128,357,False,-14,0.0,-7.0
9129,357,False,-13,0.0,-6.0
9130,357,False,-12,0.0,-5.0
9131,357,False,-11,0.0,-4.0
9132,357,False,-10,0.0,-3.0
9133,357,False,-9,0.0,-2.0
9134,357,False,-8,0.0,-1.0
9135,357,False,-7,0.0,0.0
9136,357,False,-6,0.0,1.0
9137,357,False,-5,0.0,2.0
9138,357,False,-4,0.0,3.0
9139,357,False,-3,2198.0,4.0
9140,357,False,-2,4932.0,5.0
9141,357,False,-1,5021.0,6.0
9142,357,False,0,5602.0,7.0
9143,357,False,1,18393.0,8.0
9144,357,False,2,7736.0,9.0
9145,357,False,3,6334.0,10.0
9146,357,False,4,6291.0,11.0
9147,357,False,5,1181.0,12.0
9148,357,False,6,2565.0,13.0
9149,357,False,7,1709.0,14.0
9150,357,False,8,788.0,15.0
9151,357,False,9,539.0,16.0
9152,357,False,10,1748.0,17.0
9153,357,False,11,679.0,18.0
9154,357,False,12,463.0,19.0
9155,357,False,13,471.0,20.0
9156,357,True,-14,0.0,-7.0
9157,357,True,-13,0.0,-6.0
9158,357,True,-12,0.0,-5.0
9159,357,True,-11,0.0,-4.0
9160,357,True,-10,0.0,-3.0
9161,357,True,-9,0.0,-2.0
9162,357,True,-8,0.0,-1.0
9163,357,True,-7,0.0,0.0
9164,357,True,-6,0.0,1.0
9165,357,True,-5,0.0,2.0
9166,357,True,-4,0.0,3.0
9167,357,True,-3,694.0,4.0
9168,357,True,-2,2702.0,5.0
9169,357,True,-1,4045.0,6.0
9170,357,True,0,1492.0,7.0
9171,357,True,1,5808.0,8.0
9172,357,True,2,2210.0,9.0
9173,357,True,3,740.0,10.0
9174,357,True,4,453.0,11.0
9175,357,True,5,425.0,12.0
9176,357,True,6,157.0,13.0
9177,357,True,7,163.0,14.0
9178,357,True,8,119.0,15.0
9179,357,True,9,21.0,16.0
9180,357,True,10,51.0,17.0
9181,357,True,11,44.0,18.0
9182,357,True,12,33.0,19.0
9183,357,True,13,30.0,20.0
9184,363,False,-14,2.0,247.0
9185,363,False,-13,1.0,248.0
9186,363,False,-12,4.0,249.0
9187,363,False,-11,2.0,250.0
9188,363,False,-10,1.0,251.0
9189,363,False,-9,3.0,252.0
9190,363,False,-8,1.0,253.0
9191,363,False,-7,2.0,254.0
9192,363,False,-6,4.0,255.0
9193,363,False,-5,2.0,256.0
9194,363,False,-4,2.0,257.0
9195,363,False,-3,2.0,258.0
9196,363,False,-2,2.0,259.0
9197,363,False,-1,5.0,260.0
9198,363,False,0,2.0,261.0
9199,363,False,1,4.0,262.0
9200,363,False,2,1.0,263.0
9201,363,False,3,2.0,264.0
9202,363,False,4,1.0,265.0
9203,363,False,5,2.0,266.0
9204,363,False,6,0.0,267.0
9205,363,False,7,0.0,268.0
9206,363,False,8,2.0,269.0
9207,363,False,9,2.0,270.0
9208,363,False,10,2.0,271.0
9209,363,False,11,1.0,272.0
9210,363,False,12,0.0,273.0
9211,363,False,13,1.0,274.0
9212,363,True,-14,0.0,247.0
9213,363,True,-13,0.0,248.0
9214,363,True,-12,3.0,249.0
9215,363,True,-11,0.0,250.0
9216,363,True,-10,0.0,251.0
9217,363,True,-9,0.0,252.0
9218,363,True,-8,2.0,253.0
9219,363,True,-7,3.0,254.0
9220,363,True,-6,1.0,255.0
9221,363,True,-5,2.0,256.0
9222,363,True,-4,0.0,257.0
9223,363,True,-3,0.0,258.0
9224,363,True,-2,2.0,259.0
9225,363,True,-1,1.0,260.0
9226,363,True,0,0.0,261.0
9227,363,True,1,0.0,262.0
9228,363,True,2,0.0,263.0
9229,363,True,3,1.0,264.0
9230,363,True,4,2.0,265.0
9231,363,True,5,1.0,266.0
9232,363,True,6,0.0,267.0
9233,363,True,7,1.0,268.0
9234,363,True,8,0.0,269.0
9235,363,True,9,4.0,270.0
9236,363,True,10,0.0,271.0
9237,363,True,11,1.0,272.0
9238,363,True,12,0.0,273.0
9239,363,True,13,1.0,274.0
9240,364,False,-14,0.0,229.0
9241,364,False,-13,0.0,230.0
9242,364,False,-12,0.0,231.0
9243,364,False,-11,0.0,232.0
9244,364,False,-10,0.0,233.0
9245,364,False,-9,0.0,234.0
9246,364,False,-8,1.0,235.0
9247,364,False,-7,0.0,236.0
9248,364,False,-6,0.0,237.0
9249,364,False,-5,0.0,238.0
9250,364,False,-4,0.0,239.0
9251,364,False,-3,0.0,240.0
9252,364,False,-2,0.0,241.0
9253,364,False,-1,0.0,242.0
9254,364,False,0,0.0,243.0
9255,364,False,1,0.0,244.0
9256,364,False,2,0.0,245.0
9257,364,False,3,0.0,246.0
9258,364,False,4,0.0,247.0
9259,364,False,5,0.0,248.0
9260,364,False,6,0.0,249.0
9261,364,False,7,0.0,250.0
9262,364,False,8,0.0,251.0
9263,364,False,9,0.0,252.0
9264,364,False,10,0.0,253.0
9265,364,False,11,0.0,254.0
9266,364,False,12,0.0,255.0
9267,364,False,13,0.0,256.0
9268,364,True,-14,0.0,229.0
9269,364,True,-13,0.0,230.0
9270,364,True,-12,0.0,231.0
9271,364,True,-11,0.0,232.0
9272,364,True,-10,0.0,233.0
9273,364,True,-9,0.0,234.0
9274,364,True,-8,0.0,235.0
9275,364,True,-7,0.0,236.0
9276,364,True,-6,0.0,237.0
9277,364,True,-5,0.0,238.0
9278,364,True,-4,0.0,239.0
9279,364,True,-3,0.0,240.0
9280,364,True,-2,0.0,241.0
9281,364,True,-1,0.0,242.0
9282,364,True,0,0.0,243.0
9283,364,True,1,0.0,244.0
9284,364,True,2,0.0,245.0
9285,364,True,3,0.0,246.0
9286,364,True,4,1.0,247.0
9287,364,True,5,0.0,248.0
9288,364,True,6,0.0,249.0
9289,364,True,7,1.0,250.0
9290,364,True,8,0.0,251.0
9291,364,True,9,0.0,252.0
9292,364,True,10,0.0,253.0
9293,364,True,11,0.0,254.0
9294,364,True,12,0.0,255.0
9295,364,True,13,0.0,256.0
9296,366,False,-14,3.0,114.0
9297,366,False,-13,1.0,115.0
9298,366,False,-12,1.0,116.0
9299,366,False,-11,3.0,117.0
9300,366,False,-10,0.0,118.0
9301,366,False,-9,4.0,119.0
9302,366,False,-8,3.0,120.0
9303,366,False,-7,3.0,121.0
9304,366,False,-6,3.0,122.0
9305,366,False,-5,1.0,123.0
9306,366,False,-4,1.0,124.0
9307,366,False,-3,1.0,125.0
9308,366,False,-2,4.0,126.0
9309,366,False,-1,3.0,127.0
9310,366,False,0,6.0,128.0
9311,366,False,1,6.0,129.0
9312,366,False,2,3.0,130.0
9313,366,False,3,9.0,131.0
9314,366,False,4,5.0,132.0
9315,366,False,5,9.0,133.0
9316,366,False,6,4.0,134.0
9317,366,False,7,2.0,135.0
9318,366,False,8,3.0,136.0
9319,366,False,9,1.0,137.0
9320,366,False,10,4.0,138.0
9321,366,False,11,3.0,139.0
9322,366,False,12,12.0,140.0
9323,366,False,13,4.0,141.0
9324,366,True,-14,0.0,114.0
9325,366,True,-13,2.0,115.0
9326,366,True,-12,0.0,116.0
9327,366,True,-11,0.0,117.0
9328,366,True,-10,0.0,118.0
9329,366,True,-9,3.0,119.0
9330,366,True,-8,1.0,120.0
9331,366,True,-7,1.0,121.0
9332,366,True,-6,1.0,122.0
9333,366,True,-5,2.0,123.0
9334,366,True,-4,2.0,124.0
9335,366,True,-3,1.0,125.0
9336,366,True,-2,0.0,126.0
9337,366,True,-1,0.0,127.0
9338,366,True,0,8.0,128.0
9339,366,True,1,0.0,129.0
9340,366,True,2,0.0,130.0
9341,366,True,3,4.0,131.0
9342,366,True,4,2.0,132.0
9343,366,True,5,0.0,133.0
9344,366,True,6,0.0,134.0
9345,366,True,7,0.0,135.0
9346,366,True,8,0.0,136.0
9347,366,True,9,0.0,137.0
9348,366,True,10,0.0,138.0
9349,366,True,11,1.0,139.0
9350,366,True,12,4.0,140.0
9351,366,True,13,0.0,141.0
9352,368,False,-14,1.0,209.0
9353,368,False,-13,0.0,210.0
9354,368,False,-12,2.0,211.0
9355,368,False,-11,0.0,212.0
9356,368,False,-10,2.0,213.0
9357,368,False,-9,0.0,214.0
9358,368,False,-8,0.0,215.0
9359,368,False,-7,0.0,216.0
9360,368,False,-6,0.0,217.0
9361,368,False,-5,0.0,218.0
9362,368,False,-4,0.0,219.0
9363,368,False,-3,1.0,220.0
9364,368,False,-2,1.0,221.0
9365,368,False,-1,1.0,222.0
9366,368,False,0,0.0,223.0
9367,368,False,1,0.0,224.0
9368,368,False,2,0.0,225.0
9369,368,False,3,0.0,226.0
9370,368,False,4,0.0,227.0
9371,368,False,5,0.0,228.0
9372,368,False,6,0.0,229.0
9373,368,False,7,1.0,230.0
9374,368,False,8,0.0,231.0
9375,368,False,9,0.0,232.0
9376,368,False,10,1.0,233.0
9377,368,False,11,0.0,234.0
9378,368,False,12,0.0,235.0
9379,368,False,13,0.0,236.0
9380,368,True,-14,0.0,209.0
9381,368,True,-13,0.0,210.0
9382,368,True,-12,0.0,211.0
9383,368,True,-11,0.0,212.0
9384,368,True,-10,0.0,213.0
9385,368,True,-9,0.0,214.0
9386,368,True,-8,0.0,215.0
9387,368,True,-7,0.0,216.0
9388,368,True,-6,0.0,217.0
9389,368,True,-5,0.0,218.0
9390,368,True,-4,1.0,219.0
9391,368,True,-3,0.0,220.0
9392,368,True,-2,0.0,221.0
9393,368,True,-1,0.0,222.0
9394,368,True,0,0.0,223.0
9395,368,True,1,0.0,224.0
9396,368,True,2,0.0,225.0
9397,368,True,3,0.0,226.0
9398,368,True,4,0.0,227.0
9399,368,True,5,0.0,228.0
9400,368,True,6,0.0,229.0
9401,368,True,7,0.0,230.0
9402,368,True,8,0.0,231.0
9403,368,True,9,0.0,232.0
9404,368,True,10,0.0,233.0
9405,368,True,11,0.0,234.0
9406,368,True,12,0.0,235.0
9407,368,True,13,0.0,236.0
9408,375,False,-14,0.0,216.0
9409,375,False,-13,0.0,217.0
9410,375,False,-12,0.0,218.0
9411,375,False,-11,0.0,219.0
9412,375,False,-10,0.0,220.0
9413,375,False,-9,0.0,221.0
9414,375,False,-8,0.0,222.0
9415,375,False,-7,0.0,223.0
9416,375,False,-6,0.0,224.0
9417,375,False,-5,0.0,225.0
9418,375,False,-4,0.0,226.0
9419,375,False,-3,0.0,227.0
9420,375,False,-2,0.0,228.0
9421,375,False,-1,0.0,229.0
9422,375,False,0,1.0,230.0
9423,375,False,1,0.0,231.0
9424,375,False,2,0.0,232.0
9425,375,False,3,0.0,233.0
9426,375,False,4,0.0,234.0
9427,375,False,5,1.0,235.0
9428,375,False,6,0.0,236.0
9429,375,False,7,0.0,237.0
9430,375,False,8,0.0,238.0
9431,375,False,9,0.0,239.0
9432,375,False,10,0.0,240.0
9433,375,False,11,0.0,241.0
9434,375,False,12,0.0,242.0
9435,375,False,13,0.0,243.0
9436,375,True,-14,0.0,216.0
9437,375,True,-13,0.0,217.0
9438,375,True,-12,0.0,218.0
9439,375,True,-11,0.0,219.0
9440,375,True,-10,0.0,220.0
9441,375,True,-9,0.0,221.0
9442,375,True,-8,0.0,222.0
9443,375,True,-7,0.0,223.0
9444,375,True,-6,0.0,224.0
9445,375,True,-5,0.0,225.0
9446,375,True,-4,0.0,226.0
9447,375,True,-3,0.0,227.0
9448,375,True,-2,0.0,228.0
9449,375,True,-1,0.0,229.0
9450,375,True,0,0.0,230.0
9451,375,True,1,0.0,231.0
9452,375,True,2,0.0,232.0
9453,375,True,3,0.0,233.0
9454,375,True,4,0.0,234.0
9455,375,True,5,0.0,235.0
9456,375,True,6,0.0,236.0
9457,375,True,7,0.0,237.0
9458,375,True,8,0.0,238.0
9459,375,True,9,0.0,239.0
9460,375,True,10,0.0,240.0
9461,375,True,11,0.0,241.0
9462,375,True,12,0.0,242.0
9463,375,True,13,0.0,243.0
9464,377,False,-14,0.0,114.0
9465,377,False,-13,0.0,115.0
9466,377,False,-12,0.0,116.0
9467,377,False,-11,0.0,117.0
9468,377,False,-10,0.0,118.0
9469,377,False,-9,1.0,119.0
9470,377,False,-8,0.0,120.0
9471,377,False,-7,1.0,121.0
9472,377,False,-6,1.0,122.0
9473,377,False,-5,0.0,123.0
9474,377,False,-4,1.0,124.0
9475,377,False,-3,2.0,125.0
9476,377,False,-2,1.0,126.0
9477,377,False,-1,1.0,127.0
9478,377,False,0,1.0,128.0
9479,377,False,1,1.0,129.0
9480,377,False,2,0.0,130.0
9481,377,False,3,0.0,131.0
9482,377,False,4,0.0,132.0
9483,377,False,5,0.0,133.0
9484,377,False,6,1.0,134.0
9485,377,False,7,0.0,135.0
9486,377,False,8,0.0,136.0
9487,377,False,9,0.0,137.0
9488,377,False,10,1.0,138.0
9489,377,False,11,0.0,139.0
9490,377,False,12,0.0,140.0
9491,377,False,13,0.0,141.0
9492,377,True,-14,0.0,114.0
9493,377,True,-13,0.0,115.0
9494,377,True,-12,1.0,116.0
9495,377,True,-11,0.0,117.0
9496,377,True,-10,0.0,118.0
9497,377,True,-9,0.0,119.0
9498,377,True,-8,0.0,120.0
9499,377,True,-7,0.0,121.0
9500,377,True,-6,0.0,122.0
9501,377,True,-5,0.0,123.0
9502,377,True,-4,0.0,124.0
9503,377,True,-3,0.0,125.0
9504,377,True,-2,0.0,126.0
9505,377,True,-1,0.0,127.0
9506,377,True,0,1.0,128.0
9507,377,True,1,0.0,129.0
9508,377,True,2,0.0,130.0
9509,377,True,3,0.0,131.0
9510,377,True,4,0.0,132.0
9511,377,True,5,0.0,133.0
9512,377,True,6,1.0,134.0
9513,377,True,7,0.0,135.0
9514,377,True,8,0.0,136.0
9515,377,True,9,0.0,137.0
9516,377,True,10,1.0,138.0
9517,377,True,11,0.0,139.0
9518,377,True,12,0.0,140.0
9519,377,True,13,0.0,141.0
9520,379,False,-14,0.0,240.0
9521,379,False,-13,1.0,241.0
9522,379,False,-12,0.0,242.0
9523,379,False,-11,0.0,243.0
9524,379,False,-10,1.0,244.0
9525,379,False,-9,2.0,245.0
9526,379,False,-8,0.0,246.0
9527,379,False,-7,0.0,247.0
9528,379,False,-6,0.0,248.0
9529,379,False,-5,0.0,249.0
9530,379,False,-4,0.0,250.0
9531,379,False,-3,0.0,251.0
9532,379,False,-2,1.0,252.0
9533,379,False,-1,0.0,253.0
9534,379,False,0,0.0,254.0
9535,379,False,1,0.0,255.0
9536,379,False,2,0.0,256.0
9537,379,False,3,0.0,257.0
9538,379,False,4,2.0,258.0
9539,379,False,5,0.0,259.0
9540,379,False,6,0.0,260.0
9541,379,False,7,0.0,261.0
9542,379,False,8,1.0,262.0
9543,379,False,9,0.0,263.0
9544,379,False,10,0.0,264.0
9545,379,False,11,0.0,265.0
9546,379,False,12,0.0,266.0
9547,379,False,13,0.0,267.0
9548,379,True,-14,0.0,240.0
9549,379,True,-13,1.0,241.0
9550,379,True,-12,0.0,242.0
9551,379,True,-11,0.0,243.0
9552,379,True,-10,0.0,244.0
9553,379,True,-9,3.0,245.0
9554,379,True,-8,1.0,246.0
9555,379,True,-7,0.0,247.0
9556,379,True,-6,0.0,248.0
9557,379,True,-5,0.0,249.0
9558,379,True,-4,0.0,250.0
9559,379,True,-3,0.0,251.0
9560,379,True,-2,0.0,252.0
9561,379,True,-1,0.0,253.0
9562,379,True,0,1.0,254.0
9563,379,True,1,0.0,255.0
9564,379,True,2,0.0,256.0
9565,379,True,3,1.0,257.0
9566,379,True,4,0.0,258.0
9567,379,True,5,0.0,259.0
9568,379,True,6,0.0,260.0
9569,379,True,7,0.0,261.0
9570,379,True,8,0.0,262.0
9571,379,True,9,0.0,263.0
9572,379,True,10,0.0,264.0
9573,379,True,11,1.0,265.0
9574,379,True,12,0.0,266.0
9575,379,True,13,0.0,267.0
9576,381,False,-14,0.0,-14.0
9577,381,False,-13,0.0,-13.0
9578,381,False,-12,0.0,-12.0
9579,381,False,-11,0.0,-11.0
9580,381,False,-10,0.0,-10.0
9581,381,False,-9,0.0,-9.0
9582,381,False,-8,0.0,-8.0
9583,381,False,-7,0.0,-7.0
9584,381,False,-6,1.0,-6.0
9585,381,False,-5,0.0,-5.0
9586,381,False,-4,1.0,-4.0
9587,381,False,-3,6.0,-3.0
9588,381,False,-2,15.0,-2.0
9589,381,False,-1,14.0,-1.0
9590,381,False,0,139.0,0.0
9591,381,False,1,46.0,1.0
9592,381,False,2,22.0,2.0
9593,381,False,3,16.0,3.0
9594,381,False,4,43.0,4.0
9595,381,False,5,60.0,5.0
9596,381,False,6,343.0,6.0
9597,381,False,7,93.0,7.0
9598,381,False,8,136.0,8.0
9599,381,False,9,819.0,9.0
9600,381,False,10,549.0,10.0
9601,381,False,11,138.0,11.0
9602,381,False,12,362.0,12.0
9603,381,False,13,110.0,13.0
9604,381,True,-14,0.0,-14.0
9605,381,True,-13,0.0,-13.0
9606,381,True,-12,0.0,-12.0
9607,381,True,-11,0.0,-11.0
9608,381,True,-10,0.0,-10.0
9609,381,True,-9,0.0,-9.0
9610,381,True,-8,0.0,-8.0
9611,381,True,-7,0.0,-7.0
9612,381,True,-6,0.0,-6.0
9613,381,True,-5,0.0,-5.0
9614,381,True,-4,0.0,-4.0
9615,381,True,-3,0.0,-3.0
9616,381,True,-2,0.0,-2.0
9617,381,True,-1,2.0,-1.0
9618,381,True,0,246.0,0.0
9619,381,True,1,7.0,1.0
9620,381,True,2,3.0,2.0
9621,381,True,3,0.0,3.0
9622,381,True,4,1.0,4.0
9623,381,True,5,0.0,5.0
9624,381,True,6,19.0,6.0
9625,381,True,7,3.0,7.0
9626,381,True,8,5.0,8.0
9627,381,True,9,22.0,9.0
9628,381,True,10,16.0,10.0
9629,381,True,11,3.0,11.0
9630,381,True,12,20.0,12.0
9631,381,True,13,4.0,13.0
9632,382,False,-14,0.0,-7.0
9633,382,False,-13,0.0,-6.0
9634,382,False,-12,0.0,-5.0
9635,382,False,-11,0.0,-4.0
9636,382,False,-10,0.0,-3.0
9637,382,False,-9,0.0,-2.0
9638,382,False,-8,0.0,-1.0
9639,382,False,-7,0.0,0.0
9640,382,False,-6,0.0,1.0
9641,382,False,-5,0.0,2.0
9642,382,False,-4,0.0,3.0
9643,382,False,-3,109.0,4.0
9644,382,False,-2,1061.0,5.0
9645,382,False,-1,1042.0,6.0
9646,382,False,0,674.0,7.0
9647,382,False,1,529.0,8.0
9648,382,False,2,826.0,9.0
9649,382,False,3,835.0,10.0
9650,382,False,4,352.0,11.0
9651,382,False,5,428.0,12.0
9652,382,False,6,407.0,13.0
9653,382,False,7,176.0,14.0
9654,382,False,8,122.0,15.0
9655,382,False,9,53.0,16.0
9656,382,False,10,64.0,17.0
9657,382,False,11,58.0,18.0
9658,382,False,12,59.0,19.0
9659,382,False,13,38.0,20.0
9660,382,True,-14,0.0,-7.0
9661,382,True,-13,0.0,-6.0
9662,382,True,-12,0.0,-5.0
9663,382,True,-11,0.0,-4.0
9664,382,True,-10,0.0,-3.0
9665,382,True,-9,0.0,-2.0
9666,382,True,-8,0.0,-1.0
9667,382,True,-7,0.0,0.0
9668,382,True,-6,0.0,1.0
9669,382,True,-5,0.0,2.0
9670,382,True,-4,0.0,3.0
9671,382,True,-3,638.0,4.0
9672,382,True,-2,1499.0,5.0
9673,382,True,-1,1474.0,6.0
9674,382,True,0,214.0,7.0
9675,382,True,1,192.0,8.0
9676,382,True,2,417.0,9.0
9677,382,True,3,270.0,10.0
9678,382,True,4,98.0,11.0
9679,382,True,5,194.0,12.0
9680,382,True,6,93.0,13.0
9681,382,True,7,14.0,14.0
9682,382,True,8,11.0,15.0
9683,382,True,9,3.0,16.0
9684,382,True,10,6.0,17.0
9685,382,True,11,8.0,18.0
9686,382,True,12,3.0,19.0
9687,382,True,13,2.0,20.0
9688,383,False,-14,0.0,-9.0
9689,383,False,-13,0.0,-8.0
9690,383,False,-12,0.0,-7.0
9691,383,False,-11,0.0,-6.0
9692,383,False,-10,0.0,-5.0
9693,383,False,-9,0.0,-4.0
9694,383,False,-8,1.0,-3.0
9695,383,False,-7,0.0,-2.0
9696,383,False,-6,6.0,-1.0
9697,383,False,-5,13.0,0.0
9698,383,False,-4,8.0,1.0
9699,383,False,-3,25.0,2.0
9700,383,False,-2,11.0,3.0
9701,383,False,-1,15.0,4.0
9702,383,False,0,45.0,5.0
9703,383,False,1,48.0,6.0
9704,383,False,2,18.0,7.0
9705,383,False,3,22.0,8.0
9706,383,False,4,26.0,9.0
9707,383,False,5,15.0,10.0
9708,383,False,6,35.0,11.0
9709,383,False,7,17.0,12.0
9710,383,False,8,16.0,13.0
9711,383,False,9,54.0,14.0
9712,383,False,10,37.0,15.0
9713,383,False,11,24.0,16.0
9714,383,False,12,20.0,17.0
9715,383,False,13,99.0,18.0
9716,383,True,-14,0.0,-9.0
9717,383,True,-13,0.0,-8.0
9718,383,True,-12,0.0,-7.0
9719,383,True,-11,0.0,-6.0
9720,383,True,-10,0.0,-5.0
9721,383,True,-9,0.0,-4.0
9722,383,True,-8,0.0,-3.0
9723,383,True,-7,0.0,-2.0
9724,383,True,-6,1.0,-1.0
9725,383,True,-5,4.0,0.0
9726,383,True,-4,1.0,1.0
9727,383,True,-3,5.0,2.0
9728,383,True,-2,5.0,3.0
9729,383,True,-1,6.0,4.0
9730,383,True,0,20.0,5.0
9731,383,True,1,13.0,6.0
9732,383,True,2,4.0,7.0
9733,383,True,3,1.0,8.0
9734,383,True,4,4.0,9.0
9735,383,True,5,1.0,10.0
9736,383,True,6,5.0,11.0
9737,383,True,7,2.0,12.0
9738,383,True,8,0.0,13.0
9739,383,True,9,2.0,14.0
9740,383,True,10,3.0,15.0
9741,383,True,11,0.0,16.0
9742,383,True,12,0.0,17.0
9743,383,True,13,4.0,18.0
9744,384,False,-14,0.0,109.0
9745,384,False,-13,0.0,110.0
9746,384,False,-12,0.0,111.0
9747,384,False,-11,1.0,112.0
9748,384,False,-10,4.0,113.0
9749,384,False,-9,1.0,114.0
9750,384,False,-8,1.0,115.0
9751,384,False,-7,0.0,116.0
9752,384,False,-6,0.0,117.0
9753,384,False,-5,0.0,118.0
9754,384,False,-4,0.0,119.0
9755,384,False,-3,1.0,120.0
9756,384,False,-2,2.0,121.0
9757,384,False,-1,1.0,122.0
9758,384,False,0,4.0,123.0
9759,384,False,1,1.0,124.0
9760,384,False,2,1.0,125.0
9761,384,False,3,0.0,126.0
9762,384,False,4,2.0,127.0
9763,384,False,5,0.0,128.0
9764,384,False,6,0.0,129.0
9765,384,False,7,0.0,130.0
9766,384,False,8,1.0,131.0
9767,384,False,9,0.0,132.0
9768,384,False,10,1.0,133.0
9769,384,False,11,1.0,134.0
9770,384,False,12,0.0,135.0
9771,384,False,13,0.0,136.0
9772,384,True,-14,0.0,109.0
9773,384,True,-13,0.0,110.0
9774,384,True,-12,0.0,111.0
9775,384,True,-11,4.0,112.0
9776,384,True,-10,2.0,113.0
9777,384,True,-9,1.0,114.0
9778,384,True,-8,0.0,115.0
9779,384,True,-7,1.0,116.0
9780,384,True,-6,0.0,117.0
9781,384,True,-5,0.0,118.0
9782,384,True,-4,1.0,119.0
9783,384,True,-3,0.0,120.0
9784,384,True,-2,1.0,121.0
9785,384,True,-1,2.0,122.0
9786,384,True,0,18.0,123.0
9787,384,True,1,2.0,124.0
9788,384,True,2,1.0,125.0
9789,384,True,3,0.0,126.0
9790,384,True,4,1.0,127.0
9791,384,True,5,1.0,128.0
9792,384,True,6,1.0,129.0
9793,384,True,7,0.0,130.0
9794,384,True,8,0.0,131.0
9795,384,True,9,1.0,132.0
9796,384,True,10,0.0,133.0
9797,384,True,11,1.0,134.0
9798,384,True,12,0.0,135.0
9799,384,True,13,1.0,136.0
9800,385,False,-14,0.0,233.0
9801,385,False,-13,1.0,234.0
9802,385,False,-12,1.0,235.0
9803,385,False,-11,1.0,236.0
9804,385,False,-10,1.0,237.0
9805,385,False,-9,0.0,238.0
9806,385,False,-8,1.0,239.0
9807,385,False,-7,0.0,240.0
9808,385,False,-6,1.0,241.0
9809,385,False,-5,0.0,242.0
9810,385,False,-4,0.0,243.0
9811,385,False,-3,2.0,244.0
9812,385,False,-2,1.0,245.0
9813,385,False,-1,1.0,246.0
9814,385,False,0,1.0,247.0
9815,385,False,1,0.0,248.0
9816,385,False,2,0.0,249.0
9817,385,False,3,1.0,250.0
9818,385,False,4,1.0,251.0
9819,385,False,5,0.0,252.0
9820,385,False,6,0.0,253.0
9821,385,False,7,1.0,254.0
9822,385,False,8,1.0,255.0
9823,385,False,9,0.0,256.0
9824,385,False,10,1.0,257.0
9825,385,False,11,2.0,258.0
9826,385,False,12,1.0,259.0
9827,385,False,13,0.0,260.0
9828,385,True,-14,0.0,233.0
9829,385,True,-13,0.0,234.0
9830,385,True,-12,0.0,235.0
9831,385,True,-11,0.0,236.0
9832,385,True,-10,0.0,237.0
9833,385,True,-9,2.0,238.0
9834,385,True,-8,0.0,239.0
9835,385,True,-7,0.0,240.0
9836,385,True,-6,0.0,241.0
9837,385,True,-5,0.0,242.0
9838,385,True,-4,0.0,243.0
9839,385,True,-3,0.0,244.0
9840,385,True,-2,0.0,245.0
9841,385,True,-1,0.0,246.0
9842,385,True,0,1.0,247.0
9843,385,True,1,0.0,248.0
9844,385,True,2,0.0,249.0
9845,385,True,3,0.0,250.0
9846,385,True,4,0.0,251.0
9847,385,True,5,0.0,252.0
9848,385,True,6,0.0,253.0
9849,385,True,7,0.0,254.0
9850,385,True,8,0.0,255.0
9851,385,True,9,0.0,256.0
9852,385,True,10,1.0,257.0
9853,385,True,11,0.0,258.0
9854,385,True,12,0.0,259.0
9855,385,True,13,0.0,260.0
9856,388,False,-14,1.0,-8.0
9857,388,False,-13,0.0,-7.0
9858,388,False,-12,0.0,-6.0
9859,388,False,-11,0.0,-5.0
9860,388,False,-10,1.0,-4.0
9861,388,False,-9,0.0,-3.0
9862,388,False,-8,0.0,-2.0
9863,388,False,-7,0.0,-1.0
9864,388,False,-6,0.0,0.0
9865,388,False,-5,1.0,1.0
9866,388,False,-4,0.0,2.0
9867,388,False,-3,2.0,3.0
9868,388,False,-2,0.0,4.0
9869,388,False,-1,19.0,5.0
9870,388,False,0,17.0,6.0
9871,388,False,1,16.0,7.0
9872,388,False,2,8.0,8.0
9873,388,False,3,21.0,9.0
9874,388,False,4,19.0,10.0
9875,388,False,5,17.0,11.0
9876,388,False,6,20.0,12.0
9877,388,False,7,17.0,13.0
9878,388,False,8,8.0,14.0
9879,388,False,9,3.0,15.0
9880,388,False,10,5.0,16.0
9881,388,False,11,6.0,17.0
9882,388,False,12,4.0,18.0
9883,388,False,13,2.0,19.0
9884,388,True,-14,0.0,-8.0
9885,388,True,-13,0.0,-7.0
9886,388,True,-12,0.0,-6.0
9887,388,True,-11,0.0,-5.0
9888,388,True,-10,0.0,-4.0
9889,388,True,-9,0.0,-3.0
9890,388,True,-8,0.0,-2.0
9891,388,True,-7,0.0,-1.0
9892,388,True,-6,0.0,0.0
9893,388,True,-5,0.0,1.0
9894,388,True,-4,0.0,2.0
9895,388,True,-3,0.0,3.0
9896,388,True,-2,0.0,4.0
9897,388,True,-1,0.0,5.0
9898,388,True,0,6.0,6.0
9899,388,True,1,0.0,7.0
9900,388,True,2,0.0,8.0
9901,388,True,3,0.0,9.0
9902,388,True,4,0.0,10.0
9903,388,True,5,0.0,11.0
9904,388,True,6,0.0,12.0
9905,388,True,7,1.0,13.0
9906,388,True,8,0.0,14.0
9907,388,True,9,0.0,15.0
9908,388,True,10,0.0,16.0
9909,388,True,11,0.0,17.0
9910,388,True,12,0.0,18.0
9911,388,True,13,0.0,19.0
9912,390,False,-14,0.0,209.0
9913,390,False,-13,1.0,210.0
9914,390,False,-12,1.0,211.0
9915,390,False,-11,0.0,212.0
9916,390,False,-10,1.0,213.0
9917,390,False,-9,0.0,214.0
9918,390,False,-8,0.0,215.0
9919,390,False,-7,1.0,216.0
9920,390,False,-6,0.0,217.0
9921,390,False,-5,8.0,218.0
9922,390,False,-4,0.0,219.0
9923,390,False,-3,1.0,220.0
9924,390,False,-2,0.0,221.0
9925,390,False,-1,1.0,222.0
9926,390,False,0,2.0,223.0
9927,390,False,1,0.0,224.0
9928,390,False,2,1.0,225.0
9929,390,False,3,0.0,226.0
9930,390,False,4,1.0,227.0
9931,390,False,5,0.0,228.0
9932,390,False,6,0.0,229.0
9933,390,False,7,1.0,230.0
9934,390,False,8,0.0,231.0
9935,390,False,9,1.0,232.0
9936,390,False,10,0.0,233.0
9937,390,False,11,1.0,234.0
9938,390,False,12,0.0,235.0
9939,390,False,13,2.0,236.0
9940,390,True,-14,1.0,209.0
9941,390,True,-13,0.0,210.0
9942,390,True,-12,0.0,211.0
9943,390,True,-11,2.0,212.0
9944,390,True,-10,0.0,213.0
9945,390,True,-9,0.0,214.0
9946,390,True,-8,0.0,215.0
9947,390,True,-7,0.0,216.0
9948,390,True,-6,1.0,217.0
9949,390,True,-5,4.0,218.0
9950,390,True,-4,1.0,219.0
9951,390,True,-3,0.0,220.0
9952,390,True,-2,2.0,221.0
9953,390,True,-1,1.0,222.0
9954,390,True,0,0.0,223.0
9955,390,True,1,0.0,224.0
9956,390,True,2,0.0,225.0
9957,390,True,3,2.0,226.0
9958,390,True,4,0.0,227.0
9959,390,True,5,0.0,228.0
9960,390,True,6,0.0,229.0
9961,390,True,7,0.0,230.0
9962,390,True,8,0.0,231.0
9963,390,True,9,1.0,232.0
9964,390,True,10,0.0,233.0
9965,390,True,11,1.0,234.0
9966,390,True,12,2.0,235.0
9967,390,True,13,4.0,236.0
9968,393,False,-14,0.0,59.0
9969,393,False,-13,2.0,60.0
9970,393,False,-12,0.0,61.0
9971,393,False,-11,0.0,62.0
9972,393,False,-10,1.0,63.0
9973,393,False,-9,1.0,64.0
9974,393,False,-8,0.0,65.0
9975,393,False,-7,0.0,66.0
9976,393,False,-6,1.0,67.0
9977,393,False,-5,0.0,68.0
9978,393,False,-4,0.0,69.0
9979,393,False,-3,5.0,70.0
9980,393,False,-2,1.0,71.0
9981,393,False,-1,2.0,72.0
9982,393,False,0,1.0,73.0
9983,393,False,1,1.0,74.0
9984,393,False,2,1.0,75.0
9985,393,False,3,2.0,76.0
9986,393,False,4,0.0,77.0
9987,393,False,5,1.0,78.0
9988,393,False,6,0.0,79.0
9989,393,False,7,0.0,80.0
9990,393,False,8,0.0,81.0
9991,393,False,9,0.0,82.0
9992,393,False,10,1.0,83.0
9993,393,False,11,0.0,84.0
9994,393,False,12,0.0,85.0
9995,393,False,13,0.0,86.0
9996,393,True,-14,0.0,59.0
9997,393,True,-13,0.0,60.0
9998,393,True,-12,0.0,61.0
9999,393,True,-11,0.0,62.0
10000,393,True,-10,0.0,63.0
10001,393,True,-9,2.0,64.0
10002,393,True,-8,0.0,65.0
10003,393,True,-7,0.0,66.0
10004,393,True,-6,0.0,67.0
10005,393,True,-5,0.0,68.0
10006,393,True,-4,0.0,69.0
10007,393,True,-3,2.0,70.0
10008,393,True,-2,0.0,71.0
10009,393,True,-1,0.0,72.0
10010,393,True,0,1.0,73.0
10011,393,True,1,1.0,74.0
10012,393,True,2,0.0,75.0
10013,393,True,3,1.0,76.0
10014,393,True,4,0.0,77.0
10015,393,True,5,0.0,78.0
10016,393,True,6,0.0,79.0
10017,393,True,7,0.0,80.0
10018,393,True,8,0.0,81.0
10019,393,True,9,0.0,82.0
10020,393,True,10,1.0,83.0
10021,393,True,11,0.0,84.0
10022,393,True,12,0.0,85.0
10023,393,True,13,0.0,86.0
10024,397,False,-14,0.0,238.0
10025,397,False,-13,0.0,239.0
10026,397,False,-12,0.0,240.0
10027,397,False,-11,0.0,241.0
10028,397,False,-10,0.0,242.0
10029,397,False,-9,0.0,243.0
10030,397,False,-8,0.0,244.0
10031,397,False,-7,0.0,245.0
10032,397,False,-6,0.0,246.0
10033,397,False,-5,0.0,247.0
10034,397,False,-4,0.0,248.0
10035,397,False,-3,1.0,249.0
10036,397,False,-2,0.0,250.0
10037,397,False,-1,0.0,251.0
10038,397,False,0,0.0,252.0
10039,397,False,1,0.0,253.0
10040,397,False,2,0.0,254.0
10041,397,False,3,0.0,255.0
10042,397,False,4,0.0,256.0
10043,397,False,5,0.0,257.0
10044,397,False,6,0.0,258.0
10045,397,False,7,0.0,259.0
10046,397,False,8,0.0,260.0
10047,397,False,9,0.0,261.0
10048,397,False,10,0.0,262.0
10049,397,False,11,0.0,263.0
10050,397,False,12,1.0,264.0
10051,397,False,13,0.0,265.0
10052,397,True,-14,0.0,238.0
10053,397,True,-13,0.0,239.0
10054,397,True,-12,0.0,240.0
10055,397,True,-11,0.0,241.0
10056,397,True,-10,0.0,242.0
10057,397,True,-9,0.0,243.0
10058,397,True,-8,0.0,244.0
10059,397,True,-7,0.0,245.0
10060,397,True,-6,0.0,246.0
10061,397,True,-5,0.0,247.0
10062,397,True,-4,0.0,248.0
10063,397,True,-3,0.0,249.0
10064,397,True,-2,0.0,250.0
10065,397,True,-1,0.0,251.0
10066,397,True,0,2.0,252.0
10067,397,True,1,0.0,253.0
10068,397,True,2,0.0,254.0
10069,397,True,3,0.0,255.0
10070,397,True,4,0.0,256.0
10071,397,True,5,0.0,257.0
10072,397,True,6,0.0,258.0
10073,397,True,7,0.0,259.0
10074,397,True,8,0.0,260.0
10075,397,True,9,0.0,261.0
10076,397,True,10,0.0,262.0
10077,397,True,11,0.0,263.0
10078,397,True,12,0.0,264.0
10079,397,True,13,0.0,265.0
10080,398,False,-14,3258.0,63.0
10081,398,False,-13,5966.0,64.0
10082,398,False,-12,2118.0,65.0
10083,398,False,-11,2217.0,66.0
10084,398,False,-10,2759.0,67.0
10085,398,False,-9,651.0,68.0
10086,398,False,-8,628.0,69.0
10087,398,False,-7,1802.0,70.0
10088,398,False,-6,1782.0,71.0
10089,398,False,-5,2218.0,72.0
10090,398,False,-4,2137.0,73.0
10091,398,False,-3,1416.0,74.0
10092,398,False,-2,1793.0,75.0
10093,398,False,-1,2392.0,76.0
10094,398,False,0,2384.0,77.0
10095,398,False,1,1668.0,78.0
10096,398,False,2,869.0,79.0
10097,398,False,3,1545.0,80.0
10098,398,False,4,1010.0,81.0
10099,398,False,5,1101.0,82.0
10100,398,False,6,970.0,83.0
10101,398,False,7,958.0,84.0
10102,398,False,8,806.0,85.0
10103,398,False,9,609.0,86.0
10104,398,False,10,835.0,87.0
10105,398,False,11,576.0,88.0
10106,398,False,12,390.0,89.0
10107,398,False,13,334.0,90.0
10108,398,True,-14,1259.0,63.0
10109,398,True,-13,1937.0,64.0
10110,398,True,-12,660.0,65.0
10111,398,True,-11,634.0,66.0
10112,398,True,-10,738.0,67.0
10113,398,True,-9,118.0,68.0
10114,398,True,-8,180.0,69.0
10115,398,True,-7,383.0,70.0
10116,398,True,-6,316.0,71.0
10117,398,True,-5,349.0,72.0
10118,398,True,-4,346.0,73.0
10119,398,True,-3,201.0,74.0
10120,398,True,-2,325.0,75.0
10121,398,True,-1,569.0,76.0
10122,398,True,0,857.0,77.0
10123,398,True,1,320.0,78.0
10124,398,True,2,130.0,79.0
10125,398,True,3,241.0,80.0
10126,398,True,4,161.0,81.0
10127,398,True,5,224.0,82.0
10128,398,True,6,158.0,83.0
10129,398,True,7,139.0,84.0
10130,398,True,8,75.0,85.0
10131,398,True,9,88.0,86.0
10132,398,True,10,116.0,87.0
10133,398,True,11,62.0,88.0
10134,398,True,12,54.0,89.0
10135,398,True,13,56.0,90.0
10136,399,False,-14,0.0,-7.0
10137,399,False,-13,0.0,-6.0
10138,399,False,-12,0.0,-5.0
10139,399,False,-11,0.0,-4.0
10140,399,False,-10,0.0,-3.0
10141,399,False,-9,0.0,-2.0
10142,399,False,-8,0.0,-1.0
10143,399,False,-7,0.0,0.0
10144,399,False,-6,0.0,1.0
10145,399,False,-5,0.0,2.0
10146,399,False,-4,3.0,3.0
10147,399,False,-3,10.0,4.0
10148,399,False,-2,6.0,5.0
10149,399,False,-1,1.0,6.0
10150,399,False,0,8.0,7.0
10151,399,False,1,1.0,8.0
10152,399,False,2,1.0,9.0
10153,399,False,3,2.0,10.0
10154,399,False,4,0.0,11.0
10155,399,False,5,6.0,12.0
10156,399,False,6,0.0,13.0
10157,399,False,7,8.0,14.0
10158,399,False,8,4.0,15.0
10159,399,False,9,0.0,16.0
10160,399,False,10,0.0,17.0
10161,399,False,11,3.0,18.0
10162,399,False,12,8.0,19.0
10163,399,False,13,2.0,20.0
10164,399,True,-14,0.0,-7.0
10165,399,True,-13,0.0,-6.0
10166,399,True,-12,0.0,-5.0
10167,399,True,-11,0.0,-4.0
10168,399,True,-10,0.0,-3.0
10169,399,True,-9,0.0,-2.0
10170,399,True,-8,0.0,-1.0
10171,399,True,-7,0.0,0.0
10172,399,True,-6,0.0,1.0
10173,399,True,-5,0.0,2.0
10174,399,True,-4,0.0,3.0
10175,399,True,-3,0.0,4.0
10176,399,True,-2,0.0,5.0
10177,399,True,-1,0.0,6.0
10178,399,True,0,8.0,7.0
10179,399,True,1,1.0,8.0
10180,399,True,2,0.0,9.0
10181,399,True,3,1.0,10.0
10182,399,True,4,0.0,11.0
10183,399,True,5,1.0,12.0
10184,399,True,6,0.0,13.0
10185,399,True,7,2.0,14.0
10186,399,True,8,0.0,15.0
10187,399,True,9,0.0,16.0
10188,399,True,10,0.0,17.0
10189,399,True,11,0.0,18.0
10190,399,True,12,1.0,19.0
10191,399,True,13,2.0,20.0
10192,400,False,-14,0.0,232.0
10193,400,False,-13,0.0,233.0
10194,400,False,-12,1.0,234.0
10195,400,False,-11,2.0,235.0
10196,400,False,-10,1.0,236.0
10197,400,False,-9,0.0,237.0
10198,400,False,-8,2.0,238.0
10199,400,False,-7,1.0,239.0
10200,400,False,-6,0.0,240.0
10201,400,False,-5,0.0,241.0
10202,400,False,-4,1.0,242.0
10203,400,False,-3,1.0,243.0
10204,400,False,-2,0.0,244.0
10205,400,False,-1,0.0,245.0
10206,400,False,0,0.0,246.0
10207,400,False,1,1.0,247.0
10208,400,False,2,0.0,248.0
10209,400,False,3,3.0,249.0
10210,400,False,4,1.0,250.0
10211,400,False,5,0.0,251.0
10212,400,False,6,1.0,252.0
10213,400,False,7,0.0,253.0
10214,400,False,8,1.0,254.0
10215,400,False,9,2.0,255.0
10216,400,False,10,0.0,256.0
10217,400,False,11,2.0,257.0
10218,400,False,12,1.0,258.0
10219,400,False,13,0.0,259.0
10220,400,True,-14,0.0,232.0
10221,400,True,-13,0.0,233.0
10222,400,True,-12,0.0,234.0
10223,400,True,-11,0.0,235.0
10224,400,True,-10,0.0,236.0
10225,400,True,-9,2.0,237.0
10226,400,True,-8,0.0,238.0
10227,400,True,-7,0.0,239.0
10228,400,True,-6,0.0,240.0
10229,400,True,-5,0.0,241.0
10230,400,True,-4,1.0,242.0
10231,400,True,-3,0.0,243.0
10232,400,True,-2,0.0,244.0
10233,400,True,-1,0.0,245.0
10234,400,True,0,0.0,246.0
10235,400,True,1,0.0,247.0
10236,400,True,2,0.0,248.0
10237,400,True,3,0.0,249.0
10238,400,True,4,0.0,250.0
10239,400,True,5,0.0,251.0
10240,400,True,6,0.0,252.0
10241,400,True,7,0.0,253.0
10242,400,True,8,0.0,254.0
10243,400,True,9,0.0,255.0
10244,400,True,10,0.0,256.0
10245,400,True,11,0.0,257.0
10246,400,True,12,1.0,258.0
10247,400,True,13,0.0,259.0
10248,401,False,-14,1.0,57.0
10249,401,False,-13,4.0,58.0
10250,401,False,-12,1.0,59.0
10251,401,False,-11,8.0,60.0
10252,401,False,-10,4.0,61.0
10253,401,False,-9,3.0,62.0
10254,401,False,-8,1.0,63.0
10255,401,False,-7,5.0,64.0
10256,401,False,-6,2.0,65.0
10257,401,False,-5,5.0,66.0
10258,401,False,-4,2.0,67.0
10259,401,False,-3,2.0,68.0
10260,401,False,-2,5.0,69.0
10261,401,False,-1,3.0,70.0
10262,401,False,0,6.0,71.0
10263,401,False,1,1.0,72.0
10264,401,False,2,5.0,73.0
10265,401,False,3,3.0,74.0
10266,401,False,4,3.0,75.0
10267,401,False,5,3.0,76.0
10268,401,False,6,1.0,77.0
10269,401,False,7,2.0,78.0
10270,401,False,8,3.0,79.0
10271,401,False,9,4.0,80.0
10272,401,False,10,2.0,81.0
10273,401,False,11,1.0,82.0
10274,401,False,12,3.0,83.0
10275,401,False,13,2.0,84.0
10276,401,True,-14,1.0,57.0
10277,401,True,-13,1.0,58.0
10278,401,True,-12,0.0,59.0
10279,401,True,-11,2.0,60.0
10280,401,True,-10,1.0,61.0
10281,401,True,-9,1.0,62.0
10282,401,True,-8,0.0,63.0
10283,401,True,-7,0.0,64.0
10284,401,True,-6,0.0,65.0
10285,401,True,-5,1.0,66.0
10286,401,True,-4,1.0,67.0
10287,401,True,-3,0.0,68.0
10288,401,True,-2,0.0,69.0
10289,401,True,-1,0.0,70.0
10290,401,True,0,1.0,71.0
10291,401,True,1,1.0,72.0
10292,401,True,2,2.0,73.0
10293,401,True,3,0.0,74.0
10294,401,True,4,0.0,75.0
10295,401,True,5,1.0,76.0
10296,401,True,6,0.0,77.0
10297,401,True,7,1.0,78.0
10298,401,True,8,1.0,79.0
10299,401,True,9,1.0,80.0
10300,401,True,10,0.0,81.0
10301,401,True,11,0.0,82.0
10302,401,True,12,0.0,83.0
10303,401,True,13,1.0,84.0
10304,402,False,-14,2.0,1.0
10305,402,False,-13,3.0,2.0
10306,402,False,-12,4.0,3.0
10307,402,False,-11,3.0,4.0
10308,402,False,-10,7.0,5.0
10309,402,False,-9,5.0,6.0
10310,402,False,-8,3.0,7.0
10311,402,False,-7,5.0,8.0
10312,402,False,-6,3.0,9.0
10313,402,False,-5,2.0,10.0
10314,402,False,-4,1.0,11.0
10315,402,False,-3,3.0,12.0
10316,402,False,-2,1.0,13.0
10317,402,False,-1,0.0,14.0
10318,402,False,0,1.0,15.0
10319,402,False,1,0.0,16.0
10320,402,False,2,2.0,17.0
10321,402,False,3,0.0,18.0
10322,402,False,4,0.0,19.0
10323,402,False,5,5.0,20.0
10324,402,False,6,0.0,21.0
10325,402,False,7,0.0,22.0
10326,402,False,8,2.0,23.0
10327,402,False,9,0.0,24.0
10328,402,False,10,2.0,25.0
10329,402,False,11,3.0,26.0
10330,402,False,12,4.0,27.0
10331,402,False,13,0.0,28.0
10332,402,True,-14,0.0,1.0
10333,402,True,-13,0.0,2.0
10334,402,True,-12,0.0,3.0
10335,402,True,-11,0.0,4.0
10336,402,True,-10,0.0,5.0
10337,402,True,-9,0.0,6.0
10338,402,True,-8,0.0,7.0
10339,402,True,-7,0.0,8.0
10340,402,True,-6,1.0,9.0
10341,402,True,-5,1.0,10.0
10342,402,True,-4,0.0,11.0
10343,402,True,-3,0.0,12.0
10344,402,True,-2,0.0,13.0
10345,402,True,-1,0.0,14.0
10346,402,True,0,2.0,15.0
10347,402,True,1,0.0,16.0
10348,402,True,2,0.0,17.0
10349,402,True,3,0.0,18.0
10350,402,True,4,0.0,19.0
10351,402,True,5,0.0,20.0
10352,402,True,6,1.0,21.0
10353,402,True,7,0.0,22.0
10354,402,True,8,0.0,23.0
10355,402,True,9,0.0,24.0
10356,402,True,10,0.0,25.0
10357,402,True,11,0.0,26.0
10358,402,True,12,0.0,27.0
10359,402,True,13,0.0,28.0
10360,407,False,-14,1.0,256.0
10361,407,False,-13,2.0,257.0
10362,407,False,-12,2.0,258.0
10363,407,False,-11,0.0,259.0
10364,407,False,-10,1.0,260.0
10365,407,False,-9,4.0,261.0
10366,407,False,-8,1.0,262.0
10367,407,False,-7,0.0,263.0
10368,407,False,-6,0.0,264.0
10369,407,False,-5,0.0,265.0
10370,407,False,-4,0.0,266.0
10371,407,False,-3,1.0,267.0
10372,407,False,-2,0.0,268.0
10373,407,False,-1,2.0,269.0
10374,407,False,0,0.0,270.0
10375,407,False,1,2.0,271.0
10376,407,False,2,1.0,272.0
10377,407,False,3,3.0,273.0
10378,407,False,4,3.0,274.0
10379,407,False,5,0.0,275.0
10380,407,False,6,0.0,276.0
10381,407,False,7,2.0,277.0
10382,407,False,8,0.0,278.0
10383,407,False,9,1.0,279.0
10384,407,False,10,1.0,280.0
10385,407,False,11,3.0,281.0
10386,407,False,12,0.0,282.0
10387,407,False,13,1.0,283.0
10388,407,True,-14,0.0,256.0
10389,407,True,-13,0.0,257.0
10390,407,True,-12,0.0,258.0
10391,407,True,-11,0.0,259.0
10392,407,True,-10,0.0,260.0
10393,407,True,-9,2.0,261.0
10394,407,True,-8,0.0,262.0
10395,407,True,-7,0.0,263.0
10396,407,True,-6,0.0,264.0
10397,407,True,-5,0.0,265.0
10398,407,True,-4,0.0,266.0
10399,407,True,-3,1.0,267.0
10400,407,True,-2,0.0,268.0
10401,407,True,-1,0.0,269.0
10402,407,True,0,1.0,270.0
10403,407,True,1,0.0,271.0
10404,407,True,2,0.0,272.0
10405,407,True,3,0.0,273.0
10406,407,True,4,0.0,274.0
10407,407,True,5,0.0,275.0
10408,407,True,6,0.0,276.0
10409,407,True,7,0.0,277.0
10410,407,True,8,0.0,278.0
10411,407,True,9,0.0,279.0
10412,407,True,10,0.0,280.0
10413,407,True,11,0.0,281.0
10414,407,True,12,0.0,282.0
10415,407,True,13,0.0,283.0
10416,409,False,-14,0.0,81.0
10417,409,False,-13,0.0,82.0
10418,409,False,-12,0.0,83.0
10419,409,False,-11,0.0,84.0
10420,409,False,-10,0.0,85.0
10421,409,False,-9,0.0,86.0
10422,409,False,-8,0.0,87.0
10423,409,False,-7,0.0,88.0
10424,409,False,-6,0.0,89.0
10425,409,False,-5,0.0,90.0
10426,409,False,-4,0.0,91.0
10427,409,False,-3,0.0,92.0
10428,409,False,-2,0.0,93.0
10429,409,False,-1,0.0,94.0
10430,409,False,0,2.0,95.0
10431,409,False,1,1.0,96.0
10432,409,False,2,0.0,97.0
10433,409,False,3,1.0,98.0
10434,409,False,4,0.0,99.0
10435,409,False,5,0.0,100.0
10436,409,False,6,0.0,101.0
10437,409,False,7,0.0,102.0
10438,409,False,8,1.0,103.0
10439,409,False,9,0.0,104.0
10440,409,False,10,0.0,105.0
10441,409,False,11,0.0,106.0
10442,409,False,12,0.0,107.0
10443,409,False,13,0.0,108.0
10444,409,True,-14,0.0,81.0
10445,409,True,-13,0.0,82.0
10446,409,True,-12,0.0,83.0
10447,409,True,-11,0.0,84.0
10448,409,True,-10,0.0,85.0
10449,409,True,-9,1.0,86.0
10450,409,True,-8,0.0,87.0
10451,409,True,-7,0.0,88.0
10452,409,True,-6,0.0,89.0
10453,409,True,-5,0.0,90.0
10454,409,True,-4,0.0,91.0
10455,409,True,-3,0.0,92.0
10456,409,True,-2,2.0,93.0
10457,409,True,-1,1.0,94.0
10458,409,True,0,2.0,95.0
10459,409,True,1,0.0,96.0
10460,409,True,2,0.0,97.0
10461,409,True,3,0.0,98.0
10462,409,True,4,0.0,99.0
10463,409,True,5,0.0,100.0
10464,409,True,6,0.0,101.0
10465,409,True,7,0.0,102.0
10466,409,True,8,0.0,103.0
10467,409,True,9,0.0,104.0
10468,409,True,10,0.0,105.0
10469,409,True,11,0.0,106.0
10470,409,True,12,0.0,107.0
10471,409,True,13,0.0,108.0
10472,412,False,-14,53.0,4.0
10473,412,False,-13,26.0,5.0
10474,412,False,-12,23.0,6.0
10475,412,False,-11,82.0,7.0
10476,412,False,-10,30.0,8.0
10477,412,False,-9,13.0,9.0
10478,412,False,-8,8.0,10.0
10479,412,False,-7,41.0,11.0
10480,412,False,-6,14.0,12.0
10481,412,False,-5,14.0,13.0
10482,412,False,-4,22.0,14.0
10483,412,False,-3,25.0,15.0
10484,412,False,-2,12.0,16.0
10485,412,False,-1,21.0,17.0
10486,412,False,0,14.0,18.0
10487,412,False,1,4.0,19.0
10488,412,False,2,9.0,20.0
10489,412,False,3,11.0,21.0
10490,412,False,4,2.0,22.0
10491,412,False,5,9.0,23.0
10492,412,False,6,6.0,24.0
10493,412,False,7,5.0,25.0
10494,412,False,8,3.0,26.0
10495,412,False,9,11.0,27.0
10496,412,False,10,2.0,28.0
10497,412,False,11,4.0,29.0
10498,412,False,12,5.0,30.0
10499,412,False,13,1.0,31.0
10500,412,True,-14,8.0,4.0
10501,412,True,-13,1.0,5.0
10502,412,True,-12,4.0,6.0
10503,412,True,-11,17.0,7.0
10504,412,True,-10,8.0,8.0
10505,412,True,-9,4.0,9.0
10506,412,True,-8,5.0,10.0
10507,412,True,-7,4.0,11.0
10508,412,True,-6,4.0,12.0
10509,412,True,-5,2.0,13.0
10510,412,True,-4,2.0,14.0
10511,412,True,-3,5.0,15.0
10512,412,True,-2,8.0,16.0
10513,412,True,-1,8.0,17.0
10514,412,True,0,7.0,18.0
10515,412,True,1,0.0,19.0
10516,412,True,2,1.0,20.0
10517,412,True,3,0.0,21.0
10518,412,True,4,1.0,22.0
10519,412,True,5,3.0,23.0
10520,412,True,6,0.0,24.0
10521,412,True,7,0.0,25.0
10522,412,True,8,0.0,26.0
10523,412,True,9,1.0,27.0
10524,412,True,10,1.0,28.0
10525,412,True,11,0.0,29.0
10526,412,True,12,0.0,30.0
10527,412,True,13,0.0,31.0
10528,413,False,-14,14.0,107.0
10529,413,False,-13,7.0,108.0
10530,413,False,-12,5.0,109.0
10531,413,False,-11,15.0,110.0
10532,413,False,-10,6.0,111.0
10533,413,False,-9,31.0,112.0
10534,413,False,-8,32.0,113.0
10535,413,False,-7,7.0,114.0
10536,413,False,-6,14.0,115.0
10537,413,False,-5,17.0,116.0
10538,413,False,-4,31.0,117.0
10539,413,False,-3,1.0,118.0
10540,413,False,-2,4.0,119.0
10541,413,False,-1,10.0,120.0
10542,413,False,0,8.0,121.0
10543,413,False,1,10.0,122.0
10544,413,False,2,8.0,123.0
10545,413,False,3,3.0,124.0
10546,413,False,4,3.0,125.0
10547,413,False,5,5.0,126.0
10548,413,False,6,11.0,127.0
10549,413,False,7,5.0,128.0
10550,413,False,8,5.0,129.0
10551,413,False,9,81.0,130.0
10552,413,False,10,74.0,131.0
10553,413,False,11,14.0,132.0
10554,413,False,12,10.0,133.0
10555,413,False,13,10.0,134.0
10556,413,True,-14,9.0,107.0
10557,413,True,-13,2.0,108.0
10558,413,True,-12,2.0,109.0
10559,413,True,-11,14.0,110.0
10560,413,True,-10,6.0,111.0
10561,413,True,-9,30.0,112.0
10562,413,True,-8,16.0,113.0
10563,413,True,-7,1.0,114.0
10564,413,True,-6,13.0,115.0
10565,413,True,-5,8.0,116.0
10566,413,True,-4,33.0,117.0
10567,413,True,-3,2.0,118.0
10568,413,True,-2,1.0,119.0
10569,413,True,-1,6.0,120.0
10570,413,True,0,16.0,121.0
10571,413,True,1,3.0,122.0
10572,413,True,2,3.0,123.0
10573,413,True,3,5.0,124.0
10574,413,True,4,1.0,125.0
10575,413,True,5,1.0,126.0
10576,413,True,6,2.0,127.0
10577,413,True,7,4.0,128.0
10578,413,True,8,0.0,129.0
10579,413,True,9,117.0,130.0
10580,413,True,10,111.0,131.0
10581,413,True,11,16.0,132.0
10582,413,True,12,10.0,133.0
10583,413,True,13,1.0,134.0
10584,417,False,-14,1.0,53.0
10585,417,False,-13,0.0,54.0
10586,417,False,-12,0.0,55.0
10587,417,False,-11,1.0,56.0
10588,417,False,-10,1.0,57.0
10589,417,False,-9,0.0,58.0
10590,417,False,-8,4.0,59.0
10591,417,False,-7,1.0,60.0
10592,417,False,-6,1.0,61.0
10593,417,False,-5,0.0,62.0
10594,417,False,-4,0.0,63.0
10595,417,False,-3,0.0,64.0
10596,417,False,-2,1.0,65.0
10597,417,False,-1,3.0,66.0
10598,417,False,0,2.0,67.0
10599,417,False,1,0.0,68.0
10600,417,False,2,1.0,69.0
10601,417,False,3,0.0,70.0
10602,417,False,4,1.0,71.0
10603,417,False,5,0.0,72.0
10604,417,False,6,1.0,73.0
10605,417,False,7,0.0,74.0
10606,417,False,8,1.0,75.0
10607,417,False,9,0.0,76.0
10608,417,False,10,0.0,77.0
10609,417,False,11,0.0,78.0
10610,417,False,12,5.0,79.0
10611,417,False,13,1.0,80.0
10612,417,True,-14,1.0,53.0
10613,417,True,-13,0.0,54.0
10614,417,True,-12,0.0,55.0
10615,417,True,-11,0.0,56.0
10616,417,True,-10,0.0,57.0
10617,417,True,-9,0.0,58.0
10618,417,True,-8,0.0,59.0
10619,417,True,-7,0.0,60.0
10620,417,True,-6,0.0,61.0
10621,417,True,-5,1.0,62.0
10622,417,True,-4,0.0,63.0
10623,417,True,-3,0.0,64.0
10624,417,True,-2,1.0,65.0
10625,417,True,-1,0.0,66.0
10626,417,True,0,0.0,67.0
10627,417,True,1,0.0,68.0
10628,417,True,2,0.0,69.0
10629,417,True,3,0.0,70.0
10630,417,True,4,0.0,71.0
10631,417,True,5,0.0,72.0
10632,417,True,6,0.0,73.0
10633,417,True,7,0.0,74.0
10634,417,True,8,0.0,75.0
10635,417,True,9,0.0,76.0
10636,417,True,10,0.0,77.0
10637,417,True,11,0.0,78.0
10638,417,True,12,0.0,79.0
10639,417,True,13,0.0,80.0
10640,421,False,-14,2.0,261.0
10641,421,False,-13,0.0,262.0
10642,421,False,-12,0.0,263.0
10643,421,False,-11,0.0,264.0
10644,421,False,-10,2.0,265.0
10645,421,False,-9,0.0,266.0
10646,421,False,-8,0.0,267.0
10647,421,False,-7,0.0,268.0
10648,421,False,-6,0.0,269.0
10649,421,False,-5,0.0,270.0
10650,421,False,-4,0.0,271.0
10651,421,False,-3,0.0,272.0
10652,421,False,-2,0.0,273.0
10653,421,False,-1,0.0,274.0
10654,421,False,0,0.0,275.0
10655,421,False,1,0.0,276.0
10656,421,False,2,1.0,277.0
10657,421,False,3,0.0,278.0
10658,421,False,4,0.0,279.0
10659,421,False,5,0.0,280.0
10660,421,False,6,0.0,281.0
10661,421,False,7,0.0,282.0
10662,421,False,8,1.0,283.0
10663,421,False,9,0.0,284.0
10664,421,False,10,0.0,285.0
10665,421,False,11,0.0,286.0
10666,421,False,12,0.0,287.0
10667,421,False,13,0.0,288.0
10668,421,True,-14,0.0,261.0
10669,421,True,-13,0.0,262.0
10670,421,True,-12,0.0,263.0
10671,421,True,-11,0.0,264.0
10672,421,True,-10,0.0,265.0
10673,421,True,-9,0.0,266.0
10674,421,True,-8,0.0,267.0
10675,421,True,-7,0.0,268.0
10676,421,True,-6,0.0,269.0
10677,421,True,-5,0.0,270.0
10678,421,True,-4,0.0,271.0
10679,421,True,-3,0.0,272.0
10680,421,True,-2,0.0,273.0
10681,421,True,-1,0.0,274.0
10682,421,True,0,0.0,275.0
10683,421,True,1,0.0,276.0
10684,421,True,2,0.0,277.0
10685,421,True,3,0.0,278.0
10686,421,True,4,0.0,279.0
10687,421,True,5,0.0,280.0
10688,421,True,6,0.0,281.0
10689,421,True,7,0.0,282.0
10690,421,True,8,0.0,283.0
10691,421,True,9,0.0,284.0
10692,421,True,10,0.0,285.0
10693,421,True,11,0.0,286.0
10694,421,True,12,0.0,287.0
10695,421,True,13,0.0,288.0
10696,423,False,-14,0.0,59.0
10697,423,False,-13,0.0,60.0
10698,423,False,-12,0.0,61.0
10699,423,False,-11,0.0,62.0
10700,423,False,-10,0.0,63.0
10701,423,False,-9,0.0,64.0
10702,423,False,-8,0.0,65.0
10703,423,False,-7,0.0,66.0
10704,423,False,-6,0.0,67.0
10705,423,False,-5,8.0,68.0
10706,423,False,-4,8.0,69.0
10707,423,False,-3,3988.0,70.0
10708,423,False,-2,28272.0,71.0
10709,423,False,-1,13921.0,72.0
10710,423,False,0,3861.0,73.0
10711,423,False,1,1686.0,74.0
10712,423,False,2,1327.0,75.0
10713,423,False,3,1121.0,76.0
10714,423,False,4,791.0,77.0
10715,423,False,5,1676.0,78.0
10716,423,False,6,1020.0,79.0
10717,423,False,7,702.0,80.0
10718,423,False,8,354.0,81.0
10719,423,False,9,249.0,82.0
10720,423,False,10,467.0,83.0
10721,423,False,11,362.0,84.0
10722,423,False,12,867.0,85.0
10723,423,False,13,271.0,86.0
10724,423,True,-14,0.0,59.0
10725,423,True,-13,0.0,60.0
10726,423,True,-12,0.0,61.0
10727,423,True,-11,0.0,62.0
10728,423,True,-10,0.0,63.0
10729,423,True,-9,0.0,64.0
10730,423,True,-8,0.0,65.0
10731,423,True,-7,0.0,66.0
10732,423,True,-6,0.0,67.0
10733,423,True,-5,6.0,68.0
10734,423,True,-4,3.0,69.0
10735,423,True,-3,925.0,70.0
10736,423,True,-2,6759.0,71.0
10737,423,True,-1,4238.0,72.0
10738,423,True,0,1652.0,73.0
10739,423,True,1,373.0,74.0
10740,423,True,2,179.0,75.0
10741,423,True,3,294.0,76.0
10742,423,True,4,159.0,77.0
10743,423,True,5,891.0,78.0
10744,423,True,6,170.0,79.0
10745,423,True,7,154.0,80.0
10746,423,True,8,85.0,81.0
10747,423,True,9,82.0,82.0
10748,423,True,10,172.0,83.0
10749,423,True,11,76.0,84.0
10750,423,True,12,250.0,85.0
10751,423,True,13,92.0,86.0
10752,424,False,-14,87.0,-12.0
10753,424,False,-13,134.0,-11.0
10754,424,False,-12,124.0,-10.0
10755,424,False,-11,32.0,-9.0
10756,424,False,-10,41.0,-8.0
10757,424,False,-9,34.0,-7.0
10758,424,False,-8,33.0,-6.0
10759,424,False,-7,138.0,-5.0
10760,424,False,-6,324.0,-4.0
10761,424,False,-5,778.0,-3.0
10762,424,False,-4,1174.0,-2.0
10763,424,False,-3,1329.0,-1.0
10764,424,False,-2,714.0,0.0
10765,424,False,-1,1182.0,1.0
10766,424,False,0,1683.0,2.0
10767,424,False,1,2800.0,3.0
10768,424,False,2,1864.0,4.0
10769,424,False,3,968.0,5.0
10770,424,False,4,792.0,6.0
10771,424,False,5,1168.0,7.0
10772,424,False,6,424.0,8.0
10773,424,False,7,376.0,9.0
10774,424,False,8,3759.0,10.0
10775,424,False,9,4779.0,11.0
10776,424,False,10,2182.0,12.0
10777,424,False,11,4665.0,13.0
10778,424,False,12,1791.0,14.0
10779,424,False,13,583.0,15.0
10780,424,True,-14,0.0,-12.0
10781,424,True,-13,0.0,-11.0
10782,424,True,-12,0.0,-10.0
10783,424,True,-11,0.0,-9.0
10784,424,True,-10,0.0,-8.0
10785,424,True,-9,0.0,-7.0
10786,424,True,-8,0.0,-6.0
10787,424,True,-7,0.0,-5.0
10788,424,True,-6,0.0,-4.0
10789,424,True,-5,0.0,-3.0
10790,424,True,-4,0.0,-2.0
10791,424,True,-3,75.0,-1.0
10792,424,True,-2,168.0,0.0
10793,424,True,-1,302.0,1.0
10794,424,True,0,416.0,2.0
10795,424,True,1,212.0,3.0
10796,424,True,2,66.0,4.0
10797,424,True,3,49.0,5.0
10798,424,True,4,23.0,6.0
10799,424,True,5,68.0,7.0
10800,424,True,6,11.0,8.0
10801,424,True,7,16.0,9.0
10802,424,True,8,115.0,10.0
10803,424,True,9,99.0,11.0
10804,424,True,10,83.0,12.0
10805,424,True,11,141.0,13.0
10806,424,True,12,54.0,14.0
10807,424,True,13,14.0,15.0
10808,425,False,-14,0.0,229.0
10809,425,False,-13,1.0,230.0
10810,425,False,-12,0.0,231.0
10811,425,False,-11,0.0,232.0
10812,425,False,-10,0.0,233.0
10813,425,False,-9,0.0,234.0
10814,425,False,-8,0.0,235.0
10815,425,False,-7,0.0,236.0
10816,425,False,-6,1.0,237.0
10817,425,False,-5,0.0,238.0
10818,425,False,-4,0.0,239.0
10819,425,False,-3,0.0,240.0
10820,425,False,-2,0.0,241.0
10821,425,False,-1,1.0,242.0
10822,425,False,0,0.0,243.0
10823,425,False,1,0.0,244.0
10824,425,False,2,0.0,245.0
10825,425,False,3,1.0,246.0
10826,425,False,4,0.0,247.0
10827,425,False,5,1.0,248.0
10828,425,False,6,0.0,249.0
10829,425,False,7,0.0,250.0
10830,425,False,8,0.0,251.0
10831,425,False,9,0.0,252.0
10832,425,False,10,0.0,253.0
10833,425,False,11,0.0,254.0
10834,425,False,12,0.0,255.0
10835,425,False,13,0.0,256.0
10836,425,True,-14,0.0,229.0
10837,425,True,-13,1.0,230.0
10838,425,True,-12,0.0,231.0
10839,425,True,-11,0.0,232.0
10840,425,True,-10,0.0,233.0
10841,425,True,-9,0.0,234.0
10842,425,True,-8,1.0,235.0
10843,425,True,-7,0.0,236.0
10844,425,True,-6,1.0,237.0
10845,425,True,-5,1.0,238.0
10846,425,True,-4,0.0,239.0
10847,425,True,-3,0.0,240.0
10848,425,True,-2,0.0,241.0
10849,425,True,-1,0.0,242.0
10850,425,True,0,2.0,243.0
10851,425,True,1,1.0,244.0
10852,425,True,2,0.0,245.0
10853,425,True,3,1.0,246.0
10854,425,True,4,1.0,247.0
10855,425,True,5,0.0,248.0
10856,425,True,6,0.0,249.0
10857,425,True,7,0.0,250.0
10858,425,True,8,0.0,251.0
10859,425,True,9,1.0,252.0
10860,425,True,10,0.0,253.0
10861,425,True,11,0.0,254.0
10862,425,True,12,0.0,255.0
10863,425,True,13,0.0,256.0
10864,426,False,-14,0.0,-9.0
10865,426,False,-13,0.0,-8.0
10866,426,False,-12,0.0,-7.0
10867,426,False,-11,0.0,-6.0
10868,426,False,-10,0.0,-5.0
10869,426,False,-9,0.0,-4.0
10870,426,False,-8,0.0,-3.0
10871,426,False,-7,0.0,-2.0
10872,426,False,-6,0.0,-1.0
10873,426,False,-5,0.0,0.0
10874,426,False,-4,0.0,1.0
10875,426,False,-3,2.0,2.0
10876,426,False,-2,0.0,3.0
10877,426,False,-1,5.0,4.0
10878,426,False,0,14.0,5.0
10879,426,False,1,6.0,6.0
10880,426,False,2,2.0,7.0
10881,426,False,3,2.0,8.0
10882,426,False,4,1.0,9.0
10883,426,False,5,3.0,10.0
10884,426,False,6,3.0,11.0
10885,426,False,7,3.0,12.0
10886,426,False,8,7.0,13.0
10887,426,False,9,0.0,14.0
10888,426,False,10,0.0,15.0
10889,426,False,11,1.0,16.0
10890,426,False,12,0.0,17.0
10891,426,False,13,0.0,18.0
10892,426,True,-14,0.0,-9.0
10893,426,True,-13,0.0,-8.0
10894,426,True,-12,0.0,-7.0
10895,426,True,-11,0.0,-6.0
10896,426,True,-10,0.0,-5.0
10897,426,True,-9,0.0,-4.0
10898,426,True,-8,0.0,-3.0
10899,426,True,-7,0.0,-2.0
10900,426,True,-6,0.0,-1.0
10901,426,True,-5,0.0,0.0
10902,426,True,-4,0.0,1.0
10903,426,True,-3,0.0,2.0
10904,426,True,-2,0.0,3.0
10905,426,True,-1,1.0,4.0
10906,426,True,0,3.0,5.0
10907,426,True,1,1.0,6.0
10908,426,True,2,1.0,7.0
10909,426,True,3,0.0,8.0
10910,426,True,4,0.0,9.0
10911,426,True,5,0.0,10.0
10912,426,True,6,0.0,11.0
10913,426,True,7,1.0,12.0
10914,426,True,8,1.0,13.0
10915,426,True,9,0.0,14.0
10916,426,True,10,0.0,15.0
10917,426,True,11,0.0,16.0
10918,426,True,12,0.0,17.0
10919,426,True,13,0.0,18.0
10920,428,False,-14,3.0,-7.0
10921,428,False,-13,3.0,-6.0
10922,428,False,-12,3.0,-5.0
10923,428,False,-11,20.0,-4.0
10924,428,False,-10,330.0,-3.0
10925,428,False,-9,1126.0,-2.0
10926,428,False,-8,325.0,-1.0
10927,428,False,-7,407.0,0.0
10928,428,False,-6,391.0,1.0
10929,428,False,-5,749.0,2.0
10930,428,False,-4,1232.0,3.0
10931,428,False,-3,941.0,4.0
10932,428,False,-2,1978.0,5.0
10933,428,False,-1,3145.0,6.0
10934,428,False,0,5036.0,7.0
10935,428,False,1,2503.0,8.0
10936,428,False,2,1239.0,9.0
10937,428,False,3,2104.0,10.0
10938,428,False,4,1164.0,11.0
10939,428,False,5,694.0,12.0
10940,428,False,6,1381.0,13.0
10941,428,False,7,1332.0,14.0
10942,428,False,8,759.0,15.0
10943,428,False,9,303.0,16.0
10944,428,False,10,598.0,17.0
10945,428,False,11,461.0,18.0
10946,428,False,12,594.0,19.0
10947,428,False,13,161.0,20.0
10948,428,True,-14,0.0,-7.0
10949,428,True,-13,0.0,-6.0
10950,428,True,-12,0.0,-5.0
10951,428,True,-11,0.0,-4.0
10952,428,True,-10,0.0,-3.0
10953,428,True,-9,0.0,-2.0
10954,428,True,-8,0.0,-1.0
10955,428,True,-7,59.0,0.0
10956,428,True,-6,99.0,1.0
10957,428,True,-5,190.0,2.0
10958,428,True,-4,288.0,3.0
10959,428,True,-3,159.0,4.0
10960,428,True,-2,1006.0,5.0
10961,428,True,-1,2082.0,6.0
10962,428,True,0,891.0,7.0
10963,428,True,1,229.0,8.0
10964,428,True,2,132.0,9.0
10965,428,True,3,283.0,10.0
10966,428,True,4,136.0,11.0
10967,428,True,5,54.0,12.0
10968,428,True,6,172.0,13.0
10969,428,True,7,195.0,14.0
10970,428,True,8,60.0,15.0
10971,428,True,9,13.0,16.0
10972,428,True,10,43.0,17.0
10973,428,True,11,33.0,18.0
10974,428,True,12,44.0,19.0
10975,428,True,13,14.0,20.0
10976,429,False,-14,149.0,-7.0
10977,429,False,-13,142.0,-6.0
10978,429,False,-12,98.0,-5.0
10979,429,False,-11,200.0,-4.0
10980,429,False,-10,294.0,-3.0
10981,429,False,-9,549.0,-2.0
10982,429,False,-8,1156.0,-1.0
10983,429,False,-7,943.0,0.0
10984,429,False,-6,808.0,1.0
10985,429,False,-5,1250.0,2.0
10986,429,False,-4,9572.0,3.0
10987,429,False,-3,18179.0,4.0
10988,429,False,-2,15105.0,5.0
10989,429,False,-1,9712.0,6.0
10990,429,False,0,18370.0,7.0
10991,429,False,1,16971.0,8.0
10992,429,False,2,17560.0,9.0
10993,429,False,3,29267.0,10.0
10994,429,False,4,27166.0,11.0
10995,429,False,5,6498.0,12.0
10996,429,False,6,5450.0,13.0
10997,429,False,7,6009.0,14.0
10998,429,False,8,6501.0,15.0
10999,429,False,9,2842.0,16.0
11000,429,False,10,4111.0,17.0
11001,429,False,11,2458.0,18.0
11002,429,False,12,7364.0,19.0
11003,429,False,13,7856.0,20.0
11004,429,True,-14,0.0,-7.0
11005,429,True,-13,0.0,-6.0
11006,429,True,-12,0.0,-5.0
11007,429,True,-11,0.0,-4.0
11008,429,True,-10,0.0,-3.0
11009,429,True,-9,0.0,-2.0
11010,429,True,-8,73.0,-1.0
11011,429,True,-7,227.0,0.0
11012,429,True,-6,113.0,1.0
11013,429,True,-5,154.0,2.0
11014,429,True,-4,1606.0,3.0
11015,429,True,-3,1952.0,4.0
11016,429,True,-2,1534.0,5.0
11017,429,True,-1,1368.0,6.0
11018,429,True,0,2037.0,7.0
11019,429,True,1,1317.0,8.0
11020,429,True,2,1422.0,9.0
11021,429,True,3,1652.0,10.0
11022,429,True,4,1306.0,11.0
11023,429,True,5,463.0,12.0
11024,429,True,6,247.0,13.0
11025,429,True,7,287.0,14.0
11026,429,True,8,321.0,15.0
11027,429,True,9,102.0,16.0
11028,429,True,10,164.0,17.0
11029,429,True,11,98.0,18.0
11030,429,True,12,433.0,19.0
11031,429,True,13,275.0,20.0
11032,430,False,-14,10.0,-8.0
11033,430,False,-13,33.0,-7.0
11034,430,False,-12,3.0,-6.0
11035,430,False,-11,2.0,-5.0
11036,430,False,-10,8.0,-4.0
11037,430,False,-9,8.0,-3.0
11038,430,False,-8,11.0,-2.0
11039,430,False,-7,3.0,-1.0
11040,430,False,-6,6.0,0.0
11041,430,False,-5,20.0,1.0
11042,430,False,-4,17.0,2.0
11043,430,False,-3,11.0,3.0
11044,430,False,-2,35.0,4.0
11045,430,False,-1,169.0,5.0
11046,430,False,0,1249.0,6.0
11047,430,False,1,243.0,7.0
11048,430,False,2,80.0,8.0
11049,430,False,3,16.0,9.0
11050,430,False,4,41.0,10.0
11051,430,False,5,12.0,11.0
11052,430,False,6,6.0,12.0
11053,430,False,7,17.0,13.0
11054,430,False,8,21.0,14.0
11055,430,False,9,7.0,15.0
11056,430,False,10,9.0,16.0
11057,430,False,11,5.0,17.0
11058,430,False,12,11.0,18.0
11059,430,False,13,6.0,19.0
11060,430,True,-14,0.0,-8.0
11061,430,True,-13,0.0,-7.0
11062,430,True,-12,0.0,-6.0
11063,430,True,-11,0.0,-5.0
11064,430,True,-10,0.0,-4.0
11065,430,True,-9,0.0,-3.0
11066,430,True,-8,0.0,-2.0
11067,430,True,-7,0.0,-1.0
11068,430,True,-6,0.0,0.0
11069,430,True,-5,3.0,1.0
11070,430,True,-4,2.0,2.0
11071,430,True,-3,1.0,3.0
11072,430,True,-2,2.0,4.0
11073,430,True,-1,54.0,5.0
11074,430,True,0,220.0,6.0
11075,430,True,1,37.0,7.0
11076,430,True,2,7.0,8.0
11077,430,True,3,0.0,9.0
11078,430,True,4,0.0,10.0
11079,430,True,5,1.0,11.0
11080,430,True,6,1.0,12.0
11081,430,True,7,1.0,13.0
11082,430,True,8,1.0,14.0
11083,430,True,9,1.0,15.0
11084,430,True,10,0.0,16.0
11085,430,True,11,1.0,17.0
11086,430,True,12,0.0,18.0
11087,430,True,13,0.0,19.0
11088,433,False,-14,0.0,-14.0
11089,433,False,-13,0.0,-13.0
11090,433,False,-12,0.0,-12.0
11091,433,False,-11,0.0,-11.0
11092,433,False,-10,0.0,-10.0
11093,433,False,-9,0.0,-9.0
11094,433,False,-8,0.0,-8.0
11095,433,False,-7,0.0,-7.0
11096,433,False,-6,0.0,-6.0
11097,433,False,-5,0.0,-5.0
11098,433,False,-4,0.0,-4.0
11099,433,False,-3,0.0,-3.0
11100,433,False,-2,62.0,-2.0
11101,433,False,-1,127.0,-1.0
11102,433,False,0,35.0,0.0
11103,433,False,1,39.0,1.0
11104,433,False,2,34.0,2.0
11105,433,False,3,27.0,3.0
11106,433,False,4,31.0,4.0
11107,433,False,5,43.0,5.0
11108,433,False,6,41.0,6.0
11109,433,False,7,46.0,7.0
11110,433,False,8,19.0,8.0
11111,433,False,9,16.0,9.0
11112,433,False,10,13.0,10.0
11113,433,False,11,7.0,11.0
11114,433,False,12,13.0,12.0
11115,433,False,13,9.0,13.0
11116,433,True,-14,0.0,-14.0
11117,433,True,-13,0.0,-13.0
11118,433,True,-12,0.0,-12.0
11119,433,True,-11,0.0,-11.0
11120,433,True,-10,0.0,-10.0
11121,433,True,-9,0.0,-9.0
11122,433,True,-8,0.0,-8.0
11123,433,True,-7,0.0,-7.0
11124,433,True,-6,0.0,-6.0
11125,433,True,-5,0.0,-5.0
11126,433,True,-4,0.0,-4.0
11127,433,True,-3,0.0,-3.0
11128,433,True,-2,0.0,-2.0
11129,433,True,-1,0.0,-1.0
11130,433,True,0,1.0,0.0
11131,433,True,1,1.0,1.0
11132,433,True,2,0.0,2.0
11133,433,True,3,0.0,3.0
11134,433,True,4,0.0,4.0
11135,433,True,5,0.0,5.0
11136,433,True,6,0.0,6.0
11137,433,True,7,0.0,7.0
11138,433,True,8,0.0,8.0
11139,433,True,9,0.0,9.0
11140,433,True,10,0.0,10.0
11141,433,True,11,0.0,11.0
11142,433,True,12,0.0,12.0
11143,433,True,13,0.0,13.0
11144,436,False,-14,5.0,29.0
11145,436,False,-13,2.0,30.0
11146,436,False,-12,3.0,31.0
11147,436,False,-11,5.0,32.0
11148,436,False,-10,3.0,33.0
11149,436,False,-9,0.0,34.0
11150,436,False,-8,3.0,35.0
11151,436,False,-7,2.0,36.0
11152,436,False,-6,2.0,37.0
11153,436,False,-5,1.0,38.0
11154,436,False,-4,4.0,39.0
11155,436,False,-3,4.0,40.0
11156,436,False,-2,57.0,41.0
11157,436,False,-1,17.0,42.0
11158,436,False,0,3.0,43.0
11159,436,False,1,4.0,44.0
11160,436,False,2,24.0,45.0
11161,436,False,3,14.0,46.0
11162,436,False,4,2.0,47.0
11163,436,False,5,7.0,48.0
11164,436,False,6,2.0,49.0
11165,436,False,7,4.0,50.0
11166,436,False,8,1.0,51.0
11167,436,False,9,3.0,52.0
11168,436,False,10,5.0,53.0
11169,436,False,11,4.0,54.0
11170,436,False,12,28.0,55.0
11171,436,False,13,15.0,56.0
11172,436,True,-14,1.0,29.0
11173,436,True,-13,1.0,30.0
11174,436,True,-12,2.0,31.0
11175,436,True,-11,1.0,32.0
11176,436,True,-10,1.0,33.0
11177,436,True,-9,3.0,34.0
11178,436,True,-8,3.0,35.0
11179,436,True,-7,1.0,36.0
11180,436,True,-6,3.0,37.0
11181,436,True,-5,0.0,38.0
11182,436,True,-4,0.0,39.0
11183,436,True,-3,3.0,40.0
11184,436,True,-2,36.0,41.0
11185,436,True,-1,11.0,42.0
11186,436,True,0,3.0,43.0
11187,436,True,1,2.0,44.0
11188,436,True,2,9.0,45.0
11189,436,True,3,3.0,46.0
11190,436,True,4,2.0,47.0
11191,436,True,5,1.0,48.0
11192,436,True,6,3.0,49.0
11193,436,True,7,2.0,50.0
11194,436,True,8,1.0,51.0
11195,436,True,9,0.0,52.0
11196,436,True,10,0.0,53.0
11197,436,True,11,1.0,54.0
11198,436,True,12,8.0,55.0
11199,436,True,13,8.0,56.0
11200,438,False,-14,3.0,143.0
11201,438,False,-13,0.0,144.0
11202,438,False,-12,2.0,145.0
11203,438,False,-11,0.0,146.0
11204,438,False,-10,6.0,147.0
11205,438,False,-9,0.0,148.0
11206,438,False,-8,2.0,149.0
11207,438,False,-7,1.0,150.0
11208,438,False,-6,1.0,151.0
11209,438,False,-5,0.0,152.0
11210,438,False,-4,0.0,153.0
11211,438,False,-3,2.0,154.0
11212,438,False,-2,0.0,155.0
11213,438,False,-1,1.0,156.0
11214,438,False,0,0.0,157.0
11215,438,False,1,2.0,158.0
11216,438,False,2,3.0,159.0
11217,438,False,3,2.0,160.0
11218,438,False,4,4.0,161.0
11219,438,False,5,1.0,162.0
11220,438,False,6,0.0,163.0
11221,438,False,7,0.0,164.0
11222,438,False,8,0.0,165.0
11223,438,False,9,0.0,166.0
11224,438,False,10,0.0,167.0
11225,438,False,11,0.0,168.0
11226,438,False,12,1.0,169.0
11227,438,False,13,1.0,170.0
11228,438,True,-14,1.0,143.0
11229,438,True,-13,1.0,144.0
11230,438,True,-12,1.0,145.0
11231,438,True,-11,0.0,146.0
11232,438,True,-10,3.0,147.0
11233,438,True,-9,0.0,148.0
11234,438,True,-8,0.0,149.0
11235,438,True,-7,1.0,150.0
11236,438,True,-6,0.0,151.0
11237,438,True,-5,2.0,152.0
11238,438,True,-4,2.0,153.0
11239,438,True,-3,1.0,154.0
11240,438,True,-2,0.0,155.0
11241,438,True,-1,0.0,156.0
11242,438,True,0,1.0,157.0
11243,438,True,1,0.0,158.0
11244,438,True,2,3.0,159.0
11245,438,True,3,1.0,160.0
11246,438,True,4,1.0,161.0
11247,438,True,5,0.0,162.0
11248,438,True,6,0.0,163.0
11249,438,True,7,0.0,164.0
11250,438,True,8,1.0,165.0
11251,438,True,9,0.0,166.0
11252,438,True,10,1.0,167.0
11253,438,True,11,0.0,168.0
11254,438,True,12,2.0,169.0
11255,438,True,13,0.0,170.0
11256,440,False,-14,0.0,59.0
11257,440,False,-13,2.0,60.0
11258,440,False,-12,0.0,61.0
11259,440,False,-11,1.0,62.0
11260,440,False,-10,1.0,63.0
11261,440,False,-9,0.0,64.0
11262,440,False,-8,0.0,65.0
11263,440,False,-7,0.0,66.0
11264,440,False,-6,1.0,67.0
11265,440,False,-5,3.0,68.0
11266,440,False,-4,0.0,69.0
11267,440,False,-3,0.0,70.0
11268,440,False,-2,0.0,71.0
11269,440,False,-1,0.0,72.0
11270,440,False,0,1.0,73.0
11271,440,False,1,3.0,74.0
11272,440,False,2,4.0,75.0
11273,440,False,3,6.0,76.0
11274,440,False,4,2.0,77.0
11275,440,False,5,2.0,78.0
11276,440,False,6,2.0,79.0
11277,440,False,7,3.0,80.0
11278,440,False,8,6.0,81.0
11279,440,False,9,0.0,82.0
11280,440,False,10,1.0,83.0
11281,440,False,11,2.0,84.0
11282,440,False,12,0.0,85.0
11283,440,False,13,0.0,86.0
11284,440,True,-14,0.0,59.0
11285,440,True,-13,1.0,60.0
11286,440,True,-12,0.0,61.0
11287,440,True,-11,0.0,62.0
11288,440,True,-10,0.0,63.0
11289,440,True,-9,0.0,64.0
11290,440,True,-8,0.0,65.0
11291,440,True,-7,0.0,66.0
11292,440,True,-6,0.0,67.0
11293,440,True,-5,0.0,68.0
11294,440,True,-4,0.0,69.0
11295,440,True,-3,0.0,70.0
11296,440,True,-2,1.0,71.0
11297,440,True,-1,0.0,72.0
11298,440,True,0,3.0,73.0
11299,440,True,1,4.0,74.0
11300,440,True,2,1.0,75.0
11301,440,True,3,0.0,76.0
11302,440,True,4,1.0,77.0
11303,440,True,5,1.0,78.0
11304,440,True,6,1.0,79.0
11305,440,True,7,0.0,80.0
11306,440,True,8,1.0,81.0
11307,440,True,9,0.0,82.0
11308,440,True,10,0.0,83.0
11309,440,True,11,0.0,84.0
11310,440,True,12,0.0,85.0
11311,440,True,13,0.0,86.0
11312,446,False,-14,5.0,125.0
11313,446,False,-13,6.0,126.0
11314,446,False,-12,5.0,127.0
11315,446,False,-11,2.0,128.0
11316,446,False,-10,1.0,129.0
11317,446,False,-9,2.0,130.0
11318,446,False,-8,5.0,131.0
11319,446,False,-7,5.0,132.0
11320,446,False,-6,4.0,133.0
11321,446,False,-5,4.0,134.0
11322,446,False,-4,1.0,135.0
11323,446,False,-3,5.0,136.0
11324,446,False,-2,1.0,137.0
11325,446,False,-1,5.0,138.0
11326,446,False,0,3.0,139.0
11327,446,False,1,1.0,140.0
11328,446,False,2,3.0,141.0
11329,446,False,3,2.0,142.0
11330,446,False,4,8.0,143.0
11331,446,False,5,6.0,144.0
11332,446,False,6,2.0,145.0
11333,446,False,7,4.0,146.0
11334,446,False,8,6.0,147.0
11335,446,False,9,5.0,148.0
11336,446,False,10,5.0,149.0
11337,446,False,11,6.0,150.0
11338,446,False,12,4.0,151.0
11339,446,False,13,5.0,152.0
11340,446,True,-14,0.0,125.0
11341,446,True,-13,0.0,126.0
11342,446,True,-12,0.0,127.0
11343,446,True,-11,0.0,128.0
11344,446,True,-10,1.0,129.0
11345,446,True,-9,0.0,130.0
11346,446,True,-8,1.0,131.0
11347,446,True,-7,1.0,132.0
11348,446,True,-6,0.0,133.0
11349,446,True,-5,0.0,134.0
11350,446,True,-4,1.0,135.0
11351,446,True,-3,2.0,136.0
11352,446,True,-2,1.0,137.0
11353,446,True,-1,0.0,138.0
11354,446,True,0,3.0,139.0
11355,446,True,1,1.0,140.0
11356,446,True,2,1.0,141.0
11357,446,True,3,0.0,142.0
11358,446,True,4,2.0,143.0
11359,446,True,5,0.0,144.0
11360,446,True,6,1.0,145.0
11361,446,True,7,1.0,146.0
11362,446,True,8,0.0,147.0
11363,446,True,9,0.0,148.0
11364,446,True,10,0.0,149.0
11365,446,True,11,0.0,150.0
11366,446,True,12,0.0,151.0
11367,446,True,13,0.0,152.0
11368,447,False,-14,181.0,139.0
11369,447,False,-13,29.0,140.0
11370,447,False,-12,18.0,141.0
11371,447,False,-11,7.0,142.0
11372,447,False,-10,17.0,143.0
11373,447,False,-9,7.0,144.0
11374,447,False,-8,13.0,145.0
11375,447,False,-7,7.0,146.0
11376,447,False,-6,9.0,147.0
11377,447,False,-5,4.0,148.0
11378,447,False,-4,8.0,149.0
11379,447,False,-3,25.0,150.0
11380,447,False,-2,72.0,151.0
11381,447,False,-1,65.0,152.0
11382,447,False,0,41.0,153.0
11383,447,False,1,34.0,154.0
11384,447,False,2,13.0,155.0
11385,447,False,3,78.0,156.0
11386,447,False,4,49.0,157.0
11387,447,False,5,27.0,158.0
11388,447,False,6,11.0,159.0
11389,447,False,7,47.0,160.0
11390,447,False,8,23.0,161.0
11391,447,False,9,8.0,162.0
11392,447,False,10,34.0,163.0
11393,447,False,11,39.0,164.0
11394,447,False,12,102.0,165.0
11395,447,False,13,73.0,166.0
11396,447,True,-14,230.0,139.0
11397,447,True,-13,55.0,140.0
11398,447,True,-12,10.0,141.0
11399,447,True,-11,11.0,142.0
11400,447,True,-10,16.0,143.0
11401,447,True,-9,6.0,144.0
11402,447,True,-8,12.0,145.0
11403,447,True,-7,8.0,146.0
11404,447,True,-6,10.0,147.0
11405,447,True,-5,2.0,148.0
11406,447,True,-4,6.0,149.0
11407,447,True,-3,10.0,150.0
11408,447,True,-2,38.0,151.0
11409,447,True,-1,44.0,152.0
11410,447,True,0,36.0,153.0
11411,447,True,1,29.0,154.0
11412,447,True,2,7.0,155.0
11413,447,True,3,56.0,156.0
11414,447,True,4,33.0,157.0
11415,447,True,5,16.0,158.0
11416,447,True,6,9.0,159.0
11417,447,True,7,25.0,160.0
11418,447,True,8,16.0,161.0
11419,447,True,9,3.0,162.0
11420,447,True,10,17.0,163.0
11421,447,True,11,17.0,164.0
11422,447,True,12,72.0,165.0
11423,447,True,13,26.0,166.0
11424,448,False,-14,0.0,294.0
11425,448,False,-13,0.0,295.0
11426,448,False,-12,0.0,296.0
11427,448,False,-11,0.0,297.0
11428,448,False,-10,0.0,298.0
11429,448,False,-9,0.0,299.0
11430,448,False,-8,0.0,300.0
11431,448,False,-7,0.0,301.0
11432,448,False,-6,0.0,302.0
11433,448,False,-5,0.0,303.0
11434,448,False,-4,0.0,304.0
11435,448,False,-3,0.0,305.0
11436,448,False,-2,0.0,306.0
11437,448,False,-1,0.0,307.0
11438,448,False,0,0.0,308.0
11439,448,False,1,0.0,309.0
11440,448,False,2,1.0,310.0
11441,448,False,3,0.0,311.0
11442,448,False,4,0.0,312.0
11443,448,False,5,1.0,313.0
11444,448,False,6,1.0,314.0
11445,448,False,7,0.0,315.0
11446,448,False,8,0.0,316.0
11447,448,False,9,0.0,317.0
11448,448,False,10,0.0,318.0
11449,448,False,11,0.0,319.0
11450,448,False,12,1.0,320.0
11451,448,False,13,0.0,321.0
11452,448,True,-14,0.0,294.0
11453,448,True,-13,1.0,295.0
11454,448,True,-12,0.0,296.0
11455,448,True,-11,0.0,297.0
11456,448,True,-10,0.0,298.0
11457,448,True,-9,0.0,299.0
11458,448,True,-8,0.0,300.0
11459,448,True,-7,0.0,301.0
11460,448,True,-6,0.0,302.0
11461,448,True,-5,0.0,303.0
11462,448,True,-4,0.0,304.0
11463,448,True,-3,0.0,305.0
11464,448,True,-2,0.0,306.0
11465,448,True,-1,0.0,307.0
11466,448,True,0,0.0,308.0
11467,448,True,1,0.0,309.0
11468,448,True,2,0.0,310.0
11469,448,True,3,0.0,311.0
11470,448,True,4,0.0,312.0
11471,448,True,5,0.0,313.0
11472,448,True,6,0.0,314.0
11473,448,True,7,0.0,315.0
11474,448,True,8,0.0,316.0
11475,448,True,9,1.0,317.0
11476,448,True,10,0.0,318.0
11477,448,True,11,0.0,319.0
11478,448,True,12,0.0,320.0
11479,448,True,13,0.0,321.0
11480,449,False,-14,74.0,178.0
11481,449,False,-13,81.0,179.0
11482,449,False,-12,87.0,180.0
11483,449,False,-11,37.0,181.0
11484,449,False,-10,33.0,182.0
11485,449,False,-9,38.0,183.0
11486,449,False,-8,44.0,184.0
11487,449,False,-7,54.0,185.0
11488,449,False,-6,54.0,186.0
11489,449,False,-5,52.0,187.0
11490,449,False,-4,41.0,188.0
11491,449,False,-3,39.0,189.0
11492,449,False,-2,49.0,190.0
11493,449,False,-1,35.0,191.0
11494,449,False,0,49.0,192.0
11495,449,False,1,32.0,193.0
11496,449,False,2,24.0,194.0
11497,449,False,3,36.0,195.0
11498,449,False,4,75.0,196.0
11499,449,False,5,42.0,197.0
11500,449,False,6,44.0,198.0
11501,449,False,7,27.0,199.0
11502,449,False,8,33.0,200.0
11503,449,False,9,38.0,201.0
11504,449,False,10,67.0,202.0
11505,449,False,11,42.0,203.0
11506,449,False,12,32.0,204.0
11507,449,False,13,32.0,205.0
11508,449,True,-14,27.0,178.0
11509,449,True,-13,24.0,179.0
11510,449,True,-12,19.0,180.0
11511,449,True,-11,9.0,181.0
11512,449,True,-10,12.0,182.0
11513,449,True,-9,4.0,183.0
11514,449,True,-8,4.0,184.0
11515,449,True,-7,8.0,185.0
11516,449,True,-6,6.0,186.0
11517,449,True,-5,16.0,187.0
11518,449,True,-4,10.0,188.0
11519,449,True,-3,7.0,189.0
11520,449,True,-2,8.0,190.0
11521,449,True,-1,7.0,191.0
11522,449,True,0,12.0,192.0
11523,449,True,1,3.0,193.0
11524,449,True,2,3.0,194.0
11525,449,True,3,7.0,195.0
11526,449,True,4,3.0,196.0
11527,449,True,5,3.0,197.0
11528,449,True,6,5.0,198.0
11529,449,True,7,2.0,199.0
11530,449,True,8,3.0,200.0
11531,449,True,9,7.0,201.0
11532,449,True,10,17.0,202.0
11533,449,True,11,10.0,203.0
11534,449,True,12,1.0,204.0
11535,449,True,13,2.0,205.0
11536,452,False,-14,0.0,-4.0
11537,452,False,-13,0.0,-3.0
11538,452,False,-12,0.0,-2.0
11539,452,False,-11,8.0,-1.0
11540,452,False,-10,4.0,0.0
11541,452,False,-9,4.0,1.0
11542,452,False,-8,7.0,2.0
11543,452,False,-7,10.0,3.0
11544,452,False,-6,3.0,4.0
11545,452,False,-5,13.0,5.0
11546,452,False,-4,4.0,6.0
11547,452,False,-3,5.0,7.0
11548,452,False,-2,3.0,8.0
11549,452,False,-1,5.0,9.0
11550,452,False,0,8.0,10.0
11551,452,False,1,7.0,11.0
11552,452,False,2,2.0,12.0
11553,452,False,3,3.0,13.0
11554,452,False,4,4.0,14.0
11555,452,False,5,1.0,15.0
11556,452,False,6,3.0,16.0
11557,452,False,7,1.0,17.0
11558,452,False,8,4.0,18.0
11559,452,False,9,3.0,19.0
11560,452,False,10,3.0,20.0
11561,452,False,11,4.0,21.0
11562,452,False,12,4.0,22.0
11563,452,False,13,4.0,23.0
11564,452,True,-14,0.0,-4.0
11565,452,True,-13,0.0,-3.0
11566,452,True,-12,0.0,-2.0
11567,452,True,-11,0.0,-1.0
11568,452,True,-10,0.0,0.0
11569,452,True,-9,0.0,1.0
11570,452,True,-8,0.0,2.0
11571,452,True,-7,0.0,3.0
11572,452,True,-6,0.0,4.0
11573,452,True,-5,0.0,5.0
11574,452,True,-4,2.0,6.0
11575,452,True,-3,0.0,7.0
11576,452,True,-2,0.0,8.0
11577,452,True,-1,1.0,9.0
11578,452,True,0,22.0,10.0
11579,452,True,1,6.0,11.0
11580,452,True,2,1.0,12.0
11581,452,True,3,1.0,13.0
11582,452,True,4,1.0,14.0
11583,452,True,5,1.0,15.0
11584,452,True,6,0.0,16.0
11585,452,True,7,0.0,17.0
11586,452,True,8,1.0,18.0
11587,452,True,9,0.0,19.0
11588,452,True,10,0.0,20.0
11589,452,True,11,0.0,21.0
11590,452,True,12,0.0,22.0
11591,452,True,13,0.0,23.0
11592,453,False,-14,7.0,152.0
11593,453,False,-13,5.0,153.0
11594,453,False,-12,7.0,154.0
11595,453,False,-11,13.0,155.0
11596,453,False,-10,6.0,156.0
11597,453,False,-9,5.0,157.0
11598,453,False,-8,5.0,158.0
11599,453,False,-7,6.0,159.0
11600,453,False,-6,2.0,160.0
11601,453,False,-5,73.0,161.0
11602,453,False,-4,24.0,162.0
11603,453,False,-3,8.0,163.0
11604,453,False,-2,14.0,164.0
11605,453,False,-1,11.0,165.0
11606,453,False,0,9.0,166.0
11607,453,False,1,11.0,167.0
11608,453,False,2,6.0,168.0
11609,453,False,3,6.0,169.0
11610,453,False,4,6.0,170.0
11611,453,False,5,10.0,171.0
11612,453,False,6,1.0,172.0
11613,453,False,7,11.0,173.0
11614,453,False,8,9.0,174.0
11615,453,False,9,8.0,175.0
11616,453,False,10,7.0,176.0
11617,453,False,11,10.0,177.0
11618,453,False,12,2.0,178.0
11619,453,False,13,6.0,179.0
11620,453,True,-14,9.0,152.0
11621,453,True,-13,6.0,153.0
11622,453,True,-12,4.0,154.0
11623,453,True,-11,23.0,155.0
11624,453,True,-10,3.0,156.0
11625,453,True,-9,3.0,157.0
11626,453,True,-8,3.0,158.0
11627,453,True,-7,8.0,159.0
11628,453,True,-6,4.0,160.0
11629,453,True,-5,113.0,161.0
11630,453,True,-4,25.0,162.0
11631,453,True,-3,9.0,163.0
11632,453,True,-2,7.0,164.0
11633,453,True,-1,5.0,165.0
11634,453,True,0,4.0,166.0
11635,453,True,1,4.0,167.0
11636,453,True,2,5.0,168.0
11637,453,True,3,5.0,169.0
11638,453,True,4,1.0,170.0
11639,453,True,5,7.0,171.0
11640,453,True,6,7.0,172.0
11641,453,True,7,12.0,173.0
11642,453,True,8,8.0,174.0
11643,453,True,9,5.0,175.0
11644,453,True,10,4.0,176.0
11645,453,True,11,4.0,177.0
11646,453,True,12,3.0,178.0
11647,453,True,13,4.0,179.0
11648,457,False,-14,0.0,3.0
11649,457,False,-13,50.0,4.0
11650,457,False,-12,70.0,5.0
11651,457,False,-11,57.0,6.0
11652,457,False,-10,28.0,7.0
11653,457,False,-9,55.0,8.0
11654,457,False,-8,16.0,9.0
11655,457,False,-7,12.0,10.0
11656,457,False,-6,19.0,11.0
11657,457,False,-5,17.0,12.0
11658,457,False,-4,182.0,13.0
11659,457,False,-3,94.0,14.0
11660,457,False,-2,34.0,15.0
11661,457,False,-1,9.0,16.0
11662,457,False,0,15.0,17.0
11663,457,False,1,5.0,18.0
11664,457,False,2,11.0,19.0
11665,457,False,3,9.0,20.0
11666,457,False,4,11.0,21.0
11667,457,False,5,11.0,22.0
11668,457,False,6,17.0,23.0
11669,457,False,7,8.0,24.0
11670,457,False,8,15.0,25.0
11671,457,False,9,10.0,26.0
11672,457,False,10,6.0,27.0
11673,457,False,11,6.0,28.0
11674,457,False,12,10.0,29.0
11675,457,False,13,3.0,30.0
11676,457,True,-14,0.0,3.0
11677,457,True,-13,9.0,4.0
11678,457,True,-12,4.0,5.0
11679,457,True,-11,4.0,6.0
11680,457,True,-10,3.0,7.0
11681,457,True,-9,13.0,8.0
11682,457,True,-8,4.0,9.0
11683,457,True,-7,4.0,10.0
11684,457,True,-6,4.0,11.0
11685,457,True,-5,9.0,12.0
11686,457,True,-4,109.0,13.0
11687,457,True,-3,35.0,14.0
11688,457,True,-2,30.0,15.0
11689,457,True,-1,11.0,16.0
11690,457,True,0,11.0,17.0
11691,457,True,1,3.0,18.0
11692,457,True,2,3.0,19.0
11693,457,True,3,4.0,20.0
11694,457,True,4,3.0,21.0
11695,457,True,5,4.0,22.0
11696,457,True,6,5.0,23.0
11697,457,True,7,5.0,24.0
11698,457,True,8,3.0,25.0
11699,457,True,9,2.0,26.0
11700,457,True,10,3.0,27.0
11701,457,True,11,1.0,28.0
11702,457,True,12,9.0,29.0
11703,457,True,13,2.0,30.0
11704,458,False,-14,6.0,72.0
11705,458,False,-13,8.0,73.0
11706,458,False,-12,9.0,74.0
11707,458,False,-11,15.0,75.0
11708,458,False,-10,12.0,76.0
11709,458,False,-9,10.0,77.0
11710,458,False,-8,5.0,78.0
11711,458,False,-7,10.0,79.0
11712,458,False,-6,10.0,80.0
11713,458,False,-5,11.0,81.0
11714,458,False,-4,6.0,82.0
11715,458,False,-3,2.0,83.0
11716,458,False,-2,1.0,84.0
11717,458,False,-1,2.0,85.0
11718,458,False,0,10.0,86.0
11719,458,False,1,4.0,87.0
11720,458,False,2,5.0,88.0
11721,458,False,3,4.0,89.0
11722,458,False,4,1.0,90.0
11723,458,False,5,4.0,91.0
11724,458,False,6,5.0,92.0
11725,458,False,7,3.0,93.0
11726,458,False,8,3.0,94.0
11727,458,False,9,5.0,95.0
11728,458,False,10,1.0,96.0
11729,458,False,11,1.0,97.0
11730,458,False,12,2.0,98.0
11731,458,False,13,2.0,99.0
11732,458,True,-14,0.0,72.0
11733,458,True,-13,0.0,73.0
11734,458,True,-12,0.0,74.0
11735,458,True,-11,1.0,75.0
11736,458,True,-10,1.0,76.0
11737,458,True,-9,1.0,77.0
11738,458,True,-8,1.0,78.0
11739,458,True,-7,0.0,79.0
11740,458,True,-6,1.0,80.0
11741,458,True,-5,0.0,81.0
11742,458,True,-4,2.0,82.0
11743,458,True,-3,2.0,83.0
11744,458,True,-2,1.0,84.0
11745,458,True,-1,0.0,85.0
11746,458,True,0,6.0,86.0
11747,458,True,1,0.0,87.0
11748,458,True,2,1.0,88.0
11749,458,True,3,2.0,89.0
11750,458,True,4,2.0,90.0
11751,458,True,5,0.0,91.0
11752,458,True,6,1.0,92.0
11753,458,True,7,1.0,93.0
11754,458,True,8,2.0,94.0
11755,458,True,9,0.0,95.0
11756,458,True,10,2.0,96.0
11757,458,True,11,0.0,97.0
11758,458,True,12,2.0,98.0
11759,458,True,13,0.0,99.0
11760,460,False,-14,0.0,38.0
11761,460,False,-13,2.0,39.0
11762,460,False,-12,0.0,40.0
11763,460,False,-11,1.0,41.0
11764,460,False,-10,1.0,42.0
11765,460,False,-9,0.0,43.0
11766,460,False,-8,0.0,44.0
11767,460,False,-7,0.0,45.0
11768,460,False,-6,0.0,46.0
11769,460,False,-5,0.0,47.0
11770,460,False,-4,1.0,48.0
11771,460,False,-3,0.0,49.0
11772,460,False,-2,1.0,50.0
11773,460,False,-1,1.0,51.0
11774,460,False,0,0.0,52.0
11775,460,False,1,1.0,53.0
11776,460,False,2,2.0,54.0
11777,460,False,3,1.0,55.0
11778,460,False,4,0.0,56.0
11779,460,False,5,1.0,57.0
11780,460,False,6,0.0,58.0
11781,460,False,7,0.0,59.0
11782,460,False,8,0.0,60.0
11783,460,False,9,1.0,61.0
11784,460,False,10,0.0,62.0
11785,460,False,11,0.0,63.0
11786,460,False,12,0.0,64.0
11787,460,False,13,2.0,65.0
11788,460,True,-14,0.0,38.0
11789,460,True,-13,0.0,39.0
11790,460,True,-12,0.0,40.0
11791,460,True,-11,0.0,41.0
11792,460,True,-10,0.0,42.0
11793,460,True,-9,1.0,43.0
11794,460,True,-8,0.0,44.0
11795,460,True,-7,1.0,45.0
11796,460,True,-6,0.0,46.0
11797,460,True,-5,0.0,47.0
11798,460,True,-4,0.0,48.0
11799,460,True,-3,1.0,49.0
11800,460,True,-2,0.0,50.0
11801,460,True,-1,0.0,51.0
11802,460,True,0,2.0,52.0
11803,460,True,1,0.0,53.0
11804,460,True,2,0.0,54.0
11805,460,True,3,0.0,55.0
11806,460,True,4,0.0,56.0
11807,460,True,5,0.0,57.0
11808,460,True,6,0.0,58.0
11809,460,True,7,0.0,59.0
11810,460,True,8,1.0,60.0
11811,460,True,9,0.0,61.0
11812,460,True,10,0.0,62.0
11813,460,True,11,0.0,63.0
11814,460,True,12,0.0,64.0
11815,460,True,13,0.0,65.0
11816,462,False,-14,0.0,253.0
11817,462,False,-13,0.0,254.0
11818,462,False,-12,0.0,255.0
11819,462,False,-11,0.0,256.0
11820,462,False,-10,0.0,257.0
11821,462,False,-9,0.0,258.0
11822,462,False,-8,0.0,259.0
11823,462,False,-7,0.0,260.0
11824,462,False,-6,0.0,261.0
11825,462,False,-5,0.0,262.0
11826,462,False,-4,0.0,263.0
11827,462,False,-3,0.0,264.0
11828,462,False,-2,0.0,265.0
11829,462,False,-1,0.0,266.0
11830,462,False,0,0.0,267.0
11831,462,False,1,1.0,268.0
11832,462,False,2,0.0,269.0
11833,462,False,3,0.0,270.0
11834,462,False,4,0.0,271.0
11835,462,False,5,0.0,272.0
11836,462,False,6,0.0,273.0
11837,462,False,7,1.0,274.0
11838,462,False,8,0.0,275.0
11839,462,False,9,0.0,276.0
11840,462,False,10,0.0,277.0
11841,462,False,11,0.0,278.0
11842,462,False,12,0.0,279.0
11843,462,False,13,0.0,280.0
11844,462,True,-14,0.0,253.0
11845,462,True,-13,0.0,254.0
11846,462,True,-12,0.0,255.0
11847,462,True,-11,0.0,256.0
11848,462,True,-10,0.0,257.0
11849,462,True,-9,0.0,258.0
11850,462,True,-8,0.0,259.0
11851,462,True,-7,0.0,260.0
11852,462,True,-6,0.0,261.0
11853,462,True,-5,0.0,262.0
11854,462,True,-4,0.0,263.0
11855,462,True,-3,0.0,264.0
11856,462,True,-2,0.0,265.0
11857,462,True,-1,0.0,266.0
11858,462,True,0,0.0,267.0
11859,462,True,1,0.0,268.0
11860,462,True,2,0.0,269.0
11861,462,True,3,0.0,270.0
11862,462,True,4,0.0,271.0
11863,462,True,5,0.0,272.0
11864,462,True,6,0.0,273.0
11865,462,True,7,0.0,274.0
11866,462,True,8,0.0,275.0
11867,462,True,9,1.0,276.0
11868,462,True,10,0.0,277.0
11869,462,True,11,0.0,278.0
11870,462,True,12,0.0,279.0
11871,462,True,13,0.0,280.0
11872,463,False,-14,1.0,216.0
11873,463,False,-13,1.0,217.0
11874,463,False,-12,0.0,218.0
11875,463,False,-11,0.0,219.0
11876,463,False,-10,0.0,220.0
11877,463,False,-9,1.0,221.0
11878,463,False,-8,2.0,222.0
11879,463,False,-7,0.0,223.0
11880,463,False,-6,2.0,224.0
11881,463,False,-5,1.0,225.0
11882,463,False,-4,0.0,226.0
11883,463,False,-3,1.0,227.0
11884,463,False,-2,0.0,228.0
11885,463,False,-1,2.0,229.0
11886,463,False,0,0.0,230.0
11887,463,False,1,1.0,231.0
11888,463,False,2,0.0,232.0
11889,463,False,3,0.0,233.0
11890,463,False,4,0.0,234.0
11891,463,False,5,2.0,235.0
11892,463,False,6,0.0,236.0
11893,463,False,7,0.0,237.0
11894,463,False,8,0.0,238.0
11895,463,False,9,1.0,239.0
11896,463,False,10,0.0,240.0
11897,463,False,11,3.0,241.0
11898,463,False,12,1.0,242.0
11899,463,False,13,0.0,243.0
11900,463,True,-14,0.0,216.0
11901,463,True,-13,0.0,217.0
11902,463,True,-12,3.0,218.0
11903,463,True,-11,0.0,219.0
11904,463,True,-10,0.0,220.0
11905,463,True,-9,1.0,221.0
11906,463,True,-8,0.0,222.0
11907,463,True,-7,0.0,223.0
11908,463,True,-6,2.0,224.0
11909,463,True,-5,0.0,225.0
11910,463,True,-4,0.0,226.0
11911,463,True,-3,0.0,227.0
11912,463,True,-2,1.0,228.0
11913,463,True,-1,0.0,229.0
11914,463,True,0,1.0,230.0
11915,463,True,1,0.0,231.0
11916,463,True,2,2.0,232.0
11917,463,True,3,1.0,233.0
11918,463,True,4,0.0,234.0
11919,463,True,5,1.0,235.0
11920,463,True,6,1.0,236.0
11921,463,True,7,0.0,237.0
11922,463,True,8,0.0,238.0
11923,463,True,9,0.0,239.0
11924,463,True,10,0.0,240.0
11925,463,True,11,0.0,241.0
11926,463,True,12,0.0,242.0
11927,463,True,13,0.0,243.0
11928,465,False,-14,1.0,216.0
11929,465,False,-13,1.0,217.0
11930,465,False,-12,0.0,218.0
11931,465,False,-11,1.0,219.0
11932,465,False,-10,1.0,220.0
11933,465,False,-9,0.0,221.0
11934,465,False,-8,0.0,222.0
11935,465,False,-7,0.0,223.0
11936,465,False,-6,0.0,224.0
11937,465,False,-5,1.0,225.0
11938,465,False,-4,0.0,226.0
11939,465,False,-3,1.0,227.0
11940,465,False,-2,4.0,228.0
11941,465,False,-1,2.0,229.0
11942,465,False,0,0.0,230.0
11943,465,False,1,6.0,231.0
11944,465,False,2,3.0,232.0
11945,465,False,3,1.0,233.0
11946,465,False,4,2.0,234.0
11947,465,False,5,2.0,235.0
11948,465,False,6,7.0,236.0
11949,465,False,7,1.0,237.0
11950,465,False,8,1.0,238.0
11951,465,False,9,1.0,239.0
11952,465,False,10,1.0,240.0
11953,465,False,11,0.0,241.0
11954,465,False,12,0.0,242.0
11955,465,False,13,2.0,243.0
11956,465,True,-14,1.0,216.0
11957,465,True,-13,0.0,217.0
11958,465,True,-12,0.0,218.0
11959,465,True,-11,0.0,219.0
11960,465,True,-10,0.0,220.0
11961,465,True,-9,0.0,221.0
11962,465,True,-8,0.0,222.0
11963,465,True,-7,0.0,223.0
11964,465,True,-6,0.0,224.0
11965,465,True,-5,0.0,225.0
11966,465,True,-4,0.0,226.0
11967,465,True,-3,0.0,227.0
11968,465,True,-2,0.0,228.0
11969,465,True,-1,0.0,229.0
11970,465,True,0,0.0,230.0
11971,465,True,1,0.0,231.0
11972,465,True,2,0.0,232.0
11973,465,True,3,0.0,233.0
11974,465,True,4,0.0,234.0
11975,465,True,5,0.0,235.0
11976,465,True,6,0.0,236.0
11977,465,True,7,0.0,237.0
11978,465,True,8,0.0,238.0
11979,465,True,9,1.0,239.0
11980,465,True,10,0.0,240.0
11981,465,True,11,0.0,241.0
11982,465,True,12,0.0,242.0
11983,465,True,13,0.0,243.0
11984,466,False,-14,2444.0,4.0
11985,466,False,-13,9155.0,5.0
11986,466,False,-12,14093.0,6.0
11987,466,False,-11,2386.0,7.0
11988,466,False,-10,1372.0,8.0
11989,466,False,-9,1197.0,9.0
11990,466,False,-8,1409.0,10.0
11991,466,False,-7,836.0,11.0
11992,466,False,-6,724.0,12.0
11993,466,False,-5,867.0,13.0
11994,466,False,-4,644.0,14.0
11995,466,False,-3,582.0,15.0
11996,466,False,-2,2504.0,16.0
11997,466,False,-1,2977.0,17.0
11998,466,False,0,5648.0,18.0
11999,466,False,1,500.0,19.0
12000,466,False,2,370.0,20.0
12001,466,False,3,1328.0,21.0
12002,466,False,4,427.0,22.0
12003,466,False,5,342.0,23.0
12004,466,False,6,389.0,24.0
12005,466,False,7,439.0,25.0
12006,466,False,8,180.0,26.0
12007,466,False,9,280.0,27.0
12008,466,False,10,205.0,28.0
12009,466,False,11,2901.0,29.0
12010,466,False,12,250.0,30.0
12011,466,False,13,156.0,31.0
12012,466,True,-14,382.0,4.0
12013,466,True,-13,1207.0,5.0
12014,466,True,-12,3192.0,6.0
12015,466,True,-11,519.0,7.0
12016,466,True,-10,253.0,8.0
12017,466,True,-9,298.0,9.0
12018,466,True,-8,415.0,10.0
12019,466,True,-7,195.0,11.0
12020,466,True,-6,158.0,12.0
12021,466,True,-5,194.0,13.0
12022,466,True,-4,214.0,14.0
12023,466,True,-3,130.0,15.0
12024,466,True,-2,464.0,16.0
12025,466,True,-1,745.0,17.0
12026,466,True,0,1262.0,18.0
12027,466,True,1,89.0,19.0
12028,466,True,2,60.0,20.0
12029,466,True,3,330.0,21.0
12030,466,True,4,91.0,22.0
12031,466,True,5,48.0,23.0
12032,466,True,6,60.0,24.0
12033,466,True,7,103.0,25.0
12034,466,True,8,34.0,26.0
12035,466,True,9,53.0,27.0
12036,466,True,10,26.0,28.0
12037,466,True,11,674.0,29.0
12038,466,True,12,31.0,30.0
12039,466,True,13,21.0,31.0
12040,469,False,-14,2.0,60.0
12041,469,False,-13,0.0,61.0
12042,469,False,-12,0.0,62.0
12043,469,False,-11,0.0,63.0
12044,469,False,-10,0.0,64.0
12045,469,False,-9,1.0,65.0
12046,469,False,-8,0.0,66.0
12047,469,False,-7,0.0,67.0
12048,469,False,-6,0.0,68.0
12049,469,False,-5,0.0,69.0
12050,469,False,-4,0.0,70.0
12051,469,False,-3,1.0,71.0
12052,469,False,-2,3.0,72.0
12053,469,False,-1,0.0,73.0
12054,469,False,0,1.0,74.0
12055,469,False,1,1.0,75.0
12056,469,False,2,1.0,76.0
12057,469,False,3,0.0,77.0
12058,469,False,4,0.0,78.0
12059,469,False,5,2.0,79.0
12060,469,False,6,0.0,80.0
12061,469,False,7,1.0,81.0
12062,469,False,8,1.0,82.0
12063,469,False,9,0.0,83.0
12064,469,False,10,0.0,84.0
12065,469,False,11,1.0,85.0
12066,469,False,12,0.0,86.0
12067,469,False,13,0.0,87.0
12068,469,True,-14,0.0,60.0
12069,469,True,-13,0.0,61.0
12070,469,True,-12,0.0,62.0
12071,469,True,-11,0.0,63.0
12072,469,True,-10,0.0,64.0
12073,469,True,-9,0.0,65.0
12074,469,True,-8,0.0,66.0
12075,469,True,-7,0.0,67.0
12076,469,True,-6,0.0,68.0
12077,469,True,-5,0.0,69.0
12078,469,True,-4,0.0,70.0
12079,469,True,-3,0.0,71.0
12080,469,True,-2,0.0,72.0
12081,469,True,-1,0.0,73.0
12082,469,True,0,5.0,74.0
12083,469,True,1,0.0,75.0
12084,469,True,2,0.0,76.0
12085,469,True,3,0.0,77.0
12086,469,True,4,0.0,78.0
12087,469,True,5,1.0,79.0
12088,469,True,6,0.0,80.0
12089,469,True,7,0.0,81.0
12090,469,True,8,0.0,82.0
12091,469,True,9,0.0,83.0
12092,469,True,10,0.0,84.0
12093,469,True,11,0.0,85.0
12094,469,True,12,0.0,86.0
12095,469,True,13,0.0,87.0
12096,470,False,-14,0.0,158.0
12097,470,False,-13,0.0,159.0
12098,470,False,-12,0.0,160.0
12099,470,False,-11,0.0,161.0
12100,470,False,-10,0.0,162.0
12101,470,False,-9,0.0,163.0
12102,470,False,-8,1.0,164.0
12103,470,False,-7,0.0,165.0
12104,470,False,-6,0.0,166.0
12105,470,False,-5,0.0,167.0
12106,470,False,-4,0.0,168.0
12107,470,False,-3,0.0,169.0
12108,470,False,-2,0.0,170.0
12109,470,False,-1,0.0,171.0
12110,470,False,0,1.0,172.0
12111,470,False,1,0.0,173.0
12112,470,False,2,0.0,174.0
12113,470,False,3,0.0,175.0
12114,470,False,4,0.0,176.0
12115,470,False,5,0.0,177.0
12116,470,False,6,1.0,178.0
12117,470,False,7,0.0,179.0
12118,470,False,8,0.0,180.0
12119,470,False,9,0.0,181.0
12120,470,False,10,0.0,182.0
12121,470,False,11,0.0,183.0
12122,470,False,12,0.0,184.0
12123,470,False,13,0.0,185.0
12124,470,True,-14,0.0,158.0
12125,470,True,-13,0.0,159.0
12126,470,True,-12,0.0,160.0
12127,470,True,-11,0.0,161.0
12128,470,True,-10,0.0,162.0
12129,470,True,-9,2.0,163.0
12130,470,True,-8,0.0,164.0
12131,470,True,-7,0.0,165.0
12132,470,True,-6,0.0,166.0
12133,470,True,-5,0.0,167.0
12134,470,True,-4,0.0,168.0
12135,470,True,-3,0.0,169.0
12136,470,True,-2,0.0,170.0
12137,470,True,-1,0.0,171.0
12138,470,True,0,1.0,172.0
12139,470,True,1,0.0,173.0
12140,470,True,2,0.0,174.0
12141,470,True,3,0.0,175.0
12142,470,True,4,0.0,176.0
12143,470,True,5,1.0,177.0
12144,470,True,6,0.0,178.0
12145,470,True,7,1.0,179.0
12146,470,True,8,1.0,180.0
12147,470,True,9,0.0,181.0
12148,470,True,10,1.0,182.0
12149,470,True,11,1.0,183.0
12150,470,True,12,0.0,184.0
12151,470,True,13,0.0,185.0
12152,471,False,-14,2178.0,1.0
12153,471,False,-13,3799.0,2.0
12154,471,False,-12,3385.0,3.0
12155,471,False,-11,3479.0,4.0
12156,471,False,-10,5048.0,5.0
12157,471,False,-9,5970.0,6.0
12158,471,False,-8,4825.0,7.0
12159,471,False,-7,3456.0,8.0
12160,471,False,-6,2086.0,9.0
12161,471,False,-5,4695.0,10.0
12162,471,False,-4,7484.0,11.0
12163,471,False,-3,3630.0,12.0
12164,471,False,-2,3379.0,13.0
12165,471,False,-1,4103.0,14.0
12166,471,False,0,7834.0,15.0
12167,471,False,1,1543.0,16.0
12168,471,False,2,1099.0,17.0
12169,471,False,3,1163.0,18.0
12170,471,False,4,795.0,19.0
12171,471,False,5,767.0,20.0
12172,471,False,6,2946.0,21.0
12173,471,False,7,2029.0,22.0
12174,471,False,8,1658.0,23.0
12175,471,False,9,890.0,24.0
12176,471,False,10,636.0,25.0
12177,471,False,11,759.0,26.0
12178,471,False,12,581.0,27.0
12179,471,False,13,430.0,28.0
12180,471,True,-14,235.0,1.0
12181,471,True,-13,486.0,2.0
12182,471,True,-12,187.0,3.0
12183,471,True,-11,213.0,4.0
12184,471,True,-10,576.0,5.0
12185,471,True,-9,660.0,6.0
12186,471,True,-8,1230.0,7.0
12187,471,True,-7,590.0,8.0
12188,471,True,-6,407.0,9.0
12189,471,True,-5,631.0,10.0
12190,471,True,-4,1347.0,11.0
12191,471,True,-3,479.0,12.0
12192,471,True,-2,608.0,13.0
12193,471,True,-1,472.0,14.0
12194,471,True,0,1163.0,15.0
12195,471,True,1,225.0,16.0
12196,471,True,2,104.0,17.0
12197,471,True,3,108.0,18.0
12198,471,True,4,56.0,19.0
12199,471,True,5,47.0,20.0
12200,471,True,6,282.0,21.0
12201,471,True,7,152.0,22.0
12202,471,True,8,133.0,23.0
12203,471,True,9,68.0,24.0
12204,471,True,10,99.0,25.0
12205,471,True,11,31.0,26.0
12206,471,True,12,33.0,27.0
12207,471,True,13,34.0,28.0
12208,472,False,-14,2.0,278.0
12209,472,False,-13,2.0,279.0
12210,472,False,-12,4.0,280.0
12211,472,False,-11,39.0,281.0
12212,472,False,-10,20.0,282.0
12213,472,False,-9,52.0,283.0
12214,472,False,-8,12.0,284.0
12215,472,False,-7,20.0,285.0
12216,472,False,-6,15.0,286.0
12217,472,False,-5,89.0,287.0
12218,472,False,-4,104.0,288.0
12219,472,False,-3,12.0,289.0
12220,472,False,-2,14.0,290.0
12221,472,False,-1,8.0,291.0
12222,472,False,0,20.0,292.0
12223,472,False,1,7.0,293.0
12224,472,False,2,5.0,294.0
12225,472,False,3,11.0,295.0
12226,472,False,4,1.0,296.0
12227,472,False,5,17.0,297.0
12228,472,False,6,14.0,298.0
12229,472,False,7,8.0,299.0
12230,472,False,8,8.0,300.0
12231,472,False,9,5.0,301.0
12232,472,False,10,35.0,302.0
12233,472,False,11,29.0,303.0
12234,472,False,12,14.0,304.0
12235,472,False,13,16.0,305.0
12236,472,True,-14,3.0,278.0
12237,472,True,-13,7.0,279.0
12238,472,True,-12,4.0,280.0
12239,472,True,-11,18.0,281.0
12240,472,True,-10,21.0,282.0
12241,472,True,-9,25.0,283.0
12242,472,True,-8,6.0,284.0
12243,472,True,-7,8.0,285.0
12244,472,True,-6,15.0,286.0
12245,472,True,-5,67.0,287.0
12246,472,True,-4,57.0,288.0
12247,472,True,-3,4.0,289.0
12248,472,True,-2,7.0,290.0
12249,472,True,-1,0.0,291.0
12250,472,True,0,9.0,292.0
12251,472,True,1,0.0,293.0
12252,472,True,2,3.0,294.0
12253,472,True,3,3.0,295.0
12254,472,True,4,1.0,296.0
12255,472,True,5,3.0,297.0
12256,472,True,6,8.0,298.0
12257,472,True,7,3.0,299.0
12258,472,True,8,2.0,300.0
12259,472,True,9,3.0,301.0
12260,472,True,10,25.0,302.0
12261,472,True,11,8.0,303.0
12262,472,True,12,10.0,304.0
12263,472,True,13,9.0,305.0
12264,474,False,-14,0.0,-7.0
12265,474,False,-13,0.0,-6.0
12266,474,False,-12,0.0,-5.0
12267,474,False,-11,0.0,-4.0
12268,474,False,-10,0.0,-3.0
12269,474,False,-9,0.0,-2.0
12270,474,False,-8,0.0,-1.0
12271,474,False,-7,0.0,0.0
12272,474,False,-6,0.0,1.0
12273,474,False,-5,0.0,2.0
12274,474,False,-4,0.0,3.0
12275,474,False,-3,0.0,4.0
12276,474,False,-2,0.0,5.0
12277,474,False,-1,13.0,6.0
12278,474,False,0,15.0,7.0
12279,474,False,1,2.0,8.0
12280,474,False,2,1.0,9.0
12281,474,False,3,1.0,10.0
12282,474,False,4,0.0,11.0
12283,474,False,5,0.0,12.0
12284,474,False,6,0.0,13.0
12285,474,False,7,0.0,14.0
12286,474,False,8,0.0,15.0
12287,474,False,9,0.0,16.0
12288,474,False,10,0.0,17.0
12289,474,False,11,0.0,18.0
12290,474,False,12,0.0,19.0
12291,474,False,13,0.0,20.0
12292,474,True,-14,0.0,-7.0
12293,474,True,-13,0.0,-6.0
12294,474,True,-12,0.0,-5.0
12295,474,True,-11,0.0,-4.0
12296,474,True,-10,0.0,-3.0
12297,474,True,-9,0.0,-2.0
12298,474,True,-8,0.0,-1.0
12299,474,True,-7,0.0,0.0
12300,474,True,-6,0.0,1.0
12301,474,True,-5,0.0,2.0
12302,474,True,-4,0.0,3.0
12303,474,True,-3,0.0,4.0
12304,474,True,-2,0.0,5.0
12305,474,True,-1,0.0,6.0
12306,474,True,0,7.0,7.0
12307,474,True,1,0.0,8.0
12308,474,True,2,0.0,9.0
12309,474,True,3,0.0,10.0
12310,474,True,4,0.0,11.0
12311,474,True,5,0.0,12.0
12312,474,True,6,0.0,13.0
12313,474,True,7,0.0,14.0
12314,474,True,8,0.0,15.0
12315,474,True,9,0.0,16.0
12316,474,True,10,0.0,17.0
12317,474,True,11,0.0,18.0
12318,474,True,12,0.0,19.0
12319,474,True,13,0.0,20.0
12320,475,False,-14,10.0,248.0
12321,475,False,-13,16.0,249.0
12322,475,False,-12,11.0,250.0
12323,475,False,-11,14.0,251.0
12324,475,False,-10,7.0,252.0
12325,475,False,-9,6.0,253.0
12326,475,False,-8,12.0,254.0
12327,475,False,-7,11.0,255.0
12328,475,False,-6,29.0,256.0
12329,475,False,-5,43.0,257.0
12330,475,False,-4,9.0,258.0
12331,475,False,-3,19.0,259.0
12332,475,False,-2,12.0,260.0
12333,475,False,-1,14.0,261.0
12334,475,False,0,13.0,262.0
12335,475,False,1,11.0,263.0
12336,475,False,2,12.0,264.0
12337,475,False,3,17.0,265.0
12338,475,False,4,5.0,266.0
12339,475,False,5,15.0,267.0
12340,475,False,6,11.0,268.0
12341,475,False,7,8.0,269.0
12342,475,False,8,5.0,270.0
12343,475,False,9,3.0,271.0
12344,475,False,10,12.0,272.0
12345,475,False,11,8.0,273.0
12346,475,False,12,5.0,274.0
12347,475,False,13,7.0,275.0
12348,475,True,-14,1.0,248.0
12349,475,True,-13,4.0,249.0
12350,475,True,-12,12.0,250.0
12351,475,True,-11,8.0,251.0
12352,475,True,-10,6.0,252.0
12353,475,True,-9,4.0,253.0
12354,475,True,-8,3.0,254.0
12355,475,True,-7,3.0,255.0
12356,475,True,-6,15.0,256.0
12357,475,True,-5,20.0,257.0
12358,475,True,-4,5.0,258.0
12359,475,True,-3,6.0,259.0
12360,475,True,-2,0.0,260.0
12361,475,True,-1,2.0,261.0
12362,475,True,0,5.0,262.0
12363,475,True,1,2.0,263.0
12364,475,True,2,1.0,264.0
12365,475,True,3,2.0,265.0
12366,475,True,4,1.0,266.0
12367,475,True,5,3.0,267.0
12368,475,True,6,4.0,268.0
12369,475,True,7,2.0,269.0
12370,475,True,8,0.0,270.0
12371,475,True,9,1.0,271.0
12372,475,True,10,1.0,272.0
12373,475,True,11,0.0,273.0
12374,475,True,12,3.0,274.0
12375,475,True,13,4.0,275.0
12376,477,False,-14,0.0,72.0
12377,477,False,-13,0.0,73.0
12378,477,False,-12,0.0,74.0
12379,477,False,-11,0.0,75.0
12380,477,False,-10,0.0,76.0
12381,477,False,-9,0.0,77.0
12382,477,False,-8,0.0,78.0
12383,477,False,-7,0.0,79.0
12384,477,False,-6,0.0,80.0
12385,477,False,-5,1.0,81.0
12386,477,False,-4,0.0,82.0
12387,477,False,-3,0.0,83.0
12388,477,False,-2,0.0,84.0
12389,477,False,-1,0.0,85.0
12390,477,False,0,0.0,86.0
12391,477,False,1,0.0,87.0
12392,477,False,2,0.0,88.0
12393,477,False,3,0.0,89.0
12394,477,False,4,0.0,90.0
12395,477,False,5,0.0,91.0
12396,477,False,6,0.0,92.0
12397,477,False,7,0.0,93.0
12398,477,False,8,0.0,94.0
12399,477,False,9,0.0,95.0
12400,477,False,10,0.0,96.0
12401,477,False,11,0.0,97.0
12402,477,False,12,0.0,98.0
12403,477,False,13,0.0,99.0
12404,477,True,-14,0.0,72.0
12405,477,True,-13,0.0,73.0
12406,477,True,-12,0.0,74.0
12407,477,True,-11,0.0,75.0
12408,477,True,-10,0.0,76.0
12409,477,True,-9,0.0,77.0
12410,477,True,-8,0.0,78.0
12411,477,True,-7,0.0,79.0
12412,477,True,-6,0.0,80.0
12413,477,True,-5,0.0,81.0
12414,477,True,-4,0.0,82.0
12415,477,True,-3,0.0,83.0
12416,477,True,-2,0.0,84.0
12417,477,True,-1,0.0,85.0
12418,477,True,0,0.0,86.0
12419,477,True,1,0.0,87.0
12420,477,True,2,0.0,88.0
12421,477,True,3,0.0,89.0
12422,477,True,4,0.0,90.0
12423,477,True,5,0.0,91.0
12424,477,True,6,0.0,92.0
12425,477,True,7,0.0,93.0
12426,477,True,8,0.0,94.0
12427,477,True,9,0.0,95.0
12428,477,True,10,0.0,96.0
12429,477,True,11,0.0,97.0
12430,477,True,12,0.0,98.0
12431,477,True,13,0.0,99.0
12432,482,False,-14,273.0,69.0
12433,482,False,-13,190.0,70.0
12434,482,False,-12,473.0,71.0
12435,482,False,-11,2531.0,72.0
12436,482,False,-10,1401.0,73.0
12437,482,False,-9,2061.0,74.0
12438,482,False,-8,1456.0,75.0
12439,482,False,-7,1942.0,76.0
12440,482,False,-6,1384.0,77.0
12441,482,False,-5,880.0,78.0
12442,482,False,-4,1236.0,79.0
12443,482,False,-3,490.0,80.0
12444,482,False,-2,776.0,81.0
12445,482,False,-1,948.0,82.0
12446,482,False,0,3842.0,83.0
12447,482,False,1,3452.0,84.0
12448,482,False,2,895.0,85.0
12449,482,False,3,622.0,86.0
12450,482,False,4,463.0,87.0
12451,482,False,5,448.0,88.0
12452,482,False,6,959.0,89.0
12453,482,False,7,474.0,90.0
12454,482,False,8,615.0,91.0
12455,482,False,9,1619.0,92.0
12456,482,False,10,1546.0,93.0
12457,482,False,11,1140.0,94.0
12458,482,False,12,1022.0,95.0
12459,482,False,13,601.0,96.0
12460,482,True,-14,46.0,69.0
12461,482,True,-13,21.0,70.0
12462,482,True,-12,69.0,71.0
12463,482,True,-11,485.0,72.0
12464,482,True,-10,220.0,73.0
12465,482,True,-9,333.0,74.0
12466,482,True,-8,223.0,75.0
12467,482,True,-7,419.0,76.0
12468,482,True,-6,234.0,77.0
12469,482,True,-5,110.0,78.0
12470,482,True,-4,200.0,79.0
12471,482,True,-3,74.0,80.0
12472,482,True,-2,127.0,81.0
12473,482,True,-1,238.0,82.0
12474,482,True,0,897.0,83.0
12475,482,True,1,637.0,84.0
12476,482,True,2,113.0,85.0
12477,482,True,3,68.0,86.0
12478,482,True,4,58.0,87.0
12479,482,True,5,79.0,88.0
12480,482,True,6,116.0,89.0
12481,482,True,7,72.0,90.0
12482,482,True,8,76.0,91.0
12483,482,True,9,353.0,92.0
12484,482,True,10,223.0,93.0
12485,482,True,11,138.0,94.0
12486,482,True,12,133.0,95.0
12487,482,True,13,83.0,96.0
12488,484,False,-14,0.0,152.0
12489,484,False,-13,0.0,153.0
12490,484,False,-12,0.0,154.0
12491,484,False,-11,0.0,155.0
12492,484,False,-10,0.0,156.0
12493,484,False,-9,0.0,157.0
12494,484,False,-8,0.0,158.0
12495,484,False,-7,0.0,159.0
12496,484,False,-6,0.0,160.0
12497,484,False,-5,0.0,161.0
12498,484,False,-4,0.0,162.0
12499,484,False,-3,0.0,163.0
12500,484,False,-2,0.0,164.0
12501,484,False,-1,0.0,165.0
12502,484,False,0,0.0,166.0
12503,484,False,1,1.0,167.0
12504,484,False,2,1.0,168.0
12505,484,False,3,1.0,169.0
12506,484,False,4,0.0,170.0
12507,484,False,5,0.0,171.0
12508,484,False,6,0.0,172.0
12509,484,False,7,1.0,173.0
12510,484,False,8,0.0,174.0
12511,484,False,9,0.0,175.0
12512,484,False,10,0.0,176.0
12513,484,False,11,0.0,177.0
12514,484,False,12,0.0,178.0
12515,484,False,13,1.0,179.0
12516,484,True,-14,0.0,152.0
12517,484,True,-13,0.0,153.0
12518,484,True,-12,0.0,154.0
12519,484,True,-11,0.0,155.0
12520,484,True,-10,0.0,156.0
12521,484,True,-9,0.0,157.0
12522,484,True,-8,0.0,158.0
12523,484,True,-7,0.0,159.0
12524,484,True,-6,0.0,160.0
12525,484,True,-5,0.0,161.0
12526,484,True,-4,0.0,162.0
12527,484,True,-3,0.0,163.0
12528,484,True,-2,0.0,164.0
12529,484,True,-1,0.0,165.0
12530,484,True,0,1.0,166.0
12531,484,True,1,0.0,167.0
12532,484,True,2,0.0,168.0
12533,484,True,3,0.0,169.0
12534,484,True,4,0.0,170.0
12535,484,True,5,0.0,171.0
12536,484,True,6,0.0,172.0
12537,484,True,7,0.0,173.0
12538,484,True,8,0.0,174.0
12539,484,True,9,0.0,175.0
12540,484,True,10,0.0,176.0
12541,484,True,11,0.0,177.0
12542,484,True,12,0.0,178.0
12543,484,True,13,0.0,179.0
12544,486,False,-14,0.0,232.0
12545,486,False,-13,0.0,233.0
12546,486,False,-12,0.0,234.0
12547,486,False,-11,0.0,235.0
12548,486,False,-10,1.0,236.0
12549,486,False,-9,0.0,237.0
12550,486,False,-8,0.0,238.0
12551,486,False,-7,0.0,239.0
12552,486,False,-6,0.0,240.0
12553,486,False,-5,0.0,241.0
12554,486,False,-4,0.0,242.0
12555,486,False,-3,0.0,243.0
12556,486,False,-2,0.0,244.0
12557,486,False,-1,0.0,245.0
12558,486,False,0,0.0,246.0
12559,486,False,1,0.0,247.0
12560,486,False,2,0.0,248.0
12561,486,False,3,0.0,249.0
12562,486,False,4,0.0,250.0
12563,486,False,5,0.0,251.0
12564,486,False,6,0.0,252.0
12565,486,False,7,0.0,253.0
12566,486,False,8,0.0,254.0
12567,486,False,9,0.0,255.0
12568,486,False,10,0.0,256.0
12569,486,False,11,0.0,257.0
12570,486,False,12,0.0,258.0
12571,486,False,13,0.0,259.0
12572,486,True,-14,0.0,232.0
12573,486,True,-13,0.0,233.0
12574,486,True,-12,0.0,234.0
12575,486,True,-11,0.0,235.0
12576,486,True,-10,0.0,236.0
12577,486,True,-9,0.0,237.0
12578,486,True,-8,0.0,238.0
12579,486,True,-7,0.0,239.0
12580,486,True,-6,0.0,240.0
12581,486,True,-5,0.0,241.0
12582,486,True,-4,0.0,242.0
12583,486,True,-3,0.0,243.0
12584,486,True,-2,0.0,244.0
12585,486,True,-1,0.0,245.0
12586,486,True,0,0.0,246.0
12587,486,True,1,0.0,247.0
12588,486,True,2,0.0,248.0
12589,486,True,3,0.0,249.0
12590,486,True,4,0.0,250.0
12591,486,True,5,0.0,251.0
12592,486,True,6,1.0,252.0
12593,486,True,7,0.0,253.0
12594,486,True,8,0.0,254.0
12595,486,True,9,0.0,255.0
12596,486,True,10,0.0,256.0
12597,486,True,11,0.0,257.0
12598,486,True,12,0.0,258.0
12599,486,True,13,0.0,259.0
12600,489,False,-14,0.0,209.0
12601,489,False,-13,0.0,210.0
12602,489,False,-12,0.0,211.0
12603,489,False,-11,0.0,212.0
12604,489,False,-10,0.0,213.0
12605,489,False,-9,0.0,214.0
12606,489,False,-8,0.0,215.0
12607,489,False,-7,1.0,216.0
12608,489,False,-6,0.0,217.0
12609,489,False,-5,0.0,218.0
12610,489,False,-4,0.0,219.0
12611,489,False,-3,0.0,220.0
12612,489,False,-2,0.0,221.0
12613,489,False,-1,0.0,222.0
12614,489,False,0,0.0,223.0
12615,489,False,1,0.0,224.0
12616,489,False,2,0.0,225.0
12617,489,False,3,0.0,226.0
12618,489,False,4,0.0,227.0
12619,489,False,5,0.0,228.0
12620,489,False,6,0.0,229.0
12621,489,False,7,1.0,230.0
12622,489,False,8,0.0,231.0
12623,489,False,9,0.0,232.0
12624,489,False,10,0.0,233.0
12625,489,False,11,0.0,234.0
12626,489,False,12,0.0,235.0
12627,489,False,13,0.0,236.0
12628,489,True,-14,0.0,209.0
12629,489,True,-13,0.0,210.0
12630,489,True,-12,0.0,211.0
12631,489,True,-11,0.0,212.0
12632,489,True,-10,0.0,213.0
12633,489,True,-9,0.0,214.0
12634,489,True,-8,0.0,215.0
12635,489,True,-7,0.0,216.0
12636,489,True,-6,0.0,217.0
12637,489,True,-5,0.0,218.0
12638,489,True,-4,0.0,219.0
12639,489,True,-3,0.0,220.0
12640,489,True,-2,0.0,221.0
12641,489,True,-1,0.0,222.0
12642,489,True,0,0.0,223.0
12643,489,True,1,0.0,224.0
12644,489,True,2,0.0,225.0
12645,489,True,3,0.0,226.0
12646,489,True,4,0.0,227.0
12647,489,True,5,0.0,228.0
12648,489,True,6,0.0,229.0
12649,489,True,7,1.0,230.0
12650,489,True,8,0.0,231.0
12651,489,True,9,0.0,232.0
12652,489,True,10,0.0,233.0
12653,489,True,11,0.0,234.0
12654,489,True,12,0.0,235.0
12655,489,True,13,0.0,236.0
12656,490,False,-14,0.0,7.0
12657,490,False,-13,0.0,8.0
12658,490,False,-12,0.0,9.0
12659,490,False,-11,0.0,10.0
12660,490,False,-10,0.0,11.0
12661,490,False,-9,0.0,12.0
12662,490,False,-8,1.0,13.0
12663,490,False,-7,3.0,14.0
12664,490,False,-6,3.0,15.0
12665,490,False,-5,7.0,16.0
12666,490,False,-4,9.0,17.0
12667,490,False,-3,93.0,18.0
12668,490,False,-2,54.0,19.0
12669,490,False,-1,95.0,20.0
12670,490,False,0,65.0,21.0
12671,490,False,1,40.0,22.0
12672,490,False,2,40.0,23.0
12673,490,False,3,23.0,24.0
12674,490,False,4,18.0,25.0
12675,490,False,5,12.0,26.0
12676,490,False,6,19.0,27.0
12677,490,False,7,15.0,28.0
12678,490,False,8,10.0,29.0
12679,490,False,9,7.0,30.0
12680,490,False,10,10.0,31.0
12681,490,False,11,8.0,32.0
12682,490,False,12,14.0,33.0
12683,490,False,13,11.0,34.0
12684,490,True,-14,0.0,7.0
12685,490,True,-13,0.0,8.0
12686,490,True,-12,0.0,9.0
12687,490,True,-11,0.0,10.0
12688,490,True,-10,0.0,11.0
12689,490,True,-9,0.0,12.0
12690,490,True,-8,0.0,13.0
12691,490,True,-7,0.0,14.0
12692,490,True,-6,0.0,15.0
12693,490,True,-5,6.0,16.0
12694,490,True,-4,32.0,17.0
12695,490,True,-3,1391.0,18.0
12696,490,True,-2,57.0,19.0
12697,490,True,-1,39.0,20.0
12698,490,True,0,139.0,21.0
12699,490,True,1,15.0,22.0
12700,490,True,2,19.0,23.0
12701,490,True,3,6.0,24.0
12702,490,True,4,4.0,25.0
12703,490,True,5,9.0,26.0
12704,490,True,6,11.0,27.0
12705,490,True,7,7.0,28.0
12706,490,True,8,10.0,29.0
12707,490,True,9,3.0,30.0
12708,490,True,10,2.0,31.0
12709,490,True,11,4.0,32.0
12710,490,True,12,5.0,33.0
12711,490,True,13,6.0,34.0
12712,492,False,-14,0.0,-7.0
12713,492,False,-13,0.0,-6.0
12714,492,False,-12,0.0,-5.0
12715,492,False,-11,0.0,-4.0
12716,492,False,-10,0.0,-3.0
12717,492,False,-9,0.0,-2.0
12718,492,False,-8,0.0,-1.0
12719,492,False,-7,0.0,0.0
12720,492,False,-6,0.0,1.0
12721,492,False,-5,0.0,2.0
12722,492,False,-4,0.0,3.0
12723,492,False,-3,2806.0,4.0
12724,492,False,-2,10042.0,5.0
12725,492,False,-1,6958.0,6.0
12726,492,False,0,6521.0,7.0
12727,492,False,1,4642.0,8.0
12728,492,False,2,3293.0,9.0
12729,492,False,3,3003.0,10.0
12730,492,False,4,1991.0,11.0
12731,492,False,5,3034.0,12.0
12732,492,False,6,1960.0,13.0
12733,492,False,7,1449.0,14.0
12734,492,False,8,1472.0,15.0
12735,492,False,9,1064.0,16.0
12736,492,False,10,756.0,17.0
12737,492,False,11,1549.0,18.0
12738,492,False,12,1207.0,19.0
12739,492,False,13,640.0,20.0
12740,492,True,-14,0.0,-7.0
12741,492,True,-13,0.0,-6.0
12742,492,True,-12,0.0,-5.0
12743,492,True,-11,0.0,-4.0
12744,492,True,-10,0.0,-3.0
12745,492,True,-9,0.0,-2.0
12746,492,True,-8,0.0,-1.0
12747,492,True,-7,0.0,0.0
12748,492,True,-6,0.0,1.0
12749,492,True,-5,0.0,2.0
12750,492,True,-4,0.0,3.0
12751,492,True,-3,639.0,4.0
12752,492,True,-2,2616.0,5.0
12753,492,True,-1,3493.0,6.0
12754,492,True,0,1682.0,7.0
12755,492,True,1,882.0,8.0
12756,492,True,2,848.0,9.0
12757,492,True,3,488.0,10.0
12758,492,True,4,250.0,11.0
12759,492,True,5,680.0,12.0
12760,492,True,6,301.0,13.0
12761,492,True,7,102.0,14.0
12762,492,True,8,102.0,15.0
12763,492,True,9,57.0,16.0
12764,492,True,10,46.0,17.0
12765,492,True,11,179.0,18.0
12766,492,True,12,79.0,19.0
12767,492,True,13,37.0,20.0
12768,496,False,-14,4.0,71.0
12769,496,False,-13,0.0,72.0
12770,496,False,-12,0.0,73.0
12771,496,False,-11,2.0,74.0
12772,496,False,-10,1.0,75.0
12773,496,False,-9,1.0,76.0
12774,496,False,-8,2.0,77.0
12775,496,False,-7,1.0,78.0
12776,496,False,-6,3.0,79.0
12777,496,False,-5,4.0,80.0
12778,496,False,-4,3.0,81.0
12779,496,False,-3,4.0,82.0
12780,496,False,-2,1.0,83.0
12781,496,False,-1,0.0,84.0
12782,496,False,0,3.0,85.0
12783,496,False,1,2.0,86.0
12784,496,False,2,1.0,87.0
12785,496,False,3,1.0,88.0
12786,496,False,4,7.0,89.0
12787,496,False,5,4.0,90.0
12788,496,False,6,0.0,91.0
12789,496,False,7,0.0,92.0
12790,496,False,8,3.0,93.0
12791,496,False,9,2.0,94.0
12792,496,False,10,3.0,95.0
12793,496,False,11,2.0,96.0
12794,496,False,12,3.0,97.0
12795,496,False,13,5.0,98.0
12796,496,True,-14,0.0,71.0
12797,496,True,-13,2.0,72.0
12798,496,True,-12,1.0,73.0
12799,496,True,-11,0.0,74.0
12800,496,True,-10,0.0,75.0
12801,496,True,-9,0.0,76.0
12802,496,True,-8,1.0,77.0
12803,496,True,-7,0.0,78.0
12804,496,True,-6,2.0,79.0
12805,496,True,-5,0.0,80.0
12806,496,True,-4,1.0,81.0
12807,496,True,-3,4.0,82.0
12808,496,True,-2,1.0,83.0
12809,496,True,-1,0.0,84.0
12810,496,True,0,6.0,85.0
12811,496,True,1,0.0,86.0
12812,496,True,2,0.0,87.0
12813,496,True,3,0.0,88.0
12814,496,True,4,4.0,89.0
12815,496,True,5,1.0,90.0
12816,496,True,6,3.0,91.0
12817,496,True,7,1.0,92.0
12818,496,True,8,1.0,93.0
12819,496,True,9,0.0,94.0
12820,496,True,10,1.0,95.0
12821,496,True,11,0.0,96.0
12822,496,True,12,0.0,97.0
12823,496,True,13,5.0,98.0
12824,498,False,-14,652.0,58.0
12825,498,False,-13,291.0,59.0
12826,498,False,-12,429.0,60.0
12827,498,False,-11,293.0,61.0
12828,498,False,-10,296.0,62.0
12829,498,False,-9,280.0,63.0
12830,498,False,-8,312.0,64.0
12831,498,False,-7,432.0,65.0
12832,498,False,-6,371.0,66.0
12833,498,False,-5,309.0,67.0
12834,498,False,-4,307.0,68.0
12835,498,False,-3,314.0,69.0
12836,498,False,-2,306.0,70.0
12837,498,False,-1,769.0,71.0
12838,498,False,0,843.0,72.0
12839,498,False,1,1103.0,73.0
12840,498,False,2,1251.0,74.0
12841,498,False,3,951.0,75.0
12842,498,False,4,732.0,76.0
12843,498,False,5,739.0,77.0
12844,498,False,6,499.0,78.0
12845,498,False,7,361.0,79.0
12846,498,False,8,310.0,80.0
12847,498,False,9,329.0,81.0
12848,498,False,10,242.0,82.0
12849,498,False,11,202.0,83.0
12850,498,False,12,168.0,84.0
12851,498,False,13,221.0,85.0
12852,498,True,-14,153.0,58.0
12853,498,True,-13,22.0,59.0
12854,498,True,-12,25.0,60.0
12855,498,True,-11,14.0,61.0
12856,498,True,-10,21.0,62.0
12857,498,True,-9,23.0,63.0
12858,498,True,-8,24.0,64.0
12859,498,True,-7,65.0,65.0
12860,498,True,-6,25.0,66.0
12861,498,True,-5,18.0,67.0
12862,498,True,-4,21.0,68.0
12863,498,True,-3,18.0,69.0
12864,498,True,-2,26.0,70.0
12865,498,True,-1,47.0,71.0
12866,498,True,0,38.0,72.0
12867,498,True,1,33.0,73.0
12868,498,True,2,56.0,74.0
12869,498,True,3,39.0,75.0
12870,498,True,4,22.0,76.0
12871,498,True,5,31.0,77.0
12872,498,True,6,13.0,78.0
12873,498,True,7,11.0,79.0
12874,498,True,8,14.0,80.0
12875,498,True,9,28.0,81.0
12876,498,True,10,21.0,82.0
12877,498,True,11,15.0,83.0
12878,498,True,12,10.0,84.0
12879,498,True,13,8.0,85.0
12880,500,False,-14,0.0,238.0
12881,500,False,-13,0.0,239.0
12882,500,False,-12,1.0,240.0
12883,500,False,-11,1.0,241.0
12884,500,False,-10,1.0,242.0
12885,500,False,-9,0.0,243.0
12886,500,False,-8,0.0,244.0
12887,500,False,-7,0.0,245.0
12888,500,False,-6,2.0,246.0
12889,500,False,-5,0.0,247.0
12890,500,False,-4,0.0,248.0
12891,500,False,-3,0.0,249.0
12892,500,False,-2,0.0,250.0
12893,500,False,-1,0.0,251.0
12894,500,False,0,0.0,252.0
12895,500,False,1,0.0,253.0
12896,500,False,2,0.0,254.0
12897,500,False,3,0.0,255.0
12898,500,False,4,0.0,256.0
12899,500,False,5,0.0,257.0
12900,500,False,6,0.0,258.0
12901,500,False,7,1.0,259.0
12902,500,False,8,0.0,260.0
12903,500,False,9,0.0,261.0
12904,500,False,10,0.0,262.0
12905,500,False,11,1.0,263.0
12906,500,False,12,0.0,264.0
12907,500,False,13,0.0,265.0
12908,500,True,-14,1.0,238.0
12909,500,True,-13,0.0,239.0
12910,500,True,-12,2.0,240.0
12911,500,True,-11,2.0,241.0
12912,500,True,-10,0.0,242.0
12913,500,True,-9,0.0,243.0
12914,500,True,-8,1.0,244.0
12915,500,True,-7,0.0,245.0
12916,500,True,-6,0.0,246.0
12917,500,True,-5,0.0,247.0
12918,500,True,-4,0.0,248.0
12919,500,True,-3,0.0,249.0
12920,500,True,-2,0.0,250.0
12921,500,True,-1,0.0,251.0
12922,500,True,0,1.0,252.0
12923,500,True,1,0.0,253.0
12924,500,True,2,0.0,254.0
12925,500,True,3,0.0,255.0
12926,500,True,4,0.0,256.0
12927,500,True,5,0.0,257.0
12928,500,True,6,0.0,258.0
12929,500,True,7,0.0,259.0
12930,500,True,8,1.0,260.0
12931,500,True,9,0.0,261.0
12932,500,True,10,0.0,262.0
12933,500,True,11,0.0,263.0
12934,500,True,12,0.0,264.0
12935,500,True,13,0.0,265.0
12936,501,False,-14,1.0,230.0
12937,501,False,-13,5.0,231.0
12938,501,False,-12,2.0,232.0
12939,501,False,-11,8.0,233.0
12940,501,False,-10,3.0,234.0
12941,501,False,-9,4.0,235.0
12942,501,False,-8,4.0,236.0
12943,501,False,-7,2.0,237.0
12944,501,False,-6,5.0,238.0
12945,501,False,-5,8.0,239.0
12946,501,False,-4,12.0,240.0
12947,501,False,-3,6.0,241.0
12948,501,False,-2,4.0,242.0
12949,501,False,-1,11.0,243.0
12950,501,False,0,5.0,244.0
12951,501,False,1,7.0,245.0
12952,501,False,2,2.0,246.0
12953,501,False,3,8.0,247.0
12954,501,False,4,17.0,248.0
12955,501,False,5,5.0,249.0
12956,501,False,6,2.0,250.0
12957,501,False,7,11.0,251.0
12958,501,False,8,2.0,252.0
12959,501,False,9,26.0,253.0
12960,501,False,10,6.0,254.0
12961,501,False,11,7.0,255.0
12962,501,False,12,7.0,256.0
12963,501,False,13,4.0,257.0
12964,501,True,-14,1.0,230.0
12965,501,True,-13,3.0,231.0
12966,501,True,-12,2.0,232.0
12967,501,True,-11,6.0,233.0
12968,501,True,-10,3.0,234.0
12969,501,True,-9,3.0,235.0
12970,501,True,-8,0.0,236.0
12971,501,True,-7,1.0,237.0
12972,501,True,-6,3.0,238.0
12973,501,True,-5,5.0,239.0
12974,501,True,-4,3.0,240.0
12975,501,True,-3,3.0,241.0
12976,501,True,-2,2.0,242.0
12977,501,True,-1,5.0,243.0
12978,501,True,0,7.0,244.0
12979,501,True,1,0.0,245.0
12980,501,True,2,4.0,246.0
12981,501,True,3,4.0,247.0
12982,501,True,4,23.0,248.0
12983,501,True,5,3.0,249.0
12984,501,True,6,1.0,250.0
12985,501,True,7,1.0,251.0
12986,501,True,8,3.0,252.0
12987,501,True,9,49.0,253.0
12988,501,True,10,6.0,254.0
12989,501,True,11,1.0,255.0
12990,501,True,12,4.0,256.0
12991,501,True,13,3.0,257.0
12992,502,False,-14,7.0,-6.0
12993,502,False,-13,5.0,-5.0
12994,502,False,-12,0.0,-4.0
12995,502,False,-11,5.0,-3.0
12996,502,False,-10,92.0,-2.0
12997,502,False,-9,94.0,-1.0
12998,502,False,-8,44.0,0.0
12999,502,False,-7,20.0,1.0
13000,502,False,-6,53.0,2.0
13001,502,False,-5,73.0,3.0
13002,502,False,-4,37.0,4.0
13003,502,False,-3,76.0,5.0
13004,502,False,-2,92.0,6.0
13005,502,False,-1,58.0,7.0
13006,502,False,0,51.0,8.0
13007,502,False,1,33.0,9.0
13008,502,False,2,30.0,10.0
13009,502,False,3,20.0,11.0
13010,502,False,4,10.0,12.0
13011,502,False,5,19.0,13.0
13012,502,False,6,17.0,14.0
13013,502,False,7,10.0,15.0
13014,502,False,8,4.0,16.0
13015,502,False,9,7.0,17.0
13016,502,False,10,7.0,18.0
13017,502,False,11,5.0,19.0
13018,502,False,12,0.0,20.0
13019,502,False,13,5.0,21.0
13020,502,True,-14,0.0,-6.0
13021,502,True,-13,0.0,-5.0
13022,502,True,-12,0.0,-4.0
13023,502,True,-11,0.0,-3.0
13024,502,True,-10,0.0,-2.0
13025,502,True,-9,7.0,-1.0
13026,502,True,-8,9.0,0.0
13027,502,True,-7,3.0,1.0
13028,502,True,-6,10.0,2.0
13029,502,True,-5,10.0,3.0
13030,502,True,-4,5.0,4.0
13031,502,True,-3,6.0,5.0
13032,502,True,-2,8.0,6.0
13033,502,True,-1,5.0,7.0
13034,502,True,0,41.0,8.0
13035,502,True,1,5.0,9.0
13036,502,True,2,2.0,10.0
13037,502,True,3,1.0,11.0
13038,502,True,4,0.0,12.0
13039,502,True,5,1.0,13.0
13040,502,True,6,2.0,14.0
13041,502,True,7,0.0,15.0
13042,502,True,8,1.0,16.0
13043,502,True,9,1.0,17.0
13044,502,True,10,3.0,18.0
13045,502,True,11,0.0,19.0
13046,502,True,12,0.0,20.0
13047,502,True,13,0.0,21.0
13048,503,False,-14,3.0,60.0
13049,503,False,-13,0.0,61.0
13050,503,False,-12,0.0,62.0
13051,503,False,-11,0.0,63.0
13052,503,False,-10,0.0,64.0
13053,503,False,-9,0.0,65.0
13054,503,False,-8,0.0,66.0
13055,503,False,-7,0.0,67.0
13056,503,False,-6,0.0,68.0
13057,503,False,-5,0.0,69.0
13058,503,False,-4,0.0,70.0
13059,503,False,-3,0.0,71.0
13060,503,False,-2,0.0,72.0
13061,503,False,-1,15.0,73.0
13062,503,False,0,106.0,74.0
13063,503,False,1,33.0,75.0
13064,503,False,2,20.0,76.0
13065,503,False,3,12.0,77.0
13066,503,False,4,5.0,78.0
13067,503,False,5,7.0,79.0
13068,503,False,6,11.0,80.0
13069,503,False,7,14.0,81.0
13070,503,False,8,5.0,82.0
13071,503,False,9,5.0,83.0
13072,503,False,10,6.0,84.0
13073,503,False,11,9.0,85.0
13074,503,False,12,15.0,86.0
13075,503,False,13,9.0,87.0
13076,503,True,-14,0.0,60.0
13077,503,True,-13,0.0,61.0
13078,503,True,-12,0.0,62.0
13079,503,True,-11,0.0,63.0
13080,503,True,-10,0.0,64.0
13081,503,True,-9,0.0,65.0
13082,503,True,-8,0.0,66.0
13083,503,True,-7,0.0,67.0
13084,503,True,-6,0.0,68.0
13085,503,True,-5,0.0,69.0
13086,503,True,-4,0.0,70.0
13087,503,True,-3,0.0,71.0
13088,503,True,-2,0.0,72.0
13089,503,True,-1,4.0,73.0
13090,503,True,0,40.0,74.0
13091,503,True,1,5.0,75.0
13092,503,True,2,3.0,76.0
13093,503,True,3,0.0,77.0
13094,503,True,4,0.0,78.0
13095,503,True,5,1.0,79.0
13096,503,True,6,1.0,80.0
13097,503,True,7,0.0,81.0
13098,503,True,8,1.0,82.0
13099,503,True,9,0.0,83.0
13100,503,True,10,2.0,84.0
13101,503,True,11,1.0,85.0
13102,503,True,12,0.0,86.0
13103,503,True,13,0.0,87.0
13104,507,False,-14,0.0,-5.0
13105,507,False,-13,0.0,-4.0
13106,507,False,-12,0.0,-3.0
13107,507,False,-11,1.0,-2.0
13108,507,False,-10,0.0,-1.0
13109,507,False,-9,1.0,0.0
13110,507,False,-8,17.0,1.0
13111,507,False,-7,13.0,2.0
13112,507,False,-6,15.0,3.0
13113,507,False,-5,20.0,4.0
13114,507,False,-4,24.0,5.0
13115,507,False,-3,21.0,6.0
13116,507,False,-2,31.0,7.0
13117,507,False,-1,1197.0,8.0
13118,507,False,0,1529.0,9.0
13119,507,False,1,36.0,10.0
13120,507,False,2,17.0,11.0
13121,507,False,3,14.0,12.0
13122,507,False,4,15.0,13.0
13123,507,False,5,20.0,14.0
13124,507,False,6,17.0,15.0
13125,507,False,7,8.0,16.0
13126,507,False,8,6.0,17.0
13127,507,False,9,3.0,18.0
13128,507,False,10,6.0,19.0
13129,507,False,11,7.0,20.0
13130,507,False,12,3.0,21.0
13131,507,False,13,4.0,22.0
13132,507,True,-14,0.0,-5.0
13133,507,True,-13,0.0,-4.0
13134,507,True,-12,0.0,-3.0
13135,507,True,-11,0.0,-2.0
13136,507,True,-10,0.0,-1.0
13137,507,True,-9,0.0,0.0
13138,507,True,-8,4.0,1.0
13139,507,True,-7,3.0,2.0
13140,507,True,-6,2.0,3.0
13141,507,True,-5,1.0,4.0
13142,507,True,-4,1.0,5.0
13143,507,True,-3,0.0,6.0
13144,507,True,-2,3.0,7.0
13145,507,True,-1,329.0,8.0
13146,507,True,0,393.0,9.0
13147,507,True,1,2.0,10.0
13148,507,True,2,4.0,11.0
13149,507,True,3,3.0,12.0
13150,507,True,4,1.0,13.0
13151,507,True,5,0.0,14.0
13152,507,True,6,0.0,15.0
13153,507,True,7,0.0,16.0
13154,507,True,8,1.0,17.0
13155,507,True,9,1.0,18.0
13156,507,True,10,1.0,19.0
13157,507,True,11,0.0,20.0
13158,507,True,12,0.0,21.0
13159,507,True,13,1.0,22.0
13160,508,False,-14,0.0,-12.0
13161,508,False,-13,0.0,-11.0
13162,508,False,-12,0.0,-10.0
13163,508,False,-11,0.0,-9.0
13164,508,False,-10,0.0,-8.0
13165,508,False,-9,0.0,-7.0
13166,508,False,-8,0.0,-6.0
13167,508,False,-7,1.0,-5.0
13168,508,False,-6,0.0,-4.0
13169,508,False,-5,0.0,-3.0
13170,508,False,-4,0.0,-2.0
13171,508,False,-3,0.0,-1.0
13172,508,False,-2,1.0,0.0
13173,508,False,-1,1.0,1.0
13174,508,False,0,1.0,2.0
13175,508,False,1,1.0,3.0
13176,508,False,2,1.0,4.0
13177,508,False,3,0.0,5.0
13178,508,False,4,0.0,6.0
13179,508,False,5,0.0,7.0
13180,508,False,6,0.0,8.0
13181,508,False,7,0.0,9.0
13182,508,False,8,0.0,10.0
13183,508,False,9,1.0,11.0
13184,508,False,10,0.0,12.0
13185,508,False,11,0.0,13.0
13186,508,False,12,0.0,14.0
13187,508,False,13,0.0,15.0
13188,508,True,-14,0.0,-12.0
13189,508,True,-13,0.0,-11.0
13190,508,True,-12,0.0,-10.0
13191,508,True,-11,0.0,-9.0
13192,508,True,-10,0.0,-8.0
13193,508,True,-9,0.0,-7.0
13194,508,True,-8,0.0,-6.0
13195,508,True,-7,0.0,-5.0
13196,508,True,-6,0.0,-4.0
13197,508,True,-5,0.0,-3.0
13198,508,True,-4,0.0,-2.0
13199,508,True,-3,0.0,-1.0
13200,508,True,-2,0.0,0.0
13201,508,True,-1,0.0,1.0
13202,508,True,0,2.0,2.0
13203,508,True,1,0.0,3.0
13204,508,True,2,0.0,4.0
13205,508,True,3,0.0,5.0
13206,508,True,4,0.0,6.0
13207,508,True,5,0.0,7.0
13208,508,True,6,0.0,8.0
13209,508,True,7,0.0,9.0
13210,508,True,8,0.0,10.0
13211,508,True,9,0.0,11.0
13212,508,True,10,0.0,12.0
13213,508,True,11,0.0,13.0
13214,508,True,12,0.0,14.0
13215,508,True,13,0.0,15.0
13216,511,False,-14,7.0,11.0
13217,511,False,-13,4.0,12.0
13218,511,False,-12,5.0,13.0
13219,511,False,-11,3.0,14.0
13220,511,False,-10,3.0,15.0
13221,511,False,-9,0.0,16.0
13222,511,False,-8,4.0,17.0
13223,511,False,-7,3.0,18.0
13224,511,False,-6,4.0,19.0
13225,511,False,-5,0.0,20.0
13226,511,False,-4,10.0,21.0
13227,511,False,-3,3.0,22.0
13228,511,False,-2,2.0,23.0
13229,511,False,-1,2.0,24.0
13230,511,False,0,1.0,25.0
13231,511,False,1,2.0,26.0
13232,511,False,2,1.0,27.0
13233,511,False,3,4.0,28.0
13234,511,False,4,3.0,29.0
13235,511,False,5,2.0,30.0
13236,511,False,6,7.0,31.0
13237,511,False,7,18.0,32.0
13238,511,False,8,5.0,33.0
13239,511,False,9,5.0,34.0
13240,511,False,10,7.0,35.0
13241,511,False,11,6.0,36.0
13242,511,False,12,4.0,37.0
13243,511,False,13,1.0,38.0
13244,511,True,-14,1.0,11.0
13245,511,True,-13,0.0,12.0
13246,511,True,-12,3.0,13.0
13247,511,True,-11,2.0,14.0
13248,511,True,-10,0.0,15.0
13249,511,True,-9,0.0,16.0
13250,511,True,-8,0.0,17.0
13251,511,True,-7,1.0,18.0
13252,511,True,-6,1.0,19.0
13253,511,True,-5,0.0,20.0
13254,511,True,-4,3.0,21.0
13255,511,True,-3,0.0,22.0
13256,511,True,-2,0.0,23.0
13257,511,True,-1,0.0,24.0
13258,511,True,0,6.0,25.0
13259,511,True,1,0.0,26.0
13260,511,True,2,1.0,27.0
13261,511,True,3,0.0,28.0
13262,511,True,4,0.0,29.0
13263,511,True,5,0.0,30.0
13264,511,True,6,5.0,31.0
13265,511,True,7,11.0,32.0
13266,511,True,8,3.0,33.0
13267,511,True,9,4.0,34.0
13268,511,True,10,2.0,35.0
13269,511,True,11,3.0,36.0
13270,511,True,12,5.0,37.0
13271,511,True,13,1.0,38.0
13272,513,False,-14,3.0,105.0
13273,513,False,-13,0.0,106.0
13274,513,False,-12,1.0,107.0
13275,513,False,-11,2.0,108.0
13276,513,False,-10,4.0,109.0
13277,513,False,-9,1.0,110.0
13278,513,False,-8,0.0,111.0
13279,513,False,-7,1.0,112.0
13280,513,False,-6,4.0,113.0
13281,513,False,-5,3.0,114.0
13282,513,False,-4,4.0,115.0
13283,513,False,-3,5.0,116.0
13284,513,False,-2,1.0,117.0
13285,513,False,-1,5.0,118.0
13286,513,False,0,0.0,119.0
13287,513,False,1,2.0,120.0
13288,513,False,2,2.0,121.0
13289,513,False,3,2.0,122.0
13290,513,False,4,2.0,123.0
13291,513,False,5,3.0,124.0
13292,513,False,6,2.0,125.0
13293,513,False,7,0.0,126.0
13294,513,False,8,2.0,127.0
13295,513,False,9,2.0,128.0
13296,513,False,10,3.0,129.0
13297,513,False,11,0.0,130.0
13298,513,False,12,0.0,131.0
13299,513,False,13,1.0,132.0
13300,513,True,-14,2.0,105.0
13301,513,True,-13,0.0,106.0
13302,513,True,-12,0.0,107.0
13303,513,True,-11,0.0,108.0
13304,513,True,-10,0.0,109.0
13305,513,True,-9,1.0,110.0
13306,513,True,-8,0.0,111.0
13307,513,True,-7,1.0,112.0
13308,513,True,-6,0.0,113.0
13309,513,True,-5,0.0,114.0
13310,513,True,-4,0.0,115.0
13311,513,True,-3,1.0,116.0
13312,513,True,-2,1.0,117.0
13313,513,True,-1,0.0,118.0
13314,513,True,0,2.0,119.0
13315,513,True,1,0.0,120.0
13316,513,True,2,0.0,121.0
13317,513,True,3,4.0,122.0
13318,513,True,4,0.0,123.0
13319,513,True,5,2.0,124.0
13320,513,True,6,1.0,125.0
13321,513,True,7,1.0,126.0
13322,513,True,8,1.0,127.0
13323,513,True,9,0.0,128.0
13324,513,True,10,0.0,129.0
13325,513,True,11,0.0,130.0
13326,513,True,12,0.0,131.0
13327,513,True,13,0.0,132.0
13328,516,False,-14,15890.0,2.0
13329,516,False,-13,18126.0,3.0
13330,516,False,-12,13479.0,4.0
13331,516,False,-11,17638.0,5.0
13332,516,False,-10,16016.0,6.0
13333,516,False,-9,10643.0,7.0
13334,516,False,-8,11268.0,8.0
13335,516,False,-7,10888.0,9.0
13336,516,False,-6,5152.0,10.0
13337,516,False,-5,4723.0,11.0
13338,516,False,-4,7889.0,12.0
13339,516,False,-3,9999.0,13.0
13340,516,False,-2,8877.0,14.0
13341,516,False,-1,7923.0,15.0
13342,516,False,0,9623.0,16.0
13343,516,False,1,5213.0,17.0
13344,516,False,2,4256.0,18.0
13345,516,False,3,3876.0,19.0
13346,516,False,4,2843.0,20.0
13347,516,False,5,5410.0,21.0
13348,516,False,6,3158.0,22.0
13349,516,False,7,1842.0,23.0
13350,516,False,8,1907.0,24.0
13351,516,False,9,1000.0,25.0
13352,516,False,10,3036.0,26.0
13353,516,False,11,2832.0,27.0
13354,516,False,12,3405.0,28.0
13355,516,False,13,1709.0,29.0
13356,516,True,-14,1312.0,2.0
13357,516,True,-13,1000.0,3.0
13358,516,True,-12,540.0,4.0
13359,516,True,-11,970.0,5.0
13360,516,True,-10,1959.0,6.0
13361,516,True,-9,1722.0,7.0
13362,516,True,-8,1525.0,8.0
13363,516,True,-7,1795.0,9.0
13364,516,True,-6,609.0,10.0
13365,516,True,-5,429.0,11.0
13366,516,True,-4,1033.0,12.0
13367,516,True,-3,1183.0,13.0
13368,516,True,-2,1032.0,14.0
13369,516,True,-1,831.0,15.0
13370,516,True,0,838.0,16.0
13371,516,True,1,436.0,17.0
13372,516,True,2,281.0,18.0
13373,516,True,3,300.0,19.0
13374,516,True,4,200.0,20.0
13375,516,True,5,504.0,21.0
13376,516,True,6,184.0,22.0
13377,516,True,7,108.0,23.0
13378,516,True,8,175.0,24.0
13379,516,True,9,74.0,25.0
13380,516,True,10,188.0,26.0
13381,516,True,11,177.0,27.0
13382,516,True,12,239.0,28.0
13383,516,True,13,115.0,29.0
13384,522,False,-14,0.0,-11.0
13385,522,False,-13,2.0,-10.0
13386,522,False,-12,1.0,-9.0
13387,522,False,-11,0.0,-8.0
13388,522,False,-10,0.0,-7.0
13389,522,False,-9,0.0,-6.0
13390,522,False,-8,0.0,-5.0
13391,522,False,-7,3.0,-4.0
13392,522,False,-6,66.0,-3.0
13393,522,False,-5,120.0,-2.0
13394,522,False,-4,73.0,-1.0
13395,522,False,-3,121.0,0.0
13396,522,False,-2,102.0,1.0
13397,522,False,-1,39.0,2.0
13398,522,False,0,97.0,3.0
13399,522,False,1,91.0,4.0
13400,522,False,2,42.0,5.0
13401,522,False,3,51.0,6.0
13402,522,False,4,121.0,7.0
13403,522,False,5,103.0,8.0
13404,522,False,6,83.0,9.0
13405,522,False,7,42.0,10.0
13406,522,False,8,18.0,11.0
13407,522,False,9,22.0,12.0
13408,522,False,10,26.0,13.0
13409,522,False,11,15.0,14.0
13410,522,False,12,22.0,15.0
13411,522,False,13,9.0,16.0
13412,522,True,-14,0.0,-11.0
13413,522,True,-13,0.0,-10.0
13414,522,True,-12,0.0,-9.0
13415,522,True,-11,0.0,-8.0
13416,522,True,-10,0.0,-7.0
13417,522,True,-9,0.0,-6.0
13418,522,True,-8,0.0,-5.0
13419,522,True,-7,0.0,-4.0
13420,522,True,-6,0.0,-3.0
13421,522,True,-5,0.0,-2.0
13422,522,True,-4,11.0,-1.0
13423,522,True,-3,15.0,0.0
13424,522,True,-2,13.0,1.0
13425,522,True,-1,3.0,2.0
13426,522,True,0,14.0,3.0
13427,522,True,1,9.0,4.0
13428,522,True,2,2.0,5.0
13429,522,True,3,5.0,6.0
13430,522,True,4,13.0,7.0
13431,522,True,5,4.0,8.0
13432,522,True,6,3.0,9.0
13433,522,True,7,0.0,10.0
13434,522,True,8,0.0,11.0
13435,522,True,9,1.0,12.0
13436,522,True,10,0.0,13.0
13437,522,True,11,1.0,14.0
13438,522,True,12,0.0,15.0
13439,522,True,13,1.0,16.0
13440,523,False,-14,39.0,60.0
13441,523,False,-13,29.0,61.0
13442,523,False,-12,26.0,62.0
13443,523,False,-11,39.0,63.0
13444,523,False,-10,23.0,64.0
13445,523,False,-9,28.0,65.0
13446,523,False,-8,28.0,66.0
13447,523,False,-7,30.0,67.0
13448,523,False,-6,24.0,68.0
13449,523,False,-5,41.0,69.0
13450,523,False,-4,29.0,70.0
13451,523,False,-3,37.0,71.0
13452,523,False,-2,44.0,72.0
13453,523,False,-1,129.0,73.0
13454,523,False,0,189.0,74.0
13455,523,False,1,47.0,75.0
13456,523,False,2,183.0,76.0
13457,523,False,3,63.0,77.0
13458,523,False,4,35.0,78.0
13459,523,False,5,25.0,79.0
13460,523,False,6,57.0,80.0
13461,523,False,7,59.0,81.0
13462,523,False,8,47.0,82.0
13463,523,False,9,52.0,83.0
13464,523,False,10,126.0,84.0
13465,523,False,11,52.0,85.0
13466,523,False,12,39.0,86.0
13467,523,False,13,168.0,87.0
13468,523,True,-14,23.0,60.0
13469,523,True,-13,11.0,61.0
13470,523,True,-12,10.0,62.0
13471,523,True,-11,21.0,63.0
13472,523,True,-10,17.0,64.0
13473,523,True,-9,16.0,65.0
13474,523,True,-8,6.0,66.0
13475,523,True,-7,13.0,67.0
13476,523,True,-6,8.0,68.0
13477,523,True,-5,19.0,69.0
13478,523,True,-4,14.0,70.0
13479,523,True,-3,14.0,71.0
13480,523,True,-2,12.0,72.0
13481,523,True,-1,99.0,73.0
13482,523,True,0,93.0,74.0
13483,523,True,1,19.0,75.0
13484,523,True,2,81.0,76.0
13485,523,True,3,22.0,77.0
13486,523,True,4,9.0,78.0
13487,523,True,5,14.0,79.0
13488,523,True,6,18.0,80.0
13489,523,True,7,27.0,81.0
13490,523,True,8,22.0,82.0
13491,523,True,9,19.0,83.0
13492,523,True,10,38.0,84.0
13493,523,True,11,17.0,85.0
13494,523,True,12,11.0,86.0
13495,523,True,13,54.0,87.0
13496,525,False,-14,0.0,-3.0
13497,525,False,-13,0.0,-2.0
13498,525,False,-12,0.0,-1.0
13499,525,False,-11,0.0,0.0
13500,525,False,-10,0.0,1.0
13501,525,False,-9,0.0,2.0
13502,525,False,-8,0.0,3.0
13503,525,False,-7,0.0,4.0
13504,525,False,-6,0.0,5.0
13505,525,False,-5,0.0,6.0
13506,525,False,-4,0.0,7.0
13507,525,False,-3,0.0,8.0
13508,525,False,-2,41.0,9.0
13509,525,False,-1,157.0,10.0
13510,525,False,0,469.0,11.0
13511,525,False,1,295.0,12.0
13512,525,False,2,388.0,13.0
13513,525,False,3,307.0,14.0
13514,525,False,4,124.0,15.0
13515,525,False,5,56.0,16.0
13516,525,False,6,54.0,17.0
13517,525,False,7,48.0,18.0
13518,525,False,8,32.0,19.0
13519,525,False,9,47.0,20.0
13520,525,False,10,27.0,21.0
13521,525,False,11,24.0,22.0
13522,525,False,12,26.0,23.0
13523,525,False,13,104.0,24.0
13524,525,True,-14,0.0,-3.0
13525,525,True,-13,0.0,-2.0
13526,525,True,-12,0.0,-1.0
13527,525,True,-11,0.0,0.0
13528,525,True,-10,0.0,1.0
13529,525,True,-9,0.0,2.0
13530,525,True,-8,0.0,3.0
13531,525,True,-7,0.0,4.0
13532,525,True,-6,0.0,5.0
13533,525,True,-5,0.0,6.0
13534,525,True,-4,0.0,7.0
13535,525,True,-3,0.0,8.0
13536,525,True,-2,23.0,9.0
13537,525,True,-1,49.0,10.0
13538,525,True,0,2271.0,11.0
13539,525,True,1,598.0,12.0
13540,525,True,2,625.0,13.0
13541,525,True,3,271.0,14.0
13542,525,True,4,53.0,15.0
13543,525,True,5,18.0,16.0
13544,525,True,6,22.0,17.0
13545,525,True,7,20.0,18.0
13546,525,True,8,10.0,19.0
13547,525,True,9,21.0,20.0
13548,525,True,10,12.0,21.0
13549,525,True,11,5.0,22.0
13550,525,True,12,14.0,23.0
13551,525,True,13,28.0,24.0
13552,529,False,-14,0.0,241.0
13553,529,False,-13,0.0,242.0
13554,529,False,-12,0.0,243.0
13555,529,False,-11,0.0,244.0
13556,529,False,-10,0.0,245.0
13557,529,False,-9,0.0,246.0
13558,529,False,-8,1.0,247.0
13559,529,False,-7,1.0,248.0
13560,529,False,-6,0.0,249.0
13561,529,False,-5,0.0,250.0
13562,529,False,-4,0.0,251.0
13563,529,False,-3,0.0,252.0
13564,529,False,-2,0.0,253.0
13565,529,False,-1,0.0,254.0
13566,529,False,0,1.0,255.0
13567,529,False,1,3.0,256.0
13568,529,False,2,0.0,257.0
13569,529,False,3,0.0,258.0
13570,529,False,4,0.0,259.0
13571,529,False,5,0.0,260.0
13572,529,False,6,0.0,261.0
13573,529,False,7,1.0,262.0
13574,529,False,8,1.0,263.0
13575,529,False,9,1.0,264.0
13576,529,False,10,0.0,265.0
13577,529,False,11,3.0,266.0
13578,529,False,12,0.0,267.0
13579,529,False,13,0.0,268.0
13580,529,True,-14,0.0,241.0
13581,529,True,-13,0.0,242.0
13582,529,True,-12,0.0,243.0
13583,529,True,-11,0.0,244.0
13584,529,True,-10,1.0,245.0
13585,529,True,-9,0.0,246.0
13586,529,True,-8,1.0,247.0
13587,529,True,-7,0.0,248.0
13588,529,True,-6,0.0,249.0
13589,529,True,-5,0.0,250.0
13590,529,True,-4,0.0,251.0
13591,529,True,-3,0.0,252.0
13592,529,True,-2,0.0,253.0
13593,529,True,-1,0.0,254.0
13594,529,True,0,1.0,255.0
13595,529,True,1,0.0,256.0
13596,529,True,2,0.0,257.0
13597,529,True,3,0.0,258.0
13598,529,True,4,0.0,259.0
13599,529,True,5,0.0,260.0
13600,529,True,6,0.0,261.0
13601,529,True,7,0.0,262.0
13602,529,True,8,0.0,263.0
13603,529,True,9,0.0,264.0
13604,529,True,10,0.0,265.0
13605,529,True,11,1.0,266.0
13606,529,True,12,0.0,267.0
13607,529,True,13,0.0,268.0
13608,531,False,-14,0.0,229.0
13609,531,False,-13,1.0,230.0
13610,531,False,-12,1.0,231.0
13611,531,False,-11,0.0,232.0
13612,531,False,-10,0.0,233.0
13613,531,False,-9,1.0,234.0
13614,531,False,-8,1.0,235.0
13615,531,False,-7,0.0,236.0
13616,531,False,-6,0.0,237.0
13617,531,False,-5,0.0,238.0
13618,531,False,-4,0.0,239.0
13619,531,False,-3,1.0,240.0
13620,531,False,-2,1.0,241.0
13621,531,False,-1,0.0,242.0
13622,531,False,0,1.0,243.0
13623,531,False,1,1.0,244.0
13624,531,False,2,0.0,245.0
13625,531,False,3,1.0,246.0
13626,531,False,4,0.0,247.0
13627,531,False,5,1.0,248.0
13628,531,False,6,0.0,249.0
13629,531,False,7,0.0,250.0
13630,531,False,8,0.0,251.0
13631,531,False,9,0.0,252.0
13632,531,False,10,0.0,253.0
13633,531,False,11,0.0,254.0
13634,531,False,12,0.0,255.0
13635,531,False,13,0.0,256.0
13636,531,True,-14,0.0,229.0
13637,531,True,-13,0.0,230.0
13638,531,True,-12,0.0,231.0
13639,531,True,-11,0.0,232.0
13640,531,True,-10,0.0,233.0
13641,531,True,-9,0.0,234.0
13642,531,True,-8,0.0,235.0
13643,531,True,-7,0.0,236.0
13644,531,True,-6,0.0,237.0
13645,531,True,-5,0.0,238.0
13646,531,True,-4,0.0,239.0
13647,531,True,-3,0.0,240.0
13648,531,True,-2,0.0,241.0
13649,531,True,-1,0.0,242.0
13650,531,True,0,1.0,243.0
13651,531,True,1,0.0,244.0
13652,531,True,2,0.0,245.0
13653,531,True,3,0.0,246.0
13654,531,True,4,0.0,247.0
13655,531,True,5,0.0,248.0
13656,531,True,6,1.0,249.0
13657,531,True,7,0.0,250.0
13658,531,True,8,0.0,251.0
13659,531,True,9,0.0,252.0
13660,531,True,10,1.0,253.0
13661,531,True,11,0.0,254.0
13662,531,True,12,0.0,255.0
13663,531,True,13,0.0,256.0
13664,532,False,-14,1.0,143.0
13665,532,False,-13,8.0,144.0
13666,532,False,-12,0.0,145.0
13667,532,False,-11,1.0,146.0
13668,532,False,-10,0.0,147.0
13669,532,False,-9,13.0,148.0
13670,532,False,-8,2.0,149.0
13671,532,False,-7,1.0,150.0
13672,532,False,-6,1.0,151.0
13673,532,False,-5,0.0,152.0
13674,532,False,-4,2.0,153.0
13675,532,False,-3,0.0,154.0
13676,532,False,-2,0.0,155.0
13677,532,False,-1,4.0,156.0
13678,532,False,0,1.0,157.0
13679,532,False,1,0.0,158.0
13680,532,False,2,0.0,159.0
13681,532,False,3,1.0,160.0
13682,532,False,4,0.0,161.0
13683,532,False,5,2.0,162.0
13684,532,False,6,0.0,163.0
13685,532,False,7,1.0,164.0
13686,532,False,8,1.0,165.0
13687,532,False,9,0.0,166.0
13688,532,False,10,0.0,167.0
13689,532,False,11,1.0,168.0
13690,532,False,12,0.0,169.0
13691,532,False,13,0.0,170.0
13692,532,True,-14,0.0,143.0
13693,532,True,-13,8.0,144.0
13694,532,True,-12,1.0,145.0
13695,532,True,-11,0.0,146.0
13696,532,True,-10,0.0,147.0
13697,532,True,-9,3.0,148.0
13698,532,True,-8,0.0,149.0
13699,532,True,-7,1.0,150.0
13700,532,True,-6,3.0,151.0
13701,532,True,-5,1.0,152.0
13702,532,True,-4,0.0,153.0
13703,532,True,-3,0.0,154.0
13704,532,True,-2,0.0,155.0
13705,532,True,-1,0.0,156.0
13706,532,True,0,0.0,157.0
13707,532,True,1,1.0,158.0
13708,532,True,2,1.0,159.0
13709,532,True,3,1.0,160.0
13710,532,True,4,0.0,161.0
13711,532,True,5,1.0,162.0
13712,532,True,6,1.0,163.0
13713,532,True,7,0.0,164.0
13714,532,True,8,1.0,165.0
13715,532,True,9,0.0,166.0
13716,532,True,10,0.0,167.0
13717,532,True,11,0.0,168.0
13718,532,True,12,0.0,169.0
13719,532,True,13,0.0,170.0
13720,535,False,-14,18.0,-14.0
13721,535,False,-13,51.0,-13.0
13722,535,False,-12,28.0,-12.0
13723,535,False,-11,50.0,-11.0
13724,535,False,-10,31.0,-10.0
13725,535,False,-9,19.0,-9.0
13726,535,False,-8,23.0,-8.0
13727,535,False,-7,17.0,-7.0
13728,535,False,-6,17.0,-6.0
13729,535,False,-5,13.0,-5.0
13730,535,False,-4,86.0,-4.0
13731,535,False,-3,205.0,-3.0
13732,535,False,-2,232.0,-2.0
13733,535,False,-1,312.0,-1.0
13734,535,False,0,713.0,0.0
13735,535,False,1,2531.0,1.0
13736,535,False,2,6345.0,2.0
13737,535,False,3,6663.0,3.0
13738,535,False,4,3355.0,4.0
13739,535,False,5,6819.0,5.0
13740,535,False,6,3048.0,6.0
13741,535,False,7,2580.0,7.0
13742,535,False,8,2767.0,8.0
13743,535,False,9,2409.0,9.0
13744,535,False,10,11019.0,10.0
13745,535,False,11,6763.0,11.0
13746,535,False,12,11041.0,12.0
13747,535,False,13,5705.0,13.0
13748,535,True,-14,0.0,-14.0
13749,535,True,-13,0.0,-13.0
13750,535,True,-12,0.0,-12.0
13751,535,True,-11,0.0,-11.0
13752,535,True,-10,0.0,-10.0
13753,535,True,-9,0.0,-9.0
13754,535,True,-8,0.0,-8.0
13755,535,True,-7,0.0,-7.0
13756,535,True,-6,0.0,-6.0
13757,535,True,-5,0.0,-5.0
13758,535,True,-4,0.0,-4.0
13759,535,True,-3,0.0,-3.0
13760,535,True,-2,0.0,-2.0
13761,535,True,-1,2.0,-1.0
13762,535,True,0,15.0,0.0
13763,535,True,1,31.0,1.0
13764,535,True,2,50.0,2.0
13765,535,True,3,18.0,3.0
13766,535,True,4,3.0,4.0
13767,535,True,5,24.0,5.0
13768,535,True,6,5.0,6.0
13769,535,True,7,5.0,7.0
13770,535,True,8,2.0,8.0
13771,535,True,9,2.0,9.0
13772,535,True,10,8.0,10.0
13773,535,True,11,5.0,11.0
13774,535,True,12,4.0,12.0
13775,535,True,13,6.0,13.0
13776,536,False,-14,0.0,223.0
13777,536,False,-13,1.0,224.0
13778,536,False,-12,2.0,225.0
13779,536,False,-11,0.0,226.0
13780,536,False,-10,0.0,227.0
13781,536,False,-9,0.0,228.0
13782,536,False,-8,0.0,229.0
13783,536,False,-7,0.0,230.0
13784,536,False,-6,1.0,231.0
13785,536,False,-5,0.0,232.0
13786,536,False,-4,1.0,233.0
13787,536,False,-3,1.0,234.0
13788,536,False,-2,1.0,235.0
13789,536,False,-1,1.0,236.0
13790,536,False,0,1.0,237.0
13791,536,False,1,0.0,238.0
13792,536,False,2,1.0,239.0
13793,536,False,3,0.0,240.0
13794,536,False,4,1.0,241.0
13795,536,False,5,0.0,242.0
13796,536,False,6,0.0,243.0
13797,536,False,7,0.0,244.0
13798,536,False,8,1.0,245.0
13799,536,False,9,0.0,246.0
13800,536,False,10,0.0,247.0
13801,536,False,11,0.0,248.0
13802,536,False,12,0.0,249.0
13803,536,False,13,0.0,250.0
13804,536,True,-14,0.0,223.0
13805,536,True,-13,2.0,224.0
13806,536,True,-12,1.0,225.0
13807,536,True,-11,0.0,226.0
13808,536,True,-10,0.0,227.0
13809,536,True,-9,0.0,228.0
13810,536,True,-8,1.0,229.0
13811,536,True,-7,0.0,230.0
13812,536,True,-6,1.0,231.0
13813,536,True,-5,0.0,232.0
13814,536,True,-4,0.0,233.0
13815,536,True,-3,0.0,234.0
13816,536,True,-2,0.0,235.0
13817,536,True,-1,0.0,236.0
13818,536,True,0,0.0,237.0
13819,536,True,1,0.0,238.0
13820,536,True,2,0.0,239.0
13821,536,True,3,0.0,240.0
13822,536,True,4,0.0,241.0
13823,536,True,5,1.0,242.0
13824,536,True,6,0.0,243.0
13825,536,True,7,0.0,244.0
13826,536,True,8,0.0,245.0
13827,536,True,9,0.0,246.0
13828,536,True,10,0.0,247.0
13829,536,True,11,0.0,248.0
13830,536,True,12,0.0,249.0
13831,536,True,13,0.0,250.0
13832,540,False,-14,0.0,62.0
13833,540,False,-13,0.0,63.0
13834,540,False,-12,0.0,64.0
13835,540,False,-11,0.0,65.0
13836,540,False,-10,0.0,66.0
13837,540,False,-9,0.0,67.0
13838,540,False,-8,0.0,68.0
13839,540,False,-7,0.0,69.0
13840,540,False,-6,0.0,70.0
13841,540,False,-5,0.0,71.0
13842,540,False,-4,0.0,72.0
13843,540,False,-3,0.0,73.0
13844,540,False,-2,0.0,74.0
13845,540,False,-1,1.0,75.0
13846,540,False,0,7.0,76.0
13847,540,False,1,0.0,77.0
13848,540,False,2,0.0,78.0
13849,540,False,3,1.0,79.0
13850,540,False,4,3.0,80.0
13851,540,False,5,0.0,81.0
13852,540,False,6,0.0,82.0
13853,540,False,7,1.0,83.0
13854,540,False,8,0.0,84.0
13855,540,False,9,0.0,85.0
13856,540,False,10,1.0,86.0
13857,540,False,11,1.0,87.0
13858,540,False,12,0.0,88.0
13859,540,False,13,1.0,89.0
13860,540,True,-14,0.0,62.0
13861,540,True,-13,0.0,63.0
13862,540,True,-12,0.0,64.0
13863,540,True,-11,0.0,65.0
13864,540,True,-10,0.0,66.0
13865,540,True,-9,0.0,67.0
13866,540,True,-8,0.0,68.0
13867,540,True,-7,0.0,69.0
13868,540,True,-6,0.0,70.0
13869,540,True,-5,0.0,71.0
13870,540,True,-4,0.0,72.0
13871,540,True,-3,0.0,73.0
13872,540,True,-2,0.0,74.0
13873,540,True,-1,1.0,75.0
13874,540,True,0,2.0,76.0
13875,540,True,1,1.0,77.0
13876,540,True,2,0.0,78.0
13877,540,True,3,0.0,79.0
13878,540,True,4,1.0,80.0
13879,540,True,5,0.0,81.0
13880,540,True,6,0.0,82.0
13881,540,True,7,0.0,83.0
13882,540,True,8,1.0,84.0
13883,540,True,9,0.0,85.0
13884,540,True,10,0.0,86.0
13885,540,True,11,1.0,87.0
13886,540,True,12,1.0,88.0
13887,540,True,13,0.0,89.0
13888,544,False,-14,15.0,11.0
13889,544,False,-13,21.0,12.0
13890,544,False,-12,16.0,13.0
13891,544,False,-11,89.0,14.0
13892,544,False,-10,22.0,15.0
13893,544,False,-9,11.0,16.0
13894,544,False,-8,12.0,17.0
13895,544,False,-7,12.0,18.0
13896,544,False,-6,24.0,19.0
13897,544,False,-5,15.0,20.0
13898,544,False,-4,30.0,21.0
13899,544,False,-3,24.0,22.0
13900,544,False,-2,20.0,23.0
13901,544,False,-1,17.0,24.0
13902,544,False,0,14.0,25.0
13903,544,False,1,19.0,26.0
13904,544,False,2,12.0,27.0
13905,544,False,3,15.0,28.0
13906,544,False,4,18.0,29.0
13907,544,False,5,8.0,30.0
13908,544,False,6,12.0,31.0
13909,544,False,7,149.0,32.0
13910,544,False,8,44.0,33.0
13911,544,False,9,145.0,34.0
13912,544,False,10,44.0,35.0
13913,544,False,11,48.0,36.0
13914,544,False,12,41.0,37.0
13915,544,False,13,13.0,38.0
13916,544,True,-14,2.0,11.0
13917,544,True,-13,9.0,12.0
13918,544,True,-12,4.0,13.0
13919,544,True,-11,54.0,14.0
13920,544,True,-10,11.0,15.0
13921,544,True,-9,8.0,16.0
13922,544,True,-8,4.0,17.0
13923,544,True,-7,13.0,18.0
13924,544,True,-6,7.0,19.0
13925,544,True,-5,6.0,20.0
13926,544,True,-4,24.0,21.0
13927,544,True,-3,15.0,22.0
13928,544,True,-2,8.0,23.0
13929,544,True,-1,3.0,24.0
13930,544,True,0,24.0,25.0
13931,544,True,1,10.0,26.0
13932,544,True,2,9.0,27.0
13933,544,True,3,8.0,28.0
13934,544,True,4,2.0,29.0
13935,544,True,5,1.0,30.0
13936,544,True,6,12.0,31.0
13937,544,True,7,94.0,32.0
13938,544,True,8,27.0,33.0
13939,544,True,9,63.0,34.0
13940,544,True,10,21.0,35.0
13941,544,True,11,23.0,36.0
13942,544,True,12,19.0,37.0
13943,544,True,13,4.0,38.0
13944,549,False,-14,0.0,-6.0
13945,549,False,-13,0.0,-5.0
13946,549,False,-12,0.0,-4.0
13947,549,False,-11,0.0,-3.0
13948,549,False,-10,0.0,-2.0
13949,549,False,-9,48.0,-1.0
13950,549,False,-8,73.0,0.0
13951,549,False,-7,70.0,1.0
13952,549,False,-6,133.0,2.0
13953,549,False,-5,208.0,3.0
13954,549,False,-4,171.0,4.0
13955,549,False,-3,105.0,5.0
13956,549,False,-2,304.0,6.0
13957,549,False,-1,1323.0,7.0
13958,549,False,0,1081.0,8.0
13959,549,False,1,544.0,9.0
13960,549,False,2,235.0,10.0
13961,549,False,3,271.0,11.0
13962,549,False,4,119.0,12.0
13963,549,False,5,179.0,13.0
13964,549,False,6,137.0,14.0
13965,549,False,7,65.0,15.0
13966,549,False,8,198.0,16.0
13967,549,False,9,81.0,17.0
13968,549,False,10,87.0,18.0
13969,549,False,11,224.0,19.0
13970,549,False,12,706.0,20.0
13971,549,False,13,1165.0,21.0
13972,549,True,-14,0.0,-6.0
13973,549,True,-13,0.0,-5.0
13974,549,True,-12,0.0,-4.0
13975,549,True,-11,0.0,-3.0
13976,549,True,-10,0.0,-2.0
13977,549,True,-9,8.0,-1.0
13978,549,True,-8,20.0,0.0
13979,549,True,-7,25.0,1.0
13980,549,True,-6,36.0,2.0
13981,549,True,-5,50.0,3.0
13982,549,True,-4,48.0,4.0
13983,549,True,-3,21.0,5.0
13984,549,True,-2,137.0,6.0
13985,549,True,-1,569.0,7.0
13986,549,True,0,392.0,8.0
13987,549,True,1,321.0,9.0
13988,549,True,2,114.0,10.0
13989,549,True,3,72.0,11.0
13990,549,True,4,28.0,12.0
13991,549,True,5,65.0,13.0
13992,549,True,6,32.0,14.0
13993,549,True,7,21.0,15.0
13994,549,True,8,30.0,16.0
13995,549,True,9,19.0,17.0
13996,549,True,10,19.0,18.0
13997,549,True,11,78.0,19.0
13998,549,True,12,203.0,20.0
13999,549,True,13,283.0,21.0
14000,550,False,-14,1.0,51.0
14001,550,False,-13,3.0,52.0
14002,550,False,-12,3.0,53.0
14003,550,False,-11,3.0,54.0
14004,550,False,-10,1.0,55.0
14005,550,False,-9,2.0,56.0
14006,550,False,-8,5.0,57.0
14007,550,False,-7,2.0,58.0
14008,550,False,-6,6.0,59.0
14009,550,False,-5,1.0,60.0
14010,550,False,-4,1.0,61.0
14011,550,False,-3,3.0,62.0
14012,550,False,-2,6.0,63.0
14013,550,False,-1,6.0,64.0
14014,550,False,0,6.0,65.0
14015,550,False,1,6.0,66.0
14016,550,False,2,2.0,67.0
14017,550,False,3,7.0,68.0
14018,550,False,4,5.0,69.0
14019,550,False,5,3.0,70.0
14020,550,False,6,2.0,71.0
14021,550,False,7,2.0,72.0
14022,550,False,8,5.0,73.0
14023,550,False,9,280.0,74.0
14024,550,False,10,121.0,75.0
14025,550,False,11,27.0,76.0
14026,550,False,12,24.0,77.0
14027,550,False,13,7.0,78.0
14028,550,True,-14,1.0,51.0
14029,550,True,-13,0.0,52.0
14030,550,True,-12,2.0,53.0
14031,550,True,-11,3.0,54.0
14032,550,True,-10,0.0,55.0
14033,550,True,-9,0.0,56.0
14034,550,True,-8,1.0,57.0
14035,550,True,-7,2.0,58.0
14036,550,True,-6,1.0,59.0
14037,550,True,-5,2.0,60.0
14038,550,True,-4,2.0,61.0
14039,550,True,-3,1.0,62.0
14040,550,True,-2,3.0,63.0
14041,550,True,-1,2.0,64.0
14042,550,True,0,2.0,65.0
14043,550,True,1,0.0,66.0
14044,550,True,2,0.0,67.0
14045,550,True,3,1.0,68.0
14046,550,True,4,2.0,69.0
14047,550,True,5,2.0,70.0
14048,550,True,6,1.0,71.0
14049,550,True,7,1.0,72.0
14050,550,True,8,2.0,73.0
14051,550,True,9,126.0,74.0
14052,550,True,10,51.0,75.0
14053,550,True,11,8.0,76.0
14054,550,True,12,12.0,77.0
14055,550,True,13,8.0,78.0
14056,552,False,-14,4.0,-4.0
14057,552,False,-13,37.0,-3.0
14058,552,False,-12,60.0,-2.0
14059,552,False,-11,101.0,-1.0
14060,552,False,-10,160.0,0.0
14061,552,False,-9,1571.0,1.0
14062,552,False,-8,5966.0,2.0
14063,552,False,-7,6361.0,3.0
14064,552,False,-6,6567.0,4.0
14065,552,False,-5,7687.0,5.0
14066,552,False,-4,13293.0,6.0
14067,552,False,-3,7953.0,7.0
14068,552,False,-2,8997.0,8.0
14069,552,False,-1,9100.0,9.0
14070,552,False,0,4145.0,10.0
14071,552,False,1,6457.0,11.0
14072,552,False,2,3855.0,12.0
14073,552,False,3,6555.0,13.0
14074,552,False,4,6459.0,14.0
14075,552,False,5,5323.0,15.0
14076,552,False,6,6447.0,16.0
14077,552,False,7,5116.0,17.0
14078,552,False,8,2950.0,18.0
14079,552,False,9,2579.0,19.0
14080,552,False,10,4145.0,20.0
14081,552,False,11,8149.0,21.0
14082,552,False,12,4046.0,22.0
14083,552,False,13,2254.0,23.0
14084,552,True,-14,0.0,-4.0
14085,552,True,-13,0.0,-3.0
14086,552,True,-12,0.0,-2.0
14087,552,True,-11,7.0,-1.0
14088,552,True,-10,45.0,0.0
14089,552,True,-9,323.0,1.0
14090,552,True,-8,801.0,2.0
14091,552,True,-7,875.0,3.0
14092,552,True,-6,599.0,4.0
14093,552,True,-5,689.0,5.0
14094,552,True,-4,1929.0,6.0
14095,552,True,-3,1991.0,7.0
14096,552,True,-2,1919.0,8.0
14097,552,True,-1,1882.0,9.0
14098,552,True,0,698.0,10.0
14099,552,True,1,985.0,11.0
14100,552,True,2,486.0,12.0
14101,552,True,3,984.0,13.0
14102,552,True,4,808.0,14.0
14103,552,True,5,570.0,15.0
14104,552,True,6,484.0,16.0
14105,552,True,7,419.0,17.0
14106,552,True,8,225.0,18.0
14107,552,True,9,258.0,19.0
14108,552,True,10,302.0,20.0
14109,552,True,11,886.0,21.0
14110,552,True,12,336.0,22.0
14111,552,True,13,160.0,23.0
14112,557,False,-14,1.0,240.0
14113,557,False,-13,2.0,241.0
14114,557,False,-12,0.0,242.0
14115,557,False,-11,1.0,243.0
14116,557,False,-10,2.0,244.0
14117,557,False,-9,0.0,245.0
14118,557,False,-8,2.0,246.0
14119,557,False,-7,2.0,247.0
14120,557,False,-6,0.0,248.0
14121,557,False,-5,1.0,249.0
14122,557,False,-4,0.0,250.0
14123,557,False,-3,3.0,251.0
14124,557,False,-2,2.0,252.0
14125,557,False,-1,0.0,253.0
14126,557,False,0,0.0,254.0
14127,557,False,1,0.0,255.0
14128,557,False,2,1.0,256.0
14129,557,False,3,0.0,257.0
14130,557,False,4,0.0,258.0
14131,557,False,5,0.0,259.0
14132,557,False,6,2.0,260.0
14133,557,False,7,1.0,261.0
14134,557,False,8,1.0,262.0
14135,557,False,9,0.0,263.0
14136,557,False,10,0.0,264.0
14137,557,False,11,0.0,265.0
14138,557,False,12,0.0,266.0
14139,557,False,13,2.0,267.0
14140,557,True,-14,0.0,240.0
14141,557,True,-13,0.0,241.0
14142,557,True,-12,0.0,242.0
14143,557,True,-11,0.0,243.0
14144,557,True,-10,0.0,244.0
14145,557,True,-9,1.0,245.0
14146,557,True,-8,1.0,246.0
14147,557,True,-7,0.0,247.0
14148,557,True,-6,0.0,248.0
14149,557,True,-5,0.0,249.0
14150,557,True,-4,0.0,250.0
14151,557,True,-3,0.0,251.0
14152,557,True,-2,0.0,252.0
14153,557,True,-1,0.0,253.0
14154,557,True,0,1.0,254.0
14155,557,True,1,1.0,255.0
14156,557,True,2,0.0,256.0
14157,557,True,3,0.0,257.0
14158,557,True,4,0.0,258.0
14159,557,True,5,0.0,259.0
14160,557,True,6,0.0,260.0
14161,557,True,7,0.0,261.0
14162,557,True,8,0.0,262.0
14163,557,True,9,0.0,263.0
14164,557,True,10,1.0,264.0
14165,557,True,11,0.0,265.0
14166,557,True,12,0.0,266.0
14167,557,True,13,0.0,267.0
14168,560,False,-14,0.0,-9.0
14169,560,False,-13,0.0,-8.0
14170,560,False,-12,0.0,-7.0
14171,560,False,-11,0.0,-6.0
14172,560,False,-10,0.0,-5.0
14173,560,False,-9,0.0,-4.0
14174,560,False,-8,0.0,-3.0
14175,560,False,-7,0.0,-2.0
14176,560,False,-6,0.0,-1.0
14177,560,False,-5,0.0,0.0
14178,560,False,-4,0.0,1.0
14179,560,False,-3,0.0,2.0
14180,560,False,-2,0.0,3.0
14181,560,False,-1,1.0,4.0
14182,560,False,0,5623.0,5.0
14183,560,False,1,5645.0,6.0
14184,560,False,2,3807.0,7.0
14185,560,False,3,2358.0,8.0
14186,560,False,4,2869.0,9.0
14187,560,False,5,1888.0,10.0
14188,560,False,6,1171.0,11.0
14189,560,False,7,1327.0,12.0
14190,560,False,8,877.0,13.0
14191,560,False,9,595.0,14.0
14192,560,False,10,524.0,15.0
14193,560,False,11,369.0,16.0
14194,560,False,12,403.0,17.0
14195,560,False,13,324.0,18.0
14196,560,True,-14,0.0,-9.0
14197,560,True,-13,0.0,-8.0
14198,560,True,-12,0.0,-7.0
14199,560,True,-11,0.0,-6.0
14200,560,True,-10,0.0,-5.0
14201,560,True,-9,0.0,-4.0
14202,560,True,-8,0.0,-3.0
14203,560,True,-7,0.0,-2.0
14204,560,True,-6,0.0,-1.0
14205,560,True,-5,0.0,0.0
14206,560,True,-4,0.0,1.0
14207,560,True,-3,0.0,2.0
14208,560,True,-2,0.0,3.0
14209,560,True,-1,0.0,4.0
14210,560,True,0,4656.0,5.0
14211,560,True,1,1172.0,6.0
14212,560,True,2,571.0,7.0
14213,560,True,3,267.0,8.0
14214,560,True,4,469.0,9.0
14215,560,True,5,152.0,10.0
14216,560,True,6,99.0,11.0
14217,560,True,7,160.0,12.0
14218,560,True,8,123.0,13.0
14219,560,True,9,25.0,14.0
14220,560,True,10,22.0,15.0
14221,560,True,11,19.0,16.0
14222,560,True,12,21.0,17.0
14223,560,True,13,24.0,18.0
14224,562,False,-14,925.0,1.0
14225,562,False,-13,1883.0,2.0
14226,562,False,-12,4192.0,3.0
14227,562,False,-11,31880.0,4.0
14228,562,False,-10,18473.0,5.0
14229,562,False,-9,19155.0,6.0
14230,562,False,-8,12605.0,7.0
14231,562,False,-7,10126.0,8.0
14232,562,False,-6,8906.0,9.0
14233,562,False,-5,11653.0,10.0
14234,562,False,-4,15897.0,11.0
14235,562,False,-3,23667.0,12.0
14236,562,False,-2,11803.0,13.0
14237,562,False,-1,25846.0,14.0
14238,562,False,0,30256.0,15.0
14239,562,False,1,15545.0,16.0
14240,562,False,2,7660.0,17.0
14241,562,False,3,5214.0,18.0
14242,562,False,4,5384.0,19.0
14243,562,False,5,4065.0,20.0
14244,562,False,6,11914.0,21.0
14245,562,False,7,9968.0,22.0
14246,562,False,8,7207.0,23.0
14247,562,False,9,4988.0,24.0
14248,562,False,10,3052.0,25.0
14249,562,False,11,1708.0,26.0
14250,562,False,12,4991.0,27.0
14251,562,False,13,2708.0,28.0
14252,562,True,-14,161.0,1.0
14253,562,True,-13,313.0,2.0
14254,562,True,-12,634.0,3.0
14255,562,True,-11,3490.0,4.0
14256,562,True,-10,1104.0,5.0
14257,562,True,-9,1163.0,6.0
14258,562,True,-8,2322.0,7.0
14259,562,True,-7,1692.0,8.0
14260,562,True,-6,1180.0,9.0
14261,562,True,-5,1192.0,10.0
14262,562,True,-4,2439.0,11.0
14263,562,True,-3,2219.0,12.0
14264,562,True,-2,1514.0,13.0
14265,562,True,-1,2335.0,14.0
14266,562,True,0,2718.0,15.0
14267,562,True,1,694.0,16.0
14268,562,True,2,466.0,17.0
14269,562,True,3,554.0,18.0
14270,562,True,4,358.0,19.0
14271,562,True,5,232.0,20.0
14272,562,True,6,531.0,21.0
14273,562,True,7,561.0,22.0
14274,562,True,8,425.0,23.0
14275,562,True,9,249.0,24.0
14276,562,True,10,188.0,25.0
14277,562,True,11,146.0,26.0
14278,562,True,12,285.0,27.0
14279,562,True,13,122.0,28.0
14280,567,False,-14,8.0,90.0
14281,567,False,-13,10.0,91.0
14282,567,False,-12,11.0,92.0
14283,567,False,-11,6.0,93.0
14284,567,False,-10,9.0,94.0
14285,567,False,-9,6.0,95.0
14286,567,False,-8,35.0,96.0
14287,567,False,-7,37.0,97.0
14288,567,False,-6,27.0,98.0
14289,567,False,-5,7.0,99.0
14290,567,False,-4,4.0,100.0
14291,567,False,-3,9.0,101.0
14292,567,False,-2,9.0,102.0
14293,567,False,-1,9.0,103.0
14294,567,False,0,6.0,104.0
14295,567,False,1,3.0,105.0
14296,567,False,2,7.0,106.0
14297,567,False,3,3.0,107.0
14298,567,False,4,3.0,108.0
14299,567,False,5,2.0,109.0
14300,567,False,6,4.0,110.0
14301,567,False,7,5.0,111.0
14302,567,False,8,3.0,112.0
14303,567,False,9,1.0,113.0
14304,567,False,10,2.0,114.0
14305,567,False,11,2.0,115.0
14306,567,False,12,3.0,116.0
14307,567,False,13,3.0,117.0
14308,567,True,-14,1.0,90.0
14309,567,True,-13,0.0,91.0
14310,567,True,-12,3.0,92.0
14311,567,True,-11,0.0,93.0
14312,567,True,-10,0.0,94.0
14313,567,True,-9,0.0,95.0
14314,567,True,-8,3.0,96.0
14315,567,True,-7,4.0,97.0
14316,567,True,-6,3.0,98.0
14317,567,True,-5,0.0,99.0
14318,567,True,-4,0.0,100.0
14319,567,True,-3,0.0,101.0
14320,567,True,-2,0.0,102.0
14321,567,True,-1,0.0,103.0
14322,567,True,0,4.0,104.0
14323,567,True,1,0.0,105.0
14324,567,True,2,0.0,106.0
14325,567,True,3,0.0,107.0
14326,567,True,4,0.0,108.0
14327,567,True,5,2.0,109.0
14328,567,True,6,0.0,110.0
14329,567,True,7,1.0,111.0
14330,567,True,8,0.0,112.0
14331,567,True,9,0.0,113.0
14332,567,True,10,0.0,114.0
14333,567,True,11,0.0,115.0
14334,567,True,12,0.0,116.0
14335,567,True,13,0.0,117.0
14336,569,False,-14,1813.0,72.0
14337,569,False,-13,4039.0,73.0
14338,569,False,-12,2252.0,74.0
14339,569,False,-11,1105.0,75.0
14340,569,False,-10,958.0,76.0
14341,569,False,-9,633.0,77.0
14342,569,False,-8,720.0,78.0
14343,569,False,-7,427.0,79.0
14344,569,False,-6,677.0,80.0
14345,569,False,-5,903.0,81.0
14346,569,False,-4,632.0,82.0
14347,569,False,-3,923.0,83.0
14348,569,False,-2,716.0,84.0
14349,569,False,-1,1099.0,85.0
14350,569,False,0,966.0,86.0
14351,569,False,1,1247.0,87.0
14352,569,False,2,594.0,88.0
14353,569,False,3,377.0,89.0
14354,569,False,4,442.0,90.0
14355,569,False,5,376.0,91.0
14356,569,False,6,329.0,92.0
14357,569,False,7,382.0,93.0
14358,569,False,8,436.0,94.0
14359,569,False,9,377.0,95.0
14360,569,False,10,293.0,96.0
14361,569,False,11,783.0,97.0
14362,569,False,12,359.0,98.0
14363,569,False,13,426.0,99.0
14364,569,True,-14,408.0,72.0
14365,569,True,-13,923.0,73.0
14366,569,True,-12,429.0,74.0
14367,569,True,-11,227.0,75.0
14368,569,True,-10,302.0,76.0
14369,569,True,-9,149.0,77.0
14370,569,True,-8,154.0,78.0
14371,569,True,-7,88.0,79.0
14372,569,True,-6,187.0,80.0
14373,569,True,-5,254.0,81.0
14374,569,True,-4,179.0,82.0
14375,569,True,-3,335.0,83.0
14376,569,True,-2,165.0,84.0
14377,569,True,-1,355.0,85.0
14378,569,True,0,269.0,86.0
14379,569,True,1,370.0,87.0
14380,569,True,2,123.0,88.0
14381,569,True,3,62.0,89.0
14382,569,True,4,103.0,90.0
14383,569,True,5,79.0,91.0
14384,569,True,6,75.0,92.0
14385,569,True,7,99.0,93.0
14386,569,True,8,201.0,94.0
14387,569,True,9,107.0,95.0
14388,569,True,10,52.0,96.0
14389,569,True,11,254.0,97.0
14390,569,True,12,88.0,98.0
14391,569,True,13,100.0,99.0
14392,571,False,-14,1.0,240.0
14393,571,False,-13,0.0,241.0
14394,571,False,-12,0.0,242.0
14395,571,False,-11,0.0,243.0
14396,571,False,-10,0.0,244.0
14397,571,False,-9,0.0,245.0
14398,571,False,-8,0.0,246.0
14399,571,False,-7,0.0,247.0
14400,571,False,-6,0.0,248.0
14401,571,False,-5,0.0,249.0
14402,571,False,-4,0.0,250.0
14403,571,False,-3,1.0,251.0
14404,571,False,-2,4.0,252.0
14405,571,False,-1,1.0,253.0
14406,571,False,0,3.0,254.0
14407,571,False,1,0.0,255.0
14408,571,False,2,1.0,256.0
14409,571,False,3,1.0,257.0
14410,571,False,4,0.0,258.0
14411,571,False,5,1.0,259.0
14412,571,False,6,1.0,260.0
14413,571,False,7,0.0,261.0
14414,571,False,8,0.0,262.0
14415,571,False,9,0.0,263.0
14416,571,False,10,0.0,264.0
14417,571,False,11,0.0,265.0
14418,571,False,12,0.0,266.0
14419,571,False,13,0.0,267.0
14420,571,True,-14,0.0,240.0
14421,571,True,-13,0.0,241.0
14422,571,True,-12,0.0,242.0
14423,571,True,-11,0.0,243.0
14424,571,True,-10,0.0,244.0
14425,571,True,-9,0.0,245.0
14426,571,True,-8,0.0,246.0
14427,571,True,-7,0.0,247.0
14428,571,True,-6,0.0,248.0
14429,571,True,-5,0.0,249.0
14430,571,True,-4,0.0,250.0
14431,571,True,-3,0.0,251.0
14432,571,True,-2,0.0,252.0
14433,571,True,-1,0.0,253.0
14434,571,True,0,1.0,254.0
14435,571,True,1,0.0,255.0
14436,571,True,2,1.0,256.0
14437,571,True,3,0.0,257.0
14438,571,True,4,1.0,258.0
14439,571,True,5,0.0,259.0
14440,571,True,6,0.0,260.0
14441,571,True,7,0.0,261.0
14442,571,True,8,0.0,262.0
14443,571,True,9,0.0,263.0
14444,571,True,10,0.0,264.0
14445,571,True,11,0.0,265.0
14446,571,True,12,0.0,266.0
14447,571,True,13,0.0,267.0
14448,574,False,-14,21.0,-5.0
14449,574,False,-13,47.0,-4.0
14450,574,False,-12,279.0,-3.0
14451,574,False,-11,408.0,-2.0
14452,574,False,-10,560.0,-1.0
14453,574,False,-9,669.0,0.0
14454,574,False,-8,2532.0,1.0
14455,574,False,-7,7307.0,2.0
14456,574,False,-6,25588.0,3.0
14457,574,False,-5,24814.0,4.0
14458,574,False,-4,40023.0,5.0
14459,574,False,-3,25783.0,6.0
14460,574,False,-2,9344.0,7.0
14461,574,False,-1,12916.0,8.0
14462,574,False,0,9206.0,9.0
14463,574,False,1,8042.0,10.0
14464,574,False,2,5122.0,11.0
14465,574,False,3,6208.0,12.0
14466,574,False,4,5029.0,13.0
14467,574,False,5,4595.0,14.0
14468,574,False,6,14182.0,15.0
14469,574,False,7,6791.0,16.0
14470,574,False,8,6606.0,17.0
14471,574,False,9,3279.0,18.0
14472,574,False,10,3457.0,19.0
14473,574,False,11,4473.0,20.0
14474,574,False,12,2439.0,21.0
14475,574,False,13,1203.0,22.0
14476,574,True,-14,0.0,-5.0
14477,574,True,-13,0.0,-4.0
14478,574,True,-12,0.0,-3.0
14479,574,True,-11,0.0,-2.0
14480,574,True,-10,6.0,-1.0
14481,574,True,-9,98.0,0.0
14482,574,True,-8,367.0,1.0
14483,574,True,-7,719.0,2.0
14484,574,True,-6,1569.0,3.0
14485,574,True,-5,987.0,4.0
14486,574,True,-4,1100.0,5.0
14487,574,True,-3,1113.0,6.0
14488,574,True,-2,1359.0,7.0
14489,574,True,-1,1489.0,8.0
14490,574,True,0,868.0,9.0
14491,574,True,1,504.0,10.0
14492,574,True,2,418.0,11.0
14493,574,True,3,213.0,12.0
14494,574,True,4,257.0,13.0
14495,574,True,5,217.0,14.0
14496,574,True,6,1102.0,15.0
14497,574,True,7,359.0,16.0
14498,574,True,8,276.0,17.0
14499,574,True,9,158.0,18.0
14500,574,True,10,148.0,19.0
14501,574,True,11,243.0,20.0
14502,574,True,12,106.0,21.0
14503,574,True,13,49.0,22.0
14504,578,False,-14,0.0,232.0
14505,578,False,-13,0.0,233.0
14506,578,False,-12,0.0,234.0
14507,578,False,-11,0.0,235.0
14508,578,False,-10,1.0,236.0
14509,578,False,-9,0.0,237.0
14510,578,False,-8,1.0,238.0
14511,578,False,-7,0.0,239.0
14512,578,False,-6,1.0,240.0
14513,578,False,-5,1.0,241.0
14514,578,False,-4,0.0,242.0
14515,578,False,-3,0.0,243.0
14516,578,False,-2,0.0,244.0
14517,578,False,-1,0.0,245.0
14518,578,False,0,0.0,246.0
14519,578,False,1,1.0,247.0
14520,578,False,2,1.0,248.0
14521,578,False,3,1.0,249.0
14522,578,False,4,0.0,250.0
14523,578,False,5,0.0,251.0
14524,578,False,6,1.0,252.0
14525,578,False,7,1.0,253.0
14526,578,False,8,0.0,254.0
14527,578,False,9,2.0,255.0
14528,578,False,10,1.0,256.0
14529,578,False,11,0.0,257.0
14530,578,False,12,0.0,258.0
14531,578,False,13,1.0,259.0
14532,578,True,-14,0.0,232.0
14533,578,True,-13,0.0,233.0
14534,578,True,-12,0.0,234.0
14535,578,True,-11,1.0,235.0
14536,578,True,-10,0.0,236.0
14537,578,True,-9,0.0,237.0
14538,578,True,-8,0.0,238.0
14539,578,True,-7,0.0,239.0
14540,578,True,-6,0.0,240.0
14541,578,True,-5,0.0,241.0
14542,578,True,-4,1.0,242.0
14543,578,True,-3,0.0,243.0
14544,578,True,-2,0.0,244.0
14545,578,True,-1,0.0,245.0
14546,578,True,0,0.0,246.0
14547,578,True,1,1.0,247.0
14548,578,True,2,0.0,248.0
14549,578,True,3,0.0,249.0
14550,578,True,4,0.0,250.0
14551,578,True,5,0.0,251.0
14552,578,True,6,1.0,252.0
14553,578,True,7,1.0,253.0
14554,578,True,8,0.0,254.0
14555,578,True,9,0.0,255.0
14556,578,True,10,0.0,256.0
14557,578,True,11,0.0,257.0
14558,578,True,12,0.0,258.0
14559,578,True,13,0.0,259.0
14560,579,False,-14,1.0,143.0
14561,579,False,-13,1.0,144.0
14562,579,False,-12,0.0,145.0
14563,579,False,-11,0.0,146.0
14564,579,False,-10,0.0,147.0
14565,579,False,-9,0.0,148.0
14566,579,False,-8,1.0,149.0
14567,579,False,-7,2.0,150.0
14568,579,False,-6,1.0,151.0
14569,579,False,-5,1.0,152.0
14570,579,False,-4,0.0,153.0
14571,579,False,-3,1.0,154.0
14572,579,False,-2,1.0,155.0
14573,579,False,-1,0.0,156.0
14574,579,False,0,0.0,157.0
14575,579,False,1,0.0,158.0
14576,579,False,2,0.0,159.0
14577,579,False,3,1.0,160.0
14578,579,False,4,0.0,161.0
14579,579,False,5,1.0,162.0
14580,579,False,6,0.0,163.0
14581,579,False,7,1.0,164.0
14582,579,False,8,1.0,165.0
14583,579,False,9,3.0,166.0
14584,579,False,10,0.0,167.0
14585,579,False,11,0.0,168.0
14586,579,False,12,2.0,169.0
14587,579,False,13,2.0,170.0
14588,579,True,-14,1.0,143.0
14589,579,True,-13,0.0,144.0
14590,579,True,-12,0.0,145.0
14591,579,True,-11,0.0,146.0
14592,579,True,-10,1.0,147.0
14593,579,True,-9,2.0,148.0
14594,579,True,-8,0.0,149.0
14595,579,True,-7,0.0,150.0
14596,579,True,-6,0.0,151.0
14597,579,True,-5,0.0,152.0
14598,579,True,-4,0.0,153.0
14599,579,True,-3,1.0,154.0
14600,579,True,-2,1.0,155.0
14601,579,True,-1,0.0,156.0
14602,579,True,0,0.0,157.0
14603,579,True,1,0.0,158.0
14604,579,True,2,0.0,159.0
14605,579,True,3,0.0,160.0
14606,579,True,4,0.0,161.0
14607,579,True,5,1.0,162.0
14608,579,True,6,0.0,163.0
14609,579,True,7,1.0,164.0
14610,579,True,8,0.0,165.0
14611,579,True,9,0.0,166.0
14612,579,True,10,1.0,167.0
14613,579,True,11,0.0,168.0
14614,579,True,12,1.0,169.0
14615,579,True,13,1.0,170.0
14616,581,False,-14,137.0,51.0
14617,581,False,-13,287.0,52.0
14618,581,False,-12,165.0,53.0
14619,581,False,-11,117.0,54.0
14620,581,False,-10,179.0,55.0
14621,581,False,-9,848.0,56.0
14622,581,False,-8,695.0,57.0
14623,581,False,-7,687.0,58.0
14624,581,False,-6,1589.0,59.0
14625,581,False,-5,722.0,60.0
14626,581,False,-4,448.0,61.0
14627,581,False,-3,1797.0,62.0
14628,581,False,-2,2280.0,63.0
14629,581,False,-1,1264.0,64.0
14630,581,False,0,1234.0,65.0
14631,581,False,1,242.0,66.0
14632,581,False,2,236.0,67.0
14633,581,False,3,346.0,68.0
14634,581,False,4,1471.0,69.0
14635,581,False,5,3092.0,70.0
14636,581,False,6,1884.0,71.0
14637,581,False,7,808.0,72.0
14638,581,False,8,1501.0,73.0
14639,581,False,9,1109.0,74.0
14640,581,False,10,324.0,75.0
14641,581,False,11,596.0,76.0
14642,581,False,12,559.0,77.0
14643,581,False,13,608.0,78.0
14644,581,True,-14,18.0,51.0
14645,581,True,-13,51.0,52.0
14646,581,True,-12,19.0,53.0
14647,581,True,-11,8.0,54.0
14648,581,True,-10,35.0,55.0
14649,581,True,-9,121.0,56.0
14650,581,True,-8,83.0,57.0
14651,581,True,-7,84.0,58.0
14652,581,True,-6,153.0,59.0
14653,581,True,-5,45.0,60.0
14654,581,True,-4,27.0,61.0
14655,581,True,-3,155.0,62.0
14656,581,True,-2,162.0,63.0
14657,581,True,-1,88.0,64.0
14658,581,True,0,105.0,65.0
14659,581,True,1,13.0,66.0
14660,581,True,2,15.0,67.0
14661,581,True,3,24.0,68.0
14662,581,True,4,93.0,69.0
14663,581,True,5,125.0,70.0
14664,581,True,6,111.0,71.0
14665,581,True,7,39.0,72.0
14666,581,True,8,43.0,73.0
14667,581,True,9,58.0,74.0
14668,581,True,10,21.0,75.0
14669,581,True,11,53.0,76.0
14670,581,True,12,40.0,77.0
14671,581,True,13,27.0,78.0
14672,589,False,-14,5.0,-1.0
14673,589,False,-13,1.0,0.0
14674,589,False,-12,11.0,1.0
14675,589,False,-11,22.0,2.0
14676,589,False,-10,69.0,3.0
14677,589,False,-9,94.0,4.0
14678,589,False,-8,125.0,5.0
14679,589,False,-7,99.0,6.0
14680,589,False,-6,68.0,7.0
14681,589,False,-5,62.0,8.0
14682,589,False,-4,44.0,9.0
14683,589,False,-3,33.0,10.0
14684,589,False,-2,42.0,11.0
14685,589,False,-1,88.0,12.0
14686,589,False,0,190.0,13.0
14687,589,False,1,69.0,14.0
14688,589,False,2,115.0,15.0
14689,589,False,3,81.0,16.0
14690,589,False,4,43.0,17.0
14691,589,False,5,27.0,18.0
14692,589,False,6,52.0,19.0
14693,589,False,7,15.0,20.0
14694,589,False,8,18.0,21.0
14695,589,False,9,31.0,22.0
14696,589,False,10,87.0,23.0
14697,589,False,11,41.0,24.0
14698,589,False,12,29.0,25.0
14699,589,False,13,15.0,26.0
14700,589,True,-14,0.0,-1.0
14701,589,True,-13,2.0,0.0
14702,589,True,-12,0.0,1.0
14703,589,True,-11,3.0,2.0
14704,589,True,-10,5.0,3.0
14705,589,True,-9,4.0,4.0
14706,589,True,-8,7.0,5.0
14707,589,True,-7,11.0,6.0
14708,589,True,-6,10.0,7.0
14709,589,True,-5,11.0,8.0
14710,589,True,-4,9.0,9.0
14711,589,True,-3,10.0,10.0
14712,589,True,-2,80.0,11.0
14713,589,True,-1,288.0,12.0
14714,589,True,0,625.0,13.0
14715,589,True,1,22.0,14.0
14716,589,True,2,22.0,15.0
14717,589,True,3,15.0,16.0
14718,589,True,4,12.0,17.0
14719,589,True,5,20.0,18.0
14720,589,True,6,15.0,19.0
14721,589,True,7,7.0,20.0
14722,589,True,8,2.0,21.0
14723,589,True,9,23.0,22.0
14724,589,True,10,29.0,23.0
14725,589,True,11,12.0,24.0
14726,589,True,12,7.0,25.0
14727,589,True,13,7.0,26.0
14728,590,False,-14,384.0,4.0
14729,590,False,-13,142.0,5.0
14730,590,False,-12,56.0,6.0
14731,590,False,-11,46.0,7.0
14732,590,False,-10,27.0,8.0
14733,590,False,-9,32.0,9.0
14734,590,False,-8,11.0,10.0
14735,590,False,-7,52.0,11.0
14736,590,False,-6,61.0,12.0
14737,590,False,-5,153.0,13.0
14738,590,False,-4,205.0,14.0
14739,590,False,-3,444.0,15.0
14740,590,False,-2,81.0,16.0
14741,590,False,-1,91.0,17.0
14742,590,False,0,40.0,18.0
14743,590,False,1,15.0,19.0
14744,590,False,2,21.0,20.0
14745,590,False,3,15.0,21.0
14746,590,False,4,19.0,22.0
14747,590,False,5,21.0,23.0
14748,590,False,6,373.0,24.0
14749,590,False,7,62.0,25.0
14750,590,False,8,24.0,26.0
14751,590,False,9,28.0,27.0
14752,590,False,10,19.0,28.0
14753,590,False,11,16.0,29.0
14754,590,False,12,7.0,30.0
14755,590,False,13,6.0,31.0
14756,590,True,-14,187.0,4.0
14757,590,True,-13,68.0,5.0
14758,590,True,-12,23.0,6.0
14759,590,True,-11,27.0,7.0
14760,590,True,-10,9.0,8.0
14761,590,True,-9,19.0,9.0
14762,590,True,-8,6.0,10.0
14763,590,True,-7,22.0,11.0
14764,590,True,-6,15.0,12.0
14765,590,True,-5,131.0,13.0
14766,590,True,-4,139.0,14.0
14767,590,True,-3,296.0,15.0
14768,590,True,-2,57.0,16.0
14769,590,True,-1,55.0,17.0
14770,590,True,0,21.0,18.0
14771,590,True,1,4.0,19.0
14772,590,True,2,3.0,20.0
14773,590,True,3,9.0,21.0
14774,590,True,4,7.0,22.0
14775,590,True,5,3.0,23.0
14776,590,True,6,180.0,24.0
14777,590,True,7,22.0,25.0
14778,590,True,8,5.0,26.0
14779,590,True,9,14.0,27.0
14780,590,True,10,14.0,28.0
14781,590,True,11,1.0,29.0
14782,590,True,12,6.0,30.0
14783,590,True,13,7.0,31.0
14784,596,False,-14,88.0,-5.0
14785,596,False,-13,98.0,-4.0
14786,596,False,-12,301.0,-3.0
14787,596,False,-11,753.0,-2.0
14788,596,False,-10,650.0,-1.0
14789,596,False,-9,672.0,0.0
14790,596,False,-8,1739.0,1.0
14791,596,False,-7,4769.0,2.0
14792,596,False,-6,5903.0,3.0
14793,596,False,-5,5927.0,4.0
14794,596,False,-4,5913.0,5.0
14795,596,False,-3,7266.0,6.0
14796,596,False,-2,7393.0,7.0
14797,596,False,-1,10534.0,8.0
14798,596,False,0,6618.0,9.0
14799,596,False,1,9376.0,10.0
14800,596,False,2,8994.0,11.0
14801,596,False,3,7552.0,12.0
14802,596,False,4,5600.0,13.0
14803,596,False,5,3904.0,14.0
14804,596,False,6,3849.0,15.0
14805,596,False,7,4006.0,16.0
14806,596,False,8,1409.0,17.0
14807,596,False,9,1105.0,18.0
14808,596,False,10,980.0,19.0
14809,596,False,11,592.0,20.0
14810,596,False,12,727.0,21.0
14811,596,False,13,739.0,22.0
14812,596,True,-14,0.0,-5.0
14813,596,True,-13,0.0,-4.0
14814,596,True,-12,0.0,-3.0
14815,596,True,-11,0.0,-2.0
14816,596,True,-10,1.0,-1.0
14817,596,True,-9,52.0,0.0
14818,596,True,-8,286.0,1.0
14819,596,True,-7,855.0,2.0
14820,596,True,-6,676.0,3.0
14821,596,True,-5,489.0,4.0
14822,596,True,-4,375.0,5.0
14823,596,True,-3,663.0,6.0
14824,596,True,-2,1315.0,7.0
14825,596,True,-1,2281.0,8.0
14826,596,True,0,1019.0,9.0
14827,596,True,1,1266.0,10.0
14828,596,True,2,1020.0,11.0
14829,596,True,3,718.0,12.0
14830,596,True,4,521.0,13.0
14831,596,True,5,286.0,14.0
14832,596,True,6,383.0,15.0
14833,596,True,7,500.0,16.0
14834,596,True,8,66.0,17.0
14835,596,True,9,45.0,18.0
14836,596,True,10,62.0,19.0
14837,596,True,11,25.0,20.0
14838,596,True,12,27.0,21.0
14839,596,True,13,51.0,22.0
14840,598,False,-14,0.0,59.0
14841,598,False,-13,1.0,60.0
14842,598,False,-12,1.0,61.0
14843,598,False,-11,0.0,62.0
14844,598,False,-10,2.0,63.0
14845,598,False,-9,0.0,64.0
14846,598,False,-8,1.0,65.0
14847,598,False,-7,1.0,66.0
14848,598,False,-6,0.0,67.0
14849,598,False,-5,0.0,68.0
14850,598,False,-4,2.0,69.0
14851,598,False,-3,1.0,70.0
14852,598,False,-2,0.0,71.0
14853,598,False,-1,0.0,72.0
14854,598,False,0,2.0,73.0
14855,598,False,1,0.0,74.0
14856,598,False,2,2.0,75.0
14857,598,False,3,0.0,76.0
14858,598,False,4,1.0,77.0
14859,598,False,5,0.0,78.0
14860,598,False,6,2.0,79.0
14861,598,False,7,0.0,80.0
14862,598,False,8,2.0,81.0
14863,598,False,9,0.0,82.0
14864,598,False,10,0.0,83.0
14865,598,False,11,0.0,84.0
14866,598,False,12,0.0,85.0
14867,598,False,13,1.0,86.0
14868,598,True,-14,0.0,59.0
14869,598,True,-13,0.0,60.0
14870,598,True,-12,0.0,61.0
14871,598,True,-11,0.0,62.0
14872,598,True,-10,0.0,63.0
14873,598,True,-9,0.0,64.0
14874,598,True,-8,0.0,65.0
14875,598,True,-7,0.0,66.0
14876,598,True,-6,1.0,67.0
14877,598,True,-5,0.0,68.0
14878,598,True,-4,0.0,69.0
14879,598,True,-3,1.0,70.0
14880,598,True,-2,0.0,71.0
14881,598,True,-1,3.0,72.0
14882,598,True,0,5.0,73.0
14883,598,True,1,0.0,74.0
14884,598,True,2,1.0,75.0
14885,598,True,3,0.0,76.0
14886,598,True,4,0.0,77.0
14887,598,True,5,0.0,78.0
14888,598,True,6,0.0,79.0
14889,598,True,7,1.0,80.0
14890,598,True,8,1.0,81.0
14891,598,True,9,0.0,82.0
14892,598,True,10,0.0,83.0
14893,598,True,11,0.0,84.0
14894,598,True,12,0.0,85.0
14895,598,True,13,0.0,86.0
14896,599,False,-14,27.0,-3.0
14897,599,False,-13,63.0,-2.0
14898,599,False,-12,54.0,-1.0
14899,599,False,-11,52.0,0.0
14900,599,False,-10,202.0,1.0
14901,599,False,-9,188.0,2.0
14902,599,False,-8,271.0,3.0
14903,599,False,-7,404.0,4.0
14904,599,False,-6,211.0,5.0
14905,599,False,-5,223.0,6.0
14906,599,False,-4,207.0,7.0
14907,599,False,-3,155.0,8.0
14908,599,False,-2,123.0,9.0
14909,599,False,-1,522.0,10.0
14910,599,False,0,213.0,11.0
14911,599,False,1,348.0,12.0
14912,599,False,2,652.0,13.0
14913,599,False,3,312.0,14.0
14914,599,False,4,1634.0,15.0
14915,599,False,5,2831.0,16.0
14916,599,False,6,482.0,17.0
14917,599,False,7,180.0,18.0
14918,599,False,8,60.0,19.0
14919,599,False,9,32.0,20.0
14920,599,False,10,90.0,21.0
14921,599,False,11,68.0,22.0
14922,599,False,12,137.0,23.0
14923,599,False,13,128.0,24.0
14924,599,True,-14,0.0,-3.0
14925,599,True,-13,0.0,-2.0
14926,599,True,-12,0.0,-1.0
14927,599,True,-11,12.0,0.0
14928,599,True,-10,57.0,1.0
14929,599,True,-9,58.0,2.0
14930,599,True,-8,110.0,3.0
14931,599,True,-7,135.0,4.0
14932,599,True,-6,44.0,5.0
14933,599,True,-5,38.0,6.0
14934,599,True,-4,79.0,7.0
14935,599,True,-3,84.0,8.0
14936,599,True,-2,62.0,9.0
14937,599,True,-1,307.0,10.0
14938,599,True,0,114.0,11.0
14939,599,True,1,151.0,12.0
14940,599,True,2,263.0,13.0
14941,599,True,3,130.0,14.0
14942,599,True,4,407.0,15.0
14943,599,True,5,594.0,16.0
14944,599,True,6,108.0,17.0
14945,599,True,7,56.0,18.0
14946,599,True,8,12.0,19.0
14947,599,True,9,12.0,20.0
14948,599,True,10,27.0,21.0
14949,599,True,11,18.0,22.0
14950,599,True,12,40.0,23.0
14951,599,True,13,34.0,24.0
14952,601,False,-14,50.0,25.0
14953,601,False,-13,45.0,26.0
14954,601,False,-12,29.0,27.0
14955,601,False,-11,43.0,28.0
14956,601,False,-10,61.0,29.0
14957,601,False,-9,38.0,30.0
14958,601,False,-8,40.0,31.0
14959,601,False,-7,34.0,32.0
14960,601,False,-6,37.0,33.0
14961,601,False,-5,37.0,34.0
14962,601,False,-4,33.0,35.0
14963,601,False,-3,37.0,36.0
14964,601,False,-2,34.0,37.0
14965,601,False,-1,28.0,38.0
14966,601,False,0,18.0,39.0
14967,601,False,1,128.0,40.0
14968,601,False,2,455.0,41.0
14969,601,False,3,62.0,42.0
14970,601,False,4,48.0,43.0
14971,601,False,5,49.0,44.0
14972,601,False,6,24.0,45.0
14973,601,False,7,31.0,46.0
14974,601,False,8,26.0,47.0
14975,601,False,9,25.0,48.0
14976,601,False,10,36.0,49.0
14977,601,False,11,72.0,50.0
14978,601,False,12,38.0,51.0
14979,601,False,13,45.0,52.0
14980,601,True,-14,7.0,25.0
14981,601,True,-13,6.0,26.0
14982,601,True,-12,7.0,27.0
14983,601,True,-11,10.0,28.0
14984,601,True,-10,10.0,29.0
14985,601,True,-9,6.0,30.0
14986,601,True,-8,8.0,31.0
14987,601,True,-7,6.0,32.0
14988,601,True,-6,8.0,33.0
14989,601,True,-5,10.0,34.0
14990,601,True,-4,4.0,35.0
14991,601,True,-3,3.0,36.0
14992,601,True,-2,11.0,37.0
14993,601,True,-1,6.0,38.0
14994,601,True,0,11.0,39.0
14995,601,True,1,48.0,40.0
14996,601,True,2,181.0,41.0
14997,601,True,3,21.0,42.0
14998,601,True,4,14.0,43.0
14999,601,True,5,10.0,44.0
15000,601,True,6,4.0,45.0
15001,601,True,7,7.0,46.0
15002,601,True,8,5.0,47.0
15003,601,True,9,3.0,48.0
15004,601,True,10,15.0,49.0
15005,601,True,11,23.0,50.0
15006,601,True,12,15.0,51.0
15007,601,True,13,19.0,52.0
15008,604,False,-14,0.0,57.0
15009,604,False,-13,0.0,58.0
15010,604,False,-12,0.0,59.0
15011,604,False,-11,0.0,60.0
15012,604,False,-10,0.0,61.0
15013,604,False,-9,0.0,62.0
15014,604,False,-8,0.0,63.0
15015,604,False,-7,0.0,64.0
15016,604,False,-6,0.0,65.0
15017,604,False,-5,0.0,66.0
15018,604,False,-4,0.0,67.0
15019,604,False,-3,0.0,68.0
15020,604,False,-2,0.0,69.0
15021,604,False,-1,0.0,70.0
15022,604,False,0,0.0,71.0
15023,604,False,1,0.0,72.0
15024,604,False,2,0.0,73.0
15025,604,False,3,0.0,74.0
15026,604,False,4,0.0,75.0
15027,604,False,5,0.0,76.0
15028,604,False,6,0.0,77.0
15029,604,False,7,1.0,78.0
15030,604,False,8,0.0,79.0
15031,604,False,9,0.0,80.0
15032,604,False,10,0.0,81.0
15033,604,False,11,0.0,82.0
15034,604,False,12,0.0,83.0
15035,604,False,13,0.0,84.0
15036,604,True,-14,0.0,57.0
15037,604,True,-13,0.0,58.0
15038,604,True,-12,0.0,59.0
15039,604,True,-11,0.0,60.0
15040,604,True,-10,0.0,61.0
15041,604,True,-9,0.0,62.0
15042,604,True,-8,0.0,63.0
15043,604,True,-7,0.0,64.0
15044,604,True,-6,0.0,65.0
15045,604,True,-5,0.0,66.0
15046,604,True,-4,0.0,67.0
15047,604,True,-3,0.0,68.0
15048,604,True,-2,0.0,69.0
15049,604,True,-1,0.0,70.0
15050,604,True,0,2.0,71.0
15051,604,True,1,0.0,72.0
15052,604,True,2,0.0,73.0
15053,604,True,3,0.0,74.0
15054,604,True,4,0.0,75.0
15055,604,True,5,0.0,76.0
15056,604,True,6,0.0,77.0
15057,604,True,7,0.0,78.0
15058,604,True,8,0.0,79.0
15059,604,True,9,0.0,80.0
15060,604,True,10,0.0,81.0
15061,604,True,11,0.0,82.0
15062,604,True,12,0.0,83.0
15063,604,True,13,1.0,84.0
15064,605,False,-14,2.0,248.0
15065,605,False,-13,2.0,249.0
15066,605,False,-12,0.0,250.0
15067,605,False,-11,2.0,251.0
15068,605,False,-10,7.0,252.0
15069,605,False,-9,2.0,253.0
15070,605,False,-8,0.0,254.0
15071,605,False,-7,0.0,255.0
15072,605,False,-6,0.0,256.0
15073,605,False,-5,0.0,257.0
15074,605,False,-4,7.0,258.0
15075,605,False,-3,2.0,259.0
15076,605,False,-2,0.0,260.0
15077,605,False,-1,1.0,261.0
15078,605,False,0,0.0,262.0
15079,605,False,1,0.0,263.0
15080,605,False,2,1.0,264.0
15081,605,False,3,0.0,265.0
15082,605,False,4,1.0,266.0
15083,605,False,5,0.0,267.0
15084,605,False,6,0.0,268.0
15085,605,False,7,0.0,269.0
15086,605,False,8,0.0,270.0
15087,605,False,9,0.0,271.0
15088,605,False,10,0.0,272.0
15089,605,False,11,0.0,273.0
15090,605,False,12,0.0,274.0
15091,605,False,13,1.0,275.0
15092,605,True,-14,0.0,248.0
15093,605,True,-13,1.0,249.0
15094,605,True,-12,1.0,250.0
15095,605,True,-11,0.0,251.0
15096,605,True,-10,4.0,252.0
15097,605,True,-9,0.0,253.0
15098,605,True,-8,2.0,254.0
15099,605,True,-7,0.0,255.0
15100,605,True,-6,0.0,256.0
15101,605,True,-5,1.0,257.0
15102,605,True,-4,5.0,258.0
15103,605,True,-3,2.0,259.0
15104,605,True,-2,1.0,260.0
15105,605,True,-1,1.0,261.0
15106,605,True,0,0.0,262.0
15107,605,True,1,0.0,263.0
15108,605,True,2,1.0,264.0
15109,605,True,3,0.0,265.0
15110,605,True,4,1.0,266.0
15111,605,True,5,1.0,267.0
15112,605,True,6,0.0,268.0
15113,605,True,7,0.0,269.0
15114,605,True,8,0.0,270.0
15115,605,True,9,0.0,271.0
15116,605,True,10,0.0,272.0
15117,605,True,11,0.0,273.0
15118,605,True,12,0.0,274.0
15119,605,True,13,0.0,275.0
15120,606,False,-14,0.0,222.0
15121,606,False,-13,0.0,223.0
15122,606,False,-12,0.0,224.0
15123,606,False,-11,0.0,225.0
15124,606,False,-10,0.0,226.0
15125,606,False,-9,0.0,227.0
15126,606,False,-8,0.0,228.0
15127,606,False,-7,0.0,229.0
15128,606,False,-6,0.0,230.0
15129,606,False,-5,0.0,231.0
15130,606,False,-4,0.0,232.0
15131,606,False,-3,0.0,233.0
15132,606,False,-2,0.0,234.0
15133,606,False,-1,2.0,235.0
15134,606,False,0,1.0,236.0
15135,606,False,1,1.0,237.0
15136,606,False,2,0.0,238.0
15137,606,False,3,0.0,239.0
15138,606,False,4,1.0,240.0
15139,606,False,5,0.0,241.0
15140,606,False,6,1.0,242.0
15141,606,False,7,0.0,243.0
15142,606,False,8,0.0,244.0
15143,606,False,9,0.0,245.0
15144,606,False,10,0.0,246.0
15145,606,False,11,0.0,247.0
15146,606,False,12,1.0,248.0
15147,606,False,13,0.0,249.0
15148,606,True,-14,0.0,222.0
15149,606,True,-13,0.0,223.0
15150,606,True,-12,0.0,224.0
15151,606,True,-11,0.0,225.0
15152,606,True,-10,0.0,226.0
15153,606,True,-9,0.0,227.0
15154,606,True,-8,0.0,228.0
15155,606,True,-7,0.0,229.0
15156,606,True,-6,0.0,230.0
15157,606,True,-5,0.0,231.0
15158,606,True,-4,0.0,232.0
15159,606,True,-3,0.0,233.0
15160,606,True,-2,0.0,234.0
15161,606,True,-1,0.0,235.0
15162,606,True,0,1.0,236.0
15163,606,True,1,0.0,237.0
15164,606,True,2,0.0,238.0
15165,606,True,3,0.0,239.0
15166,606,True,4,0.0,240.0
15167,606,True,5,0.0,241.0
15168,606,True,6,0.0,242.0
15169,606,True,7,0.0,243.0
15170,606,True,8,0.0,244.0
15171,606,True,9,0.0,245.0
15172,606,True,10,0.0,246.0
15173,606,True,11,0.0,247.0
15174,606,True,12,0.0,248.0
15175,606,True,13,0.0,249.0
15176,608,False,-14,12.0,246.0
15177,608,False,-13,1.0,247.0
15178,608,False,-12,5.0,248.0
15179,608,False,-11,1.0,249.0
15180,608,False,-10,4.0,250.0
15181,608,False,-9,4.0,251.0
15182,608,False,-8,2.0,252.0
15183,608,False,-7,6.0,253.0
15184,608,False,-6,4.0,254.0
15185,608,False,-5,2.0,255.0
15186,608,False,-4,6.0,256.0
15187,608,False,-3,7.0,257.0
15188,608,False,-2,4.0,258.0
15189,608,False,-1,43.0,259.0
15190,608,False,0,59.0,260.0
15191,608,False,1,8.0,261.0
15192,608,False,2,3.0,262.0
15193,608,False,3,7.0,263.0
15194,608,False,4,4.0,264.0
15195,608,False,5,4.0,265.0
15196,608,False,6,5.0,266.0
15197,608,False,7,6.0,267.0
15198,608,False,8,3.0,268.0
15199,608,False,9,5.0,269.0
15200,608,False,10,4.0,270.0
15201,608,False,11,5.0,271.0
15202,608,False,12,3.0,272.0
15203,608,False,13,8.0,273.0
15204,608,True,-14,11.0,246.0
15205,608,True,-13,2.0,247.0
15206,608,True,-12,9.0,248.0
15207,608,True,-11,5.0,249.0
15208,608,True,-10,4.0,250.0
15209,608,True,-9,2.0,251.0
15210,608,True,-8,7.0,252.0
15211,608,True,-7,3.0,253.0
15212,608,True,-6,2.0,254.0
15213,608,True,-5,1.0,255.0
15214,608,True,-4,2.0,256.0
15215,608,True,-3,2.0,257.0
15216,608,True,-2,5.0,258.0
15217,608,True,-1,80.0,259.0
15218,608,True,0,65.0,260.0
15219,608,True,1,3.0,261.0
15220,608,True,2,1.0,262.0
15221,608,True,3,3.0,263.0
15222,608,True,4,6.0,264.0
15223,608,True,5,3.0,265.0
15224,608,True,6,1.0,266.0
15225,608,True,7,3.0,267.0
15226,608,True,8,0.0,268.0
15227,608,True,9,2.0,269.0
15228,608,True,10,5.0,270.0
15229,608,True,11,2.0,271.0
15230,608,True,12,2.0,272.0
15231,608,True,13,0.0,273.0
15232,610,False,-14,0.0,229.0
15233,610,False,-13,0.0,230.0
15234,610,False,-12,0.0,231.0
15235,610,False,-11,0.0,232.0
15236,610,False,-10,0.0,233.0
15237,610,False,-9,0.0,234.0
15238,610,False,-8,0.0,235.0
15239,610,False,-7,0.0,236.0
15240,610,False,-6,0.0,237.0
15241,610,False,-5,0.0,238.0
15242,610,False,-4,0.0,239.0
15243,610,False,-3,1.0,240.0
15244,610,False,-2,0.0,241.0
15245,610,False,-1,0.0,242.0
15246,610,False,0,0.0,243.0
15247,610,False,1,0.0,244.0
15248,610,False,2,0.0,245.0
15249,610,False,3,2.0,246.0
15250,610,False,4,0.0,247.0
15251,610,False,5,0.0,248.0
15252,610,False,6,0.0,249.0
15253,610,False,7,0.0,250.0
15254,610,False,8,0.0,251.0
15255,610,False,9,0.0,252.0
15256,610,False,10,0.0,253.0
15257,610,False,11,0.0,254.0
15258,610,False,12,1.0,255.0
15259,610,False,13,0.0,256.0
15260,610,True,-14,0.0,229.0
15261,610,True,-13,0.0,230.0
15262,610,True,-12,0.0,231.0
15263,610,True,-11,0.0,232.0
15264,610,True,-10,0.0,233.0
15265,610,True,-9,1.0,234.0
15266,610,True,-8,0.0,235.0
15267,610,True,-7,0.0,236.0
15268,610,True,-6,0.0,237.0
15269,610,True,-5,0.0,238.0
15270,610,True,-4,0.0,239.0
15271,610,True,-3,0.0,240.0
15272,610,True,-2,0.0,241.0
15273,610,True,-1,0.0,242.0
15274,610,True,0,0.0,243.0
15275,610,True,1,0.0,244.0
15276,610,True,2,0.0,245.0
15277,610,True,3,0.0,246.0
15278,610,True,4,0.0,247.0
15279,610,True,5,0.0,248.0
15280,610,True,6,0.0,249.0
15281,610,True,7,0.0,250.0
15282,610,True,8,0.0,251.0
15283,610,True,9,0.0,252.0
15284,610,True,10,0.0,253.0
15285,610,True,11,0.0,254.0
15286,610,True,12,0.0,255.0
15287,610,True,13,0.0,256.0
15288,611,False,-14,55.0,82.0
15289,611,False,-13,49.0,83.0
15290,611,False,-12,26.0,84.0
15291,611,False,-11,233.0,85.0
15292,611,False,-10,426.0,86.0
15293,611,False,-9,99.0,87.0
15294,611,False,-8,57.0,88.0
15295,611,False,-7,31.0,89.0
15296,611,False,-6,36.0,90.0
15297,611,False,-5,52.0,91.0
15298,611,False,-4,164.0,92.0
15299,611,False,-3,72.0,93.0
15300,611,False,-2,22.0,94.0
15301,611,False,-1,83.0,95.0
15302,611,False,0,85.0,96.0
15303,611,False,1,15.0,97.0
15304,611,False,2,17.0,98.0
15305,611,False,3,15.0,99.0
15306,611,False,4,37.0,100.0
15307,611,False,5,7.0,101.0
15308,611,False,6,14.0,102.0
15309,611,False,7,15.0,103.0
15310,611,False,8,14.0,104.0
15311,611,False,9,19.0,105.0
15312,611,False,10,28.0,106.0
15313,611,False,11,18.0,107.0
15314,611,False,12,20.0,108.0
15315,611,False,13,21.0,109.0
15316,611,True,-14,6.0,82.0
15317,611,True,-13,6.0,83.0
15318,611,True,-12,5.0,84.0
15319,611,True,-11,35.0,85.0
15320,611,True,-10,106.0,86.0
15321,611,True,-9,21.0,87.0
15322,611,True,-8,17.0,88.0
15323,611,True,-7,7.0,89.0
15324,611,True,-6,3.0,90.0
15325,611,True,-5,11.0,91.0
15326,611,True,-4,25.0,92.0
15327,611,True,-3,19.0,93.0
15328,611,True,-2,5.0,94.0
15329,611,True,-1,37.0,95.0
15330,611,True,0,46.0,96.0
15331,611,True,1,6.0,97.0
15332,611,True,2,2.0,98.0
15333,611,True,3,1.0,99.0
15334,611,True,4,6.0,100.0
15335,611,True,5,2.0,101.0
15336,611,True,6,0.0,102.0
15337,611,True,7,2.0,103.0
15338,611,True,8,3.0,104.0
15339,611,True,9,6.0,105.0
15340,611,True,10,6.0,106.0
15341,611,True,11,3.0,107.0
15342,611,True,12,2.0,108.0
15343,611,True,13,0.0,109.0
15344,612,False,-14,0.0,-7.0
15345,612,False,-13,0.0,-6.0
15346,612,False,-12,1.0,-5.0
15347,612,False,-11,0.0,-4.0
15348,612,False,-10,2.0,-3.0
15349,612,False,-9,35.0,-2.0
15350,612,False,-8,1943.0,-1.0
15351,612,False,-7,2126.0,0.0
15352,612,False,-6,783.0,1.0
15353,612,False,-5,1193.0,2.0
15354,612,False,-4,2237.0,3.0
15355,612,False,-3,6420.0,4.0
15356,612,False,-2,26928.0,5.0
15357,612,False,-1,17891.0,6.0
15358,612,False,0,11737.0,7.0
15359,612,False,1,11164.0,8.0
15360,612,False,2,11624.0,9.0
15361,612,False,3,10036.0,10.0
15362,612,False,4,6512.0,11.0
15363,612,False,5,5758.0,12.0
15364,612,False,6,4144.0,13.0
15365,612,False,7,2593.0,14.0
15366,612,False,8,3257.0,15.0
15367,612,False,9,1955.0,16.0
15368,612,False,10,1392.0,17.0
15369,612,False,11,1556.0,18.0
15370,612,False,12,1343.0,19.0
15371,612,False,13,839.0,20.0
15372,612,True,-14,0.0,-7.0
15373,612,True,-13,0.0,-6.0
15374,612,True,-12,0.0,-5.0
15375,612,True,-11,0.0,-4.0
15376,612,True,-10,0.0,-3.0
15377,612,True,-9,0.0,-2.0
15378,612,True,-8,20.0,-1.0
15379,612,True,-7,296.0,0.0
15380,612,True,-6,140.0,1.0
15381,612,True,-5,206.0,2.0
15382,612,True,-4,304.0,3.0
15383,612,True,-3,316.0,4.0
15384,612,True,-2,891.0,5.0
15385,612,True,-1,832.0,6.0
15386,612,True,0,451.0,7.0
15387,612,True,1,201.0,8.0
15388,612,True,2,325.0,9.0
15389,612,True,3,571.0,10.0
15390,612,True,4,224.0,11.0
15391,612,True,5,111.0,12.0
15392,612,True,6,208.0,13.0
15393,612,True,7,41.0,14.0
15394,612,True,8,46.0,15.0
15395,612,True,9,35.0,16.0
15396,612,True,10,21.0,17.0
15397,612,True,11,18.0,18.0
15398,612,True,12,13.0,19.0
15399,612,True,13,7.0,20.0
15400,613,False,-14,16.0,59.0
15401,613,False,-13,10.0,60.0
15402,613,False,-12,10.0,61.0
15403,613,False,-11,11.0,62.0
15404,613,False,-10,22.0,63.0
15405,613,False,-9,10.0,64.0
15406,613,False,-8,24.0,65.0
15407,613,False,-7,12.0,66.0
15408,613,False,-6,8.0,67.0
15409,613,False,-5,17.0,68.0
15410,613,False,-4,13.0,69.0
15411,613,False,-3,10.0,70.0
15412,613,False,-2,22.0,71.0
15413,613,False,-1,27.0,72.0
15414,613,False,0,40.0,73.0
15415,613,False,1,18.0,74.0
15416,613,False,2,20.0,75.0
15417,613,False,3,27.0,76.0
15418,613,False,4,24.0,77.0
15419,613,False,5,22.0,78.0
15420,613,False,6,11.0,79.0
15421,613,False,7,17.0,80.0
15422,613,False,8,6.0,81.0
15423,613,False,9,4.0,82.0
15424,613,False,10,7.0,83.0
15425,613,False,11,9.0,84.0
15426,613,False,12,6.0,85.0
15427,613,False,13,9.0,86.0
15428,613,True,-14,3.0,59.0
15429,613,True,-13,1.0,60.0
15430,613,True,-12,1.0,61.0
15431,613,True,-11,1.0,62.0
15432,613,True,-10,2.0,63.0
15433,613,True,-9,4.0,64.0
15434,613,True,-8,9.0,65.0
15435,613,True,-7,2.0,66.0
15436,613,True,-6,1.0,67.0
15437,613,True,-5,2.0,68.0
15438,613,True,-4,1.0,69.0
15439,613,True,-3,4.0,70.0
15440,613,True,-2,4.0,71.0
15441,613,True,-1,1.0,72.0
15442,613,True,0,6.0,73.0
15443,613,True,1,5.0,74.0
15444,613,True,2,1.0,75.0
15445,613,True,3,11.0,76.0
15446,613,True,4,10.0,77.0
15447,613,True,5,4.0,78.0
15448,613,True,6,2.0,79.0
15449,613,True,7,5.0,80.0
15450,613,True,8,2.0,81.0
15451,613,True,9,4.0,82.0
15452,613,True,10,2.0,83.0
15453,613,True,11,2.0,84.0
15454,613,True,12,0.0,85.0
15455,613,True,13,0.0,86.0
15456,614,False,-14,2.0,141.0
15457,614,False,-13,1.0,142.0
15458,614,False,-12,4.0,143.0
15459,614,False,-11,8.0,144.0
15460,614,False,-10,4.0,145.0
15461,614,False,-9,2.0,146.0
15462,614,False,-8,2.0,147.0
15463,614,False,-7,7.0,148.0
15464,614,False,-6,8.0,149.0
15465,614,False,-5,8.0,150.0
15466,614,False,-4,2.0,151.0
15467,614,False,-3,2.0,152.0
15468,614,False,-2,3.0,153.0
15469,614,False,-1,4.0,154.0
15470,614,False,0,1.0,155.0
15471,614,False,1,2.0,156.0
15472,614,False,2,5.0,157.0
15473,614,False,3,3.0,158.0
15474,614,False,4,4.0,159.0
15475,614,False,5,5.0,160.0
15476,614,False,6,3.0,161.0
15477,614,False,7,5.0,162.0
15478,614,False,8,2.0,163.0
15479,614,False,9,1.0,164.0
15480,614,False,10,6.0,165.0
15481,614,False,11,7.0,166.0
15482,614,False,12,1.0,167.0
15483,614,False,13,1.0,168.0
15484,614,True,-14,2.0,141.0
15485,614,True,-13,2.0,142.0
15486,614,True,-12,2.0,143.0
15487,614,True,-11,1.0,144.0
15488,614,True,-10,2.0,145.0
15489,614,True,-9,2.0,146.0
15490,614,True,-8,1.0,147.0
15491,614,True,-7,1.0,148.0
15492,614,True,-6,3.0,149.0
15493,614,True,-5,2.0,150.0
15494,614,True,-4,1.0,151.0
15495,614,True,-3,2.0,152.0
15496,614,True,-2,0.0,153.0
15497,614,True,-1,1.0,154.0
15498,614,True,0,2.0,155.0
15499,614,True,1,1.0,156.0
15500,614,True,2,0.0,157.0
15501,614,True,3,2.0,158.0
15502,614,True,4,0.0,159.0
15503,614,True,5,3.0,160.0
15504,614,True,6,0.0,161.0
15505,614,True,7,0.0,162.0
15506,614,True,8,1.0,163.0
15507,614,True,9,1.0,164.0
15508,614,True,10,0.0,165.0
15509,614,True,11,0.0,166.0
15510,614,True,12,2.0,167.0
15511,614,True,13,1.0,168.0
15512,616,False,-14,0.0,72.0
15513,616,False,-13,0.0,73.0
15514,616,False,-12,0.0,74.0
15515,616,False,-11,0.0,75.0
15516,616,False,-10,0.0,76.0
15517,616,False,-9,0.0,77.0
15518,616,False,-8,0.0,78.0
15519,616,False,-7,0.0,79.0
15520,616,False,-6,0.0,80.0
15521,616,False,-5,0.0,81.0
15522,616,False,-4,0.0,82.0
15523,616,False,-3,0.0,83.0
15524,616,False,-2,0.0,84.0
15525,616,False,-1,3.0,85.0
15526,616,False,0,29.0,86.0
15527,616,False,1,2.0,87.0
15528,616,False,2,1.0,88.0
15529,616,False,3,1.0,89.0
15530,616,False,4,1.0,90.0
15531,616,False,5,0.0,91.0
15532,616,False,6,0.0,92.0
15533,616,False,7,0.0,93.0
15534,616,False,8,0.0,94.0
15535,616,False,9,1.0,95.0
15536,616,False,10,0.0,96.0
15537,616,False,11,1.0,97.0
15538,616,False,12,0.0,98.0
15539,616,False,13,0.0,99.0
15540,616,True,-14,0.0,72.0
15541,616,True,-13,0.0,73.0
15542,616,True,-12,0.0,74.0
15543,616,True,-11,0.0,75.0
15544,616,True,-10,0.0,76.0
15545,616,True,-9,0.0,77.0
15546,616,True,-8,0.0,78.0
15547,616,True,-7,0.0,79.0
15548,616,True,-6,0.0,80.0
15549,616,True,-5,0.0,81.0
15550,616,True,-4,0.0,82.0
15551,616,True,-3,0.0,83.0
15552,616,True,-2,0.0,84.0
15553,616,True,-1,2.0,85.0
15554,616,True,0,14.0,86.0
15555,616,True,1,1.0,87.0
15556,616,True,2,0.0,88.0
15557,616,True,3,0.0,89.0
15558,616,True,4,0.0,90.0
15559,616,True,5,0.0,91.0
15560,616,True,6,0.0,92.0
15561,616,True,7,0.0,93.0
15562,616,True,8,1.0,94.0
15563,616,True,9,0.0,95.0
15564,616,True,10,0.0,96.0
15565,616,True,11,0.0,97.0
15566,616,True,12,0.0,98.0
15567,616,True,13,0.0,99.0
15568,619,False,-14,3754.0,97.0
15569,619,False,-13,1658.0,98.0
15570,619,False,-12,1432.0,99.0
15571,619,False,-11,933.0,100.0
15572,619,False,-10,1108.0,101.0
15573,619,False,-9,1882.0,102.0
15574,619,False,-8,923.0,103.0
15575,619,False,-7,941.0,104.0
15576,619,False,-6,2907.0,105.0
15577,619,False,-5,2413.0,106.0
15578,619,False,-4,4390.0,107.0
15579,619,False,-3,5895.0,108.0
15580,619,False,-2,3547.0,109.0
15581,619,False,-1,2063.0,110.0
15582,619,False,0,4048.0,111.0
15583,619,False,1,3287.0,112.0
15584,619,False,2,3911.0,113.0
15585,619,False,3,3303.0,114.0
15586,619,False,4,2126.0,115.0
15587,619,False,5,1699.0,116.0
15588,619,False,6,1263.0,117.0
15589,619,False,7,726.0,118.0
15590,619,False,8,1362.0,119.0
15591,619,False,9,1652.0,120.0
15592,619,False,10,1763.0,121.0
15593,619,False,11,1767.0,122.0
15594,619,False,12,2483.0,123.0
15595,619,False,13,1376.0,124.0
15596,619,True,-14,234.0,97.0
15597,619,True,-13,64.0,98.0
15598,619,True,-12,62.0,99.0
15599,619,True,-11,49.0,100.0
15600,619,True,-10,38.0,101.0
15601,619,True,-9,55.0,102.0
15602,619,True,-8,35.0,103.0
15603,619,True,-7,47.0,104.0
15604,619,True,-6,74.0,105.0
15605,619,True,-5,84.0,106.0
15606,619,True,-4,254.0,107.0
15607,619,True,-3,255.0,108.0
15608,619,True,-2,136.0,109.0
15609,619,True,-1,84.0,110.0
15610,619,True,0,260.0,111.0
15611,619,True,1,96.0,112.0
15612,619,True,2,118.0,113.0
15613,619,True,3,164.0,114.0
15614,619,True,4,62.0,115.0
15615,619,True,5,50.0,116.0
15616,619,True,6,35.0,117.0
15617,619,True,7,29.0,118.0
15618,619,True,8,32.0,119.0
15619,619,True,9,42.0,120.0
15620,619,True,10,37.0,121.0
15621,619,True,11,49.0,122.0
15622,619,True,12,122.0,123.0
15623,619,True,13,51.0,124.0
15624,620,False,-14,46.0,9.0
15625,620,False,-13,34.0,10.0
15626,620,False,-12,19.0,11.0
15627,620,False,-11,16.0,12.0
15628,620,False,-10,7.0,13.0
15629,620,False,-9,41.0,14.0
15630,620,False,-8,48.0,15.0
15631,620,False,-7,7.0,16.0
15632,620,False,-6,6.0,17.0
15633,620,False,-5,8.0,18.0
15634,620,False,-4,2.0,19.0
15635,620,False,-3,2.0,20.0
15636,620,False,-2,2.0,21.0
15637,620,False,-1,4.0,22.0
15638,620,False,0,109.0,23.0
15639,620,False,1,14.0,24.0
15640,620,False,2,5.0,25.0
15641,620,False,3,2.0,26.0
15642,620,False,4,5.0,27.0
15643,620,False,5,3.0,28.0
15644,620,False,6,2.0,29.0
15645,620,False,7,4.0,30.0
15646,620,False,8,3.0,31.0
15647,620,False,9,0.0,32.0
15648,620,False,10,0.0,33.0
15649,620,False,11,2.0,34.0
15650,620,False,12,1.0,35.0
15651,620,False,13,1.0,36.0
15652,620,True,-14,7.0,9.0
15653,620,True,-13,13.0,10.0
15654,620,True,-12,5.0,11.0
15655,620,True,-11,5.0,12.0
15656,620,True,-10,4.0,13.0
15657,620,True,-9,20.0,14.0
15658,620,True,-8,42.0,15.0
15659,620,True,-7,4.0,16.0
15660,620,True,-6,3.0,17.0
15661,620,True,-5,1.0,18.0
15662,620,True,-4,4.0,19.0
15663,620,True,-3,2.0,20.0
15664,620,True,-2,0.0,21.0
15665,620,True,-1,1.0,22.0
15666,620,True,0,104.0,23.0
15667,620,True,1,6.0,24.0
15668,620,True,2,1.0,25.0
15669,620,True,3,0.0,26.0
15670,620,True,4,0.0,27.0
15671,620,True,5,1.0,28.0
15672,620,True,6,1.0,29.0
15673,620,True,7,1.0,30.0
15674,620,True,8,2.0,31.0
15675,620,True,9,0.0,32.0
15676,620,True,10,1.0,33.0
15677,620,True,11,0.0,34.0
15678,620,True,12,1.0,35.0
15679,620,True,13,1.0,36.0
15680,621,False,-14,100.0,-9.0
15681,621,False,-13,87.0,-8.0
15682,621,False,-12,103.0,-7.0
15683,621,False,-11,91.0,-6.0
15684,621,False,-10,208.0,-5.0
15685,621,False,-9,324.0,-4.0
15686,621,False,-8,977.0,-3.0
15687,621,False,-7,2223.0,-2.0
15688,621,False,-6,2068.0,-1.0
15689,621,False,-5,2325.0,0.0
15690,621,False,-4,9660.0,1.0
15691,621,False,-3,13517.0,2.0
15692,621,False,-2,18082.0,3.0
15693,621,False,-1,27504.0,4.0
15694,621,False,0,96381.0,5.0
15695,621,False,1,86154.0,6.0
15696,621,False,2,64595.0,7.0
15697,621,False,3,56841.0,8.0
15698,621,False,4,32377.0,9.0
15699,621,False,5,25605.0,10.0
15700,621,False,6,55282.0,11.0
15701,621,False,7,30102.0,12.0
15702,621,False,8,30867.0,13.0
15703,621,False,9,13441.0,14.0
15704,621,False,10,28329.0,15.0
15705,621,False,11,15780.0,16.0
15706,621,False,12,17496.0,17.0
15707,621,False,13,11712.0,18.0
15708,621,True,-14,0.0,-9.0
15709,621,True,-13,0.0,-8.0
15710,621,True,-12,0.0,-7.0
15711,621,True,-11,0.0,-6.0
15712,621,True,-10,0.0,-5.0
15713,621,True,-9,0.0,-4.0
15714,621,True,-8,0.0,-3.0
15715,621,True,-7,0.0,-2.0
15716,621,True,-6,21.0,-1.0
15717,621,True,-5,199.0,0.0
15718,621,True,-4,1205.0,1.0
15719,621,True,-3,1051.0,2.0
15720,621,True,-2,901.0,3.0
15721,621,True,-1,946.0,4.0
15722,621,True,0,2017.0,5.0
15723,621,True,1,928.0,6.0
15724,621,True,2,823.0,7.0
15725,621,True,3,447.0,8.0
15726,621,True,4,239.0,9.0
15727,621,True,5,154.0,10.0
15728,621,True,6,206.0,11.0
15729,621,True,7,184.0,12.0
15730,621,True,8,139.0,13.0
15731,621,True,9,58.0,14.0
15732,621,True,10,41.0,15.0
15733,621,True,11,38.0,16.0
15734,621,True,12,59.0,17.0
15735,621,True,13,51.0,18.0
15736,622,False,-14,26.0,-1.0
15737,622,False,-13,28.0,0.0
15738,622,False,-12,36.0,1.0
15739,622,False,-11,30.0,2.0
15740,622,False,-10,33.0,3.0
15741,622,False,-9,35.0,4.0
15742,622,False,-8,28.0,5.0
15743,622,False,-7,27.0,6.0
15744,622,False,-6,44.0,7.0
15745,622,False,-5,45.0,8.0
15746,622,False,-4,21.0,9.0
15747,622,False,-3,19.0,10.0
15748,622,False,-2,22.0,11.0
15749,622,False,-1,6.0,12.0
15750,622,False,0,6.0,13.0
15751,622,False,1,6.0,14.0
15752,622,False,2,4.0,15.0
15753,622,False,3,7.0,16.0
15754,622,False,4,5.0,17.0
15755,622,False,5,5.0,18.0
15756,622,False,6,6.0,19.0
15757,622,False,7,7.0,20.0
15758,622,False,8,9.0,21.0
15759,622,False,9,7.0,22.0
15760,622,False,10,6.0,23.0
15761,622,False,11,4.0,24.0
15762,622,False,12,4.0,25.0
15763,622,False,13,1.0,26.0
15764,622,True,-14,6.0,-1.0
15765,622,True,-13,3.0,0.0
15766,622,True,-12,3.0,1.0
15767,622,True,-11,2.0,2.0
15768,622,True,-10,0.0,3.0
15769,622,True,-9,0.0,4.0
15770,622,True,-8,3.0,5.0
15771,622,True,-7,2.0,6.0
15772,622,True,-6,4.0,7.0
15773,622,True,-5,9.0,8.0
15774,622,True,-4,1.0,9.0
15775,622,True,-3,1.0,10.0
15776,622,True,-2,2.0,11.0
15777,622,True,-1,1.0,12.0
15778,622,True,0,2.0,13.0
15779,622,True,1,1.0,14.0
15780,622,True,2,2.0,15.0
15781,622,True,3,0.0,16.0
15782,622,True,4,1.0,17.0
15783,622,True,5,1.0,18.0
15784,622,True,6,0.0,19.0
15785,622,True,7,4.0,20.0
15786,622,True,8,0.0,21.0
15787,622,True,9,1.0,22.0
15788,622,True,10,2.0,23.0
15789,622,True,11,2.0,24.0
15790,622,True,12,0.0,25.0
15791,622,True,13,1.0,26.0
15792,623,False,-14,1806.0,52.0
15793,623,False,-13,843.0,53.0
15794,623,False,-12,597.0,54.0
15795,623,False,-11,1646.0,55.0
15796,623,False,-10,3783.0,56.0
15797,623,False,-9,4090.0,57.0
15798,623,False,-8,6969.0,58.0
15799,623,False,-7,22820.0,59.0
15800,623,False,-6,14291.0,60.0
15801,623,False,-5,9078.0,61.0
15802,623,False,-4,6595.0,62.0
15803,623,False,-3,6076.0,63.0
15804,623,False,-2,6736.0,64.0
15805,623,False,-1,4392.0,65.0
15806,623,False,0,6183.0,66.0
15807,623,False,1,9366.0,67.0
15808,623,False,2,5743.0,68.0
15809,623,False,3,13449.0,69.0
15810,623,False,4,22498.0,70.0
15811,623,False,5,31465.0,71.0
15812,623,False,6,27685.0,72.0
15813,623,False,7,19225.0,73.0
15814,623,False,8,26361.0,74.0
15815,623,False,9,11804.0,75.0
15816,623,False,10,12307.0,76.0
15817,623,False,11,27827.0,77.0
15818,623,False,12,21687.0,78.0
15819,623,False,13,9678.0,79.0
15820,623,True,-14,74.0,52.0
15821,623,True,-13,48.0,53.0
15822,623,True,-12,21.0,54.0
15823,623,True,-11,38.0,55.0
15824,623,True,-10,145.0,56.0
15825,623,True,-9,240.0,57.0
15826,623,True,-8,209.0,58.0
15827,623,True,-7,590.0,59.0
15828,623,True,-6,255.0,60.0
15829,623,True,-5,175.0,61.0
15830,623,True,-4,116.0,62.0
15831,623,True,-3,95.0,63.0
15832,623,True,-2,81.0,64.0
15833,623,True,-1,77.0,65.0
15834,623,True,0,105.0,66.0
15835,623,True,1,142.0,67.0
15836,623,True,2,79.0,68.0
15837,623,True,3,312.0,69.0
15838,623,True,4,306.0,70.0
15839,623,True,5,439.0,71.0
15840,623,True,6,240.0,72.0
15841,623,True,7,143.0,73.0
15842,623,True,8,299.0,74.0
15843,623,True,9,137.0,75.0
15844,623,True,10,113.0,76.0
15845,623,True,11,287.0,77.0
15846,623,True,12,193.0,78.0
15847,623,True,13,82.0,79.0
15848,624,False,-14,0.0,138.0
15849,624,False,-13,0.0,139.0
15850,624,False,-12,0.0,140.0
15851,624,False,-11,0.0,141.0
15852,624,False,-10,0.0,142.0
15853,624,False,-9,0.0,143.0
15854,624,False,-8,0.0,144.0
15855,624,False,-7,0.0,145.0
15856,624,False,-6,0.0,146.0
15857,624,False,-5,0.0,147.0
15858,624,False,-4,0.0,148.0
15859,624,False,-3,0.0,149.0
15860,624,False,-2,0.0,150.0
15861,624,False,-1,635.0,151.0
15862,624,False,0,168.0,152.0
15863,624,False,1,5.0,153.0
15864,624,False,2,7.0,154.0
15865,624,False,3,2.0,155.0
15866,624,False,4,0.0,156.0
15867,624,False,5,1.0,157.0
15868,624,False,6,0.0,158.0
15869,624,False,7,1.0,159.0
15870,624,False,8,0.0,160.0
15871,624,False,9,0.0,161.0
15872,624,False,10,1.0,162.0
15873,624,False,11,1.0,163.0
15874,624,False,12,2.0,164.0
15875,624,False,13,1.0,165.0
15876,624,True,-14,0.0,138.0
15877,624,True,-13,0.0,139.0
15878,624,True,-12,0.0,140.0
15879,624,True,-11,0.0,141.0
15880,624,True,-10,0.0,142.0
15881,624,True,-9,0.0,143.0
15882,624,True,-8,0.0,144.0
15883,624,True,-7,0.0,145.0
15884,624,True,-6,0.0,146.0
15885,624,True,-5,0.0,147.0
15886,624,True,-4,0.0,148.0
15887,624,True,-3,0.0,149.0
15888,624,True,-2,0.0,150.0
15889,624,True,-1,1531.0,151.0
15890,624,True,0,285.0,152.0
15891,624,True,1,21.0,153.0
15892,624,True,2,10.0,154.0
15893,624,True,3,5.0,155.0
15894,624,True,4,3.0,156.0
15895,624,True,5,2.0,157.0
15896,624,True,6,2.0,158.0
15897,624,True,7,0.0,159.0
15898,624,True,8,0.0,160.0
15899,624,True,9,1.0,161.0
15900,624,True,10,4.0,162.0
15901,624,True,11,5.0,163.0
15902,624,True,12,1.0,164.0
15903,624,True,13,1.0,165.0
15904,626,False,-14,0.0,278.0
15905,626,False,-13,0.0,279.0
15906,626,False,-12,0.0,280.0
15907,626,False,-11,0.0,281.0
15908,626,False,-10,0.0,282.0
15909,626,False,-9,1.0,283.0
15910,626,False,-8,1.0,284.0
15911,626,False,-7,0.0,285.0
15912,626,False,-6,1.0,286.0
15913,626,False,-5,0.0,287.0
15914,626,False,-4,0.0,288.0
15915,626,False,-3,1.0,289.0
15916,626,False,-2,0.0,290.0
15917,626,False,-1,0.0,291.0
15918,626,False,0,2.0,292.0
15919,626,False,1,0.0,293.0
15920,626,False,2,0.0,294.0
15921,626,False,3,1.0,295.0
15922,626,False,4,0.0,296.0
15923,626,False,5,0.0,297.0
15924,626,False,6,0.0,298.0
15925,626,False,7,0.0,299.0
15926,626,False,8,0.0,300.0
15927,626,False,9,1.0,301.0
15928,626,False,10,0.0,302.0
15929,626,False,11,0.0,303.0
15930,626,False,12,0.0,304.0
15931,626,False,13,1.0,305.0
15932,626,True,-14,0.0,278.0
15933,626,True,-13,0.0,279.0
15934,626,True,-12,0.0,280.0
15935,626,True,-11,1.0,281.0
15936,626,True,-10,0.0,282.0
15937,626,True,-9,0.0,283.0
15938,626,True,-8,0.0,284.0
15939,626,True,-7,0.0,285.0
15940,626,True,-6,0.0,286.0
15941,626,True,-5,1.0,287.0
15942,626,True,-4,0.0,288.0
15943,626,True,-3,0.0,289.0
15944,626,True,-2,0.0,290.0
15945,626,True,-1,0.0,291.0
15946,626,True,0,2.0,292.0
15947,626,True,1,1.0,293.0
15948,626,True,2,0.0,294.0
15949,626,True,3,0.0,295.0
15950,626,True,4,0.0,296.0
15951,626,True,5,0.0,297.0
15952,626,True,6,0.0,298.0
15953,626,True,7,0.0,299.0
15954,626,True,8,1.0,300.0
15955,626,True,9,0.0,301.0
15956,626,True,10,0.0,302.0
15957,626,True,11,0.0,303.0
15958,626,True,12,0.0,304.0
15959,626,True,13,0.0,305.0
15960,627,False,-14,285.0,111.0
15961,627,False,-13,231.0,112.0
15962,627,False,-12,160.0,113.0
15963,627,False,-11,153.0,114.0
15964,627,False,-10,184.0,115.0
15965,627,False,-9,159.0,116.0
15966,627,False,-8,121.0,117.0
15967,627,False,-7,116.0,118.0
15968,627,False,-6,129.0,119.0
15969,627,False,-5,558.0,120.0
15970,627,False,-4,255.0,121.0
15971,627,False,-3,273.0,122.0
15972,627,False,-2,165.0,123.0
15973,627,False,-1,170.0,124.0
15974,627,False,0,182.0,125.0
15975,627,False,1,134.0,126.0
15976,627,False,2,149.0,127.0
15977,627,False,3,148.0,128.0
15978,627,False,4,235.0,129.0
15979,627,False,5,187.0,130.0
15980,627,False,6,124.0,131.0
15981,627,False,7,113.0,132.0
15982,627,False,8,95.0,133.0
15983,627,False,9,108.0,134.0
15984,627,False,10,139.0,135.0
15985,627,False,11,118.0,136.0
15986,627,False,12,137.0,137.0
15987,627,False,13,226.0,138.0
15988,627,True,-14,20.0,111.0
15989,627,True,-13,27.0,112.0
15990,627,True,-12,13.0,113.0
15991,627,True,-11,17.0,114.0
15992,627,True,-10,21.0,115.0
15993,627,True,-9,30.0,116.0
15994,627,True,-8,15.0,117.0
15995,627,True,-7,20.0,118.0
15996,627,True,-6,24.0,119.0
15997,627,True,-5,211.0,120.0
15998,627,True,-4,31.0,121.0
15999,627,True,-3,39.0,122.0
16000,627,True,-2,24.0,123.0
16001,627,True,-1,18.0,124.0
16002,627,True,0,34.0,125.0
16003,627,True,1,28.0,126.0
16004,627,True,2,34.0,127.0
16005,627,True,3,22.0,128.0
16006,627,True,4,77.0,129.0
16007,627,True,5,61.0,130.0
16008,627,True,6,19.0,131.0
16009,627,True,7,20.0,132.0
16010,627,True,8,5.0,133.0
16011,627,True,9,11.0,134.0
16012,627,True,10,27.0,135.0
16013,627,True,11,20.0,136.0
16014,627,True,12,20.0,137.0
16015,627,True,13,56.0,138.0
16016,629,False,-14,0.0,62.0
16017,629,False,-13,0.0,63.0
16018,629,False,-12,0.0,64.0
16019,629,False,-11,0.0,65.0
16020,629,False,-10,0.0,66.0
16021,629,False,-9,0.0,67.0
16022,629,False,-8,3.0,68.0
16023,629,False,-7,4.0,69.0
16024,629,False,-6,11.0,70.0
16025,629,False,-5,8.0,71.0
16026,629,False,-4,3.0,72.0
16027,629,False,-3,6.0,73.0
16028,629,False,-2,5.0,74.0
16029,629,False,-1,12.0,75.0
16030,629,False,0,9.0,76.0
16031,629,False,1,0.0,77.0
16032,629,False,2,0.0,78.0
16033,629,False,3,0.0,79.0
16034,629,False,4,0.0,80.0
16035,629,False,5,0.0,81.0
16036,629,False,6,0.0,82.0
16037,629,False,7,0.0,83.0
16038,629,False,8,0.0,84.0
16039,629,False,9,0.0,85.0
16040,629,False,10,0.0,86.0
16041,629,False,11,0.0,87.0
16042,629,False,12,0.0,88.0
16043,629,False,13,0.0,89.0
16044,629,True,-14,0.0,62.0
16045,629,True,-13,0.0,63.0
16046,629,True,-12,0.0,64.0
16047,629,True,-11,0.0,65.0
16048,629,True,-10,0.0,66.0
16049,629,True,-9,0.0,67.0
16050,629,True,-8,0.0,68.0
16051,629,True,-7,3.0,69.0
16052,629,True,-6,0.0,70.0
16053,629,True,-5,3.0,71.0
16054,629,True,-4,1.0,72.0
16055,629,True,-3,0.0,73.0
16056,629,True,-2,1.0,74.0
16057,629,True,-1,0.0,75.0
16058,629,True,0,6.0,76.0
16059,629,True,1,0.0,77.0
16060,629,True,2,0.0,78.0
16061,629,True,3,0.0,79.0
16062,629,True,4,0.0,80.0
16063,629,True,5,0.0,81.0
16064,629,True,6,0.0,82.0
16065,629,True,7,0.0,83.0
16066,629,True,8,0.0,84.0
16067,629,True,9,0.0,85.0
16068,629,True,10,0.0,86.0
16069,629,True,11,0.0,87.0
16070,629,True,12,0.0,88.0
16071,629,True,13,0.0,89.0
16072,630,False,-14,0.0,-5.0
16073,630,False,-13,0.0,-4.0
16074,630,False,-12,0.0,-3.0
16075,630,False,-11,0.0,-2.0
16076,630,False,-10,0.0,-1.0
16077,630,False,-9,1.0,0.0
16078,630,False,-8,0.0,1.0
16079,630,False,-7,2.0,2.0
16080,630,False,-6,0.0,3.0
16081,630,False,-5,1.0,4.0
16082,630,False,-4,0.0,5.0
16083,630,False,-3,1.0,6.0
16084,630,False,-2,2.0,7.0
16085,630,False,-1,0.0,8.0
16086,630,False,0,1.0,9.0
16087,630,False,1,3.0,10.0
16088,630,False,2,0.0,11.0
16089,630,False,3,2.0,12.0
16090,630,False,4,1.0,13.0
16091,630,False,5,3.0,14.0
16092,630,False,6,4.0,15.0
16093,630,False,7,0.0,16.0
16094,630,False,8,1.0,17.0
16095,630,False,9,3.0,18.0
16096,630,False,10,5.0,19.0
16097,630,False,11,3.0,20.0
16098,630,False,12,3.0,21.0
16099,630,False,13,3.0,22.0
16100,630,True,-14,0.0,-5.0
16101,630,True,-13,0.0,-4.0
16102,630,True,-12,0.0,-3.0
16103,630,True,-11,0.0,-2.0
16104,630,True,-10,0.0,-1.0
16105,630,True,-9,0.0,0.0
16106,630,True,-8,0.0,1.0
16107,630,True,-7,0.0,2.0
16108,630,True,-6,0.0,3.0
16109,630,True,-5,0.0,4.0
16110,630,True,-4,0.0,5.0
16111,630,True,-3,0.0,6.0
16112,630,True,-2,1.0,7.0
16113,630,True,-1,1.0,8.0
16114,630,True,0,3.0,9.0
16115,630,True,1,0.0,10.0
16116,630,True,2,0.0,11.0
16117,630,True,3,0.0,12.0
16118,630,True,4,0.0,13.0
16119,630,True,5,0.0,14.0
16120,630,True,6,1.0,15.0
16121,630,True,7,0.0,16.0
16122,630,True,8,0.0,17.0
16123,630,True,9,0.0,18.0
16124,630,True,10,2.0,19.0
16125,630,True,11,1.0,20.0
16126,630,True,12,0.0,21.0
16127,630,True,13,0.0,22.0
16128,631,False,-14,0.0,185.0
16129,631,False,-13,0.0,186.0
16130,631,False,-12,0.0,187.0
16131,631,False,-11,1.0,188.0
16132,631,False,-10,0.0,189.0
16133,631,False,-9,0.0,190.0
16134,631,False,-8,0.0,191.0
16135,631,False,-7,0.0,192.0
16136,631,False,-6,1.0,193.0
16137,631,False,-5,0.0,194.0
16138,631,False,-4,0.0,195.0
16139,631,False,-3,0.0,196.0
16140,631,False,-2,0.0,197.0
16141,631,False,-1,1.0,198.0
16142,631,False,0,0.0,199.0
16143,631,False,1,0.0,200.0
16144,631,False,2,1.0,201.0
16145,631,False,3,0.0,202.0
16146,631,False,4,1.0,203.0
16147,631,False,5,0.0,204.0
16148,631,False,6,0.0,205.0
16149,631,False,7,0.0,206.0
16150,631,False,8,0.0,207.0
16151,631,False,9,1.0,208.0
16152,631,False,10,0.0,209.0
16153,631,False,11,1.0,210.0
16154,631,False,12,0.0,211.0
16155,631,False,13,1.0,212.0
16156,631,True,-14,0.0,185.0
16157,631,True,-13,0.0,186.0
16158,631,True,-12,0.0,187.0
16159,631,True,-11,0.0,188.0
16160,631,True,-10,0.0,189.0
16161,631,True,-9,0.0,190.0
16162,631,True,-8,0.0,191.0
16163,631,True,-7,0.0,192.0
16164,631,True,-6,1.0,193.0
16165,631,True,-5,0.0,194.0
16166,631,True,-4,0.0,195.0
16167,631,True,-3,0.0,196.0
16168,631,True,-2,0.0,197.0
16169,631,True,-1,1.0,198.0
16170,631,True,0,0.0,199.0
16171,631,True,1,0.0,200.0
16172,631,True,2,1.0,201.0
16173,631,True,3,1.0,202.0
16174,631,True,4,0.0,203.0
16175,631,True,5,0.0,204.0
16176,631,True,6,0.0,205.0
16177,631,True,7,0.0,206.0
16178,631,True,8,0.0,207.0
16179,631,True,9,0.0,208.0
16180,631,True,10,0.0,209.0
16181,631,True,11,2.0,210.0
16182,631,True,12,0.0,211.0
16183,631,True,13,1.0,212.0
16184,632,False,-14,0.0,117.0
16185,632,False,-13,1.0,118.0
16186,632,False,-12,1.0,119.0
16187,632,False,-11,1.0,120.0
16188,632,False,-10,0.0,121.0
16189,632,False,-9,0.0,122.0
16190,632,False,-8,0.0,123.0
16191,632,False,-7,0.0,124.0
16192,632,False,-6,2.0,125.0
16193,632,False,-5,1.0,126.0
16194,632,False,-4,1.0,127.0
16195,632,False,-3,0.0,128.0
16196,632,False,-2,1.0,129.0
16197,632,False,-1,3.0,130.0
16198,632,False,0,0.0,131.0
16199,632,False,1,0.0,132.0
16200,632,False,2,1.0,133.0
16201,632,False,3,0.0,134.0
16202,632,False,4,0.0,135.0
16203,632,False,5,0.0,136.0
16204,632,False,6,1.0,137.0
16205,632,False,7,0.0,138.0
16206,632,False,8,0.0,139.0
16207,632,False,9,0.0,140.0
16208,632,False,10,0.0,141.0
16209,632,False,11,2.0,142.0
16210,632,False,12,0.0,143.0
16211,632,False,13,0.0,144.0
16212,632,True,-14,0.0,117.0
16213,632,True,-13,1.0,118.0
16214,632,True,-12,1.0,119.0
16215,632,True,-11,0.0,120.0
16216,632,True,-10,0.0,121.0
16217,632,True,-9,0.0,122.0
16218,632,True,-8,0.0,123.0
16219,632,True,-7,0.0,124.0
16220,632,True,-6,0.0,125.0
16221,632,True,-5,1.0,126.0
16222,632,True,-4,0.0,127.0
16223,632,True,-3,1.0,128.0
16224,632,True,-2,0.0,129.0
16225,632,True,-1,0.0,130.0
16226,632,True,0,0.0,131.0
16227,632,True,1,0.0,132.0
16228,632,True,2,0.0,133.0
16229,632,True,3,1.0,134.0
16230,632,True,4,0.0,135.0
16231,632,True,5,1.0,136.0
16232,632,True,6,0.0,137.0
16233,632,True,7,1.0,138.0
16234,632,True,8,2.0,139.0
16235,632,True,9,1.0,140.0
16236,632,True,10,1.0,141.0
16237,632,True,11,2.0,142.0
16238,632,True,12,0.0,143.0
16239,632,True,13,0.0,144.0
16240,636,False,-14,0.0,3.0
16241,636,False,-13,0.0,4.0
16242,636,False,-12,3.0,5.0
16243,636,False,-11,3.0,6.0
16244,636,False,-10,1.0,7.0
16245,636,False,-9,2.0,8.0
16246,636,False,-8,7.0,9.0
16247,636,False,-7,4.0,10.0
16248,636,False,-6,5.0,11.0
16249,636,False,-5,1.0,12.0
16250,636,False,-4,1.0,13.0
16251,636,False,-3,8.0,14.0
16252,636,False,-2,5.0,15.0
16253,636,False,-1,5.0,16.0
16254,636,False,0,7.0,17.0
16255,636,False,1,2.0,18.0
16256,636,False,2,5.0,19.0
16257,636,False,3,3.0,20.0
16258,636,False,4,4.0,21.0
16259,636,False,5,3.0,22.0
16260,636,False,6,2.0,23.0
16261,636,False,7,0.0,24.0
16262,636,False,8,2.0,25.0
16263,636,False,9,3.0,26.0
16264,636,False,10,3.0,27.0
16265,636,False,11,0.0,28.0
16266,636,False,12,0.0,29.0
16267,636,False,13,3.0,30.0
16268,636,True,-14,0.0,3.0
16269,636,True,-13,0.0,4.0
16270,636,True,-12,0.0,5.0
16271,636,True,-11,0.0,6.0
16272,636,True,-10,0.0,7.0
16273,636,True,-9,0.0,8.0
16274,636,True,-8,1.0,9.0
16275,636,True,-7,0.0,10.0
16276,636,True,-6,2.0,11.0
16277,636,True,-5,1.0,12.0
16278,636,True,-4,0.0,13.0
16279,636,True,-3,3.0,14.0
16280,636,True,-2,0.0,15.0
16281,636,True,-1,0.0,16.0
16282,636,True,0,10.0,17.0
16283,636,True,1,0.0,18.0
16284,636,True,2,1.0,19.0
16285,636,True,3,1.0,20.0
16286,636,True,4,1.0,21.0
16287,636,True,5,0.0,22.0
16288,636,True,6,0.0,23.0
16289,636,True,7,0.0,24.0
16290,636,True,8,0.0,25.0
16291,636,True,9,0.0,26.0
16292,636,True,10,0.0,27.0
16293,636,True,11,0.0,28.0
16294,636,True,12,0.0,29.0
16295,636,True,13,0.0,30.0
16296,637,False,-14,0.0,141.0
16297,637,False,-13,0.0,142.0
16298,637,False,-12,0.0,143.0
16299,637,False,-11,0.0,144.0
16300,637,False,-10,0.0,145.0
16301,637,False,-9,0.0,146.0
16302,637,False,-8,0.0,147.0
16303,637,False,-7,0.0,148.0
16304,637,False,-6,0.0,149.0
16305,637,False,-5,0.0,150.0
16306,637,False,-4,0.0,151.0
16307,637,False,-3,0.0,152.0
16308,637,False,-2,0.0,153.0
16309,637,False,-1,0.0,154.0
16310,637,False,0,0.0,155.0
16311,637,False,1,0.0,156.0
16312,637,False,2,0.0,157.0
16313,637,False,3,0.0,158.0
16314,637,False,4,0.0,159.0
16315,637,False,5,0.0,160.0
16316,637,False,6,0.0,161.0
16317,637,False,7,0.0,162.0
16318,637,False,8,0.0,163.0
16319,637,False,9,0.0,164.0
16320,637,False,10,0.0,165.0
16321,637,False,11,0.0,166.0
16322,637,False,12,0.0,167.0
16323,637,False,13,0.0,168.0
16324,637,True,-14,0.0,141.0
16325,637,True,-13,0.0,142.0
16326,637,True,-12,0.0,143.0
16327,637,True,-11,0.0,144.0
16328,637,True,-10,0.0,145.0
16329,637,True,-9,0.0,146.0
16330,637,True,-8,1.0,147.0
16331,637,True,-7,0.0,148.0
16332,637,True,-6,0.0,149.0
16333,637,True,-5,0.0,150.0
16334,637,True,-4,0.0,151.0
16335,637,True,-3,0.0,152.0
16336,637,True,-2,0.0,153.0
16337,637,True,-1,0.0,154.0
16338,637,True,0,0.0,155.0
16339,637,True,1,0.0,156.0
16340,637,True,2,0.0,157.0
16341,637,True,3,0.0,158.0
16342,637,True,4,0.0,159.0
16343,637,True,5,0.0,160.0
16344,637,True,6,0.0,161.0
16345,637,True,7,0.0,162.0
16346,637,True,8,0.0,163.0
16347,637,True,9,0.0,164.0
16348,637,True,10,0.0,165.0
16349,637,True,11,0.0,166.0
16350,637,True,12,0.0,167.0
16351,637,True,13,0.0,168.0
16352,638,False,-14,7.0,238.0
16353,638,False,-13,15.0,239.0
16354,638,False,-12,36.0,240.0
16355,638,False,-11,17.0,241.0
16356,638,False,-10,11.0,242.0
16357,638,False,-9,13.0,243.0
16358,638,False,-8,12.0,244.0
16359,638,False,-7,8.0,245.0
16360,638,False,-6,6.0,246.0
16361,638,False,-5,18.0,247.0
16362,638,False,-4,30.0,248.0
16363,638,False,-3,10.0,249.0
16364,638,False,-2,11.0,250.0
16365,638,False,-1,12.0,251.0
16366,638,False,0,5.0,252.0
16367,638,False,1,10.0,253.0
16368,638,False,2,13.0,254.0
16369,638,False,3,10.0,255.0
16370,638,False,4,19.0,256.0
16371,638,False,5,5.0,257.0
16372,638,False,6,8.0,258.0
16373,638,False,7,3.0,259.0
16374,638,False,8,23.0,260.0
16375,638,False,9,7.0,261.0
16376,638,False,10,5.0,262.0
16377,638,False,11,16.0,263.0
16378,638,False,12,17.0,264.0
16379,638,False,13,11.0,265.0
16380,638,True,-14,3.0,238.0
16381,638,True,-13,12.0,239.0
16382,638,True,-12,43.0,240.0
16383,638,True,-11,8.0,241.0
16384,638,True,-10,7.0,242.0
16385,638,True,-9,8.0,243.0
16386,638,True,-8,8.0,244.0
16387,638,True,-7,3.0,245.0
16388,638,True,-6,2.0,246.0
16389,638,True,-5,13.0,247.0
16390,638,True,-4,11.0,248.0
16391,638,True,-3,6.0,249.0
16392,638,True,-2,3.0,250.0
16393,638,True,-1,3.0,251.0
16394,638,True,0,3.0,252.0
16395,638,True,1,0.0,253.0
16396,638,True,2,9.0,254.0
16397,638,True,3,5.0,255.0
16398,638,True,4,5.0,256.0
16399,638,True,5,1.0,257.0
16400,638,True,6,0.0,258.0
16401,638,True,7,1.0,259.0
16402,638,True,8,5.0,260.0
16403,638,True,9,4.0,261.0
16404,638,True,10,2.0,262.0
16405,638,True,11,3.0,263.0
16406,638,True,12,2.0,264.0
16407,638,True,13,6.0,265.0
16408,641,False,-14,0.0,-7.0
16409,641,False,-13,0.0,-6.0
16410,641,False,-12,0.0,-5.0
16411,641,False,-11,0.0,-4.0
16412,641,False,-10,0.0,-3.0
16413,641,False,-9,0.0,-2.0
16414,641,False,-8,0.0,-1.0
16415,641,False,-7,0.0,0.0
16416,641,False,-6,0.0,1.0
16417,641,False,-5,0.0,2.0
16418,641,False,-4,1.0,3.0
16419,641,False,-3,0.0,4.0
16420,641,False,-2,61.0,5.0
16421,641,False,-1,66.0,6.0
16422,641,False,0,352.0,7.0
16423,641,False,1,92.0,8.0
16424,641,False,2,801.0,9.0
16425,641,False,3,1953.0,10.0
16426,641,False,4,557.0,11.0
16427,641,False,5,342.0,12.0
16428,641,False,6,377.0,13.0
16429,641,False,7,112.0,14.0
16430,641,False,8,76.0,15.0
16431,641,False,9,56.0,16.0
16432,641,False,10,41.0,17.0
16433,641,False,11,127.0,18.0
16434,641,False,12,59.0,19.0
16435,641,False,13,19.0,20.0
16436,641,True,-14,0.0,-7.0
16437,641,True,-13,0.0,-6.0
16438,641,True,-12,0.0,-5.0
16439,641,True,-11,0.0,-4.0
16440,641,True,-10,0.0,-3.0
16441,641,True,-9,0.0,-2.0
16442,641,True,-8,0.0,-1.0
16443,641,True,-7,0.0,0.0
16444,641,True,-6,0.0,1.0
16445,641,True,-5,0.0,2.0
16446,641,True,-4,0.0,3.0
16447,641,True,-3,0.0,4.0
16448,641,True,-2,8.0,5.0
16449,641,True,-1,590.0,6.0
16450,641,True,0,294.0,7.0
16451,641,True,1,24.0,8.0
16452,641,True,2,127.0,9.0
16453,641,True,3,327.0,10.0
16454,641,True,4,120.0,11.0
16455,641,True,5,72.0,12.0
16456,641,True,6,113.0,13.0
16457,641,True,7,15.0,14.0
16458,641,True,8,8.0,15.0
16459,641,True,9,9.0,16.0
16460,641,True,10,1.0,17.0
16461,641,True,11,13.0,18.0
16462,641,True,12,7.0,19.0
16463,641,True,13,1.0,20.0
16464,642,False,-14,34014.0,-10.0
16465,642,False,-13,31856.0,-9.0
16466,642,False,-12,29412.0,-8.0
16467,642,False,-11,29755.0,-7.0
16468,642,False,-10,28299.0,-6.0
16469,642,False,-9,30669.0,-5.0
16470,642,False,-8,41842.0,-4.0
16471,642,False,-7,96050.0,-3.0
16472,642,False,-6,86125.0,-2.0
16473,642,False,-5,89940.0,-1.0
16474,642,False,-4,97904.0,0.0
16475,642,False,-3,125661.0,1.0
16476,642,False,-2,209404.0,2.0
16477,642,False,-1,333352.0,3.0
16478,642,False,0,731504.0,4.0
16479,642,False,1,855728.0,5.0
16480,642,False,2,808860.0,6.0
16481,642,False,3,680286.0,7.0
16482,642,False,4,695140.0,8.0
16483,642,False,5,606681.0,9.0
16484,642,False,6,473639.0,10.0
16485,642,False,7,436862.0,11.0
16486,642,False,8,351288.0,12.0
16487,642,False,9,311355.0,13.0
16488,642,False,10,291441.0,14.0
16489,642,False,11,246583.0,15.0
16490,642,False,12,202908.0,16.0
16491,642,False,13,220527.0,17.0
16492,642,True,-14,0.0,-10.0
16493,642,True,-13,0.0,-9.0
16494,642,True,-12,0.0,-8.0
16495,642,True,-11,0.0,-7.0
16496,642,True,-10,0.0,-6.0
16497,642,True,-9,0.0,-5.0
16498,642,True,-8,0.0,-4.0
16499,642,True,-7,0.0,-3.0
16500,642,True,-6,0.0,-2.0
16501,642,True,-5,69.0,-1.0
16502,642,True,-4,103.0,0.0
16503,642,True,-3,86.0,1.0
16504,642,True,-2,152.0,2.0
16505,642,True,-1,458.0,3.0
16506,642,True,0,259.0,4.0
16507,642,True,1,272.0,5.0
16508,642,True,2,217.0,6.0
16509,642,True,3,149.0,7.0
16510,642,True,4,114.0,8.0
16511,642,True,5,46.0,9.0
16512,642,True,6,48.0,10.0
16513,642,True,7,48.0,11.0
16514,642,True,8,22.0,12.0
16515,642,True,9,16.0,13.0
16516,642,True,10,18.0,14.0
16517,642,True,11,20.0,15.0
16518,642,True,12,15.0,16.0
16519,642,True,13,44.0,17.0
16520,646,False,-14,19.0,-5.0
16521,646,False,-13,36.0,-4.0
16522,646,False,-12,325.0,-3.0
16523,646,False,-11,430.0,-2.0
16524,646,False,-10,599.0,-1.0
16525,646,False,-9,677.0,0.0
16526,646,False,-8,3555.0,1.0
16527,646,False,-7,10388.0,2.0
16528,646,False,-6,10500.0,3.0
16529,646,False,-5,7834.0,4.0
16530,646,False,-4,7507.0,5.0
16531,646,False,-3,18650.0,6.0
16532,646,False,-2,19966.0,7.0
16533,646,False,-1,15642.0,8.0
16534,646,False,0,11064.0,9.0
16535,646,False,1,6997.0,10.0
16536,646,False,2,14630.0,11.0
16537,646,False,3,8216.0,12.0
16538,646,False,4,6539.0,13.0
16539,646,False,5,5118.0,14.0
16540,646,False,6,10998.0,15.0
16541,646,False,7,5730.0,16.0
16542,646,False,8,2736.0,17.0
16543,646,False,9,2966.0,18.0
16544,646,False,10,2943.0,19.0
16545,646,False,11,2107.0,20.0
16546,646,False,12,2144.0,21.0
16547,646,False,13,1769.0,22.0
16548,646,True,-14,0.0,-5.0
16549,646,True,-13,0.0,-4.0
16550,646,True,-12,0.0,-3.0
16551,646,True,-11,0.0,-2.0
16552,646,True,-10,14.0,-1.0
16553,646,True,-9,109.0,0.0
16554,646,True,-8,573.0,1.0
16555,646,True,-7,1083.0,2.0
16556,646,True,-6,815.0,3.0
16557,646,True,-5,483.0,4.0
16558,646,True,-4,598.0,5.0
16559,646,True,-3,2548.0,6.0
16560,646,True,-2,3841.0,7.0
16561,646,True,-1,2925.0,8.0
16562,646,True,0,1478.0,9.0
16563,646,True,1,637.0,10.0
16564,646,True,2,1497.0,11.0
16565,646,True,3,717.0,12.0
16566,646,True,4,649.0,13.0
16567,646,True,5,405.0,14.0
16568,646,True,6,891.0,15.0
16569,646,True,7,387.0,16.0
16570,646,True,8,167.0,17.0
16571,646,True,9,121.0,18.0
16572,646,True,10,128.0,19.0
16573,646,True,11,105.0,20.0
16574,646,True,12,107.0,21.0
16575,646,True,13,83.0,22.0
16576,648,False,-14,0.0,-11.0
16577,648,False,-13,0.0,-10.0
16578,648,False,-12,0.0,-9.0
16579,648,False,-11,0.0,-8.0
16580,648,False,-10,0.0,-7.0
16581,648,False,-9,0.0,-6.0
16582,648,False,-8,0.0,-5.0
16583,648,False,-7,0.0,-4.0
16584,648,False,-6,0.0,-3.0
16585,648,False,-5,0.0,-2.0
16586,648,False,-4,89.0,-1.0
16587,648,False,-3,216.0,0.0
16588,648,False,-2,190.0,1.0
16589,648,False,-1,127.0,2.0
16590,648,False,0,131.0,3.0
16591,648,False,1,149.0,4.0
16592,648,False,2,132.0,5.0
16593,648,False,3,218.0,6.0
16594,648,False,4,257.0,7.0
16595,648,False,5,544.0,8.0
16596,648,False,6,150.0,9.0
16597,648,False,7,830.0,10.0
16598,648,False,8,324.0,11.0
16599,648,False,9,106.0,12.0
16600,648,False,10,81.0,13.0
16601,648,False,11,84.0,14.0
16602,648,False,12,50.0,15.0
16603,648,False,13,92.0,16.0
16604,648,True,-14,0.0,-11.0
16605,648,True,-13,0.0,-10.0
16606,648,True,-12,0.0,-9.0
16607,648,True,-11,0.0,-8.0
16608,648,True,-10,0.0,-7.0
16609,648,True,-9,0.0,-6.0
16610,648,True,-8,0.0,-5.0
16611,648,True,-7,0.0,-4.0
16612,648,True,-6,0.0,-3.0
16613,648,True,-5,0.0,-2.0
16614,648,True,-4,4.0,-1.0
16615,648,True,-3,40.0,0.0
16616,648,True,-2,47.0,1.0
16617,648,True,-1,17.0,2.0
16618,648,True,0,26.0,3.0
16619,648,True,1,16.0,4.0
16620,648,True,2,23.0,5.0
16621,648,True,3,22.0,6.0
16622,648,True,4,21.0,7.0
16623,648,True,5,47.0,8.0
16624,648,True,6,8.0,9.0
16625,648,True,7,62.0,10.0
16626,648,True,8,14.0,11.0
16627,648,True,9,2.0,12.0
16628,648,True,10,2.0,13.0
16629,648,True,11,1.0,14.0
16630,648,True,12,4.0,15.0
16631,648,True,13,3.0,16.0
16632,650,False,-14,0.0,-8.0
16633,650,False,-13,0.0,-7.0
16634,650,False,-12,0.0,-6.0
16635,650,False,-11,0.0,-5.0
16636,650,False,-10,0.0,-4.0
16637,650,False,-9,0.0,-3.0
16638,650,False,-8,0.0,-2.0
16639,650,False,-7,0.0,-1.0
16640,650,False,-6,0.0,0.0
16641,650,False,-5,0.0,1.0
16642,650,False,-4,0.0,2.0
16643,650,False,-3,17.0,3.0
16644,650,False,-2,366.0,4.0
16645,650,False,-1,1072.0,5.0
16646,650,False,0,810.0,6.0
16647,650,False,1,459.0,7.0
16648,650,False,2,398.0,8.0
16649,650,False,3,609.0,9.0
16650,650,False,4,302.0,10.0
16651,650,False,5,139.0,11.0
16652,650,False,6,295.0,12.0
16653,650,False,7,107.0,13.0
16654,650,False,8,83.0,14.0
16655,650,False,9,55.0,15.0
16656,650,False,10,46.0,16.0
16657,650,False,11,56.0,17.0
16658,650,False,12,79.0,18.0
16659,650,False,13,49.0,19.0
16660,650,True,-14,0.0,-8.0
16661,650,True,-13,0.0,-7.0
16662,650,True,-12,0.0,-6.0
16663,650,True,-11,0.0,-5.0
16664,650,True,-10,0.0,-4.0
16665,650,True,-9,0.0,-3.0
16666,650,True,-8,0.0,-2.0
16667,650,True,-7,0.0,-1.0
16668,650,True,-6,0.0,0.0
16669,650,True,-5,0.0,1.0
16670,650,True,-4,0.0,2.0
16671,650,True,-3,2.0,3.0
16672,650,True,-2,231.0,4.0
16673,650,True,-1,1298.0,5.0
16674,650,True,0,181.0,6.0
16675,650,True,1,75.0,7.0
16676,650,True,2,99.0,8.0
16677,650,True,3,134.0,9.0
16678,650,True,4,60.0,10.0
16679,650,True,5,33.0,11.0
16680,650,True,6,88.0,12.0
16681,650,True,7,29.0,13.0
16682,650,True,8,12.0,14.0
16683,650,True,9,12.0,15.0
16684,650,True,10,6.0,16.0
16685,650,True,11,6.0,17.0
16686,650,True,12,15.0,18.0
16687,650,True,13,4.0,19.0
16688,651,False,-14,86.0,-3.0
16689,651,False,-13,52.0,-2.0
16690,651,False,-12,43.0,-1.0
16691,651,False,-11,11.0,0.0
16692,651,False,-10,48.0,1.0
16693,651,False,-9,127.0,2.0
16694,651,False,-8,44.0,3.0
16695,651,False,-7,56.0,4.0
16696,651,False,-6,44.0,5.0
16697,651,False,-5,68.0,6.0
16698,651,False,-4,54.0,7.0
16699,651,False,-3,40.0,8.0
16700,651,False,-2,49.0,9.0
16701,651,False,-1,277.0,10.0
16702,651,False,0,101.0,11.0
16703,651,False,1,37.0,12.0
16704,651,False,2,24.0,13.0
16705,651,False,3,29.0,14.0
16706,651,False,4,7.0,15.0
16707,651,False,5,26.0,16.0
16708,651,False,6,19.0,17.0
16709,651,False,7,5.0,18.0
16710,651,False,8,10.0,19.0
16711,651,False,9,29.0,20.0
16712,651,False,10,21.0,21.0
16713,651,False,11,15.0,22.0
16714,651,False,12,151.0,23.0
16715,651,False,13,40.0,24.0
16716,651,True,-14,0.0,-3.0
16717,651,True,-13,0.0,-2.0
16718,651,True,-12,2.0,-1.0
16719,651,True,-11,3.0,0.0
16720,651,True,-10,10.0,1.0
16721,651,True,-9,32.0,2.0
16722,651,True,-8,7.0,3.0
16723,651,True,-7,0.0,4.0
16724,651,True,-6,1.0,5.0
16725,651,True,-5,7.0,6.0
16726,651,True,-4,5.0,7.0
16727,651,True,-3,6.0,8.0
16728,651,True,-2,10.0,9.0
16729,651,True,-1,80.0,10.0
16730,651,True,0,50.0,11.0
16731,651,True,1,8.0,12.0
16732,651,True,2,3.0,13.0
16733,651,True,3,1.0,14.0
16734,651,True,4,1.0,15.0
16735,651,True,5,8.0,16.0
16736,651,True,6,2.0,17.0
16737,651,True,7,0.0,18.0
16738,651,True,8,1.0,19.0
16739,651,True,9,2.0,20.0
16740,651,True,10,1.0,21.0
16741,651,True,11,0.0,22.0
16742,651,True,12,18.0,23.0
16743,651,True,13,2.0,24.0
16744,653,False,-14,18.0,224.0
16745,653,False,-13,1.0,225.0
16746,653,False,-12,1.0,226.0
16747,653,False,-11,1.0,227.0
16748,653,False,-10,2.0,228.0
16749,653,False,-9,0.0,229.0
16750,653,False,-8,0.0,230.0
16751,653,False,-7,0.0,231.0
16752,653,False,-6,1.0,232.0
16753,653,False,-5,1.0,233.0
16754,653,False,-4,1.0,234.0
16755,653,False,-3,0.0,235.0
16756,653,False,-2,0.0,236.0
16757,653,False,-1,0.0,237.0
16758,653,False,0,2.0,238.0
16759,653,False,1,2.0,239.0
16760,653,False,2,2.0,240.0
16761,653,False,3,0.0,241.0
16762,653,False,4,1.0,242.0
16763,653,False,5,0.0,243.0
16764,653,False,6,2.0,244.0
16765,653,False,7,0.0,245.0
16766,653,False,8,0.0,246.0
16767,653,False,9,0.0,247.0
16768,653,False,10,0.0,248.0
16769,653,False,11,1.0,249.0
16770,653,False,12,0.0,250.0
16771,653,False,13,1.0,251.0
16772,653,True,-14,17.0,224.0
16773,653,True,-13,0.0,225.0
16774,653,True,-12,0.0,226.0
16775,653,True,-11,1.0,227.0
16776,653,True,-10,0.0,228.0
16777,653,True,-9,0.0,229.0
16778,653,True,-8,0.0,230.0
16779,653,True,-7,0.0,231.0
16780,653,True,-6,0.0,232.0
16781,653,True,-5,0.0,233.0
16782,653,True,-4,0.0,234.0
16783,653,True,-3,1.0,235.0
16784,653,True,-2,1.0,236.0
16785,653,True,-1,1.0,237.0
16786,653,True,0,2.0,238.0
16787,653,True,1,3.0,239.0
16788,653,True,2,4.0,240.0
16789,653,True,3,1.0,241.0
16790,653,True,4,0.0,242.0
16791,653,True,5,0.0,243.0
16792,653,True,6,3.0,244.0
16793,653,True,7,2.0,245.0
16794,653,True,8,0.0,246.0
16795,653,True,9,0.0,247.0
16796,653,True,10,0.0,248.0
16797,653,True,11,0.0,249.0
16798,653,True,12,1.0,250.0
16799,653,True,13,1.0,251.0
16800,657,False,-14,57.0,7.0
16801,657,False,-13,34.0,8.0
16802,657,False,-12,39.0,9.0
16803,657,False,-11,43.0,10.0
16804,657,False,-10,44.0,11.0
16805,657,False,-9,42.0,12.0
16806,657,False,-8,20.0,13.0
16807,657,False,-7,21.0,14.0
16808,657,False,-6,20.0,15.0
16809,657,False,-5,14.0,16.0
16810,657,False,-4,20.0,17.0
16811,657,False,-3,19.0,18.0
16812,657,False,-2,11.0,19.0
16813,657,False,-1,6.0,20.0
16814,657,False,0,8.0,21.0
16815,657,False,1,8.0,22.0
16816,657,False,2,6.0,23.0
16817,657,False,3,11.0,24.0
16818,657,False,4,6.0,25.0
16819,657,False,5,2.0,26.0
16820,657,False,6,7.0,27.0
16821,657,False,7,46.0,28.0
16822,657,False,8,34.0,29.0
16823,657,False,9,9.0,30.0
16824,657,False,10,9.0,31.0
16825,657,False,11,6.0,32.0
16826,657,False,12,5.0,33.0
16827,657,False,13,1.0,34.0
16828,657,True,-14,16.0,7.0
16829,657,True,-13,14.0,8.0
16830,657,True,-12,10.0,9.0
16831,657,True,-11,22.0,10.0
16832,657,True,-10,12.0,11.0
16833,657,True,-9,20.0,12.0
16834,657,True,-8,13.0,13.0
16835,657,True,-7,6.0,14.0
16836,657,True,-6,5.0,15.0
16837,657,True,-5,6.0,16.0
16838,657,True,-4,13.0,17.0
16839,657,True,-3,2.0,18.0
16840,657,True,-2,4.0,19.0
16841,657,True,-1,3.0,20.0
16842,657,True,0,6.0,21.0
16843,657,True,1,6.0,22.0
16844,657,True,2,4.0,23.0
16845,657,True,3,1.0,24.0
16846,657,True,4,1.0,25.0
16847,657,True,5,1.0,26.0
16848,657,True,6,1.0,27.0
16849,657,True,7,10.0,28.0
16850,657,True,8,13.0,29.0
16851,657,True,9,3.0,30.0
16852,657,True,10,5.0,31.0
16853,657,True,11,1.0,32.0
16854,657,True,12,1.0,33.0
16855,657,True,13,2.0,34.0
16856,658,False,-14,0.0,246.0
16857,658,False,-13,0.0,247.0
16858,658,False,-12,0.0,248.0
16859,658,False,-11,0.0,249.0
16860,658,False,-10,0.0,250.0
16861,658,False,-9,0.0,251.0
16862,658,False,-8,0.0,252.0
16863,658,False,-7,0.0,253.0
16864,658,False,-6,0.0,254.0
16865,658,False,-5,0.0,255.0
16866,658,False,-4,0.0,256.0
16867,658,False,-3,0.0,257.0
16868,658,False,-2,0.0,258.0
16869,658,False,-1,0.0,259.0
16870,658,False,0,0.0,260.0
16871,658,False,1,0.0,261.0
16872,658,False,2,0.0,262.0
16873,658,False,3,0.0,263.0
16874,658,False,4,0.0,264.0
16875,658,False,5,0.0,265.0
16876,658,False,6,0.0,266.0
16877,658,False,7,0.0,267.0
16878,658,False,8,0.0,268.0
16879,658,False,9,0.0,269.0
16880,658,False,10,0.0,270.0
16881,658,False,11,0.0,271.0
16882,658,False,12,0.0,272.0
16883,658,False,13,0.0,273.0
16884,658,True,-14,0.0,246.0
16885,658,True,-13,0.0,247.0
16886,658,True,-12,0.0,248.0
16887,658,True,-11,0.0,249.0
16888,658,True,-10,0.0,250.0
16889,658,True,-9,0.0,251.0
16890,658,True,-8,0.0,252.0
16891,658,True,-7,0.0,253.0
16892,658,True,-6,0.0,254.0
16893,658,True,-5,0.0,255.0
16894,658,True,-4,0.0,256.0
16895,658,True,-3,0.0,257.0
16896,658,True,-2,0.0,258.0
16897,658,True,-1,0.0,259.0
16898,658,True,0,1.0,260.0
16899,658,True,1,0.0,261.0
16900,658,True,2,0.0,262.0
16901,658,True,3,0.0,263.0
16902,658,True,4,0.0,264.0
16903,658,True,5,0.0,265.0
16904,658,True,6,0.0,266.0
16905,658,True,7,0.0,267.0
16906,658,True,8,0.0,268.0
16907,658,True,9,0.0,269.0
16908,658,True,10,0.0,270.0
16909,658,True,11,0.0,271.0
16910,658,True,12,0.0,272.0
16911,658,True,13,0.0,273.0
16912,660,False,-14,19.0,223.0
16913,660,False,-13,11.0,224.0
16914,660,False,-12,21.0,225.0
16915,660,False,-11,14.0,226.0
16916,660,False,-10,15.0,227.0
16917,660,False,-9,26.0,228.0
16918,660,False,-8,16.0,229.0
16919,660,False,-7,11.0,230.0
16920,660,False,-6,28.0,231.0
16921,660,False,-5,20.0,232.0
16922,660,False,-4,13.0,233.0
16923,660,False,-3,6.0,234.0
16924,660,False,-2,12.0,235.0
16925,660,False,-1,16.0,236.0
16926,660,False,0,7.0,237.0
16927,660,False,1,6.0,238.0
16928,660,False,2,10.0,239.0
16929,660,False,3,4.0,240.0
16930,660,False,4,5.0,241.0
16931,660,False,5,22.0,242.0
16932,660,False,6,18.0,243.0
16933,660,False,7,15.0,244.0
16934,660,False,8,7.0,245.0
16935,660,False,9,8.0,246.0
16936,660,False,10,8.0,247.0
16937,660,False,11,30.0,248.0
16938,660,False,12,128.0,249.0
16939,660,False,13,23.0,250.0
16940,660,True,-14,3.0,223.0
16941,660,True,-13,6.0,224.0
16942,660,True,-12,2.0,225.0
16943,660,True,-11,7.0,226.0
16944,660,True,-10,2.0,227.0
16945,660,True,-9,10.0,228.0
16946,660,True,-8,5.0,229.0
16947,660,True,-7,6.0,230.0
16948,660,True,-6,20.0,231.0
16949,660,True,-5,5.0,232.0
16950,660,True,-4,4.0,233.0
16951,660,True,-3,6.0,234.0
16952,660,True,-2,6.0,235.0
16953,660,True,-1,4.0,236.0
16954,660,True,0,2.0,237.0
16955,660,True,1,4.0,238.0
16956,660,True,2,2.0,239.0
16957,660,True,3,5.0,240.0
16958,660,True,4,2.0,241.0
16959,660,True,5,5.0,242.0
16960,660,True,6,10.0,243.0
16961,660,True,7,1.0,244.0
16962,660,True,8,1.0,245.0
16963,660,True,9,4.0,246.0
16964,660,True,10,1.0,247.0
16965,660,True,11,11.0,248.0
16966,660,True,12,24.0,249.0
16967,660,True,13,3.0,250.0
16968,661,False,-14,1.0,261.0
16969,661,False,-13,0.0,262.0
16970,661,False,-12,0.0,263.0
16971,661,False,-11,1.0,264.0
16972,661,False,-10,3.0,265.0
16973,661,False,-9,4.0,266.0
16974,661,False,-8,0.0,267.0
16975,661,False,-7,1.0,268.0
16976,661,False,-6,3.0,269.0
16977,661,False,-5,1.0,270.0
16978,661,False,-4,0.0,271.0
16979,661,False,-3,1.0,272.0
16980,661,False,-2,0.0,273.0
16981,661,False,-1,0.0,274.0
16982,661,False,0,0.0,275.0
16983,661,False,1,1.0,276.0
16984,661,False,2,1.0,277.0
16985,661,False,3,5.0,278.0
16986,661,False,4,13.0,279.0
16987,661,False,5,2.0,280.0
16988,661,False,6,3.0,281.0
16989,661,False,7,2.0,282.0
16990,661,False,8,1.0,283.0
16991,661,False,9,5.0,284.0
16992,661,False,10,2.0,285.0
16993,661,False,11,1.0,286.0
16994,661,False,12,0.0,287.0
16995,661,False,13,1.0,288.0
16996,661,True,-14,0.0,261.0
16997,661,True,-13,0.0,262.0
16998,661,True,-12,0.0,263.0
16999,661,True,-11,0.0,264.0
17000,661,True,-10,0.0,265.0
17001,661,True,-9,0.0,266.0
17002,661,True,-8,0.0,267.0
17003,661,True,-7,0.0,268.0
17004,661,True,-6,0.0,269.0
17005,661,True,-5,0.0,270.0
17006,661,True,-4,0.0,271.0
17007,661,True,-3,0.0,272.0
17008,661,True,-2,0.0,273.0
17009,661,True,-1,0.0,274.0
17010,661,True,0,0.0,275.0
17011,661,True,1,1.0,276.0
17012,661,True,2,0.0,277.0
17013,661,True,3,0.0,278.0
17014,661,True,4,0.0,279.0
17015,661,True,5,2.0,280.0
17016,661,True,6,1.0,281.0
17017,661,True,7,0.0,282.0
17018,661,True,8,0.0,283.0
17019,661,True,9,0.0,284.0
17020,661,True,10,0.0,285.0
17021,661,True,11,0.0,286.0
17022,661,True,12,0.0,287.0
17023,661,True,13,1.0,288.0
