,unit_id,ever_treated,ts,gain_rate,time_period
0,0,False,-14,0.0,-9.0
1,0,False,-13,0.0,-8.0
2,0,False,-12,0.0,-7.0
3,0,False,-11,0.0,-6.0
4,0,False,-10,0.0,-5.0
5,0,False,-9,0.0,-4.0
6,0,False,-8,0.0,-3.0
7,0,False,-7,0.0,-2.0
8,0,False,-6,0.0,-1.0
9,0,False,-5,0.0,0.0
10,0,False,-4,0.0,1.0
11,0,False,-3,21.0,2.0
12,0,False,-2,10.0,3.0
13,0,False,-1,15.0,4.0
14,0,False,0,67.0,5.0
15,0,False,1,22.0,6.0
16,0,False,2,12.0,7.0
17,0,False,3,12.0,8.0
18,0,False,4,11.0,9.0
19,0,False,5,6.0,10.0
20,0,False,6,10.0,11.0
21,0,False,7,10.0,12.0
22,0,False,8,13.0,13.0
23,0,False,9,12.0,14.0
24,0,False,10,13.0,15.0
25,0,False,11,4.0,16.0
26,0,False,12,8.0,17.0
27,0,False,13,3.0,18.0
28,0,True,-14,0.0,-9.0
29,0,True,-13,0.0,-8.0
30,0,True,-12,0.0,-7.0
31,0,True,-11,0.0,-6.0
32,0,True,-10,0.0,-5.0
33,0,True,-9,0.0,-4.0
34,0,True,-8,0.0,-3.0
35,0,True,-7,0.0,-2.0
36,0,True,-6,0.0,-1.0
37,0,True,-5,0.0,0.0
38,0,True,-4,0.0,1.0
39,0,True,-3,12.0,2.0
40,0,True,-2,8.0,3.0
41,0,True,-1,7.0,4.0
42,0,True,0,31.0,5.0
43,0,True,1,7.0,6.0
44,0,True,2,3.0,7.0
45,0,True,3,1.0,8.0
46,0,True,4,2.0,9.0
47,0,True,5,2.0,10.0
48,0,True,6,0.0,11.0
49,0,True,7,3.0,12.0
50,0,True,8,3.0,13.0
51,0,True,9,2.0,14.0
52,0,True,10,1.0,15.0
53,0,True,11,0.0,16.0
54,0,True,12,1.0,17.0
55,0,True,13,0.0,18.0
56,6,False,-14,35.0,644.0
57,6,False,-13,59.0,645.0
58,6,False,-12,56.0,646.0
59,6,False,-11,131.0,647.0
60,6,False,-10,117.0,648.0
61,6,False,-9,93.0,649.0
62,6,False,-8,199.0,650.0
63,6,False,-7,82.0,651.0
64,6,False,-6,55.0,652.0
65,6,False,-5,69.0,653.0
66,6,False,-4,38.0,654.0
67,6,False,-3,45.0,655.0
68,6,False,-2,44.0,656.0
69,6,False,-1,29.0,657.0
70,6,False,0,25.0,658.0
71,6,False,1,55.0,659.0
72,6,False,2,24.0,660.0
73,6,False,3,29.0,661.0
74,6,False,4,81.0,662.0
75,6,False,5,43.0,663.0
76,6,False,6,66.0,664.0
77,6,False,7,88.0,665.0
78,6,False,8,102.0,666.0
79,6,False,9,40.0,667.0
80,6,False,10,39.0,668.0
81,6,False,11,40.0,669.0
82,6,False,12,46.0,670.0
83,6,False,13,43.0,671.0
84,6,True,-14,7.0,644.0
85,6,True,-13,7.0,645.0
86,6,True,-12,4.0,646.0
87,6,True,-11,7.0,647.0
88,6,True,-10,18.0,648.0
89,6,True,-9,17.0,649.0
90,6,True,-8,45.0,650.0
91,6,True,-7,15.0,651.0
92,6,True,-6,12.0,652.0
93,6,True,-5,14.0,653.0
94,6,True,-4,2.0,654.0
95,6,True,-3,10.0,655.0
96,6,True,-2,6.0,656.0
97,6,True,-1,4.0,657.0
98,6,True,0,12.0,658.0
99,6,True,1,6.0,659.0
100,6,True,2,5.0,660.0
101,6,True,3,4.0,661.0
102,6,True,4,5.0,662.0
103,6,True,5,4.0,663.0
104,6,True,6,10.0,664.0
105,6,True,7,22.0,665.0
106,6,True,8,17.0,666.0
107,6,True,9,6.0,667.0
108,6,True,10,2.0,668.0
109,6,True,11,1.0,669.0
110,6,True,12,5.0,670.0
111,6,True,13,5.0,671.0
112,13,False,-14,1.0,527.0
113,13,False,-13,3.0,528.0
114,13,False,-12,1.0,529.0
115,13,False,-11,0.0,530.0
116,13,False,-10,2.0,531.0
117,13,False,-9,1.0,532.0
118,13,False,-8,0.0,533.0
119,13,False,-7,2.0,534.0
120,13,False,-6,1.0,535.0
121,13,False,-5,0.0,536.0
122,13,False,-4,1.0,537.0
123,13,False,-3,1.0,538.0
124,13,False,-2,1.0,539.0
125,13,False,-1,0.0,540.0
126,13,False,0,2.0,541.0
127,13,False,1,1.0,542.0
128,13,False,2,0.0,543.0
129,13,False,3,0.0,544.0
130,13,False,4,1.0,545.0
131,13,False,5,0.0,546.0
132,13,False,6,4.0,547.0
133,13,False,7,1.0,548.0
134,13,False,8,0.0,549.0
135,13,False,9,1.0,550.0
136,13,False,10,0.0,551.0
137,13,False,11,0.0,552.0
138,13,False,12,2.0,553.0
139,13,False,13,1.0,554.0
140,13,True,-14,0.0,527.0
141,13,True,-13,0.0,528.0
142,13,True,-12,0.0,529.0
143,13,True,-11,0.0,530.0
144,13,True,-10,0.0,531.0
145,13,True,-9,0.0,532.0
146,13,True,-8,0.0,533.0
147,13,True,-7,0.0,534.0
148,13,True,-6,0.0,535.0
149,13,True,-5,0.0,536.0
150,13,True,-4,0.0,537.0
151,13,True,-3,0.0,538.0
152,13,True,-2,0.0,539.0
153,13,True,-1,0.0,540.0
154,13,True,0,2.0,541.0
155,13,True,1,0.0,542.0
156,13,True,2,1.0,543.0
157,13,True,3,0.0,544.0
158,13,True,4,0.0,545.0
159,13,True,5,0.0,546.0
160,13,True,6,0.0,547.0
161,13,True,7,0.0,548.0
162,13,True,8,0.0,549.0
163,13,True,9,0.0,550.0
164,13,True,10,0.0,551.0
165,13,True,11,0.0,552.0
166,13,True,12,1.0,553.0
167,13,True,13,1.0,554.0
168,14,False,-14,240.0,685.0
169,14,False,-13,129.0,686.0
170,14,False,-12,455.0,687.0
171,14,False,-11,2881.0,688.0
172,14,False,-10,4317.0,689.0
173,14,False,-9,2491.0,690.0
174,14,False,-8,499.0,691.0
175,14,False,-7,1087.0,692.0
176,14,False,-6,601.0,693.0
177,14,False,-5,166.0,694.0
178,14,False,-4,372.0,695.0
179,14,False,-3,197.0,696.0
180,14,False,-2,648.0,697.0
181,14,False,-1,366.0,698.0
182,14,False,0,674.0,699.0
183,14,False,1,257.0,700.0
184,14,False,2,378.0,701.0
185,14,False,3,714.0,702.0
186,14,False,4,671.0,703.0
187,14,False,5,522.0,704.0
188,14,False,6,287.0,705.0
189,14,False,7,698.0,706.0
190,14,False,8,289.0,707.0
191,14,False,9,221.0,708.0
192,14,False,10,130.0,709.0
193,14,False,11,241.0,710.0
194,14,False,12,481.0,711.0
195,14,False,13,225.0,712.0
196,14,True,-14,40.0,685.0
197,14,True,-13,12.0,686.0
198,14,True,-12,64.0,687.0
199,14,True,-11,228.0,688.0
200,14,True,-10,401.0,689.0
201,14,True,-9,246.0,690.0
202,14,True,-8,68.0,691.0
203,14,True,-7,111.0,692.0
204,14,True,-6,63.0,693.0
205,14,True,-5,8.0,694.0
206,14,True,-4,28.0,695.0
207,14,True,-3,12.0,696.0
208,14,True,-2,77.0,697.0
209,14,True,-1,45.0,698.0
210,14,True,0,60.0,699.0
211,14,True,1,34.0,700.0
212,14,True,2,34.0,701.0
213,14,True,3,87.0,702.0
214,14,True,4,69.0,703.0
215,14,True,5,64.0,704.0
216,14,True,6,22.0,705.0
217,14,True,7,56.0,706.0
218,14,True,8,36.0,707.0
219,14,True,9,25.0,708.0
220,14,True,10,16.0,709.0
221,14,True,11,18.0,710.0
222,14,True,12,30.0,711.0
223,14,True,13,19.0,712.0
224,17,False,-14,56.0,719.0
225,17,False,-13,182.0,720.0
226,17,False,-12,48.0,721.0
227,17,False,-11,35.0,722.0
228,17,False,-10,319.0,723.0
229,17,False,-9,57.0,724.0
230,17,False,-8,128.0,725.0
231,17,False,-7,91.0,726.0
232,17,False,-6,121.0,727.0
233,17,False,-5,76.0,728.0
234,17,False,-4,85.0,729.0
235,17,False,-3,42.0,730.0
236,17,False,-2,39.0,731.0
237,17,False,-1,114.0,732.0
238,17,False,0,126.0,733.0
239,17,False,1,179.0,734.0
240,17,False,2,44.0,735.0
241,17,False,3,16.0,736.0
242,17,False,4,30.0,737.0
243,17,False,5,109.0,738.0
244,17,False,6,74.0,739.0
245,17,False,7,253.0,740.0
246,17,False,8,83.0,741.0
247,17,False,9,22.0,742.0
248,17,False,10,21.0,743.0
249,17,False,11,27.0,744.0
250,17,False,12,112.0,745.0
251,17,False,13,36.0,746.0
252,17,True,-14,6.0,719.0
253,17,True,-13,25.0,720.0
254,17,True,-12,10.0,721.0
255,17,True,-11,2.0,722.0
256,17,True,-10,43.0,723.0
257,17,True,-9,14.0,724.0
258,17,True,-8,15.0,725.0
259,17,True,-7,15.0,726.0
260,17,True,-6,23.0,727.0
261,17,True,-5,14.0,728.0
262,17,True,-4,10.0,729.0
263,17,True,-3,10.0,730.0
264,17,True,-2,4.0,731.0
265,17,True,-1,14.0,732.0
266,17,True,0,21.0,733.0
267,17,True,1,19.0,734.0
268,17,True,2,3.0,735.0
269,17,True,3,0.0,736.0
270,17,True,4,2.0,737.0
271,17,True,5,20.0,738.0
272,17,True,6,6.0,739.0
273,17,True,7,34.0,740.0
274,17,True,8,7.0,741.0
275,17,True,9,2.0,742.0
276,17,True,10,3.0,743.0
277,17,True,11,4.0,744.0
278,17,True,12,10.0,745.0
279,17,True,13,11.0,746.0
280,19,False,-14,0.0,582.0
281,19,False,-13,0.0,583.0
282,19,False,-12,0.0,584.0
283,19,False,-11,0.0,585.0
284,19,False,-10,0.0,586.0
285,19,False,-9,1.0,587.0
286,19,False,-8,1.0,588.0
287,19,False,-7,0.0,589.0
288,19,False,-6,0.0,590.0
289,19,False,-5,0.0,591.0
290,19,False,-4,0.0,592.0
291,19,False,-3,0.0,593.0
292,19,False,-2,0.0,594.0
293,19,False,-1,0.0,595.0
294,19,False,0,0.0,596.0
295,19,False,1,0.0,597.0
296,19,False,2,0.0,598.0
297,19,False,3,0.0,599.0
298,19,False,4,0.0,600.0
299,19,False,5,0.0,601.0
300,19,False,6,0.0,602.0
301,19,False,7,0.0,603.0
302,19,False,8,0.0,604.0
303,19,False,9,0.0,605.0
304,19,False,10,0.0,606.0
305,19,False,11,0.0,607.0
306,19,False,12,0.0,608.0
307,19,False,13,0.0,609.0
308,19,True,-14,0.0,582.0
309,19,True,-13,0.0,583.0
310,19,True,-12,0.0,584.0
311,19,True,-11,0.0,585.0
312,19,True,-10,0.0,586.0
313,19,True,-9,0.0,587.0
314,19,True,-8,0.0,588.0
315,19,True,-7,0.0,589.0
316,19,True,-6,0.0,590.0
317,19,True,-5,0.0,591.0
318,19,True,-4,0.0,592.0
319,19,True,-3,0.0,593.0
320,19,True,-2,0.0,594.0
321,19,True,-1,0.0,595.0
322,19,True,0,2.0,596.0
323,19,True,1,0.0,597.0
324,19,True,2,0.0,598.0
325,19,True,3,0.0,599.0
326,19,True,4,0.0,600.0
327,19,True,5,0.0,601.0
328,19,True,6,0.0,602.0
329,19,True,7,0.0,603.0
330,19,True,8,0.0,604.0
331,19,True,9,0.0,605.0
332,19,True,10,0.0,606.0
333,19,True,11,0.0,607.0
334,19,True,12,0.0,608.0
335,19,True,13,0.0,609.0
336,21,False,-14,0.0,670.0
337,21,False,-13,1.0,671.0
338,21,False,-12,0.0,672.0
339,21,False,-11,0.0,673.0
340,21,False,-10,0.0,674.0
341,21,False,-9,0.0,675.0
342,21,False,-8,0.0,676.0
343,21,False,-7,0.0,677.0
344,21,False,-6,0.0,678.0
345,21,False,-5,0.0,679.0
346,21,False,-4,0.0,680.0
347,21,False,-3,0.0,681.0
348,21,False,-2,2.0,682.0
349,21,False,-1,0.0,683.0
350,21,False,0,12.0,684.0
351,21,False,1,4.0,685.0
352,21,False,2,2.0,686.0
353,21,False,3,1.0,687.0
354,21,False,4,0.0,688.0
355,21,False,5,0.0,689.0
356,21,False,6,0.0,690.0
357,21,False,7,2.0,691.0
358,21,False,8,0.0,692.0
359,21,False,9,0.0,693.0
360,21,False,10,0.0,694.0
361,21,False,11,0.0,695.0
362,21,False,12,0.0,696.0
363,21,False,13,0.0,697.0
364,21,True,-14,1.0,670.0
365,21,True,-13,0.0,671.0
366,21,True,-12,0.0,672.0
367,21,True,-11,0.0,673.0
368,21,True,-10,0.0,674.0
369,21,True,-9,0.0,675.0
370,21,True,-8,0.0,676.0
371,21,True,-7,0.0,677.0
372,21,True,-6,0.0,678.0
373,21,True,-5,0.0,679.0
374,21,True,-4,0.0,680.0
375,21,True,-3,0.0,681.0
376,21,True,-2,0.0,682.0
377,21,True,-1,0.0,683.0
378,21,True,0,4.0,684.0
379,21,True,1,1.0,685.0
380,21,True,2,1.0,686.0
381,21,True,3,0.0,687.0
382,21,True,4,1.0,688.0
383,21,True,5,0.0,689.0
384,21,True,6,1.0,690.0
385,21,True,7,0.0,691.0
386,21,True,8,0.0,692.0
387,21,True,9,0.0,693.0
388,21,True,10,0.0,694.0
389,21,True,11,0.0,695.0
390,21,True,12,0.0,696.0
391,21,True,13,0.0,697.0
392,25,False,-14,2.0,554.0
393,25,False,-13,5.0,555.0
394,25,False,-12,4.0,556.0
395,25,False,-11,12.0,557.0
396,25,False,-10,28.0,558.0
397,25,False,-9,50.0,559.0
398,25,False,-8,112.0,560.0
399,25,False,-7,76.0,561.0
400,25,False,-6,106.0,562.0
401,25,False,-5,437.0,563.0
402,25,False,-4,514.0,564.0
403,25,False,-3,464.0,565.0
404,25,False,-2,145.0,566.0
405,25,False,-1,80.0,567.0
406,25,False,0,203.0,568.0
407,25,False,1,150.0,569.0
408,25,False,2,51.0,570.0
409,25,False,3,125.0,571.0
410,25,False,4,97.0,572.0
411,25,False,5,62.0,573.0
412,25,False,6,39.0,574.0
413,25,False,7,28.0,575.0
414,25,False,8,34.0,576.0
415,25,False,9,35.0,577.0
416,25,False,10,32.0,578.0
417,25,False,11,25.0,579.0
418,25,False,12,13.0,580.0
419,25,False,13,23.0,581.0
420,25,True,-14,0.0,554.0
421,25,True,-13,1.0,555.0
422,25,True,-12,1.0,556.0
423,25,True,-11,3.0,557.0
424,25,True,-10,3.0,558.0
425,25,True,-9,10.0,559.0
426,25,True,-8,33.0,560.0
427,25,True,-7,21.0,561.0
428,25,True,-6,35.0,562.0
429,25,True,-5,115.0,563.0
430,25,True,-4,97.0,564.0
431,25,True,-3,82.0,565.0
432,25,True,-2,30.0,566.0
433,25,True,-1,28.0,567.0
434,25,True,0,51.0,568.0
435,25,True,1,25.0,569.0
436,25,True,2,8.0,570.0
437,25,True,3,16.0,571.0
438,25,True,4,11.0,572.0
439,25,True,5,13.0,573.0
440,25,True,6,4.0,574.0
441,25,True,7,1.0,575.0
442,25,True,8,3.0,576.0
443,25,True,9,8.0,577.0
444,25,True,10,5.0,578.0
445,25,True,11,4.0,579.0
446,25,True,12,0.0,580.0
447,25,True,13,1.0,581.0
448,26,False,-14,0.0,554.0
449,26,False,-13,1.0,555.0
450,26,False,-12,0.0,556.0
451,26,False,-11,11.0,557.0
452,26,False,-10,5.0,558.0
453,26,False,-9,11.0,559.0
454,26,False,-8,31.0,560.0
455,26,False,-7,84.0,561.0
456,26,False,-6,141.0,562.0
457,26,False,-5,134.0,563.0
458,26,False,-4,72.0,564.0
459,26,False,-3,65.0,565.0
460,26,False,-2,84.0,566.0
461,26,False,-1,73.0,567.0
462,26,False,0,94.0,568.0
463,26,False,1,34.0,569.0
464,26,False,2,49.0,570.0
465,26,False,3,54.0,571.0
466,26,False,4,94.0,572.0
467,26,False,5,40.0,573.0
468,26,False,6,34.0,574.0
469,26,False,7,53.0,575.0
470,26,False,8,33.0,576.0
471,26,False,9,40.0,577.0
472,26,False,10,48.0,578.0
473,26,False,11,35.0,579.0
474,26,False,12,31.0,580.0
475,26,False,13,11.0,581.0
476,26,True,-14,0.0,554.0
477,26,True,-13,0.0,555.0
478,26,True,-12,0.0,556.0
479,26,True,-11,1.0,557.0
480,26,True,-10,0.0,558.0
481,26,True,-9,1.0,559.0
482,26,True,-8,7.0,560.0
483,26,True,-7,16.0,561.0
484,26,True,-6,35.0,562.0
485,26,True,-5,32.0,563.0
486,26,True,-4,12.0,564.0
487,26,True,-3,24.0,565.0
488,26,True,-2,20.0,566.0
489,26,True,-1,17.0,567.0
490,26,True,0,13.0,568.0
491,26,True,1,4.0,569.0
492,26,True,2,5.0,570.0
493,26,True,3,15.0,571.0
494,26,True,4,8.0,572.0
495,26,True,5,3.0,573.0
496,26,True,6,5.0,574.0
497,26,True,7,6.0,575.0
498,26,True,8,0.0,576.0
499,26,True,9,2.0,577.0
500,26,True,10,2.0,578.0
501,26,True,11,2.0,579.0
502,26,True,12,1.0,580.0
503,26,True,13,0.0,581.0
504,31,False,-14,25.0,582.0
505,31,False,-13,15.0,583.0
506,31,False,-12,6.0,584.0
507,31,False,-11,9.0,585.0
508,31,False,-10,9.0,586.0
509,31,False,-9,10.0,587.0
510,31,False,-8,6.0,588.0
511,31,False,-7,9.0,589.0
512,31,False,-6,9.0,590.0
513,31,False,-5,15.0,591.0
514,31,False,-4,9.0,592.0
515,31,False,-3,13.0,593.0
516,31,False,-2,12.0,594.0
517,31,False,-1,3.0,595.0
518,31,False,0,4.0,596.0
519,31,False,1,6.0,597.0
520,31,False,2,4.0,598.0
521,31,False,3,11.0,599.0
522,31,False,4,6.0,600.0
523,31,False,5,5.0,601.0
524,31,False,6,3.0,602.0
525,31,False,7,1.0,603.0
526,31,False,8,1.0,604.0
527,31,False,9,9.0,605.0
528,31,False,10,1.0,606.0
529,31,False,11,3.0,607.0
530,31,False,12,9.0,608.0
531,31,False,13,6.0,609.0
532,31,True,-14,2.0,582.0
533,31,True,-13,2.0,583.0
534,31,True,-12,1.0,584.0
535,31,True,-11,0.0,585.0
536,31,True,-10,0.0,586.0
537,31,True,-9,1.0,587.0
538,31,True,-8,0.0,588.0
539,31,True,-7,1.0,589.0
540,31,True,-6,1.0,590.0
541,31,True,-5,4.0,591.0
542,31,True,-4,0.0,592.0
543,31,True,-3,3.0,593.0
544,31,True,-2,0.0,594.0
545,31,True,-1,0.0,595.0
546,31,True,0,4.0,596.0
547,31,True,1,0.0,597.0
548,31,True,2,1.0,598.0
549,31,True,3,0.0,599.0
550,31,True,4,0.0,600.0
551,31,True,5,0.0,601.0
552,31,True,6,0.0,602.0
553,31,True,7,0.0,603.0
554,31,True,8,2.0,604.0
555,31,True,9,1.0,605.0
556,31,True,10,1.0,606.0
557,31,True,11,0.0,607.0
558,31,True,12,1.0,608.0
559,31,True,13,0.0,609.0
560,32,False,-14,63.0,823.0
561,32,False,-13,34.0,824.0
562,32,False,-12,30.0,825.0
563,32,False,-11,23.0,826.0
564,32,False,-10,27.0,827.0
565,32,False,-9,24.0,828.0
566,32,False,-8,24.0,829.0
567,32,False,-7,15.0,830.0
568,32,False,-6,20.0,831.0
569,32,False,-5,11.0,832.0
570,32,False,-4,16.0,833.0
571,32,False,-3,18.0,834.0
572,32,False,-2,10.0,835.0
573,32,False,-1,132.0,836.0
574,32,False,0,377.0,837.0
575,32,False,1,32.0,838.0
576,32,False,2,23.0,839.0
577,32,False,3,29.0,840.0
578,32,False,4,22.0,841.0
579,32,False,5,9.0,842.0
580,32,False,6,14.0,843.0
581,32,False,7,38.0,844.0
582,32,False,8,35.0,845.0
583,32,False,9,24.0,846.0
584,32,False,10,34.0,847.0
585,32,False,11,28.0,848.0
586,32,False,12,14.0,849.0
587,32,False,13,17.0,850.0
588,32,True,-14,6.0,823.0
589,32,True,-13,9.0,824.0
590,32,True,-12,3.0,825.0
591,32,True,-11,5.0,826.0
592,32,True,-10,2.0,827.0
593,32,True,-9,3.0,828.0
594,32,True,-8,2.0,829.0
595,32,True,-7,1.0,830.0
596,32,True,-6,2.0,831.0
597,32,True,-5,4.0,832.0
598,32,True,-4,2.0,833.0
599,32,True,-3,2.0,834.0
600,32,True,-2,0.0,835.0
601,32,True,-1,24.0,836.0
602,32,True,0,60.0,837.0
603,32,True,1,3.0,838.0
604,32,True,2,5.0,839.0
605,32,True,3,3.0,840.0
606,32,True,4,2.0,841.0
607,32,True,5,2.0,842.0
608,32,True,6,1.0,843.0
609,32,True,7,8.0,844.0
610,32,True,8,2.0,845.0
611,32,True,9,2.0,846.0
612,32,True,10,6.0,847.0
613,32,True,11,6.0,848.0
614,32,True,12,1.0,849.0
615,32,True,13,2.0,850.0
616,36,False,-14,56.0,546.0
617,36,False,-13,105.0,547.0
618,36,False,-12,46.0,548.0
619,36,False,-11,61.0,549.0
620,36,False,-10,97.0,550.0
621,36,False,-9,141.0,551.0
622,36,False,-8,165.0,552.0
623,36,False,-7,144.0,553.0
624,36,False,-6,116.0,554.0
625,36,False,-5,110.0,555.0
626,36,False,-4,154.0,556.0
627,36,False,-3,492.0,557.0
628,36,False,-2,641.0,558.0
629,36,False,-1,887.0,559.0
630,36,False,0,890.0,560.0
631,36,False,1,806.0,561.0
632,36,False,2,1056.0,562.0
633,36,False,3,1695.0,563.0
634,36,False,4,1738.0,564.0
635,36,False,5,2201.0,565.0
636,36,False,6,4281.0,566.0
637,36,False,7,2333.0,567.0
638,36,False,8,1451.0,568.0
639,36,False,9,648.0,569.0
640,36,False,10,384.0,570.0
641,36,False,11,224.0,571.0
642,36,False,12,250.0,572.0
643,36,False,13,505.0,573.0
644,36,True,-14,13.0,546.0
645,36,True,-13,23.0,547.0
646,36,True,-12,6.0,548.0
647,36,True,-11,18.0,549.0
648,36,True,-10,23.0,550.0
649,36,True,-9,22.0,551.0
650,36,True,-8,21.0,552.0
651,36,True,-7,23.0,553.0
652,36,True,-6,28.0,554.0
653,36,True,-5,17.0,555.0
654,36,True,-4,30.0,556.0
655,36,True,-3,99.0,557.0
656,36,True,-2,130.0,558.0
657,36,True,-1,126.0,559.0
658,36,True,0,132.0,560.0
659,36,True,1,100.0,561.0
660,36,True,2,118.0,562.0
661,36,True,3,99.0,563.0
662,36,True,4,99.0,564.0
663,36,True,5,178.0,565.0
664,36,True,6,296.0,566.0
665,36,True,7,82.0,567.0
666,36,True,8,66.0,568.0
667,36,True,9,29.0,569.0
668,36,True,10,15.0,570.0
669,36,True,11,11.0,571.0
670,36,True,12,15.0,572.0
671,36,True,13,30.0,573.0
672,38,False,-14,12.0,573.0
673,38,False,-13,13.0,574.0
674,38,False,-12,5.0,575.0
675,38,False,-11,4.0,576.0
676,38,False,-10,5.0,577.0
677,38,False,-9,6.0,578.0
678,38,False,-8,3.0,579.0
679,38,False,-7,0.0,580.0
680,38,False,-6,1.0,581.0
681,38,False,-5,6.0,582.0
682,38,False,-4,2.0,583.0
683,38,False,-3,8.0,584.0
684,38,False,-2,7.0,585.0
685,38,False,-1,6.0,586.0
686,38,False,0,5.0,587.0
687,38,False,1,2.0,588.0
688,38,False,2,1.0,589.0
689,38,False,3,3.0,590.0
690,38,False,4,5.0,591.0
691,38,False,5,1.0,592.0
692,38,False,6,4.0,593.0
693,38,False,7,4.0,594.0
694,38,False,8,0.0,595.0
695,38,False,9,1.0,596.0
696,38,False,10,1.0,597.0
697,38,False,11,0.0,598.0
698,38,False,12,6.0,599.0
699,38,False,13,2.0,600.0
700,38,True,-14,2.0,573.0
701,38,True,-13,1.0,574.0
702,38,True,-12,0.0,575.0
703,38,True,-11,1.0,576.0
704,38,True,-10,1.0,577.0
705,38,True,-9,0.0,578.0
706,38,True,-8,1.0,579.0
707,38,True,-7,0.0,580.0
708,38,True,-6,0.0,581.0
709,38,True,-5,0.0,582.0
710,38,True,-4,0.0,583.0
711,38,True,-3,2.0,584.0
712,38,True,-2,0.0,585.0
713,38,True,-1,0.0,586.0
714,38,True,0,3.0,587.0
715,38,True,1,1.0,588.0
716,38,True,2,0.0,589.0
717,38,True,3,0.0,590.0
718,38,True,4,1.0,591.0
719,38,True,5,1.0,592.0
720,38,True,6,0.0,593.0
721,38,True,7,1.0,594.0
722,38,True,8,1.0,595.0
723,38,True,9,0.0,596.0
724,38,True,10,1.0,597.0
725,38,True,11,0.0,598.0
726,38,True,12,2.0,599.0
727,38,True,13,0.0,600.0
728,40,False,-14,143.0,637.0
729,40,False,-13,101.0,638.0
730,40,False,-12,188.0,639.0
731,40,False,-11,217.0,640.0
732,40,False,-10,128.0,641.0
733,40,False,-9,396.0,642.0
734,40,False,-8,245.0,643.0
735,40,False,-7,66.0,644.0
736,40,False,-6,65.0,645.0
737,40,False,-5,75.0,646.0
738,40,False,-4,87.0,647.0
739,40,False,-3,76.0,648.0
740,40,False,-2,162.0,649.0
741,40,False,-1,217.0,650.0
742,40,False,0,168.0,651.0
743,40,False,1,145.0,652.0
744,40,False,2,145.0,653.0
745,40,False,3,62.0,654.0
746,40,False,4,59.0,655.0
747,40,False,5,64.0,656.0
748,40,False,6,76.0,657.0
749,40,False,7,54.0,658.0
750,40,False,8,35.0,659.0
751,40,False,9,60.0,660.0
752,40,False,10,90.0,661.0
753,40,False,11,107.0,662.0
754,40,False,12,206.0,663.0
755,40,False,13,262.0,664.0
756,40,True,-14,7.0,637.0
757,40,True,-13,6.0,638.0
758,40,True,-12,11.0,639.0
759,40,True,-11,18.0,640.0
760,40,True,-10,13.0,641.0
761,40,True,-9,29.0,642.0
762,40,True,-8,19.0,643.0
763,40,True,-7,4.0,644.0
764,40,True,-6,5.0,645.0
765,40,True,-5,7.0,646.0
766,40,True,-4,4.0,647.0
767,40,True,-3,6.0,648.0
768,40,True,-2,17.0,649.0
769,40,True,-1,34.0,650.0
770,40,True,0,31.0,651.0
771,40,True,1,24.0,652.0
772,40,True,2,14.0,653.0
773,40,True,3,4.0,654.0
774,40,True,4,7.0,655.0
775,40,True,5,9.0,656.0
776,40,True,6,11.0,657.0
777,40,True,7,1.0,658.0
778,40,True,8,1.0,659.0
779,40,True,9,5.0,660.0
780,40,True,10,14.0,661.0
781,40,True,11,12.0,662.0
782,40,True,12,25.0,663.0
783,40,True,13,35.0,664.0
784,43,False,-14,45.0,555.0
785,43,False,-13,27.0,556.0
786,43,False,-12,451.0,557.0
787,43,False,-11,270.0,558.0
788,43,False,-10,604.0,559.0
789,43,False,-9,525.0,560.0
790,43,False,-8,783.0,561.0
791,43,False,-7,1433.0,562.0
792,43,False,-6,2644.0,563.0
793,43,False,-5,4632.0,564.0
794,43,False,-4,3857.0,565.0
795,43,False,-3,4698.0,566.0
796,43,False,-2,4770.0,567.0
797,43,False,-1,8644.0,568.0
798,43,False,0,7454.0,569.0
799,43,False,1,4491.0,570.0
800,43,False,2,4610.0,571.0
801,43,False,3,2783.0,572.0
802,43,False,4,2914.0,573.0
803,43,False,5,2127.0,574.0
804,43,False,6,1915.0,575.0
805,43,False,7,3785.0,576.0
806,43,False,8,1461.0,577.0
807,43,False,9,795.0,578.0
808,43,False,10,1239.0,579.0
809,43,False,11,571.0,580.0
810,43,False,12,424.0,581.0
811,43,False,13,1663.0,582.0
812,43,True,-14,2.0,555.0
813,43,True,-13,9.0,556.0
814,43,True,-12,45.0,557.0
815,43,True,-11,14.0,558.0
816,43,True,-10,42.0,559.0
817,43,True,-9,39.0,560.0
818,43,True,-8,48.0,561.0
819,43,True,-7,132.0,562.0
820,43,True,-6,196.0,563.0
821,43,True,-5,297.0,564.0
822,43,True,-4,249.0,565.0
823,43,True,-3,352.0,566.0
824,43,True,-2,262.0,567.0
825,43,True,-1,572.0,568.0
826,43,True,0,676.0,569.0
827,43,True,1,231.0,570.0
828,43,True,2,247.0,571.0
829,43,True,3,83.0,572.0
830,43,True,4,187.0,573.0
831,43,True,5,115.0,574.0
832,43,True,6,75.0,575.0
833,43,True,7,93.0,576.0
834,43,True,8,60.0,577.0
835,43,True,9,18.0,578.0
836,43,True,10,21.0,579.0
837,43,True,11,16.0,580.0
838,43,True,12,9.0,581.0
839,43,True,13,52.0,582.0
840,45,False,-14,3.0,564.0
841,45,False,-13,1.0,565.0
842,45,False,-12,0.0,566.0
843,45,False,-11,2.0,567.0
844,45,False,-10,4.0,568.0
845,45,False,-9,18.0,569.0
846,45,False,-8,22.0,570.0
847,45,False,-7,7.0,571.0
848,45,False,-6,2.0,572.0
849,45,False,-5,2.0,573.0
850,45,False,-4,1.0,574.0
851,45,False,-3,2.0,575.0
852,45,False,-2,1.0,576.0
853,45,False,-1,1.0,577.0
854,45,False,0,3.0,578.0
855,45,False,1,3.0,579.0
856,45,False,2,2.0,580.0
857,45,False,3,6.0,581.0
858,45,False,4,2.0,582.0
859,45,False,5,3.0,583.0
860,45,False,6,2.0,584.0
861,45,False,7,0.0,585.0
862,45,False,8,4.0,586.0
863,45,False,9,3.0,587.0
864,45,False,10,6.0,588.0
865,45,False,11,3.0,589.0
866,45,False,12,1.0,590.0
867,45,False,13,2.0,591.0
868,45,True,-14,1.0,564.0
869,45,True,-13,0.0,565.0
870,45,True,-12,0.0,566.0
871,45,True,-11,0.0,567.0
872,45,True,-10,0.0,568.0
873,45,True,-9,4.0,569.0
874,45,True,-8,6.0,570.0
875,45,True,-7,1.0,571.0
876,45,True,-6,1.0,572.0
877,45,True,-5,0.0,573.0
878,45,True,-4,2.0,574.0
879,45,True,-3,0.0,575.0
880,45,True,-2,0.0,576.0
881,45,True,-1,0.0,577.0
882,45,True,0,2.0,578.0
883,45,True,1,0.0,579.0
884,45,True,2,1.0,580.0
885,45,True,3,3.0,581.0
886,45,True,4,0.0,582.0
887,45,True,5,2.0,583.0
888,45,True,6,0.0,584.0
889,45,True,7,0.0,585.0
890,45,True,8,0.0,586.0
891,45,True,9,0.0,587.0
892,45,True,10,0.0,588.0
893,45,True,11,0.0,589.0
894,45,True,12,1.0,590.0
895,45,True,13,0.0,591.0
896,47,False,-14,0.0,-7.0
897,47,False,-13,0.0,-6.0
898,47,False,-12,0.0,-5.0
899,47,False,-11,0.0,-4.0
900,47,False,-10,0.0,-3.0
901,47,False,-9,0.0,-2.0
902,47,False,-8,3.0,-1.0
903,47,False,-7,28.0,0.0
904,47,False,-6,7.0,1.0
905,47,False,-5,8.0,2.0
906,47,False,-4,13.0,3.0
907,47,False,-3,7.0,4.0
908,47,False,-2,8.0,5.0
909,47,False,-1,8.0,6.0
910,47,False,0,18.0,7.0
911,47,False,1,10.0,8.0
912,47,False,2,3.0,9.0
913,47,False,3,3.0,10.0
914,47,False,4,1.0,11.0
915,47,False,5,5.0,12.0
916,47,False,6,4.0,13.0
917,47,False,7,5.0,14.0
918,47,False,8,13.0,15.0
919,47,False,9,11.0,16.0
920,47,False,10,6.0,17.0
921,47,False,11,11.0,18.0
922,47,False,12,4.0,19.0
923,47,False,13,1.0,20.0
924,47,True,-14,0.0,-7.0
925,47,True,-13,0.0,-6.0
926,47,True,-12,0.0,-5.0
927,47,True,-11,0.0,-4.0
928,47,True,-10,0.0,-3.0
929,47,True,-9,0.0,-2.0
930,47,True,-8,3.0,-1.0
931,47,True,-7,17.0,0.0
932,47,True,-6,7.0,1.0
933,47,True,-5,6.0,2.0
934,47,True,-4,4.0,3.0
935,47,True,-3,5.0,4.0
936,47,True,-2,3.0,5.0
937,47,True,-1,2.0,6.0
938,47,True,0,9.0,7.0
939,47,True,1,1.0,8.0
940,47,True,2,0.0,9.0
941,47,True,3,2.0,10.0
942,47,True,4,2.0,11.0
943,47,True,5,0.0,12.0
944,47,True,6,1.0,13.0
945,47,True,7,0.0,14.0
946,47,True,8,2.0,15.0
947,47,True,9,2.0,16.0
948,47,True,10,0.0,17.0
949,47,True,11,0.0,18.0
950,47,True,12,1.0,19.0
951,47,True,13,0.0,20.0
952,50,False,-14,30.0,51.0
953,50,False,-13,28.0,52.0
954,50,False,-12,28.0,53.0
955,50,False,-11,83.0,54.0
956,50,False,-10,248.0,55.0
957,50,False,-9,299.0,56.0
958,50,False,-8,98.0,57.0
959,50,False,-7,71.0,58.0
960,50,False,-6,89.0,59.0
961,50,False,-5,122.0,60.0
962,50,False,-4,121.0,61.0
963,50,False,-3,75.0,62.0
964,50,False,-2,95.0,63.0
965,50,False,-1,2277.0,64.0
966,50,False,0,1208.0,65.0
967,50,False,1,1799.0,66.0
968,50,False,2,856.0,67.0
969,50,False,3,244.0,68.0
970,50,False,4,285.0,69.0
971,50,False,5,288.0,70.0
972,50,False,6,224.0,71.0
973,50,False,7,118.0,72.0
974,50,False,8,106.0,73.0
975,50,False,9,97.0,74.0
976,50,False,10,187.0,75.0
977,50,False,11,134.0,76.0
978,50,False,12,131.0,77.0
979,50,False,13,81.0,78.0
980,50,True,-14,1.0,51.0
981,50,True,-13,2.0,52.0
982,50,True,-12,1.0,53.0
983,50,True,-11,9.0,54.0
984,50,True,-10,23.0,55.0
985,50,True,-9,7.0,56.0
986,50,True,-8,5.0,57.0
987,50,True,-7,2.0,58.0
988,50,True,-6,2.0,59.0
989,50,True,-5,3.0,60.0
990,50,True,-4,12.0,61.0
991,50,True,-3,3.0,62.0
992,50,True,-2,6.0,63.0
993,50,True,-1,84.0,64.0
994,50,True,0,39.0,65.0
995,50,True,1,12.0,66.0
996,50,True,2,7.0,67.0
997,50,True,3,2.0,68.0
998,50,True,4,0.0,69.0
999,50,True,5,0.0,70.0
1000,50,True,6,2.0,71.0
1001,50,True,7,0.0,72.0
1002,50,True,8,0.0,73.0
1003,50,True,9,1.0,74.0
1004,50,True,10,1.0,75.0
1005,50,True,11,0.0,76.0
1006,50,True,12,0.0,77.0
1007,50,True,13,0.0,78.0
1008,54,False,-14,0.0,-14.0
1009,54,False,-13,0.0,-13.0
1010,54,False,-12,0.0,-12.0
1011,54,False,-11,0.0,-11.0
1012,54,False,-10,0.0,-10.0
1013,54,False,-9,0.0,-9.0
1014,54,False,-8,0.0,-8.0
1015,54,False,-7,0.0,-7.0
1016,54,False,-6,0.0,-6.0
1017,54,False,-5,0.0,-5.0
1018,54,False,-4,0.0,-4.0
1019,54,False,-3,0.0,-3.0
1020,54,False,-2,0.0,-2.0
1021,54,False,-1,76.0,-1.0
1022,54,False,0,125.0,0.0
1023,54,False,1,42.0,1.0
1024,54,False,2,20.0,2.0
1025,54,False,3,22.0,3.0
1026,54,False,4,36.0,4.0
1027,54,False,5,41.0,5.0
1028,54,False,6,39.0,6.0
1029,54,False,7,44.0,7.0
1030,54,False,8,17.0,8.0
1031,54,False,9,6.0,9.0
1032,54,False,10,11.0,10.0
1033,54,False,11,40.0,11.0
1034,54,False,12,16.0,12.0
1035,54,False,13,19.0,13.0
1036,54,True,-14,0.0,-14.0
1037,54,True,-13,0.0,-13.0
1038,54,True,-12,0.0,-12.0
1039,54,True,-11,0.0,-11.0
1040,54,True,-10,0.0,-10.0
1041,54,True,-9,0.0,-9.0
1042,54,True,-8,0.0,-8.0
1043,54,True,-7,0.0,-7.0
1044,54,True,-6,0.0,-6.0
1045,54,True,-5,0.0,-5.0
1046,54,True,-4,0.0,-4.0
1047,54,True,-3,0.0,-3.0
1048,54,True,-2,0.0,-2.0
1049,54,True,-1,23.0,-1.0
1050,54,True,0,29.0,0.0
1051,54,True,1,4.0,1.0
1052,54,True,2,0.0,2.0
1053,54,True,3,1.0,3.0
1054,54,True,4,1.0,4.0
1055,54,True,5,0.0,5.0
1056,54,True,6,1.0,6.0
1057,54,True,7,1.0,7.0
1058,54,True,8,0.0,8.0
1059,54,True,9,0.0,9.0
1060,54,True,10,0.0,10.0
1061,54,True,11,3.0,11.0
1062,54,True,12,0.0,12.0
1063,54,True,13,0.0,13.0
1064,55,False,-14,0.0,-4.0
1065,55,False,-13,0.0,-3.0
1066,55,False,-12,0.0,-2.0
1067,55,False,-11,0.0,-1.0
1068,55,False,-10,0.0,0.0
1069,55,False,-9,0.0,1.0
1070,55,False,-8,0.0,2.0
1071,55,False,-7,5.0,3.0
1072,55,False,-6,7.0,4.0
1073,55,False,-5,13.0,5.0
1074,55,False,-4,2.0,6.0
1075,55,False,-3,18.0,7.0
1076,55,False,-2,6.0,8.0
1077,55,False,-1,6.0,9.0
1078,55,False,0,5.0,10.0
1079,55,False,1,5.0,11.0
1080,55,False,2,3.0,12.0
1081,55,False,3,3.0,13.0
1082,55,False,4,3.0,14.0
1083,55,False,5,7.0,15.0
1084,55,False,6,2.0,16.0
1085,55,False,7,4.0,17.0
1086,55,False,8,15.0,18.0
1087,55,False,9,5.0,19.0
1088,55,False,10,2.0,20.0
1089,55,False,11,9.0,21.0
1090,55,False,12,4.0,22.0
1091,55,False,13,0.0,23.0
1092,55,True,-14,0.0,-4.0
1093,55,True,-13,0.0,-3.0
1094,55,True,-12,0.0,-2.0
1095,55,True,-11,0.0,-1.0
1096,55,True,-10,0.0,0.0
1097,55,True,-9,0.0,1.0
1098,55,True,-8,0.0,2.0
1099,55,True,-7,16.0,3.0
1100,55,True,-6,31.0,4.0
1101,55,True,-5,19.0,5.0
1102,55,True,-4,4.0,6.0
1103,55,True,-3,12.0,7.0
1104,55,True,-2,6.0,8.0
1105,55,True,-1,4.0,9.0
1106,55,True,0,4.0,10.0
1107,55,True,1,9.0,11.0
1108,55,True,2,3.0,12.0
1109,55,True,3,1.0,13.0
1110,55,True,4,1.0,14.0
1111,55,True,5,1.0,15.0
1112,55,True,6,0.0,16.0
1113,55,True,7,1.0,17.0
1114,55,True,8,3.0,18.0
1115,55,True,9,1.0,19.0
1116,55,True,10,0.0,20.0
1117,55,True,11,1.0,21.0
1118,55,True,12,2.0,22.0
1119,55,True,13,1.0,23.0
1120,56,False,-14,42.0,687.0
1121,56,False,-13,17.0,688.0
1122,56,False,-12,4.0,689.0
1123,56,False,-11,15.0,690.0
1124,56,False,-10,6.0,691.0
1125,56,False,-9,17.0,692.0
1126,56,False,-8,8.0,693.0
1127,56,False,-7,5.0,694.0
1128,56,False,-6,5.0,695.0
1129,56,False,-5,10.0,696.0
1130,56,False,-4,14.0,697.0
1131,56,False,-3,4.0,698.0
1132,56,False,-2,17.0,699.0
1133,56,False,-1,81.0,700.0
1134,56,False,0,9.0,701.0
1135,56,False,1,13.0,702.0
1136,56,False,2,7.0,703.0
1137,56,False,3,5.0,704.0
1138,56,False,4,4.0,705.0
1139,56,False,5,9.0,706.0
1140,56,False,6,2.0,707.0
1141,56,False,7,8.0,708.0
1142,56,False,8,4.0,709.0
1143,56,False,9,17.0,710.0
1144,56,False,10,18.0,711.0
1145,56,False,11,4.0,712.0
1146,56,False,12,5.0,713.0
1147,56,False,13,6.0,714.0
1148,56,True,-14,8.0,687.0
1149,56,True,-13,3.0,688.0
1150,56,True,-12,4.0,689.0
1151,56,True,-11,0.0,690.0
1152,56,True,-10,3.0,691.0
1153,56,True,-9,2.0,692.0
1154,56,True,-8,0.0,693.0
1155,56,True,-7,1.0,694.0
1156,56,True,-6,2.0,695.0
1157,56,True,-5,1.0,696.0
1158,56,True,-4,1.0,697.0
1159,56,True,-3,0.0,698.0
1160,56,True,-2,4.0,699.0
1161,56,True,-1,8.0,700.0
1162,56,True,0,5.0,701.0
1163,56,True,1,4.0,702.0
1164,56,True,2,0.0,703.0
1165,56,True,3,0.0,704.0
1166,56,True,4,3.0,705.0
1167,56,True,5,1.0,706.0
1168,56,True,6,0.0,707.0
1169,56,True,7,1.0,708.0
1170,56,True,8,0.0,709.0
1171,56,True,9,4.0,710.0
1172,56,True,10,4.0,711.0
1173,56,True,11,1.0,712.0
1174,56,True,12,1.0,713.0
1175,56,True,13,0.0,714.0
1176,57,False,-14,2338.0,572.0
1177,57,False,-13,1365.0,573.0
1178,57,False,-12,809.0,574.0
1179,57,False,-11,707.0,575.0
1180,57,False,-10,874.0,576.0
1181,57,False,-9,573.0,577.0
1182,57,False,-8,700.0,578.0
1183,57,False,-7,1293.0,579.0
1184,57,False,-6,514.0,580.0
1185,57,False,-5,262.0,581.0
1186,57,False,-4,268.0,582.0
1187,57,False,-3,291.0,583.0
1188,57,False,-2,391.0,584.0
1189,57,False,-1,8705.0,585.0
1190,57,False,0,18993.0,586.0
1191,57,False,1,2321.0,587.0
1192,57,False,2,2313.0,588.0
1193,57,False,3,1219.0,589.0
1194,57,False,4,741.0,590.0
1195,57,False,5,3572.0,591.0
1196,57,False,6,470.0,592.0
1197,57,False,7,405.0,593.0
1198,57,False,8,372.0,594.0
1199,57,False,9,421.0,595.0
1200,57,False,10,501.0,596.0
1201,57,False,11,246.0,597.0
1202,57,False,12,407.0,598.0
1203,57,False,13,302.0,599.0
1204,57,True,-14,128.0,572.0
1205,57,True,-13,49.0,573.0
1206,57,True,-12,56.0,574.0
1207,57,True,-11,45.0,575.0
1208,57,True,-10,57.0,576.0
1209,57,True,-9,30.0,577.0
1210,57,True,-8,38.0,578.0
1211,57,True,-7,66.0,579.0
1212,57,True,-6,29.0,580.0
1213,57,True,-5,12.0,581.0
1214,57,True,-4,19.0,582.0
1215,57,True,-3,21.0,583.0
1216,57,True,-2,27.0,584.0
1217,57,True,-1,1079.0,585.0
1218,57,True,0,1773.0,586.0
1219,57,True,1,146.0,587.0
1220,57,True,2,237.0,588.0
1221,57,True,3,102.0,589.0
1222,57,True,4,75.0,590.0
1223,57,True,5,230.0,591.0
1224,57,True,6,27.0,592.0
1225,57,True,7,29.0,593.0
1226,57,True,8,17.0,594.0
1227,57,True,9,21.0,595.0
1228,57,True,10,27.0,596.0
1229,57,True,11,11.0,597.0
1230,57,True,12,32.0,598.0
1231,57,True,13,20.0,599.0
1232,60,False,-14,0.0,684.0
1233,60,False,-13,0.0,685.0
1234,60,False,-12,0.0,686.0
1235,60,False,-11,0.0,687.0
1236,60,False,-10,0.0,688.0
1237,60,False,-9,0.0,689.0
1238,60,False,-8,0.0,690.0
1239,60,False,-7,0.0,691.0
1240,60,False,-6,0.0,692.0
1241,60,False,-5,0.0,693.0
1242,60,False,-4,0.0,694.0
1243,60,False,-3,0.0,695.0
1244,60,False,-2,0.0,696.0
1245,60,False,-1,0.0,697.0
1246,60,False,0,0.0,698.0
1247,60,False,1,0.0,699.0
1248,60,False,2,0.0,700.0
1249,60,False,3,0.0,701.0
1250,60,False,4,0.0,702.0
1251,60,False,5,0.0,703.0
1252,60,False,6,0.0,704.0
1253,60,False,7,0.0,705.0
1254,60,False,8,0.0,706.0
1255,60,False,9,0.0,707.0
1256,60,False,10,0.0,708.0
1257,60,False,11,0.0,709.0
1258,60,False,12,0.0,710.0
1259,60,False,13,0.0,711.0
1260,60,True,-14,0.0,684.0
1261,60,True,-13,0.0,685.0
1262,60,True,-12,0.0,686.0
1263,60,True,-11,0.0,687.0
1264,60,True,-10,0.0,688.0
1265,60,True,-9,0.0,689.0
1266,60,True,-8,0.0,690.0
1267,60,True,-7,0.0,691.0
1268,60,True,-6,1.0,692.0
1269,60,True,-5,0.0,693.0
1270,60,True,-4,0.0,694.0
1271,60,True,-3,0.0,695.0
1272,60,True,-2,0.0,696.0
1273,60,True,-1,0.0,697.0
1274,60,True,0,0.0,698.0
1275,60,True,1,0.0,699.0
1276,60,True,2,0.0,700.0
1277,60,True,3,0.0,701.0
1278,60,True,4,0.0,702.0
1279,60,True,5,0.0,703.0
1280,60,True,6,0.0,704.0
1281,60,True,7,0.0,705.0
1282,60,True,8,0.0,706.0
1283,60,True,9,0.0,707.0
1284,60,True,10,0.0,708.0
1285,60,True,11,0.0,709.0
1286,60,True,12,0.0,710.0
1287,60,True,13,0.0,711.0
1288,61,False,-14,7.0,561.0
1289,61,False,-13,1.0,562.0
1290,61,False,-12,12.0,563.0
1291,61,False,-11,3.0,564.0
1292,61,False,-10,4.0,565.0
1293,61,False,-9,14.0,566.0
1294,61,False,-8,8.0,567.0
1295,61,False,-7,7.0,568.0
1296,61,False,-6,5.0,569.0
1297,61,False,-5,6.0,570.0
1298,61,False,-4,44.0,571.0
1299,61,False,-3,15.0,572.0
1300,61,False,-2,631.0,573.0
1301,61,False,-1,4204.0,574.0
1302,61,False,0,3354.0,575.0
1303,61,False,1,228.0,576.0
1304,61,False,2,145.0,577.0
1305,61,False,3,95.0,578.0
1306,61,False,4,50.0,579.0
1307,61,False,5,39.0,580.0
1308,61,False,6,22.0,581.0
1309,61,False,7,18.0,582.0
1310,61,False,8,46.0,583.0
1311,61,False,9,26.0,584.0
1312,61,False,10,20.0,585.0
1313,61,False,11,826.0,586.0
1314,61,False,12,23.0,587.0
1315,61,False,13,38.0,588.0
1316,61,True,-14,0.0,561.0
1317,61,True,-13,0.0,562.0
1318,61,True,-12,2.0,563.0
1319,61,True,-11,0.0,564.0
1320,61,True,-10,1.0,565.0
1321,61,True,-9,0.0,566.0
1322,61,True,-8,0.0,567.0
1323,61,True,-7,1.0,568.0
1324,61,True,-6,2.0,569.0
1325,61,True,-5,3.0,570.0
1326,61,True,-4,1.0,571.0
1327,61,True,-3,2.0,572.0
1328,61,True,-2,86.0,573.0
1329,61,True,-1,702.0,574.0
1330,61,True,0,437.0,575.0
1331,61,True,1,17.0,576.0
1332,61,True,2,10.0,577.0
1333,61,True,3,9.0,578.0
1334,61,True,4,3.0,579.0
1335,61,True,5,4.0,580.0
1336,61,True,6,3.0,581.0
1337,61,True,7,4.0,582.0
1338,61,True,8,6.0,583.0
1339,61,True,9,0.0,584.0
1340,61,True,10,0.0,585.0
1341,61,True,11,68.0,586.0
1342,61,True,12,0.0,587.0
1343,61,True,13,8.0,588.0
1344,63,False,-14,2.0,672.0
1345,63,False,-13,1.0,673.0
1346,63,False,-12,2.0,674.0
1347,63,False,-11,1.0,675.0
1348,63,False,-10,1.0,676.0
1349,63,False,-9,1.0,677.0
1350,63,False,-8,1.0,678.0
1351,63,False,-7,2.0,679.0
1352,63,False,-6,1.0,680.0
1353,63,False,-5,1.0,681.0
1354,63,False,-4,2.0,682.0
1355,63,False,-3,0.0,683.0
1356,63,False,-2,2.0,684.0
1357,63,False,-1,0.0,685.0
1358,63,False,0,5.0,686.0
1359,63,False,1,1.0,687.0
1360,63,False,2,0.0,688.0
1361,63,False,3,0.0,689.0
1362,63,False,4,0.0,690.0
1363,63,False,5,0.0,691.0
1364,63,False,6,0.0,692.0
1365,63,False,7,0.0,693.0
1366,63,False,8,1.0,694.0
1367,63,False,9,1.0,695.0
1368,63,False,10,1.0,696.0
1369,63,False,11,0.0,697.0
1370,63,False,12,1.0,698.0
1371,63,False,13,0.0,699.0
1372,63,True,-14,0.0,672.0
1373,63,True,-13,0.0,673.0
1374,63,True,-12,0.0,674.0
1375,63,True,-11,1.0,675.0
1376,63,True,-10,0.0,676.0
1377,63,True,-9,0.0,677.0
1378,63,True,-8,2.0,678.0
1379,63,True,-7,1.0,679.0
1380,63,True,-6,0.0,680.0
1381,63,True,-5,0.0,681.0
1382,63,True,-4,0.0,682.0
1383,63,True,-3,1.0,683.0
1384,63,True,-2,0.0,684.0
1385,63,True,-1,0.0,685.0
1386,63,True,0,1.0,686.0
1387,63,True,1,1.0,687.0
1388,63,True,2,1.0,688.0
1389,63,True,3,0.0,689.0
1390,63,True,4,0.0,690.0
1391,63,True,5,0.0,691.0
1392,63,True,6,0.0,692.0
1393,63,True,7,0.0,693.0
1394,63,True,8,0.0,694.0
1395,63,True,9,0.0,695.0
1396,63,True,10,0.0,696.0
1397,63,True,11,0.0,697.0
1398,63,True,12,0.0,698.0
1399,63,True,13,0.0,699.0
1400,65,False,-14,102.0,714.0
1401,65,False,-13,165.0,715.0
1402,65,False,-12,95.0,716.0
1403,65,False,-11,211.0,717.0
1404,65,False,-10,168.0,718.0
1405,65,False,-9,63.0,719.0
1406,65,False,-8,79.0,720.0
1407,65,False,-7,97.0,721.0
1408,65,False,-6,203.0,722.0
1409,65,False,-5,93.0,723.0
1410,65,False,-4,47.0,724.0
1411,65,False,-3,118.0,725.0
1412,65,False,-2,146.0,726.0
1413,65,False,-1,272.0,727.0
1414,65,False,0,585.0,728.0
1415,65,False,1,196.0,729.0
1416,65,False,2,126.0,730.0
1417,65,False,3,222.0,731.0
1418,65,False,4,66.0,732.0
1419,65,False,5,21.0,733.0
1420,65,False,6,13.0,734.0
1421,65,False,7,8.0,735.0
1422,65,False,8,29.0,736.0
1423,65,False,9,12.0,737.0
1424,65,False,10,7.0,738.0
1425,65,False,11,3.0,739.0
1426,65,False,12,19.0,740.0
1427,65,False,13,41.0,741.0
1428,65,True,-14,28.0,714.0
1429,65,True,-13,38.0,715.0
1430,65,True,-12,17.0,716.0
1431,65,True,-11,51.0,717.0
1432,65,True,-10,32.0,718.0
1433,65,True,-9,9.0,719.0
1434,65,True,-8,16.0,720.0
1435,65,True,-7,19.0,721.0
1436,65,True,-6,28.0,722.0
1437,65,True,-5,13.0,723.0
1438,65,True,-4,9.0,724.0
1439,65,True,-3,23.0,725.0
1440,65,True,-2,33.0,726.0
1441,65,True,-1,56.0,727.0
1442,65,True,0,96.0,728.0
1443,65,True,1,32.0,729.0
1444,65,True,2,16.0,730.0
1445,65,True,3,50.0,731.0
1446,65,True,4,9.0,732.0
1447,65,True,5,6.0,733.0
1448,65,True,6,2.0,734.0
1449,65,True,7,1.0,735.0
1450,65,True,8,6.0,736.0
1451,65,True,9,3.0,737.0
1452,65,True,10,2.0,738.0
1453,65,True,11,1.0,739.0
1454,65,True,12,1.0,740.0
1455,65,True,13,8.0,741.0
1456,66,False,-14,0.0,-11.0
1457,66,False,-13,0.0,-10.0
1458,66,False,-12,0.0,-9.0
1459,66,False,-11,0.0,-8.0
1460,66,False,-10,0.0,-7.0
1461,66,False,-9,0.0,-6.0
1462,66,False,-8,0.0,-5.0
1463,66,False,-7,0.0,-4.0
1464,66,False,-6,0.0,-3.0
1465,66,False,-5,0.0,-2.0
1466,66,False,-4,0.0,-1.0
1467,66,False,-3,198.0,0.0
1468,66,False,-2,96.0,1.0
1469,66,False,-1,61.0,2.0
1470,66,False,0,28.0,3.0
1471,66,False,1,27.0,4.0
1472,66,False,2,19.0,5.0
1473,66,False,3,16.0,6.0
1474,66,False,4,31.0,7.0
1475,66,False,5,18.0,8.0
1476,66,False,6,13.0,9.0
1477,66,False,7,8.0,10.0
1478,66,False,8,5.0,11.0
1479,66,False,9,25.0,12.0
1480,66,False,10,8.0,13.0
1481,66,False,11,16.0,14.0
1482,66,False,12,7.0,15.0
1483,66,False,13,5.0,16.0
1484,66,True,-14,0.0,-11.0
1485,66,True,-13,0.0,-10.0
1486,66,True,-12,0.0,-9.0
1487,66,True,-11,0.0,-8.0
1488,66,True,-10,0.0,-7.0
1489,66,True,-9,0.0,-6.0
1490,66,True,-8,0.0,-5.0
1491,66,True,-7,0.0,-4.0
1492,66,True,-6,0.0,-3.0
1493,66,True,-5,0.0,-2.0
1494,66,True,-4,0.0,-1.0
1495,66,True,-3,92.0,0.0
1496,66,True,-2,40.0,1.0
1497,66,True,-1,20.0,2.0
1498,66,True,0,13.0,3.0
1499,66,True,1,3.0,4.0
1500,66,True,2,3.0,5.0
1501,66,True,3,4.0,6.0
1502,66,True,4,2.0,7.0
1503,66,True,5,1.0,8.0
1504,66,True,6,0.0,9.0
1505,66,True,7,0.0,10.0
1506,66,True,8,0.0,11.0
1507,66,True,9,2.0,12.0
1508,66,True,10,0.0,13.0
1509,66,True,11,1.0,14.0
1510,66,True,12,0.0,15.0
1511,66,True,13,0.0,16.0
1512,67,False,-14,0.0,-14.0
1513,67,False,-13,0.0,-13.0
1514,67,False,-12,0.0,-12.0
1515,67,False,-11,0.0,-11.0
1516,67,False,-10,0.0,-10.0
1517,67,False,-9,0.0,-9.0
1518,67,False,-8,0.0,-8.0
1519,67,False,-7,0.0,-7.0
1520,67,False,-6,0.0,-6.0
1521,67,False,-5,0.0,-5.0
1522,67,False,-4,0.0,-4.0
1523,67,False,-3,0.0,-3.0
1524,67,False,-2,0.0,-2.0
1525,67,False,-1,13.0,-1.0
1526,67,False,0,39.0,0.0
1527,67,False,1,21.0,1.0
1528,67,False,2,18.0,2.0
1529,67,False,3,9.0,3.0
1530,67,False,4,15.0,4.0
1531,67,False,5,16.0,5.0
1532,67,False,6,7.0,6.0
1533,67,False,7,11.0,7.0
1534,67,False,8,7.0,8.0
1535,67,False,9,11.0,9.0
1536,67,False,10,11.0,10.0
1537,67,False,11,14.0,11.0
1538,67,False,12,14.0,12.0
1539,67,False,13,10.0,13.0
1540,67,True,-14,0.0,-14.0
1541,67,True,-13,0.0,-13.0
1542,67,True,-12,0.0,-12.0
1543,67,True,-11,0.0,-11.0
1544,67,True,-10,0.0,-10.0
1545,67,True,-9,0.0,-9.0
1546,67,True,-8,0.0,-8.0
1547,67,True,-7,0.0,-7.0
1548,67,True,-6,0.0,-6.0
1549,67,True,-5,0.0,-5.0
1550,67,True,-4,0.0,-4.0
1551,67,True,-3,0.0,-3.0
1552,67,True,-2,0.0,-2.0
1553,67,True,-1,14.0,-1.0
1554,67,True,0,21.0,0.0
1555,67,True,1,2.0,1.0
1556,67,True,2,2.0,2.0
1557,67,True,3,0.0,3.0
1558,67,True,4,2.0,4.0
1559,67,True,5,1.0,5.0
1560,67,True,6,0.0,6.0
1561,67,True,7,0.0,7.0
1562,67,True,8,0.0,8.0
1563,67,True,9,0.0,9.0
1564,67,True,10,0.0,10.0
1565,67,True,11,2.0,11.0
1566,67,True,12,1.0,12.0
1567,67,True,13,0.0,13.0
1568,70,False,-14,0.0,811.0
1569,70,False,-13,8.0,812.0
1570,70,False,-12,3.0,813.0
1571,70,False,-11,3.0,814.0
1572,70,False,-10,2.0,815.0
1573,70,False,-9,2.0,816.0
1574,70,False,-8,1.0,817.0
1575,70,False,-7,2.0,818.0
1576,70,False,-6,3.0,819.0
1577,70,False,-5,1.0,820.0
1578,70,False,-4,0.0,821.0
1579,70,False,-3,1.0,822.0
1580,70,False,-2,0.0,823.0
1581,70,False,-1,0.0,824.0
1582,70,False,0,6.0,825.0
1583,70,False,1,2.0,826.0
1584,70,False,2,0.0,827.0
1585,70,False,3,1.0,828.0
1586,70,False,4,3.0,829.0
1587,70,False,5,2.0,830.0
1588,70,False,6,3.0,831.0
1589,70,False,7,2.0,832.0
1590,70,False,8,2.0,833.0
1591,70,False,9,1.0,834.0
1592,70,False,10,3.0,835.0
1593,70,False,11,1.0,836.0
1594,70,False,12,2.0,837.0
1595,70,False,13,0.0,838.0
1596,70,True,-14,0.0,811.0
1597,70,True,-13,0.0,812.0
1598,70,True,-12,1.0,813.0
1599,70,True,-11,0.0,814.0
1600,70,True,-10,1.0,815.0
1601,70,True,-9,0.0,816.0
1602,70,True,-8,0.0,817.0
1603,70,True,-7,0.0,818.0
1604,70,True,-6,0.0,819.0
1605,70,True,-5,0.0,820.0
1606,70,True,-4,2.0,821.0
1607,70,True,-3,0.0,822.0
1608,70,True,-2,0.0,823.0
1609,70,True,-1,2.0,824.0
1610,70,True,0,0.0,825.0
1611,70,True,1,0.0,826.0
1612,70,True,2,0.0,827.0
1613,70,True,3,0.0,828.0
1614,70,True,4,0.0,829.0
1615,70,True,5,0.0,830.0
1616,70,True,6,1.0,831.0
1617,70,True,7,1.0,832.0
1618,70,True,8,0.0,833.0
1619,70,True,9,0.0,834.0
1620,70,True,10,0.0,835.0
1621,70,True,11,0.0,836.0
1622,70,True,12,0.0,837.0
1623,70,True,13,2.0,838.0
1624,76,False,-14,0.0,588.0
1625,76,False,-13,0.0,589.0
1626,76,False,-12,1.0,590.0
1627,76,False,-11,2.0,591.0
1628,76,False,-10,0.0,592.0
1629,76,False,-9,0.0,593.0
1630,76,False,-8,0.0,594.0
1631,76,False,-7,0.0,595.0
1632,76,False,-6,0.0,596.0
1633,76,False,-5,0.0,597.0
1634,76,False,-4,0.0,598.0
1635,76,False,-3,0.0,599.0
1636,76,False,-2,0.0,600.0
1637,76,False,-1,0.0,601.0
1638,76,False,0,1.0,602.0
1639,76,False,1,0.0,603.0
1640,76,False,2,0.0,604.0
1641,76,False,3,0.0,605.0
1642,76,False,4,0.0,606.0
1643,76,False,5,1.0,607.0
1644,76,False,6,1.0,608.0
1645,76,False,7,0.0,609.0
1646,76,False,8,1.0,610.0
1647,76,False,9,1.0,611.0
1648,76,False,10,0.0,612.0
1649,76,False,11,0.0,613.0
1650,76,False,12,0.0,614.0
1651,76,False,13,1.0,615.0
1652,76,True,-14,0.0,588.0
1653,76,True,-13,0.0,589.0
1654,76,True,-12,0.0,590.0
1655,76,True,-11,0.0,591.0
1656,76,True,-10,0.0,592.0
1657,76,True,-9,0.0,593.0
1658,76,True,-8,0.0,594.0
1659,76,True,-7,0.0,595.0
1660,76,True,-6,0.0,596.0
1661,76,True,-5,0.0,597.0
1662,76,True,-4,0.0,598.0
1663,76,True,-3,0.0,599.0
1664,76,True,-2,0.0,600.0
1665,76,True,-1,0.0,601.0
1666,76,True,0,1.0,602.0
1667,76,True,1,0.0,603.0
1668,76,True,2,0.0,604.0
1669,76,True,3,0.0,605.0
1670,76,True,4,0.0,606.0
1671,76,True,5,0.0,607.0
1672,76,True,6,0.0,608.0
1673,76,True,7,0.0,609.0
1674,76,True,8,0.0,610.0
1675,76,True,9,0.0,611.0
1676,76,True,10,0.0,612.0
1677,76,True,11,0.0,613.0
1678,76,True,12,0.0,614.0
1679,76,True,13,0.0,615.0
1680,79,False,-14,0.0,-10.0
1681,79,False,-13,0.0,-9.0
1682,79,False,-12,0.0,-8.0
1683,79,False,-11,0.0,-7.0
1684,79,False,-10,0.0,-6.0
1685,79,False,-9,0.0,-5.0
1686,79,False,-8,0.0,-4.0
1687,79,False,-7,0.0,-3.0
1688,79,False,-6,0.0,-2.0
1689,79,False,-5,0.0,-1.0
1690,79,False,-4,17.0,0.0
1691,79,False,-3,3.0,1.0
1692,79,False,-2,6.0,2.0
1693,79,False,-1,7.0,3.0
1694,79,False,0,5.0,4.0
1695,79,False,1,3.0,5.0
1696,79,False,2,23.0,6.0
1697,79,False,3,41.0,7.0
1698,79,False,4,21.0,8.0
1699,79,False,5,3.0,9.0
1700,79,False,6,5.0,10.0
1701,79,False,7,8.0,11.0
1702,79,False,8,11.0,12.0
1703,79,False,9,5.0,13.0
1704,79,False,10,8.0,14.0
1705,79,False,11,5.0,15.0
1706,79,False,12,15.0,16.0
1707,79,False,13,5.0,17.0
1708,79,True,-14,0.0,-10.0
1709,79,True,-13,0.0,-9.0
1710,79,True,-12,0.0,-8.0
1711,79,True,-11,0.0,-7.0
1712,79,True,-10,0.0,-6.0
1713,79,True,-9,0.0,-5.0
1714,79,True,-8,0.0,-4.0
1715,79,True,-7,0.0,-3.0
1716,79,True,-6,0.0,-2.0
1717,79,True,-5,0.0,-1.0
1718,79,True,-4,10.0,0.0
1719,79,True,-3,9.0,1.0
1720,79,True,-2,2.0,2.0
1721,79,True,-1,4.0,3.0
1722,79,True,0,1.0,4.0
1723,79,True,1,0.0,5.0
1724,79,True,2,11.0,6.0
1725,79,True,3,5.0,7.0
1726,79,True,4,5.0,8.0
1727,79,True,5,1.0,9.0
1728,79,True,6,1.0,10.0
1729,79,True,7,4.0,11.0
1730,79,True,8,3.0,12.0
1731,79,True,9,0.0,13.0
1732,79,True,10,0.0,14.0
1733,79,True,11,1.0,15.0
1734,79,True,12,0.0,16.0
1735,79,True,13,1.0,17.0
1736,82,False,-14,3.0,656.0
1737,82,False,-13,1.0,657.0
1738,82,False,-12,0.0,658.0
1739,82,False,-11,1.0,659.0
1740,82,False,-10,1.0,660.0
1741,82,False,-9,0.0,661.0
1742,82,False,-8,2.0,662.0
1743,82,False,-7,1.0,663.0
1744,82,False,-6,0.0,664.0
1745,82,False,-5,0.0,665.0
1746,82,False,-4,2.0,666.0
1747,82,False,-3,2.0,667.0
1748,82,False,-2,5.0,668.0
1749,82,False,-1,98.0,669.0
1750,82,False,0,17.0,670.0
1751,82,False,1,10.0,671.0
1752,82,False,2,2.0,672.0
1753,82,False,3,2.0,673.0
1754,82,False,4,0.0,674.0
1755,82,False,5,2.0,675.0
1756,82,False,6,2.0,676.0
1757,82,False,7,1.0,677.0
1758,82,False,8,1.0,678.0
1759,82,False,9,0.0,679.0
1760,82,False,10,0.0,680.0
1761,82,False,11,0.0,681.0
1762,82,False,12,0.0,682.0
1763,82,False,13,0.0,683.0
1764,82,True,-14,0.0,656.0
1765,82,True,-13,0.0,657.0
1766,82,True,-12,0.0,658.0
1767,82,True,-11,0.0,659.0
1768,82,True,-10,0.0,660.0
1769,82,True,-9,0.0,661.0
1770,82,True,-8,0.0,662.0
1771,82,True,-7,0.0,663.0
1772,82,True,-6,0.0,664.0
1773,82,True,-5,0.0,665.0
1774,82,True,-4,1.0,666.0
1775,82,True,-3,0.0,667.0
1776,82,True,-2,2.0,668.0
1777,82,True,-1,34.0,669.0
1778,82,True,0,10.0,670.0
1779,82,True,1,0.0,671.0
1780,82,True,2,2.0,672.0
1781,82,True,3,1.0,673.0
1782,82,True,4,0.0,674.0
1783,82,True,5,0.0,675.0
1784,82,True,6,0.0,676.0
1785,82,True,7,0.0,677.0
1786,82,True,8,1.0,678.0
1787,82,True,9,0.0,679.0
1788,82,True,10,0.0,680.0
1789,82,True,11,1.0,681.0
1790,82,True,12,1.0,682.0
1791,82,True,13,0.0,683.0
1792,84,False,-14,24.0,573.0
1793,84,False,-13,6.0,574.0
1794,84,False,-12,13.0,575.0
1795,84,False,-11,10.0,576.0
1796,84,False,-10,25.0,577.0
1797,84,False,-9,10.0,578.0
1798,84,False,-8,5.0,579.0
1799,84,False,-7,9.0,580.0
1800,84,False,-6,7.0,581.0
1801,84,False,-5,69.0,582.0
1802,84,False,-4,21.0,583.0
1803,84,False,-3,11.0,584.0
1804,84,False,-2,120.0,585.0
1805,84,False,-1,52.0,586.0
1806,84,False,0,43.0,587.0
1807,84,False,1,18.0,588.0
1808,84,False,2,14.0,589.0
1809,84,False,3,16.0,590.0
1810,84,False,4,13.0,591.0
1811,84,False,5,6.0,592.0
1812,84,False,6,8.0,593.0
1813,84,False,7,30.0,594.0
1814,84,False,8,3.0,595.0
1815,84,False,9,5.0,596.0
1816,84,False,10,2.0,597.0
1817,84,False,11,0.0,598.0
1818,84,False,12,1.0,599.0
1819,84,False,13,4.0,600.0
1820,84,True,-14,3.0,573.0
1821,84,True,-13,3.0,574.0
1822,84,True,-12,3.0,575.0
1823,84,True,-11,0.0,576.0
1824,84,True,-10,5.0,577.0
1825,84,True,-9,1.0,578.0
1826,84,True,-8,0.0,579.0
1827,84,True,-7,0.0,580.0
1828,84,True,-6,0.0,581.0
1829,84,True,-5,15.0,582.0
1830,84,True,-4,3.0,583.0
1831,84,True,-3,1.0,584.0
1832,84,True,-2,26.0,585.0
1833,84,True,-1,16.0,586.0
1834,84,True,0,5.0,587.0
1835,84,True,1,1.0,588.0
1836,84,True,2,4.0,589.0
1837,84,True,3,3.0,590.0
1838,84,True,4,2.0,591.0
1839,84,True,5,3.0,592.0
1840,84,True,6,1.0,593.0
1841,84,True,7,2.0,594.0
1842,84,True,8,1.0,595.0
1843,84,True,9,1.0,596.0
1844,84,True,10,1.0,597.0
1845,84,True,11,0.0,598.0
1846,84,True,12,0.0,599.0
1847,84,True,13,1.0,600.0
1848,86,False,-14,0.0,-9.0
1849,86,False,-13,0.0,-8.0
1850,86,False,-12,0.0,-7.0
1851,86,False,-11,0.0,-6.0
1852,86,False,-10,0.0,-5.0
1853,86,False,-9,0.0,-4.0
1854,86,False,-8,0.0,-3.0
1855,86,False,-7,0.0,-2.0
1856,86,False,-6,0.0,-1.0
1857,86,False,-5,0.0,0.0
1858,86,False,-4,0.0,1.0
1859,86,False,-3,89.0,2.0
1860,86,False,-2,95.0,3.0
1861,86,False,-1,133.0,4.0
1862,86,False,0,108.0,5.0
1863,86,False,1,178.0,6.0
1864,86,False,2,88.0,7.0
1865,86,False,3,134.0,8.0
1866,86,False,4,70.0,9.0
1867,86,False,5,45.0,10.0
1868,86,False,6,54.0,11.0
1869,86,False,7,68.0,12.0
1870,86,False,8,90.0,13.0
1871,86,False,9,92.0,14.0
1872,86,False,10,141.0,15.0
1873,86,False,11,83.0,16.0
1874,86,False,12,64.0,17.0
1875,86,False,13,63.0,18.0
1876,86,True,-14,0.0,-9.0
1877,86,True,-13,0.0,-8.0
1878,86,True,-12,0.0,-7.0
1879,86,True,-11,0.0,-6.0
1880,86,True,-10,0.0,-5.0
1881,86,True,-9,0.0,-4.0
1882,86,True,-8,0.0,-3.0
1883,86,True,-7,0.0,-2.0
1884,86,True,-6,0.0,-1.0
1885,86,True,-5,0.0,0.0
1886,86,True,-4,0.0,1.0
1887,86,True,-3,66.0,2.0
1888,86,True,-2,34.0,3.0
1889,86,True,-1,45.0,4.0
1890,86,True,0,20.0,5.0
1891,86,True,1,22.0,6.0
1892,86,True,2,9.0,7.0
1893,86,True,3,20.0,8.0
1894,86,True,4,8.0,9.0
1895,86,True,5,4.0,10.0
1896,86,True,6,5.0,11.0
1897,86,True,7,3.0,12.0
1898,86,True,8,3.0,13.0
1899,86,True,9,3.0,14.0
1900,86,True,10,5.0,15.0
1901,86,True,11,4.0,16.0
1902,86,True,12,3.0,17.0
1903,86,True,13,4.0,18.0
1904,95,False,-14,0.0,-5.0
1905,95,False,-13,50.0,-4.0
1906,95,False,-12,21.0,-3.0
1907,95,False,-11,12.0,-2.0
1908,95,False,-10,14.0,-1.0
1909,95,False,-9,13.0,0.0
1910,95,False,-8,6.0,1.0
1911,95,False,-7,3.0,2.0
1912,95,False,-6,11.0,3.0
1913,95,False,-5,2.0,4.0
1914,95,False,-4,3.0,5.0
1915,95,False,-3,2.0,6.0
1916,95,False,-2,3.0,7.0
1917,95,False,-1,1.0,8.0
1918,95,False,0,3.0,9.0
1919,95,False,1,1.0,10.0
1920,95,False,2,4.0,11.0
1921,95,False,3,2.0,12.0
1922,95,False,4,0.0,13.0
1923,95,False,5,1.0,14.0
1924,95,False,6,0.0,15.0
1925,95,False,7,3.0,16.0
1926,95,False,8,4.0,17.0
1927,95,False,9,2.0,18.0
1928,95,False,10,0.0,19.0
1929,95,False,11,1.0,20.0
1930,95,False,12,1.0,21.0
1931,95,False,13,1.0,22.0
1932,95,True,-14,0.0,-5.0
1933,95,True,-13,0.0,-4.0
1934,95,True,-12,0.0,-3.0
1935,95,True,-11,0.0,-2.0
1936,95,True,-10,0.0,-1.0
1937,95,True,-9,1.0,0.0
1938,95,True,-8,3.0,1.0
1939,95,True,-7,1.0,2.0
1940,95,True,-6,2.0,3.0
1941,95,True,-5,0.0,4.0
1942,95,True,-4,1.0,5.0
1943,95,True,-3,0.0,6.0
1944,95,True,-2,0.0,7.0
1945,95,True,-1,1.0,8.0
1946,95,True,0,1.0,9.0
1947,95,True,1,0.0,10.0
1948,95,True,2,3.0,11.0
1949,95,True,3,0.0,12.0
1950,95,True,4,1.0,13.0
1951,95,True,5,0.0,14.0
1952,95,True,6,0.0,15.0
1953,95,True,7,0.0,16.0
1954,95,True,8,0.0,17.0
1955,95,True,9,0.0,18.0
1956,95,True,10,0.0,19.0
1957,95,True,11,0.0,20.0
1958,95,True,12,0.0,21.0
1959,95,True,13,0.0,22.0
1960,99,False,-14,0.0,-13.0
1961,99,False,-13,0.0,-12.0
1962,99,False,-12,0.0,-11.0
1963,99,False,-11,0.0,-10.0
1964,99,False,-10,0.0,-9.0
1965,99,False,-9,0.0,-8.0
1966,99,False,-8,0.0,-7.0
1967,99,False,-7,0.0,-6.0
1968,99,False,-6,0.0,-5.0
1969,99,False,-5,0.0,-4.0
1970,99,False,-4,0.0,-3.0
1971,99,False,-3,0.0,-2.0
1972,99,False,-2,17.0,-1.0
1973,99,False,-1,4.0,0.0
1974,99,False,0,4.0,1.0
1975,99,False,1,2.0,2.0
1976,99,False,2,1.0,3.0
1977,99,False,3,3.0,4.0
1978,99,False,4,1.0,5.0
1979,99,False,5,3.0,6.0
1980,99,False,6,1.0,7.0
1981,99,False,7,0.0,8.0
1982,99,False,8,2.0,9.0
1983,99,False,9,0.0,10.0
1984,99,False,10,1.0,11.0
1985,99,False,11,1.0,12.0
1986,99,False,12,0.0,13.0
1987,99,False,13,0.0,14.0
1988,99,True,-14,0.0,-13.0
1989,99,True,-13,0.0,-12.0
1990,99,True,-12,0.0,-11.0
1991,99,True,-11,0.0,-10.0
1992,99,True,-10,0.0,-9.0
1993,99,True,-9,0.0,-8.0
1994,99,True,-8,0.0,-7.0
1995,99,True,-7,0.0,-6.0
1996,99,True,-6,0.0,-5.0
1997,99,True,-5,0.0,-4.0
1998,99,True,-4,0.0,-3.0
1999,99,True,-3,0.0,-2.0
2000,99,True,-2,0.0,-1.0
2001,99,True,-1,6.0,0.0
2002,99,True,0,1.0,1.0
2003,99,True,1,1.0,2.0
2004,99,True,2,2.0,3.0
2005,99,True,3,0.0,4.0
2006,99,True,4,0.0,5.0
2007,99,True,5,0.0,6.0
2008,99,True,6,0.0,7.0
2009,99,True,7,0.0,8.0
2010,99,True,8,0.0,9.0
2011,99,True,9,0.0,10.0
2012,99,True,10,0.0,11.0
2013,99,True,11,0.0,12.0
2014,99,True,12,0.0,13.0
2015,99,True,13,0.0,14.0
2016,104,False,-14,0.0,-13.0
2017,104,False,-13,0.0,-12.0
2018,104,False,-12,0.0,-11.0
2019,104,False,-11,0.0,-10.0
2020,104,False,-10,0.0,-9.0
2021,104,False,-9,0.0,-8.0
2022,104,False,-8,0.0,-7.0
2023,104,False,-7,0.0,-6.0
2024,104,False,-6,0.0,-5.0
2025,104,False,-5,0.0,-4.0
2026,104,False,-4,0.0,-3.0
2027,104,False,-3,0.0,-2.0
2028,104,False,-2,165.0,-1.0
2029,104,False,-1,55.0,0.0
2030,104,False,0,43.0,1.0
2031,104,False,1,37.0,2.0
2032,104,False,2,13.0,3.0
2033,104,False,3,12.0,4.0
2034,104,False,4,33.0,5.0
2035,104,False,5,43.0,6.0
2036,104,False,6,23.0,7.0
2037,104,False,7,10.0,8.0
2038,104,False,8,13.0,9.0
2039,104,False,9,12.0,10.0
2040,104,False,10,11.0,11.0
2041,104,False,11,10.0,12.0
2042,104,False,12,7.0,13.0
2043,104,False,13,9.0,14.0
2044,104,True,-14,0.0,-13.0
2045,104,True,-13,0.0,-12.0
2046,104,True,-12,0.0,-11.0
2047,104,True,-11,0.0,-10.0
2048,104,True,-10,0.0,-9.0
2049,104,True,-9,0.0,-8.0
2050,104,True,-8,0.0,-7.0
2051,104,True,-7,0.0,-6.0
2052,104,True,-6,0.0,-5.0
2053,104,True,-5,0.0,-4.0
2054,104,True,-4,0.0,-3.0
2055,104,True,-3,0.0,-2.0
2056,104,True,-2,22.0,-1.0
2057,104,True,-1,31.0,0.0
2058,104,True,0,14.0,1.0
2059,104,True,1,5.0,2.0
2060,104,True,2,1.0,3.0
2061,104,True,3,0.0,4.0
2062,104,True,4,2.0,5.0
2063,104,True,5,1.0,6.0
2064,104,True,6,1.0,7.0
2065,104,True,7,0.0,8.0
2066,104,True,8,0.0,9.0
2067,104,True,9,0.0,10.0
2068,104,True,10,0.0,11.0
2069,104,True,11,0.0,12.0
2070,104,True,12,0.0,13.0
2071,104,True,13,0.0,14.0
2072,105,False,-14,0.0,-10.0
2073,105,False,-13,0.0,-9.0
2074,105,False,-12,0.0,-8.0
2075,105,False,-11,0.0,-7.0
2076,105,False,-10,0.0,-6.0
2077,105,False,-9,0.0,-5.0
2078,105,False,-8,0.0,-4.0
2079,105,False,-7,0.0,-3.0
2080,105,False,-6,0.0,-2.0
2081,105,False,-5,0.0,-1.0
2082,105,False,-4,0.0,0.0
2083,105,False,-3,0.0,1.0
2084,105,False,-2,0.0,2.0
2085,105,False,-1,6.0,3.0
2086,105,False,0,32.0,4.0
2087,105,False,1,27.0,5.0
2088,105,False,2,25.0,6.0
2089,105,False,3,15.0,7.0
2090,105,False,4,14.0,8.0
2091,105,False,5,7.0,9.0
2092,105,False,6,19.0,10.0
2093,105,False,7,13.0,11.0
2094,105,False,8,9.0,12.0
2095,105,False,9,9.0,13.0
2096,105,False,10,9.0,14.0
2097,105,False,11,10.0,15.0
2098,105,False,12,9.0,16.0
2099,105,False,13,5.0,17.0
2100,105,True,-14,0.0,-10.0
2101,105,True,-13,0.0,-9.0
2102,105,True,-12,0.0,-8.0
2103,105,True,-11,0.0,-7.0
2104,105,True,-10,0.0,-6.0
2105,105,True,-9,0.0,-5.0
2106,105,True,-8,0.0,-4.0
2107,105,True,-7,0.0,-3.0
2108,105,True,-6,0.0,-2.0
2109,105,True,-5,0.0,-1.0
2110,105,True,-4,0.0,0.0
2111,105,True,-3,0.0,1.0
2112,105,True,-2,0.0,2.0
2113,105,True,-1,5.0,3.0
2114,105,True,0,21.0,4.0
2115,105,True,1,7.0,5.0
2116,105,True,2,6.0,6.0
2117,105,True,3,11.0,7.0
2118,105,True,4,1.0,8.0
2119,105,True,5,0.0,9.0
2120,105,True,6,4.0,10.0
2121,105,True,7,0.0,11.0
2122,105,True,8,0.0,12.0
2123,105,True,9,0.0,13.0
2124,105,True,10,0.0,14.0
2125,105,True,11,0.0,15.0
2126,105,True,12,0.0,16.0
2127,105,True,13,1.0,17.0
2128,111,False,-14,37.0,-14.0
2129,111,False,-13,47.0,-13.0
2130,111,False,-12,38.0,-12.0
2131,111,False,-11,21.0,-11.0
2132,111,False,-10,21.0,-10.0
2133,111,False,-9,17.0,-9.0
2134,111,False,-8,36.0,-8.0
2135,111,False,-7,46.0,-7.0
2136,111,False,-6,14.0,-6.0
2137,111,False,-5,18.0,-5.0
2138,111,False,-4,63.0,-4.0
2139,111,False,-3,181.0,-3.0
2140,111,False,-2,196.0,-2.0
2141,111,False,-1,621.0,-1.0
2142,111,False,0,444.0,0.0
2143,111,False,1,262.0,1.0
2144,111,False,2,190.0,2.0
2145,111,False,3,206.0,3.0
2146,111,False,4,217.0,4.0
2147,111,False,5,219.0,5.0
2148,111,False,6,171.0,6.0
2149,111,False,7,115.0,7.0
2150,111,False,8,127.0,8.0
2151,111,False,9,49.0,9.0
2152,111,False,10,71.0,10.0
2153,111,False,11,119.0,11.0
2154,111,False,12,76.0,12.0
2155,111,False,13,98.0,13.0
2156,111,True,-14,0.0,-14.0
2157,111,True,-13,0.0,-13.0
2158,111,True,-12,0.0,-12.0
2159,111,True,-11,0.0,-11.0
2160,111,True,-10,0.0,-10.0
2161,111,True,-9,0.0,-9.0
2162,111,True,-8,0.0,-8.0
2163,111,True,-7,0.0,-7.0
2164,111,True,-6,0.0,-6.0
2165,111,True,-5,0.0,-5.0
2166,111,True,-4,0.0,-4.0
2167,111,True,-3,0.0,-3.0
2168,111,True,-2,0.0,-2.0
2169,111,True,-1,39.0,-1.0
2170,111,True,0,7.0,0.0
2171,111,True,1,5.0,1.0
2172,111,True,2,1.0,2.0
2173,111,True,3,4.0,3.0
2174,111,True,4,1.0,4.0
2175,111,True,5,1.0,5.0
2176,111,True,6,0.0,6.0
2177,111,True,7,0.0,7.0
2178,111,True,8,0.0,8.0
2179,111,True,9,0.0,9.0
2180,111,True,10,0.0,10.0
2181,111,True,11,0.0,11.0
2182,111,True,12,0.0,12.0
2183,111,True,13,0.0,13.0
2184,114,False,-14,54.0,-1.0
2185,114,False,-13,32.0,0.0
2186,114,False,-12,23.0,1.0
2187,114,False,-11,25.0,2.0
2188,114,False,-10,31.0,3.0
2189,114,False,-9,12.0,4.0
2190,114,False,-8,5.0,5.0
2191,114,False,-7,18.0,6.0
2192,114,False,-6,15.0,7.0
2193,114,False,-5,18.0,8.0
2194,114,False,-4,13.0,9.0
2195,114,False,-3,14.0,10.0
2196,114,False,-2,23.0,11.0
2197,114,False,-1,25.0,12.0
2198,114,False,0,21.0,13.0
2199,114,False,1,18.0,14.0
2200,114,False,2,7.0,15.0
2201,114,False,3,9.0,16.0
2202,114,False,4,18.0,17.0
2203,114,False,5,12.0,18.0
2204,114,False,6,30.0,19.0
2205,114,False,7,15.0,20.0
2206,114,False,8,14.0,21.0
2207,114,False,9,5.0,22.0
2208,114,False,10,8.0,23.0
2209,114,False,11,7.0,24.0
2210,114,False,12,14.0,25.0
2211,114,False,13,17.0,26.0
2212,114,True,-14,17.0,-1.0
2213,114,True,-13,12.0,0.0
2214,114,True,-12,7.0,1.0
2215,114,True,-11,8.0,2.0
2216,114,True,-10,4.0,3.0
2217,114,True,-9,5.0,4.0
2218,114,True,-8,2.0,5.0
2219,114,True,-7,7.0,6.0
2220,114,True,-6,2.0,7.0
2221,114,True,-5,6.0,8.0
2222,114,True,-4,9.0,9.0
2223,114,True,-3,3.0,10.0
2224,114,True,-2,5.0,11.0
2225,114,True,-1,1.0,12.0
2226,114,True,0,7.0,13.0
2227,114,True,1,7.0,14.0
2228,114,True,2,0.0,15.0
2229,114,True,3,1.0,16.0
2230,114,True,4,1.0,17.0
2231,114,True,5,1.0,18.0
2232,114,True,6,4.0,19.0
2233,114,True,7,4.0,20.0
2234,114,True,8,1.0,21.0
2235,114,True,9,3.0,22.0
2236,114,True,10,0.0,23.0
2237,114,True,11,3.0,24.0
2238,114,True,12,1.0,25.0
2239,114,True,13,0.0,26.0
2240,115,False,-14,0.0,-13.0
2241,115,False,-13,2.0,-12.0
2242,115,False,-12,2.0,-11.0
2243,115,False,-11,2.0,-10.0
2244,115,False,-10,1.0,-9.0
2245,115,False,-9,0.0,-8.0
2246,115,False,-8,0.0,-7.0
2247,115,False,-7,5.0,-6.0
2248,115,False,-6,2.0,-5.0
2249,115,False,-5,1.0,-4.0
2250,115,False,-4,0.0,-3.0
2251,115,False,-3,5.0,-2.0
2252,115,False,-2,101.0,-1.0
2253,115,False,-1,239.0,0.0
2254,115,False,0,82.0,1.0
2255,115,False,1,47.0,2.0
2256,115,False,2,31.0,3.0
2257,115,False,3,53.0,4.0
2258,115,False,4,43.0,5.0
2259,115,False,5,23.0,6.0
2260,115,False,6,36.0,7.0
2261,115,False,7,21.0,8.0
2262,115,False,8,7.0,9.0
2263,115,False,9,14.0,10.0
2264,115,False,10,15.0,11.0
2265,115,False,11,30.0,12.0
2266,115,False,12,30.0,13.0
2267,115,False,13,16.0,14.0
2268,115,True,-14,0.0,-13.0
2269,115,True,-13,0.0,-12.0
2270,115,True,-12,0.0,-11.0
2271,115,True,-11,0.0,-10.0
2272,115,True,-10,0.0,-9.0
2273,115,True,-9,0.0,-8.0
2274,115,True,-8,0.0,-7.0
2275,115,True,-7,0.0,-6.0
2276,115,True,-6,0.0,-5.0
2277,115,True,-5,0.0,-4.0
2278,115,True,-4,0.0,-3.0
2279,115,True,-3,0.0,-2.0
2280,115,True,-2,13.0,-1.0
2281,115,True,-1,47.0,0.0
2282,115,True,0,14.0,1.0
2283,115,True,1,2.0,2.0
2284,115,True,2,1.0,3.0
2285,115,True,3,2.0,4.0
2286,115,True,4,2.0,5.0
2287,115,True,5,0.0,6.0
2288,115,True,6,3.0,7.0
2289,115,True,7,0.0,8.0
2290,115,True,8,0.0,9.0
2291,115,True,9,2.0,10.0
2292,115,True,10,0.0,11.0
2293,115,True,11,2.0,12.0
2294,115,True,12,0.0,13.0
2295,115,True,13,1.0,14.0
2296,117,False,-14,4.0,639.0
2297,117,False,-13,24.0,640.0
2298,117,False,-12,19.0,641.0
2299,117,False,-11,14.0,642.0
2300,117,False,-10,4.0,643.0
2301,117,False,-9,3.0,644.0
2302,117,False,-8,15.0,645.0
2303,117,False,-7,4.0,646.0
2304,117,False,-6,3.0,647.0
2305,117,False,-5,7.0,648.0
2306,117,False,-4,4.0,649.0
2307,117,False,-3,4.0,650.0
2308,117,False,-2,9.0,651.0
2309,117,False,-1,21.0,652.0
2310,117,False,0,5.0,653.0
2311,117,False,1,7.0,654.0
2312,117,False,2,7.0,655.0
2313,117,False,3,5.0,656.0
2314,117,False,4,8.0,657.0
2315,117,False,5,14.0,658.0
2316,117,False,6,8.0,659.0
2317,117,False,7,16.0,660.0
2318,117,False,8,4.0,661.0
2319,117,False,9,4.0,662.0
2320,117,False,10,14.0,663.0
2321,117,False,11,17.0,664.0
2322,117,False,12,9.0,665.0
2323,117,False,13,6.0,666.0
2324,117,True,-14,1.0,639.0
2325,117,True,-13,3.0,640.0
2326,117,True,-12,1.0,641.0
2327,117,True,-11,1.0,642.0
2328,117,True,-10,0.0,643.0
2329,117,True,-9,1.0,644.0
2330,117,True,-8,4.0,645.0
2331,117,True,-7,0.0,646.0
2332,117,True,-6,1.0,647.0
2333,117,True,-5,0.0,648.0
2334,117,True,-4,0.0,649.0
2335,117,True,-3,5.0,650.0
2336,117,True,-2,2.0,651.0
2337,117,True,-1,5.0,652.0
2338,117,True,0,4.0,653.0
2339,117,True,1,3.0,654.0
2340,117,True,2,0.0,655.0
2341,117,True,3,0.0,656.0
2342,117,True,4,0.0,657.0
2343,117,True,5,3.0,658.0
2344,117,True,6,0.0,659.0
2345,117,True,7,5.0,660.0
2346,117,True,8,3.0,661.0
2347,117,True,9,0.0,662.0
2348,117,True,10,3.0,663.0
2349,117,True,11,7.0,664.0
2350,117,True,12,2.0,665.0
2351,117,True,13,0.0,666.0
2352,118,False,-14,11266.0,572.0
2353,118,False,-13,9667.0,573.0
2354,118,False,-12,4658.0,574.0
2355,118,False,-11,6343.0,575.0
2356,118,False,-10,7442.0,576.0
2357,118,False,-9,7770.0,577.0
2358,118,False,-8,4541.0,578.0
2359,118,False,-7,6411.0,579.0
2360,118,False,-6,4708.0,580.0
2361,118,False,-5,3032.0,581.0
2362,118,False,-4,3143.0,582.0
2363,118,False,-3,2828.0,583.0
2364,118,False,-2,4552.0,584.0
2365,118,False,-1,5021.0,585.0
2366,118,False,0,4138.0,586.0
2367,118,False,1,3270.0,587.0
2368,118,False,2,4706.0,588.0
2369,118,False,3,3857.0,589.0
2370,118,False,4,3374.0,590.0
2371,118,False,5,1977.0,591.0
2372,118,False,6,1143.0,592.0
2373,118,False,7,1779.0,593.0
2374,118,False,8,989.0,594.0
2375,118,False,9,557.0,595.0
2376,118,False,10,732.0,596.0
2377,118,False,11,1536.0,597.0
2378,118,False,12,599.0,598.0
2379,118,False,13,422.0,599.0
2380,118,True,-14,219.0,572.0
2381,118,True,-13,215.0,573.0
2382,118,True,-12,100.0,574.0
2383,118,True,-11,223.0,575.0
2384,118,True,-10,211.0,576.0
2385,118,True,-9,184.0,577.0
2386,118,True,-8,104.0,578.0
2387,118,True,-7,91.0,579.0
2388,118,True,-6,94.0,580.0
2389,118,True,-5,86.0,581.0
2390,118,True,-4,67.0,582.0
2391,118,True,-3,73.0,583.0
2392,118,True,-2,136.0,584.0
2393,118,True,-1,131.0,585.0
2394,118,True,0,111.0,586.0
2395,118,True,1,86.0,587.0
2396,118,True,2,102.0,588.0
2397,118,True,3,76.0,589.0
2398,118,True,4,78.0,590.0
2399,118,True,5,41.0,591.0
2400,118,True,6,40.0,592.0
2401,118,True,7,27.0,593.0
2402,118,True,8,25.0,594.0
2403,118,True,9,27.0,595.0
2404,118,True,10,17.0,596.0
2405,118,True,11,29.0,597.0
2406,118,True,12,14.0,598.0
2407,118,True,13,7.0,599.0
2408,122,False,-14,0.0,573.0
2409,122,False,-13,0.0,574.0
2410,122,False,-12,1.0,575.0
2411,122,False,-11,6.0,576.0
2412,122,False,-10,52.0,577.0
2413,122,False,-9,6.0,578.0
2414,122,False,-8,11.0,579.0
2415,122,False,-7,5.0,580.0
2416,122,False,-6,0.0,581.0
2417,122,False,-5,4.0,582.0
2418,122,False,-4,10.0,583.0
2419,122,False,-3,8.0,584.0
2420,122,False,-2,2.0,585.0
2421,122,False,-1,1.0,586.0
2422,122,False,0,2.0,587.0
2423,122,False,1,0.0,588.0
2424,122,False,2,0.0,589.0
2425,122,False,3,0.0,590.0
2426,122,False,4,2.0,591.0
2427,122,False,5,1.0,592.0
2428,122,False,6,2.0,593.0
2429,122,False,7,1.0,594.0
2430,122,False,8,1.0,595.0
2431,122,False,9,0.0,596.0
2432,122,False,10,2.0,597.0
2433,122,False,11,0.0,598.0
2434,122,False,12,0.0,599.0
2435,122,False,13,0.0,600.0
2436,122,True,-14,0.0,573.0
2437,122,True,-13,0.0,574.0
2438,122,True,-12,0.0,575.0
2439,122,True,-11,0.0,576.0
2440,122,True,-10,6.0,577.0
2441,122,True,-9,0.0,578.0
2442,122,True,-8,2.0,579.0
2443,122,True,-7,1.0,580.0
2444,122,True,-6,1.0,581.0
2445,122,True,-5,0.0,582.0
2446,122,True,-4,3.0,583.0
2447,122,True,-3,0.0,584.0
2448,122,True,-2,0.0,585.0
2449,122,True,-1,0.0,586.0
2450,122,True,0,3.0,587.0
2451,122,True,1,0.0,588.0
2452,122,True,2,0.0,589.0
2453,122,True,3,0.0,590.0
2454,122,True,4,0.0,591.0
2455,122,True,5,0.0,592.0
2456,122,True,6,0.0,593.0
2457,122,True,7,1.0,594.0
2458,122,True,8,0.0,595.0
2459,122,True,9,0.0,596.0
2460,122,True,10,0.0,597.0
2461,122,True,11,0.0,598.0
2462,122,True,12,0.0,599.0
2463,122,True,13,0.0,600.0
2464,123,False,-14,804.0,575.0
2465,123,False,-13,516.0,576.0
2466,123,False,-12,433.0,577.0
2467,123,False,-11,1068.0,578.0
2468,123,False,-10,432.0,579.0
2469,123,False,-9,193.0,580.0
2470,123,False,-8,192.0,581.0
2471,123,False,-7,447.0,582.0
2472,123,False,-6,153.0,583.0
2473,123,False,-5,182.0,584.0
2474,123,False,-4,271.0,585.0
2475,123,False,-3,667.0,586.0
2476,123,False,-2,200.0,587.0
2477,123,False,-1,237.0,588.0
2478,123,False,0,291.0,589.0
2479,123,False,1,233.0,590.0
2480,123,False,2,188.0,591.0
2481,123,False,3,75.0,592.0
2482,123,False,4,174.0,593.0
2483,123,False,5,237.0,594.0
2484,123,False,6,71.0,595.0
2485,123,False,7,114.0,596.0
2486,123,False,8,72.0,597.0
2487,123,False,9,386.0,598.0
2488,123,False,10,127.0,599.0
2489,123,False,11,72.0,600.0
2490,123,False,12,120.0,601.0
2491,123,False,13,103.0,602.0
2492,123,True,-14,88.0,575.0
2493,123,True,-13,34.0,576.0
2494,123,True,-12,37.0,577.0
2495,123,True,-11,87.0,578.0
2496,123,True,-10,30.0,579.0
2497,123,True,-9,19.0,580.0
2498,123,True,-8,20.0,581.0
2499,123,True,-7,51.0,582.0
2500,123,True,-6,25.0,583.0
2501,123,True,-5,24.0,584.0
2502,123,True,-4,30.0,585.0
2503,123,True,-3,72.0,586.0
2504,123,True,-2,13.0,587.0
2505,123,True,-1,49.0,588.0
2506,123,True,0,71.0,589.0
2507,123,True,1,29.0,590.0
2508,123,True,2,24.0,591.0
2509,123,True,3,13.0,592.0
2510,123,True,4,26.0,593.0
2511,123,True,5,28.0,594.0
2512,123,True,6,9.0,595.0
2513,123,True,7,9.0,596.0
2514,123,True,8,1.0,597.0
2515,123,True,9,46.0,598.0
2516,123,True,10,10.0,599.0
2517,123,True,11,9.0,600.0
2518,123,True,12,10.0,601.0
2519,123,True,13,10.0,602.0
2520,126,False,-14,44.0,56.0
2521,126,False,-13,15.0,57.0
2522,126,False,-12,20.0,58.0
2523,126,False,-11,54.0,59.0
2524,126,False,-10,34.0,60.0
2525,126,False,-9,25.0,61.0
2526,126,False,-8,48.0,62.0
2527,126,False,-7,26.0,63.0
2528,126,False,-6,232.0,64.0
2529,126,False,-5,101.0,65.0
2530,126,False,-4,228.0,66.0
2531,126,False,-3,77.0,67.0
2532,126,False,-2,83.0,68.0
2533,126,False,-1,62.0,69.0
2534,126,False,0,76.0,70.0
2535,126,False,1,35.0,71.0
2536,126,False,2,28.0,72.0
2537,126,False,3,161.0,73.0
2538,126,False,4,90.0,74.0
2539,126,False,5,30.0,75.0
2540,126,False,6,35.0,76.0
2541,126,False,7,21.0,77.0
2542,126,False,8,18.0,78.0
2543,126,False,9,21.0,79.0
2544,126,False,10,28.0,80.0
2545,126,False,11,189.0,81.0
2546,126,False,12,66.0,82.0
2547,126,False,13,185.0,83.0
2548,126,True,-14,4.0,56.0
2549,126,True,-13,4.0,57.0
2550,126,True,-12,3.0,58.0
2551,126,True,-11,2.0,59.0
2552,126,True,-10,4.0,60.0
2553,126,True,-9,3.0,61.0
2554,126,True,-8,2.0,62.0
2555,126,True,-7,1.0,63.0
2556,126,True,-6,18.0,64.0
2557,126,True,-5,26.0,65.0
2558,126,True,-4,23.0,66.0
2559,126,True,-3,15.0,67.0
2560,126,True,-2,14.0,68.0
2561,126,True,-1,9.0,69.0
2562,126,True,0,19.0,70.0
2563,126,True,1,1.0,71.0
2564,126,True,2,3.0,72.0
2565,126,True,3,9.0,73.0
2566,126,True,4,1.0,74.0
2567,126,True,5,1.0,75.0
2568,126,True,6,0.0,76.0
2569,126,True,7,0.0,77.0
2570,126,True,8,1.0,78.0
2571,126,True,9,0.0,79.0
2572,126,True,10,1.0,80.0
2573,126,True,11,19.0,81.0
2574,126,True,12,5.0,82.0
2575,126,True,13,12.0,83.0
2576,131,False,-14,0.0,-14.0
2577,131,False,-13,0.0,-13.0
2578,131,False,-12,0.0,-12.0
2579,131,False,-11,0.0,-11.0
2580,131,False,-10,0.0,-10.0
2581,131,False,-9,0.0,-9.0
2582,131,False,-8,0.0,-8.0
2583,131,False,-7,0.0,-7.0
2584,131,False,-6,0.0,-6.0
2585,131,False,-5,0.0,-5.0
2586,131,False,-4,0.0,-4.0
2587,131,False,-3,0.0,-3.0
2588,131,False,-2,0.0,-2.0
2589,131,False,-1,16.0,-1.0
2590,131,False,0,35.0,0.0
2591,131,False,1,2.0,1.0
2592,131,False,2,7.0,2.0
2593,131,False,3,2.0,3.0
2594,131,False,4,2.0,4.0
2595,131,False,5,0.0,5.0
2596,131,False,6,2.0,6.0
2597,131,False,7,2.0,7.0
2598,131,False,8,3.0,8.0
2599,131,False,9,7.0,9.0
2600,131,False,10,3.0,10.0
2601,131,False,11,2.0,11.0
2602,131,False,12,0.0,12.0
2603,131,False,13,1.0,13.0
2604,131,True,-14,0.0,-14.0
2605,131,True,-13,0.0,-13.0
2606,131,True,-12,0.0,-12.0
2607,131,True,-11,0.0,-11.0
2608,131,True,-10,0.0,-10.0
2609,131,True,-9,0.0,-9.0
2610,131,True,-8,0.0,-8.0
2611,131,True,-7,0.0,-7.0
2612,131,True,-6,0.0,-6.0
2613,131,True,-5,0.0,-5.0
2614,131,True,-4,0.0,-4.0
2615,131,True,-3,0.0,-3.0
2616,131,True,-2,0.0,-2.0
2617,131,True,-1,0.0,-1.0
2618,131,True,0,0.0,0.0
2619,131,True,1,0.0,1.0
2620,131,True,2,0.0,2.0
2621,131,True,3,0.0,3.0
2622,131,True,4,0.0,4.0
2623,131,True,5,0.0,5.0
2624,131,True,6,0.0,6.0
2625,131,True,7,0.0,7.0
2626,131,True,8,0.0,8.0
2627,131,True,9,0.0,9.0
2628,131,True,10,0.0,10.0
2629,131,True,11,0.0,11.0
2630,131,True,12,0.0,12.0
2631,131,True,13,0.0,13.0
2632,134,False,-14,1.0,683.0
2633,134,False,-13,0.0,684.0
2634,134,False,-12,2.0,685.0
2635,134,False,-11,1.0,686.0
2636,134,False,-10,2.0,687.0
2637,134,False,-9,0.0,688.0
2638,134,False,-8,2.0,689.0
2639,134,False,-7,2.0,690.0
2640,134,False,-6,2.0,691.0
2641,134,False,-5,0.0,692.0
2642,134,False,-4,0.0,693.0
2643,134,False,-3,4.0,694.0
2644,134,False,-2,2.0,695.0
2645,134,False,-1,184.0,696.0
2646,134,False,0,295.0,697.0
2647,134,False,1,7.0,698.0
2648,134,False,2,7.0,699.0
2649,134,False,3,4.0,700.0
2650,134,False,4,3.0,701.0
2651,134,False,5,5.0,702.0
2652,134,False,6,3.0,703.0
2653,134,False,7,5.0,704.0
2654,134,False,8,4.0,705.0
2655,134,False,9,2.0,706.0
2656,134,False,10,1.0,707.0
2657,134,False,11,3.0,708.0
2658,134,False,12,1.0,709.0
2659,134,False,13,1.0,710.0
2660,134,True,-14,0.0,683.0
2661,134,True,-13,1.0,684.0
2662,134,True,-12,0.0,685.0
2663,134,True,-11,0.0,686.0
2664,134,True,-10,0.0,687.0
2665,134,True,-9,0.0,688.0
2666,134,True,-8,0.0,689.0
2667,134,True,-7,1.0,690.0
2668,134,True,-6,2.0,691.0
2669,134,True,-5,0.0,692.0
2670,134,True,-4,1.0,693.0
2671,134,True,-3,1.0,694.0
2672,134,True,-2,1.0,695.0
2673,134,True,-1,77.0,696.0
2674,134,True,0,102.0,697.0
2675,134,True,1,1.0,698.0
2676,134,True,2,4.0,699.0
2677,134,True,3,1.0,700.0
2678,134,True,4,0.0,701.0
2679,134,True,5,2.0,702.0
2680,134,True,6,0.0,703.0
2681,134,True,7,3.0,704.0
2682,134,True,8,1.0,705.0
2683,134,True,9,1.0,706.0
2684,134,True,10,0.0,707.0
2685,134,True,11,1.0,708.0
2686,134,True,12,0.0,709.0
2687,134,True,13,0.0,710.0
2688,140,False,-14,4.0,664.0
2689,140,False,-13,2.0,665.0
2690,140,False,-12,1.0,666.0
2691,140,False,-11,4.0,667.0
2692,140,False,-10,1.0,668.0
2693,140,False,-9,5.0,669.0
2694,140,False,-8,2.0,670.0
2695,140,False,-7,0.0,671.0
2696,140,False,-6,2.0,672.0
2697,140,False,-5,1.0,673.0
2698,140,False,-4,3.0,674.0
2699,140,False,-3,7.0,675.0
2700,140,False,-2,5.0,676.0
2701,140,False,-1,5.0,677.0
2702,140,False,0,8.0,678.0
2703,140,False,1,1.0,679.0
2704,140,False,2,7.0,680.0
2705,140,False,3,3.0,681.0
2706,140,False,4,2.0,682.0
2707,140,False,5,0.0,683.0
2708,140,False,6,1.0,684.0
2709,140,False,7,0.0,685.0
2710,140,False,8,10.0,686.0
2711,140,False,9,9.0,687.0
2712,140,False,10,3.0,688.0
2713,140,False,11,0.0,689.0
2714,140,False,12,4.0,690.0
2715,140,False,13,3.0,691.0
2716,140,True,-14,1.0,664.0
2717,140,True,-13,1.0,665.0
2718,140,True,-12,0.0,666.0
2719,140,True,-11,2.0,667.0
2720,140,True,-10,2.0,668.0
2721,140,True,-9,1.0,669.0
2722,140,True,-8,0.0,670.0
2723,140,True,-7,1.0,671.0
2724,140,True,-6,1.0,672.0
2725,140,True,-5,2.0,673.0
2726,140,True,-4,0.0,674.0
2727,140,True,-3,7.0,675.0
2728,140,True,-2,1.0,676.0
2729,140,True,-1,3.0,677.0
2730,140,True,0,2.0,678.0
2731,140,True,1,1.0,679.0
2732,140,True,2,3.0,680.0
2733,140,True,3,3.0,681.0
2734,140,True,4,2.0,682.0
2735,140,True,5,0.0,683.0
2736,140,True,6,1.0,684.0
2737,140,True,7,1.0,685.0
2738,140,True,8,0.0,686.0
2739,140,True,9,6.0,687.0
2740,140,True,10,1.0,688.0
2741,140,True,11,0.0,689.0
2742,140,True,12,0.0,690.0
2743,140,True,13,1.0,691.0
2744,144,False,-14,32.0,565.0
2745,144,False,-13,61.0,566.0
2746,144,False,-12,53.0,567.0
2747,144,False,-11,38.0,568.0
2748,144,False,-10,33.0,569.0
2749,144,False,-9,29.0,570.0
2750,144,False,-8,24.0,571.0
2751,144,False,-7,33.0,572.0
2752,144,False,-6,14.0,573.0
2753,144,False,-5,17.0,574.0
2754,144,False,-4,8.0,575.0
2755,144,False,-3,21.0,576.0
2756,144,False,-2,15.0,577.0
2757,144,False,-1,6.0,578.0
2758,144,False,0,16.0,579.0
2759,144,False,1,23.0,580.0
2760,144,False,2,21.0,581.0
2761,144,False,3,15.0,582.0
2762,144,False,4,15.0,583.0
2763,144,False,5,11.0,584.0
2764,144,False,6,8.0,585.0
2765,144,False,7,7.0,586.0
2766,144,False,8,8.0,587.0
2767,144,False,9,0.0,588.0
2768,144,False,10,7.0,589.0
2769,144,False,11,8.0,590.0
2770,144,False,12,4.0,591.0
2771,144,False,13,8.0,592.0
2772,144,True,-14,1.0,565.0
2773,144,True,-13,3.0,566.0
2774,144,True,-12,5.0,567.0
2775,144,True,-11,2.0,568.0
2776,144,True,-10,0.0,569.0
2777,144,True,-9,1.0,570.0
2778,144,True,-8,2.0,571.0
2779,144,True,-7,1.0,572.0
2780,144,True,-6,0.0,573.0
2781,144,True,-5,0.0,574.0
2782,144,True,-4,0.0,575.0
2783,144,True,-3,1.0,576.0
2784,144,True,-2,0.0,577.0
2785,144,True,-1,0.0,578.0
2786,144,True,0,2.0,579.0
2787,144,True,1,3.0,580.0
2788,144,True,2,1.0,581.0
2789,144,True,3,0.0,582.0
2790,144,True,4,1.0,583.0
2791,144,True,5,0.0,584.0
2792,144,True,6,1.0,585.0
2793,144,True,7,0.0,586.0
2794,144,True,8,0.0,587.0
2795,144,True,9,1.0,588.0
2796,144,True,10,0.0,589.0
2797,144,True,11,1.0,590.0
2798,144,True,12,1.0,591.0
2799,144,True,13,0.0,592.0
2800,148,False,-14,653.0,573.0
2801,148,False,-13,469.0,574.0
2802,148,False,-12,254.0,575.0
2803,148,False,-11,127.0,576.0
2804,148,False,-10,123.0,577.0
2805,148,False,-9,102.0,578.0
2806,148,False,-8,77.0,579.0
2807,148,False,-7,63.0,580.0
2808,148,False,-6,65.0,581.0
2809,148,False,-5,183.0,582.0
2810,148,False,-4,148.0,583.0
2811,148,False,-3,190.0,584.0
2812,148,False,-2,80.0,585.0
2813,148,False,-1,501.0,586.0
2814,148,False,0,459.0,587.0
2815,148,False,1,716.0,588.0
2816,148,False,2,182.0,589.0
2817,148,False,3,298.0,590.0
2818,148,False,4,101.0,591.0
2819,148,False,5,90.0,592.0
2820,148,False,6,374.0,593.0
2821,148,False,7,67.0,594.0
2822,148,False,8,90.0,595.0
2823,148,False,9,32.0,596.0
2824,148,False,10,55.0,597.0
2825,148,False,11,104.0,598.0
2826,148,False,12,88.0,599.0
2827,148,False,13,35.0,600.0
2828,148,True,-14,164.0,573.0
2829,148,True,-13,127.0,574.0
2830,148,True,-12,57.0,575.0
2831,148,True,-11,30.0,576.0
2832,148,True,-10,19.0,577.0
2833,148,True,-9,21.0,578.0
2834,148,True,-8,20.0,579.0
2835,148,True,-7,20.0,580.0
2836,148,True,-6,23.0,581.0
2837,148,True,-5,39.0,582.0
2838,148,True,-4,19.0,583.0
2839,148,True,-3,39.0,584.0
2840,148,True,-2,15.0,585.0
2841,148,True,-1,120.0,586.0
2842,148,True,0,132.0,587.0
2843,148,True,1,194.0,588.0
2844,148,True,2,30.0,589.0
2845,148,True,3,80.0,590.0
2846,148,True,4,16.0,591.0
2847,148,True,5,14.0,592.0
2848,148,True,6,99.0,593.0
2849,148,True,7,6.0,594.0
2850,148,True,8,7.0,595.0
2851,148,True,9,4.0,596.0
2852,148,True,10,8.0,597.0
2853,148,True,11,41.0,598.0
2854,148,True,12,11.0,599.0
2855,148,True,13,5.0,600.0
2856,150,False,-14,0.0,573.0
2857,150,False,-13,0.0,574.0
2858,150,False,-12,1.0,575.0
2859,150,False,-11,0.0,576.0
2860,150,False,-10,0.0,577.0
2861,150,False,-9,0.0,578.0
2862,150,False,-8,0.0,579.0
2863,150,False,-7,2.0,580.0
2864,150,False,-6,0.0,581.0
2865,150,False,-5,0.0,582.0
2866,150,False,-4,0.0,583.0
2867,150,False,-3,0.0,584.0
2868,150,False,-2,0.0,585.0
2869,150,False,-1,0.0,586.0
2870,150,False,0,4.0,587.0
2871,150,False,1,1.0,588.0
2872,150,False,2,1.0,589.0
2873,150,False,3,2.0,590.0
2874,150,False,4,0.0,591.0
2875,150,False,5,1.0,592.0
2876,150,False,6,7.0,593.0
2877,150,False,7,3.0,594.0
2878,150,False,8,0.0,595.0
2879,150,False,9,1.0,596.0
2880,150,False,10,2.0,597.0
2881,150,False,11,0.0,598.0
2882,150,False,12,0.0,599.0
2883,150,False,13,0.0,600.0
2884,150,True,-14,0.0,573.0
2885,150,True,-13,0.0,574.0
2886,150,True,-12,0.0,575.0
2887,150,True,-11,0.0,576.0
2888,150,True,-10,0.0,577.0
2889,150,True,-9,0.0,578.0
2890,150,True,-8,0.0,579.0
2891,150,True,-7,0.0,580.0
2892,150,True,-6,0.0,581.0
2893,150,True,-5,0.0,582.0
2894,150,True,-4,0.0,583.0
2895,150,True,-3,0.0,584.0
2896,150,True,-2,0.0,585.0
2897,150,True,-1,0.0,586.0
2898,150,True,0,0.0,587.0
2899,150,True,1,0.0,588.0
2900,150,True,2,0.0,589.0
2901,150,True,3,0.0,590.0
2902,150,True,4,0.0,591.0
2903,150,True,5,0.0,592.0
2904,150,True,6,0.0,593.0
2905,150,True,7,0.0,594.0
2906,150,True,8,0.0,595.0
2907,150,True,9,0.0,596.0
2908,150,True,10,0.0,597.0
2909,150,True,11,0.0,598.0
2910,150,True,12,0.0,599.0
2911,150,True,13,0.0,600.0
2912,152,False,-14,146.0,602.0
2913,152,False,-13,88.0,603.0
2914,152,False,-12,58.0,604.0
2915,152,False,-11,72.0,605.0
2916,152,False,-10,99.0,606.0
2917,152,False,-9,44.0,607.0
2918,152,False,-8,140.0,608.0
2919,152,False,-7,133.0,609.0
2920,152,False,-6,96.0,610.0
2921,152,False,-5,142.0,611.0
2922,152,False,-4,68.0,612.0
2923,152,False,-3,121.0,613.0
2924,152,False,-2,188.0,614.0
2925,152,False,-1,97.0,615.0
2926,152,False,0,78.0,616.0
2927,152,False,1,130.0,617.0
2928,152,False,2,382.0,618.0
2929,152,False,3,110.0,619.0
2930,152,False,4,413.0,620.0
2931,152,False,5,261.0,621.0
2932,152,False,6,120.0,622.0
2933,152,False,7,85.0,623.0
2934,152,False,8,117.0,624.0
2935,152,False,9,142.0,625.0
2936,152,False,10,103.0,626.0
2937,152,False,11,69.0,627.0
2938,152,False,12,40.0,628.0
2939,152,False,13,97.0,629.0
2940,152,True,-14,46.0,602.0
2941,152,True,-13,25.0,603.0
2942,152,True,-12,19.0,604.0
2943,152,True,-11,20.0,605.0
2944,152,True,-10,29.0,606.0
2945,152,True,-9,9.0,607.0
2946,152,True,-8,43.0,608.0
2947,152,True,-7,35.0,609.0
2948,152,True,-6,16.0,610.0
2949,152,True,-5,23.0,611.0
2950,152,True,-4,21.0,612.0
2951,152,True,-3,40.0,613.0
2952,152,True,-2,57.0,614.0
2953,152,True,-1,30.0,615.0
2954,152,True,0,18.0,616.0
2955,152,True,1,31.0,617.0
2956,152,True,2,57.0,618.0
2957,152,True,3,26.0,619.0
2958,152,True,4,62.0,620.0
2959,152,True,5,30.0,621.0
2960,152,True,6,21.0,622.0
2961,152,True,7,10.0,623.0
2962,152,True,8,22.0,624.0
2963,152,True,9,34.0,625.0
2964,152,True,10,8.0,626.0
2965,152,True,11,13.0,627.0
2966,152,True,12,8.0,628.0
2967,152,True,13,20.0,629.0
2968,157,False,-14,0.0,787.0
2969,157,False,-13,0.0,788.0
2970,157,False,-12,0.0,789.0
2971,157,False,-11,0.0,790.0
2972,157,False,-10,1.0,791.0
2973,157,False,-9,0.0,792.0
2974,157,False,-8,0.0,793.0
2975,157,False,-7,0.0,794.0
2976,157,False,-6,0.0,795.0
2977,157,False,-5,0.0,796.0
2978,157,False,-4,0.0,797.0
2979,157,False,-3,0.0,798.0
2980,157,False,-2,0.0,799.0
2981,157,False,-1,11.0,800.0
2982,157,False,0,25.0,801.0
2983,157,False,1,7.0,802.0
2984,157,False,2,4.0,803.0
2985,157,False,3,4.0,804.0
2986,157,False,4,1.0,805.0
2987,157,False,5,0.0,806.0
2988,157,False,6,1.0,807.0
2989,157,False,7,1.0,808.0
2990,157,False,8,1.0,809.0
2991,157,False,9,1.0,810.0
2992,157,False,10,0.0,811.0
2993,157,False,11,1.0,812.0
2994,157,False,12,1.0,813.0
2995,157,False,13,0.0,814.0
2996,157,True,-14,0.0,787.0
2997,157,True,-13,0.0,788.0
2998,157,True,-12,0.0,789.0
2999,157,True,-11,0.0,790.0
3000,157,True,-10,0.0,791.0
3001,157,True,-9,0.0,792.0
3002,157,True,-8,0.0,793.0
3003,157,True,-7,0.0,794.0
3004,157,True,-6,0.0,795.0
3005,157,True,-5,0.0,796.0
3006,157,True,-4,0.0,797.0
3007,157,True,-3,0.0,798.0
3008,157,True,-2,0.0,799.0
3009,157,True,-1,7.0,800.0
3010,157,True,0,19.0,801.0
3011,157,True,1,0.0,802.0
3012,157,True,2,1.0,803.0
3013,157,True,3,3.0,804.0
3014,157,True,4,2.0,805.0
3015,157,True,5,0.0,806.0
3016,157,True,6,0.0,807.0
3017,157,True,7,0.0,808.0
3018,157,True,8,0.0,809.0
3019,157,True,9,0.0,810.0
3020,157,True,10,0.0,811.0
3021,157,True,11,1.0,812.0
3022,157,True,12,0.0,813.0
3023,157,True,13,1.0,814.0
3024,159,False,-14,0.0,-9.0
3025,159,False,-13,0.0,-8.0
3026,159,False,-12,0.0,-7.0
3027,159,False,-11,0.0,-6.0
3028,159,False,-10,0.0,-5.0
3029,159,False,-9,0.0,-4.0
3030,159,False,-8,0.0,-3.0
3031,159,False,-7,0.0,-2.0
3032,159,False,-6,10.0,-1.0
3033,159,False,-5,15.0,0.0
3034,159,False,-4,9.0,1.0
3035,159,False,-3,4.0,2.0
3036,159,False,-2,2.0,3.0
3037,159,False,-1,53.0,4.0
3038,159,False,0,30.0,5.0
3039,159,False,1,15.0,6.0
3040,159,False,2,18.0,7.0
3041,159,False,3,11.0,8.0
3042,159,False,4,9.0,9.0
3043,159,False,5,14.0,10.0
3044,159,False,6,8.0,11.0
3045,159,False,7,10.0,12.0
3046,159,False,8,10.0,13.0
3047,159,False,9,6.0,14.0
3048,159,False,10,29.0,15.0
3049,159,False,11,9.0,16.0
3050,159,False,12,3.0,17.0
3051,159,False,13,6.0,18.0
3052,159,True,-14,0.0,-9.0
3053,159,True,-13,0.0,-8.0
3054,159,True,-12,0.0,-7.0
3055,159,True,-11,0.0,-6.0
3056,159,True,-10,0.0,-5.0
3057,159,True,-9,0.0,-4.0
3058,159,True,-8,0.0,-3.0
3059,159,True,-7,0.0,-2.0
3060,159,True,-6,3.0,-1.0
3061,159,True,-5,17.0,0.0
3062,159,True,-4,1.0,1.0
3063,159,True,-3,2.0,2.0
3064,159,True,-2,2.0,3.0
3065,159,True,-1,24.0,4.0
3066,159,True,0,15.0,5.0
3067,159,True,1,5.0,6.0
3068,159,True,2,3.0,7.0
3069,159,True,3,2.0,8.0
3070,159,True,4,2.0,9.0
3071,159,True,5,0.0,10.0
3072,159,True,6,0.0,11.0
3073,159,True,7,4.0,12.0
3074,159,True,8,2.0,13.0
3075,159,True,9,0.0,14.0
3076,159,True,10,1.0,15.0
3077,159,True,11,1.0,16.0
3078,159,True,12,0.0,17.0
3079,159,True,13,1.0,18.0
3080,160,False,-14,4.0,574.0
3081,160,False,-13,0.0,575.0
3082,160,False,-12,2.0,576.0
3083,160,False,-11,0.0,577.0
3084,160,False,-10,1.0,578.0
3085,160,False,-9,1.0,579.0
3086,160,False,-8,0.0,580.0
3087,160,False,-7,1.0,581.0
3088,160,False,-6,1.0,582.0
3089,160,False,-5,1.0,583.0
3090,160,False,-4,0.0,584.0
3091,160,False,-3,0.0,585.0
3092,160,False,-2,1.0,586.0
3093,160,False,-1,1.0,587.0
3094,160,False,0,3.0,588.0
3095,160,False,1,0.0,589.0
3096,160,False,2,0.0,590.0
3097,160,False,3,1.0,591.0
3098,160,False,4,1.0,592.0
3099,160,False,5,2.0,593.0
3100,160,False,6,2.0,594.0
3101,160,False,7,0.0,595.0
3102,160,False,8,1.0,596.0
3103,160,False,9,0.0,597.0
3104,160,False,10,1.0,598.0
3105,160,False,11,1.0,599.0
3106,160,False,12,0.0,600.0
3107,160,False,13,1.0,601.0
3108,160,True,-14,0.0,574.0
3109,160,True,-13,0.0,575.0
3110,160,True,-12,0.0,576.0
3111,160,True,-11,0.0,577.0
3112,160,True,-10,0.0,578.0
3113,160,True,-9,0.0,579.0
3114,160,True,-8,0.0,580.0
3115,160,True,-7,0.0,581.0
3116,160,True,-6,0.0,582.0
3117,160,True,-5,0.0,583.0
3118,160,True,-4,0.0,584.0
3119,160,True,-3,0.0,585.0
3120,160,True,-2,0.0,586.0
3121,160,True,-1,0.0,587.0
3122,160,True,0,3.0,588.0
3123,160,True,1,0.0,589.0
3124,160,True,2,1.0,590.0
3125,160,True,3,1.0,591.0
3126,160,True,4,0.0,592.0
3127,160,True,5,0.0,593.0
3128,160,True,6,1.0,594.0
3129,160,True,7,0.0,595.0
3130,160,True,8,0.0,596.0
3131,160,True,9,0.0,597.0
3132,160,True,10,0.0,598.0
3133,160,True,11,0.0,599.0
3134,160,True,12,0.0,600.0
3135,160,True,13,0.0,601.0
3136,161,False,-14,3.0,585.0
3137,161,False,-13,1.0,586.0
3138,161,False,-12,0.0,587.0
3139,161,False,-11,3.0,588.0
3140,161,False,-10,6.0,589.0
3141,161,False,-9,5.0,590.0
3142,161,False,-8,0.0,591.0
3143,161,False,-7,71.0,592.0
3144,161,False,-6,71.0,593.0
3145,161,False,-5,6.0,594.0
3146,161,False,-4,2.0,595.0
3147,161,False,-3,7.0,596.0
3148,161,False,-2,7.0,597.0
3149,161,False,-1,3.0,598.0
3150,161,False,0,3.0,599.0
3151,161,False,1,7.0,600.0
3152,161,False,2,3.0,601.0
3153,161,False,3,2.0,602.0
3154,161,False,4,2.0,603.0
3155,161,False,5,2.0,604.0
3156,161,False,6,3.0,605.0
3157,161,False,7,0.0,606.0
3158,161,False,8,2.0,607.0
3159,161,False,9,3.0,608.0
3160,161,False,10,2.0,609.0
3161,161,False,11,2.0,610.0
3162,161,False,12,0.0,611.0
3163,161,False,13,2.0,612.0
3164,161,True,-14,1.0,585.0
3165,161,True,-13,1.0,586.0
3166,161,True,-12,0.0,587.0
3167,161,True,-11,0.0,588.0
3168,161,True,-10,0.0,589.0
3169,161,True,-9,0.0,590.0
3170,161,True,-8,0.0,591.0
3171,161,True,-7,10.0,592.0
3172,161,True,-6,1.0,593.0
3173,161,True,-5,1.0,594.0
3174,161,True,-4,3.0,595.0
3175,161,True,-3,4.0,596.0
3176,161,True,-2,0.0,597.0
3177,161,True,-1,1.0,598.0
3178,161,True,0,3.0,599.0
3179,161,True,1,2.0,600.0
3180,161,True,2,1.0,601.0
3181,161,True,3,0.0,602.0
3182,161,True,4,1.0,603.0
3183,161,True,5,0.0,604.0
3184,161,True,6,1.0,605.0
3185,161,True,7,1.0,606.0
3186,161,True,8,0.0,607.0
3187,161,True,9,0.0,608.0
3188,161,True,10,1.0,609.0
3189,161,True,11,0.0,610.0
3190,161,True,12,0.0,611.0
3191,161,True,13,1.0,612.0
3192,165,False,-14,1.0,594.0
3193,165,False,-13,1.0,595.0
3194,165,False,-12,0.0,596.0
3195,165,False,-11,0.0,597.0
3196,165,False,-10,0.0,598.0
3197,165,False,-9,0.0,599.0
3198,165,False,-8,2.0,600.0
3199,165,False,-7,0.0,601.0
3200,165,False,-6,0.0,602.0
3201,165,False,-5,0.0,603.0
3202,165,False,-4,0.0,604.0
3203,165,False,-3,0.0,605.0
3204,165,False,-2,0.0,606.0
3205,165,False,-1,0.0,607.0
3206,165,False,0,1.0,608.0
3207,165,False,1,0.0,609.0
3208,165,False,2,0.0,610.0
3209,165,False,3,0.0,611.0
3210,165,False,4,0.0,612.0
3211,165,False,5,0.0,613.0
3212,165,False,6,0.0,614.0
3213,165,False,7,0.0,615.0
3214,165,False,8,1.0,616.0
3215,165,False,9,0.0,617.0
3216,165,False,10,0.0,618.0
3217,165,False,11,0.0,619.0
3218,165,False,12,0.0,620.0
3219,165,False,13,0.0,621.0
3220,165,True,-14,0.0,594.0
3221,165,True,-13,0.0,595.0
3222,165,True,-12,0.0,596.0
3223,165,True,-11,1.0,597.0
3224,165,True,-10,0.0,598.0
3225,165,True,-9,0.0,599.0
3226,165,True,-8,0.0,600.0
3227,165,True,-7,0.0,601.0
3228,165,True,-6,0.0,602.0
3229,165,True,-5,0.0,603.0
3230,165,True,-4,0.0,604.0
3231,165,True,-3,2.0,605.0
3232,165,True,-2,1.0,606.0
3233,165,True,-1,0.0,607.0
3234,165,True,0,0.0,608.0
3235,165,True,1,0.0,609.0
3236,165,True,2,0.0,610.0
3237,165,True,3,0.0,611.0
3238,165,True,4,0.0,612.0
3239,165,True,5,0.0,613.0
3240,165,True,6,0.0,614.0
3241,165,True,7,0.0,615.0
3242,165,True,8,0.0,616.0
3243,165,True,9,0.0,617.0
3244,165,True,10,0.0,618.0
3245,165,True,11,0.0,619.0
3246,165,True,12,0.0,620.0
3247,165,True,13,0.0,621.0
3248,167,False,-14,6.0,52.0
3249,167,False,-13,2.0,53.0
3250,167,False,-12,4.0,54.0
3251,167,False,-11,43.0,55.0
3252,167,False,-10,16.0,56.0
3253,167,False,-9,9.0,57.0
3254,167,False,-8,18.0,58.0
3255,167,False,-7,8.0,59.0
3256,167,False,-6,16.0,60.0
3257,167,False,-5,12.0,61.0
3258,167,False,-4,10.0,62.0
3259,167,False,-3,14.0,63.0
3260,167,False,-2,108.0,64.0
3261,167,False,-1,32.0,65.0
3262,167,False,0,45.0,66.0
3263,167,False,1,34.0,67.0
3264,167,False,2,21.0,68.0
3265,167,False,3,18.0,69.0
3266,167,False,4,19.0,70.0
3267,167,False,5,10.0,71.0
3268,167,False,6,5.0,72.0
3269,167,False,7,5.0,73.0
3270,167,False,8,12.0,74.0
3271,167,False,9,12.0,75.0
3272,167,False,10,23.0,76.0
3273,167,False,11,7.0,77.0
3274,167,False,12,4.0,78.0
3275,167,False,13,11.0,79.0
3276,167,True,-14,0.0,52.0
3277,167,True,-13,0.0,53.0
3278,167,True,-12,3.0,54.0
3279,167,True,-11,7.0,55.0
3280,167,True,-10,1.0,56.0
3281,167,True,-9,3.0,57.0
3282,167,True,-8,2.0,58.0
3283,167,True,-7,0.0,59.0
3284,167,True,-6,2.0,60.0
3285,167,True,-5,2.0,61.0
3286,167,True,-4,1.0,62.0
3287,167,True,-3,0.0,63.0
3288,167,True,-2,12.0,64.0
3289,167,True,-1,7.0,65.0
3290,167,True,0,7.0,66.0
3291,167,True,1,1.0,67.0
3292,167,True,2,1.0,68.0
3293,167,True,3,4.0,69.0
3294,167,True,4,1.0,70.0
3295,167,True,5,0.0,71.0
3296,167,True,6,1.0,72.0
3297,167,True,7,0.0,73.0
3298,167,True,8,0.0,74.0
3299,167,True,9,0.0,75.0
3300,167,True,10,1.0,76.0
3301,167,True,11,0.0,77.0
3302,167,True,12,1.0,78.0
3303,167,True,13,0.0,79.0
3304,172,False,-14,0.0,-14.0
3305,172,False,-13,0.0,-13.0
3306,172,False,-12,0.0,-12.0
3307,172,False,-11,0.0,-11.0
3308,172,False,-10,0.0,-10.0
3309,172,False,-9,0.0,-9.0
3310,172,False,-8,0.0,-8.0
3311,172,False,-7,0.0,-7.0
3312,172,False,-6,0.0,-6.0
3313,172,False,-5,0.0,-5.0
3314,172,False,-4,4.0,-4.0
3315,172,False,-3,9.0,-3.0
3316,172,False,-2,13.0,-2.0
3317,172,False,-1,77.0,-1.0
3318,172,False,0,244.0,0.0
3319,172,False,1,17.0,1.0
3320,172,False,2,13.0,2.0
3321,172,False,3,4.0,3.0
3322,172,False,4,26.0,4.0
3323,172,False,5,7.0,5.0
3324,172,False,6,4.0,6.0
3325,172,False,7,9.0,7.0
3326,172,False,8,7.0,8.0
3327,172,False,9,3.0,9.0
3328,172,False,10,4.0,10.0
3329,172,False,11,1.0,11.0
3330,172,False,12,2.0,12.0
3331,172,False,13,2.0,13.0
3332,172,True,-14,0.0,-14.0
3333,172,True,-13,0.0,-13.0
3334,172,True,-12,0.0,-12.0
3335,172,True,-11,0.0,-11.0
3336,172,True,-10,0.0,-10.0
3337,172,True,-9,0.0,-9.0
3338,172,True,-8,0.0,-8.0
3339,172,True,-7,0.0,-7.0
3340,172,True,-6,0.0,-6.0
3341,172,True,-5,0.0,-5.0
3342,172,True,-4,0.0,-4.0
3343,172,True,-3,0.0,-3.0
3344,172,True,-2,0.0,-2.0
3345,172,True,-1,6.0,-1.0
3346,172,True,0,20.0,0.0
3347,172,True,1,0.0,1.0
3348,172,True,2,0.0,2.0
3349,172,True,3,0.0,3.0
3350,172,True,4,1.0,4.0
3351,172,True,5,0.0,5.0
3352,172,True,6,0.0,6.0
3353,172,True,7,0.0,7.0
3354,172,True,8,0.0,8.0
3355,172,True,9,0.0,9.0
3356,172,True,10,0.0,10.0
3357,172,True,11,0.0,11.0
3358,172,True,12,0.0,12.0
3359,172,True,13,0.0,13.0
3360,177,False,-14,0.0,-14.0
3361,177,False,-13,0.0,-13.0
3362,177,False,-12,0.0,-12.0
3363,177,False,-11,0.0,-11.0
3364,177,False,-10,0.0,-10.0
3365,177,False,-9,0.0,-9.0
3366,177,False,-8,0.0,-8.0
3367,177,False,-7,0.0,-7.0
3368,177,False,-6,0.0,-6.0
3369,177,False,-5,0.0,-5.0
3370,177,False,-4,0.0,-4.0
3371,177,False,-3,0.0,-3.0
3372,177,False,-2,0.0,-2.0
3373,177,False,-1,14.0,-1.0
3374,177,False,0,36.0,0.0
3375,177,False,1,15.0,1.0
3376,177,False,2,11.0,2.0
3377,177,False,3,10.0,3.0
3378,177,False,4,13.0,4.0
3379,177,False,5,23.0,5.0
3380,177,False,6,38.0,6.0
3381,177,False,7,11.0,7.0
3382,177,False,8,13.0,8.0
3383,177,False,9,14.0,9.0
3384,177,False,10,13.0,10.0
3385,177,False,11,5.0,11.0
3386,177,False,12,3.0,12.0
3387,177,False,13,2.0,13.0
3388,177,True,-14,0.0,-14.0
3389,177,True,-13,0.0,-13.0
3390,177,True,-12,0.0,-12.0
3391,177,True,-11,0.0,-11.0
3392,177,True,-10,0.0,-10.0
3393,177,True,-9,0.0,-9.0
3394,177,True,-8,0.0,-8.0
3395,177,True,-7,0.0,-7.0
3396,177,True,-6,0.0,-6.0
3397,177,True,-5,0.0,-5.0
3398,177,True,-4,0.0,-4.0
3399,177,True,-3,0.0,-3.0
3400,177,True,-2,0.0,-2.0
3401,177,True,-1,4.0,-1.0
3402,177,True,0,7.0,0.0
3403,177,True,1,6.0,1.0
3404,177,True,2,0.0,2.0
3405,177,True,3,0.0,3.0
3406,177,True,4,1.0,4.0
3407,177,True,5,0.0,5.0
3408,177,True,6,0.0,6.0
3409,177,True,7,0.0,7.0
3410,177,True,8,0.0,8.0
3411,177,True,9,2.0,9.0
3412,177,True,10,0.0,10.0
3413,177,True,11,0.0,11.0
3414,177,True,12,0.0,12.0
3415,177,True,13,0.0,13.0
3416,181,False,-14,1.0,636.0
3417,181,False,-13,0.0,637.0
3418,181,False,-12,1.0,638.0
3419,181,False,-11,0.0,639.0
3420,181,False,-10,0.0,640.0
3421,181,False,-9,2.0,641.0
3422,181,False,-8,2.0,642.0
3423,181,False,-7,2.0,643.0
3424,181,False,-6,0.0,644.0
3425,181,False,-5,0.0,645.0
3426,181,False,-4,0.0,646.0
3427,181,False,-3,0.0,647.0
3428,181,False,-2,0.0,648.0
3429,181,False,-1,0.0,649.0
3430,181,False,0,5.0,650.0
3431,181,False,1,2.0,651.0
3432,181,False,2,0.0,652.0
3433,181,False,3,0.0,653.0
3434,181,False,4,0.0,654.0
3435,181,False,5,1.0,655.0
3436,181,False,6,0.0,656.0
3437,181,False,7,0.0,657.0
3438,181,False,8,0.0,658.0
3439,181,False,9,0.0,659.0
3440,181,False,10,1.0,660.0
3441,181,False,11,0.0,661.0
3442,181,False,12,1.0,662.0
3443,181,False,13,1.0,663.0
3444,181,True,-14,0.0,636.0
3445,181,True,-13,0.0,637.0
3446,181,True,-12,0.0,638.0
3447,181,True,-11,0.0,639.0
3448,181,True,-10,0.0,640.0
3449,181,True,-9,0.0,641.0
3450,181,True,-8,0.0,642.0
3451,181,True,-7,0.0,643.0
3452,181,True,-6,0.0,644.0
3453,181,True,-5,0.0,645.0
3454,181,True,-4,0.0,646.0
3455,181,True,-3,0.0,647.0
3456,181,True,-2,0.0,648.0
3457,181,True,-1,0.0,649.0
3458,181,True,0,1.0,650.0
3459,181,True,1,0.0,651.0
3460,181,True,2,0.0,652.0
3461,181,True,3,0.0,653.0
3462,181,True,4,0.0,654.0
3463,181,True,5,0.0,655.0
3464,181,True,6,0.0,656.0
3465,181,True,7,0.0,657.0
3466,181,True,8,0.0,658.0
3467,181,True,9,0.0,659.0
3468,181,True,10,0.0,660.0
3469,181,True,11,0.0,661.0
3470,181,True,12,0.0,662.0
3471,181,True,13,0.0,663.0
3472,183,False,-14,1.0,559.0
3473,183,False,-13,0.0,560.0
3474,183,False,-12,0.0,561.0
3475,183,False,-11,2.0,562.0
3476,183,False,-10,1.0,563.0
3477,183,False,-9,1.0,564.0
3478,183,False,-8,0.0,565.0
3479,183,False,-7,0.0,566.0
3480,183,False,-6,4.0,567.0
3481,183,False,-5,1.0,568.0
3482,183,False,-4,1.0,569.0
3483,183,False,-3,58.0,570.0
3484,183,False,-2,291.0,571.0
3485,183,False,-1,52.0,572.0
3486,183,False,0,26.0,573.0
3487,183,False,1,14.0,574.0
3488,183,False,2,16.0,575.0
3489,183,False,3,10.0,576.0
3490,183,False,4,12.0,577.0
3491,183,False,5,10.0,578.0
3492,183,False,6,10.0,579.0
3493,183,False,7,18.0,580.0
3494,183,False,8,8.0,581.0
3495,183,False,9,6.0,582.0
3496,183,False,10,1.0,583.0
3497,183,False,11,14.0,584.0
3498,183,False,12,5.0,585.0
3499,183,False,13,7.0,586.0
3500,183,True,-14,0.0,559.0
3501,183,True,-13,0.0,560.0
3502,183,True,-12,2.0,561.0
3503,183,True,-11,1.0,562.0
3504,183,True,-10,0.0,563.0
3505,183,True,-9,1.0,564.0
3506,183,True,-8,2.0,565.0
3507,183,True,-7,1.0,566.0
3508,183,True,-6,1.0,567.0
3509,183,True,-5,0.0,568.0
3510,183,True,-4,0.0,569.0
3511,183,True,-3,6.0,570.0
3512,183,True,-2,32.0,571.0
3513,183,True,-1,11.0,572.0
3514,183,True,0,8.0,573.0
3515,183,True,1,1.0,574.0
3516,183,True,2,2.0,575.0
3517,183,True,3,1.0,576.0
3518,183,True,4,1.0,577.0
3519,183,True,5,0.0,578.0
3520,183,True,6,1.0,579.0
3521,183,True,7,1.0,580.0
3522,183,True,8,2.0,581.0
3523,183,True,9,2.0,582.0
3524,183,True,10,0.0,583.0
3525,183,True,11,0.0,584.0
3526,183,True,12,1.0,585.0
3527,183,True,13,1.0,586.0
3528,184,False,-14,10.0,794.0
3529,184,False,-13,3.0,795.0
3530,184,False,-12,4.0,796.0
3531,184,False,-11,3.0,797.0
3532,184,False,-10,10.0,798.0
3533,184,False,-9,24.0,799.0
3534,184,False,-8,23.0,800.0
3535,184,False,-7,29.0,801.0
3536,184,False,-6,13.0,802.0
3537,184,False,-5,14.0,803.0
3538,184,False,-4,7.0,804.0
3539,184,False,-3,8.0,805.0
3540,184,False,-2,44.0,806.0
3541,184,False,-1,24.0,807.0
3542,184,False,0,13.0,808.0
3543,184,False,1,25.0,809.0
3544,184,False,2,19.0,810.0
3545,184,False,3,6.0,811.0
3546,184,False,4,7.0,812.0
3547,184,False,5,8.0,813.0
3548,184,False,6,9.0,814.0
3549,184,False,7,6.0,815.0
3550,184,False,8,5.0,816.0
3551,184,False,9,0.0,817.0
3552,184,False,10,0.0,818.0
3553,184,False,11,0.0,819.0
3554,184,False,12,0.0,820.0
3555,184,False,13,0.0,821.0
3556,184,True,-14,1.0,794.0
3557,184,True,-13,1.0,795.0
3558,184,True,-12,0.0,796.0
3559,184,True,-11,2.0,797.0
3560,184,True,-10,2.0,798.0
3561,184,True,-9,2.0,799.0
3562,184,True,-8,6.0,800.0
3563,184,True,-7,6.0,801.0
3564,184,True,-6,6.0,802.0
3565,184,True,-5,2.0,803.0
3566,184,True,-4,2.0,804.0
3567,184,True,-3,1.0,805.0
3568,184,True,-2,5.0,806.0
3569,184,True,-1,5.0,807.0
3570,184,True,0,7.0,808.0
3571,184,True,1,7.0,809.0
3572,184,True,2,2.0,810.0
3573,184,True,3,0.0,811.0
3574,184,True,4,1.0,812.0
3575,184,True,5,2.0,813.0
3576,184,True,6,1.0,814.0
3577,184,True,7,2.0,815.0
3578,184,True,8,1.0,816.0
3579,184,True,9,0.0,817.0
3580,184,True,10,0.0,818.0
3581,184,True,11,0.0,819.0
3582,184,True,12,0.0,820.0
3583,184,True,13,0.0,821.0
3584,185,False,-14,0.0,707.0
3585,185,False,-13,0.0,708.0
3586,185,False,-12,0.0,709.0
3587,185,False,-11,0.0,710.0
3588,185,False,-10,0.0,711.0
3589,185,False,-9,1.0,712.0
3590,185,False,-8,0.0,713.0
3591,185,False,-7,0.0,714.0
3592,185,False,-6,0.0,715.0
3593,185,False,-5,0.0,716.0
3594,185,False,-4,0.0,717.0
3595,185,False,-3,2.0,718.0
3596,185,False,-2,0.0,719.0
3597,185,False,-1,0.0,720.0
3598,185,False,0,5.0,721.0
3599,185,False,1,1.0,722.0
3600,185,False,2,0.0,723.0
3601,185,False,3,0.0,724.0
3602,185,False,4,0.0,725.0
3603,185,False,5,0.0,726.0
3604,185,False,6,1.0,727.0
3605,185,False,7,0.0,728.0
3606,185,False,8,0.0,729.0
3607,185,False,9,0.0,730.0
3608,185,False,10,0.0,731.0
3609,185,False,11,0.0,732.0
3610,185,False,12,0.0,733.0
3611,185,False,13,0.0,734.0
3612,185,True,-14,0.0,707.0
3613,185,True,-13,0.0,708.0
3614,185,True,-12,0.0,709.0
3615,185,True,-11,0.0,710.0
3616,185,True,-10,0.0,711.0
3617,185,True,-9,0.0,712.0
3618,185,True,-8,0.0,713.0
3619,185,True,-7,0.0,714.0
3620,185,True,-6,0.0,715.0
3621,185,True,-5,0.0,716.0
3622,185,True,-4,0.0,717.0
3623,185,True,-3,0.0,718.0
3624,185,True,-2,0.0,719.0
3625,185,True,-1,0.0,720.0
3626,185,True,0,3.0,721.0
3627,185,True,1,0.0,722.0
3628,185,True,2,0.0,723.0
3629,185,True,3,0.0,724.0
3630,185,True,4,0.0,725.0
3631,185,True,5,0.0,726.0
3632,185,True,6,0.0,727.0
3633,185,True,7,1.0,728.0
3634,185,True,8,0.0,729.0
3635,185,True,9,0.0,730.0
3636,185,True,10,0.0,731.0
3637,185,True,11,0.0,732.0
3638,185,True,12,0.0,733.0
3639,185,True,13,0.0,734.0
3640,186,False,-14,1.0,630.0
3641,186,False,-13,0.0,631.0
3642,186,False,-12,0.0,632.0
3643,186,False,-11,1.0,633.0
3644,186,False,-10,0.0,634.0
3645,186,False,-9,0.0,635.0
3646,186,False,-8,1.0,636.0
3647,186,False,-7,0.0,637.0
3648,186,False,-6,0.0,638.0
3649,186,False,-5,0.0,639.0
3650,186,False,-4,0.0,640.0
3651,186,False,-3,0.0,641.0
3652,186,False,-2,0.0,642.0
3653,186,False,-1,0.0,643.0
3654,186,False,0,1.0,644.0
3655,186,False,1,1.0,645.0
3656,186,False,2,1.0,646.0
3657,186,False,3,0.0,647.0
3658,186,False,4,0.0,648.0
3659,186,False,5,1.0,649.0
3660,186,False,6,0.0,650.0
3661,186,False,7,0.0,651.0
3662,186,False,8,1.0,652.0
3663,186,False,9,0.0,653.0
3664,186,False,10,0.0,654.0
3665,186,False,11,0.0,655.0
3666,186,False,12,0.0,656.0
3667,186,False,13,1.0,657.0
3668,186,True,-14,0.0,630.0
3669,186,True,-13,0.0,631.0
3670,186,True,-12,0.0,632.0
3671,186,True,-11,0.0,633.0
3672,186,True,-10,0.0,634.0
3673,186,True,-9,0.0,635.0
3674,186,True,-8,0.0,636.0
3675,186,True,-7,0.0,637.0
3676,186,True,-6,0.0,638.0
3677,186,True,-5,0.0,639.0
3678,186,True,-4,0.0,640.0
3679,186,True,-3,0.0,641.0
3680,186,True,-2,0.0,642.0
3681,186,True,-1,0.0,643.0
3682,186,True,0,3.0,644.0
3683,186,True,1,2.0,645.0
3684,186,True,2,0.0,646.0
3685,186,True,3,0.0,647.0
3686,186,True,4,0.0,648.0
3687,186,True,5,0.0,649.0
3688,186,True,6,1.0,650.0
3689,186,True,7,0.0,651.0
3690,186,True,8,0.0,652.0
3691,186,True,9,0.0,653.0
3692,186,True,10,0.0,654.0
3693,186,True,11,0.0,655.0
3694,186,True,12,0.0,656.0
3695,186,True,13,0.0,657.0
3696,187,False,-14,0.0,-14.0
3697,187,False,-13,0.0,-13.0
3698,187,False,-12,0.0,-12.0
3699,187,False,-11,0.0,-11.0
3700,187,False,-10,0.0,-10.0
3701,187,False,-9,0.0,-9.0
3702,187,False,-8,0.0,-8.0
3703,187,False,-7,0.0,-7.0
3704,187,False,-6,0.0,-6.0
3705,187,False,-5,0.0,-5.0
3706,187,False,-4,0.0,-4.0
3707,187,False,-3,0.0,-3.0
3708,187,False,-2,83.0,-2.0
3709,187,False,-1,220.0,-1.0
3710,187,False,0,110.0,0.0
3711,187,False,1,53.0,1.0
3712,187,False,2,68.0,2.0
3713,187,False,3,57.0,3.0
3714,187,False,4,80.0,4.0
3715,187,False,5,155.0,5.0
3716,187,False,6,74.0,6.0
3717,187,False,7,55.0,7.0
3718,187,False,8,37.0,8.0
3719,187,False,9,20.0,9.0
3720,187,False,10,60.0,10.0
3721,187,False,11,47.0,11.0
3722,187,False,12,55.0,12.0
3723,187,False,13,53.0,13.0
3724,187,True,-14,0.0,-14.0
3725,187,True,-13,0.0,-13.0
3726,187,True,-12,0.0,-12.0
3727,187,True,-11,0.0,-11.0
3728,187,True,-10,0.0,-10.0
3729,187,True,-9,0.0,-9.0
3730,187,True,-8,0.0,-8.0
3731,187,True,-7,0.0,-7.0
3732,187,True,-6,0.0,-6.0
3733,187,True,-5,0.0,-5.0
3734,187,True,-4,0.0,-4.0
3735,187,True,-3,0.0,-3.0
3736,187,True,-2,0.0,-2.0
3737,187,True,-1,27.0,-1.0
3738,187,True,0,16.0,0.0
3739,187,True,1,3.0,1.0
3740,187,True,2,4.0,2.0
3741,187,True,3,1.0,3.0
3742,187,True,4,1.0,4.0
3743,187,True,5,11.0,5.0
3744,187,True,6,1.0,6.0
3745,187,True,7,3.0,7.0
3746,187,True,8,0.0,8.0
3747,187,True,9,0.0,9.0
3748,187,True,10,1.0,10.0
3749,187,True,11,0.0,11.0
3750,187,True,12,1.0,12.0
3751,187,True,13,0.0,13.0
3752,202,False,-14,884.0,568.0
3753,202,False,-13,797.0,569.0
3754,202,False,-12,639.0,570.0
3755,202,False,-11,472.0,571.0
3756,202,False,-10,374.0,572.0
3757,202,False,-9,636.0,573.0
3758,202,False,-8,393.0,574.0
3759,202,False,-7,283.0,575.0
3760,202,False,-6,258.0,576.0
3761,202,False,-5,284.0,577.0
3762,202,False,-4,322.0,578.0
3763,202,False,-3,218.0,579.0
3764,202,False,-2,165.0,580.0
3765,202,False,-1,738.0,581.0
3766,202,False,0,1024.0,582.0
3767,202,False,1,184.0,583.0
3768,202,False,2,98.0,584.0
3769,202,False,3,100.0,585.0
3770,202,False,4,519.0,586.0
3771,202,False,5,208.0,587.0
3772,202,False,6,104.0,588.0
3773,202,False,7,103.0,589.0
3774,202,False,8,57.0,590.0
3775,202,False,9,70.0,591.0
3776,202,False,10,45.0,592.0
3777,202,False,11,50.0,593.0
3778,202,False,12,85.0,594.0
3779,202,False,13,211.0,595.0
3780,202,True,-14,103.0,568.0
3781,202,True,-13,59.0,569.0
3782,202,True,-12,62.0,570.0
3783,202,True,-11,28.0,571.0
3784,202,True,-10,33.0,572.0
3785,202,True,-9,67.0,573.0
3786,202,True,-8,42.0,574.0
3787,202,True,-7,36.0,575.0
3788,202,True,-6,19.0,576.0
3789,202,True,-5,29.0,577.0
3790,202,True,-4,43.0,578.0
3791,202,True,-3,15.0,579.0
3792,202,True,-2,20.0,580.0
3793,202,True,-1,154.0,581.0
3794,202,True,0,177.0,582.0
3795,202,True,1,23.0,583.0
3796,202,True,2,10.0,584.0
3797,202,True,3,12.0,585.0
3798,202,True,4,55.0,586.0
3799,202,True,5,41.0,587.0
3800,202,True,6,13.0,588.0
3801,202,True,7,6.0,589.0
3802,202,True,8,8.0,590.0
3803,202,True,9,7.0,591.0
3804,202,True,10,2.0,592.0
3805,202,True,11,5.0,593.0
3806,202,True,12,12.0,594.0
3807,202,True,13,37.0,595.0
3808,205,False,-14,12.0,559.0
3809,205,False,-13,12.0,560.0
3810,205,False,-12,11.0,561.0
3811,205,False,-11,32.0,562.0
3812,205,False,-10,38.0,563.0
3813,205,False,-9,150.0,564.0
3814,205,False,-8,106.0,565.0
3815,205,False,-7,50.0,566.0
3816,205,False,-6,39.0,567.0
3817,205,False,-5,89.0,568.0
3818,205,False,-4,47.0,569.0
3819,205,False,-3,78.0,570.0
3820,205,False,-2,167.0,571.0
3821,205,False,-1,70.0,572.0
3822,205,False,0,122.0,573.0
3823,205,False,1,474.0,574.0
3824,205,False,2,456.0,575.0
3825,205,False,3,310.0,576.0
3826,205,False,4,284.0,577.0
3827,205,False,5,223.0,578.0
3828,205,False,6,80.0,579.0
3829,205,False,7,139.0,580.0
3830,205,False,8,60.0,581.0
3831,205,False,9,59.0,582.0
3832,205,False,10,59.0,583.0
3833,205,False,11,58.0,584.0
3834,205,False,12,28.0,585.0
3835,205,False,13,36.0,586.0
3836,205,True,-14,0.0,559.0
3837,205,True,-13,1.0,560.0
3838,205,True,-12,0.0,561.0
3839,205,True,-11,3.0,562.0
3840,205,True,-10,5.0,563.0
3841,205,True,-9,27.0,564.0
3842,205,True,-8,9.0,565.0
3843,205,True,-7,2.0,566.0
3844,205,True,-6,4.0,567.0
3845,205,True,-5,20.0,568.0
3846,205,True,-4,4.0,569.0
3847,205,True,-3,15.0,570.0
3848,205,True,-2,25.0,571.0
3849,205,True,-1,8.0,572.0
3850,205,True,0,17.0,573.0
3851,205,True,1,56.0,574.0
3852,205,True,2,58.0,575.0
3853,205,True,3,48.0,576.0
3854,205,True,4,44.0,577.0
3855,205,True,5,27.0,578.0
3856,205,True,6,10.0,579.0
3857,205,True,7,22.0,580.0
3858,205,True,8,2.0,581.0
3859,205,True,9,7.0,582.0
3860,205,True,10,5.0,583.0
3861,205,True,11,6.0,584.0
3862,205,True,12,1.0,585.0
3863,205,True,13,2.0,586.0
3864,209,False,-14,1.0,672.0
3865,209,False,-13,1.0,673.0
3866,209,False,-12,0.0,674.0
3867,209,False,-11,1.0,675.0
3868,209,False,-10,1.0,676.0
3869,209,False,-9,4.0,677.0
3870,209,False,-8,1.0,678.0
3871,209,False,-7,0.0,679.0
3872,209,False,-6,2.0,680.0
3873,209,False,-5,0.0,681.0
3874,209,False,-4,3.0,682.0
3875,209,False,-3,3.0,683.0
3876,209,False,-2,1.0,684.0
3877,209,False,-1,0.0,685.0
3878,209,False,0,0.0,686.0
3879,209,False,1,0.0,687.0
3880,209,False,2,0.0,688.0
3881,209,False,3,0.0,689.0
3882,209,False,4,0.0,690.0
3883,209,False,5,0.0,691.0
3884,209,False,6,0.0,692.0
3885,209,False,7,0.0,693.0
3886,209,False,8,0.0,694.0
3887,209,False,9,1.0,695.0
3888,209,False,10,0.0,696.0
3889,209,False,11,2.0,697.0
3890,209,False,12,0.0,698.0
3891,209,False,13,4.0,699.0
3892,209,True,-14,2.0,672.0
3893,209,True,-13,0.0,673.0
3894,209,True,-12,1.0,674.0
3895,209,True,-11,1.0,675.0
3896,209,True,-10,0.0,676.0
3897,209,True,-9,0.0,677.0
3898,209,True,-8,1.0,678.0
3899,209,True,-7,0.0,679.0
3900,209,True,-6,2.0,680.0
3901,209,True,-5,0.0,681.0
3902,209,True,-4,1.0,682.0
3903,209,True,-3,1.0,683.0
3904,209,True,-2,0.0,684.0
3905,209,True,-1,0.0,685.0
3906,209,True,0,2.0,686.0
3907,209,True,1,1.0,687.0
3908,209,True,2,0.0,688.0
3909,209,True,3,1.0,689.0
3910,209,True,4,0.0,690.0
3911,209,True,5,0.0,691.0
3912,209,True,6,0.0,692.0
3913,209,True,7,0.0,693.0
3914,209,True,8,0.0,694.0
3915,209,True,9,0.0,695.0
3916,209,True,10,0.0,696.0
3917,209,True,11,0.0,697.0
3918,209,True,12,0.0,698.0
3919,209,True,13,0.0,699.0
3920,212,False,-14,0.0,605.0
3921,212,False,-13,2.0,606.0
3922,212,False,-12,1.0,607.0
3923,212,False,-11,8.0,608.0
3924,212,False,-10,3.0,609.0
3925,212,False,-9,0.0,610.0
3926,212,False,-8,1.0,611.0
3927,212,False,-7,0.0,612.0
3928,212,False,-6,1.0,613.0
3929,212,False,-5,4.0,614.0
3930,212,False,-4,1.0,615.0
3931,212,False,-3,0.0,616.0
3932,212,False,-2,1.0,617.0
3933,212,False,-1,19.0,618.0
3934,212,False,0,30.0,619.0
3935,212,False,1,4.0,620.0
3936,212,False,2,1.0,621.0
3937,212,False,3,3.0,622.0
3938,212,False,4,3.0,623.0
3939,212,False,5,1.0,624.0
3940,212,False,6,4.0,625.0
3941,212,False,7,0.0,626.0
3942,212,False,8,1.0,627.0
3943,212,False,9,2.0,628.0
3944,212,False,10,0.0,629.0
3945,212,False,11,1.0,630.0
3946,212,False,12,2.0,631.0
3947,212,False,13,1.0,632.0
3948,212,True,-14,0.0,605.0
3949,212,True,-13,0.0,606.0
3950,212,True,-12,0.0,607.0
3951,212,True,-11,1.0,608.0
3952,212,True,-10,0.0,609.0
3953,212,True,-9,0.0,610.0
3954,212,True,-8,1.0,611.0
3955,212,True,-7,0.0,612.0
3956,212,True,-6,1.0,613.0
3957,212,True,-5,0.0,614.0
3958,212,True,-4,1.0,615.0
3959,212,True,-3,0.0,616.0
3960,212,True,-2,0.0,617.0
3961,212,True,-1,3.0,618.0
3962,212,True,0,2.0,619.0
3963,212,True,1,0.0,620.0
3964,212,True,2,1.0,621.0
3965,212,True,3,2.0,622.0
3966,212,True,4,1.0,623.0
3967,212,True,5,0.0,624.0
3968,212,True,6,0.0,625.0
3969,212,True,7,0.0,626.0
3970,212,True,8,0.0,627.0
3971,212,True,9,0.0,628.0
3972,212,True,10,0.0,629.0
3973,212,True,11,0.0,630.0
3974,212,True,12,0.0,631.0
3975,212,True,13,0.0,632.0
3976,213,False,-14,0.0,553.0
3977,213,False,-13,0.0,554.0
3978,213,False,-12,0.0,555.0
3979,213,False,-11,0.0,556.0
3980,213,False,-10,0.0,557.0
3981,213,False,-9,1.0,558.0
3982,213,False,-8,5.0,559.0
3983,213,False,-7,9.0,560.0
3984,213,False,-6,2.0,561.0
3985,213,False,-5,1.0,562.0
3986,213,False,-4,3.0,563.0
3987,213,False,-3,2.0,564.0
3988,213,False,-2,2.0,565.0
3989,213,False,-1,28.0,566.0
3990,213,False,0,26.0,567.0
3991,213,False,1,4.0,568.0
3992,213,False,2,11.0,569.0
3993,213,False,3,8.0,570.0
3994,213,False,4,5.0,571.0
3995,213,False,5,5.0,572.0
3996,213,False,6,10.0,573.0
3997,213,False,7,9.0,574.0
3998,213,False,8,5.0,575.0
3999,213,False,9,3.0,576.0
4000,213,False,10,2.0,577.0
4001,213,False,11,0.0,578.0
4002,213,False,12,16.0,579.0
4003,213,False,13,12.0,580.0
4004,213,True,-14,1.0,553.0
4005,213,True,-13,0.0,554.0
4006,213,True,-12,0.0,555.0
4007,213,True,-11,1.0,556.0
4008,213,True,-10,1.0,557.0
4009,213,True,-9,0.0,558.0
4010,213,True,-8,0.0,559.0
4011,213,True,-7,0.0,560.0
4012,213,True,-6,0.0,561.0
4013,213,True,-5,0.0,562.0
4014,213,True,-4,0.0,563.0
4015,213,True,-3,0.0,564.0
4016,213,True,-2,1.0,565.0
4017,213,True,-1,7.0,566.0
4018,213,True,0,8.0,567.0
4019,213,True,1,2.0,568.0
4020,213,True,2,0.0,569.0
4021,213,True,3,0.0,570.0
4022,213,True,4,1.0,571.0
4023,213,True,5,0.0,572.0
4024,213,True,6,1.0,573.0
4025,213,True,7,0.0,574.0
4026,213,True,8,0.0,575.0
4027,213,True,9,1.0,576.0
4028,213,True,10,0.0,577.0
4029,213,True,11,1.0,578.0
4030,213,True,12,0.0,579.0
4031,213,True,13,0.0,580.0
4032,217,False,-14,44.0,580.0
4033,217,False,-13,28.0,581.0
4034,217,False,-12,40.0,582.0
4035,217,False,-11,27.0,583.0
4036,217,False,-10,38.0,584.0
4037,217,False,-9,46.0,585.0
4038,217,False,-8,48.0,586.0
4039,217,False,-7,35.0,587.0
4040,217,False,-6,35.0,588.0
4041,217,False,-5,59.0,589.0
4042,217,False,-4,22.0,590.0
4043,217,False,-3,23.0,591.0
4044,217,False,-2,17.0,592.0
4045,217,False,-1,24.0,593.0
4046,217,False,0,127.0,594.0
4047,217,False,1,29.0,595.0
4048,217,False,2,12.0,596.0
4049,217,False,3,15.0,597.0
4050,217,False,4,19.0,598.0
4051,217,False,5,18.0,599.0
4052,217,False,6,10.0,600.0
4053,217,False,7,26.0,601.0
4054,217,False,8,189.0,602.0
4055,217,False,9,142.0,603.0
4056,217,False,10,33.0,604.0
4057,217,False,11,17.0,605.0
4058,217,False,12,76.0,606.0
4059,217,False,13,39.0,607.0
4060,217,True,-14,4.0,580.0
4061,217,True,-13,1.0,581.0
4062,217,True,-12,9.0,582.0
4063,217,True,-11,7.0,583.0
4064,217,True,-10,9.0,584.0
4065,217,True,-9,12.0,585.0
4066,217,True,-8,5.0,586.0
4067,217,True,-7,7.0,587.0
4068,217,True,-6,10.0,588.0
4069,217,True,-5,8.0,589.0
4070,217,True,-4,7.0,590.0
4071,217,True,-3,3.0,591.0
4072,217,True,-2,5.0,592.0
4073,217,True,-1,6.0,593.0
4074,217,True,0,29.0,594.0
4075,217,True,1,8.0,595.0
4076,217,True,2,6.0,596.0
4077,217,True,3,5.0,597.0
4078,217,True,4,3.0,598.0
4079,217,True,5,1.0,599.0
4080,217,True,6,3.0,600.0
4081,217,True,7,6.0,601.0
4082,217,True,8,19.0,602.0
4083,217,True,9,18.0,603.0
4084,217,True,10,5.0,604.0
4085,217,True,11,4.0,605.0
4086,217,True,12,13.0,606.0
4087,217,True,13,9.0,607.0
4088,219,False,-14,0.0,664.0
4089,219,False,-13,0.0,665.0
4090,219,False,-12,0.0,666.0
4091,219,False,-11,0.0,667.0
4092,219,False,-10,0.0,668.0
4093,219,False,-9,0.0,669.0
4094,219,False,-8,0.0,670.0
4095,219,False,-7,0.0,671.0
4096,219,False,-6,2.0,672.0
4097,219,False,-5,0.0,673.0
4098,219,False,-4,0.0,674.0
4099,219,False,-3,0.0,675.0
4100,219,False,-2,2.0,676.0
4101,219,False,-1,83.0,677.0
4102,219,False,0,29.0,678.0
4103,219,False,1,6.0,679.0
4104,219,False,2,2.0,680.0
4105,219,False,3,2.0,681.0
4106,219,False,4,1.0,682.0
4107,219,False,5,1.0,683.0
4108,219,False,6,0.0,684.0
4109,219,False,7,0.0,685.0
4110,219,False,8,0.0,686.0
4111,219,False,9,0.0,687.0
4112,219,False,10,0.0,688.0
4113,219,False,11,0.0,689.0
4114,219,False,12,0.0,690.0
4115,219,False,13,1.0,691.0
4116,219,True,-14,0.0,664.0
4117,219,True,-13,0.0,665.0
4118,219,True,-12,0.0,666.0
4119,219,True,-11,0.0,667.0
4120,219,True,-10,0.0,668.0
4121,219,True,-9,0.0,669.0
4122,219,True,-8,0.0,670.0
4123,219,True,-7,1.0,671.0
4124,219,True,-6,0.0,672.0
4125,219,True,-5,0.0,673.0
4126,219,True,-4,0.0,674.0
4127,219,True,-3,0.0,675.0
4128,219,True,-2,1.0,676.0
4129,219,True,-1,26.0,677.0
4130,219,True,0,12.0,678.0
4131,219,True,1,4.0,679.0
4132,219,True,2,0.0,680.0
4133,219,True,3,2.0,681.0
4134,219,True,4,1.0,682.0
4135,219,True,5,0.0,683.0
4136,219,True,6,0.0,684.0
4137,219,True,7,0.0,685.0
4138,219,True,8,0.0,686.0
4139,219,True,9,0.0,687.0
4140,219,True,10,0.0,688.0
4141,219,True,11,0.0,689.0
4142,219,True,12,0.0,690.0
4143,219,True,13,0.0,691.0
4144,221,False,-14,0.0,-11.0
4145,221,False,-13,0.0,-10.0
4146,221,False,-12,0.0,-9.0
4147,221,False,-11,0.0,-8.0
4148,221,False,-10,0.0,-7.0
4149,221,False,-9,0.0,-6.0
4150,221,False,-8,0.0,-5.0
4151,221,False,-7,0.0,-4.0
4152,221,False,-6,0.0,-3.0
4153,221,False,-5,0.0,-2.0
4154,221,False,-4,403.0,-1.0
4155,221,False,-3,748.0,0.0
4156,221,False,-2,245.0,1.0
4157,221,False,-1,118.0,2.0
4158,221,False,0,127.0,3.0
4159,221,False,1,112.0,4.0
4160,221,False,2,141.0,5.0
4161,221,False,3,90.0,6.0
4162,221,False,4,52.0,7.0
4163,221,False,5,53.0,8.0
4164,221,False,6,55.0,9.0
4165,221,False,7,54.0,10.0
4166,221,False,8,81.0,11.0
4167,221,False,9,55.0,12.0
4168,221,False,10,79.0,13.0
4169,221,False,11,77.0,14.0
4170,221,False,12,83.0,15.0
4171,221,False,13,31.0,16.0
4172,221,True,-14,0.0,-11.0
4173,221,True,-13,0.0,-10.0
4174,221,True,-12,0.0,-9.0
4175,221,True,-11,0.0,-8.0
4176,221,True,-10,0.0,-7.0
4177,221,True,-9,0.0,-6.0
4178,221,True,-8,0.0,-5.0
4179,221,True,-7,0.0,-4.0
4180,221,True,-6,0.0,-3.0
4181,221,True,-5,0.0,-2.0
4182,221,True,-4,32.0,-1.0
4183,221,True,-3,65.0,0.0
4184,221,True,-2,24.0,1.0
4185,221,True,-1,12.0,2.0
4186,221,True,0,9.0,3.0
4187,221,True,1,9.0,4.0
4188,221,True,2,4.0,5.0
4189,221,True,3,1.0,6.0
4190,221,True,4,0.0,7.0
4191,221,True,5,1.0,8.0
4192,221,True,6,1.0,9.0
4193,221,True,7,1.0,10.0
4194,221,True,8,1.0,11.0
4195,221,True,9,3.0,12.0
4196,221,True,10,1.0,13.0
4197,221,True,11,0.0,14.0
4198,221,True,12,0.0,15.0
4199,221,True,13,0.0,16.0
4200,223,False,-14,5.0,775.0
4201,223,False,-13,0.0,776.0
4202,223,False,-12,0.0,777.0
4203,223,False,-11,0.0,778.0
4204,223,False,-10,1.0,779.0
4205,223,False,-9,1.0,780.0
4206,223,False,-8,0.0,781.0
4207,223,False,-7,0.0,782.0
4208,223,False,-6,0.0,783.0
4209,223,False,-5,0.0,784.0
4210,223,False,-4,0.0,785.0
4211,223,False,-3,0.0,786.0
4212,223,False,-2,0.0,787.0
4213,223,False,-1,0.0,788.0
4214,223,False,0,5.0,789.0
4215,223,False,1,0.0,790.0
4216,223,False,2,1.0,791.0
4217,223,False,3,1.0,792.0
4218,223,False,4,1.0,793.0
4219,223,False,5,0.0,794.0
4220,223,False,6,0.0,795.0
4221,223,False,7,3.0,796.0
4222,223,False,8,0.0,797.0
4223,223,False,9,0.0,798.0
4224,223,False,10,0.0,799.0
4225,223,False,11,0.0,800.0
4226,223,False,12,0.0,801.0
4227,223,False,13,2.0,802.0
4228,223,True,-14,7.0,775.0
4229,223,True,-13,1.0,776.0
4230,223,True,-12,0.0,777.0
4231,223,True,-11,0.0,778.0
4232,223,True,-10,2.0,779.0
4233,223,True,-9,1.0,780.0
4234,223,True,-8,1.0,781.0
4235,223,True,-7,0.0,782.0
4236,223,True,-6,0.0,783.0
4237,223,True,-5,1.0,784.0
4238,223,True,-4,0.0,785.0
4239,223,True,-3,0.0,786.0
4240,223,True,-2,0.0,787.0
4241,223,True,-1,0.0,788.0
4242,223,True,0,2.0,789.0
4243,223,True,1,0.0,790.0
4244,223,True,2,0.0,791.0
4245,223,True,3,0.0,792.0
4246,223,True,4,0.0,793.0
4247,223,True,5,0.0,794.0
4248,223,True,6,1.0,795.0
4249,223,True,7,0.0,796.0
4250,223,True,8,0.0,797.0
4251,223,True,9,0.0,798.0
4252,223,True,10,1.0,799.0
4253,223,True,11,1.0,800.0
4254,223,True,12,0.0,801.0
4255,223,True,13,0.0,802.0
4256,224,False,-14,1.0,638.0
4257,224,False,-13,0.0,639.0
4258,224,False,-12,0.0,640.0
4259,224,False,-11,0.0,641.0
4260,224,False,-10,0.0,642.0
4261,224,False,-9,1.0,643.0
4262,224,False,-8,0.0,644.0
4263,224,False,-7,0.0,645.0
4264,224,False,-6,0.0,646.0
4265,224,False,-5,0.0,647.0
4266,224,False,-4,0.0,648.0
4267,224,False,-3,0.0,649.0
4268,224,False,-2,0.0,650.0
4269,224,False,-1,0.0,651.0
4270,224,False,0,4.0,652.0
4271,224,False,1,1.0,653.0
4272,224,False,2,0.0,654.0
4273,224,False,3,0.0,655.0
4274,224,False,4,0.0,656.0
4275,224,False,5,0.0,657.0
4276,224,False,6,0.0,658.0
4277,224,False,7,0.0,659.0
4278,224,False,8,0.0,660.0
4279,224,False,9,0.0,661.0
4280,224,False,10,0.0,662.0
4281,224,False,11,0.0,663.0
4282,224,False,12,0.0,664.0
4283,224,False,13,0.0,665.0
4284,224,True,-14,0.0,638.0
4285,224,True,-13,0.0,639.0
4286,224,True,-12,0.0,640.0
4287,224,True,-11,0.0,641.0
4288,224,True,-10,0.0,642.0
4289,224,True,-9,0.0,643.0
4290,224,True,-8,0.0,644.0
4291,224,True,-7,0.0,645.0
4292,224,True,-6,0.0,646.0
4293,224,True,-5,0.0,647.0
4294,224,True,-4,0.0,648.0
4295,224,True,-3,0.0,649.0
4296,224,True,-2,0.0,650.0
4297,224,True,-1,0.0,651.0
4298,224,True,0,3.0,652.0
4299,224,True,1,0.0,653.0
4300,224,True,2,0.0,654.0
4301,224,True,3,0.0,655.0
4302,224,True,4,0.0,656.0
4303,224,True,5,0.0,657.0
4304,224,True,6,0.0,658.0
4305,224,True,7,0.0,659.0
4306,224,True,8,0.0,660.0
4307,224,True,9,0.0,661.0
4308,224,True,10,0.0,662.0
4309,224,True,11,0.0,663.0
4310,224,True,12,0.0,664.0
4311,224,True,13,0.0,665.0
4312,228,False,-14,0.0,-13.0
4313,228,False,-13,0.0,-12.0
4314,228,False,-12,0.0,-11.0
4315,228,False,-11,0.0,-10.0
4316,228,False,-10,0.0,-9.0
4317,228,False,-9,0.0,-8.0
4318,228,False,-8,0.0,-7.0
4319,228,False,-7,0.0,-6.0
4320,228,False,-6,40.0,-5.0
4321,228,False,-5,25.0,-4.0
4322,228,False,-4,27.0,-3.0
4323,228,False,-3,13.0,-2.0
4324,228,False,-2,14.0,-1.0
4325,228,False,-1,5.0,0.0
4326,228,False,0,12.0,1.0
4327,228,False,1,9.0,2.0
4328,228,False,2,7.0,3.0
4329,228,False,3,5.0,4.0
4330,228,False,4,6.0,5.0
4331,228,False,5,3.0,6.0
4332,228,False,6,3.0,7.0
4333,228,False,7,15.0,8.0
4334,228,False,8,13.0,9.0
4335,228,False,9,5.0,10.0
4336,228,False,10,4.0,11.0
4337,228,False,11,6.0,12.0
4338,228,False,12,8.0,13.0
4339,228,False,13,7.0,14.0
4340,228,True,-14,0.0,-13.0
4341,228,True,-13,0.0,-12.0
4342,228,True,-12,0.0,-11.0
4343,228,True,-11,0.0,-10.0
4344,228,True,-10,0.0,-9.0
4345,228,True,-9,0.0,-8.0
4346,228,True,-8,0.0,-7.0
4347,228,True,-7,0.0,-6.0
4348,228,True,-6,0.0,-5.0
4349,228,True,-5,0.0,-4.0
4350,228,True,-4,0.0,-3.0
4351,228,True,-3,0.0,-2.0
4352,228,True,-2,0.0,-1.0
4353,228,True,-1,2.0,0.0
4354,228,True,0,2.0,1.0
4355,228,True,1,4.0,2.0
4356,228,True,2,0.0,3.0
4357,228,True,3,0.0,4.0
4358,228,True,4,1.0,5.0
4359,228,True,5,1.0,6.0
4360,228,True,6,0.0,7.0
4361,228,True,7,1.0,8.0
4362,228,True,8,1.0,9.0
4363,228,True,9,0.0,10.0
4364,228,True,10,0.0,11.0
4365,228,True,11,0.0,12.0
4366,228,True,12,0.0,13.0
4367,228,True,13,0.0,14.0
4368,240,False,-14,0.0,-7.0
4369,240,False,-13,4.0,-6.0
4370,240,False,-12,3.0,-5.0
4371,240,False,-11,7.0,-4.0
4372,240,False,-10,6.0,-3.0
4373,240,False,-9,6.0,-2.0
4374,240,False,-8,8.0,-1.0
4375,240,False,-7,3.0,0.0
4376,240,False,-6,4.0,1.0
4377,240,False,-5,9.0,2.0
4378,240,False,-4,6.0,3.0
4379,240,False,-3,5.0,4.0
4380,240,False,-2,3.0,5.0
4381,240,False,-1,3.0,6.0
4382,240,False,0,0.0,7.0
4383,240,False,1,14.0,8.0
4384,240,False,2,11.0,9.0
4385,240,False,3,4.0,10.0
4386,240,False,4,10.0,11.0
4387,240,False,5,2.0,12.0
4388,240,False,6,1.0,13.0
4389,240,False,7,1.0,14.0
4390,240,False,8,6.0,15.0
4391,240,False,9,2.0,16.0
4392,240,False,10,7.0,17.0
4393,240,False,11,10.0,18.0
4394,240,False,12,6.0,19.0
4395,240,False,13,1.0,20.0
4396,240,True,-14,0.0,-7.0
4397,240,True,-13,0.0,-6.0
4398,240,True,-12,0.0,-5.0
4399,240,True,-11,0.0,-4.0
4400,240,True,-10,0.0,-3.0
4401,240,True,-9,0.0,-2.0
4402,240,True,-8,0.0,-1.0
4403,240,True,-7,1.0,0.0
4404,240,True,-6,0.0,1.0
4405,240,True,-5,2.0,2.0
4406,240,True,-4,1.0,3.0
4407,240,True,-3,0.0,4.0
4408,240,True,-2,1.0,5.0
4409,240,True,-1,1.0,6.0
4410,240,True,0,2.0,7.0
4411,240,True,1,2.0,8.0
4412,240,True,2,2.0,9.0
4413,240,True,3,0.0,10.0
4414,240,True,4,1.0,11.0
4415,240,True,5,1.0,12.0
4416,240,True,6,0.0,13.0
4417,240,True,7,0.0,14.0
4418,240,True,8,0.0,15.0
4419,240,True,9,0.0,16.0
4420,240,True,10,3.0,17.0
4421,240,True,11,1.0,18.0
4422,240,True,12,1.0,19.0
4423,240,True,13,0.0,20.0
4424,242,False,-14,0.0,561.0
4425,242,False,-13,0.0,562.0
4426,242,False,-12,0.0,563.0
4427,242,False,-11,0.0,564.0
4428,242,False,-10,0.0,565.0
4429,242,False,-9,0.0,566.0
4430,242,False,-8,1.0,567.0
4431,242,False,-7,3.0,568.0
4432,242,False,-6,3.0,569.0
4433,242,False,-5,1.0,570.0
4434,242,False,-4,1.0,571.0
4435,242,False,-3,21.0,572.0
4436,242,False,-2,8.0,573.0
4437,242,False,-1,11.0,574.0
4438,242,False,0,17.0,575.0
4439,242,False,1,17.0,576.0
4440,242,False,2,42.0,577.0
4441,242,False,3,17.0,578.0
4442,242,False,4,22.0,579.0
4443,242,False,5,7.0,580.0
4444,242,False,6,10.0,581.0
4445,242,False,7,25.0,582.0
4446,242,False,8,5.0,583.0
4447,242,False,9,10.0,584.0
4448,242,False,10,6.0,585.0
4449,242,False,11,8.0,586.0
4450,242,False,12,9.0,587.0
4451,242,False,13,6.0,588.0
4452,242,True,-14,0.0,561.0
4453,242,True,-13,0.0,562.0
4454,242,True,-12,0.0,563.0
4455,242,True,-11,0.0,564.0
4456,242,True,-10,0.0,565.0
4457,242,True,-9,0.0,566.0
4458,242,True,-8,0.0,567.0
4459,242,True,-7,3.0,568.0
4460,242,True,-6,2.0,569.0
4461,242,True,-5,1.0,570.0
4462,242,True,-4,0.0,571.0
4463,242,True,-3,5.0,572.0
4464,242,True,-2,9.0,573.0
4465,242,True,-1,2.0,574.0
4466,242,True,0,7.0,575.0
4467,242,True,1,12.0,576.0
4468,242,True,2,16.0,577.0
4469,242,True,3,7.0,578.0
4470,242,True,4,7.0,579.0
4471,242,True,5,0.0,580.0
4472,242,True,6,2.0,581.0
4473,242,True,7,0.0,582.0
4474,242,True,8,1.0,583.0
4475,242,True,9,0.0,584.0
4476,242,True,10,2.0,585.0
4477,242,True,11,3.0,586.0
4478,242,True,12,4.0,587.0
4479,242,True,13,0.0,588.0
4480,244,False,-14,0.0,-8.0
4481,244,False,-13,0.0,-7.0
4482,244,False,-12,0.0,-6.0
4483,244,False,-11,0.0,-5.0
4484,244,False,-10,0.0,-4.0
4485,244,False,-9,0.0,-3.0
4486,244,False,-8,0.0,-2.0
4487,244,False,-7,0.0,-1.0
4488,244,False,-6,0.0,0.0
4489,244,False,-5,0.0,1.0
4490,244,False,-4,0.0,2.0
4491,244,False,-3,0.0,3.0
4492,244,False,-2,0.0,4.0
4493,244,False,-1,5.0,5.0
4494,244,False,0,8.0,6.0
4495,244,False,1,12.0,7.0
4496,244,False,2,0.0,8.0
4497,244,False,3,1.0,9.0
4498,244,False,4,1.0,10.0
4499,244,False,5,3.0,11.0
4500,244,False,6,7.0,12.0
4501,244,False,7,3.0,13.0
4502,244,False,8,0.0,14.0
4503,244,False,9,2.0,15.0
4504,244,False,10,3.0,16.0
4505,244,False,11,3.0,17.0
4506,244,False,12,1.0,18.0
4507,244,False,13,1.0,19.0
4508,244,True,-14,0.0,-8.0
4509,244,True,-13,0.0,-7.0
4510,244,True,-12,0.0,-6.0
4511,244,True,-11,0.0,-5.0
4512,244,True,-10,0.0,-4.0
4513,244,True,-9,0.0,-3.0
4514,244,True,-8,0.0,-2.0
4515,244,True,-7,0.0,-1.0
4516,244,True,-6,0.0,0.0
4517,244,True,-5,0.0,1.0
4518,244,True,-4,0.0,2.0
4519,244,True,-3,0.0,3.0
4520,244,True,-2,0.0,4.0
4521,244,True,-1,9.0,5.0
4522,244,True,0,12.0,6.0
4523,244,True,1,4.0,7.0
4524,244,True,2,0.0,8.0
4525,244,True,3,1.0,9.0
4526,244,True,4,2.0,10.0
4527,244,True,5,2.0,11.0
4528,244,True,6,0.0,12.0
4529,244,True,7,1.0,13.0
4530,244,True,8,0.0,14.0
4531,244,True,9,0.0,15.0
4532,244,True,10,0.0,16.0
4533,244,True,11,1.0,17.0
4534,244,True,12,1.0,18.0
4535,244,True,13,0.0,19.0
4536,246,False,-14,0.0,673.0
4537,246,False,-13,0.0,674.0
4538,246,False,-12,0.0,675.0
4539,246,False,-11,0.0,676.0
4540,246,False,-10,0.0,677.0
4541,246,False,-9,0.0,678.0
4542,246,False,-8,0.0,679.0
4543,246,False,-7,2.0,680.0
4544,246,False,-6,1.0,681.0
4545,246,False,-5,0.0,682.0
4546,246,False,-4,0.0,683.0
4547,246,False,-3,0.0,684.0
4548,246,False,-2,1.0,685.0
4549,246,False,-1,0.0,686.0
4550,246,False,0,1.0,687.0
4551,246,False,1,0.0,688.0
4552,246,False,2,1.0,689.0
4553,246,False,3,0.0,690.0
4554,246,False,4,0.0,691.0
4555,246,False,5,0.0,692.0
4556,246,False,6,0.0,693.0
4557,246,False,7,0.0,694.0
4558,246,False,8,1.0,695.0
4559,246,False,9,0.0,696.0
4560,246,False,10,0.0,697.0
4561,246,False,11,0.0,698.0
4562,246,False,12,0.0,699.0
4563,246,False,13,0.0,700.0
4564,246,True,-14,0.0,673.0
4565,246,True,-13,0.0,674.0
4566,246,True,-12,0.0,675.0
4567,246,True,-11,0.0,676.0
4568,246,True,-10,0.0,677.0
4569,246,True,-9,0.0,678.0
4570,246,True,-8,0.0,679.0
4571,246,True,-7,1.0,680.0
4572,246,True,-6,0.0,681.0
4573,246,True,-5,0.0,682.0
4574,246,True,-4,0.0,683.0
4575,246,True,-3,0.0,684.0
4576,246,True,-2,0.0,685.0
4577,246,True,-1,1.0,686.0
4578,246,True,0,3.0,687.0
4579,246,True,1,0.0,688.0
4580,246,True,2,0.0,689.0
4581,246,True,3,0.0,690.0
4582,246,True,4,0.0,691.0
4583,246,True,5,0.0,692.0
4584,246,True,6,0.0,693.0
4585,246,True,7,0.0,694.0
4586,246,True,8,1.0,695.0
4587,246,True,9,0.0,696.0
4588,246,True,10,0.0,697.0
4589,246,True,11,0.0,698.0
4590,246,True,12,0.0,699.0
4591,246,True,13,0.0,700.0
4592,247,False,-14,2212.0,564.0
4593,247,False,-13,1451.0,565.0
4594,247,False,-12,1623.0,566.0
4595,247,False,-11,1647.0,567.0
4596,247,False,-10,1252.0,568.0
4597,247,False,-9,1465.0,569.0
4598,247,False,-8,1253.0,570.0
4599,247,False,-7,1399.0,571.0
4600,247,False,-6,776.0,572.0
4601,247,False,-5,778.0,573.0
4602,247,False,-4,739.0,574.0
4603,247,False,-3,4026.0,575.0
4604,247,False,-2,2468.0,576.0
4605,247,False,-1,1464.0,577.0
4606,247,False,0,599.0,578.0
4607,247,False,1,400.0,579.0
4608,247,False,2,213.0,580.0
4609,247,False,3,228.0,581.0
4610,247,False,4,377.0,582.0
4611,247,False,5,448.0,583.0
4612,247,False,6,546.0,584.0
4613,247,False,7,840.0,585.0
4614,247,False,8,729.0,586.0
4615,247,False,9,558.0,587.0
4616,247,False,10,477.0,588.0
4617,247,False,11,267.0,589.0
4618,247,False,12,214.0,590.0
4619,247,False,13,447.0,591.0
4620,247,True,-14,221.0,564.0
4621,247,True,-13,119.0,565.0
4622,247,True,-12,140.0,566.0
4623,247,True,-11,143.0,567.0
4624,247,True,-10,135.0,568.0
4625,247,True,-9,128.0,569.0
4626,247,True,-8,115.0,570.0
4627,247,True,-7,108.0,571.0
4628,247,True,-6,72.0,572.0
4629,247,True,-5,95.0,573.0
4630,247,True,-4,75.0,574.0
4631,247,True,-3,340.0,575.0
4632,247,True,-2,198.0,576.0
4633,247,True,-1,118.0,577.0
4634,247,True,0,42.0,578.0
4635,247,True,1,16.0,579.0
4636,247,True,2,24.0,580.0
4637,247,True,3,17.0,581.0
4638,247,True,4,13.0,582.0
4639,247,True,5,33.0,583.0
4640,247,True,6,37.0,584.0
4641,247,True,7,59.0,585.0
4642,247,True,8,64.0,586.0
4643,247,True,9,60.0,587.0
4644,247,True,10,42.0,588.0
4645,247,True,11,19.0,589.0
4646,247,True,12,22.0,590.0
4647,247,True,13,39.0,591.0
4648,250,False,-14,13.0,566.0
4649,250,False,-13,2.0,567.0
4650,250,False,-12,4.0,568.0
4651,250,False,-11,6.0,569.0
4652,250,False,-10,13.0,570.0
4653,250,False,-9,7.0,571.0
4654,250,False,-8,1.0,572.0
4655,250,False,-7,1.0,573.0
4656,250,False,-6,0.0,574.0
4657,250,False,-5,0.0,575.0
4658,250,False,-4,0.0,576.0
4659,250,False,-3,2.0,577.0
4660,250,False,-2,2.0,578.0
4661,250,False,-1,3.0,579.0
4662,250,False,0,3.0,580.0
4663,250,False,1,4.0,581.0
4664,250,False,2,2.0,582.0
4665,250,False,3,3.0,583.0
4666,250,False,4,2.0,584.0
4667,250,False,5,0.0,585.0
4668,250,False,6,0.0,586.0
4669,250,False,7,0.0,587.0
4670,250,False,8,0.0,588.0
4671,250,False,9,3.0,589.0
4672,250,False,10,1.0,590.0
4673,250,False,11,0.0,591.0
4674,250,False,12,0.0,592.0
4675,250,False,13,0.0,593.0
4676,250,True,-14,1.0,566.0
4677,250,True,-13,0.0,567.0
4678,250,True,-12,0.0,568.0
4679,250,True,-11,4.0,569.0
4680,250,True,-10,3.0,570.0
4681,250,True,-9,1.0,571.0
4682,250,True,-8,0.0,572.0
4683,250,True,-7,0.0,573.0
4684,250,True,-6,0.0,574.0
4685,250,True,-5,0.0,575.0
4686,250,True,-4,1.0,576.0
4687,250,True,-3,1.0,577.0
4688,250,True,-2,1.0,578.0
4689,250,True,-1,0.0,579.0
4690,250,True,0,1.0,580.0
4691,250,True,1,0.0,581.0
4692,250,True,2,0.0,582.0
4693,250,True,3,0.0,583.0
4694,250,True,4,0.0,584.0
4695,250,True,5,0.0,585.0
4696,250,True,6,1.0,586.0
4697,250,True,7,0.0,587.0
4698,250,True,8,0.0,588.0
4699,250,True,9,0.0,589.0
4700,250,True,10,0.0,590.0
4701,250,True,11,0.0,591.0
4702,250,True,12,0.0,592.0
4703,250,True,13,0.0,593.0
4704,251,False,-14,280.0,719.0
4705,251,False,-13,85.0,720.0
4706,251,False,-12,858.0,721.0
4707,251,False,-11,150.0,722.0
4708,251,False,-10,137.0,723.0
4709,251,False,-9,206.0,724.0
4710,251,False,-8,90.0,725.0
4711,251,False,-7,142.0,726.0
4712,251,False,-6,561.0,727.0
4713,251,False,-5,676.0,728.0
4714,251,False,-4,78.0,729.0
4715,251,False,-3,43.0,730.0
4716,251,False,-2,72.0,731.0
4717,251,False,-1,103.0,732.0
4718,251,False,0,102.0,733.0
4719,251,False,1,173.0,734.0
4720,251,False,2,185.0,735.0
4721,251,False,3,48.0,736.0
4722,251,False,4,37.0,737.0
4723,251,False,5,118.0,738.0
4724,251,False,6,71.0,739.0
4725,251,False,7,85.0,740.0
4726,251,False,8,65.0,741.0
4727,251,False,9,98.0,742.0
4728,251,False,10,45.0,743.0
4729,251,False,11,22.0,744.0
4730,251,False,12,44.0,745.0
4731,251,False,13,280.0,746.0
4732,251,True,-14,14.0,719.0
4733,251,True,-13,5.0,720.0
4734,251,True,-12,52.0,721.0
4735,251,True,-11,3.0,722.0
4736,251,True,-10,7.0,723.0
4737,251,True,-9,8.0,724.0
4738,251,True,-8,3.0,725.0
4739,251,True,-7,6.0,726.0
4740,251,True,-6,19.0,727.0
4741,251,True,-5,42.0,728.0
4742,251,True,-4,3.0,729.0
4743,251,True,-3,1.0,730.0
4744,251,True,-2,5.0,731.0
4745,251,True,-1,8.0,732.0
4746,251,True,0,4.0,733.0
4747,251,True,1,4.0,734.0
4748,251,True,2,10.0,735.0
4749,251,True,3,2.0,736.0
4750,251,True,4,0.0,737.0
4751,251,True,5,9.0,738.0
4752,251,True,6,4.0,739.0
4753,251,True,7,1.0,740.0
4754,251,True,8,6.0,741.0
4755,251,True,9,6.0,742.0
4756,251,True,10,1.0,743.0
4757,251,True,11,0.0,744.0
4758,251,True,12,1.0,745.0
4759,251,True,13,9.0,746.0
4760,255,False,-14,0.0,733.0
4761,255,False,-13,0.0,734.0
4762,255,False,-12,0.0,735.0
4763,255,False,-11,0.0,736.0
4764,255,False,-10,0.0,737.0
4765,255,False,-9,0.0,738.0
4766,255,False,-8,0.0,739.0
4767,255,False,-7,0.0,740.0
4768,255,False,-6,0.0,741.0
4769,255,False,-5,1.0,742.0
4770,255,False,-4,0.0,743.0
4771,255,False,-3,0.0,744.0
4772,255,False,-2,0.0,745.0
4773,255,False,-1,0.0,746.0
4774,255,False,0,0.0,747.0
4775,255,False,1,0.0,748.0
4776,255,False,2,0.0,749.0
4777,255,False,3,0.0,750.0
4778,255,False,4,0.0,751.0
4779,255,False,5,0.0,752.0
4780,255,False,6,1.0,753.0
4781,255,False,7,1.0,754.0
4782,255,False,8,1.0,755.0
4783,255,False,9,0.0,756.0
4784,255,False,10,0.0,757.0
4785,255,False,11,0.0,758.0
4786,255,False,12,0.0,759.0
4787,255,False,13,0.0,760.0
4788,255,True,-14,0.0,733.0
4789,255,True,-13,0.0,734.0
4790,255,True,-12,0.0,735.0
4791,255,True,-11,0.0,736.0
4792,255,True,-10,0.0,737.0
4793,255,True,-9,0.0,738.0
4794,255,True,-8,0.0,739.0
4795,255,True,-7,0.0,740.0
4796,255,True,-6,0.0,741.0
4797,255,True,-5,0.0,742.0
4798,255,True,-4,0.0,743.0
4799,255,True,-3,0.0,744.0
4800,255,True,-2,0.0,745.0
4801,255,True,-1,0.0,746.0
4802,255,True,0,0.0,747.0
4803,255,True,1,0.0,748.0
4804,255,True,2,1.0,749.0
4805,255,True,3,0.0,750.0
4806,255,True,4,0.0,751.0
4807,255,True,5,0.0,752.0
4808,255,True,6,0.0,753.0
4809,255,True,7,0.0,754.0
4810,255,True,8,0.0,755.0
4811,255,True,9,0.0,756.0
4812,255,True,10,0.0,757.0
4813,255,True,11,0.0,758.0
4814,255,True,12,0.0,759.0
4815,255,True,13,0.0,760.0
4816,256,False,-14,2.0,54.0
4817,256,False,-13,0.0,55.0
4818,256,False,-12,1.0,56.0
4819,256,False,-11,0.0,57.0
4820,256,False,-10,0.0,58.0
4821,256,False,-9,0.0,59.0
4822,256,False,-8,3.0,60.0
4823,256,False,-7,1.0,61.0
4824,256,False,-6,0.0,62.0
4825,256,False,-5,0.0,63.0
4826,256,False,-4,6.0,64.0
4827,256,False,-3,1.0,65.0
4828,256,False,-2,2.0,66.0
4829,256,False,-1,0.0,67.0
4830,256,False,0,3.0,68.0
4831,256,False,1,1.0,69.0
4832,256,False,2,5.0,70.0
4833,256,False,3,2.0,71.0
4834,256,False,4,2.0,72.0
4835,256,False,5,0.0,73.0
4836,256,False,6,1.0,74.0
4837,256,False,7,0.0,75.0
4838,256,False,8,0.0,76.0
4839,256,False,9,0.0,77.0
4840,256,False,10,0.0,78.0
4841,256,False,11,1.0,79.0
4842,256,False,12,0.0,80.0
4843,256,False,13,0.0,81.0
4844,256,True,-14,1.0,54.0
4845,256,True,-13,0.0,55.0
4846,256,True,-12,0.0,56.0
4847,256,True,-11,0.0,57.0
4848,256,True,-10,0.0,58.0
4849,256,True,-9,0.0,59.0
4850,256,True,-8,0.0,60.0
4851,256,True,-7,0.0,61.0
4852,256,True,-6,0.0,62.0
4853,256,True,-5,0.0,63.0
4854,256,True,-4,0.0,64.0
4855,256,True,-3,4.0,65.0
4856,256,True,-2,0.0,66.0
4857,256,True,-1,0.0,67.0
4858,256,True,0,1.0,68.0
4859,256,True,1,1.0,69.0
4860,256,True,2,0.0,70.0
4861,256,True,3,0.0,71.0
4862,256,True,4,2.0,72.0
4863,256,True,5,0.0,73.0
4864,256,True,6,0.0,74.0
4865,256,True,7,0.0,75.0
4866,256,True,8,0.0,76.0
4867,256,True,9,0.0,77.0
4868,256,True,10,0.0,78.0
4869,256,True,11,1.0,79.0
4870,256,True,12,0.0,80.0
4871,256,True,13,0.0,81.0
4872,258,False,-14,0.0,-2.0
4873,258,False,-13,0.0,-1.0
4874,258,False,-12,8.0,0.0
4875,258,False,-11,17.0,1.0
4876,258,False,-10,3.0,2.0
4877,258,False,-9,7.0,3.0
4878,258,False,-8,7.0,4.0
4879,258,False,-7,7.0,5.0
4880,258,False,-6,7.0,6.0
4881,258,False,-5,10.0,7.0
4882,258,False,-4,5.0,8.0
4883,258,False,-3,5.0,9.0
4884,258,False,-2,4.0,10.0
4885,258,False,-1,2.0,11.0
4886,258,False,0,10.0,12.0
4887,258,False,1,3.0,13.0
4888,258,False,2,1.0,14.0
4889,258,False,3,0.0,15.0
4890,258,False,4,1.0,16.0
4891,258,False,5,0.0,17.0
4892,258,False,6,0.0,18.0
4893,258,False,7,1.0,19.0
4894,258,False,8,1.0,20.0
4895,258,False,9,1.0,21.0
4896,258,False,10,2.0,22.0
4897,258,False,11,1.0,23.0
4898,258,False,12,0.0,24.0
4899,258,False,13,0.0,25.0
4900,258,True,-14,0.0,-2.0
4901,258,True,-13,0.0,-1.0
4902,258,True,-12,2.0,0.0
4903,258,True,-11,10.0,1.0
4904,258,True,-10,4.0,2.0
4905,258,True,-9,2.0,3.0
4906,258,True,-8,2.0,4.0
4907,258,True,-7,4.0,5.0
4908,258,True,-6,0.0,6.0
4909,258,True,-5,1.0,7.0
4910,258,True,-4,1.0,8.0
4911,258,True,-3,3.0,9.0
4912,258,True,-2,1.0,10.0
4913,258,True,-1,1.0,11.0
4914,258,True,0,4.0,12.0
4915,258,True,1,1.0,13.0
4916,258,True,2,1.0,14.0
4917,258,True,3,0.0,15.0
4918,258,True,4,0.0,16.0
4919,258,True,5,0.0,17.0
4920,258,True,6,0.0,18.0
4921,258,True,7,0.0,19.0
4922,258,True,8,0.0,20.0
4923,258,True,9,0.0,21.0
4924,258,True,10,0.0,22.0
4925,258,True,11,0.0,23.0
4926,258,True,12,0.0,24.0
4927,258,True,13,0.0,25.0
4928,264,False,-14,590.0,565.0
4929,264,False,-13,547.0,566.0
4930,264,False,-12,307.0,567.0
4931,264,False,-11,231.0,568.0
4932,264,False,-10,253.0,569.0
4933,264,False,-9,376.0,570.0
4934,264,False,-8,308.0,571.0
4935,264,False,-7,170.0,572.0
4936,264,False,-6,156.0,573.0
4937,264,False,-5,173.0,574.0
4938,264,False,-4,184.0,575.0
4939,264,False,-3,186.0,576.0
4940,264,False,-2,80.0,577.0
4941,264,False,-1,84.0,578.0
4942,264,False,0,65.0,579.0
4943,264,False,1,84.0,580.0
4944,264,False,2,58.0,581.0
4945,264,False,3,41.0,582.0
4946,264,False,4,36.0,583.0
4947,264,False,5,61.0,584.0
4948,264,False,6,63.0,585.0
4949,264,False,7,529.0,586.0
4950,264,False,8,180.0,587.0
4951,264,False,9,86.0,588.0
4952,264,False,10,54.0,589.0
4953,264,False,11,32.0,590.0
4954,264,False,12,32.0,591.0
4955,264,False,13,61.0,592.0
4956,264,True,-14,76.0,565.0
4957,264,True,-13,89.0,566.0
4958,264,True,-12,59.0,567.0
4959,264,True,-11,23.0,568.0
4960,264,True,-10,32.0,569.0
4961,264,True,-9,38.0,570.0
4962,264,True,-8,30.0,571.0
4963,264,True,-7,11.0,572.0
4964,264,True,-6,22.0,573.0
4965,264,True,-5,24.0,574.0
4966,264,True,-4,24.0,575.0
4967,264,True,-3,14.0,576.0
4968,264,True,-2,13.0,577.0
4969,264,True,-1,12.0,578.0
4970,264,True,0,14.0,579.0
4971,264,True,1,5.0,580.0
4972,264,True,2,9.0,581.0
4973,264,True,3,3.0,582.0
4974,264,True,4,4.0,583.0
4975,264,True,5,6.0,584.0
4976,264,True,6,6.0,585.0
4977,264,True,7,52.0,586.0
4978,264,True,8,20.0,587.0
4979,264,True,9,9.0,588.0
4980,264,True,10,4.0,589.0
4981,264,True,11,1.0,590.0
4982,264,True,12,1.0,591.0
4983,264,True,13,5.0,592.0
4984,265,False,-14,0.0,825.0
4985,265,False,-13,1.0,826.0
4986,265,False,-12,0.0,827.0
4987,265,False,-11,0.0,828.0
4988,265,False,-10,1.0,829.0
4989,265,False,-9,0.0,830.0
4990,265,False,-8,1.0,831.0
4991,265,False,-7,1.0,832.0
4992,265,False,-6,1.0,833.0
4993,265,False,-5,0.0,834.0
4994,265,False,-4,0.0,835.0
4995,265,False,-3,0.0,836.0
4996,265,False,-2,0.0,837.0
4997,265,False,-1,5.0,838.0
4998,265,False,0,2.0,839.0
4999,265,False,1,1.0,840.0
5000,265,False,2,1.0,841.0
5001,265,False,3,0.0,842.0
5002,265,False,4,0.0,843.0
5003,265,False,5,0.0,844.0
5004,265,False,6,1.0,845.0
5005,265,False,7,0.0,846.0
5006,265,False,8,1.0,847.0
5007,265,False,9,0.0,848.0
5008,265,False,10,0.0,849.0
5009,265,False,11,0.0,850.0
5010,265,False,12,0.0,851.0
5011,265,False,13,0.0,852.0
5012,265,True,-14,1.0,825.0
5013,265,True,-13,0.0,826.0
5014,265,True,-12,0.0,827.0
5015,265,True,-11,0.0,828.0
5016,265,True,-10,0.0,829.0
5017,265,True,-9,0.0,830.0
5018,265,True,-8,1.0,831.0
5019,265,True,-7,0.0,832.0
5020,265,True,-6,0.0,833.0
5021,265,True,-5,0.0,834.0
5022,265,True,-4,0.0,835.0
5023,265,True,-3,0.0,836.0
5024,265,True,-2,0.0,837.0
5025,265,True,-1,0.0,838.0
5026,265,True,0,0.0,839.0
5027,265,True,1,0.0,840.0
5028,265,True,2,0.0,841.0
5029,265,True,3,0.0,842.0
5030,265,True,4,0.0,843.0
5031,265,True,5,0.0,844.0
5032,265,True,6,0.0,845.0
5033,265,True,7,0.0,846.0
5034,265,True,8,0.0,847.0
5035,265,True,9,0.0,848.0
5036,265,True,10,0.0,849.0
5037,265,True,11,1.0,850.0
5038,265,True,12,0.0,851.0
5039,265,True,13,0.0,852.0
5040,266,False,-14,1.0,555.0
5041,266,False,-13,0.0,556.0
5042,266,False,-12,1.0,557.0
5043,266,False,-11,4.0,558.0
5044,266,False,-10,4.0,559.0
5045,266,False,-9,4.0,560.0
5046,266,False,-8,3.0,561.0
5047,266,False,-7,5.0,562.0
5048,266,False,-6,5.0,563.0
5049,266,False,-5,18.0,564.0
5050,266,False,-4,7.0,565.0
5051,266,False,-3,33.0,566.0
5052,266,False,-2,46.0,567.0
5053,266,False,-1,44.0,568.0
5054,266,False,0,49.0,569.0
5055,266,False,1,26.0,570.0
5056,266,False,2,30.0,571.0
5057,266,False,3,30.0,572.0
5058,266,False,4,138.0,573.0
5059,266,False,5,385.0,574.0
5060,266,False,6,179.0,575.0
5061,266,False,7,64.0,576.0
5062,266,False,8,259.0,577.0
5063,266,False,9,201.0,578.0
5064,266,False,10,99.0,579.0
5065,266,False,11,31.0,580.0
5066,266,False,12,79.0,581.0
5067,266,False,13,41.0,582.0
5068,266,True,-14,0.0,555.0
5069,266,True,-13,0.0,556.0
5070,266,True,-12,1.0,557.0
5071,266,True,-11,0.0,558.0
5072,266,True,-10,0.0,559.0
5073,266,True,-9,1.0,560.0
5074,266,True,-8,3.0,561.0
5075,266,True,-7,1.0,562.0
5076,266,True,-6,0.0,563.0
5077,266,True,-5,5.0,564.0
5078,266,True,-4,3.0,565.0
5079,266,True,-3,6.0,566.0
5080,266,True,-2,4.0,567.0
5081,266,True,-1,7.0,568.0
5082,266,True,0,8.0,569.0
5083,266,True,1,1.0,570.0
5084,266,True,2,3.0,571.0
5085,266,True,3,3.0,572.0
5086,266,True,4,33.0,573.0
5087,266,True,5,82.0,574.0
5088,266,True,6,37.0,575.0
5089,266,True,7,6.0,576.0
5090,266,True,8,38.0,577.0
5091,266,True,9,33.0,578.0
5092,266,True,10,7.0,579.0
5093,266,True,11,1.0,580.0
5094,266,True,12,4.0,581.0
5095,266,True,13,0.0,582.0
5096,269,False,-14,0.0,557.0
5097,269,False,-13,0.0,558.0
5098,269,False,-12,0.0,559.0
5099,269,False,-11,0.0,560.0
5100,269,False,-10,0.0,561.0
5101,269,False,-9,0.0,562.0
5102,269,False,-8,77.0,563.0
5103,269,False,-7,186.0,564.0
5104,269,False,-6,172.0,565.0
5105,269,False,-5,358.0,566.0
5106,269,False,-4,142.0,567.0
5107,269,False,-3,58.0,568.0
5108,269,False,-2,67.0,569.0
5109,269,False,-1,94.0,570.0
5110,269,False,0,75.0,571.0
5111,269,False,1,72.0,572.0
5112,269,False,2,110.0,573.0
5113,269,False,3,37.0,574.0
5114,269,False,4,26.0,575.0
5115,269,False,5,21.0,576.0
5116,269,False,6,10.0,577.0
5117,269,False,7,21.0,578.0
5118,269,False,8,26.0,579.0
5119,269,False,9,13.0,580.0
5120,269,False,10,4.0,581.0
5121,269,False,11,5.0,582.0
5122,269,False,12,14.0,583.0
5123,269,False,13,241.0,584.0
5124,269,True,-14,0.0,557.0
5125,269,True,-13,0.0,558.0
5126,269,True,-12,0.0,559.0
5127,269,True,-11,0.0,560.0
5128,269,True,-10,0.0,561.0
5129,269,True,-9,0.0,562.0
5130,269,True,-8,59.0,563.0
5131,269,True,-7,99.0,564.0
5132,269,True,-6,58.0,565.0
5133,269,True,-5,146.0,566.0
5134,269,True,-4,86.0,567.0
5135,269,True,-3,35.0,568.0
5136,269,True,-2,21.0,569.0
5137,269,True,-1,18.0,570.0
5138,269,True,0,15.0,571.0
5139,269,True,1,13.0,572.0
5140,269,True,2,16.0,573.0
5141,269,True,3,4.0,574.0
5142,269,True,4,4.0,575.0
5143,269,True,5,7.0,576.0
5144,269,True,6,1.0,577.0
5145,269,True,7,2.0,578.0
5146,269,True,8,2.0,579.0
5147,269,True,9,4.0,580.0
5148,269,True,10,0.0,581.0
5149,269,True,11,1.0,582.0
5150,269,True,12,1.0,583.0
5151,269,True,13,16.0,584.0
5152,270,False,-14,6.0,570.0
5153,270,False,-13,3.0,571.0
5154,270,False,-12,2.0,572.0
5155,270,False,-11,2.0,573.0
5156,270,False,-10,3.0,574.0
5157,270,False,-9,2.0,575.0
5158,270,False,-8,10.0,576.0
5159,270,False,-7,2.0,577.0
5160,270,False,-6,1.0,578.0
5161,270,False,-5,4.0,579.0
5162,270,False,-4,4.0,580.0
5163,270,False,-3,3.0,581.0
5164,270,False,-2,2.0,582.0
5165,270,False,-1,5.0,583.0
5166,270,False,0,0.0,584.0
5167,270,False,1,4.0,585.0
5168,270,False,2,2.0,586.0
5169,270,False,3,1.0,587.0
5170,270,False,4,0.0,588.0
5171,270,False,5,1.0,589.0
5172,270,False,6,0.0,590.0
5173,270,False,7,1.0,591.0
5174,270,False,8,1.0,592.0
5175,270,False,9,1.0,593.0
5176,270,False,10,4.0,594.0
5177,270,False,11,0.0,595.0
5178,270,False,12,1.0,596.0
5179,270,False,13,0.0,597.0
5180,270,True,-14,0.0,570.0
5181,270,True,-13,0.0,571.0
5182,270,True,-12,1.0,572.0
5183,270,True,-11,1.0,573.0
5184,270,True,-10,3.0,574.0
5185,270,True,-9,0.0,575.0
5186,270,True,-8,0.0,576.0
5187,270,True,-7,0.0,577.0
5188,270,True,-6,1.0,578.0
5189,270,True,-5,0.0,579.0
5190,270,True,-4,0.0,580.0
5191,270,True,-3,0.0,581.0
5192,270,True,-2,0.0,582.0
5193,270,True,-1,1.0,583.0
5194,270,True,0,2.0,584.0
5195,270,True,1,1.0,585.0
5196,270,True,2,1.0,586.0
5197,270,True,3,0.0,587.0
5198,270,True,4,0.0,588.0
5199,270,True,5,0.0,589.0
5200,270,True,6,0.0,590.0
5201,270,True,7,0.0,591.0
5202,270,True,8,0.0,592.0
5203,270,True,9,0.0,593.0
5204,270,True,10,0.0,594.0
5205,270,True,11,0.0,595.0
5206,270,True,12,0.0,596.0
5207,270,True,13,0.0,597.0
5208,271,False,-14,1.0,621.0
5209,271,False,-13,0.0,622.0
5210,271,False,-12,1.0,623.0
5211,271,False,-11,0.0,624.0
5212,271,False,-10,0.0,625.0
5213,271,False,-9,0.0,626.0
5214,271,False,-8,2.0,627.0
5215,271,False,-7,0.0,628.0
5216,271,False,-6,1.0,629.0
5217,271,False,-5,0.0,630.0
5218,271,False,-4,2.0,631.0
5219,271,False,-3,1.0,632.0
5220,271,False,-2,0.0,633.0
5221,271,False,-1,1.0,634.0
5222,271,False,0,0.0,635.0
5223,271,False,1,1.0,636.0
5224,271,False,2,3.0,637.0
5225,271,False,3,0.0,638.0
5226,271,False,4,1.0,639.0
5227,271,False,5,0.0,640.0
5228,271,False,6,0.0,641.0
5229,271,False,7,0.0,642.0
5230,271,False,8,0.0,643.0
5231,271,False,9,1.0,644.0
5232,271,False,10,0.0,645.0
5233,271,False,11,0.0,646.0
5234,271,False,12,0.0,647.0
5235,271,False,13,1.0,648.0
5236,271,True,-14,0.0,621.0
5237,271,True,-13,0.0,622.0
5238,271,True,-12,0.0,623.0
5239,271,True,-11,0.0,624.0
5240,271,True,-10,0.0,625.0
5241,271,True,-9,0.0,626.0
5242,271,True,-8,0.0,627.0
5243,271,True,-7,0.0,628.0
5244,271,True,-6,0.0,629.0
5245,271,True,-5,0.0,630.0
5246,271,True,-4,0.0,631.0
5247,271,True,-3,0.0,632.0
5248,271,True,-2,0.0,633.0
5249,271,True,-1,0.0,634.0
5250,271,True,0,2.0,635.0
5251,271,True,1,2.0,636.0
5252,271,True,2,1.0,637.0
5253,271,True,3,0.0,638.0
5254,271,True,4,0.0,639.0
5255,271,True,5,0.0,640.0
5256,271,True,6,0.0,641.0
5257,271,True,7,0.0,642.0
5258,271,True,8,0.0,643.0
5259,271,True,9,0.0,644.0
5260,271,True,10,0.0,645.0
5261,271,True,11,0.0,646.0
5262,271,True,12,0.0,647.0
5263,271,True,13,0.0,648.0
5264,273,False,-14,298.0,707.0
5265,273,False,-13,66.0,708.0
5266,273,False,-12,72.0,709.0
5267,273,False,-11,44.0,710.0
5268,273,False,-10,72.0,711.0
5269,273,False,-9,63.0,712.0
5270,273,False,-8,64.0,713.0
5271,273,False,-7,178.0,714.0
5272,273,False,-6,180.0,715.0
5273,273,False,-5,133.0,716.0
5274,273,False,-4,46.0,717.0
5275,273,False,-3,26.0,718.0
5276,273,False,-2,97.0,719.0
5277,273,False,-1,122.0,720.0
5278,273,False,0,393.0,721.0
5279,273,False,1,225.0,722.0
5280,273,False,2,37.0,723.0
5281,273,False,3,23.0,724.0
5282,273,False,4,30.0,725.0
5283,273,False,5,35.0,726.0
5284,273,False,6,20.0,727.0
5285,273,False,7,218.0,728.0
5286,273,False,8,332.0,729.0
5287,273,False,9,39.0,730.0
5288,273,False,10,50.0,731.0
5289,273,False,11,77.0,732.0
5290,273,False,12,121.0,733.0
5291,273,False,13,86.0,734.0
5292,273,True,-14,38.0,707.0
5293,273,True,-13,4.0,708.0
5294,273,True,-12,6.0,709.0
5295,273,True,-11,5.0,710.0
5296,273,True,-10,13.0,711.0
5297,273,True,-9,4.0,712.0
5298,273,True,-8,8.0,713.0
5299,273,True,-7,34.0,714.0
5300,273,True,-6,31.0,715.0
5301,273,True,-5,20.0,716.0
5302,273,True,-4,9.0,717.0
5303,273,True,-3,7.0,718.0
5304,273,True,-2,14.0,719.0
5305,273,True,-1,22.0,720.0
5306,273,True,0,79.0,721.0
5307,273,True,1,38.0,722.0
5308,273,True,2,5.0,723.0
5309,273,True,3,5.0,724.0
5310,273,True,4,4.0,725.0
5311,273,True,5,1.0,726.0
5312,273,True,6,1.0,727.0
5313,273,True,7,37.0,728.0
5314,273,True,8,36.0,729.0
5315,273,True,9,8.0,730.0
5316,273,True,10,2.0,731.0
5317,273,True,11,7.0,732.0
5318,273,True,12,12.0,733.0
5319,273,True,13,13.0,734.0
5320,281,False,-14,1.0,593.0
5321,281,False,-13,0.0,594.0
5322,281,False,-12,1.0,595.0
5323,281,False,-11,1.0,596.0
5324,281,False,-10,3.0,597.0
5325,281,False,-9,1.0,598.0
5326,281,False,-8,0.0,599.0
5327,281,False,-7,1.0,600.0
5328,281,False,-6,2.0,601.0
5329,281,False,-5,0.0,602.0
5330,281,False,-4,1.0,603.0
5331,281,False,-3,0.0,604.0
5332,281,False,-2,0.0,605.0
5333,281,False,-1,2.0,606.0
5334,281,False,0,1.0,607.0
5335,281,False,1,1.0,608.0
5336,281,False,2,0.0,609.0
5337,281,False,3,0.0,610.0
5338,281,False,4,4.0,611.0
5339,281,False,5,0.0,612.0
5340,281,False,6,0.0,613.0
5341,281,False,7,2.0,614.0
5342,281,False,8,0.0,615.0
5343,281,False,9,0.0,616.0
5344,281,False,10,2.0,617.0
5345,281,False,11,4.0,618.0
5346,281,False,12,1.0,619.0
5347,281,False,13,0.0,620.0
5348,281,True,-14,0.0,593.0
5349,281,True,-13,1.0,594.0
5350,281,True,-12,1.0,595.0
5351,281,True,-11,0.0,596.0
5352,281,True,-10,1.0,597.0
5353,281,True,-9,1.0,598.0
5354,281,True,-8,0.0,599.0
5355,281,True,-7,1.0,600.0
5356,281,True,-6,1.0,601.0
5357,281,True,-5,0.0,602.0
5358,281,True,-4,1.0,603.0
5359,281,True,-3,0.0,604.0
5360,281,True,-2,0.0,605.0
5361,281,True,-1,2.0,606.0
5362,281,True,0,1.0,607.0
5363,281,True,1,0.0,608.0
5364,281,True,2,1.0,609.0
5365,281,True,3,0.0,610.0
5366,281,True,4,0.0,611.0
5367,281,True,5,0.0,612.0
5368,281,True,6,0.0,613.0
5369,281,True,7,1.0,614.0
5370,281,True,8,0.0,615.0
5371,281,True,9,2.0,616.0
5372,281,True,10,0.0,617.0
5373,281,True,11,0.0,618.0
5374,281,True,12,0.0,619.0
5375,281,True,13,0.0,620.0
5376,283,False,-14,0.0,637.0
5377,283,False,-13,1.0,638.0
5378,283,False,-12,0.0,639.0
5379,283,False,-11,0.0,640.0
5380,283,False,-10,0.0,641.0
5381,283,False,-9,0.0,642.0
5382,283,False,-8,0.0,643.0
5383,283,False,-7,0.0,644.0
5384,283,False,-6,0.0,645.0
5385,283,False,-5,0.0,646.0
5386,283,False,-4,0.0,647.0
5387,283,False,-3,0.0,648.0
5388,283,False,-2,0.0,649.0
5389,283,False,-1,0.0,650.0
5390,283,False,0,2.0,651.0
5391,283,False,1,0.0,652.0
5392,283,False,2,0.0,653.0
5393,283,False,3,0.0,654.0
5394,283,False,4,0.0,655.0
5395,283,False,5,0.0,656.0
5396,283,False,6,0.0,657.0
5397,283,False,7,0.0,658.0
5398,283,False,8,0.0,659.0
5399,283,False,9,0.0,660.0
5400,283,False,10,0.0,661.0
5401,283,False,11,0.0,662.0
5402,283,False,12,0.0,663.0
5403,283,False,13,0.0,664.0
5404,283,True,-14,0.0,637.0
5405,283,True,-13,0.0,638.0
5406,283,True,-12,0.0,639.0
5407,283,True,-11,0.0,640.0
5408,283,True,-10,0.0,641.0
5409,283,True,-9,0.0,642.0
5410,283,True,-8,0.0,643.0
5411,283,True,-7,0.0,644.0
5412,283,True,-6,0.0,645.0
5413,283,True,-5,0.0,646.0
5414,283,True,-4,0.0,647.0
5415,283,True,-3,0.0,648.0
5416,283,True,-2,0.0,649.0
5417,283,True,-1,0.0,650.0
5418,283,True,0,5.0,651.0
5419,283,True,1,1.0,652.0
5420,283,True,2,0.0,653.0
5421,283,True,3,0.0,654.0
5422,283,True,4,0.0,655.0
5423,283,True,5,0.0,656.0
5424,283,True,6,0.0,657.0
5425,283,True,7,0.0,658.0
5426,283,True,8,0.0,659.0
5427,283,True,9,0.0,660.0
5428,283,True,10,0.0,661.0
5429,283,True,11,0.0,662.0
5430,283,True,12,0.0,663.0
5431,283,True,13,0.0,664.0
5432,288,False,-14,0.0,-14.0
5433,288,False,-13,0.0,-13.0
5434,288,False,-12,0.0,-12.0
5435,288,False,-11,0.0,-11.0
5436,288,False,-10,0.0,-10.0
5437,288,False,-9,0.0,-9.0
5438,288,False,-8,0.0,-8.0
5439,288,False,-7,0.0,-7.0
5440,288,False,-6,0.0,-6.0
5441,288,False,-5,0.0,-5.0
5442,288,False,-4,0.0,-4.0
5443,288,False,-3,0.0,-3.0
5444,288,False,-2,0.0,-2.0
5445,288,False,-1,13.0,-1.0
5446,288,False,0,30.0,0.0
5447,288,False,1,13.0,1.0
5448,288,False,2,16.0,2.0
5449,288,False,3,8.0,3.0
5450,288,False,4,5.0,4.0
5451,288,False,5,14.0,5.0
5452,288,False,6,8.0,6.0
5453,288,False,7,4.0,7.0
5454,288,False,8,16.0,8.0
5455,288,False,9,9.0,9.0
5456,288,False,10,4.0,10.0
5457,288,False,11,3.0,11.0
5458,288,False,12,1.0,12.0
5459,288,False,13,3.0,13.0
5460,288,True,-14,0.0,-14.0
5461,288,True,-13,0.0,-13.0
5462,288,True,-12,0.0,-12.0
5463,288,True,-11,0.0,-11.0
5464,288,True,-10,0.0,-10.0
5465,288,True,-9,0.0,-9.0
5466,288,True,-8,0.0,-8.0
5467,288,True,-7,0.0,-7.0
5468,288,True,-6,0.0,-6.0
5469,288,True,-5,0.0,-5.0
5470,288,True,-4,0.0,-4.0
5471,288,True,-3,0.0,-3.0
5472,288,True,-2,0.0,-2.0
5473,288,True,-1,1.0,-1.0
5474,288,True,0,10.0,0.0
5475,288,True,1,1.0,1.0
5476,288,True,2,0.0,2.0
5477,288,True,3,0.0,3.0
5478,288,True,4,2.0,4.0
5479,288,True,5,0.0,5.0
5480,288,True,6,1.0,6.0
5481,288,True,7,1.0,7.0
5482,288,True,8,1.0,8.0
5483,288,True,9,0.0,9.0
5484,288,True,10,0.0,10.0
5485,288,True,11,0.0,11.0
5486,288,True,12,0.0,12.0
5487,288,True,13,0.0,13.0
5488,293,False,-14,0.0,-12.0
5489,293,False,-13,0.0,-11.0
5490,293,False,-12,0.0,-10.0
5491,293,False,-11,0.0,-9.0
5492,293,False,-10,0.0,-8.0
5493,293,False,-9,0.0,-7.0
5494,293,False,-8,0.0,-6.0
5495,293,False,-7,0.0,-5.0
5496,293,False,-6,0.0,-4.0
5497,293,False,-5,0.0,-3.0
5498,293,False,-4,0.0,-2.0
5499,293,False,-3,0.0,-1.0
5500,293,False,-2,0.0,0.0
5501,293,False,-1,206.0,1.0
5502,293,False,0,722.0,2.0
5503,293,False,1,326.0,3.0
5504,293,False,2,292.0,4.0
5505,293,False,3,181.0,5.0
5506,293,False,4,124.0,6.0
5507,293,False,5,66.0,7.0
5508,293,False,6,66.0,8.0
5509,293,False,7,49.0,9.0
5510,293,False,8,42.0,10.0
5511,293,False,9,46.0,11.0
5512,293,False,10,45.0,12.0
5513,293,False,11,41.0,13.0
5514,293,False,12,54.0,14.0
5515,293,False,13,62.0,15.0
5516,293,True,-14,0.0,-12.0
5517,293,True,-13,0.0,-11.0
5518,293,True,-12,0.0,-10.0
5519,293,True,-11,0.0,-9.0
5520,293,True,-10,0.0,-8.0
5521,293,True,-9,0.0,-7.0
5522,293,True,-8,0.0,-6.0
5523,293,True,-7,0.0,-5.0
5524,293,True,-6,0.0,-4.0
5525,293,True,-5,0.0,-3.0
5526,293,True,-4,0.0,-2.0
5527,293,True,-3,0.0,-1.0
5528,293,True,-2,0.0,0.0
5529,293,True,-1,81.0,1.0
5530,293,True,0,163.0,2.0
5531,293,True,1,30.0,3.0
5532,293,True,2,21.0,4.0
5533,293,True,3,12.0,5.0
5534,293,True,4,4.0,6.0
5535,293,True,5,1.0,7.0
5536,293,True,6,1.0,8.0
5537,293,True,7,0.0,9.0
5538,293,True,8,0.0,10.0
5539,293,True,9,1.0,11.0
5540,293,True,10,1.0,12.0
5541,293,True,11,0.0,13.0
5542,293,True,12,2.0,14.0
5543,293,True,13,0.0,15.0
5544,295,False,-14,0.0,554.0
5545,295,False,-13,0.0,555.0
5546,295,False,-12,0.0,556.0
5547,295,False,-11,0.0,557.0
5548,295,False,-10,3.0,558.0
5549,295,False,-9,3.0,559.0
5550,295,False,-8,3.0,560.0
5551,295,False,-7,4.0,561.0
5552,295,False,-6,3.0,562.0
5553,295,False,-5,10.0,563.0
5554,295,False,-4,14.0,564.0
5555,295,False,-3,19.0,565.0
5556,295,False,-2,9.0,566.0
5557,295,False,-1,18.0,567.0
5558,295,False,0,15.0,568.0
5559,295,False,1,12.0,569.0
5560,295,False,2,21.0,570.0
5561,295,False,3,10.0,571.0
5562,295,False,4,9.0,572.0
5563,295,False,5,13.0,573.0
5564,295,False,6,4.0,574.0
5565,295,False,7,5.0,575.0
5566,295,False,8,4.0,576.0
5567,295,False,9,4.0,577.0
5568,295,False,10,2.0,578.0
5569,295,False,11,7.0,579.0
5570,295,False,12,3.0,580.0
5571,295,False,13,3.0,581.0
5572,295,True,-14,0.0,554.0
5573,295,True,-13,0.0,555.0
5574,295,True,-12,0.0,556.0
5575,295,True,-11,0.0,557.0
5576,295,True,-10,0.0,558.0
5577,295,True,-9,1.0,559.0
5578,295,True,-8,0.0,560.0
5579,295,True,-7,1.0,561.0
5580,295,True,-6,1.0,562.0
5581,295,True,-5,2.0,563.0
5582,295,True,-4,5.0,564.0
5583,295,True,-3,0.0,565.0
5584,295,True,-2,0.0,566.0
5585,295,True,-1,6.0,567.0
5586,295,True,0,19.0,568.0
5587,295,True,1,0.0,569.0
5588,295,True,2,4.0,570.0
5589,295,True,3,0.0,571.0
5590,295,True,4,1.0,572.0
5591,295,True,5,0.0,573.0
5592,295,True,6,1.0,574.0
5593,295,True,7,1.0,575.0
5594,295,True,8,1.0,576.0
5595,295,True,9,0.0,577.0
5596,295,True,10,0.0,578.0
5597,295,True,11,0.0,579.0
5598,295,True,12,0.0,580.0
5599,295,True,13,2.0,581.0
5600,299,False,-14,0.0,-13.0
5601,299,False,-13,0.0,-12.0
5602,299,False,-12,0.0,-11.0
5603,299,False,-11,0.0,-10.0
5604,299,False,-10,0.0,-9.0
5605,299,False,-9,0.0,-8.0
5606,299,False,-8,0.0,-7.0
5607,299,False,-7,0.0,-6.0
5608,299,False,-6,0.0,-5.0
5609,299,False,-5,0.0,-4.0
5610,299,False,-4,0.0,-3.0
5611,299,False,-3,0.0,-2.0
5612,299,False,-2,0.0,-1.0
5613,299,False,-1,8.0,0.0
5614,299,False,0,12.0,1.0
5615,299,False,1,1.0,2.0
5616,299,False,2,2.0,3.0
5617,299,False,3,4.0,4.0
5618,299,False,4,2.0,5.0
5619,299,False,5,0.0,6.0
5620,299,False,6,1.0,7.0
5621,299,False,7,1.0,8.0
5622,299,False,8,1.0,9.0
5623,299,False,9,1.0,10.0
5624,299,False,10,2.0,11.0
5625,299,False,11,4.0,12.0
5626,299,False,12,0.0,13.0
5627,299,False,13,0.0,14.0
5628,299,True,-14,0.0,-13.0
5629,299,True,-13,0.0,-12.0
5630,299,True,-12,0.0,-11.0
5631,299,True,-11,0.0,-10.0
5632,299,True,-10,0.0,-9.0
5633,299,True,-9,0.0,-8.0
5634,299,True,-8,0.0,-7.0
5635,299,True,-7,0.0,-6.0
5636,299,True,-6,0.0,-5.0
5637,299,True,-5,0.0,-4.0
5638,299,True,-4,0.0,-3.0
5639,299,True,-3,0.0,-2.0
5640,299,True,-2,0.0,-1.0
5641,299,True,-1,3.0,0.0
5642,299,True,0,15.0,1.0
5643,299,True,1,0.0,2.0
5644,299,True,2,1.0,3.0
5645,299,True,3,1.0,4.0
5646,299,True,4,0.0,5.0
5647,299,True,5,2.0,6.0
5648,299,True,6,0.0,7.0
5649,299,True,7,0.0,8.0
5650,299,True,8,0.0,9.0
5651,299,True,9,0.0,10.0
5652,299,True,10,0.0,11.0
5653,299,True,11,0.0,12.0
5654,299,True,12,0.0,13.0
5655,299,True,13,0.0,14.0
5656,301,False,-14,0.0,559.0
5657,301,False,-13,0.0,560.0
5658,301,False,-12,0.0,561.0
5659,301,False,-11,1.0,562.0
5660,301,False,-10,2.0,563.0
5661,301,False,-9,3.0,564.0
5662,301,False,-8,14.0,565.0
5663,301,False,-7,11.0,566.0
5664,301,False,-6,5.0,567.0
5665,301,False,-5,7.0,568.0
5666,301,False,-4,6.0,569.0
5667,301,False,-3,2.0,570.0
5668,301,False,-2,0.0,571.0
5669,301,False,-1,2.0,572.0
5670,301,False,0,8.0,573.0
5671,301,False,1,1.0,574.0
5672,301,False,2,0.0,575.0
5673,301,False,3,8.0,576.0
5674,301,False,4,11.0,577.0
5675,301,False,5,3.0,578.0
5676,301,False,6,0.0,579.0
5677,301,False,7,2.0,580.0
5678,301,False,8,2.0,581.0
5679,301,False,9,1.0,582.0
5680,301,False,10,0.0,583.0
5681,301,False,11,1.0,584.0
5682,301,False,12,1.0,585.0
5683,301,False,13,0.0,586.0
5684,301,True,-14,0.0,559.0
5685,301,True,-13,0.0,560.0
5686,301,True,-12,0.0,561.0
5687,301,True,-11,2.0,562.0
5688,301,True,-10,0.0,563.0
5689,301,True,-9,0.0,564.0
5690,301,True,-8,0.0,565.0
5691,301,True,-7,1.0,566.0
5692,301,True,-6,0.0,567.0
5693,301,True,-5,1.0,568.0
5694,301,True,-4,0.0,569.0
5695,301,True,-3,0.0,570.0
5696,301,True,-2,0.0,571.0
5697,301,True,-1,0.0,572.0
5698,301,True,0,1.0,573.0
5699,301,True,1,0.0,574.0
5700,301,True,2,0.0,575.0
5701,301,True,3,1.0,576.0
5702,301,True,4,1.0,577.0
5703,301,True,5,0.0,578.0
5704,301,True,6,0.0,579.0
5705,301,True,7,1.0,580.0
5706,301,True,8,0.0,581.0
5707,301,True,9,0.0,582.0
5708,301,True,10,1.0,583.0
5709,301,True,11,1.0,584.0
5710,301,True,12,0.0,585.0
5711,301,True,13,0.0,586.0
5712,306,False,-14,0.0,550.0
5713,306,False,-13,0.0,551.0
5714,306,False,-12,0.0,552.0
5715,306,False,-11,0.0,553.0
5716,306,False,-10,0.0,554.0
5717,306,False,-9,0.0,555.0
5718,306,False,-8,0.0,556.0
5719,306,False,-7,0.0,557.0
5720,306,False,-6,0.0,558.0
5721,306,False,-5,0.0,559.0
5722,306,False,-4,0.0,560.0
5723,306,False,-3,0.0,561.0
5724,306,False,-2,3.0,562.0
5725,306,False,-1,31.0,563.0
5726,306,False,0,50.0,564.0
5727,306,False,1,21.0,565.0
5728,306,False,2,7.0,566.0
5729,306,False,3,2.0,567.0
5730,306,False,4,2.0,568.0
5731,306,False,5,1.0,569.0
5732,306,False,6,2.0,570.0
5733,306,False,7,1.0,571.0
5734,306,False,8,1.0,572.0
5735,306,False,9,3.0,573.0
5736,306,False,10,2.0,574.0
5737,306,False,11,1.0,575.0
5738,306,False,12,0.0,576.0
5739,306,False,13,15.0,577.0
5740,306,True,-14,0.0,550.0
5741,306,True,-13,0.0,551.0
5742,306,True,-12,0.0,552.0
5743,306,True,-11,0.0,553.0
5744,306,True,-10,0.0,554.0
5745,306,True,-9,0.0,555.0
5746,306,True,-8,0.0,556.0
5747,306,True,-7,0.0,557.0
5748,306,True,-6,0.0,558.0
5749,306,True,-5,0.0,559.0
5750,306,True,-4,0.0,560.0
5751,306,True,-3,0.0,561.0
5752,306,True,-2,0.0,562.0
5753,306,True,-1,4.0,563.0
5754,306,True,0,40.0,564.0
5755,306,True,1,6.0,565.0
5756,306,True,2,2.0,566.0
5757,306,True,3,0.0,567.0
5758,306,True,4,0.0,568.0
5759,306,True,5,0.0,569.0
5760,306,True,6,0.0,570.0
5761,306,True,7,0.0,571.0
5762,306,True,8,0.0,572.0
5763,306,True,9,2.0,573.0
5764,306,True,10,1.0,574.0
5765,306,True,11,0.0,575.0
5766,306,True,12,0.0,576.0
5767,306,True,13,0.0,577.0
5768,309,False,-14,3.0,565.0
5769,309,False,-13,5.0,566.0
5770,309,False,-12,7.0,567.0
5771,309,False,-11,1.0,568.0
5772,309,False,-10,3.0,569.0
5773,309,False,-9,3.0,570.0
5774,309,False,-8,48.0,571.0
5775,309,False,-7,17.0,572.0
5776,309,False,-6,12.0,573.0
5777,309,False,-5,20.0,574.0
5778,309,False,-4,16.0,575.0
5779,309,False,-3,17.0,576.0
5780,309,False,-2,15.0,577.0
5781,309,False,-1,19.0,578.0
5782,309,False,0,9.0,579.0
5783,309,False,1,6.0,580.0
5784,309,False,2,7.0,581.0
5785,309,False,3,6.0,582.0
5786,309,False,4,17.0,583.0
5787,309,False,5,3.0,584.0
5788,309,False,6,6.0,585.0
5789,309,False,7,4.0,586.0
5790,309,False,8,4.0,587.0
5791,309,False,9,4.0,588.0
5792,309,False,10,4.0,589.0
5793,309,False,11,5.0,590.0
5794,309,False,12,2.0,591.0
5795,309,False,13,3.0,592.0
5796,309,True,-14,0.0,565.0
5797,309,True,-13,0.0,566.0
5798,309,True,-12,0.0,567.0
5799,309,True,-11,0.0,568.0
5800,309,True,-10,0.0,569.0
5801,309,True,-9,0.0,570.0
5802,309,True,-8,3.0,571.0
5803,309,True,-7,1.0,572.0
5804,309,True,-6,0.0,573.0
5805,309,True,-5,1.0,574.0
5806,309,True,-4,0.0,575.0
5807,309,True,-3,0.0,576.0
5808,309,True,-2,1.0,577.0
5809,309,True,-1,1.0,578.0
5810,309,True,0,1.0,579.0
5811,309,True,1,2.0,580.0
5812,309,True,2,0.0,581.0
5813,309,True,3,0.0,582.0
5814,309,True,4,1.0,583.0
5815,309,True,5,0.0,584.0
5816,309,True,6,0.0,585.0
5817,309,True,7,1.0,586.0
5818,309,True,8,0.0,587.0
5819,309,True,9,0.0,588.0
5820,309,True,10,0.0,589.0
5821,309,True,11,1.0,590.0
5822,309,True,12,0.0,591.0
5823,309,True,13,1.0,592.0
5824,312,False,-14,0.0,549.0
5825,312,False,-13,0.0,550.0
5826,312,False,-12,1.0,551.0
5827,312,False,-11,0.0,552.0
5828,312,False,-10,0.0,553.0
5829,312,False,-9,0.0,554.0
5830,312,False,-8,1.0,555.0
5831,312,False,-7,0.0,556.0
5832,312,False,-6,0.0,557.0
5833,312,False,-5,172.0,558.0
5834,312,False,-4,1695.0,559.0
5835,312,False,-3,688.0,560.0
5836,312,False,-2,492.0,561.0
5837,312,False,-1,792.0,562.0
5838,312,False,0,538.0,563.0
5839,312,False,1,507.0,564.0
5840,312,False,2,530.0,565.0
5841,312,False,3,354.0,566.0
5842,312,False,4,401.0,567.0
5843,312,False,5,390.0,568.0
5844,312,False,6,397.0,569.0
5845,312,False,7,283.0,570.0
5846,312,False,8,131.0,571.0
5847,312,False,9,138.0,572.0
5848,312,False,10,123.0,573.0
5849,312,False,11,106.0,574.0
5850,312,False,12,83.0,575.0
5851,312,False,13,127.0,576.0
5852,312,True,-14,0.0,549.0
5853,312,True,-13,1.0,550.0
5854,312,True,-12,1.0,551.0
5855,312,True,-11,0.0,552.0
5856,312,True,-10,0.0,553.0
5857,312,True,-9,0.0,554.0
5858,312,True,-8,0.0,555.0
5859,312,True,-7,0.0,556.0
5860,312,True,-6,0.0,557.0
5861,312,True,-5,13.0,558.0
5862,312,True,-4,29.0,559.0
5863,312,True,-3,21.0,560.0
5864,312,True,-2,17.0,561.0
5865,312,True,-1,55.0,562.0
5866,312,True,0,23.0,563.0
5867,312,True,1,41.0,564.0
5868,312,True,2,14.0,565.0
5869,312,True,3,5.0,566.0
5870,312,True,4,7.0,567.0
5871,312,True,5,10.0,568.0
5872,312,True,6,14.0,569.0
5873,312,True,7,6.0,570.0
5874,312,True,8,3.0,571.0
5875,312,True,9,2.0,572.0
5876,312,True,10,0.0,573.0
5877,312,True,11,1.0,574.0
5878,312,True,12,1.0,575.0
5879,312,True,13,0.0,576.0
5880,316,False,-14,4.0,565.0
5881,316,False,-13,1.0,566.0
5882,316,False,-12,1.0,567.0
5883,316,False,-11,7.0,568.0
5884,316,False,-10,3.0,569.0
5885,316,False,-9,6.0,570.0
5886,316,False,-8,2.0,571.0
5887,316,False,-7,5.0,572.0
5888,316,False,-6,5.0,573.0
5889,316,False,-5,8.0,574.0
5890,316,False,-4,12.0,575.0
5891,316,False,-3,4.0,576.0
5892,316,False,-2,1.0,577.0
5893,316,False,-1,9.0,578.0
5894,316,False,0,4.0,579.0
5895,316,False,1,4.0,580.0
5896,316,False,2,4.0,581.0
5897,316,False,3,3.0,582.0
5898,316,False,4,13.0,583.0
5899,316,False,5,3.0,584.0
5900,316,False,6,1.0,585.0
5901,316,False,7,1.0,586.0
5902,316,False,8,0.0,587.0
5903,316,False,9,0.0,588.0
5904,316,False,10,0.0,589.0
5905,316,False,11,3.0,590.0
5906,316,False,12,1.0,591.0
5907,316,False,13,0.0,592.0
5908,316,True,-14,1.0,565.0
5909,316,True,-13,0.0,566.0
5910,316,True,-12,0.0,567.0
5911,316,True,-11,2.0,568.0
5912,316,True,-10,1.0,569.0
5913,316,True,-9,0.0,570.0
5914,316,True,-8,0.0,571.0
5915,316,True,-7,1.0,572.0
5916,316,True,-6,0.0,573.0
5917,316,True,-5,4.0,574.0
5918,316,True,-4,0.0,575.0
5919,316,True,-3,0.0,576.0
5920,316,True,-2,0.0,577.0
5921,316,True,-1,0.0,578.0
5922,316,True,0,1.0,579.0
5923,316,True,1,0.0,580.0
5924,316,True,2,0.0,581.0
5925,316,True,3,0.0,582.0
5926,316,True,4,8.0,583.0
5927,316,True,5,1.0,584.0
5928,316,True,6,0.0,585.0
5929,316,True,7,0.0,586.0
5930,316,True,8,0.0,587.0
5931,316,True,9,2.0,588.0
5932,316,True,10,0.0,589.0
5933,316,True,11,0.0,590.0
5934,316,True,12,1.0,591.0
5935,316,True,13,0.0,592.0
5936,317,False,-14,0.0,-14.0
5937,317,False,-13,0.0,-13.0
5938,317,False,-12,0.0,-12.0
5939,317,False,-11,0.0,-11.0
5940,317,False,-10,0.0,-10.0
5941,317,False,-9,0.0,-9.0
5942,317,False,-8,0.0,-8.0
5943,317,False,-7,0.0,-7.0
5944,317,False,-6,0.0,-6.0
5945,317,False,-5,0.0,-5.0
5946,317,False,-4,26.0,-4.0
5947,317,False,-3,8.0,-3.0
5948,317,False,-2,10.0,-2.0
5949,317,False,-1,5.0,-1.0
5950,317,False,0,11.0,0.0
5951,317,False,1,3.0,1.0
5952,317,False,2,4.0,2.0
5953,317,False,3,4.0,3.0
5954,317,False,4,1.0,4.0
5955,317,False,5,10.0,5.0
5956,317,False,6,3.0,6.0
5957,317,False,7,0.0,7.0
5958,317,False,8,1.0,8.0
5959,317,False,9,0.0,9.0
5960,317,False,10,3.0,10.0
5961,317,False,11,0.0,11.0
5962,317,False,12,3.0,12.0
5963,317,False,13,0.0,13.0
5964,317,True,-14,0.0,-14.0
5965,317,True,-13,0.0,-13.0
5966,317,True,-12,0.0,-12.0
5967,317,True,-11,0.0,-11.0
5968,317,True,-10,0.0,-10.0
5969,317,True,-9,0.0,-9.0
5970,317,True,-8,0.0,-8.0
5971,317,True,-7,0.0,-7.0
5972,317,True,-6,0.0,-6.0
5973,317,True,-5,0.0,-5.0
5974,317,True,-4,0.0,-4.0
5975,317,True,-3,0.0,-3.0
5976,317,True,-2,0.0,-2.0
5977,317,True,-1,3.0,-1.0
5978,317,True,0,2.0,0.0
5979,317,True,1,0.0,1.0
5980,317,True,2,0.0,2.0
5981,317,True,3,0.0,3.0
5982,317,True,4,1.0,4.0
5983,317,True,5,1.0,5.0
5984,317,True,6,0.0,6.0
5985,317,True,7,0.0,7.0
5986,317,True,8,0.0,8.0
5987,317,True,9,0.0,9.0
5988,317,True,10,0.0,10.0
5989,317,True,11,0.0,11.0
5990,317,True,12,0.0,12.0
5991,317,True,13,0.0,13.0
5992,319,False,-14,0.0,-5.0
5993,319,False,-13,0.0,-4.0
5994,319,False,-12,0.0,-3.0
5995,319,False,-11,0.0,-2.0
5996,319,False,-10,0.0,-1.0
5997,319,False,-9,0.0,0.0
5998,319,False,-8,0.0,1.0
5999,319,False,-7,0.0,2.0
6000,319,False,-6,0.0,3.0
6001,319,False,-5,0.0,4.0
6002,319,False,-4,0.0,5.0
6003,319,False,-3,0.0,6.0
6004,319,False,-2,0.0,7.0
6005,319,False,-1,4.0,8.0
6006,319,False,0,1.0,9.0
6007,319,False,1,2.0,10.0
6008,319,False,2,1.0,11.0
6009,319,False,3,2.0,12.0
6010,319,False,4,3.0,13.0
6011,319,False,5,1.0,14.0
6012,319,False,6,1.0,15.0
6013,319,False,7,1.0,16.0
6014,319,False,8,0.0,17.0
6015,319,False,9,1.0,18.0
6016,319,False,10,1.0,19.0
6017,319,False,11,0.0,20.0
6018,319,False,12,0.0,21.0
6019,319,False,13,1.0,22.0
6020,319,True,-14,0.0,-5.0
6021,319,True,-13,0.0,-4.0
6022,319,True,-12,0.0,-3.0
6023,319,True,-11,0.0,-2.0
6024,319,True,-10,0.0,-1.0
6025,319,True,-9,0.0,0.0
6026,319,True,-8,0.0,1.0
6027,319,True,-7,0.0,2.0
6028,319,True,-6,0.0,3.0
6029,319,True,-5,0.0,4.0
6030,319,True,-4,0.0,5.0
6031,319,True,-3,0.0,6.0
6032,319,True,-2,0.0,7.0
6033,319,True,-1,3.0,8.0
6034,319,True,0,12.0,9.0
6035,319,True,1,1.0,10.0
6036,319,True,2,0.0,11.0
6037,319,True,3,0.0,12.0
6038,319,True,4,0.0,13.0
6039,319,True,5,1.0,14.0
6040,319,True,6,0.0,15.0
6041,319,True,7,0.0,16.0
6042,319,True,8,1.0,17.0
6043,319,True,9,0.0,18.0
6044,319,True,10,0.0,19.0
6045,319,True,11,0.0,20.0
6046,319,True,12,0.0,21.0
6047,319,True,13,0.0,22.0
6048,320,False,-14,2553.0,670.0
6049,320,False,-13,658.0,671.0
6050,320,False,-12,810.0,672.0
6051,320,False,-11,613.0,673.0
6052,320,False,-10,458.0,674.0
6053,320,False,-9,349.0,675.0
6054,320,False,-8,1220.0,676.0
6055,320,False,-7,429.0,677.0
6056,320,False,-6,741.0,678.0
6057,320,False,-5,403.0,679.0
6058,320,False,-4,383.0,680.0
6059,320,False,-3,339.0,681.0
6060,320,False,-2,652.0,682.0
6061,320,False,-1,619.0,683.0
6062,320,False,0,478.0,684.0
6063,320,False,1,1791.0,685.0
6064,320,False,2,1086.0,686.0
6065,320,False,3,615.0,687.0
6066,320,False,4,686.0,688.0
6067,320,False,5,381.0,689.0
6068,320,False,6,284.0,690.0
6069,320,False,7,311.0,691.0
6070,320,False,8,278.0,692.0
6071,320,False,9,879.0,693.0
6072,320,False,10,447.0,694.0
6073,320,False,11,408.0,695.0
6074,320,False,12,350.0,696.0
6075,320,False,13,369.0,697.0
6076,320,True,-14,71.0,670.0
6077,320,True,-13,25.0,671.0
6078,320,True,-12,28.0,672.0
6079,320,True,-11,13.0,673.0
6080,320,True,-10,6.0,674.0
6081,320,True,-9,7.0,675.0
6082,320,True,-8,22.0,676.0
6083,320,True,-7,6.0,677.0
6084,320,True,-6,38.0,678.0
6085,320,True,-5,15.0,679.0
6086,320,True,-4,14.0,680.0
6087,320,True,-3,14.0,681.0
6088,320,True,-2,27.0,682.0
6089,320,True,-1,28.0,683.0
6090,320,True,0,58.0,684.0
6091,320,True,1,159.0,685.0
6092,320,True,2,37.0,686.0
6093,320,True,3,28.0,687.0
6094,320,True,4,26.0,688.0
6095,320,True,5,12.0,689.0
6096,320,True,6,8.0,690.0
6097,320,True,7,6.0,691.0
6098,320,True,8,6.0,692.0
6099,320,True,9,80.0,693.0
6100,320,True,10,17.0,694.0
6101,320,True,11,9.0,695.0
6102,320,True,12,8.0,696.0
6103,320,True,13,10.0,697.0
6104,322,False,-14,4.0,573.0
6105,322,False,-13,8.0,574.0
6106,322,False,-12,16.0,575.0
6107,322,False,-11,7.0,576.0
6108,322,False,-10,4.0,577.0
6109,322,False,-9,2.0,578.0
6110,322,False,-8,3.0,579.0
6111,322,False,-7,6.0,580.0
6112,322,False,-6,5.0,581.0
6113,322,False,-5,3.0,582.0
6114,322,False,-4,1.0,583.0
6115,322,False,-3,6.0,584.0
6116,322,False,-2,9.0,585.0
6117,322,False,-1,5.0,586.0
6118,322,False,0,6.0,587.0
6119,322,False,1,1.0,588.0
6120,322,False,2,8.0,589.0
6121,322,False,3,2.0,590.0
6122,322,False,4,1.0,591.0
6123,322,False,5,6.0,592.0
6124,322,False,6,3.0,593.0
6125,322,False,7,0.0,594.0
6126,322,False,8,5.0,595.0
6127,322,False,9,3.0,596.0
6128,322,False,10,4.0,597.0
6129,322,False,11,7.0,598.0
6130,322,False,12,0.0,599.0
6131,322,False,13,1.0,600.0
6132,322,True,-14,0.0,573.0
6133,322,True,-13,2.0,574.0
6134,322,True,-12,1.0,575.0
6135,322,True,-11,0.0,576.0
6136,322,True,-10,0.0,577.0
6137,322,True,-9,0.0,578.0
6138,322,True,-8,0.0,579.0
6139,322,True,-7,1.0,580.0
6140,322,True,-6,1.0,581.0
6141,322,True,-5,1.0,582.0
6142,322,True,-4,1.0,583.0
6143,322,True,-3,1.0,584.0
6144,322,True,-2,0.0,585.0
6145,322,True,-1,1.0,586.0
6146,322,True,0,0.0,587.0
6147,322,True,1,0.0,588.0
6148,322,True,2,1.0,589.0
6149,322,True,3,0.0,590.0
6150,322,True,4,0.0,591.0
6151,322,True,5,0.0,592.0
6152,322,True,6,0.0,593.0
6153,322,True,7,0.0,594.0
6154,322,True,8,1.0,595.0
6155,322,True,9,3.0,596.0
6156,322,True,10,1.0,597.0
6157,322,True,11,0.0,598.0
6158,322,True,12,0.0,599.0
6159,322,True,13,0.0,600.0
6160,331,False,-14,135.0,588.0
6161,331,False,-13,135.0,589.0
6162,331,False,-12,101.0,590.0
6163,331,False,-11,114.0,591.0
6164,331,False,-10,128.0,592.0
6165,331,False,-9,91.0,593.0
6166,331,False,-8,107.0,594.0
6167,331,False,-7,76.0,595.0
6168,331,False,-6,36.0,596.0
6169,331,False,-5,30.0,597.0
6170,331,False,-4,53.0,598.0
6171,331,False,-3,257.0,599.0
6172,331,False,-2,1081.0,600.0
6173,331,False,-1,145.0,601.0
6174,331,False,0,445.0,602.0
6175,331,False,1,164.0,603.0
6176,331,False,2,74.0,604.0
6177,331,False,3,82.0,605.0
6178,331,False,4,86.0,606.0
6179,331,False,5,64.0,607.0
6180,331,False,6,70.0,608.0
6181,331,False,7,89.0,609.0
6182,331,False,8,86.0,610.0
6183,331,False,9,67.0,611.0
6184,331,False,10,74.0,612.0
6185,331,False,11,79.0,613.0
6186,331,False,12,49.0,614.0
6187,331,False,13,116.0,615.0
6188,331,True,-14,20.0,588.0
6189,331,True,-13,12.0,589.0
6190,331,True,-12,23.0,590.0
6191,331,True,-11,12.0,591.0
6192,331,True,-10,17.0,592.0
6193,331,True,-9,2.0,593.0
6194,331,True,-8,6.0,594.0
6195,331,True,-7,4.0,595.0
6196,331,True,-6,8.0,596.0
6197,331,True,-5,0.0,597.0
6198,331,True,-4,10.0,598.0
6199,331,True,-3,23.0,599.0
6200,331,True,-2,143.0,600.0
6201,331,True,-1,16.0,601.0
6202,331,True,0,64.0,602.0
6203,331,True,1,14.0,603.0
6204,331,True,2,1.0,604.0
6205,331,True,3,6.0,605.0
6206,331,True,4,6.0,606.0
6207,331,True,5,3.0,607.0
6208,331,True,6,9.0,608.0
6209,331,True,7,3.0,609.0
6210,331,True,8,6.0,610.0
6211,331,True,9,1.0,611.0
6212,331,True,10,5.0,612.0
6213,331,True,11,5.0,613.0
6214,331,True,12,2.0,614.0
6215,331,True,13,12.0,615.0
6216,333,False,-14,0.0,-9.0
6217,333,False,-13,0.0,-8.0
6218,333,False,-12,0.0,-7.0
6219,333,False,-11,0.0,-6.0
6220,333,False,-10,0.0,-5.0
6221,333,False,-9,0.0,-4.0
6222,333,False,-8,0.0,-3.0
6223,333,False,-7,0.0,-2.0
6224,333,False,-6,0.0,-1.0
6225,333,False,-5,22.0,0.0
6226,333,False,-4,10.0,1.0
6227,333,False,-3,7.0,2.0
6228,333,False,-2,9.0,3.0
6229,333,False,-1,17.0,4.0
6230,333,False,0,11.0,5.0
6231,333,False,1,20.0,6.0
6232,333,False,2,19.0,7.0
6233,333,False,3,11.0,8.0
6234,333,False,4,5.0,9.0
6235,333,False,5,14.0,10.0
6236,333,False,6,8.0,11.0
6237,333,False,7,14.0,12.0
6238,333,False,8,4.0,13.0
6239,333,False,9,18.0,14.0
6240,333,False,10,16.0,15.0
6241,333,False,11,16.0,16.0
6242,333,False,12,11.0,17.0
6243,333,False,13,9.0,18.0
6244,333,True,-14,0.0,-9.0
6245,333,True,-13,0.0,-8.0
6246,333,True,-12,0.0,-7.0
6247,333,True,-11,0.0,-6.0
6248,333,True,-10,0.0,-5.0
6249,333,True,-9,0.0,-4.0
6250,333,True,-8,0.0,-3.0
6251,333,True,-7,0.0,-2.0
6252,333,True,-6,0.0,-1.0
6253,333,True,-5,13.0,0.0
6254,333,True,-4,17.0,1.0
6255,333,True,-3,8.0,2.0
6256,333,True,-2,7.0,3.0
6257,333,True,-1,6.0,4.0
6258,333,True,0,5.0,5.0
6259,333,True,1,8.0,6.0
6260,333,True,2,3.0,7.0
6261,333,True,3,4.0,8.0
6262,333,True,4,0.0,9.0
6263,333,True,5,4.0,10.0
6264,333,True,6,1.0,11.0
6265,333,True,7,3.0,12.0
6266,333,True,8,0.0,13.0
6267,333,True,9,1.0,14.0
6268,333,True,10,3.0,15.0
6269,333,True,11,1.0,16.0
6270,333,True,12,0.0,17.0
6271,333,True,13,0.0,18.0
6272,339,False,-14,1.0,625.0
6273,339,False,-13,0.0,626.0
6274,339,False,-12,0.0,627.0
6275,339,False,-11,1.0,628.0
6276,339,False,-10,0.0,629.0
6277,339,False,-9,0.0,630.0
6278,339,False,-8,0.0,631.0
6279,339,False,-7,2.0,632.0
6280,339,False,-6,0.0,633.0
6281,339,False,-5,1.0,634.0
6282,339,False,-4,0.0,635.0
6283,339,False,-3,2.0,636.0
6284,339,False,-2,0.0,637.0
6285,339,False,-1,26.0,638.0
6286,339,False,0,434.0,639.0
6287,339,False,1,65.0,640.0
6288,339,False,2,11.0,641.0
6289,339,False,3,5.0,642.0
6290,339,False,4,5.0,643.0
6291,339,False,5,1.0,644.0
6292,339,False,6,1.0,645.0
6293,339,False,7,3.0,646.0
6294,339,False,8,3.0,647.0
6295,339,False,9,3.0,648.0
6296,339,False,10,5.0,649.0
6297,339,False,11,1.0,650.0
6298,339,False,12,2.0,651.0
6299,339,False,13,2.0,652.0
6300,339,True,-14,0.0,625.0
6301,339,True,-13,0.0,626.0
6302,339,True,-12,0.0,627.0
6303,339,True,-11,0.0,628.0
6304,339,True,-10,1.0,629.0
6305,339,True,-9,0.0,630.0
6306,339,True,-8,0.0,631.0
6307,339,True,-7,0.0,632.0
6308,339,True,-6,0.0,633.0
6309,339,True,-5,0.0,634.0
6310,339,True,-4,0.0,635.0
6311,339,True,-3,0.0,636.0
6312,339,True,-2,0.0,637.0
6313,339,True,-1,7.0,638.0
6314,339,True,0,92.0,639.0
6315,339,True,1,17.0,640.0
6316,339,True,2,2.0,641.0
6317,339,True,3,1.0,642.0
6318,339,True,4,0.0,643.0
6319,339,True,5,0.0,644.0
6320,339,True,6,0.0,645.0
6321,339,True,7,1.0,646.0
6322,339,True,8,0.0,647.0
6323,339,True,9,0.0,648.0
6324,339,True,10,0.0,649.0
6325,339,True,11,0.0,650.0
6326,339,True,12,0.0,651.0
6327,339,True,13,0.0,652.0
6328,342,False,-14,0.0,-8.0
6329,342,False,-13,0.0,-7.0
6330,342,False,-12,0.0,-6.0
6331,342,False,-11,0.0,-5.0
6332,342,False,-10,0.0,-4.0
6333,342,False,-9,0.0,-3.0
6334,342,False,-8,0.0,-2.0
6335,342,False,-7,6.0,-1.0
6336,342,False,-6,9.0,0.0
6337,342,False,-5,1.0,1.0
6338,342,False,-4,0.0,2.0
6339,342,False,-3,2.0,3.0
6340,342,False,-2,5.0,4.0
6341,342,False,-1,6.0,5.0
6342,342,False,0,6.0,6.0
6343,342,False,1,5.0,7.0
6344,342,False,2,7.0,8.0
6345,342,False,3,6.0,9.0
6346,342,False,4,1.0,10.0
6347,342,False,5,6.0,11.0
6348,342,False,6,16.0,12.0
6349,342,False,7,2.0,13.0
6350,342,False,8,7.0,14.0
6351,342,False,9,3.0,15.0
6352,342,False,10,7.0,16.0
6353,342,False,11,1.0,17.0
6354,342,False,12,2.0,18.0
6355,342,False,13,1.0,19.0
6356,342,True,-14,0.0,-8.0
6357,342,True,-13,0.0,-7.0
6358,342,True,-12,0.0,-6.0
6359,342,True,-11,0.0,-5.0
6360,342,True,-10,0.0,-4.0
6361,342,True,-9,0.0,-3.0
6362,342,True,-8,0.0,-2.0
6363,342,True,-7,2.0,-1.0
6364,342,True,-6,2.0,0.0
6365,342,True,-5,2.0,1.0
6366,342,True,-4,0.0,2.0
6367,342,True,-3,1.0,3.0
6368,342,True,-2,8.0,4.0
6369,342,True,-1,3.0,5.0
6370,342,True,0,6.0,6.0
6371,342,True,1,1.0,7.0
6372,342,True,2,1.0,8.0
6373,342,True,3,2.0,9.0
6374,342,True,4,0.0,10.0
6375,342,True,5,1.0,11.0
6376,342,True,6,2.0,12.0
6377,342,True,7,2.0,13.0
6378,342,True,8,0.0,14.0
6379,342,True,9,1.0,15.0
6380,342,True,10,0.0,16.0
6381,342,True,11,0.0,17.0
6382,342,True,12,1.0,18.0
6383,342,True,13,0.0,19.0
6384,344,False,-14,4.0,566.0
6385,344,False,-13,4.0,567.0
6386,344,False,-12,1.0,568.0
6387,344,False,-11,0.0,569.0
6388,344,False,-10,2.0,570.0
6389,344,False,-9,2.0,571.0
6390,344,False,-8,2.0,572.0
6391,344,False,-7,1.0,573.0
6392,344,False,-6,2.0,574.0
6393,344,False,-5,1.0,575.0
6394,344,False,-4,0.0,576.0
6395,344,False,-3,0.0,577.0
6396,344,False,-2,2.0,578.0
6397,344,False,-1,1.0,579.0
6398,344,False,0,2.0,580.0
6399,344,False,1,2.0,581.0
6400,344,False,2,1.0,582.0
6401,344,False,3,2.0,583.0
6402,344,False,4,1.0,584.0
6403,344,False,5,0.0,585.0
6404,344,False,6,2.0,586.0
6405,344,False,7,0.0,587.0
6406,344,False,8,1.0,588.0
6407,344,False,9,3.0,589.0
6408,344,False,10,2.0,590.0
6409,344,False,11,1.0,591.0
6410,344,False,12,2.0,592.0
6411,344,False,13,0.0,593.0
6412,344,True,-14,0.0,566.0
6413,344,True,-13,0.0,567.0
6414,344,True,-12,0.0,568.0
6415,344,True,-11,0.0,569.0
6416,344,True,-10,0.0,570.0
6417,344,True,-9,0.0,571.0
6418,344,True,-8,0.0,572.0
6419,344,True,-7,0.0,573.0
6420,344,True,-6,0.0,574.0
6421,344,True,-5,0.0,575.0
6422,344,True,-4,0.0,576.0
6423,344,True,-3,0.0,577.0
6424,344,True,-2,0.0,578.0
6425,344,True,-1,0.0,579.0
6426,344,True,0,3.0,580.0
6427,344,True,1,0.0,581.0
6428,344,True,2,0.0,582.0
6429,344,True,3,0.0,583.0
6430,344,True,4,0.0,584.0
6431,344,True,5,0.0,585.0
6432,344,True,6,0.0,586.0
6433,344,True,7,0.0,587.0
6434,344,True,8,0.0,588.0
6435,344,True,9,0.0,589.0
6436,344,True,10,0.0,590.0
6437,344,True,11,0.0,591.0
6438,344,True,12,0.0,592.0
6439,344,True,13,0.0,593.0
6440,345,False,-14,2.0,810.0
6441,345,False,-13,0.0,811.0
6442,345,False,-12,0.0,812.0
6443,345,False,-11,2.0,813.0
6444,345,False,-10,1.0,814.0
6445,345,False,-9,2.0,815.0
6446,345,False,-8,0.0,816.0
6447,345,False,-7,3.0,817.0
6448,345,False,-6,0.0,818.0
6449,345,False,-5,2.0,819.0
6450,345,False,-4,0.0,820.0
6451,345,False,-3,3.0,821.0
6452,345,False,-2,2.0,822.0
6453,345,False,-1,1.0,823.0
6454,345,False,0,0.0,824.0
6455,345,False,1,1.0,825.0
6456,345,False,2,1.0,826.0
6457,345,False,3,8.0,827.0
6458,345,False,4,6.0,828.0
6459,345,False,5,3.0,829.0
6460,345,False,6,2.0,830.0
6461,345,False,7,9.0,831.0
6462,345,False,8,2.0,832.0
6463,345,False,9,37.0,833.0
6464,345,False,10,4.0,834.0
6465,345,False,11,5.0,835.0
6466,345,False,12,3.0,836.0
6467,345,False,13,2.0,837.0
6468,345,True,-14,1.0,810.0
6469,345,True,-13,1.0,811.0
6470,345,True,-12,0.0,812.0
6471,345,True,-11,3.0,813.0
6472,345,True,-10,1.0,814.0
6473,345,True,-9,1.0,815.0
6474,345,True,-8,0.0,816.0
6475,345,True,-7,1.0,817.0
6476,345,True,-6,1.0,818.0
6477,345,True,-5,1.0,819.0
6478,345,True,-4,1.0,820.0
6479,345,True,-3,1.0,821.0
6480,345,True,-2,1.0,822.0
6481,345,True,-1,0.0,823.0
6482,345,True,0,4.0,824.0
6483,345,True,1,1.0,825.0
6484,345,True,2,2.0,826.0
6485,345,True,3,4.0,827.0
6486,345,True,4,3.0,828.0
6487,345,True,5,6.0,829.0
6488,345,True,6,0.0,830.0
6489,345,True,7,2.0,831.0
6490,345,True,8,1.0,832.0
6491,345,True,9,27.0,833.0
6492,345,True,10,1.0,834.0
6493,345,True,11,4.0,835.0
6494,345,True,12,1.0,836.0
6495,345,True,13,1.0,837.0
6496,346,False,-14,871.0,654.0
6497,346,False,-13,624.0,655.0
6498,346,False,-12,338.0,656.0
6499,346,False,-11,225.0,657.0
6500,346,False,-10,212.0,658.0
6501,346,False,-9,164.0,659.0
6502,346,False,-8,226.0,660.0
6503,346,False,-7,389.0,661.0
6504,346,False,-6,220.0,662.0
6505,346,False,-5,216.0,663.0
6506,346,False,-4,189.0,664.0
6507,346,False,-3,161.0,665.0
6508,346,False,-2,107.0,666.0
6509,346,False,-1,115.0,667.0
6510,346,False,0,149.0,668.0
6511,346,False,1,139.0,669.0
6512,346,False,2,136.0,670.0
6513,346,False,3,160.0,671.0
6514,346,False,4,152.0,672.0
6515,346,False,5,328.0,673.0
6516,346,False,6,230.0,674.0
6517,346,False,7,111.0,675.0
6518,346,False,8,114.0,676.0
6519,346,False,9,102.0,677.0
6520,346,False,10,152.0,678.0
6521,346,False,11,255.0,679.0
6522,346,False,12,114.0,680.0
6523,346,False,13,135.0,681.0
6524,346,True,-14,111.0,654.0
6525,346,True,-13,76.0,655.0
6526,346,True,-12,19.0,656.0
6527,346,True,-11,20.0,657.0
6528,346,True,-10,15.0,658.0
6529,346,True,-9,14.0,659.0
6530,346,True,-8,18.0,660.0
6531,346,True,-7,40.0,661.0
6532,346,True,-6,18.0,662.0
6533,346,True,-5,19.0,663.0
6534,346,True,-4,25.0,664.0
6535,346,True,-3,5.0,665.0
6536,346,True,-2,14.0,666.0
6537,346,True,-1,9.0,667.0
6538,346,True,0,22.0,668.0
6539,346,True,1,17.0,669.0
6540,346,True,2,8.0,670.0
6541,346,True,3,13.0,671.0
6542,346,True,4,14.0,672.0
6543,346,True,5,48.0,673.0
6544,346,True,6,25.0,674.0
6545,346,True,7,12.0,675.0
6546,346,True,8,4.0,676.0
6547,346,True,9,5.0,677.0
6548,346,True,10,12.0,678.0
6549,346,True,11,12.0,679.0
6550,346,True,12,12.0,680.0
6551,346,True,13,8.0,681.0
6552,347,False,-14,0.0,788.0
6553,347,False,-13,5.0,789.0
6554,347,False,-12,11.0,790.0
6555,347,False,-11,21.0,791.0
6556,347,False,-10,32.0,792.0
6557,347,False,-9,3.0,793.0
6558,347,False,-8,3.0,794.0
6559,347,False,-7,1.0,795.0
6560,347,False,-6,0.0,796.0
6561,347,False,-5,4.0,797.0
6562,347,False,-4,2.0,798.0
6563,347,False,-3,7.0,799.0
6564,347,False,-2,1.0,800.0
6565,347,False,-1,38.0,801.0
6566,347,False,0,9.0,802.0
6567,347,False,1,4.0,803.0
6568,347,False,2,5.0,804.0
6569,347,False,3,1.0,805.0
6570,347,False,4,1.0,806.0
6571,347,False,5,1.0,807.0
6572,347,False,6,0.0,808.0
6573,347,False,7,1.0,809.0
6574,347,False,8,3.0,810.0
6575,347,False,9,3.0,811.0
6576,347,False,10,2.0,812.0
6577,347,False,11,2.0,813.0
6578,347,False,12,0.0,814.0
6579,347,False,13,0.0,815.0
6580,347,True,-14,0.0,788.0
6581,347,True,-13,2.0,789.0
6582,347,True,-12,1.0,790.0
6583,347,True,-11,4.0,791.0
6584,347,True,-10,5.0,792.0
6585,347,True,-9,0.0,793.0
6586,347,True,-8,4.0,794.0
6587,347,True,-7,1.0,795.0
6588,347,True,-6,1.0,796.0
6589,347,True,-5,3.0,797.0
6590,347,True,-4,2.0,798.0
6591,347,True,-3,1.0,799.0
6592,347,True,-2,1.0,800.0
6593,347,True,-1,11.0,801.0
6594,347,True,0,10.0,802.0
6595,347,True,1,2.0,803.0
6596,347,True,2,1.0,804.0
6597,347,True,3,0.0,805.0
6598,347,True,4,2.0,806.0
6599,347,True,5,0.0,807.0
6600,347,True,6,1.0,808.0
6601,347,True,7,2.0,809.0
6602,347,True,8,0.0,810.0
6603,347,True,9,2.0,811.0
6604,347,True,10,1.0,812.0
6605,347,True,11,0.0,813.0
6606,347,True,12,0.0,814.0
6607,347,True,13,0.0,815.0
6608,354,False,-14,0.0,720.0
6609,354,False,-13,1.0,721.0
6610,354,False,-12,0.0,722.0
6611,354,False,-11,0.0,723.0
6612,354,False,-10,0.0,724.0
6613,354,False,-9,0.0,725.0
6614,354,False,-8,0.0,726.0
6615,354,False,-7,1.0,727.0
6616,354,False,-6,0.0,728.0
6617,354,False,-5,0.0,729.0
6618,354,False,-4,0.0,730.0
6619,354,False,-3,0.0,731.0
6620,354,False,-2,0.0,732.0
6621,354,False,-1,0.0,733.0
6622,354,False,0,1.0,734.0
6623,354,False,1,0.0,735.0
6624,354,False,2,0.0,736.0
6625,354,False,3,0.0,737.0
6626,354,False,4,1.0,738.0
6627,354,False,5,0.0,739.0
6628,354,False,6,0.0,740.0
6629,354,False,7,0.0,741.0
6630,354,False,8,0.0,742.0
6631,354,False,9,0.0,743.0
6632,354,False,10,0.0,744.0
6633,354,False,11,0.0,745.0
6634,354,False,12,0.0,746.0
6635,354,False,13,0.0,747.0
6636,354,True,-14,0.0,720.0
6637,354,True,-13,0.0,721.0
6638,354,True,-12,0.0,722.0
6639,354,True,-11,0.0,723.0
6640,354,True,-10,0.0,724.0
6641,354,True,-9,0.0,725.0
6642,354,True,-8,0.0,726.0
6643,354,True,-7,0.0,727.0
6644,354,True,-6,0.0,728.0
6645,354,True,-5,0.0,729.0
6646,354,True,-4,0.0,730.0
6647,354,True,-3,0.0,731.0
6648,354,True,-2,0.0,732.0
6649,354,True,-1,0.0,733.0
6650,354,True,0,1.0,734.0
6651,354,True,1,0.0,735.0
6652,354,True,2,0.0,736.0
6653,354,True,3,0.0,737.0
6654,354,True,4,0.0,738.0
6655,354,True,5,0.0,739.0
6656,354,True,6,0.0,740.0
6657,354,True,7,0.0,741.0
6658,354,True,8,0.0,742.0
6659,354,True,9,0.0,743.0
6660,354,True,10,0.0,744.0
6661,354,True,11,0.0,745.0
6662,354,True,12,0.0,746.0
6663,354,True,13,0.0,747.0
6664,357,False,-14,184.0,675.0
6665,357,False,-13,184.0,676.0
6666,357,False,-12,145.0,677.0
6667,357,False,-11,194.0,678.0
6668,357,False,-10,245.0,679.0
6669,357,False,-9,332.0,680.0
6670,357,False,-8,267.0,681.0
6671,357,False,-7,152.0,682.0
6672,357,False,-6,159.0,683.0
6673,357,False,-5,124.0,684.0
6674,357,False,-4,91.0,685.0
6675,357,False,-3,160.0,686.0
6676,357,False,-2,198.0,687.0
6677,357,False,-1,111.0,688.0
6678,357,False,0,104.0,689.0
6679,357,False,1,128.0,690.0
6680,357,False,2,132.0,691.0
6681,357,False,3,60.0,692.0
6682,357,False,4,119.0,693.0
6683,357,False,5,115.0,694.0
6684,357,False,6,79.0,695.0
6685,357,False,7,87.0,696.0
6686,357,False,8,86.0,697.0
6687,357,False,9,87.0,698.0
6688,357,False,10,129.0,699.0
6689,357,False,11,79.0,700.0
6690,357,False,12,95.0,701.0
6691,357,False,13,150.0,702.0
6692,357,True,-14,8.0,675.0
6693,357,True,-13,8.0,676.0
6694,357,True,-12,4.0,677.0
6695,357,True,-11,16.0,678.0
6696,357,True,-10,20.0,679.0
6697,357,True,-9,14.0,680.0
6698,357,True,-8,13.0,681.0
6699,357,True,-7,6.0,682.0
6700,357,True,-6,6.0,683.0
6701,357,True,-5,3.0,684.0
6702,357,True,-4,4.0,685.0
6703,357,True,-3,7.0,686.0
6704,357,True,-2,17.0,687.0
6705,357,True,-1,4.0,688.0
6706,357,True,0,4.0,689.0
6707,357,True,1,3.0,690.0
6708,357,True,2,4.0,691.0
6709,357,True,3,2.0,692.0
6710,357,True,4,6.0,693.0
6711,357,True,5,7.0,694.0
6712,357,True,6,4.0,695.0
6713,357,True,7,3.0,696.0
6714,357,True,8,2.0,697.0
6715,357,True,9,5.0,698.0
6716,357,True,10,6.0,699.0
6717,357,True,11,2.0,700.0
6718,357,True,12,1.0,701.0
6719,357,True,13,7.0,702.0
6720,359,False,-14,0.0,-9.0
6721,359,False,-13,0.0,-8.0
6722,359,False,-12,0.0,-7.0
6723,359,False,-11,0.0,-6.0
6724,359,False,-10,0.0,-5.0
6725,359,False,-9,0.0,-4.0
6726,359,False,-8,0.0,-3.0
6727,359,False,-7,0.0,-2.0
6728,359,False,-6,60.0,-1.0
6729,359,False,-5,196.0,0.0
6730,359,False,-4,30.0,1.0
6731,359,False,-3,14.0,2.0
6732,359,False,-2,17.0,3.0
6733,359,False,-1,46.0,4.0
6734,359,False,0,226.0,5.0
6735,359,False,1,51.0,6.0
6736,359,False,2,36.0,7.0
6737,359,False,3,18.0,8.0
6738,359,False,4,10.0,9.0
6739,359,False,5,13.0,10.0
6740,359,False,6,8.0,11.0
6741,359,False,7,2.0,12.0
6742,359,False,8,8.0,13.0
6743,359,False,9,13.0,14.0
6744,359,False,10,5.0,15.0
6745,359,False,11,3.0,16.0
6746,359,False,12,4.0,17.0
6747,359,False,13,13.0,18.0
6748,359,True,-14,0.0,-9.0
6749,359,True,-13,0.0,-8.0
6750,359,True,-12,0.0,-7.0
6751,359,True,-11,0.0,-6.0
6752,359,True,-10,0.0,-5.0
6753,359,True,-9,0.0,-4.0
6754,359,True,-8,0.0,-3.0
6755,359,True,-7,0.0,-2.0
6756,359,True,-6,3.0,-1.0
6757,359,True,-5,44.0,0.0
6758,359,True,-4,8.0,1.0
6759,359,True,-3,3.0,2.0
6760,359,True,-2,1.0,3.0
6761,359,True,-1,16.0,4.0
6762,359,True,0,50.0,5.0
6763,359,True,1,4.0,6.0
6764,359,True,2,4.0,7.0
6765,359,True,3,2.0,8.0
6766,359,True,4,1.0,9.0
6767,359,True,5,3.0,10.0
6768,359,True,6,0.0,11.0
6769,359,True,7,0.0,12.0
6770,359,True,8,0.0,13.0
6771,359,True,9,0.0,14.0
6772,359,True,10,1.0,15.0
6773,359,True,11,1.0,16.0
6774,359,True,12,0.0,17.0
6775,359,True,13,0.0,18.0
6776,360,False,-14,21.0,706.0
6777,360,False,-13,17.0,707.0
6778,360,False,-12,10.0,708.0
6779,360,False,-11,14.0,709.0
6780,360,False,-10,16.0,710.0
6781,360,False,-9,15.0,711.0
6782,360,False,-8,17.0,712.0
6783,360,False,-7,9.0,713.0
6784,360,False,-6,10.0,714.0
6785,360,False,-5,5.0,715.0
6786,360,False,-4,13.0,716.0
6787,360,False,-3,9.0,717.0
6788,360,False,-2,7.0,718.0
6789,360,False,-1,72.0,719.0
6790,360,False,0,10.0,720.0
6791,360,False,1,10.0,721.0
6792,360,False,2,31.0,722.0
6793,360,False,3,11.0,723.0
6794,360,False,4,5.0,724.0
6795,360,False,5,6.0,725.0
6796,360,False,6,2.0,726.0
6797,360,False,7,12.0,727.0
6798,360,False,8,15.0,728.0
6799,360,False,9,55.0,729.0
6800,360,False,10,44.0,730.0
6801,360,False,11,10.0,731.0
6802,360,False,12,17.0,732.0
6803,360,False,13,4.0,733.0
6804,360,True,-14,1.0,706.0
6805,360,True,-13,1.0,707.0
6806,360,True,-12,0.0,708.0
6807,360,True,-11,2.0,709.0
6808,360,True,-10,1.0,710.0
6809,360,True,-9,1.0,711.0
6810,360,True,-8,0.0,712.0
6811,360,True,-7,0.0,713.0
6812,360,True,-6,2.0,714.0
6813,360,True,-5,1.0,715.0
6814,360,True,-4,3.0,716.0
6815,360,True,-3,0.0,717.0
6816,360,True,-2,1.0,718.0
6817,360,True,-1,18.0,719.0
6818,360,True,0,1.0,720.0
6819,360,True,1,0.0,721.0
6820,360,True,2,4.0,722.0
6821,360,True,3,0.0,723.0
6822,360,True,4,0.0,724.0
6823,360,True,5,0.0,725.0
6824,360,True,6,0.0,726.0
6825,360,True,7,1.0,727.0
6826,360,True,8,0.0,728.0
6827,360,True,9,4.0,729.0
6828,360,True,10,3.0,730.0
6829,360,True,11,0.0,731.0
6830,360,True,12,0.0,732.0
6831,360,True,13,0.0,733.0
6832,363,False,-14,2.0,637.0
6833,363,False,-13,1.0,638.0
6834,363,False,-12,0.0,639.0
6835,363,False,-11,2.0,640.0
6836,363,False,-10,1.0,641.0
6837,363,False,-9,1.0,642.0
6838,363,False,-8,0.0,643.0
6839,363,False,-7,0.0,644.0
6840,363,False,-6,0.0,645.0
6841,363,False,-5,0.0,646.0
6842,363,False,-4,2.0,647.0
6843,363,False,-3,1.0,648.0
6844,363,False,-2,0.0,649.0
6845,363,False,-1,1.0,650.0
6846,363,False,0,3.0,651.0
6847,363,False,1,0.0,652.0
6848,363,False,2,5.0,653.0
6849,363,False,3,0.0,654.0
6850,363,False,4,3.0,655.0
6851,363,False,5,2.0,656.0
6852,363,False,6,3.0,657.0
6853,363,False,7,1.0,658.0
6854,363,False,8,1.0,659.0
6855,363,False,9,0.0,660.0
6856,363,False,10,1.0,661.0
6857,363,False,11,0.0,662.0
6858,363,False,12,0.0,663.0
6859,363,False,13,0.0,664.0
6860,363,True,-14,0.0,637.0
6861,363,True,-13,0.0,638.0
6862,363,True,-12,0.0,639.0
6863,363,True,-11,0.0,640.0
6864,363,True,-10,0.0,641.0
6865,363,True,-9,0.0,642.0
6866,363,True,-8,0.0,643.0
6867,363,True,-7,0.0,644.0
6868,363,True,-6,0.0,645.0
6869,363,True,-5,0.0,646.0
6870,363,True,-4,0.0,647.0
6871,363,True,-3,0.0,648.0
6872,363,True,-2,0.0,649.0
6873,363,True,-1,0.0,650.0
6874,363,True,0,1.0,651.0
6875,363,True,1,0.0,652.0
6876,363,True,2,0.0,653.0
6877,363,True,3,0.0,654.0
6878,363,True,4,0.0,655.0
6879,363,True,5,0.0,656.0
6880,363,True,6,0.0,657.0
6881,363,True,7,0.0,658.0
6882,363,True,8,0.0,659.0
6883,363,True,9,0.0,660.0
6884,363,True,10,0.0,661.0
6885,363,True,11,0.0,662.0
6886,363,True,12,0.0,663.0
6887,363,True,13,0.0,664.0
6888,370,False,-14,18.0,651.0
6889,370,False,-13,50.0,652.0
6890,370,False,-12,41.0,653.0
6891,370,False,-11,23.0,654.0
6892,370,False,-10,21.0,655.0
6893,370,False,-9,13.0,656.0
6894,370,False,-8,47.0,657.0
6895,370,False,-7,25.0,658.0
6896,370,False,-6,39.0,659.0
6897,370,False,-5,39.0,660.0
6898,370,False,-4,16.0,661.0
6899,370,False,-3,16.0,662.0
6900,370,False,-2,14.0,663.0
6901,370,False,-1,29.0,664.0
6902,370,False,0,43.0,665.0
6903,370,False,1,10.0,666.0
6904,370,False,2,37.0,667.0
6905,370,False,3,76.0,668.0
6906,370,False,4,25.0,669.0
6907,370,False,5,31.0,670.0
6908,370,False,6,8.0,671.0
6909,370,False,7,16.0,672.0
6910,370,False,8,22.0,673.0
6911,370,False,9,22.0,674.0
6912,370,False,10,17.0,675.0
6913,370,False,11,39.0,676.0
6914,370,False,12,12.0,677.0
6915,370,False,13,21.0,678.0
6916,370,True,-14,3.0,651.0
6917,370,True,-13,6.0,652.0
6918,370,True,-12,7.0,653.0
6919,370,True,-11,0.0,654.0
6920,370,True,-10,1.0,655.0
6921,370,True,-9,3.0,656.0
6922,370,True,-8,7.0,657.0
6923,370,True,-7,3.0,658.0
6924,370,True,-6,8.0,659.0
6925,370,True,-5,9.0,660.0
6926,370,True,-4,3.0,661.0
6927,370,True,-3,5.0,662.0
6928,370,True,-2,2.0,663.0
6929,370,True,-1,2.0,664.0
6930,370,True,0,9.0,665.0
6931,370,True,1,1.0,666.0
6932,370,True,2,3.0,667.0
6933,370,True,3,12.0,668.0
6934,370,True,4,2.0,669.0
6935,370,True,5,3.0,670.0
6936,370,True,6,2.0,671.0
6937,370,True,7,0.0,672.0
6938,370,True,8,1.0,673.0
6939,370,True,9,1.0,674.0
6940,370,True,10,3.0,675.0
6941,370,True,11,3.0,676.0
6942,370,True,12,6.0,677.0
6943,370,True,13,3.0,678.0
6944,374,False,-14,33.0,841.0
6945,374,False,-13,195.0,842.0
6946,374,False,-12,97.0,843.0
6947,374,False,-11,41.0,844.0
6948,374,False,-10,19.0,845.0
6949,374,False,-9,140.0,846.0
6950,374,False,-8,182.0,847.0
6951,374,False,-7,177.0,848.0
6952,374,False,-6,158.0,849.0
6953,374,False,-5,44.0,850.0
6954,374,False,-4,26.0,851.0
6955,374,False,-3,105.0,852.0
6956,374,False,-2,19.0,853.0
6957,374,False,-1,400.0,854.0
6958,374,False,0,196.0,855.0
6959,374,False,1,44.0,856.0
6960,374,False,2,47.0,857.0
6961,374,False,3,103.0,858.0
6962,374,False,4,81.0,859.0
6963,374,False,5,58.0,860.0
6964,374,False,6,76.0,861.0
6965,374,False,7,54.0,862.0
6966,374,False,8,44.0,863.0
6967,374,False,9,26.0,864.0
6968,374,False,10,111.0,865.0
6969,374,False,11,73.0,866.0
6970,374,False,12,35.0,867.0
6971,374,False,13,46.0,868.0
6972,374,True,-14,5.0,841.0
6973,374,True,-13,29.0,842.0
6974,374,True,-12,11.0,843.0
6975,374,True,-11,2.0,844.0
6976,374,True,-10,1.0,845.0
6977,374,True,-9,13.0,846.0
6978,374,True,-8,23.0,847.0
6979,374,True,-7,26.0,848.0
6980,374,True,-6,16.0,849.0
6981,374,True,-5,1.0,850.0
6982,374,True,-4,2.0,851.0
6983,374,True,-3,15.0,852.0
6984,374,True,-2,3.0,853.0
6985,374,True,-1,64.0,854.0
6986,374,True,0,35.0,855.0
6987,374,True,1,6.0,856.0
6988,374,True,2,4.0,857.0
6989,374,True,3,10.0,858.0
6990,374,True,4,8.0,859.0
6991,374,True,5,11.0,860.0
6992,374,True,6,5.0,861.0
6993,374,True,7,7.0,862.0
6994,374,True,8,4.0,863.0
6995,374,True,9,0.0,864.0
6996,374,True,10,21.0,865.0
6997,374,True,11,6.0,866.0
6998,374,True,12,3.0,867.0
6999,374,True,13,4.0,868.0
7000,386,False,-14,4.0,636.0
7001,386,False,-13,1.0,637.0
7002,386,False,-12,1.0,638.0
7003,386,False,-11,1.0,639.0
7004,386,False,-10,0.0,640.0
7005,386,False,-9,1.0,641.0
7006,386,False,-8,3.0,642.0
7007,386,False,-7,0.0,643.0
7008,386,False,-6,0.0,644.0
7009,386,False,-5,0.0,645.0
7010,386,False,-4,1.0,646.0
7011,386,False,-3,1.0,647.0
7012,386,False,-2,2.0,648.0
7013,386,False,-1,1.0,649.0
7014,386,False,0,18.0,650.0
7015,386,False,1,1.0,651.0
7016,386,False,2,1.0,652.0
7017,386,False,3,0.0,653.0
7018,386,False,4,0.0,654.0
7019,386,False,5,1.0,655.0
7020,386,False,6,2.0,656.0
7021,386,False,7,1.0,657.0
7022,386,False,8,0.0,658.0
7023,386,False,9,2.0,659.0
7024,386,False,10,1.0,660.0
7025,386,False,11,0.0,661.0
7026,386,False,12,1.0,662.0
7027,386,False,13,2.0,663.0
7028,386,True,-14,0.0,636.0
7029,386,True,-13,0.0,637.0
7030,386,True,-12,1.0,638.0
7031,386,True,-11,0.0,639.0
7032,386,True,-10,0.0,640.0
7033,386,True,-9,0.0,641.0
7034,386,True,-8,0.0,642.0
7035,386,True,-7,0.0,643.0
7036,386,True,-6,0.0,644.0
7037,386,True,-5,0.0,645.0
7038,386,True,-4,0.0,646.0
7039,386,True,-3,0.0,647.0
7040,386,True,-2,0.0,648.0
7041,386,True,-1,1.0,649.0
7042,386,True,0,6.0,650.0
7043,386,True,1,0.0,651.0
7044,386,True,2,0.0,652.0
7045,386,True,3,0.0,653.0
7046,386,True,4,0.0,654.0
7047,386,True,5,0.0,655.0
7048,386,True,6,0.0,656.0
7049,386,True,7,0.0,657.0
7050,386,True,8,1.0,658.0
7051,386,True,9,0.0,659.0
7052,386,True,10,0.0,660.0
7053,386,True,11,0.0,661.0
7054,386,True,12,0.0,662.0
7055,386,True,13,0.0,663.0
7056,389,False,-14,0.0,-14.0
7057,389,False,-13,0.0,-13.0
7058,389,False,-12,0.0,-12.0
7059,389,False,-11,0.0,-11.0
7060,389,False,-10,0.0,-10.0
7061,389,False,-9,0.0,-9.0
7062,389,False,-8,0.0,-8.0
7063,389,False,-7,0.0,-7.0
7064,389,False,-6,0.0,-6.0
7065,389,False,-5,0.0,-5.0
7066,389,False,-4,0.0,-4.0
7067,389,False,-3,0.0,-3.0
7068,389,False,-2,0.0,-2.0
7069,389,False,-1,25.0,-1.0
7070,389,False,0,22.0,0.0
7071,389,False,1,1.0,1.0
7072,389,False,2,3.0,2.0
7073,389,False,3,1.0,3.0
7074,389,False,4,1.0,4.0
7075,389,False,5,3.0,5.0
7076,389,False,6,10.0,6.0
7077,389,False,7,4.0,7.0
7078,389,False,8,4.0,8.0
7079,389,False,9,0.0,9.0
7080,389,False,10,1.0,10.0
7081,389,False,11,3.0,11.0
7082,389,False,12,3.0,12.0
7083,389,False,13,2.0,13.0
7084,389,True,-14,0.0,-14.0
7085,389,True,-13,0.0,-13.0
7086,389,True,-12,0.0,-12.0
7087,389,True,-11,0.0,-11.0
7088,389,True,-10,0.0,-10.0
7089,389,True,-9,0.0,-9.0
7090,389,True,-8,0.0,-8.0
7091,389,True,-7,0.0,-7.0
7092,389,True,-6,0.0,-6.0
7093,389,True,-5,0.0,-5.0
7094,389,True,-4,0.0,-4.0
7095,389,True,-3,0.0,-3.0
7096,389,True,-2,0.0,-2.0
7097,389,True,-1,2.0,-1.0
7098,389,True,0,1.0,0.0
7099,389,True,1,0.0,1.0
7100,389,True,2,0.0,2.0
7101,389,True,3,4.0,3.0
7102,389,True,4,0.0,4.0
7103,389,True,5,0.0,5.0
7104,389,True,6,0.0,6.0
7105,389,True,7,0.0,7.0
7106,389,True,8,0.0,8.0
7107,389,True,9,0.0,9.0
7108,389,True,10,0.0,10.0
7109,389,True,11,0.0,11.0
7110,389,True,12,0.0,12.0
7111,389,True,13,0.0,13.0
7112,402,False,-14,8.0,630.0
7113,402,False,-13,9.0,631.0
7114,402,False,-12,3.0,632.0
7115,402,False,-11,11.0,633.0
7116,402,False,-10,18.0,634.0
7117,402,False,-9,7.0,635.0
7118,402,False,-8,15.0,636.0
7119,402,False,-7,6.0,637.0
7120,402,False,-6,8.0,638.0
7121,402,False,-5,9.0,639.0
7122,402,False,-4,6.0,640.0
7123,402,False,-3,6.0,641.0
7124,402,False,-2,3.0,642.0
7125,402,False,-1,40.0,643.0
7126,402,False,0,6.0,644.0
7127,402,False,1,15.0,645.0
7128,402,False,2,34.0,646.0
7129,402,False,3,12.0,647.0
7130,402,False,4,10.0,648.0
7131,402,False,5,12.0,649.0
7132,402,False,6,13.0,650.0
7133,402,False,7,16.0,651.0
7134,402,False,8,18.0,652.0
7135,402,False,9,12.0,653.0
7136,402,False,10,5.0,654.0
7137,402,False,11,7.0,655.0
7138,402,False,12,11.0,656.0
7139,402,False,13,6.0,657.0
7140,402,True,-14,1.0,630.0
7141,402,True,-13,2.0,631.0
7142,402,True,-12,0.0,632.0
7143,402,True,-11,4.0,633.0
7144,402,True,-10,2.0,634.0
7145,402,True,-9,1.0,635.0
7146,402,True,-8,2.0,636.0
7147,402,True,-7,2.0,637.0
7148,402,True,-6,2.0,638.0
7149,402,True,-5,6.0,639.0
7150,402,True,-4,2.0,640.0
7151,402,True,-3,3.0,641.0
7152,402,True,-2,2.0,642.0
7153,402,True,-1,15.0,643.0
7154,402,True,0,10.0,644.0
7155,402,True,1,2.0,645.0
7156,402,True,2,14.0,646.0
7157,402,True,3,0.0,647.0
7158,402,True,4,0.0,648.0
7159,402,True,5,3.0,649.0
7160,402,True,6,6.0,650.0
7161,402,True,7,1.0,651.0
7162,402,True,8,4.0,652.0
7163,402,True,9,2.0,653.0
7164,402,True,10,0.0,654.0
7165,402,True,11,1.0,655.0
7166,402,True,12,1.0,656.0
7167,402,True,13,1.0,657.0
7168,409,False,-14,0.0,-14.0
7169,409,False,-13,0.0,-13.0
7170,409,False,-12,0.0,-12.0
7171,409,False,-11,0.0,-11.0
7172,409,False,-10,0.0,-10.0
7173,409,False,-9,0.0,-9.0
7174,409,False,-8,0.0,-8.0
7175,409,False,-7,0.0,-7.0
7176,409,False,-6,0.0,-6.0
7177,409,False,-5,0.0,-5.0
7178,409,False,-4,0.0,-4.0
7179,409,False,-3,0.0,-3.0
7180,409,False,-2,0.0,-2.0
7181,409,False,-1,4.0,-1.0
7182,409,False,0,24.0,0.0
7183,409,False,1,4.0,1.0
7184,409,False,2,2.0,2.0
7185,409,False,3,4.0,3.0
7186,409,False,4,3.0,4.0
7187,409,False,5,1.0,5.0
7188,409,False,6,0.0,6.0
7189,409,False,7,1.0,7.0
7190,409,False,8,2.0,8.0
7191,409,False,9,1.0,9.0
7192,409,False,10,1.0,10.0
7193,409,False,11,2.0,11.0
7194,409,False,12,1.0,12.0
7195,409,False,13,0.0,13.0
7196,409,True,-14,0.0,-14.0
7197,409,True,-13,0.0,-13.0
7198,409,True,-12,0.0,-12.0
7199,409,True,-11,0.0,-11.0
7200,409,True,-10,0.0,-10.0
7201,409,True,-9,0.0,-9.0
7202,409,True,-8,0.0,-8.0
7203,409,True,-7,0.0,-7.0
7204,409,True,-6,0.0,-6.0
7205,409,True,-5,0.0,-5.0
7206,409,True,-4,0.0,-4.0
7207,409,True,-3,0.0,-3.0
7208,409,True,-2,0.0,-2.0
7209,409,True,-1,0.0,-1.0
7210,409,True,0,6.0,0.0
7211,409,True,1,0.0,1.0
7212,409,True,2,0.0,2.0
7213,409,True,3,0.0,3.0
7214,409,True,4,0.0,4.0
7215,409,True,5,0.0,5.0
7216,409,True,6,0.0,6.0
7217,409,True,7,0.0,7.0
7218,409,True,8,0.0,8.0
7219,409,True,9,0.0,9.0
7220,409,True,10,0.0,10.0
7221,409,True,11,0.0,11.0
7222,409,True,12,0.0,12.0
7223,409,True,13,0.0,13.0
7224,410,False,-14,0.0,51.0
7225,410,False,-13,1.0,52.0
7226,410,False,-12,0.0,53.0
7227,410,False,-11,2.0,54.0
7228,410,False,-10,2.0,55.0
7229,410,False,-9,0.0,56.0
7230,410,False,-8,0.0,57.0
7231,410,False,-7,0.0,58.0
7232,410,False,-6,0.0,59.0
7233,410,False,-5,0.0,60.0
7234,410,False,-4,0.0,61.0
7235,410,False,-3,1.0,62.0
7236,410,False,-2,0.0,63.0
7237,410,False,-1,1.0,64.0
7238,410,False,0,0.0,65.0
7239,410,False,1,1.0,66.0
7240,410,False,2,0.0,67.0
7241,410,False,3,0.0,68.0
7242,410,False,4,0.0,69.0
7243,410,False,5,3.0,70.0
7244,410,False,6,1.0,71.0
7245,410,False,7,0.0,72.0
7246,410,False,8,2.0,73.0
7247,410,False,9,1.0,74.0
7248,410,False,10,0.0,75.0
7249,410,False,11,0.0,76.0
7250,410,False,12,0.0,77.0
7251,410,False,13,0.0,78.0
7252,410,True,-14,0.0,51.0
7253,410,True,-13,0.0,52.0
7254,410,True,-12,0.0,53.0
7255,410,True,-11,0.0,54.0
7256,410,True,-10,0.0,55.0
7257,410,True,-9,0.0,56.0
7258,410,True,-8,1.0,57.0
7259,410,True,-7,0.0,58.0
7260,410,True,-6,0.0,59.0
7261,410,True,-5,0.0,60.0
7262,410,True,-4,0.0,61.0
7263,410,True,-3,0.0,62.0
7264,410,True,-2,1.0,63.0
7265,410,True,-1,0.0,64.0
7266,410,True,0,1.0,65.0
7267,410,True,1,0.0,66.0
7268,410,True,2,0.0,67.0
7269,410,True,3,0.0,68.0
7270,410,True,4,0.0,69.0
7271,410,True,5,0.0,70.0
7272,410,True,6,0.0,71.0
7273,410,True,7,0.0,72.0
7274,410,True,8,0.0,73.0
7275,410,True,9,0.0,74.0
7276,410,True,10,0.0,75.0
7277,410,True,11,0.0,76.0
7278,410,True,12,0.0,77.0
7279,410,True,13,0.0,78.0
7280,414,False,-14,11.0,655.0
7281,414,False,-13,2.0,656.0
7282,414,False,-12,3.0,657.0
7283,414,False,-11,0.0,658.0
7284,414,False,-10,0.0,659.0
7285,414,False,-9,0.0,660.0
7286,414,False,-8,2.0,661.0
7287,414,False,-7,7.0,662.0
7288,414,False,-6,8.0,663.0
7289,414,False,-5,3.0,664.0
7290,414,False,-4,1.0,665.0
7291,414,False,-3,0.0,666.0
7292,414,False,-2,2.0,667.0
7293,414,False,-1,14.0,668.0
7294,414,False,0,10.0,669.0
7295,414,False,1,4.0,670.0
7296,414,False,2,2.0,671.0
7297,414,False,3,0.0,672.0
7298,414,False,4,3.0,673.0
7299,414,False,5,5.0,674.0
7300,414,False,6,8.0,675.0
7301,414,False,7,3.0,676.0
7302,414,False,8,0.0,677.0
7303,414,False,9,5.0,678.0
7304,414,False,10,1.0,679.0
7305,414,False,11,2.0,680.0
7306,414,False,12,3.0,681.0
7307,414,False,13,6.0,682.0
7308,414,True,-14,4.0,655.0
7309,414,True,-13,2.0,656.0
7310,414,True,-12,0.0,657.0
7311,414,True,-11,0.0,658.0
7312,414,True,-10,0.0,659.0
7313,414,True,-9,0.0,660.0
7314,414,True,-8,3.0,661.0
7315,414,True,-7,0.0,662.0
7316,414,True,-6,2.0,663.0
7317,414,True,-5,0.0,664.0
7318,414,True,-4,1.0,665.0
7319,414,True,-3,0.0,666.0
7320,414,True,-2,0.0,667.0
7321,414,True,-1,7.0,668.0
7322,414,True,0,18.0,669.0
7323,414,True,1,4.0,670.0
7324,414,True,2,0.0,671.0
7325,414,True,3,1.0,672.0
7326,414,True,4,1.0,673.0
7327,414,True,5,3.0,674.0
7328,414,True,6,0.0,675.0
7329,414,True,7,1.0,676.0
7330,414,True,8,0.0,677.0
7331,414,True,9,3.0,678.0
7332,414,True,10,0.0,679.0
7333,414,True,11,0.0,680.0
7334,414,True,12,1.0,681.0
7335,414,True,13,3.0,682.0
7336,415,False,-14,29.0,570.0
7337,415,False,-13,37.0,571.0
7338,415,False,-12,17.0,572.0
7339,415,False,-11,9.0,573.0
7340,415,False,-10,46.0,574.0
7341,415,False,-9,35.0,575.0
7342,415,False,-8,10.0,576.0
7343,415,False,-7,10.0,577.0
7344,415,False,-6,22.0,578.0
7345,415,False,-5,24.0,579.0
7346,415,False,-4,9.0,580.0
7347,415,False,-3,7.0,581.0
7348,415,False,-2,5.0,582.0
7349,415,False,-1,8.0,583.0
7350,415,False,0,12.0,584.0
7351,415,False,1,7.0,585.0
7352,415,False,2,11.0,586.0
7353,415,False,3,3.0,587.0
7354,415,False,4,7.0,588.0
7355,415,False,5,3.0,589.0
7356,415,False,6,3.0,590.0
7357,415,False,7,3.0,591.0
7358,415,False,8,2.0,592.0
7359,415,False,9,2.0,593.0
7360,415,False,10,1.0,594.0
7361,415,False,11,5.0,595.0
7362,415,False,12,3.0,596.0
7363,415,False,13,5.0,597.0
7364,415,True,-14,2.0,570.0
7365,415,True,-13,2.0,571.0
7366,415,True,-12,2.0,572.0
7367,415,True,-11,0.0,573.0
7368,415,True,-10,5.0,574.0
7369,415,True,-9,3.0,575.0
7370,415,True,-8,1.0,576.0
7371,415,True,-7,1.0,577.0
7372,415,True,-6,4.0,578.0
7373,415,True,-5,2.0,579.0
7374,415,True,-4,0.0,580.0
7375,415,True,-3,0.0,581.0
7376,415,True,-2,1.0,582.0
7377,415,True,-1,1.0,583.0
7378,415,True,0,6.0,584.0
7379,415,True,1,1.0,585.0
7380,415,True,2,4.0,586.0
7381,415,True,3,1.0,587.0
7382,415,True,4,0.0,588.0
7383,415,True,5,0.0,589.0
7384,415,True,6,0.0,590.0
7385,415,True,7,1.0,591.0
7386,415,True,8,0.0,592.0
7387,415,True,9,0.0,593.0
7388,415,True,10,0.0,594.0
7389,415,True,11,0.0,595.0
7390,415,True,12,0.0,596.0
7391,415,True,13,0.0,597.0
7392,417,False,-14,9.0,623.0
7393,417,False,-13,5.0,624.0
7394,417,False,-12,11.0,625.0
7395,417,False,-11,6.0,626.0
7396,417,False,-10,9.0,627.0
7397,417,False,-9,12.0,628.0
7398,417,False,-8,6.0,629.0
7399,417,False,-7,4.0,630.0
7400,417,False,-6,10.0,631.0
7401,417,False,-5,13.0,632.0
7402,417,False,-4,6.0,633.0
7403,417,False,-3,16.0,634.0
7404,417,False,-2,13.0,635.0
7405,417,False,-1,11.0,636.0
7406,417,False,0,8.0,637.0
7407,417,False,1,11.0,638.0
7408,417,False,2,4.0,639.0
7409,417,False,3,3.0,640.0
7410,417,False,4,6.0,641.0
7411,417,False,5,6.0,642.0
7412,417,False,6,3.0,643.0
7413,417,False,7,2.0,644.0
7414,417,False,8,7.0,645.0
7415,417,False,9,4.0,646.0
7416,417,False,10,6.0,647.0
7417,417,False,11,8.0,648.0
7418,417,False,12,6.0,649.0
7419,417,False,13,3.0,650.0
7420,417,True,-14,0.0,623.0
7421,417,True,-13,1.0,624.0
7422,417,True,-12,2.0,625.0
7423,417,True,-11,0.0,626.0
7424,417,True,-10,0.0,627.0
7425,417,True,-9,1.0,628.0
7426,417,True,-8,0.0,629.0
7427,417,True,-7,2.0,630.0
7428,417,True,-6,4.0,631.0
7429,417,True,-5,0.0,632.0
7430,417,True,-4,1.0,633.0
7431,417,True,-3,5.0,634.0
7432,417,True,-2,2.0,635.0
7433,417,True,-1,2.0,636.0
7434,417,True,0,2.0,637.0
7435,417,True,1,3.0,638.0
7436,417,True,2,1.0,639.0
7437,417,True,3,0.0,640.0
7438,417,True,4,1.0,641.0
7439,417,True,5,3.0,642.0
7440,417,True,6,1.0,643.0
7441,417,True,7,0.0,644.0
7442,417,True,8,1.0,645.0
7443,417,True,9,2.0,646.0
7444,417,True,10,2.0,647.0
7445,417,True,11,0.0,648.0
7446,417,True,12,2.0,649.0
7447,417,True,13,1.0,650.0
7448,421,False,-14,618.0,559.0
7449,421,False,-13,507.0,560.0
7450,421,False,-12,642.0,561.0
7451,421,False,-11,2261.0,562.0
7452,421,False,-10,4306.0,563.0
7453,421,False,-9,7036.0,564.0
7454,421,False,-8,9852.0,565.0
7455,421,False,-7,5972.0,566.0
7456,421,False,-6,4687.0,567.0
7457,421,False,-5,2627.0,568.0
7458,421,False,-4,2911.0,569.0
7459,421,False,-3,3372.0,570.0
7460,421,False,-2,6228.0,571.0
7461,421,False,-1,9539.0,572.0
7462,421,False,0,10185.0,573.0
7463,421,False,1,4288.0,574.0
7464,421,False,2,2437.0,575.0
7465,421,False,3,4491.0,576.0
7466,421,False,4,3525.0,577.0
7467,421,False,5,1368.0,578.0
7468,421,False,6,947.0,579.0
7469,421,False,7,1399.0,580.0
7470,421,False,8,1030.0,581.0
7471,421,False,9,3258.0,582.0
7472,421,False,10,3910.0,583.0
7473,421,False,11,861.0,584.0
7474,421,False,12,1044.0,585.0
7475,421,False,13,8701.0,586.0
7476,421,True,-14,37.0,559.0
7477,421,True,-13,39.0,560.0
7478,421,True,-12,60.0,561.0
7479,421,True,-11,159.0,562.0
7480,421,True,-10,340.0,563.0
7481,421,True,-9,559.0,564.0
7482,421,True,-8,706.0,565.0
7483,421,True,-7,325.0,566.0
7484,421,True,-6,282.0,567.0
7485,421,True,-5,174.0,568.0
7486,421,True,-4,175.0,569.0
7487,421,True,-3,240.0,570.0
7488,421,True,-2,499.0,571.0
7489,421,True,-1,683.0,572.0
7490,421,True,0,587.0,573.0
7491,421,True,1,207.0,574.0
7492,421,True,2,109.0,575.0
7493,421,True,3,186.0,576.0
7494,421,True,4,175.0,577.0
7495,421,True,5,41.0,578.0
7496,421,True,6,37.0,579.0
7497,421,True,7,31.0,580.0
7498,421,True,8,26.0,581.0
7499,421,True,9,107.0,582.0
7500,421,True,10,146.0,583.0
7501,421,True,11,25.0,584.0
7502,421,True,12,39.0,585.0
7503,421,True,13,393.0,586.0
7504,424,False,-14,24.0,594.0
7505,424,False,-13,43.0,595.0
7506,424,False,-12,10.0,596.0
7507,424,False,-11,9.0,597.0
7508,424,False,-10,43.0,598.0
7509,424,False,-9,210.0,599.0
7510,424,False,-8,47.0,600.0
7511,424,False,-7,17.0,601.0
7512,424,False,-6,24.0,602.0
7513,424,False,-5,26.0,603.0
7514,424,False,-4,20.0,604.0
7515,424,False,-3,9.0,605.0
7516,424,False,-2,74.0,606.0
7517,424,False,-1,30.0,607.0
7518,424,False,0,145.0,608.0
7519,424,False,1,98.0,609.0
7520,424,False,2,60.0,610.0
7521,424,False,3,190.0,611.0
7522,424,False,4,89.0,612.0
7523,424,False,5,54.0,613.0
7524,424,False,6,37.0,614.0
7525,424,False,7,64.0,615.0
7526,424,False,8,22.0,616.0
7527,424,False,9,41.0,617.0
7528,424,False,10,24.0,618.0
7529,424,False,11,27.0,619.0
7530,424,False,12,16.0,620.0
7531,424,False,13,31.0,621.0
7532,424,True,-14,10.0,594.0
7533,424,True,-13,10.0,595.0
7534,424,True,-12,8.0,596.0
7535,424,True,-11,2.0,597.0
7536,424,True,-10,11.0,598.0
7537,424,True,-9,57.0,599.0
7538,424,True,-8,8.0,600.0
7539,424,True,-7,7.0,601.0
7540,424,True,-6,8.0,602.0
7541,424,True,-5,18.0,603.0
7542,424,True,-4,8.0,604.0
7543,424,True,-3,1.0,605.0
7544,424,True,-2,33.0,606.0
7545,424,True,-1,15.0,607.0
7546,424,True,0,66.0,608.0
7547,424,True,1,25.0,609.0
7548,424,True,2,15.0,610.0
7549,424,True,3,38.0,611.0
7550,424,True,4,28.0,612.0
7551,424,True,5,14.0,613.0
7552,424,True,6,7.0,614.0
7553,424,True,7,18.0,615.0
7554,424,True,8,3.0,616.0
7555,424,True,9,12.0,617.0
7556,424,True,10,4.0,618.0
7557,424,True,11,5.0,619.0
7558,424,True,12,4.0,620.0
7559,424,True,13,5.0,621.0
7560,429,False,-14,93.0,5.0
7561,429,False,-13,83.0,6.0
7562,429,False,-12,39.0,7.0
7563,429,False,-11,26.0,8.0
7564,429,False,-10,21.0,9.0
7565,429,False,-9,27.0,10.0
7566,429,False,-8,31.0,11.0
7567,429,False,-7,56.0,12.0
7568,429,False,-6,63.0,13.0
7569,429,False,-5,96.0,14.0
7570,429,False,-4,54.0,15.0
7571,429,False,-3,48.0,16.0
7572,429,False,-2,63.0,17.0
7573,429,False,-1,74.0,18.0
7574,429,False,0,197.0,19.0
7575,429,False,1,48.0,20.0
7576,429,False,2,62.0,21.0
7577,429,False,3,37.0,22.0
7578,429,False,4,14.0,23.0
7579,429,False,5,26.0,24.0
7580,429,False,6,23.0,25.0
7581,429,False,7,19.0,26.0
7582,429,False,8,49.0,27.0
7583,429,False,9,67.0,28.0
7584,429,False,10,93.0,29.0
7585,429,False,11,60.0,30.0
7586,429,False,12,32.0,31.0
7587,429,False,13,127.0,32.0
7588,429,True,-14,9.0,5.0
7589,429,True,-13,7.0,6.0
7590,429,True,-12,3.0,7.0
7591,429,True,-11,1.0,8.0
7592,429,True,-10,2.0,9.0
7593,429,True,-9,3.0,10.0
7594,429,True,-8,5.0,11.0
7595,429,True,-7,7.0,12.0
7596,429,True,-6,3.0,13.0
7597,429,True,-5,5.0,14.0
7598,429,True,-4,0.0,15.0
7599,429,True,-3,4.0,16.0
7600,429,True,-2,7.0,17.0
7601,429,True,-1,6.0,18.0
7602,429,True,0,9.0,19.0
7603,429,True,1,0.0,20.0
7604,429,True,2,0.0,21.0
7605,429,True,3,0.0,22.0
7606,429,True,4,0.0,23.0
7607,429,True,5,1.0,24.0
7608,429,True,6,1.0,25.0
7609,429,True,7,0.0,26.0
7610,429,True,8,0.0,27.0
7611,429,True,9,1.0,28.0
7612,429,True,10,3.0,29.0
7613,429,True,11,0.0,30.0
7614,429,True,12,0.0,31.0
7615,429,True,13,0.0,32.0
7616,431,False,-14,137.0,628.0
7617,431,False,-13,17.0,629.0
7618,431,False,-12,47.0,630.0
7619,431,False,-11,44.0,631.0
7620,431,False,-10,31.0,632.0
7621,431,False,-9,92.0,633.0
7622,431,False,-8,48.0,634.0
7623,431,False,-7,366.0,635.0
7624,431,False,-6,416.0,636.0
7625,431,False,-5,69.0,637.0
7626,431,False,-4,28.0,638.0
7627,431,False,-3,23.0,639.0
7628,431,False,-2,51.0,640.0
7629,431,False,-1,34.0,641.0
7630,431,False,0,43.0,642.0
7631,431,False,1,50.0,643.0
7632,431,False,2,43.0,644.0
7633,431,False,3,32.0,645.0
7634,431,False,4,20.0,646.0
7635,431,False,5,16.0,647.0
7636,431,False,6,13.0,648.0
7637,431,False,7,27.0,649.0
7638,431,False,8,27.0,650.0
7639,431,False,9,30.0,651.0
7640,431,False,10,16.0,652.0
7641,431,False,11,107.0,653.0
7642,431,False,12,42.0,654.0
7643,431,False,13,30.0,655.0
7644,431,True,-14,32.0,628.0
7645,431,True,-13,4.0,629.0
7646,431,True,-12,8.0,630.0
7647,431,True,-11,10.0,631.0
7648,431,True,-10,16.0,632.0
7649,431,True,-9,15.0,633.0
7650,431,True,-8,5.0,634.0
7651,431,True,-7,42.0,635.0
7652,431,True,-6,72.0,636.0
7653,431,True,-5,8.0,637.0
7654,431,True,-4,3.0,638.0
7655,431,True,-3,2.0,639.0
7656,431,True,-2,8.0,640.0
7657,431,True,-1,6.0,641.0
7658,431,True,0,17.0,642.0
7659,431,True,1,7.0,643.0
7660,431,True,2,14.0,644.0
7661,431,True,3,6.0,645.0
7662,431,True,4,1.0,646.0
7663,431,True,5,2.0,647.0
7664,431,True,6,5.0,648.0
7665,431,True,7,5.0,649.0
7666,431,True,8,7.0,650.0
7667,431,True,9,2.0,651.0
7668,431,True,10,3.0,652.0
7669,431,True,11,28.0,653.0
7670,431,True,12,5.0,654.0
7671,431,True,13,4.0,655.0
7672,433,False,-14,0.0,-7.0
7673,433,False,-13,0.0,-6.0
7674,433,False,-12,0.0,-5.0
7675,433,False,-11,0.0,-4.0
7676,433,False,-10,0.0,-3.0
7677,433,False,-9,0.0,-2.0
7678,433,False,-8,0.0,-1.0
7679,433,False,-7,0.0,0.0
7680,433,False,-6,0.0,1.0
7681,433,False,-5,0.0,2.0
7682,433,False,-4,0.0,3.0
7683,433,False,-3,0.0,4.0
7684,433,False,-2,5.0,5.0
7685,433,False,-1,5.0,6.0
7686,433,False,0,3.0,7.0
7687,433,False,1,1.0,8.0
7688,433,False,2,2.0,9.0
7689,433,False,3,4.0,10.0
7690,433,False,4,0.0,11.0
7691,433,False,5,2.0,12.0
7692,433,False,6,2.0,13.0
7693,433,False,7,1.0,14.0
7694,433,False,8,0.0,15.0
7695,433,False,9,0.0,16.0
7696,433,False,10,1.0,17.0
7697,433,False,11,2.0,18.0
7698,433,False,12,0.0,19.0
7699,433,False,13,3.0,20.0
7700,433,True,-14,0.0,-7.0
7701,433,True,-13,0.0,-6.0
7702,433,True,-12,0.0,-5.0
7703,433,True,-11,0.0,-4.0
7704,433,True,-10,0.0,-3.0
7705,433,True,-9,0.0,-2.0
7706,433,True,-8,0.0,-1.0
7707,433,True,-7,0.0,0.0
7708,433,True,-6,0.0,1.0
7709,433,True,-5,0.0,2.0
7710,433,True,-4,0.0,3.0
7711,433,True,-3,0.0,4.0
7712,433,True,-2,4.0,5.0
7713,433,True,-1,2.0,6.0
7714,433,True,0,1.0,7.0
7715,433,True,1,0.0,8.0
7716,433,True,2,3.0,9.0
7717,433,True,3,0.0,10.0
7718,433,True,4,0.0,11.0
7719,433,True,5,0.0,12.0
7720,433,True,6,0.0,13.0
7721,433,True,7,0.0,14.0
7722,433,True,8,0.0,15.0
7723,433,True,9,0.0,16.0
7724,433,True,10,1.0,17.0
7725,433,True,11,0.0,18.0
7726,433,True,12,0.0,19.0
7727,433,True,13,3.0,20.0
7728,436,False,-14,22.0,762.0
7729,436,False,-13,46.0,763.0
7730,436,False,-12,13.0,764.0
7731,436,False,-11,14.0,765.0
7732,436,False,-10,15.0,766.0
7733,436,False,-9,20.0,767.0
7734,436,False,-8,12.0,768.0
7735,436,False,-7,17.0,769.0
7736,436,False,-6,20.0,770.0
7737,436,False,-5,11.0,771.0
7738,436,False,-4,21.0,772.0
7739,436,False,-3,32.0,773.0
7740,436,False,-2,26.0,774.0
7741,436,False,-1,70.0,775.0
7742,436,False,0,280.0,776.0
7743,436,False,1,51.0,777.0
7744,436,False,2,100.0,778.0
7745,436,False,3,108.0,779.0
7746,436,False,4,31.0,780.0
7747,436,False,5,25.0,781.0
7748,436,False,6,24.0,782.0
7749,436,False,7,29.0,783.0
7750,436,False,8,19.0,784.0
7751,436,False,9,36.0,785.0
7752,436,False,10,53.0,786.0
7753,436,False,11,109.0,787.0
7754,436,False,12,39.0,788.0
7755,436,False,13,42.0,789.0
7756,436,True,-14,2.0,762.0
7757,436,True,-13,20.0,763.0
7758,436,True,-12,5.0,764.0
7759,436,True,-11,2.0,765.0
7760,436,True,-10,5.0,766.0
7761,436,True,-9,4.0,767.0
7762,436,True,-8,4.0,768.0
7763,436,True,-7,8.0,769.0
7764,436,True,-6,1.0,770.0
7765,436,True,-5,1.0,771.0
7766,436,True,-4,3.0,772.0
7767,436,True,-3,5.0,773.0
7768,436,True,-2,5.0,774.0
7769,436,True,-1,8.0,775.0
7770,436,True,0,48.0,776.0
7771,436,True,1,6.0,777.0
7772,436,True,2,16.0,778.0
7773,436,True,3,25.0,779.0
7774,436,True,4,3.0,780.0
7775,436,True,5,4.0,781.0
7776,436,True,6,2.0,782.0
7777,436,True,7,2.0,783.0
7778,436,True,8,2.0,784.0
7779,436,True,9,5.0,785.0
7780,436,True,10,7.0,786.0
7781,436,True,11,9.0,787.0
7782,436,True,12,2.0,788.0
7783,436,True,13,6.0,789.0
7784,439,False,-14,0.0,786.0
7785,439,False,-13,2.0,787.0
7786,439,False,-12,4.0,788.0
7787,439,False,-11,3.0,789.0
7788,439,False,-10,2.0,790.0
7789,439,False,-9,1.0,791.0
7790,439,False,-8,1.0,792.0
7791,439,False,-7,2.0,793.0
7792,439,False,-6,0.0,794.0
7793,439,False,-5,0.0,795.0
7794,439,False,-4,0.0,796.0
7795,439,False,-3,0.0,797.0
7796,439,False,-2,0.0,798.0
7797,439,False,-1,3.0,799.0
7798,439,False,0,0.0,800.0
7799,439,False,1,4.0,801.0
7800,439,False,2,1.0,802.0
7801,439,False,3,2.0,803.0
7802,439,False,4,3.0,804.0
7803,439,False,5,1.0,805.0
7804,439,False,6,1.0,806.0
7805,439,False,7,1.0,807.0
7806,439,False,8,7.0,808.0
7807,439,False,9,4.0,809.0
7808,439,False,10,4.0,810.0
7809,439,False,11,2.0,811.0
7810,439,False,12,1.0,812.0
7811,439,False,13,0.0,813.0
7812,439,True,-14,1.0,786.0
7813,439,True,-13,0.0,787.0
7814,439,True,-12,2.0,788.0
7815,439,True,-11,0.0,789.0
7816,439,True,-10,1.0,790.0
7817,439,True,-9,0.0,791.0
7818,439,True,-8,0.0,792.0
7819,439,True,-7,1.0,793.0
7820,439,True,-6,0.0,794.0
7821,439,True,-5,0.0,795.0
7822,439,True,-4,0.0,796.0
7823,439,True,-3,0.0,797.0
7824,439,True,-2,0.0,798.0
7825,439,True,-1,0.0,799.0
7826,439,True,0,4.0,800.0
7827,439,True,1,0.0,801.0
7828,439,True,2,1.0,802.0
7829,439,True,3,1.0,803.0
7830,439,True,4,0.0,804.0
7831,439,True,5,0.0,805.0
7832,439,True,6,0.0,806.0
7833,439,True,7,1.0,807.0
7834,439,True,8,5.0,808.0
7835,439,True,9,0.0,809.0
7836,439,True,10,2.0,810.0
7837,439,True,11,0.0,811.0
7838,439,True,12,0.0,812.0
7839,439,True,13,0.0,813.0
7840,444,False,-14,26.0,633.0
7841,444,False,-13,45.0,634.0
7842,444,False,-12,53.0,635.0
7843,444,False,-11,37.0,636.0
7844,444,False,-10,36.0,637.0
7845,444,False,-9,26.0,638.0
7846,444,False,-8,28.0,639.0
7847,444,False,-7,72.0,640.0
7848,444,False,-6,165.0,641.0
7849,444,False,-5,63.0,642.0
7850,444,False,-4,24.0,643.0
7851,444,False,-3,35.0,644.0
7852,444,False,-2,28.0,645.0
7853,444,False,-1,74.0,646.0
7854,444,False,0,60.0,647.0
7855,444,False,1,22.0,648.0
7856,444,False,2,35.0,649.0
7857,444,False,3,30.0,650.0
7858,444,False,4,22.0,651.0
7859,444,False,5,6.0,652.0
7860,444,False,6,146.0,653.0
7861,444,False,7,18.0,654.0
7862,444,False,8,18.0,655.0
7863,444,False,9,12.0,656.0
7864,444,False,10,24.0,657.0
7865,444,False,11,7.0,658.0
7866,444,False,12,9.0,659.0
7867,444,False,13,9.0,660.0
7868,444,True,-14,2.0,633.0
7869,444,True,-13,5.0,634.0
7870,444,True,-12,1.0,635.0
7871,444,True,-11,1.0,636.0
7872,444,True,-10,1.0,637.0
7873,444,True,-9,0.0,638.0
7874,444,True,-8,1.0,639.0
7875,444,True,-7,4.0,640.0
7876,444,True,-6,11.0,641.0
7877,444,True,-5,3.0,642.0
7878,444,True,-4,2.0,643.0
7879,444,True,-3,2.0,644.0
7880,444,True,-2,0.0,645.0
7881,444,True,-1,9.0,646.0
7882,444,True,0,11.0,647.0
7883,444,True,1,2.0,648.0
7884,444,True,2,4.0,649.0
7885,444,True,3,2.0,650.0
7886,444,True,4,2.0,651.0
7887,444,True,5,0.0,652.0
7888,444,True,6,11.0,653.0
7889,444,True,7,1.0,654.0
7890,444,True,8,1.0,655.0
7891,444,True,9,0.0,656.0
7892,444,True,10,1.0,657.0
7893,444,True,11,1.0,658.0
7894,444,True,12,2.0,659.0
7895,444,True,13,0.0,660.0
7896,448,False,-14,0.0,565.0
7897,448,False,-13,0.0,566.0
7898,448,False,-12,0.0,567.0
7899,448,False,-11,4.0,568.0
7900,448,False,-10,0.0,569.0
7901,448,False,-9,1.0,570.0
7902,448,False,-8,4.0,571.0
7903,448,False,-7,2.0,572.0
7904,448,False,-6,0.0,573.0
7905,448,False,-5,1.0,574.0
7906,448,False,-4,2.0,575.0
7907,448,False,-3,6.0,576.0
7908,448,False,-2,16.0,577.0
7909,448,False,-1,11.0,578.0
7910,448,False,0,5.0,579.0
7911,448,False,1,20.0,580.0
7912,448,False,2,11.0,581.0
7913,448,False,3,4.0,582.0
7914,448,False,4,7.0,583.0
7915,448,False,5,7.0,584.0
7916,448,False,6,5.0,585.0
7917,448,False,7,0.0,586.0
7918,448,False,8,1.0,587.0
7919,448,False,9,1.0,588.0
7920,448,False,10,0.0,589.0
7921,448,False,11,1.0,590.0
7922,448,False,12,0.0,591.0
7923,448,False,13,1.0,592.0
7924,448,True,-14,0.0,565.0
7925,448,True,-13,0.0,566.0
7926,448,True,-12,0.0,567.0
7927,448,True,-11,0.0,568.0
7928,448,True,-10,1.0,569.0
7929,448,True,-9,0.0,570.0
7930,448,True,-8,0.0,571.0
7931,448,True,-7,0.0,572.0
7932,448,True,-6,0.0,573.0
7933,448,True,-5,0.0,574.0
7934,448,True,-4,0.0,575.0
7935,448,True,-3,0.0,576.0
7936,448,True,-2,0.0,577.0
7937,448,True,-1,0.0,578.0
7938,448,True,0,0.0,579.0
7939,448,True,1,1.0,580.0
7940,448,True,2,0.0,581.0
7941,448,True,3,0.0,582.0
7942,448,True,4,0.0,583.0
7943,448,True,5,0.0,584.0
7944,448,True,6,0.0,585.0
7945,448,True,7,0.0,586.0
7946,448,True,8,0.0,587.0
7947,448,True,9,0.0,588.0
7948,448,True,10,0.0,589.0
7949,448,True,11,1.0,590.0
7950,448,True,12,0.0,591.0
7951,448,True,13,0.0,592.0
7952,459,False,-14,0.0,811.0
7953,459,False,-13,0.0,812.0
7954,459,False,-12,1.0,813.0
7955,459,False,-11,0.0,814.0
7956,459,False,-10,0.0,815.0
7957,459,False,-9,0.0,816.0
7958,459,False,-8,1.0,817.0
7959,459,False,-7,0.0,818.0
7960,459,False,-6,0.0,819.0
7961,459,False,-5,0.0,820.0
7962,459,False,-4,0.0,821.0
7963,459,False,-3,0.0,822.0
7964,459,False,-2,0.0,823.0
7965,459,False,-1,0.0,824.0
7966,459,False,0,0.0,825.0
7967,459,False,1,1.0,826.0
7968,459,False,2,0.0,827.0
7969,459,False,3,0.0,828.0
7970,459,False,4,0.0,829.0
7971,459,False,5,0.0,830.0
7972,459,False,6,0.0,831.0
7973,459,False,7,0.0,832.0
7974,459,False,8,0.0,833.0
7975,459,False,9,0.0,834.0
7976,459,False,10,0.0,835.0
7977,459,False,11,0.0,836.0
7978,459,False,12,0.0,837.0
7979,459,False,13,0.0,838.0
7980,459,True,-14,0.0,811.0
7981,459,True,-13,0.0,812.0
7982,459,True,-12,0.0,813.0
7983,459,True,-11,0.0,814.0
7984,459,True,-10,0.0,815.0
7985,459,True,-9,0.0,816.0
7986,459,True,-8,0.0,817.0
7987,459,True,-7,0.0,818.0
7988,459,True,-6,0.0,819.0
7989,459,True,-5,0.0,820.0
7990,459,True,-4,0.0,821.0
7991,459,True,-3,0.0,822.0
7992,459,True,-2,0.0,823.0
7993,459,True,-1,0.0,824.0
7994,459,True,0,0.0,825.0
7995,459,True,1,0.0,826.0
7996,459,True,2,0.0,827.0
7997,459,True,3,0.0,828.0
7998,459,True,4,0.0,829.0
7999,459,True,5,0.0,830.0
8000,459,True,6,0.0,831.0
8001,459,True,7,0.0,832.0
8002,459,True,8,0.0,833.0
8003,459,True,9,0.0,834.0
8004,459,True,10,0.0,835.0
8005,459,True,11,1.0,836.0
8006,459,True,12,0.0,837.0
8007,459,True,13,0.0,838.0
8008,462,False,-14,1265.0,677.0
8009,462,False,-13,1171.0,678.0
8010,462,False,-12,631.0,679.0
8011,462,False,-11,546.0,680.0
8012,462,False,-10,658.0,681.0
8013,462,False,-9,1735.0,682.0
8014,462,False,-8,1150.0,683.0
8015,462,False,-7,1814.0,684.0
8016,462,False,-6,1571.0,685.0
8017,462,False,-5,976.0,686.0
8018,462,False,-4,1070.0,687.0
8019,462,False,-3,1440.0,688.0
8020,462,False,-2,1065.0,689.0
8021,462,False,-1,758.0,690.0
8022,462,False,0,861.0,691.0
8023,462,False,1,1092.0,692.0
8024,462,False,2,726.0,693.0
8025,462,False,3,416.0,694.0
8026,462,False,4,984.0,695.0
8027,462,False,5,832.0,696.0
8028,462,False,6,591.0,697.0
8029,462,False,7,1079.0,698.0
8030,462,False,8,982.0,699.0
8031,462,False,9,846.0,700.0
8032,462,False,10,937.0,701.0
8033,462,False,11,723.0,702.0
8034,462,False,12,731.0,703.0
8035,462,False,13,303.0,704.0
8036,462,True,-14,37.0,677.0
8037,462,True,-13,23.0,678.0
8038,462,True,-12,21.0,679.0
8039,462,True,-11,12.0,680.0
8040,462,True,-10,16.0,681.0
8041,462,True,-9,60.0,682.0
8042,462,True,-8,41.0,683.0
8043,462,True,-7,33.0,684.0
8044,462,True,-6,46.0,685.0
8045,462,True,-5,16.0,686.0
8046,462,True,-4,30.0,687.0
8047,462,True,-3,45.0,688.0
8048,462,True,-2,32.0,689.0
8049,462,True,-1,29.0,690.0
8050,462,True,0,26.0,691.0
8051,462,True,1,21.0,692.0
8052,462,True,2,10.0,693.0
8053,462,True,3,11.0,694.0
8054,462,True,4,28.0,695.0
8055,462,True,5,13.0,696.0
8056,462,True,6,15.0,697.0
8057,462,True,7,21.0,698.0
8058,462,True,8,24.0,699.0
8059,462,True,9,22.0,700.0
8060,462,True,10,30.0,701.0
8061,462,True,11,19.0,702.0
8062,462,True,12,24.0,703.0
8063,462,True,13,11.0,704.0
8064,465,False,-14,22.0,759.0
8065,465,False,-13,18.0,760.0
8066,465,False,-12,16.0,761.0
8067,465,False,-11,24.0,762.0
8068,465,False,-10,57.0,763.0
8069,465,False,-9,429.0,764.0
8070,465,False,-8,196.0,765.0
8071,465,False,-7,39.0,766.0
8072,465,False,-6,112.0,767.0
8073,465,False,-5,122.0,768.0
8074,465,False,-4,29.0,769.0
8075,465,False,-3,28.0,770.0
8076,465,False,-2,868.0,771.0
8077,465,False,-1,924.0,772.0
8078,465,False,0,1275.0,773.0
8079,465,False,1,352.0,774.0
8080,465,False,2,246.0,775.0
8081,465,False,3,157.0,776.0
8082,465,False,4,111.0,777.0
8083,465,False,5,260.0,778.0
8084,465,False,6,506.0,779.0
8085,465,False,7,694.0,780.0
8086,465,False,8,180.0,781.0
8087,465,False,9,170.0,782.0
8088,465,False,10,265.0,783.0
8089,465,False,11,142.0,784.0
8090,465,False,12,1277.0,785.0
8091,465,False,13,383.0,786.0
8092,465,True,-14,4.0,759.0
8093,465,True,-13,2.0,760.0
8094,465,True,-12,1.0,761.0
8095,465,True,-11,7.0,762.0
8096,465,True,-10,8.0,763.0
8097,465,True,-9,68.0,764.0
8098,465,True,-8,26.0,765.0
8099,465,True,-7,9.0,766.0
8100,465,True,-6,11.0,767.0
8101,465,True,-5,10.0,768.0
8102,465,True,-4,3.0,769.0
8103,465,True,-3,1.0,770.0
8104,465,True,-2,140.0,771.0
8105,465,True,-1,133.0,772.0
8106,465,True,0,149.0,773.0
8107,465,True,1,36.0,774.0
8108,465,True,2,25.0,775.0
8109,465,True,3,29.0,776.0
8110,465,True,4,11.0,777.0
8111,465,True,5,32.0,778.0
8112,465,True,6,77.0,779.0
8113,465,True,7,80.0,780.0
8114,465,True,8,24.0,781.0
8115,465,True,9,25.0,782.0
8116,465,True,10,34.0,783.0
8117,465,True,11,24.0,784.0
8118,465,True,12,200.0,785.0
8119,465,True,13,46.0,786.0
8120,469,False,-14,8.0,825.0
8121,469,False,-13,17.0,826.0
8122,469,False,-12,28.0,827.0
8123,469,False,-11,18.0,828.0
8124,469,False,-10,12.0,829.0
8125,469,False,-9,10.0,830.0
8126,469,False,-8,9.0,831.0
8127,469,False,-7,40.0,832.0
8128,469,False,-6,26.0,833.0
8129,469,False,-5,9.0,834.0
8130,469,False,-4,9.0,835.0
8131,469,False,-3,6.0,836.0
8132,469,False,-2,15.0,837.0
8133,469,False,-1,30.0,838.0
8134,469,False,0,48.0,839.0
8135,469,False,1,33.0,840.0
8136,469,False,2,58.0,841.0
8137,469,False,3,22.0,842.0
8138,469,False,4,25.0,843.0
8139,469,False,5,22.0,844.0
8140,469,False,6,22.0,845.0
8141,469,False,7,20.0,846.0
8142,469,False,8,63.0,847.0
8143,469,False,9,7.0,848.0
8144,469,False,10,47.0,849.0
8145,469,False,11,11.0,850.0
8146,469,False,12,7.0,851.0
8147,469,False,13,16.0,852.0
8148,469,True,-14,1.0,825.0
8149,469,True,-13,2.0,826.0
8150,469,True,-12,4.0,827.0
8151,469,True,-11,2.0,828.0
8152,469,True,-10,2.0,829.0
8153,469,True,-9,0.0,830.0
8154,469,True,-8,0.0,831.0
8155,469,True,-7,4.0,832.0
8156,469,True,-6,3.0,833.0
8157,469,True,-5,0.0,834.0
8158,469,True,-4,1.0,835.0
8159,469,True,-3,0.0,836.0
8160,469,True,-2,0.0,837.0
8161,469,True,-1,1.0,838.0
8162,469,True,0,9.0,839.0
8163,469,True,1,3.0,840.0
8164,469,True,2,4.0,841.0
8165,469,True,3,1.0,842.0
8166,469,True,4,2.0,843.0
8167,469,True,5,3.0,844.0
8168,469,True,6,0.0,845.0
8169,469,True,7,2.0,846.0
8170,469,True,8,11.0,847.0
8171,469,True,9,1.0,848.0
8172,469,True,10,3.0,849.0
8173,469,True,11,2.0,850.0
8174,469,True,12,1.0,851.0
8175,469,True,13,0.0,852.0
8176,471,False,-14,0.0,-5.0
8177,471,False,-13,0.0,-4.0
8178,471,False,-12,0.0,-3.0
8179,471,False,-11,0.0,-2.0
8180,471,False,-10,0.0,-1.0
8181,471,False,-9,0.0,0.0
8182,471,False,-8,0.0,1.0
8183,471,False,-7,1.0,2.0
8184,471,False,-6,2.0,3.0
8185,471,False,-5,0.0,4.0
8186,471,False,-4,0.0,5.0
8187,471,False,-3,1.0,6.0
8188,471,False,-2,0.0,7.0
8189,471,False,-1,0.0,8.0
8190,471,False,0,0.0,9.0
8191,471,False,1,0.0,10.0
8192,471,False,2,0.0,11.0
8193,471,False,3,0.0,12.0
8194,471,False,4,0.0,13.0
8195,471,False,5,0.0,14.0
8196,471,False,6,0.0,15.0
8197,471,False,7,0.0,16.0
8198,471,False,8,1.0,17.0
8199,471,False,9,0.0,18.0
8200,471,False,10,0.0,19.0
8201,471,False,11,0.0,20.0
8202,471,False,12,0.0,21.0
8203,471,False,13,1.0,22.0
8204,471,True,-14,0.0,-5.0
8205,471,True,-13,0.0,-4.0
8206,471,True,-12,0.0,-3.0
8207,471,True,-11,0.0,-2.0
8208,471,True,-10,0.0,-1.0
8209,471,True,-9,0.0,0.0
8210,471,True,-8,0.0,1.0
8211,471,True,-7,1.0,2.0
8212,471,True,-6,2.0,3.0
8213,471,True,-5,2.0,4.0
8214,471,True,-4,1.0,5.0
8215,471,True,-3,0.0,6.0
8216,471,True,-2,1.0,7.0
8217,471,True,-1,0.0,8.0
8218,471,True,0,5.0,9.0
8219,471,True,1,1.0,10.0
8220,471,True,2,1.0,11.0
8221,471,True,3,0.0,12.0
8222,471,True,4,0.0,13.0
8223,471,True,5,1.0,14.0
8224,471,True,6,0.0,15.0
8225,471,True,7,1.0,16.0
8226,471,True,8,0.0,17.0
8227,471,True,9,0.0,18.0
8228,471,True,10,1.0,19.0
8229,471,True,11,0.0,20.0
8230,471,True,12,0.0,21.0
8231,471,True,13,0.0,22.0
8232,474,False,-14,0.0,676.0
8233,474,False,-13,1.0,677.0
8234,474,False,-12,0.0,678.0
8235,474,False,-11,3.0,679.0
8236,474,False,-10,2.0,680.0
8237,474,False,-9,2.0,681.0
8238,474,False,-8,1.0,682.0
8239,474,False,-7,2.0,683.0
8240,474,False,-6,0.0,684.0
8241,474,False,-5,2.0,685.0
8242,474,False,-4,0.0,686.0
8243,474,False,-3,3.0,687.0
8244,474,False,-2,1.0,688.0
8245,474,False,-1,2.0,689.0
8246,474,False,0,0.0,690.0
8247,474,False,1,3.0,691.0
8248,474,False,2,1.0,692.0
8249,474,False,3,1.0,693.0
8250,474,False,4,1.0,694.0
8251,474,False,5,1.0,695.0
8252,474,False,6,0.0,696.0
8253,474,False,7,2.0,697.0
8254,474,False,8,0.0,698.0
8255,474,False,9,0.0,699.0
8256,474,False,10,0.0,700.0
8257,474,False,11,2.0,701.0
8258,474,False,12,0.0,702.0
8259,474,False,13,0.0,703.0
8260,474,True,-14,0.0,676.0
8261,474,True,-13,0.0,677.0
8262,474,True,-12,0.0,678.0
8263,474,True,-11,0.0,679.0
8264,474,True,-10,0.0,680.0
8265,474,True,-9,1.0,681.0
8266,474,True,-8,0.0,682.0
8267,474,True,-7,0.0,683.0
8268,474,True,-6,0.0,684.0
8269,474,True,-5,0.0,685.0
8270,474,True,-4,0.0,686.0
8271,474,True,-3,0.0,687.0
8272,474,True,-2,0.0,688.0
8273,474,True,-1,0.0,689.0
8274,474,True,0,0.0,690.0
8275,474,True,1,0.0,691.0
8276,474,True,2,0.0,692.0
8277,474,True,3,0.0,693.0
8278,474,True,4,0.0,694.0
8279,474,True,5,0.0,695.0
8280,474,True,6,0.0,696.0
8281,474,True,7,0.0,697.0
8282,474,True,8,0.0,698.0
8283,474,True,9,0.0,699.0
8284,474,True,10,0.0,700.0
8285,474,True,11,1.0,701.0
8286,474,True,12,1.0,702.0
8287,474,True,13,1.0,703.0
8288,479,False,-14,68.0,-11.0
8289,479,False,-13,117.0,-10.0
8290,479,False,-12,183.0,-9.0
8291,479,False,-11,131.0,-8.0
8292,479,False,-10,126.0,-7.0
8293,479,False,-9,125.0,-6.0
8294,479,False,-8,322.0,-5.0
8295,479,False,-7,421.0,-4.0
8296,479,False,-6,740.0,-3.0
8297,479,False,-5,550.0,-2.0
8298,479,False,-4,1170.0,-1.0
8299,479,False,-3,969.0,0.0
8300,479,False,-2,766.0,1.0
8301,479,False,-1,587.0,2.0
8302,479,False,0,518.0,3.0
8303,479,False,1,500.0,4.0
8304,479,False,2,468.0,5.0
8305,479,False,3,348.0,6.0
8306,479,False,4,345.0,7.0
8307,479,False,5,192.0,8.0
8308,479,False,6,196.0,9.0
8309,479,False,7,155.0,10.0
8310,479,False,8,177.0,11.0
8311,479,False,9,151.0,12.0
8312,479,False,10,155.0,13.0
8313,479,False,11,167.0,14.0
8314,479,False,12,142.0,15.0
8315,479,False,13,109.0,16.0
8316,479,True,-14,0.0,-11.0
8317,479,True,-13,0.0,-10.0
8318,479,True,-12,0.0,-9.0
8319,479,True,-11,0.0,-8.0
8320,479,True,-10,0.0,-7.0
8321,479,True,-9,0.0,-6.0
8322,479,True,-8,0.0,-5.0
8323,479,True,-7,0.0,-4.0
8324,479,True,-6,0.0,-3.0
8325,479,True,-5,0.0,-2.0
8326,479,True,-4,54.0,-1.0
8327,479,True,-3,65.0,0.0
8328,479,True,-2,41.0,1.0
8329,479,True,-1,20.0,2.0
8330,479,True,0,15.0,3.0
8331,479,True,1,10.0,4.0
8332,479,True,2,10.0,5.0
8333,479,True,3,2.0,6.0
8334,479,True,4,2.0,7.0
8335,479,True,5,0.0,8.0
8336,479,True,6,1.0,9.0
8337,479,True,7,0.0,10.0
8338,479,True,8,2.0,11.0
8339,479,True,9,0.0,12.0
8340,479,True,10,0.0,13.0
8341,479,True,11,2.0,14.0
8342,479,True,12,1.0,15.0
8343,479,True,13,0.0,16.0
8344,481,False,-14,5647.0,573.0
8345,481,False,-13,3441.0,574.0
8346,481,False,-12,4809.0,575.0
8347,481,False,-11,7051.0,576.0
8348,481,False,-10,6332.0,577.0
8349,481,False,-9,3619.0,578.0
8350,481,False,-8,3061.0,579.0
8351,481,False,-7,3506.0,580.0
8352,481,False,-6,2506.0,581.0
8353,481,False,-5,2603.0,582.0
8354,481,False,-4,1703.0,583.0
8355,481,False,-3,1784.0,584.0
8356,481,False,-2,566.0,585.0
8357,481,False,-1,2782.0,586.0
8358,481,False,0,2001.0,587.0
8359,481,False,1,4198.0,588.0
8360,481,False,2,661.0,589.0
8361,481,False,3,6986.0,590.0
8362,481,False,4,4248.0,591.0
8363,481,False,5,1672.0,592.0
8364,481,False,6,1123.0,593.0
8365,481,False,7,878.0,594.0
8366,481,False,8,333.0,595.0
8367,481,False,9,335.0,596.0
8368,481,False,10,1449.0,597.0
8369,481,False,11,803.0,598.0
8370,481,False,12,384.0,599.0
8371,481,False,13,236.0,600.0
8372,481,True,-14,124.0,573.0
8373,481,True,-13,229.0,574.0
8374,481,True,-12,224.0,575.0
8375,481,True,-11,265.0,576.0
8376,481,True,-10,193.0,577.0
8377,481,True,-9,98.0,578.0
8378,481,True,-8,101.0,579.0
8379,481,True,-7,69.0,580.0
8380,481,True,-6,70.0,581.0
8381,481,True,-5,79.0,582.0
8382,481,True,-4,61.0,583.0
8383,481,True,-3,46.0,584.0
8384,481,True,-2,21.0,585.0
8385,481,True,-1,116.0,586.0
8386,481,True,0,104.0,587.0
8387,481,True,1,179.0,588.0
8388,481,True,2,39.0,589.0
8389,481,True,3,191.0,590.0
8390,481,True,4,129.0,591.0
8391,481,True,5,52.0,592.0
8392,481,True,6,26.0,593.0
8393,481,True,7,31.0,594.0
8394,481,True,8,14.0,595.0
8395,481,True,9,17.0,596.0
8396,481,True,10,54.0,597.0
8397,481,True,11,46.0,598.0
8398,481,True,12,11.0,599.0
8399,481,True,13,9.0,600.0
8400,489,False,-14,23.0,825.0
8401,489,False,-13,44.0,826.0
8402,489,False,-12,5.0,827.0
8403,489,False,-11,8.0,828.0
8404,489,False,-10,3.0,829.0
8405,489,False,-9,20.0,830.0
8406,489,False,-8,10.0,831.0
8407,489,False,-7,52.0,832.0
8408,489,False,-6,79.0,833.0
8409,489,False,-5,27.0,834.0
8410,489,False,-4,10.0,835.0
8411,489,False,-3,262.0,836.0
8412,489,False,-2,253.0,837.0
8413,489,False,-1,26.0,838.0
8414,489,False,0,26.0,839.0
8415,489,False,1,28.0,840.0
8416,489,False,2,13.0,841.0
8417,489,False,3,15.0,842.0
8418,489,False,4,19.0,843.0
8419,489,False,5,39.0,844.0
8420,489,False,6,20.0,845.0
8421,489,False,7,11.0,846.0
8422,489,False,8,11.0,847.0
8423,489,False,9,6.0,848.0
8424,489,False,10,9.0,849.0
8425,489,False,11,7.0,850.0
8426,489,False,12,8.0,851.0
8427,489,False,13,27.0,852.0
8428,489,True,-14,4.0,825.0
8429,489,True,-13,14.0,826.0
8430,489,True,-12,2.0,827.0
8431,489,True,-11,4.0,828.0
8432,489,True,-10,1.0,829.0
8433,489,True,-9,2.0,830.0
8434,489,True,-8,0.0,831.0
8435,489,True,-7,14.0,832.0
8436,489,True,-6,13.0,833.0
8437,489,True,-5,6.0,834.0
8438,489,True,-4,5.0,835.0
8439,489,True,-3,33.0,836.0
8440,489,True,-2,47.0,837.0
8441,489,True,-1,9.0,838.0
8442,489,True,0,37.0,839.0
8443,489,True,1,4.0,840.0
8444,489,True,2,8.0,841.0
8445,489,True,3,3.0,842.0
8446,489,True,4,9.0,843.0
8447,489,True,5,10.0,844.0
8448,489,True,6,8.0,845.0
8449,489,True,7,2.0,846.0
8450,489,True,8,5.0,847.0
8451,489,True,9,2.0,848.0
8452,489,True,10,2.0,849.0
8453,489,True,11,2.0,850.0
8454,489,True,12,1.0,851.0
8455,489,True,13,6.0,852.0
8456,490,False,-14,0.0,-10.0
8457,490,False,-13,0.0,-9.0
8458,490,False,-12,0.0,-8.0
8459,490,False,-11,0.0,-7.0
8460,490,False,-10,0.0,-6.0
8461,490,False,-9,0.0,-5.0
8462,490,False,-8,0.0,-4.0
8463,490,False,-7,0.0,-3.0
8464,490,False,-6,0.0,-2.0
8465,490,False,-5,3172.0,-1.0
8466,490,False,-4,1320.0,0.0
8467,490,False,-3,841.0,1.0
8468,490,False,-2,720.0,2.0
8469,490,False,-1,689.0,3.0
8470,490,False,0,830.0,4.0
8471,490,False,1,536.0,5.0
8472,490,False,2,415.0,6.0
8473,490,False,3,353.0,7.0
8474,490,False,4,315.0,8.0
8475,490,False,5,279.0,9.0
8476,490,False,6,232.0,10.0
8477,490,False,7,306.0,11.0
8478,490,False,8,270.0,12.0
8479,490,False,9,296.0,13.0
8480,490,False,10,292.0,14.0
8481,490,False,11,241.0,15.0
8482,490,False,12,169.0,16.0
8483,490,False,13,202.0,17.0
8484,490,True,-14,0.0,-10.0
8485,490,True,-13,0.0,-9.0
8486,490,True,-12,0.0,-8.0
8487,490,True,-11,0.0,-7.0
8488,490,True,-10,0.0,-6.0
8489,490,True,-9,0.0,-5.0
8490,490,True,-8,0.0,-4.0
8491,490,True,-7,0.0,-3.0
8492,490,True,-6,0.0,-2.0
8493,490,True,-5,158.0,-1.0
8494,490,True,-4,42.0,0.0
8495,490,True,-3,31.0,1.0
8496,490,True,-2,26.0,2.0
8497,490,True,-1,15.0,3.0
8498,490,True,0,5.0,4.0
8499,490,True,1,0.0,5.0
8500,490,True,2,0.0,6.0
8501,490,True,3,2.0,7.0
8502,490,True,4,2.0,8.0
8503,490,True,5,3.0,9.0
8504,490,True,6,1.0,10.0
8505,490,True,7,2.0,11.0
8506,490,True,8,1.0,12.0
8507,490,True,9,4.0,13.0
8508,490,True,10,1.0,14.0
8509,490,True,11,0.0,15.0
8510,490,True,12,0.0,16.0
8511,490,True,13,1.0,17.0
8512,491,False,-14,0.0,5.0
8513,491,False,-13,0.0,6.0
8514,491,False,-12,0.0,7.0
8515,491,False,-11,0.0,8.0
8516,491,False,-10,0.0,9.0
8517,491,False,-9,0.0,10.0
8518,491,False,-8,0.0,11.0
8519,491,False,-7,0.0,12.0
8520,491,False,-6,0.0,13.0
8521,491,False,-5,0.0,14.0
8522,491,False,-4,0.0,15.0
8523,491,False,-3,0.0,16.0
8524,491,False,-2,0.0,17.0
8525,491,False,-1,1.0,18.0
8526,491,False,0,30.0,19.0
8527,491,False,1,8.0,20.0
8528,491,False,2,10.0,21.0
8529,491,False,3,8.0,22.0
8530,491,False,4,10.0,23.0
8531,491,False,5,9.0,24.0
8532,491,False,6,12.0,25.0
8533,491,False,7,8.0,26.0
8534,491,False,8,17.0,27.0
8535,491,False,9,7.0,28.0
8536,491,False,10,8.0,29.0
8537,491,False,11,3.0,30.0
8538,491,False,12,7.0,31.0
8539,491,False,13,7.0,32.0
8540,491,True,-14,0.0,5.0
8541,491,True,-13,0.0,6.0
8542,491,True,-12,0.0,7.0
8543,491,True,-11,0.0,8.0
8544,491,True,-10,0.0,9.0
8545,491,True,-9,0.0,10.0
8546,491,True,-8,0.0,11.0
8547,491,True,-7,0.0,12.0
8548,491,True,-6,0.0,13.0
8549,491,True,-5,0.0,14.0
8550,491,True,-4,0.0,15.0
8551,491,True,-3,0.0,16.0
8552,491,True,-2,0.0,17.0
8553,491,True,-1,1.0,18.0
8554,491,True,0,16.0,19.0
8555,491,True,1,4.0,20.0
8556,491,True,2,4.0,21.0
8557,491,True,3,3.0,22.0
8558,491,True,4,4.0,23.0
8559,491,True,5,1.0,24.0
8560,491,True,6,3.0,25.0
8561,491,True,7,2.0,26.0
8562,491,True,8,5.0,27.0
8563,491,True,9,1.0,28.0
8564,491,True,10,2.0,29.0
8565,491,True,11,1.0,30.0
8566,491,True,12,0.0,31.0
8567,491,True,13,2.0,32.0
8568,495,False,-14,0.0,582.0
8569,495,False,-13,0.0,583.0
8570,495,False,-12,0.0,584.0
8571,495,False,-11,0.0,585.0
8572,495,False,-10,0.0,586.0
8573,495,False,-9,0.0,587.0
8574,495,False,-8,0.0,588.0
8575,495,False,-7,3.0,589.0
8576,495,False,-6,3.0,590.0
8577,495,False,-5,0.0,591.0
8578,495,False,-4,1.0,592.0
8579,495,False,-3,0.0,593.0
8580,495,False,-2,1.0,594.0
8581,495,False,-1,0.0,595.0
8582,495,False,0,1.0,596.0
8583,495,False,1,2.0,597.0
8584,495,False,2,7.0,598.0
8585,495,False,3,2.0,599.0
8586,495,False,4,6.0,600.0
8587,495,False,5,0.0,601.0
8588,495,False,6,3.0,602.0
8589,495,False,7,0.0,603.0
8590,495,False,8,2.0,604.0
8591,495,False,9,0.0,605.0
8592,495,False,10,1.0,606.0
8593,495,False,11,1.0,607.0
8594,495,False,12,1.0,608.0
8595,495,False,13,1.0,609.0
8596,495,True,-14,0.0,582.0
8597,495,True,-13,0.0,583.0
8598,495,True,-12,0.0,584.0
8599,495,True,-11,0.0,585.0
8600,495,True,-10,0.0,586.0
8601,495,True,-9,0.0,587.0
8602,495,True,-8,0.0,588.0
8603,495,True,-7,0.0,589.0
8604,495,True,-6,5.0,590.0
8605,495,True,-5,0.0,591.0
8606,495,True,-4,0.0,592.0
8607,495,True,-3,0.0,593.0
8608,495,True,-2,0.0,594.0
8609,495,True,-1,0.0,595.0
8610,495,True,0,0.0,596.0
8611,495,True,1,0.0,597.0
8612,495,True,2,0.0,598.0
8613,495,True,3,0.0,599.0
8614,495,True,4,0.0,600.0
8615,495,True,5,0.0,601.0
8616,495,True,6,0.0,602.0
8617,495,True,7,0.0,603.0
8618,495,True,8,1.0,604.0
8619,495,True,9,0.0,605.0
8620,495,True,10,1.0,606.0
8621,495,True,11,0.0,607.0
8622,495,True,12,0.0,608.0
8623,495,True,13,0.0,609.0
8624,500,False,-14,0.0,585.0
8625,500,False,-13,0.0,586.0
8626,500,False,-12,0.0,587.0
8627,500,False,-11,1.0,588.0
8628,500,False,-10,0.0,589.0
8629,500,False,-9,1.0,590.0
8630,500,False,-8,0.0,591.0
8631,500,False,-7,1.0,592.0
8632,500,False,-6,0.0,593.0
8633,500,False,-5,0.0,594.0
8634,500,False,-4,0.0,595.0
8635,500,False,-3,0.0,596.0
8636,500,False,-2,0.0,597.0
8637,500,False,-1,0.0,598.0
8638,500,False,0,0.0,599.0
8639,500,False,1,0.0,600.0
8640,500,False,2,0.0,601.0
8641,500,False,3,0.0,602.0
8642,500,False,4,2.0,603.0
8643,500,False,5,0.0,604.0
8644,500,False,6,1.0,605.0
8645,500,False,7,0.0,606.0
8646,500,False,8,0.0,607.0
8647,500,False,9,0.0,608.0
8648,500,False,10,1.0,609.0
8649,500,False,11,0.0,610.0
8650,500,False,12,0.0,611.0
8651,500,False,13,0.0,612.0
8652,500,True,-14,0.0,585.0
8653,500,True,-13,0.0,586.0
8654,500,True,-12,0.0,587.0
8655,500,True,-11,0.0,588.0
8656,500,True,-10,0.0,589.0
8657,500,True,-9,0.0,590.0
8658,500,True,-8,0.0,591.0
8659,500,True,-7,0.0,592.0
8660,500,True,-6,0.0,593.0
8661,500,True,-5,0.0,594.0
8662,500,True,-4,0.0,595.0
8663,500,True,-3,0.0,596.0
8664,500,True,-2,0.0,597.0
8665,500,True,-1,0.0,598.0
8666,500,True,0,0.0,599.0
8667,500,True,1,0.0,600.0
8668,500,True,2,0.0,601.0
8669,500,True,3,0.0,602.0
8670,500,True,4,0.0,603.0
8671,500,True,5,0.0,604.0
8672,500,True,6,0.0,605.0
8673,500,True,7,0.0,606.0
8674,500,True,8,0.0,607.0
8675,500,True,9,0.0,608.0
8676,500,True,10,0.0,609.0
8677,500,True,11,0.0,610.0
8678,500,True,12,0.0,611.0
8679,500,True,13,0.0,612.0
8680,503,False,-14,0.0,-13.0
8681,503,False,-13,0.0,-12.0
8682,503,False,-12,0.0,-11.0
8683,503,False,-11,0.0,-10.0
8684,503,False,-10,0.0,-9.0
8685,503,False,-9,0.0,-8.0
8686,503,False,-8,0.0,-7.0
8687,503,False,-7,0.0,-6.0
8688,503,False,-6,0.0,-5.0
8689,503,False,-5,0.0,-4.0
8690,503,False,-4,0.0,-3.0
8691,503,False,-3,0.0,-2.0
8692,503,False,-2,1.0,-1.0
8693,503,False,-1,5.0,0.0
8694,503,False,0,2.0,1.0
8695,503,False,1,3.0,2.0
8696,503,False,2,2.0,3.0
8697,503,False,3,1.0,4.0
8698,503,False,4,1.0,5.0
8699,503,False,5,3.0,6.0
8700,503,False,6,2.0,7.0
8701,503,False,7,2.0,8.0
8702,503,False,8,0.0,9.0
8703,503,False,9,1.0,10.0
8704,503,False,10,1.0,11.0
8705,503,False,11,2.0,12.0
8706,503,False,12,2.0,13.0
8707,503,False,13,1.0,14.0
8708,503,True,-14,0.0,-13.0
8709,503,True,-13,0.0,-12.0
8710,503,True,-12,0.0,-11.0
8711,503,True,-11,0.0,-10.0
8712,503,True,-10,0.0,-9.0
8713,503,True,-9,0.0,-8.0
8714,503,True,-8,0.0,-7.0
8715,503,True,-7,0.0,-6.0
8716,503,True,-6,0.0,-5.0
8717,503,True,-5,0.0,-4.0
8718,503,True,-4,0.0,-3.0
8719,503,True,-3,0.0,-2.0
8720,503,True,-2,2.0,-1.0
8721,503,True,-1,6.0,0.0
8722,503,True,0,1.0,1.0
8723,503,True,1,0.0,2.0
8724,503,True,2,2.0,3.0
8725,503,True,3,0.0,4.0
8726,503,True,4,0.0,5.0
8727,503,True,5,0.0,6.0
8728,503,True,6,0.0,7.0
8729,503,True,7,0.0,8.0
8730,503,True,8,0.0,9.0
8731,503,True,9,0.0,10.0
8732,503,True,10,0.0,11.0
8733,503,True,11,0.0,12.0
8734,503,True,12,0.0,13.0
8735,503,True,13,0.0,14.0
8736,504,False,-14,7.0,759.0
8737,504,False,-13,17.0,760.0
8738,504,False,-12,50.0,761.0
8739,504,False,-11,41.0,762.0
8740,504,False,-10,12.0,763.0
8741,504,False,-9,5.0,764.0
8742,504,False,-8,21.0,765.0
8743,504,False,-7,30.0,766.0
8744,504,False,-6,36.0,767.0
8745,504,False,-5,57.0,768.0
8746,504,False,-4,76.0,769.0
8747,504,False,-3,30.0,770.0
8748,504,False,-2,25.0,771.0
8749,504,False,-1,58.0,772.0
8750,504,False,0,500.0,773.0
8751,504,False,1,60.0,774.0
8752,504,False,2,65.0,775.0
8753,504,False,3,70.0,776.0
8754,504,False,4,75.0,777.0
8755,504,False,5,49.0,778.0
8756,504,False,6,17.0,779.0
8757,504,False,7,8.0,780.0
8758,504,False,8,94.0,781.0
8759,504,False,9,64.0,782.0
8760,504,False,10,72.0,783.0
8761,504,False,11,42.0,784.0
8762,504,False,12,21.0,785.0
8763,504,False,13,55.0,786.0
8764,504,True,-14,0.0,759.0
8765,504,True,-13,0.0,760.0
8766,504,True,-12,9.0,761.0
8767,504,True,-11,3.0,762.0
8768,504,True,-10,0.0,763.0
8769,504,True,-9,1.0,764.0
8770,504,True,-8,2.0,765.0
8771,504,True,-7,6.0,766.0
8772,504,True,-6,1.0,767.0
8773,504,True,-5,8.0,768.0
8774,504,True,-4,5.0,769.0
8775,504,True,-3,7.0,770.0
8776,504,True,-2,0.0,771.0
8777,504,True,-1,8.0,772.0
8778,504,True,0,46.0,773.0
8779,504,True,1,7.0,774.0
8780,504,True,2,8.0,775.0
8781,504,True,3,7.0,776.0
8782,504,True,4,9.0,777.0
8783,504,True,5,4.0,778.0
8784,504,True,6,2.0,779.0
8785,504,True,7,1.0,780.0
8786,504,True,8,11.0,781.0
8787,504,True,9,6.0,782.0
8788,504,True,10,8.0,783.0
8789,504,True,11,9.0,784.0
8790,504,True,12,1.0,785.0
8791,504,True,13,3.0,786.0
8792,505,False,-14,0.0,601.0
8793,505,False,-13,0.0,602.0
8794,505,False,-12,1.0,603.0
8795,505,False,-11,1.0,604.0
8796,505,False,-10,0.0,605.0
8797,505,False,-9,0.0,606.0
8798,505,False,-8,0.0,607.0
8799,505,False,-7,0.0,608.0
8800,505,False,-6,0.0,609.0
8801,505,False,-5,0.0,610.0
8802,505,False,-4,0.0,611.0
8803,505,False,-3,0.0,612.0
8804,505,False,-2,0.0,613.0
8805,505,False,-1,0.0,614.0
8806,505,False,0,0.0,615.0
8807,505,False,1,0.0,616.0
8808,505,False,2,0.0,617.0
8809,505,False,3,0.0,618.0
8810,505,False,4,1.0,619.0
8811,505,False,5,0.0,620.0
8812,505,False,6,0.0,621.0
8813,505,False,7,1.0,622.0
8814,505,False,8,0.0,623.0
8815,505,False,9,1.0,624.0
8816,505,False,10,0.0,625.0
8817,505,False,11,0.0,626.0
8818,505,False,12,0.0,627.0
8819,505,False,13,0.0,628.0
8820,505,True,-14,0.0,601.0
8821,505,True,-13,0.0,602.0
8822,505,True,-12,1.0,603.0
8823,505,True,-11,0.0,604.0
8824,505,True,-10,1.0,605.0
8825,505,True,-9,1.0,606.0
8826,505,True,-8,0.0,607.0
8827,505,True,-7,0.0,608.0
8828,505,True,-6,0.0,609.0
8829,505,True,-5,0.0,610.0
8830,505,True,-4,0.0,611.0
8831,505,True,-3,0.0,612.0
8832,505,True,-2,0.0,613.0
8833,505,True,-1,0.0,614.0
8834,505,True,0,0.0,615.0
8835,505,True,1,0.0,616.0
8836,505,True,2,0.0,617.0
8837,505,True,3,0.0,618.0
8838,505,True,4,0.0,619.0
8839,505,True,5,0.0,620.0
8840,505,True,6,0.0,621.0
8841,505,True,7,0.0,622.0
8842,505,True,8,0.0,623.0
8843,505,True,9,0.0,624.0
8844,505,True,10,0.0,625.0
8845,505,True,11,0.0,626.0
8846,505,True,12,0.0,627.0
8847,505,True,13,0.0,628.0
8848,507,False,-14,0.0,-7.0
8849,507,False,-13,0.0,-6.0
8850,507,False,-12,0.0,-5.0
8851,507,False,-11,0.0,-4.0
8852,507,False,-10,0.0,-3.0
8853,507,False,-9,0.0,-2.0
8854,507,False,-8,0.0,-1.0
8855,507,False,-7,0.0,0.0
8856,507,False,-6,0.0,1.0
8857,507,False,-5,0.0,2.0
8858,507,False,-4,0.0,3.0
8859,507,False,-3,8.0,4.0
8860,507,False,-2,1.0,5.0
8861,507,False,-1,2.0,6.0
8862,507,False,0,0.0,7.0
8863,507,False,1,1.0,8.0
8864,507,False,2,1.0,9.0
8865,507,False,3,1.0,10.0
8866,507,False,4,0.0,11.0
8867,507,False,5,1.0,12.0
8868,507,False,6,0.0,13.0
8869,507,False,7,1.0,14.0
8870,507,False,8,0.0,15.0
8871,507,False,9,0.0,16.0
8872,507,False,10,0.0,17.0
8873,507,False,11,0.0,18.0
8874,507,False,12,1.0,19.0
8875,507,False,13,1.0,20.0
8876,507,True,-14,0.0,-7.0
8877,507,True,-13,0.0,-6.0
8878,507,True,-12,0.0,-5.0
8879,507,True,-11,0.0,-4.0
8880,507,True,-10,0.0,-3.0
8881,507,True,-9,0.0,-2.0
8882,507,True,-8,0.0,-1.0
8883,507,True,-7,0.0,0.0
8884,507,True,-6,0.0,1.0
8885,507,True,-5,0.0,2.0
8886,507,True,-4,0.0,3.0
8887,507,True,-3,8.0,4.0
8888,507,True,-2,7.0,5.0
8889,507,True,-1,0.0,6.0
8890,507,True,0,1.0,7.0
8891,507,True,1,2.0,8.0
8892,507,True,2,0.0,9.0
8893,507,True,3,0.0,10.0
8894,507,True,4,1.0,11.0
8895,507,True,5,1.0,12.0
8896,507,True,6,0.0,13.0
8897,507,True,7,0.0,14.0
8898,507,True,8,0.0,15.0
8899,507,True,9,0.0,16.0
8900,507,True,10,1.0,17.0
8901,507,True,11,0.0,18.0
8902,507,True,12,1.0,19.0
8903,507,True,13,0.0,20.0
8904,511,False,-14,350.0,631.0
8905,511,False,-13,210.0,632.0
8906,511,False,-12,1735.0,633.0
8907,511,False,-11,1139.0,634.0
8908,511,False,-10,454.0,635.0
8909,511,False,-9,162.0,636.0
8910,511,False,-8,200.0,637.0
8911,511,False,-7,418.0,638.0
8912,511,False,-6,290.0,639.0
8913,511,False,-5,105.0,640.0
8914,511,False,-4,76.0,641.0
8915,511,False,-3,45.0,642.0
8916,511,False,-2,42.0,643.0
8917,511,False,-1,378.0,644.0
8918,511,False,0,280.0,645.0
8919,511,False,1,64.0,646.0
8920,511,False,2,33.0,647.0
8921,511,False,3,68.0,648.0
8922,511,False,4,227.0,649.0
8923,511,False,5,157.0,650.0
8924,511,False,6,95.0,651.0
8925,511,False,7,70.0,652.0
8926,511,False,8,49.0,653.0
8927,511,False,9,60.0,654.0
8928,511,False,10,71.0,655.0
8929,511,False,11,72.0,656.0
8930,511,False,12,49.0,657.0
8931,511,False,13,40.0,658.0
8932,511,True,-14,55.0,631.0
8933,511,True,-13,11.0,632.0
8934,511,True,-12,141.0,633.0
8935,511,True,-11,67.0,634.0
8936,511,True,-10,32.0,635.0
8937,511,True,-9,6.0,636.0
8938,511,True,-8,20.0,637.0
8939,511,True,-7,36.0,638.0
8940,511,True,-6,27.0,639.0
8941,511,True,-5,10.0,640.0
8942,511,True,-4,1.0,641.0
8943,511,True,-3,6.0,642.0
8944,511,True,-2,6.0,643.0
8945,511,True,-1,92.0,644.0
8946,511,True,0,55.0,645.0
8947,511,True,1,11.0,646.0
8948,511,True,2,5.0,647.0
8949,511,True,3,9.0,648.0
8950,511,True,4,32.0,649.0
8951,511,True,5,21.0,650.0
8952,511,True,6,9.0,651.0
8953,511,True,7,5.0,652.0
8954,511,True,8,7.0,653.0
8955,511,True,9,9.0,654.0
8956,511,True,10,7.0,655.0
8957,511,True,11,3.0,656.0
8958,511,True,12,2.0,657.0
8959,511,True,13,1.0,658.0
8960,513,False,-14,7.0,592.0
8961,513,False,-13,3.0,593.0
8962,513,False,-12,1.0,594.0
8963,513,False,-11,2.0,595.0
8964,513,False,-10,3.0,596.0
8965,513,False,-9,2.0,597.0
8966,513,False,-8,3.0,598.0
8967,513,False,-7,0.0,599.0
8968,513,False,-6,2.0,600.0
8969,513,False,-5,1.0,601.0
8970,513,False,-4,0.0,602.0
8971,513,False,-3,1.0,603.0
8972,513,False,-2,3.0,604.0
8973,513,False,-1,1.0,605.0
8974,513,False,0,5.0,606.0
8975,513,False,1,0.0,607.0
8976,513,False,2,1.0,608.0
8977,513,False,3,2.0,609.0
8978,513,False,4,11.0,610.0
8979,513,False,5,4.0,611.0
8980,513,False,6,6.0,612.0
8981,513,False,7,3.0,613.0
8982,513,False,8,4.0,614.0
8983,513,False,9,3.0,615.0
8984,513,False,10,1.0,616.0
8985,513,False,11,15.0,617.0
8986,513,False,12,7.0,618.0
8987,513,False,13,2.0,619.0
8988,513,True,-14,3.0,592.0
8989,513,True,-13,1.0,593.0
8990,513,True,-12,0.0,594.0
8991,513,True,-11,1.0,595.0
8992,513,True,-10,0.0,596.0
8993,513,True,-9,0.0,597.0
8994,513,True,-8,2.0,598.0
8995,513,True,-7,1.0,599.0
8996,513,True,-6,2.0,600.0
8997,513,True,-5,2.0,601.0
8998,513,True,-4,1.0,602.0
8999,513,True,-3,2.0,603.0
9000,513,True,-2,0.0,604.0
9001,513,True,-1,3.0,605.0
9002,513,True,0,3.0,606.0
9003,513,True,1,0.0,607.0
9004,513,True,2,0.0,608.0
9005,513,True,3,1.0,609.0
9006,513,True,4,6.0,610.0
9007,513,True,5,3.0,611.0
9008,513,True,6,1.0,612.0
9009,513,True,7,1.0,613.0
9010,513,True,8,2.0,614.0
9011,513,True,9,1.0,615.0
9012,513,True,10,0.0,616.0
9013,513,True,11,7.0,617.0
9014,513,True,12,1.0,618.0
9015,513,True,13,1.0,619.0
9016,518,False,-14,51.0,-14.0
9017,518,False,-13,12.0,-13.0
9018,518,False,-12,22.0,-12.0
9019,518,False,-11,26.0,-11.0
9020,518,False,-10,27.0,-10.0
9021,518,False,-9,16.0,-9.0
9022,518,False,-8,10.0,-8.0
9023,518,False,-7,15.0,-7.0
9024,518,False,-6,4.0,-6.0
9025,518,False,-5,12.0,-5.0
9026,518,False,-4,42.0,-4.0
9027,518,False,-3,46.0,-3.0
9028,518,False,-2,52.0,-2.0
9029,518,False,-1,170.0,-1.0
9030,518,False,0,218.0,0.0
9031,518,False,1,185.0,1.0
9032,518,False,2,144.0,2.0
9033,518,False,3,111.0,3.0
9034,518,False,4,171.0,4.0
9035,518,False,5,118.0,5.0
9036,518,False,6,173.0,6.0
9037,518,False,7,136.0,7.0
9038,518,False,8,129.0,8.0
9039,518,False,9,66.0,9.0
9040,518,False,10,61.0,10.0
9041,518,False,11,102.0,11.0
9042,518,False,12,94.0,12.0
9043,518,False,13,55.0,13.0
9044,518,True,-14,0.0,-14.0
9045,518,True,-13,0.0,-13.0
9046,518,True,-12,0.0,-12.0
9047,518,True,-11,0.0,-11.0
9048,518,True,-10,0.0,-10.0
9049,518,True,-9,0.0,-9.0
9050,518,True,-8,0.0,-8.0
9051,518,True,-7,0.0,-7.0
9052,518,True,-6,0.0,-6.0
9053,518,True,-5,0.0,-5.0
9054,518,True,-4,0.0,-4.0
9055,518,True,-3,0.0,-3.0
9056,518,True,-2,0.0,-2.0
9057,518,True,-1,9.0,-1.0
9058,518,True,0,11.0,0.0
9059,518,True,1,5.0,1.0
9060,518,True,2,3.0,2.0
9061,518,True,3,5.0,3.0
9062,518,True,4,1.0,4.0
9063,518,True,5,0.0,5.0
9064,518,True,6,1.0,6.0
9065,518,True,7,1.0,7.0
9066,518,True,8,2.0,8.0
9067,518,True,9,1.0,9.0
9068,518,True,10,1.0,10.0
9069,518,True,11,0.0,11.0
9070,518,True,12,2.0,12.0
9071,518,True,13,0.0,13.0
9072,519,False,-14,25.0,573.0
9073,519,False,-13,882.0,574.0
9074,519,False,-12,228.0,575.0
9075,519,False,-11,149.0,576.0
9076,519,False,-10,58.0,577.0
9077,519,False,-9,54.0,578.0
9078,519,False,-8,23.0,579.0
9079,519,False,-7,16.0,580.0
9080,519,False,-6,19.0,581.0
9081,519,False,-5,38.0,582.0
9082,519,False,-4,35.0,583.0
9083,519,False,-3,355.0,584.0
9084,519,False,-2,135.0,585.0
9085,519,False,-1,83.0,586.0
9086,519,False,0,50.0,587.0
9087,519,False,1,21.0,588.0
9088,519,False,2,47.0,589.0
9089,519,False,3,31.0,590.0
9090,519,False,4,70.0,591.0
9091,519,False,5,23.0,592.0
9092,519,False,6,15.0,593.0
9093,519,False,7,11.0,594.0
9094,519,False,8,3.0,595.0
9095,519,False,9,119.0,596.0
9096,519,False,10,306.0,597.0
9097,519,False,11,50.0,598.0
9098,519,False,12,11.0,599.0
9099,519,False,13,11.0,600.0
9100,519,True,-14,0.0,573.0
9101,519,True,-13,128.0,574.0
9102,519,True,-12,36.0,575.0
9103,519,True,-11,22.0,576.0
9104,519,True,-10,6.0,577.0
9105,519,True,-9,7.0,578.0
9106,519,True,-8,5.0,579.0
9107,519,True,-7,5.0,580.0
9108,519,True,-6,3.0,581.0
9109,519,True,-5,2.0,582.0
9110,519,True,-4,5.0,583.0
9111,519,True,-3,85.0,584.0
9112,519,True,-2,29.0,585.0
9113,519,True,-1,19.0,586.0
9114,519,True,0,19.0,587.0
9115,519,True,1,5.0,588.0
9116,519,True,2,14.0,589.0
9117,519,True,3,4.0,590.0
9118,519,True,4,19.0,591.0
9119,519,True,5,6.0,592.0
9120,519,True,6,2.0,593.0
9121,519,True,7,3.0,594.0
9122,519,True,8,2.0,595.0
9123,519,True,9,28.0,596.0
9124,519,True,10,53.0,597.0
9125,519,True,11,13.0,598.0
9126,519,True,12,3.0,599.0
9127,519,True,13,4.0,600.0
9128,521,False,-14,201.0,578.0
9129,521,False,-13,297.0,579.0
9130,521,False,-12,170.0,580.0
9131,521,False,-11,254.0,581.0
9132,521,False,-10,126.0,582.0
9133,521,False,-9,129.0,583.0
9134,521,False,-8,136.0,584.0
9135,521,False,-7,148.0,585.0
9136,521,False,-6,1026.0,586.0
9137,521,False,-5,522.0,587.0
9138,521,False,-4,310.0,588.0
9139,521,False,-3,137.0,589.0
9140,521,False,-2,191.0,590.0
9141,521,False,-1,121.0,591.0
9142,521,False,0,89.0,592.0
9143,521,False,1,114.0,593.0
9144,521,False,2,63.0,594.0
9145,521,False,3,194.0,595.0
9146,521,False,4,282.0,596.0
9147,521,False,5,132.0,597.0
9148,521,False,6,364.0,598.0
9149,521,False,7,127.0,599.0
9150,521,False,8,177.0,600.0
9151,521,False,9,48.0,601.0
9152,521,False,10,98.0,602.0
9153,521,False,11,323.0,603.0
9154,521,False,12,250.0,604.0
9155,521,False,13,85.0,605.0
9156,521,True,-14,25.0,578.0
9157,521,True,-13,31.0,579.0
9158,521,True,-12,13.0,580.0
9159,521,True,-11,34.0,581.0
9160,521,True,-10,20.0,582.0
9161,521,True,-9,16.0,583.0
9162,521,True,-8,29.0,584.0
9163,521,True,-7,26.0,585.0
9164,521,True,-6,139.0,586.0
9165,521,True,-5,85.0,587.0
9166,521,True,-4,48.0,588.0
9167,521,True,-3,31.0,589.0
9168,521,True,-2,33.0,590.0
9169,521,True,-1,29.0,591.0
9170,521,True,0,18.0,592.0
9171,521,True,1,14.0,593.0
9172,521,True,2,5.0,594.0
9173,521,True,3,34.0,595.0
9174,521,True,4,46.0,596.0
9175,521,True,5,16.0,597.0
9176,521,True,6,55.0,598.0
9177,521,True,7,13.0,599.0
9178,521,True,8,23.0,600.0
9179,521,True,9,10.0,601.0
9180,521,True,10,6.0,602.0
9181,521,True,11,51.0,603.0
9182,521,True,12,28.0,604.0
9183,521,True,13,11.0,605.0
9184,523,False,-14,22.0,559.0
9185,523,False,-13,30.0,560.0
9186,523,False,-12,44.0,561.0
9187,523,False,-11,82.0,562.0
9188,523,False,-10,175.0,563.0
9189,523,False,-9,1881.0,564.0
9190,523,False,-8,1306.0,565.0
9191,523,False,-7,512.0,566.0
9192,523,False,-6,906.0,567.0
9193,523,False,-5,645.0,568.0
9194,523,False,-4,737.0,569.0
9195,523,False,-3,430.0,570.0
9196,523,False,-2,644.0,571.0
9197,523,False,-1,392.0,572.0
9198,523,False,0,293.0,573.0
9199,523,False,1,295.0,574.0
9200,523,False,2,279.0,575.0
9201,523,False,3,499.0,576.0
9202,523,False,4,262.0,577.0
9203,523,False,5,1560.0,578.0
9204,523,False,6,1209.0,579.0
9205,523,False,7,382.0,580.0
9206,523,False,8,482.0,581.0
9207,523,False,9,834.0,582.0
9208,523,False,10,271.0,583.0
9209,523,False,11,320.0,584.0
9210,523,False,12,448.0,585.0
9211,523,False,13,295.0,586.0
9212,523,True,-14,3.0,559.0
9213,523,True,-13,1.0,560.0
9214,523,True,-12,2.0,561.0
9215,523,True,-11,1.0,562.0
9216,523,True,-10,8.0,563.0
9217,523,True,-9,86.0,564.0
9218,523,True,-8,67.0,565.0
9219,523,True,-7,35.0,566.0
9220,523,True,-6,56.0,567.0
9221,523,True,-5,49.0,568.0
9222,523,True,-4,85.0,569.0
9223,523,True,-3,42.0,570.0
9224,523,True,-2,53.0,571.0
9225,523,True,-1,19.0,572.0
9226,523,True,0,26.0,573.0
9227,523,True,1,25.0,574.0
9228,523,True,2,15.0,575.0
9229,523,True,3,34.0,576.0
9230,523,True,4,21.0,577.0
9231,523,True,5,82.0,578.0
9232,523,True,6,57.0,579.0
9233,523,True,7,31.0,580.0
9234,523,True,8,19.0,581.0
9235,523,True,9,55.0,582.0
9236,523,True,10,12.0,583.0
9237,523,True,11,19.0,584.0
9238,523,True,12,25.0,585.0
9239,523,True,13,7.0,586.0
9240,524,False,-14,3.0,578.0
9241,524,False,-13,0.0,579.0
9242,524,False,-12,3.0,580.0
9243,524,False,-11,0.0,581.0
9244,524,False,-10,3.0,582.0
9245,524,False,-9,1.0,583.0
9246,524,False,-8,0.0,584.0
9247,524,False,-7,1.0,585.0
9248,524,False,-6,0.0,586.0
9249,524,False,-5,1.0,587.0
9250,524,False,-4,0.0,588.0
9251,524,False,-3,3.0,589.0
9252,524,False,-2,1.0,590.0
9253,524,False,-1,4.0,591.0
9254,524,False,0,1.0,592.0
9255,524,False,1,1.0,593.0
9256,524,False,2,1.0,594.0
9257,524,False,3,3.0,595.0
9258,524,False,4,1.0,596.0
9259,524,False,5,1.0,597.0
9260,524,False,6,1.0,598.0
9261,524,False,7,0.0,599.0
9262,524,False,8,0.0,600.0
9263,524,False,9,1.0,601.0
9264,524,False,10,1.0,602.0
9265,524,False,11,1.0,603.0
9266,524,False,12,3.0,604.0
9267,524,False,13,2.0,605.0
9268,524,True,-14,0.0,578.0
9269,524,True,-13,2.0,579.0
9270,524,True,-12,1.0,580.0
9271,524,True,-11,0.0,581.0
9272,524,True,-10,1.0,582.0
9273,524,True,-9,0.0,583.0
9274,524,True,-8,1.0,584.0
9275,524,True,-7,1.0,585.0
9276,524,True,-6,0.0,586.0
9277,524,True,-5,0.0,587.0
9278,524,True,-4,0.0,588.0
9279,524,True,-3,0.0,589.0
9280,524,True,-2,0.0,590.0
9281,524,True,-1,0.0,591.0
9282,524,True,0,1.0,592.0
9283,524,True,1,0.0,593.0
9284,524,True,2,0.0,594.0
9285,524,True,3,1.0,595.0
9286,524,True,4,0.0,596.0
9287,524,True,5,1.0,597.0
9288,524,True,6,0.0,598.0
9289,524,True,7,1.0,599.0
9290,524,True,8,0.0,600.0
9291,524,True,9,1.0,601.0
9292,524,True,10,0.0,602.0
9293,524,True,11,1.0,603.0
9294,524,True,12,0.0,604.0
9295,524,True,13,0.0,605.0
9296,525,False,-14,690.0,705.0
9297,525,False,-13,832.0,706.0
9298,525,False,-12,470.0,707.0
9299,525,False,-11,1181.0,708.0
9300,525,False,-10,1996.0,709.0
9301,525,False,-9,1052.0,710.0
9302,525,False,-8,1167.0,711.0
9303,525,False,-7,1855.0,712.0
9304,525,False,-6,1190.0,713.0
9305,525,False,-5,522.0,714.0
9306,525,False,-4,418.0,715.0
9307,525,False,-3,133.0,716.0
9308,525,False,-2,141.0,717.0
9309,525,False,-1,166.0,718.0
9310,525,False,0,195.0,719.0
9311,525,False,1,487.0,720.0
9312,525,False,2,1787.0,721.0
9313,525,False,3,1144.0,722.0
9314,525,False,4,381.0,723.0
9315,525,False,5,640.0,724.0
9316,525,False,6,1472.0,725.0
9317,525,False,7,1711.0,726.0
9318,525,False,8,300.0,727.0
9319,525,False,9,191.0,728.0
9320,525,False,10,297.0,729.0
9321,525,False,11,122.0,730.0
9322,525,False,12,547.0,731.0
9323,525,False,13,948.0,732.0
9324,525,True,-14,14.0,705.0
9325,525,True,-13,14.0,706.0
9326,525,True,-12,9.0,707.0
9327,525,True,-11,81.0,708.0
9328,525,True,-10,137.0,709.0
9329,525,True,-9,35.0,710.0
9330,525,True,-8,17.0,711.0
9331,525,True,-7,34.0,712.0
9332,525,True,-6,31.0,713.0
9333,525,True,-5,12.0,714.0
9334,525,True,-4,6.0,715.0
9335,525,True,-3,3.0,716.0
9336,525,True,-2,10.0,717.0
9337,525,True,-1,3.0,718.0
9338,525,True,0,18.0,719.0
9339,525,True,1,24.0,720.0
9340,525,True,2,81.0,721.0
9341,525,True,3,44.0,722.0
9342,525,True,4,13.0,723.0
9343,525,True,5,33.0,724.0
9344,525,True,6,90.0,725.0
9345,525,True,7,84.0,726.0
9346,525,True,8,6.0,727.0
9347,525,True,9,8.0,728.0
9348,525,True,10,9.0,729.0
9349,525,True,11,3.0,730.0
9350,525,True,12,24.0,731.0
9351,525,True,13,44.0,732.0
9352,528,False,-14,0.0,-13.0
9353,528,False,-13,0.0,-12.0
9354,528,False,-12,0.0,-11.0
9355,528,False,-11,0.0,-10.0
9356,528,False,-10,0.0,-9.0
9357,528,False,-9,0.0,-8.0
9358,528,False,-8,0.0,-7.0
9359,528,False,-7,0.0,-6.0
9360,528,False,-6,0.0,-5.0
9361,528,False,-5,0.0,-4.0
9362,528,False,-4,0.0,-3.0
9363,528,False,-3,0.0,-2.0
9364,528,False,-2,25.0,-1.0
9365,528,False,-1,24.0,0.0
9366,528,False,0,13.0,1.0
9367,528,False,1,3.0,2.0
9368,528,False,2,4.0,3.0
9369,528,False,3,6.0,4.0
9370,528,False,4,3.0,5.0
9371,528,False,5,6.0,6.0
9372,528,False,6,6.0,7.0
9373,528,False,7,3.0,8.0
9374,528,False,8,1.0,9.0
9375,528,False,9,1.0,10.0
9376,528,False,10,5.0,11.0
9377,528,False,11,2.0,12.0
9378,528,False,12,10.0,13.0
9379,528,False,13,6.0,14.0
9380,528,True,-14,0.0,-13.0
9381,528,True,-13,0.0,-12.0
9382,528,True,-12,0.0,-11.0
9383,528,True,-11,0.0,-10.0
9384,528,True,-10,0.0,-9.0
9385,528,True,-9,0.0,-8.0
9386,528,True,-8,0.0,-7.0
9387,528,True,-7,0.0,-6.0
9388,528,True,-6,0.0,-5.0
9389,528,True,-5,0.0,-4.0
9390,528,True,-4,0.0,-3.0
9391,528,True,-3,0.0,-2.0
9392,528,True,-2,4.0,-1.0
9393,528,True,-1,19.0,0.0
9394,528,True,0,13.0,1.0
9395,528,True,1,0.0,2.0
9396,528,True,2,2.0,3.0
9397,528,True,3,3.0,4.0
9398,528,True,4,1.0,5.0
9399,528,True,5,0.0,6.0
9400,528,True,6,1.0,7.0
9401,528,True,7,0.0,8.0
9402,528,True,8,0.0,9.0
9403,528,True,9,0.0,10.0
9404,528,True,10,0.0,11.0
9405,528,True,11,0.0,12.0
9406,528,True,12,1.0,13.0
9407,528,True,13,0.0,14.0
9408,529,False,-14,0.0,-14.0
9409,529,False,-13,0.0,-13.0
9410,529,False,-12,0.0,-12.0
9411,529,False,-11,0.0,-11.0
9412,529,False,-10,0.0,-10.0
9413,529,False,-9,0.0,-9.0
9414,529,False,-8,0.0,-8.0
9415,529,False,-7,0.0,-7.0
9416,529,False,-6,0.0,-6.0
9417,529,False,-5,0.0,-5.0
9418,529,False,-4,0.0,-4.0
9419,529,False,-3,0.0,-3.0
9420,529,False,-2,0.0,-2.0
9421,529,False,-1,118.0,-1.0
9422,529,False,0,77.0,0.0
9423,529,False,1,76.0,1.0
9424,529,False,2,37.0,2.0
9425,529,False,3,35.0,3.0
9426,529,False,4,53.0,4.0
9427,529,False,5,65.0,5.0
9428,529,False,6,21.0,6.0
9429,529,False,7,33.0,7.0
9430,529,False,8,17.0,8.0
9431,529,False,9,20.0,9.0
9432,529,False,10,12.0,10.0
9433,529,False,11,21.0,11.0
9434,529,False,12,17.0,12.0
9435,529,False,13,21.0,13.0
9436,529,True,-14,0.0,-14.0
9437,529,True,-13,0.0,-13.0
9438,529,True,-12,0.0,-12.0
9439,529,True,-11,0.0,-11.0
9440,529,True,-10,0.0,-10.0
9441,529,True,-9,0.0,-9.0
9442,529,True,-8,0.0,-8.0
9443,529,True,-7,0.0,-7.0
9444,529,True,-6,0.0,-6.0
9445,529,True,-5,0.0,-5.0
9446,529,True,-4,0.0,-4.0
9447,529,True,-3,0.0,-3.0
9448,529,True,-2,0.0,-2.0
9449,529,True,-1,35.0,-1.0
9450,529,True,0,15.0,0.0
9451,529,True,1,8.0,1.0
9452,529,True,2,1.0,2.0
9453,529,True,3,1.0,3.0
9454,529,True,4,1.0,4.0
9455,529,True,5,3.0,5.0
9456,529,True,6,1.0,6.0
9457,529,True,7,0.0,7.0
9458,529,True,8,0.0,8.0
9459,529,True,9,1.0,9.0
9460,529,True,10,0.0,10.0
9461,529,True,11,0.0,11.0
9462,529,True,12,0.0,12.0
9463,529,True,13,1.0,13.0
9464,530,False,-14,0.0,565.0
9465,530,False,-13,0.0,566.0
9466,530,False,-12,2.0,567.0
9467,530,False,-11,0.0,568.0
9468,530,False,-10,0.0,569.0
9469,530,False,-9,2.0,570.0
9470,530,False,-8,29.0,571.0
9471,530,False,-7,14.0,572.0
9472,530,False,-6,23.0,573.0
9473,530,False,-5,2.0,574.0
9474,530,False,-4,4.0,575.0
9475,530,False,-3,4.0,576.0
9476,530,False,-2,1.0,577.0
9477,530,False,-1,2.0,578.0
9478,530,False,0,1.0,579.0
9479,530,False,1,5.0,580.0
9480,530,False,2,4.0,581.0
9481,530,False,3,1.0,582.0
9482,530,False,4,0.0,583.0
9483,530,False,5,2.0,584.0
9484,530,False,6,2.0,585.0
9485,530,False,7,2.0,586.0
9486,530,False,8,3.0,587.0
9487,530,False,9,1.0,588.0
9488,530,False,10,1.0,589.0
9489,530,False,11,0.0,590.0
9490,530,False,12,1.0,591.0
9491,530,False,13,1.0,592.0
9492,530,True,-14,0.0,565.0
9493,530,True,-13,0.0,566.0
9494,530,True,-12,0.0,567.0
9495,530,True,-11,0.0,568.0
9496,530,True,-10,0.0,569.0
9497,530,True,-9,2.0,570.0
9498,530,True,-8,0.0,571.0
9499,530,True,-7,0.0,572.0
9500,530,True,-6,0.0,573.0
9501,530,True,-5,1.0,574.0
9502,530,True,-4,0.0,575.0
9503,530,True,-3,0.0,576.0
9504,530,True,-2,0.0,577.0
9505,530,True,-1,0.0,578.0
9506,530,True,0,4.0,579.0
9507,530,True,1,1.0,580.0
9508,530,True,2,2.0,581.0
9509,530,True,3,0.0,582.0
9510,530,True,4,0.0,583.0
9511,530,True,5,0.0,584.0
9512,530,True,6,0.0,585.0
9513,530,True,7,0.0,586.0
9514,530,True,8,1.0,587.0
9515,530,True,9,0.0,588.0
9516,530,True,10,0.0,589.0
9517,530,True,11,0.0,590.0
9518,530,True,12,0.0,591.0
9519,530,True,13,0.0,592.0
9520,537,False,-14,206.0,634.0
9521,537,False,-13,260.0,635.0
9522,537,False,-12,313.0,636.0
9523,537,False,-11,281.0,637.0
9524,537,False,-10,135.0,638.0
9525,537,False,-9,113.0,639.0
9526,537,False,-8,72.0,640.0
9527,537,False,-7,239.0,641.0
9528,537,False,-6,121.0,642.0
9529,537,False,-5,613.0,643.0
9530,537,False,-4,311.0,644.0
9531,537,False,-3,260.0,645.0
9532,537,False,-2,145.0,646.0
9533,537,False,-1,1998.0,647.0
9534,537,False,0,752.0,648.0
9535,537,False,1,145.0,649.0
9536,537,False,2,72.0,650.0
9537,537,False,3,80.0,651.0
9538,537,False,4,172.0,652.0
9539,537,False,5,114.0,653.0
9540,537,False,6,88.0,654.0
9541,537,False,7,73.0,655.0
9542,537,False,8,114.0,656.0
9543,537,False,9,115.0,657.0
9544,537,False,10,892.0,658.0
9545,537,False,11,112.0,659.0
9546,537,False,12,39.0,660.0
9547,537,False,13,37.0,661.0
9548,537,True,-14,22.0,634.0
9549,537,True,-13,27.0,635.0
9550,537,True,-12,25.0,636.0
9551,537,True,-11,43.0,637.0
9552,537,True,-10,16.0,638.0
9553,537,True,-9,7.0,639.0
9554,537,True,-8,3.0,640.0
9555,537,True,-7,30.0,641.0
9556,537,True,-6,8.0,642.0
9557,537,True,-5,58.0,643.0
9558,537,True,-4,47.0,644.0
9559,537,True,-3,31.0,645.0
9560,537,True,-2,11.0,646.0
9561,537,True,-1,204.0,647.0
9562,537,True,0,75.0,648.0
9563,537,True,1,19.0,649.0
9564,537,True,2,8.0,650.0
9565,537,True,3,4.0,651.0
9566,537,True,4,12.0,652.0
9567,537,True,5,2.0,653.0
9568,537,True,6,5.0,654.0
9569,537,True,7,6.0,655.0
9570,537,True,8,18.0,656.0
9571,537,True,9,9.0,657.0
9572,537,True,10,94.0,658.0
9573,537,True,11,5.0,659.0
9574,537,True,12,0.0,660.0
9575,537,True,13,2.0,661.0
9576,540,False,-14,1.0,825.0
9577,540,False,-13,4.0,826.0
9578,540,False,-12,4.0,827.0
9579,540,False,-11,3.0,828.0
9580,540,False,-10,2.0,829.0
9581,540,False,-9,3.0,830.0
9582,540,False,-8,12.0,831.0
9583,540,False,-7,3.0,832.0
9584,540,False,-6,2.0,833.0
9585,540,False,-5,3.0,834.0
9586,540,False,-4,4.0,835.0
9587,540,False,-3,4.0,836.0
9588,540,False,-2,5.0,837.0
9589,540,False,-1,2.0,838.0
9590,540,False,0,18.0,839.0
9591,540,False,1,2.0,840.0
9592,540,False,2,5.0,841.0
9593,540,False,3,6.0,842.0
9594,540,False,4,8.0,843.0
9595,540,False,5,3.0,844.0
9596,540,False,6,2.0,845.0
9597,540,False,7,2.0,846.0
9598,540,False,8,5.0,847.0
9599,540,False,9,8.0,848.0
9600,540,False,10,6.0,849.0
9601,540,False,11,21.0,850.0
9602,540,False,12,26.0,851.0
9603,540,False,13,7.0,852.0
9604,540,True,-14,0.0,825.0
9605,540,True,-13,1.0,826.0
9606,540,True,-12,2.0,827.0
9607,540,True,-11,1.0,828.0
9608,540,True,-10,0.0,829.0
9609,540,True,-9,1.0,830.0
9610,540,True,-8,1.0,831.0
9611,540,True,-7,3.0,832.0
9612,540,True,-6,2.0,833.0
9613,540,True,-5,1.0,834.0
9614,540,True,-4,2.0,835.0
9615,540,True,-3,3.0,836.0
9616,540,True,-2,1.0,837.0
9617,540,True,-1,1.0,838.0
9618,540,True,0,5.0,839.0
9619,540,True,1,2.0,840.0
9620,540,True,2,3.0,841.0
9621,540,True,3,2.0,842.0
9622,540,True,4,3.0,843.0
9623,540,True,5,2.0,844.0
9624,540,True,6,1.0,845.0
9625,540,True,7,2.0,846.0
9626,540,True,8,0.0,847.0
9627,540,True,9,3.0,848.0
9628,540,True,10,0.0,849.0
9629,540,True,11,5.0,850.0
9630,540,True,12,9.0,851.0
9631,540,True,13,4.0,852.0
9632,542,False,-14,0.0,-9.0
9633,542,False,-13,0.0,-8.0
9634,542,False,-12,0.0,-7.0
9635,542,False,-11,0.0,-6.0
9636,542,False,-10,0.0,-5.0
9637,542,False,-9,0.0,-4.0
9638,542,False,-8,0.0,-3.0
9639,542,False,-7,1.0,-2.0
9640,542,False,-6,51.0,-1.0
9641,542,False,-5,612.0,0.0
9642,542,False,-4,274.0,1.0
9643,542,False,-3,174.0,2.0
9644,542,False,-2,159.0,3.0
9645,542,False,-1,203.0,4.0
9646,542,False,0,226.0,5.0
9647,542,False,1,153.0,6.0
9648,542,False,2,151.0,7.0
9649,542,False,3,108.0,8.0
9650,542,False,4,98.0,9.0
9651,542,False,5,99.0,10.0
9652,542,False,6,114.0,11.0
9653,542,False,7,173.0,12.0
9654,542,False,8,107.0,13.0
9655,542,False,9,111.0,14.0
9656,542,False,10,116.0,15.0
9657,542,False,11,26.0,16.0
9658,542,False,12,78.0,17.0
9659,542,False,13,113.0,18.0
9660,542,True,-14,0.0,-9.0
9661,542,True,-13,0.0,-8.0
9662,542,True,-12,0.0,-7.0
9663,542,True,-11,0.0,-6.0
9664,542,True,-10,0.0,-5.0
9665,542,True,-9,0.0,-4.0
9666,542,True,-8,0.0,-3.0
9667,542,True,-7,0.0,-2.0
9668,542,True,-6,1.0,-1.0
9669,542,True,-5,97.0,0.0
9670,542,True,-4,44.0,1.0
9671,542,True,-3,20.0,2.0
9672,542,True,-2,31.0,3.0
9673,542,True,-1,16.0,4.0
9674,542,True,0,11.0,5.0
9675,542,True,1,5.0,6.0
9676,542,True,2,6.0,7.0
9677,542,True,3,7.0,8.0
9678,542,True,4,5.0,9.0
9679,542,True,5,3.0,10.0
9680,542,True,6,4.0,11.0
9681,542,True,7,10.0,12.0
9682,542,True,8,3.0,13.0
9683,542,True,9,3.0,14.0
9684,542,True,10,3.0,15.0
9685,542,True,11,0.0,16.0
9686,542,True,12,1.0,17.0
9687,542,True,13,0.0,18.0
9688,543,False,-14,1.0,705.0
9689,543,False,-13,0.0,706.0
9690,543,False,-12,0.0,707.0
9691,543,False,-11,0.0,708.0
9692,543,False,-10,1.0,709.0
9693,543,False,-9,0.0,710.0
9694,543,False,-8,1.0,711.0
9695,543,False,-7,1.0,712.0
9696,543,False,-6,1.0,713.0
9697,543,False,-5,1.0,714.0
9698,543,False,-4,0.0,715.0
9699,543,False,-3,0.0,716.0
9700,543,False,-2,0.0,717.0
9701,543,False,-1,0.0,718.0
9702,543,False,0,3.0,719.0
9703,543,False,1,2.0,720.0
9704,543,False,2,2.0,721.0
9705,543,False,3,0.0,722.0
9706,543,False,4,1.0,723.0
9707,543,False,5,2.0,724.0
9708,543,False,6,2.0,725.0
9709,543,False,7,1.0,726.0
9710,543,False,8,1.0,727.0
9711,543,False,9,1.0,728.0
9712,543,False,10,1.0,729.0
9713,543,False,11,0.0,730.0
9714,543,False,12,1.0,731.0
9715,543,False,13,1.0,732.0
9716,543,True,-14,0.0,705.0
9717,543,True,-13,0.0,706.0
9718,543,True,-12,0.0,707.0
9719,543,True,-11,0.0,708.0
9720,543,True,-10,0.0,709.0
9721,543,True,-9,0.0,710.0
9722,543,True,-8,0.0,711.0
9723,543,True,-7,0.0,712.0
9724,543,True,-6,0.0,713.0
9725,543,True,-5,0.0,714.0
9726,543,True,-4,0.0,715.0
9727,543,True,-3,0.0,716.0
9728,543,True,-2,0.0,717.0
9729,543,True,-1,1.0,718.0
9730,543,True,0,0.0,719.0
9731,543,True,1,0.0,720.0
9732,543,True,2,0.0,721.0
9733,543,True,3,0.0,722.0
9734,543,True,4,0.0,723.0
9735,543,True,5,1.0,724.0
9736,543,True,6,1.0,725.0
9737,543,True,7,2.0,726.0
9738,543,True,8,0.0,727.0
9739,543,True,9,0.0,728.0
9740,543,True,10,2.0,729.0
9741,543,True,11,0.0,730.0
9742,543,True,12,1.0,731.0
9743,543,True,13,1.0,732.0
9744,547,False,-14,43.0,794.0
9745,547,False,-13,12.0,795.0
9746,547,False,-12,4.0,796.0
9747,547,False,-11,2.0,797.0
9748,547,False,-10,1.0,798.0
9749,547,False,-9,2.0,799.0
9750,547,False,-8,2.0,800.0
9751,547,False,-7,1.0,801.0
9752,547,False,-6,0.0,802.0
9753,547,False,-5,0.0,803.0
9754,547,False,-4,0.0,804.0
9755,547,False,-3,0.0,805.0
9756,547,False,-2,0.0,806.0
9757,547,False,-1,0.0,807.0
9758,547,False,0,7.0,808.0
9759,547,False,1,3.0,809.0
9760,547,False,2,11.0,810.0
9761,547,False,3,5.0,811.0
9762,547,False,4,1.0,812.0
9763,547,False,5,2.0,813.0
9764,547,False,6,0.0,814.0
9765,547,False,7,3.0,815.0
9766,547,False,8,0.0,816.0
9767,547,False,9,0.0,817.0
9768,547,False,10,0.0,818.0
9769,547,False,11,0.0,819.0
9770,547,False,12,0.0,820.0
9771,547,False,13,2.0,821.0
9772,547,True,-14,13.0,794.0
9773,547,True,-13,8.0,795.0
9774,547,True,-12,2.0,796.0
9775,547,True,-11,0.0,797.0
9776,547,True,-10,1.0,798.0
9777,547,True,-9,1.0,799.0
9778,547,True,-8,0.0,800.0
9779,547,True,-7,0.0,801.0
9780,547,True,-6,2.0,802.0
9781,547,True,-5,0.0,803.0
9782,547,True,-4,0.0,804.0
9783,547,True,-3,0.0,805.0
9784,547,True,-2,0.0,806.0
9785,547,True,-1,0.0,807.0
9786,547,True,0,37.0,808.0
9787,547,True,1,1.0,809.0
9788,547,True,2,4.0,810.0
9789,547,True,3,0.0,811.0
9790,547,True,4,0.0,812.0
9791,547,True,5,1.0,813.0
9792,547,True,6,1.0,814.0
9793,547,True,7,1.0,815.0
9794,547,True,8,1.0,816.0
9795,547,True,9,0.0,817.0
9796,547,True,10,0.0,818.0
9797,547,True,11,0.0,819.0
9798,547,True,12,1.0,820.0
9799,547,True,13,0.0,821.0
9800,555,False,-14,0.0,559.0
9801,555,False,-13,0.0,560.0
9802,555,False,-12,0.0,561.0
9803,555,False,-11,0.0,562.0
9804,555,False,-10,1.0,563.0
9805,555,False,-9,1.0,564.0
9806,555,False,-8,1673.0,565.0
9807,555,False,-7,4101.0,566.0
9808,555,False,-6,1625.0,567.0
9809,555,False,-5,4777.0,568.0
9810,555,False,-4,3378.0,569.0
9811,555,False,-3,1923.0,570.0
9812,555,False,-2,1290.0,571.0
9813,555,False,-1,4287.0,572.0
9814,555,False,0,2223.0,573.0
9815,555,False,1,269.0,574.0
9816,555,False,2,2714.0,575.0
9817,555,False,3,1512.0,576.0
9818,555,False,4,929.0,577.0
9819,555,False,5,2794.0,578.0
9820,555,False,6,2855.0,579.0
9821,555,False,7,1179.0,580.0
9822,555,False,8,790.0,581.0
9823,555,False,9,1213.0,582.0
9824,555,False,10,671.0,583.0
9825,555,False,11,222.0,584.0
9826,555,False,12,473.0,585.0
9827,555,False,13,944.0,586.0
9828,555,True,-14,0.0,559.0
9829,555,True,-13,0.0,560.0
9830,555,True,-12,0.0,561.0
9831,555,True,-11,0.0,562.0
9832,555,True,-10,0.0,563.0
9833,555,True,-9,0.0,564.0
9834,555,True,-8,114.0,565.0
9835,555,True,-7,166.0,566.0
9836,555,True,-6,110.0,567.0
9837,555,True,-5,836.0,568.0
9838,555,True,-4,284.0,569.0
9839,555,True,-3,100.0,570.0
9840,555,True,-2,39.0,571.0
9841,555,True,-1,250.0,572.0
9842,555,True,0,172.0,573.0
9843,555,True,1,17.0,574.0
9844,555,True,2,99.0,575.0
9845,555,True,3,41.0,576.0
9846,555,True,4,25.0,577.0
9847,555,True,5,132.0,578.0
9848,555,True,6,131.0,579.0
9849,555,True,7,45.0,580.0
9850,555,True,8,35.0,581.0
9851,555,True,9,51.0,582.0
9852,555,True,10,38.0,583.0
9853,555,True,11,7.0,584.0
9854,555,True,12,16.0,585.0
9855,555,True,13,25.0,586.0
9856,559,False,-14,0.0,560.0
9857,559,False,-13,0.0,561.0
9858,559,False,-12,2.0,562.0
9859,559,False,-11,0.0,563.0
9860,559,False,-10,1.0,564.0
9861,559,False,-9,1.0,565.0
9862,559,False,-8,8.0,566.0
9863,559,False,-7,7.0,567.0
9864,559,False,-6,5.0,568.0
9865,559,False,-5,0.0,569.0
9866,559,False,-4,0.0,570.0
9867,559,False,-3,2.0,571.0
9868,559,False,-2,1.0,572.0
9869,559,False,-1,2.0,573.0
9870,559,False,0,3.0,574.0
9871,559,False,1,0.0,575.0
9872,559,False,2,2.0,576.0
9873,559,False,3,2.0,577.0
9874,559,False,4,3.0,578.0
9875,559,False,5,0.0,579.0
9876,559,False,6,1.0,580.0
9877,559,False,7,1.0,581.0
9878,559,False,8,1.0,582.0
9879,559,False,9,1.0,583.0
9880,559,False,10,1.0,584.0
9881,559,False,11,0.0,585.0
9882,559,False,12,0.0,586.0
9883,559,False,13,1.0,587.0
9884,559,True,-14,0.0,560.0
9885,559,True,-13,0.0,561.0
9886,559,True,-12,0.0,562.0
9887,559,True,-11,0.0,563.0
9888,559,True,-10,0.0,564.0
9889,559,True,-9,0.0,565.0
9890,559,True,-8,0.0,566.0
9891,559,True,-7,1.0,567.0
9892,559,True,-6,0.0,568.0
9893,559,True,-5,0.0,569.0
9894,559,True,-4,0.0,570.0
9895,559,True,-3,0.0,571.0
9896,559,True,-2,0.0,572.0
9897,559,True,-1,0.0,573.0
9898,559,True,0,1.0,574.0
9899,559,True,1,0.0,575.0
9900,559,True,2,0.0,576.0
9901,559,True,3,0.0,577.0
9902,559,True,4,0.0,578.0
9903,559,True,5,0.0,579.0
9904,559,True,6,0.0,580.0
9905,559,True,7,0.0,581.0
9906,559,True,8,0.0,582.0
9907,559,True,9,0.0,583.0
9908,559,True,10,0.0,584.0
9909,559,True,11,0.0,585.0
9910,559,True,12,0.0,586.0
9911,559,True,13,0.0,587.0
9912,562,False,-14,0.0,559.0
9913,562,False,-13,0.0,560.0
9914,562,False,-12,0.0,561.0
9915,562,False,-11,0.0,562.0
9916,562,False,-10,0.0,563.0
9917,562,False,-9,0.0,564.0
9918,562,False,-8,0.0,565.0
9919,562,False,-7,0.0,566.0
9920,562,False,-6,4.0,567.0
9921,562,False,-5,10.0,568.0
9922,562,False,-4,2845.0,569.0
9923,562,False,-3,2082.0,570.0
9924,562,False,-2,665.0,571.0
9925,562,False,-1,1204.0,572.0
9926,562,False,0,363.0,573.0
9927,562,False,1,1958.0,574.0
9928,562,False,2,2076.0,575.0
9929,562,False,3,199.0,576.0
9930,562,False,4,56.0,577.0
9931,562,False,5,149.0,578.0
9932,562,False,6,70.0,579.0
9933,562,False,7,45.0,580.0
9934,562,False,8,23.0,581.0
9935,562,False,9,118.0,582.0
9936,562,False,10,764.0,583.0
9937,562,False,11,299.0,584.0
9938,562,False,12,244.0,585.0
9939,562,False,13,54.0,586.0
9940,562,True,-14,0.0,559.0
9941,562,True,-13,0.0,560.0
9942,562,True,-12,0.0,561.0
9943,562,True,-11,0.0,562.0
9944,562,True,-10,0.0,563.0
9945,562,True,-9,0.0,564.0
9946,562,True,-8,0.0,565.0
9947,562,True,-7,0.0,566.0
9948,562,True,-6,0.0,567.0
9949,562,True,-5,0.0,568.0
9950,562,True,-4,222.0,569.0
9951,562,True,-3,102.0,570.0
9952,562,True,-2,24.0,571.0
9953,562,True,-1,67.0,572.0
9954,562,True,0,25.0,573.0
9955,562,True,1,69.0,574.0
9956,562,True,2,89.0,575.0
9957,562,True,3,7.0,576.0
9958,562,True,4,6.0,577.0
9959,562,True,5,6.0,578.0
9960,562,True,6,3.0,579.0
9961,562,True,7,1.0,580.0
9962,562,True,8,0.0,581.0
9963,562,True,9,6.0,582.0
9964,562,True,10,35.0,583.0
9965,562,True,11,4.0,584.0
9966,562,True,12,7.0,585.0
9967,562,True,13,3.0,586.0
9968,564,False,-14,886.0,559.0
9969,564,False,-13,1089.0,560.0
9970,564,False,-12,881.0,561.0
9971,564,False,-11,1149.0,562.0
9972,564,False,-10,3686.0,563.0
9973,564,False,-9,3083.0,564.0
9974,564,False,-8,6236.0,565.0
9975,564,False,-7,4869.0,566.0
9976,564,False,-6,5894.0,567.0
9977,564,False,-5,5245.0,568.0
9978,564,False,-4,6714.0,569.0
9979,564,False,-3,5377.0,570.0
9980,564,False,-2,3855.0,571.0
9981,564,False,-1,13359.0,572.0
9982,564,False,0,8729.0,573.0
9983,564,False,1,2734.0,574.0
9984,564,False,2,1257.0,575.0
9985,564,False,3,2830.0,576.0
9986,564,False,4,1326.0,577.0
9987,564,False,5,952.0,578.0
9988,564,False,6,702.0,579.0
9989,564,False,7,501.0,580.0
9990,564,False,8,1531.0,581.0
9991,564,False,9,1723.0,582.0
9992,564,False,10,1274.0,583.0
9993,564,False,11,849.0,584.0
9994,564,False,12,885.0,585.0
9995,564,False,13,1979.0,586.0
9996,564,True,-14,61.0,559.0
9997,564,True,-13,57.0,560.0
9998,564,True,-12,57.0,561.0
9999,564,True,-11,94.0,562.0
10000,564,True,-10,254.0,563.0
10001,564,True,-9,221.0,564.0
10002,564,True,-8,414.0,565.0
10003,564,True,-7,265.0,566.0
10004,564,True,-6,337.0,567.0
10005,564,True,-5,361.0,568.0
10006,564,True,-4,566.0,569.0
10007,564,True,-3,220.0,570.0
10008,564,True,-2,218.0,571.0
10009,564,True,-1,735.0,572.0
10010,564,True,0,454.0,573.0
10011,564,True,1,96.0,574.0
10012,564,True,2,52.0,575.0
10013,564,True,3,85.0,576.0
10014,564,True,4,53.0,577.0
10015,564,True,5,41.0,578.0
10016,564,True,6,23.0,579.0
10017,564,True,7,12.0,580.0
10018,564,True,8,35.0,581.0
10019,564,True,9,39.0,582.0
10020,564,True,10,45.0,583.0
10021,564,True,11,30.0,584.0
10022,564,True,12,30.0,585.0
10023,564,True,13,114.0,586.0
10024,565,False,-14,0.0,-9.0
10025,565,False,-13,0.0,-8.0
10026,565,False,-12,0.0,-7.0
10027,565,False,-11,0.0,-6.0
10028,565,False,-10,0.0,-5.0
10029,565,False,-9,0.0,-4.0
10030,565,False,-8,0.0,-3.0
10031,565,False,-7,0.0,-2.0
10032,565,False,-6,1.0,-1.0
10033,565,False,-5,4.0,0.0
10034,565,False,-4,1.0,1.0
10035,565,False,-3,1.0,2.0
10036,565,False,-2,2.0,3.0
10037,565,False,-1,1.0,4.0
10038,565,False,0,0.0,5.0
10039,565,False,1,0.0,6.0
10040,565,False,2,3.0,7.0
10041,565,False,3,1.0,8.0
10042,565,False,4,1.0,9.0
10043,565,False,5,0.0,10.0
10044,565,False,6,4.0,11.0
10045,565,False,7,1.0,12.0
10046,565,False,8,0.0,13.0
10047,565,False,9,1.0,14.0
10048,565,False,10,0.0,15.0
10049,565,False,11,0.0,16.0
10050,565,False,12,0.0,17.0
10051,565,False,13,2.0,18.0
10052,565,True,-14,0.0,-9.0
10053,565,True,-13,0.0,-8.0
10054,565,True,-12,0.0,-7.0
10055,565,True,-11,0.0,-6.0
10056,565,True,-10,0.0,-5.0
10057,565,True,-9,0.0,-4.0
10058,565,True,-8,0.0,-3.0
10059,565,True,-7,0.0,-2.0
10060,565,True,-6,1.0,-1.0
10061,565,True,-5,3.0,0.0
10062,565,True,-4,4.0,1.0
10063,565,True,-3,1.0,2.0
10064,565,True,-2,2.0,3.0
10065,565,True,-1,1.0,4.0
10066,565,True,0,4.0,5.0
10067,565,True,1,0.0,6.0
10068,565,True,2,1.0,7.0
10069,565,True,3,0.0,8.0
10070,565,True,4,0.0,9.0
10071,565,True,5,0.0,10.0
10072,565,True,6,0.0,11.0
10073,565,True,7,0.0,12.0
10074,565,True,8,0.0,13.0
10075,565,True,9,0.0,14.0
10076,565,True,10,0.0,15.0
10077,565,True,11,0.0,16.0
10078,565,True,12,0.0,17.0
10079,565,True,13,0.0,18.0
10080,568,False,-14,34.0,5.0
10081,568,False,-13,21.0,6.0
10082,568,False,-12,27.0,7.0
10083,568,False,-11,15.0,8.0
10084,568,False,-10,23.0,9.0
10085,568,False,-9,39.0,10.0
10086,568,False,-8,34.0,11.0
10087,568,False,-7,54.0,12.0
10088,568,False,-6,40.0,13.0
10089,568,False,-5,38.0,14.0
10090,568,False,-4,79.0,15.0
10091,568,False,-3,31.0,16.0
10092,568,False,-2,23.0,17.0
10093,568,False,-1,63.0,18.0
10094,568,False,0,46.0,19.0
10095,568,False,1,23.0,20.0
10096,568,False,2,11.0,21.0
10097,568,False,3,20.0,22.0
10098,568,False,4,24.0,23.0
10099,568,False,5,30.0,24.0
10100,568,False,6,46.0,25.0
10101,568,False,7,27.0,26.0
10102,568,False,8,22.0,27.0
10103,568,False,9,26.0,28.0
10104,568,False,10,23.0,29.0
10105,568,False,11,9.0,30.0
10106,568,False,12,12.0,31.0
10107,568,False,13,24.0,32.0
10108,568,True,-14,5.0,5.0
10109,568,True,-13,4.0,6.0
10110,568,True,-12,5.0,7.0
10111,568,True,-11,4.0,8.0
10112,568,True,-10,4.0,9.0
10113,568,True,-9,6.0,10.0
10114,568,True,-8,8.0,11.0
10115,568,True,-7,7.0,12.0
10116,568,True,-6,6.0,13.0
10117,568,True,-5,5.0,14.0
10118,568,True,-4,16.0,15.0
10119,568,True,-3,5.0,16.0
10120,568,True,-2,3.0,17.0
10121,568,True,-1,8.0,18.0
10122,568,True,0,7.0,19.0
10123,568,True,1,2.0,20.0
10124,568,True,2,1.0,21.0
10125,568,True,3,2.0,22.0
10126,568,True,4,5.0,23.0
10127,568,True,5,10.0,24.0
10128,568,True,6,2.0,25.0
10129,568,True,7,2.0,26.0
10130,568,True,8,3.0,27.0
10131,568,True,9,1.0,28.0
10132,568,True,10,1.0,29.0
10133,568,True,11,0.0,30.0
10134,568,True,12,0.0,31.0
10135,568,True,13,0.0,32.0
10136,573,False,-14,2.0,553.0
10137,573,False,-13,8.0,554.0
10138,573,False,-12,7.0,555.0
10139,573,False,-11,2.0,556.0
10140,573,False,-10,17.0,557.0
10141,573,False,-9,18.0,558.0
10142,573,False,-8,28.0,559.0
10143,573,False,-7,89.0,560.0
10144,573,False,-6,107.0,561.0
10145,573,False,-5,137.0,562.0
10146,573,False,-4,400.0,563.0
10147,573,False,-3,312.0,564.0
10148,573,False,-2,360.0,565.0
10149,573,False,-1,578.0,566.0
10150,573,False,0,741.0,567.0
10151,573,False,1,248.0,568.0
10152,573,False,2,169.0,569.0
10153,573,False,3,128.0,570.0
10154,573,False,4,135.0,571.0
10155,573,False,5,97.0,572.0
10156,573,False,6,559.0,573.0
10157,573,False,7,3304.0,574.0
10158,573,False,8,2601.0,575.0
10159,573,False,9,277.0,576.0
10160,573,False,10,155.0,577.0
10161,573,False,11,750.0,578.0
10162,573,False,12,220.0,579.0
10163,573,False,13,166.0,580.0
10164,573,True,-14,0.0,553.0
10165,573,True,-13,0.0,554.0
10166,573,True,-12,1.0,555.0
10167,573,True,-11,2.0,556.0
10168,573,True,-10,6.0,557.0
10169,573,True,-9,2.0,558.0
10170,573,True,-8,4.0,559.0
10171,573,True,-7,19.0,560.0
10172,573,True,-6,21.0,561.0
10173,573,True,-5,26.0,562.0
10174,573,True,-4,47.0,563.0
10175,573,True,-3,54.0,564.0
10176,573,True,-2,42.0,565.0
10177,573,True,-1,104.0,566.0
10178,573,True,0,56.0,567.0
10179,573,True,1,15.0,568.0
10180,573,True,2,10.0,569.0
10181,573,True,3,6.0,570.0
10182,573,True,4,3.0,571.0
10183,573,True,5,1.0,572.0
10184,573,True,6,50.0,573.0
10185,573,True,7,301.0,574.0
10186,573,True,8,119.0,575.0
10187,573,True,9,11.0,576.0
10188,573,True,10,6.0,577.0
10189,573,True,11,25.0,578.0
10190,573,True,12,7.0,579.0
10191,573,True,13,3.0,580.0
10192,575,False,-14,0.0,-14.0
10193,575,False,-13,0.0,-13.0
10194,575,False,-12,0.0,-12.0
10195,575,False,-11,0.0,-11.0
10196,575,False,-10,0.0,-10.0
10197,575,False,-9,0.0,-9.0
10198,575,False,-8,0.0,-8.0
10199,575,False,-7,0.0,-7.0
10200,575,False,-6,0.0,-6.0
10201,575,False,-5,0.0,-5.0
10202,575,False,-4,0.0,-4.0
10203,575,False,-3,0.0,-3.0
10204,575,False,-2,0.0,-2.0
10205,575,False,-1,0.0,-1.0
10206,575,False,0,58.0,0.0
10207,575,False,1,17.0,1.0
10208,575,False,2,10.0,2.0
10209,575,False,3,7.0,3.0
10210,575,False,4,53.0,4.0
10211,575,False,5,18.0,5.0
10212,575,False,6,4.0,6.0
10213,575,False,7,6.0,7.0
10214,575,False,8,3.0,8.0
10215,575,False,9,3.0,9.0
10216,575,False,10,5.0,10.0
10217,575,False,11,3.0,11.0
10218,575,False,12,8.0,12.0
10219,575,False,13,8.0,13.0
10220,575,True,-14,0.0,-14.0
10221,575,True,-13,0.0,-13.0
10222,575,True,-12,0.0,-12.0
10223,575,True,-11,0.0,-11.0
10224,575,True,-10,0.0,-10.0
10225,575,True,-9,0.0,-9.0
10226,575,True,-8,0.0,-8.0
10227,575,True,-7,0.0,-7.0
10228,575,True,-6,0.0,-6.0
10229,575,True,-5,0.0,-5.0
10230,575,True,-4,0.0,-4.0
10231,575,True,-3,0.0,-3.0
10232,575,True,-2,0.0,-2.0
10233,575,True,-1,0.0,-1.0
10234,575,True,0,24.0,0.0
10235,575,True,1,7.0,1.0
10236,575,True,2,0.0,2.0
10237,575,True,3,0.0,3.0
10238,575,True,4,6.0,4.0
10239,575,True,5,0.0,5.0
10240,575,True,6,0.0,6.0
10241,575,True,7,1.0,7.0
10242,575,True,8,0.0,8.0
10243,575,True,9,0.0,9.0
10244,575,True,10,0.0,10.0
10245,575,True,11,0.0,11.0
10246,575,True,12,0.0,12.0
10247,575,True,13,0.0,13.0
10248,577,False,-14,0.0,707.0
10249,577,False,-13,0.0,708.0
10250,577,False,-12,0.0,709.0
10251,577,False,-11,0.0,710.0
10252,577,False,-10,0.0,711.0
10253,577,False,-9,0.0,712.0
10254,577,False,-8,0.0,713.0
10255,577,False,-7,0.0,714.0
10256,577,False,-6,0.0,715.0
10257,577,False,-5,0.0,716.0
10258,577,False,-4,0.0,717.0
10259,577,False,-3,0.0,718.0
10260,577,False,-2,0.0,719.0
10261,577,False,-1,0.0,720.0
10262,577,False,0,1.0,721.0
10263,577,False,1,0.0,722.0
10264,577,False,2,0.0,723.0
10265,577,False,3,1.0,724.0
10266,577,False,4,0.0,725.0
10267,577,False,5,0.0,726.0
10268,577,False,6,0.0,727.0
10269,577,False,7,0.0,728.0
10270,577,False,8,0.0,729.0
10271,577,False,9,0.0,730.0
10272,577,False,10,0.0,731.0
10273,577,False,11,0.0,732.0
10274,577,False,12,2.0,733.0
10275,577,False,13,0.0,734.0
10276,577,True,-14,0.0,707.0
10277,577,True,-13,0.0,708.0
10278,577,True,-12,0.0,709.0
10279,577,True,-11,0.0,710.0
10280,577,True,-10,0.0,711.0
10281,577,True,-9,0.0,712.0
10282,577,True,-8,0.0,713.0
10283,577,True,-7,0.0,714.0
10284,577,True,-6,0.0,715.0
10285,577,True,-5,0.0,716.0
10286,577,True,-4,0.0,717.0
10287,577,True,-3,0.0,718.0
10288,577,True,-2,0.0,719.0
10289,577,True,-1,0.0,720.0
10290,577,True,0,1.0,721.0
10291,577,True,1,0.0,722.0
10292,577,True,2,0.0,723.0
10293,577,True,3,0.0,724.0
10294,577,True,4,0.0,725.0
10295,577,True,5,0.0,726.0
10296,577,True,6,0.0,727.0
10297,577,True,7,0.0,728.0
10298,577,True,8,0.0,729.0
10299,577,True,9,0.0,730.0
10300,577,True,10,0.0,731.0
10301,577,True,11,0.0,732.0
10302,577,True,12,0.0,733.0
10303,577,True,13,0.0,734.0
10304,583,False,-14,251.0,573.0
10305,583,False,-13,99.0,574.0
10306,583,False,-12,47.0,575.0
10307,583,False,-11,89.0,576.0
10308,583,False,-10,55.0,577.0
10309,583,False,-9,76.0,578.0
10310,583,False,-8,51.0,579.0
10311,583,False,-7,29.0,580.0
10312,583,False,-6,16.0,581.0
10313,583,False,-5,17.0,582.0
10314,583,False,-4,24.0,583.0
10315,583,False,-3,31.0,584.0
10316,583,False,-2,35.0,585.0
10317,583,False,-1,271.0,586.0
10318,583,False,0,220.0,587.0
10319,583,False,1,221.0,588.0
10320,583,False,2,137.0,589.0
10321,583,False,3,103.0,590.0
10322,583,False,4,87.0,591.0
10323,583,False,5,62.0,592.0
10324,583,False,6,75.0,593.0
10325,583,False,7,191.0,594.0
10326,583,False,8,239.0,595.0
10327,583,False,9,93.0,596.0
10328,583,False,10,116.0,597.0
10329,583,False,11,62.0,598.0
10330,583,False,12,54.0,599.0
10331,583,False,13,54.0,600.0
10332,583,True,-14,40.0,573.0
10333,583,True,-13,7.0,574.0
10334,583,True,-12,5.0,575.0
10335,583,True,-11,17.0,576.0
10336,583,True,-10,10.0,577.0
10337,583,True,-9,17.0,578.0
10338,583,True,-8,16.0,579.0
10339,583,True,-7,3.0,580.0
10340,583,True,-6,2.0,581.0
10341,583,True,-5,1.0,582.0
10342,583,True,-4,7.0,583.0
10343,583,True,-3,5.0,584.0
10344,583,True,-2,7.0,585.0
10345,583,True,-1,50.0,586.0
10346,583,True,0,50.0,587.0
10347,583,True,1,29.0,588.0
10348,583,True,2,18.0,589.0
10349,583,True,3,19.0,590.0
10350,583,True,4,16.0,591.0
10351,583,True,5,12.0,592.0
10352,583,True,6,17.0,593.0
10353,583,True,7,31.0,594.0
10354,583,True,8,61.0,595.0
10355,583,True,9,13.0,596.0
10356,583,True,10,17.0,597.0
10357,583,True,11,6.0,598.0
10358,583,True,12,2.0,599.0
10359,583,True,13,7.0,600.0
10360,585,False,-14,26.0,561.0
10361,585,False,-13,61.0,562.0
10362,585,False,-12,175.0,563.0
10363,585,False,-11,182.0,564.0
10364,585,False,-10,191.0,565.0
10365,585,False,-9,409.0,566.0
10366,585,False,-8,322.0,567.0
10367,585,False,-7,188.0,568.0
10368,585,False,-6,107.0,569.0
10369,585,False,-5,128.0,570.0
10370,585,False,-4,149.0,571.0
10371,585,False,-3,119.0,572.0
10372,585,False,-2,112.0,573.0
10373,585,False,-1,406.0,574.0
10374,585,False,0,244.0,575.0
10375,585,False,1,89.0,576.0
10376,585,False,2,68.0,577.0
10377,585,False,3,97.0,578.0
10378,585,False,4,135.0,579.0
10379,585,False,5,37.0,580.0
10380,585,False,6,37.0,581.0
10381,585,False,7,39.0,582.0
10382,585,False,8,28.0,583.0
10383,585,False,9,42.0,584.0
10384,585,False,10,53.0,585.0
10385,585,False,11,32.0,586.0
10386,585,False,12,31.0,587.0
10387,585,False,13,24.0,588.0
10388,585,True,-14,10.0,561.0
10389,585,True,-13,13.0,562.0
10390,585,True,-12,71.0,563.0
10391,585,True,-11,67.0,564.0
10392,585,True,-10,60.0,565.0
10393,585,True,-9,100.0,566.0
10394,585,True,-8,193.0,567.0
10395,585,True,-7,57.0,568.0
10396,585,True,-6,24.0,569.0
10397,585,True,-5,24.0,570.0
10398,585,True,-4,24.0,571.0
10399,585,True,-3,15.0,572.0
10400,585,True,-2,19.0,573.0
10401,585,True,-1,81.0,574.0
10402,585,True,0,63.0,575.0
10403,585,True,1,12.0,576.0
10404,585,True,2,15.0,577.0
10405,585,True,3,18.0,578.0
10406,585,True,4,17.0,579.0
10407,585,True,5,4.0,580.0
10408,585,True,6,2.0,581.0
10409,585,True,7,3.0,582.0
10410,585,True,8,2.0,583.0
10411,585,True,9,3.0,584.0
10412,585,True,10,4.0,585.0
10413,585,True,11,2.0,586.0
10414,585,True,12,2.0,587.0
10415,585,True,13,2.0,588.0
10416,586,False,-14,0.0,533.0
10417,586,False,-13,0.0,534.0
10418,586,False,-12,2.0,535.0
10419,586,False,-11,1.0,536.0
10420,586,False,-10,0.0,537.0
10421,586,False,-9,0.0,538.0
10422,586,False,-8,0.0,539.0
10423,586,False,-7,0.0,540.0
10424,586,False,-6,0.0,541.0
10425,586,False,-5,0.0,542.0
10426,586,False,-4,0.0,543.0
10427,586,False,-3,0.0,544.0
10428,586,False,-2,0.0,545.0
10429,586,False,-1,0.0,546.0
10430,586,False,0,5.0,547.0
10431,586,False,1,2.0,548.0
10432,586,False,2,0.0,549.0
10433,586,False,3,1.0,550.0
10434,586,False,4,0.0,551.0
10435,586,False,5,0.0,552.0
10436,586,False,6,2.0,553.0
10437,586,False,7,0.0,554.0
10438,586,False,8,0.0,555.0
10439,586,False,9,1.0,556.0
10440,586,False,10,0.0,557.0
10441,586,False,11,1.0,558.0
10442,586,False,12,4.0,559.0
10443,586,False,13,1.0,560.0
10444,586,True,-14,0.0,533.0
10445,586,True,-13,0.0,534.0
10446,586,True,-12,0.0,535.0
10447,586,True,-11,0.0,536.0
10448,586,True,-10,0.0,537.0
10449,586,True,-9,1.0,538.0
10450,586,True,-8,0.0,539.0
10451,586,True,-7,1.0,540.0
10452,586,True,-6,0.0,541.0
10453,586,True,-5,0.0,542.0
10454,586,True,-4,0.0,543.0
10455,586,True,-3,0.0,544.0
10456,586,True,-2,0.0,545.0
10457,586,True,-1,0.0,546.0
10458,586,True,0,1.0,547.0
10459,586,True,1,1.0,548.0
10460,586,True,2,0.0,549.0
10461,586,True,3,0.0,550.0
10462,586,True,4,1.0,551.0
10463,586,True,5,0.0,552.0
10464,586,True,6,0.0,553.0
10465,586,True,7,0.0,554.0
10466,586,True,8,0.0,555.0
10467,586,True,9,0.0,556.0
10468,586,True,10,0.0,557.0
10469,586,True,11,2.0,558.0
10470,586,True,12,0.0,559.0
10471,586,True,13,1.0,560.0
10472,591,False,-14,0.0,-13.0
10473,591,False,-13,1.0,-12.0
10474,591,False,-12,3.0,-11.0
10475,591,False,-11,2.0,-10.0
10476,591,False,-10,0.0,-9.0
10477,591,False,-9,0.0,-8.0
10478,591,False,-8,0.0,-7.0
10479,591,False,-7,2.0,-6.0
10480,591,False,-6,3.0,-5.0
10481,591,False,-5,5.0,-4.0
10482,591,False,-4,4.0,-3.0
10483,591,False,-3,9.0,-2.0
10484,591,False,-2,20.0,-1.0
10485,591,False,-1,12.0,0.0
10486,591,False,0,32.0,1.0
10487,591,False,1,18.0,2.0
10488,591,False,2,15.0,3.0
10489,591,False,3,12.0,4.0
10490,591,False,4,13.0,5.0
10491,591,False,5,11.0,6.0
10492,591,False,6,13.0,7.0
10493,591,False,7,10.0,8.0
10494,591,False,8,2.0,9.0
10495,591,False,9,5.0,10.0
10496,591,False,10,7.0,11.0
10497,591,False,11,2.0,12.0
10498,591,False,12,4.0,13.0
10499,591,False,13,6.0,14.0
10500,591,True,-14,0.0,-13.0
10501,591,True,-13,0.0,-12.0
10502,591,True,-12,0.0,-11.0
10503,591,True,-11,0.0,-10.0
10504,591,True,-10,0.0,-9.0
10505,591,True,-9,0.0,-8.0
10506,591,True,-8,0.0,-7.0
10507,591,True,-7,0.0,-6.0
10508,591,True,-6,0.0,-5.0
10509,591,True,-5,0.0,-4.0
10510,591,True,-4,0.0,-3.0
10511,591,True,-3,0.0,-2.0
10512,591,True,-2,0.0,-1.0
10513,591,True,-1,9.0,0.0
10514,591,True,0,6.0,1.0
10515,591,True,1,2.0,2.0
10516,591,True,2,1.0,3.0
10517,591,True,3,0.0,4.0
10518,591,True,4,0.0,5.0
10519,591,True,5,4.0,6.0
10520,591,True,6,1.0,7.0
10521,591,True,7,1.0,8.0
10522,591,True,8,2.0,9.0
10523,591,True,9,1.0,10.0
10524,591,True,10,1.0,11.0
10525,591,True,11,0.0,12.0
10526,591,True,12,0.0,13.0
10527,591,True,13,2.0,14.0
10528,597,False,-14,0.0,-10.0
10529,597,False,-13,0.0,-9.0
10530,597,False,-12,0.0,-8.0
10531,597,False,-11,0.0,-7.0
10532,597,False,-10,0.0,-6.0
10533,597,False,-9,0.0,-5.0
10534,597,False,-8,0.0,-4.0
10535,597,False,-7,0.0,-3.0
10536,597,False,-6,0.0,-2.0
10537,597,False,-5,381.0,-1.0
10538,597,False,-4,130.0,0.0
10539,597,False,-3,125.0,1.0
10540,597,False,-2,53.0,2.0
10541,597,False,-1,31.0,3.0
10542,597,False,0,29.0,4.0
10543,597,False,1,24.0,5.0
10544,597,False,2,21.0,6.0
10545,597,False,3,20.0,7.0
10546,597,False,4,15.0,8.0
10547,597,False,5,27.0,9.0
10548,597,False,6,32.0,10.0
10549,597,False,7,14.0,11.0
10550,597,False,8,6.0,12.0
10551,597,False,9,11.0,13.0
10552,597,False,10,30.0,14.0
10553,597,False,11,10.0,15.0
10554,597,False,12,8.0,16.0
10555,597,False,13,29.0,17.0
10556,597,True,-14,0.0,-10.0
10557,597,True,-13,0.0,-9.0
10558,597,True,-12,0.0,-8.0
10559,597,True,-11,0.0,-7.0
10560,597,True,-10,0.0,-6.0
10561,597,True,-9,0.0,-5.0
10562,597,True,-8,0.0,-4.0
10563,597,True,-7,0.0,-3.0
10564,597,True,-6,0.0,-2.0
10565,597,True,-5,34.0,-1.0
10566,597,True,-4,34.0,0.0
10567,597,True,-3,21.0,1.0
10568,597,True,-2,15.0,2.0
10569,597,True,-1,3.0,3.0
10570,597,True,0,6.0,4.0
10571,597,True,1,4.0,5.0
10572,597,True,2,0.0,6.0
10573,597,True,3,0.0,7.0
10574,597,True,4,2.0,8.0
10575,597,True,5,3.0,9.0
10576,597,True,6,3.0,10.0
10577,597,True,7,0.0,11.0
10578,597,True,8,0.0,12.0
10579,597,True,9,0.0,13.0
10580,597,True,10,1.0,14.0
10581,597,True,11,0.0,15.0
10582,597,True,12,0.0,16.0
10583,597,True,13,0.0,17.0
10584,603,False,-14,0.0,555.0
10585,603,False,-13,0.0,556.0
10586,603,False,-12,0.0,557.0
10587,603,False,-11,0.0,558.0
10588,603,False,-10,0.0,559.0
10589,603,False,-9,0.0,560.0
10590,603,False,-8,0.0,561.0
10591,603,False,-7,0.0,562.0
10592,603,False,-6,0.0,563.0
10593,603,False,-5,0.0,564.0
10594,603,False,-4,0.0,565.0
10595,603,False,-3,18.0,566.0
10596,603,False,-2,46.0,567.0
10597,603,False,-1,22.0,568.0
10598,603,False,0,24.0,569.0
10599,603,False,1,5.0,570.0
10600,603,False,2,2.0,571.0
10601,603,False,3,8.0,572.0
10602,603,False,4,5.0,573.0
10603,603,False,5,2.0,574.0
10604,603,False,6,2.0,575.0
10605,603,False,7,5.0,576.0
10606,603,False,8,2.0,577.0
10607,603,False,9,5.0,578.0
10608,603,False,10,0.0,579.0
10609,603,False,11,0.0,580.0
10610,603,False,12,0.0,581.0
10611,603,False,13,0.0,582.0
10612,603,True,-14,0.0,555.0
10613,603,True,-13,0.0,556.0
10614,603,True,-12,0.0,557.0
10615,603,True,-11,0.0,558.0
10616,603,True,-10,0.0,559.0
10617,603,True,-9,0.0,560.0
10618,603,True,-8,0.0,561.0
10619,603,True,-7,0.0,562.0
10620,603,True,-6,0.0,563.0
10621,603,True,-5,0.0,564.0
10622,603,True,-4,0.0,565.0
10623,603,True,-3,2.0,566.0
10624,603,True,-2,5.0,567.0
10625,603,True,-1,2.0,568.0
10626,603,True,0,9.0,569.0
10627,603,True,1,1.0,570.0
10628,603,True,2,2.0,571.0
10629,603,True,3,1.0,572.0
10630,603,True,4,2.0,573.0
10631,603,True,5,0.0,574.0
10632,603,True,6,0.0,575.0
10633,603,True,7,0.0,576.0
10634,603,True,8,1.0,577.0
10635,603,True,9,0.0,578.0
10636,603,True,10,0.0,579.0
10637,603,True,11,0.0,580.0
10638,603,True,12,0.0,581.0
10639,603,True,13,0.0,582.0
10640,605,False,-14,2.0,565.0
10641,605,False,-13,13.0,566.0
10642,605,False,-12,10.0,567.0
10643,605,False,-11,21.0,568.0
10644,605,False,-10,6.0,569.0
10645,605,False,-9,5.0,570.0
10646,605,False,-8,3.0,571.0
10647,605,False,-7,160.0,572.0
10648,605,False,-6,64.0,573.0
10649,605,False,-5,33.0,574.0
10650,605,False,-4,32.0,575.0
10651,605,False,-3,23.0,576.0
10652,605,False,-2,18.0,577.0
10653,605,False,-1,285.0,578.0
10654,605,False,0,65.0,579.0
10655,605,False,1,250.0,580.0
10656,605,False,2,19.0,581.0
10657,605,False,3,112.0,582.0
10658,605,False,4,37.0,583.0
10659,605,False,5,15.0,584.0
10660,605,False,6,7.0,585.0
10661,605,False,7,12.0,586.0
10662,605,False,8,31.0,587.0
10663,605,False,9,11.0,588.0
10664,605,False,10,11.0,589.0
10665,605,False,11,15.0,590.0
10666,605,False,12,16.0,591.0
10667,605,False,13,5.0,592.0
10668,605,True,-14,3.0,565.0
10669,605,True,-13,1.0,566.0
10670,605,True,-12,0.0,567.0
10671,605,True,-11,5.0,568.0
10672,605,True,-10,1.0,569.0
10673,605,True,-9,0.0,570.0
10674,605,True,-8,1.0,571.0
10675,605,True,-7,17.0,572.0
10676,605,True,-6,10.0,573.0
10677,605,True,-5,7.0,574.0
10678,605,True,-4,7.0,575.0
10679,605,True,-3,3.0,576.0
10680,605,True,-2,3.0,577.0
10681,605,True,-1,85.0,578.0
10682,605,True,0,16.0,579.0
10683,605,True,1,47.0,580.0
10684,605,True,2,2.0,581.0
10685,605,True,3,9.0,582.0
10686,605,True,4,9.0,583.0
10687,605,True,5,3.0,584.0
10688,605,True,6,2.0,585.0
10689,605,True,7,1.0,586.0
10690,605,True,8,5.0,587.0
10691,605,True,9,3.0,588.0
10692,605,True,10,0.0,589.0
10693,605,True,11,2.0,590.0
10694,605,True,12,2.0,591.0
10695,605,True,13,2.0,592.0
10696,606,False,-14,2.0,648.0
10697,606,False,-13,1.0,649.0
10698,606,False,-12,0.0,650.0
10699,606,False,-11,1.0,651.0
10700,606,False,-10,1.0,652.0
10701,606,False,-9,4.0,653.0
10702,606,False,-8,3.0,654.0
10703,606,False,-7,2.0,655.0
10704,606,False,-6,1.0,656.0
10705,606,False,-5,4.0,657.0
10706,606,False,-4,1.0,658.0
10707,606,False,-3,3.0,659.0
10708,606,False,-2,2.0,660.0
10709,606,False,-1,10.0,661.0
10710,606,False,0,65.0,662.0
10711,606,False,1,10.0,663.0
10712,606,False,2,3.0,664.0
10713,606,False,3,8.0,665.0
10714,606,False,4,2.0,666.0
10715,606,False,5,2.0,667.0
10716,606,False,6,1.0,668.0
10717,606,False,7,3.0,669.0
10718,606,False,8,11.0,670.0
10719,606,False,9,4.0,671.0
10720,606,False,10,2.0,672.0
10721,606,False,11,1.0,673.0
10722,606,False,12,3.0,674.0
10723,606,False,13,1.0,675.0
10724,606,True,-14,1.0,648.0
10725,606,True,-13,0.0,649.0
10726,606,True,-12,0.0,650.0
10727,606,True,-11,2.0,651.0
10728,606,True,-10,0.0,652.0
10729,606,True,-9,0.0,653.0
10730,606,True,-8,1.0,654.0
10731,606,True,-7,1.0,655.0
10732,606,True,-6,1.0,656.0
10733,606,True,-5,2.0,657.0
10734,606,True,-4,1.0,658.0
10735,606,True,-3,3.0,659.0
10736,606,True,-2,1.0,660.0
10737,606,True,-1,4.0,661.0
10738,606,True,0,24.0,662.0
10739,606,True,1,5.0,663.0
10740,606,True,2,1.0,664.0
10741,606,True,3,1.0,665.0
10742,606,True,4,0.0,666.0
10743,606,True,5,0.0,667.0
10744,606,True,6,1.0,668.0
10745,606,True,7,1.0,669.0
10746,606,True,8,1.0,670.0
10747,606,True,9,1.0,671.0
10748,606,True,10,1.0,672.0
10749,606,True,11,1.0,673.0
10750,606,True,12,0.0,674.0
10751,606,True,13,0.0,675.0
10752,609,False,-14,0.0,552.0
10753,609,False,-13,0.0,553.0
10754,609,False,-12,0.0,554.0
10755,609,False,-11,1.0,555.0
10756,609,False,-10,2.0,556.0
10757,609,False,-9,1.0,557.0
10758,609,False,-8,0.0,558.0
10759,609,False,-7,1.0,559.0
10760,609,False,-6,0.0,560.0
10761,609,False,-5,0.0,561.0
10762,609,False,-4,0.0,562.0
10763,609,False,-3,2.0,563.0
10764,609,False,-2,2.0,564.0
10765,609,False,-1,0.0,565.0
10766,609,False,0,1.0,566.0
10767,609,False,1,12.0,567.0
10768,609,False,2,13.0,568.0
10769,609,False,3,4.0,569.0
10770,609,False,4,2.0,570.0
10771,609,False,5,4.0,571.0
10772,609,False,6,2.0,572.0
10773,609,False,7,9.0,573.0
10774,609,False,8,7.0,574.0
10775,609,False,9,4.0,575.0
10776,609,False,10,4.0,576.0
10777,609,False,11,15.0,577.0
10778,609,False,12,4.0,578.0
10779,609,False,13,5.0,579.0
10780,609,True,-14,0.0,552.0
10781,609,True,-13,0.0,553.0
10782,609,True,-12,0.0,554.0
10783,609,True,-11,0.0,555.0
10784,609,True,-10,0.0,556.0
10785,609,True,-9,0.0,557.0
10786,609,True,-8,0.0,558.0
10787,609,True,-7,0.0,559.0
10788,609,True,-6,0.0,560.0
10789,609,True,-5,0.0,561.0
10790,609,True,-4,0.0,562.0
10791,609,True,-3,0.0,563.0
10792,609,True,-2,0.0,564.0
10793,609,True,-1,0.0,565.0
10794,609,True,0,3.0,566.0
10795,609,True,1,3.0,567.0
10796,609,True,2,0.0,568.0
10797,609,True,3,0.0,569.0
10798,609,True,4,1.0,570.0
10799,609,True,5,1.0,571.0
10800,609,True,6,0.0,572.0
10801,609,True,7,0.0,573.0
10802,609,True,8,0.0,574.0
10803,609,True,9,0.0,575.0
10804,609,True,10,0.0,576.0
10805,609,True,11,0.0,577.0
10806,609,True,12,0.0,578.0
10807,609,True,13,1.0,579.0
10808,612,False,-14,0.0,-12.0
10809,612,False,-13,0.0,-11.0
10810,612,False,-12,0.0,-10.0
10811,612,False,-11,0.0,-9.0
10812,612,False,-10,0.0,-8.0
10813,612,False,-9,0.0,-7.0
10814,612,False,-8,13.0,-6.0
10815,612,False,-7,37.0,-5.0
10816,612,False,-6,17.0,-4.0
10817,612,False,-5,14.0,-3.0
10818,612,False,-4,6.0,-2.0
10819,612,False,-3,2.0,-1.0
10820,612,False,-2,7.0,0.0
10821,612,False,-1,7.0,1.0
10822,612,False,0,12.0,2.0
10823,612,False,1,4.0,3.0
10824,612,False,2,2.0,4.0
10825,612,False,3,5.0,5.0
10826,612,False,4,2.0,6.0
10827,612,False,5,12.0,7.0
10828,612,False,6,2.0,8.0
10829,612,False,7,0.0,9.0
10830,612,False,8,0.0,10.0
10831,612,False,9,1.0,11.0
10832,612,False,10,1.0,12.0
10833,612,False,11,0.0,13.0
10834,612,False,12,0.0,14.0
10835,612,False,13,1.0,15.0
10836,612,True,-14,0.0,-12.0
10837,612,True,-13,0.0,-11.0
10838,612,True,-12,0.0,-10.0
10839,612,True,-11,0.0,-9.0
10840,612,True,-10,0.0,-8.0
10841,612,True,-9,0.0,-7.0
10842,612,True,-8,0.0,-6.0
10843,612,True,-7,0.0,-5.0
10844,612,True,-6,0.0,-4.0
10845,612,True,-5,0.0,-3.0
10846,612,True,-4,0.0,-2.0
10847,612,True,-3,0.0,-1.0
10848,612,True,-2,1.0,0.0
10849,612,True,-1,6.0,1.0
10850,612,True,0,5.0,2.0
10851,612,True,1,1.0,3.0
10852,612,True,2,0.0,4.0
10853,612,True,3,0.0,5.0
10854,612,True,4,0.0,6.0
10855,612,True,5,3.0,7.0
10856,612,True,6,0.0,8.0
10857,612,True,7,0.0,9.0
10858,612,True,8,0.0,10.0
10859,612,True,9,0.0,11.0
10860,612,True,10,0.0,12.0
10861,612,True,11,0.0,13.0
10862,612,True,12,0.0,14.0
10863,612,True,13,0.0,15.0
10864,614,False,-14,0.0,602.0
10865,614,False,-13,0.0,603.0
10866,614,False,-12,0.0,604.0
10867,614,False,-11,0.0,605.0
10868,614,False,-10,0.0,606.0
10869,614,False,-9,0.0,607.0
10870,614,False,-8,0.0,608.0
10871,614,False,-7,0.0,609.0
10872,614,False,-6,0.0,610.0
10873,614,False,-5,0.0,611.0
10874,614,False,-4,0.0,612.0
10875,614,False,-3,0.0,613.0
10876,614,False,-2,0.0,614.0
10877,614,False,-1,0.0,615.0
10878,614,False,0,1.0,616.0
10879,614,False,1,0.0,617.0
10880,614,False,2,0.0,618.0
10881,614,False,3,0.0,619.0
10882,614,False,4,0.0,620.0
10883,614,False,5,0.0,621.0
10884,614,False,6,0.0,622.0
10885,614,False,7,0.0,623.0
10886,614,False,8,0.0,624.0
10887,614,False,9,0.0,625.0
10888,614,False,10,1.0,626.0
10889,614,False,11,0.0,627.0
10890,614,False,12,0.0,628.0
10891,614,False,13,0.0,629.0
10892,614,True,-14,0.0,602.0
10893,614,True,-13,0.0,603.0
10894,614,True,-12,0.0,604.0
10895,614,True,-11,0.0,605.0
10896,614,True,-10,0.0,606.0
10897,614,True,-9,0.0,607.0
10898,614,True,-8,0.0,608.0
10899,614,True,-7,0.0,609.0
10900,614,True,-6,0.0,610.0
10901,614,True,-5,0.0,611.0
10902,614,True,-4,0.0,612.0
10903,614,True,-3,0.0,613.0
10904,614,True,-2,0.0,614.0
10905,614,True,-1,0.0,615.0
10906,614,True,0,1.0,616.0
10907,614,True,1,0.0,617.0
10908,614,True,2,0.0,618.0
10909,614,True,3,0.0,619.0
10910,614,True,4,0.0,620.0
10911,614,True,5,0.0,621.0
10912,614,True,6,0.0,622.0
10913,614,True,7,0.0,623.0
10914,614,True,8,0.0,624.0
10915,614,True,9,0.0,625.0
10916,614,True,10,0.0,626.0
10917,614,True,11,0.0,627.0
10918,614,True,12,1.0,628.0
10919,614,True,13,0.0,629.0
10920,619,False,-14,0.0,-10.0
10921,619,False,-13,0.0,-9.0
10922,619,False,-12,0.0,-8.0
10923,619,False,-11,0.0,-7.0
10924,619,False,-10,0.0,-6.0
10925,619,False,-9,0.0,-5.0
10926,619,False,-8,0.0,-4.0
10927,619,False,-7,0.0,-3.0
10928,619,False,-6,7.0,-2.0
10929,619,False,-5,28.0,-1.0
10930,619,False,-4,12.0,0.0
10931,619,False,-3,9.0,1.0
10932,619,False,-2,10.0,2.0
10933,619,False,-1,15.0,3.0
10934,619,False,0,11.0,4.0
10935,619,False,1,2.0,5.0
10936,619,False,2,3.0,6.0
10937,619,False,3,8.0,7.0
10938,619,False,4,4.0,8.0
10939,619,False,5,6.0,9.0
10940,619,False,6,1.0,10.0
10941,619,False,7,10.0,11.0
10942,619,False,8,0.0,12.0
10943,619,False,9,9.0,13.0
10944,619,False,10,11.0,14.0
10945,619,False,11,7.0,15.0
10946,619,False,12,0.0,16.0
10947,619,False,13,4.0,17.0
10948,619,True,-14,0.0,-10.0
10949,619,True,-13,0.0,-9.0
10950,619,True,-12,0.0,-8.0
10951,619,True,-11,0.0,-7.0
10952,619,True,-10,0.0,-6.0
10953,619,True,-9,0.0,-5.0
10954,619,True,-8,0.0,-4.0
10955,619,True,-7,0.0,-3.0
10956,619,True,-6,0.0,-2.0
10957,619,True,-5,4.0,-1.0
10958,619,True,-4,3.0,0.0
10959,619,True,-3,5.0,1.0
10960,619,True,-2,5.0,2.0
10961,619,True,-1,5.0,3.0
10962,619,True,0,5.0,4.0
10963,619,True,1,1.0,5.0
10964,619,True,2,2.0,6.0
10965,619,True,3,7.0,7.0
10966,619,True,4,0.0,8.0
10967,619,True,5,0.0,9.0
10968,619,True,6,0.0,10.0
10969,619,True,7,6.0,11.0
10970,619,True,8,0.0,12.0
10971,619,True,9,2.0,13.0
10972,619,True,10,2.0,14.0
10973,619,True,11,0.0,15.0
10974,619,True,12,1.0,16.0
10975,619,True,13,2.0,17.0
10976,621,False,-14,0.0,-10.0
10977,621,False,-13,0.0,-9.0
10978,621,False,-12,0.0,-8.0
10979,621,False,-11,0.0,-7.0
10980,621,False,-10,0.0,-6.0
10981,621,False,-9,0.0,-5.0
10982,621,False,-8,0.0,-4.0
10983,621,False,-7,0.0,-3.0
10984,621,False,-6,0.0,-2.0
10985,621,False,-5,0.0,-1.0
10986,621,False,-4,705.0,0.0
10987,621,False,-3,347.0,1.0
10988,621,False,-2,266.0,2.0
10989,621,False,-1,330.0,3.0
10990,621,False,0,445.0,4.0
10991,621,False,1,389.0,5.0
10992,621,False,2,217.0,6.0
10993,621,False,3,226.0,7.0
10994,621,False,4,127.0,8.0
10995,621,False,5,139.0,9.0
10996,621,False,6,100.0,10.0
10997,621,False,7,145.0,11.0
10998,621,False,8,175.0,12.0
10999,621,False,9,113.0,13.0
11000,621,False,10,168.0,14.0
11001,621,False,11,134.0,15.0
11002,621,False,12,75.0,16.0
11003,621,False,13,90.0,17.0
11004,621,True,-14,0.0,-10.0
11005,621,True,-13,0.0,-9.0
11006,621,True,-12,0.0,-8.0
11007,621,True,-11,0.0,-7.0
11008,621,True,-10,0.0,-6.0
11009,621,True,-9,0.0,-5.0
11010,621,True,-8,0.0,-4.0
11011,621,True,-7,0.0,-3.0
11012,621,True,-6,0.0,-2.0
11013,621,True,-5,0.0,-1.0
11014,621,True,-4,71.0,0.0
11015,621,True,-3,53.0,1.0
11016,621,True,-2,29.0,2.0
11017,621,True,-1,38.0,3.0
11018,621,True,0,31.0,4.0
11019,621,True,1,21.0,5.0
11020,621,True,2,9.0,6.0
11021,621,True,3,9.0,7.0
11022,621,True,4,2.0,8.0
11023,621,True,5,3.0,9.0
11024,621,True,6,3.0,10.0
11025,621,True,7,7.0,11.0
11026,621,True,8,4.0,12.0
11027,621,True,9,1.0,13.0
11028,621,True,10,3.0,14.0
11029,621,True,11,5.0,15.0
11030,621,True,12,2.0,16.0
11031,621,True,13,3.0,17.0
11032,625,False,-14,0.0,636.0
11033,625,False,-13,1.0,637.0
11034,625,False,-12,0.0,638.0
11035,625,False,-11,1.0,639.0
11036,625,False,-10,1.0,640.0
11037,625,False,-9,0.0,641.0
11038,625,False,-8,0.0,642.0
11039,625,False,-7,0.0,643.0
11040,625,False,-6,0.0,644.0
11041,625,False,-5,0.0,645.0
11042,625,False,-4,0.0,646.0
11043,625,False,-3,0.0,647.0
11044,625,False,-2,1.0,648.0
11045,625,False,-1,0.0,649.0
11046,625,False,0,3.0,650.0
11047,625,False,1,1.0,651.0
11048,625,False,2,1.0,652.0
11049,625,False,3,0.0,653.0
11050,625,False,4,0.0,654.0
11051,625,False,5,0.0,655.0
11052,625,False,6,0.0,656.0
11053,625,False,7,0.0,657.0
11054,625,False,8,3.0,658.0
11055,625,False,9,0.0,659.0
11056,625,False,10,0.0,660.0
11057,625,False,11,0.0,661.0
11058,625,False,12,0.0,662.0
11059,625,False,13,1.0,663.0
11060,625,True,-14,0.0,636.0
11061,625,True,-13,0.0,637.0
11062,625,True,-12,0.0,638.0
11063,625,True,-11,0.0,639.0
11064,625,True,-10,0.0,640.0
11065,625,True,-9,0.0,641.0
11066,625,True,-8,0.0,642.0
11067,625,True,-7,0.0,643.0
11068,625,True,-6,0.0,644.0
11069,625,True,-5,0.0,645.0
11070,625,True,-4,0.0,646.0
11071,625,True,-3,0.0,647.0
11072,625,True,-2,0.0,648.0
11073,625,True,-1,1.0,649.0
11074,625,True,0,1.0,650.0
11075,625,True,1,0.0,651.0
11076,625,True,2,0.0,652.0
11077,625,True,3,0.0,653.0
11078,625,True,4,1.0,654.0
11079,625,True,5,0.0,655.0
11080,625,True,6,0.0,656.0
11081,625,True,7,0.0,657.0
11082,625,True,8,0.0,658.0
11083,625,True,9,0.0,659.0
11084,625,True,10,0.0,660.0
11085,625,True,11,0.0,661.0
11086,625,True,12,0.0,662.0
11087,625,True,13,0.0,663.0
11088,627,False,-14,0.0,592.0
11089,627,False,-13,1.0,593.0
11090,627,False,-12,0.0,594.0
11091,627,False,-11,1.0,595.0
11092,627,False,-10,1.0,596.0
11093,627,False,-9,0.0,597.0
11094,627,False,-8,0.0,598.0
11095,627,False,-7,1.0,599.0
11096,627,False,-6,0.0,600.0
11097,627,False,-5,0.0,601.0
11098,627,False,-4,0.0,602.0
11099,627,False,-3,1.0,603.0
11100,627,False,-2,3.0,604.0
11101,627,False,-1,2.0,605.0
11102,627,False,0,1.0,606.0
11103,627,False,1,1.0,607.0
11104,627,False,2,2.0,608.0
11105,627,False,3,0.0,609.0
11106,627,False,4,1.0,610.0
11107,627,False,5,1.0,611.0
11108,627,False,6,1.0,612.0
11109,627,False,7,0.0,613.0
11110,627,False,8,0.0,614.0
11111,627,False,9,0.0,615.0
11112,627,False,10,0.0,616.0
11113,627,False,11,0.0,617.0
11114,627,False,12,0.0,618.0
11115,627,False,13,0.0,619.0
11116,627,True,-14,0.0,592.0
11117,627,True,-13,0.0,593.0
11118,627,True,-12,0.0,594.0
11119,627,True,-11,0.0,595.0
11120,627,True,-10,0.0,596.0
11121,627,True,-9,0.0,597.0
11122,627,True,-8,0.0,598.0
11123,627,True,-7,0.0,599.0
11124,627,True,-6,0.0,600.0
11125,627,True,-5,0.0,601.0
11126,627,True,-4,2.0,602.0
11127,627,True,-3,0.0,603.0
11128,627,True,-2,1.0,604.0
11129,627,True,-1,0.0,605.0
11130,627,True,0,2.0,606.0
11131,627,True,1,0.0,607.0
11132,627,True,2,0.0,608.0
11133,627,True,3,0.0,609.0
11134,627,True,4,0.0,610.0
11135,627,True,5,0.0,611.0
11136,627,True,6,0.0,612.0
11137,627,True,7,0.0,613.0
11138,627,True,8,0.0,614.0
11139,627,True,9,0.0,615.0
11140,627,True,10,0.0,616.0
11141,627,True,11,0.0,617.0
11142,627,True,12,0.0,618.0
11143,627,True,13,0.0,619.0
11144,630,False,-14,1.0,763.0
11145,630,False,-13,9.0,764.0
11146,630,False,-12,3.0,765.0
11147,630,False,-11,5.0,766.0
11148,630,False,-10,5.0,767.0
11149,630,False,-9,2.0,768.0
11150,630,False,-8,5.0,769.0
11151,630,False,-7,7.0,770.0
11152,630,False,-6,6.0,771.0
11153,630,False,-5,6.0,772.0
11154,630,False,-4,2.0,773.0
11155,630,False,-3,2.0,774.0
11156,630,False,-2,10.0,775.0
11157,630,False,-1,268.0,776.0
11158,630,False,0,1928.0,777.0
11159,630,False,1,1450.0,778.0
11160,630,False,2,106.0,779.0
11161,630,False,3,51.0,780.0
11162,630,False,4,74.0,781.0
11163,630,False,5,397.0,782.0
11164,630,False,6,390.0,783.0
11165,630,False,7,77.0,784.0
11166,630,False,8,175.0,785.0
11167,630,False,9,46.0,786.0
11168,630,False,10,11.0,787.0
11169,630,False,11,45.0,788.0
11170,630,False,12,96.0,789.0
11171,630,False,13,50.0,790.0
11172,630,True,-14,1.0,763.0
11173,630,True,-13,0.0,764.0
11174,630,True,-12,1.0,765.0
11175,630,True,-11,1.0,766.0
11176,630,True,-10,0.0,767.0
11177,630,True,-9,0.0,768.0
11178,630,True,-8,3.0,769.0
11179,630,True,-7,0.0,770.0
11180,630,True,-6,1.0,771.0
11181,630,True,-5,0.0,772.0
11182,630,True,-4,3.0,773.0
11183,630,True,-3,2.0,774.0
11184,630,True,-2,1.0,775.0
11185,630,True,-1,32.0,776.0
11186,630,True,0,283.0,777.0
11187,630,True,1,187.0,778.0
11188,630,True,2,16.0,779.0
11189,630,True,3,9.0,780.0
11190,630,True,4,9.0,781.0
11191,630,True,5,56.0,782.0
11192,630,True,6,47.0,783.0
11193,630,True,7,8.0,784.0
11194,630,True,8,20.0,785.0
11195,630,True,9,3.0,786.0
11196,630,True,10,1.0,787.0
11197,630,True,11,8.0,788.0
11198,630,True,12,13.0,789.0
11199,630,True,13,8.0,790.0
11200,639,False,-14,0.0,-11.0
11201,639,False,-13,0.0,-10.0
11202,639,False,-12,0.0,-9.0
11203,639,False,-11,0.0,-8.0
11204,639,False,-10,0.0,-7.0
11205,639,False,-9,0.0,-6.0
11206,639,False,-8,0.0,-5.0
11207,639,False,-7,0.0,-4.0
11208,639,False,-6,0.0,-3.0
11209,639,False,-5,0.0,-2.0
11210,639,False,-4,0.0,-1.0
11211,639,False,-3,0.0,0.0
11212,639,False,-2,29.0,1.0
11213,639,False,-1,16.0,2.0
11214,639,False,0,20.0,3.0
11215,639,False,1,34.0,4.0
11216,639,False,2,26.0,5.0
11217,639,False,3,10.0,6.0
11218,639,False,4,15.0,7.0
11219,639,False,5,4.0,8.0
11220,639,False,6,4.0,9.0
11221,639,False,7,8.0,10.0
11222,639,False,8,22.0,11.0
11223,639,False,9,6.0,12.0
11224,639,False,10,9.0,13.0
11225,639,False,11,10.0,14.0
11226,639,False,12,5.0,15.0
11227,639,False,13,8.0,16.0
11228,639,True,-14,0.0,-11.0
11229,639,True,-13,0.0,-10.0
11230,639,True,-12,0.0,-9.0
11231,639,True,-11,0.0,-8.0
11232,639,True,-10,0.0,-7.0
11233,639,True,-9,0.0,-6.0
11234,639,True,-8,0.0,-5.0
11235,639,True,-7,0.0,-4.0
11236,639,True,-6,0.0,-3.0
11237,639,True,-5,0.0,-2.0
11238,639,True,-4,0.0,-1.0
11239,639,True,-3,0.0,0.0
11240,639,True,-2,27.0,1.0
11241,639,True,-1,16.0,2.0
11242,639,True,0,22.0,3.0
11243,639,True,1,6.0,4.0
11244,639,True,2,5.0,5.0
11245,639,True,3,0.0,6.0
11246,639,True,4,2.0,7.0
11247,639,True,5,1.0,8.0
11248,639,True,6,0.0,9.0
11249,639,True,7,1.0,10.0
11250,639,True,8,2.0,11.0
11251,639,True,9,2.0,12.0
11252,639,True,10,0.0,13.0
11253,639,True,11,2.0,14.0
11254,639,True,12,0.0,15.0
11255,639,True,13,0.0,16.0
11256,641,False,-14,0.0,-13.0
11257,641,False,-13,0.0,-12.0
11258,641,False,-12,0.0,-11.0
11259,641,False,-11,5.0,-10.0
11260,641,False,-10,6.0,-9.0
11261,641,False,-9,3.0,-8.0
11262,641,False,-8,5.0,-7.0
11263,641,False,-7,6.0,-6.0
11264,641,False,-6,21.0,-5.0
11265,641,False,-5,22.0,-4.0
11266,641,False,-4,37.0,-3.0
11267,641,False,-3,9.0,-2.0
11268,641,False,-2,23.0,-1.0
11269,641,False,-1,10.0,0.0
11270,641,False,0,13.0,1.0
11271,641,False,1,8.0,2.0
11272,641,False,2,16.0,3.0
11273,641,False,3,12.0,4.0
11274,641,False,4,3.0,5.0
11275,641,False,5,6.0,6.0
11276,641,False,6,8.0,7.0
11277,641,False,7,15.0,8.0
11278,641,False,8,14.0,9.0
11279,641,False,9,6.0,10.0
11280,641,False,10,7.0,11.0
11281,641,False,11,6.0,12.0
11282,641,False,12,1.0,13.0
11283,641,False,13,5.0,14.0
11284,641,True,-14,0.0,-13.0
11285,641,True,-13,0.0,-12.0
11286,641,True,-12,0.0,-11.0
11287,641,True,-11,0.0,-10.0
11288,641,True,-10,0.0,-9.0
11289,641,True,-9,0.0,-8.0
11290,641,True,-8,0.0,-7.0
11291,641,True,-7,0.0,-6.0
11292,641,True,-6,0.0,-5.0
11293,641,True,-5,0.0,-4.0
11294,641,True,-4,0.0,-3.0
11295,641,True,-3,0.0,-2.0
11296,641,True,-2,3.0,-1.0
11297,641,True,-1,2.0,0.0
11298,641,True,0,2.0,1.0
11299,641,True,1,2.0,2.0
11300,641,True,2,4.0,3.0
11301,641,True,3,0.0,4.0
11302,641,True,4,0.0,5.0
11303,641,True,5,0.0,6.0
11304,641,True,6,1.0,7.0
11305,641,True,7,1.0,8.0
11306,641,True,8,1.0,9.0
11307,641,True,9,0.0,10.0
11308,641,True,10,1.0,11.0
11309,641,True,11,0.0,12.0
11310,641,True,12,0.0,13.0
11311,641,True,13,0.0,14.0
11312,652,False,-14,0.0,636.0
11313,652,False,-13,0.0,637.0
11314,652,False,-12,0.0,638.0
11315,652,False,-11,2.0,639.0
11316,652,False,-10,1.0,640.0
11317,652,False,-9,0.0,641.0
11318,652,False,-8,0.0,642.0
11319,652,False,-7,1.0,643.0
11320,652,False,-6,0.0,644.0
11321,652,False,-5,0.0,645.0
11322,652,False,-4,0.0,646.0
11323,652,False,-3,0.0,647.0
11324,652,False,-2,1.0,648.0
11325,652,False,-1,0.0,649.0
11326,652,False,0,9.0,650.0
11327,652,False,1,3.0,651.0
11328,652,False,2,1.0,652.0
11329,652,False,3,1.0,653.0
11330,652,False,4,0.0,654.0
11331,652,False,5,0.0,655.0
11332,652,False,6,0.0,656.0
11333,652,False,7,0.0,657.0
11334,652,False,8,0.0,658.0
11335,652,False,9,0.0,659.0
11336,652,False,10,0.0,660.0
11337,652,False,11,1.0,661.0
11338,652,False,12,0.0,662.0
11339,652,False,13,0.0,663.0
11340,652,True,-14,0.0,636.0
11341,652,True,-13,1.0,637.0
11342,652,True,-12,0.0,638.0
11343,652,True,-11,0.0,639.0
11344,652,True,-10,0.0,640.0
11345,652,True,-9,0.0,641.0
11346,652,True,-8,0.0,642.0
11347,652,True,-7,0.0,643.0
11348,652,True,-6,1.0,644.0
11349,652,True,-5,0.0,645.0
11350,652,True,-4,0.0,646.0
11351,652,True,-3,1.0,647.0
11352,652,True,-2,0.0,648.0
11353,652,True,-1,0.0,649.0
11354,652,True,0,5.0,650.0
11355,652,True,1,1.0,651.0
11356,652,True,2,0.0,652.0
11357,652,True,3,0.0,653.0
11358,652,True,4,0.0,654.0
11359,652,True,5,0.0,655.0
11360,652,True,6,0.0,656.0
11361,652,True,7,0.0,657.0
11362,652,True,8,0.0,658.0
11363,652,True,9,0.0,659.0
11364,652,True,10,0.0,660.0
11365,652,True,11,0.0,661.0
11366,652,True,12,0.0,662.0
11367,652,True,13,0.0,663.0
11368,656,False,-14,974.0,573.0
11369,656,False,-13,285.0,574.0
11370,656,False,-12,498.0,575.0
11371,656,False,-11,334.0,576.0
11372,656,False,-10,154.0,577.0
11373,656,False,-9,133.0,578.0
11374,656,False,-8,151.0,579.0
11375,656,False,-7,129.0,580.0
11376,656,False,-6,91.0,581.0
11377,656,False,-5,39.0,582.0
11378,656,False,-4,93.0,583.0
11379,656,False,-3,156.0,584.0
11380,656,False,-2,58.0,585.0
11381,656,False,-1,127.0,586.0
11382,656,False,0,101.0,587.0
11383,656,False,1,64.0,588.0
11384,656,False,2,41.0,589.0
11385,656,False,3,32.0,590.0
11386,656,False,4,40.0,591.0
11387,656,False,5,244.0,592.0
11388,656,False,6,83.0,593.0
11389,656,False,7,26.0,594.0
11390,656,False,8,8.0,595.0
11391,656,False,9,10.0,596.0
11392,656,False,10,9.0,597.0
11393,656,False,11,26.0,598.0
11394,656,False,12,60.0,599.0
11395,656,False,13,44.0,600.0
11396,656,True,-14,90.0,573.0
11397,656,True,-13,31.0,574.0
11398,656,True,-12,82.0,575.0
11399,656,True,-11,56.0,576.0
11400,656,True,-10,16.0,577.0
11401,656,True,-9,12.0,578.0
11402,656,True,-8,10.0,579.0
11403,656,True,-7,16.0,580.0
11404,656,True,-6,4.0,581.0
11405,656,True,-5,6.0,582.0
11406,656,True,-4,18.0,583.0
11407,656,True,-3,20.0,584.0
11408,656,True,-2,12.0,585.0
11409,656,True,-1,25.0,586.0
11410,656,True,0,17.0,587.0
11411,656,True,1,9.0,588.0
11412,656,True,2,4.0,589.0
11413,656,True,3,2.0,590.0
11414,656,True,4,2.0,591.0
11415,656,True,5,33.0,592.0
11416,656,True,6,11.0,593.0
11417,656,True,7,2.0,594.0
11418,656,True,8,1.0,595.0
11419,656,True,9,0.0,596.0
11420,656,True,10,0.0,597.0
11421,656,True,11,2.0,598.0
11422,656,True,12,7.0,599.0
11423,656,True,13,4.0,600.0
11424,661,False,-14,0.0,553.0
11425,661,False,-13,2.0,554.0
11426,661,False,-12,1.0,555.0
11427,661,False,-11,0.0,556.0
11428,661,False,-10,0.0,557.0
11429,661,False,-9,0.0,558.0
11430,661,False,-8,0.0,559.0
11431,661,False,-7,0.0,560.0
11432,661,False,-6,1.0,561.0
11433,661,False,-5,0.0,562.0
11434,661,False,-4,1.0,563.0
11435,661,False,-3,0.0,564.0
11436,661,False,-2,0.0,565.0
11437,661,False,-1,0.0,566.0
11438,661,False,0,2.0,567.0
11439,661,False,1,0.0,568.0
11440,661,False,2,0.0,569.0
11441,661,False,3,2.0,570.0
11442,661,False,4,1.0,571.0
11443,661,False,5,2.0,572.0
11444,661,False,6,0.0,573.0
11445,661,False,7,0.0,574.0
11446,661,False,8,0.0,575.0
11447,661,False,9,0.0,576.0
11448,661,False,10,0.0,577.0
11449,661,False,11,1.0,578.0
11450,661,False,12,1.0,579.0
11451,661,False,13,1.0,580.0
11452,661,True,-14,0.0,553.0
11453,661,True,-13,0.0,554.0
11454,661,True,-12,0.0,555.0
11455,661,True,-11,0.0,556.0
11456,661,True,-10,0.0,557.0
11457,661,True,-9,0.0,558.0
11458,661,True,-8,0.0,559.0
11459,661,True,-7,0.0,560.0
11460,661,True,-6,0.0,561.0
11461,661,True,-5,0.0,562.0
11462,661,True,-4,0.0,563.0
11463,661,True,-3,0.0,564.0
11464,661,True,-2,0.0,565.0
11465,661,True,-1,0.0,566.0
11466,661,True,0,0.0,567.0
11467,661,True,1,0.0,568.0
11468,661,True,2,0.0,569.0
11469,661,True,3,0.0,570.0
11470,661,True,4,0.0,571.0
11471,661,True,5,0.0,572.0
11472,661,True,6,0.0,573.0
11473,661,True,7,0.0,574.0
11474,661,True,8,0.0,575.0
11475,661,True,9,0.0,576.0
11476,661,True,10,0.0,577.0
11477,661,True,11,0.0,578.0
11478,661,True,12,0.0,579.0
11479,661,True,13,0.0,580.0
11480,663,False,-14,644.0,559.0
11481,663,False,-13,823.0,560.0
11482,663,False,-12,399.0,561.0
11483,663,False,-11,1469.0,562.0
11484,663,False,-10,2031.0,563.0
11485,663,False,-9,17733.0,564.0
11486,663,False,-8,6605.0,565.0
11487,663,False,-7,3395.0,566.0
11488,663,False,-6,1044.0,567.0
11489,663,False,-5,897.0,568.0
11490,663,False,-4,610.0,569.0
11491,663,False,-3,1941.0,570.0
11492,663,False,-2,1836.0,571.0
11493,663,False,-1,1549.0,572.0
11494,663,False,0,896.0,573.0
11495,663,False,1,559.0,574.0
11496,663,False,2,349.0,575.0
11497,663,False,3,314.0,576.0
11498,663,False,4,436.0,577.0
11499,663,False,5,296.0,578.0
11500,663,False,6,494.0,579.0
11501,663,False,7,211.0,580.0
11502,663,False,8,226.0,581.0
11503,663,False,9,336.0,582.0
11504,663,False,10,144.0,583.0
11505,663,False,11,480.0,584.0
11506,663,False,12,476.0,585.0
11507,663,False,13,303.0,586.0
11508,663,True,-14,89.0,559.0
11509,663,True,-13,94.0,560.0
11510,663,True,-12,53.0,561.0
11511,663,True,-11,138.0,562.0
11512,663,True,-10,168.0,563.0
11513,663,True,-9,1394.0,564.0
11514,663,True,-8,586.0,565.0
11515,663,True,-7,372.0,566.0
11516,663,True,-6,110.0,567.0
11517,663,True,-5,120.0,568.0
11518,663,True,-4,53.0,569.0
11519,663,True,-3,263.0,570.0
11520,663,True,-2,188.0,571.0
11521,663,True,-1,149.0,572.0
11522,663,True,0,137.0,573.0
11523,663,True,1,44.0,574.0
11524,663,True,2,33.0,575.0
11525,663,True,3,20.0,576.0
11526,663,True,4,38.0,577.0
11527,663,True,5,26.0,578.0
11528,663,True,6,40.0,579.0
11529,663,True,7,12.0,580.0
11530,663,True,8,31.0,581.0
11531,663,True,9,37.0,582.0
11532,663,True,10,5.0,583.0
11533,663,True,11,51.0,584.0
11534,663,True,12,53.0,585.0
11535,663,True,13,18.0,586.0
11536,664,False,-14,1.0,575.0
11537,664,False,-13,1.0,576.0
11538,664,False,-12,0.0,577.0
11539,664,False,-11,0.0,578.0
11540,664,False,-10,0.0,579.0
11541,664,False,-9,0.0,580.0
11542,664,False,-8,1.0,581.0
11543,664,False,-7,2.0,582.0
11544,664,False,-6,2.0,583.0
11545,664,False,-5,2.0,584.0
11546,664,False,-4,1.0,585.0
11547,664,False,-3,0.0,586.0
11548,664,False,-2,0.0,587.0
11549,664,False,-1,2.0,588.0
11550,664,False,0,54.0,589.0
11551,664,False,1,4.0,590.0
11552,664,False,2,3.0,591.0
11553,664,False,3,1.0,592.0
11554,664,False,4,4.0,593.0
11555,664,False,5,1.0,594.0
11556,664,False,6,4.0,595.0
11557,664,False,7,0.0,596.0
11558,664,False,8,4.0,597.0
11559,664,False,9,7.0,598.0
11560,664,False,10,2.0,599.0
11561,664,False,11,0.0,600.0
11562,664,False,12,1.0,601.0
11563,664,False,13,2.0,602.0
11564,664,True,-14,0.0,575.0
11565,664,True,-13,0.0,576.0
11566,664,True,-12,0.0,577.0
11567,664,True,-11,0.0,578.0
11568,664,True,-10,0.0,579.0
11569,664,True,-9,0.0,580.0
11570,664,True,-8,0.0,581.0
11571,664,True,-7,0.0,582.0
11572,664,True,-6,0.0,583.0
11573,664,True,-5,3.0,584.0
11574,664,True,-4,0.0,585.0
11575,664,True,-3,0.0,586.0
11576,664,True,-2,0.0,587.0
11577,664,True,-1,0.0,588.0
11578,664,True,0,37.0,589.0
11579,664,True,1,1.0,590.0
11580,664,True,2,0.0,591.0
11581,664,True,3,0.0,592.0
11582,664,True,4,2.0,593.0
11583,664,True,5,3.0,594.0
11584,664,True,6,1.0,595.0
11585,664,True,7,0.0,596.0
11586,664,True,8,1.0,597.0
11587,664,True,9,2.0,598.0
11588,664,True,10,0.0,599.0
11589,664,True,11,0.0,600.0
11590,664,True,12,0.0,601.0
11591,664,True,13,0.0,602.0
11592,669,False,-14,4.0,599.0
11593,669,False,-13,1.0,600.0
11594,669,False,-12,2.0,601.0
11595,669,False,-11,2.0,602.0
11596,669,False,-10,0.0,603.0
11597,669,False,-9,3.0,604.0
11598,669,False,-8,0.0,605.0
11599,669,False,-7,0.0,606.0
11600,669,False,-6,1.0,607.0
11601,669,False,-5,1.0,608.0
11602,669,False,-4,0.0,609.0
11603,669,False,-3,2.0,610.0
11604,669,False,-2,0.0,611.0
11605,669,False,-1,0.0,612.0
11606,669,False,0,1.0,613.0
11607,669,False,1,2.0,614.0
11608,669,False,2,0.0,615.0
11609,669,False,3,0.0,616.0
11610,669,False,4,2.0,617.0
11611,669,False,5,0.0,618.0
11612,669,False,6,2.0,619.0
11613,669,False,7,1.0,620.0
11614,669,False,8,3.0,621.0
11615,669,False,9,3.0,622.0
11616,669,False,10,1.0,623.0
11617,669,False,11,1.0,624.0
11618,669,False,12,2.0,625.0
11619,669,False,13,1.0,626.0
11620,669,True,-14,0.0,599.0
11621,669,True,-13,0.0,600.0
11622,669,True,-12,0.0,601.0
11623,669,True,-11,0.0,602.0
11624,669,True,-10,0.0,603.0
11625,669,True,-9,0.0,604.0
11626,669,True,-8,0.0,605.0
11627,669,True,-7,0.0,606.0
11628,669,True,-6,0.0,607.0
11629,669,True,-5,0.0,608.0
11630,669,True,-4,0.0,609.0
11631,669,True,-3,0.0,610.0
11632,669,True,-2,0.0,611.0
11633,669,True,-1,1.0,612.0
11634,669,True,0,1.0,613.0
11635,669,True,1,0.0,614.0
11636,669,True,2,1.0,615.0
11637,669,True,3,0.0,616.0
11638,669,True,4,0.0,617.0
11639,669,True,5,0.0,618.0
11640,669,True,6,0.0,619.0
11641,669,True,7,0.0,620.0
11642,669,True,8,0.0,621.0
11643,669,True,9,0.0,622.0
11644,669,True,10,0.0,623.0
11645,669,True,11,1.0,624.0
11646,669,True,12,0.0,625.0
11647,669,True,13,0.0,626.0
11648,673,False,-14,26.0,545.0
11649,673,False,-13,31.0,546.0
11650,673,False,-12,10.0,547.0
11651,673,False,-11,12.0,548.0
11652,673,False,-10,15.0,549.0
11653,673,False,-9,23.0,550.0
11654,673,False,-8,13.0,551.0
11655,673,False,-7,10.0,552.0
11656,673,False,-6,6.0,553.0
11657,673,False,-5,14.0,554.0
11658,673,False,-4,10.0,555.0
11659,673,False,-3,11.0,556.0
11660,673,False,-2,5.0,557.0
11661,673,False,-1,6.0,558.0
11662,673,False,0,55.0,559.0
11663,673,False,1,78.0,560.0
11664,673,False,2,52.0,561.0
11665,673,False,3,24.0,562.0
11666,673,False,4,48.0,563.0
11667,673,False,5,95.0,564.0
11668,673,False,6,113.0,565.0
11669,673,False,7,218.0,566.0
11670,673,False,8,124.0,567.0
11671,673,False,9,76.0,568.0
11672,673,False,10,46.0,569.0
11673,673,False,11,88.0,570.0
11674,673,False,12,72.0,571.0
11675,673,False,13,82.0,572.0
11676,673,True,-14,0.0,545.0
11677,673,True,-13,2.0,546.0
11678,673,True,-12,1.0,547.0
11679,673,True,-11,0.0,548.0
11680,673,True,-10,1.0,549.0
11681,673,True,-9,3.0,550.0
11682,673,True,-8,1.0,551.0
11683,673,True,-7,0.0,552.0
11684,673,True,-6,1.0,553.0
11685,673,True,-5,4.0,554.0
11686,673,True,-4,2.0,555.0
11687,673,True,-3,0.0,556.0
11688,673,True,-2,1.0,557.0
11689,673,True,-1,0.0,558.0
11690,673,True,0,1.0,559.0
11691,673,True,1,2.0,560.0
11692,673,True,2,0.0,561.0
11693,673,True,3,2.0,562.0
11694,673,True,4,7.0,563.0
11695,673,True,5,2.0,564.0
11696,673,True,6,5.0,565.0
11697,673,True,7,12.0,566.0
11698,673,True,8,2.0,567.0
11699,673,True,9,7.0,568.0
11700,673,True,10,2.0,569.0
11701,673,True,11,0.0,570.0
11702,673,True,12,2.0,571.0
11703,673,True,13,2.0,572.0
11704,675,False,-14,0.0,616.0
11705,675,False,-13,0.0,617.0
11706,675,False,-12,0.0,618.0
11707,675,False,-11,0.0,619.0
11708,675,False,-10,0.0,620.0
11709,675,False,-9,0.0,621.0
11710,675,False,-8,0.0,622.0
11711,675,False,-7,0.0,623.0
11712,675,False,-6,0.0,624.0
11713,675,False,-5,0.0,625.0
11714,675,False,-4,0.0,626.0
11715,675,False,-3,0.0,627.0
11716,675,False,-2,0.0,628.0
11717,675,False,-1,4727.0,629.0
11718,675,False,0,1454.0,630.0
11719,675,False,1,136.0,631.0
11720,675,False,2,183.0,632.0
11721,675,False,3,91.0,633.0
11722,675,False,4,117.0,634.0
11723,675,False,5,123.0,635.0
11724,675,False,6,65.0,636.0
11725,675,False,7,63.0,637.0
11726,675,False,8,45.0,638.0
11727,675,False,9,61.0,639.0
11728,675,False,10,26.0,640.0
11729,675,False,11,40.0,641.0
11730,675,False,12,41.0,642.0
11731,675,False,13,36.0,643.0
11732,675,True,-14,0.0,616.0
11733,675,True,-13,0.0,617.0
11734,675,True,-12,0.0,618.0
11735,675,True,-11,0.0,619.0
11736,675,True,-10,0.0,620.0
11737,675,True,-9,0.0,621.0
11738,675,True,-8,0.0,622.0
11739,675,True,-7,0.0,623.0
11740,675,True,-6,0.0,624.0
11741,675,True,-5,0.0,625.0
11742,675,True,-4,0.0,626.0
11743,675,True,-3,0.0,627.0
11744,675,True,-2,0.0,628.0
11745,675,True,-1,1326.0,629.0
11746,675,True,0,477.0,630.0
11747,675,True,1,38.0,631.0
11748,675,True,2,44.0,632.0
11749,675,True,3,23.0,633.0
11750,675,True,4,17.0,634.0
11751,675,True,5,17.0,635.0
11752,675,True,6,7.0,636.0
11753,675,True,7,7.0,637.0
11754,675,True,8,3.0,638.0
11755,675,True,9,11.0,639.0
11756,675,True,10,1.0,640.0
11757,675,True,11,2.0,641.0
11758,675,True,12,4.0,642.0
11759,675,True,13,3.0,643.0
11760,685,False,-14,0.0,-10.0
11761,685,False,-13,0.0,-9.0
11762,685,False,-12,0.0,-8.0
11763,685,False,-11,0.0,-7.0
11764,685,False,-10,0.0,-6.0
11765,685,False,-9,0.0,-5.0
11766,685,False,-8,5.0,-4.0
11767,685,False,-7,13.0,-3.0
11768,685,False,-6,6.0,-2.0
11769,685,False,-5,10.0,-1.0
11770,685,False,-4,6.0,0.0
11771,685,False,-3,4.0,1.0
11772,685,False,-2,13.0,2.0
11773,685,False,-1,0.0,3.0
11774,685,False,0,13.0,4.0
11775,685,False,1,8.0,5.0
11776,685,False,2,3.0,6.0
11777,685,False,3,3.0,7.0
11778,685,False,4,1.0,8.0
11779,685,False,5,3.0,9.0
11780,685,False,6,1.0,10.0
11781,685,False,7,2.0,11.0
11782,685,False,8,2.0,12.0
11783,685,False,9,2.0,13.0
11784,685,False,10,3.0,14.0
11785,685,False,11,1.0,15.0
11786,685,False,12,0.0,16.0
11787,685,False,13,2.0,17.0
11788,685,True,-14,0.0,-10.0
11789,685,True,-13,0.0,-9.0
11790,685,True,-12,0.0,-8.0
11791,685,True,-11,0.0,-7.0
11792,685,True,-10,0.0,-6.0
11793,685,True,-9,0.0,-5.0
11794,685,True,-8,0.0,-4.0
11795,685,True,-7,0.0,-3.0
11796,685,True,-6,0.0,-2.0
11797,685,True,-5,0.0,-1.0
11798,685,True,-4,2.0,0.0
11799,685,True,-3,2.0,1.0
11800,685,True,-2,6.0,2.0
11801,685,True,-1,3.0,3.0
11802,685,True,0,8.0,4.0
11803,685,True,1,2.0,5.0
11804,685,True,2,1.0,6.0
11805,685,True,3,2.0,7.0
11806,685,True,4,0.0,8.0
11807,685,True,5,0.0,9.0
11808,685,True,6,0.0,10.0
11809,685,True,7,1.0,11.0
11810,685,True,8,0.0,12.0
11811,685,True,9,0.0,13.0
11812,685,True,10,0.0,14.0
11813,685,True,11,0.0,15.0
11814,685,True,12,0.0,16.0
11815,685,True,13,0.0,17.0
11816,695,False,-14,1.0,-13.0
11817,695,False,-13,3.0,-12.0
11818,695,False,-12,2.0,-11.0
11819,695,False,-11,3.0,-10.0
11820,695,False,-10,0.0,-9.0
11821,695,False,-9,1.0,-8.0
11822,695,False,-8,108.0,-7.0
11823,695,False,-7,139.0,-6.0
11824,695,False,-6,201.0,-5.0
11825,695,False,-5,234.0,-4.0
11826,695,False,-4,197.0,-3.0
11827,695,False,-3,105.0,-2.0
11828,695,False,-2,144.0,-1.0
11829,695,False,-1,199.0,0.0
11830,695,False,0,181.0,1.0
11831,695,False,1,222.0,2.0
11832,695,False,2,81.0,3.0
11833,695,False,3,129.0,4.0
11834,695,False,4,116.0,5.0
11835,695,False,5,80.0,6.0
11836,695,False,6,92.0,7.0
11837,695,False,7,64.0,8.0
11838,695,False,8,26.0,9.0
11839,695,False,9,41.0,10.0
11840,695,False,10,49.0,11.0
11841,695,False,11,35.0,12.0
11842,695,False,12,26.0,13.0
11843,695,False,13,34.0,14.0
11844,695,True,-14,0.0,-13.0
11845,695,True,-13,0.0,-12.0
11846,695,True,-12,0.0,-11.0
11847,695,True,-11,0.0,-10.0
11848,695,True,-10,0.0,-9.0
11849,695,True,-9,0.0,-8.0
11850,695,True,-8,0.0,-7.0
11851,695,True,-7,0.0,-6.0
11852,695,True,-6,0.0,-5.0
11853,695,True,-5,0.0,-4.0
11854,695,True,-4,0.0,-3.0
11855,695,True,-3,0.0,-2.0
11856,695,True,-2,7.0,-1.0
11857,695,True,-1,22.0,0.0
11858,695,True,0,20.0,1.0
11859,695,True,1,24.0,2.0
11860,695,True,2,8.0,3.0
11861,695,True,3,1.0,4.0
11862,695,True,4,2.0,5.0
11863,695,True,5,3.0,6.0
11864,695,True,6,3.0,7.0
11865,695,True,7,1.0,8.0
11866,695,True,8,1.0,9.0
11867,695,True,9,0.0,10.0
11868,695,True,10,1.0,11.0
11869,695,True,11,1.0,12.0
11870,695,True,12,0.0,13.0
11871,695,True,13,0.0,14.0
11872,698,False,-14,0.0,-8.0
11873,698,False,-13,0.0,-7.0
11874,698,False,-12,0.0,-6.0
11875,698,False,-11,11.0,-5.0
11876,698,False,-10,4.0,-4.0
11877,698,False,-9,2.0,-3.0
11878,698,False,-8,0.0,-2.0
11879,698,False,-7,10.0,-1.0
11880,698,False,-6,16.0,0.0
11881,698,False,-5,4.0,1.0
11882,698,False,-4,4.0,2.0
11883,698,False,-3,2.0,3.0
11884,698,False,-2,4.0,4.0
11885,698,False,-1,7.0,5.0
11886,698,False,0,5.0,6.0
11887,698,False,1,8.0,7.0
11888,698,False,2,4.0,8.0
11889,698,False,3,4.0,9.0
11890,698,False,4,1.0,10.0
11891,698,False,5,2.0,11.0
11892,698,False,6,2.0,12.0
11893,698,False,7,0.0,13.0
11894,698,False,8,0.0,14.0
11895,698,False,9,1.0,15.0
11896,698,False,10,1.0,16.0
11897,698,False,11,1.0,17.0
11898,698,False,12,2.0,18.0
11899,698,False,13,0.0,19.0
11900,698,True,-14,0.0,-8.0
11901,698,True,-13,0.0,-7.0
11902,698,True,-12,0.0,-6.0
11903,698,True,-11,0.0,-5.0
11904,698,True,-10,0.0,-4.0
11905,698,True,-9,0.0,-3.0
11906,698,True,-8,0.0,-2.0
11907,698,True,-7,0.0,-1.0
11908,698,True,-6,8.0,0.0
11909,698,True,-5,0.0,1.0
11910,698,True,-4,1.0,2.0
11911,698,True,-3,1.0,3.0
11912,698,True,-2,0.0,4.0
11913,698,True,-1,2.0,5.0
11914,698,True,0,4.0,6.0
11915,698,True,1,0.0,7.0
11916,698,True,2,0.0,8.0
11917,698,True,3,0.0,9.0
11918,698,True,4,1.0,10.0
11919,698,True,5,0.0,11.0
11920,698,True,6,1.0,12.0
11921,698,True,7,0.0,13.0
11922,698,True,8,1.0,14.0
11923,698,True,9,0.0,15.0
11924,698,True,10,2.0,16.0
11925,698,True,11,0.0,17.0
11926,698,True,12,0.0,18.0
11927,698,True,13,0.0,19.0
11928,700,False,-14,0.0,-13.0
11929,700,False,-13,0.0,-12.0
11930,700,False,-12,0.0,-11.0
11931,700,False,-11,0.0,-10.0
11932,700,False,-10,0.0,-9.0
11933,700,False,-9,0.0,-8.0
11934,700,False,-8,0.0,-7.0
11935,700,False,-7,0.0,-6.0
11936,700,False,-6,109.0,-5.0
11937,700,False,-5,147.0,-4.0
11938,700,False,-4,120.0,-3.0
11939,700,False,-3,67.0,-2.0
11940,700,False,-2,48.0,-1.0
11941,700,False,-1,31.0,0.0
11942,700,False,0,60.0,1.0
11943,700,False,1,24.0,2.0
11944,700,False,2,58.0,3.0
11945,700,False,3,21.0,4.0
11946,700,False,4,13.0,5.0
11947,700,False,5,9.0,6.0
11948,700,False,6,10.0,7.0
11949,700,False,7,11.0,8.0
11950,700,False,8,5.0,9.0
11951,700,False,9,13.0,10.0
11952,700,False,10,9.0,11.0
11953,700,False,11,11.0,12.0
11954,700,False,12,12.0,13.0
11955,700,False,13,12.0,14.0
11956,700,True,-14,0.0,-13.0
11957,700,True,-13,0.0,-12.0
11958,700,True,-12,0.0,-11.0
11959,700,True,-11,0.0,-10.0
11960,700,True,-10,0.0,-9.0
11961,700,True,-9,0.0,-8.0
11962,700,True,-8,0.0,-7.0
11963,700,True,-7,0.0,-6.0
11964,700,True,-6,0.0,-5.0
11965,700,True,-5,0.0,-4.0
11966,700,True,-4,0.0,-3.0
11967,700,True,-3,0.0,-2.0
11968,700,True,-2,5.0,-1.0
11969,700,True,-1,2.0,0.0
11970,700,True,0,10.0,1.0
11971,700,True,1,3.0,2.0
11972,700,True,2,5.0,3.0
11973,700,True,3,2.0,4.0
11974,700,True,4,6.0,5.0
11975,700,True,5,0.0,6.0
11976,700,True,6,3.0,7.0
11977,700,True,7,0.0,8.0
11978,700,True,8,0.0,9.0
11979,700,True,9,3.0,10.0
11980,700,True,10,0.0,11.0
11981,700,True,11,0.0,12.0
11982,700,True,12,1.0,13.0
11983,700,True,13,0.0,14.0
11984,704,False,-14,6.0,765.0
11985,704,False,-13,10.0,766.0
11986,704,False,-12,7.0,767.0
11987,704,False,-11,6.0,768.0
11988,704,False,-10,8.0,769.0
11989,704,False,-9,7.0,770.0
11990,704,False,-8,6.0,771.0
11991,704,False,-7,6.0,772.0
11992,704,False,-6,6.0,773.0
11993,704,False,-5,16.0,774.0
11994,704,False,-4,7.0,775.0
11995,704,False,-3,11.0,776.0
11996,704,False,-2,14.0,777.0
11997,704,False,-1,75.0,778.0
11998,704,False,0,48.0,779.0
11999,704,False,1,16.0,780.0
12000,704,False,2,16.0,781.0
12001,704,False,3,53.0,782.0
12002,704,False,4,17.0,783.0
12003,704,False,5,15.0,784.0
12004,704,False,6,9.0,785.0
12005,704,False,7,4.0,786.0
12006,704,False,8,8.0,787.0
12007,704,False,9,17.0,788.0
12008,704,False,10,20.0,789.0
12009,704,False,11,14.0,790.0
12010,704,False,12,6.0,791.0
12011,704,False,13,4.0,792.0
12012,704,True,-14,0.0,765.0
12013,704,True,-13,2.0,766.0
12014,704,True,-12,0.0,767.0
12015,704,True,-11,1.0,768.0
12016,704,True,-10,2.0,769.0
12017,704,True,-9,1.0,770.0
12018,704,True,-8,0.0,771.0
12019,704,True,-7,2.0,772.0
12020,704,True,-6,0.0,773.0
12021,704,True,-5,2.0,774.0
12022,704,True,-4,2.0,775.0
12023,704,True,-3,3.0,776.0
12024,704,True,-2,3.0,777.0
12025,704,True,-1,23.0,778.0
12026,704,True,0,26.0,779.0
12027,704,True,1,7.0,780.0
12028,704,True,2,6.0,781.0
12029,704,True,3,20.0,782.0
12030,704,True,4,4.0,783.0
12031,704,True,5,1.0,784.0
12032,704,True,6,5.0,785.0
12033,704,True,7,2.0,786.0
12034,704,True,8,0.0,787.0
12035,704,True,9,2.0,788.0
12036,704,True,10,1.0,789.0
12037,704,True,11,1.0,790.0
12038,704,True,12,0.0,791.0
12039,704,True,13,3.0,792.0
12040,705,False,-14,174.0,55.0
12041,705,False,-13,76.0,56.0
12042,705,False,-12,64.0,57.0
12043,705,False,-11,27.0,58.0
12044,705,False,-10,41.0,59.0
12045,705,False,-9,51.0,60.0
12046,705,False,-8,85.0,61.0
12047,705,False,-7,56.0,62.0
12048,705,False,-6,61.0,63.0
12049,705,False,-5,144.0,64.0
12050,705,False,-4,323.0,65.0
12051,705,False,-3,421.0,66.0
12052,705,False,-2,279.0,67.0
12053,705,False,-1,184.0,68.0
12054,705,False,0,173.0,69.0
12055,705,False,1,168.0,70.0
12056,705,False,2,134.0,71.0
12057,705,False,3,99.0,72.0
12058,705,False,4,107.0,73.0
12059,705,False,5,105.0,74.0
12060,705,False,6,129.0,75.0
12061,705,False,7,101.0,76.0
12062,705,False,8,70.0,77.0
12063,705,False,9,59.0,78.0
12064,705,False,10,74.0,79.0
12065,705,False,11,69.0,80.0
12066,705,False,12,55.0,81.0
12067,705,False,13,72.0,82.0
12068,705,True,-14,14.0,55.0
12069,705,True,-13,5.0,56.0
12070,705,True,-12,6.0,57.0
12071,705,True,-11,2.0,58.0
12072,705,True,-10,6.0,59.0
12073,705,True,-9,3.0,60.0
12074,705,True,-8,6.0,61.0
12075,705,True,-7,6.0,62.0
12076,705,True,-6,2.0,63.0
12077,705,True,-5,11.0,64.0
12078,705,True,-4,77.0,65.0
12079,705,True,-3,51.0,66.0
12080,705,True,-2,46.0,67.0
12081,705,True,-1,36.0,68.0
12082,705,True,0,23.0,69.0
12083,705,True,1,9.0,70.0
12084,705,True,2,10.0,71.0
12085,705,True,3,7.0,72.0
12086,705,True,4,8.0,73.0
12087,705,True,5,9.0,74.0
12088,705,True,6,5.0,75.0
12089,705,True,7,1.0,76.0
12090,705,True,8,0.0,77.0
12091,705,True,9,3.0,78.0
12092,705,True,10,3.0,79.0
12093,705,True,11,3.0,80.0
12094,705,True,12,2.0,81.0
12095,705,True,13,4.0,82.0
12096,706,False,-14,0.0,-14.0
12097,706,False,-13,0.0,-13.0
12098,706,False,-12,0.0,-12.0
12099,706,False,-11,0.0,-11.0
12100,706,False,-10,0.0,-10.0
12101,706,False,-9,0.0,-9.0
12102,706,False,-8,0.0,-8.0
12103,706,False,-7,0.0,-7.0
12104,706,False,-6,0.0,-6.0
12105,706,False,-5,0.0,-5.0
12106,706,False,-4,0.0,-4.0
12107,706,False,-3,0.0,-3.0
12108,706,False,-2,9.0,-2.0
12109,706,False,-1,1.0,-1.0
12110,706,False,0,15.0,0.0
12111,706,False,1,1.0,1.0
12112,706,False,2,0.0,2.0
12113,706,False,3,2.0,3.0
12114,706,False,4,2.0,4.0
12115,706,False,5,1.0,5.0
12116,706,False,6,1.0,6.0
12117,706,False,7,1.0,7.0
12118,706,False,8,0.0,8.0
12119,706,False,9,1.0,9.0
12120,706,False,10,1.0,10.0
12121,706,False,11,1.0,11.0
12122,706,False,12,1.0,12.0
12123,706,False,13,1.0,13.0
12124,706,True,-14,0.0,-14.0
12125,706,True,-13,0.0,-13.0
12126,706,True,-12,0.0,-12.0
12127,706,True,-11,0.0,-11.0
12128,706,True,-10,0.0,-10.0
12129,706,True,-9,0.0,-9.0
12130,706,True,-8,0.0,-8.0
12131,706,True,-7,0.0,-7.0
12132,706,True,-6,0.0,-6.0
12133,706,True,-5,0.0,-5.0
12134,706,True,-4,0.0,-4.0
12135,706,True,-3,0.0,-3.0
12136,706,True,-2,0.0,-2.0
12137,706,True,-1,1.0,-1.0
12138,706,True,0,1.0,0.0
12139,706,True,1,0.0,1.0
12140,706,True,2,0.0,2.0
12141,706,True,3,0.0,3.0
12142,706,True,4,0.0,4.0
12143,706,True,5,0.0,5.0
12144,706,True,6,0.0,6.0
12145,706,True,7,0.0,7.0
12146,706,True,8,0.0,8.0
12147,706,True,9,0.0,9.0
12148,706,True,10,0.0,10.0
12149,706,True,11,0.0,11.0
12150,706,True,12,0.0,12.0
12151,706,True,13,0.0,13.0
12152,713,False,-14,0.0,677.0
12153,713,False,-13,1.0,678.0
12154,713,False,-12,0.0,679.0
12155,713,False,-11,0.0,680.0
12156,713,False,-10,0.0,681.0
12157,713,False,-9,0.0,682.0
12158,713,False,-8,0.0,683.0
12159,713,False,-7,0.0,684.0
12160,713,False,-6,0.0,685.0
12161,713,False,-5,0.0,686.0
12162,713,False,-4,0.0,687.0
12163,713,False,-3,0.0,688.0
12164,713,False,-2,0.0,689.0
12165,713,False,-1,0.0,690.0
12166,713,False,0,0.0,691.0
12167,713,False,1,0.0,692.0
12168,713,False,2,0.0,693.0
12169,713,False,3,0.0,694.0
12170,713,False,4,0.0,695.0
12171,713,False,5,0.0,696.0
12172,713,False,6,3.0,697.0
12173,713,False,7,0.0,698.0
12174,713,False,8,0.0,699.0
12175,713,False,9,1.0,700.0
12176,713,False,10,0.0,701.0
12177,713,False,11,0.0,702.0
12178,713,False,12,1.0,703.0
12179,713,False,13,0.0,704.0
12180,713,True,-14,1.0,677.0
12181,713,True,-13,0.0,678.0
12182,713,True,-12,0.0,679.0
12183,713,True,-11,0.0,680.0
12184,713,True,-10,0.0,681.0
12185,713,True,-9,0.0,682.0
12186,713,True,-8,0.0,683.0
12187,713,True,-7,0.0,684.0
12188,713,True,-6,0.0,685.0
12189,713,True,-5,0.0,686.0
12190,713,True,-4,0.0,687.0
12191,713,True,-3,0.0,688.0
12192,713,True,-2,0.0,689.0
12193,713,True,-1,0.0,690.0
12194,713,True,0,0.0,691.0
12195,713,True,1,0.0,692.0
12196,713,True,2,0.0,693.0
12197,713,True,3,1.0,694.0
12198,713,True,4,0.0,695.0
12199,713,True,5,0.0,696.0
12200,713,True,6,0.0,697.0
12201,713,True,7,0.0,698.0
12202,713,True,8,0.0,699.0
12203,713,True,9,0.0,700.0
12204,713,True,10,0.0,701.0
12205,713,True,11,0.0,702.0
12206,713,True,12,0.0,703.0
12207,713,True,13,0.0,704.0
12208,714,False,-14,6.0,567.0
12209,714,False,-13,6.0,568.0
12210,714,False,-12,15.0,569.0
12211,714,False,-11,4.0,570.0
12212,714,False,-10,14.0,571.0
12213,714,False,-9,0.0,572.0
12214,714,False,-8,5.0,573.0
12215,714,False,-7,3.0,574.0
12216,714,False,-6,3.0,575.0
12217,714,False,-5,0.0,576.0
12218,714,False,-4,3.0,577.0
12219,714,False,-3,6.0,578.0
12220,714,False,-2,3.0,579.0
12221,714,False,-1,3.0,580.0
12222,714,False,0,1.0,581.0
12223,714,False,1,1.0,582.0
12224,714,False,2,0.0,583.0
12225,714,False,3,3.0,584.0
12226,714,False,4,1.0,585.0
12227,714,False,5,1.0,586.0
12228,714,False,6,1.0,587.0
12229,714,False,7,0.0,588.0
12230,714,False,8,0.0,589.0
12231,714,False,9,2.0,590.0
12232,714,False,10,0.0,591.0
12233,714,False,11,0.0,592.0
12234,714,False,12,1.0,593.0
12235,714,False,13,2.0,594.0
12236,714,True,-14,0.0,567.0
12237,714,True,-13,0.0,568.0
12238,714,True,-12,3.0,569.0
12239,714,True,-11,1.0,570.0
12240,714,True,-10,3.0,571.0
12241,714,True,-9,0.0,572.0
12242,714,True,-8,1.0,573.0
12243,714,True,-7,3.0,574.0
12244,714,True,-6,1.0,575.0
12245,714,True,-5,0.0,576.0
12246,714,True,-4,0.0,577.0
12247,714,True,-3,0.0,578.0
12248,714,True,-2,0.0,579.0
12249,714,True,-1,2.0,580.0
12250,714,True,0,0.0,581.0
12251,714,True,1,1.0,582.0
12252,714,True,2,1.0,583.0
12253,714,True,3,0.0,584.0
12254,714,True,4,0.0,585.0
12255,714,True,5,2.0,586.0
12256,714,True,6,0.0,587.0
12257,714,True,7,1.0,588.0
12258,714,True,8,0.0,589.0
12259,714,True,9,0.0,590.0
12260,714,True,10,0.0,591.0
12261,714,True,11,0.0,592.0
12262,714,True,12,0.0,593.0
12263,714,True,13,2.0,594.0
12264,716,False,-14,5.0,711.0
12265,716,False,-13,3.0,712.0
12266,716,False,-12,1.0,713.0
12267,716,False,-11,2.0,714.0
12268,716,False,-10,1.0,715.0
12269,716,False,-9,4.0,716.0
12270,716,False,-8,1.0,717.0
12271,716,False,-7,3.0,718.0
12272,716,False,-6,1.0,719.0
12273,716,False,-5,3.0,720.0
12274,716,False,-4,0.0,721.0
12275,716,False,-3,0.0,722.0
12276,716,False,-2,0.0,723.0
12277,716,False,-1,1.0,724.0
12278,716,False,0,0.0,725.0
12279,716,False,1,1.0,726.0
12280,716,False,2,0.0,727.0
12281,716,False,3,1.0,728.0
12282,716,False,4,2.0,729.0
12283,716,False,5,0.0,730.0
12284,716,False,6,1.0,731.0
12285,716,False,7,4.0,732.0
12286,716,False,8,2.0,733.0
12287,716,False,9,1.0,734.0
12288,716,False,10,1.0,735.0
12289,716,False,11,2.0,736.0
12290,716,False,12,0.0,737.0
12291,716,False,13,0.0,738.0
12292,716,True,-14,0.0,711.0
12293,716,True,-13,1.0,712.0
12294,716,True,-12,0.0,713.0
12295,716,True,-11,1.0,714.0
12296,716,True,-10,0.0,715.0
12297,716,True,-9,0.0,716.0
12298,716,True,-8,0.0,717.0
12299,716,True,-7,1.0,718.0
12300,716,True,-6,0.0,719.0
12301,716,True,-5,0.0,720.0
12302,716,True,-4,0.0,721.0
12303,716,True,-3,0.0,722.0
12304,716,True,-2,0.0,723.0
12305,716,True,-1,0.0,724.0
12306,716,True,0,0.0,725.0
12307,716,True,1,0.0,726.0
12308,716,True,2,1.0,727.0
12309,716,True,3,0.0,728.0
12310,716,True,4,0.0,729.0
12311,716,True,5,0.0,730.0
12312,716,True,6,0.0,731.0
12313,716,True,7,0.0,732.0
12314,716,True,8,0.0,733.0
12315,716,True,9,0.0,734.0
12316,716,True,10,0.0,735.0
12317,716,True,11,1.0,736.0
12318,716,True,12,0.0,737.0
12319,716,True,13,0.0,738.0
12320,718,False,-14,0.0,-10.0
12321,718,False,-13,0.0,-9.0
12322,718,False,-12,0.0,-8.0
12323,718,False,-11,0.0,-7.0
12324,718,False,-10,0.0,-6.0
12325,718,False,-9,0.0,-5.0
12326,718,False,-8,0.0,-4.0
12327,718,False,-7,0.0,-3.0
12328,718,False,-6,0.0,-2.0
12329,718,False,-5,0.0,-1.0
12330,718,False,-4,0.0,0.0
12331,718,False,-3,0.0,1.0
12332,718,False,-2,0.0,2.0
12333,718,False,-1,115.0,3.0
12334,718,False,0,595.0,4.0
12335,718,False,1,172.0,5.0
12336,718,False,2,121.0,6.0
12337,718,False,3,152.0,7.0
12338,718,False,4,126.0,8.0
12339,718,False,5,44.0,9.0
12340,718,False,6,27.0,10.0
12341,718,False,7,24.0,11.0
12342,718,False,8,42.0,12.0
12343,718,False,9,48.0,13.0
12344,718,False,10,39.0,14.0
12345,718,False,11,37.0,15.0
12346,718,False,12,30.0,16.0
12347,718,False,13,19.0,17.0
12348,718,True,-14,0.0,-10.0
12349,718,True,-13,0.0,-9.0
12350,718,True,-12,0.0,-8.0
12351,718,True,-11,0.0,-7.0
12352,718,True,-10,0.0,-6.0
12353,718,True,-9,0.0,-5.0
12354,718,True,-8,0.0,-4.0
12355,718,True,-7,0.0,-3.0
12356,718,True,-6,0.0,-2.0
12357,718,True,-5,0.0,-1.0
12358,718,True,-4,0.0,0.0
12359,718,True,-3,0.0,1.0
12360,718,True,-2,0.0,2.0
12361,718,True,-1,29.0,3.0
12362,718,True,0,126.0,4.0
12363,718,True,1,23.0,5.0
12364,718,True,2,3.0,6.0
12365,718,True,3,16.0,7.0
12366,718,True,4,12.0,8.0
12367,718,True,5,1.0,9.0
12368,718,True,6,1.0,10.0
12369,718,True,7,1.0,11.0
12370,718,True,8,3.0,12.0
12371,718,True,9,2.0,13.0
12372,718,True,10,1.0,14.0
12373,718,True,11,1.0,15.0
12374,718,True,12,0.0,16.0
12375,718,True,13,0.0,17.0
12376,719,False,-14,0.0,554.0
12377,719,False,-13,0.0,555.0
12378,719,False,-12,0.0,556.0
12379,719,False,-11,0.0,557.0
12380,719,False,-10,0.0,558.0
12381,719,False,-9,0.0,559.0
12382,719,False,-8,0.0,560.0
12383,719,False,-7,1.0,561.0
12384,719,False,-6,4.0,562.0
12385,719,False,-5,4.0,563.0
12386,719,False,-4,4.0,564.0
12387,719,False,-3,1.0,565.0
12388,719,False,-2,0.0,566.0
12389,719,False,-1,1.0,567.0
12390,719,False,0,7.0,568.0
12391,719,False,1,1.0,569.0
12392,719,False,2,1.0,570.0
12393,719,False,3,2.0,571.0
12394,719,False,4,0.0,572.0
12395,719,False,5,1.0,573.0
12396,719,False,6,0.0,574.0
12397,719,False,7,1.0,575.0
12398,719,False,8,1.0,576.0
12399,719,False,9,1.0,577.0
12400,719,False,10,0.0,578.0
12401,719,False,11,0.0,579.0
12402,719,False,12,1.0,580.0
12403,719,False,13,0.0,581.0
12404,719,True,-14,0.0,554.0
12405,719,True,-13,0.0,555.0
12406,719,True,-12,0.0,556.0
12407,719,True,-11,0.0,557.0
12408,719,True,-10,0.0,558.0
12409,719,True,-9,0.0,559.0
12410,719,True,-8,0.0,560.0
12411,719,True,-7,0.0,561.0
12412,719,True,-6,1.0,562.0
12413,719,True,-5,2.0,563.0
12414,719,True,-4,0.0,564.0
12415,719,True,-3,0.0,565.0
12416,719,True,-2,0.0,566.0
12417,719,True,-1,0.0,567.0
12418,719,True,0,4.0,568.0
12419,719,True,1,0.0,569.0
12420,719,True,2,1.0,570.0
12421,719,True,3,0.0,571.0
12422,719,True,4,0.0,572.0
12423,719,True,5,0.0,573.0
12424,719,True,6,0.0,574.0
12425,719,True,7,0.0,575.0
12426,719,True,8,0.0,576.0
12427,719,True,9,0.0,577.0
12428,719,True,10,0.0,578.0
12429,719,True,11,0.0,579.0
12430,719,True,12,0.0,580.0
12431,719,True,13,0.0,581.0
12432,720,False,-14,1.0,639.0
12433,720,False,-13,2.0,640.0
12434,720,False,-12,1.0,641.0
12435,720,False,-11,1.0,642.0
12436,720,False,-10,0.0,643.0
12437,720,False,-9,1.0,644.0
12438,720,False,-8,2.0,645.0
12439,720,False,-7,0.0,646.0
12440,720,False,-6,0.0,647.0
12441,720,False,-5,1.0,648.0
12442,720,False,-4,0.0,649.0
12443,720,False,-3,0.0,650.0
12444,720,False,-2,2.0,651.0
12445,720,False,-1,0.0,652.0
12446,720,False,0,0.0,653.0
12447,720,False,1,2.0,654.0
12448,720,False,2,1.0,655.0
12449,720,False,3,1.0,656.0
12450,720,False,4,0.0,657.0
12451,720,False,5,0.0,658.0
12452,720,False,6,0.0,659.0
12453,720,False,7,0.0,660.0
12454,720,False,8,0.0,661.0
12455,720,False,9,0.0,662.0
12456,720,False,10,0.0,663.0
12457,720,False,11,0.0,664.0
12458,720,False,12,0.0,665.0
12459,720,False,13,0.0,666.0
12460,720,True,-14,0.0,639.0
12461,720,True,-13,2.0,640.0
12462,720,True,-12,0.0,641.0
12463,720,True,-11,0.0,642.0
12464,720,True,-10,0.0,643.0
12465,720,True,-9,0.0,644.0
12466,720,True,-8,0.0,645.0
12467,720,True,-7,0.0,646.0
12468,720,True,-6,0.0,647.0
12469,720,True,-5,0.0,648.0
12470,720,True,-4,0.0,649.0
12471,720,True,-3,0.0,650.0
12472,720,True,-2,0.0,651.0
12473,720,True,-1,0.0,652.0
12474,720,True,0,0.0,653.0
12475,720,True,1,0.0,654.0
12476,720,True,2,0.0,655.0
12477,720,True,3,0.0,656.0
12478,720,True,4,0.0,657.0
12479,720,True,5,0.0,658.0
12480,720,True,6,0.0,659.0
12481,720,True,7,0.0,660.0
12482,720,True,8,0.0,661.0
12483,720,True,9,0.0,662.0
12484,720,True,10,0.0,663.0
12485,720,True,11,0.0,664.0
12486,720,True,12,0.0,665.0
12487,720,True,13,0.0,666.0
12488,723,False,-14,0.0,-10.0
12489,723,False,-13,0.0,-9.0
12490,723,False,-12,0.0,-8.0
12491,723,False,-11,0.0,-7.0
12492,723,False,-10,0.0,-6.0
12493,723,False,-9,0.0,-5.0
12494,723,False,-8,0.0,-4.0
12495,723,False,-7,0.0,-3.0
12496,723,False,-6,0.0,-2.0
12497,723,False,-5,11.0,-1.0
12498,723,False,-4,7.0,0.0
12499,723,False,-3,3.0,1.0
12500,723,False,-2,2.0,2.0
12501,723,False,-1,2.0,3.0
12502,723,False,0,4.0,4.0
12503,723,False,1,1.0,5.0
12504,723,False,2,3.0,6.0
12505,723,False,3,2.0,7.0
12506,723,False,4,3.0,8.0
12507,723,False,5,1.0,9.0
12508,723,False,6,2.0,10.0
12509,723,False,7,1.0,11.0
12510,723,False,8,2.0,12.0
12511,723,False,9,2.0,13.0
12512,723,False,10,1.0,14.0
12513,723,False,11,2.0,15.0
12514,723,False,12,1.0,16.0
12515,723,False,13,0.0,17.0
12516,723,True,-14,0.0,-10.0
12517,723,True,-13,0.0,-9.0
12518,723,True,-12,0.0,-8.0
12519,723,True,-11,0.0,-7.0
12520,723,True,-10,0.0,-6.0
12521,723,True,-9,0.0,-5.0
12522,723,True,-8,0.0,-4.0
12523,723,True,-7,0.0,-3.0
12524,723,True,-6,0.0,-2.0
12525,723,True,-5,4.0,-1.0
12526,723,True,-4,5.0,0.0
12527,723,True,-3,1.0,1.0
12528,723,True,-2,1.0,2.0
12529,723,True,-1,0.0,3.0
12530,723,True,0,3.0,4.0
12531,723,True,1,3.0,5.0
12532,723,True,2,0.0,6.0
12533,723,True,3,3.0,7.0
12534,723,True,4,0.0,8.0
12535,723,True,5,0.0,9.0
12536,723,True,6,0.0,10.0
12537,723,True,7,0.0,11.0
12538,723,True,8,0.0,12.0
12539,723,True,9,0.0,13.0
12540,723,True,10,0.0,14.0
12541,723,True,11,0.0,15.0
12542,723,True,12,0.0,16.0
12543,723,True,13,0.0,17.0
12544,724,False,-14,35.0,612.0
12545,724,False,-13,224.0,613.0
12546,724,False,-12,37.0,614.0
12547,724,False,-11,32.0,615.0
12548,724,False,-10,21.0,616.0
12549,724,False,-9,36.0,617.0
12550,724,False,-8,39.0,618.0
12551,724,False,-7,91.0,619.0
12552,724,False,-6,53.0,620.0
12553,724,False,-5,119.0,621.0
12554,724,False,-4,89.0,622.0
12555,724,False,-3,72.0,623.0
12556,724,False,-2,67.0,624.0
12557,724,False,-1,63.0,625.0
12558,724,False,0,60.0,626.0
12559,724,False,1,71.0,627.0
12560,724,False,2,47.0,628.0
12561,724,False,3,42.0,629.0
12562,724,False,4,74.0,630.0
12563,724,False,5,64.0,631.0
12564,724,False,6,61.0,632.0
12565,724,False,7,44.0,633.0
12566,724,False,8,83.0,634.0
12567,724,False,9,167.0,635.0
12568,724,False,10,95.0,636.0
12569,724,False,11,96.0,637.0
12570,724,False,12,89.0,638.0
12571,724,False,13,57.0,639.0
12572,724,True,-14,10.0,612.0
12573,724,True,-13,41.0,613.0
12574,724,True,-12,9.0,614.0
12575,724,True,-11,3.0,615.0
12576,724,True,-10,2.0,616.0
12577,724,True,-9,4.0,617.0
12578,724,True,-8,3.0,618.0
12579,724,True,-7,10.0,619.0
12580,724,True,-6,3.0,620.0
12581,724,True,-5,14.0,621.0
12582,724,True,-4,5.0,622.0
12583,724,True,-3,10.0,623.0
12584,724,True,-2,8.0,624.0
12585,724,True,-1,6.0,625.0
12586,724,True,0,13.0,626.0
12587,724,True,1,3.0,627.0
12588,724,True,2,1.0,628.0
12589,724,True,3,0.0,629.0
12590,724,True,4,3.0,630.0
12591,724,True,5,7.0,631.0
12592,724,True,6,4.0,632.0
12593,724,True,7,4.0,633.0
12594,724,True,8,4.0,634.0
12595,724,True,9,7.0,635.0
12596,724,True,10,3.0,636.0
12597,724,True,11,3.0,637.0
12598,724,True,12,5.0,638.0
12599,724,True,13,4.0,639.0
12600,730,False,-14,8.0,575.0
12601,730,False,-13,8.0,576.0
12602,730,False,-12,4.0,577.0
12603,730,False,-11,3.0,578.0
12604,730,False,-10,15.0,579.0
12605,730,False,-9,6.0,580.0
12606,730,False,-8,10.0,581.0
12607,730,False,-7,8.0,582.0
12608,730,False,-6,11.0,583.0
12609,730,False,-5,3.0,584.0
12610,730,False,-4,8.0,585.0
12611,730,False,-3,7.0,586.0
12612,730,False,-2,8.0,587.0
12613,730,False,-1,6.0,588.0
12614,730,False,0,8.0,589.0
12615,730,False,1,3.0,590.0
12616,730,False,2,15.0,591.0
12617,730,False,3,4.0,592.0
12618,730,False,4,9.0,593.0
12619,730,False,5,7.0,594.0
12620,730,False,6,1.0,595.0
12621,730,False,7,2.0,596.0
12622,730,False,8,6.0,597.0
12623,730,False,9,2.0,598.0
12624,730,False,10,3.0,599.0
12625,730,False,11,2.0,600.0
12626,730,False,12,15.0,601.0
12627,730,False,13,11.0,602.0
12628,730,True,-14,4.0,575.0
12629,730,True,-13,6.0,576.0
12630,730,True,-12,5.0,577.0
12631,730,True,-11,4.0,578.0
12632,730,True,-10,0.0,579.0
12633,730,True,-9,1.0,580.0
12634,730,True,-8,3.0,581.0
12635,730,True,-7,3.0,582.0
12636,730,True,-6,2.0,583.0
12637,730,True,-5,0.0,584.0
12638,730,True,-4,2.0,585.0
12639,730,True,-3,2.0,586.0
12640,730,True,-2,0.0,587.0
12641,730,True,-1,1.0,588.0
12642,730,True,0,5.0,589.0
12643,730,True,1,2.0,590.0
12644,730,True,2,4.0,591.0
12645,730,True,3,1.0,592.0
12646,730,True,4,0.0,593.0
12647,730,True,5,0.0,594.0
12648,730,True,6,1.0,595.0
12649,730,True,7,2.0,596.0
12650,730,True,8,0.0,597.0
12651,730,True,9,0.0,598.0
12652,730,True,10,0.0,599.0
12653,730,True,11,1.0,600.0
12654,730,True,12,4.0,601.0
12655,730,True,13,3.0,602.0
12656,731,False,-14,410.0,575.0
12657,731,False,-13,223.0,576.0
12658,731,False,-12,231.0,577.0
12659,731,False,-11,513.0,578.0
12660,731,False,-10,431.0,579.0
12661,731,False,-9,112.0,580.0
12662,731,False,-8,136.0,581.0
12663,731,False,-7,142.0,582.0
12664,731,False,-6,150.0,583.0
12665,731,False,-5,100.0,584.0
12666,731,False,-4,109.0,585.0
12667,731,False,-3,477.0,586.0
12668,731,False,-2,154.0,587.0
12669,731,False,-1,127.0,588.0
12670,731,False,0,87.0,589.0
12671,731,False,1,48.0,590.0
12672,731,False,2,50.0,591.0
12673,731,False,3,201.0,592.0
12674,731,False,4,117.0,593.0
12675,731,False,5,46.0,594.0
12676,731,False,6,42.0,595.0
12677,731,False,7,22.0,596.0
12678,731,False,8,4.0,597.0
12679,731,False,9,0.0,598.0
12680,731,False,10,0.0,599.0
12681,731,False,11,211.0,600.0
12682,731,False,12,82.0,601.0
12683,731,False,13,43.0,602.0
12684,731,True,-14,37.0,575.0
12685,731,True,-13,19.0,576.0
12686,731,True,-12,21.0,577.0
12687,731,True,-11,63.0,578.0
12688,731,True,-10,49.0,579.0
12689,731,True,-9,16.0,580.0
12690,731,True,-8,13.0,581.0
12691,731,True,-7,23.0,582.0
12692,731,True,-6,15.0,583.0
12693,731,True,-5,7.0,584.0
12694,731,True,-4,6.0,585.0
12695,731,True,-3,59.0,586.0
12696,731,True,-2,23.0,587.0
12697,731,True,-1,17.0,588.0
12698,731,True,0,9.0,589.0
12699,731,True,1,6.0,590.0
12700,731,True,2,4.0,591.0
12701,731,True,3,23.0,592.0
12702,731,True,4,19.0,593.0
12703,731,True,5,1.0,594.0
12704,731,True,6,5.0,595.0
12705,731,True,7,5.0,596.0
12706,731,True,8,0.0,597.0
12707,731,True,9,0.0,598.0
12708,731,True,10,0.0,599.0
12709,731,True,11,23.0,600.0
12710,731,True,12,9.0,601.0
12711,731,True,13,6.0,602.0
12712,733,False,-14,20.0,757.0
12713,733,False,-13,20.0,758.0
12714,733,False,-12,13.0,759.0
12715,733,False,-11,39.0,760.0
12716,733,False,-10,82.0,761.0
12717,733,False,-9,49.0,762.0
12718,733,False,-8,23.0,763.0
12719,733,False,-7,10.0,764.0
12720,733,False,-6,7.0,765.0
12721,733,False,-5,30.0,766.0
12722,733,False,-4,45.0,767.0
12723,733,False,-3,25.0,768.0
12724,733,False,-2,26.0,769.0
12725,733,False,-1,328.0,770.0
12726,733,False,0,550.0,771.0
12727,733,False,1,104.0,772.0
12728,733,False,2,154.0,773.0
12729,733,False,3,40.0,774.0
12730,733,False,4,20.0,775.0
12731,733,False,5,24.0,776.0
12732,733,False,6,19.0,777.0
12733,733,False,7,78.0,778.0
12734,733,False,8,24.0,779.0
12735,733,False,9,8.0,780.0
12736,733,False,10,3.0,781.0
12737,733,False,11,8.0,782.0
12738,733,False,12,94.0,783.0
12739,733,False,13,14.0,784.0
12740,733,True,-14,2.0,757.0
12741,733,True,-13,4.0,758.0
12742,733,True,-12,2.0,759.0
12743,733,True,-11,6.0,760.0
12744,733,True,-10,11.0,761.0
12745,733,True,-9,11.0,762.0
12746,733,True,-8,3.0,763.0
12747,733,True,-7,1.0,764.0
12748,733,True,-6,1.0,765.0
12749,733,True,-5,10.0,766.0
12750,733,True,-4,9.0,767.0
12751,733,True,-3,1.0,768.0
12752,733,True,-2,2.0,769.0
12753,733,True,-1,61.0,770.0
12754,733,True,0,69.0,771.0
12755,733,True,1,15.0,772.0
12756,733,True,2,13.0,773.0
12757,733,True,3,6.0,774.0
12758,733,True,4,4.0,775.0
12759,733,True,5,3.0,776.0
12760,733,True,6,1.0,777.0
12761,733,True,7,8.0,778.0
12762,733,True,8,2.0,779.0
12763,733,True,9,0.0,780.0
12764,733,True,10,0.0,781.0
12765,733,True,11,3.0,782.0
12766,733,True,12,6.0,783.0
12767,733,True,13,1.0,784.0
12768,736,False,-14,0.0,552.0
12769,736,False,-13,0.0,553.0
12770,736,False,-12,1.0,554.0
12771,736,False,-11,0.0,555.0
12772,736,False,-10,1.0,556.0
12773,736,False,-9,0.0,557.0
12774,736,False,-8,1.0,558.0
12775,736,False,-7,3.0,559.0
12776,736,False,-6,0.0,560.0
12777,736,False,-5,1.0,561.0
12778,736,False,-4,1.0,562.0
12779,736,False,-3,6.0,563.0
12780,736,False,-2,0.0,564.0
12781,736,False,-1,45.0,565.0
12782,736,False,0,27.0,566.0
12783,736,False,1,17.0,567.0
12784,736,False,2,3.0,568.0
12785,736,False,3,1.0,569.0
12786,736,False,4,6.0,570.0
12787,736,False,5,0.0,571.0
12788,736,False,6,2.0,572.0
12789,736,False,7,1.0,573.0
12790,736,False,8,1.0,574.0
12791,736,False,9,12.0,575.0
12792,736,False,10,2.0,576.0
12793,736,False,11,53.0,577.0
12794,736,False,12,26.0,578.0
12795,736,False,13,7.0,579.0
12796,736,True,-14,0.0,552.0
12797,736,True,-13,0.0,553.0
12798,736,True,-12,0.0,554.0
12799,736,True,-11,0.0,555.0
12800,736,True,-10,0.0,556.0
12801,736,True,-9,0.0,557.0
12802,736,True,-8,0.0,558.0
12803,736,True,-7,0.0,559.0
12804,736,True,-6,0.0,560.0
12805,736,True,-5,0.0,561.0
12806,736,True,-4,0.0,562.0
12807,736,True,-3,0.0,563.0
12808,736,True,-2,1.0,564.0
12809,736,True,-1,7.0,565.0
12810,736,True,0,8.0,566.0
12811,736,True,1,0.0,567.0
12812,736,True,2,0.0,568.0
12813,736,True,3,0.0,569.0
12814,736,True,4,1.0,570.0
12815,736,True,5,0.0,571.0
12816,736,True,6,0.0,572.0
12817,736,True,7,0.0,573.0
12818,736,True,8,0.0,574.0
12819,736,True,9,0.0,575.0
12820,736,True,10,1.0,576.0
12821,736,True,11,5.0,577.0
12822,736,True,12,1.0,578.0
12823,736,True,13,0.0,579.0
12824,737,False,-14,0.0,-8.0
12825,737,False,-13,0.0,-7.0
12826,737,False,-12,0.0,-6.0
12827,737,False,-11,0.0,-5.0
12828,737,False,-10,0.0,-4.0
12829,737,False,-9,0.0,-3.0
12830,737,False,-8,0.0,-2.0
12831,737,False,-7,0.0,-1.0
12832,737,False,-6,85.0,0.0
12833,737,False,-5,67.0,1.0
12834,737,False,-4,94.0,2.0
12835,737,False,-3,69.0,3.0
12836,737,False,-2,135.0,4.0
12837,737,False,-1,124.0,5.0
12838,737,False,0,69.0,6.0
12839,737,False,1,42.0,7.0
12840,737,False,2,22.0,8.0
12841,737,False,3,41.0,9.0
12842,737,False,4,38.0,10.0
12843,737,False,5,38.0,11.0
12844,737,False,6,64.0,12.0
12845,737,False,7,49.0,13.0
12846,737,False,8,84.0,14.0
12847,737,False,9,55.0,15.0
12848,737,False,10,30.0,16.0
12849,737,False,11,44.0,17.0
12850,737,False,12,30.0,18.0
12851,737,False,13,73.0,19.0
12852,737,True,-14,0.0,-8.0
12853,737,True,-13,0.0,-7.0
12854,737,True,-12,0.0,-6.0
12855,737,True,-11,0.0,-5.0
12856,737,True,-10,0.0,-4.0
12857,737,True,-9,0.0,-3.0
12858,737,True,-8,0.0,-2.0
12859,737,True,-7,0.0,-1.0
12860,737,True,-6,40.0,0.0
12861,737,True,-5,31.0,1.0
12862,737,True,-4,49.0,2.0
12863,737,True,-3,18.0,3.0
12864,737,True,-2,44.0,4.0
12865,737,True,-1,30.0,5.0
12866,737,True,0,10.0,6.0
12867,737,True,1,6.0,7.0
12868,737,True,2,4.0,8.0
12869,737,True,3,3.0,9.0
12870,737,True,4,3.0,10.0
12871,737,True,5,2.0,11.0
12872,737,True,6,3.0,12.0
12873,737,True,7,0.0,13.0
12874,737,True,8,8.0,14.0
12875,737,True,9,3.0,15.0
12876,737,True,10,1.0,16.0
12877,737,True,11,0.0,17.0
12878,737,True,12,4.0,18.0
12879,737,True,13,2.0,19.0
12880,741,False,-14,28.0,638.0
12881,741,False,-13,26.0,639.0
12882,741,False,-12,39.0,640.0
12883,741,False,-11,42.0,641.0
12884,741,False,-10,128.0,642.0
12885,741,False,-9,90.0,643.0
12886,741,False,-8,52.0,644.0
12887,741,False,-7,42.0,645.0
12888,741,False,-6,82.0,646.0
12889,741,False,-5,56.0,647.0
12890,741,False,-4,69.0,648.0
12891,741,False,-3,140.0,649.0
12892,741,False,-2,86.0,650.0
12893,741,False,-1,53.0,651.0
12894,741,False,0,43.0,652.0
12895,741,False,1,44.0,653.0
12896,741,False,2,24.0,654.0
12897,741,False,3,94.0,655.0
12898,741,False,4,66.0,656.0
12899,741,False,5,17.0,657.0
12900,741,False,6,21.0,658.0
12901,741,False,7,21.0,659.0
12902,741,False,8,15.0,660.0
12903,741,False,9,20.0,661.0
12904,741,False,10,29.0,662.0
12905,741,False,11,25.0,663.0
12906,741,False,12,27.0,664.0
12907,741,False,13,98.0,665.0
12908,741,True,-14,4.0,638.0
12909,741,True,-13,4.0,639.0
12910,741,True,-12,6.0,640.0
12911,741,True,-11,9.0,641.0
12912,741,True,-10,20.0,642.0
12913,741,True,-9,9.0,643.0
12914,741,True,-8,11.0,644.0
12915,741,True,-7,9.0,645.0
12916,741,True,-6,11.0,646.0
12917,741,True,-5,11.0,647.0
12918,741,True,-4,11.0,648.0
12919,741,True,-3,16.0,649.0
12920,741,True,-2,7.0,650.0
12921,741,True,-1,6.0,651.0
12922,741,True,0,13.0,652.0
12923,741,True,1,4.0,653.0
12924,741,True,2,3.0,654.0
12925,741,True,3,10.0,655.0
12926,741,True,4,6.0,656.0
12927,741,True,5,2.0,657.0
12928,741,True,6,4.0,658.0
12929,741,True,7,2.0,659.0
12930,741,True,8,1.0,660.0
12931,741,True,9,5.0,661.0
12932,741,True,10,5.0,662.0
12933,741,True,11,0.0,663.0
12934,741,True,12,3.0,664.0
12935,741,True,13,18.0,665.0
12936,742,False,-14,396.0,562.0
12937,742,False,-13,702.0,563.0
12938,742,False,-12,515.0,564.0
12939,742,False,-11,767.0,565.0
12940,742,False,-10,890.0,566.0
12941,742,False,-9,2246.0,567.0
12942,742,False,-8,1156.0,568.0
12943,742,False,-7,919.0,569.0
12944,742,False,-6,957.0,570.0
12945,742,False,-5,8248.0,571.0
12946,742,False,-4,6062.0,572.0
12947,742,False,-3,1682.0,573.0
12948,742,False,-2,1935.0,574.0
12949,742,False,-1,2415.0,575.0
12950,742,False,0,2852.0,576.0
12951,742,False,1,1246.0,577.0
12952,742,False,2,2652.0,578.0
12953,742,False,3,1727.0,579.0
12954,742,False,4,1290.0,580.0
12955,742,False,5,1067.0,581.0
12956,742,False,6,1900.0,582.0
12957,742,False,7,594.0,583.0
12958,742,False,8,1125.0,584.0
12959,742,False,9,741.0,585.0
12960,742,False,10,596.0,586.0
12961,742,False,11,281.0,587.0
12962,742,False,12,192.0,588.0
12963,742,False,13,611.0,589.0
12964,742,True,-14,60.0,562.0
12965,742,True,-13,89.0,563.0
12966,742,True,-12,60.0,564.0
12967,742,True,-11,94.0,565.0
12968,742,True,-10,111.0,566.0
12969,742,True,-9,377.0,567.0
12970,742,True,-8,199.0,568.0
12971,742,True,-7,154.0,569.0
12972,742,True,-6,131.0,570.0
12973,742,True,-5,928.0,571.0
12974,742,True,-4,610.0,572.0
12975,742,True,-3,193.0,573.0
12976,742,True,-2,230.0,574.0
12977,742,True,-1,241.0,575.0
12978,742,True,0,430.0,576.0
12979,742,True,1,100.0,577.0
12980,742,True,2,251.0,578.0
12981,742,True,3,109.0,579.0
12982,742,True,4,135.0,580.0
12983,742,True,5,83.0,581.0
12984,742,True,6,155.0,582.0
12985,742,True,7,44.0,583.0
12986,742,True,8,101.0,584.0
12987,742,True,9,40.0,585.0
12988,742,True,10,34.0,586.0
12989,742,True,11,26.0,587.0
12990,742,True,12,14.0,588.0
12991,742,True,13,58.0,589.0
12992,760,False,-14,102.0,787.0
12993,760,False,-13,78.0,788.0
12994,760,False,-12,117.0,789.0
12995,760,False,-11,24.0,790.0
12996,760,False,-10,18.0,791.0
12997,760,False,-9,10.0,792.0
12998,760,False,-8,17.0,793.0
12999,760,False,-7,50.0,794.0
13000,760,False,-6,26.0,795.0
13001,760,False,-5,12.0,796.0
13002,760,False,-4,7.0,797.0
13003,760,False,-3,11.0,798.0
13004,760,False,-2,8.0,799.0
13005,760,False,-1,19.0,800.0
13006,760,False,0,12.0,801.0
13007,760,False,1,8.0,802.0
13008,760,False,2,14.0,803.0
13009,760,False,3,12.0,804.0
13010,760,False,4,13.0,805.0
13011,760,False,5,5.0,806.0
13012,760,False,6,8.0,807.0
13013,760,False,7,19.0,808.0
13014,760,False,8,8.0,809.0
13015,760,False,9,7.0,810.0
13016,760,False,10,25.0,811.0
13017,760,False,11,9.0,812.0
13018,760,False,12,5.0,813.0
13019,760,False,13,10.0,814.0
13020,760,True,-14,7.0,787.0
13021,760,True,-13,20.0,788.0
13022,760,True,-12,25.0,789.0
13023,760,True,-11,8.0,790.0
13024,760,True,-10,3.0,791.0
13025,760,True,-9,2.0,792.0
13026,760,True,-8,0.0,793.0
13027,760,True,-7,6.0,794.0
13028,760,True,-6,1.0,795.0
13029,760,True,-5,0.0,796.0
13030,760,True,-4,1.0,797.0
13031,760,True,-3,3.0,798.0
13032,760,True,-2,0.0,799.0
13033,760,True,-1,2.0,800.0
13034,760,True,0,7.0,801.0
13035,760,True,1,0.0,802.0
13036,760,True,2,0.0,803.0
13037,760,True,3,0.0,804.0
13038,760,True,4,3.0,805.0
13039,760,True,5,0.0,806.0
13040,760,True,6,7.0,807.0
13041,760,True,7,3.0,808.0
13042,760,True,8,0.0,809.0
13043,760,True,9,2.0,810.0
13044,760,True,10,4.0,811.0
13045,760,True,11,0.0,812.0
13046,760,True,12,1.0,813.0
13047,760,True,13,0.0,814.0
