,period,post.treat,unit_id,gain_rate_fol,gain_rate_non,ts,year_treated
0,263.0,0,0,0.0,2.0,-14,277.0
1,264.0,0,0,5.0,1.0,-13,277.0
2,265.0,0,0,5.0,13.0,-12,277.0
3,266.0,0,0,3.0,8.0,-11,277.0
4,267.0,0,0,0.0,1.0,-10,277.0
5,268.0,0,0,3.0,1.0,-9,277.0
6,269.0,0,0,0.0,0.0,-8,277.0
7,270.0,0,0,0.0,0.0,-7,277.0
8,271.0,0,0,7.0,15.0,-6,277.0
9,272.0,0,0,4.0,11.0,-5,277.0
10,273.0,0,0,0.0,0.0,-4,277.0
11,274.0,0,0,2.0,1.0,-3,277.0
12,275.0,0,0,0.0,2.0,-2,277.0
13,276.0,0,0,9.0,5.0,-1,277.0
14,277.0,1,0,323.0,194.0,0,277.0
15,278.0,1,0,22.0,23.0,1,277.0
16,279.0,1,0,5.0,4.0,2,277.0
17,280.0,1,0,5.0,2.0,3,277.0
18,281.0,1,0,6.0,4.0,4,277.0
19,282.0,1,0,1.0,0.0,5,277.0
20,283.0,1,0,0.0,1.0,6,277.0
21,284.0,1,0,1.0,1.0,7,277.0
22,285.0,1,0,1.0,1.0,8,277.0
23,286.0,1,0,0.0,4.0,9,277.0
24,287.0,1,0,0.0,4.0,10,277.0
25,288.0,1,0,0.0,1.0,11,277.0
26,289.0,1,0,0.0,1.0,12,277.0
27,290.0,1,0,3.0,2.0,13,277.0
28,91.0,0,1,209.0,94.0,-14,105.0
29,92.0,0,1,203.0,72.0,-13,105.0
30,93.0,0,1,121.0,68.0,-12,105.0
31,94.0,0,1,90.0,40.0,-11,105.0
32,95.0,0,1,70.0,50.0,-10,105.0
33,96.0,0,1,37.0,25.0,-9,105.0
34,97.0,0,1,19.0,12.0,-8,105.0
35,98.0,0,1,25.0,9.0,-7,105.0
36,99.0,0,1,24.0,17.0,-6,105.0
37,100.0,0,1,73.0,61.0,-5,105.0
38,101.0,0,1,82.0,56.0,-4,105.0
39,102.0,0,1,326.0,196.0,-3,105.0
40,103.0,0,1,1337.0,1852.0,-2,105.0
41,104.0,0,1,1869.0,2393.0,-1,105.0
42,105.0,1,1,442.0,488.0,0,105.0
43,106.0,1,1,129.0,148.0,1,105.0
44,107.0,1,1,61.0,74.0,2,105.0
45,108.0,1,1,63.0,66.0,3,105.0
46,109.0,1,1,136.0,80.0,4,105.0
47,110.0,1,1,54.0,58.0,5,105.0
48,111.0,1,1,17.0,42.0,6,105.0
49,112.0,1,1,71.0,62.0,7,105.0
50,113.0,1,1,943.0,949.0,8,105.0
51,114.0,1,1,190.0,188.0,9,105.0
52,115.0,1,1,37.0,49.0,10,105.0
53,116.0,1,1,68.0,75.0,11,105.0
54,117.0,1,1,27.0,23.0,12,105.0
55,118.0,1,1,32.0,32.0,13,105.0
56,45.0,0,2,5.0,17.0,-14,59.0
57,46.0,0,2,0.0,5.0,-13,59.0
58,47.0,0,2,1.0,6.0,-12,59.0
59,48.0,0,2,3.0,3.0,-11,59.0
60,49.0,0,2,1.0,5.0,-10,59.0
61,50.0,0,2,116.0,170.0,-9,59.0
62,51.0,0,2,371.0,513.0,-8,59.0
63,52.0,0,2,67.0,150.0,-7,59.0
64,53.0,0,2,23.0,63.0,-6,59.0
65,54.0,0,2,9.0,44.0,-5,59.0
66,55.0,0,2,5.0,49.0,-4,59.0
67,56.0,0,2,22.0,87.0,-3,59.0
68,57.0,0,2,55.0,83.0,-2,59.0
69,58.0,0,2,455.0,685.0,-1,59.0
70,59.0,1,2,336.0,668.0,0,59.0
71,60.0,1,2,60.0,125.0,1,59.0
72,61.0,1,2,19.0,70.0,2,59.0
73,62.0,1,2,19.0,35.0,3,59.0
74,63.0,1,2,19.0,34.0,4,59.0
75,64.0,1,2,14.0,69.0,5,59.0
76,65.0,1,2,12.0,24.0,6,59.0
77,66.0,1,2,8.0,22.0,7,59.0
78,67.0,1,2,4.0,23.0,8,59.0
79,68.0,1,2,8.0,20.0,9,59.0
80,69.0,1,2,2.0,17.0,10,59.0
81,70.0,1,2,11.0,19.0,11,59.0
82,71.0,1,2,4.0,16.0,12,59.0
83,72.0,1,2,1.0,19.0,13,59.0
84,52.0,0,3,336.0,506.0,-14,66.0
85,53.0,0,3,245.0,439.0,-13,66.0
86,54.0,0,3,375.0,735.0,-12,66.0
87,55.0,0,3,217.0,402.0,-11,66.0
88,56.0,0,3,329.0,499.0,-10,66.0
89,57.0,0,3,361.0,782.0,-9,66.0
90,58.0,0,3,764.0,1047.0,-8,66.0
91,59.0,0,3,757.0,836.0,-7,66.0
92,60.0,0,3,339.0,424.0,-6,66.0
93,61.0,0,3,149.0,216.0,-5,66.0
94,62.0,0,3,211.0,226.0,-4,66.0
95,63.0,0,3,169.0,211.0,-3,66.0
96,64.0,0,3,322.0,278.0,-2,66.0
97,65.0,0,3,350.0,439.0,-1,66.0
98,66.0,1,3,521.0,701.0,0,66.0
99,67.0,1,3,289.0,501.0,1,66.0
100,68.0,1,3,208.0,286.0,2,66.0
101,69.0,1,3,171.0,301.0,3,66.0
102,70.0,1,3,449.0,771.0,4,66.0
103,71.0,1,3,115.0,250.0,5,66.0
104,72.0,1,3,315.0,552.0,6,66.0
105,73.0,1,3,247.0,429.0,7,66.0
106,74.0,1,3,36.0,104.0,8,66.0
107,75.0,1,3,24.0,79.0,9,66.0
108,76.0,1,3,55.0,129.0,10,66.0
109,77.0,1,3,41.0,126.0,11,66.0
110,78.0,1,3,64.0,196.0,12,66.0
111,79.0,1,3,68.0,215.0,13,66.0
112,234.0,0,4,0.0,0.0,-14,248.0
113,235.0,0,4,0.0,0.0,-13,248.0
114,236.0,0,4,0.0,0.0,-12,248.0
115,237.0,0,4,0.0,0.0,-11,248.0
116,238.0,0,4,0.0,0.0,-10,248.0
117,239.0,0,4,0.0,0.0,-9,248.0
118,240.0,0,4,0.0,0.0,-8,248.0
119,241.0,0,4,0.0,0.0,-7,248.0
120,242.0,0,4,0.0,0.0,-6,248.0
121,243.0,0,4,0.0,0.0,-5,248.0
122,244.0,0,4,0.0,0.0,-4,248.0
123,245.0,0,4,0.0,0.0,-3,248.0
124,246.0,0,4,0.0,0.0,-2,248.0
125,247.0,0,4,0.0,1.0,-1,248.0
126,248.0,1,4,0.0,0.0,0,248.0
127,249.0,1,4,0.0,0.0,1,248.0
128,250.0,1,4,0.0,0.0,2,248.0
129,251.0,1,4,0.0,0.0,3,248.0
130,252.0,1,4,0.0,0.0,4,248.0
131,253.0,1,4,0.0,0.0,5,248.0
132,254.0,1,4,0.0,0.0,6,248.0
133,255.0,1,4,0.0,0.0,7,248.0
134,256.0,1,4,0.0,0.0,8,248.0
135,257.0,1,4,0.0,0.0,9,248.0
136,258.0,1,4,0.0,0.0,10,248.0
137,259.0,1,4,0.0,0.0,11,248.0
138,260.0,1,4,0.0,0.0,12,248.0
139,261.0,1,4,0.0,0.0,13,248.0
140,87.0,0,5,35.0,23.0,-14,101.0
141,88.0,0,5,23.0,28.0,-13,101.0
142,89.0,0,5,28.0,39.0,-12,101.0
143,90.0,0,5,9.0,14.0,-11,101.0
144,91.0,0,5,11.0,10.0,-10,101.0
145,92.0,0,5,22.0,27.0,-9,101.0
146,93.0,0,5,7.0,7.0,-8,101.0
147,94.0,0,5,9.0,11.0,-7,101.0
148,95.0,0,5,11.0,12.0,-6,101.0
149,96.0,0,5,29.0,28.0,-5,101.0
150,97.0,0,5,43.0,15.0,-4,101.0
151,98.0,0,5,13.0,19.0,-3,101.0
152,99.0,0,5,3.0,10.0,-2,101.0
153,100.0,0,5,4.0,17.0,-1,101.0
154,101.0,1,5,13.0,18.0,0,101.0
155,102.0,1,5,10.0,25.0,1,101.0
156,103.0,1,5,14.0,33.0,2,101.0
157,104.0,1,5,3.0,29.0,3,101.0
158,105.0,1,5,38.0,96.0,4,101.0
159,106.0,1,5,56.0,120.0,5,101.0
160,107.0,1,5,33.0,57.0,6,101.0
161,108.0,1,5,14.0,30.0,7,101.0
162,109.0,1,5,27.0,23.0,8,101.0
163,110.0,1,5,33.0,102.0,9,101.0
164,111.0,1,5,18.0,38.0,10,101.0
165,112.0,1,5,8.0,17.0,11,101.0
166,113.0,1,5,105.0,119.0,12,101.0
167,114.0,1,5,436.0,339.0,13,101.0
168,41.0,0,8,770.0,7515.0,-14,55.0
169,42.0,0,8,898.0,10715.0,-13,55.0
170,43.0,0,8,873.0,5397.0,-12,55.0
171,44.0,0,8,722.0,5789.0,-11,55.0
172,45.0,0,8,1220.0,10558.0,-10,55.0
173,46.0,0,8,819.0,7618.0,-9,55.0
174,47.0,0,8,745.0,7543.0,-8,55.0
175,48.0,0,8,759.0,8065.0,-7,55.0
176,49.0,0,8,659.0,4920.0,-6,55.0
177,50.0,0,8,376.0,2534.0,-5,55.0
178,51.0,0,8,599.0,4753.0,-4,55.0
179,52.0,0,8,390.0,3649.0,-3,55.0
180,53.0,0,8,300.0,2403.0,-2,55.0
181,54.0,0,8,190.0,1482.0,-1,55.0
182,55.0,1,8,291.0,3400.0,0,55.0
183,56.0,1,8,152.0,1940.0,1,55.0
184,57.0,1,8,411.0,4209.0,2,55.0
185,58.0,1,8,211.0,2445.0,3,55.0
186,59.0,1,8,259.0,2894.0,4,55.0
187,60.0,1,8,264.0,3166.0,5,55.0
188,61.0,1,8,58.0,710.0,6,55.0
189,62.0,1,8,145.0,1865.0,7,55.0
190,63.0,1,8,80.0,1357.0,8,55.0
191,64.0,1,8,152.0,1949.0,9,55.0
192,65.0,1,8,40.0,639.0,10,55.0
193,66.0,1,8,113.0,1269.0,11,55.0
194,67.0,1,8,147.0,2195.0,12,55.0
195,68.0,1,8,60.0,785.0,13,55.0
196,40.0,0,10,6.0,185.0,-14,54.0
197,41.0,0,10,5.0,154.0,-13,54.0
198,42.0,0,10,9.0,149.0,-12,54.0
199,43.0,0,10,3.0,154.0,-11,54.0
200,44.0,0,10,7.0,218.0,-10,54.0
201,45.0,0,10,5.0,96.0,-9,54.0
202,46.0,0,10,0.0,27.0,-8,54.0
203,47.0,0,10,2.0,168.0,-7,54.0
204,48.0,0,10,5.0,222.0,-6,54.0
205,49.0,0,10,4.0,38.0,-5,54.0
206,50.0,0,10,5.0,26.0,-4,54.0
207,51.0,0,10,2.0,42.0,-3,54.0
208,52.0,0,10,1.0,31.0,-2,54.0
209,53.0,0,10,9.0,55.0,-1,54.0
210,54.0,1,10,20.0,51.0,0,54.0
211,55.0,1,10,8.0,97.0,1,54.0
212,56.0,1,10,5.0,42.0,2,54.0
213,57.0,1,10,4.0,93.0,3,54.0
214,58.0,1,10,14.0,137.0,4,54.0
215,59.0,1,10,11.0,233.0,5,54.0
216,60.0,1,10,3.0,275.0,6,54.0
217,61.0,1,10,6.0,94.0,7,54.0
218,62.0,1,10,4.0,59.0,8,54.0
219,63.0,1,10,1.0,34.0,9,54.0
220,64.0,1,10,1.0,12.0,10,54.0
221,65.0,1,10,5.0,57.0,11,54.0
222,66.0,1,10,2.0,50.0,12,54.0
223,67.0,1,10,2.0,52.0,13,54.0
224,265.0,0,12,14.0,44.0,-14,279.0
225,266.0,0,12,29.0,47.0,-13,279.0
226,267.0,0,12,13.0,68.0,-12,279.0
227,268.0,0,12,20.0,86.0,-11,279.0
228,269.0,0,12,16.0,95.0,-10,279.0
229,270.0,0,12,23.0,73.0,-9,279.0
230,271.0,0,12,17.0,70.0,-8,279.0
231,272.0,0,12,17.0,60.0,-7,279.0
232,273.0,0,12,19.0,56.0,-6,279.0
233,274.0,0,12,7.0,46.0,-5,279.0
234,275.0,0,12,5.0,56.0,-4,279.0
235,276.0,0,12,8.0,47.0,-3,279.0
236,277.0,0,12,7.0,48.0,-2,279.0
237,278.0,0,12,10.0,54.0,-1,279.0
238,279.0,1,12,26.0,61.0,0,279.0
239,280.0,1,12,5.0,52.0,1,279.0
240,281.0,1,12,14.0,70.0,2,279.0
241,282.0,1,12,42.0,164.0,3,279.0
242,283.0,1,12,18.0,77.0,4,279.0
243,284.0,1,12,6.0,63.0,5,279.0
244,285.0,1,12,10.0,56.0,6,279.0
245,286.0,1,12,17.0,72.0,7,279.0
246,287.0,1,12,11.0,52.0,8,279.0
247,288.0,1,12,14.0,63.0,9,279.0
248,289.0,1,12,20.0,95.0,10,279.0
249,290.0,1,12,21.0,94.0,11,279.0
250,291.0,1,12,13.0,78.0,12,279.0
251,292.0,1,12,15.0,67.0,13,279.0
252,130.0,0,14,0.0,0.0,-14,144.0
253,131.0,0,14,0.0,0.0,-13,144.0
254,132.0,0,14,0.0,1.0,-12,144.0
255,133.0,0,14,0.0,1.0,-11,144.0
256,134.0,0,14,0.0,0.0,-10,144.0
257,135.0,0,14,0.0,0.0,-9,144.0
258,136.0,0,14,0.0,1.0,-8,144.0
259,137.0,0,14,0.0,0.0,-7,144.0
260,138.0,0,14,0.0,1.0,-6,144.0
261,139.0,0,14,0.0,0.0,-5,144.0
262,140.0,0,14,0.0,0.0,-4,144.0
263,141.0,0,14,0.0,1.0,-3,144.0
264,142.0,0,14,0.0,0.0,-2,144.0
265,143.0,0,14,6772.0,9560.0,-1,144.0
266,144.0,1,14,494.0,772.0,0,144.0
267,145.0,1,14,206.0,221.0,1,144.0
268,146.0,1,14,76.0,157.0,2,144.0
269,147.0,1,14,30.0,44.0,3,144.0
270,148.0,1,14,30.0,30.0,4,144.0
271,149.0,1,14,23.0,20.0,5,144.0
272,150.0,1,14,22.0,11.0,6,144.0
273,151.0,1,14,14.0,7.0,7,144.0
274,152.0,1,14,14.0,14.0,8,144.0
275,153.0,1,14,11.0,13.0,9,144.0
276,154.0,1,14,15.0,14.0,10,144.0
277,155.0,1,14,81.0,32.0,11,144.0
278,156.0,1,14,31.0,17.0,12,144.0
279,157.0,1,14,87.0,21.0,13,144.0
280,75.0,0,16,115.0,203.0,-14,89.0
281,76.0,0,16,45.0,64.0,-13,89.0
282,77.0,0,16,75.0,69.0,-12,89.0
283,78.0,0,16,336.0,158.0,-11,89.0
284,79.0,0,16,157.0,52.0,-10,89.0
285,80.0,0,16,39.0,20.0,-9,89.0
286,81.0,0,16,66.0,38.0,-8,89.0
287,82.0,0,16,40.0,24.0,-7,89.0
288,83.0,0,16,39.0,28.0,-6,89.0
289,84.0,0,16,78.0,42.0,-5,89.0
290,85.0,0,16,48.0,77.0,-4,89.0
291,86.0,0,16,55.0,60.0,-3,89.0
292,87.0,0,16,58.0,45.0,-2,89.0
293,88.0,0,16,49.0,70.0,-1,89.0
294,89.0,1,16,112.0,176.0,0,89.0
295,90.0,1,16,85.0,152.0,1,89.0
296,91.0,1,16,47.0,124.0,2,89.0
297,92.0,1,16,33.0,73.0,3,89.0
298,93.0,1,16,20.0,94.0,4,89.0
299,94.0,1,16,34.0,52.0,5,89.0
300,95.0,1,16,46.0,56.0,6,89.0
301,96.0,1,16,21.0,60.0,7,89.0
302,97.0,1,16,38.0,56.0,8,89.0
303,98.0,1,16,40.0,90.0,9,89.0
304,99.0,1,16,41.0,52.0,10,89.0
305,100.0,1,16,25.0,115.0,11,89.0
306,101.0,1,16,38.0,115.0,12,89.0
307,102.0,1,16,55.0,176.0,13,89.0
308,163.0,0,17,30.0,30.0,-14,177.0
309,164.0,0,17,43.0,26.0,-13,177.0
310,165.0,0,17,63.0,27.0,-12,177.0
311,166.0,0,17,28.0,20.0,-11,177.0
312,167.0,0,17,27.0,17.0,-10,177.0
313,168.0,0,17,18.0,8.0,-9,177.0
314,169.0,0,17,16.0,13.0,-8,177.0
315,170.0,0,17,6.0,13.0,-7,177.0
316,171.0,0,17,24.0,14.0,-6,177.0
317,172.0,0,17,25.0,18.0,-5,177.0
318,173.0,0,17,24.0,13.0,-4,177.0
319,174.0,0,17,9.0,7.0,-3,177.0
320,175.0,0,17,5.0,11.0,-2,177.0
321,176.0,0,17,9.0,22.0,-1,177.0
322,177.0,1,17,107.0,171.0,0,177.0
323,178.0,1,17,13.0,27.0,1,177.0
324,179.0,1,17,9.0,22.0,2,177.0
325,180.0,1,17,9.0,22.0,3,177.0
326,181.0,1,17,6.0,10.0,4,177.0
327,182.0,1,17,3.0,11.0,5,177.0
328,183.0,1,17,2.0,9.0,6,177.0
329,184.0,1,17,22.0,13.0,7,177.0
330,185.0,1,17,5.0,6.0,8,177.0
331,186.0,1,17,9.0,12.0,9,177.0
332,187.0,1,17,9.0,11.0,10,177.0
333,188.0,1,17,4.0,14.0,11,177.0
334,189.0,1,17,5.0,10.0,12,177.0
335,190.0,1,17,8.0,7.0,13,177.0
336,116.0,0,18,0.0,0.0,-14,130.0
337,117.0,0,18,0.0,0.0,-13,130.0
338,118.0,0,18,0.0,0.0,-12,130.0
339,119.0,0,18,0.0,0.0,-11,130.0
340,120.0,0,18,0.0,0.0,-10,130.0
341,121.0,0,18,0.0,0.0,-9,130.0
342,122.0,0,18,42005.0,117611.0,-8,130.0
343,123.0,0,18,35834.0,169701.0,-7,130.0
344,124.0,0,18,8572.0,39986.0,-6,130.0
345,125.0,0,18,1703.0,6817.0,-5,130.0
346,126.0,0,18,1230.0,5731.0,-4,130.0
347,127.0,0,18,6465.0,29440.0,-3,130.0
348,128.0,0,18,2444.0,10105.0,-2,130.0
349,129.0,0,18,2644.0,11703.0,-1,130.0
350,130.0,1,18,3783.0,18606.0,0,130.0
351,131.0,1,18,1806.0,11246.0,1,130.0
352,132.0,1,18,545.0,3996.0,2,130.0
353,133.0,1,18,605.0,3806.0,3,130.0
354,134.0,1,18,595.0,2995.0,4,130.0
355,135.0,1,18,455.0,2891.0,5,130.0
356,136.0,1,18,251.0,2297.0,6,130.0
357,137.0,1,18,425.0,2782.0,7,130.0
358,138.0,1,18,374.0,2087.0,8,130.0
359,139.0,1,18,347.0,2168.0,9,130.0
360,140.0,1,18,129.0,1572.0,10,130.0
361,141.0,1,18,149.0,1709.0,11,130.0
362,142.0,1,18,256.0,1536.0,12,130.0
363,143.0,1,18,226.0,1254.0,13,130.0
364,234.0,0,19,0.0,0.0,-14,248.0
365,235.0,0,19,0.0,0.0,-13,248.0
366,236.0,0,19,0.0,0.0,-12,248.0
367,237.0,0,19,0.0,0.0,-11,248.0
368,238.0,0,19,1.0,0.0,-10,248.0
369,239.0,0,19,0.0,0.0,-9,248.0
370,240.0,0,19,0.0,0.0,-8,248.0
371,241.0,0,19,1.0,0.0,-7,248.0
372,242.0,0,19,1.0,0.0,-6,248.0
373,243.0,0,19,0.0,0.0,-5,248.0
374,244.0,0,19,0.0,0.0,-4,248.0
375,245.0,0,19,1.0,0.0,-3,248.0
376,246.0,0,19,0.0,0.0,-2,248.0
377,247.0,0,19,57.0,44.0,-1,248.0
378,248.0,1,19,45.0,30.0,0,248.0
379,249.0,1,19,5.0,6.0,1,248.0
380,250.0,1,19,1.0,1.0,2,248.0
381,251.0,1,19,0.0,0.0,3,248.0
382,252.0,1,19,2.0,0.0,4,248.0
383,253.0,1,19,0.0,0.0,5,248.0
384,254.0,1,19,0.0,2.0,6,248.0
385,255.0,1,19,0.0,1.0,7,248.0
386,256.0,1,19,0.0,0.0,8,248.0
387,257.0,1,19,0.0,0.0,9,248.0
388,258.0,1,19,0.0,0.0,10,248.0
389,259.0,1,19,1.0,0.0,11,248.0
390,260.0,1,19,0.0,0.0,12,248.0
391,261.0,1,19,0.0,0.0,13,248.0
392,15.0,0,20,12.0,119.0,-14,29.0
393,16.0,0,20,8.0,88.0,-13,29.0
394,17.0,0,20,5.0,65.0,-12,29.0
395,18.0,0,20,10.0,141.0,-11,29.0
396,19.0,0,20,14.0,90.0,-10,29.0
397,20.0,0,20,5.0,73.0,-9,29.0
398,21.0,0,20,0.0,24.0,-8,29.0
399,22.0,0,20,4.0,29.0,-7,29.0
400,23.0,0,20,2.0,28.0,-6,29.0
401,24.0,0,20,5.0,31.0,-5,29.0
402,25.0,0,20,17.0,419.0,-4,29.0
403,26.0,0,20,26.0,507.0,-3,29.0
404,27.0,0,20,30.0,819.0,-2,29.0
405,28.0,0,20,76.0,1092.0,-1,29.0
406,29.0,1,20,51.0,962.0,0,29.0
407,30.0,1,20,127.0,2565.0,1,29.0
408,31.0,1,20,162.0,5968.0,2,29.0
409,32.0,1,20,89.0,6574.0,3,29.0
410,33.0,1,20,60.0,5344.0,4,29.0
411,34.0,1,20,36.0,3378.0,5,29.0
412,35.0,1,20,20.0,2354.0,6,29.0
413,36.0,1,20,37.0,2722.0,7,29.0
414,37.0,1,20,36.0,3378.0,8,29.0
415,38.0,1,20,30.0,3561.0,9,29.0
416,39.0,1,20,24.0,4104.0,10,29.0
417,40.0,1,20,11.0,2356.0,11,29.0
418,41.0,1,20,20.0,1975.0,12,29.0
419,42.0,1,20,8.0,1248.0,13,29.0
420,43.0,0,22,51.0,106.0,-14,57.0
421,44.0,0,22,21.0,37.0,-13,57.0
422,45.0,0,22,24.0,62.0,-12,57.0
423,46.0,0,22,19.0,54.0,-11,57.0
424,47.0,0,22,135.0,104.0,-10,57.0
425,48.0,0,22,70.0,85.0,-9,57.0
426,49.0,0,22,38.0,45.0,-8,57.0
427,50.0,0,22,17.0,21.0,-7,57.0
428,51.0,0,22,21.0,27.0,-6,57.0
429,52.0,0,22,10.0,24.0,-5,57.0
430,53.0,0,22,16.0,27.0,-4,57.0
431,54.0,0,22,31.0,29.0,-3,57.0
432,55.0,0,22,13.0,15.0,-2,57.0
433,56.0,0,22,363.0,339.0,-1,57.0
434,57.0,1,22,1258.0,1210.0,0,57.0
435,58.0,1,22,76.0,83.0,1,57.0
436,59.0,1,22,37.0,52.0,2,57.0
437,60.0,1,22,30.0,39.0,3,57.0
438,61.0,1,22,22.0,23.0,4,57.0
439,62.0,1,22,19.0,23.0,5,57.0
440,63.0,1,22,99.0,59.0,6,57.0
441,64.0,1,22,23.0,45.0,7,57.0
442,65.0,1,22,11.0,16.0,8,57.0
443,66.0,1,22,10.0,11.0,9,57.0
444,67.0,1,22,3.0,8.0,10,57.0
445,68.0,1,22,8.0,12.0,11,57.0
446,69.0,1,22,14.0,13.0,12,57.0
447,70.0,1,22,36.0,67.0,13,57.0
448,296.0,0,23,5.0,5.0,-14,310.0
449,297.0,0,23,1.0,1.0,-13,310.0
450,298.0,0,23,3.0,2.0,-12,310.0
451,299.0,0,23,2.0,6.0,-11,310.0
452,300.0,0,23,0.0,1.0,-10,310.0
453,301.0,0,23,1.0,0.0,-9,310.0
454,302.0,0,23,0.0,0.0,-8,310.0
455,303.0,0,23,0.0,1.0,-7,310.0
456,304.0,0,23,3.0,3.0,-6,310.0
457,305.0,0,23,4.0,5.0,-5,310.0
458,306.0,0,23,2.0,5.0,-4,310.0
459,307.0,0,23,4.0,2.0,-3,310.0
460,308.0,0,23,5.0,3.0,-2,310.0
461,309.0,0,23,34.0,49.0,-1,310.0
462,310.0,1,23,44.0,30.0,0,310.0
463,311.0,1,23,2.0,3.0,1,310.0
464,312.0,1,23,1.0,0.0,2,310.0
465,313.0,1,23,8.0,6.0,3,310.0
466,314.0,1,23,6.0,4.0,4,310.0
467,315.0,1,23,1.0,1.0,5,310.0
468,316.0,1,23,1.0,1.0,6,310.0
469,317.0,1,23,1.0,2.0,7,310.0
470,318.0,1,23,3.0,8.0,8,310.0
471,319.0,1,23,2.0,4.0,9,310.0
472,320.0,1,23,2.0,2.0,10,310.0
473,321.0,1,23,1.0,1.0,11,310.0
474,322.0,1,23,1.0,5.0,12,310.0
475,323.0,1,23,0.0,3.0,13,310.0
476,170.0,0,24,105.0,158.0,-14,184.0
477,171.0,0,24,486.0,576.0,-13,184.0
478,172.0,0,24,252.0,389.0,-12,184.0
479,173.0,0,24,161.0,238.0,-11,184.0
480,174.0,0,24,190.0,232.0,-10,184.0
481,175.0,0,24,296.0,458.0,-9,184.0
482,176.0,0,24,161.0,162.0,-8,184.0
483,177.0,0,24,66.0,87.0,-7,184.0
484,178.0,0,24,86.0,119.0,-6,184.0
485,179.0,0,24,219.0,279.0,-5,184.0
486,180.0,0,24,82.0,145.0,-4,184.0
487,181.0,0,24,102.0,124.0,-3,184.0
488,182.0,0,24,96.0,144.0,-2,184.0
489,183.0,0,24,277.0,672.0,-1,184.0
490,184.0,1,24,151.0,209.0,0,184.0
491,185.0,1,24,554.0,578.0,1,184.0
492,186.0,1,24,253.0,393.0,2,184.0
493,187.0,1,24,194.0,382.0,3,184.0
494,188.0,1,24,302.0,384.0,4,184.0
495,189.0,1,24,241.0,345.0,5,184.0
496,190.0,1,24,445.0,619.0,6,184.0
497,191.0,1,24,105.0,143.0,7,184.0
498,192.0,1,24,159.0,189.0,8,184.0
499,193.0,1,24,1137.0,1150.0,9,184.0
500,194.0,1,24,260.0,419.0,10,184.0
501,195.0,1,24,109.0,194.0,11,184.0
502,196.0,1,24,274.0,305.0,12,184.0
503,197.0,1,24,218.0,381.0,13,184.0
504,41.0,0,25,626.0,1526.0,-14,55.0
505,42.0,0,25,241.0,621.0,-13,55.0
506,43.0,0,25,296.0,744.0,-12,55.0
507,44.0,0,25,598.0,1189.0,-11,55.0
508,45.0,0,25,335.0,730.0,-10,55.0
509,46.0,0,25,297.0,581.0,-9,55.0
510,47.0,0,25,251.0,691.0,-8,55.0
511,48.0,0,25,163.0,350.0,-7,55.0
512,49.0,0,25,347.0,489.0,-6,55.0
513,50.0,0,25,352.0,608.0,-5,55.0
514,51.0,0,25,1938.0,1652.0,-4,55.0
515,52.0,0,25,818.0,799.0,-3,55.0
516,53.0,0,25,179.0,341.0,-2,55.0
517,54.0,0,25,387.0,644.0,-1,55.0
518,55.0,1,25,323.0,552.0,0,55.0
519,56.0,1,25,130.0,404.0,1,55.0
520,57.0,1,25,152.0,319.0,2,55.0
521,58.0,1,25,603.0,1138.0,3,55.0
522,59.0,1,25,593.0,1303.0,4,55.0
523,60.0,1,25,465.0,898.0,5,55.0
524,61.0,1,25,89.0,285.0,6,55.0
525,62.0,1,25,92.0,258.0,7,55.0
526,63.0,1,25,143.0,391.0,8,55.0
527,64.0,1,25,66.0,181.0,9,55.0
528,65.0,1,25,103.0,261.0,10,55.0
529,66.0,1,25,69.0,214.0,11,55.0
530,67.0,1,25,64.0,190.0,12,55.0
531,68.0,1,25,57.0,165.0,13,55.0
532,117.0,0,26,38.0,77.0,-14,131.0
533,118.0,0,26,32.0,77.0,-13,131.0
534,119.0,0,26,17.0,78.0,-12,131.0
535,120.0,0,26,25.0,79.0,-11,131.0
536,121.0,0,26,46.0,99.0,-10,131.0
537,122.0,0,26,62.0,111.0,-9,131.0
538,123.0,0,26,44.0,127.0,-8,131.0
539,124.0,0,26,39.0,57.0,-7,131.0
540,125.0,0,26,82.0,183.0,-6,131.0
541,126.0,0,26,43.0,90.0,-5,131.0
542,127.0,0,26,25.0,90.0,-4,131.0
543,128.0,0,26,21.0,50.0,-3,131.0
544,129.0,0,26,86.0,273.0,-2,131.0
545,130.0,0,26,92.0,220.0,-1,131.0
546,131.0,1,26,130.0,250.0,0,131.0
547,132.0,1,26,39.0,107.0,1,131.0
548,133.0,1,26,9.0,46.0,2,131.0
549,134.0,1,26,14.0,43.0,3,131.0
550,135.0,1,26,76.0,157.0,4,131.0
551,136.0,1,26,86.0,327.0,5,131.0
552,137.0,1,26,15.0,46.0,6,131.0
553,138.0,1,26,0.0,0.0,7,131.0
554,139.0,1,26,0.0,0.0,8,131.0
555,140.0,1,26,182.0,462.0,9,131.0
556,141.0,1,26,183.0,289.0,10,131.0
557,142.0,1,26,99.0,306.0,11,131.0
558,143.0,1,26,45.0,187.0,12,131.0
559,144.0,1,26,28.0,82.0,13,131.0
560,207.0,0,28,3.0,9.0,-14,221.0
561,208.0,0,28,21.0,28.0,-13,221.0
562,209.0,0,28,4.0,11.0,-12,221.0
563,210.0,0,28,4.0,13.0,-11,221.0
564,211.0,0,28,4.0,14.0,-10,221.0
565,212.0,0,28,6.0,6.0,-9,221.0
566,213.0,0,28,2.0,12.0,-8,221.0
567,214.0,0,28,6.0,13.0,-7,221.0
568,215.0,0,28,3.0,14.0,-6,221.0
569,216.0,0,28,3.0,10.0,-5,221.0
570,217.0,0,28,3.0,6.0,-4,221.0
571,218.0,0,28,4.0,12.0,-3,221.0
572,219.0,0,28,4.0,4.0,-2,221.0
573,220.0,0,28,11.0,19.0,-1,221.0
574,221.0,1,28,25.0,12.0,0,221.0
575,222.0,1,28,8.0,20.0,1,221.0
576,223.0,1,28,2.0,14.0,2,221.0
577,224.0,1,28,6.0,10.0,3,221.0
578,225.0,1,28,4.0,12.0,4,221.0
579,226.0,1,28,7.0,11.0,5,221.0
580,227.0,1,28,3.0,11.0,6,221.0
581,228.0,1,28,6.0,4.0,7,221.0
582,229.0,1,28,3.0,11.0,8,221.0
583,230.0,1,28,24.0,31.0,9,221.0
584,231.0,1,28,81.0,33.0,10,221.0
585,232.0,1,28,5.0,9.0,11,221.0
586,233.0,1,28,14.0,20.0,12,221.0
587,234.0,1,28,3.0,14.0,13,221.0
588,152.0,0,32,520.0,1501.0,-14,166.0
589,153.0,0,32,430.0,1367.0,-13,166.0
590,154.0,0,32,277.0,723.0,-12,166.0
591,155.0,0,32,61.0,243.0,-11,166.0
592,156.0,0,32,119.0,438.0,-10,166.0
593,157.0,0,32,49.0,183.0,-9,166.0
594,158.0,0,32,148.0,516.0,-8,166.0
595,159.0,0,32,180.0,834.0,-7,166.0
596,160.0,0,32,72.0,314.0,-6,166.0
597,161.0,0,32,211.0,444.0,-5,166.0
598,162.0,0,32,188.0,446.0,-4,166.0
599,163.0,0,32,118.0,319.0,-3,166.0
600,164.0,0,32,72.0,209.0,-2,166.0
601,165.0,0,32,138.0,350.0,-1,166.0
602,166.0,1,32,102.0,253.0,0,166.0
603,167.0,1,32,39.0,161.0,1,166.0
604,168.0,1,32,66.0,191.0,2,166.0
605,169.0,1,32,80.0,287.0,3,166.0
606,170.0,1,32,30.0,118.0,4,166.0
607,171.0,1,32,22.0,162.0,5,166.0
608,172.0,1,32,24.0,102.0,6,166.0
609,173.0,1,32,51.0,195.0,7,166.0
610,174.0,1,32,29.0,198.0,8,166.0
611,175.0,1,32,27.0,163.0,9,166.0
612,176.0,1,32,27.0,100.0,10,166.0
613,177.0,1,32,16.0,101.0,11,166.0
614,178.0,1,32,14.0,94.0,12,166.0
615,179.0,1,32,31.0,213.0,13,166.0
616,169.0,0,33,38.0,59.0,-14,183.0
617,170.0,0,33,41.0,40.0,-13,183.0
618,171.0,0,33,71.0,47.0,-12,183.0
619,172.0,0,33,11.0,18.0,-11,183.0
620,173.0,0,33,13.0,24.0,-10,183.0
621,174.0,0,33,6.0,12.0,-9,183.0
622,175.0,0,33,31.0,42.0,-8,183.0
623,176.0,0,33,29.0,59.0,-7,183.0
624,177.0,0,33,22.0,34.0,-6,183.0
625,178.0,0,33,18.0,40.0,-5,183.0
626,179.0,0,33,27.0,45.0,-4,183.0
627,180.0,0,33,27.0,36.0,-3,183.0
628,181.0,0,33,46.0,43.0,-2,183.0
629,182.0,0,33,15.0,18.0,-1,183.0
630,183.0,1,33,122.0,112.0,0,183.0
631,184.0,1,33,16.0,24.0,1,183.0
632,185.0,1,33,13.0,15.0,2,183.0
633,186.0,1,33,531.0,589.0,3,183.0
634,187.0,1,33,120.0,93.0,4,183.0
635,188.0,1,33,47.0,32.0,5,183.0
636,189.0,1,33,14.0,17.0,6,183.0
637,190.0,1,33,11.0,9.0,7,183.0
638,191.0,1,33,20.0,21.0,8,183.0
639,192.0,1,33,9.0,15.0,9,183.0
640,193.0,1,33,28.0,25.0,10,183.0
641,194.0,1,33,41.0,41.0,11,183.0
642,195.0,1,33,54.0,78.0,12,183.0
643,196.0,1,33,10.0,24.0,13,183.0
644,212.0,0,34,4.0,7.0,-14,226.0
645,213.0,0,34,7.0,7.0,-13,226.0
646,214.0,0,34,10.0,19.0,-12,226.0
647,215.0,0,34,5.0,10.0,-11,226.0
648,216.0,0,34,1.0,6.0,-10,226.0
649,217.0,0,34,4.0,10.0,-9,226.0
650,218.0,0,34,1.0,8.0,-8,226.0
651,219.0,0,34,6.0,16.0,-7,226.0
652,220.0,0,34,8.0,23.0,-6,226.0
653,221.0,0,34,4.0,13.0,-5,226.0
654,222.0,0,34,0.0,10.0,-4,226.0
655,223.0,0,34,5.0,9.0,-3,226.0
656,224.0,0,34,2.0,8.0,-2,226.0
657,225.0,0,34,640.0,441.0,-1,226.0
658,226.0,1,34,87.0,50.0,0,226.0
659,227.0,1,34,11.0,20.0,1,226.0
660,228.0,1,34,9.0,12.0,2,226.0
661,229.0,1,34,20.0,22.0,3,226.0
662,230.0,1,34,5.0,11.0,4,226.0
663,231.0,1,34,2.0,10.0,5,226.0
664,232.0,1,34,5.0,1.0,6,226.0
665,233.0,1,34,1.0,5.0,7,226.0
666,234.0,1,34,3.0,5.0,8,226.0
667,235.0,1,34,1.0,14.0,9,226.0
668,236.0,1,34,2.0,10.0,10,226.0
669,237.0,1,34,1.0,5.0,11,226.0
670,238.0,1,34,4.0,3.0,12,226.0
671,239.0,1,34,1.0,8.0,13,226.0
672,257.0,0,35,4.0,1.0,-14,271.0
673,258.0,0,35,6.0,3.0,-13,271.0
674,259.0,0,35,5.0,0.0,-12,271.0
675,260.0,0,35,0.0,0.0,-11,271.0
676,261.0,0,35,1.0,2.0,-10,271.0
677,262.0,0,35,2.0,4.0,-9,271.0
678,263.0,0,35,3.0,7.0,-8,271.0
679,264.0,0,35,2.0,1.0,-7,271.0
680,265.0,0,35,0.0,1.0,-6,271.0
681,266.0,0,35,3.0,6.0,-5,271.0
682,267.0,0,35,30.0,45.0,-4,271.0
683,268.0,0,35,102.0,118.0,-3,271.0
684,269.0,0,35,11.0,10.0,-2,271.0
685,270.0,0,35,599.0,732.0,-1,271.0
686,271.0,1,35,376.0,416.0,0,271.0
687,272.0,1,35,29.0,34.0,1,271.0
688,273.0,1,35,13.0,14.0,2,271.0
689,274.0,1,35,227.0,430.0,3,271.0
690,275.0,1,35,73.0,80.0,4,271.0
691,276.0,1,35,27.0,51.0,5,271.0
692,277.0,1,35,15.0,23.0,6,271.0
693,278.0,1,35,7.0,16.0,7,271.0
694,279.0,1,35,2.0,2.0,8,271.0
695,280.0,1,35,7.0,16.0,9,271.0
696,281.0,1,35,4.0,14.0,10,271.0
697,282.0,1,35,8.0,7.0,11,271.0
698,283.0,1,35,8.0,34.0,12,271.0
699,284.0,1,35,6.0,4.0,13,271.0
700,101.0,0,39,114.0,720.0,-14,115.0
701,102.0,0,39,380.0,2121.0,-13,115.0
702,103.0,0,39,163.0,1322.0,-12,115.0
703,104.0,0,39,123.0,872.0,-11,115.0
704,105.0,0,39,116.0,673.0,-10,115.0
705,106.0,0,39,72.0,474.0,-9,115.0
706,107.0,0,39,93.0,489.0,-8,115.0
707,108.0,0,39,286.0,1237.0,-7,115.0
708,109.0,0,39,212.0,999.0,-6,115.0
709,110.0,0,39,99.0,541.0,-5,115.0
710,111.0,0,39,247.0,932.0,-4,115.0
711,112.0,0,39,408.0,1882.0,-3,115.0
712,113.0,0,39,473.0,1860.0,-2,115.0
713,114.0,0,39,193.0,837.0,-1,115.0
714,115.0,1,39,327.0,1872.0,0,115.0
715,116.0,1,39,280.0,1480.0,1,115.0
716,117.0,1,39,166.0,1099.0,2,115.0
717,118.0,1,39,78.0,634.0,3,115.0
718,119.0,1,39,89.0,724.0,4,115.0
719,120.0,1,39,109.0,674.0,5,115.0
720,121.0,1,39,118.0,694.0,6,115.0
721,122.0,1,39,90.0,581.0,7,115.0
722,123.0,1,39,129.0,1047.0,8,115.0
723,124.0,1,39,77.0,561.0,9,115.0
724,125.0,1,39,42.0,377.0,10,115.0
725,126.0,1,39,267.0,1901.0,11,115.0
726,127.0,1,39,157.0,1025.0,12,115.0
727,128.0,1,39,123.0,908.0,13,115.0
728,67.0,0,40,230.0,156.0,-14,81.0
729,68.0,0,40,829.0,515.0,-13,81.0
730,69.0,0,40,802.0,677.0,-12,81.0
731,70.0,0,40,114.0,103.0,-11,81.0
732,71.0,0,40,82.0,89.0,-10,81.0
733,72.0,0,40,425.0,189.0,-9,81.0
734,73.0,0,40,428.0,329.0,-8,81.0
735,74.0,0,40,246.0,367.0,-7,81.0
736,75.0,0,40,1619.0,1144.0,-6,81.0
737,76.0,0,40,1622.0,1208.0,-5,81.0
738,77.0,0,40,613.0,574.0,-4,81.0
739,78.0,0,40,383.0,419.0,-3,81.0
740,79.0,0,40,1033.0,717.0,-2,81.0
741,80.0,0,40,4273.0,2730.0,-1,81.0
742,81.0,1,40,234.0,253.0,0,81.0
743,82.0,1,40,294.0,247.0,1,81.0
744,83.0,1,40,809.0,495.0,2,81.0
745,84.0,1,40,130.0,135.0,3,81.0
746,85.0,1,40,64.0,74.0,4,81.0
747,86.0,1,40,81.0,101.0,5,81.0
748,87.0,1,40,478.0,506.0,6,81.0
749,88.0,1,40,69.0,119.0,7,81.0
750,89.0,1,40,870.0,1121.0,8,81.0
751,90.0,1,40,344.0,540.0,9,81.0
752,91.0,1,40,57.0,163.0,10,81.0
753,92.0,1,40,34.0,93.0,11,81.0
754,93.0,1,40,298.0,446.0,12,81.0
755,94.0,1,40,529.0,737.0,13,81.0
756,109.0,0,41,34.0,130.0,-14,123.0
757,110.0,0,41,41.0,146.0,-13,123.0
758,111.0,0,41,52.0,112.0,-12,123.0
759,112.0,0,41,24.0,91.0,-11,123.0
760,113.0,0,41,48.0,71.0,-10,123.0
761,114.0,0,41,20.0,63.0,-9,123.0
762,115.0,0,41,21.0,114.0,-8,123.0
763,116.0,0,41,25.0,140.0,-7,123.0
764,117.0,0,41,18.0,80.0,-6,123.0
765,118.0,0,41,18.0,69.0,-5,123.0
766,119.0,0,41,33.0,87.0,-4,123.0
767,120.0,0,41,20.0,78.0,-3,123.0
768,121.0,0,41,23.0,108.0,-2,123.0
769,122.0,0,41,23.0,91.0,-1,123.0
770,123.0,1,41,52.0,81.0,0,123.0
771,124.0,1,41,23.0,65.0,1,123.0
772,125.0,1,41,45.0,72.0,2,123.0
773,126.0,1,41,23.0,69.0,3,123.0
774,127.0,1,41,29.0,69.0,4,123.0
775,128.0,1,41,24.0,119.0,5,123.0
776,129.0,1,41,25.0,117.0,6,123.0
777,130.0,1,41,23.0,102.0,7,123.0
778,131.0,1,41,59.0,123.0,8,123.0
779,132.0,1,41,52.0,144.0,9,123.0
780,133.0,1,41,32.0,159.0,10,123.0
781,134.0,1,41,54.0,177.0,11,123.0
782,135.0,1,41,50.0,164.0,12,123.0
783,136.0,1,41,52.0,167.0,13,123.0
784,27.0,0,42,0.0,0.0,-14,41.0
785,28.0,0,42,0.0,0.0,-13,41.0
786,29.0,0,42,0.0,0.0,-12,41.0
787,30.0,0,42,0.0,0.0,-11,41.0
788,31.0,0,42,0.0,0.0,-10,41.0
789,32.0,0,42,0.0,0.0,-9,41.0
790,33.0,0,42,0.0,0.0,-8,41.0
791,34.0,0,42,0.0,0.0,-7,41.0
792,35.0,0,42,0.0,0.0,-6,41.0
793,36.0,0,42,0.0,0.0,-5,41.0
794,37.0,0,42,0.0,0.0,-4,41.0
795,38.0,0,42,236.0,372.0,-3,41.0
796,39.0,0,42,233.0,339.0,-2,41.0
797,40.0,0,42,244.0,394.0,-1,41.0
798,41.0,1,42,575.0,1168.0,0,41.0
799,42.0,1,42,107.0,233.0,1,41.0
800,43.0,1,42,38.0,69.0,2,41.0
801,44.0,1,42,22.0,59.0,3,41.0
802,45.0,1,42,18.0,60.0,4,41.0
803,46.0,1,42,6.0,24.0,5,41.0
804,47.0,1,42,18.0,47.0,6,41.0
805,48.0,1,42,11.0,35.0,7,41.0
806,49.0,1,42,11.0,40.0,8,41.0
807,50.0,1,42,13.0,28.0,9,41.0
808,51.0,1,42,6.0,12.0,10,41.0
809,52.0,1,42,4.0,25.0,11,41.0
810,53.0,1,42,4.0,6.0,12,41.0
811,54.0,1,42,4.0,8.0,13,41.0
812,38.0,0,43,36.0,98.0,-14,52.0
813,39.0,0,43,20.0,48.0,-13,52.0
814,40.0,0,43,20.0,38.0,-12,52.0
815,41.0,0,43,12.0,48.0,-11,52.0
816,42.0,0,43,20.0,44.0,-10,52.0
817,43.0,0,43,12.0,27.0,-9,52.0
818,44.0,0,43,14.0,16.0,-8,52.0
819,45.0,0,43,12.0,19.0,-7,52.0
820,46.0,0,43,10.0,22.0,-6,52.0
821,47.0,0,43,13.0,24.0,-5,52.0
822,48.0,0,43,7.0,9.0,-4,52.0
823,49.0,0,43,10.0,10.0,-3,52.0
824,50.0,0,43,7.0,11.0,-2,52.0
825,51.0,0,43,74.0,88.0,-1,52.0
826,52.0,1,43,107.0,104.0,0,52.0
827,53.0,1,43,8.0,25.0,1,52.0
828,54.0,1,43,6.0,16.0,2,52.0
829,55.0,1,43,8.0,14.0,3,52.0
830,56.0,1,43,18.0,33.0,4,52.0
831,57.0,1,43,5.0,14.0,5,52.0
832,58.0,1,43,17.0,37.0,6,52.0
833,59.0,1,43,36.0,63.0,7,52.0
834,60.0,1,43,13.0,18.0,8,52.0
835,61.0,1,43,3.0,6.0,9,52.0
836,62.0,1,43,5.0,20.0,10,52.0
837,63.0,1,43,4.0,7.0,11,52.0
838,64.0,1,43,2.0,8.0,12,52.0
839,65.0,1,43,2.0,7.0,13,52.0
840,120.0,0,44,43.0,111.0,-14,134.0
841,121.0,0,44,28.0,91.0,-13,134.0
842,122.0,0,44,26.0,88.0,-12,134.0
843,123.0,0,44,19.0,87.0,-11,134.0
844,124.0,0,44,19.0,106.0,-10,134.0
845,125.0,0,44,25.0,100.0,-9,134.0
846,126.0,0,44,26.0,71.0,-8,134.0
847,127.0,0,44,12.0,56.0,-7,134.0
848,128.0,0,44,14.0,66.0,-6,134.0
849,129.0,0,44,102.0,121.0,-5,134.0
850,130.0,0,44,89.0,127.0,-4,134.0
851,131.0,0,44,27.0,75.0,-3,134.0
852,132.0,0,44,26.0,80.0,-2,134.0
853,133.0,0,44,36.0,64.0,-1,134.0
854,134.0,1,44,126.0,204.0,0,134.0
855,135.0,1,44,27.0,98.0,1,134.0
856,136.0,1,44,12.0,65.0,2,134.0
857,137.0,1,44,10.0,50.0,3,134.0
858,138.0,1,44,7.0,64.0,4,134.0
859,139.0,1,44,114.0,87.0,5,134.0
860,140.0,1,44,82.0,70.0,6,134.0
861,141.0,1,44,10.0,68.0,7,134.0
862,142.0,1,44,7.0,45.0,8,134.0
863,143.0,1,44,11.0,51.0,9,134.0
864,144.0,1,44,5.0,38.0,10,134.0
865,145.0,1,44,8.0,45.0,11,134.0
866,146.0,1,44,5.0,38.0,12,134.0
867,147.0,1,44,5.0,36.0,13,134.0
868,117.0,0,47,1.0,0.0,-14,131.0
869,118.0,0,47,0.0,1.0,-13,131.0
870,119.0,0,47,2.0,0.0,-12,131.0
871,120.0,0,47,0.0,1.0,-11,131.0
872,121.0,0,47,1.0,0.0,-10,131.0
873,122.0,0,47,1.0,0.0,-9,131.0
874,123.0,0,47,0.0,0.0,-8,131.0
875,124.0,0,47,0.0,1.0,-7,131.0
876,125.0,0,47,0.0,0.0,-6,131.0
877,126.0,0,47,0.0,1.0,-5,131.0
878,127.0,0,47,0.0,0.0,-4,131.0
879,128.0,0,47,0.0,2.0,-3,131.0
880,129.0,0,47,0.0,0.0,-2,131.0
881,130.0,0,47,1.0,0.0,-1,131.0
882,131.0,1,47,11.0,6.0,0,131.0
883,132.0,1,47,0.0,2.0,1,131.0
884,133.0,1,47,1.0,1.0,2,131.0
885,134.0,1,47,1.0,0.0,3,131.0
886,135.0,1,47,1.0,2.0,4,131.0
887,136.0,1,47,1.0,0.0,5,131.0
888,137.0,1,47,0.0,1.0,6,131.0
889,138.0,1,47,1.0,0.0,7,131.0
890,139.0,1,47,0.0,0.0,8,131.0
891,140.0,1,47,0.0,0.0,9,131.0
892,141.0,1,47,0.0,0.0,10,131.0
893,142.0,1,47,0.0,0.0,11,131.0
894,143.0,1,47,1.0,0.0,12,131.0
895,144.0,1,47,0.0,0.0,13,131.0
896,77.0,0,48,42.0,36.0,-14,91.0
897,78.0,0,48,27.0,29.0,-13,91.0
898,79.0,0,48,79.0,72.0,-12,91.0
899,80.0,0,48,148.0,86.0,-11,91.0
900,81.0,0,48,120.0,125.0,-10,91.0
901,82.0,0,48,44.0,39.0,-9,91.0
902,83.0,0,48,134.0,73.0,-8,91.0
903,84.0,0,48,38.0,33.0,-7,91.0
904,85.0,0,48,99.0,47.0,-6,91.0
905,86.0,0,48,61.0,40.0,-5,91.0
906,87.0,0,48,52.0,38.0,-4,91.0
907,88.0,0,48,582.0,446.0,-3,91.0
908,89.0,0,48,486.0,732.0,-2,91.0
909,90.0,0,48,337.0,481.0,-1,91.0
910,91.0,1,48,236.0,229.0,0,91.0
911,92.0,1,48,125.0,122.0,1,91.0
912,93.0,1,48,154.0,166.0,2,91.0
913,94.0,1,48,365.0,309.0,3,91.0
914,95.0,1,48,99.0,126.0,4,91.0
915,96.0,1,48,60.0,73.0,5,91.0
916,97.0,1,48,61.0,147.0,6,91.0
917,98.0,1,48,27.0,36.0,7,91.0
918,99.0,1,48,25.0,34.0,8,91.0
919,100.0,1,48,24.0,76.0,9,91.0
920,101.0,1,48,19.0,60.0,10,91.0
921,102.0,1,48,57.0,94.0,11,91.0
922,103.0,1,48,69.0,153.0,12,91.0
923,104.0,1,48,30.0,77.0,13,91.0
924,136.0,0,50,0.0,0.0,-14,150.0
925,137.0,0,50,1.0,2.0,-13,150.0
926,138.0,0,50,2.0,5.0,-12,150.0
927,139.0,0,50,0.0,2.0,-11,150.0
928,140.0,0,50,2.0,5.0,-10,150.0
929,141.0,0,50,2.0,1.0,-9,150.0
930,142.0,0,50,2.0,2.0,-8,150.0
931,143.0,0,50,1.0,3.0,-7,150.0
932,144.0,0,50,0.0,3.0,-6,150.0
933,145.0,0,50,0.0,0.0,-5,150.0
934,146.0,0,50,1.0,2.0,-4,150.0
935,147.0,0,50,0.0,5.0,-3,150.0
936,148.0,0,50,1.0,4.0,-2,150.0
937,149.0,0,50,26.0,22.0,-1,150.0
938,150.0,1,50,25.0,10.0,0,150.0
939,151.0,1,50,6.0,3.0,1,150.0
940,152.0,1,50,2.0,2.0,2,150.0
941,153.0,1,50,4.0,4.0,3,150.0
942,154.0,1,50,3.0,1.0,4,150.0
943,155.0,1,50,1.0,5.0,5,150.0
944,156.0,1,50,2.0,5.0,6,150.0
945,157.0,1,50,0.0,2.0,7,150.0
946,158.0,1,50,2.0,5.0,8,150.0
947,159.0,1,50,14.0,47.0,9,150.0
948,160.0,1,50,7.0,9.0,10,150.0
949,161.0,1,50,2.0,6.0,11,150.0
950,162.0,1,50,2.0,5.0,12,150.0
951,163.0,1,50,0.0,2.0,13,150.0
952,181.0,0,52,1.0,1.0,-14,195.0
953,182.0,0,52,5.0,7.0,-13,195.0
954,183.0,0,52,4.0,5.0,-12,195.0
955,184.0,0,52,2.0,7.0,-11,195.0
956,185.0,0,52,7.0,6.0,-10,195.0
957,186.0,0,52,39.0,26.0,-9,195.0
958,187.0,0,52,15.0,23.0,-8,195.0
959,188.0,0,52,4.0,12.0,-7,195.0
960,189.0,0,52,10.0,11.0,-6,195.0
961,190.0,0,52,16.0,21.0,-5,195.0
962,191.0,0,52,16.0,22.0,-4,195.0
963,192.0,0,52,9.0,3.0,-3,195.0
964,193.0,0,52,6.0,9.0,-2,195.0
965,194.0,0,52,16.0,24.0,-1,195.0
966,195.0,1,52,46.0,24.0,0,195.0
967,196.0,1,52,7.0,20.0,1,195.0
968,197.0,1,52,3.0,5.0,2,195.0
969,198.0,1,52,4.0,11.0,3,195.0
970,199.0,1,52,10.0,14.0,4,195.0
971,200.0,1,52,11.0,12.0,5,195.0
972,201.0,1,52,8.0,21.0,6,195.0
973,202.0,1,52,33.0,25.0,7,195.0
974,203.0,1,52,5.0,23.0,8,195.0
975,204.0,1,52,21.0,87.0,9,195.0
976,205.0,1,52,31.0,88.0,10,195.0
977,206.0,1,52,10.0,47.0,11,195.0
978,207.0,1,52,8.0,16.0,12,195.0
979,208.0,1,52,5.0,28.0,13,195.0
980,167.0,0,54,4.0,6.0,-14,181.0
981,168.0,0,54,5.0,12.0,-13,181.0
982,169.0,0,54,11.0,1.0,-12,181.0
983,170.0,0,54,4.0,4.0,-11,181.0
984,171.0,0,54,6.0,4.0,-10,181.0
985,172.0,0,54,12.0,5.0,-9,181.0
986,173.0,0,54,9.0,9.0,-8,181.0
987,174.0,0,54,8.0,10.0,-7,181.0
988,175.0,0,54,5.0,3.0,-6,181.0
989,176.0,0,54,5.0,1.0,-5,181.0
990,177.0,0,54,5.0,2.0,-4,181.0
991,178.0,0,54,6.0,4.0,-3,181.0
992,179.0,0,54,9.0,7.0,-2,181.0
993,180.0,0,54,14.0,6.0,-1,181.0
994,181.0,1,54,18.0,7.0,0,181.0
995,182.0,1,54,2.0,8.0,1,181.0
996,183.0,1,54,2.0,6.0,2,181.0
997,184.0,1,54,2.0,2.0,3,181.0
998,185.0,1,54,6.0,8.0,4,181.0
999,186.0,1,54,3.0,5.0,5,181.0
1000,187.0,1,54,4.0,6.0,6,181.0
1001,188.0,1,54,0.0,3.0,7,181.0
1002,189.0,1,54,0.0,3.0,8,181.0
1003,190.0,1,54,3.0,3.0,9,181.0
1004,191.0,1,54,11.0,5.0,10,181.0
1005,192.0,1,54,3.0,6.0,11,181.0
1006,193.0,1,54,3.0,0.0,12,181.0
1007,194.0,1,54,4.0,2.0,13,181.0
1008,221.0,0,56,9.0,11.0,-14,235.0
1009,222.0,0,56,5.0,9.0,-13,235.0
1010,223.0,0,56,9.0,14.0,-12,235.0
1011,224.0,0,56,5.0,5.0,-11,235.0
1012,225.0,0,56,35.0,38.0,-10,235.0
1013,226.0,0,56,5.0,5.0,-9,235.0
1014,227.0,0,56,1.0,3.0,-8,235.0
1015,228.0,0,56,5.0,4.0,-7,235.0
1016,229.0,0,56,5.0,5.0,-6,235.0
1017,230.0,0,56,12.0,10.0,-5,235.0
1018,231.0,0,56,12.0,10.0,-4,235.0
1019,232.0,0,56,13.0,14.0,-3,235.0
1020,233.0,0,56,4.0,2.0,-2,235.0
1021,234.0,0,56,6.0,9.0,-1,235.0
1022,235.0,1,56,14.0,5.0,0,235.0
1023,236.0,1,56,9.0,12.0,1,235.0
1024,237.0,1,56,7.0,8.0,2,235.0
1025,238.0,1,56,14.0,17.0,3,235.0
1026,239.0,1,56,7.0,6.0,4,235.0
1027,240.0,1,56,0.0,3.0,5,235.0
1028,241.0,1,56,2.0,0.0,6,235.0
1029,242.0,1,56,9.0,4.0,7,235.0
1030,243.0,1,56,2.0,15.0,8,235.0
1031,244.0,1,56,16.0,14.0,9,235.0
1032,245.0,1,56,12.0,16.0,10,235.0
1033,246.0,1,56,12.0,32.0,11,235.0
1034,247.0,1,56,0.0,0.0,12,235.0
1035,248.0,1,56,6.0,6.0,13,235.0
1036,28.0,0,58,0.0,0.0,-14,42.0
1037,29.0,0,58,0.0,0.0,-13,42.0
1038,30.0,0,58,1491.0,3503.0,-12,42.0
1039,31.0,0,58,2125.0,7384.0,-11,42.0
1040,32.0,0,58,1882.0,13231.0,-10,42.0
1041,33.0,0,58,1497.0,8061.0,-9,42.0
1042,34.0,0,58,1476.0,8726.0,-8,42.0
1043,35.0,0,58,1469.0,5629.0,-7,42.0
1044,36.0,0,58,3176.0,20434.0,-6,42.0
1045,37.0,0,58,2525.0,19065.0,-5,42.0
1046,38.0,0,58,1515.0,10320.0,-4,42.0
1047,39.0,0,58,1791.0,12790.0,-3,42.0
1048,40.0,0,58,1486.0,9750.0,-2,42.0
1049,41.0,0,58,1018.0,9237.0,-1,42.0
1050,42.0,1,58,742.0,5742.0,0,42.0
1051,43.0,1,58,357.0,3887.0,1,42.0
1052,44.0,1,58,356.0,4608.0,2,42.0
1053,45.0,1,58,695.0,8369.0,3,42.0
1054,46.0,1,58,246.0,3957.0,4,42.0
1055,47.0,1,58,179.0,3031.0,5,42.0
1056,48.0,1,58,471.0,6592.0,6,42.0
1057,49.0,1,58,207.0,3685.0,7,42.0
1058,50.0,1,58,198.0,2725.0,8,42.0
1059,51.0,1,58,132.0,2306.0,9,42.0
1060,52.0,1,58,171.0,2903.0,10,42.0
1061,53.0,1,58,101.0,1495.0,11,42.0
1062,54.0,1,58,100.0,2259.0,12,42.0
1063,55.0,1,58,111.0,2638.0,13,42.0
1064,131.0,0,59,29.0,45.0,-14,145.0
1065,132.0,0,59,13.0,53.0,-13,145.0
1066,133.0,0,59,20.0,39.0,-12,145.0
1067,134.0,0,59,23.0,81.0,-11,145.0
1068,135.0,0,59,35.0,78.0,-10,145.0
1069,136.0,0,59,36.0,83.0,-9,145.0
1070,137.0,0,59,34.0,76.0,-8,145.0
1071,138.0,0,59,12.0,47.0,-7,145.0
1072,139.0,0,59,26.0,140.0,-6,145.0
1073,140.0,0,59,16.0,117.0,-5,145.0
1074,141.0,0,59,93.0,334.0,-4,145.0
1075,142.0,0,59,74.0,216.0,-3,145.0
1076,143.0,0,59,22.0,103.0,-2,145.0
1077,144.0,0,59,37.0,122.0,-1,145.0
1078,145.0,1,59,142.0,195.0,0,145.0
1079,146.0,1,59,19.0,90.0,1,145.0
1080,147.0,1,59,101.0,125.0,2,145.0
1081,148.0,1,59,36.0,101.0,3,145.0
1082,149.0,1,59,12.0,64.0,4,145.0
1083,150.0,1,59,38.0,113.0,5,145.0
1084,151.0,1,59,64.0,79.0,6,145.0
1085,152.0,1,59,15.0,60.0,7,145.0
1086,153.0,1,59,23.0,87.0,8,145.0
1087,154.0,1,59,18.0,70.0,9,145.0
1088,155.0,1,59,30.0,111.0,10,145.0
1089,156.0,1,59,17.0,48.0,11,145.0
1090,157.0,1,59,26.0,47.0,12,145.0
1091,158.0,1,59,19.0,58.0,13,145.0
1092,45.0,0,60,172.0,1015.0,-14,59.0
1093,46.0,0,60,132.0,634.0,-13,59.0
1094,47.0,0,60,88.0,505.0,-12,59.0
1095,48.0,0,60,88.0,518.0,-11,59.0
1096,49.0,0,60,153.0,544.0,-10,59.0
1097,50.0,0,60,224.0,725.0,-9,59.0
1098,51.0,0,60,242.0,905.0,-8,59.0
1099,52.0,0,60,174.0,741.0,-7,59.0
1100,53.0,0,60,217.0,470.0,-6,59.0
1101,54.0,0,60,297.0,705.0,-5,59.0
1102,55.0,0,60,124.0,512.0,-4,59.0
1103,56.0,0,60,141.0,374.0,-3,59.0
1104,57.0,0,60,156.0,551.0,-2,59.0
1105,58.0,0,60,203.0,679.0,-1,59.0
1106,59.0,1,60,243.0,662.0,0,59.0
1107,60.0,1,60,107.0,275.0,1,59.0
1108,61.0,1,60,58.0,148.0,2,59.0
1109,62.0,1,60,39.0,133.0,3,59.0
1110,63.0,1,60,28.0,211.0,4,59.0
1111,64.0,1,60,33.0,108.0,5,59.0
1112,65.0,1,60,42.0,170.0,6,59.0
1113,66.0,1,60,79.0,261.0,7,59.0
1114,67.0,1,60,37.0,193.0,8,59.0
1115,68.0,1,60,22.0,167.0,9,59.0
1116,69.0,1,60,47.0,133.0,10,59.0
1117,70.0,1,60,41.0,139.0,11,59.0
1118,71.0,1,60,23.0,120.0,12,59.0
1119,72.0,1,60,37.0,157.0,13,59.0
1120,94.0,0,62,3.0,26.0,-14,108.0
1121,95.0,0,62,5.0,13.0,-13,108.0
1122,96.0,0,62,6.0,17.0,-12,108.0
1123,97.0,0,62,17.0,24.0,-11,108.0
1124,98.0,0,62,15.0,28.0,-10,108.0
1125,99.0,0,62,5.0,17.0,-9,108.0
1126,100.0,0,62,7.0,21.0,-8,108.0
1127,101.0,0,62,14.0,35.0,-7,108.0
1128,102.0,0,62,9.0,57.0,-6,108.0
1129,103.0,0,62,7.0,66.0,-5,108.0
1130,104.0,0,62,9.0,99.0,-4,108.0
1131,105.0,0,62,9.0,55.0,-3,108.0
1132,106.0,0,62,19.0,73.0,-2,108.0
1133,107.0,0,62,160.0,258.0,-1,108.0
1134,108.0,1,62,643.0,1154.0,0,108.0
1135,109.0,1,62,42.0,86.0,1,108.0
1136,110.0,1,62,12.0,70.0,2,108.0
1137,111.0,1,62,10.0,54.0,3,108.0
1138,112.0,1,62,18.0,46.0,4,108.0
1139,113.0,1,62,8.0,42.0,5,108.0
1140,114.0,1,62,6.0,33.0,6,108.0
1141,115.0,1,62,11.0,42.0,7,108.0
1142,116.0,1,62,7.0,47.0,8,108.0
1143,117.0,1,62,4.0,43.0,9,108.0
1144,118.0,1,62,46.0,104.0,10,108.0
1145,119.0,1,62,21.0,53.0,11,108.0
1146,120.0,1,62,9.0,35.0,12,108.0
1147,121.0,1,62,384.0,609.0,13,108.0
1148,271.0,0,63,2.0,2.0,-14,285.0
1149,272.0,0,63,0.0,1.0,-13,285.0
1150,273.0,0,63,56.0,64.0,-12,285.0
1151,274.0,0,63,12.0,17.0,-11,285.0
1152,275.0,0,63,8.0,5.0,-10,285.0
1153,276.0,0,63,2.0,5.0,-9,285.0
1154,277.0,0,63,1.0,2.0,-8,285.0
1155,278.0,0,63,2.0,2.0,-7,285.0
1156,279.0,0,63,0.0,7.0,-6,285.0
1157,280.0,0,63,0.0,2.0,-5,285.0
1158,281.0,0,63,2.0,1.0,-4,285.0
1159,282.0,0,63,1.0,0.0,-3,285.0
1160,283.0,0,63,0.0,1.0,-2,285.0
1161,284.0,0,63,23.0,15.0,-1,285.0
1162,285.0,1,63,44.0,25.0,0,285.0
1163,286.0,1,63,13.0,3.0,1,285.0
1164,287.0,1,63,5.0,0.0,2,285.0
1165,288.0,1,63,1.0,2.0,3,285.0
1166,289.0,1,63,3.0,2.0,4,285.0
1167,290.0,1,63,0.0,0.0,5,285.0
1168,291.0,1,63,0.0,2.0,6,285.0
1169,292.0,1,63,0.0,1.0,7,285.0
1170,293.0,1,63,1.0,0.0,8,285.0
1171,294.0,1,63,0.0,1.0,9,285.0
1172,295.0,1,63,1.0,1.0,10,285.0
1173,296.0,1,63,0.0,1.0,11,285.0
1174,297.0,1,63,0.0,4.0,12,285.0
1175,298.0,1,63,0.0,0.0,13,285.0
1176,234.0,0,64,0.0,1.0,-14,248.0
1177,235.0,0,64,0.0,0.0,-13,248.0
1178,236.0,0,64,0.0,0.0,-12,248.0
1179,237.0,0,64,0.0,0.0,-11,248.0
1180,238.0,0,64,0.0,0.0,-10,248.0
1181,239.0,0,64,1.0,0.0,-9,248.0
1182,240.0,0,64,0.0,0.0,-8,248.0
1183,241.0,0,64,0.0,0.0,-7,248.0
1184,242.0,0,64,0.0,0.0,-6,248.0
1185,243.0,0,64,0.0,0.0,-5,248.0
1186,244.0,0,64,0.0,0.0,-4,248.0
1187,245.0,0,64,0.0,0.0,-3,248.0
1188,246.0,0,64,0.0,0.0,-2,248.0
1189,247.0,0,64,5.0,1.0,-1,248.0
1190,248.0,1,64,3.0,2.0,0,248.0
1191,249.0,1,64,0.0,0.0,1,248.0
1192,250.0,1,64,0.0,0.0,2,248.0
1193,251.0,1,64,0.0,0.0,3,248.0
1194,252.0,1,64,1.0,0.0,4,248.0
1195,253.0,1,64,0.0,0.0,5,248.0
1196,254.0,1,64,0.0,0.0,6,248.0
1197,255.0,1,64,0.0,0.0,7,248.0
1198,256.0,1,64,0.0,0.0,8,248.0
1199,257.0,1,64,0.0,0.0,9,248.0
1200,258.0,1,64,0.0,0.0,10,248.0
1201,259.0,1,64,2.0,9.0,11,248.0
1202,260.0,1,64,5.0,3.0,12,248.0
1203,261.0,1,64,2.0,3.0,13,248.0
1204,79.0,0,66,0.0,0.0,-14,93.0
1205,80.0,0,66,1.0,1.0,-13,93.0
1206,81.0,0,66,0.0,0.0,-12,93.0
1207,82.0,0,66,0.0,1.0,-11,93.0
1208,83.0,0,66,1.0,9.0,-10,93.0
1209,84.0,0,66,0.0,1.0,-9,93.0
1210,85.0,0,66,1.0,1.0,-8,93.0
1211,86.0,0,66,0.0,1.0,-7,93.0
1212,87.0,0,66,1.0,1.0,-6,93.0
1213,88.0,0,66,2.0,1.0,-5,93.0
1214,89.0,0,66,0.0,1.0,-4,93.0
1215,90.0,0,66,0.0,2.0,-3,93.0
1216,91.0,0,66,0.0,5.0,-2,93.0
1217,92.0,0,66,1.0,2.0,-1,93.0
1218,93.0,1,66,1.0,4.0,0,93.0
1219,94.0,1,66,0.0,2.0,1,93.0
1220,95.0,1,66,0.0,3.0,2,93.0
1221,96.0,1,66,0.0,3.0,3,93.0
1222,97.0,1,66,1.0,3.0,4,93.0
1223,98.0,1,66,1.0,2.0,5,93.0
1224,99.0,1,66,0.0,3.0,6,93.0
1225,100.0,1,66,1.0,2.0,7,93.0
1226,101.0,1,66,0.0,4.0,8,93.0
1227,102.0,1,66,2.0,4.0,9,93.0
1228,103.0,1,66,1.0,4.0,10,93.0
1229,104.0,1,66,2.0,3.0,11,93.0
1230,105.0,1,66,1.0,3.0,12,93.0
1231,106.0,1,66,1.0,2.0,13,93.0
1232,134.0,0,67,73.0,160.0,-14,148.0
1233,135.0,0,67,67.0,184.0,-13,148.0
1234,136.0,0,67,40.0,218.0,-12,148.0
1235,137.0,0,67,72.0,187.0,-11,148.0
1236,138.0,0,67,46.0,138.0,-10,148.0
1237,139.0,0,67,41.0,125.0,-9,148.0
1238,140.0,0,67,69.0,183.0,-8,148.0
1239,141.0,0,67,62.0,159.0,-7,148.0
1240,142.0,0,67,46.0,141.0,-6,148.0
1241,143.0,0,67,33.0,106.0,-5,148.0
1242,144.0,0,67,36.0,132.0,-4,148.0
1243,145.0,0,67,40.0,117.0,-3,148.0
1244,146.0,0,67,28.0,112.0,-2,148.0
1245,147.0,0,67,45.0,80.0,-1,148.0
1246,148.0,1,67,41.0,70.0,0,148.0
1247,149.0,1,67,35.0,87.0,1,148.0
1248,150.0,1,67,27.0,83.0,2,148.0
1249,151.0,1,67,23.0,88.0,3,148.0
1250,152.0,1,67,23.0,108.0,4,148.0
1251,153.0,1,67,45.0,119.0,5,148.0
1252,154.0,1,67,38.0,98.0,6,148.0
1253,155.0,1,67,24.0,96.0,7,148.0
1254,156.0,1,67,37.0,134.0,8,148.0
1255,157.0,1,67,60.0,118.0,9,148.0
1256,158.0,1,67,47.0,127.0,10,148.0
1257,159.0,1,67,29.0,83.0,11,148.0
1258,160.0,1,67,37.0,73.0,12,148.0
1259,161.0,1,67,15.0,73.0,13,148.0
1260,42.0,0,68,46.0,44.0,-14,56.0
1261,43.0,0,68,38.0,23.0,-13,56.0
1262,44.0,0,68,130.0,169.0,-12,56.0
1263,45.0,0,68,94.0,73.0,-11,56.0
1264,46.0,0,68,48.0,47.0,-10,56.0
1265,47.0,0,68,46.0,55.0,-9,56.0
1266,48.0,0,68,74.0,62.0,-8,56.0
1267,49.0,0,68,40.0,33.0,-7,56.0
1268,50.0,0,68,35.0,21.0,-6,56.0
1269,51.0,0,68,71.0,56.0,-5,56.0
1270,52.0,0,68,188.0,113.0,-4,56.0
1271,53.0,0,68,58.0,27.0,-3,56.0
1272,54.0,0,68,50.0,29.0,-2,56.0
1273,55.0,0,68,99.0,43.0,-1,56.0
1274,56.0,1,68,121.0,42.0,0,56.0
1275,57.0,1,68,61.0,29.0,1,56.0
1276,58.0,1,68,29.0,22.0,2,56.0
1277,59.0,1,68,63.0,58.0,3,56.0
1278,60.0,1,68,27.0,30.0,4,56.0
1279,61.0,1,68,10.0,11.0,5,56.0
1280,62.0,1,68,17.0,15.0,6,56.0
1281,63.0,1,68,9.0,12.0,7,56.0
1282,64.0,1,68,16.0,19.0,8,56.0
1283,65.0,1,68,15.0,16.0,9,56.0
1284,66.0,1,68,11.0,12.0,10,56.0
1285,67.0,1,68,4.0,8.0,11,56.0
1286,68.0,1,68,9.0,9.0,12,56.0
1287,69.0,1,68,3.0,2.0,13,56.0
1288,157.0,0,70,29.0,156.0,-14,171.0
1289,158.0,0,70,40.0,156.0,-13,171.0
1290,159.0,0,70,46.0,212.0,-12,171.0
1291,160.0,0,70,40.0,176.0,-11,171.0
1292,161.0,0,70,43.0,149.0,-10,171.0
1293,162.0,0,70,27.0,139.0,-9,171.0
1294,163.0,0,70,29.0,92.0,-8,171.0
1295,164.0,0,70,43.0,164.0,-7,171.0
1296,165.0,0,70,32.0,209.0,-6,171.0
1297,166.0,0,70,20.0,102.0,-5,171.0
1298,167.0,0,70,48.0,198.0,-4,171.0
1299,168.0,0,70,87.0,240.0,-3,171.0
1300,169.0,0,70,83.0,256.0,-2,171.0
1301,170.0,0,70,62.0,195.0,-1,171.0
1302,171.0,1,70,98.0,262.0,0,171.0
1303,172.0,1,70,143.0,370.0,1,171.0
1304,173.0,1,70,190.0,647.0,2,171.0
1305,174.0,1,70,253.0,756.0,3,171.0
1306,175.0,1,70,187.0,711.0,4,171.0
1307,176.0,1,70,85.0,400.0,5,171.0
1308,177.0,1,70,47.0,257.0,6,171.0
1309,178.0,1,70,26.0,114.0,7,171.0
1310,179.0,1,70,31.0,131.0,8,171.0
1311,180.0,1,70,68.0,328.0,9,171.0
1312,181.0,1,70,69.0,321.0,10,171.0
1313,182.0,1,70,40.0,195.0,11,171.0
1314,183.0,1,70,50.0,169.0,12,171.0
1315,184.0,1,70,81.0,201.0,13,171.0
1316,12.0,0,71,12.0,622.0,-14,26.0
1317,13.0,0,71,18.0,728.0,-13,26.0
1318,14.0,0,71,15.0,590.0,-12,26.0
1319,15.0,0,71,12.0,370.0,-11,26.0
1320,16.0,0,71,7.0,252.0,-10,26.0
1321,17.0,0,71,15.0,293.0,-9,26.0
1322,18.0,0,71,29.0,542.0,-8,26.0
1323,19.0,0,71,12.0,311.0,-7,26.0
1324,20.0,0,71,11.0,350.0,-6,26.0
1325,21.0,0,71,10.0,338.0,-5,26.0
1326,22.0,0,71,4.0,280.0,-4,26.0
1327,23.0,0,71,5.0,254.0,-3,26.0
1328,24.0,0,71,7.0,365.0,-2,26.0
1329,25.0,0,71,8.0,299.0,-1,26.0
1330,26.0,1,71,20.0,1039.0,0,26.0
1331,27.0,1,71,35.0,3303.0,1,26.0
1332,28.0,1,71,38.0,5108.0,2,26.0
1333,29.0,1,71,21.0,3578.0,3,26.0
1334,30.0,1,71,20.0,4134.0,4,26.0
1335,31.0,1,71,41.0,8795.0,5,26.0
1336,32.0,1,71,102.0,26827.0,6,26.0
1337,33.0,1,71,62.0,30599.0,7,26.0
1338,34.0,1,71,50.0,36309.0,8,26.0
1339,35.0,1,71,55.0,32518.0,9,26.0
1340,36.0,1,71,56.0,37840.0,10,26.0
1341,37.0,1,71,47.0,45413.0,11,26.0
1342,38.0,1,71,38.0,36572.0,12,26.0
1343,39.0,1,71,38.0,26484.0,13,26.0
1344,42.0,0,72,823.0,13791.0,-14,56.0
1345,43.0,0,72,514.0,11347.0,-13,56.0
1346,44.0,0,72,721.0,10674.0,-12,56.0
1347,45.0,0,72,616.0,8406.0,-11,56.0
1348,46.0,0,72,499.0,7141.0,-10,56.0
1349,47.0,0,72,581.0,13283.0,-9,56.0
1350,48.0,0,72,642.0,7972.0,-8,56.0
1351,49.0,0,72,428.0,7112.0,-7,56.0
1352,50.0,0,72,571.0,10470.0,-6,56.0
1353,51.0,0,72,469.0,8647.0,-5,56.0
1354,52.0,0,72,417.0,6165.0,-4,56.0
1355,53.0,0,72,241.0,3794.0,-3,56.0
1356,54.0,0,72,189.0,2706.0,-2,56.0
1357,55.0,0,72,413.0,5220.0,-1,56.0
1358,56.0,1,72,344.0,4974.0,0,56.0
1359,57.0,1,72,203.0,3676.0,1,56.0
1360,58.0,1,72,257.0,4898.0,2,56.0
1361,59.0,1,72,147.0,2926.0,3,56.0
1362,60.0,1,72,99.0,1818.0,4,56.0
1363,61.0,1,72,44.0,1140.0,5,56.0
1364,62.0,1,72,122.0,2625.0,6,56.0
1365,63.0,1,72,79.0,2039.0,7,56.0
1366,64.0,1,72,32.0,1015.0,8,56.0
1367,65.0,1,72,51.0,1316.0,9,56.0
1368,66.0,1,72,123.0,2564.0,10,56.0
1369,67.0,1,72,40.0,901.0,11,56.0
1370,68.0,1,72,30.0,1047.0,12,56.0
1371,69.0,1,72,46.0,802.0,13,56.0
1372,170.0,0,74,10.0,12.0,-14,184.0
1373,171.0,0,74,6.0,10.0,-13,184.0
1374,172.0,0,74,5.0,4.0,-12,184.0
1375,173.0,0,74,5.0,11.0,-11,184.0
1376,174.0,0,74,14.0,7.0,-10,184.0
1377,175.0,0,74,11.0,6.0,-9,184.0
1378,176.0,0,74,1.0,4.0,-8,184.0
1379,177.0,0,74,9.0,6.0,-7,184.0
1380,178.0,0,74,4.0,7.0,-6,184.0
1381,179.0,0,74,10.0,8.0,-5,184.0
1382,180.0,0,74,19.0,5.0,-4,184.0
1383,181.0,0,74,7.0,5.0,-3,184.0
1384,182.0,0,74,3.0,5.0,-2,184.0
1385,183.0,0,74,5.0,5.0,-1,184.0
1386,184.0,1,74,28.0,6.0,0,184.0
1387,185.0,1,74,9.0,9.0,1,184.0
1388,186.0,1,74,8.0,3.0,2,184.0
1389,187.0,1,74,3.0,7.0,3,184.0
1390,188.0,1,74,4.0,1.0,4,184.0
1391,189.0,1,74,4.0,2.0,5,184.0
1392,190.0,1,74,4.0,2.0,6,184.0
1393,191.0,1,74,6.0,7.0,7,184.0
1394,192.0,1,74,2.0,3.0,8,184.0
1395,193.0,1,74,4.0,9.0,9,184.0
1396,194.0,1,74,3.0,1.0,10,184.0
1397,195.0,1,74,3.0,7.0,11,184.0
1398,196.0,1,74,76.0,68.0,12,184.0
1399,197.0,1,74,5.0,3.0,13,184.0
1400,234.0,0,75,0.0,0.0,-14,248.0
1401,235.0,0,75,0.0,0.0,-13,248.0
1402,236.0,0,75,0.0,0.0,-12,248.0
1403,237.0,0,75,0.0,0.0,-11,248.0
1404,238.0,0,75,0.0,0.0,-10,248.0
1405,239.0,0,75,0.0,0.0,-9,248.0
1406,240.0,0,75,0.0,0.0,-8,248.0
1407,241.0,0,75,0.0,0.0,-7,248.0
1408,242.0,0,75,0.0,0.0,-6,248.0
1409,243.0,0,75,0.0,0.0,-5,248.0
1410,244.0,0,75,0.0,0.0,-4,248.0
1411,245.0,0,75,0.0,0.0,-3,248.0
1412,246.0,0,75,0.0,0.0,-2,248.0
1413,247.0,0,75,0.0,0.0,-1,248.0
1414,248.0,1,75,1.0,0.0,0,248.0
1415,249.0,1,75,0.0,0.0,1,248.0
1416,250.0,1,75,0.0,0.0,2,248.0
1417,251.0,1,75,0.0,0.0,3,248.0
1418,252.0,1,75,0.0,0.0,4,248.0
1419,253.0,1,75,0.0,0.0,5,248.0
1420,254.0,1,75,0.0,0.0,6,248.0
1421,255.0,1,75,0.0,0.0,7,248.0
1422,256.0,1,75,0.0,0.0,8,248.0
1423,257.0,1,75,0.0,0.0,9,248.0
1424,258.0,1,75,0.0,0.0,10,248.0
1425,259.0,1,75,0.0,0.0,11,248.0
1426,260.0,1,75,0.0,0.0,12,248.0
1427,261.0,1,75,0.0,0.0,13,248.0
1428,121.0,0,76,7.0,2.0,-14,135.0
1429,122.0,0,76,5.0,2.0,-13,135.0
1430,123.0,0,76,18.0,13.0,-12,135.0
1431,124.0,0,76,8.0,9.0,-11,135.0
1432,125.0,0,76,16.0,6.0,-10,135.0
1433,126.0,0,76,2.0,0.0,-9,135.0
1434,127.0,0,76,4.0,1.0,-8,135.0
1435,128.0,0,76,3.0,1.0,-7,135.0
1436,129.0,0,76,5.0,2.0,-6,135.0
1437,130.0,0,76,2.0,0.0,-5,135.0
1438,131.0,0,76,0.0,2.0,-4,135.0
1439,132.0,0,76,1.0,1.0,-3,135.0
1440,133.0,0,76,1.0,1.0,-2,135.0
1441,134.0,0,76,6.0,2.0,-1,135.0
1442,135.0,1,76,76.0,30.0,0,135.0
1443,136.0,1,76,27.0,19.0,1,135.0
1444,137.0,1,76,3.0,5.0,2,135.0
1445,138.0,1,76,0.0,3.0,3,135.0
1446,139.0,1,76,3.0,2.0,4,135.0
1447,140.0,1,76,1.0,0.0,5,135.0
1448,141.0,1,76,4.0,0.0,6,135.0
1449,142.0,1,76,2.0,1.0,7,135.0
1450,143.0,1,76,1.0,1.0,8,135.0
1451,144.0,1,76,0.0,1.0,9,135.0
1452,145.0,1,76,1.0,0.0,10,135.0
1453,146.0,1,76,1.0,3.0,11,135.0
1454,147.0,1,76,1.0,1.0,12,135.0
1455,148.0,1,76,0.0,0.0,13,135.0
1456,104.0,0,78,5.0,19.0,-14,118.0
1457,105.0,0,78,23.0,48.0,-13,118.0
1458,106.0,0,78,8.0,9.0,-12,118.0
1459,107.0,0,78,8.0,13.0,-11,118.0
1460,108.0,0,78,9.0,10.0,-10,118.0
1461,109.0,0,78,11.0,14.0,-9,118.0
1462,110.0,0,78,8.0,10.0,-8,118.0
1463,111.0,0,78,5.0,5.0,-7,118.0
1464,112.0,0,78,4.0,4.0,-6,118.0
1465,113.0,0,78,6.0,5.0,-5,118.0
1466,114.0,0,78,11.0,7.0,-4,118.0
1467,115.0,0,78,61.0,52.0,-3,118.0
1468,116.0,0,78,15.0,20.0,-2,118.0
1469,117.0,0,78,64.0,56.0,-1,118.0
1470,118.0,1,78,310.0,218.0,0,118.0
1471,119.0,1,78,27.0,32.0,1,118.0
1472,120.0,1,78,9.0,11.0,2,118.0
1473,121.0,1,78,7.0,16.0,3,118.0
1474,122.0,1,78,10.0,15.0,4,118.0
1475,123.0,1,78,4.0,29.0,5,118.0
1476,124.0,1,78,2.0,14.0,6,118.0
1477,125.0,1,78,4.0,9.0,7,118.0
1478,126.0,1,78,13.0,8.0,8,118.0
1479,127.0,1,78,1.0,11.0,9,118.0
1480,128.0,1,78,5.0,7.0,10,118.0
1481,129.0,1,78,4.0,4.0,11,118.0
1482,130.0,1,78,7.0,9.0,12,118.0
1483,131.0,1,78,1.0,5.0,13,118.0
1484,235.0,0,81,24.0,43.0,-14,249.0
1485,236.0,0,81,7.0,20.0,-13,249.0
1486,237.0,0,81,4.0,13.0,-12,249.0
1487,238.0,0,81,38.0,33.0,-11,249.0
1488,239.0,0,81,6.0,5.0,-10,249.0
1489,240.0,0,81,6.0,8.0,-9,249.0
1490,241.0,0,81,1.0,4.0,-8,249.0
1491,242.0,0,81,14.0,8.0,-7,249.0
1492,243.0,0,81,9.0,7.0,-6,249.0
1493,244.0,0,81,7.0,11.0,-5,249.0
1494,245.0,0,81,6.0,25.0,-4,249.0
1495,246.0,0,81,14.0,12.0,-3,249.0
1496,247.0,0,81,12.0,10.0,-2,249.0
1497,248.0,0,81,13.0,16.0,-1,249.0
1498,249.0,1,81,64.0,40.0,0,249.0
1499,250.0,1,81,15.0,16.0,1,249.0
1500,251.0,1,81,4.0,13.0,2,249.0
1501,252.0,1,81,3.0,4.0,3,249.0
1502,253.0,1,81,4.0,5.0,4,249.0
1503,254.0,1,81,17.0,42.0,5,249.0
1504,255.0,1,81,11.0,12.0,6,249.0
1505,256.0,1,81,7.0,8.0,7,249.0
1506,257.0,1,81,3.0,13.0,8,249.0
1507,258.0,1,81,4.0,10.0,9,249.0
1508,259.0,1,81,1.0,12.0,10,249.0
1509,260.0,1,81,3.0,5.0,11,249.0
1510,261.0,1,81,3.0,7.0,12,249.0
1511,262.0,1,81,4.0,5.0,13,249.0
1512,83.0,0,83,88.0,588.0,-14,97.0
1513,84.0,0,83,79.0,514.0,-13,97.0
1514,85.0,0,83,270.0,1207.0,-12,97.0
1515,86.0,0,83,118.0,691.0,-11,97.0
1516,87.0,0,83,102.0,509.0,-10,97.0
1517,88.0,0,83,174.0,888.0,-9,97.0
1518,89.0,0,83,138.0,1088.0,-8,97.0
1519,90.0,0,83,320.0,3043.0,-7,97.0
1520,91.0,0,83,643.0,4674.0,-6,97.0
1521,92.0,0,83,305.0,2540.0,-5,97.0
1522,93.0,0,83,717.0,4726.0,-4,97.0
1523,94.0,0,83,278.0,2144.0,-3,97.0
1524,95.0,0,83,151.0,1787.0,-2,97.0
1525,96.0,0,83,167.0,1620.0,-1,97.0
1526,97.0,1,83,125.0,1300.0,0,97.0
1527,98.0,1,83,71.0,1258.0,1,97.0
1528,99.0,1,83,106.0,1450.0,2,97.0
1529,100.0,1,83,137.0,2225.0,3,97.0
1530,101.0,1,83,1789.0,15624.0,4,97.0
1531,102.0,1,83,552.0,10757.0,5,97.0
1532,103.0,1,83,151.0,5466.0,6,97.0
1533,104.0,1,83,129.0,4555.0,7,97.0
1534,105.0,1,83,103.0,4170.0,8,97.0
1535,106.0,1,83,137.0,3666.0,9,97.0
1536,107.0,1,83,138.0,3982.0,10,97.0
1537,108.0,1,83,114.0,3343.0,11,97.0
1538,109.0,1,83,78.0,2910.0,12,97.0
1539,110.0,1,83,84.0,2409.0,13,97.0
1540,101.0,0,84,58.0,130.0,-14,115.0
1541,102.0,0,84,71.0,106.0,-13,115.0
1542,103.0,0,84,184.0,248.0,-12,115.0
1543,104.0,0,84,256.0,341.0,-11,115.0
1544,105.0,0,84,61.0,126.0,-10,115.0
1545,106.0,0,84,91.0,129.0,-9,115.0
1546,107.0,0,84,81.0,111.0,-8,115.0
1547,108.0,0,84,203.0,348.0,-7,115.0
1548,109.0,0,84,56.0,155.0,-6,115.0
1549,110.0,0,84,54.0,103.0,-5,115.0
1550,111.0,0,84,35.0,57.0,-4,115.0
1551,112.0,0,84,27.0,26.0,-3,115.0
1552,113.0,0,84,30.0,56.0,-2,115.0
1553,114.0,0,84,319.0,411.0,-1,115.0
1554,115.0,1,84,174.0,260.0,0,115.0
1555,116.0,1,84,54.0,116.0,1,115.0
1556,117.0,1,84,60.0,115.0,2,115.0
1557,118.0,1,84,116.0,229.0,3,115.0
1558,119.0,1,84,80.0,128.0,4,115.0
1559,120.0,1,84,125.0,192.0,5,115.0
1560,121.0,1,84,70.0,123.0,6,115.0
1561,122.0,1,84,159.0,212.0,7,115.0
1562,123.0,1,84,36.0,70.0,8,115.0
1563,124.0,1,84,32.0,80.0,9,115.0
1564,125.0,1,84,51.0,78.0,10,115.0
1565,126.0,1,84,182.0,213.0,11,115.0
1566,127.0,1,84,83.0,143.0,12,115.0
1567,128.0,1,84,15.0,53.0,13,115.0
1568,134.0,0,86,17.0,42.0,-14,148.0
1569,135.0,0,86,26.0,40.0,-13,148.0
1570,136.0,0,86,20.0,32.0,-12,148.0
1571,137.0,0,86,13.0,31.0,-11,148.0
1572,138.0,0,86,37.0,73.0,-10,148.0
1573,139.0,0,86,25.0,34.0,-9,148.0
1574,140.0,0,86,41.0,35.0,-8,148.0
1575,141.0,0,86,19.0,31.0,-7,148.0
1576,142.0,0,86,22.0,35.0,-6,148.0
1577,143.0,0,86,12.0,29.0,-5,148.0
1578,144.0,0,86,13.0,23.0,-4,148.0
1579,145.0,0,86,15.0,38.0,-3,148.0
1580,146.0,0,86,25.0,55.0,-2,148.0
1581,147.0,0,86,269.0,325.0,-1,148.0
1582,148.0,1,86,530.0,796.0,0,148.0
1583,149.0,1,86,47.0,93.0,1,148.0
1584,150.0,1,86,60.0,78.0,2,148.0
1585,151.0,1,86,234.0,311.0,3,148.0
1586,152.0,1,86,156.0,326.0,4,148.0
1587,153.0,1,86,693.0,1350.0,5,148.0
1588,154.0,1,86,435.0,689.0,6,148.0
1589,155.0,1,86,59.0,98.0,7,148.0
1590,156.0,1,86,19.0,44.0,8,148.0
1591,157.0,1,86,11.0,37.0,9,148.0
1592,158.0,1,86,68.0,113.0,10,148.0
1593,159.0,1,86,11.0,49.0,11,148.0
1594,160.0,1,86,73.0,110.0,12,148.0
1595,161.0,1,86,24.0,38.0,13,148.0
1596,322.0,0,88,1.0,1.0,-14,336.0
1597,323.0,0,88,0.0,0.0,-13,336.0
1598,324.0,0,88,0.0,0.0,-12,336.0
1599,325.0,0,88,0.0,0.0,-11,336.0
1600,326.0,0,88,1.0,1.0,-10,336.0
1601,327.0,0,88,0.0,0.0,-9,336.0
1602,328.0,0,88,0.0,0.0,-8,336.0
1603,329.0,0,88,0.0,2.0,-7,336.0
1604,330.0,0,88,0.0,0.0,-6,336.0
1605,331.0,0,88,0.0,0.0,-5,336.0
1606,332.0,0,88,1.0,1.0,-4,336.0
1607,333.0,0,88,1.0,0.0,-3,336.0
1608,334.0,0,88,0.0,0.0,-2,336.0
1609,335.0,0,88,0.0,2.0,-1,336.0
1610,336.0,1,88,19.0,1.0,0,336.0
1611,337.0,1,88,0.0,0.0,1,336.0
1612,338.0,1,88,2.0,1.0,2,336.0
1613,339.0,1,88,0.0,0.0,3,336.0
1614,340.0,1,88,0.0,0.0,4,336.0
1615,341.0,1,88,16.0,10.0,5,336.0
1616,342.0,1,88,1.0,3.0,6,336.0
1617,343.0,1,88,0.0,1.0,7,336.0
1618,344.0,1,88,0.0,1.0,8,336.0
1619,345.0,1,88,1.0,0.0,9,336.0
1620,346.0,1,88,0.0,0.0,10,336.0
1621,347.0,1,88,0.0,0.0,11,336.0
1622,348.0,1,88,0.0,0.0,12,336.0
1623,349.0,1,88,0.0,2.0,13,336.0
1624,75.0,0,89,0.0,0.0,-14,89.0
1625,76.0,0,89,0.0,0.0,-13,89.0
1626,77.0,0,89,0.0,2.0,-12,89.0
1627,78.0,0,89,0.0,0.0,-11,89.0
1628,79.0,0,89,1.0,4.0,-10,89.0
1629,80.0,0,89,3.0,20.0,-9,89.0
1630,81.0,0,89,0.0,3.0,-8,89.0
1631,82.0,0,89,103.0,82.0,-7,89.0
1632,83.0,0,89,34.0,51.0,-6,89.0
1633,84.0,0,89,6.0,9.0,-5,89.0
1634,85.0,0,89,11.0,25.0,-4,89.0
1635,86.0,0,89,5.0,8.0,-3,89.0
1636,87.0,0,89,12.0,19.0,-2,89.0
1637,88.0,0,89,7.0,14.0,-1,89.0
1638,89.0,1,89,24.0,18.0,0,89.0
1639,90.0,1,89,5.0,14.0,1,89.0
1640,91.0,1,89,2.0,11.0,2,89.0
1641,92.0,1,89,3.0,8.0,3,89.0
1642,93.0,1,89,25.0,27.0,4,89.0
1643,94.0,1,89,19.0,29.0,5,89.0
1644,95.0,1,89,13.0,61.0,6,89.0
1645,96.0,1,89,1.0,17.0,7,89.0
1646,97.0,1,89,0.0,15.0,8,89.0
1647,98.0,1,89,2.0,10.0,9,89.0
1648,99.0,1,89,43.0,26.0,10,89.0
1649,100.0,1,89,6.0,19.0,11,89.0
1650,101.0,1,89,3.0,12.0,12,89.0
1651,102.0,1,89,20.0,45.0,13,89.0
1652,177.0,0,90,80.0,201.0,-14,191.0
1653,178.0,0,90,93.0,255.0,-13,191.0
1654,179.0,0,90,196.0,426.0,-12,191.0
1655,180.0,0,90,172.0,383.0,-11,191.0
1656,181.0,0,90,62.0,151.0,-10,191.0
1657,182.0,0,90,116.0,212.0,-9,191.0
1658,183.0,0,90,57.0,127.0,-8,191.0
1659,184.0,0,90,64.0,96.0,-7,191.0
1660,185.0,0,90,37.0,104.0,-6,191.0
1661,186.0,0,90,87.0,127.0,-5,191.0
1662,187.0,0,90,53.0,113.0,-4,191.0
1663,188.0,0,90,168.0,341.0,-3,191.0
1664,189.0,0,90,142.0,288.0,-2,191.0
1665,190.0,0,90,143.0,215.0,-1,191.0
1666,191.0,1,90,77.0,142.0,0,191.0
1667,192.0,1,90,62.0,129.0,1,191.0
1668,193.0,1,90,95.0,174.0,2,191.0
1669,194.0,1,90,40.0,93.0,3,191.0
1670,195.0,1,90,30.0,101.0,4,191.0
1671,196.0,1,90,89.0,124.0,5,191.0
1672,197.0,1,90,73.0,106.0,6,191.0
1673,198.0,1,90,200.0,155.0,7,191.0
1674,199.0,1,90,60.0,66.0,8,191.0
1675,200.0,1,90,115.0,103.0,9,191.0
1676,201.0,1,90,81.0,153.0,10,191.0
1677,202.0,1,90,53.0,128.0,11,191.0
1678,203.0,1,90,58.0,141.0,12,191.0
1679,204.0,1,90,23.0,76.0,13,191.0
1680,117.0,0,91,2.0,7.0,-14,131.0
1681,118.0,0,91,1.0,9.0,-13,131.0
1682,119.0,0,91,5.0,5.0,-12,131.0
1683,120.0,0,91,1.0,6.0,-11,131.0
1684,121.0,0,91,3.0,22.0,-10,131.0
1685,122.0,0,91,3.0,16.0,-9,131.0
1686,123.0,0,91,5.0,11.0,-8,131.0
1687,124.0,0,91,2.0,3.0,-7,131.0
1688,125.0,0,91,1.0,6.0,-6,131.0
1689,126.0,0,91,0.0,0.0,-5,131.0
1690,127.0,0,91,1.0,3.0,-4,131.0
1691,128.0,0,91,0.0,1.0,-3,131.0
1692,129.0,0,91,1.0,0.0,-2,131.0
1693,130.0,0,91,0.0,1.0,-1,131.0
1694,131.0,1,91,1.0,1.0,0,131.0
1695,132.0,1,91,0.0,2.0,1,131.0
1696,133.0,1,91,1.0,2.0,2,131.0
1697,134.0,1,91,1.0,1.0,3,131.0
1698,135.0,1,91,0.0,0.0,4,131.0
1699,136.0,1,91,3.0,4.0,5,131.0
1700,137.0,1,91,0.0,2.0,6,131.0
1701,138.0,1,91,0.0,18.0,7,131.0
1702,139.0,1,91,2.0,3.0,8,131.0
1703,140.0,1,91,0.0,7.0,9,131.0
1704,141.0,1,91,1.0,1.0,10,131.0
1705,142.0,1,91,1.0,5.0,11,131.0
1706,143.0,1,91,1.0,2.0,12,131.0
1707,144.0,1,91,1.0,0.0,13,131.0
1708,98.0,0,94,5.0,3.0,-14,112.0
1709,99.0,0,94,6.0,4.0,-13,112.0
1710,100.0,0,94,2.0,6.0,-12,112.0
1711,101.0,0,94,9.0,7.0,-11,112.0
1712,102.0,0,94,13.0,23.0,-10,112.0
1713,103.0,0,94,3.0,11.0,-9,112.0
1714,104.0,0,94,9.0,31.0,-8,112.0
1715,105.0,0,94,14.0,24.0,-7,112.0
1716,106.0,0,94,5.0,8.0,-6,112.0
1717,107.0,0,94,5.0,10.0,-5,112.0
1718,108.0,0,94,7.0,6.0,-4,112.0
1719,109.0,0,94,1.0,3.0,-3,112.0
1720,110.0,0,94,198.0,294.0,-2,112.0
1721,111.0,0,94,45.0,63.0,-1,112.0
1722,112.0,1,94,31.0,22.0,0,112.0
1723,113.0,1,94,11.0,11.0,1,112.0
1724,114.0,1,94,15.0,14.0,2,112.0
1725,115.0,1,94,9.0,11.0,3,112.0
1726,116.0,1,94,7.0,12.0,4,112.0
1727,117.0,1,94,5.0,9.0,5,112.0
1728,118.0,1,94,5.0,10.0,6,112.0
1729,119.0,1,94,4.0,6.0,7,112.0
1730,120.0,1,94,1.0,9.0,8,112.0
1731,121.0,1,94,1.0,9.0,9,112.0
1732,122.0,1,94,5.0,7.0,10,112.0
1733,123.0,1,94,4.0,6.0,11,112.0
1734,124.0,1,94,16.0,17.0,12,112.0
1735,125.0,1,94,5.0,9.0,13,112.0
1736,126.0,0,96,1.0,1.0,-14,140.0
1737,127.0,0,96,0.0,0.0,-13,140.0
1738,128.0,0,96,0.0,0.0,-12,140.0
1739,129.0,0,96,0.0,0.0,-11,140.0
1740,130.0,0,96,0.0,0.0,-10,140.0
1741,131.0,0,96,0.0,0.0,-9,140.0
1742,132.0,0,96,0.0,0.0,-8,140.0
1743,133.0,0,96,0.0,0.0,-7,140.0
1744,134.0,0,96,0.0,0.0,-6,140.0
1745,135.0,0,96,0.0,0.0,-5,140.0
1746,136.0,0,96,0.0,0.0,-4,140.0
1747,137.0,0,96,0.0,0.0,-3,140.0
1748,138.0,0,96,0.0,0.0,-2,140.0
1749,139.0,0,96,0.0,1.0,-1,140.0
1750,140.0,1,96,1.0,1.0,0,140.0
1751,141.0,1,96,0.0,0.0,1,140.0
1752,142.0,1,96,0.0,0.0,2,140.0
1753,143.0,1,96,0.0,0.0,3,140.0
1754,144.0,1,96,0.0,0.0,4,140.0
1755,145.0,1,96,0.0,0.0,5,140.0
1756,146.0,1,96,0.0,0.0,6,140.0
1757,147.0,1,96,0.0,0.0,7,140.0
1758,148.0,1,96,0.0,0.0,8,140.0
1759,149.0,1,96,0.0,0.0,9,140.0
1760,150.0,1,96,0.0,0.0,10,140.0
1761,151.0,1,96,0.0,0.0,11,140.0
1762,152.0,1,96,0.0,0.0,12,140.0
1763,153.0,1,96,0.0,0.0,13,140.0
1764,143.0,0,97,0.0,0.0,-14,157.0
1765,144.0,0,97,0.0,0.0,-13,157.0
1766,145.0,0,97,0.0,0.0,-12,157.0
1767,146.0,0,97,0.0,0.0,-11,157.0
1768,147.0,0,97,0.0,0.0,-10,157.0
1769,148.0,0,97,0.0,0.0,-9,157.0
1770,149.0,0,97,0.0,0.0,-8,157.0
1771,150.0,0,97,0.0,0.0,-7,157.0
1772,151.0,0,97,0.0,0.0,-6,157.0
1773,152.0,0,97,0.0,0.0,-5,157.0
1774,153.0,0,97,0.0,0.0,-4,157.0
1775,154.0,0,97,0.0,0.0,-3,157.0
1776,155.0,0,97,0.0,0.0,-2,157.0
1777,156.0,0,97,143.0,66.0,-1,157.0
1778,157.0,1,97,37.0,19.0,0,157.0
1779,158.0,1,97,10.0,3.0,1,157.0
1780,159.0,1,97,6.0,1.0,2,157.0
1781,160.0,1,97,1.0,3.0,3,157.0
1782,161.0,1,97,0.0,1.0,4,157.0
1783,162.0,1,97,0.0,1.0,5,157.0
1784,163.0,1,97,1.0,1.0,6,157.0
1785,164.0,1,97,0.0,1.0,7,157.0
1786,165.0,1,97,1.0,1.0,8,157.0
1787,166.0,1,97,1.0,0.0,9,157.0
1788,167.0,1,97,0.0,0.0,10,157.0
1789,168.0,1,97,0.0,0.0,11,157.0
1790,169.0,1,97,1.0,0.0,12,157.0
1791,170.0,1,97,1.0,0.0,13,157.0
1792,106.0,0,99,42.0,129.0,-14,120.0
1793,107.0,0,99,59.0,125.0,-13,120.0
1794,108.0,0,99,260.0,440.0,-12,120.0
1795,109.0,0,99,176.0,394.0,-11,120.0
1796,110.0,0,99,62.0,179.0,-10,120.0
1797,111.0,0,99,32.0,113.0,-9,120.0
1798,112.0,0,99,43.0,203.0,-8,120.0
1799,113.0,0,99,32.0,102.0,-7,120.0
1800,114.0,0,99,21.0,69.0,-6,120.0
1801,115.0,0,99,57.0,123.0,-5,120.0
1802,116.0,0,99,73.0,152.0,-4,120.0
1803,117.0,0,99,56.0,159.0,-3,120.0
1804,118.0,0,99,27.0,92.0,-2,120.0
1805,119.0,0,99,78.0,112.0,-1,120.0
1806,120.0,1,99,322.0,375.0,0,120.0
1807,121.0,1,99,47.0,87.0,1,120.0
1808,122.0,1,99,24.0,75.0,2,120.0
1809,123.0,1,99,25.0,62.0,3,120.0
1810,124.0,1,99,20.0,82.0,4,120.0
1811,125.0,1,99,259.0,404.0,5,120.0
1812,126.0,1,99,782.0,1739.0,6,120.0
1813,127.0,1,99,623.0,1024.0,7,120.0
1814,128.0,1,99,253.0,392.0,8,120.0
1815,129.0,1,99,148.0,299.0,9,120.0
1816,130.0,1,99,88.0,225.0,10,120.0
1817,131.0,1,99,60.0,216.0,11,120.0
1818,132.0,1,99,130.0,373.0,12,120.0
1819,133.0,1,99,46.0,126.0,13,120.0
1820,6.0,0,100,4.0,37.0,-14,20.0
1821,7.0,0,100,41.0,551.0,-13,20.0
1822,8.0,0,100,16.0,274.0,-12,20.0
1823,9.0,0,100,8.0,107.0,-11,20.0
1824,10.0,0,100,16.0,158.0,-10,20.0
1825,11.0,0,100,6.0,53.0,-9,20.0
1826,12.0,0,100,9.0,46.0,-8,20.0
1827,13.0,0,100,1.0,37.0,-7,20.0
1828,14.0,0,100,3.0,8.0,-6,20.0
1829,15.0,0,100,3.0,19.0,-5,20.0
1830,16.0,0,100,3.0,26.0,-4,20.0
1831,17.0,0,100,3.0,18.0,-3,20.0
1832,18.0,0,100,1.0,10.0,-2,20.0
1833,19.0,0,100,0.0,14.0,-1,20.0
1834,20.0,1,100,4.0,41.0,0,20.0
1835,21.0,1,100,1.0,9.0,1,20.0
1836,22.0,1,100,5.0,18.0,2,20.0
1837,23.0,1,100,0.0,11.0,3,20.0
1838,24.0,1,100,1.0,19.0,4,20.0
1839,25.0,1,100,12.0,127.0,5,20.0
1840,26.0,1,100,24.0,226.0,6,20.0
1841,27.0,1,100,44.0,817.0,7,20.0
1842,28.0,1,100,12.0,376.0,8,20.0
1843,29.0,1,100,16.0,443.0,9,20.0
1844,30.0,1,100,82.0,2329.0,10,20.0
1845,31.0,1,100,69.0,2893.0,11,20.0
1846,32.0,1,100,56.0,4112.0,12,20.0
1847,33.0,1,100,32.0,1948.0,13,20.0
1848,211.0,0,101,6.0,1.0,-14,225.0
1849,212.0,0,101,10.0,3.0,-13,225.0
1850,213.0,0,101,1.0,4.0,-12,225.0
1851,214.0,0,101,9.0,4.0,-11,225.0
1852,215.0,0,101,8.0,10.0,-10,225.0
1853,216.0,0,101,23.0,10.0,-9,225.0
1854,217.0,0,101,7.0,5.0,-8,225.0
1855,218.0,0,101,8.0,11.0,-7,225.0
1856,219.0,0,101,62.0,51.0,-6,225.0
1857,220.0,0,101,10.0,4.0,-5,225.0
1858,221.0,0,101,6.0,4.0,-4,225.0
1859,222.0,0,101,13.0,4.0,-3,225.0
1860,223.0,0,101,7.0,4.0,-2,225.0
1861,224.0,0,101,2.0,8.0,-1,225.0
1862,225.0,1,101,14.0,4.0,0,225.0
1863,226.0,1,101,9.0,3.0,1,225.0
1864,227.0,1,101,6.0,1.0,2,225.0
1865,228.0,1,101,112.0,73.0,3,225.0
1866,229.0,1,101,23.0,22.0,4,225.0
1867,230.0,1,101,6.0,4.0,5,225.0
1868,231.0,1,101,4.0,6.0,6,225.0
1869,232.0,1,101,1.0,2.0,7,225.0
1870,233.0,1,101,3.0,4.0,8,225.0
1871,234.0,1,101,0.0,0.0,9,225.0
1872,235.0,1,101,7.0,7.0,10,225.0
1873,236.0,1,101,1.0,5.0,11,225.0
1874,237.0,1,101,2.0,7.0,12,225.0
1875,238.0,1,101,5.0,2.0,13,225.0
1876,234.0,0,103,0.0,0.0,-14,248.0
1877,235.0,0,103,0.0,0.0,-13,248.0
1878,236.0,0,103,0.0,0.0,-12,248.0
1879,237.0,0,103,0.0,1.0,-11,248.0
1880,238.0,0,103,0.0,0.0,-10,248.0
1881,239.0,0,103,1.0,5.0,-9,248.0
1882,240.0,0,103,0.0,8.0,-8,248.0
1883,241.0,0,103,0.0,1.0,-7,248.0
1884,242.0,0,103,0.0,0.0,-6,248.0
1885,243.0,0,103,1.0,0.0,-5,248.0
1886,244.0,0,103,0.0,0.0,-4,248.0
1887,245.0,0,103,0.0,0.0,-3,248.0
1888,246.0,0,103,0.0,3.0,-2,248.0
1889,247.0,0,103,74.0,42.0,-1,248.0
1890,248.0,1,103,105.0,109.0,0,248.0
1891,249.0,1,103,159.0,32.0,1,248.0
1892,250.0,1,103,19.0,8.0,2,248.0
1893,251.0,1,103,12.0,3.0,3,248.0
1894,252.0,1,103,6.0,1.0,4,248.0
1895,253.0,1,103,4.0,0.0,5,248.0
1896,254.0,1,103,1.0,0.0,6,248.0
1897,255.0,1,103,10.0,4.0,7,248.0
1898,256.0,1,103,6.0,3.0,8,248.0
1899,257.0,1,103,1.0,0.0,9,248.0
1900,258.0,1,103,5.0,2.0,10,248.0
1901,259.0,1,103,2.0,1.0,11,248.0
1902,260.0,1,103,1.0,0.0,12,248.0
1903,261.0,1,103,0.0,0.0,13,248.0
1904,34.0,0,104,376.0,1401.0,-14,48.0
1905,35.0,0,104,348.0,1320.0,-13,48.0
1906,36.0,0,104,724.0,1535.0,-12,48.0
1907,37.0,0,104,2873.0,3691.0,-11,48.0
1908,38.0,0,104,1943.0,3149.0,-10,48.0
1909,39.0,0,104,1331.0,2138.0,-9,48.0
1910,40.0,0,104,2017.0,2920.0,-8,48.0
1911,41.0,0,104,1281.0,2216.0,-7,48.0
1912,42.0,0,104,829.0,1645.0,-6,48.0
1913,43.0,0,104,1023.0,1672.0,-5,48.0
1914,44.0,0,104,1327.0,2035.0,-4,48.0
1915,45.0,0,104,2786.0,4139.0,-3,48.0
1916,46.0,0,104,1078.0,1919.0,-2,48.0
1917,47.0,0,104,827.0,1325.0,-1,48.0
1918,48.0,1,104,1623.0,3417.0,0,48.0
1919,49.0,1,104,865.0,2121.0,1,48.0
1920,50.0,1,104,452.0,1232.0,2,48.0
1921,51.0,1,104,228.0,923.0,3,48.0
1922,52.0,1,104,486.0,1451.0,4,48.0
1923,53.0,1,104,75.0,255.0,5,48.0
1924,54.0,1,104,497.0,1598.0,6,48.0
1925,55.0,1,104,342.0,1223.0,7,48.0
1926,56.0,1,104,698.0,2461.0,8,48.0
1927,57.0,1,104,77.0,215.0,9,48.0
1928,58.0,1,104,831.0,2854.0,10,48.0
1929,59.0,1,104,389.0,1569.0,11,48.0
1930,60.0,1,104,42.0,211.0,12,48.0
1931,61.0,1,104,188.0,745.0,13,48.0
1932,163.0,0,105,37.0,19.0,-14,177.0
1933,164.0,0,105,70.0,79.0,-13,177.0
1934,165.0,0,105,86.0,65.0,-12,177.0
1935,166.0,0,105,14.0,19.0,-11,177.0
1936,167.0,0,105,17.0,12.0,-10,177.0
1937,168.0,0,105,15.0,10.0,-9,177.0
1938,169.0,0,105,13.0,20.0,-8,177.0
1939,170.0,0,105,24.0,18.0,-7,177.0
1940,171.0,0,105,25.0,32.0,-6,177.0
1941,172.0,0,105,16.0,17.0,-5,177.0
1942,173.0,0,105,18.0,11.0,-4,177.0
1943,174.0,0,105,6.0,8.0,-3,177.0
1944,175.0,0,105,27.0,20.0,-2,177.0
1945,176.0,0,105,17.0,26.0,-1,177.0
1946,177.0,1,105,32.0,33.0,0,177.0
1947,178.0,1,105,23.0,20.0,1,177.0
1948,179.0,1,105,14.0,3.0,2,177.0
1949,180.0,1,105,15.0,9.0,3,177.0
1950,181.0,1,105,9.0,16.0,4,177.0
1951,182.0,1,105,28.0,17.0,5,177.0
1952,183.0,1,105,9.0,15.0,6,177.0
1953,184.0,1,105,12.0,15.0,7,177.0
1954,185.0,1,105,17.0,28.0,8,177.0
1955,186.0,1,105,48.0,72.0,9,177.0
1956,187.0,1,105,56.0,61.0,10,177.0
1957,188.0,1,105,70.0,54.0,11,177.0
1958,189.0,1,105,30.0,23.0,12,177.0
1959,190.0,1,105,19.0,9.0,13,177.0
1960,39.0,0,106,4.0,11.0,-14,53.0
1961,40.0,0,106,16.0,28.0,-13,53.0
1962,41.0,0,106,1.0,5.0,-12,53.0
1963,42.0,0,106,3.0,7.0,-11,53.0
1964,43.0,0,106,10.0,5.0,-10,53.0
1965,44.0,0,106,3.0,8.0,-9,53.0
1966,45.0,0,106,7.0,7.0,-8,53.0
1967,46.0,0,106,9.0,5.0,-7,53.0
1968,47.0,0,106,5.0,5.0,-6,53.0
1969,48.0,0,106,0.0,2.0,-5,53.0
1970,49.0,0,106,2.0,3.0,-4,53.0
1971,50.0,0,106,1.0,4.0,-3,53.0
1972,51.0,0,106,7.0,4.0,-2,53.0
1973,52.0,0,106,4.0,6.0,-1,53.0
1974,53.0,1,106,15.0,6.0,0,53.0
1975,54.0,1,106,7.0,8.0,1,53.0
1976,55.0,1,106,5.0,2.0,2,53.0
1977,56.0,1,106,0.0,0.0,3,53.0
1978,57.0,1,106,0.0,4.0,4,53.0
1979,58.0,1,106,1.0,0.0,5,53.0
1980,59.0,1,106,0.0,1.0,6,53.0
1981,60.0,1,106,0.0,3.0,7,53.0
1982,61.0,1,106,0.0,2.0,8,53.0
1983,62.0,1,106,0.0,0.0,9,53.0
1984,63.0,1,106,0.0,0.0,10,53.0
1985,64.0,1,106,0.0,2.0,11,53.0
1986,65.0,1,106,0.0,0.0,12,53.0
1987,66.0,1,106,2.0,2.0,13,53.0
1988,37.0,0,108,636.0,2587.0,-14,51.0
1989,38.0,0,108,736.0,2895.0,-13,51.0
1990,39.0,0,108,473.0,2217.0,-12,51.0
1991,40.0,0,108,422.0,1726.0,-11,51.0
1992,41.0,0,108,421.0,1942.0,-10,51.0
1993,42.0,0,108,398.0,1967.0,-9,51.0
1994,43.0,0,108,315.0,1338.0,-8,51.0
1995,44.0,0,108,295.0,1144.0,-7,51.0
1996,45.0,0,108,320.0,1037.0,-6,51.0
1997,46.0,0,108,143.0,566.0,-5,51.0
1998,47.0,0,108,128.0,562.0,-4,51.0
1999,48.0,0,108,164.0,502.0,-3,51.0
2000,49.0,0,108,134.0,409.0,-2,51.0
2001,50.0,0,108,223.0,639.0,-1,51.0
2002,51.0,1,108,357.0,716.0,0,51.0
2003,52.0,1,108,202.0,663.0,1,51.0
2004,53.0,1,108,504.0,1014.0,2,51.0
2005,54.0,1,108,590.0,1003.0,3,51.0
2006,55.0,1,108,263.0,547.0,4,51.0
2007,56.0,1,108,101.0,308.0,5,51.0
2008,57.0,1,108,148.0,374.0,6,51.0
2009,58.0,1,108,248.0,503.0,7,51.0
2010,59.0,1,108,284.0,623.0,8,51.0
2011,60.0,1,108,139.0,359.0,9,51.0
2012,61.0,1,108,116.0,309.0,10,51.0
2013,62.0,1,108,96.0,267.0,11,51.0
2014,63.0,1,108,88.0,223.0,12,51.0
2015,64.0,1,108,81.0,177.0,13,51.0
2016,280.0,0,110,0.0,0.0,-14,294.0
2017,281.0,0,110,0.0,0.0,-13,294.0
2018,282.0,0,110,0.0,0.0,-12,294.0
2019,283.0,0,110,0.0,0.0,-11,294.0
2020,284.0,0,110,0.0,0.0,-10,294.0
2021,285.0,0,110,0.0,0.0,-9,294.0
2022,286.0,0,110,0.0,0.0,-8,294.0
2023,287.0,0,110,0.0,0.0,-7,294.0
2024,288.0,0,110,0.0,0.0,-6,294.0
2025,289.0,0,110,0.0,0.0,-5,294.0
2026,290.0,0,110,0.0,1.0,-4,294.0
2027,291.0,0,110,0.0,0.0,-3,294.0
2028,292.0,0,110,0.0,1.0,-2,294.0
2029,293.0,0,110,49.0,22.0,-1,294.0
2030,294.0,1,110,47.0,21.0,0,294.0
2031,295.0,1,110,7.0,1.0,1,294.0
2032,296.0,1,110,3.0,4.0,2,294.0
2033,297.0,1,110,2.0,0.0,3,294.0
2034,298.0,1,110,6.0,3.0,4,294.0
2035,299.0,1,110,3.0,0.0,5,294.0
2036,300.0,1,110,1.0,1.0,6,294.0
2037,301.0,1,110,3.0,0.0,7,294.0
2038,302.0,1,110,0.0,1.0,8,294.0
2039,303.0,1,110,0.0,3.0,9,294.0
2040,304.0,1,110,2.0,0.0,10,294.0
2041,305.0,1,110,1.0,0.0,11,294.0
2042,306.0,1,110,0.0,0.0,12,294.0
2043,307.0,1,110,1.0,2.0,13,294.0
2044,51.0,0,111,1041.0,2808.0,-14,65.0
2045,52.0,0,111,791.0,2413.0,-13,65.0
2046,53.0,0,111,537.0,1808.0,-12,65.0
2047,54.0,0,111,576.0,1789.0,-11,65.0
2048,55.0,0,111,539.0,1685.0,-10,65.0
2049,56.0,0,111,420.0,1292.0,-9,65.0
2050,57.0,0,111,351.0,1010.0,-8,65.0
2051,58.0,0,111,1035.0,1383.0,-7,65.0
2052,59.0,0,111,863.0,1416.0,-6,65.0
2053,60.0,0,111,1498.0,2291.0,-5,65.0
2054,61.0,0,111,657.0,1377.0,-4,65.0
2055,62.0,0,111,795.0,2299.0,-3,65.0
2056,63.0,0,111,397.0,1288.0,-2,65.0
2057,64.0,0,111,265.0,633.0,-1,65.0
2058,65.0,1,111,203.0,695.0,0,65.0
2059,66.0,1,111,316.0,793.0,1,65.0
2060,67.0,1,111,256.0,638.0,2,65.0
2061,68.0,1,111,162.0,595.0,3,65.0
2062,69.0,1,111,253.0,650.0,4,65.0
2063,70.0,1,111,306.0,1071.0,5,65.0
2064,71.0,1,111,218.0,668.0,6,65.0
2065,72.0,1,111,217.0,619.0,7,65.0
2066,73.0,1,111,589.0,2140.0,8,65.0
2067,74.0,1,111,240.0,831.0,9,65.0
2068,75.0,1,111,161.0,464.0,10,65.0
2069,76.0,1,111,92.0,394.0,11,65.0
2070,77.0,1,111,83.0,338.0,12,65.0
2071,78.0,1,111,126.0,469.0,13,65.0
2072,117.0,0,112,0.0,0.0,-14,131.0
2073,118.0,0,112,0.0,0.0,-13,131.0
2074,119.0,0,112,0.0,1.0,-12,131.0
2075,120.0,0,112,0.0,0.0,-11,131.0
2076,121.0,0,112,0.0,0.0,-10,131.0
2077,122.0,0,112,1.0,0.0,-9,131.0
2078,123.0,0,112,0.0,0.0,-8,131.0
2079,124.0,0,112,0.0,0.0,-7,131.0
2080,125.0,0,112,0.0,0.0,-6,131.0
2081,126.0,0,112,0.0,0.0,-5,131.0
2082,127.0,0,112,0.0,0.0,-4,131.0
2083,128.0,0,112,0.0,0.0,-3,131.0
2084,129.0,0,112,0.0,0.0,-2,131.0
2085,130.0,0,112,0.0,0.0,-1,131.0
2086,131.0,1,112,2.0,0.0,0,131.0
2087,132.0,1,112,0.0,0.0,1,131.0
2088,133.0,1,112,1.0,0.0,2,131.0
2089,134.0,1,112,0.0,0.0,3,131.0
2090,135.0,1,112,0.0,0.0,4,131.0
2091,136.0,1,112,0.0,0.0,5,131.0
2092,137.0,1,112,0.0,0.0,6,131.0
2093,138.0,1,112,0.0,0.0,7,131.0
2094,139.0,1,112,0.0,0.0,8,131.0
2095,140.0,1,112,0.0,0.0,9,131.0
2096,141.0,1,112,0.0,0.0,10,131.0
2097,142.0,1,112,0.0,0.0,11,131.0
2098,143.0,1,112,0.0,0.0,12,131.0
2099,144.0,1,112,0.0,0.0,13,131.0
2100,268.0,0,113,0.0,0.0,-14,282.0
2101,269.0,0,113,1.0,0.0,-13,282.0
2102,270.0,0,113,0.0,0.0,-12,282.0
2103,271.0,0,113,0.0,0.0,-11,282.0
2104,272.0,0,113,0.0,0.0,-10,282.0
2105,273.0,0,113,0.0,0.0,-9,282.0
2106,274.0,0,113,1.0,0.0,-8,282.0
2107,275.0,0,113,0.0,0.0,-7,282.0
2108,276.0,0,113,1.0,1.0,-6,282.0
2109,277.0,0,113,0.0,0.0,-5,282.0
2110,278.0,0,113,0.0,1.0,-4,282.0
2111,279.0,0,113,0.0,1.0,-3,282.0
2112,280.0,0,113,0.0,0.0,-2,282.0
2113,281.0,0,113,0.0,0.0,-1,282.0
2114,282.0,1,113,0.0,0.0,0,282.0
2115,283.0,1,113,0.0,0.0,1,282.0
2116,284.0,1,113,0.0,0.0,2,282.0
2117,285.0,1,113,0.0,0.0,3,282.0
2118,286.0,1,113,0.0,0.0,4,282.0
2119,287.0,1,113,1.0,1.0,5,282.0
2120,288.0,1,113,0.0,0.0,6,282.0
2121,289.0,1,113,0.0,0.0,7,282.0
2122,290.0,1,113,0.0,0.0,8,282.0
2123,291.0,1,113,0.0,0.0,9,282.0
2124,292.0,1,113,0.0,0.0,10,282.0
2125,293.0,1,113,0.0,0.0,11,282.0
2126,294.0,1,113,0.0,0.0,12,282.0
2127,295.0,1,113,0.0,0.0,13,282.0
2128,294.0,0,115,0.0,0.0,-14,308.0
2129,295.0,0,115,2.0,1.0,-13,308.0
2130,296.0,0,115,2.0,0.0,-12,308.0
2131,297.0,0,115,0.0,1.0,-11,308.0
2132,298.0,0,115,1.0,0.0,-10,308.0
2133,299.0,0,115,1.0,1.0,-9,308.0
2134,300.0,0,115,2.0,5.0,-8,308.0
2135,301.0,0,115,1.0,3.0,-7,308.0
2136,302.0,0,115,1.0,0.0,-6,308.0
2137,303.0,0,115,2.0,0.0,-5,308.0
2138,304.0,0,115,4.0,4.0,-4,308.0
2139,305.0,0,115,0.0,2.0,-3,308.0
2140,306.0,0,115,2.0,0.0,-2,308.0
2141,307.0,0,115,1.0,1.0,-1,308.0
2142,308.0,1,115,70.0,5.0,0,308.0
2143,309.0,1,115,7.0,1.0,1,308.0
2144,310.0,1,115,10.0,1.0,2,308.0
2145,311.0,1,115,4.0,3.0,3,308.0
2146,312.0,1,115,1.0,1.0,4,308.0
2147,313.0,1,115,1.0,2.0,5,308.0
2148,314.0,1,115,3.0,0.0,6,308.0
2149,315.0,1,115,3.0,4.0,7,308.0
2150,316.0,1,115,11.0,8.0,8,308.0
2151,317.0,1,115,6.0,4.0,9,308.0
2152,318.0,1,115,12.0,2.0,10,308.0
2153,319.0,1,115,1.0,2.0,11,308.0
2154,320.0,1,115,2.0,2.0,12,308.0
2155,321.0,1,115,11.0,3.0,13,308.0
2156,41.0,0,117,436.0,4554.0,-14,55.0
2157,42.0,0,117,997.0,4253.0,-13,55.0
2158,43.0,0,117,484.0,3665.0,-12,55.0
2159,44.0,0,117,528.0,3779.0,-11,55.0
2160,45.0,0,117,332.0,2806.0,-10,55.0
2161,46.0,0,117,248.0,2263.0,-9,55.0
2162,47.0,0,117,357.0,2195.0,-8,55.0
2163,48.0,0,117,281.0,1755.0,-7,55.0
2164,49.0,0,117,210.0,1424.0,-6,55.0
2165,50.0,0,117,194.0,1268.0,-5,55.0
2166,51.0,0,117,190.0,1302.0,-4,55.0
2167,52.0,0,117,205.0,1334.0,-3,55.0
2168,53.0,0,117,236.0,1243.0,-2,55.0
2169,54.0,0,117,225.0,1323.0,-1,55.0
2170,55.0,1,117,197.0,997.0,0,55.0
2171,56.0,1,117,334.0,971.0,1,55.0
2172,57.0,1,117,240.0,1399.0,2,55.0
2173,58.0,1,117,242.0,1075.0,3,55.0
2174,59.0,1,117,218.0,898.0,4,55.0
2175,60.0,1,117,89.0,621.0,5,55.0
2176,61.0,1,117,73.0,624.0,6,55.0
2177,62.0,1,117,67.0,534.0,7,55.0
2178,63.0,1,117,48.0,441.0,8,55.0
2179,64.0,1,117,86.0,433.0,9,55.0
2180,65.0,1,117,58.0,419.0,10,55.0
2181,66.0,1,117,49.0,379.0,11,55.0
2182,67.0,1,117,37.0,376.0,12,55.0
2183,68.0,1,117,38.0,345.0,13,55.0
2184,214.0,0,118,7.0,8.0,-14,228.0
2185,215.0,0,118,37.0,29.0,-13,228.0
2186,216.0,0,118,124.0,129.0,-12,228.0
2187,217.0,0,118,53.0,38.0,-11,228.0
2188,218.0,0,118,8.0,7.0,-10,228.0
2189,219.0,0,118,5.0,7.0,-9,228.0
2190,220.0,0,118,13.0,11.0,-8,228.0
2191,221.0,0,118,6.0,13.0,-7,228.0
2192,222.0,0,118,6.0,10.0,-6,228.0
2193,223.0,0,118,11.0,8.0,-5,228.0
2194,224.0,0,118,4.0,2.0,-4,228.0
2195,225.0,0,118,10.0,10.0,-3,228.0
2196,226.0,0,118,24.0,12.0,-2,228.0
2197,227.0,0,118,293.0,226.0,-1,228.0
2198,228.0,1,118,610.0,630.0,0,228.0
2199,229.0,1,118,28.0,55.0,1,228.0
2200,230.0,1,118,10.0,15.0,2,228.0
2201,231.0,1,118,5.0,14.0,3,228.0
2202,232.0,1,118,7.0,11.0,4,228.0
2203,233.0,1,118,13.0,9.0,5,228.0
2204,234.0,1,118,39.0,24.0,6,228.0
2205,235.0,1,118,6.0,10.0,7,228.0
2206,236.0,1,118,4.0,3.0,8,228.0
2207,237.0,1,118,6.0,4.0,9,228.0
2208,238.0,1,118,7.0,7.0,10,228.0
2209,239.0,1,118,9.0,13.0,11,228.0
2210,240.0,1,118,20.0,18.0,12,228.0
2211,241.0,1,118,21.0,15.0,13,228.0
2212,175.0,0,119,14.0,16.0,-14,189.0
2213,176.0,0,119,7.0,7.0,-13,189.0
2214,177.0,0,119,24.0,25.0,-12,189.0
2215,178.0,0,119,8.0,8.0,-11,189.0
2216,179.0,0,119,7.0,15.0,-10,189.0
2217,180.0,0,119,45.0,39.0,-9,189.0
2218,181.0,0,119,13.0,12.0,-8,189.0
2219,182.0,0,119,20.0,25.0,-7,189.0
2220,183.0,0,119,14.0,17.0,-6,189.0
2221,184.0,0,119,37.0,49.0,-5,189.0
2222,185.0,0,119,126.0,95.0,-4,189.0
2223,186.0,0,119,22.0,20.0,-3,189.0
2224,187.0,0,119,21.0,13.0,-2,189.0
2225,188.0,0,119,46.0,79.0,-1,189.0
2226,189.0,1,119,27.0,35.0,0,189.0
2227,190.0,1,119,76.0,81.0,1,189.0
2228,191.0,1,119,21.0,25.0,2,189.0
2229,192.0,1,119,8.0,13.0,3,189.0
2230,193.0,1,119,23.0,19.0,4,189.0
2231,194.0,1,119,26.0,30.0,5,189.0
2232,195.0,1,119,9.0,18.0,6,189.0
2233,196.0,1,119,5.0,7.0,7,189.0
2234,197.0,1,119,3.0,7.0,8,189.0
2235,198.0,1,119,6.0,9.0,9,189.0
2236,199.0,1,119,1.0,5.0,10,189.0
2237,200.0,1,119,10.0,14.0,11,189.0
2238,201.0,1,119,6.0,11.0,12,189.0
2239,202.0,1,119,4.0,9.0,13,189.0
2240,310.0,0,120,0.0,0.0,-14,324.0
2241,311.0,0,120,0.0,0.0,-13,324.0
2242,312.0,0,120,0.0,0.0,-12,324.0
2243,313.0,0,120,0.0,0.0,-11,324.0
2244,314.0,0,120,0.0,0.0,-10,324.0
2245,315.0,0,120,0.0,0.0,-9,324.0
2246,316.0,0,120,0.0,0.0,-8,324.0
2247,317.0,0,120,0.0,0.0,-7,324.0
2248,318.0,0,120,0.0,0.0,-6,324.0
2249,319.0,0,120,0.0,0.0,-5,324.0
2250,320.0,0,120,0.0,0.0,-4,324.0
2251,321.0,0,120,0.0,0.0,-3,324.0
2252,322.0,0,120,0.0,0.0,-2,324.0
2253,323.0,0,120,60.0,75.0,-1,324.0
2254,324.0,1,120,126.0,150.0,0,324.0
2255,325.0,1,120,3.0,2.0,1,324.0
2256,326.0,1,120,2.0,2.0,2,324.0
2257,327.0,1,120,4.0,0.0,3,324.0
2258,328.0,1,120,1.0,0.0,4,324.0
2259,329.0,1,120,2.0,1.0,5,324.0
2260,330.0,1,120,0.0,1.0,6,324.0
2261,331.0,1,120,0.0,0.0,7,324.0
2262,332.0,1,120,0.0,1.0,8,324.0
2263,333.0,1,120,0.0,0.0,9,324.0
2264,334.0,1,120,2.0,0.0,10,324.0
2265,335.0,1,120,0.0,0.0,11,324.0
2266,336.0,1,120,1.0,0.0,12,324.0
2267,337.0,1,120,1.0,0.0,13,324.0
2268,237.0,0,123,50.0,164.0,-14,251.0
2269,238.0,0,123,11.0,57.0,-13,251.0
2270,239.0,0,123,8.0,31.0,-12,251.0
2271,240.0,0,123,7.0,33.0,-11,251.0
2272,241.0,0,123,5.0,26.0,-10,251.0
2273,242.0,0,123,8.0,47.0,-9,251.0
2274,243.0,0,123,7.0,40.0,-8,251.0
2275,244.0,0,123,8.0,38.0,-7,251.0
2276,245.0,0,123,5.0,40.0,-6,251.0
2277,246.0,0,123,10.0,36.0,-5,251.0
2278,247.0,0,123,7.0,54.0,-4,251.0
2279,248.0,0,123,24.0,59.0,-3,251.0
2280,249.0,0,123,8.0,36.0,-2,251.0
2281,250.0,0,123,128.0,294.0,-1,251.0
2282,251.0,1,123,31.0,112.0,0,251.0
2283,252.0,1,123,317.0,919.0,1,251.0
2284,253.0,1,123,66.0,246.0,2,251.0
2285,254.0,1,123,16.0,75.0,3,251.0
2286,255.0,1,123,7.0,45.0,4,251.0
2287,256.0,1,123,11.0,85.0,5,251.0
2288,257.0,1,123,10.0,66.0,6,251.0
2289,258.0,1,123,9.0,64.0,7,251.0
2290,259.0,1,123,6.0,51.0,8,251.0
2291,260.0,1,123,2.0,40.0,9,251.0
2292,261.0,1,123,3.0,35.0,10,251.0
2293,262.0,1,123,1.0,32.0,11,251.0
2294,263.0,1,123,8.0,47.0,12,251.0
2295,264.0,1,123,10.0,89.0,13,251.0
2296,163.0,0,124,202.0,416.0,-14,177.0
2297,164.0,0,124,26.0,67.0,-13,177.0
2298,165.0,0,124,28.0,62.0,-12,177.0
2299,166.0,0,124,34.0,60.0,-11,177.0
2300,167.0,0,124,696.0,1123.0,-10,177.0
2301,168.0,0,124,264.0,548.0,-9,177.0
2302,169.0,0,124,101.0,252.0,-8,177.0
2303,170.0,0,124,72.0,138.0,-7,177.0
2304,171.0,0,124,93.0,160.0,-6,177.0
2305,172.0,0,124,390.0,560.0,-5,177.0
2306,173.0,0,124,1127.0,2243.0,-4,177.0
2307,174.0,0,124,303.0,734.0,-3,177.0
2308,175.0,0,124,46.0,98.0,-2,177.0
2309,176.0,0,124,125.0,196.0,-1,177.0
2310,177.0,1,124,209.0,511.0,0,177.0
2311,178.0,1,124,75.0,214.0,1,177.0
2312,179.0,1,124,26.0,92.0,2,177.0
2313,180.0,1,124,51.0,83.0,3,177.0
2314,181.0,1,124,13.0,52.0,4,177.0
2315,182.0,1,124,32.0,88.0,5,177.0
2316,183.0,1,124,13.0,56.0,6,177.0
2317,184.0,1,124,7.0,21.0,7,177.0
2318,185.0,1,124,4.0,30.0,8,177.0
2319,186.0,1,124,10.0,40.0,9,177.0
2320,187.0,1,124,6.0,26.0,10,177.0
2321,188.0,1,124,9.0,36.0,11,177.0
2322,189.0,1,124,6.0,23.0,12,177.0
2323,190.0,1,124,4.0,17.0,13,177.0
2324,297.0,0,126,3.0,3.0,-14,311.0
2325,298.0,0,126,0.0,0.0,-13,311.0
2326,299.0,0,126,1.0,3.0,-12,311.0
2327,300.0,0,126,2.0,2.0,-11,311.0
2328,301.0,0,126,1.0,1.0,-10,311.0
2329,302.0,0,126,1.0,5.0,-9,311.0
2330,303.0,0,126,3.0,3.0,-8,311.0
2331,304.0,0,126,2.0,17.0,-7,311.0
2332,305.0,0,126,2.0,14.0,-6,311.0
2333,306.0,0,126,2.0,5.0,-5,311.0
2334,307.0,0,126,6.0,7.0,-4,311.0
2335,308.0,0,126,3.0,9.0,-3,311.0
2336,309.0,0,126,10.0,13.0,-2,311.0
2337,310.0,0,126,8.0,6.0,-1,311.0
2338,311.0,1,126,19.0,6.0,0,311.0
2339,312.0,1,126,14.0,7.0,1,311.0
2340,313.0,1,126,2.0,4.0,2,311.0
2341,314.0,1,126,6.0,6.0,3,311.0
2342,315.0,1,126,0.0,5.0,4,311.0
2343,316.0,1,126,20.0,24.0,5,311.0
2344,317.0,1,126,7.0,6.0,6,311.0
2345,318.0,1,126,0.0,7.0,7,311.0
2346,319.0,1,126,1.0,6.0,8,311.0
2347,320.0,1,126,0.0,6.0,9,311.0
2348,321.0,1,126,9.0,16.0,10,311.0
2349,322.0,1,126,5.0,2.0,11,311.0
2350,323.0,1,126,2.0,1.0,12,311.0
2351,324.0,1,126,1.0,1.0,13,311.0
2352,122.0,0,127,130.0,116.0,-14,136.0
2353,123.0,0,127,110.0,133.0,-13,136.0
2354,124.0,0,127,59.0,81.0,-12,136.0
2355,125.0,0,127,74.0,90.0,-11,136.0
2356,126.0,0,127,59.0,85.0,-10,136.0
2357,127.0,0,127,59.0,115.0,-9,136.0
2358,128.0,0,127,59.0,74.0,-8,136.0
2359,129.0,0,127,25.0,48.0,-7,136.0
2360,130.0,0,127,116.0,89.0,-6,136.0
2361,131.0,0,127,134.0,92.0,-5,136.0
2362,132.0,0,127,57.0,70.0,-4,136.0
2363,133.0,0,127,88.0,112.0,-3,136.0
2364,134.0,0,127,75.0,82.0,-2,136.0
2365,135.0,0,127,118.0,126.0,-1,136.0
2366,136.0,1,127,127.0,99.0,0,136.0
2367,137.0,1,127,34.0,59.0,1,136.0
2368,138.0,1,127,68.0,108.0,2,136.0
2369,139.0,1,127,955.0,754.0,3,136.0
2370,140.0,1,127,498.0,539.0,4,136.0
2371,141.0,1,127,159.0,233.0,5,136.0
2372,142.0,1,127,67.0,92.0,6,136.0
2373,143.0,1,127,63.0,92.0,7,136.0
2374,144.0,1,127,78.0,96.0,8,136.0
2375,145.0,1,127,70.0,92.0,9,136.0
2376,146.0,1,127,114.0,116.0,10,136.0
2377,147.0,1,127,56.0,77.0,11,136.0
2378,148.0,1,127,30.0,56.0,12,136.0
2379,149.0,1,127,19.0,50.0,13,136.0
2380,73.0,0,128,28.0,21.0,-14,87.0
2381,74.0,0,128,29.0,18.0,-13,87.0
2382,75.0,0,128,37.0,20.0,-12,87.0
2383,76.0,0,128,33.0,48.0,-11,87.0
2384,77.0,0,128,29.0,37.0,-10,87.0
2385,78.0,0,128,19.0,14.0,-9,87.0
2386,79.0,0,128,22.0,17.0,-8,87.0
2387,80.0,0,128,24.0,13.0,-7,87.0
2388,81.0,0,128,26.0,35.0,-6,87.0
2389,82.0,0,128,17.0,18.0,-5,87.0
2390,83.0,0,128,68.0,39.0,-4,87.0
2391,84.0,0,128,33.0,21.0,-3,87.0
2392,85.0,0,128,20.0,21.0,-2,87.0
2393,86.0,0,128,17.0,14.0,-1,87.0
2394,87.0,1,128,46.0,28.0,0,87.0
2395,88.0,1,128,57.0,53.0,1,87.0
2396,89.0,1,128,343.0,170.0,2,87.0
2397,90.0,1,128,190.0,129.0,3,87.0
2398,91.0,1,128,74.0,54.0,4,87.0
2399,92.0,1,128,29.0,28.0,5,87.0
2400,93.0,1,128,18.0,45.0,6,87.0
2401,94.0,1,128,48.0,53.0,7,87.0
2402,95.0,1,128,26.0,60.0,8,87.0
2403,96.0,1,128,10.0,27.0,9,87.0
2404,97.0,1,128,10.0,29.0,10,87.0
2405,98.0,1,128,17.0,51.0,11,87.0
2406,99.0,1,128,15.0,37.0,12,87.0
2407,100.0,1,128,13.0,43.0,13,87.0
2408,167.0,0,129,8.0,4.0,-14,181.0
2409,168.0,0,129,10.0,6.0,-13,181.0
2410,169.0,0,129,7.0,4.0,-12,181.0
2411,170.0,0,129,3.0,5.0,-11,181.0
2412,171.0,0,129,4.0,2.0,-10,181.0
2413,172.0,0,129,3.0,2.0,-9,181.0
2414,173.0,0,129,2.0,2.0,-8,181.0
2415,174.0,0,129,2.0,3.0,-7,181.0
2416,175.0,0,129,9.0,3.0,-6,181.0
2417,176.0,0,129,8.0,6.0,-5,181.0
2418,177.0,0,129,5.0,3.0,-4,181.0
2419,178.0,0,129,11.0,11.0,-3,181.0
2420,179.0,0,129,1.0,2.0,-2,181.0
2421,180.0,0,129,66.0,44.0,-1,181.0
2422,181.0,1,129,210.0,76.0,0,181.0
2423,182.0,1,129,12.0,5.0,1,181.0
2424,183.0,1,129,1.0,4.0,2,181.0
2425,184.0,1,129,2.0,3.0,3,181.0
2426,185.0,1,129,0.0,0.0,4,181.0
2427,186.0,1,129,2.0,6.0,5,181.0
2428,187.0,1,129,11.0,18.0,6,181.0
2429,188.0,1,129,1.0,3.0,7,181.0
2430,189.0,1,129,2.0,2.0,8,181.0
2431,190.0,1,129,1.0,2.0,9,181.0
2432,191.0,1,129,4.0,1.0,10,181.0
2433,192.0,1,129,5.0,2.0,11,181.0
2434,193.0,1,129,9.0,7.0,12,181.0
2435,194.0,1,129,2.0,3.0,13,181.0
2436,136.0,0,131,42.0,31.0,-14,150.0
2437,137.0,0,131,80.0,116.0,-13,150.0
2438,138.0,0,131,105.0,134.0,-12,150.0
2439,139.0,0,131,6.0,20.0,-11,150.0
2440,140.0,0,131,187.0,172.0,-10,150.0
2441,141.0,0,131,110.0,151.0,-9,150.0
2442,142.0,0,131,147.0,195.0,-8,150.0
2443,143.0,0,131,257.0,469.0,-7,150.0
2444,144.0,0,131,175.0,248.0,-6,150.0
2445,145.0,0,131,57.0,59.0,-5,150.0
2446,146.0,0,131,23.0,51.0,-4,150.0
2447,147.0,0,131,50.0,87.0,-3,150.0
2448,148.0,0,131,73.0,87.0,-2,150.0
2449,149.0,0,131,29.0,32.0,-1,150.0
2450,150.0,1,131,111.0,120.0,0,150.0
2451,151.0,1,131,57.0,105.0,1,150.0
2452,152.0,1,131,63.0,103.0,2,150.0
2453,153.0,1,131,57.0,65.0,3,150.0
2454,154.0,1,131,10.0,34.0,4,150.0
2455,155.0,1,131,18.0,36.0,5,150.0
2456,156.0,1,131,38.0,109.0,6,150.0
2457,157.0,1,131,27.0,97.0,7,150.0
2458,158.0,1,131,40.0,145.0,8,150.0
2459,159.0,1,131,38.0,116.0,9,150.0
2460,160.0,1,131,53.0,55.0,10,150.0
2461,161.0,1,131,62.0,79.0,11,150.0
2462,162.0,1,131,47.0,61.0,12,150.0
2463,163.0,1,131,10.0,25.0,13,150.0
2464,234.0,0,132,0.0,0.0,-14,248.0
2465,235.0,0,132,0.0,0.0,-13,248.0
2466,236.0,0,132,0.0,0.0,-12,248.0
2467,237.0,0,132,0.0,0.0,-11,248.0
2468,238.0,0,132,0.0,0.0,-10,248.0
2469,239.0,0,132,0.0,0.0,-9,248.0
2470,240.0,0,132,0.0,0.0,-8,248.0
2471,241.0,0,132,0.0,0.0,-7,248.0
2472,242.0,0,132,0.0,0.0,-6,248.0
2473,243.0,0,132,0.0,0.0,-5,248.0
2474,244.0,0,132,0.0,0.0,-4,248.0
2475,245.0,0,132,0.0,0.0,-3,248.0
2476,246.0,0,132,0.0,0.0,-2,248.0
2477,247.0,0,132,1.0,0.0,-1,248.0
2478,248.0,1,132,1.0,0.0,0,248.0
2479,249.0,1,132,0.0,0.0,1,248.0
2480,250.0,1,132,0.0,0.0,2,248.0
2481,251.0,1,132,0.0,0.0,3,248.0
2482,252.0,1,132,0.0,0.0,4,248.0
2483,253.0,1,132,0.0,0.0,5,248.0
2484,254.0,1,132,1.0,0.0,6,248.0
2485,255.0,1,132,0.0,0.0,7,248.0
2486,256.0,1,132,0.0,0.0,8,248.0
2487,257.0,1,132,0.0,0.0,9,248.0
2488,258.0,1,132,0.0,0.0,10,248.0
2489,259.0,1,132,0.0,0.0,11,248.0
2490,260.0,1,132,0.0,0.0,12,248.0
2491,261.0,1,132,1.0,0.0,13,248.0
2492,167.0,0,134,0.0,0.0,-14,181.0
2493,168.0,0,134,0.0,0.0,-13,181.0
2494,169.0,0,134,0.0,1.0,-12,181.0
2495,170.0,0,134,0.0,0.0,-11,181.0
2496,171.0,0,134,1.0,0.0,-10,181.0
2497,172.0,0,134,57762.0,125511.0,-9,181.0
2498,173.0,0,134,7918.0,25932.0,-8,181.0
2499,174.0,0,134,1010.0,2971.0,-7,181.0
2500,175.0,0,134,345.0,1227.0,-6,181.0
2501,176.0,0,134,360.0,833.0,-5,181.0
2502,177.0,0,134,206.0,722.0,-4,181.0
2503,178.0,0,134,379.0,714.0,-3,181.0
2504,179.0,0,134,279.0,1049.0,-2,181.0
2505,180.0,0,134,342.0,620.0,-1,181.0
2506,181.0,1,134,1368.0,2896.0,0,181.0
2507,182.0,1,134,392.0,1042.0,1,181.0
2508,183.0,1,134,232.0,613.0,2,181.0
2509,184.0,1,134,591.0,686.0,3,181.0
2510,185.0,1,134,238.0,549.0,4,181.0
2511,186.0,1,134,289.0,683.0,5,181.0
2512,187.0,1,134,195.0,599.0,6,181.0
2513,188.0,1,134,1903.0,5132.0,7,181.0
2514,189.0,1,134,284.0,1153.0,8,181.0
2515,190.0,1,134,173.0,626.0,9,181.0
2516,191.0,1,134,202.0,628.0,10,181.0
2517,192.0,1,134,328.0,786.0,11,181.0
2518,193.0,1,134,266.0,847.0,12,181.0
2519,194.0,1,134,75.0,385.0,13,181.0
2520,21.0,0,135,0.0,12.0,-14,35.0
2521,22.0,0,135,0.0,9.0,-13,35.0
2522,23.0,0,135,2.0,8.0,-12,35.0
2523,24.0,0,135,0.0,11.0,-11,35.0
2524,25.0,0,135,0.0,7.0,-10,35.0
2525,26.0,0,135,2.0,22.0,-9,35.0
2526,27.0,0,135,7.0,86.0,-8,35.0
2527,28.0,0,135,16.0,152.0,-7,35.0
2528,29.0,0,135,31.0,184.0,-6,35.0
2529,30.0,0,135,30.0,184.0,-5,35.0
2530,31.0,0,135,260.0,625.0,-4,35.0
2531,32.0,0,135,288.0,903.0,-3,35.0
2532,33.0,0,135,479.0,1815.0,-2,35.0
2533,34.0,0,135,733.0,2805.0,-1,35.0
2534,35.0,1,135,1122.0,7606.0,0,35.0
2535,36.0,1,135,390.0,3890.0,1,35.0
2536,37.0,1,135,201.0,2657.0,2,35.0
2537,38.0,1,135,212.0,1896.0,3,35.0
2538,39.0,1,135,98.0,1284.0,4,35.0
2539,40.0,1,135,80.0,1238.0,5,35.0
2540,41.0,1,135,98.0,1341.0,6,35.0
2541,42.0,1,135,205.0,1617.0,7,35.0
2542,43.0,1,135,73.0,1026.0,8,35.0
2543,44.0,1,135,34.0,578.0,9,35.0
2544,45.0,1,135,67.0,1127.0,10,35.0
2545,46.0,1,135,200.0,2294.0,11,35.0
2546,47.0,1,135,181.0,2760.0,12,35.0
2547,48.0,1,135,267.0,3525.0,13,35.0
2548,131.0,0,136,6.0,18.0,-14,145.0
2549,132.0,0,136,8.0,22.0,-13,145.0
2550,133.0,0,136,20.0,27.0,-12,145.0
2551,134.0,0,136,8.0,18.0,-11,145.0
2552,135.0,0,136,14.0,17.0,-10,145.0
2553,136.0,0,136,11.0,9.0,-9,145.0
2554,137.0,0,136,87.0,103.0,-8,145.0
2555,138.0,0,136,184.0,203.0,-7,145.0
2556,139.0,0,136,76.0,90.0,-6,145.0
2557,140.0,0,136,23.0,10.0,-5,145.0
2558,141.0,0,136,10.0,18.0,-4,145.0
2559,142.0,0,136,15.0,17.0,-3,145.0
2560,143.0,0,136,53.0,44.0,-2,145.0
2561,144.0,0,136,55.0,54.0,-1,145.0
2562,145.0,1,136,40.0,39.0,0,145.0
2563,146.0,1,136,60.0,69.0,1,145.0
2564,147.0,1,136,69.0,68.0,2,145.0
2565,148.0,1,136,38.0,33.0,3,145.0
2566,149.0,1,136,18.0,24.0,4,145.0
2567,150.0,1,136,18.0,21.0,5,145.0
2568,151.0,1,136,39.0,45.0,6,145.0
2569,152.0,1,136,124.0,84.0,7,145.0
2570,153.0,1,136,46.0,49.0,8,145.0
2571,154.0,1,136,29.0,34.0,9,145.0
2572,155.0,1,136,33.0,49.0,10,145.0
2573,156.0,1,136,38.0,42.0,11,145.0
2574,157.0,1,136,17.0,22.0,12,145.0
2575,158.0,1,136,33.0,23.0,13,145.0
2576,117.0,0,137,0.0,0.0,-14,131.0
2577,118.0,0,137,0.0,0.0,-13,131.0
2578,119.0,0,137,0.0,0.0,-12,131.0
2579,120.0,0,137,0.0,0.0,-11,131.0
2580,121.0,0,137,0.0,0.0,-10,131.0
2581,122.0,0,137,0.0,0.0,-9,131.0
2582,123.0,0,137,0.0,0.0,-8,131.0
2583,124.0,0,137,1.0,0.0,-7,131.0
2584,125.0,0,137,0.0,0.0,-6,131.0
2585,126.0,0,137,0.0,0.0,-5,131.0
2586,127.0,0,137,0.0,0.0,-4,131.0
2587,128.0,0,137,1.0,0.0,-3,131.0
2588,129.0,0,137,0.0,0.0,-2,131.0
2589,130.0,0,137,0.0,0.0,-1,131.0
2590,131.0,1,137,0.0,0.0,0,131.0
2591,132.0,1,137,0.0,1.0,1,131.0
2592,133.0,1,137,0.0,0.0,2,131.0
2593,134.0,1,137,0.0,1.0,3,131.0
2594,135.0,1,137,1.0,1.0,4,131.0
2595,136.0,1,137,1.0,0.0,5,131.0
2596,137.0,1,137,0.0,0.0,6,131.0
2597,138.0,1,137,0.0,2.0,7,131.0
2598,139.0,1,137,0.0,0.0,8,131.0
2599,140.0,1,137,0.0,0.0,9,131.0
2600,141.0,1,137,0.0,0.0,10,131.0
2601,142.0,1,137,0.0,0.0,11,131.0
2602,143.0,1,137,0.0,0.0,12,131.0
2603,144.0,1,137,0.0,0.0,13,131.0
2604,38.0,0,140,25.0,276.0,-14,52.0
2605,39.0,0,140,93.0,702.0,-13,52.0
2606,40.0,0,140,201.0,1407.0,-12,52.0
2607,41.0,0,140,268.0,1235.0,-11,52.0
2608,42.0,0,140,181.0,1028.0,-10,52.0
2609,43.0,0,140,245.0,1133.0,-9,52.0
2610,44.0,0,140,245.0,900.0,-8,52.0
2611,45.0,0,140,157.0,850.0,-7,52.0
2612,46.0,0,140,90.0,582.0,-6,52.0
2613,47.0,0,140,108.0,524.0,-5,52.0
2614,48.0,0,140,107.0,437.0,-4,52.0
2615,49.0,0,140,55.0,340.0,-3,52.0
2616,50.0,0,140,52.0,242.0,-2,52.0
2617,51.0,0,140,63.0,216.0,-1,52.0
2618,52.0,1,140,150.0,310.0,0,52.0
2619,53.0,1,140,51.0,220.0,1,52.0
2620,54.0,1,140,62.0,270.0,2,52.0
2621,55.0,1,140,50.0,253.0,3,52.0
2622,56.0,1,140,29.0,162.0,4,52.0
2623,57.0,1,140,279.0,697.0,5,52.0
2624,58.0,1,140,183.0,521.0,6,52.0
2625,59.0,1,140,132.0,332.0,7,52.0
2626,60.0,1,140,67.0,200.0,8,52.0
2627,61.0,1,140,13.0,111.0,9,52.0
2628,62.0,1,140,26.0,162.0,10,52.0
2629,63.0,1,140,21.0,130.0,11,52.0
2630,64.0,1,140,22.0,87.0,12,52.0
2631,65.0,1,140,17.0,65.0,13,52.0
2632,87.0,0,141,49.0,38.0,-14,101.0
2633,88.0,0,141,26.0,42.0,-13,101.0
2634,89.0,0,141,192.0,175.0,-12,101.0
2635,90.0,0,141,74.0,95.0,-11,101.0
2636,91.0,0,141,41.0,45.0,-10,101.0
2637,92.0,0,141,61.0,59.0,-9,101.0
2638,93.0,0,141,55.0,81.0,-8,101.0
2639,94.0,0,141,55.0,61.0,-7,101.0
2640,95.0,0,141,25.0,48.0,-6,101.0
2641,96.0,0,141,37.0,42.0,-5,101.0
2642,97.0,0,141,24.0,39.0,-4,101.0
2643,98.0,0,141,26.0,44.0,-3,101.0
2644,99.0,0,141,33.0,58.0,-2,101.0
2645,100.0,0,141,90.0,75.0,-1,101.0
2646,101.0,1,141,81.0,155.0,0,101.0
2647,102.0,1,141,50.0,148.0,1,101.0
2648,103.0,1,141,104.0,213.0,2,101.0
2649,104.0,1,141,87.0,179.0,3,101.0
2650,105.0,1,141,23.0,83.0,4,101.0
2651,106.0,1,141,111.0,148.0,5,101.0
2652,107.0,1,141,38.0,80.0,6,101.0
2653,108.0,1,141,66.0,149.0,7,101.0
2654,109.0,1,141,34.0,67.0,8,101.0
2655,110.0,1,141,39.0,93.0,9,101.0
2656,111.0,1,141,56.0,92.0,10,101.0
2657,112.0,1,141,71.0,61.0,11,101.0
2658,113.0,1,141,48.0,85.0,12,101.0
2659,114.0,1,141,38.0,79.0,13,101.0
2660,126.0,0,142,25.0,102.0,-14,140.0
2661,127.0,0,142,88.0,156.0,-13,140.0
2662,128.0,0,142,21.0,122.0,-12,140.0
2663,129.0,0,142,53.0,114.0,-11,140.0
2664,130.0,0,142,26.0,76.0,-10,140.0
2665,131.0,0,142,27.0,90.0,-9,140.0
2666,132.0,0,142,26.0,89.0,-8,140.0
2667,133.0,0,142,46.0,114.0,-7,140.0
2668,134.0,0,142,21.0,81.0,-6,140.0
2669,135.0,0,142,25.0,78.0,-5,140.0
2670,136.0,0,142,47.0,121.0,-4,140.0
2671,137.0,0,142,24.0,93.0,-3,140.0
2672,138.0,0,142,23.0,95.0,-2,140.0
2673,139.0,0,142,229.0,332.0,-1,140.0
2674,140.0,1,142,376.0,390.0,0,140.0
2675,141.0,1,142,104.0,173.0,1,140.0
2676,142.0,1,142,36.0,127.0,2,140.0
2677,143.0,1,142,41.0,138.0,3,140.0
2678,144.0,1,142,17.0,87.0,4,140.0
2679,145.0,1,142,15.0,65.0,5,140.0
2680,146.0,1,142,34.0,84.0,6,140.0
2681,147.0,1,142,47.0,135.0,7,140.0
2682,148.0,1,142,28.0,85.0,8,140.0
2683,149.0,1,142,15.0,53.0,9,140.0
2684,150.0,1,142,37.0,70.0,10,140.0
2685,151.0,1,142,33.0,116.0,11,140.0
2686,152.0,1,142,26.0,125.0,12,140.0
2687,153.0,1,142,163.0,211.0,13,140.0
2688,104.0,0,143,6.0,8.0,-14,118.0
2689,105.0,0,143,2.0,1.0,-13,118.0
2690,106.0,0,143,1.0,2.0,-12,118.0
2691,107.0,0,143,3.0,1.0,-11,118.0
2692,108.0,0,143,1.0,0.0,-10,118.0
2693,109.0,0,143,4.0,1.0,-9,118.0
2694,110.0,0,143,0.0,1.0,-8,118.0
2695,111.0,0,143,2.0,1.0,-7,118.0
2696,112.0,0,143,20.0,54.0,-6,118.0
2697,113.0,0,143,3.0,1.0,-5,118.0
2698,114.0,0,143,1.0,0.0,-4,118.0
2699,115.0,0,143,3.0,1.0,-3,118.0
2700,116.0,0,143,3.0,10.0,-2,118.0
2701,117.0,0,143,174.0,262.0,-1,118.0
2702,118.0,1,143,829.0,2042.0,0,118.0
2703,119.0,1,143,63.0,183.0,1,118.0
2704,120.0,1,143,21.0,53.0,2,118.0
2705,121.0,1,143,17.0,62.0,3,118.0
2706,122.0,1,143,21.0,32.0,4,118.0
2707,123.0,1,143,6.0,22.0,5,118.0
2708,124.0,1,143,10.0,27.0,6,118.0
2709,125.0,1,143,16.0,26.0,7,118.0
2710,126.0,1,143,5.0,10.0,8,118.0
2711,127.0,1,143,7.0,33.0,9,118.0
2712,128.0,1,143,10.0,17.0,10,118.0
2713,129.0,1,143,14.0,18.0,11,118.0
2714,130.0,1,143,401.0,561.0,12,118.0
2715,131.0,1,143,122.0,229.0,13,118.0
2716,182.0,0,144,5.0,17.0,-14,196.0
2717,183.0,0,144,92.0,66.0,-13,196.0
2718,184.0,0,144,41.0,27.0,-12,196.0
2719,185.0,0,144,16.0,7.0,-11,196.0
2720,186.0,0,144,9.0,9.0,-10,196.0
2721,187.0,0,144,34.0,30.0,-9,196.0
2722,188.0,0,144,15.0,22.0,-8,196.0
2723,189.0,0,144,13.0,18.0,-7,196.0
2724,190.0,0,144,24.0,21.0,-6,196.0
2725,191.0,0,144,6.0,9.0,-5,196.0
2726,192.0,0,144,4.0,9.0,-4,196.0
2727,193.0,0,144,8.0,12.0,-3,196.0
2728,194.0,0,144,14.0,15.0,-2,196.0
2729,195.0,0,144,16.0,18.0,-1,196.0
2730,196.0,1,144,59.0,44.0,0,196.0
2731,197.0,1,144,13.0,14.0,1,196.0
2732,198.0,1,144,6.0,7.0,2,196.0
2733,199.0,1,144,2.0,4.0,3,196.0
2734,200.0,1,144,3.0,5.0,4,196.0
2735,201.0,1,144,6.0,7.0,5,196.0
2736,202.0,1,144,6.0,5.0,6,196.0
2737,203.0,1,144,1.0,5.0,7,196.0
2738,204.0,1,144,2.0,2.0,8,196.0
2739,205.0,1,144,1.0,8.0,9,196.0
2740,206.0,1,144,12.0,11.0,10,196.0
2741,207.0,1,144,4.0,6.0,11,196.0
2742,208.0,1,144,4.0,7.0,12,196.0
2743,209.0,1,144,2.0,2.0,13,196.0
2744,80.0,0,145,18.0,8.0,-14,94.0
2745,81.0,0,145,12.0,8.0,-13,94.0
2746,82.0,0,145,5.0,8.0,-12,94.0
2747,83.0,0,145,10.0,7.0,-11,94.0
2748,84.0,0,145,6.0,5.0,-10,94.0
2749,85.0,0,145,14.0,16.0,-9,94.0
2750,86.0,0,145,21.0,10.0,-8,94.0
2751,87.0,0,145,35.0,21.0,-7,94.0
2752,88.0,0,145,17.0,18.0,-6,94.0
2753,89.0,0,145,284.0,114.0,-5,94.0
2754,90.0,0,145,181.0,86.0,-4,94.0
2755,91.0,0,145,190.0,81.0,-3,94.0
2756,92.0,0,145,96.0,53.0,-2,94.0
2757,93.0,0,145,357.0,133.0,-1,94.0
2758,94.0,1,145,590.0,231.0,0,94.0
2759,95.0,1,145,347.0,170.0,1,94.0
2760,96.0,1,145,480.0,176.0,2,94.0
2761,97.0,1,145,95.0,61.0,3,94.0
2762,98.0,1,145,55.0,43.0,4,94.0
2763,99.0,1,145,356.0,169.0,5,94.0
2764,100.0,1,145,1567.0,1115.0,6,94.0
2765,101.0,1,145,326.0,291.0,7,94.0
2766,102.0,1,145,116.0,96.0,8,94.0
2767,103.0,1,145,75.0,90.0,9,94.0
2768,104.0,1,145,62.0,68.0,10,94.0
2769,105.0,1,145,60.0,91.0,11,94.0
2770,106.0,1,145,44.0,66.0,12,94.0
2771,107.0,1,145,28.0,46.0,13,94.0
2772,76.0,0,146,498.0,959.0,-14,90.0
2773,77.0,0,146,104.0,145.0,-13,90.0
2774,78.0,0,146,61.0,97.0,-12,90.0
2775,79.0,0,146,365.0,682.0,-11,90.0
2776,80.0,0,146,1542.0,2319.0,-10,90.0
2777,81.0,0,146,72.0,110.0,-9,90.0
2778,82.0,0,146,99.0,112.0,-8,90.0
2779,83.0,0,146,314.0,463.0,-7,90.0
2780,84.0,0,146,37.0,61.0,-6,90.0
2781,85.0,0,146,27.0,46.0,-5,90.0
2782,86.0,0,146,36.0,55.0,-4,90.0
2783,87.0,0,146,210.0,434.0,-3,90.0
2784,88.0,0,146,34.0,79.0,-2,90.0
2785,89.0,0,146,521.0,1110.0,-1,90.0
2786,90.0,1,146,295.0,645.0,0,90.0
2787,91.0,1,146,50.0,112.0,1,90.0
2788,92.0,1,146,23.0,90.0,2,90.0
2789,93.0,1,146,109.0,247.0,3,90.0
2790,94.0,1,146,325.0,704.0,4,90.0
2791,95.0,1,146,59.0,174.0,5,90.0
2792,96.0,1,146,24.0,118.0,6,90.0
2793,97.0,1,146,15.0,164.0,7,90.0
2794,98.0,1,146,25.0,104.0,8,90.0
2795,99.0,1,146,22.0,90.0,9,90.0
2796,100.0,1,146,431.0,1423.0,10,90.0
2797,101.0,1,146,60.0,358.0,11,90.0
2798,102.0,1,146,240.0,1236.0,12,90.0
2799,103.0,1,146,68.0,366.0,13,90.0
2800,41.0,0,147,200.0,1323.0,-14,55.0
2801,42.0,0,147,135.0,856.0,-13,55.0
2802,43.0,0,147,156.0,730.0,-12,55.0
2803,44.0,0,147,211.0,926.0,-11,55.0
2804,45.0,0,147,161.0,785.0,-10,55.0
2805,46.0,0,147,104.0,395.0,-9,55.0
2806,47.0,0,147,85.0,336.0,-8,55.0
2807,48.0,0,147,118.0,376.0,-7,55.0
2808,49.0,0,147,169.0,431.0,-6,55.0
2809,50.0,0,147,216.0,648.0,-5,55.0
2810,51.0,0,147,258.0,735.0,-4,55.0
2811,52.0,0,147,212.0,656.0,-3,55.0
2812,53.0,0,147,127.0,306.0,-2,55.0
2813,54.0,0,147,159.0,393.0,-1,55.0
2814,55.0,1,147,107.0,250.0,0,55.0
2815,56.0,1,147,88.0,304.0,1,55.0
2816,57.0,1,147,194.0,521.0,2,55.0
2817,58.0,1,147,277.0,592.0,3,55.0
2818,59.0,1,147,333.0,666.0,4,55.0
2819,60.0,1,147,106.0,263.0,5,55.0
2820,61.0,1,147,50.0,199.0,6,55.0
2821,62.0,1,147,88.0,227.0,7,55.0
2822,63.0,1,147,63.0,160.0,8,55.0
2823,64.0,1,147,53.0,165.0,9,55.0
2824,65.0,1,147,43.0,194.0,10,55.0
2825,66.0,1,147,48.0,202.0,11,55.0
2826,67.0,1,147,43.0,143.0,12,55.0
2827,68.0,1,147,37.0,155.0,13,55.0
2828,16.0,0,148,0.0,0.0,-14,30.0
2829,17.0,0,148,0.0,0.0,-13,30.0
2830,18.0,0,148,0.0,0.0,-12,30.0
2831,19.0,0,148,0.0,0.0,-11,30.0
2832,20.0,0,148,0.0,0.0,-10,30.0
2833,21.0,0,148,0.0,0.0,-9,30.0
2834,22.0,0,148,0.0,0.0,-8,30.0
2835,23.0,0,148,0.0,0.0,-7,30.0
2836,24.0,0,148,0.0,0.0,-6,30.0
2837,25.0,0,148,0.0,1.0,-5,30.0
2838,26.0,0,148,0.0,0.0,-4,30.0
2839,27.0,0,148,0.0,5.0,-3,30.0
2840,28.0,0,148,0.0,4.0,-2,30.0
2841,29.0,0,148,0.0,40.0,-1,30.0
2842,30.0,1,148,14.0,226.0,0,30.0
2843,31.0,1,148,1.0,138.0,1,30.0
2844,32.0,1,148,1.0,132.0,2,30.0
2845,33.0,1,148,3.0,301.0,3,30.0
2846,34.0,1,148,1.0,208.0,4,30.0
2847,35.0,1,148,0.0,155.0,5,30.0
2848,36.0,1,148,0.0,113.0,6,30.0
2849,37.0,1,148,1.0,121.0,7,30.0
2850,38.0,1,148,5.0,176.0,8,30.0
2851,39.0,1,148,0.0,95.0,9,30.0
2852,40.0,1,148,0.0,37.0,10,30.0
2853,41.0,1,148,1.0,68.0,11,30.0
2854,42.0,1,148,0.0,37.0,12,30.0
2855,43.0,1,148,0.0,25.0,13,30.0
2856,165.0,0,149,9.0,53.0,-14,179.0
2857,166.0,0,149,8.0,37.0,-13,179.0
2858,167.0,0,149,4.0,36.0,-12,179.0
2859,168.0,0,149,9.0,32.0,-11,179.0
2860,169.0,0,149,10.0,32.0,-10,179.0
2861,170.0,0,149,11.0,39.0,-9,179.0
2862,171.0,0,149,30.0,76.0,-8,179.0
2863,172.0,0,149,31.0,51.0,-7,179.0
2864,173.0,0,149,10.0,51.0,-6,179.0
2865,174.0,0,149,13.0,55.0,-5,179.0
2866,175.0,0,149,13.0,67.0,-4,179.0
2867,176.0,0,149,5.0,50.0,-3,179.0
2868,177.0,0,149,12.0,49.0,-2,179.0
2869,178.0,0,149,812.0,1142.0,-1,179.0
2870,179.0,1,149,2003.0,3619.0,0,179.0
2871,180.0,1,149,115.0,336.0,1,179.0
2872,181.0,1,149,26.0,113.0,2,179.0
2873,182.0,1,149,18.0,82.0,3,179.0
2874,183.0,1,149,20.0,46.0,4,179.0
2875,184.0,1,149,14.0,37.0,5,179.0
2876,185.0,1,149,238.0,227.0,6,179.0
2877,186.0,1,149,388.0,555.0,7,179.0
2878,187.0,1,149,74.0,154.0,8,179.0
2879,188.0,1,149,47.0,136.0,9,179.0
2880,189.0,1,149,14.0,95.0,10,179.0
2881,190.0,1,149,37.0,58.0,11,179.0
2882,191.0,1,149,22.0,36.0,12,179.0
2883,192.0,1,149,77.0,128.0,13,179.0
2884,129.0,0,150,67.0,84.0,-14,143.0
2885,130.0,0,150,102.0,111.0,-13,143.0
2886,131.0,0,150,50.0,62.0,-12,143.0
2887,132.0,0,150,41.0,56.0,-11,143.0
2888,133.0,0,150,28.0,45.0,-10,143.0
2889,134.0,0,150,29.0,39.0,-9,143.0
2890,135.0,0,150,37.0,39.0,-8,143.0
2891,136.0,0,150,44.0,54.0,-7,143.0
2892,137.0,0,150,23.0,31.0,-6,143.0
2893,138.0,0,150,25.0,36.0,-5,143.0
2894,139.0,0,150,79.0,97.0,-4,143.0
2895,140.0,0,150,84.0,111.0,-3,143.0
2896,141.0,0,150,204.0,183.0,-2,143.0
2897,142.0,0,150,31.0,36.0,-1,143.0
2898,143.0,1,150,87.0,54.0,0,143.0
2899,144.0,1,150,118.0,108.0,1,143.0
2900,145.0,1,150,159.0,137.0,2,143.0
2901,146.0,1,150,66.0,88.0,3,143.0
2902,147.0,1,150,54.0,54.0,4,143.0
2903,148.0,1,150,38.0,40.0,5,143.0
2904,149.0,1,150,83.0,117.0,6,143.0
2905,150.0,1,150,45.0,73.0,7,143.0
2906,151.0,1,150,62.0,87.0,8,143.0
2907,152.0,1,150,16.0,28.0,9,143.0
2908,153.0,1,150,40.0,58.0,10,143.0
2909,154.0,1,150,46.0,55.0,11,143.0
2910,155.0,1,150,43.0,34.0,12,143.0
2911,156.0,1,150,31.0,25.0,13,143.0
2912,217.0,0,151,3.0,11.0,-14,231.0
2913,218.0,0,151,3.0,3.0,-13,231.0
2914,219.0,0,151,4.0,7.0,-12,231.0
2915,220.0,0,151,3.0,4.0,-11,231.0
2916,221.0,0,151,0.0,6.0,-10,231.0
2917,222.0,0,151,3.0,2.0,-9,231.0
2918,223.0,0,151,3.0,6.0,-8,231.0
2919,224.0,0,151,4.0,12.0,-7,231.0
2920,225.0,0,151,6.0,3.0,-6,231.0
2921,226.0,0,151,5.0,8.0,-5,231.0
2922,227.0,0,151,5.0,5.0,-4,231.0
2923,228.0,0,151,3.0,4.0,-3,231.0
2924,229.0,0,151,4.0,7.0,-2,231.0
2925,230.0,0,151,9.0,8.0,-1,231.0
2926,231.0,1,151,18.0,14.0,0,231.0
2927,232.0,1,151,4.0,7.0,1,231.0
2928,233.0,1,151,6.0,9.0,2,231.0
2929,234.0,1,151,20.0,26.0,3,231.0
2930,235.0,1,151,8.0,14.0,4,231.0
2931,236.0,1,151,1.0,6.0,5,231.0
2932,237.0,1,151,5.0,14.0,6,231.0
2933,238.0,1,151,8.0,8.0,7,231.0
2934,239.0,1,151,7.0,6.0,8,231.0
2935,240.0,1,151,2.0,13.0,9,231.0
2936,241.0,1,151,1.0,4.0,10,231.0
2937,242.0,1,151,1.0,7.0,11,231.0
2938,243.0,1,151,13.0,11.0,12,231.0
2939,244.0,1,151,6.0,5.0,13,231.0
2940,273.0,0,153,24.0,46.0,-14,287.0
2941,274.0,0,153,4.0,29.0,-13,287.0
2942,275.0,0,153,33.0,34.0,-12,287.0
2943,276.0,0,153,38.0,69.0,-11,287.0
2944,277.0,0,153,46.0,62.0,-10,287.0
2945,278.0,0,153,36.0,73.0,-9,287.0
2946,279.0,0,153,75.0,71.0,-8,287.0
2947,280.0,0,153,15.0,26.0,-7,287.0
2948,281.0,0,153,16.0,10.0,-6,287.0
2949,282.0,0,153,28.0,42.0,-5,287.0
2950,283.0,0,153,8.0,20.0,-4,287.0
2951,284.0,0,153,11.0,38.0,-3,287.0
2952,285.0,0,153,29.0,30.0,-2,287.0
2953,286.0,0,153,12.0,34.0,-1,287.0
2954,287.0,1,153,20.0,24.0,0,287.0
2955,288.0,1,153,5.0,12.0,1,287.0
2956,289.0,1,153,72.0,100.0,2,287.0
2957,290.0,1,153,25.0,37.0,3,287.0
2958,291.0,1,153,8.0,28.0,4,287.0
2959,292.0,1,153,137.0,218.0,5,287.0
2960,293.0,1,153,485.0,718.0,6,287.0
2961,294.0,1,153,225.0,346.0,7,287.0
2962,295.0,1,153,32.0,68.0,8,287.0
2963,296.0,1,153,32.0,71.0,9,287.0
2964,297.0,1,153,89.0,104.0,10,287.0
2965,298.0,1,153,99.0,68.0,11,287.0
2966,299.0,1,153,18.0,27.0,12,287.0
2967,300.0,1,153,39.0,47.0,13,287.0
2968,206.0,0,154,2.0,2.0,-14,220.0
2969,207.0,0,154,4.0,8.0,-13,220.0
2970,208.0,0,154,2.0,8.0,-12,220.0
2971,209.0,0,154,1.0,1.0,-11,220.0
2972,210.0,0,154,1.0,2.0,-10,220.0
2973,211.0,0,154,2.0,3.0,-9,220.0
2974,212.0,0,154,0.0,2.0,-8,220.0
2975,213.0,0,154,0.0,0.0,-7,220.0
2976,214.0,0,154,1.0,3.0,-6,220.0
2977,215.0,0,154,2.0,4.0,-5,220.0
2978,216.0,0,154,0.0,3.0,-4,220.0
2979,217.0,0,154,5.0,2.0,-3,220.0
2980,218.0,0,154,0.0,1.0,-2,220.0
2981,219.0,0,154,0.0,1.0,-1,220.0
2982,220.0,1,154,5.0,0.0,0,220.0
2983,221.0,1,154,1.0,1.0,1,220.0
2984,222.0,1,154,1.0,8.0,2,220.0
2985,223.0,1,154,2.0,3.0,3,220.0
2986,224.0,1,154,1.0,2.0,4,220.0
2987,225.0,1,154,0.0,0.0,5,220.0
2988,226.0,1,154,1.0,2.0,6,220.0
2989,227.0,1,154,1.0,3.0,7,220.0
2990,228.0,1,154,1.0,3.0,8,220.0
2991,229.0,1,154,0.0,3.0,9,220.0
2992,230.0,1,154,0.0,3.0,10,220.0
2993,231.0,1,154,1.0,3.0,11,220.0
2994,232.0,1,154,1.0,1.0,12,220.0
2995,233.0,1,154,0.0,4.0,13,220.0
2996,20.0,0,158,0.0,8.0,-14,34.0
2997,21.0,0,158,0.0,12.0,-13,34.0
2998,22.0,0,158,0.0,12.0,-12,34.0
2999,23.0,0,158,1.0,13.0,-11,34.0
3000,24.0,0,158,0.0,9.0,-10,34.0
3001,25.0,0,158,0.0,10.0,-9,34.0
3002,26.0,0,158,2.0,22.0,-8,34.0
3003,27.0,0,158,10.0,192.0,-7,34.0
3004,28.0,0,158,17.0,208.0,-6,34.0
3005,29.0,0,158,43.0,439.0,-5,34.0
3006,30.0,0,158,156.0,917.0,-4,34.0
3007,31.0,0,158,652.0,2422.0,-3,34.0
3008,32.0,0,158,404.0,1553.0,-2,34.0
3009,33.0,0,158,321.0,1304.0,-1,34.0
3010,34.0,1,158,491.0,2494.0,0,34.0
3011,35.0,1,158,253.0,2417.0,1,34.0
3012,36.0,1,158,152.0,1510.0,2,34.0
3013,37.0,1,158,130.0,1313.0,3,34.0
3014,38.0,1,158,71.0,983.0,4,34.0
3015,39.0,1,158,70.0,1007.0,5,34.0
3016,40.0,1,158,86.0,937.0,6,34.0
3017,41.0,1,158,31.0,540.0,7,34.0
3018,42.0,1,158,27.0,365.0,8,34.0
3019,43.0,1,158,39.0,502.0,9,34.0
3020,44.0,1,158,337.0,4030.0,10,34.0
3021,45.0,1,158,188.0,3504.0,11,34.0
3022,46.0,1,158,22.0,451.0,12,34.0
3023,47.0,1,158,39.0,530.0,13,34.0
3024,152.0,0,161,1.0,8.0,-14,166.0
3025,153.0,0,161,2.0,5.0,-13,166.0
3026,154.0,0,161,0.0,3.0,-12,166.0
3027,155.0,0,161,3.0,3.0,-11,166.0
3028,156.0,0,161,1.0,2.0,-10,166.0
3029,157.0,0,161,3.0,4.0,-9,166.0
3030,158.0,0,161,10.0,7.0,-8,166.0
3031,159.0,0,161,6.0,1.0,-7,166.0
3032,160.0,0,161,2.0,3.0,-6,166.0
3033,161.0,0,161,2.0,1.0,-5,166.0
3034,162.0,0,161,3.0,1.0,-4,166.0
3035,163.0,0,161,2.0,3.0,-3,166.0
3036,164.0,0,161,3.0,5.0,-2,166.0
3037,165.0,0,161,27.0,7.0,-1,166.0
3038,166.0,1,161,286.0,135.0,0,166.0
3039,167.0,1,161,24.0,21.0,1,166.0
3040,168.0,1,161,33.0,38.0,2,166.0
3041,169.0,1,161,26.0,17.0,3,166.0
3042,170.0,1,161,41.0,15.0,4,166.0
3043,171.0,1,161,31.0,12.0,5,166.0
3044,172.0,1,161,3.0,1.0,6,166.0
3045,173.0,1,161,2.0,5.0,7,166.0
3046,174.0,1,161,4.0,2.0,8,166.0
3047,175.0,1,161,1.0,3.0,9,166.0
3048,176.0,1,161,3.0,3.0,10,166.0
3049,177.0,1,161,2.0,4.0,11,166.0
3050,178.0,1,161,0.0,2.0,12,166.0
3051,179.0,1,161,5.0,5.0,13,166.0
3052,100.0,0,163,6.0,1.0,-14,114.0
3053,101.0,0,163,6.0,3.0,-13,114.0
3054,102.0,0,163,5.0,8.0,-12,114.0
3055,103.0,0,163,6.0,4.0,-11,114.0
3056,104.0,0,163,3.0,12.0,-10,114.0
3057,105.0,0,163,6.0,9.0,-9,114.0
3058,106.0,0,163,2.0,9.0,-8,114.0
3059,107.0,0,163,4.0,8.0,-7,114.0
3060,108.0,0,163,4.0,4.0,-6,114.0
3061,109.0,0,163,6.0,10.0,-5,114.0
3062,110.0,0,163,2.0,4.0,-4,114.0
3063,111.0,0,163,8.0,5.0,-3,114.0
3064,112.0,0,163,3.0,5.0,-2,114.0
3065,113.0,0,163,3.0,1.0,-1,114.0
3066,114.0,1,163,3.0,5.0,0,114.0
3067,115.0,1,163,1.0,4.0,1,114.0
3068,116.0,1,163,5.0,5.0,2,114.0
3069,117.0,1,163,3.0,13.0,3,114.0
3070,118.0,1,163,1.0,7.0,4,114.0
3071,119.0,1,163,7.0,2.0,5,114.0
3072,120.0,1,163,2.0,6.0,6,114.0
3073,121.0,1,163,2.0,4.0,7,114.0
3074,122.0,1,163,1.0,5.0,8,114.0
3075,123.0,1,163,1.0,8.0,9,114.0
3076,124.0,1,163,4.0,4.0,10,114.0
3077,125.0,1,163,2.0,2.0,11,114.0
3078,126.0,1,163,2.0,6.0,12,114.0
3079,127.0,1,163,0.0,5.0,13,114.0
3080,170.0,0,166,24.0,50.0,-14,184.0
3081,171.0,0,166,16.0,60.0,-13,184.0
3082,172.0,0,166,10.0,72.0,-12,184.0
3083,173.0,0,166,31.0,66.0,-11,184.0
3084,174.0,0,166,23.0,79.0,-10,184.0
3085,175.0,0,166,35.0,112.0,-9,184.0
3086,176.0,0,166,194.0,291.0,-8,184.0
3087,177.0,0,166,226.0,307.0,-7,184.0
3088,178.0,0,166,39.0,136.0,-6,184.0
3089,179.0,0,166,167.0,432.0,-5,184.0
3090,180.0,0,166,65.0,165.0,-4,184.0
3091,181.0,0,166,635.0,1432.0,-3,184.0
3092,182.0,0,166,449.0,1011.0,-2,184.0
3093,183.0,0,166,52.0,172.0,-1,184.0
3094,184.0,1,166,86.0,114.0,0,184.0
3095,185.0,1,166,28.0,84.0,1,184.0
3096,186.0,1,166,46.0,125.0,2,184.0
3097,187.0,1,166,37.0,140.0,3,184.0
3098,188.0,1,166,53.0,114.0,4,184.0
3099,189.0,1,166,16.0,51.0,5,184.0
3100,190.0,1,166,17.0,63.0,6,184.0
3101,191.0,1,166,6.0,34.0,7,184.0
3102,192.0,1,166,2.0,34.0,8,184.0
3103,193.0,1,166,8.0,80.0,9,184.0
3104,194.0,1,166,19.0,63.0,10,184.0
3105,195.0,1,166,100.0,117.0,11,184.0
3106,196.0,1,166,186.0,112.0,12,184.0
3107,197.0,1,166,16.0,33.0,13,184.0
3108,98.0,0,168,8.0,9.0,-14,112.0
3109,99.0,0,168,2.0,5.0,-13,112.0
3110,100.0,0,168,10.0,7.0,-12,112.0
3111,101.0,0,168,12.0,18.0,-11,112.0
3112,102.0,0,168,139.0,139.0,-10,112.0
3113,103.0,0,168,52.0,52.0,-9,112.0
3114,104.0,0,168,186.0,160.0,-8,112.0
3115,105.0,0,168,29.0,31.0,-7,112.0
3116,106.0,0,168,40.0,27.0,-6,112.0
3117,107.0,0,168,24.0,27.0,-5,112.0
3118,108.0,0,168,20.0,25.0,-4,112.0
3119,109.0,0,168,19.0,33.0,-3,112.0
3120,110.0,0,168,19.0,30.0,-2,112.0
3121,111.0,0,168,68.0,52.0,-1,112.0
3122,112.0,1,168,33.0,29.0,0,112.0
3123,113.0,1,168,386.0,226.0,1,112.0
3124,114.0,1,168,518.0,255.0,2,112.0
3125,115.0,1,168,133.0,94.0,3,112.0
3126,116.0,1,168,47.0,40.0,4,112.0
3127,117.0,1,168,32.0,33.0,5,112.0
3128,118.0,1,168,35.0,27.0,6,112.0
3129,119.0,1,168,47.0,41.0,7,112.0
3130,120.0,1,168,24.0,39.0,8,112.0
3131,121.0,1,168,19.0,27.0,9,112.0
3132,122.0,1,168,68.0,93.0,10,112.0
3133,123.0,1,168,54.0,47.0,11,112.0
3134,124.0,1,168,30.0,40.0,12,112.0
3135,125.0,1,168,14.0,25.0,13,112.0
3136,101.0,0,171,0.0,0.0,-14,115.0
3137,102.0,0,171,5.0,2.0,-13,115.0
3138,103.0,0,171,0.0,1.0,-12,115.0
3139,104.0,0,171,4.0,1.0,-11,115.0
3140,105.0,0,171,1.0,1.0,-10,115.0
3141,106.0,0,171,3.0,1.0,-9,115.0
3142,107.0,0,171,0.0,0.0,-8,115.0
3143,108.0,0,171,1.0,1.0,-7,115.0
3144,109.0,0,171,0.0,0.0,-6,115.0
3145,110.0,0,171,0.0,1.0,-5,115.0
3146,111.0,0,171,0.0,0.0,-4,115.0
3147,112.0,0,171,1.0,2.0,-3,115.0
3148,113.0,0,171,0.0,0.0,-2,115.0
3149,114.0,0,171,64.0,20.0,-1,115.0
3150,115.0,1,171,159.0,85.0,0,115.0
3151,116.0,1,171,10.0,4.0,1,115.0
3152,117.0,1,171,1.0,2.0,2,115.0
3153,118.0,1,171,1.0,0.0,3,115.0
3154,119.0,1,171,2.0,1.0,4,115.0
3155,120.0,1,171,2.0,1.0,5,115.0
3156,121.0,1,171,1.0,0.0,6,115.0
3157,122.0,1,171,0.0,1.0,7,115.0
3158,123.0,1,171,0.0,0.0,8,115.0
3159,124.0,1,171,0.0,1.0,9,115.0
3160,125.0,1,171,20.0,14.0,10,115.0
3161,126.0,1,171,3.0,5.0,11,115.0
3162,127.0,1,171,2.0,2.0,12,115.0
3163,128.0,1,171,0.0,3.0,13,115.0
3164,32.0,0,172,1304.0,9434.0,-14,46.0
3165,33.0,0,172,1461.0,16470.0,-13,46.0
3166,34.0,0,172,1290.0,18062.0,-12,46.0
3167,35.0,0,172,1534.0,17509.0,-11,46.0
3168,36.0,0,172,1252.0,12971.0,-10,46.0
3169,37.0,0,172,2524.0,25050.0,-9,46.0
3170,38.0,0,172,2190.0,21984.0,-8,46.0
3171,39.0,0,172,1263.0,13315.0,-7,46.0
3172,40.0,0,172,1514.0,15593.0,-6,46.0
3173,41.0,0,172,984.0,9160.0,-5,46.0
3174,42.0,0,172,975.0,11584.0,-4,46.0
3175,43.0,0,172,679.0,6195.0,-3,46.0
3176,44.0,0,172,575.0,4308.0,-2,46.0
3177,45.0,0,172,871.0,6048.0,-1,46.0
3178,46.0,1,172,778.0,8675.0,0,46.0
3179,47.0,1,172,406.0,5354.0,1,46.0
3180,48.0,1,172,284.0,4104.0,2,46.0
3181,49.0,1,172,506.0,6672.0,3,46.0
3182,50.0,1,172,251.0,3746.0,4,46.0
3183,51.0,1,172,221.0,2785.0,5,46.0
3184,52.0,1,172,142.0,2811.0,6,46.0
3185,53.0,1,172,221.0,3678.0,7,46.0
3186,54.0,1,172,260.0,5206.0,8,46.0
3187,55.0,1,172,241.0,5054.0,9,46.0
3188,56.0,1,172,99.0,1963.0,10,46.0
3189,57.0,1,172,333.0,5127.0,11,46.0
3190,58.0,1,172,188.0,2958.0,12,46.0
3191,59.0,1,172,216.0,3586.0,13,46.0
3192,325.0,0,173,16.0,28.0,-14,339.0
3193,326.0,0,173,8.0,16.0,-13,339.0
3194,327.0,0,173,4.0,10.0,-12,339.0
3195,328.0,0,173,3.0,3.0,-11,339.0
3196,329.0,0,173,1.0,10.0,-10,339.0
3197,330.0,0,173,3.0,12.0,-9,339.0
3198,331.0,0,173,5.0,3.0,-8,339.0
3199,332.0,0,173,2.0,5.0,-7,339.0
3200,333.0,0,173,28.0,47.0,-6,339.0
3201,334.0,0,173,21.0,37.0,-5,339.0
3202,335.0,0,173,3.0,6.0,-4,339.0
3203,336.0,0,173,0.0,3.0,-3,339.0
3204,337.0,0,173,0.0,2.0,-2,339.0
3205,338.0,0,173,68.0,149.0,-1,339.0
3206,339.0,1,173,94.0,143.0,0,339.0
3207,340.0,1,173,16.0,27.0,1,339.0
3208,341.0,1,173,11.0,31.0,2,339.0
3209,342.0,1,173,6.0,9.0,3,339.0
3210,343.0,1,173,8.0,23.0,4,339.0
3211,344.0,1,173,4.0,14.0,5,339.0
3212,345.0,1,173,4.0,14.0,6,339.0
3213,346.0,1,173,5.0,9.0,7,339.0
3214,347.0,1,173,8.0,20.0,8,339.0
3215,348.0,1,173,13.0,34.0,9,339.0
3216,349.0,1,173,4.0,14.0,10,339.0
3217,350.0,1,173,3.0,21.0,11,339.0
3218,351.0,1,173,10.0,28.0,12,339.0
3219,352.0,1,173,25.0,35.0,13,339.0
3220,108.0,0,174,266.0,2481.0,-14,122.0
3221,109.0,0,174,230.0,2154.0,-13,122.0
3222,110.0,0,174,204.0,1871.0,-12,122.0
3223,111.0,0,174,206.0,1750.0,-11,122.0
3224,112.0,0,174,154.0,1203.0,-10,122.0
3225,113.0,0,174,167.0,1120.0,-9,122.0
3226,114.0,0,174,257.0,1719.0,-8,122.0
3227,115.0,0,174,337.0,2624.0,-7,122.0
3228,116.0,0,174,185.0,1550.0,-6,122.0
3229,117.0,0,174,107.0,1059.0,-5,122.0
3230,118.0,0,174,147.0,1420.0,-4,122.0
3231,119.0,0,174,107.0,781.0,-3,122.0
3232,120.0,0,174,148.0,1063.0,-2,122.0
3233,121.0,0,174,169.0,1294.0,-1,122.0
3234,122.0,1,174,151.0,1248.0,0,122.0
3235,123.0,1,174,127.0,904.0,1,122.0
3236,124.0,1,174,85.0,603.0,2,122.0
3237,125.0,1,174,83.0,534.0,3,122.0
3238,126.0,1,174,40.0,385.0,4,122.0
3239,127.0,1,174,67.0,362.0,5,122.0
3240,128.0,1,174,231.0,1662.0,6,122.0
3241,129.0,1,174,161.0,1332.0,7,122.0
3242,130.0,1,174,95.0,741.0,8,122.0
3243,131.0,1,174,81.0,581.0,9,122.0
3244,132.0,1,174,85.0,672.0,10,122.0
3245,133.0,1,174,98.0,592.0,11,122.0
3246,134.0,1,174,125.0,780.0,12,122.0
3247,135.0,1,174,116.0,818.0,13,122.0
3248,103.0,0,176,11.0,62.0,-14,117.0
3249,104.0,0,176,11.0,24.0,-13,117.0
3250,105.0,0,176,11.0,11.0,-12,117.0
3251,106.0,0,176,4.0,18.0,-11,117.0
3252,107.0,0,176,8.0,15.0,-10,117.0
3253,108.0,0,176,9.0,14.0,-9,117.0
3254,109.0,0,176,12.0,13.0,-8,117.0
3255,110.0,0,176,5.0,4.0,-7,117.0
3256,111.0,0,176,11.0,10.0,-6,117.0
3257,112.0,0,176,16.0,10.0,-5,117.0
3258,113.0,0,176,6.0,3.0,-4,117.0
3259,114.0,0,176,4.0,5.0,-3,117.0
3260,115.0,0,176,7.0,12.0,-2,117.0
3261,116.0,0,176,48.0,37.0,-1,117.0
3262,117.0,1,176,332.0,253.0,0,117.0
3263,118.0,1,176,10.0,32.0,1,117.0
3264,119.0,1,176,4.0,12.0,2,117.0
3265,120.0,1,176,19.0,14.0,3,117.0
3266,121.0,1,176,1.0,10.0,4,117.0
3267,122.0,1,176,5.0,3.0,5,117.0
3268,123.0,1,176,4.0,13.0,6,117.0
3269,124.0,1,176,1.0,9.0,7,117.0
3270,125.0,1,176,6.0,6.0,8,117.0
3271,126.0,1,176,27.0,21.0,9,117.0
3272,127.0,1,176,634.0,838.0,10,117.0
3273,128.0,1,176,77.0,107.0,11,117.0
3274,129.0,1,176,113.0,163.0,12,117.0
3275,130.0,1,176,123.0,118.0,13,117.0
3276,236.0,0,177,0.0,1.0,-14,250.0
3277,237.0,0,177,2.0,0.0,-13,250.0
3278,238.0,0,177,0.0,1.0,-12,250.0
3279,239.0,0,177,0.0,0.0,-11,250.0
3280,240.0,0,177,0.0,0.0,-10,250.0
3281,241.0,0,177,0.0,0.0,-9,250.0
3282,242.0,0,177,2.0,2.0,-8,250.0
3283,243.0,0,177,5.0,1.0,-7,250.0
3284,244.0,0,177,2.0,1.0,-6,250.0
3285,245.0,0,177,4.0,2.0,-5,250.0
3286,246.0,0,177,8.0,3.0,-4,250.0
3287,247.0,0,177,0.0,0.0,-3,250.0
3288,248.0,0,177,0.0,2.0,-2,250.0
3289,249.0,0,177,373.0,234.0,-1,250.0
3290,250.0,1,177,306.0,173.0,0,250.0
3291,251.0,1,177,14.0,7.0,1,250.0
3292,252.0,1,177,4.0,1.0,2,250.0
3293,253.0,1,177,4.0,1.0,3,250.0
3294,254.0,1,177,6.0,2.0,4,250.0
3295,255.0,1,177,13.0,4.0,5,250.0
3296,256.0,1,177,31.0,10.0,6,250.0
3297,257.0,1,177,7.0,5.0,7,250.0
3298,258.0,1,177,4.0,6.0,8,250.0
3299,259.0,1,177,2.0,7.0,9,250.0
3300,260.0,1,177,12.0,10.0,10,250.0
3301,261.0,1,177,65.0,28.0,11,250.0
3302,262.0,1,177,49.0,51.0,12,250.0
3303,263.0,1,177,71.0,53.0,13,250.0
3304,79.0,0,178,28.0,58.0,-14,93.0
3305,80.0,0,178,24.0,63.0,-13,93.0
3306,81.0,0,178,25.0,40.0,-12,93.0
3307,82.0,0,178,39.0,56.0,-11,93.0
3308,83.0,0,178,18.0,27.0,-10,93.0
3309,84.0,0,178,24.0,57.0,-9,93.0
3310,85.0,0,178,29.0,50.0,-8,93.0
3311,86.0,0,178,34.0,24.0,-7,93.0
3312,87.0,0,178,37.0,68.0,-6,93.0
3313,88.0,0,178,36.0,66.0,-5,93.0
3314,89.0,0,178,76.0,116.0,-4,93.0
3315,90.0,0,178,331.0,288.0,-3,93.0
3316,91.0,0,178,116.0,163.0,-2,93.0
3317,92.0,0,178,46.0,72.0,-1,93.0
3318,93.0,1,178,365.0,192.0,0,93.0
3319,94.0,1,178,27.0,58.0,1,93.0
3320,95.0,1,178,31.0,56.0,2,93.0
3321,96.0,1,178,31.0,46.0,3,93.0
3322,97.0,1,178,24.0,42.0,4,93.0
3323,98.0,1,178,34.0,48.0,5,93.0
3324,99.0,1,178,77.0,133.0,6,93.0
3325,100.0,1,178,47.0,85.0,7,93.0
3326,101.0,1,178,40.0,99.0,8,93.0
3327,102.0,1,178,59.0,118.0,9,93.0
3328,103.0,1,178,214.0,433.0,10,93.0
3329,104.0,1,178,326.0,671.0,11,93.0
3330,105.0,1,178,90.0,219.0,12,93.0
3331,106.0,1,178,83.0,186.0,13,93.0
3332,104.0,0,179,47.0,350.0,-14,118.0
3333,105.0,0,179,31.0,232.0,-13,118.0
3334,106.0,0,179,57.0,177.0,-12,118.0
3335,107.0,0,179,43.0,163.0,-11,118.0
3336,108.0,0,179,38.0,128.0,-10,118.0
3337,109.0,0,179,38.0,138.0,-9,118.0
3338,110.0,0,179,33.0,111.0,-8,118.0
3339,111.0,0,179,47.0,204.0,-7,118.0
3340,112.0,0,179,29.0,96.0,-6,118.0
3341,113.0,0,179,27.0,97.0,-5,118.0
3342,114.0,0,179,40.0,128.0,-4,118.0
3343,115.0,0,179,39.0,123.0,-3,118.0
3344,116.0,0,179,63.0,141.0,-2,118.0
3345,117.0,0,179,40.0,140.0,-1,118.0
3346,118.0,1,179,85.0,220.0,0,118.0
3347,119.0,1,179,19.0,151.0,1,118.0
3348,120.0,1,179,51.0,222.0,2,118.0
3349,121.0,1,179,21.0,122.0,3,118.0
3350,122.0,1,179,29.0,122.0,4,118.0
3351,123.0,1,179,14.0,74.0,5,118.0
3352,124.0,1,179,101.0,352.0,6,118.0
3353,125.0,1,179,33.0,126.0,7,118.0
3354,126.0,1,179,34.0,127.0,8,118.0
3355,127.0,1,179,38.0,166.0,9,118.0
3356,128.0,1,179,35.0,131.0,10,118.0
3357,129.0,1,179,31.0,154.0,11,118.0
3358,130.0,1,179,16.0,92.0,12,118.0
3359,131.0,1,179,11.0,70.0,13,118.0
3360,41.0,0,180,398.0,1705.0,-14,55.0
3361,42.0,0,180,428.0,1156.0,-13,55.0
3362,43.0,0,180,262.0,591.0,-12,55.0
3363,44.0,0,180,434.0,1038.0,-11,55.0
3364,45.0,0,180,297.0,729.0,-10,55.0
3365,46.0,0,180,514.0,2081.0,-9,55.0
3366,47.0,0,180,2907.0,3037.0,-8,55.0
3367,48.0,0,180,559.0,1030.0,-7,55.0
3368,49.0,0,180,826.0,2638.0,-6,55.0
3369,50.0,0,180,429.0,1445.0,-5,55.0
3370,51.0,0,180,180.0,463.0,-4,55.0
3371,52.0,0,180,168.0,504.0,-3,55.0
3372,53.0,0,180,266.0,315.0,-2,55.0
3373,54.0,0,180,190.0,337.0,-1,55.0
3374,55.0,1,180,273.0,331.0,0,55.0
3375,56.0,1,180,250.0,701.0,1,55.0
3376,57.0,1,180,91.0,215.0,2,55.0
3377,58.0,1,180,68.0,250.0,3,55.0
3378,59.0,1,180,98.0,265.0,4,55.0
3379,60.0,1,180,57.0,114.0,5,55.0
3380,61.0,1,180,26.0,85.0,6,55.0
3381,62.0,1,180,25.0,75.0,7,55.0
3382,63.0,1,180,37.0,92.0,8,55.0
3383,64.0,1,180,21.0,77.0,9,55.0
3384,65.0,1,180,27.0,82.0,10,55.0
3385,66.0,1,180,18.0,89.0,11,55.0
3386,67.0,1,180,112.0,162.0,12,55.0
3387,68.0,1,180,59.0,111.0,13,55.0
3388,47.0,0,181,10.0,24.0,-14,61.0
3389,48.0,0,181,8.0,18.0,-13,61.0
3390,49.0,0,181,9.0,10.0,-12,61.0
3391,50.0,0,181,5.0,6.0,-11,61.0
3392,51.0,0,181,5.0,8.0,-10,61.0
3393,52.0,0,181,4.0,12.0,-9,61.0
3394,53.0,0,181,11.0,9.0,-8,61.0
3395,54.0,0,181,8.0,21.0,-7,61.0
3396,55.0,0,181,17.0,26.0,-6,61.0
3397,56.0,0,181,8.0,22.0,-5,61.0
3398,57.0,0,181,8.0,13.0,-4,61.0
3399,58.0,0,181,22.0,34.0,-3,61.0
3400,59.0,0,181,6.0,10.0,-2,61.0
3401,60.0,0,181,7.0,15.0,-1,61.0
3402,61.0,1,181,16.0,13.0,0,61.0
3403,62.0,1,181,5.0,3.0,1,61.0
3404,63.0,1,181,5.0,12.0,2,61.0
3405,64.0,1,181,3.0,10.0,3,61.0
3406,65.0,1,181,1.0,6.0,4,61.0
3407,66.0,1,181,1.0,8.0,5,61.0
3408,67.0,1,181,2.0,5.0,6,61.0
3409,68.0,1,181,2.0,3.0,7,61.0
3410,69.0,1,181,4.0,6.0,8,61.0
3411,70.0,1,181,0.0,6.0,9,61.0
3412,71.0,1,181,1.0,1.0,10,61.0
3413,72.0,1,181,1.0,1.0,11,61.0
3414,73.0,1,181,2.0,3.0,12,61.0
3415,74.0,1,181,3.0,1.0,13,61.0
3416,72.0,0,182,0.0,0.0,-14,86.0
3417,73.0,0,182,0.0,3.0,-13,86.0
3418,74.0,0,182,0.0,0.0,-12,86.0
3419,75.0,0,182,0.0,2.0,-11,86.0
3420,76.0,0,182,0.0,1.0,-10,86.0
3421,77.0,0,182,0.0,0.0,-9,86.0
3422,78.0,0,182,0.0,0.0,-8,86.0
3423,79.0,0,182,0.0,0.0,-7,86.0
3424,80.0,0,182,0.0,1.0,-6,86.0
3425,81.0,0,182,1.0,0.0,-5,86.0
3426,82.0,0,182,0.0,0.0,-4,86.0
3427,83.0,0,182,1.0,0.0,-3,86.0
3428,84.0,0,182,0.0,1.0,-2,86.0
3429,85.0,0,182,0.0,0.0,-1,86.0
3430,86.0,1,182,3.0,6.0,0,86.0
3431,87.0,1,182,1.0,1.0,1,86.0
3432,88.0,1,182,1.0,0.0,2,86.0
3433,89.0,1,182,0.0,3.0,3,86.0
3434,90.0,1,182,0.0,0.0,4,86.0
3435,91.0,1,182,0.0,1.0,5,86.0
3436,92.0,1,182,0.0,0.0,6,86.0
3437,93.0,1,182,0.0,0.0,7,86.0
3438,94.0,1,182,0.0,1.0,8,86.0
3439,95.0,1,182,0.0,0.0,9,86.0
3440,96.0,1,182,0.0,0.0,10,86.0
3441,97.0,1,182,1.0,0.0,11,86.0
3442,98.0,1,182,0.0,0.0,12,86.0
3443,99.0,1,182,1.0,1.0,13,86.0
3444,230.0,0,184,21.0,47.0,-14,244.0
3445,231.0,0,184,18.0,32.0,-13,244.0
3446,232.0,0,184,10.0,29.0,-12,244.0
3447,233.0,0,184,12.0,25.0,-11,244.0
3448,234.0,0,184,6.0,17.0,-10,244.0
3449,235.0,0,184,14.0,41.0,-9,244.0
3450,236.0,0,184,24.0,35.0,-8,244.0
3451,237.0,0,184,33.0,52.0,-7,244.0
3452,238.0,0,184,59.0,131.0,-6,244.0
3453,239.0,0,184,9.0,26.0,-5,244.0
3454,240.0,0,184,83.0,111.0,-4,244.0
3455,241.0,0,184,102.0,280.0,-3,244.0
3456,242.0,0,184,39.0,85.0,-2,244.0
3457,243.0,0,184,56.0,87.0,-1,244.0
3458,244.0,1,184,13.0,24.0,0,244.0
3459,245.0,1,184,74.0,120.0,1,244.0
3460,246.0,1,184,8.0,47.0,2,244.0
3461,247.0,1,184,26.0,50.0,3,244.0
3462,248.0,1,184,95.0,128.0,4,244.0
3463,249.0,1,184,83.0,177.0,5,244.0
3464,250.0,1,184,9.0,39.0,6,244.0
3465,251.0,1,184,9.0,29.0,7,244.0
3466,252.0,1,184,4.0,39.0,8,244.0
3467,253.0,1,184,10.0,23.0,9,244.0
3468,254.0,1,184,94.0,144.0,10,244.0
3469,255.0,1,184,274.0,463.0,11,244.0
3470,256.0,1,184,33.0,49.0,12,244.0
3471,257.0,1,184,21.0,62.0,13,244.0
3472,53.0,0,185,0.0,1.0,-14,67.0
3473,54.0,0,185,0.0,0.0,-13,67.0
3474,55.0,0,185,0.0,0.0,-12,67.0
3475,56.0,0,185,0.0,0.0,-11,67.0
3476,57.0,0,185,0.0,0.0,-10,67.0
3477,58.0,0,185,1.0,0.0,-9,67.0
3478,59.0,0,185,1.0,1.0,-8,67.0
3479,60.0,0,185,1.0,0.0,-7,67.0
3480,61.0,0,185,0.0,0.0,-6,67.0
3481,62.0,0,185,0.0,0.0,-5,67.0
3482,63.0,0,185,0.0,0.0,-4,67.0
3483,64.0,0,185,0.0,0.0,-3,67.0
3484,65.0,0,185,0.0,0.0,-2,67.0
3485,66.0,0,185,0.0,0.0,-1,67.0
3486,67.0,1,185,43.0,20.0,0,67.0
3487,68.0,1,185,1.0,0.0,1,67.0
3488,69.0,1,185,0.0,0.0,2,67.0
3489,70.0,1,185,1.0,0.0,3,67.0
3490,71.0,1,185,0.0,0.0,4,67.0
3491,72.0,1,185,0.0,1.0,5,67.0
3492,73.0,1,185,0.0,1.0,6,67.0
3493,74.0,1,185,1.0,0.0,7,67.0
3494,75.0,1,185,0.0,1.0,8,67.0
3495,76.0,1,185,0.0,2.0,9,67.0
3496,77.0,1,185,0.0,0.0,10,67.0
3497,78.0,1,185,0.0,2.0,11,67.0
3498,79.0,1,185,0.0,0.0,12,67.0
3499,80.0,1,185,0.0,0.0,13,67.0
3500,54.0,0,187,474.0,9363.0,-14,68.0
3501,55.0,0,187,514.0,6989.0,-13,68.0
3502,56.0,0,187,565.0,4768.0,-12,68.0
3503,57.0,0,187,410.0,4331.0,-11,68.0
3504,58.0,0,187,443.0,3447.0,-10,68.0
3505,59.0,0,187,340.0,3309.0,-9,68.0
3506,60.0,0,187,181.0,2511.0,-8,68.0
3507,61.0,0,187,365.0,4721.0,-7,68.0
3508,62.0,0,187,345.0,3389.0,-6,68.0
3509,63.0,0,187,149.0,2623.0,-5,68.0
3510,64.0,0,187,476.0,4171.0,-4,68.0
3511,65.0,0,187,818.0,5479.0,-3,68.0
3512,66.0,0,187,685.0,5790.0,-2,68.0
3513,67.0,0,187,446.0,5269.0,-1,68.0
3514,68.0,1,187,427.0,4812.0,0,68.0
3515,69.0,1,187,189.0,3032.0,1,68.0
3516,70.0,1,187,654.0,4299.0,2,68.0
3517,71.0,1,187,273.0,2580.0,3,68.0
3518,72.0,1,187,88.0,1591.0,4,68.0
3519,73.0,1,187,92.0,1644.0,5,68.0
3520,74.0,1,187,213.0,2550.0,6,68.0
3521,75.0,1,187,189.0,2451.0,7,68.0
3522,76.0,1,187,100.0,1490.0,8,68.0
3523,77.0,1,187,77.0,1368.0,9,68.0
3524,78.0,1,187,81.0,1305.0,10,68.0
3525,79.0,1,187,55.0,1183.0,11,68.0
3526,80.0,1,187,54.0,1019.0,12,68.0
3527,81.0,1,187,110.0,1431.0,13,68.0
3528,200.0,0,189,0.0,0.0,-14,214.0
3529,201.0,0,189,0.0,1.0,-13,214.0
3530,202.0,0,189,1.0,2.0,-12,214.0
3531,203.0,0,189,0.0,1.0,-11,214.0
3532,204.0,0,189,2.0,0.0,-10,214.0
3533,205.0,0,189,0.0,0.0,-9,214.0
3534,206.0,0,189,0.0,0.0,-8,214.0
3535,207.0,0,189,7.0,0.0,-7,214.0
3536,208.0,0,189,0.0,0.0,-6,214.0
3537,209.0,0,189,0.0,0.0,-5,214.0
3538,210.0,0,189,0.0,1.0,-4,214.0
3539,211.0,0,189,3.0,0.0,-3,214.0
3540,212.0,0,189,0.0,0.0,-2,214.0
3541,213.0,0,189,0.0,0.0,-1,214.0
3542,214.0,1,189,5.0,4.0,0,214.0
3543,215.0,1,189,2.0,2.0,1,214.0
3544,216.0,1,189,1.0,3.0,2,214.0
3545,217.0,1,189,1.0,1.0,3,214.0
3546,218.0,1,189,0.0,1.0,4,214.0
3547,219.0,1,189,0.0,2.0,5,214.0
3548,220.0,1,189,1.0,1.0,6,214.0
3549,221.0,1,189,0.0,0.0,7,214.0
3550,222.0,1,189,1.0,0.0,8,214.0
3551,223.0,1,189,0.0,0.0,9,214.0
3552,224.0,1,189,0.0,0.0,10,214.0
3553,225.0,1,189,0.0,0.0,11,214.0
3554,226.0,1,189,0.0,0.0,12,214.0
3555,227.0,1,189,0.0,1.0,13,214.0
3556,170.0,0,190,4.0,3.0,-14,184.0
3557,171.0,0,190,1.0,5.0,-13,184.0
3558,172.0,0,190,5.0,4.0,-12,184.0
3559,173.0,0,190,26.0,28.0,-11,184.0
3560,174.0,0,190,6.0,9.0,-10,184.0
3561,175.0,0,190,2.0,4.0,-9,184.0
3562,176.0,0,190,3.0,5.0,-8,184.0
3563,177.0,0,190,1.0,2.0,-7,184.0
3564,178.0,0,190,39.0,18.0,-6,184.0
3565,179.0,0,190,65.0,57.0,-5,184.0
3566,180.0,0,190,85.0,73.0,-4,184.0
3567,181.0,0,190,13.0,3.0,-3,184.0
3568,182.0,0,190,5.0,8.0,-2,184.0
3569,183.0,0,190,14.0,8.0,-1,184.0
3570,184.0,1,190,43.0,26.0,0,184.0
3571,185.0,1,190,84.0,22.0,1,184.0
3572,186.0,1,190,36.0,26.0,2,184.0
3573,187.0,1,190,17.0,10.0,3,184.0
3574,188.0,1,190,21.0,14.0,4,184.0
3575,189.0,1,190,15.0,24.0,5,184.0
3576,190.0,1,190,6.0,14.0,6,184.0
3577,191.0,1,190,8.0,5.0,7,184.0
3578,192.0,1,190,4.0,5.0,8,184.0
3579,193.0,1,190,24.0,13.0,9,184.0
3580,194.0,1,190,29.0,19.0,10,184.0
3581,195.0,1,190,11.0,14.0,11,184.0
3582,196.0,1,190,17.0,15.0,12,184.0
3583,197.0,1,190,8.0,7.0,13,184.0
3584,244.0,0,191,39.0,245.0,-14,258.0
3585,245.0,0,191,51.0,191.0,-13,258.0
3586,246.0,0,191,44.0,274.0,-12,258.0
3587,247.0,0,191,28.0,200.0,-11,258.0
3588,248.0,0,191,28.0,178.0,-10,258.0
3589,249.0,0,191,43.0,196.0,-9,258.0
3590,250.0,0,191,88.0,292.0,-8,258.0
3591,251.0,0,191,31.0,218.0,-7,258.0
3592,252.0,0,191,41.0,197.0,-6,258.0
3593,253.0,0,191,16.0,139.0,-5,258.0
3594,254.0,0,191,24.0,119.0,-4,258.0
3595,255.0,0,191,49.0,422.0,-3,258.0
3596,256.0,0,191,38.0,227.0,-2,258.0
3597,257.0,0,191,53.0,260.0,-1,258.0
3598,258.0,1,191,34.0,202.0,0,258.0
3599,259.0,1,191,21.0,131.0,1,258.0
3600,260.0,1,191,26.0,134.0,2,258.0
3601,261.0,1,191,20.0,80.0,3,258.0
3602,262.0,1,191,21.0,105.0,4,258.0
3603,263.0,1,191,38.0,126.0,5,258.0
3604,264.0,1,191,25.0,143.0,6,258.0
3605,265.0,1,191,89.0,173.0,7,258.0
3606,266.0,1,191,48.0,166.0,8,258.0
3607,267.0,1,191,58.0,338.0,9,258.0
3608,268.0,1,191,62.0,188.0,10,258.0
3609,269.0,1,191,15.0,88.0,11,258.0
3610,270.0,1,191,8.0,122.0,12,258.0
3611,271.0,1,191,69.0,229.0,13,258.0
3612,22.0,0,192,0.0,11.0,-14,36.0
3613,23.0,0,192,28.0,109.0,-13,36.0
3614,24.0,0,192,9.0,52.0,-12,36.0
3615,25.0,0,192,0.0,8.0,-11,36.0
3616,26.0,0,192,2.0,10.0,-10,36.0
3617,27.0,0,192,3.0,36.0,-9,36.0
3618,28.0,0,192,15.0,176.0,-8,36.0
3619,29.0,0,192,14.0,81.0,-7,36.0
3620,30.0,0,192,20.0,75.0,-6,36.0
3621,31.0,0,192,217.0,391.0,-5,36.0
3622,32.0,0,192,201.0,471.0,-4,36.0
3623,33.0,0,192,308.0,724.0,-3,36.0
3624,34.0,0,192,135.0,363.0,-2,36.0
3625,35.0,0,192,140.0,321.0,-1,36.0
3626,36.0,1,192,158.0,526.0,0,36.0
3627,37.0,1,192,199.0,637.0,1,36.0
3628,38.0,1,192,186.0,660.0,2,36.0
3629,39.0,1,192,80.0,483.0,3,36.0
3630,40.0,1,192,34.0,326.0,4,36.0
3631,41.0,1,192,27.0,233.0,5,36.0
3632,42.0,1,192,28.0,196.0,6,36.0
3633,43.0,1,192,14.0,130.0,7,36.0
3634,44.0,1,192,9.0,197.0,8,36.0
3635,45.0,1,192,14.0,242.0,9,36.0
3636,46.0,1,192,8.0,186.0,10,36.0
3637,47.0,1,192,11.0,134.0,11,36.0
3638,48.0,1,192,10.0,128.0,12,36.0
3639,49.0,1,192,9.0,64.0,13,36.0
3640,235.0,0,193,3.0,1.0,-14,249.0
3641,236.0,0,193,1.0,0.0,-13,249.0
3642,237.0,0,193,0.0,1.0,-12,249.0
3643,238.0,0,193,0.0,1.0,-11,249.0
3644,239.0,0,193,0.0,1.0,-10,249.0
3645,240.0,0,193,2.0,2.0,-9,249.0
3646,241.0,0,193,6.0,4.0,-8,249.0
3647,242.0,0,193,0.0,0.0,-7,249.0
3648,243.0,0,193,1.0,0.0,-6,249.0
3649,244.0,0,193,0.0,0.0,-5,249.0
3650,245.0,0,193,0.0,1.0,-4,249.0
3651,246.0,0,193,1.0,1.0,-3,249.0
3652,247.0,0,193,0.0,0.0,-2,249.0
3653,248.0,0,193,2.0,2.0,-1,249.0
3654,249.0,1,193,11.0,3.0,0,249.0
3655,250.0,1,193,1.0,1.0,1,249.0
3656,251.0,1,193,2.0,0.0,2,249.0
3657,252.0,1,193,0.0,1.0,3,249.0
3658,253.0,1,193,0.0,1.0,4,249.0
3659,254.0,1,193,0.0,0.0,5,249.0
3660,255.0,1,193,0.0,1.0,6,249.0
3661,256.0,1,193,0.0,2.0,7,249.0
3662,257.0,1,193,0.0,0.0,8,249.0
3663,258.0,1,193,34.0,40.0,9,249.0
3664,259.0,1,193,1.0,4.0,10,249.0
3665,260.0,1,193,2.0,1.0,11,249.0
3666,261.0,1,193,0.0,0.0,12,249.0
3667,262.0,1,193,1.0,2.0,13,249.0
3668,306.0,0,195,1.0,1.0,-14,320.0
3669,307.0,0,195,2.0,1.0,-13,320.0
3670,308.0,0,195,102.0,24.0,-12,320.0
3671,309.0,0,195,25.0,2.0,-11,320.0
3672,310.0,0,195,13.0,6.0,-10,320.0
3673,311.0,0,195,15.0,7.0,-9,320.0
3674,312.0,0,195,8.0,7.0,-8,320.0
3675,313.0,0,195,2.0,3.0,-7,320.0
3676,314.0,0,195,3.0,7.0,-6,320.0
3677,315.0,0,195,2.0,4.0,-5,320.0
3678,316.0,0,195,5.0,2.0,-4,320.0
3679,317.0,0,195,6.0,6.0,-3,320.0
3680,318.0,0,195,3.0,7.0,-2,320.0
3681,319.0,0,195,3.0,4.0,-1,320.0
3682,320.0,1,195,1.0,2.0,0,320.0
3683,321.0,1,195,2.0,2.0,1,320.0
3684,322.0,1,195,0.0,0.0,2,320.0
3685,323.0,1,195,0.0,3.0,3,320.0
3686,324.0,1,195,1.0,1.0,4,320.0
3687,325.0,1,195,1.0,2.0,5,320.0
3688,326.0,1,195,0.0,3.0,6,320.0
3689,327.0,1,195,3.0,2.0,7,320.0
3690,328.0,1,195,1.0,4.0,8,320.0
3691,329.0,1,195,3.0,3.0,9,320.0
3692,330.0,1,195,1.0,8.0,10,320.0
3693,331.0,1,195,3.0,0.0,11,320.0
3694,332.0,1,195,3.0,2.0,12,320.0
3695,333.0,1,195,1.0,5.0,13,320.0
3696,109.0,0,196,22.0,200.0,-14,123.0
3697,110.0,0,196,5.0,77.0,-13,123.0
3698,111.0,0,196,12.0,87.0,-12,123.0
3699,112.0,0,196,39.0,279.0,-11,123.0
3700,113.0,0,196,32.0,212.0,-10,123.0
3701,114.0,0,196,9.0,113.0,-9,123.0
3702,115.0,0,196,8.0,69.0,-8,123.0
3703,116.0,0,196,62.0,471.0,-7,123.0
3704,117.0,0,196,8.0,92.0,-6,123.0
3705,118.0,0,196,12.0,121.0,-5,123.0
3706,119.0,0,196,8.0,60.0,-4,123.0
3707,120.0,0,196,111.0,561.0,-3,123.0
3708,121.0,0,196,14.0,142.0,-2,123.0
3709,122.0,0,196,201.0,996.0,-1,123.0
3710,123.0,1,196,161.0,630.0,0,123.0
3711,124.0,1,196,18.0,49.0,1,123.0
3712,125.0,1,196,276.0,1218.0,2,123.0
3713,126.0,1,196,204.0,2356.0,3,123.0
3714,127.0,1,196,49.0,469.0,4,123.0
3715,128.0,1,196,21.0,187.0,5,123.0
3716,129.0,1,196,109.0,147.0,6,123.0
3717,130.0,1,196,42.0,74.0,7,123.0
3718,131.0,1,196,9.0,52.0,8,123.0
3719,132.0,1,196,9.0,28.0,9,123.0
3720,133.0,1,196,8.0,38.0,10,123.0
3721,134.0,1,196,5.0,32.0,11,123.0
3722,135.0,1,196,5.0,39.0,12,123.0
3723,136.0,1,196,7.0,52.0,13,123.0
3724,231.0,0,197,2.0,9.0,-14,245.0
3725,232.0,0,197,4.0,9.0,-13,245.0
3726,233.0,0,197,23.0,62.0,-12,245.0
3727,234.0,0,197,3.0,11.0,-11,245.0
3728,235.0,0,197,3.0,19.0,-10,245.0
3729,236.0,0,197,15.0,21.0,-9,245.0
3730,237.0,0,197,6.0,9.0,-8,245.0
3731,238.0,0,197,7.0,14.0,-7,245.0
3732,239.0,0,197,3.0,5.0,-6,245.0
3733,240.0,0,197,8.0,14.0,-5,245.0
3734,241.0,0,197,6.0,10.0,-4,245.0
3735,242.0,0,197,4.0,10.0,-3,245.0
3736,243.0,0,197,2.0,4.0,-2,245.0
3737,244.0,0,197,7.0,14.0,-1,245.0
3738,245.0,1,197,30.0,9.0,0,245.0
3739,246.0,1,197,6.0,7.0,1,245.0
3740,247.0,1,197,8.0,22.0,2,245.0
3741,248.0,1,197,5.0,11.0,3,245.0
3742,249.0,1,197,1.0,7.0,4,245.0
3743,250.0,1,197,1.0,2.0,5,245.0
3744,251.0,1,197,5.0,8.0,6,245.0
3745,252.0,1,197,0.0,6.0,7,245.0
3746,253.0,1,197,1.0,1.0,8,245.0
3747,254.0,1,197,5.0,3.0,9,245.0
3748,255.0,1,197,1.0,4.0,10,245.0
3749,256.0,1,197,2.0,9.0,11,245.0
3750,257.0,1,197,0.0,7.0,12,245.0
3751,258.0,1,197,4.0,4.0,13,245.0
3752,47.0,0,198,684.0,1054.0,-14,61.0
3753,48.0,0,198,232.0,441.0,-13,61.0
3754,49.0,0,198,145.0,272.0,-12,61.0
3755,50.0,0,198,3147.0,3554.0,-11,61.0
3756,51.0,0,198,1447.0,1863.0,-10,61.0
3757,52.0,0,198,225.0,389.0,-9,61.0
3758,53.0,0,198,643.0,767.0,-8,61.0
3759,54.0,0,198,168.0,344.0,-7,61.0
3760,55.0,0,198,258.0,438.0,-6,61.0
3761,56.0,0,198,188.0,288.0,-5,61.0
3762,57.0,0,198,2289.0,3119.0,-4,61.0
3763,58.0,0,198,1197.0,2130.0,-3,61.0
3764,59.0,0,198,231.0,357.0,-2,61.0
3765,60.0,0,198,129.0,186.0,-1,61.0
3766,61.0,1,198,158.0,228.0,0,61.0
3767,62.0,1,198,162.0,235.0,1,61.0
3768,63.0,1,198,130.0,160.0,2,61.0
3769,64.0,1,198,62.0,119.0,3,61.0
3770,65.0,1,198,80.0,165.0,4,61.0
3771,66.0,1,198,68.0,144.0,5,61.0
3772,67.0,1,198,62.0,125.0,6,61.0
3773,68.0,1,198,50.0,104.0,7,61.0
3774,69.0,1,198,32.0,83.0,8,61.0
3775,70.0,1,198,33.0,108.0,9,61.0
3776,71.0,1,198,57.0,92.0,10,61.0
3777,72.0,1,198,31.0,115.0,11,61.0
3778,73.0,1,198,52.0,132.0,12,61.0
3779,74.0,1,198,41.0,125.0,13,61.0
3780,48.0,0,199,1989.0,1501.0,-14,62.0
3781,49.0,0,199,1248.0,636.0,-13,62.0
3782,50.0,0,199,129.0,188.0,-12,62.0
3783,51.0,0,199,927.0,1202.0,-11,62.0
3784,52.0,0,199,840.0,1603.0,-10,62.0
3785,53.0,0,199,252.0,376.0,-9,62.0
3786,54.0,0,199,600.0,1048.0,-8,62.0
3787,55.0,0,199,340.0,445.0,-7,62.0
3788,56.0,0,199,175.0,222.0,-6,62.0
3789,57.0,0,199,86.0,142.0,-5,62.0
3790,58.0,0,199,65.0,95.0,-4,62.0
3791,59.0,0,199,95.0,133.0,-3,62.0
3792,60.0,0,199,197.0,146.0,-2,62.0
3793,61.0,0,199,124.0,122.0,-1,62.0
3794,62.0,1,199,291.0,327.0,0,62.0
3795,63.0,1,199,305.0,285.0,1,62.0
3796,64.0,1,199,80.0,99.0,2,62.0
3797,65.0,1,199,46.0,62.0,3,62.0
3798,66.0,1,199,42.0,83.0,4,62.0
3799,67.0,1,199,43.0,64.0,5,62.0
3800,68.0,1,199,228.0,140.0,6,62.0
3801,69.0,1,199,269.0,181.0,7,62.0
3802,70.0,1,199,50.0,67.0,8,62.0
3803,71.0,1,199,79.0,118.0,9,62.0
3804,72.0,1,199,39.0,77.0,10,62.0
3805,73.0,1,199,56.0,70.0,11,62.0
3806,74.0,1,199,57.0,131.0,12,62.0
3807,75.0,1,199,70.0,87.0,13,62.0
3808,103.0,0,202,0.0,5.0,-14,117.0
3809,104.0,0,202,1.0,16.0,-13,117.0
3810,105.0,0,202,0.0,8.0,-12,117.0
3811,106.0,0,202,1.0,5.0,-11,117.0
3812,107.0,0,202,0.0,5.0,-10,117.0
3813,108.0,0,202,0.0,0.0,-9,117.0
3814,109.0,0,202,1.0,5.0,-8,117.0
3815,110.0,0,202,7.0,15.0,-7,117.0
3816,111.0,0,202,7.0,7.0,-6,117.0
3817,112.0,0,202,0.0,2.0,-5,117.0
3818,113.0,0,202,0.0,7.0,-4,117.0
3819,114.0,0,202,0.0,5.0,-3,117.0
3820,115.0,0,202,0.0,6.0,-2,117.0
3821,116.0,0,202,1759.0,3456.0,-1,117.0
3822,117.0,1,202,271.0,1028.0,0,117.0
3823,118.0,1,202,106.0,241.0,1,117.0
3824,119.0,1,202,30.0,123.0,2,117.0
3825,120.0,1,202,7.0,50.0,3,117.0
3826,121.0,1,202,8.0,37.0,4,117.0
3827,122.0,1,202,8.0,25.0,5,117.0
3828,123.0,1,202,13.0,41.0,6,117.0
3829,124.0,1,202,10.0,41.0,7,117.0
3830,125.0,1,202,5.0,40.0,8,117.0
3831,126.0,1,202,5.0,42.0,9,117.0
3832,127.0,1,202,6.0,21.0,10,117.0
3833,128.0,1,202,3.0,32.0,11,117.0
3834,129.0,1,202,3.0,24.0,12,117.0
3835,130.0,1,202,3.0,16.0,13,117.0
3836,42.0,0,203,336.0,965.0,-14,56.0
3837,43.0,0,203,584.0,928.0,-13,56.0
3838,44.0,0,203,1604.0,2051.0,-12,56.0
3839,45.0,0,203,972.0,1129.0,-11,56.0
3840,46.0,0,203,345.0,430.0,-10,56.0
3841,47.0,0,203,614.0,729.0,-9,56.0
3842,48.0,0,203,1618.0,1169.0,-8,56.0
3843,49.0,0,203,1100.0,497.0,-7,56.0
3844,50.0,0,203,103.0,168.0,-6,56.0
3845,51.0,0,203,104.0,190.0,-5,56.0
3846,52.0,0,203,282.0,406.0,-4,56.0
3847,53.0,0,203,102.0,178.0,-3,56.0
3848,54.0,0,203,121.0,180.0,-2,56.0
3849,55.0,0,203,126.0,216.0,-1,56.0
3850,56.0,1,203,193.0,236.0,0,56.0
3851,57.0,1,203,65.0,162.0,1,56.0
3852,58.0,1,203,79.0,119.0,2,56.0
3853,59.0,1,203,56.0,104.0,3,56.0
3854,60.0,1,203,44.0,94.0,4,56.0
3855,61.0,1,203,117.0,176.0,5,56.0
3856,62.0,1,203,278.0,233.0,6,56.0
3857,63.0,1,203,184.0,185.0,7,56.0
3858,64.0,1,203,50.0,131.0,8,56.0
3859,65.0,1,203,29.0,77.0,9,56.0
3860,66.0,1,203,223.0,320.0,10,56.0
3861,67.0,1,203,101.0,122.0,11,56.0
3862,68.0,1,203,231.0,281.0,12,56.0
3863,69.0,1,203,376.0,274.0,13,56.0
3864,78.0,0,204,19.0,6.0,-14,92.0
3865,79.0,0,204,7.0,5.0,-13,92.0
3866,80.0,0,204,20.0,10.0,-12,92.0
3867,81.0,0,204,16.0,10.0,-11,92.0
3868,82.0,0,204,22.0,10.0,-10,92.0
3869,83.0,0,204,14.0,14.0,-9,92.0
3870,84.0,0,204,12.0,7.0,-8,92.0
3871,85.0,0,204,10.0,8.0,-7,92.0
3872,86.0,0,204,3.0,10.0,-6,92.0
3873,87.0,0,204,28.0,23.0,-5,92.0
3874,88.0,0,204,11.0,9.0,-4,92.0
3875,89.0,0,204,39.0,24.0,-3,92.0
3876,90.0,0,204,15.0,24.0,-2,92.0
3877,91.0,0,204,12.0,11.0,-1,92.0
3878,92.0,1,204,88.0,45.0,0,92.0
3879,93.0,1,204,14.0,12.0,1,92.0
3880,94.0,1,204,13.0,22.0,2,92.0
3881,95.0,1,204,13.0,14.0,3,92.0
3882,96.0,1,204,34.0,23.0,4,92.0
3883,97.0,1,204,6.0,18.0,5,92.0
3884,98.0,1,204,10.0,6.0,6,92.0
3885,99.0,1,204,72.0,58.0,7,92.0
3886,100.0,1,204,42.0,28.0,8,92.0
3887,101.0,1,204,14.0,26.0,9,92.0
3888,102.0,1,204,39.0,31.0,10,92.0
3889,103.0,1,204,31.0,42.0,11,92.0
3890,104.0,1,204,10.0,17.0,12,92.0
3891,105.0,1,204,2.0,20.0,13,92.0
3892,278.0,0,205,1.0,0.0,-14,292.0
3893,279.0,0,205,1.0,0.0,-13,292.0
3894,280.0,0,205,0.0,0.0,-12,292.0
3895,281.0,0,205,0.0,0.0,-11,292.0
3896,282.0,0,205,0.0,0.0,-10,292.0
3897,283.0,0,205,0.0,0.0,-9,292.0
3898,284.0,0,205,0.0,0.0,-8,292.0
3899,285.0,0,205,0.0,0.0,-7,292.0
3900,286.0,0,205,0.0,0.0,-6,292.0
3901,287.0,0,205,0.0,0.0,-5,292.0
3902,288.0,0,205,0.0,1.0,-4,292.0
3903,289.0,0,205,1.0,0.0,-3,292.0
3904,290.0,0,205,2.0,0.0,-2,292.0
3905,291.0,0,205,1.0,0.0,-1,292.0
3906,292.0,1,205,20.0,9.0,0,292.0
3907,293.0,1,205,3.0,0.0,1,292.0
3908,294.0,1,205,0.0,0.0,2,292.0
3909,295.0,1,205,3.0,0.0,3,292.0
3910,296.0,1,205,1.0,1.0,4,292.0
3911,297.0,1,205,1.0,0.0,5,292.0
3912,298.0,1,205,1.0,0.0,6,292.0
3913,299.0,1,205,0.0,0.0,7,292.0
3914,300.0,1,205,0.0,0.0,8,292.0
3915,301.0,1,205,0.0,0.0,9,292.0
3916,302.0,1,205,0.0,0.0,10,292.0
3917,303.0,1,205,1.0,0.0,11,292.0
3918,304.0,1,205,0.0,0.0,12,292.0
3919,305.0,1,205,0.0,0.0,13,292.0
3920,122.0,0,206,67.0,103.0,-14,136.0
3921,123.0,0,206,48.0,71.0,-13,136.0
3922,124.0,0,206,77.0,138.0,-12,136.0
3923,125.0,0,206,73.0,140.0,-11,136.0
3924,126.0,0,206,38.0,51.0,-10,136.0
3925,127.0,0,206,76.0,107.0,-9,136.0
3926,128.0,0,206,418.0,538.0,-8,136.0
3927,129.0,0,206,76.0,125.0,-7,136.0
3928,130.0,0,206,46.0,64.0,-6,136.0
3929,131.0,0,206,63.0,79.0,-5,136.0
3930,132.0,0,206,38.0,73.0,-4,136.0
3931,133.0,0,206,91.0,133.0,-3,136.0
3932,134.0,0,206,27.0,54.0,-2,136.0
3933,135.0,0,206,41.0,75.0,-1,136.0
3934,136.0,1,206,645.0,1010.0,0,136.0
3935,137.0,1,206,71.0,119.0,1,136.0
3936,138.0,1,206,39.0,96.0,2,136.0
3937,139.0,1,206,71.0,126.0,3,136.0
3938,140.0,1,206,24.0,47.0,4,136.0
3939,141.0,1,206,36.0,80.0,5,136.0
3940,142.0,1,206,26.0,79.0,6,136.0
3941,143.0,1,206,23.0,57.0,7,136.0
3942,144.0,1,206,13.0,40.0,8,136.0
3943,145.0,1,206,44.0,68.0,9,136.0
3944,146.0,1,206,14.0,49.0,10,136.0
3945,147.0,1,206,14.0,33.0,11,136.0
3946,148.0,1,206,73.0,146.0,12,136.0
3947,149.0,1,206,63.0,99.0,13,136.0
3948,61.0,0,208,336.0,260.0,-14,75.0
3949,62.0,0,208,239.0,337.0,-13,75.0
3950,63.0,0,208,106.0,191.0,-12,75.0
3951,64.0,0,208,75.0,137.0,-11,75.0
3952,65.0,0,208,103.0,118.0,-10,75.0
3953,66.0,0,208,78.0,121.0,-9,75.0
3954,67.0,0,208,93.0,141.0,-8,75.0
3955,68.0,0,208,48.0,97.0,-7,75.0
3956,69.0,0,208,46.0,91.0,-6,75.0
3957,70.0,0,208,44.0,71.0,-5,75.0
3958,71.0,0,208,51.0,116.0,-4,75.0
3959,72.0,0,208,47.0,70.0,-3,75.0
3960,73.0,0,208,63.0,88.0,-2,75.0
3961,74.0,0,208,140.0,135.0,-1,75.0
3962,75.0,1,208,70.0,74.0,0,75.0
3963,76.0,1,208,27.0,49.0,1,75.0
3964,77.0,1,208,23.0,75.0,2,75.0
3965,78.0,1,208,40.0,83.0,3,75.0
3966,79.0,1,208,19.0,76.0,4,75.0
3967,80.0,1,208,42.0,83.0,5,75.0
3968,81.0,1,208,40.0,84.0,6,75.0
3969,82.0,1,208,26.0,70.0,7,75.0
3970,83.0,1,208,253.0,222.0,8,75.0
3971,84.0,1,208,121.0,143.0,9,75.0
3972,85.0,1,208,32.0,78.0,10,75.0
3973,86.0,1,208,32.0,86.0,11,75.0
3974,87.0,1,208,25.0,62.0,12,75.0
3975,88.0,1,208,34.0,89.0,13,75.0
3976,35.0,0,210,144.0,655.0,-14,49.0
3977,36.0,0,210,210.0,619.0,-13,49.0
3978,37.0,0,210,134.0,309.0,-12,49.0
3979,38.0,0,210,136.0,317.0,-11,49.0
3980,39.0,0,210,160.0,332.0,-10,49.0
3981,40.0,0,210,60.0,167.0,-9,49.0
3982,41.0,0,210,1129.0,1867.0,-8,49.0
3983,42.0,0,210,922.0,1265.0,-7,49.0
3984,43.0,0,210,118.0,452.0,-6,49.0
3985,44.0,0,210,421.0,874.0,-5,49.0
3986,45.0,0,210,212.0,426.0,-4,49.0
3987,46.0,0,210,95.0,168.0,-3,49.0
3988,47.0,0,210,252.0,465.0,-2,49.0
3989,48.0,0,210,287.0,402.0,-1,49.0
3990,49.0,1,210,154.0,164.0,0,49.0
3991,50.0,1,210,35.0,93.0,1,49.0
3992,51.0,1,210,28.0,82.0,2,49.0
3993,52.0,1,210,37.0,77.0,3,49.0
3994,53.0,1,210,44.0,124.0,4,49.0
3995,54.0,1,210,124.0,178.0,5,49.0
3996,55.0,1,210,92.0,156.0,6,49.0
3997,56.0,1,210,19.0,55.0,7,49.0
3998,57.0,1,210,18.0,54.0,8,49.0
3999,58.0,1,210,18.0,50.0,9,49.0
4000,59.0,1,210,8.0,24.0,10,49.0
4001,60.0,1,210,8.0,42.0,11,49.0
4002,61.0,1,210,20.0,22.0,12,49.0
4003,62.0,1,210,14.0,25.0,13,49.0
4004,167.0,0,214,4.0,6.0,-14,181.0
4005,168.0,0,214,8.0,6.0,-13,181.0
4006,169.0,0,214,4.0,5.0,-12,181.0
4007,170.0,0,214,11.0,4.0,-11,181.0
4008,171.0,0,214,14.0,16.0,-10,181.0
4009,172.0,0,214,9.0,5.0,-9,181.0
4010,173.0,0,214,10.0,11.0,-8,181.0
4011,174.0,0,214,6.0,5.0,-7,181.0
4012,175.0,0,214,16.0,15.0,-6,181.0
4013,176.0,0,214,1.0,4.0,-5,181.0
4014,177.0,0,214,7.0,5.0,-4,181.0
4015,178.0,0,214,24.0,16.0,-3,181.0
4016,179.0,0,214,77.0,49.0,-2,181.0
4017,180.0,0,214,22.0,12.0,-1,181.0
4018,181.0,1,214,182.0,90.0,0,181.0
4019,182.0,1,214,19.0,14.0,1,181.0
4020,183.0,1,214,47.0,51.0,2,181.0
4021,184.0,1,214,11.0,7.0,3,181.0
4022,185.0,1,214,40.0,41.0,4,181.0
4023,186.0,1,214,44.0,54.0,5,181.0
4024,187.0,1,214,634.0,288.0,6,181.0
4025,188.0,1,214,110.0,94.0,7,181.0
4026,189.0,1,214,16.0,12.0,8,181.0
4027,190.0,1,214,13.0,10.0,9,181.0
4028,191.0,1,214,73.0,81.0,10,181.0
4029,192.0,1,214,20.0,19.0,11,181.0
4030,193.0,1,214,7.0,6.0,12,181.0
4031,194.0,1,214,9.0,9.0,13,181.0
4032,234.0,0,215,32.0,292.0,-14,248.0
4033,235.0,0,215,228.0,699.0,-13,248.0
4034,236.0,0,215,23.0,101.0,-12,248.0
4035,237.0,0,215,26.0,86.0,-11,248.0
4036,238.0,0,215,97.0,195.0,-10,248.0
4037,239.0,0,215,513.0,1651.0,-9,248.0
4038,240.0,0,215,480.0,1432.0,-8,248.0
4039,241.0,0,215,821.0,2498.0,-7,248.0
4040,242.0,0,215,127.0,521.0,-6,248.0
4041,243.0,0,215,42.0,142.0,-5,248.0
4042,244.0,0,215,79.0,295.0,-4,248.0
4043,245.0,0,215,107.0,334.0,-3,248.0
4044,246.0,0,215,62.0,248.0,-2,248.0
4045,247.0,0,215,145.0,427.0,-1,248.0
4046,248.0,1,215,445.0,1282.0,0,248.0
4047,249.0,1,215,103.0,420.0,1,248.0
4048,250.0,1,215,228.0,678.0,2,248.0
4049,251.0,1,215,160.0,193.0,3,248.0
4050,252.0,1,215,47.0,118.0,4,248.0
4051,253.0,1,215,21.0,63.0,5,248.0
4052,254.0,1,215,6.0,52.0,6,248.0
4053,255.0,1,215,188.0,591.0,7,248.0
4054,256.0,1,215,227.0,754.0,8,248.0
4055,257.0,1,215,37.0,241.0,9,248.0
4056,258.0,1,215,261.0,1158.0,10,248.0
4057,259.0,1,215,53.0,339.0,11,248.0
4058,260.0,1,215,83.0,588.0,12,248.0
4059,261.0,1,215,133.0,448.0,13,248.0
4060,51.0,0,216,604.0,1066.0,-14,65.0
4061,52.0,0,216,374.0,848.0,-13,65.0
4062,53.0,0,216,389.0,789.0,-12,65.0
4063,54.0,0,216,422.0,907.0,-11,65.0
4064,55.0,0,216,622.0,1513.0,-10,65.0
4065,56.0,0,216,465.0,1006.0,-9,65.0
4066,57.0,0,216,330.0,722.0,-8,65.0
4067,58.0,0,216,619.0,1012.0,-7,65.0
4068,59.0,0,216,834.0,1028.0,-6,65.0
4069,60.0,0,216,1225.0,1184.0,-5,65.0
4070,61.0,0,216,199.0,370.0,-4,65.0
4071,62.0,0,216,457.0,605.0,-3,65.0
4072,63.0,0,216,317.0,466.0,-2,65.0
4073,64.0,0,216,283.0,520.0,-1,65.0
4074,65.0,1,216,292.0,517.0,0,65.0
4075,66.0,1,216,713.0,1290.0,1,65.0
4076,67.0,1,216,241.0,476.0,2,65.0
4077,68.0,1,216,294.0,572.0,3,65.0
4078,69.0,1,216,159.0,346.0,4,65.0
4079,70.0,1,216,174.0,335.0,5,65.0
4080,71.0,1,216,142.0,444.0,6,65.0
4081,72.0,1,216,95.0,484.0,7,65.0
4082,73.0,1,216,136.0,475.0,8,65.0
4083,74.0,1,216,86.0,293.0,9,65.0
4084,75.0,1,216,86.0,247.0,10,65.0
4085,76.0,1,216,50.0,189.0,11,65.0
4086,77.0,1,216,42.0,140.0,12,65.0
4087,78.0,1,216,60.0,155.0,13,65.0
4088,102.0,0,218,58.0,171.0,-14,116.0
4089,103.0,0,218,22.0,77.0,-13,116.0
4090,104.0,0,218,13.0,64.0,-12,116.0
4091,105.0,0,218,28.0,178.0,-11,116.0
4092,106.0,0,218,33.0,136.0,-10,116.0
4093,107.0,0,218,11.0,50.0,-9,116.0
4094,108.0,0,218,7.0,38.0,-8,116.0
4095,109.0,0,218,12.0,48.0,-7,116.0
4096,110.0,0,218,19.0,56.0,-6,116.0
4097,111.0,0,218,30.0,101.0,-5,116.0
4098,112.0,0,218,8.0,37.0,-4,116.0
4099,113.0,0,218,46.0,107.0,-3,116.0
4100,114.0,0,218,17.0,47.0,-2,116.0
4101,115.0,0,218,410.0,564.0,-1,116.0
4102,116.0,1,218,158.0,548.0,0,116.0
4103,117.0,1,218,78.0,231.0,1,116.0
4104,118.0,1,218,22.0,58.0,2,116.0
4105,119.0,1,218,32.0,62.0,3,116.0
4106,120.0,1,218,15.0,24.0,4,116.0
4107,121.0,1,218,42.0,95.0,5,116.0
4108,122.0,1,218,18.0,36.0,6,116.0
4109,123.0,1,218,46.0,139.0,7,116.0
4110,124.0,1,218,11.0,54.0,8,116.0
4111,125.0,1,218,10.0,22.0,9,116.0
4112,126.0,1,218,5.0,12.0,10,116.0
4113,127.0,1,218,74.0,163.0,11,116.0
4114,128.0,1,218,112.0,346.0,12,116.0
4115,129.0,1,218,34.0,63.0,13,116.0
4116,30.0,0,219,32.0,485.0,-14,44.0
4117,31.0,0,219,105.0,586.0,-13,44.0
4118,32.0,0,219,69.0,327.0,-12,44.0
4119,33.0,0,219,109.0,641.0,-11,44.0
4120,34.0,0,219,99.0,1041.0,-10,44.0
4121,35.0,0,219,79.0,974.0,-9,44.0
4122,36.0,0,219,139.0,1115.0,-8,44.0
4123,37.0,0,219,429.0,2004.0,-7,44.0
4124,38.0,0,219,183.0,828.0,-6,44.0
4125,39.0,0,219,126.0,730.0,-5,44.0
4126,40.0,0,219,53.0,337.0,-4,44.0
4127,41.0,0,219,50.0,244.0,-3,44.0
4128,42.0,0,219,27.0,148.0,-2,44.0
4129,43.0,0,219,105.0,424.0,-1,44.0
4130,44.0,1,219,143.0,348.0,0,44.0
4131,45.0,1,219,249.0,642.0,1,44.0
4132,46.0,1,219,44.0,180.0,2,44.0
4133,47.0,1,219,51.0,181.0,3,44.0
4134,48.0,1,219,18.0,80.0,4,44.0
4135,49.0,1,219,24.0,122.0,5,44.0
4136,50.0,1,219,26.0,128.0,6,44.0
4137,51.0,1,219,17.0,83.0,7,44.0
4138,52.0,1,219,4.0,46.0,8,44.0
4139,53.0,1,219,19.0,150.0,9,44.0
4140,54.0,1,219,24.0,103.0,10,44.0
4141,55.0,1,219,22.0,112.0,11,44.0
4142,56.0,1,219,11.0,58.0,12,44.0
4143,57.0,1,219,18.0,109.0,13,44.0
4144,108.0,0,220,58.0,106.0,-14,122.0
4145,109.0,0,220,41.0,113.0,-13,122.0
4146,110.0,0,220,6.0,20.0,-12,122.0
4147,111.0,0,220,13.0,19.0,-11,122.0
4148,112.0,0,220,7.0,12.0,-10,122.0
4149,113.0,0,220,7.0,5.0,-9,122.0
4150,114.0,0,220,6.0,13.0,-8,122.0
4151,115.0,0,220,5.0,10.0,-7,122.0
4152,116.0,0,220,2.0,15.0,-6,122.0
4153,117.0,0,220,6.0,14.0,-5,122.0
4154,118.0,0,220,2.0,6.0,-4,122.0
4155,119.0,0,220,8.0,11.0,-3,122.0
4156,120.0,0,220,1.0,6.0,-2,122.0
4157,121.0,0,220,11.0,17.0,-1,122.0
4158,122.0,1,220,66.0,11.0,0,122.0
4159,123.0,1,220,12.0,21.0,1,122.0
4160,124.0,1,220,4.0,9.0,2,122.0
4161,125.0,1,220,2.0,10.0,3,122.0
4162,126.0,1,220,4.0,7.0,4,122.0
4163,127.0,1,220,1.0,3.0,5,122.0
4164,128.0,1,220,8.0,9.0,6,122.0
4165,129.0,1,220,7.0,5.0,7,122.0
4166,130.0,1,220,4.0,8.0,8,122.0
4167,131.0,1,220,4.0,7.0,9,122.0
4168,132.0,1,220,9.0,6.0,10,122.0
4169,133.0,1,220,3.0,5.0,11,122.0
4170,134.0,1,220,1.0,5.0,12,122.0
4171,135.0,1,220,21.0,24.0,13,122.0
4172,256.0,0,222,1.0,1.0,-14,270.0
4173,257.0,0,222,1.0,1.0,-13,270.0
4174,258.0,0,222,0.0,0.0,-12,270.0
4175,259.0,0,222,0.0,1.0,-11,270.0
4176,260.0,0,222,0.0,1.0,-10,270.0
4177,261.0,0,222,0.0,0.0,-9,270.0
4178,262.0,0,222,0.0,0.0,-8,270.0
4179,263.0,0,222,0.0,0.0,-7,270.0
4180,264.0,0,222,0.0,0.0,-6,270.0
4181,265.0,0,222,0.0,3.0,-5,270.0
4182,266.0,0,222,0.0,0.0,-4,270.0
4183,267.0,0,222,0.0,1.0,-3,270.0
4184,268.0,0,222,0.0,1.0,-2,270.0
4185,269.0,0,222,0.0,0.0,-1,270.0
4186,270.0,1,222,13.0,0.0,0,270.0
4187,271.0,1,222,1.0,0.0,1,270.0
4188,272.0,1,222,0.0,0.0,2,270.0
4189,273.0,1,222,0.0,1.0,3,270.0
4190,274.0,1,222,1.0,0.0,4,270.0
4191,275.0,1,222,0.0,0.0,5,270.0
4192,276.0,1,222,2.0,1.0,6,270.0
4193,277.0,1,222,0.0,1.0,7,270.0
4194,278.0,1,222,0.0,0.0,8,270.0
4195,279.0,1,222,0.0,0.0,9,270.0
4196,280.0,1,222,0.0,0.0,10,270.0
4197,281.0,1,222,0.0,0.0,11,270.0
4198,282.0,1,222,0.0,0.0,12,270.0
4199,283.0,1,222,1.0,0.0,13,270.0
4200,40.0,0,223,0.0,0.0,-14,54.0
4201,41.0,0,223,0.0,1.0,-13,54.0
4202,42.0,0,223,0.0,16.0,-12,54.0
4203,43.0,0,223,3.0,6.0,-11,54.0
4204,44.0,0,223,4.0,7.0,-10,54.0
4205,45.0,0,223,1.0,0.0,-9,54.0
4206,46.0,0,223,4.0,11.0,-8,54.0
4207,47.0,0,223,4.0,3.0,-7,54.0
4208,48.0,0,223,2.0,8.0,-6,54.0
4209,49.0,0,223,1.0,0.0,-5,54.0
4210,50.0,0,223,0.0,1.0,-4,54.0
4211,51.0,0,223,1.0,1.0,-3,54.0
4212,52.0,0,223,0.0,0.0,-2,54.0
4213,53.0,0,223,112.0,267.0,-1,54.0
4214,54.0,1,223,2005.0,3742.0,0,54.0
4215,55.0,1,223,62.0,176.0,1,54.0
4216,56.0,1,223,28.0,60.0,2,54.0
4217,57.0,1,223,31.0,71.0,3,54.0
4218,58.0,1,223,159.0,386.0,4,54.0
4219,59.0,1,223,11.0,41.0,5,54.0
4220,60.0,1,223,9.0,19.0,6,54.0
4221,61.0,1,223,8.0,11.0,7,54.0
4222,62.0,1,223,8.0,14.0,8,54.0
4223,63.0,1,223,9.0,6.0,9,54.0
4224,64.0,1,223,8.0,13.0,10,54.0
4225,65.0,1,223,3.0,8.0,11,54.0
4226,66.0,1,223,1.0,4.0,12,54.0
4227,67.0,1,223,2.0,6.0,13,54.0
4228,22.0,0,224,0.0,0.0,-14,36.0
4229,23.0,0,224,0.0,0.0,-13,36.0
4230,24.0,0,224,0.0,0.0,-12,36.0
4231,25.0,0,224,0.0,0.0,-11,36.0
4232,26.0,0,224,0.0,0.0,-10,36.0
4233,27.0,0,224,1.0,1.0,-9,36.0
4234,28.0,0,224,0.0,1.0,-8,36.0
4235,29.0,0,224,0.0,22.0,-7,36.0
4236,30.0,0,224,0.0,2.0,-6,36.0
4237,31.0,0,224,0.0,3.0,-5,36.0
4238,32.0,0,224,46.0,313.0,-4,36.0
4239,33.0,0,224,81.0,485.0,-3,36.0
4240,34.0,0,224,1555.0,16353.0,-2,36.0
4241,35.0,0,224,1350.0,14197.0,-1,36.0
4242,36.0,1,224,1396.0,14743.0,0,36.0
4243,37.0,1,224,715.0,9806.0,1,36.0
4244,38.0,1,224,2834.0,18385.0,2,36.0
4245,39.0,1,224,787.0,8966.0,3,36.0
4246,40.0,1,224,356.0,5093.0,4,36.0
4247,41.0,1,224,361.0,4607.0,5,36.0
4248,42.0,1,224,280.0,3486.0,6,36.0
4249,43.0,1,224,272.0,5703.0,7,36.0
4250,44.0,1,224,271.0,4215.0,8,36.0
4251,45.0,1,224,182.0,2360.0,9,36.0
4252,46.0,1,224,120.0,1890.0,10,36.0
4253,47.0,1,224,363.0,3772.0,11,36.0
4254,48.0,1,224,283.0,2996.0,12,36.0
4255,49.0,1,224,44.0,963.0,13,36.0
4256,284.0,0,225,10.0,22.0,-14,298.0
4257,285.0,0,225,6.0,31.0,-13,298.0
4258,286.0,0,225,3.0,26.0,-12,298.0
4259,287.0,0,225,5.0,29.0,-11,298.0
4260,288.0,0,225,6.0,22.0,-10,298.0
4261,289.0,0,225,57.0,43.0,-9,298.0
4262,290.0,0,225,115.0,79.0,-8,298.0
4263,291.0,0,225,10.0,39.0,-7,298.0
4264,292.0,0,225,13.0,38.0,-6,298.0
4265,293.0,0,225,7.0,46.0,-5,298.0
4266,294.0,0,225,6.0,37.0,-4,298.0
4267,295.0,0,225,3.0,22.0,-3,298.0
4268,296.0,0,225,19.0,34.0,-2,298.0
4269,297.0,0,225,3.0,29.0,-1,298.0
4270,298.0,1,225,7.0,27.0,0,298.0
4271,299.0,1,225,7.0,23.0,1,298.0
4272,300.0,1,225,11.0,31.0,2,298.0
4273,301.0,1,225,8.0,20.0,3,298.0
4274,302.0,1,225,6.0,27.0,4,298.0
4275,303.0,1,225,3.0,13.0,5,298.0
4276,304.0,1,225,9.0,19.0,6,298.0
4277,305.0,1,225,8.0,27.0,7,298.0
4278,306.0,1,225,9.0,31.0,8,298.0
4279,307.0,1,225,4.0,26.0,9,298.0
4280,308.0,1,225,10.0,23.0,10,298.0
4281,309.0,1,225,7.0,27.0,11,298.0
4282,310.0,1,225,4.0,22.0,12,298.0
4283,311.0,1,225,5.0,37.0,13,298.0
4284,153.0,0,226,384.0,1494.0,-14,167.0
4285,154.0,0,226,298.0,1027.0,-13,167.0
4286,155.0,0,226,59.0,361.0,-12,167.0
4287,156.0,0,226,124.0,690.0,-11,167.0
4288,157.0,0,226,68.0,523.0,-10,167.0
4289,158.0,0,226,66.0,534.0,-9,167.0
4290,159.0,0,226,60.0,475.0,-8,167.0
4291,160.0,0,226,42.0,314.0,-7,167.0
4292,161.0,0,226,49.0,322.0,-6,167.0
4293,162.0,0,226,52.0,307.0,-5,167.0
4294,163.0,0,226,55.0,365.0,-4,167.0
4295,164.0,0,226,66.0,409.0,-3,167.0
4296,165.0,0,226,51.0,297.0,-2,167.0
4297,166.0,0,226,32.0,208.0,-1,167.0
4298,167.0,1,226,91.0,477.0,0,167.0
4299,168.0,1,226,33.0,242.0,1,167.0
4300,169.0,1,226,36.0,216.0,2,167.0
4301,170.0,1,226,85.0,310.0,3,167.0
4302,171.0,1,226,31.0,190.0,4,167.0
4303,172.0,1,226,34.0,239.0,5,167.0
4304,173.0,1,226,39.0,351.0,6,167.0
4305,174.0,1,226,80.0,2114.0,7,167.0
4306,175.0,1,226,31.0,565.0,8,167.0
4307,176.0,1,226,32.0,232.0,9,167.0
4308,177.0,1,226,31.0,232.0,10,167.0
4309,178.0,1,226,18.0,285.0,11,167.0
4310,179.0,1,226,37.0,327.0,12,167.0
4311,180.0,1,226,201.0,938.0,13,167.0
4312,193.0,0,228,7.0,5.0,-14,207.0
4313,194.0,0,228,6.0,2.0,-13,207.0
4314,195.0,0,228,1.0,1.0,-12,207.0
4315,196.0,0,228,1.0,4.0,-11,207.0
4316,197.0,0,228,3.0,5.0,-10,207.0
4317,198.0,0,228,3.0,2.0,-9,207.0
4318,199.0,0,228,12.0,5.0,-8,207.0
4319,200.0,0,228,3.0,3.0,-7,207.0
4320,201.0,0,228,3.0,0.0,-6,207.0
4321,202.0,0,228,3.0,2.0,-5,207.0
4322,203.0,0,228,7.0,3.0,-4,207.0
4323,204.0,0,228,23.0,8.0,-3,207.0
4324,205.0,0,228,16.0,2.0,-2,207.0
4325,206.0,0,228,5.0,7.0,-1,207.0
4326,207.0,1,228,320.0,137.0,0,207.0
4327,208.0,1,228,13.0,9.0,1,207.0
4328,209.0,1,228,8.0,1.0,2,207.0
4329,210.0,1,228,2.0,2.0,3,207.0
4330,211.0,1,228,7.0,3.0,4,207.0
4331,212.0,1,228,5.0,0.0,5,207.0
4332,213.0,1,228,3.0,4.0,6,207.0
4333,214.0,1,228,59.0,12.0,7,207.0
4334,215.0,1,228,11.0,8.0,8,207.0
4335,216.0,1,228,11.0,3.0,9,207.0
4336,217.0,1,228,5.0,5.0,10,207.0
4337,218.0,1,228,6.0,3.0,11,207.0
4338,219.0,1,228,8.0,3.0,12,207.0
4339,220.0,1,228,8.0,7.0,13,207.0
4340,232.0,0,229,49.0,35.0,-14,246.0
4341,233.0,0,229,8.0,5.0,-13,246.0
4342,234.0,0,229,3.0,4.0,-12,246.0
4343,235.0,0,229,10.0,7.0,-11,246.0
4344,236.0,0,229,5.0,2.0,-10,246.0
4345,237.0,0,229,2.0,2.0,-9,246.0
4346,238.0,0,229,25.0,21.0,-8,246.0
4347,239.0,0,229,41.0,32.0,-7,246.0
4348,240.0,0,229,7.0,5.0,-6,246.0
4349,241.0,0,229,4.0,6.0,-5,246.0
4350,242.0,0,229,3.0,13.0,-4,246.0
4351,243.0,0,229,3.0,6.0,-3,246.0
4352,244.0,0,229,7.0,4.0,-2,246.0
4353,245.0,0,229,29.0,12.0,-1,246.0
4354,246.0,1,229,34.0,20.0,0,246.0
4355,247.0,1,229,10.0,4.0,1,246.0
4356,248.0,1,229,6.0,6.0,2,246.0
4357,249.0,1,229,10.0,5.0,3,246.0
4358,250.0,1,229,9.0,11.0,4,246.0
4359,251.0,1,229,1.0,7.0,5,246.0
4360,252.0,1,229,4.0,8.0,6,246.0
4361,253.0,1,229,6.0,6.0,7,246.0
4362,254.0,1,229,6.0,4.0,8,246.0
4363,255.0,1,229,3.0,6.0,9,246.0
4364,256.0,1,229,7.0,12.0,10,246.0
4365,257.0,1,229,16.0,10.0,11,246.0
4366,258.0,1,229,24.0,17.0,12,246.0
4367,259.0,1,229,9.0,6.0,13,246.0
4368,42.0,0,230,1155.0,4422.0,-14,56.0
4369,43.0,0,230,638.0,2291.0,-13,56.0
4370,44.0,0,230,1013.0,3455.0,-12,56.0
4371,45.0,0,230,669.0,1816.0,-11,56.0
4372,46.0,0,230,239.0,436.0,-10,56.0
4373,47.0,0,230,278.0,690.0,-9,56.0
4374,48.0,0,230,275.0,501.0,-8,56.0
4375,49.0,0,230,406.0,423.0,-7,56.0
4376,50.0,0,230,790.0,1371.0,-6,56.0
4377,51.0,0,230,462.0,777.0,-5,56.0
4378,52.0,0,230,362.0,682.0,-4,56.0
4379,53.0,0,230,140.0,261.0,-3,56.0
4380,54.0,0,230,174.0,344.0,-2,56.0
4381,55.0,0,230,225.0,381.0,-1,56.0
4382,56.0,1,230,607.0,1240.0,0,56.0
4383,57.0,1,230,139.0,293.0,1,56.0
4384,58.0,1,230,651.0,966.0,2,56.0
4385,59.0,1,230,710.0,885.0,3,56.0
4386,60.0,1,230,367.0,570.0,4,56.0
4387,61.0,1,230,198.0,325.0,5,56.0
4388,62.0,1,230,459.0,752.0,6,56.0
4389,63.0,1,230,102.0,227.0,7,56.0
4390,64.0,1,230,100.0,171.0,8,56.0
4391,65.0,1,230,66.0,149.0,9,56.0
4392,66.0,1,230,285.0,604.0,10,56.0
4393,67.0,1,230,189.0,437.0,11,56.0
4394,68.0,1,230,111.0,246.0,12,56.0
4395,69.0,1,230,385.0,758.0,13,56.0
4396,34.0,0,231,919.0,3455.0,-14,48.0
4397,35.0,0,231,1023.0,3429.0,-13,48.0
4398,36.0,0,231,1811.0,6716.0,-12,48.0
4399,37.0,0,231,2224.0,5525.0,-11,48.0
4400,38.0,0,231,1264.0,3124.0,-10,48.0
4401,39.0,0,231,977.0,2285.0,-9,48.0
4402,40.0,0,231,1304.0,1884.0,-8,48.0
4403,41.0,0,231,1768.0,3523.0,-7,48.0
4404,42.0,0,231,1617.0,1626.0,-6,48.0
4405,43.0,0,231,2389.0,2827.0,-5,48.0
4406,44.0,0,231,1122.0,1823.0,-4,48.0
4407,45.0,0,231,746.0,1240.0,-3,48.0
4408,46.0,0,231,532.0,1018.0,-2,48.0
4409,47.0,0,231,1404.0,1843.0,-1,48.0
4410,48.0,1,231,1637.0,2315.0,0,48.0
4411,49.0,1,231,587.0,1011.0,1,48.0
4412,50.0,1,231,369.0,754.0,2,48.0
4413,51.0,1,231,1167.0,2277.0,3,48.0
4414,52.0,1,231,1176.0,3366.0,4,48.0
4415,53.0,1,231,379.0,1007.0,5,48.0
4416,54.0,1,231,224.0,623.0,6,48.0
4417,55.0,1,231,1869.0,4079.0,7,48.0
4418,56.0,1,231,1970.0,5687.0,8,48.0
4419,57.0,1,231,415.0,1403.0,9,48.0
4420,58.0,1,231,361.0,1156.0,10,48.0
4421,59.0,1,231,315.0,934.0,11,48.0
4422,60.0,1,231,216.0,654.0,12,48.0
4423,61.0,1,231,212.0,489.0,13,48.0
4424,108.0,0,233,0.0,8.0,-14,122.0
4425,109.0,0,233,4.0,7.0,-13,122.0
4426,110.0,0,233,9.0,11.0,-12,122.0
4427,111.0,0,233,2.0,4.0,-11,122.0
4428,112.0,0,233,0.0,2.0,-10,122.0
4429,113.0,0,233,1.0,5.0,-9,122.0
4430,114.0,0,233,1.0,2.0,-8,122.0
4431,115.0,0,233,2.0,7.0,-7,122.0
4432,116.0,0,233,4.0,5.0,-6,122.0
4433,117.0,0,233,0.0,4.0,-5,122.0
4434,118.0,0,233,1.0,4.0,-4,122.0
4435,119.0,0,233,2.0,7.0,-3,122.0
4436,120.0,0,233,2.0,1.0,-2,122.0
4437,121.0,0,233,41.0,39.0,-1,122.0
4438,122.0,1,233,123.0,109.0,0,122.0
4439,123.0,1,233,32.0,42.0,1,122.0
4440,124.0,1,233,14.0,23.0,2,122.0
4441,125.0,1,233,6.0,6.0,3,122.0
4442,126.0,1,233,1.0,4.0,4,122.0
4443,127.0,1,233,5.0,4.0,5,122.0
4444,128.0,1,233,2.0,4.0,6,122.0
4445,129.0,1,233,5.0,7.0,7,122.0
4446,130.0,1,233,9.0,4.0,8,122.0
4447,131.0,1,233,6.0,4.0,9,122.0
4448,132.0,1,233,4.0,5.0,10,122.0
4449,133.0,1,233,4.0,6.0,11,122.0
4450,134.0,1,233,4.0,4.0,12,122.0
4451,135.0,1,233,2.0,2.0,13,122.0
4452,45.0,0,235,41.0,275.0,-14,59.0
4453,46.0,0,235,21.0,101.0,-13,59.0
4454,47.0,0,235,6.0,33.0,-12,59.0
4455,48.0,0,235,8.0,30.0,-11,59.0
4456,49.0,0,235,11.0,28.0,-10,59.0
4457,50.0,0,235,6.0,35.0,-9,59.0
4458,51.0,0,235,11.0,26.0,-8,59.0
4459,52.0,0,235,9.0,29.0,-7,59.0
4460,53.0,0,235,37.0,175.0,-6,59.0
4461,54.0,0,235,36.0,116.0,-5,59.0
4462,55.0,0,235,9.0,38.0,-4,59.0
4463,56.0,0,235,8.0,34.0,-3,59.0
4464,57.0,0,235,15.0,35.0,-2,59.0
4465,58.0,0,235,29.0,32.0,-1,59.0
4466,59.0,1,235,92.0,67.0,0,59.0
4467,60.0,1,235,15.0,27.0,1,59.0
4468,61.0,1,235,3.0,14.0,2,59.0
4469,62.0,1,235,7.0,12.0,3,59.0
4470,63.0,1,235,3.0,8.0,4,59.0
4471,64.0,1,235,2.0,10.0,5,59.0
4472,65.0,1,235,2.0,14.0,6,59.0
4473,66.0,1,235,4.0,5.0,7,59.0
4474,67.0,1,235,4.0,6.0,8,59.0
4475,68.0,1,235,2.0,11.0,9,59.0
4476,69.0,1,235,7.0,14.0,10,59.0
4477,70.0,1,235,1.0,4.0,11,59.0
4478,71.0,1,235,2.0,2.0,12,59.0
4479,72.0,1,235,4.0,21.0,13,59.0
4480,225.0,0,236,0.0,3.0,-14,239.0
4481,226.0,0,236,3.0,2.0,-13,239.0
4482,227.0,0,236,1.0,3.0,-12,239.0
4483,228.0,0,236,2.0,1.0,-11,239.0
4484,229.0,0,236,0.0,1.0,-10,239.0
4485,230.0,0,236,2.0,1.0,-9,239.0
4486,231.0,0,236,0.0,0.0,-8,239.0
4487,232.0,0,236,2.0,2.0,-7,239.0
4488,233.0,0,236,4.0,1.0,-6,239.0
4489,234.0,0,236,13.0,7.0,-5,239.0
4490,235.0,0,236,4.0,1.0,-4,239.0
4491,236.0,0,236,7.0,4.0,-3,239.0
4492,237.0,0,236,1.0,1.0,-2,239.0
4493,238.0,0,236,4.0,1.0,-1,239.0
4494,239.0,1,236,45.0,6.0,0,239.0
4495,240.0,1,236,1.0,1.0,1,239.0
4496,241.0,1,236,8.0,3.0,2,239.0
4497,242.0,1,236,2.0,1.0,3,239.0
4498,243.0,1,236,2.0,5.0,4,239.0
4499,244.0,1,236,3.0,4.0,5,239.0
4500,245.0,1,236,5.0,7.0,6,239.0
4501,246.0,1,236,19.0,11.0,7,239.0
4502,247.0,1,236,11.0,12.0,8,239.0
4503,248.0,1,236,3.0,3.0,9,239.0
4504,249.0,1,236,6.0,5.0,10,239.0
4505,250.0,1,236,9.0,9.0,11,239.0
4506,251.0,1,236,1.0,1.0,12,239.0
4507,252.0,1,236,11.0,5.0,13,239.0
4508,103.0,0,237,250.0,611.0,-14,117.0
4509,104.0,0,237,590.0,1500.0,-13,117.0
4510,105.0,0,237,162.0,367.0,-12,117.0
4511,106.0,0,237,66.0,167.0,-11,117.0
4512,107.0,0,237,54.0,182.0,-10,117.0
4513,108.0,0,237,35.0,104.0,-9,117.0
4514,109.0,0,237,38.0,107.0,-8,117.0
4515,110.0,0,237,63.0,123.0,-7,117.0
4516,111.0,0,237,61.0,182.0,-6,117.0
4517,112.0,0,237,44.0,102.0,-5,117.0
4518,113.0,0,237,54.0,135.0,-4,117.0
4519,114.0,0,237,315.0,546.0,-3,117.0
4520,115.0,0,237,79.0,183.0,-2,117.0
4521,116.0,0,237,101.0,200.0,-1,117.0
4522,117.0,1,237,138.0,310.0,0,117.0
4523,118.0,1,237,19.0,71.0,1,117.0
4524,119.0,1,237,18.0,72.0,2,117.0
4525,120.0,1,237,25.0,81.0,3,117.0
4526,121.0,1,237,28.0,84.0,4,117.0
4527,122.0,1,237,43.0,127.0,5,117.0
4528,123.0,1,237,11.0,50.0,6,117.0
4529,124.0,1,237,39.0,127.0,7,117.0
4530,125.0,1,237,48.0,126.0,8,117.0
4531,126.0,1,237,303.0,569.0,9,117.0
4532,127.0,1,237,447.0,956.0,10,117.0
4533,128.0,1,237,24.0,93.0,11,117.0
4534,129.0,1,237,38.0,96.0,12,117.0
4535,130.0,1,237,11.0,70.0,13,117.0
4536,81.0,0,238,96.0,40.0,-14,95.0
4537,82.0,0,238,608.0,174.0,-13,95.0
4538,83.0,0,238,400.0,159.0,-12,95.0
4539,84.0,0,238,228.0,116.0,-11,95.0
4540,85.0,0,238,54.0,25.0,-10,95.0
4541,86.0,0,238,43.0,28.0,-9,95.0
4542,87.0,0,238,234.0,184.0,-8,95.0
4543,88.0,0,238,527.0,291.0,-7,95.0
4544,89.0,0,238,1183.0,638.0,-6,95.0
4545,90.0,0,238,1558.0,757.0,-5,95.0
4546,91.0,0,238,489.0,316.0,-4,95.0
4547,92.0,0,238,250.0,167.0,-3,95.0
4548,93.0,0,238,98.0,66.0,-2,95.0
4549,94.0,0,238,1535.0,831.0,-1,95.0
4550,95.0,1,238,306.0,232.0,0,95.0
4551,96.0,1,238,144.0,116.0,1,95.0
4552,97.0,1,238,62.0,69.0,2,95.0
4553,98.0,1,238,36.0,48.0,3,95.0
4554,99.0,1,238,44.0,42.0,4,95.0
4555,100.0,1,238,1114.0,1036.0,5,95.0
4556,101.0,1,238,327.0,658.0,6,95.0
4557,102.0,1,238,658.0,1206.0,7,95.0
4558,103.0,1,238,381.0,651.0,8,95.0
4559,104.0,1,238,72.0,149.0,9,95.0
4560,105.0,1,238,270.0,414.0,10,95.0
4561,106.0,1,238,144.0,222.0,11,95.0
4562,107.0,1,238,49.0,121.0,12,95.0
4563,108.0,1,238,188.0,282.0,13,95.0
4564,90.0,0,241,219.0,2556.0,-14,104.0
4565,91.0,0,241,410.0,3518.0,-13,104.0
4566,92.0,0,241,122.0,1462.0,-12,104.0
4567,93.0,0,241,147.0,2042.0,-11,104.0
4568,94.0,0,241,998.0,5103.0,-10,104.0
4569,95.0,0,241,649.0,3829.0,-9,104.0
4570,96.0,0,241,461.0,3348.0,-8,104.0
4571,97.0,0,241,223.0,1680.0,-7,104.0
4572,98.0,0,241,79.0,1448.0,-6,104.0
4573,99.0,0,241,68.0,1342.0,-5,104.0
4574,100.0,0,241,112.0,1657.0,-4,104.0
4575,101.0,0,241,2025.0,17071.0,-3,104.0
4576,102.0,0,241,596.0,7261.0,-2,104.0
4577,103.0,0,241,1772.0,27742.0,-1,104.0
4578,104.0,1,241,3855.0,45820.0,0,104.0
4579,105.0,1,241,977.0,17096.0,1,104.0
4580,106.0,1,241,424.0,8071.0,2,104.0
4581,107.0,1,241,370.0,7335.0,3,104.0
4582,108.0,1,241,350.0,6853.0,4,104.0
4583,109.0,1,241,207.0,5106.0,5,104.0
4584,110.0,1,241,946.0,16057.0,6,104.0
4585,111.0,1,241,1003.0,38920.0,7,104.0
4586,112.0,1,241,193.0,6794.0,8,104.0
4587,113.0,1,241,2651.0,25948.0,9,104.0
4588,114.0,1,241,729.0,12549.0,10,104.0
4589,115.0,1,241,271.0,6295.0,11,104.0
4590,116.0,1,241,246.0,7516.0,12,104.0
4591,117.0,1,241,426.0,12010.0,13,104.0
4592,2.0,0,242,2.0,32.0,-14,16.0
4593,3.0,0,242,2.0,15.0,-13,16.0
4594,4.0,0,242,4.0,10.0,-12,16.0
4595,5.0,0,242,1.0,7.0,-11,16.0
4596,6.0,0,242,6.0,207.0,-10,16.0
4597,7.0,0,242,21.0,231.0,-9,16.0
4598,8.0,0,242,5.0,151.0,-8,16.0
4599,9.0,0,242,4.0,82.0,-7,16.0
4600,10.0,0,242,4.0,74.0,-6,16.0
4601,11.0,0,242,1.0,48.0,-5,16.0
4602,12.0,0,242,2.0,23.0,-4,16.0
4603,13.0,0,242,1.0,42.0,-3,16.0
4604,14.0,0,242,1.0,18.0,-2,16.0
4605,15.0,0,242,5.0,91.0,-1,16.0
4606,16.0,1,242,6.0,31.0,0,16.0
4607,17.0,1,242,0.0,15.0,1,16.0
4608,18.0,1,242,1.0,76.0,2,16.0
4609,19.0,1,242,0.0,17.0,3,16.0
4610,20.0,1,242,2.0,29.0,4,16.0
4611,21.0,1,242,5.0,76.0,5,16.0
4612,22.0,1,242,1.0,42.0,6,16.0
4613,23.0,1,242,0.0,25.0,7,16.0
4614,24.0,1,242,1.0,47.0,8,16.0
4615,25.0,1,242,3.0,37.0,9,16.0
4616,26.0,1,242,2.0,31.0,10,16.0
4617,27.0,1,242,4.0,428.0,11,16.0
4618,28.0,1,242,17.0,637.0,12,16.0
4619,29.0,1,242,13.0,488.0,13,16.0
4620,135.0,0,245,6.0,10.0,-14,149.0
4621,136.0,0,245,0.0,4.0,-13,149.0
4622,137.0,0,245,0.0,1.0,-12,149.0
4623,138.0,0,245,1.0,1.0,-11,149.0
4624,139.0,0,245,7.0,6.0,-10,149.0
4625,140.0,0,245,1.0,2.0,-9,149.0
4626,141.0,0,245,1.0,2.0,-8,149.0
4627,142.0,0,245,0.0,3.0,-7,149.0
4628,143.0,0,245,0.0,0.0,-6,149.0
4629,144.0,0,245,1.0,1.0,-5,149.0
4630,145.0,0,245,8.0,10.0,-4,149.0
4631,146.0,0,245,0.0,1.0,-3,149.0
4632,147.0,0,245,1.0,0.0,-2,149.0
4633,148.0,0,245,248.0,188.0,-1,149.0
4634,149.0,1,245,93.0,45.0,0,149.0
4635,150.0,1,245,6.0,12.0,1,149.0
4636,151.0,1,245,2.0,5.0,2,149.0
4637,152.0,1,245,4.0,4.0,3,149.0
4638,153.0,1,245,1.0,3.0,4,149.0
4639,154.0,1,245,3.0,5.0,5,149.0
4640,155.0,1,245,2.0,4.0,6,149.0
4641,156.0,1,245,4.0,4.0,7,149.0
4642,157.0,1,245,17.0,7.0,8,149.0
4643,158.0,1,245,3.0,2.0,9,149.0
4644,159.0,1,245,1.0,0.0,10,149.0
4645,160.0,1,245,2.0,0.0,11,149.0
4646,161.0,1,245,0.0,0.0,12,149.0
4647,162.0,1,245,2.0,1.0,13,149.0
4648,117.0,0,246,2.0,2.0,-14,131.0
4649,118.0,0,246,2.0,1.0,-13,131.0
4650,119.0,0,246,0.0,4.0,-12,131.0
4651,120.0,0,246,2.0,2.0,-11,131.0
4652,121.0,0,246,0.0,0.0,-10,131.0
4653,122.0,0,246,1.0,3.0,-9,131.0
4654,123.0,0,246,1.0,0.0,-8,131.0
4655,124.0,0,246,0.0,2.0,-7,131.0
4656,125.0,0,246,1.0,0.0,-6,131.0
4657,126.0,0,246,0.0,2.0,-5,131.0
4658,127.0,0,246,0.0,0.0,-4,131.0
4659,128.0,0,246,0.0,0.0,-3,131.0
4660,129.0,0,246,0.0,3.0,-2,131.0
4661,130.0,0,246,1.0,4.0,-1,131.0
4662,131.0,1,246,5.0,2.0,0,131.0
4663,132.0,1,246,2.0,6.0,1,131.0
4664,133.0,1,246,3.0,3.0,2,131.0
4665,134.0,1,246,1.0,2.0,3,131.0
4666,135.0,1,246,0.0,4.0,4,131.0
4667,136.0,1,246,0.0,1.0,5,131.0
4668,137.0,1,246,0.0,0.0,6,131.0
4669,138.0,1,246,0.0,1.0,7,131.0
4670,139.0,1,246,0.0,1.0,8,131.0
4671,140.0,1,246,1.0,2.0,9,131.0
4672,141.0,1,246,0.0,1.0,10,131.0
4673,142.0,1,246,1.0,0.0,11,131.0
4674,143.0,1,246,0.0,0.0,12,131.0
4675,144.0,1,246,0.0,1.0,13,131.0
4676,242.0,0,247,8.0,51.0,-14,256.0
4677,243.0,0,247,10.0,27.0,-13,256.0
4678,244.0,0,247,6.0,35.0,-12,256.0
4679,245.0,0,247,5.0,36.0,-11,256.0
4680,246.0,0,247,3.0,26.0,-10,256.0
4681,247.0,0,247,4.0,29.0,-9,256.0
4682,248.0,0,247,17.0,53.0,-8,256.0
4683,249.0,0,247,5.0,33.0,-7,256.0
4684,250.0,0,247,4.0,30.0,-6,256.0
4685,251.0,0,247,11.0,36.0,-5,256.0
4686,252.0,0,247,6.0,29.0,-4,256.0
4687,253.0,0,247,9.0,34.0,-3,256.0
4688,254.0,0,247,5.0,23.0,-2,256.0
4689,255.0,0,247,11.0,36.0,-1,256.0
4690,256.0,1,247,32.0,94.0,0,256.0
4691,257.0,1,247,2.0,50.0,1,256.0
4692,258.0,1,247,14.0,39.0,2,256.0
4693,259.0,1,247,4.0,22.0,3,256.0
4694,260.0,1,247,6.0,27.0,4,256.0
4695,261.0,1,247,3.0,21.0,5,256.0
4696,262.0,1,247,3.0,20.0,6,256.0
4697,263.0,1,247,15.0,66.0,7,256.0
4698,264.0,1,247,2.0,52.0,8,256.0
4699,265.0,1,247,5.0,79.0,9,256.0
4700,266.0,1,247,6.0,38.0,10,256.0
4701,267.0,1,247,2.0,28.0,11,256.0
4702,268.0,1,247,5.0,25.0,12,256.0
4703,269.0,1,247,1.0,26.0,13,256.0
4704,75.0,0,249,0.0,0.0,-14,89.0
4705,76.0,0,249,0.0,0.0,-13,89.0
4706,77.0,0,249,0.0,0.0,-12,89.0
4707,78.0,0,249,0.0,0.0,-11,89.0
4708,79.0,0,249,0.0,0.0,-10,89.0
4709,80.0,0,249,0.0,0.0,-9,89.0
4710,81.0,0,249,0.0,0.0,-8,89.0
4711,82.0,0,249,0.0,0.0,-7,89.0
4712,83.0,0,249,0.0,0.0,-6,89.0
4713,84.0,0,249,0.0,0.0,-5,89.0
4714,85.0,0,249,0.0,0.0,-4,89.0
4715,86.0,0,249,1.0,1.0,-3,89.0
4716,87.0,0,249,0.0,0.0,-2,89.0
4717,88.0,0,249,1.0,0.0,-1,89.0
4718,89.0,1,249,8.0,6.0,0,89.0
4719,90.0,1,249,0.0,0.0,1,89.0
4720,91.0,1,249,0.0,0.0,2,89.0
4721,92.0,1,249,0.0,0.0,3,89.0
4722,93.0,1,249,0.0,0.0,4,89.0
4723,94.0,1,249,0.0,0.0,5,89.0
4724,95.0,1,249,1.0,1.0,6,89.0
4725,96.0,1,249,1.0,0.0,7,89.0
4726,97.0,1,249,0.0,0.0,8,89.0
4727,98.0,1,249,0.0,0.0,9,89.0
4728,99.0,1,249,0.0,0.0,10,89.0
4729,100.0,1,249,0.0,0.0,11,89.0
4730,101.0,1,249,2.0,0.0,12,89.0
4731,102.0,1,249,0.0,0.0,13,89.0
4732,132.0,0,250,33.0,45.0,-14,146.0
4733,133.0,0,250,34.0,41.0,-13,146.0
4734,134.0,0,250,22.0,28.0,-12,146.0
4735,135.0,0,250,23.0,50.0,-11,146.0
4736,136.0,0,250,46.0,59.0,-10,146.0
4737,137.0,0,250,74.0,136.0,-9,146.0
4738,138.0,0,250,40.0,106.0,-8,146.0
4739,139.0,0,250,49.0,78.0,-7,146.0
4740,140.0,0,250,187.0,93.0,-6,146.0
4741,141.0,0,250,112.0,150.0,-5,146.0
4742,142.0,0,250,14.0,39.0,-4,146.0
4743,143.0,0,250,31.0,34.0,-3,146.0
4744,144.0,0,250,45.0,72.0,-2,146.0
4745,145.0,0,250,48.0,100.0,-1,146.0
4746,146.0,1,250,116.0,149.0,0,146.0
4747,147.0,1,250,27.0,86.0,1,146.0
4748,148.0,1,250,34.0,31.0,2,146.0
4749,149.0,1,250,39.0,55.0,3,146.0
4750,150.0,1,250,85.0,73.0,4,146.0
4751,151.0,1,250,231.0,214.0,5,146.0
4752,152.0,1,250,37.0,94.0,6,146.0
4753,153.0,1,250,110.0,142.0,7,146.0
4754,154.0,1,250,52.0,66.0,8,146.0
4755,155.0,1,250,26.0,40.0,9,146.0
4756,156.0,1,250,29.0,41.0,10,146.0
4757,157.0,1,250,86.0,110.0,11,146.0
4758,158.0,1,250,223.0,242.0,12,146.0
4759,159.0,1,250,102.0,119.0,13,146.0
4760,28.0,0,252,59.0,1340.0,-14,42.0
4761,29.0,0,252,49.0,906.0,-13,42.0
4762,30.0,0,252,81.0,1184.0,-12,42.0
4763,31.0,0,252,507.0,2518.0,-11,42.0
4764,32.0,0,252,843.0,5085.0,-10,42.0
4765,33.0,0,252,434.0,3324.0,-9,42.0
4766,34.0,0,252,391.0,2870.0,-8,42.0
4767,35.0,0,252,299.0,2065.0,-7,42.0
4768,36.0,0,252,660.0,3630.0,-6,42.0
4769,37.0,0,252,453.0,1552.0,-5,42.0
4770,38.0,0,252,647.0,1885.0,-4,42.0
4771,39.0,0,252,768.0,2107.0,-3,42.0
4772,40.0,0,252,900.0,1984.0,-2,42.0
4773,41.0,0,252,611.0,1498.0,-1,42.0
4774,42.0,1,252,345.0,1160.0,0,42.0
4775,43.0,1,252,321.0,1333.0,1,42.0
4776,44.0,1,252,1111.0,2397.0,2,42.0
4777,45.0,1,252,1575.0,3296.0,3,42.0
4778,46.0,1,252,190.0,876.0,4,42.0
4779,47.0,1,252,272.0,1111.0,5,42.0
4780,48.0,1,252,228.0,809.0,6,42.0
4781,49.0,1,252,50.0,358.0,7,42.0
4782,50.0,1,252,45.0,262.0,8,42.0
4783,51.0,1,252,160.0,710.0,9,42.0
4784,52.0,1,252,123.0,591.0,10,42.0
4785,53.0,1,252,69.0,384.0,11,42.0
4786,54.0,1,252,61.0,425.0,12,42.0
4787,55.0,1,252,131.0,847.0,13,42.0
4788,87.0,0,253,0.0,1.0,-14,101.0
4789,88.0,0,253,2.0,1.0,-13,101.0
4790,89.0,0,253,0.0,2.0,-12,101.0
4791,90.0,0,253,0.0,0.0,-11,101.0
4792,91.0,0,253,0.0,0.0,-10,101.0
4793,92.0,0,253,0.0,1.0,-9,101.0
4794,93.0,0,253,2.0,2.0,-8,101.0
4795,94.0,0,253,2.0,1.0,-7,101.0
4796,95.0,0,253,0.0,1.0,-6,101.0
4797,96.0,0,253,0.0,1.0,-5,101.0
4798,97.0,0,253,0.0,0.0,-4,101.0
4799,98.0,0,253,1.0,1.0,-3,101.0
4800,99.0,0,253,0.0,0.0,-2,101.0
4801,100.0,0,253,0.0,0.0,-1,101.0
4802,101.0,1,253,16.0,2.0,0,101.0
4803,102.0,1,253,0.0,1.0,1,101.0
4804,103.0,1,253,0.0,1.0,2,101.0
4805,104.0,1,253,0.0,0.0,3,101.0
4806,105.0,1,253,1.0,0.0,4,101.0
4807,106.0,1,253,0.0,1.0,5,101.0
4808,107.0,1,253,2.0,0.0,6,101.0
4809,108.0,1,253,2.0,1.0,7,101.0
4810,109.0,1,253,0.0,0.0,8,101.0
4811,110.0,1,253,0.0,1.0,9,101.0
4812,111.0,1,253,0.0,0.0,10,101.0
4813,112.0,1,253,0.0,0.0,11,101.0
4814,113.0,1,253,0.0,0.0,12,101.0
4815,114.0,1,253,0.0,0.0,13,101.0
4816,178.0,0,254,0.0,0.0,-14,192.0
4817,179.0,0,254,0.0,0.0,-13,192.0
4818,180.0,0,254,0.0,0.0,-12,192.0
4819,181.0,0,254,0.0,0.0,-11,192.0
4820,182.0,0,254,0.0,0.0,-10,192.0
4821,183.0,0,254,0.0,0.0,-9,192.0
4822,184.0,0,254,0.0,0.0,-8,192.0
4823,185.0,0,254,0.0,0.0,-7,192.0
4824,186.0,0,254,0.0,0.0,-6,192.0
4825,187.0,0,254,0.0,0.0,-5,192.0
4826,188.0,0,254,0.0,1.0,-4,192.0
4827,189.0,0,254,0.0,0.0,-3,192.0
4828,190.0,0,254,0.0,1.0,-2,192.0
4829,191.0,0,254,8.0,0.0,-1,192.0
4830,192.0,1,254,51.0,42.0,0,192.0
4831,193.0,1,254,4.0,4.0,1,192.0
4832,194.0,1,254,0.0,0.0,2,192.0
4833,195.0,1,254,1.0,0.0,3,192.0
4834,196.0,1,254,0.0,0.0,4,192.0
4835,197.0,1,254,1.0,0.0,5,192.0
4836,198.0,1,254,0.0,0.0,6,192.0
4837,199.0,1,254,0.0,0.0,7,192.0
4838,200.0,1,254,0.0,0.0,8,192.0
4839,201.0,1,254,0.0,0.0,9,192.0
4840,202.0,1,254,0.0,0.0,10,192.0
4841,203.0,1,254,6.0,4.0,11,192.0
4842,204.0,1,254,4.0,3.0,12,192.0
4843,205.0,1,254,0.0,0.0,13,192.0
4844,135.0,0,255,4.0,4.0,-14,149.0
4845,136.0,0,255,6.0,1.0,-13,149.0
4846,137.0,0,255,6.0,13.0,-12,149.0
4847,138.0,0,255,1.0,4.0,-11,149.0
4848,139.0,0,255,10.0,24.0,-10,149.0
4849,140.0,0,255,5.0,10.0,-9,149.0
4850,141.0,0,255,17.0,32.0,-8,149.0
4851,142.0,0,255,26.0,30.0,-7,149.0
4852,143.0,0,255,13.0,39.0,-6,149.0
4853,144.0,0,255,6.0,5.0,-5,149.0
4854,145.0,0,255,13.0,8.0,-4,149.0
4855,146.0,0,255,49.0,31.0,-3,149.0
4856,147.0,0,255,56.0,28.0,-2,149.0
4857,148.0,0,255,83.0,71.0,-1,149.0
4858,149.0,1,255,88.0,100.0,0,149.0
4859,150.0,1,255,22.0,33.0,1,149.0
4860,151.0,1,255,8.0,13.0,2,149.0
4861,152.0,1,255,3.0,4.0,3,149.0
4862,153.0,1,255,12.0,14.0,4,149.0
4863,154.0,1,255,6.0,14.0,5,149.0
4864,155.0,1,255,2.0,8.0,6,149.0
4865,156.0,1,255,5.0,3.0,7,149.0
4866,157.0,1,255,6.0,10.0,8,149.0
4867,158.0,1,255,3.0,7.0,9,149.0
4868,159.0,1,255,4.0,5.0,10,149.0
4869,160.0,1,255,5.0,5.0,11,149.0
4870,161.0,1,255,4.0,5.0,12,149.0
4871,162.0,1,255,7.0,19.0,13,149.0
4872,102.0,0,257,43.0,40.0,-14,116.0
4873,103.0,0,257,7.0,9.0,-13,116.0
4874,104.0,0,257,3.0,9.0,-12,116.0
4875,105.0,0,257,4.0,7.0,-11,116.0
4876,106.0,0,257,0.0,4.0,-10,116.0
4877,107.0,0,257,6.0,6.0,-9,116.0
4878,108.0,0,257,0.0,13.0,-8,116.0
4879,109.0,0,257,1.0,4.0,-7,116.0
4880,110.0,0,257,1.0,4.0,-6,116.0
4881,111.0,0,257,3.0,1.0,-5,116.0
4882,112.0,0,257,1.0,2.0,-4,116.0
4883,113.0,0,257,1.0,3.0,-3,116.0
4884,114.0,0,257,3.0,2.0,-2,116.0
4885,115.0,0,257,247.0,204.0,-1,116.0
4886,116.0,1,257,88.0,56.0,0,116.0
4887,117.0,1,257,201.0,322.0,1,116.0
4888,118.0,1,257,24.0,36.0,2,116.0
4889,119.0,1,257,85.0,83.0,3,116.0
4890,120.0,1,257,69.0,52.0,4,116.0
4891,121.0,1,257,3.0,14.0,5,116.0
4892,122.0,1,257,2.0,6.0,6,116.0
4893,123.0,1,257,3.0,4.0,7,116.0
4894,124.0,1,257,2.0,5.0,8,116.0
4895,125.0,1,257,0.0,1.0,9,116.0
4896,126.0,1,257,2.0,4.0,10,116.0
4897,127.0,1,257,95.0,59.0,11,116.0
4898,128.0,1,257,53.0,56.0,12,116.0
4899,129.0,1,257,7.0,11.0,13,116.0
4900,178.0,0,258,3.0,0.0,-14,192.0
4901,179.0,0,258,0.0,0.0,-13,192.0
4902,180.0,0,258,0.0,2.0,-12,192.0
4903,181.0,0,258,2.0,3.0,-11,192.0
4904,182.0,0,258,1.0,7.0,-10,192.0
4905,183.0,0,258,3.0,3.0,-9,192.0
4906,184.0,0,258,1.0,4.0,-8,192.0
4907,185.0,0,258,1.0,2.0,-7,192.0
4908,186.0,0,258,0.0,1.0,-6,192.0
4909,187.0,0,258,2.0,0.0,-5,192.0
4910,188.0,0,258,0.0,3.0,-4,192.0
4911,189.0,0,258,1.0,0.0,-3,192.0
4912,190.0,0,258,1.0,3.0,-2,192.0
4913,191.0,0,258,13.0,5.0,-1,192.0
4914,192.0,1,258,20.0,6.0,0,192.0
4915,193.0,1,258,2.0,7.0,1,192.0
4916,194.0,1,258,3.0,4.0,2,192.0
4917,195.0,1,258,1.0,0.0,3,192.0
4918,196.0,1,258,1.0,3.0,4,192.0
4919,197.0,1,258,2.0,2.0,5,192.0
4920,198.0,1,258,2.0,0.0,6,192.0
4921,199.0,1,258,1.0,3.0,7,192.0
4922,200.0,1,258,2.0,1.0,8,192.0
4923,201.0,1,258,1.0,0.0,9,192.0
4924,202.0,1,258,1.0,1.0,10,192.0
4925,203.0,1,258,0.0,3.0,11,192.0
4926,204.0,1,258,2.0,2.0,12,192.0
4927,205.0,1,258,2.0,2.0,13,192.0
4928,162.0,0,259,41.0,40.0,-14,176.0
4929,163.0,0,259,17.0,14.0,-13,176.0
4930,164.0,0,259,53.0,31.0,-12,176.0
4931,165.0,0,259,26.0,19.0,-11,176.0
4932,166.0,0,259,158.0,123.0,-10,176.0
4933,167.0,0,259,25.0,24.0,-9,176.0
4934,168.0,0,259,62.0,35.0,-8,176.0
4935,169.0,0,259,47.0,42.0,-7,176.0
4936,170.0,0,259,21.0,30.0,-6,176.0
4937,171.0,0,259,22.0,18.0,-5,176.0
4938,172.0,0,259,20.0,12.0,-4,176.0
4939,173.0,0,259,39.0,39.0,-3,176.0
4940,174.0,0,259,24.0,47.0,-2,176.0
4941,175.0,0,259,23.0,12.0,-1,176.0
4942,176.0,1,259,110.0,68.0,0,176.0
4943,177.0,1,259,59.0,51.0,1,176.0
4944,178.0,1,259,25.0,18.0,2,176.0
4945,179.0,1,259,8.0,10.0,3,176.0
4946,180.0,1,259,5.0,8.0,4,176.0
4947,181.0,1,259,10.0,19.0,5,176.0
4948,182.0,1,259,6.0,3.0,6,176.0
4949,183.0,1,259,5.0,9.0,7,176.0
4950,184.0,1,259,5.0,5.0,8,176.0
4951,185.0,1,259,7.0,5.0,9,176.0
4952,186.0,1,259,10.0,11.0,10,176.0
4953,187.0,1,259,4.0,4.0,11,176.0
4954,188.0,1,259,6.0,11.0,12,176.0
4955,189.0,1,259,12.0,10.0,13,176.0
4956,242.0,0,260,88.0,86.0,-14,256.0
4957,243.0,0,260,54.0,62.0,-13,256.0
4958,244.0,0,260,27.0,44.0,-12,256.0
4959,245.0,0,260,6.0,35.0,-11,256.0
4960,246.0,0,260,7.0,29.0,-10,256.0
4961,247.0,0,260,12.0,29.0,-9,256.0
4962,248.0,0,260,9.0,28.0,-8,256.0
4963,249.0,0,260,11.0,32.0,-7,256.0
4964,250.0,0,260,19.0,32.0,-6,256.0
4965,251.0,0,260,48.0,102.0,-5,256.0
4966,252.0,0,260,31.0,57.0,-4,256.0
4967,253.0,0,260,13.0,36.0,-3,256.0
4968,254.0,0,260,22.0,27.0,-2,256.0
4969,255.0,0,260,29.0,32.0,-1,256.0
4970,256.0,1,260,27.0,53.0,0,256.0
4971,257.0,1,260,57.0,52.0,1,256.0
4972,258.0,1,260,94.0,47.0,2,256.0
4973,259.0,1,260,166.0,169.0,3,256.0
4974,260.0,1,260,72.0,148.0,4,256.0
4975,261.0,1,260,63.0,48.0,5,256.0
4976,262.0,1,260,24.0,42.0,6,256.0
4977,263.0,1,260,23.0,24.0,7,256.0
4978,264.0,1,260,24.0,43.0,8,256.0
4979,265.0,1,260,12.0,29.0,9,256.0
4980,266.0,1,260,12.0,35.0,10,256.0
4981,267.0,1,260,12.0,42.0,11,256.0
4982,268.0,1,260,8.0,23.0,12,256.0
4983,269.0,1,260,14.0,29.0,13,256.0
4984,56.0,0,261,129.0,282.0,-14,70.0
4985,57.0,0,261,299.0,546.0,-13,70.0
4986,58.0,0,261,153.0,264.0,-12,70.0
4987,59.0,0,261,56.0,95.0,-11,70.0
4988,60.0,0,261,57.0,223.0,-10,70.0
4989,61.0,0,261,212.0,177.0,-9,70.0
4990,62.0,0,261,119.0,176.0,-8,70.0
4991,63.0,0,261,138.0,260.0,-7,70.0
4992,64.0,0,261,136.0,273.0,-6,70.0
4993,65.0,0,261,88.0,214.0,-5,70.0
4994,66.0,0,261,34.0,82.0,-4,70.0
4995,67.0,0,261,43.0,85.0,-3,70.0
4996,68.0,0,261,103.0,669.0,-2,70.0
4997,69.0,0,261,172.0,440.0,-1,70.0
4998,70.0,1,261,197.0,333.0,0,70.0
4999,71.0,1,261,81.0,99.0,1,70.0
5000,72.0,1,261,38.0,74.0,2,70.0
5001,73.0,1,261,17.0,56.0,3,70.0
5002,74.0,1,261,101.0,72.0,4,70.0
5003,75.0,1,261,23.0,49.0,5,70.0
5004,76.0,1,261,16.0,38.0,6,70.0
5005,77.0,1,261,10.0,41.0,7,70.0
5006,78.0,1,261,36.0,65.0,8,70.0
5007,79.0,1,261,29.0,55.0,9,70.0
5008,80.0,1,261,32.0,51.0,10,70.0
5009,81.0,1,261,68.0,92.0,11,70.0
5010,82.0,1,261,33.0,86.0,12,70.0
5011,83.0,1,261,15.0,52.0,13,70.0
5012,178.0,0,262,0.0,0.0,-14,192.0
5013,179.0,0,262,1.0,0.0,-13,192.0
5014,180.0,0,262,0.0,0.0,-12,192.0
5015,181.0,0,262,0.0,1.0,-11,192.0
5016,182.0,0,262,0.0,0.0,-10,192.0
5017,183.0,0,262,0.0,0.0,-9,192.0
5018,184.0,0,262,0.0,0.0,-8,192.0
5019,185.0,0,262,0.0,0.0,-7,192.0
5020,186.0,0,262,0.0,0.0,-6,192.0
5021,187.0,0,262,0.0,0.0,-5,192.0
5022,188.0,0,262,0.0,0.0,-4,192.0
5023,189.0,0,262,0.0,0.0,-3,192.0
5024,190.0,0,262,1.0,0.0,-2,192.0
5025,191.0,0,262,4.0,1.0,-1,192.0
5026,192.0,1,262,9.0,8.0,0,192.0
5027,193.0,1,262,0.0,0.0,1,192.0
5028,194.0,1,262,1.0,0.0,2,192.0
5029,195.0,1,262,0.0,0.0,3,192.0
5030,196.0,1,262,0.0,0.0,4,192.0
5031,197.0,1,262,1.0,0.0,5,192.0
5032,198.0,1,262,4.0,0.0,6,192.0
5033,199.0,1,262,5.0,0.0,7,192.0
5034,200.0,1,262,0.0,0.0,8,192.0
5035,201.0,1,262,0.0,0.0,9,192.0
5036,202.0,1,262,0.0,0.0,10,192.0
5037,203.0,1,262,2.0,0.0,11,192.0
5038,204.0,1,262,0.0,0.0,12,192.0
5039,205.0,1,262,0.0,0.0,13,192.0
5040,306.0,0,263,0.0,2.0,-14,320.0
5041,307.0,0,263,1.0,1.0,-13,320.0
5042,308.0,0,263,1.0,2.0,-12,320.0
5043,309.0,0,263,1.0,1.0,-11,320.0
5044,310.0,0,263,0.0,0.0,-10,320.0
5045,311.0,0,263,1.0,1.0,-9,320.0
5046,312.0,0,263,1.0,0.0,-8,320.0
5047,313.0,0,263,0.0,2.0,-7,320.0
5048,314.0,0,263,2.0,0.0,-6,320.0
5049,315.0,0,263,1.0,2.0,-5,320.0
5050,316.0,0,263,1.0,4.0,-4,320.0
5051,317.0,0,263,0.0,2.0,-3,320.0
5052,318.0,0,263,0.0,1.0,-2,320.0
5053,319.0,0,263,211.0,61.0,-1,320.0
5054,320.0,1,263,297.0,175.0,0,320.0
5055,321.0,1,263,33.0,18.0,1,320.0
5056,322.0,1,263,5.0,4.0,2,320.0
5057,323.0,1,263,2.0,3.0,3,320.0
5058,324.0,1,263,12.0,5.0,4,320.0
5059,325.0,1,263,3.0,1.0,5,320.0
5060,326.0,1,263,1.0,1.0,6,320.0
5061,327.0,1,263,3.0,0.0,7,320.0
5062,328.0,1,263,0.0,2.0,8,320.0
5063,329.0,1,263,1.0,2.0,9,320.0
5064,330.0,1,263,0.0,1.0,10,320.0
5065,331.0,1,263,0.0,0.0,11,320.0
5066,332.0,1,263,1.0,0.0,12,320.0
5067,333.0,1,263,0.0,0.0,13,320.0
5068,178.0,0,264,0.0,0.0,-14,192.0
5069,179.0,0,264,0.0,0.0,-13,192.0
5070,180.0,0,264,0.0,0.0,-12,192.0
5071,181.0,0,264,0.0,0.0,-11,192.0
5072,182.0,0,264,0.0,0.0,-10,192.0
5073,183.0,0,264,0.0,0.0,-9,192.0
5074,184.0,0,264,0.0,0.0,-8,192.0
5075,185.0,0,264,0.0,0.0,-7,192.0
5076,186.0,0,264,0.0,0.0,-6,192.0
5077,187.0,0,264,0.0,0.0,-5,192.0
5078,188.0,0,264,0.0,0.0,-4,192.0
5079,189.0,0,264,1.0,1.0,-3,192.0
5080,190.0,0,264,0.0,2.0,-2,192.0
5081,191.0,0,264,0.0,1.0,-1,192.0
5082,192.0,1,264,20.0,4.0,0,192.0
5083,193.0,1,264,0.0,2.0,1,192.0
5084,194.0,1,264,0.0,2.0,2,192.0
5085,195.0,1,264,0.0,0.0,3,192.0
5086,196.0,1,264,0.0,2.0,4,192.0
5087,197.0,1,264,2.0,1.0,5,192.0
5088,198.0,1,264,0.0,0.0,6,192.0
5089,199.0,1,264,0.0,0.0,7,192.0
5090,200.0,1,264,1.0,0.0,8,192.0
5091,201.0,1,264,0.0,0.0,9,192.0
5092,202.0,1,264,0.0,0.0,10,192.0
5093,203.0,1,264,0.0,0.0,11,192.0
5094,204.0,1,264,0.0,0.0,12,192.0
5095,205.0,1,264,0.0,0.0,13,192.0
5096,99.0,0,268,44.0,81.0,-14,113.0
5097,100.0,0,268,23.0,48.0,-13,113.0
5098,101.0,0,268,19.0,52.0,-12,113.0
5099,102.0,0,268,22.0,46.0,-11,113.0
5100,103.0,0,268,55.0,121.0,-10,113.0
5101,104.0,0,268,88.0,222.0,-9,113.0
5102,105.0,0,268,41.0,171.0,-8,113.0
5103,106.0,0,268,28.0,90.0,-7,113.0
5104,107.0,0,268,17.0,47.0,-6,113.0
5105,108.0,0,268,16.0,79.0,-5,113.0
5106,109.0,0,268,22.0,86.0,-4,113.0
5107,110.0,0,268,48.0,120.0,-3,113.0
5108,111.0,0,268,1002.0,1386.0,-2,113.0
5109,112.0,0,268,703.0,1446.0,-1,113.0
5110,113.0,1,268,116.0,262.0,0,113.0
5111,114.0,1,268,51.0,107.0,1,113.0
5112,115.0,1,268,30.0,65.0,2,113.0
5113,116.0,1,268,25.0,69.0,3,113.0
5114,117.0,1,268,61.0,193.0,4,113.0
5115,118.0,1,268,52.0,122.0,5,113.0
5116,119.0,1,268,271.0,341.0,6,113.0
5117,120.0,1,268,110.0,283.0,7,113.0
5118,121.0,1,268,60.0,151.0,8,113.0
5119,122.0,1,268,128.0,121.0,9,113.0
5120,123.0,1,268,41.0,71.0,10,113.0
5121,124.0,1,268,27.0,66.0,11,113.0
5122,125.0,1,268,13.0,47.0,12,113.0
5123,126.0,1,268,15.0,45.0,13,113.0
5124,74.0,0,269,66.0,85.0,-14,88.0
5125,75.0,0,269,17.0,47.0,-13,88.0
5126,76.0,0,269,19.0,50.0,-12,88.0
5127,77.0,0,269,26.0,62.0,-11,88.0
5128,78.0,0,269,17.0,35.0,-10,88.0
5129,79.0,0,269,28.0,74.0,-9,88.0
5130,80.0,0,269,42.0,158.0,-8,88.0
5131,81.0,0,269,101.0,89.0,-7,88.0
5132,82.0,0,269,41.0,68.0,-6,88.0
5133,83.0,0,269,39.0,86.0,-5,88.0
5134,84.0,0,269,54.0,119.0,-4,88.0
5135,85.0,0,269,67.0,214.0,-3,88.0
5136,86.0,0,269,37.0,195.0,-2,88.0
5137,87.0,0,269,75.0,408.0,-1,88.0
5138,88.0,1,269,106.0,353.0,0,88.0
5139,89.0,1,269,225.0,481.0,1,88.0
5140,90.0,1,269,195.0,568.0,2,88.0
5141,91.0,1,269,80.0,321.0,3,88.0
5142,92.0,1,269,34.0,141.0,4,88.0
5143,93.0,1,269,48.0,189.0,5,88.0
5144,94.0,1,269,322.0,670.0,6,88.0
5145,95.0,1,269,54.0,241.0,7,88.0
5146,96.0,1,269,33.0,105.0,8,88.0
5147,97.0,1,269,65.0,168.0,9,88.0
5148,98.0,1,269,23.0,77.0,10,88.0
5149,99.0,1,269,9.0,70.0,11,88.0
5150,100.0,1,269,43.0,77.0,12,88.0
5151,101.0,1,269,31.0,100.0,13,88.0
5152,3.0,0,272,10.0,84.0,-14,17.0
5153,4.0,0,272,8.0,34.0,-13,17.0
5154,5.0,0,272,6.0,38.0,-12,17.0
5155,6.0,0,272,5.0,67.0,-11,17.0
5156,7.0,0,272,13.0,293.0,-10,17.0
5157,8.0,0,272,37.0,478.0,-9,17.0
5158,9.0,0,272,16.0,311.0,-8,17.0
5159,10.0,0,272,12.0,127.0,-7,17.0
5160,11.0,0,272,18.0,174.0,-6,17.0
5161,12.0,0,272,4.0,182.0,-5,17.0
5162,13.0,0,272,7.0,67.0,-4,17.0
5163,14.0,0,272,9.0,86.0,-3,17.0
5164,15.0,0,272,10.0,114.0,-2,17.0
5165,16.0,0,272,4.0,39.0,-1,17.0
5166,17.0,1,272,5.0,27.0,0,17.0
5167,18.0,1,272,0.0,23.0,1,17.0
5168,19.0,1,272,2.0,13.0,2,17.0
5169,20.0,1,272,4.0,45.0,3,17.0
5170,21.0,1,272,5.0,33.0,4,17.0
5171,22.0,1,272,1.0,31.0,5,17.0
5172,23.0,1,272,1.0,20.0,6,17.0
5173,24.0,1,272,2.0,28.0,7,17.0
5174,25.0,1,272,1.0,28.0,8,17.0
5175,26.0,1,272,18.0,449.0,9,17.0
5176,27.0,1,272,12.0,368.0,10,17.0
5177,28.0,1,272,31.0,913.0,11,17.0
5178,29.0,1,272,11.0,456.0,12,17.0
5179,30.0,1,272,12.0,512.0,13,17.0
5180,164.0,0,273,1.0,0.0,-14,178.0
5181,165.0,0,273,1.0,7.0,-13,178.0
5182,166.0,0,273,2.0,3.0,-12,178.0
5183,167.0,0,273,3.0,3.0,-11,178.0
5184,168.0,0,273,1.0,2.0,-10,178.0
5185,169.0,0,273,2.0,1.0,-9,178.0
5186,170.0,0,273,2.0,2.0,-8,178.0
5187,171.0,0,273,0.0,2.0,-7,178.0
5188,172.0,0,273,1.0,2.0,-6,178.0
5189,173.0,0,273,1.0,2.0,-5,178.0
5190,174.0,0,273,4.0,7.0,-4,178.0
5191,175.0,0,273,3.0,1.0,-3,178.0
5192,176.0,0,273,2.0,3.0,-2,178.0
5193,177.0,0,273,135.0,49.0,-1,178.0
5194,178.0,1,273,1652.0,1382.0,0,178.0
5195,179.0,1,273,85.0,74.0,1,178.0
5196,180.0,1,273,18.0,16.0,2,178.0
5197,181.0,1,273,11.0,9.0,3,178.0
5198,182.0,1,273,10.0,4.0,4,178.0
5199,183.0,1,273,25.0,6.0,5,178.0
5200,184.0,1,273,55.0,25.0,6,178.0
5201,185.0,1,273,25.0,9.0,7,178.0
5202,186.0,1,273,35.0,29.0,8,178.0
5203,187.0,1,273,14.0,14.0,9,178.0
5204,188.0,1,273,11.0,8.0,10,178.0
5205,189.0,1,273,9.0,10.0,11,178.0
5206,190.0,1,273,2.0,7.0,12,178.0
5207,191.0,1,273,10.0,3.0,13,178.0
5208,164.0,0,274,1.0,0.0,-14,178.0
5209,165.0,0,274,1.0,0.0,-13,178.0
5210,166.0,0,274,2.0,2.0,-12,178.0
5211,167.0,0,274,1.0,1.0,-11,178.0
5212,168.0,0,274,0.0,1.0,-10,178.0
5213,169.0,0,274,1.0,1.0,-9,178.0
5214,170.0,0,274,0.0,1.0,-8,178.0
5215,171.0,0,274,0.0,1.0,-7,178.0
5216,172.0,0,274,2.0,0.0,-6,178.0
5217,173.0,0,274,2.0,2.0,-5,178.0
5218,174.0,0,274,1.0,0.0,-4,178.0
5219,175.0,0,274,1.0,2.0,-3,178.0
5220,176.0,0,274,0.0,2.0,-2,178.0
5221,177.0,0,274,1.0,4.0,-1,178.0
5222,178.0,1,274,20.0,11.0,0,178.0
5223,179.0,1,274,3.0,6.0,1,178.0
5224,180.0,1,274,5.0,5.0,2,178.0
5225,181.0,1,274,2.0,2.0,3,178.0
5226,182.0,1,274,1.0,2.0,4,178.0
5227,183.0,1,274,2.0,0.0,5,178.0
5228,184.0,1,274,2.0,2.0,6,178.0
5229,185.0,1,274,0.0,1.0,7,178.0
5230,186.0,1,274,0.0,0.0,8,178.0
5231,187.0,1,274,4.0,3.0,9,178.0
5232,188.0,1,274,1.0,1.0,10,178.0
5233,189.0,1,274,2.0,0.0,11,178.0
5234,190.0,1,274,0.0,0.0,12,178.0
5235,191.0,1,274,1.0,0.0,13,178.0
5236,263.0,0,275,4.0,5.0,-14,277.0
5237,264.0,0,275,3.0,2.0,-13,277.0
5238,265.0,0,275,1.0,0.0,-12,277.0
5239,266.0,0,275,0.0,3.0,-11,277.0
5240,267.0,0,275,1.0,2.0,-10,277.0
5241,268.0,0,275,7.0,17.0,-9,277.0
5242,269.0,0,275,20.0,51.0,-8,277.0
5243,270.0,0,275,5.0,7.0,-7,277.0
5244,271.0,0,275,5.0,8.0,-6,277.0
5245,272.0,0,275,3.0,10.0,-5,277.0
5246,273.0,0,275,1.0,3.0,-4,277.0
5247,274.0,0,275,5.0,7.0,-3,277.0
5248,275.0,0,275,1.0,5.0,-2,277.0
5249,276.0,0,275,6.0,19.0,-1,277.0
5250,277.0,1,275,45.0,77.0,0,277.0
5251,278.0,1,275,8.0,12.0,1,277.0
5252,279.0,1,275,7.0,16.0,2,277.0
5253,280.0,1,275,1.0,3.0,3,277.0
5254,281.0,1,275,1.0,5.0,4,277.0
5255,282.0,1,275,2.0,1.0,5,277.0
5256,283.0,1,275,1.0,3.0,6,277.0
5257,284.0,1,275,1.0,4.0,7,277.0
5258,285.0,1,275,1.0,6.0,8,277.0
5259,286.0,1,275,1.0,3.0,9,277.0
5260,287.0,1,275,2.0,3.0,10,277.0
5261,288.0,1,275,2.0,2.0,11,277.0
5262,289.0,1,275,0.0,2.0,12,277.0
5263,290.0,1,275,9.0,15.0,13,277.0
5264,42.0,0,276,6.0,12.0,-14,56.0
5265,43.0,0,276,0.0,6.0,-13,56.0
5266,44.0,0,276,6.0,6.0,-12,56.0
5267,45.0,0,276,0.0,1.0,-11,56.0
5268,46.0,0,276,0.0,2.0,-10,56.0
5269,47.0,0,276,0.0,0.0,-9,56.0
5270,48.0,0,276,1.0,0.0,-8,56.0
5271,49.0,0,276,1.0,3.0,-7,56.0
5272,50.0,0,276,8.0,5.0,-6,56.0
5273,51.0,0,276,64.0,112.0,-5,56.0
5274,52.0,0,276,18.0,25.0,-4,56.0
5275,53.0,0,276,4.0,8.0,-3,56.0
5276,54.0,0,276,3.0,15.0,-2,56.0
5277,55.0,0,276,2.0,5.0,-1,56.0
5278,56.0,1,276,27.0,30.0,0,56.0
5279,57.0,1,276,58.0,46.0,1,56.0
5280,58.0,1,276,170.0,238.0,2,56.0
5281,59.0,1,276,21.0,47.0,3,56.0
5282,60.0,1,276,14.0,23.0,4,56.0
5283,61.0,1,276,9.0,10.0,5,56.0
5284,62.0,1,276,1.0,9.0,6,56.0
5285,63.0,1,276,2.0,2.0,7,56.0
5286,64.0,1,276,0.0,5.0,8,56.0
5287,65.0,1,276,3.0,5.0,9,56.0
5288,66.0,1,276,2.0,4.0,10,56.0
5289,67.0,1,276,1.0,2.0,11,56.0
5290,68.0,1,276,0.0,0.0,12,56.0
5291,69.0,1,276,0.0,2.0,13,56.0
5292,218.0,0,277,57.0,111.0,-14,232.0
5293,219.0,0,277,30.0,66.0,-13,232.0
5294,220.0,0,277,37.0,91.0,-12,232.0
5295,221.0,0,277,49.0,87.0,-11,232.0
5296,222.0,0,277,30.0,68.0,-10,232.0
5297,223.0,0,277,20.0,53.0,-9,232.0
5298,224.0,0,277,19.0,69.0,-8,232.0
5299,225.0,0,277,19.0,35.0,-7,232.0
5300,226.0,0,277,18.0,54.0,-6,232.0
5301,227.0,0,277,23.0,109.0,-5,232.0
5302,228.0,0,277,23.0,48.0,-4,232.0
5303,229.0,0,277,10.0,48.0,-3,232.0
5304,230.0,0,277,16.0,67.0,-2,232.0
5305,231.0,0,277,22.0,51.0,-1,232.0
5306,232.0,1,277,6.0,39.0,0,232.0
5307,233.0,1,277,23.0,54.0,1,232.0
5308,234.0,1,277,12.0,34.0,2,232.0
5309,235.0,1,277,16.0,57.0,3,232.0
5310,236.0,1,277,10.0,69.0,4,232.0
5311,237.0,1,277,29.0,60.0,5,232.0
5312,238.0,1,277,48.0,119.0,6,232.0
5313,239.0,1,277,15.0,62.0,7,232.0
5314,240.0,1,277,104.0,287.0,8,232.0
5315,241.0,1,277,23.0,84.0,9,232.0
5316,242.0,1,277,120.0,263.0,10,232.0
5317,243.0,1,277,28.0,89.0,11,232.0
5318,244.0,1,277,15.0,62.0,12,232.0
5319,245.0,1,277,71.0,236.0,13,232.0
5320,225.0,0,278,0.0,0.0,-14,239.0
5321,226.0,0,278,0.0,0.0,-13,239.0
5322,227.0,0,278,0.0,1.0,-12,239.0
5323,228.0,0,278,0.0,0.0,-11,239.0
5324,229.0,0,278,0.0,0.0,-10,239.0
5325,230.0,0,278,0.0,0.0,-9,239.0
5326,231.0,0,278,0.0,0.0,-8,239.0
5327,232.0,0,278,0.0,0.0,-7,239.0
5328,233.0,0,278,0.0,0.0,-6,239.0
5329,234.0,0,278,0.0,0.0,-5,239.0
5330,235.0,0,278,1.0,0.0,-4,239.0
5331,236.0,0,278,0.0,0.0,-3,239.0
5332,237.0,0,278,0.0,0.0,-2,239.0
5333,238.0,0,278,0.0,0.0,-1,239.0
5334,239.0,1,278,5.0,1.0,0,239.0
5335,240.0,1,278,0.0,0.0,1,239.0
5336,241.0,1,278,0.0,1.0,2,239.0
5337,242.0,1,278,0.0,1.0,3,239.0
5338,243.0,1,278,0.0,0.0,4,239.0
5339,244.0,1,278,0.0,0.0,5,239.0
5340,245.0,1,278,0.0,0.0,6,239.0
5341,246.0,1,278,0.0,0.0,7,239.0
5342,247.0,1,278,0.0,0.0,8,239.0
5343,248.0,1,278,0.0,1.0,9,239.0
5344,249.0,1,278,0.0,0.0,10,239.0
5345,250.0,1,278,0.0,0.0,11,239.0
5346,251.0,1,278,0.0,0.0,12,239.0
5347,252.0,1,278,0.0,0.0,13,239.0
5348,192.0,0,279,9.0,9.0,-14,206.0
5349,193.0,0,279,2.0,0.0,-13,206.0
5350,194.0,0,279,5.0,3.0,-12,206.0
5351,195.0,0,279,27.0,26.0,-11,206.0
5352,196.0,0,279,8.0,15.0,-10,206.0
5353,197.0,0,279,6.0,5.0,-9,206.0
5354,198.0,0,279,8.0,1.0,-8,206.0
5355,199.0,0,279,11.0,4.0,-7,206.0
5356,200.0,0,279,4.0,3.0,-6,206.0
5357,201.0,0,279,4.0,0.0,-5,206.0
5358,202.0,0,279,2.0,2.0,-4,206.0
5359,203.0,0,279,26.0,19.0,-3,206.0
5360,204.0,0,279,83.0,34.0,-2,206.0
5361,205.0,0,279,109.0,39.0,-1,206.0
5362,206.0,1,279,13.0,5.0,0,206.0
5363,207.0,1,279,10.0,5.0,1,206.0
5364,208.0,1,279,7.0,9.0,2,206.0
5365,209.0,1,279,39.0,31.0,3,206.0
5366,210.0,1,279,9.0,13.0,4,206.0
5367,211.0,1,279,55.0,38.0,5,206.0
5368,212.0,1,279,5.0,5.0,6,206.0
5369,213.0,1,279,2.0,9.0,7,206.0
5370,214.0,1,279,1.0,1.0,8,206.0
5371,215.0,1,279,1.0,1.0,9,206.0
5372,216.0,1,279,2.0,3.0,10,206.0
5373,217.0,1,279,1.0,4.0,11,206.0
5374,218.0,1,279,1.0,2.0,12,206.0
5375,219.0,1,279,0.0,2.0,13,206.0
5376,31.0,0,283,219.0,979.0,-14,45.0
5377,32.0,0,283,416.0,2097.0,-13,45.0
5378,33.0,0,283,587.0,2751.0,-12,45.0
5379,34.0,0,283,428.0,2603.0,-11,45.0
5380,35.0,0,283,461.0,2289.0,-10,45.0
5381,36.0,0,283,564.0,2804.0,-9,45.0
5382,37.0,0,283,760.0,4162.0,-8,45.0
5383,38.0,0,283,973.0,5774.0,-7,45.0
5384,39.0,0,283,486.0,2319.0,-6,45.0
5385,40.0,0,283,580.0,2652.0,-5,45.0
5386,41.0,0,283,471.0,2206.0,-4,45.0
5387,42.0,0,283,225.0,962.0,-3,45.0
5388,43.0,0,283,268.0,982.0,-2,45.0
5389,44.0,0,283,516.0,2497.0,-1,45.0
5390,45.0,1,283,892.0,1973.0,0,45.0
5391,46.0,1,283,165.0,973.0,1,45.0
5392,47.0,1,283,221.0,933.0,2,45.0
5393,48.0,1,283,327.0,2044.0,3,45.0
5394,49.0,1,283,224.0,986.0,4,45.0
5395,50.0,1,283,217.0,1361.0,5,45.0
5396,51.0,1,283,110.0,810.0,6,45.0
5397,52.0,1,283,91.0,571.0,7,45.0
5398,53.0,1,283,122.0,619.0,8,45.0
5399,54.0,1,283,180.0,691.0,9,45.0
5400,55.0,1,283,79.0,469.0,10,45.0
5401,56.0,1,283,98.0,400.0,11,45.0
5402,57.0,1,283,50.0,383.0,12,45.0
5403,58.0,1,283,223.0,1487.0,13,45.0
5404,27.0,0,287,9.0,51.0,-14,41.0
5405,28.0,0,287,14.0,58.0,-13,41.0
5406,29.0,0,287,28.0,57.0,-12,41.0
5407,30.0,0,287,685.0,2027.0,-11,41.0
5408,31.0,0,287,1209.0,3299.0,-10,41.0
5409,32.0,0,287,812.0,1678.0,-9,41.0
5410,33.0,0,287,581.0,801.0,-8,41.0
5411,34.0,0,287,375.0,498.0,-7,41.0
5412,35.0,0,287,281.0,403.0,-6,41.0
5413,36.0,0,287,288.0,362.0,-5,41.0
5414,37.0,0,287,273.0,273.0,-4,41.0
5415,38.0,0,287,251.0,296.0,-3,41.0
5416,39.0,0,287,392.0,561.0,-2,41.0
5417,40.0,0,287,460.0,629.0,-1,41.0
5418,41.0,1,287,751.0,1093.0,0,41.0
5419,42.0,1,287,291.0,389.0,1,41.0
5420,43.0,1,287,238.0,427.0,2,41.0
5421,44.0,1,287,1238.0,2543.0,3,41.0
5422,45.0,1,287,3959.0,10059.0,4,41.0
5423,46.0,1,287,2925.0,7672.0,5,41.0
5424,47.0,1,287,1969.0,7441.0,6,41.0
5425,48.0,1,287,1437.0,3696.0,7,41.0
5426,49.0,1,287,1186.0,3094.0,8,41.0
5427,50.0,1,287,509.0,1526.0,9,41.0
5428,51.0,1,287,689.0,2181.0,10,41.0
5429,52.0,1,287,826.0,2677.0,11,41.0
5430,53.0,1,287,196.0,754.0,12,41.0
5431,54.0,1,287,164.0,529.0,13,41.0
5432,120.0,0,289,3.0,1.0,-14,134.0
5433,121.0,0,289,1.0,0.0,-13,134.0
5434,122.0,0,289,1.0,2.0,-12,134.0
5435,123.0,0,289,2.0,4.0,-11,134.0
5436,124.0,0,289,0.0,0.0,-10,134.0
5437,125.0,0,289,3.0,1.0,-9,134.0
5438,126.0,0,289,6.0,0.0,-8,134.0
5439,127.0,0,289,2.0,1.0,-7,134.0
5440,128.0,0,289,4.0,2.0,-6,134.0
5441,129.0,0,289,0.0,1.0,-5,134.0
5442,130.0,0,289,2.0,0.0,-4,134.0
5443,131.0,0,289,1.0,0.0,-3,134.0
5444,132.0,0,289,1.0,1.0,-2,134.0
5445,133.0,0,289,39.0,23.0,-1,134.0
5446,134.0,1,289,9.0,9.0,0,134.0
5447,135.0,1,289,5.0,1.0,1,134.0
5448,136.0,1,289,1.0,0.0,2,134.0
5449,137.0,1,289,2.0,2.0,3,134.0
5450,138.0,1,289,1.0,1.0,4,134.0
5451,139.0,1,289,4.0,2.0,5,134.0
5452,140.0,1,289,0.0,0.0,6,134.0
5453,141.0,1,289,2.0,2.0,7,134.0
5454,142.0,1,289,0.0,0.0,8,134.0
5455,143.0,1,289,3.0,3.0,9,134.0
5456,144.0,1,289,2.0,2.0,10,134.0
5457,145.0,1,289,0.0,1.0,11,134.0
5458,146.0,1,289,0.0,0.0,12,134.0
5459,147.0,1,289,0.0,0.0,13,134.0
5460,79.0,0,290,138.0,713.0,-14,93.0
5461,80.0,0,290,456.0,1896.0,-13,93.0
5462,81.0,0,290,53.0,338.0,-12,93.0
5463,82.0,0,290,87.0,300.0,-11,93.0
5464,83.0,0,290,98.0,390.0,-10,93.0
5465,84.0,0,290,143.0,980.0,-9,93.0
5466,85.0,0,290,36.0,261.0,-8,93.0
5467,86.0,0,290,32.0,158.0,-7,93.0
5468,87.0,0,290,206.0,1011.0,-6,93.0
5469,88.0,0,290,64.0,305.0,-5,93.0
5470,89.0,0,290,239.0,1512.0,-4,93.0
5471,90.0,0,290,89.0,698.0,-3,93.0
5472,91.0,0,290,76.0,405.0,-2,93.0
5473,92.0,0,290,34.0,341.0,-1,93.0
5474,93.0,1,290,110.0,559.0,0,93.0
5475,94.0,1,290,90.0,629.0,1,93.0
5476,95.0,1,290,31.0,297.0,2,93.0
5477,96.0,1,290,29.0,225.0,3,93.0
5478,97.0,1,290,17.0,230.0,4,93.0
5479,98.0,1,290,18.0,239.0,5,93.0
5480,99.0,1,290,20.0,234.0,6,93.0
5481,100.0,1,290,537.0,5598.0,7,93.0
5482,101.0,1,290,234.0,3272.0,8,93.0
5483,102.0,1,290,132.0,2034.0,9,93.0
5484,103.0,1,290,50.0,951.0,10,93.0
5485,104.0,1,290,26.0,588.0,11,93.0
5486,105.0,1,290,36.0,600.0,12,93.0
5487,106.0,1,290,34.0,567.0,13,93.0
5488,46.0,0,291,86.0,281.0,-14,60.0
5489,47.0,0,291,129.0,487.0,-13,60.0
5490,48.0,0,291,77.0,280.0,-12,60.0
5491,49.0,0,291,54.0,178.0,-11,60.0
5492,50.0,0,291,33.0,106.0,-10,60.0
5493,51.0,0,291,97.0,132.0,-9,60.0
5494,52.0,0,291,52.0,151.0,-8,60.0
5495,53.0,0,291,71.0,200.0,-7,60.0
5496,54.0,0,291,118.0,205.0,-6,60.0
5497,55.0,0,291,135.0,236.0,-5,60.0
5498,56.0,0,291,51.0,86.0,-4,60.0
5499,57.0,0,291,30.0,119.0,-3,60.0
5500,58.0,0,291,27.0,74.0,-2,60.0
5501,59.0,0,291,37.0,90.0,-1,60.0
5502,60.0,1,291,138.0,196.0,0,60.0
5503,61.0,1,291,37.0,108.0,1,60.0
5504,62.0,1,291,21.0,55.0,2,60.0
5505,63.0,1,291,20.0,63.0,3,60.0
5506,64.0,1,291,25.0,72.0,4,60.0
5507,65.0,1,291,23.0,55.0,5,60.0
5508,66.0,1,291,12.0,51.0,6,60.0
5509,67.0,1,291,26.0,47.0,7,60.0
5510,68.0,1,291,19.0,60.0,8,60.0
5511,69.0,1,291,28.0,52.0,9,60.0
5512,70.0,1,291,54.0,112.0,10,60.0
5513,71.0,1,291,13.0,51.0,11,60.0
5514,72.0,1,291,21.0,60.0,12,60.0
5515,73.0,1,291,35.0,53.0,13,60.0
5516,285.0,0,292,4.0,14.0,-14,299.0
5517,286.0,0,292,9.0,30.0,-13,299.0
5518,287.0,0,292,5.0,17.0,-12,299.0
5519,288.0,0,292,17.0,17.0,-11,299.0
5520,289.0,0,292,9.0,5.0,-10,299.0
5521,290.0,0,292,5.0,12.0,-9,299.0
5522,291.0,0,292,8.0,17.0,-8,299.0
5523,292.0,0,292,9.0,14.0,-7,299.0
5524,293.0,0,292,8.0,14.0,-6,299.0
5525,294.0,0,292,7.0,21.0,-5,299.0
5526,295.0,0,292,5.0,9.0,-4,299.0
5527,296.0,0,292,2.0,7.0,-3,299.0
5528,297.0,0,292,10.0,9.0,-2,299.0
5529,298.0,0,292,5.0,12.0,-1,299.0
5530,299.0,1,292,13.0,10.0,0,299.0
5531,300.0,1,292,9.0,18.0,1,299.0
5532,301.0,1,292,4.0,9.0,2,299.0
5533,302.0,1,292,15.0,19.0,3,299.0
5534,303.0,1,292,11.0,25.0,4,299.0
5535,304.0,1,292,8.0,21.0,5,299.0
5536,305.0,1,292,9.0,19.0,6,299.0
5537,306.0,1,292,1.0,12.0,7,299.0
5538,307.0,1,292,5.0,17.0,8,299.0
5539,308.0,1,292,21.0,47.0,9,299.0
5540,309.0,1,292,3.0,18.0,10,299.0
5541,310.0,1,292,1.0,14.0,11,299.0
5542,311.0,1,292,3.0,11.0,12,299.0
5543,312.0,1,292,11.0,25.0,13,299.0
5544,87.0,0,294,809.0,841.0,-14,101.0
5545,88.0,0,294,132.0,216.0,-13,101.0
5546,89.0,0,294,628.0,650.0,-12,101.0
5547,90.0,0,294,896.0,1005.0,-11,101.0
5548,91.0,0,294,106.0,210.0,-10,101.0
5549,92.0,0,294,66.0,163.0,-9,101.0
5550,93.0,0,294,83.0,158.0,-8,101.0
5551,94.0,0,294,799.0,651.0,-7,101.0
5552,95.0,0,294,134.0,203.0,-6,101.0
5553,96.0,0,294,141.0,292.0,-5,101.0
5554,97.0,0,294,76.0,165.0,-4,101.0
5555,98.0,0,294,38.0,105.0,-3,101.0
5556,99.0,0,294,116.0,166.0,-2,101.0
5557,100.0,0,294,1030.0,1090.0,-1,101.0
5558,101.0,1,294,317.0,750.0,0,101.0
5559,102.0,1,294,429.0,1290.0,1,101.0
5560,103.0,1,294,209.0,661.0,2,101.0
5561,104.0,1,294,39.0,295.0,3,101.0
5562,105.0,1,294,87.0,332.0,4,101.0
5563,106.0,1,294,125.0,335.0,5,101.0
5564,107.0,1,294,47.0,254.0,6,101.0
5565,108.0,1,294,41.0,203.0,7,101.0
5566,109.0,1,294,49.0,148.0,8,101.0
5567,110.0,1,294,59.0,222.0,9,101.0
5568,111.0,1,294,60.0,213.0,10,101.0
5569,112.0,1,294,357.0,1212.0,11,101.0
5570,113.0,1,294,156.0,579.0,12,101.0
5571,114.0,1,294,189.0,533.0,13,101.0
5572,42.0,0,295,293.0,406.0,-14,56.0
5573,43.0,0,295,324.0,510.0,-13,56.0
5574,44.0,0,295,222.0,326.0,-12,56.0
5575,45.0,0,295,224.0,344.0,-11,56.0
5576,46.0,0,295,362.0,509.0,-10,56.0
5577,47.0,0,295,407.0,533.0,-9,56.0
5578,48.0,0,295,1994.0,1729.0,-8,56.0
5579,49.0,0,295,4403.0,3437.0,-7,56.0
5580,50.0,0,295,2985.0,2145.0,-6,56.0
5581,51.0,0,295,1714.0,1334.0,-5,56.0
5582,52.0,0,295,937.0,892.0,-4,56.0
5583,53.0,0,295,1634.0,1168.0,-3,56.0
5584,54.0,0,295,258.0,351.0,-2,56.0
5585,55.0,0,295,1814.0,1559.0,-1,56.0
5586,56.0,1,295,1118.0,1430.0,0,56.0
5587,57.0,1,295,1553.0,2225.0,1,56.0
5588,58.0,1,295,139.0,265.0,2,56.0
5589,59.0,1,295,1985.0,2992.0,3,56.0
5590,60.0,1,295,1082.0,1617.0,4,56.0
5591,61.0,1,295,119.0,265.0,5,56.0
5592,62.0,1,295,604.0,983.0,6,56.0
5593,63.0,1,295,484.0,715.0,7,56.0
5594,64.0,1,295,79.0,191.0,8,56.0
5595,65.0,1,295,50.0,123.0,9,56.0
5596,66.0,1,295,604.0,1028.0,10,56.0
5597,67.0,1,295,199.0,347.0,11,56.0
5598,68.0,1,295,98.0,188.0,12,56.0
5599,69.0,1,295,151.0,229.0,13,56.0
5600,234.0,0,297,1.0,1.0,-14,248.0
5601,235.0,0,297,0.0,0.0,-13,248.0
5602,236.0,0,297,0.0,0.0,-12,248.0
5603,237.0,0,297,0.0,0.0,-11,248.0
5604,238.0,0,297,0.0,1.0,-10,248.0
5605,239.0,0,297,0.0,0.0,-9,248.0
5606,240.0,0,297,0.0,0.0,-8,248.0
5607,241.0,0,297,0.0,0.0,-7,248.0
5608,242.0,0,297,0.0,0.0,-6,248.0
5609,243.0,0,297,0.0,0.0,-5,248.0
5610,244.0,0,297,0.0,0.0,-4,248.0
5611,245.0,0,297,0.0,0.0,-3,248.0
5612,246.0,0,297,0.0,2.0,-2,248.0
5613,247.0,0,297,11.0,4.0,-1,248.0
5614,248.0,1,297,53.0,39.0,0,248.0
5615,249.0,1,297,2.0,1.0,1,248.0
5616,250.0,1,297,1.0,0.0,2,248.0
5617,251.0,1,297,0.0,0.0,3,248.0
5618,252.0,1,297,0.0,0.0,4,248.0
5619,253.0,1,297,0.0,0.0,5,248.0
5620,254.0,1,297,0.0,0.0,6,248.0
5621,255.0,1,297,0.0,0.0,7,248.0
5622,256.0,1,297,0.0,0.0,8,248.0
5623,257.0,1,297,0.0,0.0,9,248.0
5624,258.0,1,297,0.0,0.0,10,248.0
5625,259.0,1,297,0.0,0.0,11,248.0
5626,260.0,1,297,0.0,0.0,12,248.0
5627,261.0,1,297,0.0,0.0,13,248.0
5628,117.0,0,298,0.0,0.0,-14,131.0
5629,118.0,0,298,0.0,1.0,-13,131.0
5630,119.0,0,298,0.0,0.0,-12,131.0
5631,120.0,0,298,0.0,0.0,-11,131.0
5632,121.0,0,298,0.0,0.0,-10,131.0
5633,122.0,0,298,0.0,0.0,-9,131.0
5634,123.0,0,298,0.0,0.0,-8,131.0
5635,124.0,0,298,0.0,0.0,-7,131.0
5636,125.0,0,298,0.0,0.0,-6,131.0
5637,126.0,0,298,0.0,0.0,-5,131.0
5638,127.0,0,298,0.0,0.0,-4,131.0
5639,128.0,0,298,0.0,0.0,-3,131.0
5640,129.0,0,298,0.0,0.0,-2,131.0
5641,130.0,0,298,0.0,0.0,-1,131.0
5642,131.0,1,298,5.0,2.0,0,131.0
5643,132.0,1,298,1.0,0.0,1,131.0
5644,133.0,1,298,0.0,1.0,2,131.0
5645,134.0,1,298,0.0,0.0,3,131.0
5646,135.0,1,298,0.0,0.0,4,131.0
5647,136.0,1,298,0.0,0.0,5,131.0
5648,137.0,1,298,0.0,0.0,6,131.0
5649,138.0,1,298,0.0,0.0,7,131.0
5650,139.0,1,298,0.0,0.0,8,131.0
5651,140.0,1,298,0.0,0.0,9,131.0
5652,141.0,1,298,0.0,0.0,10,131.0
5653,142.0,1,298,0.0,0.0,11,131.0
5654,143.0,1,298,0.0,0.0,12,131.0
5655,144.0,1,298,0.0,0.0,13,131.0
5656,82.0,0,299,69.0,98.0,-14,96.0
5657,83.0,0,299,112.0,131.0,-13,96.0
5658,84.0,0,299,63.0,207.0,-12,96.0
5659,85.0,0,299,50.0,138.0,-11,96.0
5660,86.0,0,299,42.0,107.0,-10,96.0
5661,87.0,0,299,93.0,248.0,-9,96.0
5662,88.0,0,299,102.0,292.0,-8,96.0
5663,89.0,0,299,626.0,1218.0,-7,96.0
5664,90.0,0,299,205.0,592.0,-6,96.0
5665,91.0,0,299,127.0,387.0,-5,96.0
5666,92.0,0,299,79.0,309.0,-4,96.0
5667,93.0,0,299,61.0,218.0,-3,96.0
5668,94.0,0,299,91.0,278.0,-2,96.0
5669,95.0,0,299,63.0,238.0,-1,96.0
5670,96.0,1,299,106.0,441.0,0,96.0
5671,97.0,1,299,46.0,249.0,1,96.0
5672,98.0,1,299,27.0,225.0,2,96.0
5673,99.0,1,299,42.0,233.0,3,96.0
5674,100.0,1,299,21.0,313.0,4,96.0
5675,101.0,1,299,74.0,550.0,5,96.0
5676,102.0,1,299,140.0,927.0,6,96.0
5677,103.0,1,299,112.0,935.0,7,96.0
5678,104.0,1,299,78.0,787.0,8,96.0
5679,105.0,1,299,56.0,652.0,9,96.0
5680,106.0,1,299,44.0,456.0,10,96.0
5681,107.0,1,299,55.0,512.0,11,96.0
5682,108.0,1,299,28.0,332.0,12,96.0
5683,109.0,1,299,59.0,324.0,13,96.0
5684,152.0,0,301,40.0,89.0,-14,166.0
5685,153.0,0,301,113.0,216.0,-13,166.0
5686,154.0,0,301,154.0,308.0,-12,166.0
5687,155.0,0,301,121.0,279.0,-11,166.0
5688,156.0,0,301,65.0,146.0,-10,166.0
5689,157.0,0,301,55.0,143.0,-9,166.0
5690,158.0,0,301,29.0,70.0,-8,166.0
5691,159.0,0,301,32.0,68.0,-7,166.0
5692,160.0,0,301,66.0,126.0,-6,166.0
5693,161.0,0,301,43.0,113.0,-5,166.0
5694,162.0,0,301,43.0,95.0,-4,166.0
5695,163.0,0,301,92.0,186.0,-3,166.0
5696,164.0,0,301,41.0,108.0,-2,166.0
5697,165.0,0,301,1054.0,1590.0,-1,166.0
5698,166.0,1,301,317.0,529.0,0,166.0
5699,167.0,1,301,77.0,144.0,1,166.0
5700,168.0,1,301,33.0,76.0,2,166.0
5701,169.0,1,301,363.0,544.0,3,166.0
5702,170.0,1,301,260.0,465.0,4,166.0
5703,171.0,1,301,21.0,61.0,5,166.0
5704,172.0,1,301,271.0,324.0,6,166.0
5705,173.0,1,301,600.0,937.0,7,166.0
5706,174.0,1,301,70.0,203.0,8,166.0
5707,175.0,1,301,25.0,79.0,9,166.0
5708,176.0,1,301,150.0,269.0,10,166.0
5709,177.0,1,301,52.0,100.0,11,166.0
5710,178.0,1,301,10.0,55.0,12,166.0
5711,179.0,1,301,104.0,206.0,13,166.0
5712,130.0,0,302,5.0,10.0,-14,144.0
5713,131.0,0,302,5.0,4.0,-13,144.0
5714,132.0,0,302,5.0,2.0,-12,144.0
5715,133.0,0,302,8.0,6.0,-11,144.0
5716,134.0,0,302,5.0,4.0,-10,144.0
5717,135.0,0,302,7.0,6.0,-9,144.0
5718,136.0,0,302,6.0,7.0,-8,144.0
5719,137.0,0,302,8.0,10.0,-7,144.0
5720,138.0,0,302,5.0,6.0,-6,144.0
5721,139.0,0,302,6.0,5.0,-5,144.0
5722,140.0,0,302,4.0,2.0,-4,144.0
5723,141.0,0,302,2.0,3.0,-3,144.0
5724,142.0,0,302,5.0,9.0,-2,144.0
5725,143.0,0,302,5.0,5.0,-1,144.0
5726,144.0,1,302,25.0,11.0,0,144.0
5727,145.0,1,302,2.0,3.0,1,144.0
5728,146.0,1,302,6.0,0.0,2,144.0
5729,147.0,1,302,5.0,7.0,3,144.0
5730,148.0,1,302,6.0,6.0,4,144.0
5731,149.0,1,302,3.0,2.0,5,144.0
5732,150.0,1,302,4.0,3.0,6,144.0
5733,151.0,1,302,3.0,4.0,7,144.0
5734,152.0,1,302,5.0,4.0,8,144.0
5735,153.0,1,302,0.0,2.0,9,144.0
5736,154.0,1,302,11.0,16.0,10,144.0
5737,155.0,1,302,4.0,1.0,11,144.0
5738,156.0,1,302,1.0,2.0,12,144.0
5739,157.0,1,302,6.0,2.0,13,144.0
5740,89.0,0,304,8.0,10.0,-14,103.0
5741,90.0,0,304,9.0,11.0,-13,103.0
5742,91.0,0,304,4.0,6.0,-12,103.0
5743,92.0,0,304,6.0,3.0,-11,103.0
5744,93.0,0,304,3.0,2.0,-10,103.0
5745,94.0,0,304,4.0,6.0,-9,103.0
5746,95.0,0,304,5.0,14.0,-8,103.0
5747,96.0,0,304,4.0,3.0,-7,103.0
5748,97.0,0,304,15.0,5.0,-6,103.0
5749,98.0,0,304,7.0,15.0,-5,103.0
5750,99.0,0,304,8.0,9.0,-4,103.0
5751,100.0,0,304,3.0,5.0,-3,103.0
5752,101.0,0,304,5.0,7.0,-2,103.0
5753,102.0,0,304,45.0,56.0,-1,103.0
5754,103.0,1,304,53.0,62.0,0,103.0
5755,104.0,1,304,4.0,24.0,1,103.0
5756,105.0,1,304,6.0,11.0,2,103.0
5757,106.0,1,304,41.0,45.0,3,103.0
5758,107.0,1,304,33.0,23.0,4,103.0
5759,108.0,1,304,1.0,13.0,5,103.0
5760,109.0,1,304,71.0,119.0,6,103.0
5761,110.0,1,304,271.0,371.0,7,103.0
5762,111.0,1,304,67.0,153.0,8,103.0
5763,112.0,1,304,22.0,27.0,9,103.0
5764,113.0,1,304,14.0,15.0,10,103.0
5765,114.0,1,304,13.0,27.0,11,103.0
5766,115.0,1,304,70.0,124.0,12,103.0
5767,116.0,1,304,23.0,44.0,13,103.0
5768,56.0,0,305,48.0,62.0,-14,70.0
5769,57.0,0,305,202.0,344.0,-13,70.0
5770,58.0,0,305,61.0,140.0,-12,70.0
5771,59.0,0,305,113.0,65.0,-11,70.0
5772,60.0,0,305,197.0,72.0,-10,70.0
5773,61.0,0,305,36.0,35.0,-9,70.0
5774,62.0,0,305,14.0,14.0,-8,70.0
5775,63.0,0,305,51.0,25.0,-7,70.0
5776,64.0,0,305,46.0,16.0,-6,70.0
5777,65.0,0,305,26.0,20.0,-5,70.0
5778,66.0,0,305,31.0,37.0,-4,70.0
5779,67.0,0,305,137.0,80.0,-3,70.0
5780,68.0,0,305,25.0,19.0,-2,70.0
5781,69.0,0,305,37.0,30.0,-1,70.0
5782,70.0,1,305,239.0,169.0,0,70.0
5783,71.0,1,305,196.0,90.0,1,70.0
5784,72.0,1,305,207.0,72.0,2,70.0
5785,73.0,1,305,89.0,49.0,3,70.0
5786,74.0,1,305,56.0,37.0,4,70.0
5787,75.0,1,305,27.0,20.0,5,70.0
5788,76.0,1,305,62.0,31.0,6,70.0
5789,77.0,1,305,68.0,59.0,7,70.0
5790,78.0,1,305,69.0,46.0,8,70.0
5791,79.0,1,305,55.0,32.0,9,70.0
5792,80.0,1,305,68.0,44.0,10,70.0
5793,81.0,1,305,618.0,498.0,11,70.0
5794,82.0,1,305,477.0,371.0,12,70.0
5795,83.0,1,305,141.0,122.0,13,70.0
5796,27.0,0,306,5.0,70.0,-14,41.0
5797,28.0,0,306,13.0,78.0,-13,41.0
5798,29.0,0,306,13.0,72.0,-12,41.0
5799,30.0,0,306,10.0,77.0,-11,41.0
5800,31.0,0,306,87.0,321.0,-10,41.0
5801,32.0,0,306,120.0,358.0,-9,41.0
5802,33.0,0,306,210.0,768.0,-8,41.0
5803,34.0,0,306,193.0,651.0,-7,41.0
5804,35.0,0,306,230.0,890.0,-6,41.0
5805,36.0,0,306,255.0,812.0,-5,41.0
5806,37.0,0,306,294.0,1033.0,-4,41.0
5807,38.0,0,306,295.0,1088.0,-3,41.0
5808,39.0,0,306,196.0,677.0,-2,41.0
5809,40.0,0,306,173.0,571.0,-1,41.0
5810,41.0,1,306,147.0,539.0,0,41.0
5811,42.0,1,306,65.0,351.0,1,41.0
5812,43.0,1,306,44.0,248.0,2,41.0
5813,44.0,1,306,66.0,299.0,3,41.0
5814,45.0,1,306,54.0,330.0,4,41.0
5815,46.0,1,306,38.0,206.0,5,41.0
5816,47.0,1,306,33.0,166.0,6,41.0
5817,48.0,1,306,25.0,131.0,7,41.0
5818,49.0,1,306,41.0,220.0,8,41.0
5819,50.0,1,306,44.0,189.0,9,41.0
5820,51.0,1,306,42.0,204.0,10,41.0
5821,52.0,1,306,28.0,156.0,11,41.0
5822,53.0,1,306,32.0,122.0,12,41.0
5823,54.0,1,306,28.0,143.0,13,41.0
5824,6.0,0,308,14.0,148.0,-14,20.0
5825,7.0,0,308,24.0,591.0,-13,20.0
5826,8.0,0,308,13.0,296.0,-12,20.0
5827,9.0,0,308,6.0,63.0,-11,20.0
5828,10.0,0,308,6.0,50.0,-10,20.0
5829,11.0,0,308,2.0,45.0,-9,20.0
5830,12.0,0,308,2.0,26.0,-8,20.0
5831,13.0,0,308,3.0,33.0,-7,20.0
5832,14.0,0,308,1.0,33.0,-6,20.0
5833,15.0,0,308,4.0,27.0,-5,20.0
5834,16.0,0,308,4.0,23.0,-4,20.0
5835,17.0,0,308,2.0,9.0,-3,20.0
5836,18.0,0,308,1.0,12.0,-2,20.0
5837,19.0,0,308,2.0,59.0,-1,20.0
5838,20.0,1,308,4.0,29.0,0,20.0
5839,21.0,1,308,0.0,3.0,1,20.0
5840,22.0,1,308,0.0,13.0,2,20.0
5841,23.0,1,308,0.0,12.0,3,20.0
5842,24.0,1,308,0.0,13.0,4,20.0
5843,25.0,1,308,2.0,81.0,5,20.0
5844,26.0,1,308,2.0,21.0,6,20.0
5845,27.0,1,308,4.0,77.0,7,20.0
5846,28.0,1,308,5.0,285.0,8,20.0
5847,29.0,1,308,2.0,219.0,9,20.0
5848,30.0,1,308,10.0,421.0,10,20.0
5849,31.0,1,308,13.0,594.0,11,20.0
5850,32.0,1,308,26.0,1139.0,12,20.0
5851,33.0,1,308,7.0,661.0,13,20.0
5852,105.0,0,309,28.0,68.0,-14,119.0
5853,106.0,0,309,34.0,51.0,-13,119.0
5854,107.0,0,309,36.0,60.0,-12,119.0
5855,108.0,0,309,335.0,254.0,-11,119.0
5856,109.0,0,309,61.0,60.0,-10,119.0
5857,110.0,0,309,24.0,48.0,-9,119.0
5858,111.0,0,309,21.0,43.0,-8,119.0
5859,112.0,0,309,28.0,35.0,-7,119.0
5860,113.0,0,309,32.0,26.0,-6,119.0
5861,114.0,0,309,87.0,103.0,-5,119.0
5862,115.0,0,309,1250.0,2101.0,-4,119.0
5863,116.0,0,309,246.0,365.0,-3,119.0
5864,117.0,0,309,322.0,619.0,-2,119.0
5865,118.0,0,309,174.0,307.0,-1,119.0
5866,119.0,1,309,513.0,626.0,0,119.0
5867,120.0,1,309,231.0,353.0,1,119.0
5868,121.0,1,309,126.0,207.0,2,119.0
5869,122.0,1,309,45.0,100.0,3,119.0
5870,123.0,1,309,27.0,64.0,4,119.0
5871,124.0,1,309,23.0,54.0,5,119.0
5872,125.0,1,309,50.0,63.0,6,119.0
5873,126.0,1,309,40.0,85.0,7,119.0
5874,127.0,1,309,47.0,82.0,8,119.0
5875,128.0,1,309,47.0,78.0,9,119.0
5876,129.0,1,309,19.0,56.0,10,119.0
5877,130.0,1,309,64.0,116.0,11,119.0
5878,131.0,1,309,46.0,90.0,12,119.0
5879,132.0,1,309,19.0,26.0,13,119.0
5880,117.0,0,310,0.0,0.0,-14,131.0
5881,118.0,0,310,0.0,1.0,-13,131.0
5882,119.0,0,310,0.0,0.0,-12,131.0
5883,120.0,0,310,0.0,1.0,-11,131.0
5884,121.0,0,310,0.0,0.0,-10,131.0
5885,122.0,0,310,0.0,0.0,-9,131.0
5886,123.0,0,310,0.0,0.0,-8,131.0
5887,124.0,0,310,0.0,0.0,-7,131.0
5888,125.0,0,310,0.0,0.0,-6,131.0
5889,126.0,0,310,0.0,0.0,-5,131.0
5890,127.0,0,310,2.0,2.0,-4,131.0
5891,128.0,0,310,0.0,0.0,-3,131.0
5892,129.0,0,310,0.0,0.0,-2,131.0
5893,130.0,0,310,1.0,1.0,-1,131.0
5894,131.0,1,310,5.0,3.0,0,131.0
5895,132.0,1,310,1.0,0.0,1,131.0
5896,133.0,1,310,0.0,0.0,2,131.0
5897,134.0,1,310,2.0,2.0,3,131.0
5898,135.0,1,310,0.0,2.0,4,131.0
5899,136.0,1,310,0.0,0.0,5,131.0
5900,137.0,1,310,0.0,1.0,6,131.0
5901,138.0,1,310,0.0,0.0,7,131.0
5902,139.0,1,310,0.0,1.0,8,131.0
5903,140.0,1,310,0.0,0.0,9,131.0
5904,141.0,1,310,1.0,0.0,10,131.0
5905,142.0,1,310,0.0,0.0,11,131.0
5906,143.0,1,310,0.0,2.0,12,131.0
5907,144.0,1,310,0.0,0.0,13,131.0
5908,178.0,0,311,4.0,5.0,-14,192.0
5909,179.0,0,311,0.0,1.0,-13,192.0
5910,180.0,0,311,0.0,0.0,-12,192.0
5911,181.0,0,311,0.0,0.0,-11,192.0
5912,182.0,0,311,0.0,1.0,-10,192.0
5913,183.0,0,311,0.0,0.0,-9,192.0
5914,184.0,0,311,0.0,0.0,-8,192.0
5915,185.0,0,311,0.0,0.0,-7,192.0
5916,186.0,0,311,0.0,0.0,-6,192.0
5917,187.0,0,311,0.0,0.0,-5,192.0
5918,188.0,0,311,1.0,0.0,-4,192.0
5919,189.0,0,311,0.0,0.0,-3,192.0
5920,190.0,0,311,0.0,0.0,-2,192.0
5921,191.0,0,311,3.0,1.0,-1,192.0
5922,192.0,1,311,9.0,7.0,0,192.0
5923,193.0,1,311,1.0,0.0,1,192.0
5924,194.0,1,311,1.0,1.0,2,192.0
5925,195.0,1,311,1.0,1.0,3,192.0
5926,196.0,1,311,0.0,0.0,4,192.0
5927,197.0,1,311,1.0,0.0,5,192.0
5928,198.0,1,311,0.0,0.0,6,192.0
5929,199.0,1,311,0.0,0.0,7,192.0
5930,200.0,1,311,0.0,0.0,8,192.0
5931,201.0,1,311,1.0,0.0,9,192.0
5932,202.0,1,311,0.0,0.0,10,192.0
5933,203.0,1,311,0.0,0.0,11,192.0
5934,204.0,1,311,0.0,0.0,12,192.0
5935,205.0,1,311,0.0,0.0,13,192.0
5936,243.0,0,312,123.0,163.0,-14,257.0
5937,244.0,0,312,330.0,327.0,-13,257.0
5938,245.0,0,312,649.0,600.0,-12,257.0
5939,246.0,0,312,613.0,670.0,-11,257.0
5940,247.0,0,312,535.0,964.0,-10,257.0
5941,248.0,0,312,733.0,1355.0,-9,257.0
5942,249.0,0,312,53.0,100.0,-8,257.0
5943,250.0,0,312,341.0,431.0,-7,257.0
5944,251.0,0,312,127.0,186.0,-6,257.0
5945,252.0,0,312,1244.0,1826.0,-5,257.0
5946,253.0,0,312,388.0,578.0,-4,257.0
5947,254.0,0,312,37.0,55.0,-3,257.0
5948,255.0,0,312,270.0,150.0,-2,257.0
5949,256.0,0,312,1404.0,1404.0,-1,257.0
5950,257.0,1,312,541.0,525.0,0,257.0
5951,258.0,1,312,173.0,231.0,1,257.0
5952,259.0,1,312,47.0,93.0,2,257.0
5953,260.0,1,312,122.0,345.0,3,257.0
5954,261.0,1,312,22.0,42.0,4,257.0
5955,262.0,1,312,16.0,27.0,5,257.0
5956,263.0,1,312,884.0,870.0,6,257.0
5957,264.0,1,312,137.0,165.0,7,257.0
5958,265.0,1,312,49.0,77.0,8,257.0
5959,266.0,1,312,9.0,17.0,9,257.0
5960,267.0,1,312,19.0,24.0,10,257.0
5961,268.0,1,312,6.0,14.0,11,257.0
5962,269.0,1,312,6.0,12.0,12,257.0
5963,270.0,1,312,7.0,10.0,13,257.0
5964,56.0,0,313,931.0,2309.0,-14,70.0
5965,57.0,0,313,372.0,1152.0,-13,70.0
5966,58.0,0,313,1567.0,4047.0,-12,70.0
5967,59.0,0,313,1255.0,3351.0,-11,70.0
5968,60.0,0,313,738.0,2554.0,-10,70.0
5969,61.0,0,313,207.0,851.0,-9,70.0
5970,62.0,0,313,665.0,1814.0,-8,70.0
5971,63.0,0,313,161.0,666.0,-7,70.0
5972,64.0,0,313,74.0,384.0,-6,70.0
5973,65.0,0,313,75.0,308.0,-5,70.0
5974,66.0,0,313,192.0,604.0,-4,70.0
5975,67.0,0,313,98.0,336.0,-3,70.0
5976,68.0,0,313,152.0,489.0,-2,70.0
5977,69.0,0,313,74.0,317.0,-1,70.0
5978,70.0,1,313,176.0,448.0,0,70.0
5979,71.0,1,313,302.0,1055.0,1,70.0
5980,72.0,1,313,181.0,676.0,2,70.0
5981,73.0,1,313,98.0,479.0,3,70.0
5982,74.0,1,313,96.0,451.0,4,70.0
5983,75.0,1,313,38.0,202.0,5,70.0
5984,76.0,1,313,66.0,257.0,6,70.0
5985,77.0,1,313,83.0,435.0,7,70.0
5986,78.0,1,313,52.0,281.0,8,70.0
5987,79.0,1,313,51.0,292.0,9,70.0
5988,80.0,1,313,673.0,2389.0,10,70.0
5989,81.0,1,313,116.0,526.0,11,70.0
5990,82.0,1,313,116.0,498.0,12,70.0
5991,83.0,1,313,183.0,775.0,13,70.0
5992,52.0,0,314,121.0,128.0,-14,66.0
5993,53.0,0,314,45.0,47.0,-13,66.0
5994,54.0,0,314,26.0,36.0,-12,66.0
5995,55.0,0,314,17.0,24.0,-11,66.0
5996,56.0,0,314,15.0,13.0,-10,66.0
5997,57.0,0,314,19.0,22.0,-9,66.0
5998,58.0,0,314,16.0,8.0,-8,66.0
5999,59.0,0,314,22.0,39.0,-7,66.0
6000,60.0,0,314,15.0,13.0,-6,66.0
6001,61.0,0,314,3.0,15.0,-5,66.0
6002,62.0,0,314,7.0,11.0,-4,66.0
6003,63.0,0,314,28.0,29.0,-3,66.0
6004,64.0,0,314,14.0,4.0,-2,66.0
6005,65.0,0,314,11.0,14.0,-1,66.0
6006,66.0,1,314,100.0,67.0,0,66.0
6007,67.0,1,314,9.0,29.0,1,66.0
6008,68.0,1,314,12.0,19.0,2,66.0
6009,69.0,1,314,5.0,9.0,3,66.0
6010,70.0,1,314,5.0,9.0,4,66.0
6011,71.0,1,314,6.0,4.0,5,66.0
6012,72.0,1,314,98.0,60.0,6,66.0
6013,73.0,1,314,27.0,18.0,7,66.0
6014,74.0,1,314,11.0,13.0,8,66.0
6015,75.0,1,314,2.0,3.0,9,66.0
6016,76.0,1,314,8.0,11.0,10,66.0
6017,77.0,1,314,7.0,10.0,11,66.0
6018,78.0,1,314,45.0,53.0,12,66.0
6019,79.0,1,314,31.0,34.0,13,66.0
6020,164.0,0,315,50.0,463.0,-14,178.0
6021,165.0,0,315,46.0,447.0,-13,178.0
6022,166.0,0,315,49.0,430.0,-12,178.0
6023,167.0,0,315,50.0,455.0,-11,178.0
6024,168.0,0,315,42.0,423.0,-10,178.0
6025,169.0,0,315,60.0,437.0,-9,178.0
6026,170.0,0,315,50.0,432.0,-8,178.0
6027,171.0,0,315,53.0,438.0,-7,178.0
6028,172.0,0,315,48.0,386.0,-6,178.0
6029,173.0,0,315,47.0,450.0,-5,178.0
6030,174.0,0,315,77.0,540.0,-4,178.0
6031,175.0,0,315,57.0,980.0,-3,178.0
6032,176.0,0,315,55.0,1107.0,-2,178.0
6033,177.0,0,315,73.0,1127.0,-1,178.0
6034,178.0,1,315,67.0,866.0,0,178.0
6035,179.0,1,315,44.0,810.0,1,178.0
6036,180.0,1,315,50.0,610.0,2,178.0
6037,181.0,1,315,39.0,560.0,3,178.0
6038,182.0,1,315,43.0,430.0,4,178.0
6039,183.0,1,315,36.0,300.0,5,178.0
6040,184.0,1,315,19.0,255.0,6,178.0
6041,185.0,1,315,34.0,269.0,7,178.0
6042,186.0,1,315,40.0,334.0,8,178.0
6043,187.0,1,315,20.0,287.0,9,178.0
6044,188.0,1,315,36.0,305.0,10,178.0
6045,189.0,1,315,32.0,307.0,11,178.0
6046,190.0,1,315,40.0,266.0,12,178.0
6047,191.0,1,315,23.0,294.0,13,178.0
6048,178.0,0,316,4.0,5.0,-14,192.0
6049,179.0,0,316,3.0,2.0,-13,192.0
6050,180.0,0,316,3.0,3.0,-12,192.0
6051,181.0,0,316,0.0,1.0,-11,192.0
6052,182.0,0,316,1.0,0.0,-10,192.0
6053,183.0,0,316,1.0,0.0,-9,192.0
6054,184.0,0,316,1.0,0.0,-8,192.0
6055,185.0,0,316,1.0,1.0,-7,192.0
6056,186.0,0,316,0.0,3.0,-6,192.0
6057,187.0,0,316,0.0,1.0,-5,192.0
6058,188.0,0,316,0.0,0.0,-4,192.0
6059,189.0,0,316,0.0,0.0,-3,192.0
6060,190.0,0,316,1.0,0.0,-2,192.0
6061,191.0,0,316,9.0,1.0,-1,192.0
6062,192.0,1,316,13.0,4.0,0,192.0
6063,193.0,1,316,3.0,2.0,1,192.0
6064,194.0,1,316,1.0,0.0,2,192.0
6065,195.0,1,316,1.0,1.0,3,192.0
6066,196.0,1,316,0.0,3.0,4,192.0
6067,197.0,1,316,4.0,3.0,5,192.0
6068,198.0,1,316,1.0,1.0,6,192.0
6069,199.0,1,316,1.0,5.0,7,192.0
6070,200.0,1,316,0.0,0.0,8,192.0
6071,201.0,1,316,1.0,3.0,9,192.0
6072,202.0,1,316,1.0,0.0,10,192.0
6073,203.0,1,316,0.0,0.0,11,192.0
6074,204.0,1,316,3.0,2.0,12,192.0
6075,205.0,1,316,2.0,1.0,13,192.0
6076,156.0,0,317,3.0,11.0,-14,170.0
6077,157.0,0,317,5.0,16.0,-13,170.0
6078,158.0,0,317,11.0,31.0,-12,170.0
6079,159.0,0,317,7.0,19.0,-11,170.0
6080,160.0,0,317,7.0,26.0,-10,170.0
6081,161.0,0,317,13.0,25.0,-9,170.0
6082,162.0,0,317,12.0,22.0,-8,170.0
6083,163.0,0,317,6.0,14.0,-7,170.0
6084,164.0,0,317,9.0,11.0,-6,170.0
6085,165.0,0,317,13.0,14.0,-5,170.0
6086,166.0,0,317,31.0,33.0,-4,170.0
6087,167.0,0,317,25.0,44.0,-3,170.0
6088,168.0,0,317,109.0,96.0,-2,170.0
6089,169.0,0,317,79.0,39.0,-1,170.0
6090,170.0,1,317,109.0,47.0,0,170.0
6091,171.0,1,317,90.0,38.0,1,170.0
6092,172.0,1,317,13.0,24.0,2,170.0
6093,173.0,1,317,22.0,27.0,3,170.0
6094,174.0,1,317,17.0,31.0,4,170.0
6095,175.0,1,317,4.0,7.0,5,170.0
6096,176.0,1,317,4.0,13.0,6,170.0
6097,177.0,1,317,11.0,15.0,7,170.0
6098,178.0,1,317,15.0,20.0,8,170.0
6099,179.0,1,317,32.0,58.0,9,170.0
6100,180.0,1,317,14.0,27.0,10,170.0
6101,181.0,1,317,36.0,20.0,11,170.0
6102,182.0,1,317,26.0,32.0,12,170.0
6103,183.0,1,317,8.0,18.0,13,170.0
6104,36.0,0,318,126.0,448.0,-14,50.0
6105,37.0,0,318,122.0,560.0,-13,50.0
6106,38.0,0,318,88.0,245.0,-12,50.0
6107,39.0,0,318,568.0,1383.0,-11,50.0
6108,40.0,0,318,138.0,380.0,-10,50.0
6109,41.0,0,318,83.0,303.0,-9,50.0
6110,42.0,0,318,79.0,264.0,-8,50.0
6111,43.0,0,318,65.0,206.0,-7,50.0
6112,44.0,0,318,74.0,173.0,-6,50.0
6113,45.0,0,318,64.0,230.0,-5,50.0
6114,46.0,0,318,41.0,140.0,-4,50.0
6115,47.0,0,318,32.0,118.0,-3,50.0
6116,48.0,0,318,35.0,84.0,-2,50.0
6117,49.0,0,318,142.0,259.0,-1,50.0
6118,50.0,1,318,787.0,945.0,0,50.0
6119,51.0,1,318,46.0,132.0,1,50.0
6120,52.0,1,318,32.0,76.0,2,50.0
6121,53.0,1,318,47.0,121.0,3,50.0
6122,54.0,1,318,20.0,68.0,4,50.0
6123,55.0,1,318,56.0,185.0,5,50.0
6124,56.0,1,318,18.0,65.0,6,50.0
6125,57.0,1,318,18.0,48.0,7,50.0
6126,58.0,1,318,197.0,369.0,8,50.0
6127,59.0,1,318,30.0,76.0,9,50.0
6128,60.0,1,318,8.0,39.0,10,50.0
6129,61.0,1,318,9.0,25.0,11,50.0
6130,62.0,1,318,4.0,24.0,12,50.0
6131,63.0,1,318,9.0,28.0,13,50.0
6132,196.0,0,320,320.0,734.0,-14,210.0
6133,197.0,0,320,71.0,202.0,-13,210.0
6134,198.0,0,320,47.0,167.0,-12,210.0
6135,199.0,0,320,152.0,424.0,-11,210.0
6136,200.0,0,320,77.0,277.0,-10,210.0
6137,201.0,0,320,329.0,824.0,-9,210.0
6138,202.0,0,320,53.0,165.0,-8,210.0
6139,203.0,0,320,52.0,185.0,-7,210.0
6140,204.0,0,320,27.0,118.0,-6,210.0
6141,205.0,0,320,299.0,596.0,-5,210.0
6142,206.0,0,320,180.0,414.0,-4,210.0
6143,207.0,0,320,184.0,291.0,-3,210.0
6144,208.0,0,320,56.0,150.0,-2,210.0
6145,209.0,0,320,51.0,119.0,-1,210.0
6146,210.0,1,320,662.0,903.0,0,210.0
6147,211.0,1,320,118.0,165.0,1,210.0
6148,212.0,1,320,453.0,366.0,2,210.0
6149,213.0,1,320,88.0,162.0,3,210.0
6150,214.0,1,320,35.0,144.0,4,210.0
6151,215.0,1,320,41.0,93.0,5,210.0
6152,216.0,1,320,35.0,92.0,6,210.0
6153,217.0,1,320,18.0,75.0,7,210.0
6154,218.0,1,320,17.0,76.0,8,210.0
6155,219.0,1,320,42.0,115.0,9,210.0
6156,220.0,1,320,39.0,90.0,10,210.0
6157,221.0,1,320,18.0,116.0,11,210.0
6158,222.0,1,320,25.0,109.0,12,210.0
6159,223.0,1,320,9.0,89.0,13,210.0
6160,40.0,0,322,2912.0,12411.0,-14,54.0
6161,41.0,0,322,1804.0,9433.0,-13,54.0
6162,42.0,0,322,1271.0,6675.0,-12,54.0
6163,43.0,0,322,935.0,4968.0,-11,54.0
6164,44.0,0,322,826.0,7034.0,-10,54.0
6165,45.0,0,322,685.0,5763.0,-9,54.0
6166,46.0,0,322,376.0,2985.0,-8,54.0
6167,47.0,0,322,527.0,2774.0,-7,54.0
6168,48.0,0,322,635.0,2524.0,-6,54.0
6169,49.0,0,322,376.0,1715.0,-5,54.0
6170,50.0,0,322,265.0,1318.0,-4,54.0
6171,51.0,0,322,642.0,3105.0,-3,54.0
6172,52.0,0,322,397.0,2463.0,-2,54.0
6173,53.0,0,322,1012.0,4644.0,-1,54.0
6174,54.0,1,322,977.0,3865.0,0,54.0
6175,55.0,1,322,308.0,2262.0,1,54.0
6176,56.0,1,322,106.0,1078.0,2,54.0
6177,57.0,1,322,174.0,1689.0,3,54.0
6178,58.0,1,322,1276.0,4487.0,4,54.0
6179,59.0,1,322,341.0,1597.0,5,54.0
6180,60.0,1,322,98.0,864.0,6,54.0
6181,61.0,1,322,82.0,712.0,7,54.0
6182,62.0,1,322,283.0,1955.0,8,54.0
6183,63.0,1,322,126.0,1131.0,9,54.0
6184,64.0,1,322,185.0,1454.0,10,54.0
6185,65.0,1,322,110.0,938.0,11,54.0
6186,66.0,1,322,129.0,842.0,12,54.0
6187,67.0,1,322,112.0,816.0,13,54.0
6188,234.0,0,323,0.0,0.0,-14,248.0
6189,235.0,0,323,0.0,0.0,-13,248.0
6190,236.0,0,323,0.0,0.0,-12,248.0
6191,237.0,0,323,0.0,0.0,-11,248.0
6192,238.0,0,323,0.0,0.0,-10,248.0
6193,239.0,0,323,0.0,0.0,-9,248.0
6194,240.0,0,323,0.0,0.0,-8,248.0
6195,241.0,0,323,0.0,1.0,-7,248.0
6196,242.0,0,323,0.0,1.0,-6,248.0
6197,243.0,0,323,0.0,1.0,-5,248.0
6198,244.0,0,323,0.0,0.0,-4,248.0
6199,245.0,0,323,0.0,0.0,-3,248.0
6200,246.0,0,323,1.0,0.0,-2,248.0
6201,247.0,0,323,3.0,3.0,-1,248.0
6202,248.0,1,323,8.0,7.0,0,248.0
6203,249.0,1,323,0.0,0.0,1,248.0
6204,250.0,1,323,0.0,1.0,2,248.0
6205,251.0,1,323,0.0,0.0,3,248.0
6206,252.0,1,323,0.0,0.0,4,248.0
6207,253.0,1,323,0.0,0.0,5,248.0
6208,254.0,1,323,0.0,0.0,6,248.0
6209,255.0,1,323,0.0,0.0,7,248.0
6210,256.0,1,323,0.0,0.0,8,248.0
6211,257.0,1,323,0.0,0.0,9,248.0
6212,258.0,1,323,0.0,0.0,10,248.0
6213,259.0,1,323,0.0,0.0,11,248.0
6214,260.0,1,323,0.0,0.0,12,248.0
6215,261.0,1,323,0.0,0.0,13,248.0
6216,60.0,0,324,48.0,198.0,-14,74.0
6217,61.0,0,324,18.0,158.0,-13,74.0
6218,62.0,0,324,14.0,131.0,-12,74.0
6219,63.0,0,324,12.0,106.0,-11,74.0
6220,64.0,0,324,12.0,76.0,-10,74.0
6221,65.0,0,324,20.0,100.0,-9,74.0
6222,66.0,0,324,16.0,128.0,-8,74.0
6223,67.0,0,324,5.0,100.0,-7,74.0
6224,68.0,0,324,19.0,121.0,-6,74.0
6225,69.0,0,324,6.0,89.0,-5,74.0
6226,70.0,0,324,10.0,57.0,-4,74.0
6227,71.0,0,324,9.0,89.0,-3,74.0
6228,72.0,0,324,7.0,60.0,-2,74.0
6229,73.0,0,324,6.0,70.0,-1,74.0
6230,74.0,1,324,25.0,37.0,0,74.0
6231,75.0,1,324,3.0,44.0,1,74.0
6232,76.0,1,324,7.0,33.0,2,74.0
6233,77.0,1,324,7.0,55.0,3,74.0
6234,78.0,1,324,10.0,55.0,4,74.0
6235,79.0,1,324,8.0,58.0,5,74.0
6236,80.0,1,324,12.0,84.0,6,74.0
6237,81.0,1,324,5.0,55.0,7,74.0
6238,82.0,1,324,5.0,46.0,8,74.0
6239,83.0,1,324,5.0,61.0,9,74.0
6240,84.0,1,324,6.0,95.0,10,74.0
6241,85.0,1,324,11.0,80.0,11,74.0
6242,86.0,1,324,8.0,117.0,12,74.0
6243,87.0,1,324,4.0,123.0,13,74.0
6244,13.0,0,325,9.0,373.0,-14,27.0
6245,14.0,0,325,8.0,267.0,-13,27.0
6246,15.0,0,325,7.0,479.0,-12,27.0
6247,16.0,0,325,3.0,271.0,-11,27.0
6248,17.0,0,325,7.0,207.0,-10,27.0
6249,18.0,0,325,11.0,256.0,-9,27.0
6250,19.0,0,325,7.0,259.0,-8,27.0
6251,20.0,0,325,5.0,197.0,-7,27.0
6252,21.0,0,325,3.0,198.0,-6,27.0
6253,22.0,0,325,3.0,138.0,-5,27.0
6254,23.0,0,325,2.0,147.0,-4,27.0
6255,24.0,0,325,3.0,180.0,-3,27.0
6256,25.0,0,325,5.0,240.0,-2,27.0
6257,26.0,0,325,11.0,347.0,-1,27.0
6258,27.0,1,325,5.0,1349.0,0,27.0
6259,28.0,1,325,10.0,2215.0,1,27.0
6260,29.0,1,325,10.0,2117.0,2,27.0
6261,30.0,1,325,15.0,2608.0,3,27.0
6262,31.0,1,325,20.0,4168.0,4,27.0
6263,32.0,1,325,18.0,6853.0,5,27.0
6264,33.0,1,325,18.0,10977.0,6,27.0
6265,34.0,1,325,38.0,19531.0,7,27.0
6266,35.0,1,325,48.0,38627.0,8,27.0
6267,36.0,1,325,37.0,39801.0,9,27.0
6268,37.0,1,325,22.0,33727.0,10,27.0
6269,38.0,1,325,65.0,39688.0,11,27.0
6270,39.0,1,325,33.0,33810.0,12,27.0
6271,40.0,1,325,18.0,25144.0,13,27.0
6272,87.0,0,326,15.0,21.0,-14,101.0
6273,88.0,0,326,22.0,25.0,-13,101.0
6274,89.0,0,326,729.0,201.0,-12,101.0
6275,90.0,0,326,70.0,29.0,-11,101.0
6276,91.0,0,326,22.0,17.0,-10,101.0
6277,92.0,0,326,18.0,19.0,-9,101.0
6278,93.0,0,326,19.0,23.0,-8,101.0
6279,94.0,0,326,30.0,19.0,-7,101.0
6280,95.0,0,326,45.0,55.0,-6,101.0
6281,96.0,0,326,15.0,16.0,-5,101.0
6282,97.0,0,326,12.0,14.0,-4,101.0
6283,98.0,0,326,18.0,19.0,-3,101.0
6284,99.0,0,326,21.0,12.0,-2,101.0
6285,100.0,0,326,38.0,20.0,-1,101.0
6286,101.0,1,326,97.0,50.0,0,101.0
6287,102.0,1,326,23.0,53.0,1,101.0
6288,103.0,1,326,23.0,43.0,2,101.0
6289,104.0,1,326,24.0,54.0,3,101.0
6290,105.0,1,326,14.0,28.0,4,101.0
6291,106.0,1,326,913.0,378.0,5,101.0
6292,107.0,1,326,115.0,63.0,6,101.0
6293,108.0,1,326,43.0,53.0,7,101.0
6294,109.0,1,326,53.0,62.0,8,101.0
6295,110.0,1,326,9.0,28.0,9,101.0
6296,111.0,1,326,17.0,26.0,10,101.0
6297,112.0,1,326,12.0,15.0,11,101.0
6298,113.0,1,326,12.0,15.0,12,101.0
6299,114.0,1,326,38.0,45.0,13,101.0
6300,234.0,0,328,11.0,10.0,-14,248.0
6301,235.0,0,328,6.0,4.0,-13,248.0
6302,236.0,0,328,0.0,7.0,-12,248.0
6303,237.0,0,328,4.0,0.0,-11,248.0
6304,238.0,0,328,4.0,4.0,-10,248.0
6305,239.0,0,328,18.0,10.0,-9,248.0
6306,240.0,0,328,4.0,0.0,-8,248.0
6307,241.0,0,328,3.0,4.0,-7,248.0
6308,242.0,0,328,6.0,2.0,-6,248.0
6309,243.0,0,328,24.0,27.0,-5,248.0
6310,244.0,0,328,12.0,6.0,-4,248.0
6311,245.0,0,328,6.0,4.0,-3,248.0
6312,246.0,0,328,8.0,6.0,-2,248.0
6313,247.0,0,328,165.0,124.0,-1,248.0
6314,248.0,1,328,179.0,200.0,0,248.0
6315,249.0,1,328,27.0,23.0,1,248.0
6316,250.0,1,328,6.0,4.0,2,248.0
6317,251.0,1,328,23.0,26.0,3,248.0
6318,252.0,1,328,8.0,7.0,4,248.0
6319,253.0,1,328,6.0,5.0,5,248.0
6320,254.0,1,328,2.0,3.0,6,248.0
6321,255.0,1,328,5.0,10.0,7,248.0
6322,256.0,1,328,2.0,6.0,8,248.0
6323,257.0,1,328,4.0,6.0,9,248.0
6324,258.0,1,328,1.0,2.0,10,248.0
6325,259.0,1,328,2.0,3.0,11,248.0
6326,260.0,1,328,1.0,5.0,12,248.0
6327,261.0,1,328,1.0,3.0,13,248.0
6328,63.0,0,329,2.0,4.0,-14,77.0
6329,64.0,0,329,2.0,0.0,-13,77.0
6330,65.0,0,329,0.0,4.0,-12,77.0
6331,66.0,0,329,8.0,5.0,-11,77.0
6332,67.0,0,329,5.0,5.0,-10,77.0
6333,68.0,0,329,1.0,1.0,-9,77.0
6334,69.0,0,329,1.0,3.0,-8,77.0
6335,70.0,0,329,1.0,2.0,-7,77.0
6336,71.0,0,329,3.0,1.0,-6,77.0
6337,72.0,0,329,3.0,1.0,-5,77.0
6338,73.0,0,329,3.0,1.0,-4,77.0
6339,74.0,0,329,2.0,2.0,-3,77.0
6340,75.0,0,329,0.0,0.0,-2,77.0
6341,76.0,0,329,4.0,5.0,-1,77.0
6342,77.0,1,329,26.0,15.0,0,77.0
6343,78.0,1,329,3.0,5.0,1,77.0
6344,79.0,1,329,3.0,1.0,2,77.0
6345,80.0,1,329,4.0,3.0,3,77.0
6346,81.0,1,329,4.0,5.0,4,77.0
6347,82.0,1,329,2.0,3.0,5,77.0
6348,83.0,1,329,1.0,1.0,6,77.0
6349,84.0,1,329,4.0,3.0,7,77.0
6350,85.0,1,329,5.0,3.0,8,77.0
6351,86.0,1,329,1.0,1.0,9,77.0
6352,87.0,1,329,5.0,0.0,10,77.0
6353,88.0,1,329,2.0,1.0,11,77.0
6354,89.0,1,329,34.0,37.0,12,77.0
6355,90.0,1,329,18.0,15.0,13,77.0
6356,191.0,0,330,1.0,3.0,-14,205.0
6357,192.0,0,330,2.0,3.0,-13,205.0
6358,193.0,0,330,1.0,6.0,-12,205.0
6359,194.0,0,330,0.0,8.0,-11,205.0
6360,195.0,0,330,0.0,5.0,-10,205.0
6361,196.0,0,330,1.0,3.0,-9,205.0
6362,197.0,0,330,3.0,1.0,-8,205.0
6363,198.0,0,330,6.0,11.0,-7,205.0
6364,199.0,0,330,2.0,9.0,-6,205.0
6365,200.0,0,330,4.0,10.0,-5,205.0
6366,201.0,0,330,0.0,7.0,-4,205.0
6367,202.0,0,330,1.0,24.0,-3,205.0
6368,203.0,0,330,2.0,16.0,-2,205.0
6369,204.0,0,330,120.0,177.0,-1,205.0
6370,205.0,1,330,323.0,469.0,0,205.0
6371,206.0,1,330,25.0,34.0,1,205.0
6372,207.0,1,330,3.0,12.0,2,205.0
6373,208.0,1,330,2.0,9.0,3,205.0
6374,209.0,1,330,3.0,15.0,4,205.0
6375,210.0,1,330,0.0,10.0,5,205.0
6376,211.0,1,330,2.0,10.0,6,205.0
6377,212.0,1,330,0.0,5.0,7,205.0
6378,213.0,1,330,0.0,7.0,8,205.0
6379,214.0,1,330,0.0,2.0,9,205.0
6380,215.0,1,330,1.0,3.0,10,205.0
6381,216.0,1,330,2.0,5.0,11,205.0
6382,217.0,1,330,5.0,2.0,12,205.0
6383,218.0,1,330,0.0,2.0,13,205.0
6384,110.0,0,331,26.0,88.0,-14,124.0
6385,111.0,0,331,29.0,73.0,-13,124.0
6386,112.0,0,331,14.0,34.0,-12,124.0
6387,113.0,0,331,44.0,95.0,-11,124.0
6388,114.0,0,331,36.0,67.0,-10,124.0
6389,115.0,0,331,40.0,78.0,-9,124.0
6390,116.0,0,331,76.0,150.0,-8,124.0
6391,117.0,0,331,14.0,56.0,-7,124.0
6392,118.0,0,331,34.0,55.0,-6,124.0
6393,119.0,0,331,14.0,42.0,-5,124.0
6394,120.0,0,331,456.0,691.0,-4,124.0
6395,121.0,0,331,57.0,107.0,-3,124.0
6396,122.0,0,331,14.0,54.0,-2,124.0
6397,123.0,0,331,398.0,645.0,-1,124.0
6398,124.0,1,331,209.0,362.0,0,124.0
6399,125.0,1,331,24.0,80.0,1,124.0
6400,126.0,1,331,43.0,90.0,2,124.0
6401,127.0,1,331,54.0,95.0,3,124.0
6402,128.0,1,331,30.0,124.0,4,124.0
6403,129.0,1,331,37.0,144.0,5,124.0
6404,130.0,1,331,22.0,49.0,6,124.0
6405,131.0,1,331,16.0,48.0,7,124.0
6406,132.0,1,331,14.0,41.0,8,124.0
6407,133.0,1,331,9.0,46.0,9,124.0
6408,134.0,1,331,16.0,62.0,10,124.0
6409,135.0,1,331,41.0,136.0,11,124.0
6410,136.0,1,331,23.0,77.0,12,124.0
6411,137.0,1,331,106.0,174.0,13,124.0
6412,45.0,0,332,0.0,0.0,-14,59.0
6413,46.0,0,332,5.0,3.0,-13,59.0
6414,47.0,0,332,0.0,0.0,-12,59.0
6415,48.0,0,332,0.0,0.0,-11,59.0
6416,49.0,0,332,0.0,1.0,-10,59.0
6417,50.0,0,332,0.0,1.0,-9,59.0
6418,51.0,0,332,0.0,0.0,-8,59.0
6419,52.0,0,332,0.0,0.0,-7,59.0
6420,53.0,0,332,0.0,1.0,-6,59.0
6421,54.0,0,332,1.0,0.0,-5,59.0
6422,55.0,0,332,0.0,0.0,-4,59.0
6423,56.0,0,332,0.0,0.0,-3,59.0
6424,57.0,0,332,0.0,0.0,-2,59.0
6425,58.0,0,332,0.0,0.0,-1,59.0
6426,59.0,1,332,16.0,2.0,0,59.0
6427,60.0,1,332,0.0,1.0,1,59.0
6428,61.0,1,332,0.0,0.0,2,59.0
6429,62.0,1,332,0.0,0.0,3,59.0
6430,63.0,1,332,0.0,0.0,4,59.0
6431,64.0,1,332,0.0,2.0,5,59.0
6432,65.0,1,332,0.0,0.0,6,59.0
6433,66.0,1,332,0.0,1.0,7,59.0
6434,67.0,1,332,1.0,0.0,8,59.0
6435,68.0,1,332,0.0,0.0,9,59.0
6436,69.0,1,332,0.0,0.0,10,59.0
6437,70.0,1,332,1.0,1.0,11,59.0
6438,71.0,1,332,0.0,1.0,12,59.0
6439,72.0,1,332,0.0,0.0,13,59.0
6440,222.0,0,333,0.0,0.0,-14,236.0
6441,223.0,0,333,0.0,0.0,-13,236.0
6442,224.0,0,333,0.0,0.0,-12,236.0
6443,225.0,0,333,0.0,0.0,-11,236.0
6444,226.0,0,333,0.0,0.0,-10,236.0
6445,227.0,0,333,0.0,0.0,-9,236.0
6446,228.0,0,333,0.0,0.0,-8,236.0
6447,229.0,0,333,0.0,0.0,-7,236.0
6448,230.0,0,333,0.0,0.0,-6,236.0
6449,231.0,0,333,0.0,0.0,-5,236.0
6450,232.0,0,333,0.0,0.0,-4,236.0
6451,233.0,0,333,0.0,0.0,-3,236.0
6452,234.0,0,333,0.0,0.0,-2,236.0
6453,235.0,0,333,40.0,21.0,-1,236.0
6454,236.0,1,333,317.0,124.0,0,236.0
6455,237.0,1,333,138.0,112.0,1,236.0
6456,238.0,1,333,40.0,24.0,2,236.0
6457,239.0,1,333,27.0,16.0,3,236.0
6458,240.0,1,333,40.0,24.0,4,236.0
6459,241.0,1,333,58.0,30.0,5,236.0
6460,242.0,1,333,73.0,32.0,6,236.0
6461,243.0,1,333,30.0,14.0,7,236.0
6462,244.0,1,333,6.0,2.0,8,236.0
6463,245.0,1,333,19.0,13.0,9,236.0
6464,246.0,1,333,14.0,5.0,10,236.0
6465,247.0,1,333,7.0,4.0,11,236.0
6466,248.0,1,333,1.0,0.0,12,236.0
6467,249.0,1,333,7.0,9.0,13,236.0
6468,163.0,0,334,25.0,18.0,-14,177.0
6469,164.0,0,334,67.0,22.0,-13,177.0
6470,165.0,0,334,10.0,8.0,-12,177.0
6471,166.0,0,334,56.0,28.0,-11,177.0
6472,167.0,0,334,60.0,21.0,-10,177.0
6473,168.0,0,334,17.0,10.0,-9,177.0
6474,169.0,0,334,29.0,22.0,-8,177.0
6475,170.0,0,334,19.0,11.0,-7,177.0
6476,171.0,0,334,17.0,13.0,-6,177.0
6477,172.0,0,334,30.0,26.0,-5,177.0
6478,173.0,0,334,25.0,48.0,-4,177.0
6479,174.0,0,334,11.0,26.0,-3,177.0
6480,175.0,0,334,135.0,130.0,-2,177.0
6481,176.0,0,334,125.0,93.0,-1,177.0
6482,177.0,1,334,221.0,160.0,0,177.0
6483,178.0,1,334,20.0,19.0,1,177.0
6484,179.0,1,334,23.0,20.0,2,177.0
6485,180.0,1,334,7.0,7.0,3,177.0
6486,181.0,1,334,9.0,2.0,4,177.0
6487,182.0,1,334,7.0,5.0,5,177.0
6488,183.0,1,334,25.0,9.0,6,177.0
6489,184.0,1,334,12.0,10.0,7,177.0
6490,185.0,1,334,14.0,8.0,8,177.0
6491,186.0,1,334,14.0,5.0,9,177.0
6492,187.0,1,334,132.0,79.0,10,177.0
6493,188.0,1,334,24.0,23.0,11,177.0
6494,189.0,1,334,7.0,7.0,12,177.0
6495,190.0,1,334,21.0,11.0,13,177.0
6496,229.0,0,335,16.0,14.0,-14,243.0
6497,230.0,0,335,8.0,8.0,-13,243.0
6498,231.0,0,335,11.0,15.0,-12,243.0
6499,232.0,0,335,3.0,5.0,-11,243.0
6500,233.0,0,335,2.0,2.0,-10,243.0
6501,234.0,0,335,0.0,3.0,-9,243.0
6502,235.0,0,335,0.0,4.0,-8,243.0
6503,236.0,0,335,12.0,10.0,-7,243.0
6504,237.0,0,335,1.0,1.0,-6,243.0
6505,238.0,0,335,4.0,9.0,-5,243.0
6506,239.0,0,335,11.0,4.0,-4,243.0
6507,240.0,0,335,67.0,20.0,-3,243.0
6508,241.0,0,335,7.0,3.0,-2,243.0
6509,242.0,0,335,32.0,43.0,-1,243.0
6510,243.0,1,335,11.0,3.0,0,243.0
6511,244.0,1,335,30.0,14.0,1,243.0
6512,245.0,1,335,14.0,14.0,2,243.0
6513,246.0,1,335,8.0,2.0,3,243.0
6514,247.0,1,335,56.0,43.0,4,243.0
6515,248.0,1,335,21.0,15.0,5,243.0
6516,249.0,1,335,2.0,2.0,6,243.0
6517,250.0,1,335,2.0,3.0,7,243.0
6518,251.0,1,335,13.0,16.0,8,243.0
6519,252.0,1,335,1.0,6.0,9,243.0
6520,253.0,1,335,4.0,1.0,10,243.0
6521,254.0,1,335,2.0,6.0,11,243.0
6522,255.0,1,335,3.0,5.0,12,243.0
6523,256.0,1,335,5.0,4.0,13,243.0
6524,39.0,0,336,376.0,676.0,-14,53.0
6525,40.0,0,336,258.0,446.0,-13,53.0
6526,41.0,0,336,227.0,335.0,-12,53.0
6527,42.0,0,336,199.0,238.0,-11,53.0
6528,43.0,0,336,302.0,297.0,-10,53.0
6529,44.0,0,336,1708.0,1790.0,-9,53.0
6530,45.0,0,336,1348.0,1406.0,-8,53.0
6531,46.0,0,336,148.0,180.0,-7,53.0
6532,47.0,0,336,127.0,134.0,-6,53.0
6533,48.0,0,336,114.0,129.0,-5,53.0
6534,49.0,0,336,206.0,188.0,-4,53.0
6535,50.0,0,336,172.0,205.0,-3,53.0
6536,51.0,0,336,162.0,124.0,-2,53.0
6537,52.0,0,336,161.0,125.0,-1,53.0
6538,53.0,1,336,166.0,110.0,0,53.0
6539,54.0,1,336,279.0,595.0,1,53.0
6540,55.0,1,336,309.0,442.0,2,53.0
6541,56.0,1,336,89.0,101.0,3,53.0
6542,57.0,1,336,59.0,69.0,4,53.0
6543,58.0,1,336,49.0,69.0,5,53.0
6544,59.0,1,336,169.0,180.0,6,53.0
6545,60.0,1,336,42.0,67.0,7,53.0
6546,61.0,1,336,30.0,38.0,8,53.0
6547,62.0,1,336,75.0,59.0,9,53.0
6548,63.0,1,336,24.0,34.0,10,53.0
6549,64.0,1,336,30.0,37.0,11,53.0
6550,65.0,1,336,35.0,38.0,12,53.0
6551,66.0,1,336,37.0,49.0,13,53.0
6552,124.0,0,337,163.0,365.0,-14,138.0
6553,125.0,0,337,133.0,296.0,-13,138.0
6554,126.0,0,337,128.0,369.0,-12,138.0
6555,127.0,0,337,508.0,962.0,-11,138.0
6556,128.0,0,337,174.0,495.0,-10,138.0
6557,129.0,0,337,143.0,335.0,-9,138.0
6558,130.0,0,337,173.0,534.0,-8,138.0
6559,131.0,0,337,96.0,284.0,-7,138.0
6560,132.0,0,337,398.0,1164.0,-6,138.0
6561,133.0,0,337,284.0,745.0,-5,138.0
6562,134.0,0,337,110.0,293.0,-4,138.0
6563,135.0,0,337,449.0,1334.0,-3,138.0
6564,136.0,0,337,223.0,662.0,-2,138.0
6565,137.0,0,337,1367.0,5211.0,-1,138.0
6566,138.0,1,337,273.0,888.0,0,138.0
6567,139.0,1,337,930.0,1344.0,1,138.0
6568,140.0,1,337,251.0,510.0,2,138.0
6569,141.0,1,337,68.0,190.0,3,138.0
6570,142.0,1,337,68.0,204.0,4,138.0
6571,143.0,1,337,62.0,135.0,5,138.0
6572,144.0,1,337,343.0,1049.0,6,138.0
6573,145.0,1,337,388.0,868.0,7,138.0
6574,146.0,1,337,126.0,292.0,8,138.0
6575,147.0,1,337,92.0,256.0,9,138.0
6576,148.0,1,337,111.0,272.0,10,138.0
6577,149.0,1,337,38.0,133.0,11,138.0
6578,150.0,1,337,69.0,192.0,12,138.0
6579,151.0,1,337,134.0,626.0,13,138.0
6580,55.0,0,338,6.0,33.0,-14,69.0
6581,56.0,0,338,4.0,21.0,-13,69.0
6582,57.0,0,338,4.0,22.0,-12,69.0
6583,58.0,0,338,6.0,17.0,-11,69.0
6584,59.0,0,338,6.0,49.0,-10,69.0
6585,60.0,0,338,85.0,215.0,-9,69.0
6586,61.0,0,338,42.0,145.0,-8,69.0
6587,62.0,0,338,18.0,102.0,-7,69.0
6588,63.0,0,338,36.0,88.0,-6,69.0
6589,64.0,0,338,32.0,77.0,-5,69.0
6590,65.0,0,338,18.0,74.0,-4,69.0
6591,66.0,0,338,14.0,75.0,-3,69.0
6592,67.0,0,338,21.0,58.0,-2,69.0
6593,68.0,0,338,8508.0,14001.0,-1,69.0
6594,69.0,1,338,3880.0,6645.0,0,69.0
6595,70.0,1,338,366.0,797.0,1,69.0
6596,71.0,1,338,943.0,1498.0,2,69.0
6597,72.0,1,338,396.0,671.0,3,69.0
6598,73.0,1,338,256.0,620.0,4,69.0
6599,74.0,1,338,93.0,224.0,5,69.0
6600,75.0,1,338,70.0,128.0,6,69.0
6601,76.0,1,338,68.0,181.0,7,69.0
6602,77.0,1,338,98.0,176.0,8,69.0
6603,78.0,1,338,1486.0,1013.0,9,69.0
6604,79.0,1,338,677.0,579.0,10,69.0
6605,80.0,1,338,122.0,202.0,11,69.0
6606,81.0,1,338,227.0,265.0,12,69.0
6607,82.0,1,338,94.0,146.0,13,69.0
6608,85.0,0,339,56.0,232.0,-14,99.0
6609,86.0,0,339,72.0,206.0,-13,99.0
6610,87.0,0,339,176.0,691.0,-12,99.0
6611,88.0,0,339,54.0,198.0,-11,99.0
6612,89.0,0,339,328.0,1308.0,-10,99.0
6613,90.0,0,339,137.0,611.0,-9,99.0
6614,91.0,0,339,65.0,258.0,-8,99.0
6615,92.0,0,339,71.0,236.0,-7,99.0
6616,93.0,0,339,174.0,599.0,-6,99.0
6617,94.0,0,339,347.0,1555.0,-5,99.0
6618,95.0,0,339,61.0,274.0,-4,99.0
6619,96.0,0,339,71.0,299.0,-3,99.0
6620,97.0,0,339,64.0,266.0,-2,99.0
6621,98.0,0,339,54.0,223.0,-1,99.0
6622,99.0,1,339,40.0,159.0,0,99.0
6623,100.0,1,339,422.0,2214.0,1,99.0
6624,101.0,1,339,55.0,468.0,2,99.0
6625,102.0,1,339,408.0,2952.0,3,99.0
6626,103.0,1,339,89.0,877.0,4,99.0
6627,104.0,1,339,24.0,449.0,5,99.0
6628,105.0,1,339,129.0,731.0,6,99.0
6629,106.0,1,339,51.0,445.0,7,99.0
6630,107.0,1,339,33.0,310.0,8,99.0
6631,108.0,1,339,18.0,246.0,9,99.0
6632,109.0,1,339,25.0,240.0,10,99.0
6633,110.0,1,339,18.0,358.0,11,99.0
6634,111.0,1,339,244.0,2139.0,12,99.0
6635,112.0,1,339,47.0,393.0,13,99.0
6636,69.0,0,340,0.0,6.0,-14,83.0
6637,70.0,0,340,0.0,2.0,-13,83.0
6638,71.0,0,340,3.0,5.0,-12,83.0
6639,72.0,0,340,2.0,6.0,-11,83.0
6640,73.0,0,340,0.0,2.0,-10,83.0
6641,74.0,0,340,2.0,2.0,-9,83.0
6642,75.0,0,340,1.0,2.0,-8,83.0
6643,76.0,0,340,2.0,1.0,-7,83.0
6644,77.0,0,340,0.0,2.0,-6,83.0
6645,78.0,0,340,0.0,1.0,-5,83.0
6646,79.0,0,340,1.0,1.0,-4,83.0
6647,80.0,0,340,0.0,1.0,-3,83.0
6648,81.0,0,340,1.0,3.0,-2,83.0
6649,82.0,0,340,34.0,50.0,-1,83.0
6650,83.0,1,340,47.0,81.0,0,83.0
6651,84.0,1,340,7.0,27.0,1,83.0
6652,85.0,1,340,1.0,11.0,2,83.0
6653,86.0,1,340,2.0,5.0,3,83.0
6654,87.0,1,340,3.0,4.0,4,83.0
6655,88.0,1,340,4.0,18.0,5,83.0
6656,89.0,1,340,1.0,4.0,6,83.0
6657,90.0,1,340,0.0,5.0,7,83.0
6658,91.0,1,340,1.0,2.0,8,83.0
6659,92.0,1,340,0.0,5.0,9,83.0
6660,93.0,1,340,2.0,3.0,10,83.0
6661,94.0,1,340,0.0,4.0,11,83.0
6662,95.0,1,340,1.0,2.0,12,83.0
6663,96.0,1,340,0.0,2.0,13,83.0
6664,103.0,0,341,64.0,451.0,-14,117.0
6665,104.0,0,341,84.0,523.0,-13,117.0
6666,105.0,0,341,68.0,414.0,-12,117.0
6667,106.0,0,341,86.0,426.0,-11,117.0
6668,107.0,0,341,40.0,371.0,-10,117.0
6669,108.0,0,341,29.0,192.0,-9,117.0
6670,109.0,0,341,38.0,190.0,-8,117.0
6671,110.0,0,341,32.0,168.0,-7,117.0
6672,111.0,0,341,111.0,211.0,-6,117.0
6673,112.0,0,341,42.0,121.0,-5,117.0
6674,113.0,0,341,61.0,205.0,-4,117.0
6675,114.0,0,341,163.0,349.0,-3,117.0
6676,115.0,0,341,140.0,330.0,-2,117.0
6677,116.0,0,341,140.0,315.0,-1,117.0
6678,117.0,1,341,368.0,785.0,0,117.0
6679,118.0,1,341,52.0,244.0,1,117.0
6680,119.0,1,341,35.0,201.0,2,117.0
6681,120.0,1,341,85.0,266.0,3,117.0
6682,121.0,1,341,102.0,283.0,4,117.0
6683,122.0,1,341,195.0,414.0,5,117.0
6684,123.0,1,341,77.0,299.0,6,117.0
6685,124.0,1,341,51.0,204.0,7,117.0
6686,125.0,1,341,60.0,226.0,8,117.0
6687,126.0,1,341,25.0,120.0,9,117.0
6688,127.0,1,341,70.0,214.0,10,117.0
6689,128.0,1,341,38.0,170.0,11,117.0
6690,129.0,1,341,39.0,198.0,12,117.0
6691,130.0,1,341,28.0,143.0,13,117.0
6692,110.0,0,343,3.0,1.0,-14,124.0
6693,111.0,0,343,59.0,37.0,-13,124.0
6694,112.0,0,343,7.0,0.0,-12,124.0
6695,113.0,0,343,2.0,0.0,-11,124.0
6696,114.0,0,343,0.0,1.0,-10,124.0
6697,115.0,0,343,9.0,2.0,-9,124.0
6698,116.0,0,343,14.0,1.0,-8,124.0
6699,117.0,0,343,6.0,2.0,-7,124.0
6700,118.0,0,343,4.0,5.0,-6,124.0
6701,119.0,0,343,16.0,6.0,-5,124.0
6702,120.0,0,343,5.0,5.0,-4,124.0
6703,121.0,0,343,2.0,2.0,-3,124.0
6704,122.0,0,343,2.0,6.0,-2,124.0
6705,123.0,0,343,70.0,33.0,-1,124.0
6706,124.0,1,343,43.0,27.0,0,124.0
6707,125.0,1,343,12.0,2.0,1,124.0
6708,126.0,1,343,10.0,2.0,2,124.0
6709,127.0,1,343,6.0,2.0,3,124.0
6710,128.0,1,343,4.0,1.0,4,124.0
6711,129.0,1,343,9.0,3.0,5,124.0
6712,130.0,1,343,1.0,3.0,6,124.0
6713,131.0,1,343,13.0,5.0,7,124.0
6714,132.0,1,343,1.0,1.0,8,124.0
6715,133.0,1,343,5.0,6.0,9,124.0
6716,134.0,1,343,1.0,2.0,10,124.0
6717,135.0,1,343,4.0,2.0,11,124.0
6718,136.0,1,343,1.0,1.0,12,124.0
6719,137.0,1,343,0.0,2.0,13,124.0
6720,227.0,0,344,15.0,18.0,-14,241.0
6721,228.0,0,344,9.0,6.0,-13,241.0
6722,229.0,0,344,4.0,7.0,-12,241.0
6723,230.0,0,344,8.0,7.0,-11,241.0
6724,231.0,0,344,5.0,12.0,-10,241.0
6725,232.0,0,344,3.0,5.0,-9,241.0
6726,233.0,0,344,5.0,4.0,-8,241.0
6727,234.0,0,344,4.0,6.0,-7,241.0
6728,235.0,0,344,6.0,3.0,-6,241.0
6729,236.0,0,344,2.0,1.0,-5,241.0
6730,237.0,0,344,4.0,4.0,-4,241.0
6731,238.0,0,344,42.0,51.0,-3,241.0
6732,239.0,0,344,5.0,7.0,-2,241.0
6733,240.0,0,344,131.0,97.0,-1,241.0
6734,241.0,1,344,186.0,158.0,0,241.0
6735,242.0,1,344,57.0,72.0,1,241.0
6736,243.0,1,344,58.0,63.0,2,241.0
6737,244.0,1,344,13.0,16.0,3,241.0
6738,245.0,1,344,3.0,6.0,4,241.0
6739,246.0,1,344,42.0,49.0,5,241.0
6740,247.0,1,344,35.0,61.0,6,241.0
6741,248.0,1,344,21.0,35.0,7,241.0
6742,249.0,1,344,21.0,15.0,8,241.0
6743,250.0,1,344,13.0,18.0,9,241.0
6744,251.0,1,344,7.0,12.0,10,241.0
6745,252.0,1,344,44.0,66.0,11,241.0
6746,253.0,1,344,7.0,9.0,12,241.0
6747,254.0,1,344,15.0,16.0,13,241.0
6748,44.0,0,346,348.0,978.0,-14,58.0
6749,45.0,0,346,205.0,534.0,-13,58.0
6750,46.0,0,346,52.0,225.0,-12,58.0
6751,47.0,0,346,56.0,253.0,-11,58.0
6752,48.0,0,346,65.0,222.0,-10,58.0
6753,49.0,0,346,183.0,394.0,-9,58.0
6754,50.0,0,346,321.0,901.0,-8,58.0
6755,51.0,0,346,355.0,1087.0,-7,58.0
6756,52.0,0,346,288.0,690.0,-6,58.0
6757,53.0,0,346,94.0,346.0,-5,58.0
6758,54.0,0,346,112.0,415.0,-4,58.0
6759,55.0,0,346,44.0,170.0,-3,58.0
6760,56.0,0,346,55.0,193.0,-2,58.0
6761,57.0,0,346,183.0,505.0,-1,58.0
6762,58.0,1,346,620.0,1378.0,0,58.0
6763,59.0,1,346,476.0,1151.0,1,58.0
6764,60.0,1,346,75.0,202.0,2,58.0
6765,61.0,1,346,105.0,261.0,3,58.0
6766,62.0,1,346,54.0,162.0,4,58.0
6767,63.0,1,346,46.0,165.0,5,58.0
6768,64.0,1,346,34.0,135.0,6,58.0
6769,65.0,1,346,55.0,175.0,7,58.0
6770,66.0,1,346,26.0,90.0,8,58.0
6771,67.0,1,346,46.0,76.0,9,58.0
6772,68.0,1,346,11.0,45.0,10,58.0
6773,69.0,1,346,11.0,44.0,11,58.0
6774,70.0,1,346,9.0,57.0,12,58.0
6775,71.0,1,346,16.0,85.0,13,58.0
6776,206.0,0,347,1.0,2.0,-14,220.0
6777,207.0,0,347,8.0,3.0,-13,220.0
6778,208.0,0,347,4.0,0.0,-12,220.0
6779,209.0,0,347,5.0,1.0,-11,220.0
6780,210.0,0,347,2.0,2.0,-10,220.0
6781,211.0,0,347,3.0,3.0,-9,220.0
6782,212.0,0,347,0.0,1.0,-8,220.0
6783,213.0,0,347,0.0,0.0,-7,220.0
6784,214.0,0,347,21.0,11.0,-6,220.0
6785,215.0,0,347,9.0,13.0,-5,220.0
6786,216.0,0,347,7.0,8.0,-4,220.0
6787,217.0,0,347,8.0,12.0,-3,220.0
6788,218.0,0,347,3.0,4.0,-2,220.0
6789,219.0,0,347,2.0,1.0,-1,220.0
6790,220.0,1,347,19.0,5.0,0,220.0
6791,221.0,1,347,18.0,9.0,1,220.0
6792,222.0,1,347,17.0,11.0,2,220.0
6793,223.0,1,347,10.0,10.0,3,220.0
6794,224.0,1,347,1.0,4.0,4,220.0
6795,225.0,1,347,1.0,0.0,5,220.0
6796,226.0,1,347,1.0,4.0,6,220.0
6797,227.0,1,347,2.0,5.0,7,220.0
6798,228.0,1,347,4.0,3.0,8,220.0
6799,229.0,1,347,3.0,1.0,9,220.0
6800,230.0,1,347,3.0,1.0,10,220.0
6801,231.0,1,347,1.0,4.0,11,220.0
6802,232.0,1,347,14.0,20.0,12,220.0
6803,233.0,1,347,7.0,8.0,13,220.0
6804,217.0,0,348,8.0,22.0,-14,231.0
6805,218.0,0,348,31.0,140.0,-13,231.0
6806,219.0,0,348,18.0,65.0,-12,231.0
6807,220.0,0,348,11.0,18.0,-11,231.0
6808,221.0,0,348,29.0,68.0,-10,231.0
6809,222.0,0,348,11.0,50.0,-9,231.0
6810,223.0,0,348,14.0,35.0,-8,231.0
6811,224.0,0,348,20.0,48.0,-7,231.0
6812,225.0,0,348,24.0,68.0,-6,231.0
6813,226.0,0,348,26.0,51.0,-5,231.0
6814,227.0,0,348,4.0,14.0,-4,231.0
6815,228.0,0,348,7.0,12.0,-3,231.0
6816,229.0,0,348,17.0,54.0,-2,231.0
6817,230.0,0,348,17.0,73.0,-1,231.0
6818,231.0,1,348,19.0,68.0,0,231.0
6819,232.0,1,348,5.0,47.0,1,231.0
6820,233.0,1,348,5.0,42.0,2,231.0
6821,234.0,1,348,7.0,32.0,3,231.0
6822,235.0,1,348,11.0,40.0,4,231.0
6823,236.0,1,348,51.0,152.0,5,231.0
6824,237.0,1,348,14.0,43.0,6,231.0
6825,238.0,1,348,16.0,39.0,7,231.0
6826,239.0,1,348,9.0,43.0,8,231.0
6827,240.0,1,348,5.0,28.0,9,231.0
6828,241.0,1,348,4.0,23.0,10,231.0
6829,242.0,1,348,23.0,89.0,11,231.0
6830,243.0,1,348,23.0,97.0,12,231.0
6831,244.0,1,348,50.0,141.0,13,231.0
6832,71.0,0,352,325.0,579.0,-14,85.0
6833,72.0,0,352,467.0,936.0,-13,85.0
6834,73.0,0,352,340.0,757.0,-12,85.0
6835,74.0,0,352,72.0,241.0,-11,85.0
6836,75.0,0,352,337.0,766.0,-10,85.0
6837,76.0,0,352,426.0,1066.0,-9,85.0
6838,77.0,0,352,122.0,353.0,-8,85.0
6839,78.0,0,352,63.0,211.0,-7,85.0
6840,79.0,0,352,265.0,658.0,-6,85.0
6841,80.0,0,352,1251.0,2366.0,-5,85.0
6842,81.0,0,352,150.0,302.0,-4,85.0
6843,82.0,0,352,44.0,143.0,-3,85.0
6844,83.0,0,352,293.0,586.0,-2,85.0
6845,84.0,0,352,85.0,280.0,-1,85.0
6846,85.0,1,352,114.0,366.0,0,85.0
6847,86.0,1,352,34.0,168.0,1,85.0
6848,87.0,1,352,161.0,488.0,2,85.0
6849,88.0,1,352,37.0,181.0,3,85.0
6850,89.0,1,352,270.0,975.0,4,85.0
6851,90.0,1,352,231.0,1065.0,5,85.0
6852,91.0,1,352,32.0,243.0,6,85.0
6853,92.0,1,352,24.0,162.0,7,85.0
6854,93.0,1,352,166.0,933.0,8,85.0
6855,94.0,1,352,336.0,1168.0,9,85.0
6856,95.0,1,352,46.0,229.0,10,85.0
6857,96.0,1,352,40.0,216.0,11,85.0
6858,97.0,1,352,20.0,209.0,12,85.0
6859,98.0,1,352,14.0,136.0,13,85.0
6860,50.0,0,354,5.0,33.0,-14,64.0
6861,51.0,0,354,1.0,37.0,-13,64.0
6862,52.0,0,354,12.0,66.0,-12,64.0
6863,53.0,0,354,14.0,49.0,-11,64.0
6864,54.0,0,354,6.0,42.0,-10,64.0
6865,55.0,0,354,9.0,38.0,-9,64.0
6866,56.0,0,354,6.0,26.0,-8,64.0
6867,57.0,0,354,3.0,25.0,-7,64.0
6868,58.0,0,354,2.0,16.0,-6,64.0
6869,59.0,0,354,3.0,21.0,-5,64.0
6870,60.0,0,354,3.0,16.0,-4,64.0
6871,61.0,0,354,4.0,22.0,-3,64.0
6872,62.0,0,354,7.0,8.0,-2,64.0
6873,63.0,0,354,3.0,17.0,-1,64.0
6874,64.0,1,354,21.0,17.0,0,64.0
6875,65.0,1,354,4.0,18.0,1,64.0
6876,66.0,1,354,2.0,29.0,2,64.0
6877,67.0,1,354,3.0,17.0,3,64.0
6878,68.0,1,354,2.0,24.0,4,64.0
6879,69.0,1,354,0.0,23.0,5,64.0
6880,70.0,1,354,1.0,17.0,6,64.0
6881,71.0,1,354,2.0,14.0,7,64.0
6882,72.0,1,354,0.0,8.0,8,64.0
6883,73.0,1,354,1.0,3.0,9,64.0
6884,74.0,1,354,0.0,5.0,10,64.0
6885,75.0,1,354,1.0,3.0,11,64.0
6886,76.0,1,354,2.0,5.0,12,64.0
6887,77.0,1,354,2.0,6.0,13,64.0
6888,42.0,0,357,9.0,23.0,-14,56.0
6889,43.0,0,357,4.0,20.0,-13,56.0
6890,44.0,0,357,8.0,18.0,-12,56.0
6891,45.0,0,357,8.0,14.0,-11,56.0
6892,46.0,0,357,8.0,9.0,-10,56.0
6893,47.0,0,357,5.0,13.0,-9,56.0
6894,48.0,0,357,12.0,10.0,-8,56.0
6895,49.0,0,357,10.0,19.0,-7,56.0
6896,50.0,0,357,10.0,15.0,-6,56.0
6897,51.0,0,357,3.0,6.0,-5,56.0
6898,52.0,0,357,3.0,6.0,-4,56.0
6899,53.0,0,357,9.0,7.0,-3,56.0
6900,54.0,0,357,8.0,7.0,-2,56.0
6901,55.0,0,357,18.0,13.0,-1,56.0
6902,56.0,1,357,78.0,31.0,0,56.0
6903,57.0,1,357,13.0,7.0,1,56.0
6904,58.0,1,357,7.0,12.0,2,56.0
6905,59.0,1,357,9.0,5.0,3,56.0
6906,60.0,1,357,10.0,7.0,4,56.0
6907,61.0,1,357,19.0,19.0,5,56.0
6908,62.0,1,357,7.0,8.0,6,56.0
6909,63.0,1,357,2.0,3.0,7,56.0
6910,64.0,1,357,0.0,3.0,8,56.0
6911,65.0,1,357,6.0,3.0,9,56.0
6912,66.0,1,357,3.0,2.0,10,56.0
6913,67.0,1,357,2.0,1.0,11,56.0
6914,68.0,1,357,2.0,3.0,12,56.0
6915,69.0,1,357,3.0,4.0,13,56.0
6916,92.0,0,359,180.0,419.0,-14,106.0
6917,93.0,0,359,127.0,306.0,-13,106.0
6918,94.0,0,359,244.0,402.0,-12,106.0
6919,95.0,0,359,106.0,293.0,-11,106.0
6920,96.0,0,359,50.0,211.0,-10,106.0
6921,97.0,0,359,67.0,258.0,-9,106.0
6922,98.0,0,359,219.0,263.0,-8,106.0
6923,99.0,0,359,267.0,300.0,-7,106.0
6924,100.0,0,359,83.0,209.0,-6,106.0
6925,101.0,0,359,101.0,490.0,-5,106.0
6926,102.0,0,359,404.0,1018.0,-4,106.0
6927,103.0,0,359,242.0,1172.0,-3,106.0
6928,104.0,0,359,173.0,1006.0,-2,106.0
6929,105.0,0,359,281.0,1535.0,-1,106.0
6930,106.0,1,359,206.0,860.0,0,106.0
6931,107.0,1,359,83.0,509.0,1,106.0
6932,108.0,1,359,187.0,813.0,2,106.0
6933,109.0,1,359,133.0,845.0,3,106.0
6934,110.0,1,359,556.0,1811.0,4,106.0
6935,111.0,1,359,153.0,799.0,5,106.0
6936,112.0,1,359,67.0,412.0,6,106.0
6937,113.0,1,359,78.0,343.0,7,106.0
6938,114.0,1,359,56.0,344.0,8,106.0
6939,115.0,1,359,60.0,494.0,9,106.0
6940,116.0,1,359,65.0,520.0,10,106.0
6941,117.0,1,359,68.0,448.0,11,106.0
6942,118.0,1,359,41.0,375.0,12,106.0
6943,119.0,1,359,48.0,299.0,13,106.0
6944,154.0,0,360,57.0,92.0,-14,168.0
6945,155.0,0,360,16.0,39.0,-13,168.0
6946,156.0,0,360,20.0,38.0,-12,168.0
6947,157.0,0,360,70.0,99.0,-11,168.0
6948,158.0,0,360,96.0,136.0,-10,168.0
6949,159.0,0,360,42.0,53.0,-9,168.0
6950,160.0,0,360,30.0,61.0,-8,168.0
6951,161.0,0,360,28.0,42.0,-7,168.0
6952,162.0,0,360,20.0,37.0,-6,168.0
6953,163.0,0,360,19.0,29.0,-5,168.0
6954,164.0,0,360,23.0,42.0,-4,168.0
6955,165.0,0,360,162.0,165.0,-3,168.0
6956,166.0,0,360,280.0,248.0,-2,168.0
6957,167.0,0,360,57.0,102.0,-1,168.0
6958,168.0,1,360,550.0,371.0,0,168.0
6959,169.0,1,360,29.0,41.0,1,168.0
6960,170.0,1,360,16.0,55.0,2,168.0
6961,171.0,1,360,16.0,33.0,3,168.0
6962,172.0,1,360,27.0,36.0,4,168.0
6963,173.0,1,360,22.0,61.0,5,168.0
6964,174.0,1,360,18.0,73.0,6,168.0
6965,175.0,1,360,46.0,105.0,7,168.0
6966,176.0,1,360,19.0,48.0,8,168.0
6967,177.0,1,360,60.0,84.0,9,168.0
6968,178.0,1,360,82.0,120.0,10,168.0
6969,179.0,1,360,13.0,36.0,11,168.0
6970,180.0,1,360,11.0,38.0,12,168.0
6971,181.0,1,360,15.0,31.0,13,168.0
6972,121.0,0,361,279.0,592.0,-14,135.0
6973,122.0,0,361,125.0,283.0,-13,135.0
6974,123.0,0,361,154.0,314.0,-12,135.0
6975,124.0,0,361,60.0,171.0,-11,135.0
6976,125.0,0,361,55.0,160.0,-10,135.0
6977,126.0,0,361,99.0,234.0,-9,135.0
6978,127.0,0,361,98.0,220.0,-8,135.0
6979,128.0,0,361,126.0,238.0,-7,135.0
6980,129.0,0,361,79.0,160.0,-6,135.0
6981,130.0,0,361,68.0,275.0,-5,135.0
6982,131.0,0,361,48.0,133.0,-4,135.0
6983,132.0,0,361,19.0,64.0,-3,135.0
6984,133.0,0,361,27.0,90.0,-2,135.0
6985,134.0,0,361,39.0,69.0,-1,135.0
6986,135.0,1,361,60.0,106.0,0,135.0
6987,136.0,1,361,43.0,116.0,1,135.0
6988,137.0,1,361,119.0,353.0,2,135.0
6989,138.0,1,361,46.0,166.0,3,135.0
6990,139.0,1,361,23.0,92.0,4,135.0
6991,140.0,1,361,37.0,126.0,5,135.0
6992,141.0,1,361,23.0,117.0,6,135.0
6993,142.0,1,361,59.0,187.0,7,135.0
6994,143.0,1,361,60.0,179.0,8,135.0
6995,144.0,1,361,23.0,99.0,9,135.0
6996,145.0,1,361,42.0,86.0,10,135.0
6997,146.0,1,361,93.0,205.0,11,135.0
6998,147.0,1,361,170.0,403.0,12,135.0
6999,148.0,1,361,89.0,195.0,13,135.0
7000,234.0,0,362,47.0,18.0,-14,248.0
7001,235.0,0,362,30.0,17.0,-13,248.0
7002,236.0,0,362,12.0,11.0,-12,248.0
7003,237.0,0,362,10.0,6.0,-11,248.0
7004,238.0,0,362,5.0,14.0,-10,248.0
7005,239.0,0,362,25.0,15.0,-9,248.0
7006,240.0,0,362,35.0,23.0,-8,248.0
7007,241.0,0,362,60.0,44.0,-7,248.0
7008,242.0,0,362,56.0,50.0,-6,248.0
7009,243.0,0,362,29.0,37.0,-5,248.0
7010,244.0,0,362,16.0,38.0,-4,248.0
7011,245.0,0,362,30.0,33.0,-3,248.0
7012,246.0,0,362,24.0,21.0,-2,248.0
7013,247.0,0,362,129.0,85.0,-1,248.0
7014,248.0,1,362,166.0,140.0,0,248.0
7015,249.0,1,362,17.0,16.0,1,248.0
7016,250.0,1,362,96.0,62.0,2,248.0
7017,251.0,1,362,30.0,26.0,3,248.0
7018,252.0,1,362,20.0,15.0,4,248.0
7019,253.0,1,362,56.0,41.0,5,248.0
7020,254.0,1,362,61.0,44.0,6,248.0
7021,255.0,1,362,46.0,38.0,7,248.0
7022,256.0,1,362,57.0,62.0,8,248.0
7023,257.0,1,362,72.0,56.0,9,248.0
7024,258.0,1,362,33.0,33.0,10,248.0
7025,259.0,1,362,57.0,46.0,11,248.0
7026,260.0,1,362,25.0,30.0,12,248.0
7027,261.0,1,362,29.0,20.0,13,248.0
7028,122.0,0,364,421.0,699.0,-14,136.0
7029,123.0,0,364,258.0,526.0,-13,136.0
7030,124.0,0,364,295.0,439.0,-12,136.0
7031,125.0,0,364,65.0,185.0,-11,136.0
7032,126.0,0,364,72.0,146.0,-10,136.0
7033,127.0,0,364,51.0,83.0,-9,136.0
7034,128.0,0,364,118.0,218.0,-8,136.0
7035,129.0,0,364,92.0,155.0,-7,136.0
7036,130.0,0,364,200.0,377.0,-6,136.0
7037,131.0,0,364,93.0,188.0,-5,136.0
7038,132.0,0,364,59.0,107.0,-4,136.0
7039,133.0,0,364,100.0,142.0,-3,136.0
7040,134.0,0,364,191.0,295.0,-2,136.0
7041,135.0,0,364,230.0,340.0,-1,136.0
7042,136.0,1,364,113.0,217.0,0,136.0
7043,137.0,1,364,101.0,182.0,1,136.0
7044,138.0,1,364,57.0,103.0,2,136.0
7045,139.0,1,364,33.0,85.0,3,136.0
7046,140.0,1,364,28.0,60.0,4,136.0
7047,141.0,1,364,21.0,62.0,5,136.0
7048,142.0,1,364,263.0,469.0,6,136.0
7049,143.0,1,364,131.0,256.0,7,136.0
7050,144.0,1,364,102.0,223.0,8,136.0
7051,145.0,1,364,54.0,116.0,9,136.0
7052,146.0,1,364,261.0,471.0,10,136.0
7053,147.0,1,364,159.0,374.0,11,136.0
7054,148.0,1,364,38.0,87.0,12,136.0
7055,149.0,1,364,141.0,289.0,13,136.0
7056,194.0,0,365,0.0,0.0,-14,208.0
7057,195.0,0,365,1.0,0.0,-13,208.0
7058,196.0,0,365,0.0,0.0,-12,208.0
7059,197.0,0,365,0.0,0.0,-11,208.0
7060,198.0,0,365,0.0,1.0,-10,208.0
7061,199.0,0,365,0.0,0.0,-9,208.0
7062,200.0,0,365,1.0,2.0,-8,208.0
7063,201.0,0,365,1.0,0.0,-7,208.0
7064,202.0,0,365,1.0,0.0,-6,208.0
7065,203.0,0,365,0.0,0.0,-5,208.0
7066,204.0,0,365,0.0,1.0,-4,208.0
7067,205.0,0,365,1.0,0.0,-3,208.0
7068,206.0,0,365,0.0,0.0,-2,208.0
7069,207.0,0,365,0.0,1.0,-1,208.0
7070,208.0,1,365,17.0,1.0,0,208.0
7071,209.0,1,365,2.0,0.0,1,208.0
7072,210.0,1,365,2.0,0.0,2,208.0
7073,211.0,1,365,0.0,0.0,3,208.0
7074,212.0,1,365,0.0,1.0,4,208.0
7075,213.0,1,365,0.0,1.0,5,208.0
7076,214.0,1,365,0.0,0.0,6,208.0
7077,215.0,1,365,0.0,0.0,7,208.0
7078,216.0,1,365,0.0,0.0,8,208.0
7079,217.0,1,365,0.0,0.0,9,208.0
7080,218.0,1,365,0.0,0.0,10,208.0
7081,219.0,1,365,0.0,0.0,11,208.0
7082,220.0,1,365,1.0,0.0,12,208.0
7083,221.0,1,365,0.0,0.0,13,208.0
7084,101.0,0,368,8.0,18.0,-14,115.0
7085,102.0,0,368,6.0,23.0,-13,115.0
7086,103.0,0,368,13.0,21.0,-12,115.0
7087,104.0,0,368,13.0,10.0,-11,115.0
7088,105.0,0,368,1.0,14.0,-10,115.0
7089,106.0,0,368,4.0,9.0,-9,115.0
7090,107.0,0,368,3.0,5.0,-8,115.0
7091,108.0,0,368,3.0,10.0,-7,115.0
7092,109.0,0,368,2.0,3.0,-6,115.0
7093,110.0,0,368,9.0,8.0,-5,115.0
7094,111.0,0,368,8.0,5.0,-4,115.0
7095,112.0,0,368,2.0,5.0,-3,115.0
7096,113.0,0,368,2.0,6.0,-2,115.0
7097,114.0,0,368,58.0,47.0,-1,115.0
7098,115.0,1,368,264.0,223.0,0,115.0
7099,116.0,1,368,18.0,19.0,1,115.0
7100,117.0,1,368,26.0,24.0,2,115.0
7101,118.0,1,368,9.0,13.0,3,115.0
7102,119.0,1,368,5.0,15.0,4,115.0
7103,120.0,1,368,6.0,7.0,5,115.0
7104,121.0,1,368,5.0,6.0,6,115.0
7105,122.0,1,368,4.0,6.0,7,115.0
7106,123.0,1,368,1.0,8.0,8,115.0
7107,124.0,1,368,7.0,16.0,9,115.0
7108,125.0,1,368,7.0,8.0,10,115.0
7109,126.0,1,368,13.0,12.0,11,115.0
7110,127.0,1,368,2.0,3.0,12,115.0
7111,128.0,1,368,50.0,71.0,13,115.0
7112,161.0,0,370,0.0,0.0,-14,175.0
7113,162.0,0,370,1.0,0.0,-13,175.0
7114,163.0,0,370,0.0,0.0,-12,175.0
7115,164.0,0,370,0.0,1.0,-11,175.0
7116,165.0,0,370,0.0,2.0,-10,175.0
7117,166.0,0,370,1.0,1.0,-9,175.0
7118,167.0,0,370,0.0,2.0,-8,175.0
7119,168.0,0,370,0.0,0.0,-7,175.0
7120,169.0,0,370,0.0,0.0,-6,175.0
7121,170.0,0,370,0.0,3.0,-5,175.0
7122,171.0,0,370,2.0,1.0,-4,175.0
7123,172.0,0,370,2.0,0.0,-3,175.0
7124,173.0,0,370,1.0,1.0,-2,175.0
7125,174.0,0,370,0.0,0.0,-1,175.0
7126,175.0,1,370,49.0,19.0,0,175.0
7127,176.0,1,370,1.0,2.0,1,175.0
7128,177.0,1,370,1.0,1.0,2,175.0
7129,178.0,1,370,0.0,0.0,3,175.0
7130,179.0,1,370,0.0,0.0,4,175.0
7131,180.0,1,370,0.0,0.0,5,175.0
7132,181.0,1,370,0.0,1.0,6,175.0
7133,182.0,1,370,0.0,2.0,7,175.0
7134,183.0,1,370,0.0,0.0,8,175.0
7135,184.0,1,370,0.0,1.0,9,175.0
7136,185.0,1,370,0.0,0.0,10,175.0
7137,186.0,1,370,0.0,0.0,11,175.0
7138,187.0,1,370,0.0,0.0,12,175.0
7139,188.0,1,370,0.0,2.0,13,175.0
7140,49.0,0,372,6.0,31.0,-14,63.0
7141,50.0,0,372,14.0,17.0,-13,63.0
7142,51.0,0,372,11.0,22.0,-12,63.0
7143,52.0,0,372,5.0,18.0,-11,63.0
7144,53.0,0,372,3.0,24.0,-10,63.0
7145,54.0,0,372,6.0,21.0,-9,63.0
7146,55.0,0,372,14.0,22.0,-8,63.0
7147,56.0,0,372,7.0,9.0,-7,63.0
7148,57.0,0,372,6.0,16.0,-6,63.0
7149,58.0,0,372,4.0,8.0,-5,63.0
7150,59.0,0,372,5.0,10.0,-4,63.0
7151,60.0,0,372,6.0,14.0,-3,63.0
7152,61.0,0,372,3.0,6.0,-2,63.0
7153,62.0,0,372,1.0,7.0,-1,63.0
7154,63.0,1,372,5.0,12.0,0,63.0
7155,64.0,1,372,4.0,5.0,1,63.0
7156,65.0,1,372,12.0,31.0,2,63.0
7157,66.0,1,372,43.0,105.0,3,63.0
7158,67.0,1,372,9.0,36.0,4,63.0
7159,68.0,1,372,0.0,15.0,5,63.0
7160,69.0,1,372,4.0,9.0,6,63.0
7161,70.0,1,372,2.0,8.0,7,63.0
7162,71.0,1,372,1.0,5.0,8,63.0
7163,72.0,1,372,2.0,6.0,9,63.0
7164,73.0,1,372,1.0,4.0,10,63.0
7165,74.0,1,372,2.0,2.0,11,63.0
7166,75.0,1,372,2.0,0.0,12,63.0
7167,76.0,1,372,24.0,12.0,13,63.0
7168,160.0,0,373,28.0,97.0,-14,174.0
7169,161.0,0,373,25.0,46.0,-13,174.0
7170,162.0,0,373,36.0,77.0,-12,174.0
7171,163.0,0,373,19.0,61.0,-11,174.0
7172,164.0,0,373,19.0,46.0,-10,174.0
7173,165.0,0,373,22.0,41.0,-9,174.0
7174,166.0,0,373,19.0,44.0,-8,174.0
7175,167.0,0,373,23.0,46.0,-7,174.0
7176,168.0,0,373,22.0,46.0,-6,174.0
7177,169.0,0,373,219.0,246.0,-5,174.0
7178,170.0,0,373,73.0,98.0,-4,174.0
7179,171.0,0,373,37.0,53.0,-3,174.0
7180,172.0,0,373,185.0,418.0,-2,174.0
7181,173.0,0,373,3042.0,8595.0,-1,174.0
7182,174.0,1,373,7588.0,26673.0,0,174.0
7183,175.0,1,373,1682.0,4933.0,1,174.0
7184,176.0,1,373,190.0,731.0,2,174.0
7185,177.0,1,373,117.0,620.0,3,174.0
7186,178.0,1,373,159.0,527.0,4,174.0
7187,179.0,1,373,59.0,526.0,5,174.0
7188,180.0,1,373,70.0,509.0,6,174.0
7189,181.0,1,373,45.0,240.0,7,174.0
7190,182.0,1,373,107.0,236.0,8,174.0
7191,183.0,1,373,230.0,349.0,9,174.0
7192,184.0,1,373,79.0,267.0,10,174.0
7193,185.0,1,373,36.0,150.0,11,174.0
7194,186.0,1,373,118.0,373.0,12,174.0
7195,187.0,1,373,77.0,228.0,13,174.0
7196,59.0,0,374,50.0,106.0,-14,73.0
7197,60.0,0,374,20.0,38.0,-13,73.0
7198,61.0,0,374,17.0,67.0,-12,73.0
7199,62.0,0,374,26.0,100.0,-11,73.0
7200,63.0,0,374,16.0,55.0,-10,73.0
7201,64.0,0,374,17.0,35.0,-9,73.0
7202,65.0,0,374,8.0,30.0,-8,73.0
7203,66.0,0,374,13.0,35.0,-7,73.0
7204,67.0,0,374,7.0,18.0,-6,73.0
7205,68.0,0,374,9.0,25.0,-5,73.0
7206,69.0,0,374,7.0,32.0,-4,73.0
7207,70.0,0,374,13.0,22.0,-3,73.0
7208,71.0,0,374,3.0,28.0,-2,73.0
7209,72.0,0,374,5.0,14.0,-1,73.0
7210,73.0,1,374,45.0,49.0,0,73.0
7211,74.0,1,374,32.0,54.0,1,73.0
7212,75.0,1,374,19.0,31.0,2,73.0
7213,76.0,1,374,19.0,16.0,3,73.0
7214,77.0,1,374,9.0,18.0,4,73.0
7215,78.0,1,374,5.0,14.0,5,73.0
7216,79.0,1,374,10.0,28.0,6,73.0
7217,80.0,1,374,9.0,22.0,7,73.0
7218,81.0,1,374,13.0,18.0,8,73.0
7219,82.0,1,374,7.0,14.0,9,73.0
7220,83.0,1,374,27.0,46.0,10,73.0
7221,84.0,1,374,44.0,50.0,11,73.0
7222,85.0,1,374,6.0,23.0,12,73.0
7223,86.0,1,374,8.0,23.0,13,73.0
7224,145.0,0,376,4.0,4.0,-14,159.0
7225,146.0,0,376,1.0,8.0,-13,159.0
7226,147.0,0,376,5.0,7.0,-12,159.0
7227,148.0,0,376,1.0,5.0,-11,159.0
7228,149.0,0,376,0.0,8.0,-10,159.0
7229,150.0,0,376,0.0,5.0,-9,159.0
7230,151.0,0,376,5.0,13.0,-8,159.0
7231,152.0,0,376,5.0,13.0,-7,159.0
7232,153.0,0,376,2.0,8.0,-6,159.0
7233,154.0,0,376,3.0,4.0,-5,159.0
7234,155.0,0,376,0.0,6.0,-4,159.0
7235,156.0,0,376,1.0,3.0,-3,159.0
7236,157.0,0,376,6.0,6.0,-2,159.0
7237,158.0,0,376,8.0,8.0,-1,159.0
7238,159.0,1,376,41.0,15.0,0,159.0
7239,160.0,1,376,6.0,7.0,1,159.0
7240,161.0,1,376,1.0,6.0,2,159.0
7241,162.0,1,376,4.0,3.0,3,159.0
7242,163.0,1,376,2.0,2.0,4,159.0
7243,164.0,1,376,2.0,2.0,5,159.0
7244,165.0,1,376,4.0,8.0,6,159.0
7245,166.0,1,376,1.0,3.0,7,159.0
7246,167.0,1,376,4.0,7.0,8,159.0
7247,168.0,1,376,1.0,6.0,9,159.0
7248,169.0,1,376,1.0,9.0,10,159.0
7249,170.0,1,376,1.0,3.0,11,159.0
7250,171.0,1,376,3.0,2.0,12,159.0
7251,172.0,1,376,2.0,3.0,13,159.0
7252,170.0,0,377,5.0,4.0,-14,184.0
7253,171.0,0,377,18.0,9.0,-13,184.0
7254,172.0,0,377,13.0,18.0,-12,184.0
7255,173.0,0,377,1.0,8.0,-11,184.0
7256,174.0,0,377,4.0,1.0,-10,184.0
7257,175.0,0,377,9.0,6.0,-9,184.0
7258,176.0,0,377,1.0,1.0,-8,184.0
7259,177.0,0,377,3.0,2.0,-7,184.0
7260,178.0,0,377,3.0,2.0,-6,184.0
7261,179.0,0,377,2.0,0.0,-5,184.0
7262,180.0,0,377,2.0,3.0,-4,184.0
7263,181.0,0,377,2.0,3.0,-3,184.0
7264,182.0,0,377,2.0,1.0,-2,184.0
7265,183.0,0,377,0.0,2.0,-1,184.0
7266,184.0,1,377,14.0,3.0,0,184.0
7267,185.0,1,377,2.0,4.0,1,184.0
7268,186.0,1,377,4.0,2.0,2,184.0
7269,187.0,1,377,4.0,0.0,3,184.0
7270,188.0,1,377,1.0,3.0,4,184.0
7271,189.0,1,377,1.0,1.0,5,184.0
7272,190.0,1,377,2.0,4.0,6,184.0
7273,191.0,1,377,2.0,3.0,7,184.0
7274,192.0,1,377,1.0,1.0,8,184.0
7275,193.0,1,377,3.0,1.0,9,184.0
7276,194.0,1,377,1.0,1.0,10,184.0
7277,195.0,1,377,0.0,2.0,11,184.0
7278,196.0,1,377,3.0,3.0,12,184.0
7279,197.0,1,377,5.0,7.0,13,184.0
7280,92.0,0,380,109.0,387.0,-14,106.0
7281,93.0,0,380,278.0,834.0,-13,106.0
7282,94.0,0,380,549.0,631.0,-12,106.0
7283,95.0,0,380,154.0,379.0,-11,106.0
7284,96.0,0,380,129.0,315.0,-10,106.0
7285,97.0,0,380,141.0,332.0,-9,106.0
7286,98.0,0,380,72.0,301.0,-8,106.0
7287,99.0,0,380,61.0,324.0,-7,106.0
7288,100.0,0,380,152.0,579.0,-6,106.0
7289,101.0,0,380,131.0,765.0,-5,106.0
7290,102.0,0,380,406.0,928.0,-4,106.0
7291,103.0,0,380,256.0,1179.0,-3,106.0
7292,104.0,0,380,197.0,1055.0,-2,106.0
7293,105.0,0,380,136.0,892.0,-1,106.0
7294,106.0,1,380,167.0,799.0,0,106.0
7295,107.0,1,380,104.0,697.0,1,106.0
7296,108.0,1,380,334.0,894.0,2,106.0
7297,109.0,1,380,218.0,592.0,3,106.0
7298,110.0,1,380,175.0,646.0,4,106.0
7299,111.0,1,380,120.0,435.0,5,106.0
7300,112.0,1,380,108.0,466.0,6,106.0
7301,113.0,1,380,128.0,536.0,7,106.0
7302,114.0,1,380,93.0,495.0,8,106.0
7303,115.0,1,380,79.0,616.0,9,106.0
7304,116.0,1,380,194.0,892.0,10,106.0
7305,117.0,1,380,83.0,721.0,11,106.0
7306,118.0,1,380,135.0,673.0,12,106.0
7307,119.0,1,380,89.0,511.0,13,106.0
7308,135.0,0,381,2.0,3.0,-14,149.0
7309,136.0,0,381,3.0,2.0,-13,149.0
7310,137.0,0,381,0.0,2.0,-12,149.0
7311,138.0,0,381,3.0,2.0,-11,149.0
7312,139.0,0,381,0.0,5.0,-10,149.0
7313,140.0,0,381,2.0,9.0,-9,149.0
7314,141.0,0,381,4.0,6.0,-8,149.0
7315,142.0,0,381,1.0,3.0,-7,149.0
7316,143.0,0,381,0.0,4.0,-6,149.0
7317,144.0,0,381,2.0,4.0,-5,149.0
7318,145.0,0,381,1.0,2.0,-4,149.0
7319,146.0,0,381,2.0,10.0,-3,149.0
7320,147.0,0,381,1.0,8.0,-2,149.0
7321,148.0,0,381,3.0,3.0,-1,149.0
7322,149.0,1,381,14.0,2.0,0,149.0
7323,150.0,1,381,3.0,5.0,1,149.0
7324,151.0,1,381,0.0,5.0,2,149.0
7325,152.0,1,381,0.0,4.0,3,149.0
7326,153.0,1,381,0.0,4.0,4,149.0
7327,154.0,1,381,0.0,5.0,5,149.0
7328,155.0,1,381,0.0,6.0,6,149.0
7329,156.0,1,381,1.0,2.0,7,149.0
7330,157.0,1,381,2.0,3.0,8,149.0
7331,158.0,1,381,0.0,4.0,9,149.0
7332,159.0,1,381,1.0,4.0,10,149.0
7333,160.0,1,381,0.0,4.0,11,149.0
7334,161.0,1,381,0.0,4.0,12,149.0
7335,162.0,1,381,1.0,5.0,13,149.0
7336,131.0,0,385,2.0,2.0,-14,145.0
7337,132.0,0,385,0.0,4.0,-13,145.0
7338,133.0,0,385,0.0,1.0,-12,145.0
7339,134.0,0,385,1.0,8.0,-11,145.0
7340,135.0,0,385,1.0,7.0,-10,145.0
7341,136.0,0,385,1.0,7.0,-9,145.0
7342,137.0,0,385,2.0,9.0,-8,145.0
7343,138.0,0,385,1.0,6.0,-7,145.0
7344,139.0,0,385,0.0,3.0,-6,145.0
7345,140.0,0,385,0.0,3.0,-5,145.0
7346,141.0,0,385,1.0,5.0,-4,145.0
7347,142.0,0,385,0.0,2.0,-3,145.0
7348,143.0,0,385,4.0,25.0,-2,145.0
7349,144.0,0,385,12.0,12.0,-1,145.0
7350,145.0,1,385,129.0,118.0,0,145.0
7351,146.0,1,385,5.0,16.0,1,145.0
7352,147.0,1,385,1.0,9.0,2,145.0
7353,148.0,1,385,0.0,2.0,3,145.0
7354,149.0,1,385,3.0,4.0,4,145.0
7355,150.0,1,385,0.0,3.0,5,145.0
7356,151.0,1,385,0.0,4.0,6,145.0
7357,152.0,1,385,0.0,4.0,7,145.0
7358,153.0,1,385,1.0,1.0,8,145.0
7359,154.0,1,385,0.0,4.0,9,145.0
7360,155.0,1,385,0.0,1.0,10,145.0
7361,156.0,1,385,0.0,1.0,11,145.0
7362,157.0,1,385,0.0,3.0,12,145.0
7363,158.0,1,385,1.0,1.0,13,145.0
7364,41.0,0,389,55.0,173.0,-14,55.0
7365,42.0,0,389,50.0,139.0,-13,55.0
7366,43.0,0,389,47.0,106.0,-12,55.0
7367,44.0,0,389,203.0,333.0,-11,55.0
7368,45.0,0,389,120.0,227.0,-10,55.0
7369,46.0,0,389,82.0,164.0,-9,55.0
7370,47.0,0,389,44.0,75.0,-8,55.0
7371,48.0,0,389,74.0,95.0,-7,55.0
7372,49.0,0,389,123.0,159.0,-6,55.0
7373,50.0,0,389,90.0,168.0,-5,55.0
7374,51.0,0,389,47.0,61.0,-4,55.0
7375,52.0,0,389,35.0,48.0,-3,55.0
7376,53.0,0,389,24.0,58.0,-2,55.0
7377,54.0,0,389,72.0,81.0,-1,55.0
7378,55.0,1,389,46.0,45.0,0,55.0
7379,56.0,1,389,11.0,30.0,1,55.0
7380,57.0,1,389,12.0,35.0,2,55.0
7381,58.0,1,389,26.0,55.0,3,55.0
7382,59.0,1,389,85.0,115.0,4,55.0
7383,60.0,1,389,20.0,52.0,5,55.0
7384,61.0,1,389,15.0,27.0,6,55.0
7385,62.0,1,389,22.0,39.0,7,55.0
7386,63.0,1,389,8.0,24.0,8,55.0
7387,64.0,1,389,16.0,37.0,9,55.0
7388,65.0,1,389,10.0,29.0,10,55.0
7389,66.0,1,389,8.0,18.0,11,55.0
7390,67.0,1,389,12.0,28.0,12,55.0
7391,68.0,1,389,8.0,25.0,13,55.0
7392,98.0,0,390,25.0,55.0,-14,112.0
7393,99.0,0,390,46.0,88.0,-13,112.0
7394,100.0,0,390,61.0,97.0,-12,112.0
7395,101.0,0,390,155.0,197.0,-11,112.0
7396,102.0,0,390,82.0,132.0,-10,112.0
7397,103.0,0,390,111.0,205.0,-9,112.0
7398,104.0,0,390,206.0,325.0,-8,112.0
7399,105.0,0,390,90.0,195.0,-7,112.0
7400,106.0,0,390,73.0,148.0,-6,112.0
7401,107.0,0,390,30.0,74.0,-5,112.0
7402,108.0,0,390,167.0,211.0,-4,112.0
7403,109.0,0,390,46.0,84.0,-3,112.0
7404,110.0,0,390,66.0,101.0,-2,112.0
7405,111.0,0,390,146.0,284.0,-1,112.0
7406,112.0,1,390,152.0,279.0,0,112.0
7407,113.0,1,390,36.0,120.0,1,112.0
7408,114.0,1,390,68.0,146.0,2,112.0
7409,115.0,1,390,46.0,234.0,3,112.0
7410,116.0,1,390,131.0,357.0,4,112.0
7411,117.0,1,390,346.0,901.0,5,112.0
7412,118.0,1,390,44.0,125.0,6,112.0
7413,119.0,1,390,61.0,221.0,7,112.0
7414,120.0,1,390,57.0,271.0,8,112.0
7415,121.0,1,390,56.0,197.0,9,112.0
7416,122.0,1,390,152.0,334.0,10,112.0
7417,123.0,1,390,159.0,398.0,11,112.0
7418,124.0,1,390,61.0,225.0,12,112.0
7419,125.0,1,390,45.0,133.0,13,112.0
7420,267.0,0,391,50.0,52.0,-14,281.0
7421,268.0,0,391,7.0,13.0,-13,281.0
7422,269.0,0,391,23.0,14.0,-12,281.0
7423,270.0,0,391,9.0,19.0,-11,281.0
7424,271.0,0,391,4.0,5.0,-10,281.0
7425,272.0,0,391,2.0,3.0,-9,281.0
7426,273.0,0,391,6.0,1.0,-8,281.0
7427,274.0,0,391,2.0,3.0,-7,281.0
7428,275.0,0,391,5.0,4.0,-6,281.0
7429,276.0,0,391,2.0,1.0,-5,281.0
7430,277.0,0,391,13.0,12.0,-4,281.0
7431,278.0,0,391,10.0,9.0,-3,281.0
7432,279.0,0,391,5.0,7.0,-2,281.0
7433,280.0,0,391,10.0,6.0,-1,281.0
7434,281.0,1,391,10.0,5.0,0,281.0
7435,282.0,1,391,1.0,6.0,1,281.0
7436,283.0,1,391,5.0,6.0,2,281.0
7437,284.0,1,391,3.0,2.0,3,281.0
7438,285.0,1,391,10.0,10.0,4,281.0
7439,286.0,1,391,6.0,8.0,5,281.0
7440,287.0,1,391,11.0,20.0,6,281.0
7441,288.0,1,391,4.0,3.0,7,281.0
7442,289.0,1,391,7.0,4.0,8,281.0
7443,290.0,1,391,4.0,7.0,9,281.0
7444,291.0,1,391,2.0,6.0,10,281.0
7445,292.0,1,391,2.0,3.0,11,281.0
7446,293.0,1,391,4.0,4.0,12,281.0
7447,294.0,1,391,245.0,159.0,13,281.0
7448,-9.0,0,394,1.0,1.0,-14,5.0
7449,-8.0,0,394,0.0,2.0,-13,5.0
7450,-7.0,0,394,0.0,1.0,-12,5.0
7451,-6.0,0,394,0.0,0.0,-11,5.0
7452,-5.0,0,394,0.0,0.0,-10,5.0
7453,-4.0,0,394,0.0,0.0,-9,5.0
7454,-3.0,0,394,0.0,0.0,-8,5.0
7455,-2.0,0,394,0.0,0.0,-7,5.0
7456,-1.0,0,394,0.0,0.0,-6,5.0
7457,0.0,0,394,0.0,0.0,-5,5.0
7458,1.0,0,394,0.0,0.0,-4,5.0
7459,2.0,0,394,0.0,0.0,-3,5.0
7460,3.0,0,394,0.0,0.0,-2,5.0
7461,4.0,0,394,0.0,0.0,-1,5.0
7462,5.0,1,394,1.0,0.0,0,5.0
7463,6.0,1,394,0.0,0.0,1,5.0
7464,7.0,1,394,0.0,1.0,2,5.0
7465,8.0,1,394,1.0,1.0,3,5.0
7466,9.0,1,394,0.0,1.0,4,5.0
7467,10.0,1,394,0.0,2.0,5,5.0
7468,11.0,1,394,0.0,0.0,6,5.0
7469,12.0,1,394,0.0,0.0,7,5.0
7470,13.0,1,394,0.0,3.0,8,5.0
7471,14.0,1,394,0.0,0.0,9,5.0
7472,15.0,1,394,0.0,0.0,10,5.0
7473,16.0,1,394,0.0,0.0,11,5.0
7474,17.0,1,394,0.0,0.0,12,5.0
7475,18.0,1,394,0.0,0.0,13,5.0
7476,89.0,0,395,13.0,12.0,-14,103.0
7477,90.0,0,395,21.0,12.0,-13,103.0
7478,91.0,0,395,16.0,11.0,-12,103.0
7479,92.0,0,395,193.0,128.0,-11,103.0
7480,93.0,0,395,58.0,41.0,-10,103.0
7481,94.0,0,395,8.0,16.0,-9,103.0
7482,95.0,0,395,128.0,102.0,-8,103.0
7483,96.0,0,395,62.0,43.0,-7,103.0
7484,97.0,0,395,12.0,6.0,-6,103.0
7485,98.0,0,395,11.0,13.0,-5,103.0
7486,99.0,0,395,6.0,8.0,-4,103.0
7487,100.0,0,395,8.0,8.0,-3,103.0
7488,101.0,0,395,22.0,11.0,-2,103.0
7489,102.0,0,395,25.0,16.0,-1,103.0
7490,103.0,1,395,38.0,33.0,0,103.0
7491,104.0,1,395,350.0,203.0,1,103.0
7492,105.0,1,395,114.0,77.0,2,103.0
7493,106.0,1,395,13.0,20.0,3,103.0
7494,107.0,1,395,18.0,28.0,4,103.0
7495,108.0,1,395,34.0,12.0,5,103.0
7496,109.0,1,395,6.0,13.0,6,103.0
7497,110.0,1,395,9.0,13.0,7,103.0
7498,111.0,1,395,7.0,9.0,8,103.0
7499,112.0,1,395,5.0,12.0,9,103.0
7500,113.0,1,395,7.0,4.0,10,103.0
7501,114.0,1,395,20.0,24.0,11,103.0
7502,115.0,1,395,21.0,25.0,12,103.0
7503,116.0,1,395,30.0,29.0,13,103.0
7504,38.0,0,396,536.0,1599.0,-14,52.0
7505,39.0,0,396,500.0,1229.0,-13,52.0
7506,40.0,0,396,268.0,714.0,-12,52.0
7507,41.0,0,396,168.0,463.0,-11,52.0
7508,42.0,0,396,254.0,531.0,-10,52.0
7509,43.0,0,396,261.0,418.0,-9,52.0
7510,44.0,0,396,244.0,549.0,-8,52.0
7511,45.0,0,396,199.0,423.0,-7,52.0
7512,46.0,0,396,313.0,593.0,-6,52.0
7513,47.0,0,396,143.0,331.0,-5,52.0
7514,48.0,0,396,202.0,268.0,-4,52.0
7515,49.0,0,396,160.0,238.0,-3,52.0
7516,50.0,0,396,135.0,178.0,-2,52.0
7517,51.0,0,396,231.0,428.0,-1,52.0
7518,52.0,1,396,265.0,430.0,0,52.0
7519,53.0,1,396,162.0,226.0,1,52.0
7520,54.0,1,396,118.0,209.0,2,52.0
7521,55.0,1,396,92.0,226.0,3,52.0
7522,56.0,1,396,84.0,196.0,4,52.0
7523,57.0,1,396,213.0,368.0,5,52.0
7524,58.0,1,396,149.0,251.0,6,52.0
7525,59.0,1,396,232.0,441.0,7,52.0
7526,60.0,1,396,148.0,264.0,8,52.0
7527,61.0,1,396,39.0,119.0,9,52.0
7528,62.0,1,396,75.0,170.0,10,52.0
7529,63.0,1,396,53.0,174.0,11,52.0
7530,64.0,1,396,59.0,141.0,12,52.0
7531,65.0,1,396,98.0,200.0,13,52.0
7532,46.0,0,397,100.0,187.0,-14,60.0
7533,47.0,0,397,134.0,332.0,-13,60.0
7534,48.0,0,397,61.0,113.0,-12,60.0
7535,49.0,0,397,75.0,95.0,-11,60.0
7536,50.0,0,397,54.0,105.0,-10,60.0
7537,51.0,0,397,78.0,87.0,-9,60.0
7538,52.0,0,397,28.0,93.0,-8,60.0
7539,53.0,0,397,38.0,79.0,-7,60.0
7540,54.0,0,397,30.0,62.0,-6,60.0
7541,55.0,0,397,28.0,55.0,-5,60.0
7542,56.0,0,397,48.0,105.0,-4,60.0
7543,57.0,0,397,62.0,99.0,-3,60.0
7544,58.0,0,397,101.0,127.0,-2,60.0
7545,59.0,0,397,96.0,207.0,-1,60.0
7546,60.0,1,397,75.0,82.0,0,60.0
7547,61.0,1,397,145.0,218.0,1,60.0
7548,62.0,1,397,48.0,96.0,2,60.0
7549,63.0,1,397,39.0,60.0,3,60.0
7550,64.0,1,397,16.0,39.0,4,60.0
7551,65.0,1,397,36.0,47.0,5,60.0
7552,66.0,1,397,43.0,43.0,6,60.0
7553,67.0,1,397,34.0,27.0,7,60.0
7554,68.0,1,397,13.0,41.0,8,60.0
7555,69.0,1,397,7.0,30.0,9,60.0
7556,70.0,1,397,19.0,30.0,10,60.0
7557,71.0,1,397,7.0,21.0,11,60.0
7558,72.0,1,397,6.0,14.0,12,60.0
7559,73.0,1,397,7.0,19.0,13,60.0
7560,172.0,0,399,0.0,2.0,-14,186.0
7561,173.0,0,399,2.0,3.0,-13,186.0
7562,174.0,0,399,3.0,2.0,-12,186.0
7563,175.0,0,399,0.0,4.0,-11,186.0
7564,176.0,0,399,0.0,2.0,-10,186.0
7565,177.0,0,399,0.0,6.0,-9,186.0
7566,178.0,0,399,2.0,0.0,-8,186.0
7567,179.0,0,399,2.0,2.0,-7,186.0
7568,180.0,0,399,0.0,0.0,-6,186.0
7569,181.0,0,399,2.0,1.0,-5,186.0
7570,182.0,0,399,1.0,3.0,-4,186.0
7571,183.0,0,399,0.0,3.0,-3,186.0
7572,184.0,0,399,0.0,0.0,-2,186.0
7573,185.0,0,399,7.0,2.0,-1,186.0
7574,186.0,1,399,12.0,2.0,0,186.0
7575,187.0,1,399,1.0,2.0,1,186.0
7576,188.0,1,399,1.0,0.0,2,186.0
7577,189.0,1,399,1.0,3.0,3,186.0
7578,190.0,1,399,0.0,4.0,4,186.0
7579,191.0,1,399,0.0,2.0,5,186.0
7580,192.0,1,399,0.0,3.0,6,186.0
7581,193.0,1,399,1.0,3.0,7,186.0
7582,194.0,1,399,0.0,2.0,8,186.0
7583,195.0,1,399,0.0,1.0,9,186.0
7584,196.0,1,399,0.0,1.0,10,186.0
7585,197.0,1,399,2.0,0.0,11,186.0
7586,198.0,1,399,4.0,0.0,12,186.0
7587,199.0,1,399,1.0,3.0,13,186.0
7588,109.0,0,400,57.0,117.0,-14,123.0
7589,110.0,0,400,525.0,628.0,-13,123.0
7590,111.0,0,400,282.0,339.0,-12,123.0
7591,112.0,0,400,55.0,99.0,-11,123.0
7592,113.0,0,400,73.0,99.0,-10,123.0
7593,114.0,0,400,51.0,117.0,-9,123.0
7594,115.0,0,400,39.0,110.0,-8,123.0
7595,116.0,0,400,34.0,119.0,-7,123.0
7596,117.0,0,400,228.0,422.0,-6,123.0
7597,118.0,0,400,86.0,130.0,-5,123.0
7598,119.0,0,400,47.0,109.0,-4,123.0
7599,120.0,0,400,65.0,101.0,-3,123.0
7600,121.0,0,400,57.0,86.0,-2,123.0
7601,122.0,0,400,366.0,325.0,-1,123.0
7602,123.0,1,400,854.0,698.0,0,123.0
7603,124.0,1,400,483.0,570.0,1,123.0
7604,125.0,1,400,119.0,186.0,2,123.0
7605,126.0,1,400,46.0,100.0,3,123.0
7606,127.0,1,400,65.0,90.0,4,123.0
7607,128.0,1,400,53.0,106.0,5,123.0
7608,129.0,1,400,59.0,88.0,6,123.0
7609,130.0,1,400,76.0,101.0,7,123.0
7610,131.0,1,400,31.0,49.0,8,123.0
7611,132.0,1,400,50.0,94.0,9,123.0
7612,133.0,1,400,32.0,86.0,10,123.0
7613,134.0,1,400,35.0,73.0,11,123.0
7614,135.0,1,400,90.0,116.0,12,123.0
7615,136.0,1,400,47.0,88.0,13,123.0
7616,197.0,0,403,3.0,3.0,-14,211.0
7617,198.0,0,403,6.0,5.0,-13,211.0
7618,199.0,0,403,3.0,5.0,-12,211.0
7619,200.0,0,403,1.0,1.0,-11,211.0
7620,201.0,0,403,3.0,7.0,-10,211.0
7621,202.0,0,403,2.0,2.0,-9,211.0
7622,203.0,0,403,1.0,4.0,-8,211.0
7623,204.0,0,403,0.0,3.0,-7,211.0
7624,205.0,0,403,0.0,5.0,-6,211.0
7625,206.0,0,403,2.0,4.0,-5,211.0
7626,207.0,0,403,0.0,1.0,-4,211.0
7627,208.0,0,403,1.0,2.0,-3,211.0
7628,209.0,0,403,1.0,4.0,-2,211.0
7629,210.0,0,403,5.0,11.0,-1,211.0
7630,211.0,1,403,17.0,35.0,0,211.0
7631,212.0,1,403,4.0,7.0,1,211.0
7632,213.0,1,403,2.0,0.0,2,211.0
7633,214.0,1,403,0.0,1.0,3,211.0
7634,215.0,1,403,0.0,11.0,4,211.0
7635,216.0,1,403,0.0,1.0,5,211.0
7636,217.0,1,403,1.0,2.0,6,211.0
7637,218.0,1,403,0.0,5.0,7,211.0
7638,219.0,1,403,4.0,12.0,8,211.0
7639,220.0,1,403,0.0,2.0,9,211.0
7640,221.0,1,403,1.0,3.0,10,211.0
7641,222.0,1,403,0.0,7.0,11,211.0
7642,223.0,1,403,1.0,3.0,12,211.0
7643,224.0,1,403,1.0,3.0,13,211.0
7644,41.0,0,404,230.0,593.0,-14,55.0
7645,42.0,0,404,153.0,483.0,-13,55.0
7646,43.0,0,404,228.0,604.0,-12,55.0
7647,44.0,0,404,182.0,386.0,-11,55.0
7648,45.0,0,404,157.0,336.0,-10,55.0
7649,46.0,0,404,111.0,252.0,-9,55.0
7650,47.0,0,404,194.0,728.0,-8,55.0
7651,48.0,0,404,156.0,277.0,-7,55.0
7652,49.0,0,404,512.0,598.0,-6,55.0
7653,50.0,0,404,268.0,482.0,-5,55.0
7654,51.0,0,404,199.0,236.0,-4,55.0
7655,52.0,0,404,83.0,135.0,-3,55.0
7656,53.0,0,404,64.0,157.0,-2,55.0
7657,54.0,0,404,250.0,554.0,-1,55.0
7658,55.0,1,404,514.0,586.0,0,55.0
7659,56.0,1,404,78.0,192.0,1,55.0
7660,57.0,1,404,79.0,152.0,2,55.0
7661,58.0,1,404,85.0,118.0,3,55.0
7662,59.0,1,404,120.0,154.0,4,55.0
7663,60.0,1,404,41.0,91.0,5,55.0
7664,61.0,1,404,24.0,77.0,6,55.0
7665,62.0,1,404,25.0,56.0,7,55.0
7666,63.0,1,404,17.0,69.0,8,55.0
7667,64.0,1,404,21.0,43.0,9,55.0
7668,65.0,1,404,231.0,250.0,10,55.0
7669,66.0,1,404,81.0,129.0,11,55.0
7670,67.0,1,404,21.0,58.0,12,55.0
7671,68.0,1,404,12.0,62.0,13,55.0
7672,246.0,0,405,19.0,21.0,-14,260.0
7673,247.0,0,405,11.0,13.0,-13,260.0
7674,248.0,0,405,8.0,5.0,-12,260.0
7675,249.0,0,405,6.0,10.0,-11,260.0
7676,250.0,0,405,10.0,7.0,-10,260.0
7677,251.0,0,405,5.0,7.0,-9,260.0
7678,252.0,0,405,3.0,5.0,-8,260.0
7679,253.0,0,405,5.0,4.0,-7,260.0
7680,254.0,0,405,10.0,14.0,-6,260.0
7681,255.0,0,405,19.0,18.0,-5,260.0
7682,256.0,0,405,4.0,13.0,-4,260.0
7683,257.0,0,405,4.0,6.0,-3,260.0
7684,258.0,0,405,5.0,9.0,-2,260.0
7685,259.0,0,405,7.0,5.0,-1,260.0
7686,260.0,1,405,46.0,12.0,0,260.0
7687,261.0,1,405,4.0,5.0,1,260.0
7688,262.0,1,405,7.0,5.0,2,260.0
7689,263.0,1,405,8.0,12.0,3,260.0
7690,264.0,1,405,0.0,5.0,4,260.0
7691,265.0,1,405,3.0,10.0,5,260.0
7692,266.0,1,405,10.0,7.0,6,260.0
7693,267.0,1,405,5.0,8.0,7,260.0
7694,268.0,1,405,6.0,3.0,8,260.0
7695,269.0,1,405,5.0,2.0,9,260.0
7696,270.0,1,405,1.0,2.0,10,260.0
7697,271.0,1,405,4.0,4.0,11,260.0
7698,272.0,1,405,3.0,5.0,12,260.0
7699,273.0,1,405,10.0,17.0,13,260.0
7700,296.0,0,409,0.0,0.0,-14,310.0
7701,297.0,0,409,0.0,0.0,-13,310.0
7702,298.0,0,409,0.0,0.0,-12,310.0
7703,299.0,0,409,2.0,0.0,-11,310.0
7704,300.0,0,409,0.0,0.0,-10,310.0
7705,301.0,0,409,0.0,1.0,-9,310.0
7706,302.0,0,409,0.0,1.0,-8,310.0
7707,303.0,0,409,0.0,0.0,-7,310.0
7708,304.0,0,409,0.0,0.0,-6,310.0
7709,305.0,0,409,0.0,1.0,-5,310.0
7710,306.0,0,409,0.0,1.0,-4,310.0
7711,307.0,0,409,0.0,0.0,-3,310.0
7712,308.0,0,409,0.0,0.0,-2,310.0
7713,309.0,0,409,13.0,1.0,-1,310.0
7714,310.0,1,409,143.0,44.0,0,310.0
7715,311.0,1,409,9.0,7.0,1,310.0
7716,312.0,1,409,5.0,2.0,2,310.0
7717,313.0,1,409,1.0,0.0,3,310.0
7718,314.0,1,409,0.0,1.0,4,310.0
7719,315.0,1,409,0.0,0.0,5,310.0
7720,316.0,1,409,2.0,1.0,6,310.0
7721,317.0,1,409,0.0,2.0,7,310.0
7722,318.0,1,409,0.0,1.0,8,310.0
7723,319.0,1,409,0.0,1.0,9,310.0
7724,320.0,1,409,2.0,0.0,10,310.0
7725,321.0,1,409,0.0,0.0,11,310.0
7726,322.0,1,409,0.0,1.0,12,310.0
7727,323.0,1,409,0.0,0.0,13,310.0
7728,326.0,0,411,9.0,26.0,-14,340.0
7729,327.0,0,411,19.0,39.0,-13,340.0
7730,328.0,0,411,100.0,114.0,-12,340.0
7731,329.0,0,411,21.0,32.0,-11,340.0
7732,330.0,0,411,11.0,25.0,-10,340.0
7733,331.0,0,411,15.0,26.0,-9,340.0
7734,332.0,0,411,15.0,37.0,-8,340.0
7735,333.0,0,411,16.0,42.0,-7,340.0
7736,334.0,0,411,8.0,20.0,-6,340.0
7737,335.0,0,411,13.0,36.0,-5,340.0
7738,336.0,0,411,11.0,39.0,-4,340.0
7739,337.0,0,411,96.0,159.0,-3,340.0
7740,338.0,0,411,32.0,65.0,-2,340.0
7741,339.0,0,411,77.0,87.0,-1,340.0
7742,340.0,1,411,182.0,180.0,0,340.0
7743,341.0,1,411,42.0,65.0,1,340.0
7744,342.0,1,411,12.0,26.0,2,340.0
7745,343.0,1,411,90.0,189.0,3,340.0
7746,344.0,1,411,9.0,51.0,4,340.0
7747,345.0,1,411,16.0,36.0,5,340.0
7748,346.0,1,411,16.0,41.0,6,340.0
7749,347.0,1,411,21.0,45.0,7,340.0
7750,348.0,1,411,9.0,28.0,8,340.0
7751,349.0,1,411,26.0,78.0,9,340.0
7752,350.0,1,411,51.0,79.0,10,340.0
7753,351.0,1,411,47.0,135.0,11,340.0
7754,352.0,1,411,11.0,28.0,12,340.0
7755,353.0,1,411,21.0,65.0,13,340.0
7756,39.0,0,415,0.0,0.0,-14,53.0
7757,40.0,0,415,0.0,0.0,-13,53.0
7758,41.0,0,415,15.0,22.0,-12,53.0
7759,42.0,0,415,39.0,84.0,-11,53.0
7760,43.0,0,415,16.0,32.0,-10,53.0
7761,44.0,0,415,16.0,24.0,-9,53.0
7762,45.0,0,415,29.0,38.0,-8,53.0
7763,46.0,0,415,18.0,47.0,-7,53.0
7764,47.0,0,415,44.0,76.0,-6,53.0
7765,48.0,0,415,22.0,27.0,-5,53.0
7766,49.0,0,415,12.0,19.0,-4,53.0
7767,50.0,0,415,21.0,36.0,-3,53.0
7768,51.0,0,415,11.0,17.0,-2,53.0
7769,52.0,0,415,23.0,24.0,-1,53.0
7770,53.0,1,415,22.0,23.0,0,53.0
7771,54.0,1,415,13.0,20.0,1,53.0
7772,55.0,1,415,10.0,19.0,2,53.0
7773,56.0,1,415,5.0,9.0,3,53.0
7774,57.0,1,415,4.0,16.0,4,53.0
7775,58.0,1,415,13.0,16.0,5,53.0
7776,59.0,1,415,9.0,18.0,6,53.0
7777,60.0,1,415,2.0,18.0,7,53.0
7778,61.0,1,415,5.0,9.0,8,53.0
7779,62.0,1,415,2.0,5.0,9,53.0
7780,63.0,1,415,3.0,7.0,10,53.0
7781,64.0,1,415,1.0,6.0,11,53.0
7782,65.0,1,415,1.0,6.0,12,53.0
7783,66.0,1,415,3.0,4.0,13,53.0
7784,161.0,0,416,36.0,45.0,-14,175.0
7785,162.0,0,416,14.0,23.0,-13,175.0
7786,163.0,0,416,22.0,21.0,-12,175.0
7787,164.0,0,416,20.0,24.0,-11,175.0
7788,165.0,0,416,11.0,14.0,-10,175.0
7789,166.0,0,416,28.0,38.0,-9,175.0
7790,167.0,0,416,15.0,14.0,-8,175.0
7791,168.0,0,416,9.0,15.0,-7,175.0
7792,169.0,0,416,87.0,100.0,-6,175.0
7793,170.0,0,416,51.0,55.0,-5,175.0
7794,171.0,0,416,23.0,22.0,-4,175.0
7795,172.0,0,416,31.0,29.0,-3,175.0
7796,173.0,0,416,23.0,27.0,-2,175.0
7797,174.0,0,416,52.0,48.0,-1,175.0
7798,175.0,1,416,63.0,37.0,0,175.0
7799,176.0,1,416,38.0,54.0,1,175.0
7800,177.0,1,416,90.0,96.0,2,175.0
7801,178.0,1,416,34.0,59.0,3,175.0
7802,179.0,1,416,36.0,64.0,4,175.0
7803,180.0,1,416,9.0,17.0,5,175.0
7804,181.0,1,416,4.0,13.0,6,175.0
7805,182.0,1,416,4.0,14.0,7,175.0
7806,183.0,1,416,7.0,12.0,8,175.0
7807,184.0,1,416,0.0,6.0,9,175.0
7808,185.0,1,416,11.0,9.0,10,175.0
7809,186.0,1,416,16.0,23.0,11,175.0
7810,187.0,1,416,7.0,14.0,12,175.0
7811,188.0,1,416,3.0,12.0,13,175.0
7812,163.0,0,417,3.0,1.0,-14,177.0
7813,164.0,0,417,2.0,2.0,-13,177.0
7814,165.0,0,417,135.0,44.0,-12,177.0
7815,166.0,0,417,55.0,21.0,-11,177.0
7816,167.0,0,417,22.0,9.0,-10,177.0
7817,168.0,0,417,5.0,5.0,-9,177.0
7818,169.0,0,417,6.0,1.0,-8,177.0
7819,170.0,0,417,3.0,1.0,-7,177.0
7820,171.0,0,417,5.0,2.0,-6,177.0
7821,172.0,0,417,5.0,4.0,-5,177.0
7822,173.0,0,417,13.0,2.0,-4,177.0
7823,174.0,0,417,4.0,1.0,-3,177.0
7824,175.0,0,417,6.0,4.0,-2,177.0
7825,176.0,0,417,17.0,9.0,-1,177.0
7826,177.0,1,417,9.0,6.0,0,177.0
7827,178.0,1,417,2.0,2.0,1,177.0
7828,179.0,1,417,6.0,2.0,2,177.0
7829,180.0,1,417,7.0,2.0,3,177.0
7830,181.0,1,417,1.0,0.0,4,177.0
7831,182.0,1,417,2.0,2.0,5,177.0
7832,183.0,1,417,0.0,3.0,6,177.0
7833,184.0,1,417,4.0,0.0,7,177.0
7834,185.0,1,417,0.0,2.0,8,177.0
7835,186.0,1,417,1.0,2.0,9,177.0
7836,187.0,1,417,2.0,0.0,10,177.0
7837,188.0,1,417,3.0,0.0,11,177.0
7838,189.0,1,417,2.0,0.0,12,177.0
7839,190.0,1,417,2.0,1.0,13,177.0
7840,78.0,0,418,1.0,2.0,-14,92.0
7841,79.0,0,418,2.0,5.0,-13,92.0
7842,80.0,0,418,6.0,1.0,-12,92.0
7843,81.0,0,418,1.0,10.0,-11,92.0
7844,82.0,0,418,2.0,1.0,-10,92.0
7845,83.0,0,418,1.0,2.0,-9,92.0
7846,84.0,0,418,2.0,1.0,-8,92.0
7847,85.0,0,418,4.0,3.0,-7,92.0
7848,86.0,0,418,2.0,1.0,-6,92.0
7849,87.0,0,418,2.0,0.0,-5,92.0
7850,88.0,0,418,3.0,7.0,-4,92.0
7851,89.0,0,418,8.0,2.0,-3,92.0
7852,90.0,0,418,2.0,5.0,-2,92.0
7853,91.0,0,418,7.0,7.0,-1,92.0
7854,92.0,1,418,33.0,10.0,0,92.0
7855,93.0,1,418,2.0,11.0,1,92.0
7856,94.0,1,418,2.0,2.0,2,92.0
7857,95.0,1,418,5.0,3.0,3,92.0
7858,96.0,1,418,0.0,4.0,4,92.0
7859,97.0,1,418,3.0,5.0,5,92.0
7860,98.0,1,418,1.0,5.0,6,92.0
7861,99.0,1,418,5.0,4.0,7,92.0
7862,100.0,1,418,1.0,3.0,8,92.0
7863,101.0,1,418,3.0,1.0,9,92.0
7864,102.0,1,418,4.0,6.0,10,92.0
7865,103.0,1,418,3.0,6.0,11,92.0
7866,104.0,1,418,0.0,8.0,12,92.0
7867,105.0,1,418,5.0,3.0,13,92.0
7868,325.0,0,420,0.0,2.0,-14,339.0
7869,326.0,0,420,2.0,1.0,-13,339.0
7870,327.0,0,420,7.0,2.0,-12,339.0
7871,328.0,0,420,1.0,1.0,-11,339.0
7872,329.0,0,420,5.0,6.0,-10,339.0
7873,330.0,0,420,2.0,4.0,-9,339.0
7874,331.0,0,420,3.0,2.0,-8,339.0
7875,332.0,0,420,0.0,1.0,-7,339.0
7876,333.0,0,420,0.0,2.0,-6,339.0
7877,334.0,0,420,0.0,0.0,-5,339.0
7878,335.0,0,420,0.0,1.0,-4,339.0
7879,336.0,0,420,1.0,0.0,-3,339.0
7880,337.0,0,420,1.0,1.0,-2,339.0
7881,338.0,0,420,0.0,1.0,-1,339.0
7882,339.0,1,420,3.0,2.0,0,339.0
7883,340.0,1,420,5.0,1.0,1,339.0
7884,341.0,1,420,0.0,1.0,2,339.0
7885,342.0,1,420,1.0,1.0,3,339.0
7886,343.0,1,420,3.0,3.0,4,339.0
7887,344.0,1,420,1.0,0.0,5,339.0
7888,345.0,1,420,1.0,1.0,6,339.0
7889,346.0,1,420,2.0,4.0,7,339.0
7890,347.0,1,420,1.0,2.0,8,339.0
7891,348.0,1,420,3.0,1.0,9,339.0
7892,349.0,1,420,1.0,1.0,10,339.0
7893,350.0,1,420,1.0,2.0,11,339.0
7894,351.0,1,420,0.0,1.0,12,339.0
7895,352.0,1,420,0.0,1.0,13,339.0
7896,7.0,0,421,32.0,426.0,-14,21.0
7897,8.0,0,421,14.0,292.0,-13,21.0
7898,9.0,0,421,7.0,59.0,-12,21.0
7899,10.0,0,421,3.0,78.0,-11,21.0
7900,11.0,0,421,6.0,46.0,-10,21.0
7901,12.0,0,421,6.0,78.0,-9,21.0
7902,13.0,0,421,0.0,36.0,-8,21.0
7903,14.0,0,421,2.0,18.0,-7,21.0
7904,15.0,0,421,0.0,13.0,-6,21.0
7905,16.0,0,421,2.0,38.0,-5,21.0
7906,17.0,0,421,1.0,12.0,-4,21.0
7907,18.0,0,421,3.0,13.0,-3,21.0
7908,19.0,0,421,2.0,8.0,-2,21.0
7909,20.0,0,421,3.0,19.0,-1,21.0
7910,21.0,1,421,5.0,46.0,0,21.0
7911,22.0,1,421,1.0,11.0,1,21.0
7912,23.0,1,421,0.0,9.0,2,21.0
7913,24.0,1,421,1.0,12.0,3,21.0
7914,25.0,1,421,1.0,10.0,4,21.0
7915,26.0,1,421,0.0,19.0,5,21.0
7916,27.0,1,421,5.0,89.0,6,21.0
7917,28.0,1,421,7.0,297.0,7,21.0
7918,29.0,1,421,15.0,322.0,8,21.0
7919,30.0,1,421,129.0,3490.0,9,21.0
7920,31.0,1,421,79.0,2356.0,10,21.0
7921,32.0,1,421,75.0,4017.0,11,21.0
7922,33.0,1,421,28.0,2253.0,12,21.0
7923,34.0,1,421,50.0,2628.0,13,21.0
7924,184.0,0,422,125.0,78.0,-14,198.0
7925,185.0,0,422,30.0,23.0,-13,198.0
7926,186.0,0,422,487.0,690.0,-12,198.0
7927,187.0,0,422,1136.0,1873.0,-11,198.0
7928,188.0,0,422,8023.0,13365.0,-10,198.0
7929,189.0,0,422,2181.0,4749.0,-9,198.0
7930,190.0,0,422,8293.0,21303.0,-8,198.0
7931,191.0,0,422,1597.0,3373.0,-7,198.0
7932,192.0,0,422,579.0,1278.0,-6,198.0
7933,193.0,0,422,235.0,518.0,-5,198.0
7934,194.0,0,422,130.0,213.0,-4,198.0
7935,195.0,0,422,64.0,168.0,-3,198.0
7936,196.0,0,422,68.0,150.0,-2,198.0
7937,197.0,0,422,141.0,159.0,-1,198.0
7938,198.0,1,422,102.0,152.0,0,198.0
7939,199.0,1,422,57.0,56.0,1,198.0
7940,200.0,1,422,31.0,66.0,2,198.0
7941,201.0,1,422,32.0,99.0,3,198.0
7942,202.0,1,422,71.0,114.0,4,198.0
7943,203.0,1,422,45.0,80.0,5,198.0
7944,204.0,1,422,50.0,73.0,6,198.0
7945,205.0,1,422,73.0,76.0,7,198.0
7946,206.0,1,422,47.0,50.0,8,198.0
7947,207.0,1,422,44.0,72.0,9,198.0
7948,208.0,1,422,27.0,48.0,10,198.0
7949,209.0,1,422,51.0,78.0,11,198.0
7950,210.0,1,422,36.0,57.0,12,198.0
7951,211.0,1,422,65.0,109.0,13,198.0
7952,75.0,0,423,6.0,9.0,-14,89.0
7953,76.0,0,423,30.0,24.0,-13,89.0
7954,77.0,0,423,27.0,37.0,-12,89.0
7955,78.0,0,423,31.0,31.0,-11,89.0
7956,79.0,0,423,13.0,10.0,-10,89.0
7957,80.0,0,423,13.0,17.0,-9,89.0
7958,81.0,0,423,11.0,8.0,-8,89.0
7959,82.0,0,423,39.0,18.0,-7,89.0
7960,83.0,0,423,17.0,24.0,-6,89.0
7961,84.0,0,423,39.0,16.0,-5,89.0
7962,85.0,0,423,224.0,56.0,-4,89.0
7963,86.0,0,423,91.0,21.0,-3,89.0
7964,87.0,0,423,23.0,31.0,-2,89.0
7965,88.0,0,423,49.0,44.0,-1,89.0
7966,89.0,1,423,204.0,174.0,0,89.0
7967,90.0,1,423,34.0,56.0,1,89.0
7968,91.0,1,423,19.0,8.0,2,89.0
7969,92.0,1,423,12.0,18.0,3,89.0
7970,93.0,1,423,47.0,66.0,4,89.0
7971,94.0,1,423,25.0,27.0,5,89.0
7972,95.0,1,423,14.0,29.0,6,89.0
7973,96.0,1,423,9.0,13.0,7,89.0
7974,97.0,1,423,6.0,15.0,8,89.0
7975,98.0,1,423,26.0,25.0,9,89.0
7976,99.0,1,423,13.0,26.0,10,89.0
7977,100.0,1,423,13.0,27.0,11,89.0
7978,101.0,1,423,15.0,52.0,12,89.0
7979,102.0,1,423,68.0,95.0,13,89.0
7980,277.0,0,424,5.0,7.0,-14,291.0
7981,278.0,0,424,4.0,10.0,-13,291.0
7982,279.0,0,424,1.0,5.0,-12,291.0
7983,280.0,0,424,2.0,7.0,-11,291.0
7984,281.0,0,424,3.0,4.0,-10,291.0
7985,282.0,0,424,1.0,11.0,-9,291.0
7986,283.0,0,424,6.0,8.0,-8,291.0
7987,284.0,0,424,4.0,10.0,-7,291.0
7988,285.0,0,424,6.0,4.0,-6,291.0
7989,286.0,0,424,5.0,10.0,-5,291.0
7990,287.0,0,424,6.0,12.0,-4,291.0
7991,288.0,0,424,2.0,12.0,-3,291.0
7992,289.0,0,424,5.0,7.0,-2,291.0
7993,290.0,0,424,11.0,48.0,-1,291.0
7994,291.0,1,424,38.0,34.0,0,291.0
7995,292.0,1,424,19.0,17.0,1,291.0
7996,293.0,1,424,8.0,16.0,2,291.0
7997,294.0,1,424,5.0,6.0,3,291.0
7998,295.0,1,424,4.0,6.0,4,291.0
7999,296.0,1,424,10.0,10.0,5,291.0
8000,297.0,1,424,2.0,12.0,6,291.0
8001,298.0,1,424,2.0,13.0,7,291.0
8002,299.0,1,424,4.0,5.0,8,291.0
8003,300.0,1,424,0.0,7.0,9,291.0
8004,301.0,1,424,0.0,5.0,10,291.0
8005,302.0,1,424,1.0,9.0,11,291.0
8006,303.0,1,424,2.0,5.0,12,291.0
8007,304.0,1,424,8.0,13.0,13,291.0
8008,112.0,0,425,49.0,91.0,-14,126.0
8009,113.0,0,425,32.0,71.0,-13,126.0
8010,114.0,0,425,43.0,116.0,-12,126.0
8011,115.0,0,425,53.0,124.0,-11,126.0
8012,116.0,0,425,55.0,105.0,-10,126.0
8013,117.0,0,425,37.0,95.0,-9,126.0
8014,118.0,0,425,21.0,66.0,-8,126.0
8015,119.0,0,425,52.0,67.0,-7,126.0
8016,120.0,0,425,36.0,45.0,-6,126.0
8017,121.0,0,425,19.0,60.0,-5,126.0
8018,122.0,0,425,19.0,33.0,-4,126.0
8019,123.0,0,425,15.0,35.0,-3,126.0
8020,124.0,0,425,28.0,58.0,-2,126.0
8021,125.0,0,425,567.0,409.0,-1,126.0
8022,126.0,1,425,814.0,778.0,0,126.0
8023,127.0,1,425,67.0,98.0,1,126.0
8024,128.0,1,425,22.0,50.0,2,126.0
8025,129.0,1,425,35.0,52.0,3,126.0
8026,130.0,1,425,20.0,42.0,4,126.0
8027,131.0,1,425,12.0,34.0,5,126.0
8028,132.0,1,425,15.0,40.0,6,126.0
8029,133.0,1,425,27.0,36.0,7,126.0
8030,134.0,1,425,6.0,12.0,8,126.0
8031,135.0,1,425,8.0,19.0,9,126.0
8032,136.0,1,425,6.0,17.0,10,126.0
8033,137.0,1,425,52.0,62.0,11,126.0
8034,138.0,1,425,16.0,23.0,12,126.0
8035,139.0,1,425,5.0,23.0,13,126.0
8036,246.0,0,430,0.0,3.0,-14,260.0
8037,247.0,0,430,2.0,2.0,-13,260.0
8038,248.0,0,430,1.0,0.0,-12,260.0
8039,249.0,0,430,0.0,0.0,-11,260.0
8040,250.0,0,430,0.0,0.0,-10,260.0
8041,251.0,0,430,0.0,0.0,-9,260.0
8042,252.0,0,430,1.0,1.0,-8,260.0
8043,253.0,0,430,1.0,0.0,-7,260.0
8044,254.0,0,430,8.0,4.0,-6,260.0
8045,255.0,0,430,2.0,1.0,-5,260.0
8046,256.0,0,430,0.0,1.0,-4,260.0
8047,257.0,0,430,0.0,0.0,-3,260.0
8048,258.0,0,430,0.0,1.0,-2,260.0
8049,259.0,0,430,0.0,1.0,-1,260.0
8050,260.0,1,430,9.0,0.0,0,260.0
8051,261.0,1,430,1.0,0.0,1,260.0
8052,262.0,1,430,0.0,0.0,2,260.0
8053,263.0,1,430,0.0,2.0,3,260.0
8054,264.0,1,430,1.0,2.0,4,260.0
8055,265.0,1,430,0.0,1.0,5,260.0
8056,266.0,1,430,0.0,1.0,6,260.0
8057,267.0,1,430,1.0,14.0,7,260.0
8058,268.0,1,430,2.0,2.0,8,260.0
8059,269.0,1,430,0.0,1.0,9,260.0
8060,270.0,1,430,1.0,1.0,10,260.0
8061,271.0,1,430,0.0,0.0,11,260.0
8062,272.0,1,430,0.0,0.0,12,260.0
8063,273.0,1,430,0.0,1.0,13,260.0
8064,35.0,0,431,777.0,3651.0,-14,49.0
8065,36.0,0,431,6506.0,17136.0,-13,49.0
8066,37.0,0,431,8211.0,23361.0,-12,49.0
8067,38.0,0,431,3478.0,11878.0,-11,49.0
8068,39.0,0,431,3018.0,13796.0,-10,49.0
8069,40.0,0,431,2387.0,8112.0,-9,49.0
8070,41.0,0,431,1924.0,9621.0,-8,49.0
8071,42.0,0,431,1646.0,7657.0,-7,49.0
8072,43.0,0,431,1172.0,3326.0,-6,49.0
8073,44.0,0,431,1477.0,3797.0,-5,49.0
8074,45.0,0,431,1917.0,4970.0,-4,49.0
8075,46.0,0,431,1613.0,5491.0,-3,49.0
8076,47.0,0,431,1138.0,4645.0,-2,49.0
8077,48.0,0,431,3218.0,8745.0,-1,49.0
8078,49.0,1,431,2674.0,10058.0,0,49.0
8079,50.0,1,431,988.0,5525.0,1,49.0
8080,51.0,1,431,582.0,4803.0,2,49.0
8081,52.0,1,431,447.0,3703.0,3,49.0
8082,53.0,1,431,163.0,1646.0,4,49.0
8083,54.0,1,431,180.0,1694.0,5,49.0
8084,55.0,1,431,267.0,3072.0,6,49.0
8085,56.0,1,431,271.0,2792.0,7,49.0
8086,57.0,1,431,119.0,1489.0,8,49.0
8087,58.0,1,431,427.0,4197.0,9,49.0
8088,59.0,1,431,320.0,3189.0,10,49.0
8089,60.0,1,431,149.0,1363.0,11,49.0
8090,61.0,1,431,60.0,546.0,12,49.0
8091,62.0,1,431,236.0,2594.0,13,49.0
8092,320.0,0,432,14.0,71.0,-14,334.0
8093,321.0,0,432,13.0,92.0,-13,334.0
8094,322.0,0,432,26.0,132.0,-12,334.0
8095,323.0,0,432,18.0,119.0,-11,334.0
8096,324.0,0,432,21.0,114.0,-10,334.0
8097,325.0,0,432,20.0,95.0,-9,334.0
8098,326.0,0,432,17.0,103.0,-8,334.0
8099,327.0,0,432,13.0,106.0,-7,334.0
8100,328.0,0,432,9.0,82.0,-6,334.0
8101,329.0,0,432,9.0,83.0,-5,334.0
8102,330.0,0,432,15.0,79.0,-4,334.0
8103,331.0,0,432,14.0,79.0,-3,334.0
8104,332.0,0,432,10.0,85.0,-2,334.0
8105,333.0,0,432,85.0,169.0,-1,334.0
8106,334.0,1,432,147.0,249.0,0,334.0
8107,335.0,1,432,11.0,112.0,1,334.0
8108,336.0,1,432,36.0,223.0,2,334.0
8109,337.0,1,432,37.0,199.0,3,334.0
8110,338.0,1,432,34.0,199.0,4,334.0
8111,339.0,1,432,7.0,150.0,5,334.0
8112,340.0,1,432,2.0,169.0,6,334.0
8113,341.0,1,432,3.0,166.0,7,334.0
8114,342.0,1,432,4.0,140.0,8,334.0
8115,343.0,1,432,15.0,172.0,9,334.0
8116,344.0,1,432,15.0,170.0,10,334.0
8117,345.0,1,432,13.0,134.0,11,334.0
8118,346.0,1,432,12.0,140.0,12,334.0
8119,347.0,1,432,7.0,124.0,13,334.0
8120,62.0,0,435,22.0,84.0,-14,76.0
8121,63.0,0,435,6.0,2.0,-13,76.0
8122,64.0,0,435,3.0,5.0,-12,76.0
8123,65.0,0,435,2.0,0.0,-11,76.0
8124,66.0,0,435,1.0,3.0,-10,76.0
8125,67.0,0,435,1.0,2.0,-9,76.0
8126,68.0,0,435,1.0,2.0,-8,76.0
8127,69.0,0,435,0.0,1.0,-7,76.0
8128,70.0,0,435,1.0,5.0,-6,76.0
8129,71.0,0,435,0.0,3.0,-5,76.0
8130,72.0,0,435,3.0,1.0,-4,76.0
8131,73.0,0,435,1.0,3.0,-3,76.0
8132,74.0,0,435,0.0,3.0,-2,76.0
8133,75.0,0,435,0.0,0.0,-1,76.0
8134,76.0,1,435,2.0,1.0,0,76.0
8135,77.0,1,435,2.0,0.0,1,76.0
8136,78.0,1,435,2.0,4.0,2,76.0
8137,79.0,1,435,1.0,2.0,3,76.0
8138,80.0,1,435,1.0,0.0,4,76.0
8139,81.0,1,435,3.0,1.0,5,76.0
8140,82.0,1,435,3.0,3.0,6,76.0
8141,83.0,1,435,1.0,3.0,7,76.0
8142,84.0,1,435,0.0,4.0,8,76.0
8143,85.0,1,435,2.0,1.0,9,76.0
8144,86.0,1,435,0.0,4.0,10,76.0
8145,87.0,1,435,0.0,1.0,11,76.0
8146,88.0,1,435,0.0,2.0,12,76.0
8147,89.0,1,435,2.0,5.0,13,76.0
8148,77.0,0,436,16.0,25.0,-14,91.0
8149,78.0,0,436,29.0,35.0,-13,91.0
8150,79.0,0,436,24.0,40.0,-12,91.0
8151,80.0,0,436,47.0,34.0,-11,91.0
8152,81.0,0,436,36.0,62.0,-10,91.0
8153,82.0,0,436,70.0,44.0,-9,91.0
8154,83.0,0,436,70.0,37.0,-8,91.0
8155,84.0,0,436,22.0,39.0,-7,91.0
8156,85.0,0,436,29.0,67.0,-6,91.0
8157,86.0,0,436,22.0,35.0,-5,91.0
8158,87.0,0,436,38.0,40.0,-4,91.0
8159,88.0,0,436,51.0,93.0,-3,91.0
8160,89.0,0,436,640.0,255.0,-2,91.0
8161,90.0,0,436,208.0,194.0,-1,91.0
8162,91.0,1,436,160.0,156.0,0,91.0
8163,92.0,1,436,90.0,137.0,1,91.0
8164,93.0,1,436,34.0,82.0,2,91.0
8165,94.0,1,436,60.0,136.0,3,91.0
8166,95.0,1,436,47.0,127.0,4,91.0
8167,96.0,1,436,41.0,108.0,5,91.0
8168,97.0,1,436,21.0,107.0,6,91.0
8169,98.0,1,436,25.0,87.0,7,91.0
8170,99.0,1,436,24.0,95.0,8,91.0
8171,100.0,1,436,34.0,201.0,9,91.0
8172,101.0,1,436,55.0,259.0,10,91.0
8173,102.0,1,436,43.0,164.0,11,91.0
8174,103.0,1,436,85.0,297.0,12,91.0
8175,104.0,1,436,30.0,175.0,13,91.0
8176,93.0,0,437,28.0,48.0,-14,107.0
8177,94.0,0,437,25.0,11.0,-13,107.0
8178,95.0,0,437,70.0,49.0,-12,107.0
8179,96.0,0,437,95.0,79.0,-11,107.0
8180,97.0,0,437,28.0,15.0,-10,107.0
8181,98.0,0,437,16.0,15.0,-9,107.0
8182,99.0,0,437,17.0,11.0,-8,107.0
8183,100.0,0,437,13.0,10.0,-7,107.0
8184,101.0,0,437,22.0,29.0,-6,107.0
8185,102.0,0,437,49.0,58.0,-5,107.0
8186,103.0,0,437,37.0,41.0,-4,107.0
8187,104.0,0,437,273.0,245.0,-3,107.0
8188,105.0,0,437,76.0,111.0,-2,107.0
8189,106.0,0,437,40.0,30.0,-1,107.0
8190,107.0,1,437,37.0,31.0,0,107.0
8191,108.0,1,437,15.0,14.0,1,107.0
8192,109.0,1,437,10.0,11.0,2,107.0
8193,110.0,1,437,10.0,21.0,3,107.0
8194,111.0,1,437,13.0,15.0,4,107.0
8195,112.0,1,437,7.0,18.0,5,107.0
8196,113.0,1,437,18.0,29.0,6,107.0
8197,114.0,1,437,19.0,32.0,7,107.0
8198,115.0,1,437,15.0,24.0,8,107.0
8199,116.0,1,437,22.0,19.0,9,107.0
8200,117.0,1,437,27.0,21.0,10,107.0
8201,118.0,1,437,16.0,17.0,11,107.0
8202,119.0,1,437,9.0,23.0,12,107.0
8203,120.0,1,437,9.0,11.0,13,107.0
8204,56.0,0,438,461.0,529.0,-14,70.0
8205,57.0,0,438,1723.0,2878.0,-13,70.0
8206,58.0,0,438,1637.0,2523.0,-12,70.0
8207,59.0,0,438,1469.0,2117.0,-11,70.0
8208,60.0,0,438,1009.0,1490.0,-10,70.0
8209,61.0,0,438,538.0,760.0,-9,70.0
8210,62.0,0,438,299.0,443.0,-8,70.0
8211,63.0,0,438,967.0,1325.0,-7,70.0
8212,64.0,0,438,764.0,1254.0,-6,70.0
8213,65.0,0,438,355.0,547.0,-5,70.0
8214,66.0,0,438,635.0,1102.0,-4,70.0
8215,67.0,0,438,257.0,450.0,-3,70.0
8216,68.0,0,438,264.0,444.0,-2,70.0
8217,69.0,0,438,640.0,1063.0,-1,70.0
8218,70.0,1,438,637.0,1229.0,0,70.0
8219,71.0,1,438,284.0,508.0,1,70.0
8220,72.0,1,438,668.0,1538.0,2,70.0
8221,73.0,1,438,666.0,1545.0,3,70.0
8222,74.0,1,438,300.0,792.0,4,70.0
8223,75.0,1,438,181.0,496.0,5,70.0
8224,76.0,1,438,254.0,627.0,6,70.0
8225,77.0,1,438,174.0,427.0,7,70.0
8226,78.0,1,438,227.0,529.0,8,70.0
8227,79.0,1,438,235.0,640.0,9,70.0
8228,80.0,1,438,320.0,785.0,10,70.0
8229,81.0,1,438,196.0,488.0,11,70.0
8230,82.0,1,438,147.0,415.0,12,70.0
8231,83.0,1,438,278.0,585.0,13,70.0
8232,106.0,0,439,217.0,585.0,-14,120.0
8233,107.0,0,439,81.0,198.0,-13,120.0
8234,108.0,0,439,102.0,168.0,-12,120.0
8235,109.0,0,439,39.0,115.0,-11,120.0
8236,110.0,0,439,297.0,593.0,-10,120.0
8237,111.0,0,439,484.0,1102.0,-9,120.0
8238,112.0,0,439,147.0,212.0,-8,120.0
8239,113.0,0,439,71.0,106.0,-7,120.0
8240,114.0,0,439,57.0,104.0,-6,120.0
8241,115.0,0,439,91.0,205.0,-5,120.0
8242,116.0,0,439,72.0,164.0,-4,120.0
8243,117.0,0,439,90.0,164.0,-3,120.0
8244,118.0,0,439,73.0,131.0,-2,120.0
8245,119.0,0,439,102.0,135.0,-1,120.0
8246,120.0,1,439,200.0,335.0,0,120.0
8247,121.0,1,439,40.0,77.0,1,120.0
8248,122.0,1,439,34.0,82.0,2,120.0
8249,123.0,1,439,74.0,135.0,3,120.0
8250,124.0,1,439,77.0,130.0,4,120.0
8251,125.0,1,439,33.0,110.0,5,120.0
8252,126.0,1,439,60.0,136.0,6,120.0
8253,127.0,1,439,80.0,104.0,7,120.0
8254,128.0,1,439,70.0,155.0,8,120.0
8255,129.0,1,439,168.0,256.0,9,120.0
8256,130.0,1,439,38.0,97.0,10,120.0
8257,131.0,1,439,198.0,275.0,11,120.0
8258,132.0,1,439,124.0,191.0,12,120.0
8259,133.0,1,439,60.0,172.0,13,120.0
8260,98.0,0,440,45.0,50.0,-14,112.0
8261,99.0,0,440,87.0,68.0,-13,112.0
8262,100.0,0,440,61.0,46.0,-12,112.0
8263,101.0,0,440,42.0,37.0,-11,112.0
8264,102.0,0,440,61.0,45.0,-10,112.0
8265,103.0,0,440,71.0,72.0,-9,112.0
8266,104.0,0,440,95.0,70.0,-8,112.0
8267,105.0,0,440,40.0,60.0,-7,112.0
8268,106.0,0,440,37.0,54.0,-6,112.0
8269,107.0,0,440,33.0,26.0,-5,112.0
8270,108.0,0,440,38.0,41.0,-4,112.0
8271,109.0,0,440,75.0,78.0,-3,112.0
8272,110.0,0,440,21.0,37.0,-2,112.0
8273,111.0,0,440,110.0,68.0,-1,112.0
8274,112.0,1,440,138.0,64.0,0,112.0
8275,113.0,1,440,155.0,145.0,1,112.0
8276,114.0,1,440,55.0,73.0,2,112.0
8277,115.0,1,440,80.0,139.0,3,112.0
8278,116.0,1,440,23.0,56.0,4,112.0
8279,117.0,1,440,83.0,94.0,5,112.0
8280,118.0,1,440,64.0,69.0,6,112.0
8281,119.0,1,440,34.0,50.0,7,112.0
8282,120.0,1,440,33.0,47.0,8,112.0
8283,121.0,1,440,37.0,38.0,9,112.0
8284,122.0,1,440,74.0,90.0,10,112.0
8285,123.0,1,440,32.0,42.0,11,112.0
8286,124.0,1,440,31.0,44.0,12,112.0
8287,125.0,1,440,25.0,49.0,13,112.0
8288,101.0,0,442,8.0,24.0,-14,115.0
8289,102.0,0,442,3.0,26.0,-13,115.0
8290,103.0,0,442,5.0,29.0,-12,115.0
8291,104.0,0,442,2.0,39.0,-11,115.0
8292,105.0,0,442,4.0,60.0,-10,115.0
8293,106.0,0,442,13.0,42.0,-9,115.0
8294,107.0,0,442,9.0,71.0,-8,115.0
8295,108.0,0,442,4.0,21.0,-7,115.0
8296,109.0,0,442,9.0,27.0,-6,115.0
8297,110.0,0,442,8.0,37.0,-5,115.0
8298,111.0,0,442,2.0,23.0,-4,115.0
8299,112.0,0,442,15.0,102.0,-3,115.0
8300,113.0,0,442,1.0,18.0,-2,115.0
8301,114.0,0,442,735.0,912.0,-1,115.0
8302,115.0,1,442,860.0,1383.0,0,115.0
8303,116.0,1,442,110.0,234.0,1,115.0
8304,117.0,1,442,133.0,205.0,2,115.0
8305,118.0,1,442,21.0,51.0,3,115.0
8306,119.0,1,442,11.0,29.0,4,115.0
8307,120.0,1,442,8.0,22.0,5,115.0
8308,121.0,1,442,8.0,25.0,6,115.0
8309,122.0,1,442,33.0,37.0,7,115.0
8310,123.0,1,442,26.0,42.0,8,115.0
8311,124.0,1,442,5.0,28.0,9,115.0
8312,125.0,1,442,5.0,14.0,10,115.0
8313,126.0,1,442,4.0,54.0,11,115.0
8314,127.0,1,442,7.0,22.0,12,115.0
8315,128.0,1,442,8.0,16.0,13,115.0
8316,178.0,0,443,1.0,1.0,-14,192.0
8317,179.0,0,443,1.0,0.0,-13,192.0
8318,180.0,0,443,1.0,0.0,-12,192.0
8319,181.0,0,443,0.0,0.0,-11,192.0
8320,182.0,0,443,0.0,0.0,-10,192.0
8321,183.0,0,443,1.0,0.0,-9,192.0
8322,184.0,0,443,0.0,0.0,-8,192.0
8323,185.0,0,443,0.0,0.0,-7,192.0
8324,186.0,0,443,0.0,0.0,-6,192.0
8325,187.0,0,443,0.0,0.0,-5,192.0
8326,188.0,0,443,1.0,0.0,-4,192.0
8327,189.0,0,443,1.0,0.0,-3,192.0
8328,190.0,0,443,0.0,0.0,-2,192.0
8329,191.0,0,443,7.0,2.0,-1,192.0
8330,192.0,1,443,41.0,11.0,0,192.0
8331,193.0,1,443,2.0,2.0,1,192.0
8332,194.0,1,443,0.0,0.0,2,192.0
8333,195.0,1,443,0.0,0.0,3,192.0
8334,196.0,1,443,0.0,0.0,4,192.0
8335,197.0,1,443,1.0,2.0,5,192.0
8336,198.0,1,443,0.0,0.0,6,192.0
8337,199.0,1,443,0.0,0.0,7,192.0
8338,200.0,1,443,0.0,0.0,8,192.0
8339,201.0,1,443,0.0,0.0,9,192.0
8340,202.0,1,443,0.0,0.0,10,192.0
8341,203.0,1,443,1.0,1.0,11,192.0
8342,204.0,1,443,0.0,0.0,12,192.0
8343,205.0,1,443,0.0,0.0,13,192.0
8344,253.0,0,444,9.0,9.0,-14,267.0
8345,254.0,0,444,15.0,18.0,-13,267.0
8346,255.0,0,444,21.0,15.0,-12,267.0
8347,256.0,0,444,33.0,34.0,-11,267.0
8348,257.0,0,444,27.0,31.0,-10,267.0
8349,258.0,0,444,9.0,9.0,-9,267.0
8350,259.0,0,444,7.0,11.0,-8,267.0
8351,260.0,0,444,7.0,12.0,-7,267.0
8352,261.0,0,444,7.0,12.0,-6,267.0
8353,262.0,0,444,16.0,9.0,-5,267.0
8354,263.0,0,444,10.0,6.0,-4,267.0
8355,264.0,0,444,8.0,10.0,-3,267.0
8356,265.0,0,444,320.0,181.0,-2,267.0
8357,266.0,0,444,22.0,22.0,-1,267.0
8358,267.0,1,444,69.0,44.0,0,267.0
8359,268.0,1,444,23.0,17.0,1,267.0
8360,269.0,1,444,12.0,33.0,2,267.0
8361,270.0,1,444,16.0,25.0,3,267.0
8362,271.0,1,444,9.0,15.0,4,267.0
8363,272.0,1,444,7.0,21.0,5,267.0
8364,273.0,1,444,7.0,6.0,6,267.0
8365,274.0,1,444,14.0,14.0,7,267.0
8366,275.0,1,444,16.0,14.0,8,267.0
8367,276.0,1,444,35.0,22.0,9,267.0
8368,277.0,1,444,21.0,16.0,10,267.0
8369,278.0,1,444,10.0,21.0,11,267.0
8370,279.0,1,444,5.0,7.0,12,267.0
8371,280.0,1,444,4.0,1.0,13,267.0
8372,108.0,0,445,92.0,434.0,-14,122.0
8373,109.0,0,445,72.0,449.0,-13,122.0
8374,110.0,0,445,87.0,600.0,-12,122.0
8375,111.0,0,445,111.0,638.0,-11,122.0
8376,112.0,0,445,178.0,673.0,-10,122.0
8377,113.0,0,445,241.0,862.0,-9,122.0
8378,114.0,0,445,595.0,1527.0,-8,122.0
8379,115.0,0,445,2830.0,18576.0,-7,122.0
8380,116.0,0,445,1521.0,7402.0,-6,122.0
8381,117.0,0,445,1767.0,6878.0,-5,122.0
8382,118.0,0,445,956.0,4324.0,-4,122.0
8383,119.0,0,445,2558.0,7502.0,-3,122.0
8384,120.0,0,445,4270.0,12723.0,-2,122.0
8385,121.0,0,445,1289.0,4854.0,-1,122.0
8386,122.0,1,445,887.0,3537.0,0,122.0
8387,123.0,1,445,316.0,1321.0,1,122.0
8388,124.0,1,445,306.0,1406.0,2,122.0
8389,125.0,1,445,236.0,1159.0,3,122.0
8390,126.0,1,445,336.0,1136.0,4,122.0
8391,127.0,1,445,244.0,1010.0,5,122.0
8392,128.0,1,445,407.0,1241.0,6,122.0
8393,129.0,1,445,247.0,875.0,7,122.0
8394,130.0,1,445,115.0,701.0,8,122.0
8395,131.0,1,445,215.0,774.0,9,122.0
8396,132.0,1,445,122.0,732.0,10,122.0
8397,133.0,1,445,121.0,738.0,11,122.0
8398,134.0,1,445,130.0,756.0,12,122.0
8399,135.0,1,445,121.0,569.0,13,122.0
8400,166.0,0,446,3.0,2.0,-14,180.0
8401,167.0,0,446,7.0,3.0,-13,180.0
8402,168.0,0,446,6.0,1.0,-12,180.0
8403,169.0,0,446,11.0,4.0,-11,180.0
8404,170.0,0,446,6.0,1.0,-10,180.0
8405,171.0,0,446,15.0,4.0,-9,180.0
8406,172.0,0,446,6.0,1.0,-8,180.0
8407,173.0,0,446,6.0,4.0,-7,180.0
8408,174.0,0,446,6.0,2.0,-6,180.0
8409,175.0,0,446,10.0,3.0,-5,180.0
8410,176.0,0,446,23.0,5.0,-4,180.0
8411,177.0,0,446,23.0,7.0,-3,180.0
8412,178.0,0,446,12.0,4.0,-2,180.0
8413,179.0,0,446,7.0,4.0,-1,180.0
8414,180.0,1,446,65.0,18.0,0,180.0
8415,181.0,1,446,4.0,2.0,1,180.0
8416,182.0,1,446,5.0,2.0,2,180.0
8417,183.0,1,446,11.0,6.0,3,180.0
8418,184.0,1,446,18.0,5.0,4,180.0
8419,185.0,1,446,3.0,2.0,5,180.0
8420,186.0,1,446,10.0,2.0,6,180.0
8421,187.0,1,446,6.0,6.0,7,180.0
8422,188.0,1,446,7.0,1.0,8,180.0
8423,189.0,1,446,8.0,5.0,9,180.0
8424,190.0,1,446,3.0,0.0,10,180.0
8425,191.0,1,446,4.0,2.0,11,180.0
8426,192.0,1,446,1.0,2.0,12,180.0
8427,193.0,1,446,4.0,2.0,13,180.0
8428,218.0,0,447,19.0,38.0,-14,232.0
8429,219.0,0,447,17.0,31.0,-13,232.0
8430,220.0,0,447,13.0,16.0,-12,232.0
8431,221.0,0,447,41.0,33.0,-11,232.0
8432,222.0,0,447,12.0,10.0,-10,232.0
8433,223.0,0,447,13.0,19.0,-9,232.0
8434,224.0,0,447,5.0,9.0,-8,232.0
8435,225.0,0,447,34.0,18.0,-7,232.0
8436,226.0,0,447,209.0,67.0,-6,232.0
8437,227.0,0,447,23.0,21.0,-5,232.0
8438,228.0,0,447,14.0,10.0,-4,232.0
8439,229.0,0,447,6.0,9.0,-3,232.0
8440,230.0,0,447,14.0,11.0,-2,232.0
8441,231.0,0,447,70.0,87.0,-1,232.0
8442,232.0,1,447,8.0,15.0,0,232.0
8443,233.0,1,447,6.0,7.0,1,232.0
8444,234.0,1,447,0.0,4.0,2,232.0
8445,235.0,1,447,7.0,2.0,3,232.0
8446,236.0,1,447,3.0,1.0,4,232.0
8447,237.0,1,447,5.0,6.0,5,232.0
8448,238.0,1,447,18.0,38.0,6,232.0
8449,239.0,1,447,188.0,253.0,7,232.0
8450,240.0,1,447,24.0,25.0,8,232.0
8451,241.0,1,447,19.0,22.0,9,232.0
8452,242.0,1,447,17.0,40.0,10,232.0
8453,243.0,1,447,20.0,17.0,11,232.0
8454,244.0,1,447,3.0,15.0,12,232.0
8455,245.0,1,447,7.0,11.0,13,232.0
8456,27.0,0,448,43.0,1470.0,-14,41.0
8457,28.0,0,448,72.0,1469.0,-13,41.0
8458,29.0,0,448,93.0,2136.0,-12,41.0
8459,30.0,0,448,219.0,2000.0,-11,41.0
8460,31.0,0,448,1171.0,5676.0,-10,41.0
8461,32.0,0,448,1628.0,10990.0,-9,41.0
8462,33.0,0,448,1512.0,14118.0,-8,41.0
8463,34.0,0,448,1412.0,21054.0,-7,41.0
8464,35.0,0,448,1681.0,21609.0,-6,41.0
8465,36.0,0,448,3712.0,43784.0,-5,41.0
8466,37.0,0,448,2853.0,36655.0,-4,41.0
8467,38.0,0,448,1629.0,20309.0,-3,41.0
8468,39.0,0,448,1417.0,17868.0,-2,41.0
8469,40.0,0,448,1355.0,13969.0,-1,41.0
8470,41.0,1,448,1297.0,23108.0,0,41.0
8471,42.0,1,448,694.0,9567.0,1,41.0
8472,43.0,1,448,384.0,6783.0,2,41.0
8473,44.0,1,448,634.0,10358.0,3,41.0
8474,45.0,1,448,389.0,6786.0,4,41.0
8475,46.0,1,448,263.0,6979.0,5,41.0
8476,47.0,1,448,255.0,6609.0,6,41.0
8477,48.0,1,448,196.0,5921.0,7,41.0
8478,49.0,1,448,138.0,3376.0,8,41.0
8479,50.0,1,448,126.0,3337.0,9,41.0
8480,51.0,1,448,156.0,3550.0,10,41.0
8481,52.0,1,448,184.0,4500.0,11,41.0
8482,53.0,1,448,57.0,2604.0,12,41.0
8483,54.0,1,448,97.0,3269.0,13,41.0
8484,274.0,0,451,1.0,0.0,-14,288.0
8485,275.0,0,451,2.0,1.0,-13,288.0
8486,276.0,0,451,1.0,2.0,-12,288.0
8487,277.0,0,451,1.0,0.0,-11,288.0
8488,278.0,0,451,3.0,0.0,-10,288.0
8489,279.0,0,451,2.0,1.0,-9,288.0
8490,280.0,0,451,2.0,0.0,-8,288.0
8491,281.0,0,451,49.0,20.0,-7,288.0
8492,282.0,0,451,14.0,3.0,-6,288.0
8493,283.0,0,451,1.0,1.0,-5,288.0
8494,284.0,0,451,3.0,1.0,-4,288.0
8495,285.0,0,451,3.0,1.0,-3,288.0
8496,286.0,0,451,1.0,3.0,-2,288.0
8497,287.0,0,451,6.0,2.0,-1,288.0
8498,288.0,1,451,5.0,1.0,0,288.0
8499,289.0,1,451,2.0,2.0,1,288.0
8500,290.0,1,451,3.0,0.0,2,288.0
8501,291.0,1,451,3.0,2.0,3,288.0
8502,292.0,1,451,1.0,2.0,4,288.0
8503,293.0,1,451,1.0,1.0,5,288.0
8504,294.0,1,451,10.0,11.0,6,288.0
8505,295.0,1,451,12.0,6.0,7,288.0
8506,296.0,1,451,5.0,1.0,8,288.0
8507,297.0,1,451,1.0,4.0,9,288.0
8508,298.0,1,451,2.0,1.0,10,288.0
8509,299.0,1,451,0.0,1.0,11,288.0
8510,300.0,1,451,1.0,4.0,12,288.0
8511,301.0,1,451,2.0,1.0,13,288.0
8512,51.0,0,452,154.0,134.0,-14,65.0
8513,52.0,0,452,78.0,81.0,-13,65.0
8514,53.0,0,452,117.0,86.0,-12,65.0
8515,54.0,0,452,95.0,70.0,-11,65.0
8516,55.0,0,452,581.0,339.0,-10,65.0
8517,56.0,0,452,82.0,53.0,-9,65.0
8518,57.0,0,452,32.0,29.0,-8,65.0
8519,58.0,0,452,47.0,30.0,-7,65.0
8520,59.0,0,452,39.0,21.0,-6,65.0
8521,60.0,0,452,68.0,75.0,-5,65.0
8522,61.0,0,452,31.0,11.0,-4,65.0
8523,62.0,0,452,36.0,16.0,-3,65.0
8524,63.0,0,452,61.0,48.0,-2,65.0
8525,64.0,0,452,69.0,45.0,-1,65.0
8526,65.0,1,452,77.0,40.0,0,65.0
8527,66.0,1,452,87.0,65.0,1,65.0
8528,67.0,1,452,26.0,25.0,2,65.0
8529,68.0,1,452,58.0,49.0,3,65.0
8530,69.0,1,452,35.0,32.0,4,65.0
8531,70.0,1,452,22.0,24.0,5,65.0
8532,71.0,1,452,25.0,22.0,6,65.0
8533,72.0,1,452,10.0,11.0,7,65.0
8534,73.0,1,452,13.0,17.0,8,65.0
8535,74.0,1,452,12.0,8.0,9,65.0
8536,75.0,1,452,18.0,13.0,10,65.0
8537,76.0,1,452,30.0,14.0,11,65.0
8538,77.0,1,452,28.0,35.0,12,65.0
8539,78.0,1,452,64.0,45.0,13,65.0
8540,51.0,0,453,3.0,8.0,-14,65.0
8541,52.0,0,453,8.0,16.0,-13,65.0
8542,53.0,0,453,3.0,7.0,-12,65.0
8543,54.0,0,453,4.0,6.0,-11,65.0
8544,55.0,0,453,3.0,14.0,-10,65.0
8545,56.0,0,453,4.0,14.0,-9,65.0
8546,57.0,0,453,6.0,12.0,-8,65.0
8547,58.0,0,453,6.0,6.0,-7,65.0
8548,59.0,0,453,3.0,7.0,-6,65.0
8549,60.0,0,453,4.0,8.0,-5,65.0
8550,61.0,0,453,2.0,5.0,-4,65.0
8551,62.0,0,453,0.0,4.0,-3,65.0
8552,63.0,0,453,1.0,2.0,-2,65.0
8553,64.0,0,453,1843.0,1851.0,-1,65.0
8554,65.0,1,453,546.0,600.0,0,65.0
8555,66.0,1,453,88.0,65.0,1,65.0
8556,67.0,1,453,26.0,54.0,2,65.0
8557,68.0,1,453,16.0,13.0,3,65.0
8558,69.0,1,453,18.0,25.0,4,65.0
8559,70.0,1,453,8.0,12.0,5,65.0
8560,71.0,1,453,21.0,16.0,6,65.0
8561,72.0,1,453,11.0,12.0,7,65.0
8562,73.0,1,453,1.0,11.0,8,65.0
8563,74.0,1,453,11.0,8.0,9,65.0
8564,75.0,1,453,13.0,13.0,10,65.0
8565,76.0,1,453,6.0,7.0,11,65.0
8566,77.0,1,453,9.0,8.0,12,65.0
8567,78.0,1,453,12.0,13.0,13,65.0
8568,122.0,0,456,99.0,631.0,-14,136.0
8569,123.0,0,456,114.0,654.0,-13,136.0
8570,124.0,0,456,91.0,757.0,-12,136.0
8571,125.0,0,456,143.0,859.0,-11,136.0
8572,126.0,0,456,140.0,673.0,-10,136.0
8573,127.0,0,456,53.0,315.0,-9,136.0
8574,128.0,0,456,75.0,418.0,-8,136.0
8575,129.0,0,456,121.0,600.0,-7,136.0
8576,130.0,0,456,157.0,889.0,-6,136.0
8577,131.0,0,456,245.0,1496.0,-5,136.0
8578,132.0,0,456,449.0,2345.0,-4,136.0
8579,133.0,0,456,153.0,1127.0,-3,136.0
8580,134.0,0,456,71.0,517.0,-2,136.0
8581,135.0,0,456,340.0,1842.0,-1,136.0
8582,136.0,1,456,330.0,1586.0,0,136.0
8583,137.0,1,456,119.0,853.0,1,136.0
8584,138.0,1,456,69.0,608.0,2,136.0
8585,139.0,1,456,91.0,604.0,3,136.0
8586,140.0,1,456,130.0,817.0,4,136.0
8587,141.0,1,456,337.0,2082.0,5,136.0
8588,142.0,1,456,169.0,1168.0,6,136.0
8589,143.0,1,456,91.0,737.0,7,136.0
8590,144.0,1,456,45.0,452.0,8,136.0
8591,145.0,1,456,109.0,933.0,9,136.0
8592,146.0,1,456,96.0,709.0,10,136.0
8593,147.0,1,456,29.0,280.0,11,136.0
8594,148.0,1,456,86.0,477.0,12,136.0
8595,149.0,1,456,157.0,973.0,13,136.0
8596,51.0,0,457,862.0,1040.0,-14,65.0
8597,52.0,0,457,486.0,898.0,-13,65.0
8598,53.0,0,457,976.0,1232.0,-12,65.0
8599,54.0,0,457,212.0,413.0,-11,65.0
8600,55.0,0,457,1092.0,1724.0,-10,65.0
8601,56.0,0,457,679.0,1040.0,-9,65.0
8602,57.0,0,457,1267.0,2014.0,-8,65.0
8603,58.0,0,457,135.0,285.0,-7,65.0
8604,59.0,0,457,1661.0,2073.0,-6,65.0
8605,60.0,0,457,789.0,1206.0,-5,65.0
8606,61.0,0,457,209.0,317.0,-4,65.0
8607,62.0,0,457,482.0,680.0,-3,65.0
8608,63.0,0,457,396.0,536.0,-2,65.0
8609,64.0,0,457,103.0,187.0,-1,65.0
8610,65.0,1,457,45.0,139.0,0,65.0
8611,66.0,1,457,377.0,824.0,1,65.0
8612,67.0,1,457,154.0,340.0,2,65.0
8613,68.0,1,457,61.0,182.0,3,65.0
8614,69.0,1,457,23.0,86.0,4,65.0
8615,70.0,1,457,41.0,118.0,5,65.0
8616,71.0,1,457,31.0,116.0,6,65.0
8617,72.0,1,457,505.0,914.0,7,65.0
8618,73.0,1,457,501.0,879.0,8,65.0
8619,74.0,1,457,58.0,198.0,9,65.0
8620,75.0,1,457,106.0,269.0,10,65.0
8621,76.0,1,457,452.0,948.0,11,65.0
8622,77.0,1,457,375.0,756.0,12,65.0
8623,78.0,1,457,31.0,134.0,13,65.0
8624,14.0,0,459,9.0,197.0,-14,28.0
8625,15.0,0,459,4.0,123.0,-13,28.0
8626,16.0,0,459,11.0,230.0,-12,28.0
8627,17.0,0,459,1.0,78.0,-11,28.0
8628,18.0,0,459,6.0,98.0,-10,28.0
8629,19.0,0,459,0.0,79.0,-9,28.0
8630,20.0,0,459,5.0,119.0,-8,28.0
8631,21.0,0,459,0.0,48.0,-7,28.0
8632,22.0,0,459,2.0,91.0,-6,28.0
8633,23.0,0,459,4.0,88.0,-5,28.0
8634,24.0,0,459,2.0,44.0,-4,28.0
8635,25.0,0,459,16.0,469.0,-3,28.0
8636,26.0,0,459,8.0,376.0,-2,28.0
8637,27.0,0,459,61.0,2189.0,-1,28.0
8638,28.0,1,459,72.0,2364.0,0,28.0
8639,29.0,1,459,33.0,1748.0,1,28.0
8640,30.0,1,459,53.0,2515.0,2,28.0
8641,31.0,1,459,94.0,4413.0,3,28.0
8642,32.0,1,459,57.0,3953.0,4,28.0
8643,33.0,1,459,19.0,3760.0,5,28.0
8644,34.0,1,459,15.0,4032.0,6,28.0
8645,35.0,1,459,22.0,3731.0,7,28.0
8646,36.0,1,459,11.0,3013.0,8,28.0
8647,37.0,1,459,9.0,2973.0,9,28.0
8648,38.0,1,459,13.0,2239.0,10,28.0
8649,39.0,1,459,5.0,1800.0,11,28.0
8650,40.0,1,459,9.0,8004.0,12,28.0
8651,41.0,1,459,9.0,3562.0,13,28.0
8652,224.0,0,461,5.0,11.0,-14,238.0
8653,225.0,0,461,7.0,11.0,-13,238.0
8654,226.0,0,461,35.0,33.0,-12,238.0
8655,227.0,0,461,14.0,9.0,-11,238.0
8656,228.0,0,461,10.0,12.0,-10,238.0
8657,229.0,0,461,4.0,12.0,-9,238.0
8658,230.0,0,461,5.0,14.0,-8,238.0
8659,231.0,0,461,1.0,6.0,-7,238.0
8660,232.0,0,461,10.0,7.0,-6,238.0
8661,233.0,0,461,6.0,11.0,-5,238.0
8662,234.0,0,461,26.0,44.0,-4,238.0
8663,235.0,0,461,28.0,22.0,-3,238.0
8664,236.0,0,461,12.0,14.0,-2,238.0
8665,237.0,0,461,48.0,15.0,-1,238.0
8666,238.0,1,461,25.0,9.0,0,238.0
8667,239.0,1,461,11.0,9.0,1,238.0
8668,240.0,1,461,5.0,9.0,2,238.0
8669,241.0,1,461,7.0,7.0,3,238.0
8670,242.0,1,461,11.0,7.0,4,238.0
8671,243.0,1,461,2.0,3.0,5,238.0
8672,244.0,1,461,2.0,9.0,6,238.0
8673,245.0,1,461,8.0,18.0,7,238.0
8674,246.0,1,461,6.0,17.0,8,238.0
8675,247.0,1,461,7.0,9.0,9,238.0
8676,248.0,1,461,4.0,4.0,10,238.0
8677,249.0,1,461,7.0,13.0,11,238.0
8678,250.0,1,461,13.0,22.0,12,238.0
8679,251.0,1,461,4.0,7.0,13,238.0
8680,178.0,0,462,16.0,17.0,-14,192.0
8681,179.0,0,462,2.0,0.0,-13,192.0
8682,180.0,0,462,0.0,0.0,-12,192.0
8683,181.0,0,462,0.0,1.0,-11,192.0
8684,182.0,0,462,0.0,0.0,-10,192.0
8685,183.0,0,462,0.0,0.0,-9,192.0
8686,184.0,0,462,0.0,1.0,-8,192.0
8687,185.0,0,462,0.0,0.0,-7,192.0
8688,186.0,0,462,1.0,0.0,-6,192.0
8689,187.0,0,462,0.0,0.0,-5,192.0
8690,188.0,0,462,0.0,0.0,-4,192.0
8691,189.0,0,462,0.0,0.0,-3,192.0
8692,190.0,0,462,0.0,0.0,-2,192.0
8693,191.0,0,462,0.0,0.0,-1,192.0
8694,192.0,1,462,24.0,14.0,0,192.0
8695,193.0,1,462,2.0,3.0,1,192.0
8696,194.0,1,462,1.0,6.0,2,192.0
8697,195.0,1,462,0.0,0.0,3,192.0
8698,196.0,1,462,0.0,0.0,4,192.0
8699,197.0,1,462,1.0,0.0,5,192.0
8700,198.0,1,462,1.0,0.0,6,192.0
8701,199.0,1,462,0.0,0.0,7,192.0
8702,200.0,1,462,0.0,1.0,8,192.0
8703,201.0,1,462,0.0,1.0,9,192.0
8704,202.0,1,462,0.0,0.0,10,192.0
8705,203.0,1,462,0.0,1.0,11,192.0
8706,204.0,1,462,2.0,0.0,12,192.0
8707,205.0,1,462,0.0,0.0,13,192.0
8708,78.0,0,464,20.0,12.0,-14,92.0
8709,79.0,0,464,9.0,11.0,-13,92.0
8710,80.0,0,464,54.0,20.0,-12,92.0
8711,81.0,0,464,12.0,7.0,-11,92.0
8712,82.0,0,464,7.0,3.0,-10,92.0
8713,83.0,0,464,90.0,31.0,-9,92.0
8714,84.0,0,464,18.0,16.0,-8,92.0
8715,85.0,0,464,4.0,10.0,-7,92.0
8716,86.0,0,464,21.0,13.0,-6,92.0
8717,87.0,0,464,11.0,14.0,-5,92.0
8718,88.0,0,464,14.0,10.0,-4,92.0
8719,89.0,0,464,25.0,27.0,-3,92.0
8720,90.0,0,464,21.0,21.0,-2,92.0
8721,91.0,0,464,88.0,68.0,-1,92.0
8722,92.0,1,464,62.0,45.0,0,92.0
8723,93.0,1,464,37.0,31.0,1,92.0
8724,94.0,1,464,12.0,12.0,2,92.0
8725,95.0,1,464,0.0,14.0,3,92.0
8726,96.0,1,464,4.0,10.0,4,92.0
8727,97.0,1,464,5.0,18.0,5,92.0
8728,98.0,1,464,6.0,14.0,6,92.0
8729,99.0,1,464,5.0,12.0,7,92.0
8730,100.0,1,464,5.0,8.0,8,92.0
8731,101.0,1,464,15.0,22.0,9,92.0
8732,102.0,1,464,15.0,39.0,10,92.0
8733,103.0,1,464,29.0,66.0,11,92.0
8734,104.0,1,464,75.0,130.0,12,92.0
8735,105.0,1,464,26.0,52.0,13,92.0
8736,133.0,0,465,87.0,96.0,-14,147.0
8737,134.0,0,465,32.0,38.0,-13,147.0
8738,135.0,0,465,72.0,121.0,-12,147.0
8739,136.0,0,465,38.0,38.0,-11,147.0
8740,137.0,0,465,102.0,128.0,-10,147.0
8741,138.0,0,465,36.0,46.0,-9,147.0
8742,139.0,0,465,34.0,50.0,-8,147.0
8743,140.0,0,465,37.0,36.0,-7,147.0
8744,141.0,0,465,94.0,89.0,-6,147.0
8745,142.0,0,465,23.0,36.0,-5,147.0
8746,143.0,0,465,26.0,26.0,-4,147.0
8747,144.0,0,465,40.0,59.0,-3,147.0
8748,145.0,0,465,119.0,116.0,-2,147.0
8749,146.0,0,465,50.0,94.0,-1,147.0
8750,147.0,1,465,163.0,157.0,0,147.0
8751,148.0,1,465,46.0,34.0,1,147.0
8752,149.0,1,465,34.0,17.0,2,147.0
8753,150.0,1,465,4.0,9.0,3,147.0
8754,151.0,1,465,76.0,88.0,4,147.0
8755,152.0,1,465,46.0,55.0,5,147.0
8756,153.0,1,465,43.0,65.0,6,147.0
8757,154.0,1,465,42.0,36.0,7,147.0
8758,155.0,1,465,56.0,56.0,8,147.0
8759,156.0,1,465,14.0,15.0,9,147.0
8760,157.0,1,465,5.0,14.0,10,147.0
8761,158.0,1,465,77.0,74.0,11,147.0
8762,159.0,1,465,90.0,89.0,12,147.0
8763,160.0,1,465,40.0,42.0,13,147.0
8764,89.0,0,466,154.0,761.0,-14,103.0
8765,90.0,0,466,260.0,1805.0,-13,103.0
8766,91.0,0,466,71.0,479.0,-12,103.0
8767,92.0,0,466,47.0,257.0,-11,103.0
8768,93.0,0,466,117.0,703.0,-10,103.0
8769,94.0,0,466,205.0,1011.0,-9,103.0
8770,95.0,0,466,703.0,2860.0,-8,103.0
8771,96.0,0,466,447.0,2119.0,-7,103.0
8772,97.0,0,466,75.0,472.0,-6,103.0
8773,98.0,0,466,92.0,519.0,-5,103.0
8774,99.0,0,466,69.0,338.0,-4,103.0
8775,100.0,0,466,199.0,1216.0,-3,103.0
8776,101.0,0,466,1957.0,7142.0,-2,103.0
8777,102.0,0,466,310.0,2422.0,-1,103.0
8778,103.0,1,466,127.0,1703.0,0,103.0
8779,104.0,1,466,173.0,2878.0,1,103.0
8780,105.0,1,466,40.0,842.0,2,103.0
8781,106.0,1,466,58.0,817.0,3,103.0
8782,107.0,1,466,79.0,890.0,4,103.0
8783,108.0,1,466,32.0,625.0,5,103.0
8784,109.0,1,466,29.0,468.0,6,103.0
8785,110.0,1,466,48.0,669.0,7,103.0
8786,111.0,1,466,30.0,757.0,8,103.0
8787,112.0,1,466,26.0,391.0,9,103.0
8788,113.0,1,466,74.0,766.0,10,103.0
8789,114.0,1,466,67.0,695.0,11,103.0
8790,115.0,1,466,37.0,574.0,12,103.0
8791,116.0,1,466,116.0,1171.0,13,103.0
8792,8.0,0,467,2.0,13.0,-14,22.0
8793,9.0,0,467,1.0,12.0,-13,22.0
8794,10.0,0,467,1.0,2.0,-12,22.0
8795,11.0,0,467,0.0,5.0,-11,22.0
8796,12.0,0,467,0.0,4.0,-10,22.0
8797,13.0,0,467,0.0,7.0,-9,22.0
8798,14.0,0,467,0.0,5.0,-8,22.0
8799,15.0,0,467,0.0,4.0,-7,22.0
8800,16.0,0,467,0.0,2.0,-6,22.0
8801,17.0,0,467,1.0,5.0,-5,22.0
8802,18.0,0,467,0.0,5.0,-4,22.0
8803,19.0,0,467,1.0,0.0,-3,22.0
8804,20.0,0,467,0.0,4.0,-2,22.0
8805,21.0,0,467,7.0,29.0,-1,22.0
8806,22.0,1,467,4.0,24.0,0,22.0
8807,23.0,1,467,0.0,7.0,1,22.0
8808,24.0,1,467,0.0,1.0,2,22.0
8809,25.0,1,467,0.0,2.0,3,22.0
8810,26.0,1,467,1.0,4.0,4,22.0
8811,27.0,1,467,0.0,8.0,5,22.0
8812,28.0,1,467,42.0,715.0,6,22.0
8813,29.0,1,467,8.0,177.0,7,22.0
8814,30.0,1,467,1.0,54.0,8,22.0
8815,31.0,1,467,0.0,94.0,9,22.0
8816,32.0,1,467,20.0,588.0,10,22.0
8817,33.0,1,467,14.0,827.0,11,22.0
8818,34.0,1,467,9.0,528.0,12,22.0
8819,35.0,1,467,6.0,304.0,13,22.0
8820,185.0,0,473,8.0,4.0,-14,199.0
8821,186.0,0,473,20.0,7.0,-13,199.0
8822,187.0,0,473,18.0,4.0,-12,199.0
8823,188.0,0,473,2.0,5.0,-11,199.0
8824,189.0,0,473,2.0,2.0,-10,199.0
8825,190.0,0,473,14.0,3.0,-9,199.0
8826,191.0,0,473,6.0,7.0,-8,199.0
8827,192.0,0,473,13.0,4.0,-7,199.0
8828,193.0,0,473,102.0,32.0,-6,199.0
8829,194.0,0,473,301.0,73.0,-5,199.0
8830,195.0,0,473,33.0,11.0,-4,199.0
8831,196.0,0,473,54.0,15.0,-3,199.0
8832,197.0,0,473,5.0,2.0,-2,199.0
8833,198.0,0,473,250.0,184.0,-1,199.0
8834,199.0,1,473,388.0,298.0,0,199.0
8835,200.0,1,473,22.0,31.0,1,199.0
8836,201.0,1,473,6.0,9.0,2,199.0
8837,202.0,1,473,17.0,8.0,3,199.0
8838,203.0,1,473,5.0,7.0,4,199.0
8839,204.0,1,473,49.0,19.0,5,199.0
8840,205.0,1,473,6.0,2.0,6,199.0
8841,206.0,1,473,8.0,4.0,7,199.0
8842,207.0,1,473,4.0,3.0,8,199.0
8843,208.0,1,473,7.0,8.0,9,199.0
8844,209.0,1,473,24.0,15.0,10,199.0
8845,210.0,1,473,4.0,4.0,11,199.0
8846,211.0,1,473,4.0,3.0,12,199.0
8847,212.0,1,473,4.0,2.0,13,199.0
8848,73.0,0,474,5.0,2.0,-14,87.0
8849,74.0,0,474,5.0,9.0,-13,87.0
8850,75.0,0,474,4.0,2.0,-12,87.0
8851,76.0,0,474,2.0,2.0,-11,87.0
8852,77.0,0,474,3.0,2.0,-10,87.0
8853,78.0,0,474,4.0,1.0,-9,87.0
8854,79.0,0,474,3.0,3.0,-8,87.0
8855,80.0,0,474,7.0,6.0,-7,87.0
8856,81.0,0,474,2.0,5.0,-6,87.0
8857,82.0,0,474,3.0,1.0,-5,87.0
8858,83.0,0,474,5.0,5.0,-4,87.0
8859,84.0,0,474,2.0,2.0,-3,87.0
8860,85.0,0,474,247.0,174.0,-2,87.0
8861,86.0,0,474,5076.0,5385.0,-1,87.0
8862,87.0,1,474,3835.0,4836.0,0,87.0
8863,88.0,1,474,544.0,753.0,1,87.0
8864,89.0,1,474,220.0,389.0,2,87.0
8865,90.0,1,474,151.0,293.0,3,87.0
8866,91.0,1,474,62.0,122.0,4,87.0
8867,92.0,1,474,51.0,77.0,5,87.0
8868,93.0,1,474,139.0,123.0,6,87.0
8869,94.0,1,474,74.0,76.0,7,87.0
8870,95.0,1,474,208.0,161.0,8,87.0
8871,96.0,1,474,114.0,82.0,9,87.0
8872,97.0,1,474,25.0,40.0,10,87.0
8873,98.0,1,474,43.0,42.0,11,87.0
8874,99.0,1,474,360.0,185.0,12,87.0
8875,100.0,1,474,157.0,87.0,13,87.0
8876,40.0,0,475,1654.0,2792.0,-14,54.0
8877,41.0,0,475,1398.0,2536.0,-13,54.0
8878,42.0,0,475,892.0,1985.0,-12,54.0
8879,43.0,0,475,1028.0,2014.0,-11,54.0
8880,44.0,0,475,1438.0,2293.0,-10,54.0
8881,45.0,0,475,2033.0,3475.0,-9,54.0
8882,46.0,0,475,1740.0,2912.0,-8,54.0
8883,47.0,0,475,900.0,1556.0,-7,54.0
8884,48.0,0,475,1625.0,2413.0,-6,54.0
8885,49.0,0,475,1774.0,2415.0,-5,54.0
8886,50.0,0,475,854.0,1303.0,-4,54.0
8887,51.0,0,475,715.0,1301.0,-3,54.0
8888,52.0,0,475,927.0,1233.0,-2,54.0
8889,53.0,0,475,733.0,1679.0,-1,54.0
8890,54.0,1,475,352.0,998.0,0,54.0
8891,55.0,1,475,717.0,2279.0,1,54.0
8892,56.0,1,475,698.0,2480.0,2,54.0
8893,57.0,1,475,153.0,626.0,3,54.0
8894,58.0,1,475,610.0,2276.0,4,54.0
8895,59.0,1,475,519.0,1960.0,5,54.0
8896,60.0,1,475,120.0,519.0,6,54.0
8897,61.0,1,475,54.0,201.0,7,54.0
8898,62.0,1,475,310.0,1320.0,8,54.0
8899,63.0,1,475,54.0,294.0,9,54.0
8900,64.0,1,475,26.0,132.0,10,54.0
8901,65.0,1,475,20.0,135.0,11,54.0
8902,66.0,1,475,384.0,1279.0,12,54.0
8903,67.0,1,475,60.0,221.0,13,54.0
8904,49.0,0,477,183.0,909.0,-14,63.0
8905,50.0,0,477,556.0,1410.0,-13,63.0
8906,51.0,0,477,909.0,2779.0,-12,63.0
8907,52.0,0,477,326.0,1081.0,-11,63.0
8908,53.0,0,477,238.0,1049.0,-10,63.0
8909,54.0,0,477,400.0,1489.0,-9,63.0
8910,55.0,0,477,259.0,949.0,-8,63.0
8911,56.0,0,477,267.0,1145.0,-7,63.0
8912,57.0,0,477,300.0,1179.0,-6,63.0
8913,58.0,0,477,577.0,1062.0,-5,63.0
8914,59.0,0,477,553.0,898.0,-4,63.0
8915,60.0,0,477,328.0,951.0,-3,63.0
8916,61.0,0,477,199.0,488.0,-2,63.0
8917,62.0,0,477,579.0,1318.0,-1,63.0
8918,63.0,1,477,186.0,968.0,0,63.0
8919,64.0,1,477,226.0,394.0,1,63.0
8920,65.0,1,477,186.0,399.0,2,63.0
8921,66.0,1,477,174.0,707.0,3,63.0
8922,67.0,1,477,150.0,423.0,4,63.0
8923,68.0,1,477,101.0,635.0,5,63.0
8924,69.0,1,477,116.0,561.0,6,63.0
8925,70.0,1,477,233.0,985.0,7,63.0
8926,71.0,1,477,157.0,659.0,8,63.0
8927,72.0,1,477,209.0,683.0,9,63.0
8928,73.0,1,477,100.0,358.0,10,63.0
8929,74.0,1,477,109.0,412.0,11,63.0
8930,75.0,1,477,40.0,187.0,12,63.0
8931,76.0,1,477,32.0,349.0,13,63.0
8932,112.0,0,478,53.0,119.0,-14,126.0
8933,113.0,0,478,67.0,137.0,-13,126.0
8934,114.0,0,478,63.0,154.0,-12,126.0
8935,115.0,0,478,178.0,281.0,-11,126.0
8936,116.0,0,478,204.0,345.0,-10,126.0
8937,117.0,0,478,63.0,200.0,-9,126.0
8938,118.0,0,478,118.0,201.0,-8,126.0
8939,119.0,0,478,75.0,146.0,-7,126.0
8940,120.0,0,478,76.0,133.0,-6,126.0
8941,121.0,0,478,76.0,74.0,-5,126.0
8942,122.0,0,478,58.0,110.0,-4,126.0
8943,123.0,0,478,59.0,94.0,-3,126.0
8944,124.0,0,478,120.0,195.0,-2,126.0
8945,125.0,0,478,43.0,94.0,-1,126.0
8946,126.0,1,478,170.0,256.0,0,126.0
8947,127.0,1,478,150.0,220.0,1,126.0
8948,128.0,1,478,107.0,205.0,2,126.0
8949,129.0,1,478,54.0,118.0,3,126.0
8950,130.0,1,478,66.0,122.0,4,126.0
8951,131.0,1,478,45.0,58.0,5,126.0
8952,132.0,1,478,30.0,90.0,6,126.0
8953,133.0,1,478,46.0,137.0,7,126.0
8954,134.0,1,478,52.0,87.0,8,126.0
8955,135.0,1,478,74.0,116.0,9,126.0
8956,136.0,1,478,70.0,195.0,10,126.0
8957,137.0,1,478,77.0,182.0,11,126.0
8958,138.0,1,478,22.0,59.0,12,126.0
8959,139.0,1,478,24.0,71.0,13,126.0
8960,24.0,0,479,3.0,5.0,-14,38.0
8961,25.0,0,479,2.0,11.0,-13,38.0
8962,26.0,0,479,4.0,21.0,-12,38.0
8963,27.0,0,479,21.0,152.0,-11,38.0
8964,28.0,0,479,18.0,108.0,-10,38.0
8965,29.0,0,479,23.0,103.0,-9,38.0
8966,30.0,0,479,27.0,128.0,-8,38.0
8967,31.0,0,479,39.0,134.0,-7,38.0
8968,32.0,0,479,96.0,444.0,-6,38.0
8969,33.0,0,479,203.0,826.0,-5,38.0
8970,34.0,0,479,291.0,1256.0,-4,38.0
8971,35.0,0,479,222.0,551.0,-3,38.0
8972,36.0,0,479,258.0,1168.0,-2,38.0
8973,37.0,0,479,317.0,1058.0,-1,38.0
8974,38.0,1,479,247.0,666.0,0,38.0
8975,39.0,1,479,138.0,539.0,1,38.0
8976,40.0,1,479,102.0,428.0,2,38.0
8977,41.0,1,479,82.0,349.0,3,38.0
8978,42.0,1,479,36.0,243.0,4,38.0
8979,43.0,1,479,506.0,3873.0,5,38.0
8980,44.0,1,479,95.0,706.0,6,38.0
8981,45.0,1,479,27.0,243.0,7,38.0
8982,46.0,1,479,72.0,552.0,8,38.0
8983,47.0,1,479,30.0,194.0,9,38.0
8984,48.0,1,479,23.0,101.0,10,38.0
8985,49.0,1,479,13.0,75.0,11,38.0
8986,50.0,1,479,8.0,98.0,12,38.0
8987,51.0,1,479,27.0,91.0,13,38.0
8988,170.0,0,480,1.0,1.0,-14,184.0
8989,171.0,0,480,3.0,4.0,-13,184.0
8990,172.0,0,480,2.0,2.0,-12,184.0
8991,173.0,0,480,0.0,0.0,-11,184.0
8992,174.0,0,480,0.0,1.0,-10,184.0
8993,175.0,0,480,3.0,1.0,-9,184.0
8994,176.0,0,480,2.0,3.0,-8,184.0
8995,177.0,0,480,2.0,0.0,-7,184.0
8996,178.0,0,480,0.0,2.0,-6,184.0
8997,179.0,0,480,2.0,0.0,-5,184.0
8998,180.0,0,480,0.0,1.0,-4,184.0
8999,181.0,0,480,0.0,2.0,-3,184.0
9000,182.0,0,480,0.0,0.0,-2,184.0
9001,183.0,0,480,0.0,2.0,-1,184.0
9002,184.0,1,480,9.0,3.0,0,184.0
9003,185.0,1,480,0.0,0.0,1,184.0
9004,186.0,1,480,0.0,0.0,2,184.0
9005,187.0,1,480,1.0,2.0,3,184.0
9006,188.0,1,480,0.0,1.0,4,184.0
9007,189.0,1,480,0.0,0.0,5,184.0
9008,190.0,1,480,2.0,3.0,6,184.0
9009,191.0,1,480,7.0,4.0,7,184.0
9010,192.0,1,480,1.0,1.0,8,184.0
9011,193.0,1,480,77.0,34.0,9,184.0
9012,194.0,1,480,13.0,11.0,10,184.0
9013,195.0,1,480,4.0,2.0,11,184.0
9014,196.0,1,480,2.0,1.0,12,184.0
9015,197.0,1,480,2.0,2.0,13,184.0
9016,219.0,0,481,3.0,14.0,-14,233.0
9017,220.0,0,481,1.0,4.0,-13,233.0
9018,221.0,0,481,2.0,4.0,-12,233.0
9019,222.0,0,481,1.0,3.0,-11,233.0
9020,223.0,0,481,1.0,8.0,-10,233.0
9021,224.0,0,481,0.0,3.0,-9,233.0
9022,225.0,0,481,1.0,2.0,-8,233.0
9023,226.0,0,481,4.0,4.0,-7,233.0
9024,227.0,0,481,3.0,2.0,-6,233.0
9025,228.0,0,481,3.0,2.0,-5,233.0
9026,229.0,0,481,0.0,1.0,-4,233.0
9027,230.0,0,481,1.0,0.0,-3,233.0
9028,231.0,0,481,11.0,1.0,-2,233.0
9029,232.0,0,481,18.0,33.0,-1,233.0
9030,233.0,1,481,77.0,84.0,0,233.0
9031,234.0,1,481,10.0,8.0,1,233.0
9032,235.0,1,481,9.0,3.0,2,233.0
9033,236.0,1,481,6.0,4.0,3,233.0
9034,237.0,1,481,0.0,2.0,4,233.0
9035,238.0,1,481,0.0,5.0,5,233.0
9036,239.0,1,481,9.0,5.0,6,233.0
9037,240.0,1,481,7.0,1.0,7,233.0
9038,241.0,1,481,1.0,2.0,8,233.0
9039,242.0,1,481,2.0,1.0,9,233.0
9040,243.0,1,481,7.0,6.0,10,233.0
9041,244.0,1,481,2.0,4.0,11,233.0
9042,245.0,1,481,1.0,2.0,12,233.0
9043,246.0,1,481,2.0,2.0,13,233.0
9044,189.0,0,482,6.0,6.0,-14,203.0
9045,190.0,0,482,19.0,15.0,-13,203.0
9046,191.0,0,482,33.0,19.0,-12,203.0
9047,192.0,0,482,9.0,5.0,-11,203.0
9048,193.0,0,482,132.0,102.0,-10,203.0
9049,194.0,0,482,28.0,28.0,-9,203.0
9050,195.0,0,482,4.0,6.0,-8,203.0
9051,196.0,0,482,15.0,10.0,-7,203.0
9052,197.0,0,482,12.0,7.0,-6,203.0
9053,198.0,0,482,33.0,20.0,-5,203.0
9054,199.0,0,482,28.0,29.0,-4,203.0
9055,200.0,0,482,12.0,25.0,-3,203.0
9056,201.0,0,482,11.0,9.0,-2,203.0
9057,202.0,0,482,10.0,10.0,-1,203.0
9058,203.0,1,482,48.0,53.0,0,203.0
9059,204.0,1,482,37.0,30.0,1,203.0
9060,205.0,1,482,7.0,11.0,2,203.0
9061,206.0,1,482,36.0,39.0,3,203.0
9062,207.0,1,482,14.0,14.0,4,203.0
9063,208.0,1,482,9.0,14.0,5,203.0
9064,209.0,1,482,8.0,17.0,6,203.0
9065,210.0,1,482,15.0,22.0,7,203.0
9066,211.0,1,482,12.0,12.0,8,203.0
9067,212.0,1,482,18.0,21.0,9,203.0
9068,213.0,1,482,2.0,9.0,10,203.0
9069,214.0,1,482,6.0,9.0,11,203.0
9070,215.0,1,482,6.0,9.0,12,203.0
9071,216.0,1,482,8.0,16.0,13,203.0
9072,79.0,0,483,1.0,0.0,-14,93.0
9073,80.0,0,483,0.0,2.0,-13,93.0
9074,81.0,0,483,0.0,0.0,-12,93.0
9075,82.0,0,483,0.0,1.0,-11,93.0
9076,83.0,0,483,2.0,0.0,-10,93.0
9077,84.0,0,483,0.0,2.0,-9,93.0
9078,85.0,0,483,1.0,0.0,-8,93.0
9079,86.0,0,483,0.0,0.0,-7,93.0
9080,87.0,0,483,0.0,0.0,-6,93.0
9081,88.0,0,483,0.0,0.0,-5,93.0
9082,89.0,0,483,0.0,1.0,-4,93.0
9083,90.0,0,483,3.0,1.0,-3,93.0
9084,91.0,0,483,0.0,2.0,-2,93.0
9085,92.0,0,483,0.0,1.0,-1,93.0
9086,93.0,1,483,3.0,0.0,0,93.0
9087,94.0,1,483,0.0,0.0,1,93.0
9088,95.0,1,483,0.0,0.0,2,93.0
9089,96.0,1,483,0.0,0.0,3,93.0
9090,97.0,1,483,0.0,0.0,4,93.0
9091,98.0,1,483,1.0,1.0,5,93.0
9092,99.0,1,483,0.0,0.0,6,93.0
9093,100.0,1,483,0.0,0.0,7,93.0
9094,101.0,1,483,0.0,1.0,8,93.0
9095,102.0,1,483,0.0,0.0,9,93.0
9096,103.0,1,483,0.0,0.0,10,93.0
9097,104.0,1,483,0.0,0.0,11,93.0
9098,105.0,1,483,0.0,1.0,12,93.0
9099,106.0,1,483,0.0,1.0,13,93.0
9100,89.0,0,485,486.0,1520.0,-14,103.0
9101,90.0,0,485,146.0,530.0,-13,103.0
9102,91.0,0,485,150.0,240.0,-12,103.0
9103,92.0,0,485,30.0,37.0,-11,103.0
9104,93.0,0,485,57.0,44.0,-10,103.0
9105,94.0,0,485,672.0,253.0,-9,103.0
9106,95.0,0,485,149.0,91.0,-8,103.0
9107,96.0,0,485,166.0,70.0,-7,103.0
9108,97.0,0,485,32.0,33.0,-6,103.0
9109,98.0,0,485,42.0,30.0,-5,103.0
9110,99.0,0,485,19.0,25.0,-4,103.0
9111,100.0,0,485,14.0,30.0,-3,103.0
9112,101.0,0,485,61.0,211.0,-2,103.0
9113,102.0,0,485,57.0,138.0,-1,103.0
9114,103.0,1,485,161.0,162.0,0,103.0
9115,104.0,1,485,145.0,240.0,1,103.0
9116,105.0,1,485,67.0,93.0,2,103.0
9117,106.0,1,485,30.0,59.0,3,103.0
9118,107.0,1,485,48.0,98.0,4,103.0
9119,108.0,1,485,40.0,115.0,5,103.0
9120,109.0,1,485,40.0,87.0,6,103.0
9121,110.0,1,485,34.0,57.0,7,103.0
9122,111.0,1,485,90.0,113.0,8,103.0
9123,112.0,1,485,41.0,60.0,9,103.0
9124,113.0,1,485,13.0,31.0,10,103.0
9125,114.0,1,485,14.0,25.0,11,103.0
9126,115.0,1,485,25.0,59.0,12,103.0
9127,116.0,1,485,26.0,68.0,13,103.0
9128,221.0,0,487,1.0,2.0,-14,235.0
9129,222.0,0,487,3.0,1.0,-13,235.0
9130,223.0,0,487,1.0,1.0,-12,235.0
9131,224.0,0,487,1.0,2.0,-11,235.0
9132,225.0,0,487,4.0,1.0,-10,235.0
9133,226.0,0,487,1.0,4.0,-9,235.0
9134,227.0,0,487,3.0,0.0,-8,235.0
9135,228.0,0,487,5.0,5.0,-7,235.0
9136,229.0,0,487,0.0,2.0,-6,235.0
9137,230.0,0,487,1.0,3.0,-5,235.0
9138,231.0,0,487,1.0,1.0,-4,235.0
9139,232.0,0,487,0.0,0.0,-3,235.0
9140,233.0,0,487,0.0,0.0,-2,235.0
9141,234.0,0,487,5.0,3.0,-1,235.0
9142,235.0,1,487,25.0,8.0,0,235.0
9143,236.0,1,487,6.0,9.0,1,235.0
9144,237.0,1,487,4.0,0.0,2,235.0
9145,238.0,1,487,2.0,0.0,3,235.0
9146,239.0,1,487,0.0,3.0,4,235.0
9147,240.0,1,487,0.0,0.0,5,235.0
9148,241.0,1,487,1.0,0.0,6,235.0
9149,242.0,1,487,0.0,2.0,7,235.0
9150,243.0,1,487,0.0,1.0,8,235.0
9151,244.0,1,487,6.0,1.0,9,235.0
9152,245.0,1,487,0.0,3.0,10,235.0
9153,246.0,1,487,0.0,0.0,11,235.0
9154,247.0,1,487,1.0,1.0,12,235.0
9155,248.0,1,487,0.0,0.0,13,235.0
9156,50.0,0,489,3.0,7.0,-14,64.0
9157,51.0,0,489,7.0,7.0,-13,64.0
9158,52.0,0,489,5.0,18.0,-12,64.0
9159,53.0,0,489,1.0,7.0,-11,64.0
9160,54.0,0,489,3.0,7.0,-10,64.0
9161,55.0,0,489,0.0,13.0,-9,64.0
9162,56.0,0,489,3.0,4.0,-8,64.0
9163,57.0,0,489,1.0,2.0,-7,64.0
9164,58.0,0,489,1.0,2.0,-6,64.0
9165,59.0,0,489,0.0,4.0,-5,64.0
9166,60.0,0,489,0.0,3.0,-4,64.0
9167,61.0,0,489,2.0,7.0,-3,64.0
9168,62.0,0,489,4.0,20.0,-2,64.0
9169,63.0,0,489,8.0,16.0,-1,64.0
9170,64.0,1,489,7.0,9.0,0,64.0
9171,65.0,1,489,6.0,4.0,1,64.0
9172,66.0,1,489,4.0,2.0,2,64.0
9173,67.0,1,489,3.0,3.0,3,64.0
9174,68.0,1,489,0.0,7.0,4,64.0
9175,69.0,1,489,2.0,3.0,5,64.0
9176,70.0,1,489,2.0,4.0,6,64.0
9177,71.0,1,489,2.0,3.0,7,64.0
9178,72.0,1,489,0.0,0.0,8,64.0
9179,73.0,1,489,0.0,1.0,9,64.0
9180,74.0,1,489,2.0,2.0,10,64.0
9181,75.0,1,489,1.0,1.0,11,64.0
9182,76.0,1,489,1.0,1.0,12,64.0
9183,77.0,1,489,1.0,5.0,13,64.0
9184,4.0,0,490,11.0,75.0,-14,18.0
9185,5.0,0,490,3.0,74.0,-13,18.0
9186,6.0,0,490,10.0,338.0,-12,18.0
9187,7.0,0,490,39.0,754.0,-11,18.0
9188,8.0,0,490,77.0,2451.0,-10,18.0
9189,9.0,0,490,48.0,910.0,-9,18.0
9190,10.0,0,490,20.0,498.0,-8,18.0
9191,11.0,0,490,26.0,614.0,-7,18.0
9192,12.0,0,490,13.0,228.0,-6,18.0
9193,13.0,0,490,9.0,188.0,-5,18.0
9194,14.0,0,490,5.0,100.0,-4,18.0
9195,15.0,0,490,6.0,312.0,-3,18.0
9196,16.0,0,490,13.0,246.0,-2,18.0
9197,17.0,0,490,8.0,181.0,-1,18.0
9198,18.0,1,490,10.0,289.0,0,18.0
9199,19.0,1,490,5.0,170.0,1,18.0
9200,20.0,1,490,3.0,198.0,2,18.0
9201,21.0,1,490,1.0,123.0,3,18.0
9202,22.0,1,490,5.0,191.0,4,18.0
9203,23.0,1,490,1.0,104.0,5,18.0
9204,24.0,1,490,2.0,118.0,6,18.0
9205,25.0,1,490,4.0,114.0,7,18.0
9206,26.0,1,490,13.0,383.0,8,18.0
9207,27.0,1,490,51.0,4818.0,9,18.0
9208,28.0,1,490,32.0,2843.0,10,18.0
9209,29.0,1,490,35.0,4464.0,11,18.0
9210,30.0,1,490,88.0,7773.0,12,18.0
9211,31.0,1,490,91.0,8782.0,13,18.0
9212,121.0,0,491,116.0,1678.0,-14,135.0
9213,122.0,0,491,64.0,1705.0,-13,135.0
9214,123.0,0,491,94.0,1494.0,-12,135.0
9215,124.0,0,491,90.0,1699.0,-11,135.0
9216,125.0,0,491,83.0,1616.0,-10,135.0
9217,126.0,0,491,121.0,1282.0,-9,135.0
9218,127.0,0,491,132.0,1354.0,-8,135.0
9219,128.0,0,491,236.0,1426.0,-7,135.0
9220,129.0,0,491,124.0,1597.0,-6,135.0
9221,130.0,0,491,80.0,1300.0,-5,135.0
9222,131.0,0,491,83.0,1215.0,-4,135.0
9223,132.0,0,491,69.0,1144.0,-3,135.0
9224,133.0,0,491,81.0,1466.0,-2,135.0
9225,134.0,0,491,84.0,1438.0,-1,135.0
9226,135.0,1,491,67.0,1576.0,0,135.0
9227,136.0,1,491,62.0,1748.0,1,135.0
9228,137.0,1,491,69.0,1829.0,2,135.0
9229,138.0,1,491,48.0,1578.0,3,135.0
9230,139.0,1,491,52.0,1414.0,4,135.0
9231,140.0,1,491,52.0,929.0,5,135.0
9232,141.0,1,491,47.0,1054.0,6,135.0
9233,142.0,1,491,56.0,1373.0,7,135.0
9234,143.0,1,491,61.0,1350.0,8,135.0
9235,144.0,1,491,25.0,908.0,9,135.0
9236,145.0,1,491,21.0,1042.0,10,135.0
9237,146.0,1,491,32.0,1220.0,11,135.0
9238,147.0,1,491,24.0,862.0,12,135.0
9239,148.0,1,491,26.0,727.0,13,135.0
9240,291.0,0,492,2.0,8.0,-14,305.0
9241,292.0,0,492,2.0,4.0,-13,305.0
9242,293.0,0,492,2.0,2.0,-12,305.0
9243,294.0,0,492,3.0,3.0,-11,305.0
9244,295.0,0,492,1.0,2.0,-10,305.0
9245,296.0,0,492,1.0,2.0,-9,305.0
9246,297.0,0,492,1.0,1.0,-8,305.0
9247,298.0,0,492,3.0,4.0,-7,305.0
9248,299.0,0,492,0.0,1.0,-6,305.0
9249,300.0,0,492,2.0,3.0,-5,305.0
9250,301.0,0,492,2.0,2.0,-4,305.0
9251,302.0,0,492,3.0,3.0,-3,305.0
9252,303.0,0,492,0.0,0.0,-2,305.0
9253,304.0,0,492,33.0,36.0,-1,305.0
9254,305.0,1,492,80.0,98.0,0,305.0
9255,306.0,1,492,2.0,15.0,1,305.0
9256,307.0,1,492,2.0,10.0,2,305.0
9257,308.0,1,492,10.0,6.0,3,305.0
9258,309.0,1,492,7.0,8.0,4,305.0
9259,310.0,1,492,6.0,6.0,5,305.0
9260,311.0,1,492,9.0,7.0,6,305.0
9261,312.0,1,492,2.0,6.0,7,305.0
9262,313.0,1,492,1.0,3.0,8,305.0
9263,314.0,1,492,4.0,3.0,9,305.0
9264,315.0,1,492,2.0,4.0,10,305.0
9265,316.0,1,492,5.0,1.0,11,305.0
9266,317.0,1,492,2.0,1.0,12,305.0
9267,318.0,1,492,1.0,2.0,13,305.0
9268,253.0,0,493,0.0,1.0,-14,267.0
9269,254.0,0,493,0.0,0.0,-13,267.0
9270,255.0,0,493,0.0,0.0,-12,267.0
9271,256.0,0,493,0.0,0.0,-11,267.0
9272,257.0,0,493,0.0,1.0,-10,267.0
9273,258.0,0,493,0.0,0.0,-9,267.0
9274,259.0,0,493,0.0,0.0,-8,267.0
9275,260.0,0,493,0.0,0.0,-7,267.0
9276,261.0,0,493,0.0,0.0,-6,267.0
9277,262.0,0,493,0.0,0.0,-5,267.0
9278,263.0,0,493,1.0,0.0,-4,267.0
9279,264.0,0,493,0.0,1.0,-3,267.0
9280,265.0,0,493,0.0,0.0,-2,267.0
9281,266.0,0,493,0.0,2.0,-1,267.0
9282,267.0,1,493,14.0,6.0,0,267.0
9283,268.0,1,493,0.0,2.0,1,267.0
9284,269.0,1,493,0.0,0.0,2,267.0
9285,270.0,1,493,1.0,1.0,3,267.0
9286,271.0,1,493,0.0,0.0,4,267.0
9287,272.0,1,493,0.0,2.0,5,267.0
9288,273.0,1,493,0.0,1.0,6,267.0
9289,274.0,1,493,0.0,1.0,7,267.0
9290,275.0,1,493,0.0,0.0,8,267.0
9291,276.0,1,493,0.0,0.0,9,267.0
9292,277.0,1,493,3.0,6.0,10,267.0
9293,278.0,1,493,0.0,0.0,11,267.0
9294,279.0,1,493,0.0,0.0,12,267.0
9295,280.0,1,493,0.0,0.0,13,267.0
9296,210.0,0,495,6.0,8.0,-14,224.0
9297,211.0,0,495,23.0,7.0,-13,224.0
9298,212.0,0,495,20.0,5.0,-12,224.0
9299,213.0,0,495,10.0,3.0,-11,224.0
9300,214.0,0,495,4.0,5.0,-10,224.0
9301,215.0,0,495,10.0,8.0,-9,224.0
9302,216.0,0,495,11.0,11.0,-8,224.0
9303,217.0,0,495,2.0,3.0,-7,224.0
9304,218.0,0,495,31.0,24.0,-6,224.0
9305,219.0,0,495,31.0,12.0,-5,224.0
9306,220.0,0,495,13.0,3.0,-4,224.0
9307,221.0,0,495,16.0,9.0,-3,224.0
9308,222.0,0,495,22.0,6.0,-2,224.0
9309,223.0,0,495,10.0,7.0,-1,224.0
9310,224.0,1,495,109.0,129.0,0,224.0
9311,225.0,1,495,9.0,10.0,1,224.0
9312,226.0,1,495,3.0,4.0,2,224.0
9313,227.0,1,495,6.0,5.0,3,224.0
9314,228.0,1,495,14.0,6.0,4,224.0
9315,229.0,1,495,11.0,5.0,5,224.0
9316,230.0,1,495,6.0,5.0,6,224.0
9317,231.0,1,495,2.0,2.0,7,224.0
9318,232.0,1,495,3.0,2.0,8,224.0
9319,233.0,1,495,3.0,4.0,9,224.0
9320,234.0,1,495,1.0,2.0,10,224.0
9321,235.0,1,495,0.0,5.0,11,224.0
9322,236.0,1,495,4.0,1.0,12,224.0
9323,237.0,1,495,3.0,1.0,13,224.0
9324,47.0,0,497,2.0,24.0,-14,61.0
9325,48.0,0,497,56.0,149.0,-13,61.0
9326,49.0,0,497,14.0,39.0,-12,61.0
9327,50.0,0,497,5.0,23.0,-11,61.0
9328,51.0,0,497,2.0,12.0,-10,61.0
9329,52.0,0,497,6.0,5.0,-9,61.0
9330,53.0,0,497,0.0,4.0,-8,61.0
9331,54.0,0,497,2.0,6.0,-7,61.0
9332,55.0,0,497,2.0,11.0,-6,61.0
9333,56.0,0,497,17.0,40.0,-5,61.0
9334,57.0,0,497,18.0,39.0,-4,61.0
9335,58.0,0,497,17.0,23.0,-3,61.0
9336,59.0,0,497,3.0,5.0,-2,61.0
9337,60.0,0,497,7.0,17.0,-1,61.0
9338,61.0,1,497,18.0,12.0,0,61.0
9339,62.0,1,497,2.0,5.0,1,61.0
9340,63.0,1,497,3.0,4.0,2,61.0
9341,64.0,1,497,10.0,28.0,3,61.0
9342,65.0,1,497,1.0,9.0,4,61.0
9343,66.0,1,497,1.0,5.0,5,61.0
9344,67.0,1,497,1.0,4.0,6,61.0
9345,68.0,1,497,0.0,7.0,7,61.0
9346,69.0,1,497,1.0,7.0,8,61.0
9347,70.0,1,497,2.0,10.0,9,61.0
9348,71.0,1,497,3.0,3.0,10,61.0
9349,72.0,1,497,1.0,5.0,11,61.0
9350,73.0,1,497,2.0,2.0,12,61.0
9351,74.0,1,497,2.0,1.0,13,61.0
9352,23.0,0,498,5.0,36.0,-14,37.0
9353,24.0,0,498,5.0,71.0,-13,37.0
9354,25.0,0,498,6.0,50.0,-12,37.0
9355,26.0,0,498,21.0,553.0,-11,37.0
9356,27.0,0,498,27.0,579.0,-10,37.0
9357,28.0,0,498,65.0,1055.0,-9,37.0
9358,29.0,0,498,67.0,1250.0,-8,37.0
9359,30.0,0,498,124.0,1914.0,-7,37.0
9360,31.0,0,498,917.0,6355.0,-6,37.0
9361,32.0,0,498,1447.0,9834.0,-5,37.0
9362,33.0,0,498,1571.0,16216.0,-4,37.0
9363,34.0,0,498,1257.0,14554.0,-3,37.0
9364,35.0,0,498,1632.0,23233.0,-2,37.0
9365,36.0,0,498,1724.0,19980.0,-1,37.0
9366,37.0,1,498,1386.0,25621.0,0,37.0
9367,38.0,1,498,717.0,18947.0,1,37.0
9368,39.0,1,498,397.0,13207.0,2,37.0
9369,40.0,1,498,254.0,9766.0,3,37.0
9370,41.0,1,498,317.0,13601.0,4,37.0
9371,42.0,1,498,338.0,13960.0,5,37.0
9372,43.0,1,498,182.0,6750.0,6,37.0
9373,44.0,1,498,158.0,4975.0,7,37.0
9374,45.0,1,498,66.0,3038.0,8,37.0
9375,46.0,1,498,57.0,3322.0,9,37.0
9376,47.0,1,498,59.0,2042.0,10,37.0
9377,48.0,1,498,138.0,6567.0,11,37.0
9378,49.0,1,498,94.0,4748.0,12,37.0
9379,50.0,1,498,40.0,2503.0,13,37.0
9380,164.0,0,499,0.0,0.0,-14,178.0
9381,165.0,0,499,0.0,0.0,-13,178.0
9382,166.0,0,499,0.0,0.0,-12,178.0
9383,167.0,0,499,0.0,0.0,-11,178.0
9384,168.0,0,499,0.0,0.0,-10,178.0
9385,169.0,0,499,0.0,0.0,-9,178.0
9386,170.0,0,499,0.0,0.0,-8,178.0
9387,171.0,0,499,0.0,0.0,-7,178.0
9388,172.0,0,499,0.0,0.0,-6,178.0
9389,173.0,0,499,0.0,0.0,-5,178.0
9390,174.0,0,499,0.0,0.0,-4,178.0
9391,175.0,0,499,0.0,0.0,-3,178.0
9392,176.0,0,499,0.0,0.0,-2,178.0
9393,177.0,0,499,2.0,0.0,-1,178.0
9394,178.0,1,499,14.0,5.0,0,178.0
9395,179.0,1,499,0.0,1.0,1,178.0
9396,180.0,1,499,0.0,0.0,2,178.0
9397,181.0,1,499,0.0,0.0,3,178.0
9398,182.0,1,499,0.0,0.0,4,178.0
9399,183.0,1,499,0.0,0.0,5,178.0
9400,184.0,1,499,0.0,0.0,6,178.0
9401,185.0,1,499,0.0,0.0,7,178.0
9402,186.0,1,499,0.0,0.0,8,178.0
9403,187.0,1,499,1.0,0.0,9,178.0
9404,188.0,1,499,0.0,0.0,10,178.0
9405,189.0,1,499,0.0,0.0,11,178.0
9406,190.0,1,499,0.0,0.0,12,178.0
9407,191.0,1,499,0.0,0.0,13,178.0
9408,204.0,0,500,39.0,54.0,-14,218.0
9409,205.0,0,500,9.0,15.0,-13,218.0
9410,206.0,0,500,17.0,23.0,-12,218.0
9411,207.0,0,500,32.0,26.0,-11,218.0
9412,208.0,0,500,15.0,17.0,-10,218.0
9413,209.0,0,500,25.0,23.0,-9,218.0
9414,210.0,0,500,10.0,13.0,-8,218.0
9415,211.0,0,500,12.0,18.0,-7,218.0
9416,212.0,0,500,46.0,39.0,-6,218.0
9417,213.0,0,500,23.0,13.0,-5,218.0
9418,214.0,0,500,46.0,47.0,-4,218.0
9419,215.0,0,500,16.0,21.0,-3,218.0
9420,216.0,0,500,15.0,14.0,-2,218.0
9421,217.0,0,500,13.0,15.0,-1,218.0
9422,218.0,1,500,72.0,69.0,0,218.0
9423,219.0,1,500,22.0,18.0,1,218.0
9424,220.0,1,500,15.0,16.0,2,218.0
9425,221.0,1,500,13.0,23.0,3,218.0
9426,222.0,1,500,101.0,97.0,4,218.0
9427,223.0,1,500,18.0,35.0,5,218.0
9428,224.0,1,500,6.0,11.0,6,218.0
9429,225.0,1,500,11.0,20.0,7,218.0
9430,226.0,1,500,30.0,25.0,8,218.0
9431,227.0,1,500,13.0,10.0,9,218.0
9432,228.0,1,500,21.0,13.0,10,218.0
9433,229.0,1,500,5.0,23.0,11,218.0
9434,230.0,1,500,5.0,14.0,12,218.0
9435,231.0,1,500,4.0,4.0,13,218.0
9436,119.0,0,501,748.0,1395.0,-14,133.0
9437,120.0,0,501,1660.0,3903.0,-13,133.0
9438,121.0,0,501,2346.0,5738.0,-12,133.0
9439,122.0,0,501,1379.0,1394.0,-11,133.0
9440,123.0,0,501,364.0,711.0,-10,133.0
9441,124.0,0,501,216.0,508.0,-9,133.0
9442,125.0,0,501,150.0,372.0,-8,133.0
9443,126.0,0,501,103.0,314.0,-7,133.0
9444,127.0,0,501,78.0,209.0,-6,133.0
9445,128.0,0,501,121.0,236.0,-5,133.0
9446,129.0,0,501,133.0,245.0,-4,133.0
9447,130.0,0,501,48.0,191.0,-3,133.0
9448,131.0,0,501,80.0,247.0,-2,133.0
9449,132.0,0,501,5143.0,12547.0,-1,133.0
9450,133.0,1,501,4398.0,12774.0,0,133.0
9451,134.0,1,501,545.0,1897.0,1,133.0
9452,135.0,1,501,280.0,972.0,2,133.0
9453,136.0,1,501,161.0,815.0,3,133.0
9454,137.0,1,501,186.0,730.0,4,133.0
9455,138.0,1,501,133.0,634.0,5,133.0
9456,139.0,1,501,166.0,588.0,6,133.0
9457,140.0,1,501,513.0,1117.0,7,133.0
9458,141.0,1,501,707.0,2387.0,8,133.0
9459,142.0,1,501,172.0,783.0,9,133.0
9460,143.0,1,501,118.0,440.0,10,133.0
9461,144.0,1,501,177.0,446.0,11,133.0
9462,145.0,1,501,158.0,661.0,12,133.0
9463,146.0,1,501,113.0,505.0,13,133.0
9464,23.0,0,502,1.0,2.0,-14,37.0
9465,24.0,0,502,1.0,9.0,-13,37.0
9466,25.0,0,502,0.0,10.0,-12,37.0
9467,26.0,0,502,1.0,8.0,-11,37.0
9468,27.0,0,502,0.0,26.0,-10,37.0
9469,28.0,0,502,3.0,83.0,-9,37.0
9470,29.0,0,502,3.0,233.0,-8,37.0
9471,30.0,0,502,0.0,106.0,-7,37.0
9472,31.0,0,502,13.0,187.0,-6,37.0
9473,32.0,0,502,40.0,423.0,-5,37.0
9474,33.0,0,502,19.0,299.0,-4,37.0
9475,34.0,0,502,10.0,263.0,-3,37.0
9476,35.0,0,502,5.0,204.0,-2,37.0
9477,36.0,0,502,45.0,322.0,-1,37.0
9478,37.0,1,502,58.0,470.0,0,37.0
9479,38.0,1,502,18.0,281.0,1,37.0
9480,39.0,1,502,12.0,208.0,2,37.0
9481,40.0,1,502,7.0,245.0,3,37.0
9482,41.0,1,502,4.0,138.0,4,37.0
9483,42.0,1,502,1.0,127.0,5,37.0
9484,43.0,1,502,4.0,92.0,6,37.0
9485,44.0,1,502,4.0,113.0,7,37.0
9486,45.0,1,502,1.0,67.0,8,37.0
9487,46.0,1,502,2.0,87.0,9,37.0
9488,47.0,1,502,0.0,60.0,10,37.0
9489,48.0,1,502,5.0,77.0,11,37.0
9490,49.0,1,502,2.0,52.0,12,37.0
9491,50.0,1,502,2.0,47.0,13,37.0
9492,91.0,0,503,0.0,1.0,-14,105.0
9493,92.0,0,503,0.0,0.0,-13,105.0
9494,93.0,0,503,0.0,4.0,-12,105.0
9495,94.0,0,503,0.0,3.0,-11,105.0
9496,95.0,0,503,1.0,3.0,-10,105.0
9497,96.0,0,503,1.0,0.0,-9,105.0
9498,97.0,0,503,0.0,0.0,-8,105.0
9499,98.0,0,503,0.0,0.0,-7,105.0
9500,99.0,0,503,0.0,1.0,-6,105.0
9501,100.0,0,503,1.0,3.0,-5,105.0
9502,101.0,0,503,0.0,1.0,-4,105.0
9503,102.0,0,503,1.0,2.0,-3,105.0
9504,103.0,0,503,1.0,2.0,-2,105.0
9505,104.0,0,503,1.0,1.0,-1,105.0
9506,105.0,1,503,3.0,4.0,0,105.0
9507,106.0,1,503,2.0,3.0,1,105.0
9508,107.0,1,503,0.0,3.0,2,105.0
9509,108.0,1,503,0.0,4.0,3,105.0
9510,109.0,1,503,0.0,8.0,4,105.0
9511,110.0,1,503,0.0,0.0,5,105.0
9512,111.0,1,503,0.0,1.0,6,105.0
9513,112.0,1,503,1.0,1.0,7,105.0
9514,113.0,1,503,1.0,3.0,8,105.0
9515,114.0,1,503,0.0,1.0,9,105.0
9516,115.0,1,503,0.0,2.0,10,105.0
9517,116.0,1,503,1.0,1.0,11,105.0
9518,117.0,1,503,0.0,1.0,12,105.0
9519,118.0,1,503,0.0,0.0,13,105.0
9520,319.0,0,504,8.0,5.0,-14,333.0
9521,320.0,0,504,4.0,6.0,-13,333.0
9522,321.0,0,504,36.0,12.0,-12,333.0
9523,322.0,0,504,10.0,12.0,-11,333.0
9524,323.0,0,504,3.0,3.0,-10,333.0
9525,324.0,0,504,0.0,1.0,-9,333.0
9526,325.0,0,504,2.0,1.0,-8,333.0
9527,326.0,0,504,3.0,3.0,-7,333.0
9528,327.0,0,504,3.0,1.0,-6,333.0
9529,328.0,0,504,3.0,1.0,-5,333.0
9530,329.0,0,504,23.0,11.0,-4,333.0
9531,330.0,0,504,2.0,4.0,-3,333.0
9532,331.0,0,504,0.0,1.0,-2,333.0
9533,332.0,0,504,2.0,1.0,-1,333.0
9534,333.0,1,504,18.0,7.0,0,333.0
9535,334.0,1,504,2.0,2.0,1,333.0
9536,335.0,1,504,7.0,17.0,2,333.0
9537,336.0,1,504,11.0,1.0,3,333.0
9538,337.0,1,504,54.0,10.0,4,333.0
9539,338.0,1,504,34.0,9.0,5,333.0
9540,339.0,1,504,7.0,5.0,6,333.0
9541,340.0,1,504,7.0,3.0,7,333.0
9542,341.0,1,504,5.0,4.0,8,333.0
9543,342.0,1,504,4.0,7.0,9,333.0
9544,343.0,1,504,5.0,4.0,10,333.0
9545,344.0,1,504,4.0,1.0,11,333.0
9546,345.0,1,504,5.0,4.0,12,333.0
9547,346.0,1,504,12.0,3.0,13,333.0
9548,234.0,0,505,1.0,2.0,-14,248.0
9549,235.0,0,505,1.0,1.0,-13,248.0
9550,236.0,0,505,0.0,1.0,-12,248.0
9551,237.0,0,505,0.0,0.0,-11,248.0
9552,238.0,0,505,0.0,2.0,-10,248.0
9553,239.0,0,505,2.0,1.0,-9,248.0
9554,240.0,0,505,0.0,1.0,-8,248.0
9555,241.0,0,505,0.0,0.0,-7,248.0
9556,242.0,0,505,2.0,3.0,-6,248.0
9557,243.0,0,505,0.0,1.0,-5,248.0
9558,244.0,0,505,3.0,2.0,-4,248.0
9559,245.0,0,505,0.0,1.0,-3,248.0
9560,246.0,0,505,0.0,2.0,-2,248.0
9561,247.0,0,505,175.0,115.0,-1,248.0
9562,248.0,1,505,47.0,37.0,0,248.0
9563,249.0,1,505,2.0,1.0,1,248.0
9564,250.0,1,505,1.0,1.0,2,248.0
9565,251.0,1,505,1.0,0.0,3,248.0
9566,252.0,1,505,0.0,4.0,4,248.0
9567,253.0,1,505,0.0,1.0,5,248.0
9568,254.0,1,505,5.0,1.0,6,248.0
9569,255.0,1,505,3.0,1.0,7,248.0
9570,256.0,1,505,2.0,4.0,8,248.0
9571,257.0,1,505,0.0,0.0,9,248.0
9572,258.0,1,505,1.0,2.0,10,248.0
9573,259.0,1,505,6.0,2.0,11,248.0
9574,260.0,1,505,0.0,5.0,12,248.0
9575,261.0,1,505,2.0,1.0,13,248.0
9576,57.0,0,507,11.0,26.0,-14,71.0
9577,58.0,0,507,2.0,19.0,-13,71.0
9578,59.0,0,507,7.0,16.0,-12,71.0
9579,60.0,0,507,7.0,20.0,-11,71.0
9580,61.0,0,507,29.0,28.0,-10,71.0
9581,62.0,0,507,11.0,20.0,-9,71.0
9582,63.0,0,507,6.0,20.0,-8,71.0
9583,64.0,0,507,21.0,19.0,-7,71.0
9584,65.0,0,507,9.0,4.0,-6,71.0
9585,66.0,0,507,11.0,3.0,-5,71.0
9586,67.0,0,507,6.0,15.0,-4,71.0
9587,68.0,0,507,2.0,11.0,-3,71.0
9588,69.0,0,507,24.0,20.0,-2,71.0
9589,70.0,0,507,11.0,16.0,-1,71.0
9590,71.0,1,507,51.0,25.0,0,71.0
9591,72.0,1,507,29.0,25.0,1,71.0
9592,73.0,1,507,13.0,10.0,2,71.0
9593,74.0,1,507,14.0,7.0,3,71.0
9594,75.0,1,507,19.0,8.0,4,71.0
9595,76.0,1,507,18.0,15.0,5,71.0
9596,77.0,1,507,118.0,96.0,6,71.0
9597,78.0,1,507,17.0,13.0,7,71.0
9598,79.0,1,507,6.0,4.0,8,71.0
9599,80.0,1,507,4.0,4.0,9,71.0
9600,81.0,1,507,11.0,25.0,10,71.0
9601,82.0,1,507,5.0,6.0,11,71.0
9602,83.0,1,507,1.0,2.0,12,71.0
9603,84.0,1,507,5.0,5.0,13,71.0
9604,131.0,0,508,7.0,25.0,-14,145.0
9605,132.0,0,508,9.0,17.0,-13,145.0
9606,133.0,0,508,17.0,32.0,-12,145.0
9607,134.0,0,508,18.0,42.0,-11,145.0
9608,135.0,0,508,4.0,16.0,-10,145.0
9609,136.0,0,508,6.0,2.0,-9,145.0
9610,137.0,0,508,19.0,11.0,-8,145.0
9611,138.0,0,508,7.0,18.0,-7,145.0
9612,139.0,0,508,11.0,18.0,-6,145.0
9613,140.0,0,508,15.0,34.0,-5,145.0
9614,141.0,0,508,25.0,23.0,-4,145.0
9615,142.0,0,508,7.0,6.0,-3,145.0
9616,143.0,0,508,4.0,6.0,-2,145.0
9617,144.0,0,508,126.0,110.0,-1,145.0
9618,145.0,1,508,42.0,24.0,0,145.0
9619,146.0,1,508,6.0,13.0,1,145.0
9620,147.0,1,508,8.0,11.0,2,145.0
9621,148.0,1,508,2.0,9.0,3,145.0
9622,149.0,1,508,6.0,5.0,4,145.0
9623,150.0,1,508,3.0,9.0,5,145.0
9624,151.0,1,508,17.0,23.0,6,145.0
9625,152.0,1,508,2.0,15.0,7,145.0
9626,153.0,1,508,2.0,11.0,8,145.0
9627,154.0,1,508,7.0,17.0,9,145.0
9628,155.0,1,508,5.0,13.0,10,145.0
9629,156.0,1,508,13.0,12.0,11,145.0
9630,157.0,1,508,10.0,10.0,12,145.0
9631,158.0,1,508,13.0,42.0,13,145.0
9632,160.0,0,510,24.0,243.0,-14,174.0
9633,161.0,0,510,28.0,304.0,-13,174.0
9634,162.0,0,510,28.0,553.0,-12,174.0
9635,163.0,0,510,56.0,328.0,-11,174.0
9636,164.0,0,510,120.0,1130.0,-10,174.0
9637,165.0,0,510,82.0,906.0,-9,174.0
9638,166.0,0,510,29.0,440.0,-8,174.0
9639,167.0,0,510,31.0,400.0,-7,174.0
9640,168.0,0,510,25.0,384.0,-6,174.0
9641,169.0,0,510,21.0,225.0,-5,174.0
9642,170.0,0,510,13.0,290.0,-4,174.0
9643,171.0,0,510,96.0,777.0,-3,174.0
9644,172.0,0,510,70.0,774.0,-2,174.0
9645,173.0,0,510,244.0,1271.0,-1,174.0
9646,174.0,1,510,196.0,1518.0,0,174.0
9647,175.0,1,510,23.0,473.0,1,174.0
9648,176.0,1,510,59.0,1034.0,2,174.0
9649,177.0,1,510,367.0,2201.0,3,174.0
9650,178.0,1,510,66.0,679.0,4,174.0
9651,179.0,1,510,402.0,2137.0,5,174.0
9652,180.0,1,510,213.0,1263.0,6,174.0
9653,181.0,1,510,51.0,471.0,7,174.0
9654,182.0,1,510,59.0,474.0,8,174.0
9655,183.0,1,510,78.0,525.0,9,174.0
9656,184.0,1,510,68.0,587.0,10,174.0
9657,185.0,1,510,184.0,1001.0,11,174.0
9658,186.0,1,510,101.0,878.0,12,174.0
9659,187.0,1,510,42.0,388.0,13,174.0
9660,83.0,0,511,11.0,14.0,-14,97.0
9661,84.0,0,511,4.0,8.0,-13,97.0
9662,85.0,0,511,4.0,7.0,-12,97.0
9663,86.0,0,511,7.0,13.0,-11,97.0
9664,87.0,0,511,19.0,56.0,-10,97.0
9665,88.0,0,511,40.0,48.0,-9,97.0
9666,89.0,0,511,36.0,58.0,-8,97.0
9667,90.0,0,511,24.0,42.0,-7,97.0
9668,91.0,0,511,4.0,19.0,-6,97.0
9669,92.0,0,511,4.0,20.0,-5,97.0
9670,93.0,0,511,7.0,12.0,-4,97.0
9671,94.0,0,511,9.0,35.0,-3,97.0
9672,95.0,0,511,16.0,36.0,-2,97.0
9673,96.0,0,511,8.0,26.0,-1,97.0
9674,97.0,1,511,38.0,34.0,0,97.0
9675,98.0,1,511,5.0,23.0,1,97.0
9676,99.0,1,511,5.0,26.0,2,97.0
9677,100.0,1,511,4.0,15.0,3,97.0
9678,101.0,1,511,10.0,13.0,4,97.0
9679,102.0,1,511,14.0,45.0,5,97.0
9680,103.0,1,511,25.0,71.0,6,97.0
9681,104.0,1,511,20.0,61.0,7,97.0
9682,105.0,1,511,41.0,100.0,8,97.0
9683,106.0,1,511,28.0,70.0,9,97.0
9684,107.0,1,511,13.0,59.0,10,97.0
9685,108.0,1,511,9.0,51.0,11,97.0
9686,109.0,1,511,13.0,36.0,12,97.0
9687,110.0,1,511,7.0,38.0,13,97.0
9688,305.0,0,512,3.0,3.0,-14,319.0
9689,306.0,0,512,5.0,2.0,-13,319.0
9690,307.0,0,512,3.0,11.0,-12,319.0
9691,308.0,0,512,3.0,8.0,-11,319.0
9692,309.0,0,512,5.0,5.0,-10,319.0
9693,310.0,0,512,5.0,6.0,-9,319.0
9694,311.0,0,512,9.0,15.0,-8,319.0
9695,312.0,0,512,5.0,7.0,-7,319.0
9696,313.0,0,512,5.0,6.0,-6,319.0
9697,314.0,0,512,5.0,8.0,-5,319.0
9698,315.0,0,512,5.0,6.0,-4,319.0
9699,316.0,0,512,9.0,9.0,-3,319.0
9700,317.0,0,512,5.0,6.0,-2,319.0
9701,318.0,0,512,21.0,26.0,-1,319.0
9702,319.0,1,512,11.0,28.0,0,319.0
9703,320.0,1,512,5.0,7.0,1,319.0
9704,321.0,1,512,4.0,10.0,2,319.0
9705,322.0,1,512,4.0,3.0,3,319.0
9706,323.0,1,512,1.0,10.0,4,319.0
9707,324.0,1,512,6.0,7.0,5,319.0
9708,325.0,1,512,6.0,8.0,6,319.0
9709,326.0,1,512,2.0,9.0,7,319.0
9710,327.0,1,512,2.0,11.0,8,319.0
9711,328.0,1,512,1.0,5.0,9,319.0
9712,329.0,1,512,2.0,7.0,10,319.0
9713,330.0,1,512,2.0,3.0,11,319.0
9714,331.0,1,512,4.0,8.0,12,319.0
9715,332.0,1,512,1.0,5.0,13,319.0
9716,219.0,0,513,2.0,2.0,-14,233.0
9717,220.0,0,513,2.0,1.0,-13,233.0
9718,221.0,0,513,0.0,3.0,-12,233.0
9719,222.0,0,513,2.0,2.0,-11,233.0
9720,223.0,0,513,3.0,7.0,-10,233.0
9721,224.0,0,513,17.0,52.0,-9,233.0
9722,225.0,0,513,18.0,47.0,-8,233.0
9723,226.0,0,513,8.0,14.0,-7,233.0
9724,227.0,0,513,2.0,1.0,-6,233.0
9725,228.0,0,513,5.0,6.0,-5,233.0
9726,229.0,0,513,2.0,7.0,-4,233.0
9727,230.0,0,513,13.0,37.0,-3,233.0
9728,231.0,0,513,5.0,16.0,-2,233.0
9729,232.0,0,513,50.0,44.0,-1,233.0
9730,233.0,1,513,38.0,19.0,0,233.0
9731,234.0,1,513,5.0,8.0,1,233.0
9732,235.0,1,513,2.0,2.0,2,233.0
9733,236.0,1,513,6.0,21.0,3,233.0
9734,237.0,1,513,2.0,8.0,4,233.0
9735,238.0,1,513,2.0,7.0,5,233.0
9736,239.0,1,513,7.0,8.0,6,233.0
9737,240.0,1,513,4.0,6.0,7,233.0
9738,241.0,1,513,2.0,9.0,8,233.0
9739,242.0,1,513,14.0,43.0,9,233.0
9740,243.0,1,513,4.0,6.0,10,233.0
9741,244.0,1,513,3.0,2.0,11,233.0
9742,245.0,1,513,0.0,3.0,12,233.0
9743,246.0,1,513,1.0,5.0,13,233.0
9744,247.0,0,515,20.0,19.0,-14,261.0
9745,248.0,0,515,19.0,41.0,-13,261.0
9746,249.0,0,515,15.0,13.0,-12,261.0
9747,250.0,0,515,12.0,18.0,-11,261.0
9748,251.0,0,515,57.0,71.0,-10,261.0
9749,252.0,0,515,33.0,38.0,-9,261.0
9750,253.0,0,515,14.0,35.0,-8,261.0
9751,254.0,0,515,37.0,40.0,-7,261.0
9752,255.0,0,515,15.0,25.0,-6,261.0
9753,256.0,0,515,13.0,20.0,-5,261.0
9754,257.0,0,515,6.0,17.0,-4,261.0
9755,258.0,0,515,6.0,15.0,-3,261.0
9756,259.0,0,515,5.0,16.0,-2,261.0
9757,260.0,0,515,14.0,29.0,-1,261.0
9758,261.0,1,515,66.0,98.0,0,261.0
9759,262.0,1,515,42.0,48.0,1,261.0
9760,263.0,1,515,22.0,36.0,2,261.0
9761,264.0,1,515,5.0,32.0,3,261.0
9762,265.0,1,515,11.0,18.0,4,261.0
9763,266.0,1,515,12.0,17.0,5,261.0
9764,267.0,1,515,21.0,85.0,6,261.0
9765,268.0,1,515,3.0,43.0,7,261.0
9766,269.0,1,515,14.0,27.0,8,261.0
9767,270.0,1,515,5.0,14.0,9,261.0
9768,271.0,1,515,6.0,6.0,10,261.0
9769,272.0,1,515,1.0,4.0,11,261.0
9770,273.0,1,515,4.0,15.0,12,261.0
9771,274.0,1,515,1.0,7.0,13,261.0
9772,234.0,0,517,0.0,0.0,-14,248.0
9773,235.0,0,517,0.0,0.0,-13,248.0
9774,236.0,0,517,0.0,0.0,-12,248.0
9775,237.0,0,517,0.0,0.0,-11,248.0
9776,238.0,0,517,0.0,0.0,-10,248.0
9777,239.0,0,517,0.0,0.0,-9,248.0
9778,240.0,0,517,0.0,0.0,-8,248.0
9779,241.0,0,517,0.0,0.0,-7,248.0
9780,242.0,0,517,0.0,0.0,-6,248.0
9781,243.0,0,517,0.0,0.0,-5,248.0
9782,244.0,0,517,0.0,1.0,-4,248.0
9783,245.0,0,517,0.0,0.0,-3,248.0
9784,246.0,0,517,0.0,0.0,-2,248.0
9785,247.0,0,517,19.0,13.0,-1,248.0
9786,248.0,1,517,55.0,26.0,0,248.0
9787,249.0,1,517,2.0,1.0,1,248.0
9788,250.0,1,517,3.0,1.0,2,248.0
9789,251.0,1,517,0.0,0.0,3,248.0
9790,252.0,1,517,0.0,1.0,4,248.0
9791,253.0,1,517,1.0,0.0,5,248.0
9792,254.0,1,517,0.0,0.0,6,248.0
9793,255.0,1,517,0.0,0.0,7,248.0
9794,256.0,1,517,1.0,0.0,8,248.0
9795,257.0,1,517,0.0,0.0,9,248.0
9796,258.0,1,517,0.0,0.0,10,248.0
9797,259.0,1,517,0.0,0.0,11,248.0
9798,260.0,1,517,0.0,0.0,12,248.0
9799,261.0,1,517,0.0,0.0,13,248.0
9800,127.0,0,521,147.0,117.0,-14,141.0
9801,128.0,0,521,1067.0,1094.0,-13,141.0
9802,129.0,0,521,141.0,149.0,-12,141.0
9803,130.0,0,521,95.0,111.0,-11,141.0
9804,131.0,0,521,53.0,56.0,-10,141.0
9805,132.0,0,521,37.0,41.0,-9,141.0
9806,133.0,0,521,70.0,92.0,-8,141.0
9807,134.0,0,521,66.0,53.0,-7,141.0
9808,135.0,0,521,74.0,86.0,-6,141.0
9809,136.0,0,521,35.0,44.0,-5,141.0
9810,137.0,0,521,25.0,33.0,-4,141.0
9811,138.0,0,521,29.0,36.0,-3,141.0
9812,139.0,0,521,24.0,24.0,-2,141.0
9813,140.0,0,521,69.0,63.0,-1,141.0
9814,141.0,1,521,327.0,311.0,0,141.0
9815,142.0,1,521,92.0,142.0,1,141.0
9816,143.0,1,521,27.0,48.0,2,141.0
9817,144.0,1,521,35.0,40.0,3,141.0
9818,145.0,1,521,50.0,74.0,4,141.0
9819,146.0,1,521,38.0,53.0,5,141.0
9820,147.0,1,521,63.0,86.0,6,141.0
9821,148.0,1,521,47.0,51.0,7,141.0
9822,149.0,1,521,31.0,26.0,8,141.0
9823,150.0,1,521,25.0,47.0,9,141.0
9824,151.0,1,521,19.0,48.0,10,141.0
9825,152.0,1,521,28.0,34.0,11,141.0
9826,153.0,1,521,10.0,32.0,12,141.0
9827,154.0,1,521,13.0,23.0,13,141.0
9828,73.0,0,522,79.0,126.0,-14,87.0
9829,74.0,0,522,18.0,45.0,-13,87.0
9830,75.0,0,522,7.0,25.0,-12,87.0
9831,76.0,0,522,3.0,18.0,-11,87.0
9832,77.0,0,522,45.0,26.0,-10,87.0
9833,78.0,0,522,327.0,91.0,-9,87.0
9834,79.0,0,522,70.0,64.0,-8,87.0
9835,80.0,0,522,21.0,33.0,-7,87.0
9836,81.0,0,522,22.0,28.0,-6,87.0
9837,82.0,0,522,25.0,49.0,-5,87.0
9838,83.0,0,522,11.0,28.0,-4,87.0
9839,84.0,0,522,40.0,157.0,-3,87.0
9840,85.0,0,522,16.0,88.0,-2,87.0
9841,86.0,0,522,28.0,159.0,-1,87.0
9842,87.0,1,522,65.0,391.0,0,87.0
9843,88.0,1,522,37.0,392.0,1,87.0
9844,89.0,1,522,33.0,310.0,2,87.0
9845,90.0,1,522,38.0,327.0,3,87.0
9846,91.0,1,522,64.0,381.0,4,87.0
9847,92.0,1,522,31.0,203.0,5,87.0
9848,93.0,1,522,42.0,119.0,6,87.0
9849,94.0,1,522,17.0,78.0,7,87.0
9850,95.0,1,522,8.0,60.0,8,87.0
9851,96.0,1,522,5.0,59.0,9,87.0
9852,97.0,1,522,34.0,153.0,10,87.0
9853,98.0,1,522,16.0,140.0,11,87.0
9854,99.0,1,522,9.0,93.0,12,87.0
9855,100.0,1,522,27.0,109.0,13,87.0
9856,89.0,0,523,41.0,54.0,-14,103.0
9857,90.0,0,523,82.0,102.0,-13,103.0
9858,91.0,0,523,48.0,52.0,-12,103.0
9859,92.0,0,523,29.0,40.0,-11,103.0
9860,93.0,0,523,37.0,32.0,-10,103.0
9861,94.0,0,523,41.0,35.0,-9,103.0
9862,95.0,0,523,33.0,41.0,-8,103.0
9863,96.0,0,523,20.0,25.0,-7,103.0
9864,97.0,0,523,26.0,23.0,-6,103.0
9865,98.0,0,523,17.0,20.0,-5,103.0
9866,99.0,0,523,23.0,29.0,-4,103.0
9867,100.0,0,523,269.0,476.0,-3,103.0
9868,101.0,0,523,101.0,385.0,-2,103.0
9869,102.0,0,523,54.0,189.0,-1,103.0
9870,103.0,1,523,167.0,459.0,0,103.0
9871,104.0,1,523,46.0,197.0,1,103.0
9872,105.0,1,523,37.0,132.0,2,103.0
9873,106.0,1,523,60.0,246.0,3,103.0
9874,107.0,1,523,39.0,135.0,4,103.0
9875,108.0,1,523,15.0,62.0,5,103.0
9876,109.0,1,523,10.0,45.0,6,103.0
9877,110.0,1,523,21.0,114.0,7,103.0
9878,111.0,1,523,26.0,87.0,8,103.0
9879,112.0,1,523,10.0,37.0,9,103.0
9880,113.0,1,523,11.0,55.0,10,103.0
9881,114.0,1,523,18.0,89.0,11,103.0
9882,115.0,1,523,12.0,41.0,12,103.0
9883,116.0,1,523,21.0,101.0,13,103.0
9884,58.0,0,525,28.0,38.0,-14,72.0
9885,59.0,0,525,50.0,59.0,-13,72.0
9886,60.0,0,525,30.0,35.0,-12,72.0
9887,61.0,0,525,27.0,27.0,-11,72.0
9888,62.0,0,525,14.0,36.0,-10,72.0
9889,63.0,0,525,14.0,19.0,-9,72.0
9890,64.0,0,525,18.0,19.0,-8,72.0
9891,65.0,0,525,18.0,14.0,-7,72.0
9892,66.0,0,525,16.0,23.0,-6,72.0
9893,67.0,0,525,10.0,20.0,-5,72.0
9894,68.0,0,525,7.0,31.0,-4,72.0
9895,69.0,0,525,11.0,21.0,-3,72.0
9896,70.0,0,525,24.0,23.0,-2,72.0
9897,71.0,0,525,18.0,21.0,-1,72.0
9898,72.0,1,525,60.0,48.0,0,72.0
9899,73.0,1,525,12.0,32.0,1,72.0
9900,74.0,1,525,10.0,23.0,2,72.0
9901,75.0,1,525,6.0,15.0,3,72.0
9902,76.0,1,525,11.0,11.0,4,72.0
9903,77.0,1,525,7.0,26.0,5,72.0
9904,78.0,1,525,11.0,15.0,6,72.0
9905,79.0,1,525,12.0,24.0,7,72.0
9906,80.0,1,525,200.0,101.0,8,72.0
9907,81.0,1,525,60.0,30.0,9,72.0
9908,82.0,1,525,27.0,21.0,10,72.0
9909,83.0,1,525,29.0,27.0,11,72.0
9910,84.0,1,525,11.0,22.0,12,72.0
9911,85.0,1,525,12.0,39.0,13,72.0
9912,95.0,0,526,2.0,5.0,-14,109.0
9913,96.0,0,526,9.0,8.0,-13,109.0
9914,97.0,0,526,14.0,13.0,-12,109.0
9915,98.0,0,526,15.0,11.0,-11,109.0
9916,99.0,0,526,21.0,17.0,-10,109.0
9917,100.0,0,526,11.0,10.0,-9,109.0
9918,101.0,0,526,7.0,1.0,-8,109.0
9919,102.0,0,526,11.0,17.0,-7,109.0
9920,103.0,0,526,6.0,26.0,-6,109.0
9921,104.0,0,526,7.0,7.0,-5,109.0
9922,105.0,0,526,9.0,15.0,-4,109.0
9923,106.0,0,526,9.0,22.0,-3,109.0
9924,107.0,0,526,4.0,10.0,-2,109.0
9925,108.0,0,526,12.0,10.0,-1,109.0
9926,109.0,1,526,50.0,39.0,0,109.0
9927,110.0,1,526,7.0,9.0,1,109.0
9928,111.0,1,526,7.0,9.0,2,109.0
9929,112.0,1,526,156.0,199.0,3,109.0
9930,113.0,1,526,32.0,96.0,4,109.0
9931,114.0,1,526,6.0,18.0,5,109.0
9932,115.0,1,526,6.0,17.0,6,109.0
9933,116.0,1,526,12.0,14.0,7,109.0
9934,117.0,1,526,1.0,14.0,8,109.0
9935,118.0,1,526,4.0,13.0,9,109.0
9936,119.0,1,526,6.0,12.0,10,109.0
9937,120.0,1,526,4.0,16.0,11,109.0
9938,121.0,1,526,5.0,12.0,12,109.0
9939,122.0,1,526,12.0,25.0,13,109.0
9940,42.0,0,528,5.0,39.0,-14,56.0
9941,43.0,0,528,4.0,27.0,-13,56.0
9942,44.0,0,528,4.0,13.0,-12,56.0
9943,45.0,0,528,5.0,15.0,-11,56.0
9944,46.0,0,528,6.0,14.0,-10,56.0
9945,47.0,0,528,1.0,11.0,-9,56.0
9946,48.0,0,528,0.0,18.0,-8,56.0
9947,49.0,0,528,3.0,10.0,-7,56.0
9948,50.0,0,528,7.0,13.0,-6,56.0
9949,51.0,0,528,1.0,3.0,-5,56.0
9950,52.0,0,528,1.0,2.0,-4,56.0
9951,53.0,0,528,7.0,7.0,-3,56.0
9952,54.0,0,528,1.0,6.0,-2,56.0
9953,55.0,0,528,19.0,50.0,-1,56.0
9954,56.0,1,528,17.0,16.0,0,56.0
9955,57.0,1,528,0.0,3.0,1,56.0
9956,58.0,1,528,0.0,3.0,2,56.0
9957,59.0,1,528,2.0,3.0,3,56.0
9958,60.0,1,528,1.0,4.0,4,56.0
9959,61.0,1,528,0.0,2.0,5,56.0
9960,62.0,1,528,2.0,2.0,6,56.0
9961,63.0,1,528,2.0,1.0,7,56.0
9962,64.0,1,528,1.0,5.0,8,56.0
9963,65.0,1,528,0.0,0.0,9,56.0
9964,66.0,1,528,0.0,3.0,10,56.0
9965,67.0,1,528,1.0,8.0,11,56.0
9966,68.0,1,528,4.0,2.0,12,56.0
9967,69.0,1,528,2.0,4.0,13,56.0
9968,177.0,0,529,53.0,28.0,-14,191.0
9969,178.0,0,529,65.0,56.0,-13,191.0
9970,179.0,0,529,34.0,23.0,-12,191.0
9971,180.0,0,529,10.0,10.0,-11,191.0
9972,181.0,0,529,4.0,5.0,-10,191.0
9973,182.0,0,529,159.0,83.0,-9,191.0
9974,183.0,0,529,33.0,11.0,-8,191.0
9975,184.0,0,529,9.0,4.0,-7,191.0
9976,185.0,0,529,5.0,5.0,-6,191.0
9977,186.0,0,529,56.0,45.0,-5,191.0
9978,187.0,0,529,16.0,12.0,-4,191.0
9979,188.0,0,529,11.0,4.0,-3,191.0
9980,189.0,0,529,118.0,67.0,-2,191.0
9981,190.0,0,529,23.0,10.0,-1,191.0
9982,191.0,1,529,23.0,10.0,0,191.0
9983,192.0,1,529,4.0,6.0,1,191.0
9984,193.0,1,529,8.0,6.0,2,191.0
9985,194.0,1,529,26.0,16.0,3,191.0
9986,195.0,1,529,15.0,17.0,4,191.0
9987,196.0,1,529,11.0,11.0,5,191.0
9988,197.0,1,529,14.0,10.0,6,191.0
9989,198.0,1,529,3.0,5.0,7,191.0
9990,199.0,1,529,1.0,4.0,8,191.0
9991,200.0,1,529,141.0,67.0,9,191.0
9992,201.0,1,529,4.0,9.0,10,191.0
9993,202.0,1,529,4.0,2.0,11,191.0
9994,203.0,1,529,5.0,5.0,12,191.0
9995,204.0,1,529,8.0,3.0,13,191.0
9996,39.0,0,531,623.0,1059.0,-14,53.0
9997,40.0,0,531,306.0,519.0,-13,53.0
9998,41.0,0,531,139.0,255.0,-12,53.0
9999,42.0,0,531,234.0,387.0,-11,53.0
10000,43.0,0,531,592.0,776.0,-10,53.0
10001,44.0,0,531,293.0,397.0,-9,53.0
10002,45.0,0,531,122.0,301.0,-8,53.0
10003,46.0,0,531,422.0,478.0,-7,53.0
10004,47.0,0,531,1309.0,1178.0,-6,53.0
10005,48.0,0,531,128.0,153.0,-5,53.0
10006,49.0,0,531,97.0,105.0,-4,53.0
10007,50.0,0,531,160.0,120.0,-3,53.0
10008,51.0,0,531,827.0,584.0,-2,53.0
10009,52.0,0,531,106.0,149.0,-1,53.0
10010,53.0,1,531,516.0,641.0,0,53.0
10011,54.0,1,531,159.0,213.0,1,53.0
10012,55.0,1,531,162.0,224.0,2,53.0
10013,56.0,1,531,138.0,261.0,3,53.0
10014,57.0,1,531,79.0,149.0,4,53.0
10015,58.0,1,531,236.0,314.0,5,53.0
10016,59.0,1,531,54.0,121.0,6,53.0
10017,60.0,1,531,53.0,111.0,7,53.0
10018,61.0,1,531,37.0,79.0,8,53.0
10019,62.0,1,531,39.0,84.0,9,53.0
10020,63.0,1,531,11.0,33.0,10,53.0
10021,64.0,1,531,27.0,55.0,11,53.0
10022,65.0,1,531,14.0,33.0,12,53.0
10023,66.0,1,531,20.0,35.0,13,53.0
10024,122.0,0,532,10.0,13.0,-14,136.0
10025,123.0,0,532,8.0,5.0,-13,136.0
10026,124.0,0,532,10.0,5.0,-12,136.0
10027,125.0,0,532,34.0,24.0,-11,136.0
10028,126.0,0,532,74.0,68.0,-10,136.0
10029,127.0,0,532,64.0,48.0,-9,136.0
10030,128.0,0,532,1368.0,1448.0,-8,136.0
10031,129.0,0,532,789.0,1125.0,-7,136.0
10032,130.0,0,532,149.0,223.0,-6,136.0
10033,131.0,0,532,62.0,60.0,-5,136.0
10034,132.0,0,532,346.0,162.0,-4,136.0
10035,133.0,0,532,111.0,66.0,-3,136.0
10036,134.0,0,532,28.0,53.0,-2,136.0
10037,135.0,0,532,66.0,50.0,-1,136.0
10038,136.0,1,532,212.0,90.0,0,136.0
10039,137.0,1,532,22.0,24.0,1,136.0
10040,138.0,1,532,8.0,41.0,2,136.0
10041,139.0,1,532,193.0,58.0,3,136.0
10042,140.0,1,532,140.0,69.0,4,136.0
10043,141.0,1,532,35.0,49.0,5,136.0
10044,142.0,1,532,18.0,51.0,6,136.0
10045,143.0,1,532,34.0,54.0,7,136.0
10046,144.0,1,532,14.0,25.0,8,136.0
10047,145.0,1,532,9.0,15.0,9,136.0
10048,146.0,1,532,16.0,32.0,10,136.0
10049,147.0,1,532,205.0,227.0,11,136.0
10050,148.0,1,532,80.0,79.0,12,136.0
10051,149.0,1,532,17.0,37.0,13,136.0
10052,152.0,0,533,22.0,56.0,-14,166.0
10053,153.0,0,533,30.0,28.0,-13,166.0
10054,154.0,0,533,24.0,37.0,-12,166.0
10055,155.0,0,533,11.0,36.0,-11,166.0
10056,156.0,0,533,20.0,31.0,-10,166.0
10057,157.0,0,533,56.0,82.0,-9,166.0
10058,158.0,0,533,662.0,1552.0,-8,166.0
10059,159.0,0,533,142.0,367.0,-7,166.0
10060,160.0,0,533,72.0,101.0,-6,166.0
10061,161.0,0,533,63.0,97.0,-5,166.0
10062,162.0,0,533,16.0,36.0,-4,166.0
10063,163.0,0,533,17.0,21.0,-3,166.0
10064,164.0,0,533,19.0,21.0,-2,166.0
10065,165.0,0,533,329.0,650.0,-1,166.0
10066,166.0,1,533,118.0,322.0,0,166.0
10067,167.0,1,533,27.0,65.0,1,166.0
10068,168.0,1,533,11.0,38.0,2,166.0
10069,169.0,1,533,15.0,49.0,3,166.0
10070,170.0,1,533,10.0,44.0,4,166.0
10071,171.0,1,533,13.0,34.0,5,166.0
10072,172.0,1,533,27.0,91.0,6,166.0
10073,173.0,1,533,14.0,47.0,7,166.0
10074,174.0,1,533,22.0,76.0,8,166.0
10075,175.0,1,533,8.0,31.0,9,166.0
10076,176.0,1,533,56.0,86.0,10,166.0
10077,177.0,1,533,34.0,83.0,11,166.0
10078,178.0,1,533,15.0,19.0,12,166.0
10079,179.0,1,533,6.0,29.0,13,166.0
10080,73.0,0,534,95.0,611.0,-14,87.0
10081,74.0,0,534,146.0,841.0,-13,87.0
10082,75.0,0,534,63.0,429.0,-12,87.0
10083,76.0,0,534,58.0,451.0,-11,87.0
10084,77.0,0,534,127.0,944.0,-10,87.0
10085,78.0,0,534,275.0,2634.0,-9,87.0
10086,79.0,0,534,131.0,1427.0,-8,87.0
10087,80.0,0,534,253.0,1192.0,-7,87.0
10088,81.0,0,534,169.0,950.0,-6,87.0
10089,82.0,0,534,299.0,789.0,-5,87.0
10090,83.0,0,534,201.0,974.0,-4,87.0
10091,84.0,0,534,179.0,1390.0,-3,87.0
10092,85.0,0,534,166.0,921.0,-2,87.0
10093,86.0,0,534,200.0,1253.0,-1,87.0
10094,87.0,1,534,125.0,757.0,0,87.0
10095,88.0,1,534,209.0,1606.0,1,87.0
10096,89.0,1,534,146.0,3269.0,2,87.0
10097,90.0,1,534,167.0,4198.0,3,87.0
10098,91.0,1,534,110.0,2535.0,4,87.0
10099,92.0,1,534,155.0,3419.0,5,87.0
10100,93.0,1,534,238.0,3750.0,6,87.0
10101,94.0,1,534,157.0,3778.0,7,87.0
10102,95.0,1,534,107.0,3980.0,8,87.0
10103,96.0,1,534,89.0,2369.0,9,87.0
10104,97.0,1,534,120.0,2506.0,10,87.0
10105,98.0,1,534,139.0,3227.0,11,87.0
10106,99.0,1,534,149.0,3832.0,12,87.0
10107,100.0,1,534,2365.0,19252.0,13,87.0
10108,234.0,0,537,76.0,55.0,-14,248.0
10109,235.0,0,537,8.0,8.0,-13,248.0
10110,236.0,0,537,3.0,13.0,-12,248.0
10111,237.0,0,537,17.0,32.0,-11,248.0
10112,238.0,0,537,6.0,9.0,-10,248.0
10113,239.0,0,537,4.0,17.0,-9,248.0
10114,240.0,0,537,10.0,11.0,-8,248.0
10115,241.0,0,537,4.0,8.0,-7,248.0
10116,242.0,0,537,7.0,17.0,-6,248.0
10117,243.0,0,537,5.0,16.0,-5,248.0
10118,244.0,0,537,6.0,5.0,-4,248.0
10119,245.0,0,537,2.0,4.0,-3,248.0
10120,246.0,0,537,1.0,4.0,-2,248.0
10121,247.0,0,537,30.0,89.0,-1,248.0
10122,248.0,1,537,24.0,57.0,0,248.0
10123,249.0,1,537,5.0,3.0,1,248.0
10124,250.0,1,537,3.0,10.0,2,248.0
10125,251.0,1,537,0.0,3.0,3,248.0
10126,252.0,1,537,2.0,2.0,4,248.0
10127,253.0,1,537,5.0,4.0,5,248.0
10128,254.0,1,537,0.0,6.0,6,248.0
10129,255.0,1,537,3.0,11.0,7,248.0
10130,256.0,1,537,2.0,3.0,8,248.0
10131,257.0,1,537,2.0,6.0,9,248.0
10132,258.0,1,537,2.0,4.0,10,248.0
10133,259.0,1,537,2.0,5.0,11,248.0
10134,260.0,1,537,1.0,8.0,12,248.0
10135,261.0,1,537,2.0,6.0,13,248.0
10136,163.0,0,538,0.0,0.0,-14,177.0
10137,164.0,0,538,0.0,0.0,-13,177.0
10138,165.0,0,538,0.0,0.0,-12,177.0
10139,166.0,0,538,0.0,0.0,-11,177.0
10140,167.0,0,538,0.0,0.0,-10,177.0
10141,168.0,0,538,0.0,0.0,-9,177.0
10142,169.0,0,538,0.0,0.0,-8,177.0
10143,170.0,0,538,0.0,1.0,-7,177.0
10144,171.0,0,538,0.0,1.0,-6,177.0
10145,172.0,0,538,0.0,0.0,-5,177.0
10146,173.0,0,538,0.0,0.0,-4,177.0
10147,174.0,0,538,0.0,1.0,-3,177.0
10148,175.0,0,538,0.0,0.0,-2,177.0
10149,176.0,0,538,4.0,8.0,-1,177.0
10150,177.0,1,538,15.0,9.0,0,177.0
10151,178.0,1,538,1.0,2.0,1,177.0
10152,179.0,1,538,3.0,2.0,2,177.0
10153,180.0,1,538,1.0,7.0,3,177.0
10154,181.0,1,538,1.0,0.0,4,177.0
10155,182.0,1,538,19.0,6.0,5,177.0
10156,183.0,1,538,309.0,89.0,6,177.0
10157,184.0,1,538,56.0,24.0,7,177.0
10158,185.0,1,538,28.0,6.0,8,177.0
10159,186.0,1,538,13.0,2.0,9,177.0
10160,187.0,1,538,0.0,4.0,10,177.0
10161,188.0,1,538,0.0,0.0,11,177.0
10162,189.0,1,538,1.0,0.0,12,177.0
10163,190.0,1,538,0.0,0.0,13,177.0
10164,-6.0,0,539,0.0,0.0,-14,8.0
10165,-5.0,0,539,0.0,2.0,-13,8.0
10166,-4.0,0,539,0.0,3.0,-12,8.0
10167,-3.0,0,539,0.0,2.0,-11,8.0
10168,-2.0,0,539,0.0,4.0,-10,8.0
10169,-1.0,0,539,0.0,1.0,-9,8.0
10170,0.0,0,539,1.0,0.0,-8,8.0
10171,1.0,0,539,3.0,18.0,-7,8.0
10172,2.0,0,539,0.0,2.0,-6,8.0
10173,3.0,0,539,0.0,1.0,-5,8.0
10174,4.0,0,539,0.0,1.0,-4,8.0
10175,5.0,0,539,0.0,1.0,-3,8.0
10176,6.0,0,539,1.0,2.0,-2,8.0
10177,7.0,0,539,2.0,3.0,-1,8.0
10178,8.0,1,539,3.0,5.0,0,8.0
10179,9.0,1,539,1.0,6.0,1,8.0
10180,10.0,1,539,0.0,6.0,2,8.0
10181,11.0,1,539,1.0,3.0,3,8.0
10182,12.0,1,539,0.0,9.0,4,8.0
10183,13.0,1,539,0.0,7.0,5,8.0
10184,14.0,1,539,0.0,2.0,6,8.0
10185,15.0,1,539,1.0,6.0,7,8.0
10186,16.0,1,539,0.0,0.0,8,8.0
10187,17.0,1,539,0.0,9.0,9,8.0
10188,18.0,1,539,0.0,6.0,10,8.0
10189,19.0,1,539,1.0,3.0,11,8.0
10190,20.0,1,539,0.0,0.0,12,8.0
10191,21.0,1,539,0.0,10.0,13,8.0
10192,234.0,0,540,0.0,0.0,-14,248.0
10193,235.0,0,540,0.0,0.0,-13,248.0
10194,236.0,0,540,0.0,0.0,-12,248.0
10195,237.0,0,540,0.0,0.0,-11,248.0
10196,238.0,0,540,0.0,0.0,-10,248.0
10197,239.0,0,540,1.0,1.0,-9,248.0
10198,240.0,0,540,0.0,0.0,-8,248.0
10199,241.0,0,540,0.0,0.0,-7,248.0
10200,242.0,0,540,0.0,0.0,-6,248.0
10201,243.0,0,540,0.0,0.0,-5,248.0
10202,244.0,0,540,1.0,1.0,-4,248.0
10203,245.0,0,540,1.0,2.0,-3,248.0
10204,246.0,0,540,0.0,1.0,-2,248.0
10205,247.0,0,540,20.0,12.0,-1,248.0
10206,248.0,1,540,67.0,48.0,0,248.0
10207,249.0,1,540,0.0,5.0,1,248.0
10208,250.0,1,540,1.0,1.0,2,248.0
10209,251.0,1,540,0.0,1.0,3,248.0
10210,252.0,1,540,0.0,1.0,4,248.0
10211,253.0,1,540,0.0,0.0,5,248.0
10212,254.0,1,540,0.0,0.0,6,248.0
10213,255.0,1,540,0.0,0.0,7,248.0
10214,256.0,1,540,1.0,2.0,8,248.0
10215,257.0,1,540,0.0,1.0,9,248.0
10216,258.0,1,540,0.0,0.0,10,248.0
10217,259.0,1,540,0.0,1.0,11,248.0
10218,260.0,1,540,0.0,1.0,12,248.0
10219,261.0,1,540,0.0,0.0,13,248.0
10220,182.0,0,541,0.0,0.0,-14,196.0
10221,183.0,0,541,0.0,0.0,-13,196.0
10222,184.0,0,541,0.0,0.0,-12,196.0
10223,185.0,0,541,0.0,2.0,-11,196.0
10224,186.0,0,541,2.0,1.0,-10,196.0
10225,187.0,0,541,0.0,0.0,-9,196.0
10226,188.0,0,541,0.0,0.0,-8,196.0
10227,189.0,0,541,0.0,0.0,-7,196.0
10228,190.0,0,541,0.0,0.0,-6,196.0
10229,191.0,0,541,0.0,0.0,-5,196.0
10230,192.0,0,541,0.0,0.0,-4,196.0
10231,193.0,0,541,0.0,0.0,-3,196.0
10232,194.0,0,541,0.0,0.0,-2,196.0
10233,195.0,0,541,0.0,1.0,-1,196.0
10234,196.0,1,541,7.0,1.0,0,196.0
10235,197.0,1,541,2.0,0.0,1,196.0
10236,198.0,1,541,1.0,1.0,2,196.0
10237,199.0,1,541,0.0,1.0,3,196.0
10238,200.0,1,541,0.0,1.0,4,196.0
10239,201.0,1,541,1.0,1.0,5,196.0
10240,202.0,1,541,0.0,0.0,6,196.0
10241,203.0,1,541,1.0,0.0,7,196.0
10242,204.0,1,541,1.0,0.0,8,196.0
10243,205.0,1,541,0.0,0.0,9,196.0
10244,206.0,1,541,1.0,0.0,10,196.0
10245,207.0,1,541,0.0,1.0,11,196.0
10246,208.0,1,541,0.0,0.0,12,196.0
10247,209.0,1,541,0.0,0.0,13,196.0
10248,163.0,0,543,0.0,0.0,-14,177.0
10249,164.0,0,543,0.0,0.0,-13,177.0
10250,165.0,0,543,0.0,0.0,-12,177.0
10251,166.0,0,543,0.0,0.0,-11,177.0
10252,167.0,0,543,0.0,0.0,-10,177.0
10253,168.0,0,543,0.0,0.0,-9,177.0
10254,169.0,0,543,0.0,0.0,-8,177.0
10255,170.0,0,543,0.0,0.0,-7,177.0
10256,171.0,0,543,0.0,0.0,-6,177.0
10257,172.0,0,543,0.0,0.0,-5,177.0
10258,173.0,0,543,0.0,1.0,-4,177.0
10259,174.0,0,543,0.0,0.0,-3,177.0
10260,175.0,0,543,0.0,0.0,-2,177.0
10261,176.0,0,543,0.0,0.0,-1,177.0
10262,177.0,1,543,46.0,35.0,0,177.0
10263,178.0,1,543,2.0,2.0,1,177.0
10264,179.0,1,543,2.0,2.0,2,177.0
10265,180.0,1,543,0.0,2.0,3,177.0
10266,181.0,1,543,0.0,2.0,4,177.0
10267,182.0,1,543,0.0,1.0,5,177.0
10268,183.0,1,543,0.0,0.0,6,177.0
10269,184.0,1,543,0.0,0.0,7,177.0
10270,185.0,1,543,0.0,0.0,8,177.0
10271,186.0,1,543,0.0,0.0,9,177.0
10272,187.0,1,543,1.0,0.0,10,177.0
10273,188.0,1,543,0.0,0.0,11,177.0
10274,189.0,1,543,1.0,0.0,12,177.0
10275,190.0,1,543,0.0,0.0,13,177.0
10276,127.0,0,545,60.0,60.0,-14,141.0
10277,128.0,0,545,11.0,80.0,-13,141.0
10278,129.0,0,545,16.0,59.0,-12,141.0
10279,130.0,0,545,14.0,50.0,-11,141.0
10280,131.0,0,545,38.0,41.0,-10,141.0
10281,132.0,0,545,13.0,45.0,-9,141.0
10282,133.0,0,545,3.0,30.0,-8,141.0
10283,134.0,0,545,10.0,39.0,-7,141.0
10284,135.0,0,545,9.0,29.0,-6,141.0
10285,136.0,0,545,7.0,29.0,-5,141.0
10286,137.0,0,545,12.0,53.0,-4,141.0
10287,138.0,0,545,7.0,39.0,-3,141.0
10288,139.0,0,545,7.0,33.0,-2,141.0
10289,140.0,0,545,72.0,170.0,-1,141.0
10290,141.0,1,545,876.0,1363.0,0,141.0
10291,142.0,1,545,61.0,166.0,1,141.0
10292,143.0,1,545,24.0,54.0,2,141.0
10293,144.0,1,545,5.0,57.0,3,141.0
10294,145.0,1,545,4.0,31.0,4,141.0
10295,146.0,1,545,8.0,26.0,5,141.0
10296,147.0,1,545,3.0,26.0,6,141.0
10297,148.0,1,545,20.0,63.0,7,141.0
10298,149.0,1,545,9.0,56.0,8,141.0
10299,150.0,1,545,4.0,34.0,9,141.0
10300,151.0,1,545,13.0,57.0,10,141.0
10301,152.0,1,545,8.0,35.0,11,141.0
10302,153.0,1,545,4.0,29.0,12,141.0
10303,154.0,1,545,11.0,32.0,13,141.0
10304,304.0,0,546,0.0,0.0,-14,318.0
10305,305.0,0,546,0.0,0.0,-13,318.0
10306,306.0,0,546,0.0,0.0,-12,318.0
10307,307.0,0,546,0.0,0.0,-11,318.0
10308,308.0,0,546,0.0,0.0,-10,318.0
10309,309.0,0,546,0.0,0.0,-9,318.0
10310,310.0,0,546,0.0,0.0,-8,318.0
10311,311.0,0,546,0.0,0.0,-7,318.0
10312,312.0,0,546,0.0,0.0,-6,318.0
10313,313.0,0,546,0.0,0.0,-5,318.0
10314,314.0,0,546,0.0,0.0,-4,318.0
10315,315.0,0,546,0.0,0.0,-3,318.0
10316,316.0,0,546,0.0,0.0,-2,318.0
10317,317.0,0,546,0.0,0.0,-1,318.0
10318,318.0,1,546,2.0,1.0,0,318.0
10319,319.0,1,546,0.0,3.0,1,318.0
10320,320.0,1,546,0.0,0.0,2,318.0
10321,321.0,1,546,0.0,0.0,3,318.0
10322,322.0,1,546,0.0,0.0,4,318.0
10323,323.0,1,546,0.0,0.0,5,318.0
10324,324.0,1,546,0.0,0.0,6,318.0
10325,325.0,1,546,0.0,0.0,7,318.0
10326,326.0,1,546,0.0,0.0,8,318.0
10327,327.0,1,546,0.0,0.0,9,318.0
10328,328.0,1,546,0.0,0.0,10,318.0
10329,329.0,1,546,0.0,0.0,11,318.0
10330,330.0,1,546,0.0,0.0,12,318.0
10331,331.0,1,546,0.0,0.0,13,318.0
10332,217.0,0,547,4.0,13.0,-14,231.0
10333,218.0,0,547,0.0,12.0,-13,231.0
10334,219.0,0,547,3.0,3.0,-12,231.0
10335,220.0,0,547,2.0,9.0,-11,231.0
10336,221.0,0,547,5.0,11.0,-10,231.0
10337,222.0,0,547,2.0,10.0,-9,231.0
10338,223.0,0,547,4.0,8.0,-8,231.0
10339,224.0,0,547,5.0,7.0,-7,231.0
10340,225.0,0,547,5.0,9.0,-6,231.0
10341,226.0,0,547,3.0,7.0,-5,231.0
10342,227.0,0,547,5.0,6.0,-4,231.0
10343,228.0,0,547,4.0,7.0,-3,231.0
10344,229.0,0,547,22.0,52.0,-2,231.0
10345,230.0,0,547,16.0,19.0,-1,231.0
10346,231.0,1,547,13.0,27.0,0,231.0
10347,232.0,1,547,9.0,5.0,1,231.0
10348,233.0,1,547,4.0,6.0,2,231.0
10349,234.0,1,547,2.0,5.0,3,231.0
10350,235.0,1,547,2.0,9.0,4,231.0
10351,236.0,1,547,6.0,10.0,5,231.0
10352,237.0,1,547,5.0,10.0,6,231.0
10353,238.0,1,547,45.0,43.0,7,231.0
10354,239.0,1,547,6.0,6.0,8,231.0
10355,240.0,1,547,4.0,4.0,9,231.0
10356,241.0,1,547,1.0,12.0,10,231.0
10357,242.0,1,547,0.0,9.0,11,231.0
10358,243.0,1,547,6.0,5.0,12,231.0
10359,244.0,1,547,1.0,6.0,13,231.0
10360,161.0,0,549,1.0,6.0,-14,175.0
10361,162.0,0,549,0.0,7.0,-13,175.0
10362,163.0,0,549,2.0,2.0,-12,175.0
10363,164.0,0,549,1.0,3.0,-11,175.0
10364,165.0,0,549,6.0,11.0,-10,175.0
10365,166.0,0,549,3.0,23.0,-9,175.0
10366,167.0,0,549,2.0,10.0,-8,175.0
10367,168.0,0,549,0.0,1.0,-7,175.0
10368,169.0,0,549,1.0,8.0,-6,175.0
10369,170.0,0,549,0.0,9.0,-5,175.0
10370,171.0,0,549,1.0,3.0,-4,175.0
10371,172.0,0,549,0.0,6.0,-3,175.0
10372,173.0,0,549,2.0,10.0,-2,175.0
10373,174.0,0,549,50.0,73.0,-1,175.0
10374,175.0,1,549,59.0,57.0,0,175.0
10375,176.0,1,549,4.0,10.0,1,175.0
10376,177.0,1,549,2.0,5.0,2,175.0
10377,178.0,1,549,9.0,11.0,3,175.0
10378,179.0,1,549,6.0,21.0,4,175.0
10379,180.0,1,549,3.0,2.0,5,175.0
10380,181.0,1,549,0.0,8.0,6,175.0
10381,182.0,1,549,1.0,5.0,7,175.0
10382,183.0,1,549,1.0,4.0,8,175.0
10383,184.0,1,549,4.0,2.0,9,175.0
10384,185.0,1,549,1.0,8.0,10,175.0
10385,186.0,1,549,3.0,5.0,11,175.0
10386,187.0,1,549,6.0,6.0,12,175.0
10387,188.0,1,549,1.0,5.0,13,175.0
10388,7.0,0,550,27.0,471.0,-14,21.0
10389,8.0,0,550,14.0,249.0,-13,21.0
10390,9.0,0,550,15.0,214.0,-12,21.0
10391,10.0,0,550,8.0,100.0,-11,21.0
10392,11.0,0,550,9.0,130.0,-10,21.0
10393,12.0,0,550,3.0,104.0,-9,21.0
10394,13.0,0,550,9.0,216.0,-8,21.0
10395,14.0,0,550,11.0,226.0,-7,21.0
10396,15.0,0,550,9.0,172.0,-6,21.0
10397,16.0,0,550,2.0,90.0,-5,21.0
10398,17.0,0,550,7.0,77.0,-4,21.0
10399,18.0,0,550,6.0,152.0,-3,21.0
10400,19.0,0,550,6.0,166.0,-2,21.0
10401,20.0,0,550,10.0,178.0,-1,21.0
10402,21.0,1,550,6.0,184.0,0,21.0
10403,22.0,1,550,2.0,49.0,1,21.0
10404,23.0,1,550,4.0,97.0,2,21.0
10405,24.0,1,550,2.0,54.0,3,21.0
10406,25.0,1,550,16.0,462.0,4,21.0
10407,26.0,1,550,9.0,458.0,5,21.0
10408,27.0,1,550,20.0,1438.0,6,21.0
10409,28.0,1,550,24.0,1282.0,7,21.0
10410,29.0,1,550,15.0,1482.0,8,21.0
10411,30.0,1,550,60.0,2327.0,9,21.0
10412,31.0,1,550,99.0,5560.0,10,21.0
10413,32.0,1,550,39.0,5108.0,11,21.0
10414,33.0,1,550,34.0,4844.0,12,21.0
10415,34.0,1,550,41.0,6145.0,13,21.0
10416,31.0,0,551,33.0,167.0,-14,45.0
10417,32.0,0,551,44.0,277.0,-13,45.0
10418,33.0,0,551,16.0,171.0,-12,45.0
10419,34.0,0,551,10.0,158.0,-11,45.0
10420,35.0,0,551,94.0,457.0,-10,45.0
10421,36.0,0,551,28.0,175.0,-9,45.0
10422,37.0,0,551,26.0,248.0,-8,45.0
10423,38.0,0,551,8.0,149.0,-7,45.0
10424,39.0,0,551,22.0,169.0,-6,45.0
10425,40.0,0,551,27.0,169.0,-5,45.0
10426,41.0,0,551,21.0,168.0,-4,45.0
10427,42.0,0,551,18.0,109.0,-3,45.0
10428,43.0,0,551,10.0,97.0,-2,45.0
10429,44.0,0,551,50.0,143.0,-1,45.0
10430,45.0,1,551,130.0,128.0,0,45.0
10431,46.0,1,551,27.0,100.0,1,45.0
10432,47.0,1,551,25.0,138.0,2,45.0
10433,48.0,1,551,12.0,105.0,3,45.0
10434,49.0,1,551,3.0,35.0,4,45.0
10435,50.0,1,551,2.0,21.0,5,45.0
10436,51.0,1,551,5.0,29.0,6,45.0
10437,52.0,1,551,6.0,38.0,7,45.0
10438,53.0,1,551,5.0,42.0,8,45.0
10439,54.0,1,551,27.0,51.0,9,45.0
10440,55.0,1,551,12.0,46.0,10,45.0
10441,56.0,1,551,5.0,56.0,11,45.0
10442,57.0,1,551,2.0,41.0,12,45.0
10443,58.0,1,551,0.0,23.0,13,45.0
10444,234.0,0,552,0.0,0.0,-14,248.0
10445,235.0,0,552,0.0,0.0,-13,248.0
10446,236.0,0,552,0.0,0.0,-12,248.0
10447,237.0,0,552,0.0,0.0,-11,248.0
10448,238.0,0,552,0.0,0.0,-10,248.0
10449,239.0,0,552,0.0,0.0,-9,248.0
10450,240.0,0,552,0.0,0.0,-8,248.0
10451,241.0,0,552,0.0,0.0,-7,248.0
10452,242.0,0,552,0.0,0.0,-6,248.0
10453,243.0,0,552,0.0,0.0,-5,248.0
10454,244.0,0,552,0.0,0.0,-4,248.0
10455,245.0,0,552,0.0,0.0,-3,248.0
10456,246.0,0,552,0.0,0.0,-2,248.0
10457,247.0,0,552,58.0,32.0,-1,248.0
10458,248.0,1,552,11.0,2.0,0,248.0
10459,249.0,1,552,0.0,0.0,1,248.0
10460,250.0,1,552,0.0,0.0,2,248.0
10461,251.0,1,552,0.0,0.0,3,248.0
10462,252.0,1,552,0.0,0.0,4,248.0
10463,253.0,1,552,0.0,0.0,5,248.0
10464,254.0,1,552,0.0,0.0,6,248.0
10465,255.0,1,552,0.0,0.0,7,248.0
10466,256.0,1,552,0.0,0.0,8,248.0
10467,257.0,1,552,0.0,0.0,9,248.0
10468,258.0,1,552,0.0,0.0,10,248.0
10469,259.0,1,552,0.0,0.0,11,248.0
10470,260.0,1,552,0.0,0.0,12,248.0
10471,261.0,1,552,0.0,0.0,13,248.0
10472,225.0,0,553,1.0,0.0,-14,239.0
10473,226.0,0,553,0.0,1.0,-13,239.0
10474,227.0,0,553,0.0,0.0,-12,239.0
10475,228.0,0,553,2.0,0.0,-11,239.0
10476,229.0,0,553,1.0,0.0,-10,239.0
10477,230.0,0,553,0.0,0.0,-9,239.0
10478,231.0,0,553,1.0,0.0,-8,239.0
10479,232.0,0,553,1.0,2.0,-7,239.0
10480,233.0,0,553,0.0,0.0,-6,239.0
10481,234.0,0,553,0.0,0.0,-5,239.0
10482,235.0,0,553,1.0,2.0,-4,239.0
10483,236.0,0,553,0.0,1.0,-3,239.0
10484,237.0,0,553,1.0,2.0,-2,239.0
10485,238.0,0,553,17.0,8.0,-1,239.0
10486,239.0,1,553,119.0,80.0,0,239.0
10487,240.0,1,553,2.0,4.0,1,239.0
10488,241.0,1,553,3.0,3.0,2,239.0
10489,242.0,1,553,0.0,5.0,3,239.0
10490,243.0,1,553,2.0,1.0,4,239.0
10491,244.0,1,553,2.0,1.0,5,239.0
10492,245.0,1,553,1.0,1.0,6,239.0
10493,246.0,1,553,2.0,4.0,7,239.0
10494,247.0,1,553,4.0,12.0,8,239.0
10495,248.0,1,553,4.0,0.0,9,239.0
10496,249.0,1,553,5.0,3.0,10,239.0
10497,250.0,1,553,13.0,17.0,11,239.0
10498,251.0,1,553,1.0,2.0,12,239.0
10499,252.0,1,553,1.0,4.0,13,239.0
10500,64.0,0,554,372.0,279.0,-14,78.0
10501,65.0,0,554,404.0,294.0,-13,78.0
10502,66.0,0,554,176.0,102.0,-12,78.0
10503,67.0,0,554,92.0,55.0,-11,78.0
10504,68.0,0,554,152.0,153.0,-10,78.0
10505,69.0,0,554,266.0,239.0,-9,78.0
10506,70.0,0,554,212.0,197.0,-8,78.0
10507,71.0,0,554,474.0,534.0,-7,78.0
10508,72.0,0,554,501.0,563.0,-6,78.0
10509,73.0,0,554,165.0,195.0,-5,78.0
10510,74.0,0,554,137.0,198.0,-4,78.0
10511,75.0,0,554,117.0,195.0,-3,78.0
10512,76.0,0,554,67.0,116.0,-2,78.0
10513,77.0,0,554,418.0,652.0,-1,78.0
10514,78.0,1,554,344.0,492.0,0,78.0
10515,79.0,1,554,167.0,332.0,1,78.0
10516,80.0,1,554,72.0,144.0,2,78.0
10517,81.0,1,554,156.0,263.0,3,78.0
10518,82.0,1,554,46.0,97.0,4,78.0
10519,83.0,1,554,136.0,271.0,5,78.0
10520,84.0,1,554,109.0,193.0,6,78.0
10521,85.0,1,554,41.0,85.0,7,78.0
10522,86.0,1,554,56.0,129.0,8,78.0
10523,87.0,1,554,40.0,86.0,9,78.0
10524,88.0,1,554,31.0,108.0,10,78.0
10525,89.0,1,554,75.0,133.0,11,78.0
10526,90.0,1,554,46.0,136.0,12,78.0
10527,91.0,1,554,16.0,91.0,13,78.0
10528,165.0,0,559,29.0,36.0,-14,179.0
10529,166.0,0,559,35.0,47.0,-13,179.0
10530,167.0,0,559,21.0,25.0,-12,179.0
10531,168.0,0,559,59.0,38.0,-11,179.0
10532,169.0,0,559,20.0,26.0,-10,179.0
10533,170.0,0,559,22.0,27.0,-9,179.0
10534,171.0,0,559,24.0,33.0,-8,179.0
10535,172.0,0,559,18.0,35.0,-7,179.0
10536,173.0,0,559,21.0,31.0,-6,179.0
10537,174.0,0,559,20.0,26.0,-5,179.0
10538,175.0,0,559,66.0,78.0,-4,179.0
10539,176.0,0,559,39.0,43.0,-3,179.0
10540,177.0,0,559,13.0,21.0,-2,179.0
10541,178.0,0,559,21.0,26.0,-1,179.0
10542,179.0,1,559,61.0,65.0,0,179.0
10543,180.0,1,559,19.0,22.0,1,179.0
10544,181.0,1,559,21.0,24.0,2,179.0
10545,182.0,1,559,19.0,25.0,3,179.0
10546,183.0,1,559,28.0,22.0,4,179.0
10547,184.0,1,559,21.0,26.0,5,179.0
10548,185.0,1,559,31.0,35.0,6,179.0
10549,186.0,1,559,49.0,44.0,7,179.0
10550,187.0,1,559,42.0,63.0,8,179.0
10551,188.0,1,559,145.0,157.0,9,179.0
10552,189.0,1,559,224.0,105.0,10,179.0
10553,190.0,1,559,28.0,33.0,11,179.0
10554,191.0,1,559,27.0,36.0,12,179.0
10555,192.0,1,559,11.0,18.0,13,179.0
10556,163.0,0,560,19.0,3.0,-14,177.0
10557,164.0,0,560,49.0,22.0,-13,177.0
10558,165.0,0,560,9.0,11.0,-12,177.0
10559,166.0,0,560,2.0,2.0,-11,177.0
10560,167.0,0,560,3.0,6.0,-10,177.0
10561,168.0,0,560,6.0,3.0,-9,177.0
10562,169.0,0,560,5.0,10.0,-8,177.0
10563,170.0,0,560,30.0,22.0,-7,177.0
10564,171.0,0,560,7.0,6.0,-6,177.0
10565,172.0,0,560,38.0,21.0,-5,177.0
10566,173.0,0,560,25.0,9.0,-4,177.0
10567,174.0,0,560,37.0,23.0,-3,177.0
10568,175.0,0,560,11.0,4.0,-2,177.0
10569,176.0,0,560,68.0,30.0,-1,177.0
10570,177.0,1,560,380.0,290.0,0,177.0
10571,178.0,1,560,9.0,18.0,1,177.0
10572,179.0,1,560,7.0,7.0,2,177.0
10573,180.0,1,560,9.0,5.0,3,177.0
10574,181.0,1,560,10.0,8.0,4,177.0
10575,182.0,1,560,4.0,12.0,5,177.0
10576,183.0,1,560,9.0,8.0,6,177.0
10577,184.0,1,560,6.0,6.0,7,177.0
10578,185.0,1,560,10.0,5.0,8,177.0
10579,186.0,1,560,3.0,2.0,9,177.0
10580,187.0,1,560,0.0,3.0,10,177.0
10581,188.0,1,560,1.0,4.0,11,177.0
10582,189.0,1,560,1.0,6.0,12,177.0
10583,190.0,1,560,35.0,39.0,13,177.0
10584,129.0,0,561,35.0,49.0,-14,143.0
10585,130.0,0,561,25.0,46.0,-13,143.0
10586,131.0,0,561,81.0,120.0,-12,143.0
10587,132.0,0,561,27.0,70.0,-11,143.0
10588,133.0,0,561,17.0,29.0,-10,143.0
10589,134.0,0,561,18.0,11.0,-9,143.0
10590,135.0,0,561,24.0,51.0,-8,143.0
10591,136.0,0,561,26.0,25.0,-7,143.0
10592,137.0,0,561,19.0,27.0,-6,143.0
10593,138.0,0,561,38.0,52.0,-5,143.0
10594,139.0,0,561,229.0,241.0,-4,143.0
10595,140.0,0,561,41.0,45.0,-3,143.0
10596,141.0,0,561,39.0,61.0,-2,143.0
10597,142.0,0,561,42.0,53.0,-1,143.0
10598,143.0,1,561,81.0,39.0,0,143.0
10599,144.0,1,561,21.0,23.0,1,143.0
10600,145.0,1,561,18.0,45.0,2,143.0
10601,146.0,1,561,122.0,68.0,3,143.0
10602,147.0,1,561,231.0,165.0,4,143.0
10603,148.0,1,561,298.0,216.0,5,143.0
10604,149.0,1,561,257.0,233.0,6,143.0
10605,150.0,1,561,430.0,191.0,7,143.0
10606,151.0,1,561,118.0,129.0,8,143.0
10607,152.0,1,561,39.0,46.0,9,143.0
10608,153.0,1,561,34.0,43.0,10,143.0
10609,154.0,1,561,14.0,20.0,11,143.0
10610,155.0,1,561,23.0,50.0,12,143.0
10611,156.0,1,561,32.0,30.0,13,143.0
10612,46.0,0,562,124.0,243.0,-14,60.0
10613,47.0,0,562,78.0,171.0,-13,60.0
10614,48.0,0,562,71.0,149.0,-12,60.0
10615,49.0,0,562,102.0,161.0,-11,60.0
10616,50.0,0,562,337.0,628.0,-10,60.0
10617,51.0,0,562,395.0,682.0,-9,60.0
10618,52.0,0,562,111.0,227.0,-8,60.0
10619,53.0,0,562,331.0,679.0,-7,60.0
10620,54.0,0,562,189.0,375.0,-6,60.0
10621,55.0,0,562,60.0,159.0,-5,60.0
10622,56.0,0,562,101.0,186.0,-4,60.0
10623,57.0,0,562,139.0,318.0,-3,60.0
10624,58.0,0,562,267.0,458.0,-2,60.0
10625,59.0,0,562,172.0,381.0,-1,60.0
10626,60.0,1,562,218.0,337.0,0,60.0
10627,61.0,1,562,158.0,325.0,1,60.0
10628,62.0,1,562,405.0,534.0,2,60.0
10629,63.0,1,562,69.0,181.0,3,60.0
10630,64.0,1,562,62.0,114.0,4,60.0
10631,65.0,1,562,66.0,149.0,5,60.0
10632,66.0,1,562,51.0,105.0,6,60.0
10633,67.0,1,562,21.0,50.0,7,60.0
10634,68.0,1,562,19.0,40.0,8,60.0
10635,69.0,1,562,17.0,71.0,9,60.0
10636,70.0,1,562,12.0,62.0,10,60.0
10637,71.0,1,562,12.0,26.0,11,60.0
10638,72.0,1,562,13.0,45.0,12,60.0
10639,73.0,1,562,11.0,28.0,13,60.0
10640,17.0,0,563,0.0,8.0,-14,31.0
10641,18.0,0,563,5.0,11.0,-13,31.0
10642,19.0,0,563,1.0,7.0,-12,31.0
10643,20.0,0,563,1.0,6.0,-11,31.0
10644,21.0,0,563,0.0,7.0,-10,31.0
10645,22.0,0,563,0.0,5.0,-9,31.0
10646,23.0,0,563,0.0,4.0,-8,31.0
10647,24.0,0,563,0.0,4.0,-7,31.0
10648,25.0,0,563,0.0,4.0,-6,31.0
10649,26.0,0,563,6.0,20.0,-5,31.0
10650,27.0,0,563,11.0,107.0,-4,31.0
10651,28.0,0,563,17.0,147.0,-3,31.0
10652,29.0,0,563,37.0,172.0,-2,31.0
10653,30.0,0,563,293.0,2216.0,-1,31.0
10654,31.0,1,563,546.0,8315.0,0,31.0
10655,32.0,1,563,160.0,6199.0,1,31.0
10656,33.0,1,563,98.0,4777.0,2,31.0
10657,34.0,1,563,44.0,3409.0,3,31.0
10658,35.0,1,563,24.0,2478.0,4,31.0
10659,36.0,1,563,114.0,12145.0,5,31.0
10660,37.0,1,563,132.0,17697.0,6,31.0
10661,38.0,1,563,51.0,10784.0,7,31.0
10662,39.0,1,563,50.0,10663.0,8,31.0
10663,40.0,1,563,44.0,7759.0,9,31.0
10664,41.0,1,563,32.0,6058.0,10,31.0
10665,42.0,1,563,28.0,7033.0,11,31.0
10666,43.0,1,563,13.0,3120.0,12,31.0
10667,44.0,1,563,21.0,3048.0,13,31.0
10668,161.0,0,564,25.0,34.0,-14,175.0
10669,162.0,0,564,7.0,22.0,-13,175.0
10670,163.0,0,564,15.0,21.0,-12,175.0
10671,164.0,0,564,64.0,93.0,-11,175.0
10672,165.0,0,564,77.0,82.0,-10,175.0
10673,166.0,0,564,19.0,33.0,-9,175.0
10674,167.0,0,564,12.0,26.0,-8,175.0
10675,168.0,0,564,77.0,113.0,-7,175.0
10676,169.0,0,564,27.0,47.0,-6,175.0
10677,170.0,0,564,56.0,86.0,-5,175.0
10678,171.0,0,564,47.0,89.0,-4,175.0
10679,172.0,0,564,37.0,45.0,-3,175.0
10680,173.0,0,564,21.0,43.0,-2,175.0
10681,174.0,0,564,22.0,24.0,-1,175.0
10682,175.0,1,564,504.0,508.0,0,175.0
10683,176.0,1,564,18.0,29.0,1,175.0
10684,177.0,1,564,30.0,54.0,2,175.0
10685,178.0,1,564,36.0,101.0,3,175.0
10686,179.0,1,564,41.0,61.0,4,175.0
10687,180.0,1,564,28.0,38.0,5,175.0
10688,181.0,1,564,25.0,54.0,6,175.0
10689,182.0,1,564,31.0,50.0,7,175.0
10690,183.0,1,564,23.0,45.0,8,175.0
10691,184.0,1,564,23.0,36.0,9,175.0
10692,185.0,1,564,91.0,104.0,10,175.0
10693,186.0,1,564,88.0,125.0,11,175.0
10694,187.0,1,564,44.0,74.0,12,175.0
10695,188.0,1,564,11.0,34.0,13,175.0
10696,185.0,0,566,13.0,5.0,-14,199.0
10697,186.0,0,566,8.0,7.0,-13,199.0
10698,187.0,0,566,7.0,9.0,-12,199.0
10699,188.0,0,566,3.0,7.0,-11,199.0
10700,189.0,0,566,3.0,4.0,-10,199.0
10701,190.0,0,566,6.0,5.0,-9,199.0
10702,191.0,0,566,3.0,1.0,-8,199.0
10703,192.0,0,566,22.0,10.0,-7,199.0
10704,193.0,0,566,9.0,5.0,-6,199.0
10705,194.0,0,566,8.0,1.0,-5,199.0
10706,195.0,0,566,14.0,5.0,-4,199.0
10707,196.0,0,566,3.0,8.0,-3,199.0
10708,197.0,0,566,6.0,4.0,-2,199.0
10709,198.0,0,566,12.0,7.0,-1,199.0
10710,199.0,1,566,12.0,16.0,0,199.0
10711,200.0,1,566,3.0,6.0,1,199.0
10712,201.0,1,566,3.0,3.0,2,199.0
10713,202.0,1,566,7.0,3.0,3,199.0
10714,203.0,1,566,4.0,4.0,4,199.0
10715,204.0,1,566,6.0,6.0,5,199.0
10716,205.0,1,566,4.0,5.0,6,199.0
10717,206.0,1,566,1.0,1.0,7,199.0
10718,207.0,1,566,2.0,4.0,8,199.0
10719,208.0,1,566,2.0,1.0,9,199.0
10720,209.0,1,566,0.0,3.0,10,199.0
10721,210.0,1,566,2.0,0.0,11,199.0
10722,211.0,1,566,14.0,9.0,12,199.0
10723,212.0,1,566,3.0,3.0,13,199.0
10724,51.0,0,567,0.0,0.0,-14,65.0
10725,52.0,0,567,0.0,0.0,-13,65.0
10726,53.0,0,567,0.0,0.0,-12,65.0
10727,54.0,0,567,0.0,0.0,-11,65.0
10728,55.0,0,567,1.0,0.0,-10,65.0
10729,56.0,0,567,0.0,0.0,-9,65.0
10730,57.0,0,567,8.0,5.0,-8,65.0
10731,58.0,0,567,4.0,1.0,-7,65.0
10732,59.0,0,567,3.0,3.0,-6,65.0
10733,60.0,0,567,0.0,2.0,-5,65.0
10734,61.0,0,567,0.0,1.0,-4,65.0
10735,62.0,0,567,1.0,0.0,-3,65.0
10736,63.0,0,567,0.0,1.0,-2,65.0
10737,64.0,0,567,9.0,6.0,-1,65.0
10738,65.0,1,567,72.0,21.0,0,65.0
10739,66.0,1,567,2.0,3.0,1,65.0
10740,67.0,1,567,3.0,2.0,2,65.0
10741,68.0,1,567,3.0,3.0,3,65.0
10742,69.0,1,567,1.0,1.0,4,65.0
10743,70.0,1,567,0.0,1.0,5,65.0
10744,71.0,1,567,0.0,3.0,6,65.0
10745,72.0,1,567,0.0,3.0,7,65.0
10746,73.0,1,567,1.0,4.0,8,65.0
10747,74.0,1,567,0.0,1.0,9,65.0
10748,75.0,1,567,3.0,1.0,10,65.0
10749,76.0,1,567,1.0,1.0,11,65.0
10750,77.0,1,567,0.0,3.0,12,65.0
10751,78.0,1,567,2.0,2.0,13,65.0
10752,30.0,0,568,22.0,266.0,-14,44.0
10753,31.0,0,568,171.0,617.0,-13,44.0
10754,32.0,0,568,139.0,533.0,-12,44.0
10755,33.0,0,568,183.0,872.0,-11,44.0
10756,34.0,0,568,235.0,1004.0,-10,44.0
10757,35.0,0,568,214.0,1137.0,-9,44.0
10758,36.0,0,568,348.0,1406.0,-8,44.0
10759,37.0,0,568,389.0,1482.0,-7,44.0
10760,38.0,0,568,413.0,2085.0,-6,44.0
10761,39.0,0,568,266.0,1367.0,-5,44.0
10762,40.0,0,568,261.0,1117.0,-4,44.0
10763,41.0,0,568,204.0,987.0,-3,44.0
10764,42.0,0,568,125.0,693.0,-2,44.0
10765,43.0,0,568,93.0,427.0,-1,44.0
10766,44.0,1,568,135.0,594.0,0,44.0
10767,45.0,1,568,137.0,606.0,1,44.0
10768,46.0,1,568,56.0,360.0,2,44.0
10769,47.0,1,568,118.0,529.0,3,44.0
10770,48.0,1,568,83.0,433.0,4,44.0
10771,49.0,1,568,46.0,291.0,5,44.0
10772,50.0,1,568,59.0,310.0,6,44.0
10773,51.0,1,568,49.0,293.0,7,44.0
10774,52.0,1,568,86.0,392.0,8,44.0
10775,53.0,1,568,50.0,246.0,9,44.0
10776,54.0,1,568,67.0,289.0,10,44.0
10777,55.0,1,568,37.0,204.0,11,44.0
10778,56.0,1,568,21.0,181.0,12,44.0
10779,57.0,1,568,140.0,632.0,13,44.0
10780,40.0,0,569,437.0,997.0,-14,54.0
10781,41.0,0,569,245.0,730.0,-13,54.0
10782,42.0,0,569,226.0,847.0,-12,54.0
10783,43.0,0,569,229.0,568.0,-11,54.0
10784,44.0,0,569,383.0,756.0,-10,54.0
10785,45.0,0,569,249.0,564.0,-9,54.0
10786,46.0,0,569,170.0,498.0,-8,54.0
10787,47.0,0,569,135.0,336.0,-7,54.0
10788,48.0,0,569,140.0,276.0,-6,54.0
10789,49.0,0,569,233.0,420.0,-5,54.0
10790,50.0,0,569,179.0,346.0,-4,54.0
10791,51.0,0,569,139.0,284.0,-3,54.0
10792,52.0,0,569,137.0,236.0,-2,54.0
10793,53.0,0,569,89.0,176.0,-1,54.0
10794,54.0,1,569,211.0,349.0,0,54.0
10795,55.0,1,569,74.0,169.0,1,54.0
10796,56.0,1,569,41.0,102.0,2,54.0
10797,57.0,1,569,66.0,139.0,3,54.0
10798,58.0,1,569,106.0,265.0,4,54.0
10799,59.0,1,569,155.0,312.0,5,54.0
10800,60.0,1,569,54.0,107.0,6,54.0
10801,61.0,1,569,71.0,149.0,7,54.0
10802,62.0,1,569,21.0,84.0,8,54.0
10803,63.0,1,569,40.0,65.0,9,54.0
10804,64.0,1,569,36.0,75.0,10,54.0
10805,65.0,1,569,17.0,55.0,11,54.0
10806,66.0,1,569,24.0,53.0,12,54.0
10807,67.0,1,569,64.0,106.0,13,54.0
10808,172.0,0,570,0.0,3.0,-14,186.0
10809,173.0,0,570,0.0,0.0,-13,186.0
10810,174.0,0,570,0.0,0.0,-12,186.0
10811,175.0,0,570,0.0,1.0,-11,186.0
10812,176.0,0,570,0.0,3.0,-10,186.0
10813,177.0,0,570,1.0,1.0,-9,186.0
10814,178.0,0,570,1.0,1.0,-8,186.0
10815,179.0,0,570,2.0,2.0,-7,186.0
10816,180.0,0,570,0.0,0.0,-6,186.0
10817,181.0,0,570,0.0,0.0,-5,186.0
10818,182.0,0,570,1.0,0.0,-4,186.0
10819,183.0,0,570,0.0,0.0,-3,186.0
10820,184.0,0,570,0.0,0.0,-2,186.0
10821,185.0,0,570,1.0,2.0,-1,186.0
10822,186.0,1,570,5.0,1.0,0,186.0
10823,187.0,1,570,1.0,1.0,1,186.0
10824,188.0,1,570,0.0,0.0,2,186.0
10825,189.0,1,570,0.0,1.0,3,186.0
10826,190.0,1,570,0.0,0.0,4,186.0
10827,191.0,1,570,0.0,0.0,5,186.0
10828,192.0,1,570,0.0,0.0,6,186.0
10829,193.0,1,570,0.0,0.0,7,186.0
10830,194.0,1,570,1.0,3.0,8,186.0
10831,195.0,1,570,0.0,0.0,9,186.0
10832,196.0,1,570,0.0,0.0,10,186.0
10833,197.0,1,570,1.0,0.0,11,186.0
10834,198.0,1,570,1.0,0.0,12,186.0
10835,199.0,1,570,0.0,0.0,13,186.0
10836,234.0,0,571,0.0,0.0,-14,248.0
10837,235.0,0,571,1.0,0.0,-13,248.0
10838,236.0,0,571,0.0,0.0,-12,248.0
10839,237.0,0,571,0.0,0.0,-11,248.0
10840,238.0,0,571,0.0,0.0,-10,248.0
10841,239.0,0,571,0.0,0.0,-9,248.0
10842,240.0,0,571,0.0,0.0,-8,248.0
10843,241.0,0,571,0.0,0.0,-7,248.0
10844,242.0,0,571,0.0,0.0,-6,248.0
10845,243.0,0,571,0.0,0.0,-5,248.0
10846,244.0,0,571,0.0,0.0,-4,248.0
10847,245.0,0,571,0.0,0.0,-3,248.0
10848,246.0,0,571,0.0,0.0,-2,248.0
10849,247.0,0,571,1.0,0.0,-1,248.0
10850,248.0,1,571,1.0,0.0,0,248.0
10851,249.0,1,571,0.0,0.0,1,248.0
10852,250.0,1,571,0.0,0.0,2,248.0
10853,251.0,1,571,0.0,0.0,3,248.0
10854,252.0,1,571,0.0,0.0,4,248.0
10855,253.0,1,571,0.0,0.0,5,248.0
10856,254.0,1,571,0.0,0.0,6,248.0
10857,255.0,1,571,0.0,1.0,7,248.0
10858,256.0,1,571,0.0,0.0,8,248.0
10859,257.0,1,571,0.0,0.0,9,248.0
10860,258.0,1,571,0.0,0.0,10,248.0
10861,259.0,1,571,0.0,0.0,11,248.0
10862,260.0,1,571,0.0,0.0,12,248.0
10863,261.0,1,571,0.0,0.0,13,248.0
10864,48.0,0,573,60.0,84.0,-14,62.0
10865,49.0,0,573,40.0,67.0,-13,62.0
10866,50.0,0,573,35.0,68.0,-12,62.0
10867,51.0,0,573,223.0,287.0,-11,62.0
10868,52.0,0,573,90.0,148.0,-10,62.0
10869,53.0,0,573,39.0,73.0,-9,62.0
10870,54.0,0,573,229.0,503.0,-8,62.0
10871,55.0,0,573,250.0,209.0,-7,62.0
10872,56.0,0,573,29.0,50.0,-6,62.0
10873,57.0,0,573,63.0,91.0,-5,62.0
10874,58.0,0,573,232.0,387.0,-4,62.0
10875,59.0,0,573,250.0,310.0,-3,62.0
10876,60.0,0,573,141.0,200.0,-2,62.0
10877,61.0,0,573,78.0,111.0,-1,62.0
10878,62.0,1,573,103.0,78.0,0,62.0
10879,63.0,1,573,31.0,39.0,1,62.0
10880,64.0,1,573,18.0,28.0,2,62.0
10881,65.0,1,573,41.0,58.0,3,62.0
10882,66.0,1,573,32.0,48.0,4,62.0
10883,67.0,1,573,98.0,100.0,5,62.0
10884,68.0,1,573,59.0,65.0,6,62.0
10885,69.0,1,573,11.0,35.0,7,62.0
10886,70.0,1,573,17.0,23.0,8,62.0
10887,71.0,1,573,33.0,60.0,9,62.0
10888,72.0,1,573,133.0,155.0,10,62.0
10889,73.0,1,573,70.0,93.0,11,62.0
10890,74.0,1,573,63.0,59.0,12,62.0
10891,75.0,1,573,11.0,27.0,13,62.0
10892,18.0,0,574,0.0,2.0,-14,32.0
10893,19.0,0,574,0.0,0.0,-13,32.0
10894,20.0,0,574,0.0,0.0,-12,32.0
10895,21.0,0,574,0.0,0.0,-11,32.0
10896,22.0,0,574,0.0,0.0,-10,32.0
10897,23.0,0,574,0.0,2.0,-9,32.0
10898,24.0,0,574,0.0,0.0,-8,32.0
10899,25.0,0,574,0.0,2.0,-7,32.0
10900,26.0,0,574,0.0,0.0,-6,32.0
10901,27.0,0,574,0.0,0.0,-5,32.0
10902,28.0,0,574,0.0,0.0,-4,32.0
10903,29.0,0,574,0.0,3.0,-3,32.0
10904,30.0,0,574,0.0,3.0,-2,32.0
10905,31.0,0,574,1.0,4.0,-1,32.0
10906,32.0,1,574,3.0,1.0,0,32.0
10907,33.0,1,574,0.0,6.0,1,32.0
10908,34.0,1,574,0.0,0.0,2,32.0
10909,35.0,1,574,0.0,4.0,3,32.0
10910,36.0,1,574,0.0,3.0,4,32.0
10911,37.0,1,574,0.0,30.0,5,32.0
10912,38.0,1,574,0.0,7.0,6,32.0
10913,39.0,1,574,0.0,5.0,7,32.0
10914,40.0,1,574,0.0,0.0,8,32.0
10915,41.0,1,574,0.0,6.0,9,32.0
10916,42.0,1,574,0.0,21.0,10,32.0
10917,43.0,1,574,0.0,3.0,11,32.0
10918,44.0,1,574,0.0,9.0,12,32.0
10919,45.0,1,574,0.0,4.0,13,32.0
10920,51.0,0,576,50.0,47.0,-14,65.0
10921,52.0,0,576,248.0,150.0,-13,65.0
10922,53.0,0,576,176.0,132.0,-12,65.0
10923,54.0,0,576,116.0,142.0,-11,65.0
10924,55.0,0,576,49.0,45.0,-10,65.0
10925,56.0,0,576,18.0,22.0,-9,65.0
10926,57.0,0,576,28.0,27.0,-8,65.0
10927,58.0,0,576,39.0,31.0,-7,65.0
10928,59.0,0,576,19.0,21.0,-6,65.0
10929,60.0,0,576,18.0,13.0,-5,65.0
10930,61.0,0,576,10.0,12.0,-4,65.0
10931,62.0,0,576,23.0,20.0,-3,65.0
10932,63.0,0,576,15.0,20.0,-2,65.0
10933,64.0,0,576,95.0,94.0,-1,65.0
10934,65.0,1,576,59.0,31.0,0,65.0
10935,66.0,1,576,9.0,12.0,1,65.0
10936,67.0,1,576,6.0,13.0,2,65.0
10937,68.0,1,576,16.0,13.0,3,65.0
10938,69.0,1,576,5.0,18.0,4,65.0
10939,70.0,1,576,9.0,15.0,5,65.0
10940,71.0,1,576,5.0,13.0,6,65.0
10941,72.0,1,576,12.0,21.0,7,65.0
10942,73.0,1,576,10.0,13.0,8,65.0
10943,74.0,1,576,6.0,10.0,9,65.0
10944,75.0,1,576,10.0,15.0,10,65.0
10945,76.0,1,576,1.0,8.0,11,65.0
10946,77.0,1,576,8.0,8.0,12,65.0
10947,78.0,1,576,6.0,11.0,13,65.0
10948,23.0,0,577,0.0,19.0,-14,37.0
10949,24.0,0,577,6.0,14.0,-13,37.0
10950,25.0,0,577,2.0,29.0,-12,37.0
10951,26.0,0,577,7.0,41.0,-11,37.0
10952,27.0,0,577,31.0,221.0,-10,37.0
10953,28.0,0,577,57.0,440.0,-9,37.0
10954,29.0,0,577,54.0,428.0,-8,37.0
10955,30.0,0,577,85.0,646.0,-7,37.0
10956,31.0,0,577,804.0,2289.0,-6,37.0
10957,32.0,0,577,1425.0,4870.0,-5,37.0
10958,33.0,0,577,2083.0,13302.0,-4,37.0
10959,34.0,0,577,1085.0,5463.0,-3,37.0
10960,35.0,0,577,1195.0,5787.0,-2,37.0
10961,36.0,0,577,1903.0,13298.0,-1,37.0
10962,37.0,1,577,1933.0,21086.0,0,37.0
10963,38.0,1,577,1425.0,20085.0,1,37.0
10964,39.0,1,577,681.0,11310.0,2,37.0
10965,40.0,1,577,445.0,8258.0,3,37.0
10966,41.0,1,577,458.0,8077.0,4,37.0
10967,42.0,1,577,631.0,11700.0,5,37.0
10968,43.0,1,577,231.0,4122.0,6,37.0
10969,44.0,1,577,160.0,3483.0,7,37.0
10970,45.0,1,577,272.0,5174.0,8,37.0
10971,46.0,1,577,282.0,7273.0,9,37.0
10972,47.0,1,577,132.0,3810.0,10,37.0
10973,48.0,1,577,169.0,4398.0,11,37.0
10974,49.0,1,577,168.0,4930.0,12,37.0
10975,50.0,1,577,130.0,4274.0,13,37.0
10976,154.0,0,579,0.0,0.0,-14,168.0
10977,155.0,0,579,0.0,0.0,-13,168.0
10978,156.0,0,579,7.0,7.0,-12,168.0
10979,157.0,0,579,4.0,2.0,-11,168.0
10980,158.0,0,579,1.0,4.0,-10,168.0
10981,159.0,0,579,5.0,3.0,-9,168.0
10982,160.0,0,579,5.0,3.0,-8,168.0
10983,161.0,0,579,1.0,0.0,-7,168.0
10984,162.0,0,579,0.0,0.0,-6,168.0
10985,163.0,0,579,1.0,1.0,-5,168.0
10986,164.0,0,579,7.0,6.0,-4,168.0
10987,165.0,0,579,5.0,2.0,-3,168.0
10988,166.0,0,579,1.0,1.0,-2,168.0
10989,167.0,0,579,2.0,0.0,-1,168.0
10990,168.0,1,579,8.0,1.0,0,168.0
10991,169.0,1,579,3.0,2.0,1,168.0
10992,170.0,1,579,0.0,3.0,2,168.0
10993,171.0,1,579,0.0,1.0,3,168.0
10994,172.0,1,579,1.0,1.0,4,168.0
10995,173.0,1,579,0.0,2.0,5,168.0
10996,174.0,1,579,2.0,2.0,6,168.0
10997,175.0,1,579,1.0,1.0,7,168.0
10998,176.0,1,579,2.0,4.0,8,168.0
10999,177.0,1,579,0.0,1.0,9,168.0
11000,178.0,1,579,1.0,2.0,10,168.0
11001,179.0,1,579,0.0,3.0,11,168.0
11002,180.0,1,579,3.0,2.0,12,168.0
11003,181.0,1,579,2.0,1.0,13,168.0
11004,178.0,0,580,70.0,33.0,-14,192.0
11005,179.0,0,580,18.0,14.0,-13,192.0
11006,180.0,0,580,13.0,7.0,-12,192.0
11007,181.0,0,580,12.0,13.0,-11,192.0
11008,182.0,0,580,21.0,11.0,-10,192.0
11009,183.0,0,580,20.0,13.0,-9,192.0
11010,184.0,0,580,83.0,22.0,-8,192.0
11011,185.0,0,580,76.0,46.0,-7,192.0
11012,186.0,0,580,20.0,14.0,-6,192.0
11013,187.0,0,580,44.0,24.0,-5,192.0
11014,188.0,0,580,71.0,45.0,-4,192.0
11015,189.0,0,580,11.0,26.0,-3,192.0
11016,190.0,0,580,12.0,11.0,-2,192.0
11017,191.0,0,580,8.0,7.0,-1,192.0
11018,192.0,1,580,31.0,24.0,0,192.0
11019,193.0,1,580,7.0,10.0,1,192.0
11020,194.0,1,580,14.0,6.0,2,192.0
11021,195.0,1,580,6.0,7.0,3,192.0
11022,196.0,1,580,4.0,8.0,4,192.0
11023,197.0,1,580,15.0,28.0,5,192.0
11024,198.0,1,580,14.0,8.0,6,192.0
11025,199.0,1,580,3.0,5.0,7,192.0
11026,200.0,1,580,7.0,2.0,8,192.0
11027,201.0,1,580,3.0,2.0,9,192.0
11028,202.0,1,580,3.0,2.0,10,192.0
11029,203.0,1,580,0.0,4.0,11,192.0
11030,204.0,1,580,63.0,22.0,12,192.0
11031,205.0,1,580,23.0,14.0,13,192.0
11032,228.0,0,582,1.0,1.0,-14,242.0
11033,229.0,0,582,5.0,2.0,-13,242.0
11034,230.0,0,582,21.0,11.0,-12,242.0
11035,231.0,0,582,5.0,5.0,-11,242.0
11036,232.0,0,582,0.0,0.0,-10,242.0
11037,233.0,0,582,2.0,1.0,-9,242.0
11038,234.0,0,582,1.0,1.0,-8,242.0
11039,235.0,0,582,5.0,3.0,-7,242.0
11040,236.0,0,582,1.0,4.0,-6,242.0
11041,237.0,0,582,1.0,2.0,-5,242.0
11042,238.0,0,582,2.0,3.0,-4,242.0
11043,239.0,0,582,0.0,0.0,-3,242.0
11044,240.0,0,582,1.0,0.0,-2,242.0
11045,241.0,0,582,623.0,429.0,-1,242.0
11046,242.0,1,582,902.0,783.0,0,242.0
11047,243.0,1,582,114.0,153.0,1,242.0
11048,244.0,1,582,27.0,28.0,2,242.0
11049,245.0,1,582,14.0,16.0,3,242.0
11050,246.0,1,582,5.0,3.0,4,242.0
11051,247.0,1,582,10.0,9.0,5,242.0
11052,248.0,1,582,12.0,7.0,6,242.0
11053,249.0,1,582,3.0,3.0,7,242.0
11054,250.0,1,582,4.0,7.0,8,242.0
11055,251.0,1,582,7.0,5.0,9,242.0
11056,252.0,1,582,2.0,12.0,10,242.0
11057,253.0,1,582,1.0,1.0,11,242.0
11058,254.0,1,582,4.0,4.0,12,242.0
11059,255.0,1,582,8.0,11.0,13,242.0
11060,43.0,0,583,955.0,5599.0,-14,57.0
11061,44.0,0,583,994.0,4241.0,-13,57.0
11062,45.0,0,583,1216.0,5571.0,-12,57.0
11063,46.0,0,583,2053.0,8377.0,-11,57.0
11064,47.0,0,583,868.0,4581.0,-10,57.0
11065,48.0,0,583,1394.0,6567.0,-9,57.0
11066,49.0,0,583,1666.0,6261.0,-8,57.0
11067,50.0,0,583,1089.0,3415.0,-7,57.0
11068,51.0,0,583,389.0,1669.0,-6,57.0
11069,52.0,0,583,353.0,1487.0,-5,57.0
11070,53.0,0,583,213.0,1351.0,-4,57.0
11071,54.0,0,583,346.0,3444.0,-3,57.0
11072,55.0,0,583,663.0,4023.0,-2,57.0
11073,56.0,0,583,340.0,2120.0,-1,57.0
11074,57.0,1,583,250.0,2107.0,0,57.0
11075,58.0,1,583,297.0,2164.0,1,57.0
11076,59.0,1,583,608.0,3558.0,2,57.0
11077,60.0,1,583,237.0,1456.0,3,57.0
11078,61.0,1,583,117.0,1015.0,4,57.0
11079,62.0,1,583,289.0,1753.0,5,57.0
11080,63.0,1,583,292.0,1498.0,6,57.0
11081,64.0,1,583,84.0,704.0,7,57.0
11082,65.0,1,583,85.0,579.0,8,57.0
11083,66.0,1,583,76.0,605.0,9,57.0
11084,67.0,1,583,60.0,531.0,10,57.0
11085,68.0,1,583,71.0,465.0,11,57.0
11086,69.0,1,583,31.0,258.0,12,57.0
11087,70.0,1,583,33.0,234.0,13,57.0
11088,62.0,0,584,0.0,0.0,-14,76.0
11089,63.0,0,584,0.0,0.0,-13,76.0
11090,64.0,0,584,1.0,0.0,-12,76.0
11091,65.0,0,584,0.0,1.0,-11,76.0
11092,66.0,0,584,0.0,1.0,-10,76.0
11093,67.0,0,584,1.0,0.0,-9,76.0
11094,68.0,0,584,0.0,1.0,-8,76.0
11095,69.0,0,584,0.0,0.0,-7,76.0
11096,70.0,0,584,0.0,0.0,-6,76.0
11097,71.0,0,584,0.0,0.0,-5,76.0
11098,72.0,0,584,0.0,0.0,-4,76.0
11099,73.0,0,584,0.0,0.0,-3,76.0
11100,74.0,0,584,0.0,1.0,-2,76.0
11101,75.0,0,584,1.0,0.0,-1,76.0
11102,76.0,1,584,7.0,0.0,0,76.0
11103,77.0,1,584,0.0,0.0,1,76.0
11104,78.0,1,584,0.0,0.0,2,76.0
11105,79.0,1,584,1.0,2.0,3,76.0
11106,80.0,1,584,0.0,0.0,4,76.0
11107,81.0,1,584,0.0,0.0,5,76.0
11108,82.0,1,584,0.0,0.0,6,76.0
11109,83.0,1,584,0.0,0.0,7,76.0
11110,84.0,1,584,0.0,0.0,8,76.0
11111,85.0,1,584,0.0,0.0,9,76.0
11112,86.0,1,584,0.0,0.0,10,76.0
11113,87.0,1,584,0.0,0.0,11,76.0
11114,88.0,1,584,0.0,1.0,12,76.0
11115,89.0,1,584,0.0,0.0,13,76.0
11116,217.0,0,585,9.0,9.0,-14,231.0
11117,218.0,0,585,11.0,18.0,-13,231.0
11118,219.0,0,585,3.0,8.0,-12,231.0
11119,220.0,0,585,2.0,9.0,-11,231.0
11120,221.0,0,585,14.0,16.0,-10,231.0
11121,222.0,0,585,5.0,9.0,-9,231.0
11122,223.0,0,585,2.0,12.0,-8,231.0
11123,224.0,0,585,4.0,9.0,-7,231.0
11124,225.0,0,585,15.0,17.0,-6,231.0
11125,226.0,0,585,5.0,8.0,-5,231.0
11126,227.0,0,585,7.0,11.0,-4,231.0
11127,228.0,0,585,2.0,5.0,-3,231.0
11128,229.0,0,585,3.0,3.0,-2,231.0
11129,230.0,0,585,12.0,19.0,-1,231.0
11130,231.0,1,585,49.0,24.0,0,231.0
11131,232.0,1,585,6.0,15.0,1,231.0
11132,233.0,1,585,67.0,8.0,2,231.0
11133,234.0,1,585,12.0,8.0,3,231.0
11134,235.0,1,585,7.0,9.0,4,231.0
11135,236.0,1,585,12.0,16.0,5,231.0
11136,237.0,1,585,6.0,4.0,6,231.0
11137,238.0,1,585,15.0,12.0,7,231.0
11138,239.0,1,585,2.0,6.0,8,231.0
11139,240.0,1,585,2.0,9.0,9,231.0
11140,241.0,1,585,3.0,2.0,10,231.0
11141,242.0,1,585,6.0,11.0,11,231.0
11142,243.0,1,585,1.0,7.0,12,231.0
11143,244.0,1,585,6.0,11.0,13,231.0
11144,229.0,0,586,9.0,24.0,-14,243.0
11145,230.0,0,586,4.0,3.0,-13,243.0
11146,231.0,0,586,10.0,13.0,-12,243.0
11147,232.0,0,586,9.0,9.0,-11,243.0
11148,233.0,0,586,8.0,3.0,-10,243.0
11149,234.0,0,586,10.0,12.0,-9,243.0
11150,235.0,0,586,12.0,10.0,-8,243.0
11151,236.0,0,586,6.0,6.0,-7,243.0
11152,237.0,0,586,5.0,6.0,-6,243.0
11153,238.0,0,586,3.0,5.0,-5,243.0
11154,239.0,0,586,10.0,11.0,-4,243.0
11155,240.0,0,586,10.0,13.0,-3,243.0
11156,241.0,0,586,28.0,33.0,-2,243.0
11157,242.0,0,586,6.0,12.0,-1,243.0
11158,243.0,1,586,123.0,72.0,0,243.0
11159,244.0,1,586,24.0,28.0,1,243.0
11160,245.0,1,586,11.0,10.0,2,243.0
11161,246.0,1,586,5.0,5.0,3,243.0
11162,247.0,1,586,19.0,59.0,4,243.0
11163,248.0,1,586,8.0,10.0,5,243.0
11164,249.0,1,586,3.0,7.0,6,243.0
11165,250.0,1,586,3.0,6.0,7,243.0
11166,251.0,1,586,4.0,6.0,8,243.0
11167,252.0,1,586,26.0,19.0,9,243.0
11168,253.0,1,586,6.0,3.0,10,243.0
11169,254.0,1,586,4.0,7.0,11,243.0
11170,255.0,1,586,4.0,3.0,12,243.0
11171,256.0,1,586,3.0,3.0,13,243.0
11172,168.0,0,587,2.0,3.0,-14,182.0
11173,169.0,0,587,1.0,0.0,-13,182.0
11174,170.0,0,587,3.0,0.0,-12,182.0
11175,171.0,0,587,1.0,3.0,-11,182.0
11176,172.0,0,587,1.0,0.0,-10,182.0
11177,173.0,0,587,2.0,3.0,-9,182.0
11178,174.0,0,587,6.0,5.0,-8,182.0
11179,175.0,0,587,3.0,1.0,-7,182.0
11180,176.0,0,587,0.0,2.0,-6,182.0
11181,177.0,0,587,1.0,3.0,-5,182.0
11182,178.0,0,587,1.0,1.0,-4,182.0
11183,179.0,0,587,6.0,5.0,-3,182.0
11184,180.0,0,587,1.0,5.0,-2,182.0
11185,181.0,0,587,1.0,3.0,-1,182.0
11186,182.0,1,587,20.0,2.0,0,182.0
11187,183.0,1,587,3.0,2.0,1,182.0
11188,184.0,1,587,0.0,1.0,2,182.0
11189,185.0,1,587,0.0,0.0,3,182.0
11190,186.0,1,587,2.0,2.0,4,182.0
11191,187.0,1,587,2.0,1.0,5,182.0
11192,188.0,1,587,0.0,3.0,6,182.0
11193,189.0,1,587,1.0,0.0,7,182.0
11194,190.0,1,587,0.0,0.0,8,182.0
11195,191.0,1,587,3.0,0.0,9,182.0
11196,192.0,1,587,1.0,6.0,10,182.0
11197,193.0,1,587,3.0,2.0,11,182.0
11198,194.0,1,587,1.0,0.0,12,182.0
11199,195.0,1,587,1.0,2.0,13,182.0
11200,106.0,0,588,29.0,44.0,-14,120.0
11201,107.0,0,588,23.0,34.0,-13,120.0
11202,108.0,0,588,15.0,17.0,-12,120.0
11203,109.0,0,588,22.0,50.0,-11,120.0
11204,110.0,0,588,24.0,37.0,-10,120.0
11205,111.0,0,588,169.0,86.0,-9,120.0
11206,112.0,0,588,22.0,21.0,-8,120.0
11207,113.0,0,588,23.0,21.0,-7,120.0
11208,114.0,0,588,55.0,51.0,-6,120.0
11209,115.0,0,588,32.0,32.0,-5,120.0
11210,116.0,0,588,33.0,57.0,-4,120.0
11211,117.0,0,588,56.0,58.0,-3,120.0
11212,118.0,0,588,25.0,28.0,-2,120.0
11213,119.0,0,588,86.0,66.0,-1,120.0
11214,120.0,1,588,637.0,559.0,0,120.0
11215,121.0,1,588,547.0,669.0,1,120.0
11216,122.0,1,588,18.0,28.0,2,120.0
11217,123.0,1,588,3.0,11.0,3,120.0
11218,124.0,1,588,13.0,23.0,4,120.0
11219,125.0,1,588,29.0,33.0,5,120.0
11220,126.0,1,588,15.0,23.0,6,120.0
11221,127.0,1,588,8.0,26.0,7,120.0
11222,128.0,1,588,20.0,25.0,8,120.0
11223,129.0,1,588,11.0,13.0,9,120.0
11224,130.0,1,588,5.0,8.0,10,120.0
11225,131.0,1,588,3.0,12.0,11,120.0
11226,132.0,1,588,28.0,54.0,12,120.0
11227,133.0,1,588,47.0,42.0,13,120.0
11228,325.0,0,589,0.0,3.0,-14,339.0
11229,326.0,0,589,0.0,1.0,-13,339.0
11230,327.0,0,589,0.0,7.0,-12,339.0
11231,328.0,0,589,0.0,8.0,-11,339.0
11232,329.0,0,589,0.0,5.0,-10,339.0
11233,330.0,0,589,0.0,2.0,-9,339.0
11234,331.0,0,589,1.0,5.0,-8,339.0
11235,332.0,0,589,1.0,8.0,-7,339.0
11236,333.0,0,589,0.0,3.0,-6,339.0
11237,334.0,0,589,0.0,8.0,-5,339.0
11238,335.0,0,589,0.0,0.0,-4,339.0
11239,336.0,0,589,4.0,7.0,-3,339.0
11240,337.0,0,589,0.0,14.0,-2,339.0
11241,338.0,0,589,2.0,10.0,-1,339.0
11242,339.0,1,589,13.0,11.0,0,339.0
11243,340.0,1,589,1.0,6.0,1,339.0
11244,341.0,1,589,1.0,4.0,2,339.0
11245,342.0,1,589,1.0,3.0,3,339.0
11246,343.0,1,589,1.0,8.0,4,339.0
11247,344.0,1,589,17.0,10.0,5,339.0
11248,345.0,1,589,4.0,4.0,6,339.0
11249,346.0,1,589,0.0,6.0,7,339.0
11250,347.0,1,589,3.0,9.0,8,339.0
11251,348.0,1,589,2.0,9.0,9,339.0
11252,349.0,1,589,2.0,8.0,10,339.0
11253,350.0,1,589,0.0,5.0,11,339.0
11254,351.0,1,589,3.0,5.0,12,339.0
11255,352.0,1,589,2.0,5.0,13,339.0
11256,117.0,0,590,3.0,3.0,-14,131.0
11257,118.0,0,590,5.0,1.0,-13,131.0
11258,119.0,0,590,8.0,5.0,-12,131.0
11259,120.0,0,590,2.0,3.0,-11,131.0
11260,121.0,0,590,11.0,1.0,-10,131.0
11261,122.0,0,590,2.0,4.0,-9,131.0
11262,123.0,0,590,3.0,3.0,-8,131.0
11263,124.0,0,590,3.0,3.0,-7,131.0
11264,125.0,0,590,1.0,0.0,-6,131.0
11265,126.0,0,590,2.0,3.0,-5,131.0
11266,127.0,0,590,1.0,2.0,-4,131.0
11267,128.0,0,590,2.0,3.0,-3,131.0
11268,129.0,0,590,2.0,2.0,-2,131.0
11269,130.0,0,590,4.0,6.0,-1,131.0
11270,131.0,1,590,18.0,3.0,0,131.0
11271,132.0,1,590,3.0,2.0,1,131.0
11272,133.0,1,590,5.0,8.0,2,131.0
11273,134.0,1,590,2.0,3.0,3,131.0
11274,135.0,1,590,18.0,12.0,4,131.0
11275,136.0,1,590,2.0,3.0,5,131.0
11276,137.0,1,590,1.0,1.0,6,131.0
11277,138.0,1,590,3.0,3.0,7,131.0
11278,139.0,1,590,1.0,1.0,8,131.0
11279,140.0,1,590,0.0,0.0,9,131.0
11280,141.0,1,590,2.0,1.0,10,131.0
11281,142.0,1,590,3.0,2.0,11,131.0
11282,143.0,1,590,3.0,0.0,12,131.0
11283,144.0,1,590,1.0,2.0,13,131.0
11284,173.0,0,592,0.0,1.0,-14,187.0
11285,174.0,0,592,5.0,2.0,-13,187.0
11286,175.0,0,592,2.0,1.0,-12,187.0
11287,176.0,0,592,2.0,0.0,-11,187.0
11288,177.0,0,592,5.0,1.0,-10,187.0
11289,178.0,0,592,3.0,2.0,-9,187.0
11290,179.0,0,592,1.0,1.0,-8,187.0
11291,180.0,0,592,0.0,1.0,-7,187.0
11292,181.0,0,592,5.0,3.0,-6,187.0
11293,182.0,0,592,0.0,0.0,-5,187.0
11294,183.0,0,592,1.0,0.0,-4,187.0
11295,184.0,0,592,2.0,0.0,-3,187.0
11296,185.0,0,592,1.0,0.0,-2,187.0
11297,186.0,0,592,18.0,9.0,-1,187.0
11298,187.0,1,592,422.0,192.0,0,187.0
11299,188.0,1,592,96.0,60.0,1,187.0
11300,189.0,1,592,16.0,2.0,2,187.0
11301,190.0,1,592,5.0,5.0,3,187.0
11302,191.0,1,592,36.0,32.0,4,187.0
11303,192.0,1,592,2.0,3.0,5,187.0
11304,193.0,1,592,0.0,1.0,6,187.0
11305,194.0,1,592,1.0,0.0,7,187.0
11306,195.0,1,592,0.0,0.0,8,187.0
11307,196.0,1,592,1.0,2.0,9,187.0
11308,197.0,1,592,4.0,1.0,10,187.0
11309,198.0,1,592,1.0,1.0,11,187.0
11310,199.0,1,592,0.0,2.0,12,187.0
11311,200.0,1,592,1.0,0.0,13,187.0
11312,163.0,0,593,32.0,29.0,-14,177.0
11313,164.0,0,593,20.0,13.0,-13,177.0
11314,165.0,0,593,11.0,7.0,-12,177.0
11315,166.0,0,593,5.0,2.0,-11,177.0
11316,167.0,0,593,6.0,2.0,-10,177.0
11317,168.0,0,593,6.0,8.0,-9,177.0
11318,169.0,0,593,1.0,3.0,-8,177.0
11319,170.0,0,593,8.0,3.0,-7,177.0
11320,171.0,0,593,33.0,25.0,-6,177.0
11321,172.0,0,593,17.0,14.0,-5,177.0
11322,173.0,0,593,2.0,3.0,-4,177.0
11323,174.0,0,593,4.0,7.0,-3,177.0
11324,175.0,0,593,55.0,75.0,-2,177.0
11325,176.0,0,593,29.0,31.0,-1,177.0
11326,177.0,1,593,18.0,17.0,0,177.0
11327,178.0,1,593,12.0,14.0,1,177.0
11328,179.0,1,593,8.0,9.0,2,177.0
11329,180.0,1,593,5.0,6.0,3,177.0
11330,181.0,1,593,6.0,4.0,4,177.0
11331,182.0,1,593,3.0,3.0,5,177.0
11332,183.0,1,593,4.0,1.0,6,177.0
11333,184.0,1,593,18.0,22.0,7,177.0
11334,185.0,1,593,14.0,7.0,8,177.0
11335,186.0,1,593,20.0,14.0,9,177.0
11336,187.0,1,593,14.0,10.0,10,177.0
11337,188.0,1,593,53.0,35.0,11,177.0
11338,189.0,1,593,13.0,23.0,12,177.0
11339,190.0,1,593,7.0,6.0,13,177.0
11340,117.0,0,596,0.0,0.0,-14,131.0
11341,118.0,0,596,0.0,0.0,-13,131.0
11342,119.0,0,596,0.0,0.0,-12,131.0
11343,120.0,0,596,0.0,0.0,-11,131.0
11344,121.0,0,596,0.0,0.0,-10,131.0
11345,122.0,0,596,0.0,0.0,-9,131.0
11346,123.0,0,596,0.0,0.0,-8,131.0
11347,124.0,0,596,0.0,0.0,-7,131.0
11348,125.0,0,596,0.0,0.0,-6,131.0
11349,126.0,0,596,0.0,0.0,-5,131.0
11350,127.0,0,596,0.0,0.0,-4,131.0
11351,128.0,0,596,0.0,0.0,-3,131.0
11352,129.0,0,596,0.0,0.0,-2,131.0
11353,130.0,0,596,0.0,0.0,-1,131.0
11354,131.0,1,596,5.0,1.0,0,131.0
11355,132.0,1,596,0.0,0.0,1,131.0
11356,133.0,1,596,0.0,1.0,2,131.0
11357,134.0,1,596,0.0,0.0,3,131.0
11358,135.0,1,596,0.0,1.0,4,131.0
11359,136.0,1,596,1.0,1.0,5,131.0
11360,137.0,1,596,1.0,0.0,6,131.0
11361,138.0,1,596,0.0,0.0,7,131.0
11362,139.0,1,596,1.0,1.0,8,131.0
11363,140.0,1,596,0.0,0.0,9,131.0
11364,141.0,1,596,0.0,2.0,10,131.0
11365,142.0,1,596,1.0,1.0,11,131.0
11366,143.0,1,596,0.0,0.0,12,131.0
11367,144.0,1,596,0.0,0.0,13,131.0
11368,38.0,0,597,1507.0,22149.0,-14,52.0
11369,39.0,0,597,1316.0,22917.0,-13,52.0
11370,40.0,0,597,1103.0,19559.0,-12,52.0
11371,41.0,0,597,811.0,11357.0,-11,52.0
11372,42.0,0,597,650.0,7205.0,-10,52.0
11373,43.0,0,597,876.0,9282.0,-9,52.0
11374,44.0,0,597,957.0,15829.0,-8,52.0
11375,45.0,0,597,916.0,11108.0,-7,52.0
11376,46.0,0,597,726.0,10892.0,-6,52.0
11377,47.0,0,597,482.0,5572.0,-5,52.0
11378,48.0,0,597,734.0,6742.0,-4,52.0
11379,49.0,0,597,539.0,4518.0,-3,52.0
11380,50.0,0,597,498.0,4588.0,-2,52.0
11381,51.0,0,597,661.0,8711.0,-1,52.0
11382,52.0,1,597,472.0,6555.0,0,52.0
11383,53.0,1,597,249.0,3979.0,1,52.0
11384,54.0,1,597,222.0,4353.0,2,52.0
11385,55.0,1,597,237.0,4010.0,3,52.0
11386,56.0,1,597,295.0,4022.0,4,52.0
11387,57.0,1,597,146.0,2527.0,5,52.0
11388,58.0,1,597,234.0,2714.0,6,52.0
11389,59.0,1,597,211.0,2317.0,7,52.0
11390,60.0,1,597,81.0,1482.0,8,52.0
11391,61.0,1,597,118.0,1757.0,9,52.0
11392,62.0,1,597,116.0,2067.0,10,52.0
11393,63.0,1,597,118.0,1766.0,11,52.0
11394,64.0,1,597,69.0,1577.0,12,52.0
11395,65.0,1,597,77.0,1152.0,13,52.0
11396,203.0,0,598,0.0,0.0,-14,217.0
11397,204.0,0,598,0.0,0.0,-13,217.0
11398,205.0,0,598,0.0,0.0,-12,217.0
11399,206.0,0,598,0.0,0.0,-11,217.0
11400,207.0,0,598,0.0,0.0,-10,217.0
11401,208.0,0,598,0.0,0.0,-9,217.0
11402,209.0,0,598,0.0,0.0,-8,217.0
11403,210.0,0,598,0.0,0.0,-7,217.0
11404,211.0,0,598,0.0,0.0,-6,217.0
11405,212.0,0,598,0.0,0.0,-5,217.0
11406,213.0,0,598,0.0,0.0,-4,217.0
11407,214.0,0,598,0.0,0.0,-3,217.0
11408,215.0,0,598,0.0,0.0,-2,217.0
11409,216.0,0,598,0.0,0.0,-1,217.0
11410,217.0,1,598,6.0,1.0,0,217.0
11411,218.0,1,598,0.0,0.0,1,217.0
11412,219.0,1,598,0.0,0.0,2,217.0
11413,220.0,1,598,0.0,0.0,3,217.0
11414,221.0,1,598,0.0,0.0,4,217.0
11415,222.0,1,598,0.0,0.0,5,217.0
11416,223.0,1,598,0.0,0.0,6,217.0
11417,224.0,1,598,0.0,0.0,7,217.0
11418,225.0,1,598,0.0,0.0,8,217.0
11419,226.0,1,598,0.0,0.0,9,217.0
11420,227.0,1,598,0.0,0.0,10,217.0
11421,228.0,1,598,0.0,0.0,11,217.0
11422,229.0,1,598,0.0,0.0,12,217.0
11423,230.0,1,598,0.0,0.0,13,217.0
11424,129.0,0,599,84.0,83.0,-14,143.0
11425,130.0,0,599,16.0,18.0,-13,143.0
11426,131.0,0,599,35.0,28.0,-12,143.0
11427,132.0,0,599,22.0,19.0,-11,143.0
11428,133.0,0,599,29.0,33.0,-10,143.0
11429,134.0,0,599,12.0,15.0,-9,143.0
11430,135.0,0,599,26.0,12.0,-8,143.0
11431,136.0,0,599,13.0,8.0,-7,143.0
11432,137.0,0,599,25.0,14.0,-6,143.0
11433,138.0,0,599,373.0,211.0,-5,143.0
11434,139.0,0,599,131.0,118.0,-4,143.0
11435,140.0,0,599,25.0,31.0,-3,143.0
11436,141.0,0,599,18.0,18.0,-2,143.0
11437,142.0,0,599,122.0,88.0,-1,143.0
11438,143.0,1,599,135.0,116.0,0,143.0
11439,144.0,1,599,8.0,15.0,1,143.0
11440,145.0,1,599,66.0,99.0,2,143.0
11441,146.0,1,599,376.0,346.0,3,143.0
11442,147.0,1,599,186.0,179.0,4,143.0
11443,148.0,1,599,21.0,15.0,5,143.0
11444,149.0,1,599,15.0,23.0,6,143.0
11445,150.0,1,599,9.0,12.0,7,143.0
11446,151.0,1,599,39.0,35.0,8,143.0
11447,152.0,1,599,1231.0,1112.0,9,143.0
11448,153.0,1,599,56.0,96.0,10,143.0
11449,154.0,1,599,8.0,13.0,11,143.0
11450,155.0,1,599,8.0,12.0,12,143.0
11451,156.0,1,599,8.0,13.0,13,143.0
11452,95.0,0,601,212.0,115.0,-14,109.0
11453,96.0,0,601,208.0,90.0,-13,109.0
11454,97.0,0,601,46.0,36.0,-12,109.0
11455,98.0,0,601,84.0,49.0,-11,109.0
11456,99.0,0,601,24.0,16.0,-10,109.0
11457,100.0,0,601,38.0,34.0,-9,109.0
11458,101.0,0,601,28.0,40.0,-8,109.0
11459,102.0,0,601,75.0,97.0,-7,109.0
11460,103.0,0,601,77.0,77.0,-6,109.0
11461,104.0,0,601,191.0,200.0,-5,109.0
11462,105.0,0,601,94.0,99.0,-4,109.0
11463,106.0,0,601,120.0,179.0,-3,109.0
11464,107.0,0,601,61.0,77.0,-2,109.0
11465,108.0,0,601,44.0,49.0,-1,109.0
11466,109.0,1,601,56.0,71.0,0,109.0
11467,110.0,1,601,152.0,228.0,1,109.0
11468,111.0,1,601,251.0,362.0,2,109.0
11469,112.0,1,601,72.0,98.0,3,109.0
11470,113.0,1,601,36.0,65.0,4,109.0
11471,114.0,1,601,534.0,487.0,5,109.0
11472,115.0,1,601,244.0,182.0,6,109.0
11473,116.0,1,601,128.0,130.0,7,109.0
11474,117.0,1,601,214.0,255.0,8,109.0
11475,118.0,1,601,110.0,179.0,9,109.0
11476,119.0,1,601,89.0,181.0,10,109.0
11477,120.0,1,601,163.0,194.0,11,109.0
11478,121.0,1,601,601.0,388.0,12,109.0
11479,122.0,1,601,85.0,103.0,13,109.0
11480,62.0,0,602,3.0,10.0,-14,76.0
11481,63.0,0,602,1.0,5.0,-13,76.0
11482,64.0,0,602,5.0,3.0,-12,76.0
11483,65.0,0,602,3.0,20.0,-11,76.0
11484,66.0,0,602,0.0,9.0,-10,76.0
11485,67.0,0,602,1.0,14.0,-9,76.0
11486,68.0,0,602,0.0,9.0,-8,76.0
11487,69.0,0,602,1.0,8.0,-7,76.0
11488,70.0,0,602,2.0,3.0,-6,76.0
11489,71.0,0,602,0.0,3.0,-5,76.0
11490,72.0,0,602,1.0,6.0,-4,76.0
11491,73.0,0,602,4.0,69.0,-3,76.0
11492,74.0,0,602,8.0,40.0,-2,76.0
11493,75.0,0,602,5.0,6.0,-1,76.0
11494,76.0,1,602,22.0,8.0,0,76.0
11495,77.0,1,602,2.0,7.0,1,76.0
11496,78.0,1,602,2.0,4.0,2,76.0
11497,79.0,1,602,1.0,5.0,3,76.0
11498,80.0,1,602,0.0,4.0,4,76.0
11499,81.0,1,602,1.0,7.0,5,76.0
11500,82.0,1,602,0.0,5.0,6,76.0
11501,83.0,1,602,3.0,15.0,7,76.0
11502,84.0,1,602,6.0,8.0,8,76.0
11503,85.0,1,602,0.0,7.0,9,76.0
11504,86.0,1,602,5.0,9.0,10,76.0
11505,87.0,1,602,1.0,12.0,11,76.0
11506,88.0,1,602,2.0,7.0,12,76.0
11507,89.0,1,602,0.0,4.0,13,76.0
11508,43.0,0,603,65.0,75.0,-14,57.0
11509,44.0,0,603,86.0,140.0,-13,57.0
11510,45.0,0,603,93.0,106.0,-12,57.0
11511,46.0,0,603,26.0,39.0,-11,57.0
11512,47.0,0,603,58.0,79.0,-10,57.0
11513,48.0,0,603,139.0,82.0,-9,57.0
11514,49.0,0,603,18.0,17.0,-8,57.0
11515,50.0,0,603,7.0,18.0,-7,57.0
11516,51.0,0,603,15.0,15.0,-6,57.0
11517,52.0,0,603,19.0,11.0,-5,57.0
11518,53.0,0,603,46.0,32.0,-4,57.0
11519,54.0,0,603,265.0,125.0,-3,57.0
11520,55.0,0,603,24.0,40.0,-2,57.0
11521,56.0,0,603,101.0,81.0,-1,57.0
11522,57.0,1,603,55.0,72.0,0,57.0
11523,58.0,1,603,29.0,29.0,1,57.0
11524,59.0,1,603,5.0,8.0,2,57.0
11525,60.0,1,603,9.0,12.0,3,57.0
11526,61.0,1,603,190.0,78.0,4,57.0
11527,62.0,1,603,38.0,35.0,5,57.0
11528,63.0,1,603,23.0,30.0,6,57.0
11529,64.0,1,603,91.0,62.0,7,57.0
11530,65.0,1,603,11.0,17.0,8,57.0
11531,66.0,1,603,65.0,34.0,9,57.0
11532,67.0,1,603,65.0,63.0,10,57.0
11533,68.0,1,603,13.0,20.0,11,57.0
11534,69.0,1,603,12.0,19.0,12,57.0
11535,70.0,1,603,15.0,8.0,13,57.0
11536,126.0,0,606,16.0,19.0,-14,140.0
11537,127.0,0,606,10.0,21.0,-13,140.0
11538,128.0,0,606,10.0,10.0,-12,140.0
11539,129.0,0,606,47.0,62.0,-11,140.0
11540,130.0,0,606,5.0,19.0,-10,140.0
11541,131.0,0,606,13.0,9.0,-9,140.0
11542,132.0,0,606,3.0,10.0,-8,140.0
11543,133.0,0,606,6.0,10.0,-7,140.0
11544,134.0,0,606,13.0,18.0,-6,140.0
11545,135.0,0,606,13.0,10.0,-5,140.0
11546,136.0,0,606,3.0,14.0,-4,140.0
11547,137.0,0,606,2.0,9.0,-3,140.0
11548,138.0,0,606,5.0,7.0,-2,140.0
11549,139.0,0,606,1128.0,1049.0,-1,140.0
11550,140.0,1,606,792.0,824.0,0,140.0
11551,141.0,1,606,107.0,111.0,1,140.0
11552,142.0,1,606,29.0,33.0,2,140.0
11553,143.0,1,606,22.0,28.0,3,140.0
11554,144.0,1,606,14.0,31.0,4,140.0
11555,145.0,1,606,10.0,12.0,5,140.0
11556,146.0,1,606,11.0,12.0,6,140.0
11557,147.0,1,606,60.0,187.0,7,140.0
11558,148.0,1,606,26.0,47.0,8,140.0
11559,149.0,1,606,24.0,29.0,9,140.0
11560,150.0,1,606,16.0,20.0,10,140.0
11561,151.0,1,606,21.0,17.0,11,140.0
11562,152.0,1,606,7.0,13.0,12,140.0
11563,153.0,1,606,16.0,15.0,13,140.0
11564,325.0,0,608,42.0,26.0,-14,339.0
11565,326.0,0,608,14.0,15.0,-13,339.0
11566,327.0,0,608,174.0,128.0,-12,339.0
11567,328.0,0,608,22.0,12.0,-11,339.0
11568,329.0,0,608,5.0,1.0,-10,339.0
11569,330.0,0,608,3.0,5.0,-9,339.0
11570,331.0,0,608,5.0,6.0,-8,339.0
11571,332.0,0,608,9.0,5.0,-7,339.0
11572,333.0,0,608,18.0,7.0,-6,339.0
11573,334.0,0,608,17.0,17.0,-5,339.0
11574,335.0,0,608,5.0,6.0,-4,339.0
11575,336.0,0,608,5.0,6.0,-3,339.0
11576,337.0,0,608,2.0,6.0,-2,339.0
11577,338.0,0,608,6.0,6.0,-1,339.0
11578,339.0,1,608,26.0,8.0,0,339.0
11579,340.0,1,608,13.0,6.0,1,339.0
11580,341.0,1,608,25.0,15.0,2,339.0
11581,342.0,1,608,6.0,5.0,3,339.0
11582,343.0,1,608,6.0,10.0,4,339.0
11583,344.0,1,608,7.0,9.0,5,339.0
11584,345.0,1,608,4.0,4.0,6,339.0
11585,346.0,1,608,4.0,3.0,7,339.0
11586,347.0,1,608,4.0,6.0,8,339.0
11587,348.0,1,608,6.0,11.0,9,339.0
11588,349.0,1,608,9.0,4.0,10,339.0
11589,350.0,1,608,3.0,5.0,11,339.0
11590,351.0,1,608,1.0,4.0,12,339.0
11591,352.0,1,608,5.0,5.0,13,339.0
11592,75.0,0,609,29.0,28.0,-14,89.0
11593,76.0,0,609,33.0,38.0,-13,89.0
11594,77.0,0,609,43.0,29.0,-12,89.0
11595,78.0,0,609,120.0,70.0,-11,89.0
11596,79.0,0,609,105.0,68.0,-10,89.0
11597,80.0,0,609,56.0,30.0,-9,89.0
11598,81.0,0,609,47.0,29.0,-8,89.0
11599,82.0,0,609,76.0,98.0,-7,89.0
11600,83.0,0,609,421.0,238.0,-6,89.0
11601,84.0,0,609,93.0,72.0,-5,89.0
11602,85.0,0,609,54.0,41.0,-4,89.0
11603,86.0,0,609,27.0,37.0,-3,89.0
11604,87.0,0,609,43.0,42.0,-2,89.0
11605,88.0,0,609,44.0,73.0,-1,89.0
11606,89.0,1,609,419.0,300.0,0,89.0
11607,90.0,1,609,111.0,122.0,1,89.0
11608,91.0,1,609,58.0,70.0,2,89.0
11609,92.0,1,609,29.0,70.0,3,89.0
11610,93.0,1,609,26.0,63.0,4,89.0
11611,94.0,1,609,72.0,115.0,5,89.0
11612,95.0,1,609,28.0,63.0,6,89.0
11613,96.0,1,609,21.0,50.0,7,89.0
11614,97.0,1,609,32.0,55.0,8,89.0
11615,98.0,1,609,21.0,71.0,9,89.0
11616,99.0,1,609,23.0,46.0,10,89.0
11617,100.0,1,609,29.0,67.0,11,89.0
11618,101.0,1,609,32.0,90.0,12,89.0
11619,102.0,1,609,100.0,223.0,13,89.0
11620,149.0,0,613,16.0,17.0,-14,163.0
11621,150.0,0,613,113.0,56.0,-13,163.0
11622,151.0,0,613,25.0,21.0,-12,163.0
11623,152.0,0,613,14.0,10.0,-11,163.0
11624,153.0,0,613,10.0,4.0,-10,163.0
11625,154.0,0,613,8.0,6.0,-9,163.0
11626,155.0,0,613,5.0,5.0,-8,163.0
11627,156.0,0,613,11.0,13.0,-7,163.0
11628,157.0,0,613,9.0,18.0,-6,163.0
11629,158.0,0,613,10.0,7.0,-5,163.0
11630,159.0,0,613,16.0,9.0,-4,163.0
11631,160.0,0,613,11.0,7.0,-3,163.0
11632,161.0,0,613,3.0,4.0,-2,163.0
11633,162.0,0,613,4.0,4.0,-1,163.0
11634,163.0,1,613,289.0,82.0,0,163.0
11635,164.0,1,613,77.0,60.0,1,163.0
11636,165.0,1,613,51.0,31.0,2,163.0
11637,166.0,1,613,466.0,185.0,3,163.0
11638,167.0,1,613,27.0,18.0,4,163.0
11639,168.0,1,613,14.0,18.0,5,163.0
11640,169.0,1,613,8.0,11.0,6,163.0
11641,170.0,1,613,19.0,11.0,7,163.0
11642,171.0,1,613,16.0,23.0,8,163.0
11643,172.0,1,613,5.0,12.0,9,163.0
11644,173.0,1,613,5.0,11.0,10,163.0
11645,174.0,1,613,14.0,11.0,11,163.0
11646,175.0,1,613,17.0,31.0,12,163.0
11647,176.0,1,613,1.0,7.0,13,163.0
11648,163.0,0,614,0.0,0.0,-14,177.0
11649,164.0,0,614,0.0,0.0,-13,177.0
11650,165.0,0,614,0.0,0.0,-12,177.0
11651,166.0,0,614,0.0,0.0,-11,177.0
11652,167.0,0,614,0.0,0.0,-10,177.0
11653,168.0,0,614,0.0,0.0,-9,177.0
11654,169.0,0,614,0.0,0.0,-8,177.0
11655,170.0,0,614,0.0,0.0,-7,177.0
11656,171.0,0,614,0.0,0.0,-6,177.0
11657,172.0,0,614,0.0,0.0,-5,177.0
11658,173.0,0,614,1.0,0.0,-4,177.0
11659,174.0,0,614,0.0,1.0,-3,177.0
11660,175.0,0,614,0.0,1.0,-2,177.0
11661,176.0,0,614,0.0,0.0,-1,177.0
11662,177.0,1,614,1.0,1.0,0,177.0
11663,178.0,1,614,0.0,0.0,1,177.0
11664,179.0,1,614,0.0,3.0,2,177.0
11665,180.0,1,614,0.0,1.0,3,177.0
11666,181.0,1,614,0.0,2.0,4,177.0
11667,182.0,1,614,1.0,0.0,5,177.0
11668,183.0,1,614,0.0,0.0,6,177.0
11669,184.0,1,614,0.0,0.0,7,177.0
11670,185.0,1,614,0.0,0.0,8,177.0
11671,186.0,1,614,0.0,0.0,9,177.0
11672,187.0,1,614,0.0,0.0,10,177.0
11673,188.0,1,614,1.0,0.0,11,177.0
11674,189.0,1,614,0.0,0.0,12,177.0
11675,190.0,1,614,0.0,0.0,13,177.0
11676,77.0,0,615,1.0,1.0,-14,91.0
11677,78.0,0,615,1.0,1.0,-13,91.0
11678,79.0,0,615,0.0,1.0,-12,91.0
11679,80.0,0,615,0.0,1.0,-11,91.0
11680,81.0,0,615,0.0,0.0,-10,91.0
11681,82.0,0,615,0.0,2.0,-9,91.0
11682,83.0,0,615,0.0,0.0,-8,91.0
11683,84.0,0,615,0.0,1.0,-7,91.0
11684,85.0,0,615,0.0,0.0,-6,91.0
11685,86.0,0,615,2.0,0.0,-5,91.0
11686,87.0,0,615,1.0,2.0,-4,91.0
11687,88.0,0,615,1.0,0.0,-3,91.0
11688,89.0,0,615,1.0,1.0,-2,91.0
11689,90.0,0,615,2.0,0.0,-1,91.0
11690,91.0,1,615,8.0,2.0,0,91.0
11691,92.0,1,615,0.0,1.0,1,91.0
11692,93.0,1,615,0.0,2.0,2,91.0
11693,94.0,1,615,0.0,0.0,3,91.0
11694,95.0,1,615,0.0,1.0,4,91.0
11695,96.0,1,615,0.0,1.0,5,91.0
11696,97.0,1,615,1.0,2.0,6,91.0
11697,98.0,1,615,0.0,0.0,7,91.0
11698,99.0,1,615,0.0,0.0,8,91.0
11699,100.0,1,615,0.0,0.0,9,91.0
11700,101.0,1,615,0.0,2.0,10,91.0
11701,102.0,1,615,1.0,2.0,11,91.0
11702,103.0,1,615,0.0,1.0,12,91.0
11703,104.0,1,615,0.0,0.0,13,91.0
11704,284.0,0,616,4.0,2.0,-14,298.0
11705,285.0,0,616,5.0,7.0,-13,298.0
11706,286.0,0,616,1.0,1.0,-12,298.0
11707,287.0,0,616,1.0,1.0,-11,298.0
11708,288.0,0,616,1.0,0.0,-10,298.0
11709,289.0,0,616,8.0,3.0,-9,298.0
11710,290.0,0,616,2.0,3.0,-8,298.0
11711,291.0,0,616,1.0,1.0,-7,298.0
11712,292.0,0,616,1.0,2.0,-6,298.0
11713,293.0,0,616,3.0,1.0,-5,298.0
11714,294.0,0,616,1.0,0.0,-4,298.0
11715,295.0,0,616,2.0,1.0,-3,298.0
11716,296.0,0,616,3.0,1.0,-2,298.0
11717,297.0,0,616,2.0,1.0,-1,298.0
11718,298.0,1,616,11.0,3.0,0,298.0
11719,299.0,1,616,3.0,1.0,1,298.0
11720,300.0,1,616,0.0,2.0,2,298.0
11721,301.0,1,616,20.0,7.0,3,298.0
11722,302.0,1,616,3.0,0.0,4,298.0
11723,303.0,1,616,2.0,1.0,5,298.0
11724,304.0,1,616,1.0,1.0,6,298.0
11725,305.0,1,616,1.0,3.0,7,298.0
11726,306.0,1,616,3.0,2.0,8,298.0
11727,307.0,1,616,2.0,3.0,9,298.0
11728,308.0,1,616,0.0,0.0,10,298.0
11729,309.0,1,616,0.0,2.0,11,298.0
11730,310.0,1,616,1.0,0.0,12,298.0
11731,311.0,1,616,0.0,1.0,13,298.0
11732,99.0,0,617,263.0,1957.0,-14,113.0
11733,100.0,0,617,214.0,1991.0,-13,113.0
11734,101.0,0,617,2374.0,9541.0,-12,113.0
11735,102.0,0,617,220.0,1740.0,-11,113.0
11736,103.0,0,617,484.0,3943.0,-10,113.0
11737,104.0,0,617,249.0,2230.0,-9,113.0
11738,105.0,0,617,223.0,1745.0,-8,113.0
11739,106.0,0,617,287.0,2604.0,-7,113.0
11740,107.0,0,617,531.0,4734.0,-6,113.0
11741,108.0,0,617,151.0,1946.0,-5,113.0
11742,109.0,0,617,451.0,4135.0,-4,113.0
11743,110.0,0,617,498.0,4793.0,-3,113.0
11744,111.0,0,617,259.0,3006.0,-2,113.0
11745,112.0,0,617,498.0,4488.0,-1,113.0
11746,113.0,1,617,562.0,5680.0,0,113.0
11747,114.0,1,617,484.0,4215.0,1,113.0
11748,115.0,1,617,290.0,4016.0,2,113.0
11749,116.0,1,617,225.0,3187.0,3,113.0
11750,117.0,1,617,184.0,2490.0,4,113.0
11751,118.0,1,617,469.0,4406.0,5,113.0
11752,119.0,1,617,193.0,2459.0,6,113.0
11753,120.0,1,617,75.0,1216.0,7,113.0
11754,121.0,1,617,110.0,1443.0,8,113.0
11755,122.0,1,617,120.0,1447.0,9,113.0
11756,123.0,1,617,120.0,1490.0,10,113.0
11757,124.0,1,617,281.0,2467.0,11,113.0
11758,125.0,1,617,262.0,2668.0,12,113.0
11759,126.0,1,617,170.0,1715.0,13,113.0
11760,79.0,0,619,16.0,49.0,-14,93.0
11761,80.0,0,619,4.0,19.0,-13,93.0
11762,81.0,0,619,8.0,31.0,-12,93.0
11763,82.0,0,619,13.0,44.0,-11,93.0
11764,83.0,0,619,6.0,23.0,-10,93.0
11765,84.0,0,619,3.0,21.0,-9,93.0
11766,85.0,0,619,6.0,31.0,-8,93.0
11767,86.0,0,619,5.0,31.0,-7,93.0
11768,87.0,0,619,16.0,60.0,-6,93.0
11769,88.0,0,619,7.0,45.0,-5,93.0
11770,89.0,0,619,26.0,236.0,-4,93.0
11771,90.0,0,619,24.0,142.0,-3,93.0
11772,91.0,0,619,182.0,1721.0,-2,93.0
11773,92.0,0,619,123.0,552.0,-1,93.0
11774,93.0,1,619,300.0,750.0,0,93.0
11775,94.0,1,619,155.0,897.0,1,93.0
11776,95.0,1,619,38.0,164.0,2,93.0
11777,96.0,1,619,22.0,86.0,3,93.0
11778,97.0,1,619,14.0,90.0,4,93.0
11779,98.0,1,619,32.0,108.0,5,93.0
11780,99.0,1,619,22.0,100.0,6,93.0
11781,100.0,1,619,34.0,117.0,7,93.0
11782,101.0,1,619,13.0,76.0,8,93.0
11783,102.0,1,619,29.0,97.0,9,93.0
11784,103.0,1,619,15.0,68.0,10,93.0
11785,104.0,1,619,64.0,305.0,11,93.0
11786,105.0,1,619,47.0,236.0,12,93.0
11787,106.0,1,619,32.0,227.0,13,93.0
11788,109.0,0,621,151.0,615.0,-14,123.0
11789,110.0,0,621,138.0,680.0,-13,123.0
11790,111.0,0,621,206.0,628.0,-12,123.0
11791,112.0,0,621,85.0,426.0,-11,123.0
11792,113.0,0,621,248.0,1183.0,-10,123.0
11793,114.0,0,621,240.0,1372.0,-9,123.0
11794,115.0,0,621,86.0,433.0,-8,123.0
11795,116.0,0,621,166.0,684.0,-7,123.0
11796,117.0,0,621,118.0,589.0,-6,123.0
11797,118.0,0,621,64.0,318.0,-5,123.0
11798,119.0,0,621,98.0,371.0,-4,123.0
11799,120.0,0,621,101.0,372.0,-3,123.0
11800,121.0,0,621,175.0,683.0,-2,123.0
11801,122.0,0,621,372.0,1075.0,-1,123.0
11802,123.0,1,621,240.0,631.0,0,123.0
11803,124.0,1,621,164.0,735.0,1,123.0
11804,125.0,1,621,232.0,682.0,2,123.0
11805,126.0,1,621,56.0,240.0,3,123.0
11806,127.0,1,621,162.0,429.0,4,123.0
11807,128.0,1,621,96.0,323.0,5,123.0
11808,129.0,1,621,97.0,284.0,6,123.0
11809,130.0,1,621,72.0,353.0,7,123.0
11810,131.0,1,621,46.0,196.0,8,123.0
11811,132.0,1,621,89.0,314.0,9,123.0
11812,133.0,1,621,248.0,565.0,10,123.0
11813,134.0,1,621,193.0,585.0,11,123.0
11814,135.0,1,621,47.0,229.0,12,123.0
11815,136.0,1,621,62.0,411.0,13,123.0
11816,208.0,0,622,75.0,24.0,-14,222.0
11817,209.0,0,622,37.0,9.0,-13,222.0
11818,210.0,0,622,38.0,19.0,-12,222.0
11819,211.0,0,622,7.0,7.0,-11,222.0
11820,212.0,0,622,38.0,39.0,-10,222.0
11821,213.0,0,622,52.0,52.0,-9,222.0
11822,214.0,0,622,28.0,28.0,-8,222.0
11823,215.0,0,622,29.0,20.0,-7,222.0
11824,216.0,0,622,26.0,4.0,-6,222.0
11825,217.0,0,622,42.0,12.0,-5,222.0
11826,218.0,0,622,15.0,5.0,-4,222.0
11827,219.0,0,622,15.0,4.0,-3,222.0
11828,220.0,0,622,27.0,9.0,-2,222.0
11829,221.0,0,622,24.0,11.0,-1,222.0
11830,222.0,1,622,25.0,9.0,0,222.0
11831,223.0,1,622,8.0,4.0,1,222.0
11832,224.0,1,622,14.0,8.0,2,222.0
11833,225.0,1,622,11.0,6.0,3,222.0
11834,226.0,1,622,14.0,4.0,4,222.0
11835,227.0,1,622,16.0,7.0,5,222.0
11836,228.0,1,622,14.0,5.0,6,222.0
11837,229.0,1,622,15.0,12.0,7,222.0
11838,230.0,1,622,20.0,14.0,8,222.0
11839,231.0,1,622,29.0,15.0,9,222.0
11840,232.0,1,622,12.0,12.0,10,222.0
11841,233.0,1,622,34.0,8.0,11,222.0
11842,234.0,1,622,14.0,17.0,12,222.0
11843,235.0,1,622,29.0,14.0,13,222.0
11844,39.0,0,623,1584.0,9009.0,-14,53.0
11845,40.0,0,623,1757.0,7766.0,-13,53.0
11846,41.0,0,623,1550.0,6628.0,-12,53.0
11847,42.0,0,623,1449.0,5657.0,-11,53.0
11848,43.0,0,623,1440.0,4907.0,-10,53.0
11849,44.0,0,623,1928.0,4237.0,-9,53.0
11850,45.0,0,623,1358.0,5310.0,-8,53.0
11851,46.0,0,623,710.0,2858.0,-7,53.0
11852,47.0,0,623,421.0,2237.0,-6,53.0
11853,48.0,0,623,606.0,2365.0,-5,53.0
11854,49.0,0,623,655.0,2480.0,-4,53.0
11855,50.0,0,623,460.0,1609.0,-3,53.0
11856,51.0,0,623,523.0,1577.0,-2,53.0
11857,52.0,0,623,472.0,1757.0,-1,53.0
11858,53.0,1,623,628.0,1641.0,0,53.0
11859,54.0,1,623,312.0,1524.0,1,53.0
11860,55.0,1,623,356.0,2040.0,2,53.0
11861,56.0,1,623,405.0,1863.0,3,53.0
11862,57.0,1,623,386.0,1420.0,4,53.0
11863,58.0,1,623,311.0,2018.0,5,53.0
11864,59.0,1,623,217.0,1244.0,6,53.0
11865,60.0,1,623,219.0,1067.0,7,53.0
11866,61.0,1,623,137.0,767.0,8,53.0
11867,62.0,1,623,304.0,1080.0,9,53.0
11868,63.0,1,623,132.0,794.0,10,53.0
11869,64.0,1,623,84.0,617.0,11,53.0
11870,65.0,1,623,101.0,622.0,12,53.0
11871,66.0,1,623,104.0,632.0,13,53.0
11872,242.0,0,624,2.0,3.0,-14,256.0
11873,243.0,0,624,7.0,5.0,-13,256.0
11874,244.0,0,624,35.0,7.0,-12,256.0
11875,245.0,0,624,17.0,11.0,-11,256.0
11876,246.0,0,624,10.0,3.0,-10,256.0
11877,247.0,0,624,1.0,0.0,-9,256.0
11878,248.0,0,624,12.0,4.0,-8,256.0
11879,249.0,0,624,28.0,8.0,-7,256.0
11880,250.0,0,624,10.0,6.0,-6,256.0
11881,251.0,0,624,7.0,4.0,-5,256.0
11882,252.0,0,624,3.0,3.0,-4,256.0
11883,253.0,0,624,1.0,1.0,-3,256.0
11884,254.0,0,624,9.0,2.0,-2,256.0
11885,255.0,0,624,24.0,7.0,-1,256.0
11886,256.0,1,624,25.0,16.0,0,256.0
11887,257.0,1,624,4.0,3.0,1,256.0
11888,258.0,1,624,3.0,3.0,2,256.0
11889,259.0,1,624,7.0,3.0,3,256.0
11890,260.0,1,624,6.0,2.0,4,256.0
11891,261.0,1,624,3.0,2.0,5,256.0
11892,262.0,1,624,19.0,3.0,6,256.0
11893,263.0,1,624,35.0,18.0,7,256.0
11894,264.0,1,624,9.0,5.0,8,256.0
11895,265.0,1,624,53.0,25.0,9,256.0
11896,266.0,1,624,84.0,37.0,10,256.0
11897,267.0,1,624,25.0,14.0,11,256.0
11898,268.0,1,624,9.0,4.0,12,256.0
11899,269.0,1,624,3.0,2.0,13,256.0
11900,90.0,0,626,0.0,5.0,-14,104.0
11901,91.0,0,626,0.0,3.0,-13,104.0
11902,92.0,0,626,0.0,6.0,-12,104.0
11903,93.0,0,626,0.0,1.0,-11,104.0
11904,94.0,0,626,0.0,1.0,-10,104.0
11905,95.0,0,626,1.0,1.0,-9,104.0
11906,96.0,0,626,0.0,2.0,-8,104.0
11907,97.0,0,626,1.0,3.0,-7,104.0
11908,98.0,0,626,0.0,1.0,-6,104.0
11909,99.0,0,626,0.0,1.0,-5,104.0
11910,100.0,0,626,1.0,2.0,-4,104.0
11911,101.0,0,626,1.0,1.0,-3,104.0
11912,102.0,0,626,1.0,4.0,-2,104.0
11913,103.0,0,626,35.0,29.0,-1,104.0
11914,104.0,1,626,48.0,41.0,0,104.0
11915,105.0,1,626,8.0,9.0,1,104.0
11916,106.0,1,626,0.0,4.0,2,104.0
11917,107.0,1,626,0.0,2.0,3,104.0
11918,108.0,1,626,0.0,2.0,4,104.0
11919,109.0,1,626,2.0,6.0,5,104.0
11920,110.0,1,626,12.0,11.0,6,104.0
11921,111.0,1,626,3.0,6.0,7,104.0
11922,112.0,1,626,3.0,1.0,8,104.0
11923,113.0,1,626,0.0,2.0,9,104.0
11924,114.0,1,626,0.0,0.0,10,104.0
11925,115.0,1,626,2.0,3.0,11,104.0
11926,116.0,1,626,1.0,3.0,12,104.0
11927,117.0,1,626,3.0,1.0,13,104.0
11928,110.0,0,627,13.0,33.0,-14,124.0
11929,111.0,0,627,38.0,37.0,-13,124.0
11930,112.0,0,627,6.0,14.0,-12,124.0
11931,113.0,0,627,23.0,34.0,-11,124.0
11932,114.0,0,627,30.0,50.0,-10,124.0
11933,115.0,0,627,60.0,102.0,-9,124.0
11934,116.0,0,627,26.0,81.0,-8,124.0
11935,117.0,0,627,3.0,9.0,-7,124.0
11936,118.0,0,627,0.0,6.0,-6,124.0
11937,119.0,0,627,5.0,8.0,-5,124.0
11938,120.0,0,627,10.0,4.0,-4,124.0
11939,121.0,0,627,6.0,10.0,-3,124.0
11940,122.0,0,627,90.0,69.0,-2,124.0
11941,123.0,0,627,184.0,144.0,-1,124.0
11942,124.0,1,627,136.0,133.0,0,124.0
11943,125.0,1,627,187.0,300.0,1,124.0
11944,126.0,1,627,22.0,21.0,2,124.0
11945,127.0,1,627,22.0,17.0,3,124.0
11946,128.0,1,627,9.0,14.0,4,124.0
11947,129.0,1,627,8.0,9.0,5,124.0
11948,130.0,1,627,13.0,13.0,6,124.0
11949,131.0,1,627,3.0,10.0,7,124.0
11950,132.0,1,627,5.0,7.0,8,124.0
11951,133.0,1,627,1789.0,2137.0,9,124.0
11952,134.0,1,627,1129.0,1942.0,10,124.0
11953,135.0,1,627,76.0,145.0,11,124.0
11954,136.0,1,627,15.0,28.0,12,124.0
11955,137.0,1,627,29.0,19.0,13,124.0
11956,106.0,0,628,67.0,196.0,-14,120.0
11957,107.0,0,628,42.0,197.0,-13,120.0
11958,108.0,0,628,39.0,108.0,-12,120.0
11959,109.0,0,628,36.0,67.0,-11,120.0
11960,110.0,0,628,90.0,189.0,-10,120.0
11961,111.0,0,628,44.0,100.0,-9,120.0
11962,112.0,0,628,39.0,81.0,-8,120.0
11963,113.0,0,628,40.0,124.0,-7,120.0
11964,114.0,0,628,219.0,429.0,-6,120.0
11965,115.0,0,628,1008.0,2477.0,-5,120.0
11966,116.0,0,628,823.0,2044.0,-4,120.0
11967,117.0,0,628,780.0,2265.0,-3,120.0
11968,118.0,0,628,306.0,914.0,-2,120.0
11969,119.0,0,628,462.0,1002.0,-1,120.0
11970,120.0,1,628,641.0,1693.0,0,120.0
11971,121.0,1,628,300.0,789.0,1,120.0
11972,122.0,1,628,108.0,321.0,2,120.0
11973,123.0,1,628,46.0,151.0,3,120.0
11974,124.0,1,628,41.0,186.0,4,120.0
11975,125.0,1,628,34.0,142.0,5,120.0
11976,126.0,1,628,36.0,140.0,6,120.0
11977,127.0,1,628,46.0,142.0,7,120.0
11978,128.0,1,628,20.0,118.0,8,120.0
11979,129.0,1,628,28.0,107.0,9,120.0
11980,130.0,1,628,29.0,138.0,10,120.0
11981,131.0,1,628,36.0,80.0,11,120.0
11982,132.0,1,628,17.0,65.0,12,120.0
11983,133.0,1,628,40.0,142.0,13,120.0
11984,81.0,0,629,6.0,12.0,-14,95.0
11985,82.0,0,629,8.0,5.0,-13,95.0
11986,83.0,0,629,3.0,9.0,-12,95.0
11987,84.0,0,629,25.0,34.0,-11,95.0
11988,85.0,0,629,5.0,19.0,-10,95.0
11989,86.0,0,629,19.0,20.0,-9,95.0
11990,87.0,0,629,93.0,106.0,-8,95.0
11991,88.0,0,629,43.0,33.0,-7,95.0
11992,89.0,0,629,16.0,33.0,-6,95.0
11993,90.0,0,629,18.0,35.0,-5,95.0
11994,91.0,0,629,12.0,20.0,-4,95.0
11995,92.0,0,629,26.0,43.0,-3,95.0
11996,93.0,0,629,24.0,40.0,-2,95.0
11997,94.0,0,629,16.0,32.0,-1,95.0
11998,95.0,1,629,43.0,43.0,0,95.0
11999,96.0,1,629,35.0,68.0,1,95.0
12000,97.0,1,629,18.0,44.0,2,95.0
12001,98.0,1,629,14.0,27.0,3,95.0
12002,99.0,1,629,19.0,42.0,4,95.0
12003,100.0,1,629,15.0,45.0,5,95.0
12004,101.0,1,629,18.0,78.0,6,95.0
12005,102.0,1,629,21.0,71.0,7,95.0
12006,103.0,1,629,8.0,81.0,8,95.0
12007,104.0,1,629,35.0,192.0,9,95.0
12008,105.0,1,629,14.0,59.0,10,95.0
12009,106.0,1,629,22.0,80.0,11,95.0
12010,107.0,1,629,33.0,84.0,12,95.0
12011,108.0,1,629,24.0,99.0,13,95.0
12012,108.0,0,630,3.0,9.0,-14,122.0
12013,109.0,0,630,7.0,13.0,-13,122.0
12014,110.0,0,630,75.0,181.0,-12,122.0
12015,111.0,0,630,4.0,24.0,-11,122.0
12016,112.0,0,630,4.0,10.0,-10,122.0
12017,113.0,0,630,3.0,3.0,-9,122.0
12018,114.0,0,630,2.0,3.0,-8,122.0
12019,115.0,0,630,5.0,4.0,-7,122.0
12020,116.0,0,630,2.0,1.0,-6,122.0
12021,117.0,0,630,2.0,8.0,-5,122.0
12022,118.0,0,630,4.0,4.0,-4,122.0
12023,119.0,0,630,1.0,3.0,-3,122.0
12024,120.0,0,630,0.0,3.0,-2,122.0
12025,121.0,0,630,22.0,23.0,-1,122.0
12026,122.0,1,630,10.0,12.0,0,122.0
12027,123.0,1,630,11.0,6.0,1,122.0
12028,124.0,1,630,4.0,7.0,2,122.0
12029,125.0,1,630,2.0,4.0,3,122.0
12030,126.0,1,630,0.0,6.0,4,122.0
12031,127.0,1,630,0.0,2.0,5,122.0
12032,128.0,1,630,3.0,8.0,6,122.0
12033,129.0,1,630,5.0,4.0,7,122.0
12034,130.0,1,630,1.0,1.0,8,122.0
12035,131.0,1,630,2.0,3.0,9,122.0
12036,132.0,1,630,3.0,4.0,10,122.0
12037,133.0,1,630,2.0,5.0,11,122.0
12038,134.0,1,630,2.0,6.0,12,122.0
12039,135.0,1,630,1.0,0.0,13,122.0
12040,117.0,0,631,1.0,1.0,-14,131.0
12041,118.0,0,631,0.0,1.0,-13,131.0
12042,119.0,0,631,5.0,3.0,-12,131.0
12043,120.0,0,631,1.0,2.0,-11,131.0
12044,121.0,0,631,1.0,3.0,-10,131.0
12045,122.0,0,631,2.0,1.0,-9,131.0
12046,123.0,0,631,1.0,0.0,-8,131.0
12047,124.0,0,631,1.0,1.0,-7,131.0
12048,125.0,0,631,0.0,0.0,-6,131.0
12049,126.0,0,631,0.0,0.0,-5,131.0
12050,127.0,0,631,0.0,0.0,-4,131.0
12051,128.0,0,631,0.0,0.0,-3,131.0
12052,129.0,0,631,0.0,0.0,-2,131.0
12053,130.0,0,631,3.0,3.0,-1,131.0
12054,131.0,1,631,12.0,5.0,0,131.0
12055,132.0,1,631,1.0,5.0,1,131.0
12056,133.0,1,631,3.0,1.0,2,131.0
12057,134.0,1,631,0.0,3.0,3,131.0
12058,135.0,1,631,5.0,1.0,4,131.0
12059,136.0,1,631,1.0,0.0,5,131.0
12060,137.0,1,631,0.0,0.0,6,131.0
12061,138.0,1,631,0.0,0.0,7,131.0
12062,139.0,1,631,1.0,0.0,8,131.0
12063,140.0,1,631,0.0,0.0,9,131.0
12064,141.0,1,631,3.0,0.0,10,131.0
12065,142.0,1,631,0.0,1.0,11,131.0
12066,143.0,1,631,1.0,0.0,12,131.0
12067,144.0,1,631,0.0,1.0,13,131.0
12068,105.0,0,632,35.0,84.0,-14,119.0
12069,106.0,0,632,26.0,79.0,-13,119.0
12070,107.0,0,632,40.0,86.0,-12,119.0
12071,108.0,0,632,29.0,91.0,-11,119.0
12072,109.0,0,632,30.0,81.0,-10,119.0
12073,110.0,0,632,58.0,113.0,-9,119.0
12074,111.0,0,632,43.0,71.0,-8,119.0
12075,112.0,0,632,40.0,57.0,-7,119.0
12076,113.0,0,632,38.0,77.0,-6,119.0
12077,114.0,0,632,26.0,76.0,-5,119.0
12078,115.0,0,632,30.0,57.0,-4,119.0
12079,116.0,0,632,15.0,41.0,-3,119.0
12080,117.0,0,632,38.0,59.0,-2,119.0
12081,118.0,0,632,153.0,238.0,-1,119.0
12082,119.0,1,632,80.0,138.0,0,119.0
12083,120.0,1,632,44.0,65.0,1,119.0
12084,121.0,1,632,27.0,43.0,2,119.0
12085,122.0,1,632,15.0,39.0,3,119.0
12086,123.0,1,632,18.0,33.0,4,119.0
12087,124.0,1,632,14.0,40.0,5,119.0
12088,125.0,1,632,13.0,33.0,6,119.0
12089,126.0,1,632,11.0,36.0,7,119.0
12090,127.0,1,632,22.0,42.0,8,119.0
12091,128.0,1,632,11.0,35.0,9,119.0
12092,129.0,1,632,11.0,42.0,10,119.0
12093,130.0,1,632,26.0,46.0,11,119.0
12094,131.0,1,632,28.0,49.0,12,119.0
12095,132.0,1,632,16.0,57.0,13,119.0
12096,51.0,0,633,0.0,1.0,-14,65.0
12097,52.0,0,633,0.0,0.0,-13,65.0
12098,53.0,0,633,1.0,2.0,-12,65.0
12099,54.0,0,633,125.0,229.0,-11,65.0
12100,55.0,0,633,4.0,20.0,-10,65.0
12101,56.0,0,633,25.0,20.0,-9,65.0
12102,57.0,0,633,43.0,42.0,-8,65.0
12103,58.0,0,633,31.0,24.0,-7,65.0
12104,59.0,0,633,13.0,13.0,-6,65.0
12105,60.0,0,633,2.0,4.0,-5,65.0
12106,61.0,0,633,8.0,8.0,-4,65.0
12107,62.0,0,633,4.0,9.0,-3,65.0
12108,63.0,0,633,4.0,1.0,-2,65.0
12109,64.0,0,633,2.0,1.0,-1,65.0
12110,65.0,1,633,14.0,2.0,0,65.0
12111,66.0,1,633,3.0,6.0,1,65.0
12112,67.0,1,633,1.0,2.0,2,65.0
12113,68.0,1,633,4.0,1.0,3,65.0
12114,69.0,1,633,5.0,1.0,4,65.0
12115,70.0,1,633,0.0,2.0,5,65.0
12116,71.0,1,633,2.0,2.0,6,65.0
12117,72.0,1,633,1.0,0.0,7,65.0
12118,73.0,1,633,1.0,1.0,8,65.0
12119,74.0,1,633,0.0,1.0,9,65.0
12120,75.0,1,633,0.0,1.0,10,65.0
12121,76.0,1,633,0.0,2.0,11,65.0
12122,77.0,1,633,0.0,2.0,12,65.0
12123,78.0,1,633,1.0,1.0,13,65.0
12124,117.0,0,634,0.0,0.0,-14,131.0
12125,118.0,0,634,0.0,1.0,-13,131.0
12126,119.0,0,634,0.0,0.0,-12,131.0
12127,120.0,0,634,1.0,0.0,-11,131.0
12128,121.0,0,634,0.0,0.0,-10,131.0
12129,122.0,0,634,0.0,0.0,-9,131.0
12130,123.0,0,634,0.0,0.0,-8,131.0
12131,124.0,0,634,0.0,0.0,-7,131.0
12132,125.0,0,634,0.0,0.0,-6,131.0
12133,126.0,0,634,0.0,0.0,-5,131.0
12134,127.0,0,634,0.0,0.0,-4,131.0
12135,128.0,0,634,0.0,0.0,-3,131.0
12136,129.0,0,634,0.0,0.0,-2,131.0
12137,130.0,0,634,0.0,0.0,-1,131.0
12138,131.0,1,634,3.0,3.0,0,131.0
12139,132.0,1,634,0.0,0.0,1,131.0
12140,133.0,1,634,0.0,0.0,2,131.0
12141,134.0,1,634,0.0,0.0,3,131.0
12142,135.0,1,634,0.0,0.0,4,131.0
12143,136.0,1,634,0.0,1.0,5,131.0
12144,137.0,1,634,0.0,0.0,6,131.0
12145,138.0,1,634,0.0,0.0,7,131.0
12146,139.0,1,634,0.0,0.0,8,131.0
12147,140.0,1,634,0.0,0.0,9,131.0
12148,141.0,1,634,1.0,0.0,10,131.0
12149,142.0,1,634,0.0,0.0,11,131.0
12150,143.0,1,634,0.0,0.0,12,131.0
12151,144.0,1,634,0.0,0.0,13,131.0
12152,178.0,0,635,0.0,0.0,-14,192.0
12153,179.0,0,635,0.0,0.0,-13,192.0
12154,180.0,0,635,0.0,1.0,-12,192.0
12155,181.0,0,635,0.0,0.0,-11,192.0
12156,182.0,0,635,0.0,0.0,-10,192.0
12157,183.0,0,635,0.0,0.0,-9,192.0
12158,184.0,0,635,0.0,0.0,-8,192.0
12159,185.0,0,635,0.0,0.0,-7,192.0
12160,186.0,0,635,0.0,0.0,-6,192.0
12161,187.0,0,635,0.0,0.0,-5,192.0
12162,188.0,0,635,0.0,1.0,-4,192.0
12163,189.0,0,635,0.0,0.0,-3,192.0
12164,190.0,0,635,0.0,0.0,-2,192.0
12165,191.0,0,635,2.0,3.0,-1,192.0
12166,192.0,1,635,7.0,10.0,0,192.0
12167,193.0,1,635,0.0,0.0,1,192.0
12168,194.0,1,635,0.0,0.0,2,192.0
12169,195.0,1,635,0.0,1.0,3,192.0
12170,196.0,1,635,0.0,0.0,4,192.0
12171,197.0,1,635,1.0,0.0,5,192.0
12172,198.0,1,635,0.0,0.0,6,192.0
12173,199.0,1,635,0.0,0.0,7,192.0
12174,200.0,1,635,0.0,0.0,8,192.0
12175,201.0,1,635,0.0,0.0,9,192.0
12176,202.0,1,635,0.0,0.0,10,192.0
12177,203.0,1,635,0.0,0.0,11,192.0
12178,204.0,1,635,0.0,0.0,12,192.0
12179,205.0,1,635,0.0,0.0,13,192.0
12180,95.0,0,636,104.0,514.0,-14,109.0
12181,96.0,0,636,307.0,2075.0,-13,109.0
12182,97.0,0,636,163.0,1279.0,-12,109.0
12183,98.0,0,636,84.0,596.0,-11,109.0
12184,99.0,0,636,180.0,922.0,-10,109.0
12185,100.0,0,636,595.0,6727.0,-9,109.0
12186,101.0,0,636,878.0,7426.0,-8,109.0
12187,102.0,0,636,198.0,1720.0,-7,109.0
12188,103.0,0,636,101.0,1059.0,-6,109.0
12189,104.0,0,636,87.0,998.0,-5,109.0
12190,105.0,0,636,102.0,630.0,-4,109.0
12191,106.0,0,636,96.0,740.0,-3,109.0
12192,107.0,0,636,133.0,849.0,-2,109.0
12193,108.0,0,636,208.0,1208.0,-1,109.0
12194,109.0,1,636,243.0,1576.0,0,109.0
12195,110.0,1,636,219.0,1917.0,1,109.0
12196,111.0,1,636,226.0,1786.0,2,109.0
12197,112.0,1,636,119.0,940.0,3,109.0
12198,113.0,1,636,122.0,943.0,4,109.0
12199,114.0,1,636,80.0,626.0,5,109.0
12200,115.0,1,636,94.0,873.0,6,109.0
12201,116.0,1,636,63.0,777.0,7,109.0
12202,117.0,1,636,79.0,731.0,8,109.0
12203,118.0,1,636,37.0,446.0,9,109.0
12204,119.0,1,636,79.0,788.0,10,109.0
12205,120.0,1,636,40.0,496.0,11,109.0
12206,121.0,1,636,33.0,280.0,12,109.0
12207,122.0,1,636,35.0,365.0,13,109.0
12208,178.0,0,639,101.0,92.0,-14,192.0
12209,179.0,0,639,74.0,75.0,-13,192.0
12210,180.0,0,639,25.0,13.0,-12,192.0
12211,181.0,0,639,45.0,28.0,-11,192.0
12212,182.0,0,639,84.0,65.0,-10,192.0
12213,183.0,0,639,54.0,32.0,-9,192.0
12214,184.0,0,639,46.0,42.0,-8,192.0
12215,185.0,0,639,28.0,21.0,-7,192.0
12216,186.0,0,639,19.0,20.0,-6,192.0
12217,187.0,0,639,94.0,46.0,-5,192.0
12218,188.0,0,639,101.0,51.0,-4,192.0
12219,189.0,0,639,208.0,86.0,-3,192.0
12220,190.0,0,639,51.0,24.0,-2,192.0
12221,191.0,0,639,193.0,93.0,-1,192.0
12222,192.0,1,639,102.0,67.0,0,192.0
12223,193.0,1,639,33.0,18.0,1,192.0
12224,194.0,1,639,24.0,28.0,2,192.0
12225,195.0,1,639,114.0,45.0,3,192.0
12226,196.0,1,639,62.0,36.0,4,192.0
12227,197.0,1,639,46.0,20.0,5,192.0
12228,198.0,1,639,88.0,59.0,6,192.0
12229,199.0,1,639,47.0,16.0,7,192.0
12230,200.0,1,639,17.0,25.0,8,192.0
12231,201.0,1,639,18.0,12.0,9,192.0
12232,202.0,1,639,38.0,34.0,10,192.0
12233,203.0,1,639,54.0,53.0,11,192.0
12234,204.0,1,639,29.0,19.0,12,192.0
12235,205.0,1,639,15.0,11.0,13,192.0
12236,31.0,0,640,1352.0,5889.0,-14,45.0
12237,32.0,0,640,1202.0,7375.0,-13,45.0
12238,33.0,0,640,979.0,6543.0,-12,45.0
12239,34.0,0,640,833.0,4493.0,-11,45.0
12240,35.0,0,640,975.0,7049.0,-10,45.0
12241,36.0,0,640,1495.0,7282.0,-9,45.0
12242,37.0,0,640,1370.0,4069.0,-8,45.0
12243,38.0,0,640,2389.0,5851.0,-7,45.0
12244,39.0,0,640,1886.0,5378.0,-6,45.0
12245,40.0,0,640,2690.0,6728.0,-5,45.0
12246,41.0,0,640,1747.0,4694.0,-4,45.0
12247,42.0,0,640,1025.0,2981.0,-3,45.0
12248,43.0,0,640,966.0,3428.0,-2,45.0
12249,44.0,0,640,1972.0,5124.0,-1,45.0
12250,45.0,1,640,1395.0,5591.0,0,45.0
12251,46.0,1,640,739.0,3765.0,1,45.0
12252,47.0,1,640,560.0,3125.0,2,45.0
12253,48.0,1,640,484.0,2607.0,3,45.0
12254,49.0,1,640,539.0,2841.0,4,45.0
12255,50.0,1,640,300.0,1714.0,5,45.0
12256,51.0,1,640,355.0,2298.0,6,45.0
12257,52.0,1,640,281.0,1727.0,7,45.0
12258,53.0,1,640,66.0,677.0,8,45.0
12259,54.0,1,640,91.0,921.0,9,45.0
12260,55.0,1,640,390.0,3049.0,10,45.0
12261,56.0,1,640,356.0,2485.0,11,45.0
12262,57.0,1,640,371.0,2508.0,12,45.0
12263,58.0,1,640,651.0,4234.0,13,45.0
12264,252.0,0,641,0.0,1.0,-14,266.0
12265,253.0,0,641,0.0,0.0,-13,266.0
12266,254.0,0,641,6.0,1.0,-12,266.0
12267,255.0,0,641,1.0,3.0,-11,266.0
12268,256.0,0,641,2.0,5.0,-10,266.0
12269,257.0,0,641,1.0,0.0,-9,266.0
12270,258.0,0,641,18.0,15.0,-8,266.0
12271,259.0,0,641,21.0,12.0,-7,266.0
12272,260.0,0,641,8.0,1.0,-6,266.0
12273,261.0,0,641,2.0,0.0,-5,266.0
12274,262.0,0,641,2.0,3.0,-4,266.0
12275,263.0,0,641,2.0,1.0,-3,266.0
12276,264.0,0,641,21.0,15.0,-2,266.0
12277,265.0,0,641,84.0,35.0,-1,266.0
12278,266.0,1,641,15.0,9.0,0,266.0
12279,267.0,1,641,0.0,2.0,1,266.0
12280,268.0,1,641,1.0,0.0,2,266.0
12281,269.0,1,641,3.0,2.0,3,266.0
12282,270.0,1,641,28.0,16.0,4,266.0
12283,271.0,1,641,10.0,10.0,5,266.0
12284,272.0,1,641,38.0,19.0,6,266.0
12285,273.0,1,641,6.0,3.0,7,266.0
12286,274.0,1,641,3.0,5.0,8,266.0
12287,275.0,1,641,2.0,2.0,9,266.0
12288,276.0,1,641,14.0,9.0,10,266.0
12289,277.0,1,641,1.0,1.0,11,266.0
12290,278.0,1,641,5.0,2.0,12,266.0
12291,279.0,1,641,4.0,1.0,13,266.0
12292,77.0,0,642,7.0,15.0,-14,91.0
12293,78.0,0,642,4.0,10.0,-13,91.0
12294,79.0,0,642,10.0,7.0,-12,91.0
12295,80.0,0,642,4.0,24.0,-11,91.0
12296,81.0,0,642,17.0,42.0,-10,91.0
12297,82.0,0,642,11.0,16.0,-9,91.0
12298,83.0,0,642,4.0,10.0,-8,91.0
12299,84.0,0,642,17.0,110.0,-7,91.0
12300,85.0,0,642,7.0,32.0,-6,91.0
12301,86.0,0,642,6.0,18.0,-5,91.0
12302,87.0,0,642,227.0,151.0,-4,91.0
12303,88.0,0,642,23.0,28.0,-3,91.0
12304,89.0,0,642,13.0,42.0,-2,91.0
12305,90.0,0,642,83.0,197.0,-1,91.0
12306,91.0,1,642,44.0,119.0,0,91.0
12307,92.0,1,642,8.0,51.0,1,91.0
12308,93.0,1,642,28.0,34.0,2,91.0
12309,94.0,1,642,10.0,30.0,3,91.0
12310,95.0,1,642,15.0,45.0,4,91.0
12311,96.0,1,642,10.0,20.0,5,91.0
12312,97.0,1,642,7.0,25.0,6,91.0
12313,98.0,1,642,8.0,25.0,7,91.0
12314,99.0,1,642,7.0,25.0,8,91.0
12315,100.0,1,642,15.0,37.0,9,91.0
12316,101.0,1,642,18.0,35.0,10,91.0
12317,102.0,1,642,8.0,44.0,11,91.0
12318,103.0,1,642,10.0,52.0,12,91.0
12319,104.0,1,642,48.0,149.0,13,91.0
12320,39.0,0,643,1342.0,17943.0,-14,53.0
12321,40.0,0,643,1035.0,17737.0,-13,53.0
12322,41.0,0,643,1144.0,18359.0,-12,53.0
12323,42.0,0,643,778.0,8652.0,-11,53.0
12324,43.0,0,643,656.0,11448.0,-10,53.0
12325,44.0,0,643,974.0,14567.0,-9,53.0
12326,45.0,0,643,791.0,13219.0,-8,53.0
12327,46.0,0,643,415.0,7050.0,-7,53.0
12328,47.0,0,643,505.0,6724.0,-6,53.0
12329,48.0,0,643,647.0,6512.0,-5,53.0
12330,49.0,0,643,353.0,3623.0,-4,53.0
12331,50.0,0,643,378.0,4256.0,-3,53.0
12332,51.0,0,643,359.0,4923.0,-2,53.0
12333,52.0,0,643,310.0,4140.0,-1,53.0
12334,53.0,1,643,191.0,3606.0,0,53.0
12335,54.0,1,643,132.0,4014.0,1,53.0
12336,55.0,1,643,128.0,3008.0,2,53.0
12337,56.0,1,643,156.0,3580.0,3,53.0
12338,57.0,1,643,79.0,2374.0,4,53.0
12339,58.0,1,643,215.0,4370.0,5,53.0
12340,59.0,1,643,137.0,3588.0,6,53.0
12341,60.0,1,643,50.0,1082.0,7,53.0
12342,61.0,1,643,87.0,1709.0,8,53.0
12343,62.0,1,643,48.0,1422.0,9,53.0
12344,63.0,1,643,41.0,1339.0,10,53.0
12345,64.0,1,643,50.0,1229.0,11,53.0
12346,65.0,1,643,130.0,2357.0,12,53.0
12347,66.0,1,643,39.0,1334.0,13,53.0
12348,53.0,0,644,5.0,9.0,-14,67.0
12349,54.0,0,644,13.0,18.0,-13,67.0
12350,55.0,0,644,3.0,5.0,-12,67.0
12351,56.0,0,644,11.0,7.0,-11,67.0
12352,57.0,0,644,4.0,1.0,-10,67.0
12353,58.0,0,644,3.0,4.0,-9,67.0
12354,59.0,0,644,1.0,1.0,-8,67.0
12355,60.0,0,644,1.0,4.0,-7,67.0
12356,61.0,0,644,4.0,4.0,-6,67.0
12357,62.0,0,644,3.0,4.0,-5,67.0
12358,63.0,0,644,7.0,4.0,-4,67.0
12359,64.0,0,644,1.0,1.0,-3,67.0
12360,65.0,0,644,4.0,0.0,-2,67.0
12361,66.0,0,644,4.0,1.0,-1,67.0
12362,67.0,1,644,14.0,5.0,0,67.0
12363,68.0,1,644,22.0,5.0,1,67.0
12364,69.0,1,644,8.0,5.0,2,67.0
12365,70.0,1,644,7.0,0.0,3,67.0
12366,71.0,1,644,9.0,3.0,4,67.0
12367,72.0,1,644,1.0,2.0,5,67.0
12368,73.0,1,644,3.0,0.0,6,67.0
12369,74.0,1,644,2.0,1.0,7,67.0
12370,75.0,1,644,1.0,0.0,8,67.0
12371,76.0,1,644,1.0,0.0,9,67.0
12372,77.0,1,644,5.0,3.0,10,67.0
12373,78.0,1,644,3.0,3.0,11,67.0
12374,79.0,1,644,1.0,2.0,12,67.0
12375,80.0,1,644,2.0,2.0,13,67.0
12376,16.0,0,648,7.0,105.0,-14,30.0
12377,17.0,0,648,6.0,80.0,-13,30.0
12378,18.0,0,648,6.0,107.0,-12,30.0
12379,19.0,0,648,4.0,78.0,-11,30.0
12380,20.0,0,648,3.0,95.0,-10,30.0
12381,21.0,0,648,4.0,56.0,-9,30.0
12382,22.0,0,648,5.0,138.0,-8,30.0
12383,23.0,0,648,0.0,30.0,-7,30.0
12384,24.0,0,648,3.0,83.0,-6,30.0
12385,25.0,0,648,4.0,97.0,-5,30.0
12386,26.0,0,648,16.0,521.0,-4,30.0
12387,27.0,0,648,30.0,852.0,-3,30.0
12388,28.0,0,648,47.0,907.0,-2,30.0
12389,29.0,0,648,79.0,1268.0,-1,30.0
12390,30.0,1,648,65.0,1367.0,0,30.0
12391,31.0,1,648,121.0,3092.0,1,30.0
12392,32.0,1,648,155.0,5938.0,2,30.0
12393,33.0,1,648,43.0,3260.0,3,30.0
12394,34.0,1,648,29.0,2394.0,4,30.0
12395,35.0,1,648,16.0,1884.0,5,30.0
12396,36.0,1,648,73.0,8350.0,6,30.0
12397,37.0,1,648,80.0,13533.0,7,30.0
12398,38.0,1,648,38.0,8219.0,8,30.0
12399,39.0,1,648,14.0,2906.0,9,30.0
12400,40.0,1,648,20.0,4533.0,10,30.0
12401,41.0,1,648,36.0,4221.0,11,30.0
12402,42.0,1,648,22.0,3267.0,12,30.0
12403,43.0,1,648,22.0,2389.0,13,30.0
12404,273.0,0,649,4.0,1.0,-14,287.0
12405,274.0,0,649,11.0,5.0,-13,287.0
12406,275.0,0,649,3.0,3.0,-12,287.0
12407,276.0,0,649,1.0,1.0,-11,287.0
12408,277.0,0,649,11.0,4.0,-10,287.0
12409,278.0,0,649,7.0,2.0,-9,287.0
12410,279.0,0,649,0.0,0.0,-8,287.0
12411,280.0,0,649,7.0,7.0,-7,287.0
12412,281.0,0,649,12.0,5.0,-6,287.0
12413,282.0,0,649,18.0,6.0,-5,287.0
12414,283.0,0,649,2.0,0.0,-4,287.0
12415,284.0,0,649,0.0,1.0,-3,287.0
12416,285.0,0,649,9.0,3.0,-2,287.0
12417,286.0,0,649,6.0,1.0,-1,287.0
12418,287.0,1,649,14.0,5.0,0,287.0
12419,288.0,1,649,2.0,5.0,1,287.0
12420,289.0,1,649,152.0,54.0,2,287.0
12421,290.0,1,649,14.0,2.0,3,287.0
12422,291.0,1,649,6.0,3.0,4,287.0
12423,292.0,1,649,21.0,9.0,5,287.0
12424,293.0,1,649,2.0,1.0,6,287.0
12425,294.0,1,649,15.0,11.0,7,287.0
12426,295.0,1,649,7.0,3.0,8,287.0
12427,296.0,1,649,15.0,12.0,9,287.0
12428,297.0,1,649,15.0,5.0,10,287.0
12429,298.0,1,649,5.0,2.0,11,287.0
12430,299.0,1,649,1.0,1.0,12,287.0
12431,300.0,1,649,7.0,0.0,13,287.0
12432,123.0,0,650,26.0,25.0,-14,137.0
12433,124.0,0,650,16.0,24.0,-13,137.0
12434,125.0,0,650,27.0,24.0,-12,137.0
12435,126.0,0,650,11.0,13.0,-11,137.0
12436,127.0,0,650,10.0,13.0,-10,137.0
12437,128.0,0,650,23.0,21.0,-9,137.0
12438,129.0,0,650,172.0,219.0,-8,137.0
12439,130.0,0,650,16.0,28.0,-7,137.0
12440,131.0,0,650,16.0,22.0,-6,137.0
12441,132.0,0,650,27.0,32.0,-5,137.0
12442,133.0,0,650,88.0,105.0,-4,137.0
12443,134.0,0,650,27.0,39.0,-3,137.0
12444,135.0,0,650,12.0,19.0,-2,137.0
12445,136.0,0,650,203.0,346.0,-1,137.0
12446,137.0,1,650,94.0,169.0,0,137.0
12447,138.0,1,650,18.0,27.0,1,137.0
12448,139.0,1,650,468.0,630.0,2,137.0
12449,140.0,1,650,44.0,95.0,3,137.0
12450,141.0,1,650,333.0,427.0,4,137.0
12451,142.0,1,650,122.0,169.0,5,137.0
12452,143.0,1,650,77.0,118.0,6,137.0
12453,144.0,1,650,59.0,58.0,7,137.0
12454,145.0,1,650,28.0,25.0,8,137.0
12455,146.0,1,650,446.0,691.0,9,137.0
12456,147.0,1,650,36.0,68.0,10,137.0
12457,148.0,1,650,201.0,256.0,11,137.0
12458,149.0,1,650,115.0,133.0,12,137.0
12459,150.0,1,650,45.0,43.0,13,137.0
12460,163.0,0,651,0.0,3.0,-14,177.0
12461,164.0,0,651,0.0,3.0,-13,177.0
12462,165.0,0,651,2.0,4.0,-12,177.0
12463,166.0,0,651,4.0,3.0,-11,177.0
12464,167.0,0,651,3.0,3.0,-10,177.0
12465,168.0,0,651,0.0,3.0,-9,177.0
12466,169.0,0,651,0.0,2.0,-8,177.0
12467,170.0,0,651,0.0,0.0,-7,177.0
12468,171.0,0,651,0.0,2.0,-6,177.0
12469,172.0,0,651,1.0,3.0,-5,177.0
12470,173.0,0,651,0.0,0.0,-4,177.0
12471,174.0,0,651,0.0,3.0,-3,177.0
12472,175.0,0,651,0.0,1.0,-2,177.0
12473,176.0,0,651,136.0,57.0,-1,177.0
12474,177.0,1,651,1042.0,898.0,0,177.0
12475,178.0,1,651,54.0,61.0,1,177.0
12476,179.0,1,651,9.0,15.0,2,177.0
12477,180.0,1,651,3.0,5.0,3,177.0
12478,181.0,1,651,2.0,6.0,4,177.0
12479,182.0,1,651,0.0,3.0,5,177.0
12480,183.0,1,651,2.0,5.0,6,177.0
12481,184.0,1,651,5.0,4.0,7,177.0
12482,185.0,1,651,4.0,3.0,8,177.0
12483,186.0,1,651,3.0,2.0,9,177.0
12484,187.0,1,651,0.0,5.0,10,177.0
12485,188.0,1,651,0.0,2.0,11,177.0
12486,189.0,1,651,3.0,3.0,12,177.0
12487,190.0,1,651,0.0,2.0,13,177.0
12488,40.0,0,652,2346.0,3300.0,-14,54.0
12489,41.0,0,652,1145.0,1930.0,-13,54.0
12490,42.0,0,652,658.0,942.0,-12,54.0
12491,43.0,0,652,369.0,791.0,-11,54.0
12492,44.0,0,652,577.0,777.0,-10,54.0
12493,45.0,0,652,264.0,464.0,-9,54.0
12494,46.0,0,652,317.0,492.0,-8,54.0
12495,47.0,0,652,820.0,998.0,-7,54.0
12496,48.0,0,652,337.0,449.0,-6,54.0
12497,49.0,0,652,232.0,266.0,-5,54.0
12498,50.0,0,652,246.0,241.0,-4,54.0
12499,51.0,0,652,190.0,264.0,-3,54.0
12500,52.0,0,652,160.0,243.0,-2,54.0
12501,53.0,0,652,224.0,318.0,-1,54.0
12502,54.0,1,652,373.0,688.0,0,54.0
12503,55.0,1,652,227.0,671.0,1,54.0
12504,56.0,1,652,175.0,412.0,2,54.0
12505,57.0,1,652,83.0,218.0,3,54.0
12506,58.0,1,652,271.0,382.0,4,54.0
12507,59.0,1,652,232.0,359.0,5,54.0
12508,60.0,1,652,68.0,157.0,6,54.0
12509,61.0,1,652,94.0,181.0,7,54.0
12510,62.0,1,652,166.0,334.0,8,54.0
12511,63.0,1,652,205.0,414.0,9,54.0
12512,64.0,1,652,120.0,325.0,10,54.0
12513,65.0,1,652,112.0,237.0,11,54.0
12514,66.0,1,652,61.0,141.0,12,54.0
12515,67.0,1,652,88.0,236.0,13,54.0
12516,30.0,0,653,304.0,4248.0,-14,44.0
12517,31.0,0,653,1093.0,8340.0,-13,44.0
12518,32.0,0,653,5419.0,124531.0,-12,44.0
12519,33.0,0,653,2335.0,62364.0,-11,44.0
12520,34.0,0,653,1468.0,52936.0,-10,44.0
12521,35.0,0,653,1399.0,49254.0,-9,44.0
12522,36.0,0,653,2340.0,63198.0,-8,44.0
12523,37.0,0,653,2089.0,49739.0,-7,44.0
12524,38.0,0,653,1400.0,35211.0,-6,44.0
12525,39.0,0,653,1127.0,27316.0,-5,44.0
12526,40.0,0,653,1306.0,25359.0,-4,44.0
12527,41.0,0,653,1001.0,27206.0,-3,44.0
12528,42.0,0,653,1264.0,27628.0,-2,44.0
12529,43.0,0,653,1483.0,28914.0,-1,44.0
12530,44.0,1,653,1325.0,43934.0,0,44.0
12531,45.0,1,653,819.0,34840.0,1,44.0
12532,46.0,1,653,368.0,13053.0,2,44.0
12533,47.0,1,653,508.0,16081.0,3,44.0
12534,48.0,1,653,454.0,19358.0,4,44.0
12535,49.0,1,653,160.0,7926.0,5,44.0
12536,50.0,1,653,223.0,11920.0,6,44.0
12537,51.0,1,653,237.0,15566.0,7,44.0
12538,52.0,1,653,473.0,23545.0,8,44.0
12539,53.0,1,653,1073.0,79323.0,9,44.0
12540,54.0,1,653,258.0,23777.0,10,44.0
12541,55.0,1,653,156.0,11018.0,11,44.0
12542,56.0,1,653,107.0,7378.0,12,44.0
12543,57.0,1,653,114.0,9160.0,13,44.0
12544,81.0,0,654,3.0,10.0,-14,95.0
12545,82.0,0,654,6.0,5.0,-13,95.0
12546,83.0,0,654,3.0,3.0,-12,95.0
12547,84.0,0,654,3.0,12.0,-11,95.0
12548,85.0,0,654,5.0,14.0,-10,95.0
12549,86.0,0,654,8.0,13.0,-9,95.0
12550,87.0,0,654,54.0,128.0,-8,95.0
12551,88.0,0,654,20.0,39.0,-7,95.0
12552,89.0,0,654,44.0,184.0,-6,95.0
12553,90.0,0,654,9.0,47.0,-5,95.0
12554,91.0,0,654,15.0,44.0,-4,95.0
12555,92.0,0,654,9.0,51.0,-3,95.0
12556,93.0,0,654,6.0,23.0,-2,95.0
12557,94.0,0,654,7.0,25.0,-1,95.0
12558,95.0,1,654,20.0,33.0,0,95.0
12559,96.0,1,654,4.0,19.0,1,95.0
12560,97.0,1,654,1.0,13.0,2,95.0
12561,98.0,1,654,3.0,12.0,3,95.0
12562,99.0,1,654,4.0,18.0,4,95.0
12563,100.0,1,654,4.0,17.0,5,95.0
12564,101.0,1,654,3.0,8.0,6,95.0
12565,102.0,1,654,3.0,25.0,7,95.0
12566,103.0,1,654,1.0,23.0,8,95.0
12567,104.0,1,654,4.0,29.0,9,95.0
12568,105.0,1,654,1.0,7.0,10,95.0
12569,106.0,1,654,2.0,11.0,11,95.0
12570,107.0,1,654,2.0,9.0,12,95.0
12571,108.0,1,654,4.0,7.0,13,95.0
12572,115.0,0,655,14.0,38.0,-14,129.0
12573,116.0,0,655,19.0,43.0,-13,129.0
12574,117.0,0,655,17.0,61.0,-12,129.0
12575,118.0,0,655,18.0,52.0,-11,129.0
12576,119.0,0,655,26.0,55.0,-10,129.0
12577,120.0,0,655,56.0,42.0,-9,129.0
12578,121.0,0,655,65.0,74.0,-8,129.0
12579,122.0,0,655,39.0,42.0,-7,129.0
12580,123.0,0,655,22.0,36.0,-6,129.0
12581,124.0,0,655,18.0,46.0,-5,129.0
12582,125.0,0,655,20.0,36.0,-4,129.0
12583,126.0,0,655,11.0,29.0,-3,129.0
12584,127.0,0,655,7.0,10.0,-2,129.0
12585,128.0,0,655,17.0,31.0,-1,129.0
12586,129.0,1,655,22.0,29.0,0,129.0
12587,130.0,1,655,18.0,17.0,1,129.0
12588,131.0,1,655,23.0,17.0,2,129.0
12589,132.0,1,655,43.0,13.0,3,129.0
12590,133.0,1,655,12.0,15.0,4,129.0
12591,134.0,1,655,3.0,15.0,5,129.0
12592,135.0,1,655,5.0,10.0,6,129.0
12593,136.0,1,655,26.0,43.0,7,129.0
12594,137.0,1,655,14.0,20.0,8,129.0
12595,138.0,1,655,8.0,13.0,9,129.0
12596,139.0,1,655,21.0,42.0,10,129.0
12597,140.0,1,655,36.0,57.0,11,129.0
12598,141.0,1,655,11.0,28.0,12,129.0
12599,142.0,1,655,20.0,33.0,13,129.0
12600,54.0,0,657,5.0,2.0,-14,68.0
12601,55.0,0,657,18.0,11.0,-13,68.0
12602,56.0,0,657,4.0,5.0,-12,68.0
12603,57.0,0,657,4.0,6.0,-11,68.0
12604,58.0,0,657,4.0,3.0,-10,68.0
12605,59.0,0,657,2.0,2.0,-9,68.0
12606,60.0,0,657,4.0,4.0,-8,68.0
12607,61.0,0,657,7.0,7.0,-7,68.0
12608,62.0,0,657,1.0,4.0,-6,68.0
12609,63.0,0,657,2.0,1.0,-5,68.0
12610,64.0,0,657,38.0,55.0,-4,68.0
12611,65.0,0,657,35.0,21.0,-3,68.0
12612,66.0,0,657,9.0,6.0,-2,68.0
12613,67.0,0,657,20.0,10.0,-1,68.0
12614,68.0,1,657,73.0,42.0,0,68.0
12615,69.0,1,657,4.0,7.0,1,68.0
12616,70.0,1,657,7.0,6.0,2,68.0
12617,71.0,1,657,5.0,4.0,3,68.0
12618,72.0,1,657,10.0,4.0,4,68.0
12619,73.0,1,657,2.0,4.0,5,68.0
12620,74.0,1,657,3.0,7.0,6,68.0
12621,75.0,1,657,0.0,0.0,7,68.0
12622,76.0,1,657,1.0,0.0,8,68.0
12623,77.0,1,657,1.0,0.0,9,68.0
12624,78.0,1,657,0.0,1.0,10,68.0
12625,79.0,1,657,1.0,2.0,11,68.0
12626,80.0,1,657,1.0,0.0,12,68.0
12627,81.0,1,657,3.0,1.0,13,68.0
12628,77.0,0,659,90.0,1001.0,-14,91.0
12629,78.0,0,659,56.0,823.0,-13,91.0
12630,79.0,0,659,150.0,1916.0,-12,91.0
12631,80.0,0,659,153.0,1547.0,-11,91.0
12632,81.0,0,659,76.0,1051.0,-10,91.0
12633,82.0,0,659,73.0,539.0,-9,91.0
12634,83.0,0,659,80.0,598.0,-8,91.0
12635,84.0,0,659,35.0,427.0,-7,91.0
12636,85.0,0,659,33.0,416.0,-6,91.0
12637,86.0,0,659,81.0,657.0,-5,91.0
12638,87.0,0,659,65.0,809.0,-4,91.0
12639,88.0,0,659,81.0,926.0,-3,91.0
12640,89.0,0,659,163.0,2607.0,-2,91.0
12641,90.0,0,659,160.0,2489.0,-1,91.0
12642,91.0,1,659,66.0,1809.0,0,91.0
12643,92.0,1,659,84.0,1668.0,1,91.0
12644,93.0,1,659,73.0,1857.0,2,91.0
12645,94.0,1,659,110.0,2453.0,3,91.0
12646,95.0,1,659,299.0,3082.0,4,91.0
12647,96.0,1,659,144.0,1711.0,5,91.0
12648,97.0,1,659,22.0,597.0,6,91.0
12649,98.0,1,659,26.0,629.0,7,91.0
12650,99.0,1,659,70.0,1119.0,8,91.0
12651,100.0,1,659,92.0,1605.0,9,91.0
12652,101.0,1,659,292.0,9863.0,10,91.0
12653,102.0,1,659,101.0,4131.0,11,91.0
12654,103.0,1,659,121.0,3597.0,12,91.0
12655,104.0,1,659,71.0,2625.0,13,91.0
12656,104.0,0,660,24.0,13.0,-14,118.0
12657,105.0,0,660,7.0,11.0,-13,118.0
12658,106.0,0,660,32.0,37.0,-12,118.0
12659,107.0,0,660,14.0,9.0,-11,118.0
12660,108.0,0,660,27.0,15.0,-10,118.0
12661,109.0,0,660,10.0,8.0,-9,118.0
12662,110.0,0,660,13.0,13.0,-8,118.0
12663,111.0,0,660,12.0,20.0,-7,118.0
12664,112.0,0,660,20.0,21.0,-6,118.0
12665,113.0,0,660,11.0,6.0,-5,118.0
12666,114.0,0,660,10.0,15.0,-4,118.0
12667,115.0,0,660,14.0,16.0,-3,118.0
12668,116.0,0,660,16.0,26.0,-2,118.0
12669,117.0,0,660,137.0,127.0,-1,118.0
12670,118.0,1,660,313.0,410.0,0,118.0
12671,119.0,1,660,74.0,83.0,1,118.0
12672,120.0,1,660,73.0,121.0,2,118.0
12673,121.0,1,660,64.0,53.0,3,118.0
12674,122.0,1,660,17.0,14.0,4,118.0
12675,123.0,1,660,12.0,23.0,5,118.0
12676,124.0,1,660,15.0,14.0,6,118.0
12677,125.0,1,660,7.0,18.0,7,118.0
12678,126.0,1,660,3.0,9.0,8,118.0
12679,127.0,1,660,15.0,15.0,9,118.0
12680,128.0,1,660,12.0,15.0,10,118.0
12681,129.0,1,660,28.0,55.0,11,118.0
12682,130.0,1,660,7.0,18.0,12,118.0
12683,131.0,1,660,6.0,5.0,13,118.0
12684,54.0,0,662,504.0,513.0,-14,68.0
12685,55.0,0,662,262.0,251.0,-13,68.0
12686,56.0,0,662,187.0,211.0,-12,68.0
12687,57.0,0,662,126.0,183.0,-11,68.0
12688,58.0,0,662,462.0,494.0,-10,68.0
12689,59.0,0,662,522.0,349.0,-9,68.0
12690,60.0,0,662,528.0,378.0,-8,68.0
12691,61.0,0,662,217.0,196.0,-7,68.0
12692,62.0,0,662,257.0,177.0,-6,68.0
12693,63.0,0,662,163.0,110.0,-5,68.0
12694,64.0,0,662,439.0,255.0,-4,68.0
12695,65.0,0,662,410.0,279.0,-3,68.0
12696,66.0,0,662,416.0,334.0,-2,68.0
12697,67.0,0,662,327.0,201.0,-1,68.0
12698,68.0,1,662,420.0,287.0,0,68.0
12699,69.0,1,662,151.0,159.0,1,68.0
12700,70.0,1,662,247.0,259.0,2,68.0
12701,71.0,1,662,82.0,129.0,3,68.0
12702,72.0,1,662,199.0,210.0,4,68.0
12703,73.0,1,662,75.0,124.0,5,68.0
12704,74.0,1,662,71.0,136.0,6,68.0
12705,75.0,1,662,93.0,82.0,7,68.0
12706,76.0,1,662,16.0,45.0,8,68.0
12707,77.0,1,662,25.0,46.0,9,68.0
12708,78.0,1,662,97.0,144.0,10,68.0
12709,79.0,1,662,44.0,99.0,11,68.0
12710,80.0,1,662,50.0,60.0,12,68.0
12711,81.0,1,662,42.0,63.0,13,68.0
12712,37.0,0,663,68.0,122.0,-14,51.0
12713,38.0,0,663,80.0,216.0,-13,51.0
12714,39.0,0,663,52.0,94.0,-12,51.0
12715,40.0,0,663,27.0,89.0,-11,51.0
12716,41.0,0,663,21.0,48.0,-10,51.0
12717,42.0,0,663,27.0,51.0,-9,51.0
12718,43.0,0,663,17.0,43.0,-8,51.0
12719,44.0,0,663,26.0,51.0,-7,51.0
12720,45.0,0,663,64.0,85.0,-6,51.0
12721,46.0,0,663,38.0,44.0,-5,51.0
12722,47.0,0,663,11.0,26.0,-4,51.0
12723,48.0,0,663,52.0,91.0,-3,51.0
12724,49.0,0,663,78.0,118.0,-2,51.0
12725,50.0,0,663,261.0,518.0,-1,51.0
12726,51.0,1,663,501.0,737.0,0,51.0
12727,52.0,1,663,303.0,564.0,1,51.0
12728,53.0,1,663,265.0,448.0,2,51.0
12729,54.0,1,663,166.0,322.0,3,51.0
12730,55.0,1,663,149.0,306.0,4,51.0
12731,56.0,1,663,59.0,95.0,5,51.0
12732,57.0,1,663,149.0,273.0,6,51.0
12733,58.0,1,663,214.0,342.0,7,51.0
12734,59.0,1,663,551.0,1108.0,8,51.0
12735,60.0,1,663,184.0,446.0,9,51.0
12736,61.0,1,663,48.0,98.0,10,51.0
12737,62.0,1,663,30.0,58.0,11,51.0
12738,63.0,1,663,17.0,25.0,12,51.0
12739,64.0,1,663,13.0,34.0,13,51.0
12740,-14.0,0,665,0.0,2.0,-14,0.0
12741,-13.0,0,665,0.0,0.0,-13,0.0
12742,-12.0,0,665,0.0,1.0,-12,0.0
12743,-11.0,0,665,0.0,0.0,-11,0.0
12744,-10.0,0,665,1.0,3.0,-10,0.0
12745,-9.0,0,665,0.0,0.0,-9,0.0
12746,-8.0,0,665,0.0,2.0,-8,0.0
12747,-7.0,0,665,0.0,0.0,-7,0.0
12748,-6.0,0,665,0.0,0.0,-6,0.0
12749,-5.0,0,665,0.0,0.0,-5,0.0
12750,-4.0,0,665,0.0,0.0,-4,0.0
12751,-3.0,0,665,0.0,1.0,-3,0.0
12752,-2.0,0,665,0.0,1.0,-2,0.0
12753,-1.0,0,665,0.0,0.0,-1,0.0
12754,0.0,1,665,1.0,2.0,0,0.0
12755,1.0,1,665,0.0,0.0,1,0.0
12756,2.0,1,665,0.0,0.0,2,0.0
12757,3.0,1,665,0.0,1.0,3,0.0
12758,4.0,1,665,0.0,0.0,4,0.0
12759,5.0,1,665,0.0,0.0,5,0.0
12760,6.0,1,665,0.0,0.0,6,0.0
12761,7.0,1,665,0.0,1.0,7,0.0
12762,8.0,1,665,0.0,0.0,8,0.0
12763,9.0,1,665,0.0,1.0,9,0.0
12764,10.0,1,665,0.0,2.0,10,0.0
12765,11.0,1,665,0.0,0.0,11,0.0
12766,12.0,1,665,0.0,1.0,12,0.0
12767,13.0,1,665,0.0,0.0,13,0.0
12768,53.0,0,670,158.0,658.0,-14,67.0
12769,54.0,0,670,149.0,546.0,-13,67.0
12770,55.0,0,670,70.0,429.0,-12,67.0
12771,56.0,0,670,328.0,757.0,-11,67.0
12772,57.0,0,670,108.0,596.0,-10,67.0
12773,58.0,0,670,256.0,732.0,-9,67.0
12774,59.0,0,670,105.0,439.0,-8,67.0
12775,60.0,0,670,33.0,171.0,-7,67.0
12776,61.0,0,670,44.0,240.0,-6,67.0
12777,62.0,0,670,124.0,432.0,-5,67.0
12778,63.0,0,670,60.0,195.0,-4,67.0
12779,64.0,0,670,73.0,299.0,-3,67.0
12780,65.0,0,670,206.0,455.0,-2,67.0
12781,66.0,0,670,140.0,271.0,-1,67.0
12782,67.0,1,670,168.0,452.0,0,67.0
12783,68.0,1,670,53.0,225.0,1,67.0
12784,69.0,1,670,288.0,502.0,2,67.0
12785,70.0,1,670,35.0,171.0,3,67.0
12786,71.0,1,670,519.0,742.0,4,67.0
12787,72.0,1,670,41.0,146.0,5,67.0
12788,73.0,1,670,53.0,140.0,6,67.0
12789,74.0,1,670,19.0,103.0,7,67.0
12790,75.0,1,670,29.0,121.0,8,67.0
12791,76.0,1,670,15.0,76.0,9,67.0
12792,77.0,1,670,87.0,179.0,10,67.0
12793,78.0,1,670,141.0,193.0,11,67.0
12794,79.0,1,670,78.0,163.0,12,67.0
12795,80.0,1,670,53.0,221.0,13,67.0
12796,87.0,0,671,1661.0,562.0,-14,101.0
12797,88.0,0,671,449.0,171.0,-13,101.0
12798,89.0,0,671,360.0,1602.0,-12,101.0
12799,90.0,0,671,102.0,281.0,-11,101.0
12800,91.0,0,671,368.0,258.0,-10,101.0
12801,92.0,0,671,39.0,54.0,-9,101.0
12802,93.0,0,671,1322.0,712.0,-8,101.0
12803,94.0,0,671,193.0,150.0,-7,101.0
12804,95.0,0,671,65.0,58.0,-6,101.0
12805,96.0,0,671,24.0,22.0,-5,101.0
12806,97.0,0,671,24.0,29.0,-4,101.0
12807,98.0,0,671,23.0,21.0,-3,101.0
12808,99.0,0,671,273.0,140.0,-2,101.0
12809,100.0,0,671,44.0,24.0,-1,101.0
12810,101.0,1,671,55.0,51.0,0,101.0
12811,102.0,1,671,21.0,34.0,1,101.0
12812,103.0,1,671,21.0,50.0,2,101.0
12813,104.0,1,671,28.0,50.0,3,101.0
12814,105.0,1,671,9.0,34.0,4,101.0
12815,106.0,1,671,5.0,24.0,5,101.0
12816,107.0,1,671,16.0,40.0,6,101.0
12817,108.0,1,671,290.0,283.0,7,101.0
12818,109.0,1,671,61.0,73.0,8,101.0
12819,110.0,1,671,12.0,34.0,9,101.0
12820,111.0,1,671,7.0,19.0,10,101.0
12821,112.0,1,671,9.0,19.0,11,101.0
12822,113.0,1,671,12.0,26.0,12,101.0
12823,114.0,1,671,11.0,22.0,13,101.0
12824,104.0,0,672,10.0,68.0,-14,118.0
12825,105.0,0,672,15.0,39.0,-13,118.0
12826,106.0,0,672,5.0,31.0,-12,118.0
12827,107.0,0,672,7.0,32.0,-11,118.0
12828,108.0,0,672,4.0,18.0,-10,118.0
12829,109.0,0,672,35.0,161.0,-9,118.0
12830,110.0,0,672,29.0,226.0,-8,118.0
12831,111.0,0,672,103.0,100.0,-7,118.0
12832,112.0,0,672,68.0,106.0,-6,118.0
12833,113.0,0,672,18.0,47.0,-5,118.0
12834,114.0,0,672,14.0,21.0,-4,118.0
12835,115.0,0,672,5.0,14.0,-3,118.0
12836,116.0,0,672,9.0,21.0,-2,118.0
12837,117.0,0,672,45.0,70.0,-1,118.0
12838,118.0,1,672,189.0,223.0,0,118.0
12839,119.0,1,672,54.0,94.0,1,118.0
12840,120.0,1,672,51.0,57.0,2,118.0
12841,121.0,1,672,22.0,41.0,3,118.0
12842,122.0,1,672,19.0,19.0,4,118.0
12843,123.0,1,672,18.0,64.0,5,118.0
12844,124.0,1,672,15.0,18.0,6,118.0
12845,125.0,1,672,15.0,63.0,7,118.0
12846,126.0,1,672,5.0,20.0,8,118.0
12847,127.0,1,672,49.0,105.0,9,118.0
12848,128.0,1,672,14.0,17.0,10,118.0
12849,129.0,1,672,8.0,13.0,11,118.0
12850,130.0,1,672,3.0,9.0,12,118.0
12851,131.0,1,672,9.0,17.0,13,118.0
12852,162.0,0,673,1.0,1.0,-14,176.0
12853,163.0,0,673,1.0,0.0,-13,176.0
12854,164.0,0,673,0.0,1.0,-12,176.0
12855,165.0,0,673,3.0,5.0,-11,176.0
12856,166.0,0,673,1.0,4.0,-10,176.0
12857,167.0,0,673,17.0,2.0,-9,176.0
12858,168.0,0,673,1.0,1.0,-8,176.0
12859,169.0,0,673,0.0,1.0,-7,176.0
12860,170.0,0,673,1.0,0.0,-6,176.0
12861,171.0,0,673,0.0,1.0,-5,176.0
12862,172.0,0,673,0.0,1.0,-4,176.0
12863,173.0,0,673,3.0,3.0,-3,176.0
12864,174.0,0,673,0.0,2.0,-2,176.0
12865,175.0,0,673,2.0,2.0,-1,176.0
12866,176.0,1,673,14.0,7.0,0,176.0
12867,177.0,1,673,2.0,0.0,1,176.0
12868,178.0,1,673,0.0,2.0,2,176.0
12869,179.0,1,673,1.0,2.0,3,176.0
12870,180.0,1,673,1.0,3.0,4,176.0
12871,181.0,1,673,1.0,2.0,5,176.0
12872,182.0,1,673,1.0,3.0,6,176.0
12873,183.0,1,673,0.0,0.0,7,176.0
12874,184.0,1,673,0.0,3.0,8,176.0
12875,185.0,1,673,1.0,0.0,9,176.0
12876,186.0,1,673,0.0,1.0,10,176.0
12877,187.0,1,673,2.0,1.0,11,176.0
12878,188.0,1,673,2.0,1.0,12,176.0
12879,189.0,1,673,0.0,0.0,13,176.0
12880,211.0,0,675,6.0,16.0,-14,225.0
12881,212.0,0,675,7.0,14.0,-13,225.0
12882,213.0,0,675,7.0,16.0,-12,225.0
12883,214.0,0,675,10.0,19.0,-11,225.0
12884,215.0,0,675,5.0,20.0,-10,225.0
12885,216.0,0,675,4.0,20.0,-9,225.0
12886,217.0,0,675,2.0,19.0,-8,225.0
12887,218.0,0,675,4.0,15.0,-7,225.0
12888,219.0,0,675,3.0,2.0,-6,225.0
12889,220.0,0,675,0.0,12.0,-5,225.0
12890,221.0,0,675,5.0,11.0,-4,225.0
12891,222.0,0,675,4.0,16.0,-3,225.0
12892,223.0,0,675,7.0,28.0,-2,225.0
12893,224.0,0,675,4.0,11.0,-1,225.0
12894,225.0,1,675,9.0,20.0,0,225.0
12895,226.0,1,675,5.0,23.0,1,225.0
12896,227.0,1,675,5.0,16.0,2,225.0
12897,228.0,1,675,4.0,30.0,3,225.0
12898,229.0,1,675,11.0,32.0,4,225.0
12899,230.0,1,675,6.0,24.0,5,225.0
12900,231.0,1,675,2.0,17.0,6,225.0
12901,232.0,1,675,5.0,13.0,7,225.0
12902,233.0,1,675,2.0,12.0,8,225.0
12903,234.0,1,675,5.0,11.0,9,225.0
12904,235.0,1,675,3.0,10.0,10,225.0
12905,236.0,1,675,6.0,33.0,11,225.0
12906,237.0,1,675,11.0,25.0,12,225.0
12907,238.0,1,675,4.0,12.0,13,225.0
12908,152.0,0,677,1059.0,3186.0,-14,166.0
12909,153.0,0,677,311.0,1089.0,-13,166.0
12910,154.0,0,677,110.0,245.0,-12,166.0
12911,155.0,0,677,87.0,230.0,-11,166.0
12912,156.0,0,677,201.0,287.0,-10,166.0
12913,157.0,0,677,36.0,80.0,-9,166.0
12914,158.0,0,677,14.0,39.0,-8,166.0
12915,159.0,0,677,53.0,110.0,-7,166.0
12916,160.0,0,677,30.0,52.0,-6,166.0
12917,161.0,0,677,10.0,40.0,-5,166.0
12918,162.0,0,677,8.0,18.0,-4,166.0
12919,163.0,0,677,15.0,41.0,-3,166.0
12920,164.0,0,677,2.0,22.0,-2,166.0
12921,165.0,0,677,49.0,196.0,-1,166.0
12922,166.0,1,677,64.0,161.0,0,166.0
12923,167.0,1,677,19.0,59.0,1,166.0
12924,168.0,1,677,117.0,206.0,2,166.0
12925,169.0,1,677,38.0,102.0,3,166.0
12926,170.0,1,677,16.0,41.0,4,166.0
12927,171.0,1,677,131.0,196.0,5,166.0
12928,172.0,1,677,43.0,66.0,6,166.0
12929,173.0,1,677,11.0,46.0,7,166.0
12930,174.0,1,677,19.0,57.0,8,166.0
12931,175.0,1,677,8.0,20.0,9,166.0
12932,176.0,1,677,7.0,53.0,10,166.0
12933,177.0,1,677,29.0,62.0,11,166.0
12934,178.0,1,677,14.0,23.0,12,166.0
12935,179.0,1,677,8.0,29.0,13,166.0
12936,234.0,0,678,0.0,0.0,-14,248.0
12937,235.0,0,678,0.0,0.0,-13,248.0
12938,236.0,0,678,0.0,0.0,-12,248.0
12939,237.0,0,678,0.0,0.0,-11,248.0
12940,238.0,0,678,0.0,0.0,-10,248.0
12941,239.0,0,678,0.0,0.0,-9,248.0
12942,240.0,0,678,0.0,0.0,-8,248.0
12943,241.0,0,678,0.0,0.0,-7,248.0
12944,242.0,0,678,0.0,0.0,-6,248.0
12945,243.0,0,678,0.0,0.0,-5,248.0
12946,244.0,0,678,0.0,0.0,-4,248.0
12947,245.0,0,678,0.0,0.0,-3,248.0
12948,246.0,0,678,0.0,0.0,-2,248.0
12949,247.0,0,678,0.0,0.0,-1,248.0
12950,248.0,1,678,5.0,3.0,0,248.0
12951,249.0,1,678,0.0,0.0,1,248.0
12952,250.0,1,678,1.0,0.0,2,248.0
12953,251.0,1,678,0.0,0.0,3,248.0
12954,252.0,1,678,0.0,0.0,4,248.0
12955,253.0,1,678,0.0,0.0,5,248.0
12956,254.0,1,678,0.0,0.0,6,248.0
12957,255.0,1,678,2.0,0.0,7,248.0
12958,256.0,1,678,0.0,0.0,8,248.0
12959,257.0,1,678,0.0,0.0,9,248.0
12960,258.0,1,678,0.0,0.0,10,248.0
12961,259.0,1,678,0.0,0.0,11,248.0
12962,260.0,1,678,1.0,0.0,12,248.0
12963,261.0,1,678,0.0,0.0,13,248.0
12964,30.0,0,679,184.0,1811.0,-14,44.0
12965,31.0,0,679,1581.0,9951.0,-13,44.0
12966,32.0,0,679,1708.0,15644.0,-12,44.0
12967,33.0,0,679,1600.0,32290.0,-11,44.0
12968,34.0,0,679,1266.0,20902.0,-10,44.0
12969,35.0,0,679,1215.0,15167.0,-9,44.0
12970,36.0,0,679,2183.0,24902.0,-8,44.0
12971,37.0,0,679,2129.0,27335.0,-7,44.0
12972,38.0,0,679,1534.0,19145.0,-6,44.0
12973,39.0,0,679,1442.0,16710.0,-5,44.0
12974,40.0,0,679,1269.0,10271.0,-4,44.0
12975,41.0,0,679,848.0,8969.0,-3,44.0
12976,42.0,0,679,778.0,8297.0,-2,44.0
12977,43.0,0,679,667.0,5332.0,-1,44.0
12978,44.0,1,679,848.0,9714.0,0,44.0
12979,45.0,1,679,644.0,9390.0,1,44.0
12980,46.0,1,679,427.0,10003.0,2,44.0
12981,47.0,1,679,323.0,6449.0,3,44.0
12982,48.0,1,679,235.0,5488.0,4,44.0
12983,49.0,1,679,254.0,4361.0,5,44.0
12984,50.0,1,679,153.0,3213.0,6,44.0
12985,51.0,1,679,202.0,4120.0,7,44.0
12986,52.0,1,679,682.0,15884.0,8,44.0
12987,53.0,1,679,355.0,7894.0,9,44.0
12988,54.0,1,679,144.0,5274.0,10,44.0
12989,55.0,1,679,178.0,6794.0,11,44.0
12990,56.0,1,679,113.0,3821.0,12,44.0
12991,57.0,1,679,91.0,2220.0,13,44.0
12992,138.0,0,680,5.0,6.0,-14,152.0
12993,139.0,0,680,9.0,6.0,-13,152.0
12994,140.0,0,680,3.0,4.0,-12,152.0
12995,141.0,0,680,43.0,39.0,-11,152.0
12996,142.0,0,680,44.0,37.0,-10,152.0
12997,143.0,0,680,22.0,16.0,-9,152.0
12998,144.0,0,680,24.0,21.0,-8,152.0
12999,145.0,0,680,8.0,10.0,-7,152.0
13000,146.0,0,680,21.0,21.0,-6,152.0
13001,147.0,0,680,18.0,21.0,-5,152.0
13002,148.0,0,680,16.0,17.0,-4,152.0
13003,149.0,0,680,15.0,12.0,-3,152.0
13004,150.0,0,680,18.0,25.0,-2,152.0
13005,151.0,0,680,25.0,33.0,-1,152.0
13006,152.0,1,680,30.0,36.0,0,152.0
13007,153.0,1,680,13.0,15.0,1,152.0
13008,154.0,1,680,11.0,18.0,2,152.0
13009,155.0,1,680,13.0,12.0,3,152.0
13010,156.0,1,680,24.0,36.0,4,152.0
13011,157.0,1,680,21.0,15.0,5,152.0
13012,158.0,1,680,24.0,21.0,6,152.0
13013,159.0,1,680,8.0,5.0,7,152.0
13014,160.0,1,680,18.0,21.0,8,152.0
13015,161.0,1,680,13.0,16.0,9,152.0
13016,162.0,1,680,6.0,4.0,10,152.0
13017,163.0,1,680,10.0,7.0,11,152.0
13018,164.0,1,680,20.0,11.0,12,152.0
13019,165.0,1,680,8.0,14.0,13,152.0
13020,57.0,0,681,0.0,1.0,-14,71.0
13021,58.0,0,681,2.0,0.0,-13,71.0
13022,59.0,0,681,0.0,1.0,-12,71.0
13023,60.0,0,681,1.0,0.0,-11,71.0
13024,61.0,0,681,1.0,3.0,-10,71.0
13025,62.0,0,681,1.0,2.0,-9,71.0
13026,63.0,0,681,0.0,3.0,-8,71.0
13027,64.0,0,681,12.0,6.0,-7,71.0
13028,65.0,0,681,0.0,1.0,-6,71.0
13029,66.0,0,681,2.0,5.0,-5,71.0
13030,67.0,0,681,0.0,0.0,-4,71.0
13031,68.0,0,681,0.0,0.0,-3,71.0
13032,69.0,0,681,1.0,0.0,-2,71.0
13033,70.0,0,681,2.0,3.0,-1,71.0
13034,71.0,1,681,35.0,17.0,0,71.0
13035,72.0,1,681,2.0,5.0,1,71.0
13036,73.0,1,681,2.0,3.0,2,71.0
13037,74.0,1,681,2.0,2.0,3,71.0
13038,75.0,1,681,1.0,1.0,4,71.0
13039,76.0,1,681,1.0,1.0,5,71.0
13040,77.0,1,681,2.0,0.0,6,71.0
13041,78.0,1,681,0.0,1.0,7,71.0
13042,79.0,1,681,1.0,3.0,8,71.0
13043,80.0,1,681,0.0,1.0,9,71.0
13044,81.0,1,681,0.0,0.0,10,71.0
13045,82.0,1,681,0.0,1.0,11,71.0
13046,83.0,1,681,0.0,0.0,12,71.0
13047,84.0,1,681,1.0,1.0,13,71.0
13048,45.0,0,683,2.0,4.0,-14,59.0
13049,46.0,0,683,0.0,3.0,-13,59.0
13050,47.0,0,683,1.0,3.0,-12,59.0
13051,48.0,0,683,2.0,3.0,-11,59.0
13052,49.0,0,683,3.0,9.0,-10,59.0
13053,50.0,0,683,28.0,33.0,-9,59.0
13054,51.0,0,683,85.0,119.0,-8,59.0
13055,52.0,0,683,99.0,203.0,-7,59.0
13056,53.0,0,683,261.0,382.0,-6,59.0
13057,54.0,0,683,164.0,317.0,-5,59.0
13058,55.0,0,683,120.0,171.0,-4,59.0
13059,56.0,0,683,72.0,100.0,-3,59.0
13060,57.0,0,683,65.0,141.0,-2,59.0
13061,58.0,0,683,254.0,404.0,-1,59.0
13062,59.0,1,683,1081.0,1566.0,0,59.0
13063,60.0,1,683,254.0,502.0,1,59.0
13064,61.0,1,683,51.0,122.0,2,59.0
13065,62.0,1,683,47.0,66.0,3,59.0
13066,63.0,1,683,49.0,62.0,4,59.0
13067,64.0,1,683,27.0,35.0,5,59.0
13068,65.0,1,683,31.0,46.0,6,59.0
13069,66.0,1,683,11.0,23.0,7,59.0
13070,67.0,1,683,7.0,27.0,8,59.0
13071,68.0,1,683,8.0,19.0,9,59.0
13072,69.0,1,683,3.0,15.0,10,59.0
13073,70.0,1,683,2.0,12.0,11,59.0
13074,71.0,1,683,1.0,7.0,12,59.0
13075,72.0,1,683,48.0,81.0,13,59.0
13076,169.0,0,684,2.0,6.0,-14,183.0
13077,170.0,0,684,1.0,7.0,-13,183.0
13078,171.0,0,684,0.0,10.0,-12,183.0
13079,172.0,0,684,2.0,15.0,-11,183.0
13080,173.0,0,684,2.0,13.0,-10,183.0
13081,174.0,0,684,2.0,10.0,-9,183.0
13082,175.0,0,684,0.0,9.0,-8,183.0
13083,176.0,0,684,2.0,4.0,-7,183.0
13084,177.0,0,684,3.0,8.0,-6,183.0
13085,178.0,0,684,4.0,6.0,-5,183.0
13086,179.0,0,684,2.0,13.0,-4,183.0
13087,180.0,0,684,0.0,5.0,-3,183.0
13088,181.0,0,684,2.0,12.0,-2,183.0
13089,182.0,0,684,4.0,15.0,-1,183.0
13090,183.0,1,684,52.0,33.0,0,183.0
13091,184.0,1,684,4.0,5.0,1,183.0
13092,185.0,1,684,4.0,3.0,2,183.0
13093,186.0,1,684,0.0,9.0,3,183.0
13094,187.0,1,684,4.0,7.0,4,183.0
13095,188.0,1,684,1.0,12.0,5,183.0
13096,189.0,1,684,0.0,10.0,6,183.0
13097,190.0,1,684,0.0,10.0,7,183.0
13098,191.0,1,684,0.0,7.0,8,183.0
13099,192.0,1,684,3.0,13.0,9,183.0
13100,193.0,1,684,3.0,16.0,10,183.0
13101,194.0,1,684,6.0,15.0,11,183.0
13102,195.0,1,684,1.0,6.0,12,183.0
13103,196.0,1,684,4.0,6.0,13,183.0
13104,146.0,0,685,130.0,131.0,-14,160.0
13105,147.0,0,685,198.0,167.0,-13,160.0
13106,148.0,0,685,309.0,267.0,-12,160.0
13107,149.0,0,685,64.0,78.0,-11,160.0
13108,150.0,0,685,33.0,31.0,-10,160.0
13109,151.0,0,685,343.0,261.0,-9,160.0
13110,152.0,0,685,93.0,105.0,-8,160.0
13111,153.0,0,685,44.0,43.0,-7,160.0
13112,154.0,0,685,40.0,38.0,-6,160.0
13113,155.0,0,685,47.0,45.0,-5,160.0
13114,156.0,0,685,45.0,42.0,-4,160.0
13115,157.0,0,685,66.0,86.0,-3,160.0
13116,158.0,0,685,82.0,66.0,-2,160.0
13117,159.0,0,685,65.0,69.0,-1,160.0
13118,160.0,1,685,130.0,78.0,0,160.0
13119,161.0,1,685,73.0,64.0,1,160.0
13120,162.0,1,685,45.0,52.0,2,160.0
13121,163.0,1,685,38.0,53.0,3,160.0
13122,164.0,1,685,59.0,64.0,4,160.0
13123,165.0,1,685,47.0,64.0,5,160.0
13124,166.0,1,685,103.0,96.0,6,160.0
13125,167.0,1,685,92.0,91.0,7,160.0
13126,168.0,1,685,80.0,75.0,8,160.0
13127,169.0,1,685,667.0,570.0,9,160.0
13128,170.0,1,685,373.0,340.0,10,160.0
13129,171.0,1,685,302.0,288.0,11,160.0
13130,172.0,1,685,70.0,82.0,12,160.0
13131,173.0,1,685,46.0,67.0,13,160.0
13132,183.0,0,686,2.0,7.0,-14,197.0
13133,184.0,0,686,1.0,3.0,-13,197.0
13134,185.0,0,686,1.0,0.0,-12,197.0
13135,186.0,0,686,12.0,3.0,-11,197.0
13136,187.0,0,686,112.0,34.0,-10,197.0
13137,188.0,0,686,105.0,61.0,-9,197.0
13138,189.0,0,686,32.0,26.0,-8,197.0
13139,190.0,0,686,8.0,11.0,-7,197.0
13140,191.0,0,686,4.0,7.0,-6,197.0
13141,192.0,0,686,12.0,4.0,-5,197.0
13142,193.0,0,686,10.0,6.0,-4,197.0
13143,194.0,0,686,6.0,3.0,-3,197.0
13144,195.0,0,686,9.0,3.0,-2,197.0
13145,196.0,0,686,141.0,88.0,-1,197.0
13146,197.0,1,686,61.0,38.0,0,197.0
13147,198.0,1,686,25.0,16.0,1,197.0
13148,199.0,1,686,61.0,29.0,2,197.0
13149,200.0,1,686,142.0,39.0,3,197.0
13150,201.0,1,686,7.0,9.0,4,197.0
13151,202.0,1,686,11.0,10.0,5,197.0
13152,203.0,1,686,7.0,8.0,6,197.0
13153,204.0,1,686,4.0,5.0,7,197.0
13154,205.0,1,686,2.0,3.0,8,197.0
13155,206.0,1,686,2.0,2.0,9,197.0
13156,207.0,1,686,88.0,45.0,10,197.0
13157,208.0,1,686,40.0,15.0,11,197.0
13158,209.0,1,686,2.0,8.0,12,197.0
13159,210.0,1,686,0.0,2.0,13,197.0
13160,7.0,0,690,18.0,121.0,-14,21.0
13161,8.0,0,690,19.0,202.0,-13,21.0
13162,9.0,0,690,11.0,99.0,-12,21.0
13163,10.0,0,690,16.0,123.0,-11,21.0
13164,11.0,0,690,4.0,121.0,-10,21.0
13165,12.0,0,690,4.0,73.0,-9,21.0
13166,13.0,0,690,3.0,33.0,-8,21.0
13167,14.0,0,690,1.0,13.0,-7,21.0
13168,15.0,0,690,2.0,14.0,-6,21.0
13169,16.0,0,690,1.0,5.0,-5,21.0
13170,17.0,0,690,1.0,24.0,-4,21.0
13171,18.0,0,690,14.0,87.0,-3,21.0
13172,19.0,0,690,2.0,33.0,-2,21.0
13173,20.0,0,690,19.0,96.0,-1,21.0
13174,21.0,1,690,3.0,47.0,0,21.0
13175,22.0,1,690,1.0,37.0,1,21.0
13176,23.0,1,690,2.0,17.0,2,21.0
13177,24.0,1,690,3.0,24.0,3,21.0
13178,25.0,1,690,4.0,65.0,4,21.0
13179,26.0,1,690,16.0,256.0,5,21.0
13180,27.0,1,690,17.0,601.0,6,21.0
13181,28.0,1,690,15.0,574.0,7,21.0
13182,29.0,1,690,21.0,580.0,8,21.0
13183,30.0,1,690,24.0,763.0,9,21.0
13184,31.0,1,690,63.0,2130.0,10,21.0
13185,32.0,1,690,71.0,4543.0,11,21.0
13186,33.0,1,690,27.0,2914.0,12,21.0
13187,34.0,1,690,13.0,1944.0,13,21.0
13188,93.0,0,691,6.0,8.0,-14,107.0
13189,94.0,0,691,25.0,7.0,-13,107.0
13190,95.0,0,691,12.0,6.0,-12,107.0
13191,96.0,0,691,5.0,2.0,-11,107.0
13192,97.0,0,691,0.0,4.0,-10,107.0
13193,98.0,0,691,2.0,3.0,-9,107.0
13194,99.0,0,691,3.0,3.0,-8,107.0
13195,100.0,0,691,4.0,5.0,-7,107.0
13196,101.0,0,691,2.0,6.0,-6,107.0
13197,102.0,0,691,6.0,5.0,-5,107.0
13198,103.0,0,691,10.0,13.0,-4,107.0
13199,104.0,0,691,33.0,9.0,-3,107.0
13200,105.0,0,691,13.0,6.0,-2,107.0
13201,106.0,0,691,5.0,5.0,-1,107.0
13202,107.0,1,691,22.0,22.0,0,107.0
13203,108.0,1,691,8.0,14.0,1,107.0
13204,109.0,1,691,4.0,5.0,2,107.0
13205,110.0,1,691,3.0,10.0,3,107.0
13206,111.0,1,691,32.0,17.0,4,107.0
13207,112.0,1,691,5.0,4.0,5,107.0
13208,113.0,1,691,4.0,5.0,6,107.0
13209,114.0,1,691,6.0,2.0,7,107.0
13210,115.0,1,691,1.0,7.0,8,107.0
13211,116.0,1,691,6.0,3.0,9,107.0
13212,117.0,1,691,1.0,4.0,10,107.0
13213,118.0,1,691,2.0,8.0,11,107.0
13214,119.0,1,691,4.0,7.0,12,107.0
13215,120.0,1,691,1.0,3.0,13,107.0
13216,78.0,0,692,31.0,42.0,-14,92.0
13217,79.0,0,692,65.0,104.0,-13,92.0
13218,80.0,0,692,27.0,51.0,-12,92.0
13219,81.0,0,692,27.0,28.0,-11,92.0
13220,82.0,0,692,17.0,8.0,-10,92.0
13221,83.0,0,692,17.0,16.0,-9,92.0
13222,84.0,0,692,21.0,37.0,-8,92.0
13223,85.0,0,692,14.0,28.0,-7,92.0
13224,86.0,0,692,15.0,23.0,-6,92.0
13225,87.0,0,692,32.0,51.0,-5,92.0
13226,88.0,0,692,45.0,86.0,-4,92.0
13227,89.0,0,692,20.0,23.0,-3,92.0
13228,90.0,0,692,6.0,24.0,-2,92.0
13229,91.0,0,692,22.0,36.0,-1,92.0
13230,92.0,1,692,34.0,42.0,0,92.0
13231,93.0,1,692,30.0,55.0,1,92.0
13232,94.0,1,692,12.0,27.0,2,92.0
13233,95.0,1,692,73.0,129.0,3,92.0
13234,96.0,1,692,18.0,43.0,4,92.0
13235,97.0,1,692,19.0,32.0,5,92.0
13236,98.0,1,692,13.0,30.0,6,92.0
13237,99.0,1,692,13.0,35.0,7,92.0
13238,100.0,1,692,24.0,50.0,8,92.0
13239,101.0,1,692,42.0,83.0,9,92.0
13240,102.0,1,692,17.0,41.0,10,92.0
13241,103.0,1,692,61.0,144.0,11,92.0
13242,104.0,1,692,59.0,172.0,12,92.0
13243,105.0,1,692,19.0,40.0,13,92.0
13244,234.0,0,693,15.0,46.0,-14,248.0
13245,235.0,0,693,9.0,41.0,-13,248.0
13246,236.0,0,693,37.0,201.0,-12,248.0
13247,237.0,0,693,51.0,260.0,-11,248.0
13248,238.0,0,693,27.0,133.0,-10,248.0
13249,239.0,0,693,64.0,293.0,-9,248.0
13250,240.0,0,693,41.0,118.0,-8,248.0
13251,241.0,0,693,30.0,102.0,-7,248.0
13252,242.0,0,693,51.0,214.0,-6,248.0
13253,243.0,0,693,112.0,431.0,-5,248.0
13254,244.0,0,693,90.0,490.0,-4,248.0
13255,245.0,0,693,71.0,290.0,-3,248.0
13256,246.0,0,693,267.0,1072.0,-2,248.0
13257,247.0,0,693,156.0,728.0,-1,248.0
13258,248.0,1,693,96.0,629.0,0,248.0
13259,249.0,1,693,26.0,240.0,1,248.0
13260,250.0,1,693,68.0,406.0,2,248.0
13261,251.0,1,693,123.0,600.0,3,248.0
13262,252.0,1,693,153.0,513.0,4,248.0
13263,253.0,1,693,21.0,92.0,5,248.0
13264,254.0,1,693,18.0,59.0,6,248.0
13265,255.0,1,693,14.0,61.0,7,248.0
13266,256.0,1,693,25.0,118.0,8,248.0
13267,257.0,1,693,36.0,204.0,9,248.0
13268,258.0,1,693,46.0,344.0,10,248.0
13269,259.0,1,693,41.0,329.0,11,248.0
13270,260.0,1,693,30.0,186.0,12,248.0
13271,261.0,1,693,30.0,80.0,13,248.0
13272,100.0,0,694,8.0,12.0,-14,114.0
13273,101.0,0,694,173.0,42.0,-13,114.0
13274,102.0,0,694,420.0,118.0,-12,114.0
13275,103.0,0,694,223.0,113.0,-11,114.0
13276,104.0,0,694,118.0,44.0,-10,114.0
13277,105.0,0,694,27.0,15.0,-9,114.0
13278,106.0,0,694,129.0,80.0,-8,114.0
13279,107.0,0,694,33.0,26.0,-7,114.0
13280,108.0,0,694,30.0,23.0,-6,114.0
13281,109.0,0,694,33.0,25.0,-5,114.0
13282,110.0,0,694,37.0,38.0,-4,114.0
13283,111.0,0,694,100.0,45.0,-3,114.0
13284,112.0,0,694,20.0,15.0,-2,114.0
13285,113.0,0,694,26.0,18.0,-1,114.0
13286,114.0,1,694,29.0,27.0,0,114.0
13287,115.0,1,694,36.0,56.0,1,114.0
13288,116.0,1,694,29.0,26.0,2,114.0
13289,117.0,1,694,43.0,48.0,3,114.0
13290,118.0,1,694,18.0,24.0,4,114.0
13291,119.0,1,694,26.0,38.0,5,114.0
13292,120.0,1,694,19.0,25.0,6,114.0
13293,121.0,1,694,18.0,21.0,7,114.0
13294,122.0,1,694,738.0,253.0,8,114.0
13295,123.0,1,694,184.0,76.0,9,114.0
13296,124.0,1,694,31.0,36.0,10,114.0
13297,125.0,1,694,41.0,32.0,11,114.0
13298,126.0,1,694,16.0,21.0,12,114.0
13299,127.0,1,694,6.0,17.0,13,114.0
13300,126.0,0,698,37.0,40.0,-14,140.0
13301,127.0,0,698,58.0,61.0,-13,140.0
13302,128.0,0,698,98.0,103.0,-12,140.0
13303,129.0,0,698,219.0,191.0,-11,140.0
13304,130.0,0,698,76.0,63.0,-10,140.0
13305,131.0,0,698,65.0,77.0,-9,140.0
13306,132.0,0,698,168.0,126.0,-8,140.0
13307,133.0,0,698,35.0,41.0,-7,140.0
13308,134.0,0,698,73.0,66.0,-6,140.0
13309,135.0,0,698,58.0,79.0,-5,140.0
13310,136.0,0,698,49.0,58.0,-4,140.0
13311,137.0,0,698,26.0,38.0,-3,140.0
13312,138.0,0,698,37.0,54.0,-2,140.0
13313,139.0,0,698,364.0,358.0,-1,140.0
13314,140.0,1,698,167.0,132.0,0,140.0
13315,141.0,1,698,107.0,120.0,1,140.0
13316,142.0,1,698,61.0,67.0,2,140.0
13317,143.0,1,698,117.0,104.0,3,140.0
13318,144.0,1,698,92.0,107.0,4,140.0
13319,145.0,1,698,73.0,87.0,5,140.0
13320,146.0,1,698,98.0,99.0,6,140.0
13321,147.0,1,698,55.0,70.0,7,140.0
13322,148.0,1,698,55.0,77.0,8,140.0
13323,149.0,1,698,129.0,170.0,9,140.0
13324,150.0,1,698,72.0,121.0,10,140.0
13325,151.0,1,698,317.0,422.0,11,140.0
13326,152.0,1,698,150.0,200.0,12,140.0
13327,153.0,1,698,104.0,209.0,13,140.0
13328,28.0,0,699,0.0,0.0,-14,42.0
13329,29.0,0,699,11.0,75.0,-13,42.0
13330,30.0,0,699,22.0,91.0,-12,42.0
13331,31.0,0,699,103.0,243.0,-11,42.0
13332,32.0,0,699,821.0,2552.0,-10,42.0
13333,33.0,0,699,487.0,1850.0,-9,42.0
13334,34.0,0,699,661.0,2899.0,-8,42.0
13335,35.0,0,699,1059.0,4390.0,-7,42.0
13336,36.0,0,699,1266.0,3879.0,-6,42.0
13337,37.0,0,699,1284.0,3009.0,-5,42.0
13338,38.0,0,699,1039.0,2210.0,-4,42.0
13339,39.0,0,699,923.0,2077.0,-3,42.0
13340,40.0,0,699,1162.0,2029.0,-2,42.0
13341,41.0,0,699,880.0,1763.0,-1,42.0
13342,42.0,1,699,1220.0,2562.0,0,42.0
13343,43.0,1,699,1176.0,2220.0,1,42.0
13344,44.0,1,699,528.0,1459.0,2,42.0
13345,45.0,1,699,1668.0,4036.0,3,42.0
13346,46.0,1,699,269.0,961.0,4,42.0
13347,47.0,1,699,184.0,624.0,5,42.0
13348,48.0,1,699,187.0,653.0,6,42.0
13349,49.0,1,699,76.0,359.0,7,42.0
13350,50.0,1,699,64.0,314.0,8,42.0
13351,51.0,1,699,120.0,691.0,9,42.0
13352,52.0,1,699,115.0,477.0,10,42.0
13353,53.0,1,699,565.0,1638.0,11,42.0
13354,54.0,1,699,143.0,644.0,12,42.0
13355,55.0,1,699,246.0,947.0,13,42.0
13356,95.0,0,700,0.0,0.0,-14,109.0
13357,96.0,0,700,0.0,0.0,-13,109.0
13358,97.0,0,700,0.0,0.0,-12,109.0
13359,98.0,0,700,0.0,0.0,-11,109.0
13360,99.0,0,700,0.0,0.0,-10,109.0
13361,100.0,0,700,0.0,0.0,-9,109.0
13362,101.0,0,700,0.0,0.0,-8,109.0
13363,102.0,0,700,0.0,0.0,-7,109.0
13364,103.0,0,700,0.0,0.0,-6,109.0
13365,104.0,0,700,0.0,0.0,-5,109.0
13366,105.0,0,700,0.0,0.0,-4,109.0
13367,106.0,0,700,0.0,0.0,-3,109.0
13368,107.0,0,700,0.0,0.0,-2,109.0
13369,108.0,0,700,365.0,873.0,-1,109.0
13370,109.0,1,700,1643.0,1920.0,0,109.0
13371,110.0,1,700,283.0,614.0,1,109.0
13372,111.0,1,700,78.0,185.0,2,109.0
13373,112.0,1,700,156.0,196.0,3,109.0
13374,113.0,1,700,114.0,139.0,4,109.0
13375,114.0,1,700,56.0,121.0,5,109.0
13376,115.0,1,700,175.0,352.0,6,109.0
13377,116.0,1,700,1257.0,2437.0,7,109.0
13378,117.0,1,700,135.0,368.0,8,109.0
13379,118.0,1,700,59.0,144.0,9,109.0
13380,119.0,1,700,37.0,119.0,10,109.0
13381,120.0,1,700,452.0,1033.0,11,109.0
13382,121.0,1,700,65.0,197.0,12,109.0
13383,122.0,1,700,136.0,295.0,13,109.0
13384,40.0,0,701,82.0,271.0,-14,54.0
13385,41.0,0,701,78.0,247.0,-13,54.0
13386,42.0,0,701,64.0,146.0,-12,54.0
13387,43.0,0,701,93.0,175.0,-11,54.0
13388,44.0,0,701,43.0,120.0,-10,54.0
13389,45.0,0,701,57.0,320.0,-9,54.0
13390,46.0,0,701,94.0,212.0,-8,54.0
13391,47.0,0,701,89.0,228.0,-7,54.0
13392,48.0,0,701,79.0,182.0,-6,54.0
13393,49.0,0,701,29.0,81.0,-5,54.0
13394,50.0,0,701,31.0,64.0,-4,54.0
13395,51.0,0,701,143.0,211.0,-3,54.0
13396,52.0,0,701,69.0,122.0,-2,54.0
13397,53.0,0,701,89.0,221.0,-1,54.0
13398,54.0,1,701,386.0,375.0,0,54.0
13399,55.0,1,701,111.0,161.0,1,54.0
13400,56.0,1,701,59.0,157.0,2,54.0
13401,57.0,1,701,51.0,108.0,3,54.0
13402,58.0,1,701,36.0,97.0,4,54.0
13403,59.0,1,701,66.0,120.0,5,54.0
13404,60.0,1,701,20.0,41.0,6,54.0
13405,61.0,1,701,19.0,38.0,7,54.0
13406,62.0,1,701,29.0,42.0,8,54.0
13407,63.0,1,701,17.0,42.0,9,54.0
13408,64.0,1,701,14.0,24.0,10,54.0
13409,65.0,1,701,7.0,18.0,11,54.0
13410,66.0,1,701,7.0,21.0,12,54.0
13411,67.0,1,701,15.0,43.0,13,54.0
13412,29.0,0,703,17.0,222.0,-14,43.0
13413,30.0,0,703,16.0,153.0,-13,43.0
13414,31.0,0,703,115.0,397.0,-12,43.0
13415,32.0,0,703,812.0,4084.0,-11,43.0
13416,33.0,0,703,694.0,3653.0,-10,43.0
13417,34.0,0,703,328.0,1522.0,-9,43.0
13418,35.0,0,703,210.0,921.0,-8,43.0
13419,36.0,0,703,185.0,572.0,-7,43.0
13420,37.0,0,703,279.0,506.0,-6,43.0
13421,38.0,0,703,188.0,418.0,-5,43.0
13422,39.0,0,703,225.0,633.0,-4,43.0
13423,40.0,0,703,153.0,479.0,-3,43.0
13424,41.0,0,703,223.0,393.0,-2,43.0
13425,42.0,0,703,328.0,893.0,-1,43.0
13426,43.0,1,703,199.0,360.0,0,43.0
13427,44.0,1,703,150.0,384.0,1,43.0
13428,45.0,1,703,109.0,286.0,2,43.0
13429,46.0,1,703,80.0,180.0,3,43.0
13430,47.0,1,703,40.0,132.0,4,43.0
13431,48.0,1,703,58.0,193.0,5,43.0
13432,49.0,1,703,19.0,86.0,6,43.0
13433,50.0,1,703,20.0,76.0,7,43.0
13434,51.0,1,703,22.0,59.0,8,43.0
13435,52.0,1,703,15.0,79.0,9,43.0
13436,53.0,1,703,31.0,112.0,10,43.0
13437,54.0,1,703,346.0,1068.0,11,43.0
13438,55.0,1,703,279.0,817.0,12,43.0
13439,56.0,1,703,59.0,187.0,13,43.0
13440,53.0,0,704,0.0,5.0,-14,67.0
13441,54.0,0,704,4.0,5.0,-13,67.0
13442,55.0,0,704,1.0,2.0,-12,67.0
13443,56.0,0,704,0.0,0.0,-11,67.0
13444,57.0,0,704,1.0,0.0,-10,67.0
13445,58.0,0,704,2.0,3.0,-9,67.0
13446,59.0,0,704,1.0,1.0,-8,67.0
13447,60.0,0,704,0.0,4.0,-7,67.0
13448,61.0,0,704,1.0,0.0,-6,67.0
13449,62.0,0,704,1.0,1.0,-5,67.0
13450,63.0,0,704,1.0,2.0,-4,67.0
13451,64.0,0,704,0.0,0.0,-3,67.0
13452,65.0,0,704,0.0,2.0,-2,67.0
13453,66.0,0,704,0.0,1.0,-1,67.0
13454,67.0,1,704,23.0,11.0,0,67.0
13455,68.0,1,704,1.0,0.0,1,67.0
13456,69.0,1,704,1.0,0.0,2,67.0
13457,70.0,1,704,2.0,2.0,3,67.0
13458,71.0,1,704,0.0,1.0,4,67.0
13459,72.0,1,704,0.0,0.0,5,67.0
13460,73.0,1,704,1.0,3.0,6,67.0
13461,74.0,1,704,0.0,0.0,7,67.0
13462,75.0,1,704,0.0,1.0,8,67.0
13463,76.0,1,704,1.0,0.0,9,67.0
13464,77.0,1,704,0.0,0.0,10,67.0
13465,78.0,1,704,1.0,1.0,11,67.0
13466,79.0,1,704,5.0,0.0,12,67.0
13467,80.0,1,704,7.0,1.0,13,67.0
13468,234.0,0,705,9.0,10.0,-14,248.0
13469,235.0,0,705,4.0,10.0,-13,248.0
13470,236.0,0,705,4.0,7.0,-12,248.0
13471,237.0,0,705,1.0,13.0,-11,248.0
13472,238.0,0,705,5.0,18.0,-10,248.0
13473,239.0,0,705,4.0,8.0,-9,248.0
13474,240.0,0,705,5.0,7.0,-8,248.0
13475,241.0,0,705,21.0,17.0,-7,248.0
13476,242.0,0,705,11.0,7.0,-6,248.0
13477,243.0,0,705,8.0,14.0,-5,248.0
13478,244.0,0,705,3.0,6.0,-4,248.0
13479,245.0,0,705,14.0,30.0,-3,248.0
13480,246.0,0,705,11.0,13.0,-2,248.0
13481,247.0,0,705,452.0,598.0,-1,248.0
13482,248.0,1,705,380.0,327.0,0,248.0
13483,249.0,1,705,14.0,21.0,1,248.0
13484,250.0,1,705,4.0,20.0,2,248.0
13485,251.0,1,705,20.0,34.0,3,248.0
13486,252.0,1,705,6.0,29.0,4,248.0
13487,253.0,1,705,10.0,9.0,5,248.0
13488,254.0,1,705,3.0,12.0,6,248.0
13489,255.0,1,705,7.0,29.0,7,248.0
13490,256.0,1,705,1.0,8.0,8,248.0
13491,257.0,1,705,7.0,7.0,9,248.0
13492,258.0,1,705,2.0,10.0,10,248.0
13493,259.0,1,705,5.0,18.0,11,248.0
13494,260.0,1,705,9.0,17.0,12,248.0
13495,261.0,1,705,12.0,20.0,13,248.0
13496,79.0,0,707,15.0,14.0,-14,93.0
13497,80.0,0,707,29.0,18.0,-13,93.0
13498,81.0,0,707,12.0,14.0,-12,93.0
13499,82.0,0,707,13.0,7.0,-11,93.0
13500,83.0,0,707,13.0,11.0,-10,93.0
13501,84.0,0,707,16.0,15.0,-9,93.0
13502,85.0,0,707,63.0,138.0,-8,93.0
13503,86.0,0,707,17.0,29.0,-7,93.0
13504,87.0,0,707,19.0,5.0,-6,93.0
13505,88.0,0,707,12.0,15.0,-5,93.0
13506,89.0,0,707,34.0,51.0,-4,93.0
13507,90.0,0,707,25.0,57.0,-3,93.0
13508,91.0,0,707,78.0,52.0,-2,93.0
13509,92.0,0,707,471.0,357.0,-1,93.0
13510,93.0,1,707,203.0,159.0,0,93.0
13511,94.0,1,707,42.0,59.0,1,93.0
13512,95.0,1,707,17.0,28.0,2,93.0
13513,96.0,1,707,40.0,96.0,3,93.0
13514,97.0,1,707,16.0,52.0,4,93.0
13515,98.0,1,707,28.0,52.0,5,93.0
13516,99.0,1,707,49.0,83.0,6,93.0
13517,100.0,1,707,111.0,172.0,7,93.0
13518,101.0,1,707,17.0,69.0,8,93.0
13519,102.0,1,707,27.0,80.0,9,93.0
13520,103.0,1,707,16.0,83.0,10,93.0
13521,104.0,1,707,13.0,141.0,11,93.0
13522,105.0,1,707,10.0,61.0,12,93.0
13523,106.0,1,707,8.0,31.0,13,93.0
13524,121.0,0,708,157.0,147.0,-14,135.0
13525,122.0,0,708,37.0,56.0,-13,135.0
13526,123.0,0,708,29.0,27.0,-12,135.0
13527,124.0,0,708,27.0,30.0,-11,135.0
13528,125.0,0,708,28.0,27.0,-10,135.0
13529,126.0,0,708,29.0,39.0,-9,135.0
13530,127.0,0,708,31.0,26.0,-8,135.0
13531,128.0,0,708,50.0,41.0,-7,135.0
13532,129.0,0,708,30.0,31.0,-6,135.0
13533,130.0,0,708,28.0,26.0,-5,135.0
13534,131.0,0,708,20.0,14.0,-4,135.0
13535,132.0,0,708,33.0,47.0,-3,135.0
13536,133.0,0,708,35.0,50.0,-2,135.0
13537,134.0,0,708,36.0,35.0,-1,135.0
13538,135.0,1,708,102.0,139.0,0,135.0
13539,136.0,1,708,22.0,33.0,1,135.0
13540,137.0,1,708,23.0,25.0,2,135.0
13541,138.0,1,708,12.0,18.0,3,135.0
13542,139.0,1,708,40.0,65.0,4,135.0
13543,140.0,1,708,53.0,54.0,5,135.0
13544,141.0,1,708,25.0,33.0,6,135.0
13545,142.0,1,708,23.0,38.0,7,135.0
13546,143.0,1,708,28.0,37.0,8,135.0
13547,144.0,1,708,18.0,33.0,9,135.0
13548,145.0,1,708,5.0,19.0,10,135.0
13549,146.0,1,708,11.0,18.0,11,135.0
13550,147.0,1,708,26.0,39.0,12,135.0
13551,148.0,1,708,54.0,79.0,13,135.0
13552,178.0,0,710,0.0,0.0,-14,192.0
13553,179.0,0,710,0.0,0.0,-13,192.0
13554,180.0,0,710,0.0,0.0,-12,192.0
13555,181.0,0,710,0.0,0.0,-11,192.0
13556,182.0,0,710,0.0,1.0,-10,192.0
13557,183.0,0,710,1.0,0.0,-9,192.0
13558,184.0,0,710,0.0,0.0,-8,192.0
13559,185.0,0,710,0.0,0.0,-7,192.0
13560,186.0,0,710,0.0,0.0,-6,192.0
13561,187.0,0,710,0.0,0.0,-5,192.0
13562,188.0,0,710,0.0,0.0,-4,192.0
13563,189.0,0,710,0.0,0.0,-3,192.0
13564,190.0,0,710,0.0,0.0,-2,192.0
13565,191.0,0,710,0.0,0.0,-1,192.0
13566,192.0,1,710,7.0,1.0,0,192.0
13567,193.0,1,710,1.0,0.0,1,192.0
13568,194.0,1,710,0.0,0.0,2,192.0
13569,195.0,1,710,0.0,0.0,3,192.0
13570,196.0,1,710,1.0,0.0,4,192.0
13571,197.0,1,710,1.0,0.0,5,192.0
13572,198.0,1,710,0.0,0.0,6,192.0
13573,199.0,1,710,0.0,0.0,7,192.0
13574,200.0,1,710,0.0,0.0,8,192.0
13575,201.0,1,710,0.0,0.0,9,192.0
13576,202.0,1,710,0.0,0.0,10,192.0
13577,203.0,1,710,0.0,0.0,11,192.0
13578,204.0,1,710,0.0,0.0,12,192.0
13579,205.0,1,710,0.0,1.0,13,192.0
13580,89.0,0,712,61.0,166.0,-14,103.0
13581,90.0,0,712,71.0,204.0,-13,103.0
13582,91.0,0,712,46.0,138.0,-12,103.0
13583,92.0,0,712,988.0,762.0,-11,103.0
13584,93.0,0,712,715.0,863.0,-10,103.0
13585,94.0,0,712,226.0,312.0,-9,103.0
13586,95.0,0,712,95.0,226.0,-8,103.0
13587,96.0,0,712,113.0,307.0,-7,103.0
13588,97.0,0,712,65.0,128.0,-6,103.0
13589,98.0,0,712,77.0,156.0,-5,103.0
13590,99.0,0,712,179.0,413.0,-4,103.0
13591,100.0,0,712,70.0,159.0,-3,103.0
13592,101.0,0,712,236.0,754.0,-2,103.0
13593,102.0,0,712,172.0,681.0,-1,103.0
13594,103.0,1,712,402.0,850.0,0,103.0
13595,104.0,1,712,125.0,709.0,1,103.0
13596,105.0,1,712,59.0,563.0,2,103.0
13597,106.0,1,712,45.0,434.0,3,103.0
13598,107.0,1,712,64.0,522.0,4,103.0
13599,108.0,1,712,84.0,555.0,5,103.0
13600,109.0,1,712,74.0,525.0,6,103.0
13601,110.0,1,712,57.0,395.0,7,103.0
13602,111.0,1,712,142.0,561.0,8,103.0
13603,112.0,1,712,34.0,248.0,9,103.0
13604,113.0,1,712,30.0,229.0,10,103.0
13605,114.0,1,712,43.0,329.0,11,103.0
13606,115.0,1,712,227.0,1149.0,12,103.0
13607,116.0,1,712,158.0,1159.0,13,103.0
13608,167.0,0,713,40.0,76.0,-14,181.0
13609,168.0,0,713,27.0,56.0,-13,181.0
13610,169.0,0,713,56.0,93.0,-12,181.0
13611,170.0,0,713,31.0,37.0,-11,181.0
13612,171.0,0,713,56.0,65.0,-10,181.0
13613,172.0,0,713,23.0,49.0,-9,181.0
13614,173.0,0,713,24.0,65.0,-8,181.0
13615,174.0,0,713,191.0,326.0,-7,181.0
13616,175.0,0,713,52.0,113.0,-6,181.0
13617,176.0,0,713,101.0,146.0,-5,181.0
13618,177.0,0,713,76.0,122.0,-4,181.0
13619,178.0,0,713,392.0,654.0,-3,181.0
13620,179.0,0,713,140.0,238.0,-2,181.0
13621,180.0,0,713,219.0,269.0,-1,181.0
13622,181.0,1,713,247.0,355.0,0,181.0
13623,182.0,1,713,48.0,117.0,1,181.0
13624,183.0,1,713,55.0,54.0,2,181.0
13625,184.0,1,713,516.0,719.0,3,181.0
13626,185.0,1,713,236.0,424.0,4,181.0
13627,186.0,1,713,110.0,172.0,5,181.0
13628,187.0,1,713,36.0,71.0,6,181.0
13629,188.0,1,713,183.0,216.0,7,181.0
13630,189.0,1,713,42.0,49.0,8,181.0
13631,190.0,1,713,19.0,25.0,9,181.0
13632,191.0,1,713,8.0,28.0,10,181.0
13633,192.0,1,713,53.0,77.0,11,181.0
13634,193.0,1,713,43.0,77.0,12,181.0
13635,194.0,1,713,30.0,50.0,13,181.0
13636,161.0,0,714,1.0,11.0,-14,175.0
13637,162.0,0,714,1.0,10.0,-13,175.0
13638,163.0,0,714,0.0,5.0,-12,175.0
13639,164.0,0,714,0.0,2.0,-11,175.0
13640,165.0,0,714,21.0,14.0,-10,175.0
13641,166.0,0,714,4.0,10.0,-9,175.0
13642,167.0,0,714,1.0,6.0,-8,175.0
13643,168.0,0,714,108.0,82.0,-7,175.0
13644,169.0,0,714,63.0,52.0,-6,175.0
13645,170.0,0,714,4.0,9.0,-5,175.0
13646,171.0,0,714,2.0,12.0,-4,175.0
13647,172.0,0,714,3.0,4.0,-3,175.0
13648,173.0,0,714,7.0,15.0,-2,175.0
13649,174.0,0,714,185.0,100.0,-1,175.0
13650,175.0,1,714,92.0,113.0,0,175.0
13651,176.0,1,714,29.0,23.0,1,175.0
13652,177.0,1,714,6.0,8.0,2,175.0
13653,178.0,1,714,4.0,6.0,3,175.0
13654,179.0,1,714,2.0,7.0,4,175.0
13655,180.0,1,714,4.0,8.0,5,175.0
13656,181.0,1,714,6.0,9.0,6,175.0
13657,182.0,1,714,1.0,2.0,7,175.0
13658,183.0,1,714,3.0,6.0,8,175.0
13659,184.0,1,714,0.0,5.0,9,175.0
13660,185.0,1,714,5.0,23.0,10,175.0
13661,186.0,1,714,2.0,5.0,11,175.0
13662,187.0,1,714,1.0,8.0,12,175.0
13663,188.0,1,714,0.0,6.0,13,175.0
13664,100.0,0,715,21.0,61.0,-14,114.0
13665,101.0,0,715,26.0,85.0,-13,114.0
13666,102.0,0,715,45.0,123.0,-12,114.0
13667,103.0,0,715,37.0,113.0,-11,114.0
13668,104.0,0,715,33.0,89.0,-10,114.0
13669,105.0,0,715,24.0,97.0,-9,114.0
13670,106.0,0,715,811.0,332.0,-8,114.0
13671,107.0,0,715,109.0,122.0,-7,114.0
13672,108.0,0,715,52.0,118.0,-6,114.0
13673,109.0,0,715,30.0,69.0,-5,114.0
13674,110.0,0,715,27.0,52.0,-4,114.0
13675,111.0,0,715,35.0,33.0,-3,114.0
13676,112.0,0,715,97.0,124.0,-2,114.0
13677,113.0,0,715,424.0,578.0,-1,114.0
13678,114.0,1,715,657.0,619.0,0,114.0
13679,115.0,1,715,1817.0,2926.0,1,114.0
13680,116.0,1,715,347.0,639.0,2,114.0
13681,117.0,1,715,429.0,834.0,3,114.0
13682,118.0,1,715,135.0,269.0,4,114.0
13683,119.0,1,715,309.0,455.0,5,114.0
13684,120.0,1,715,396.0,666.0,6,114.0
13685,121.0,1,715,578.0,900.0,7,114.0
13686,122.0,1,715,305.0,328.0,8,114.0
13687,123.0,1,715,49.0,128.0,9,114.0
13688,124.0,1,715,64.0,134.0,10,114.0
13689,125.0,1,715,89.0,205.0,11,114.0
13690,126.0,1,715,560.0,779.0,12,114.0
13691,127.0,1,715,258.0,478.0,13,114.0
13692,131.0,0,717,217.0,182.0,-14,145.0
13693,132.0,0,717,119.0,122.0,-13,145.0
13694,133.0,0,717,34.0,46.0,-12,145.0
13695,134.0,0,717,12.0,16.0,-11,145.0
13696,135.0,0,717,32.0,38.0,-10,145.0
13697,136.0,0,717,69.0,47.0,-9,145.0
13698,137.0,0,717,18.0,20.0,-8,145.0
13699,138.0,0,717,8.0,37.0,-7,145.0
13700,139.0,0,717,6.0,19.0,-6,145.0
13701,140.0,0,717,12.0,20.0,-5,145.0
13702,141.0,0,717,27.0,29.0,-4,145.0
13703,142.0,0,717,23.0,38.0,-3,145.0
13704,143.0,0,717,34.0,65.0,-2,145.0
13705,144.0,0,717,28.0,39.0,-1,145.0
13706,145.0,1,717,1209.0,864.0,0,145.0
13707,146.0,1,717,28.0,50.0,1,145.0
13708,147.0,1,717,45.0,36.0,2,145.0
13709,148.0,1,717,276.0,146.0,3,145.0
13710,149.0,1,717,77.0,76.0,4,145.0
13711,150.0,1,717,84.0,107.0,5,145.0
13712,151.0,1,717,21.0,47.0,6,145.0
13713,152.0,1,717,46.0,69.0,7,145.0
13714,153.0,1,717,31.0,35.0,8,145.0
13715,154.0,1,717,61.0,50.0,9,145.0
13716,155.0,1,717,16.0,30.0,10,145.0
13717,156.0,1,717,5.0,19.0,11,145.0
13718,157.0,1,717,16.0,26.0,12,145.0
13719,158.0,1,717,6.0,15.0,13,145.0
13720,65.0,0,718,95.0,119.0,-14,79.0
13721,66.0,0,718,100.0,132.0,-13,79.0
13722,67.0,0,718,142.0,168.0,-12,79.0
13723,68.0,0,718,75.0,81.0,-11,79.0
13724,69.0,0,718,61.0,88.0,-10,79.0
13725,70.0,0,718,33.0,67.0,-9,79.0
13726,71.0,0,718,49.0,59.0,-8,79.0
13727,72.0,0,718,53.0,42.0,-7,79.0
13728,73.0,0,718,64.0,56.0,-6,79.0
13729,74.0,0,718,33.0,43.0,-5,79.0
13730,75.0,0,718,66.0,71.0,-4,79.0
13731,76.0,0,718,37.0,31.0,-3,79.0
13732,77.0,0,718,24.0,28.0,-2,79.0
13733,78.0,0,718,57.0,56.0,-1,79.0
13734,79.0,1,718,58.0,71.0,0,79.0
13735,80.0,1,718,50.0,64.0,1,79.0
13736,81.0,1,718,31.0,58.0,2,79.0
13737,82.0,1,718,74.0,71.0,3,79.0
13738,83.0,1,718,70.0,115.0,4,79.0
13739,84.0,1,718,81.0,103.0,5,79.0
13740,85.0,1,718,31.0,48.0,6,79.0
13741,86.0,1,718,79.0,124.0,7,79.0
13742,87.0,1,718,116.0,146.0,8,79.0
13743,88.0,1,718,236.0,410.0,9,79.0
13744,89.0,1,718,216.0,326.0,10,79.0
13745,90.0,1,718,670.0,1537.0,11,79.0
13746,91.0,1,718,281.0,897.0,12,79.0
13747,92.0,1,718,65.0,179.0,13,79.0
13748,259.0,0,720,2.0,5.0,-14,273.0
13749,260.0,0,720,1.0,6.0,-13,273.0
13750,261.0,0,720,1.0,2.0,-12,273.0
13751,262.0,0,720,10.0,20.0,-11,273.0
13752,263.0,0,720,2.0,2.0,-10,273.0
13753,264.0,0,720,8.0,7.0,-9,273.0
13754,265.0,0,720,2.0,1.0,-8,273.0
13755,266.0,0,720,5.0,23.0,-7,273.0
13756,267.0,0,720,1.0,6.0,-6,273.0
13757,268.0,0,720,7.0,3.0,-5,273.0
13758,269.0,0,720,2.0,8.0,-4,273.0
13759,270.0,0,720,2.0,5.0,-3,273.0
13760,271.0,0,720,5.0,6.0,-2,273.0
13761,272.0,0,720,9.0,9.0,-1,273.0
13762,273.0,1,720,7.0,5.0,0,273.0
13763,274.0,1,720,8.0,12.0,1,273.0
13764,275.0,1,720,4.0,5.0,2,273.0
13765,276.0,1,720,5.0,12.0,3,273.0
13766,277.0,1,720,5.0,5.0,4,273.0
13767,278.0,1,720,1.0,2.0,5,273.0
13768,279.0,1,720,7.0,9.0,6,273.0
13769,280.0,1,720,2.0,3.0,7,273.0
13770,281.0,1,720,4.0,1.0,8,273.0
13771,282.0,1,720,6.0,3.0,9,273.0
13772,283.0,1,720,2.0,3.0,10,273.0
13773,284.0,1,720,2.0,6.0,11,273.0
13774,285.0,1,720,3.0,6.0,12,273.0
13775,286.0,1,720,0.0,1.0,13,273.0
13776,163.0,0,721,13.0,18.0,-14,177.0
13777,164.0,0,721,20.0,19.0,-13,177.0
13778,165.0,0,721,13.0,27.0,-12,177.0
13779,166.0,0,721,38.0,38.0,-11,177.0
13780,167.0,0,721,33.0,59.0,-10,177.0
13781,168.0,0,721,14.0,37.0,-9,177.0
13782,169.0,0,721,17.0,22.0,-8,177.0
13783,170.0,0,721,22.0,41.0,-7,177.0
13784,171.0,0,721,133.0,226.0,-6,177.0
13785,172.0,0,721,37.0,49.0,-5,177.0
13786,173.0,0,721,13.0,30.0,-4,177.0
13787,174.0,0,721,16.0,19.0,-3,177.0
13788,175.0,0,721,4.0,15.0,-2,177.0
13789,176.0,0,721,15.0,21.0,-1,177.0
13790,177.0,1,721,156.0,155.0,0,177.0
13791,178.0,1,721,9.0,28.0,1,177.0
13792,179.0,1,721,5.0,21.0,2,177.0
13793,180.0,1,721,7.0,21.0,3,177.0
13794,181.0,1,721,4.0,24.0,4,177.0
13795,182.0,1,721,15.0,44.0,5,177.0
13796,183.0,1,721,186.0,241.0,6,177.0
13797,184.0,1,721,9.0,27.0,7,177.0
13798,185.0,1,721,10.0,16.0,8,177.0
13799,186.0,1,721,31.0,57.0,9,177.0
13800,187.0,1,721,7.0,14.0,10,177.0
13801,188.0,1,721,3.0,10.0,11,177.0
13802,189.0,1,721,5.0,14.0,12,177.0
13803,190.0,1,721,6.0,11.0,13,177.0
13804,266.0,0,723,9.0,17.0,-14,280.0
13805,267.0,0,723,5.0,22.0,-13,280.0
13806,268.0,0,723,3.0,20.0,-12,280.0
13807,269.0,0,723,4.0,8.0,-11,280.0
13808,270.0,0,723,1.0,11.0,-10,280.0
13809,271.0,0,723,5.0,10.0,-9,280.0
13810,272.0,0,723,11.0,27.0,-8,280.0
13811,273.0,0,723,16.0,14.0,-7,280.0
13812,274.0,0,723,9.0,9.0,-6,280.0
13813,275.0,0,723,15.0,14.0,-5,280.0
13814,276.0,0,723,22.0,12.0,-4,280.0
13815,277.0,0,723,32.0,46.0,-3,280.0
13816,278.0,0,723,31.0,19.0,-2,280.0
13817,279.0,0,723,43.0,45.0,-1,280.0
13818,280.0,1,723,60.0,60.0,0,280.0
13819,281.0,1,723,29.0,35.0,1,280.0
13820,282.0,1,723,35.0,15.0,2,280.0
13821,283.0,1,723,18.0,11.0,3,280.0
13822,284.0,1,723,18.0,18.0,4,280.0
13823,285.0,1,723,23.0,24.0,5,280.0
13824,286.0,1,723,8.0,18.0,6,280.0
13825,287.0,1,723,8.0,18.0,7,280.0
13826,288.0,1,723,6.0,15.0,8,280.0
13827,289.0,1,723,16.0,18.0,9,280.0
13828,290.0,1,723,5.0,4.0,10,280.0
13829,291.0,1,723,12.0,13.0,11,280.0
13830,292.0,1,723,11.0,16.0,12,280.0
13831,293.0,1,723,8.0,16.0,13,280.0
13832,126.0,0,724,16.0,22.0,-14,140.0
13833,127.0,0,724,15.0,8.0,-13,140.0
13834,128.0,0,724,12.0,9.0,-12,140.0
13835,129.0,0,724,15.0,12.0,-11,140.0
13836,130.0,0,724,9.0,11.0,-10,140.0
13837,131.0,0,724,18.0,13.0,-9,140.0
13838,132.0,0,724,14.0,12.0,-8,140.0
13839,133.0,0,724,8.0,5.0,-7,140.0
13840,134.0,0,724,7.0,7.0,-6,140.0
13841,135.0,0,724,41.0,11.0,-5,140.0
13842,136.0,0,724,27.0,39.0,-4,140.0
13843,137.0,0,724,15.0,9.0,-3,140.0
13844,138.0,0,724,11.0,3.0,-2,140.0
13845,139.0,0,724,23.0,11.0,-1,140.0
13846,140.0,1,724,39.0,10.0,0,140.0
13847,141.0,1,724,26.0,32.0,1,140.0
13848,142.0,1,724,13.0,31.0,2,140.0
13849,143.0,1,724,7.0,12.0,3,140.0
13850,144.0,1,724,9.0,12.0,4,140.0
13851,145.0,1,724,11.0,6.0,5,140.0
13852,146.0,1,724,12.0,4.0,6,140.0
13853,147.0,1,724,12.0,11.0,7,140.0
13854,148.0,1,724,25.0,25.0,8,140.0
13855,149.0,1,724,4.0,9.0,9,140.0
13856,150.0,1,724,4.0,8.0,10,140.0
13857,151.0,1,724,6.0,4.0,11,140.0
13858,152.0,1,724,6.0,6.0,12,140.0
13859,153.0,1,724,8.0,4.0,13,140.0
13860,50.0,0,725,32.0,34.0,-14,64.0
13861,51.0,0,725,39.0,46.0,-13,64.0
13862,52.0,0,725,75.0,46.0,-12,64.0
13863,53.0,0,725,45.0,54.0,-11,64.0
13864,54.0,0,725,195.0,82.0,-10,64.0
13865,55.0,0,725,113.0,86.0,-9,64.0
13866,56.0,0,725,40.0,37.0,-8,64.0
13867,57.0,0,725,14.0,20.0,-7,64.0
13868,58.0,0,725,30.0,32.0,-6,64.0
13869,59.0,0,725,37.0,15.0,-5,64.0
13870,60.0,0,725,22.0,22.0,-4,64.0
13871,61.0,0,725,403.0,456.0,-3,64.0
13872,62.0,0,725,89.0,136.0,-2,64.0
13873,63.0,0,725,490.0,400.0,-1,64.0
13874,64.0,1,725,202.0,222.0,0,64.0
13875,65.0,1,725,40.0,38.0,1,64.0
13876,66.0,1,725,28.0,34.0,2,64.0
13877,67.0,1,725,41.0,31.0,3,64.0
13878,68.0,1,725,80.0,90.0,4,64.0
13879,69.0,1,725,20.0,27.0,5,64.0
13880,70.0,1,725,20.0,27.0,6,64.0
13881,71.0,1,725,81.0,149.0,7,64.0
13882,72.0,1,725,53.0,52.0,8,64.0
13883,73.0,1,725,18.0,33.0,9,64.0
13884,74.0,1,725,78.0,90.0,10,64.0
13885,75.0,1,725,13.0,24.0,11,64.0
13886,76.0,1,725,21.0,32.0,12,64.0
13887,77.0,1,725,29.0,35.0,13,64.0
13888,147.0,0,727,16.0,18.0,-14,161.0
13889,148.0,0,727,6.0,22.0,-13,161.0
13890,149.0,0,727,9.0,12.0,-12,161.0
13891,150.0,0,727,58.0,23.0,-11,161.0
13892,151.0,0,727,159.0,171.0,-10,161.0
13893,152.0,0,727,23.0,34.0,-9,161.0
13894,153.0,0,727,21.0,43.0,-8,161.0
13895,154.0,0,727,18.0,23.0,-7,161.0
13896,155.0,0,727,32.0,20.0,-6,161.0
13897,156.0,0,727,11.0,17.0,-5,161.0
13898,157.0,0,727,11.0,17.0,-4,161.0
13899,158.0,0,727,4.0,6.0,-3,161.0
13900,159.0,0,727,15.0,21.0,-2,161.0
13901,160.0,0,727,11.0,22.0,-1,161.0
13902,161.0,1,727,17.0,18.0,0,161.0
13903,162.0,1,727,12.0,22.0,1,161.0
13904,163.0,1,727,11.0,13.0,2,161.0
13905,164.0,1,727,24.0,32.0,3,161.0
13906,165.0,1,727,114.0,58.0,4,161.0
13907,166.0,1,727,64.0,53.0,5,161.0
13908,167.0,1,727,3.0,15.0,6,161.0
13909,168.0,1,727,5.0,17.0,7,161.0
13910,169.0,1,727,7.0,9.0,8,161.0
13911,170.0,1,727,9.0,19.0,9,161.0
13912,171.0,1,727,5.0,9.0,10,161.0
13913,172.0,1,727,2.0,7.0,11,161.0
13914,173.0,1,727,27.0,47.0,12,161.0
13915,174.0,1,727,8.0,15.0,13,161.0
13916,56.0,0,729,149.0,190.0,-14,70.0
13917,57.0,0,729,85.0,142.0,-13,70.0
13918,58.0,0,729,160.0,240.0,-12,70.0
13919,59.0,0,729,559.0,585.0,-11,70.0
13920,60.0,0,729,174.0,289.0,-10,70.0
13921,61.0,0,729,58.0,82.0,-9,70.0
13922,62.0,0,729,74.0,126.0,-8,70.0
13923,63.0,0,729,121.0,160.0,-7,70.0
13924,64.0,0,729,134.0,184.0,-6,70.0
13925,65.0,0,729,93.0,162.0,-5,70.0
13926,66.0,0,729,105.0,123.0,-4,70.0
13927,67.0,0,729,66.0,69.0,-3,70.0
13928,68.0,0,729,84.0,113.0,-2,70.0
13929,69.0,0,729,101.0,128.0,-1,70.0
13930,70.0,1,729,126.0,186.0,0,70.0
13931,71.0,1,729,83.0,137.0,1,70.0
13932,72.0,1,729,97.0,128.0,2,70.0
13933,73.0,1,729,89.0,122.0,3,70.0
13934,74.0,1,729,38.0,76.0,4,70.0
13935,75.0,1,729,44.0,74.0,5,70.0
13936,76.0,1,729,39.0,44.0,6,70.0
13937,77.0,1,729,40.0,53.0,7,70.0
13938,78.0,1,729,60.0,129.0,8,70.0
13939,79.0,1,729,25.0,75.0,9,70.0
13940,80.0,1,729,92.0,130.0,10,70.0
13941,81.0,1,729,48.0,75.0,11,70.0
13942,82.0,1,729,112.0,151.0,12,70.0
13943,83.0,1,729,87.0,109.0,13,70.0
13944,75.0,0,730,5.0,4.0,-14,89.0
13945,76.0,0,730,1.0,5.0,-13,89.0
13946,77.0,0,730,4.0,2.0,-12,89.0
13947,78.0,0,730,7.0,0.0,-11,89.0
13948,79.0,0,730,5.0,0.0,-10,89.0
13949,80.0,0,730,3.0,3.0,-9,89.0
13950,81.0,0,730,2.0,3.0,-8,89.0
13951,82.0,0,730,2.0,1.0,-7,89.0
13952,83.0,0,730,1.0,3.0,-6,89.0
13953,84.0,0,730,1.0,2.0,-5,89.0
13954,85.0,0,730,3.0,5.0,-4,89.0
13955,86.0,0,730,1.0,0.0,-3,89.0
13956,87.0,0,730,3.0,3.0,-2,89.0
13957,88.0,0,730,9.0,2.0,-1,89.0
13958,89.0,1,730,23.0,5.0,0,89.0
13959,90.0,1,730,5.0,7.0,1,89.0
13960,91.0,1,730,2.0,5.0,2,89.0
13961,92.0,1,730,6.0,8.0,3,89.0
13962,93.0,1,730,2.0,4.0,4,89.0
13963,94.0,1,730,7.0,2.0,5,89.0
13964,95.0,1,730,10.0,2.0,6,89.0
13965,96.0,1,730,3.0,4.0,7,89.0
13966,97.0,1,730,0.0,1.0,8,89.0
13967,98.0,1,730,3.0,1.0,9,89.0
13968,99.0,1,730,3.0,3.0,10,89.0
13969,100.0,1,730,20.0,11.0,11,89.0
13970,101.0,1,730,4.0,9.0,12,89.0
13971,102.0,1,730,2.0,8.0,13,89.0
13972,234.0,0,731,35.0,59.0,-14,248.0
13973,235.0,0,731,14.0,58.0,-13,248.0
13974,236.0,0,731,25.0,97.0,-12,248.0
13975,237.0,0,731,23.0,93.0,-11,248.0
13976,238.0,0,731,11.0,76.0,-10,248.0
13977,239.0,0,731,20.0,91.0,-9,248.0
13978,240.0,0,731,18.0,63.0,-8,248.0
13979,241.0,0,731,58.0,174.0,-7,248.0
13980,242.0,0,731,55.0,188.0,-6,248.0
13981,243.0,0,731,69.0,334.0,-5,248.0
13982,244.0,0,731,56.0,296.0,-4,248.0
13983,245.0,0,731,80.0,343.0,-3,248.0
13984,246.0,0,731,40.0,248.0,-2,248.0
13985,247.0,0,731,245.0,732.0,-1,248.0
13986,248.0,1,731,359.0,908.0,0,248.0
13987,249.0,1,731,106.0,349.0,1,248.0
13988,250.0,1,731,114.0,731.0,2,248.0
13989,251.0,1,731,59.0,280.0,3,248.0
13990,252.0,1,731,95.0,192.0,4,248.0
13991,253.0,1,731,57.0,137.0,5,248.0
13992,254.0,1,731,34.0,94.0,6,248.0
13993,255.0,1,731,24.0,125.0,7,248.0
13994,256.0,1,731,14.0,85.0,8,248.0
13995,257.0,1,731,34.0,101.0,9,248.0
13996,258.0,1,731,20.0,89.0,10,248.0
13997,259.0,1,731,14.0,70.0,11,248.0
13998,260.0,1,731,20.0,93.0,12,248.0
13999,261.0,1,731,19.0,82.0,13,248.0
14000,117.0,0,732,0.0,0.0,-14,131.0
14001,118.0,0,732,0.0,0.0,-13,131.0
14002,119.0,0,732,3.0,2.0,-12,131.0
14003,120.0,0,732,0.0,0.0,-11,131.0
14004,121.0,0,732,0.0,0.0,-10,131.0
14005,122.0,0,732,0.0,0.0,-9,131.0
14006,123.0,0,732,0.0,1.0,-8,131.0
14007,124.0,0,732,0.0,0.0,-7,131.0
14008,125.0,0,732,0.0,0.0,-6,131.0
14009,126.0,0,732,0.0,0.0,-5,131.0
14010,127.0,0,732,0.0,0.0,-4,131.0
14011,128.0,0,732,0.0,0.0,-3,131.0
14012,129.0,0,732,1.0,0.0,-2,131.0
14013,130.0,0,732,3.0,0.0,-1,131.0
14014,131.0,1,732,44.0,18.0,0,131.0
14015,132.0,1,732,30.0,7.0,1,131.0
14016,133.0,1,732,21.0,6.0,2,131.0
14017,134.0,1,732,1.0,1.0,3,131.0
14018,135.0,1,732,0.0,3.0,4,131.0
14019,136.0,1,732,0.0,1.0,5,131.0
14020,137.0,1,732,0.0,1.0,6,131.0
14021,138.0,1,732,1.0,2.0,7,131.0
14022,139.0,1,732,0.0,1.0,8,131.0
14023,140.0,1,732,1.0,0.0,9,131.0
14024,141.0,1,732,0.0,3.0,10,131.0
14025,142.0,1,732,0.0,0.0,11,131.0
14026,143.0,1,732,0.0,0.0,12,131.0
14027,144.0,1,732,0.0,0.0,13,131.0
14028,90.0,0,733,574.0,1496.0,-14,104.0
14029,91.0,0,733,228.0,676.0,-13,104.0
14030,92.0,0,733,73.0,213.0,-12,104.0
14031,93.0,0,733,415.0,1581.0,-11,104.0
14032,94.0,0,733,449.0,1704.0,-10,104.0
14033,95.0,0,733,224.0,829.0,-9,104.0
14034,96.0,0,733,68.0,199.0,-8,104.0
14035,97.0,0,733,38.0,110.0,-7,104.0
14036,98.0,0,733,32.0,91.0,-6,104.0
14037,99.0,0,733,69.0,185.0,-5,104.0
14038,100.0,0,733,391.0,1329.0,-4,104.0
14039,101.0,0,733,413.0,3226.0,-3,104.0
14040,102.0,0,733,488.0,1441.0,-2,104.0
14041,103.0,0,733,207.0,894.0,-1,104.0
14042,104.0,1,733,314.0,2268.0,0,104.0
14043,105.0,1,733,105.0,1186.0,1,104.0
14044,106.0,1,733,37.0,237.0,2,104.0
14045,107.0,1,733,82.0,310.0,3,104.0
14046,108.0,1,733,54.0,213.0,4,104.0
14047,109.0,1,733,66.0,233.0,5,104.0
14048,110.0,1,733,168.0,1327.0,6,104.0
14049,111.0,1,733,269.0,1104.0,7,104.0
14050,112.0,1,733,245.0,1049.0,8,104.0
14051,113.0,1,733,42.0,198.0,9,104.0
14052,114.0,1,733,69.0,272.0,10,104.0
14053,115.0,1,733,44.0,179.0,11,104.0
14054,116.0,1,733,56.0,244.0,12,104.0
14055,117.0,1,733,87.0,608.0,13,104.0
14056,117.0,0,734,0.0,0.0,-14,131.0
14057,118.0,0,734,0.0,0.0,-13,131.0
14058,119.0,0,734,1.0,1.0,-12,131.0
14059,120.0,0,734,0.0,0.0,-11,131.0
14060,121.0,0,734,0.0,0.0,-10,131.0
14061,122.0,0,734,0.0,0.0,-9,131.0
14062,123.0,0,734,0.0,0.0,-8,131.0
14063,124.0,0,734,0.0,0.0,-7,131.0
14064,125.0,0,734,0.0,0.0,-6,131.0
14065,126.0,0,734,0.0,0.0,-5,131.0
14066,127.0,0,734,0.0,0.0,-4,131.0
14067,128.0,0,734,0.0,0.0,-3,131.0
14068,129.0,0,734,0.0,0.0,-2,131.0
14069,130.0,0,734,0.0,0.0,-1,131.0
14070,131.0,1,734,4.0,1.0,0,131.0
14071,132.0,1,734,1.0,0.0,1,131.0
14072,133.0,1,734,0.0,0.0,2,131.0
14073,134.0,1,734,0.0,0.0,3,131.0
14074,135.0,1,734,0.0,0.0,4,131.0
14075,136.0,1,734,0.0,0.0,5,131.0
14076,137.0,1,734,0.0,0.0,6,131.0
14077,138.0,1,734,0.0,0.0,7,131.0
14078,139.0,1,734,0.0,0.0,8,131.0
14079,140.0,1,734,0.0,0.0,9,131.0
14080,141.0,1,734,0.0,0.0,10,131.0
14081,142.0,1,734,1.0,0.0,11,131.0
14082,143.0,1,734,0.0,0.0,12,131.0
14083,144.0,1,734,0.0,0.0,13,131.0
14084,24.0,0,736,0.0,0.0,-14,38.0
14085,25.0,0,736,0.0,0.0,-13,38.0
14086,26.0,0,736,0.0,0.0,-12,38.0
14087,27.0,0,736,0.0,0.0,-11,38.0
14088,28.0,0,736,0.0,0.0,-10,38.0
14089,29.0,0,736,0.0,0.0,-9,38.0
14090,30.0,0,736,0.0,0.0,-8,38.0
14091,31.0,0,736,0.0,0.0,-7,38.0
14092,32.0,0,736,0.0,0.0,-6,38.0
14093,33.0,0,736,0.0,0.0,-5,38.0
14094,34.0,0,736,0.0,0.0,-4,38.0
14095,35.0,0,736,0.0,9.0,-3,38.0
14096,36.0,0,736,82.0,376.0,-2,38.0
14097,37.0,0,736,79.0,278.0,-1,38.0
14098,38.0,1,736,38.0,115.0,0,38.0
14099,39.0,1,736,6.0,73.0,1,38.0
14100,40.0,1,736,6.0,44.0,2,38.0
14101,41.0,1,736,2.0,21.0,3,38.0
14102,42.0,1,736,2.0,14.0,4,38.0
14103,43.0,1,736,0.0,15.0,5,38.0
14104,44.0,1,736,1.0,11.0,6,38.0
14105,45.0,1,736,4.0,8.0,7,38.0
14106,46.0,1,736,0.0,5.0,8,38.0
14107,47.0,1,736,1.0,18.0,9,38.0
14108,48.0,1,736,0.0,6.0,10,38.0
14109,49.0,1,736,1.0,6.0,11,38.0
14110,50.0,1,736,0.0,3.0,12,38.0
14111,51.0,1,736,1.0,16.0,13,38.0
14112,96.0,0,737,203.0,258.0,-14,110.0
14113,97.0,0,737,76.0,164.0,-13,110.0
14114,98.0,0,737,50.0,140.0,-12,110.0
14115,99.0,0,737,71.0,220.0,-11,110.0
14116,100.0,0,737,57.0,203.0,-10,110.0
14117,101.0,0,737,135.0,355.0,-9,110.0
14118,102.0,0,737,344.0,527.0,-8,110.0
14119,103.0,0,737,235.0,648.0,-7,110.0
14120,104.0,0,737,318.0,722.0,-6,110.0
14121,105.0,0,737,189.0,519.0,-5,110.0
14122,106.0,0,737,89.0,292.0,-4,110.0
14123,107.0,0,737,92.0,323.0,-3,110.0
14124,108.0,0,737,368.0,566.0,-2,110.0
14125,109.0,0,737,2311.0,5015.0,-1,110.0
14126,110.0,1,737,1017.0,2876.0,0,110.0
14127,111.0,1,737,687.0,1911.0,1,110.0
14128,112.0,1,737,138.0,473.0,2,110.0
14129,113.0,1,737,83.0,233.0,3,110.0
14130,114.0,1,737,62.0,230.0,4,110.0
14131,115.0,1,737,67.0,239.0,5,110.0
14132,116.0,1,737,46.0,228.0,6,110.0
14133,117.0,1,737,45.0,220.0,7,110.0
14134,118.0,1,737,31.0,167.0,8,110.0
14135,119.0,1,737,34.0,210.0,9,110.0
14136,120.0,1,737,28.0,136.0,10,110.0
14137,121.0,1,737,37.0,128.0,11,110.0
14138,122.0,1,737,34.0,151.0,12,110.0
14139,123.0,1,737,29.0,138.0,13,110.0
14140,17.0,0,738,0.0,0.0,-14,31.0
14141,18.0,0,738,0.0,0.0,-13,31.0
14142,19.0,0,738,0.0,0.0,-12,31.0
14143,20.0,0,738,0.0,1.0,-11,31.0
14144,21.0,0,738,0.0,0.0,-10,31.0
14145,22.0,0,738,0.0,0.0,-9,31.0
14146,23.0,0,738,0.0,0.0,-8,31.0
14147,24.0,0,738,0.0,0.0,-7,31.0
14148,25.0,0,738,0.0,0.0,-6,31.0
14149,26.0,0,738,0.0,0.0,-5,31.0
14150,27.0,0,738,0.0,1.0,-4,31.0
14151,28.0,0,738,3.0,17.0,-3,31.0
14152,29.0,0,738,8.0,65.0,-2,31.0
14153,30.0,0,738,9.0,27.0,-1,31.0
14154,31.0,1,738,37.0,132.0,0,31.0
14155,32.0,1,738,6.0,40.0,1,31.0
14156,33.0,1,738,2.0,41.0,2,31.0
14157,34.0,1,738,8.0,90.0,3,31.0
14158,35.0,1,738,14.0,409.0,4,31.0
14159,36.0,1,738,61.0,2904.0,5,31.0
14160,37.0,1,738,40.0,1125.0,6,31.0
14161,38.0,1,738,7.0,216.0,7,31.0
14162,39.0,1,738,13.0,305.0,8,31.0
14163,40.0,1,738,9.0,146.0,9,31.0
14164,41.0,1,738,5.0,73.0,10,31.0
14165,42.0,1,738,3.0,54.0,11,31.0
14166,43.0,1,738,1.0,39.0,12,31.0
14167,44.0,1,738,1.0,33.0,13,31.0
14168,42.0,0,740,1505.0,2290.0,-14,56.0
14169,43.0,0,740,1010.0,1058.0,-13,56.0
14170,44.0,0,740,352.0,421.0,-12,56.0
14171,45.0,0,740,256.0,328.0,-11,56.0
14172,46.0,0,740,157.0,216.0,-10,56.0
14173,47.0,0,740,158.0,157.0,-9,56.0
14174,48.0,0,740,171.0,179.0,-8,56.0
14175,49.0,0,740,235.0,175.0,-7,56.0
14176,50.0,0,740,162.0,149.0,-6,56.0
14177,51.0,0,740,273.0,255.0,-5,56.0
14178,52.0,0,740,259.0,206.0,-4,56.0
14179,53.0,0,740,155.0,132.0,-3,56.0
14180,54.0,0,740,100.0,104.0,-2,56.0
14181,55.0,0,740,146.0,117.0,-1,56.0
14182,56.0,1,740,431.0,329.0,0,56.0
14183,57.0,1,740,158.0,133.0,1,56.0
14184,58.0,1,740,176.0,218.0,2,56.0
14185,59.0,1,740,138.0,133.0,3,56.0
14186,60.0,1,740,84.0,109.0,4,56.0
14187,61.0,1,740,45.0,76.0,5,56.0
14188,62.0,1,740,656.0,660.0,6,56.0
14189,63.0,1,740,167.0,203.0,7,56.0
14190,64.0,1,740,72.0,58.0,8,56.0
14191,65.0,1,740,71.0,92.0,9,56.0
14192,66.0,1,740,83.0,96.0,10,56.0
14193,67.0,1,740,163.0,150.0,11,56.0
14194,68.0,1,740,437.0,409.0,12,56.0
14195,69.0,1,740,264.0,220.0,13,56.0
14196,93.0,0,741,53.0,388.0,-14,107.0
14197,94.0,0,741,180.0,697.0,-13,107.0
14198,95.0,0,741,96.0,381.0,-12,107.0
14199,96.0,0,741,115.0,750.0,-11,107.0
14200,97.0,0,741,69.0,337.0,-10,107.0
14201,98.0,0,741,40.0,221.0,-9,107.0
14202,99.0,0,741,46.0,273.0,-8,107.0
14203,100.0,0,741,190.0,819.0,-7,107.0
14204,101.0,0,741,270.0,1061.0,-6,107.0
14205,102.0,0,741,558.0,2935.0,-5,107.0
14206,103.0,0,741,300.0,1925.0,-4,107.0
14207,104.0,0,741,112.0,797.0,-3,107.0
14208,105.0,0,741,123.0,868.0,-2,107.0
14209,106.0,0,741,83.0,500.0,-1,107.0
14210,107.0,1,741,78.0,505.0,0,107.0
14211,108.0,1,741,105.0,697.0,1,107.0
14212,109.0,1,741,89.0,619.0,2,107.0
14213,110.0,1,741,144.0,838.0,3,107.0
14214,111.0,1,741,53.0,556.0,4,107.0
14215,112.0,1,741,136.0,771.0,5,107.0
14216,113.0,1,741,122.0,761.0,6,107.0
14217,114.0,1,741,95.0,734.0,7,107.0
14218,115.0,1,741,52.0,539.0,8,107.0
14219,116.0,1,741,61.0,484.0,9,107.0
14220,117.0,1,741,75.0,674.0,10,107.0
14221,118.0,1,741,46.0,429.0,11,107.0
14222,119.0,1,741,39.0,376.0,12,107.0
14223,120.0,1,741,131.0,888.0,13,107.0
14224,163.0,0,742,38.0,178.0,-14,177.0
14225,164.0,0,742,251.0,471.0,-13,177.0
14226,165.0,0,742,64.0,158.0,-12,177.0
14227,166.0,0,742,206.0,474.0,-11,177.0
14228,167.0,0,742,116.0,297.0,-10,177.0
14229,168.0,0,742,75.0,178.0,-9,177.0
14230,169.0,0,742,47.0,117.0,-8,177.0
14231,170.0,0,742,48.0,118.0,-7,177.0
14232,171.0,0,742,33.0,146.0,-6,177.0
14233,172.0,0,742,158.0,432.0,-5,177.0
14234,173.0,0,742,335.0,1004.0,-4,177.0
14235,174.0,0,742,102.0,403.0,-3,177.0
14236,175.0,0,742,66.0,199.0,-2,177.0
14237,176.0,0,742,87.0,233.0,-1,177.0
14238,177.0,1,742,69.0,271.0,0,177.0
14239,178.0,1,742,55.0,217.0,1,177.0
14240,179.0,1,742,102.0,295.0,2,177.0
14241,180.0,1,742,23.0,149.0,3,177.0
14242,181.0,1,742,17.0,102.0,4,177.0
14243,182.0,1,742,17.0,105.0,5,177.0
14244,183.0,1,742,40.0,117.0,6,177.0
14245,184.0,1,742,18.0,67.0,7,177.0
14246,185.0,1,742,10.0,72.0,8,177.0
14247,186.0,1,742,41.0,130.0,9,177.0
14248,187.0,1,742,39.0,108.0,10,177.0
14249,188.0,1,742,35.0,150.0,11,177.0
14250,189.0,1,742,27.0,97.0,12,177.0
14251,190.0,1,742,52.0,196.0,13,177.0
14252,30.0,0,746,17.0,183.0,-14,44.0
14253,31.0,0,746,77.0,319.0,-13,44.0
14254,32.0,0,746,115.0,509.0,-12,44.0
14255,33.0,0,746,106.0,643.0,-11,44.0
14256,34.0,0,746,99.0,597.0,-10,44.0
14257,35.0,0,746,83.0,509.0,-9,44.0
14258,36.0,0,746,207.0,613.0,-8,44.0
14259,37.0,0,746,273.0,664.0,-7,44.0
14260,38.0,0,746,508.0,595.0,-6,44.0
14261,39.0,0,746,219.0,618.0,-5,44.0
14262,40.0,0,746,76.0,309.0,-4,44.0
14263,41.0,0,746,73.0,238.0,-3,44.0
14264,42.0,0,746,44.0,150.0,-2,44.0
14265,43.0,0,746,163.0,266.0,-1,44.0
14266,44.0,1,746,99.0,201.0,0,44.0
14267,45.0,1,746,57.0,146.0,1,44.0
14268,46.0,1,746,56.0,129.0,2,44.0
14269,47.0,1,746,127.0,480.0,3,44.0
14270,48.0,1,746,126.0,362.0,4,44.0
14271,49.0,1,746,28.0,94.0,5,44.0
14272,50.0,1,746,16.0,78.0,6,44.0
14273,51.0,1,746,41.0,113.0,7,44.0
14274,52.0,1,746,18.0,101.0,8,44.0
14275,53.0,1,746,15.0,72.0,9,44.0
14276,54.0,1,746,12.0,65.0,10,44.0
14277,55.0,1,746,11.0,70.0,11,44.0
14278,56.0,1,746,11.0,49.0,12,44.0
14279,57.0,1,746,12.0,39.0,13,44.0
14280,120.0,0,747,35.0,49.0,-14,134.0
14281,121.0,0,747,384.0,350.0,-13,134.0
14282,122.0,0,747,166.0,238.0,-12,134.0
14283,123.0,0,747,86.0,95.0,-11,134.0
14284,124.0,0,747,145.0,275.0,-10,134.0
14285,125.0,0,747,29.0,68.0,-9,134.0
14286,126.0,0,747,33.0,25.0,-8,134.0
14287,127.0,0,747,27.0,19.0,-7,134.0
14288,128.0,0,747,211.0,79.0,-6,134.0
14289,129.0,0,747,128.0,41.0,-5,134.0
14290,130.0,0,747,35.0,34.0,-4,134.0
14291,131.0,0,747,24.0,25.0,-3,134.0
14292,132.0,0,747,22.0,24.0,-2,134.0
14293,133.0,0,747,555.0,432.0,-1,134.0
14294,134.0,1,747,82.0,106.0,0,134.0
14295,135.0,1,747,25.0,48.0,1,134.0
14296,136.0,1,747,20.0,24.0,2,134.0
14297,137.0,1,747,36.0,43.0,3,134.0
14298,138.0,1,747,16.0,22.0,4,134.0
14299,139.0,1,747,60.0,54.0,5,134.0
14300,140.0,1,747,58.0,39.0,6,134.0
14301,141.0,1,747,15.0,29.0,7,134.0
14302,142.0,1,747,21.0,26.0,8,134.0
14303,143.0,1,747,10.0,14.0,9,134.0
14304,144.0,1,747,11.0,21.0,10,134.0
14305,145.0,1,747,96.0,123.0,11,134.0
14306,146.0,1,747,42.0,25.0,12,134.0
14307,147.0,1,747,15.0,30.0,13,134.0
14308,21.0,0,748,1.0,3.0,-14,35.0
14309,22.0,0,748,1.0,0.0,-13,35.0
14310,23.0,0,748,0.0,0.0,-12,35.0
14311,24.0,0,748,0.0,0.0,-11,35.0
14312,25.0,0,748,0.0,1.0,-10,35.0
14313,26.0,0,748,0.0,2.0,-9,35.0
14314,27.0,0,748,1.0,11.0,-8,35.0
14315,28.0,0,748,6.0,59.0,-7,35.0
14316,29.0,0,748,5.0,76.0,-6,35.0
14317,30.0,0,748,46.0,218.0,-5,35.0
14318,31.0,0,748,56.0,252.0,-4,35.0
14319,32.0,0,748,182.0,588.0,-3,35.0
14320,33.0,0,748,300.0,938.0,-2,35.0
14321,34.0,0,748,239.0,728.0,-1,35.0
14322,35.0,1,748,157.0,732.0,0,35.0
14323,36.0,1,748,102.0,650.0,1,35.0
14324,37.0,1,748,67.0,593.0,2,35.0
14325,38.0,1,748,59.0,415.0,3,35.0
14326,39.0,1,748,22.0,238.0,4,35.0
14327,40.0,1,748,31.0,205.0,5,35.0
14328,41.0,1,748,11.0,143.0,6,35.0
14329,42.0,1,748,9.0,115.0,7,35.0
14330,43.0,1,748,7.0,84.0,8,35.0
14331,44.0,1,748,4.0,55.0,9,35.0
14332,45.0,1,748,12.0,127.0,10,35.0
14333,46.0,1,748,7.0,62.0,11,35.0
14334,47.0,1,748,4.0,39.0,12,35.0
14335,48.0,1,748,6.0,40.0,13,35.0
14336,173.0,0,750,0.0,6.0,-14,187.0
14337,174.0,0,750,5.0,4.0,-13,187.0
14338,175.0,0,750,10.0,11.0,-12,187.0
14339,176.0,0,750,20.0,28.0,-11,187.0
14340,177.0,0,750,10.0,14.0,-10,187.0
14341,178.0,0,750,16.0,12.0,-9,187.0
14342,179.0,0,750,10.0,9.0,-8,187.0
14343,180.0,0,750,10.0,11.0,-7,187.0
14344,181.0,0,750,4.0,9.0,-6,187.0
14345,182.0,0,750,4.0,4.0,-5,187.0
14346,183.0,0,750,20.0,12.0,-4,187.0
14347,184.0,0,750,13.0,9.0,-3,187.0
14348,185.0,0,750,8.0,3.0,-2,187.0
14349,186.0,0,750,99.0,55.0,-1,187.0
14350,187.0,1,750,114.0,68.0,0,187.0
14351,188.0,1,750,8.0,10.0,1,187.0
14352,189.0,1,750,4.0,8.0,2,187.0
14353,190.0,1,750,151.0,105.0,3,187.0
14354,191.0,1,750,102.0,69.0,4,187.0
14355,192.0,1,750,28.0,12.0,5,187.0
14356,193.0,1,750,15.0,13.0,6,187.0
14357,194.0,1,750,10.0,14.0,7,187.0
14358,195.0,1,750,22.0,16.0,8,187.0
14359,196.0,1,750,20.0,16.0,9,187.0
14360,197.0,1,750,13.0,12.0,10,187.0
14361,198.0,1,750,15.0,13.0,11,187.0
14362,199.0,1,750,12.0,14.0,12,187.0
14363,200.0,1,750,4.0,7.0,13,187.0
14364,199.0,0,752,87.0,168.0,-14,213.0
14365,200.0,0,752,31.0,65.0,-13,213.0
14366,201.0,0,752,18.0,36.0,-12,213.0
14367,202.0,0,752,10.0,18.0,-11,213.0
14368,203.0,0,752,12.0,31.0,-10,213.0
14369,204.0,0,752,13.0,19.0,-9,213.0
14370,205.0,0,752,11.0,20.0,-8,213.0
14371,206.0,0,752,25.0,56.0,-7,213.0
14372,207.0,0,752,52.0,87.0,-6,213.0
14373,208.0,0,752,12.0,29.0,-5,213.0
14374,209.0,0,752,61.0,120.0,-4,213.0
14375,210.0,0,752,37.0,70.0,-3,213.0
14376,211.0,0,752,16.0,33.0,-2,213.0
14377,212.0,0,752,64.0,90.0,-1,213.0
14378,213.0,1,752,131.0,221.0,0,213.0
14379,214.0,1,752,24.0,55.0,1,213.0
14380,215.0,1,752,11.0,32.0,2,213.0
14381,216.0,1,752,31.0,59.0,3,213.0
14382,217.0,1,752,5.0,26.0,4,213.0
14383,218.0,1,752,2.0,13.0,5,213.0
14384,219.0,1,752,12.0,24.0,6,213.0
14385,220.0,1,752,16.0,39.0,7,213.0
14386,221.0,1,752,24.0,38.0,8,213.0
14387,222.0,1,752,14.0,20.0,9,213.0
14388,223.0,1,752,15.0,43.0,10,213.0
14389,224.0,1,752,28.0,85.0,11,213.0
14390,225.0,1,752,16.0,40.0,12,213.0
14391,226.0,1,752,5.0,22.0,13,213.0
14392,40.0,0,753,213.0,710.0,-14,54.0
14393,41.0,0,753,843.0,2564.0,-13,54.0
14394,42.0,0,753,353.0,1176.0,-12,54.0
14395,43.0,0,753,109.0,296.0,-11,54.0
14396,44.0,0,753,64.0,161.0,-10,54.0
14397,45.0,0,753,82.0,165.0,-9,54.0
14398,46.0,0,753,75.0,251.0,-8,54.0
14399,47.0,0,753,40.0,105.0,-7,54.0
14400,48.0,0,753,77.0,169.0,-6,54.0
14401,49.0,0,753,38.0,79.0,-5,54.0
14402,50.0,0,753,25.0,62.0,-4,54.0
14403,51.0,0,753,27.0,41.0,-3,54.0
14404,52.0,0,753,48.0,77.0,-2,54.0
14405,53.0,0,753,68.0,86.0,-1,54.0
14406,54.0,1,753,84.0,72.0,0,54.0
14407,55.0,1,753,26.0,64.0,1,54.0
14408,56.0,1,753,15.0,50.0,2,54.0
14409,57.0,1,753,104.0,196.0,3,54.0
14410,58.0,1,753,21.0,39.0,4,54.0
14411,59.0,1,753,35.0,75.0,5,54.0
14412,60.0,1,753,20.0,47.0,6,54.0
14413,61.0,1,753,7.0,34.0,7,54.0
14414,62.0,1,753,9.0,25.0,8,54.0
14415,63.0,1,753,17.0,36.0,9,54.0
14416,64.0,1,753,9.0,43.0,10,54.0
14417,65.0,1,753,40.0,52.0,11,54.0
14418,66.0,1,753,34.0,68.0,12,54.0
14419,67.0,1,753,7.0,15.0,13,54.0
14420,83.0,0,755,26.0,38.0,-14,97.0
14421,84.0,0,755,24.0,28.0,-13,97.0
14422,85.0,0,755,25.0,29.0,-12,97.0
14423,86.0,0,755,25.0,33.0,-11,97.0
14424,87.0,0,755,87.0,154.0,-10,97.0
14425,88.0,0,755,18.0,36.0,-9,97.0
14426,89.0,0,755,198.0,80.0,-8,97.0
14427,90.0,0,755,71.0,46.0,-7,97.0
14428,91.0,0,755,112.0,60.0,-6,97.0
14429,92.0,0,755,40.0,38.0,-5,97.0
14430,93.0,0,755,25.0,56.0,-4,97.0
14431,94.0,0,755,53.0,118.0,-3,97.0
14432,95.0,0,755,18.0,23.0,-2,97.0
14433,96.0,0,755,17.0,38.0,-1,97.0
14434,97.0,1,755,30.0,33.0,0,97.0
14435,98.0,1,755,28.0,88.0,1,97.0
14436,99.0,1,755,60.0,75.0,2,97.0
14437,100.0,1,755,25.0,46.0,3,97.0
14438,101.0,1,755,33.0,38.0,4,97.0
14439,102.0,1,755,29.0,47.0,5,97.0
14440,103.0,1,755,21.0,79.0,6,97.0
14441,104.0,1,755,15.0,37.0,7,97.0
14442,105.0,1,755,31.0,87.0,8,97.0
14443,106.0,1,755,46.0,103.0,9,97.0
14444,107.0,1,755,65.0,191.0,10,97.0
14445,108.0,1,755,51.0,85.0,11,97.0
14446,109.0,1,755,18.0,49.0,12,97.0
14447,110.0,1,755,19.0,43.0,13,97.0
14448,200.0,0,756,0.0,0.0,-14,214.0
14449,201.0,0,756,0.0,1.0,-13,214.0
14450,202.0,0,756,0.0,2.0,-12,214.0
14451,203.0,0,756,0.0,0.0,-11,214.0
14452,204.0,0,756,0.0,0.0,-10,214.0
14453,205.0,0,756,0.0,1.0,-9,214.0
14454,206.0,0,756,0.0,2.0,-8,214.0
14455,207.0,0,756,0.0,2.0,-7,214.0
14456,208.0,0,756,0.0,0.0,-6,214.0
14457,209.0,0,756,0.0,0.0,-5,214.0
14458,210.0,0,756,0.0,0.0,-4,214.0
14459,211.0,0,756,1.0,2.0,-3,214.0
14460,212.0,0,756,0.0,0.0,-2,214.0
14461,213.0,0,756,5.0,3.0,-1,214.0
14462,214.0,1,756,13.0,1.0,0,214.0
14463,215.0,1,756,0.0,2.0,1,214.0
14464,216.0,1,756,2.0,1.0,2,214.0
14465,217.0,1,756,1.0,1.0,3,214.0
14466,218.0,1,756,4.0,1.0,4,214.0
14467,219.0,1,756,28.0,6.0,5,214.0
14468,220.0,1,756,0.0,1.0,6,214.0
14469,221.0,1,756,1.0,2.0,7,214.0
14470,222.0,1,756,1.0,2.0,8,214.0
14471,223.0,1,756,0.0,2.0,9,214.0
14472,224.0,1,756,0.0,1.0,10,214.0
14473,225.0,1,756,1.0,2.0,11,214.0
14474,226.0,1,756,0.0,0.0,12,214.0
14475,227.0,1,756,0.0,0.0,13,214.0
14476,53.0,0,757,281.0,355.0,-14,67.0
14477,54.0,0,757,317.0,360.0,-13,67.0
14478,55.0,0,757,319.0,345.0,-12,67.0
14479,56.0,0,757,236.0,281.0,-11,67.0
14480,57.0,0,757,203.0,230.0,-10,67.0
14481,58.0,0,757,413.0,280.0,-9,67.0
14482,59.0,0,757,521.0,430.0,-8,67.0
14483,60.0,0,757,262.0,218.0,-7,67.0
14484,61.0,0,757,158.0,144.0,-6,67.0
14485,62.0,0,757,251.0,206.0,-5,67.0
14486,63.0,0,757,216.0,188.0,-4,67.0
14487,64.0,0,757,444.0,357.0,-3,67.0
14488,65.0,0,757,529.0,502.0,-2,67.0
14489,66.0,0,757,1069.0,873.0,-1,67.0
14490,67.0,1,757,380.0,411.0,0,67.0
14491,68.0,1,757,243.0,318.0,1,67.0
14492,69.0,1,757,175.0,179.0,2,67.0
14493,70.0,1,757,175.0,182.0,3,67.0
14494,71.0,1,757,311.0,314.0,4,67.0
14495,72.0,1,757,425.0,414.0,5,67.0
14496,73.0,1,757,274.0,274.0,6,67.0
14497,74.0,1,757,170.0,239.0,7,67.0
14498,75.0,1,757,198.0,228.0,8,67.0
14499,76.0,1,757,195.0,316.0,9,67.0
14500,77.0,1,757,177.0,235.0,10,67.0
14501,78.0,1,757,228.0,271.0,11,67.0
14502,79.0,1,757,180.0,304.0,12,67.0
14503,80.0,1,757,157.0,233.0,13,67.0
14504,182.0,0,758,0.0,0.0,-14,196.0
14505,183.0,0,758,0.0,0.0,-13,196.0
14506,184.0,0,758,0.0,3.0,-12,196.0
14507,185.0,0,758,1.0,2.0,-11,196.0
14508,186.0,0,758,0.0,4.0,-10,196.0
14509,187.0,0,758,0.0,2.0,-9,196.0
14510,188.0,0,758,0.0,1.0,-8,196.0
14511,189.0,0,758,0.0,1.0,-7,196.0
14512,190.0,0,758,0.0,1.0,-6,196.0
14513,191.0,0,758,0.0,0.0,-5,196.0
14514,192.0,0,758,0.0,2.0,-4,196.0
14515,193.0,0,758,1.0,2.0,-3,196.0
14516,194.0,0,758,0.0,0.0,-2,196.0
14517,195.0,0,758,2.0,0.0,-1,196.0
14518,196.0,1,758,0.0,1.0,0,196.0
14519,197.0,1,758,0.0,3.0,1,196.0
14520,198.0,1,758,1.0,1.0,2,196.0
14521,199.0,1,758,0.0,1.0,3,196.0
14522,200.0,1,758,0.0,1.0,4,196.0
14523,201.0,1,758,0.0,0.0,5,196.0
14524,202.0,1,758,0.0,0.0,6,196.0
14525,203.0,1,758,0.0,1.0,7,196.0
14526,204.0,1,758,0.0,2.0,8,196.0
14527,205.0,1,758,1.0,3.0,9,196.0
14528,206.0,1,758,0.0,0.0,10,196.0
14529,207.0,1,758,1.0,1.0,11,196.0
14530,208.0,1,758,1.0,1.0,12,196.0
14531,209.0,1,758,0.0,4.0,13,196.0
14532,87.0,0,759,190.0,439.0,-14,101.0
14533,88.0,0,759,77.0,222.0,-13,101.0
14534,89.0,0,759,267.0,620.0,-12,101.0
14535,90.0,0,759,358.0,936.0,-11,101.0
14536,91.0,0,759,61.0,231.0,-10,101.0
14537,92.0,0,759,142.0,344.0,-9,101.0
14538,93.0,0,759,119.0,341.0,-8,101.0
14539,94.0,0,759,303.0,691.0,-7,101.0
14540,95.0,0,759,89.0,247.0,-6,101.0
14541,96.0,0,759,46.0,125.0,-5,101.0
14542,97.0,0,759,37.0,108.0,-4,101.0
14543,98.0,0,759,24.0,91.0,-3,101.0
14544,99.0,0,759,70.0,163.0,-2,101.0
14545,100.0,0,759,424.0,980.0,-1,101.0
14546,101.0,1,759,156.0,917.0,0,101.0
14547,102.0,1,759,271.0,1403.0,1,101.0
14548,103.0,1,759,151.0,828.0,2,101.0
14549,104.0,1,759,91.0,477.0,3,101.0
14550,105.0,1,759,82.0,425.0,4,101.0
14551,106.0,1,759,70.0,318.0,5,101.0
14552,107.0,1,759,56.0,288.0,6,101.0
14553,108.0,1,759,43.0,208.0,7,101.0
14554,109.0,1,759,27.0,157.0,8,101.0
14555,110.0,1,759,94.0,586.0,9,101.0
14556,111.0,1,759,139.0,769.0,10,101.0
14557,112.0,1,759,56.0,272.0,11,101.0
14558,113.0,1,759,93.0,483.0,12,101.0
14559,114.0,1,759,212.0,790.0,13,101.0
14560,57.0,0,760,5.0,15.0,-14,71.0
14561,58.0,0,760,18.0,32.0,-13,71.0
14562,59.0,0,760,18.0,36.0,-12,71.0
14563,60.0,0,760,7.0,11.0,-11,71.0
14564,61.0,0,760,23.0,30.0,-10,71.0
14565,62.0,0,760,9.0,17.0,-9,71.0
14566,63.0,0,760,6.0,16.0,-8,71.0
14567,64.0,0,760,11.0,8.0,-7,71.0
14568,65.0,0,760,11.0,6.0,-6,71.0
14569,66.0,0,760,7.0,31.0,-5,71.0
14570,67.0,0,760,7.0,18.0,-4,71.0
14571,68.0,0,760,4.0,13.0,-3,71.0
14572,69.0,0,760,7.0,17.0,-2,71.0
14573,70.0,0,760,28.0,23.0,-1,71.0
14574,71.0,1,760,36.0,39.0,0,71.0
14575,72.0,1,760,19.0,28.0,1,71.0
14576,73.0,1,760,6.0,17.0,2,71.0
14577,74.0,1,760,8.0,21.0,3,71.0
14578,75.0,1,760,4.0,5.0,4,71.0
14579,76.0,1,760,198.0,122.0,5,71.0
14580,77.0,1,760,14.0,18.0,6,71.0
14581,78.0,1,760,11.0,12.0,7,71.0
14582,79.0,1,760,11.0,13.0,8,71.0
14583,80.0,1,760,5.0,14.0,9,71.0
14584,81.0,1,760,7.0,10.0,10,71.0
14585,82.0,1,760,4.0,8.0,11,71.0
14586,83.0,1,760,3.0,6.0,12,71.0
14587,84.0,1,760,3.0,19.0,13,71.0
14588,72.0,0,762,352.0,993.0,-14,86.0
14589,73.0,0,762,205.0,563.0,-13,86.0
14590,74.0,0,762,30.0,78.0,-12,86.0
14591,75.0,0,762,281.0,805.0,-11,86.0
14592,76.0,0,762,341.0,1047.0,-10,86.0
14593,77.0,0,762,115.0,280.0,-9,86.0
14594,78.0,0,762,61.0,104.0,-8,86.0
14595,79.0,0,762,223.0,659.0,-7,86.0
14596,80.0,0,762,884.0,2652.0,-6,86.0
14597,81.0,0,762,171.0,327.0,-5,86.0
14598,82.0,0,762,68.0,147.0,-4,86.0
14599,83.0,0,762,256.0,655.0,-3,86.0
14600,84.0,0,762,60.0,128.0,-2,86.0
14601,85.0,0,762,41.0,64.0,-1,86.0
14602,86.0,1,762,46.0,63.0,0,86.0
14603,87.0,1,762,124.0,485.0,1,86.0
14604,88.0,1,762,50.0,134.0,2,86.0
14605,89.0,1,762,142.0,666.0,3,86.0
14606,90.0,1,762,209.0,1160.0,4,86.0
14607,91.0,1,762,32.0,176.0,5,86.0
14608,92.0,1,762,41.0,141.0,6,86.0
14609,93.0,1,762,39.0,176.0,7,86.0
14610,94.0,1,762,202.0,802.0,8,86.0
14611,95.0,1,762,46.0,225.0,9,86.0
14612,96.0,1,762,54.0,202.0,10,86.0
14613,97.0,1,762,22.0,106.0,11,86.0
14614,98.0,1,762,15.0,79.0,12,86.0
14615,99.0,1,762,9.0,64.0,13,86.0
14616,103.0,0,764,44.0,207.0,-14,117.0
14617,104.0,0,764,59.0,182.0,-13,117.0
14618,105.0,0,764,36.0,108.0,-12,117.0
14619,106.0,0,764,71.0,187.0,-11,117.0
14620,107.0,0,764,18.0,104.0,-10,117.0
14621,108.0,0,764,13.0,75.0,-9,117.0
14622,109.0,0,764,14.0,57.0,-8,117.0
14623,110.0,0,764,20.0,61.0,-7,117.0
14624,111.0,0,764,22.0,53.0,-6,117.0
14625,112.0,0,764,11.0,67.0,-5,117.0
14626,113.0,0,764,48.0,67.0,-4,117.0
14627,114.0,0,764,56.0,114.0,-3,117.0
14628,115.0,0,764,82.0,134.0,-2,117.0
14629,116.0,0,764,38.0,146.0,-1,117.0
14630,117.0,1,764,44.0,76.0,0,117.0
14631,118.0,1,764,31.0,66.0,1,117.0
14632,119.0,1,764,41.0,122.0,2,117.0
14633,120.0,1,764,41.0,71.0,3,117.0
14634,121.0,1,764,58.0,163.0,4,117.0
14635,122.0,1,764,36.0,124.0,5,117.0
14636,123.0,1,764,22.0,74.0,6,117.0
14637,124.0,1,764,26.0,104.0,7,117.0
14638,125.0,1,764,30.0,81.0,8,117.0
14639,126.0,1,764,21.0,48.0,9,117.0
14640,127.0,1,764,12.0,35.0,10,117.0
14641,128.0,1,764,17.0,48.0,11,117.0
14642,129.0,1,764,21.0,64.0,12,117.0
14643,130.0,1,764,17.0,105.0,13,117.0
14644,167.0,0,766,129.0,82.0,-14,181.0
14645,168.0,0,766,71.0,44.0,-13,181.0
14646,169.0,0,766,28.0,12.0,-12,181.0
14647,170.0,0,766,11.0,10.0,-11,181.0
14648,171.0,0,766,81.0,41.0,-10,181.0
14649,172.0,0,766,43.0,40.0,-9,181.0
14650,173.0,0,766,57.0,35.0,-8,181.0
14651,174.0,0,766,13.0,13.0,-7,181.0
14652,175.0,0,766,33.0,24.0,-6,181.0
14653,176.0,0,766,38.0,77.0,-5,181.0
14654,177.0,0,766,13.0,19.0,-4,181.0
14655,178.0,0,766,17.0,7.0,-3,181.0
14656,179.0,0,766,84.0,44.0,-2,181.0
14657,180.0,0,766,37.0,36.0,-1,181.0
14658,181.0,1,766,314.0,194.0,0,181.0
14659,182.0,1,766,58.0,35.0,1,181.0
14660,183.0,1,766,20.0,25.0,2,181.0
14661,184.0,1,766,12.0,14.0,3,181.0
14662,185.0,1,766,109.0,94.0,4,181.0
14663,186.0,1,766,57.0,61.0,5,181.0
14664,187.0,1,766,28.0,24.0,6,181.0
14665,188.0,1,766,12.0,10.0,7,181.0
14666,189.0,1,766,17.0,12.0,8,181.0
14667,190.0,1,766,63.0,33.0,9,181.0
14668,191.0,1,766,157.0,99.0,10,181.0
14669,192.0,1,766,244.0,193.0,11,181.0
14670,193.0,1,766,60.0,48.0,12,181.0
14671,194.0,1,766,24.0,23.0,13,181.0
14672,140.0,0,770,1.0,7.0,-14,154.0
14673,141.0,0,770,0.0,3.0,-13,154.0
14674,142.0,0,770,4.0,1.0,-12,154.0
14675,143.0,0,770,3.0,2.0,-11,154.0
14676,144.0,0,770,2.0,4.0,-10,154.0
14677,145.0,0,770,3.0,2.0,-9,154.0
14678,146.0,0,770,4.0,3.0,-8,154.0
14679,147.0,0,770,3.0,2.0,-7,154.0
14680,148.0,0,770,2.0,3.0,-6,154.0
14681,149.0,0,770,1.0,1.0,-5,154.0
14682,150.0,0,770,7.0,0.0,-4,154.0
14683,151.0,0,770,3.0,8.0,-3,154.0
14684,152.0,0,770,4.0,2.0,-2,154.0
14685,153.0,0,770,80.0,54.0,-1,154.0
14686,154.0,1,770,21.0,8.0,0,154.0
14687,155.0,1,770,6.0,3.0,1,154.0
14688,156.0,1,770,3.0,6.0,2,154.0
14689,157.0,1,770,1.0,5.0,3,154.0
14690,158.0,1,770,2.0,4.0,4,154.0
14691,159.0,1,770,0.0,3.0,5,154.0
14692,160.0,1,770,3.0,2.0,6,154.0
14693,161.0,1,770,5.0,8.0,7,154.0
14694,162.0,1,770,4.0,5.0,8,154.0
14695,163.0,1,770,14.0,14.0,9,154.0
14696,164.0,1,770,2.0,7.0,10,154.0
14697,165.0,1,770,4.0,7.0,11,154.0
14698,166.0,1,770,2.0,5.0,12,154.0
14699,167.0,1,770,0.0,2.0,13,154.0
14700,120.0,0,771,112.0,1075.0,-14,134.0
14701,121.0,0,771,123.0,1773.0,-13,134.0
14702,122.0,0,771,100.0,1677.0,-12,134.0
14703,123.0,0,771,96.0,1652.0,-11,134.0
14704,124.0,0,771,120.0,1748.0,-10,134.0
14705,125.0,0,771,214.0,1498.0,-9,134.0
14706,126.0,0,771,75.0,1260.0,-8,134.0
14707,127.0,0,771,75.0,1077.0,-7,134.0
14708,128.0,0,771,76.0,1296.0,-6,134.0
14709,129.0,0,771,83.0,1332.0,-5,134.0
14710,130.0,0,771,55.0,1216.0,-4,134.0
14711,131.0,0,771,72.0,1062.0,-3,134.0
14712,132.0,0,771,65.0,1276.0,-2,134.0
14713,133.0,0,771,125.0,1299.0,-1,134.0
14714,134.0,1,771,107.0,1142.0,0,134.0
14715,135.0,1,771,84.0,1641.0,1,134.0
14716,136.0,1,771,75.0,2314.0,2,134.0
14717,137.0,1,771,68.0,1741.0,3,134.0
14718,138.0,1,771,64.0,1521.0,4,134.0
14719,139.0,1,771,63.0,1282.0,5,134.0
14720,140.0,1,771,59.0,1171.0,6,134.0
14721,141.0,1,771,95.0,1737.0,7,134.0
14722,142.0,1,771,72.0,1680.0,8,134.0
14723,143.0,1,771,59.0,1655.0,9,134.0
14724,144.0,1,771,75.0,1103.0,10,134.0
14725,145.0,1,771,46.0,1461.0,11,134.0
14726,146.0,1,771,42.0,1099.0,12,134.0
14727,147.0,1,771,45.0,935.0,13,134.0
14728,154.0,0,773,366.0,746.0,-14,168.0
14729,155.0,0,773,127.0,397.0,-13,168.0
14730,156.0,0,773,77.0,134.0,-12,168.0
14731,157.0,0,773,27.0,77.0,-11,168.0
14732,158.0,0,773,55.0,164.0,-10,168.0
14733,159.0,0,773,498.0,1236.0,-9,168.0
14734,160.0,0,773,119.0,251.0,-8,168.0
14735,161.0,0,773,50.0,135.0,-7,168.0
14736,162.0,0,773,297.0,612.0,-6,168.0
14737,163.0,0,773,168.0,324.0,-5,168.0
14738,164.0,0,773,88.0,247.0,-4,168.0
14739,165.0,0,773,107.0,256.0,-3,168.0
14740,166.0,0,773,63.0,131.0,-2,168.0
14741,167.0,0,773,165.0,258.0,-1,168.0
14742,168.0,1,773,107.0,191.0,0,168.0
14743,169.0,1,773,53.0,139.0,1,168.0
14744,170.0,1,773,75.0,139.0,2,168.0
14745,171.0,1,773,39.0,80.0,3,168.0
14746,172.0,1,773,59.0,132.0,4,168.0
14747,173.0,1,773,100.0,212.0,5,168.0
14748,174.0,1,773,43.0,118.0,6,168.0
14749,175.0,1,773,24.0,71.0,7,168.0
14750,176.0,1,773,224.0,430.0,8,168.0
14751,177.0,1,773,138.0,289.0,9,168.0
14752,178.0,1,773,83.0,172.0,10,168.0
14753,179.0,1,773,45.0,150.0,11,168.0
14754,180.0,1,773,167.0,335.0,12,168.0
14755,181.0,1,773,26.0,87.0,13,168.0
14756,148.0,0,774,54.0,129.0,-14,162.0
14757,149.0,0,774,37.0,96.0,-13,162.0
14758,150.0,0,774,99.0,253.0,-12,162.0
14759,151.0,0,774,43.0,150.0,-11,162.0
14760,152.0,0,774,36.0,150.0,-10,162.0
14761,153.0,0,774,56.0,129.0,-9,162.0
14762,154.0,0,774,105.0,250.0,-8,162.0
14763,155.0,0,774,82.0,213.0,-7,162.0
14764,156.0,0,774,88.0,253.0,-6,162.0
14765,157.0,0,774,54.0,163.0,-5,162.0
14766,158.0,0,774,22.0,84.0,-4,162.0
14767,159.0,0,774,19.0,86.0,-3,162.0
14768,160.0,0,774,16.0,48.0,-2,162.0
14769,161.0,0,774,13.0,63.0,-1,162.0
14770,162.0,1,774,127.0,99.0,0,162.0
14771,163.0,1,774,31.0,128.0,1,162.0
14772,164.0,1,774,32.0,113.0,2,162.0
14773,165.0,1,774,21.0,102.0,3,162.0
14774,166.0,1,774,24.0,105.0,4,162.0
14775,167.0,1,774,17.0,94.0,5,162.0
14776,168.0,1,774,10.0,55.0,6,162.0
14777,169.0,1,774,13.0,53.0,7,162.0
14778,170.0,1,774,24.0,110.0,8,162.0
14779,171.0,1,774,36.0,120.0,9,162.0
14780,172.0,1,774,21.0,62.0,10,162.0
14781,173.0,1,774,16.0,103.0,11,162.0
14782,174.0,1,774,7.0,54.0,12,162.0
14783,175.0,1,774,9.0,52.0,13,162.0
14784,259.0,0,777,1.0,0.0,-14,273.0
14785,260.0,0,777,4.0,0.0,-13,273.0
14786,261.0,0,777,1.0,1.0,-12,273.0
14787,262.0,0,777,4.0,0.0,-11,273.0
14788,263.0,0,777,6.0,0.0,-10,273.0
14789,264.0,0,777,3.0,2.0,-9,273.0
14790,265.0,0,777,4.0,1.0,-8,273.0
14791,266.0,0,777,1.0,1.0,-7,273.0
14792,267.0,0,777,2.0,1.0,-6,273.0
14793,268.0,0,777,0.0,1.0,-5,273.0
14794,269.0,0,777,0.0,0.0,-4,273.0
14795,270.0,0,777,9.0,3.0,-3,273.0
14796,271.0,0,777,7.0,0.0,-2,273.0
14797,272.0,0,777,46.0,33.0,-1,273.0
14798,273.0,1,777,75.0,30.0,0,273.0
14799,274.0,1,777,4.0,2.0,1,273.0
14800,275.0,1,777,65.0,47.0,2,273.0
14801,276.0,1,777,81.0,39.0,3,273.0
14802,277.0,1,777,3.0,7.0,4,273.0
14803,278.0,1,777,4.0,2.0,5,273.0
14804,279.0,1,777,4.0,1.0,6,273.0
14805,280.0,1,777,19.0,14.0,7,273.0
14806,281.0,1,777,21.0,12.0,8,273.0
14807,282.0,1,777,3.0,5.0,9,273.0
14808,283.0,1,777,1.0,0.0,10,273.0
14809,284.0,1,777,3.0,1.0,11,273.0
14810,285.0,1,777,0.0,5.0,12,273.0
14811,286.0,1,777,2.0,1.0,13,273.0
14812,179.0,0,780,0.0,2.0,-14,193.0
14813,180.0,0,780,2.0,4.0,-13,193.0
14814,181.0,0,780,3.0,6.0,-12,193.0
14815,182.0,0,780,0.0,7.0,-11,193.0
14816,183.0,0,780,3.0,1.0,-10,193.0
14817,184.0,0,780,2.0,3.0,-9,193.0
14818,185.0,0,780,2.0,3.0,-8,193.0
14819,186.0,0,780,0.0,2.0,-7,193.0
14820,187.0,0,780,3.0,18.0,-6,193.0
14821,188.0,0,780,3.0,5.0,-5,193.0
14822,189.0,0,780,1026.0,1132.0,-4,193.0
14823,190.0,0,780,170.0,291.0,-3,193.0
14824,191.0,0,780,67.0,96.0,-2,193.0
14825,192.0,0,780,37.0,47.0,-1,193.0
14826,193.0,1,780,68.0,48.0,0,193.0
14827,194.0,1,780,13.0,63.0,1,193.0
14828,195.0,1,780,26.0,15.0,2,193.0
14829,196.0,1,780,11.0,9.0,3,193.0
14830,197.0,1,780,3.0,10.0,4,193.0
14831,198.0,1,780,2.0,11.0,5,193.0
14832,199.0,1,780,5.0,10.0,6,193.0
14833,200.0,1,780,3.0,3.0,7,193.0
14834,201.0,1,780,3.0,7.0,8,193.0
14835,202.0,1,780,4.0,7.0,9,193.0
14836,203.0,1,780,2.0,3.0,10,193.0
14837,204.0,1,780,4.0,4.0,11,193.0
14838,205.0,1,780,2.0,6.0,12,193.0
14839,206.0,1,780,3.0,6.0,13,193.0
14840,39.0,0,781,1864.0,25506.0,-14,53.0
14841,40.0,0,781,1229.0,18643.0,-13,53.0
14842,41.0,0,781,1221.0,22437.0,-12,53.0
14843,42.0,0,781,885.0,9713.0,-11,53.0
14844,43.0,0,781,716.0,7145.0,-10,53.0
14845,44.0,0,781,1083.0,16563.0,-9,53.0
14846,45.0,0,781,710.0,7633.0,-8,53.0
14847,46.0,0,781,666.0,7153.0,-7,53.0
14848,47.0,0,781,789.0,5336.0,-6,53.0
14849,48.0,0,781,979.0,7053.0,-5,53.0
14850,49.0,0,781,464.0,2620.0,-4,53.0
14851,50.0,0,781,529.0,2682.0,-3,53.0
14852,51.0,0,781,394.0,2322.0,-2,53.0
14853,52.0,0,781,339.0,2338.0,-1,53.0
14854,53.0,1,781,604.0,5419.0,0,53.0
14855,54.0,1,781,315.0,4697.0,1,53.0
14856,55.0,1,781,137.0,2081.0,2,53.0
14857,56.0,1,781,218.0,2207.0,3,53.0
14858,57.0,1,781,602.0,4552.0,4,53.0
14859,58.0,1,781,347.0,2794.0,5,53.0
14860,59.0,1,781,261.0,3153.0,6,53.0
14861,60.0,1,781,166.0,1637.0,7,53.0
14862,61.0,1,781,140.0,1989.0,8,53.0
14863,62.0,1,781,189.0,2610.0,9,53.0
14864,63.0,1,781,120.0,1444.0,10,53.0
14865,64.0,1,781,41.0,608.0,11,53.0
14866,65.0,1,781,88.0,1252.0,12,53.0
14867,66.0,1,781,71.0,907.0,13,53.0
14868,134.0,0,786,6.0,10.0,-14,148.0
14869,135.0,0,786,2.0,3.0,-13,148.0
14870,136.0,0,786,1.0,1.0,-12,148.0
14871,137.0,0,786,0.0,2.0,-11,148.0
14872,138.0,0,786,0.0,2.0,-10,148.0
14873,139.0,0,786,1.0,2.0,-9,148.0
14874,140.0,0,786,1.0,5.0,-8,148.0
14875,141.0,0,786,1.0,1.0,-7,148.0
14876,142.0,0,786,0.0,2.0,-6,148.0
14877,143.0,0,786,3.0,4.0,-5,148.0
14878,144.0,0,786,3.0,4.0,-4,148.0
14879,145.0,0,786,1.0,1.0,-3,148.0
14880,146.0,0,786,47.0,48.0,-2,148.0
14881,147.0,0,786,59.0,42.0,-1,148.0
14882,148.0,1,786,31.0,8.0,0,148.0
14883,149.0,1,786,6.0,3.0,1,148.0
14884,150.0,1,786,15.0,27.0,2,148.0
14885,151.0,1,786,29.0,51.0,3,148.0
14886,152.0,1,786,5.0,8.0,4,148.0
14887,153.0,1,786,7.0,9.0,5,148.0
14888,154.0,1,786,8.0,3.0,6,148.0
14889,155.0,1,786,2.0,0.0,7,148.0
14890,156.0,1,786,1.0,2.0,8,148.0
14891,157.0,1,786,0.0,2.0,9,148.0
14892,158.0,1,786,1.0,6.0,10,148.0
14893,159.0,1,786,0.0,1.0,11,148.0
14894,160.0,1,786,0.0,0.0,12,148.0
14895,161.0,1,786,13.0,12.0,13,148.0
14896,123.0,0,787,34.0,163.0,-14,137.0
14897,124.0,0,787,27.0,166.0,-13,137.0
14898,125.0,0,787,97.0,416.0,-12,137.0
14899,126.0,0,787,26.0,120.0,-11,137.0
14900,127.0,0,787,60.0,274.0,-10,137.0
14901,128.0,0,787,71.0,307.0,-9,137.0
14902,129.0,0,787,308.0,383.0,-8,137.0
14903,130.0,0,787,28.0,113.0,-7,137.0
14904,131.0,0,787,21.0,104.0,-6,137.0
14905,132.0,0,787,28.0,148.0,-5,137.0
14906,133.0,0,787,22.0,120.0,-4,137.0
14907,134.0,0,787,124.0,238.0,-3,137.0
14908,135.0,0,787,50.0,199.0,-2,137.0
14909,136.0,0,787,131.0,371.0,-1,137.0
14910,137.0,1,787,160.0,277.0,0,137.0
14911,138.0,1,787,28.0,154.0,1,137.0
14912,139.0,1,787,112.0,360.0,2,137.0
14913,140.0,1,787,104.0,177.0,3,137.0
14914,141.0,1,787,104.0,204.0,4,137.0
14915,142.0,1,787,103.0,160.0,5,137.0
14916,143.0,1,787,45.0,165.0,6,137.0
14917,144.0,1,787,32.0,132.0,7,137.0
14918,145.0,1,787,39.0,162.0,8,137.0
14919,146.0,1,787,19.0,130.0,9,137.0
14920,147.0,1,787,44.0,231.0,10,137.0
14921,148.0,1,787,193.0,391.0,11,137.0
14922,149.0,1,787,66.0,154.0,12,137.0
14923,150.0,1,787,45.0,111.0,13,137.0
14924,41.0,0,788,19.0,56.0,-14,55.0
14925,42.0,0,788,16.0,50.0,-13,55.0
14926,43.0,0,788,52.0,112.0,-12,55.0
14927,44.0,0,788,207.0,422.0,-11,55.0
14928,45.0,0,788,80.0,176.0,-10,55.0
14929,46.0,0,788,59.0,143.0,-9,55.0
14930,47.0,0,788,23.0,87.0,-8,55.0
14931,48.0,0,788,12.0,38.0,-7,55.0
14932,49.0,0,788,27.0,66.0,-6,55.0
14933,50.0,0,788,19.0,38.0,-5,55.0
14934,51.0,0,788,10.0,20.0,-4,55.0
14935,52.0,0,788,56.0,106.0,-3,55.0
14936,53.0,0,788,42.0,135.0,-2,55.0
14937,54.0,0,788,32.0,86.0,-1,55.0
14938,55.0,1,788,91.0,141.0,0,55.0
14939,56.0,1,788,22.0,36.0,1,55.0
14940,57.0,1,788,6.0,23.0,2,55.0
14941,58.0,1,788,18.0,40.0,3,55.0
14942,59.0,1,788,15.0,29.0,4,55.0
14943,60.0,1,788,5.0,26.0,5,55.0
14944,61.0,1,788,14.0,50.0,6,55.0
14945,62.0,1,788,29.0,34.0,7,55.0
14946,63.0,1,788,5.0,15.0,8,55.0
14947,64.0,1,788,6.0,12.0,9,55.0
14948,65.0,1,788,5.0,19.0,10,55.0
14949,66.0,1,788,9.0,19.0,11,55.0
14950,67.0,1,788,8.0,12.0,12,55.0
14951,68.0,1,788,3.0,14.0,13,55.0
14952,29.0,0,790,0.0,0.0,-14,43.0
14953,30.0,0,790,0.0,0.0,-13,43.0
14954,31.0,0,790,0.0,0.0,-12,43.0
14955,32.0,0,790,0.0,0.0,-11,43.0
14956,33.0,0,790,0.0,0.0,-10,43.0
14957,34.0,0,790,0.0,0.0,-9,43.0
14958,35.0,0,790,76.0,131.0,-8,43.0
14959,36.0,0,790,684.0,1183.0,-7,43.0
14960,37.0,0,790,749.0,1759.0,-6,43.0
14961,38.0,0,790,588.0,1276.0,-5,43.0
14962,39.0,0,790,386.0,851.0,-4,43.0
14963,40.0,0,790,434.0,855.0,-3,43.0
14964,41.0,0,790,1449.0,1675.0,-2,43.0
14965,42.0,0,790,1722.0,1820.0,-1,43.0
14966,43.0,1,790,472.0,598.0,0,43.0
14967,44.0,1,790,453.0,855.0,1,43.0
14968,45.0,1,790,247.0,525.0,2,43.0
14969,46.0,1,790,60.0,280.0,3,43.0
14970,47.0,1,790,49.0,188.0,4,43.0
14971,48.0,1,790,56.0,223.0,5,43.0
14972,49.0,1,790,157.0,382.0,6,43.0
14973,50.0,1,790,252.0,656.0,7,43.0
14974,51.0,1,790,139.0,354.0,8,43.0
14975,52.0,1,790,83.0,243.0,9,43.0
14976,53.0,1,790,43.0,194.0,10,43.0
14977,54.0,1,790,107.0,263.0,11,43.0
14978,55.0,1,790,67.0,216.0,12,43.0
14979,56.0,1,790,42.0,130.0,13,43.0
14980,188.0,0,791,27.0,12.0,-14,202.0
14981,189.0,0,791,72.0,49.0,-13,202.0
14982,190.0,0,791,151.0,95.0,-12,202.0
14983,191.0,0,791,12.0,15.0,-11,202.0
14984,192.0,0,791,15.0,17.0,-10,202.0
14985,193.0,0,791,268.0,83.0,-9,202.0
14986,194.0,0,791,176.0,62.0,-8,202.0
14987,195.0,0,791,52.0,22.0,-7,202.0
14988,196.0,0,791,104.0,41.0,-6,202.0
14989,197.0,0,791,50.0,20.0,-5,202.0
14990,198.0,0,791,60.0,23.0,-4,202.0
14991,199.0,0,791,125.0,39.0,-3,202.0
14992,200.0,0,791,16.0,9.0,-2,202.0
14993,201.0,0,791,26.0,13.0,-1,202.0
14994,202.0,1,791,41.0,14.0,0,202.0
14995,203.0,1,791,25.0,14.0,1,202.0
14996,204.0,1,791,63.0,29.0,2,202.0
14997,205.0,1,791,123.0,58.0,3,202.0
14998,206.0,1,791,22.0,6.0,4,202.0
14999,207.0,1,791,13.0,14.0,5,202.0
15000,208.0,1,791,11.0,3.0,6,202.0
15001,209.0,1,791,2.0,5.0,7,202.0
15002,210.0,1,791,12.0,10.0,8,202.0
15003,211.0,1,791,6.0,5.0,9,202.0
15004,212.0,1,791,13.0,4.0,10,202.0
15005,213.0,1,791,10.0,8.0,11,202.0
15006,214.0,1,791,14.0,9.0,12,202.0
15007,215.0,1,791,18.0,13.0,13,202.0
15008,156.0,0,792,5.0,3.0,-14,170.0
15009,157.0,0,792,3.0,3.0,-13,170.0
15010,158.0,0,792,3.0,0.0,-12,170.0
15011,159.0,0,792,0.0,2.0,-11,170.0
15012,160.0,0,792,1.0,1.0,-10,170.0
15013,161.0,0,792,1.0,1.0,-9,170.0
15014,162.0,0,792,132.0,172.0,-8,170.0
15015,163.0,0,792,37.0,29.0,-7,170.0
15016,164.0,0,792,29.0,17.0,-6,170.0
15017,165.0,0,792,5.0,8.0,-5,170.0
15018,166.0,0,792,7.0,10.0,-4,170.0
15019,167.0,0,792,60.0,53.0,-3,170.0
15020,168.0,0,792,10.0,16.0,-2,170.0
15021,169.0,0,792,142.0,109.0,-1,170.0
15022,170.0,1,792,138.0,133.0,0,170.0
15023,171.0,1,792,48.0,43.0,1,170.0
15024,172.0,1,792,15.0,16.0,2,170.0
15025,173.0,1,792,3.0,7.0,3,170.0
15026,174.0,1,792,5.0,5.0,4,170.0
15027,175.0,1,792,6.0,13.0,5,170.0
15028,176.0,1,792,17.0,32.0,6,170.0
15029,177.0,1,792,14.0,27.0,7,170.0
15030,178.0,1,792,131.0,73.0,8,170.0
15031,179.0,1,792,27.0,21.0,9,170.0
15032,180.0,1,792,132.0,92.0,10,170.0
15033,181.0,1,792,30.0,35.0,11,170.0
15034,182.0,1,792,11.0,16.0,12,170.0
15035,183.0,1,792,49.0,46.0,13,170.0
15036,205.0,0,794,46.0,46.0,-14,219.0
15037,206.0,0,794,12.0,22.0,-13,219.0
15038,207.0,0,794,5.0,21.0,-12,219.0
15039,208.0,0,794,3.0,7.0,-11,219.0
15040,209.0,0,794,7.0,14.0,-10,219.0
15041,210.0,0,794,2.0,8.0,-9,219.0
15042,211.0,0,794,11.0,21.0,-8,219.0
15043,212.0,0,794,21.0,26.0,-7,219.0
15044,213.0,0,794,6.0,14.0,-6,219.0
15045,214.0,0,794,9.0,16.0,-5,219.0
15046,215.0,0,794,2.0,9.0,-4,219.0
15047,216.0,0,794,3.0,6.0,-3,219.0
15048,217.0,0,794,3.0,12.0,-2,219.0
15049,218.0,0,794,13.0,16.0,-1,219.0
15050,219.0,1,794,25.0,33.0,0,219.0
15051,220.0,1,794,21.0,21.0,1,219.0
15052,221.0,1,794,15.0,18.0,2,219.0
15053,222.0,1,794,4.0,7.0,3,219.0
15054,223.0,1,794,1.0,6.0,4,219.0
15055,224.0,1,794,3.0,13.0,5,219.0
15056,225.0,1,794,19.0,28.0,6,219.0
15057,226.0,1,794,24.0,40.0,7,219.0
15058,227.0,1,794,10.0,13.0,8,219.0
15059,228.0,1,794,5.0,8.0,9,219.0
15060,229.0,1,794,2.0,8.0,10,219.0
15061,230.0,1,794,5.0,5.0,11,219.0
15062,231.0,1,794,4.0,9.0,12,219.0
15063,232.0,1,794,15.0,38.0,13,219.0
15064,193.0,0,795,0.0,0.0,-14,207.0
15065,194.0,0,795,2.0,2.0,-13,207.0
15066,195.0,0,795,1.0,0.0,-12,207.0
15067,196.0,0,795,1.0,0.0,-11,207.0
15068,197.0,0,795,1.0,0.0,-10,207.0
15069,198.0,0,795,1.0,1.0,-9,207.0
15070,199.0,0,795,2.0,0.0,-8,207.0
15071,200.0,0,795,4.0,0.0,-7,207.0
15072,201.0,0,795,0.0,1.0,-6,207.0
15073,202.0,0,795,3.0,0.0,-5,207.0
15074,203.0,0,795,0.0,1.0,-4,207.0
15075,204.0,0,795,2.0,1.0,-3,207.0
15076,205.0,0,795,0.0,1.0,-2,207.0
15077,206.0,0,795,1.0,0.0,-1,207.0
15078,207.0,1,795,2.0,2.0,0,207.0
15079,208.0,1,795,1.0,1.0,1,207.0
15080,209.0,1,795,0.0,0.0,2,207.0
15081,210.0,1,795,0.0,0.0,3,207.0
15082,211.0,1,795,9.0,5.0,4,207.0
15083,212.0,1,795,1.0,3.0,5,207.0
15084,213.0,1,795,2.0,1.0,6,207.0
15085,214.0,1,795,0.0,0.0,7,207.0
15086,215.0,1,795,1.0,1.0,8,207.0
15087,216.0,1,795,1.0,1.0,9,207.0
15088,217.0,1,795,1.0,1.0,10,207.0
15089,218.0,1,795,4.0,2.0,11,207.0
15090,219.0,1,795,1.0,0.0,12,207.0
15091,220.0,1,795,0.0,2.0,13,207.0
15092,37.0,0,796,0.0,0.0,-14,51.0
15093,38.0,0,796,0.0,0.0,-13,51.0
15094,39.0,0,796,0.0,0.0,-12,51.0
15095,40.0,0,796,589.0,1014.0,-11,51.0
15096,41.0,0,796,472.0,973.0,-10,51.0
15097,42.0,0,796,1417.0,1746.0,-9,51.0
15098,43.0,0,796,1897.0,1967.0,-8,51.0
15099,44.0,0,796,2943.0,3023.0,-7,51.0
15100,45.0,0,796,4091.0,4086.0,-6,51.0
15101,46.0,0,796,3014.0,3209.0,-5,51.0
15102,47.0,0,796,1989.0,2407.0,-4,51.0
15103,48.0,0,796,3015.0,3304.0,-3,51.0
15104,49.0,0,796,2887.0,2914.0,-2,51.0
15105,50.0,0,796,1987.0,2528.0,-1,51.0
15106,51.0,1,796,1507.0,2934.0,0,51.0
15107,52.0,1,796,1093.0,2105.0,1,51.0
15108,53.0,1,796,808.0,1994.0,2,51.0
15109,54.0,1,796,451.0,1177.0,3,51.0
15110,55.0,1,796,1230.0,2887.0,4,51.0
15111,56.0,1,796,1277.0,2925.0,5,51.0
15112,57.0,1,796,269.0,766.0,6,51.0
15113,58.0,1,796,1809.0,3997.0,7,51.0
15114,59.0,1,796,1035.0,2596.0,8,51.0
15115,60.0,1,796,237.0,679.0,9,51.0
15116,61.0,1,796,134.0,372.0,10,51.0
15117,62.0,1,796,609.0,1628.0,11,51.0
15118,63.0,1,796,111.0,418.0,12,51.0
15119,64.0,1,796,95.0,324.0,13,51.0
15120,164.0,0,797,44.0,133.0,-14,178.0
15121,165.0,0,797,25.0,49.0,-13,178.0
15122,166.0,0,797,17.0,86.0,-12,178.0
15123,167.0,0,797,14.0,54.0,-11,178.0
15124,168.0,0,797,18.0,50.0,-10,178.0
15125,169.0,0,797,22.0,59.0,-9,178.0
15126,170.0,0,797,8.0,30.0,-8,178.0
15127,171.0,0,797,58.0,84.0,-7,178.0
15128,172.0,0,797,78.0,169.0,-6,178.0
15129,173.0,0,797,50.0,158.0,-5,178.0
15130,174.0,0,797,16.0,44.0,-4,178.0
15131,175.0,0,797,21.0,66.0,-3,178.0
15132,176.0,0,797,27.0,95.0,-2,178.0
15133,177.0,0,797,37.0,130.0,-1,178.0
15134,178.0,1,797,161.0,399.0,0,178.0
15135,179.0,1,797,100.0,359.0,1,178.0
15136,180.0,1,797,22.0,84.0,2,178.0
15137,181.0,1,797,31.0,95.0,3,178.0
15138,182.0,1,797,18.0,47.0,4,178.0
15139,183.0,1,797,2.0,34.0,5,178.0
15140,184.0,1,797,7.0,35.0,6,178.0
15141,185.0,1,797,29.0,51.0,7,178.0
15142,186.0,1,797,8.0,52.0,8,178.0
15143,187.0,1,797,28.0,117.0,9,178.0
15144,188.0,1,797,14.0,78.0,10,178.0
15145,189.0,1,797,35.0,138.0,11,178.0
15146,190.0,1,797,24.0,70.0,12,178.0
15147,191.0,1,797,9.0,37.0,13,178.0
15148,74.0,0,799,94.0,66.0,-14,88.0
15149,75.0,0,799,45.0,32.0,-13,88.0
15150,76.0,0,799,52.0,23.0,-12,88.0
15151,77.0,0,799,92.0,33.0,-11,88.0
15152,78.0,0,799,37.0,19.0,-10,88.0
15153,79.0,0,799,107.0,37.0,-9,88.0
15154,80.0,0,799,110.0,99.0,-8,88.0
15155,81.0,0,799,182.0,176.0,-7,88.0
15156,82.0,0,799,127.0,133.0,-6,88.0
15157,83.0,0,799,108.0,101.0,-5,88.0
15158,84.0,0,799,23.0,19.0,-4,88.0
15159,85.0,0,799,77.0,76.0,-3,88.0
15160,86.0,0,799,79.0,56.0,-2,88.0
15161,87.0,0,799,1496.0,1273.0,-1,88.0
15162,88.0,1,799,1134.0,1094.0,0,88.0
15163,89.0,1,799,493.0,319.0,1,88.0
15164,90.0,1,799,145.0,108.0,2,88.0
15165,91.0,1,799,48.0,62.0,3,88.0
15166,92.0,1,799,74.0,63.0,4,88.0
15167,93.0,1,799,118.0,156.0,5,88.0
15168,94.0,1,799,38.0,51.0,6,88.0
15169,95.0,1,799,88.0,97.0,7,88.0
15170,96.0,1,799,34.0,43.0,8,88.0
15171,97.0,1,799,22.0,27.0,9,88.0
15172,98.0,1,799,18.0,23.0,10,88.0
15173,99.0,1,799,16.0,24.0,11,88.0
15174,100.0,1,799,38.0,52.0,12,88.0
15175,101.0,1,799,32.0,52.0,13,88.0
15176,226.0,0,800,11.0,27.0,-14,240.0
15177,227.0,0,800,16.0,12.0,-13,240.0
15178,228.0,0,800,6.0,13.0,-12,240.0
15179,229.0,0,800,11.0,17.0,-11,240.0
15180,230.0,0,800,44.0,40.0,-10,240.0
15181,231.0,0,800,15.0,4.0,-9,240.0
15182,232.0,0,800,2.0,17.0,-8,240.0
15183,233.0,0,800,14.0,18.0,-7,240.0
15184,234.0,0,800,35.0,47.0,-6,240.0
15185,235.0,0,800,110.0,161.0,-5,240.0
15186,236.0,0,800,269.0,334.0,-4,240.0
15187,237.0,0,800,215.0,293.0,-3,240.0
15188,238.0,0,800,137.0,192.0,-2,240.0
15189,239.0,0,800,38.0,44.0,-1,240.0
15190,240.0,1,800,74.0,82.0,0,240.0
15191,241.0,1,800,138.0,185.0,1,240.0
15192,242.0,1,800,385.0,588.0,2,240.0
15193,243.0,1,800,173.0,261.0,3,240.0
15194,244.0,1,800,60.0,99.0,4,240.0
15195,245.0,1,800,34.0,37.0,5,240.0
15196,246.0,1,800,21.0,51.0,6,240.0
15197,247.0,1,800,36.0,55.0,7,240.0
15198,248.0,1,800,20.0,23.0,8,240.0
15199,249.0,1,800,65.0,68.0,9,240.0
15200,250.0,1,800,15.0,50.0,10,240.0
15201,251.0,1,800,14.0,35.0,11,240.0
15202,252.0,1,800,11.0,23.0,12,240.0
15203,253.0,1,800,8.0,19.0,13,240.0
15204,53.0,0,801,150.0,263.0,-14,67.0
15205,54.0,0,801,266.0,406.0,-13,67.0
15206,55.0,0,801,677.0,903.0,-12,67.0
15207,56.0,0,801,571.0,573.0,-11,67.0
15208,57.0,0,801,428.0,590.0,-10,67.0
15209,58.0,0,801,399.0,300.0,-9,67.0
15210,59.0,0,801,734.0,500.0,-8,67.0
15211,60.0,0,801,310.0,291.0,-7,67.0
15212,61.0,0,801,156.0,126.0,-6,67.0
15213,62.0,0,801,196.0,165.0,-5,67.0
15214,63.0,0,801,178.0,180.0,-4,67.0
15215,64.0,0,801,224.0,174.0,-3,67.0
15216,65.0,0,801,160.0,148.0,-2,67.0
15217,66.0,0,801,179.0,333.0,-1,67.0
15218,67.0,1,801,132.0,221.0,0,67.0
15219,68.0,1,801,139.0,172.0,1,67.0
15220,69.0,1,801,51.0,101.0,2,67.0
15221,70.0,1,801,115.0,123.0,3,67.0
15222,71.0,1,801,36.0,100.0,4,67.0
15223,72.0,1,801,71.0,93.0,5,67.0
15224,73.0,1,801,85.0,145.0,6,67.0
15225,74.0,1,801,367.0,397.0,7,67.0
15226,75.0,1,801,29.0,54.0,8,67.0
15227,76.0,1,801,59.0,72.0,9,67.0
15228,77.0,1,801,73.0,94.0,10,67.0
15229,78.0,1,801,26.0,53.0,11,67.0
15230,79.0,1,801,64.0,113.0,12,67.0
15231,80.0,1,801,28.0,108.0,13,67.0
15232,29.0,0,803,0.0,1.0,-14,43.0
15233,30.0,0,803,0.0,0.0,-13,43.0
15234,31.0,0,803,0.0,1.0,-12,43.0
15235,32.0,0,803,0.0,1.0,-11,43.0
15236,33.0,0,803,0.0,3.0,-10,43.0
15237,34.0,0,803,0.0,2.0,-9,43.0
15238,35.0,0,803,0.0,2.0,-8,43.0
15239,36.0,0,803,1.0,4.0,-7,43.0
15240,37.0,0,803,0.0,1.0,-6,43.0
15241,38.0,0,803,0.0,9.0,-5,43.0
15242,39.0,0,803,15.0,66.0,-4,43.0
15243,40.0,0,803,1.0,27.0,-3,43.0
15244,41.0,0,803,1.0,13.0,-2,43.0
15245,42.0,0,803,0.0,6.0,-1,43.0
15246,43.0,1,803,19.0,11.0,0,43.0
15247,44.0,1,803,0.0,9.0,1,43.0
15248,45.0,1,803,1.0,11.0,2,43.0
15249,46.0,1,803,1.0,4.0,3,43.0
15250,47.0,1,803,0.0,11.0,4,43.0
15251,48.0,1,803,3.0,22.0,5,43.0
15252,49.0,1,803,0.0,16.0,6,43.0
15253,50.0,1,803,0.0,7.0,7,43.0
15254,51.0,1,803,1.0,12.0,8,43.0
15255,52.0,1,803,1.0,4.0,9,43.0
15256,53.0,1,803,0.0,12.0,10,43.0
15257,54.0,1,803,1.0,15.0,11,43.0
15258,55.0,1,803,1.0,10.0,12,43.0
15259,56.0,1,803,2.0,2.0,13,43.0
15260,39.0,0,804,2891.0,30319.0,-14,53.0
15261,40.0,0,804,2258.0,21981.0,-13,53.0
15262,41.0,0,804,1790.0,14109.0,-12,53.0
15263,42.0,0,804,1518.0,17774.0,-11,53.0
15264,43.0,0,804,648.0,5209.0,-10,53.0
15265,44.0,0,804,750.0,6430.0,-9,53.0
15266,45.0,0,804,1081.0,11243.0,-8,53.0
15267,46.0,0,804,889.0,7488.0,-7,53.0
15268,47.0,0,804,1280.0,7054.0,-6,53.0
15269,48.0,0,804,968.0,5827.0,-5,53.0
15270,49.0,0,804,502.0,4697.0,-4,53.0
15271,50.0,0,804,854.0,5428.0,-3,53.0
15272,51.0,0,804,649.0,3528.0,-2,53.0
15273,52.0,0,804,581.0,5150.0,-1,53.0
15274,53.0,1,804,396.0,3181.0,0,53.0
15275,54.0,1,804,428.0,4459.0,1,53.0
15276,55.0,1,804,382.0,2927.0,2,53.0
15277,56.0,1,804,226.0,2560.0,3,53.0
15278,57.0,1,804,543.0,4448.0,4,53.0
15279,58.0,1,804,752.0,5806.0,5,53.0
15280,59.0,1,804,808.0,6550.0,6,53.0
15281,60.0,1,804,204.0,1518.0,7,53.0
15282,61.0,1,804,70.0,673.0,8,53.0
15283,62.0,1,804,329.0,1979.0,9,53.0
15284,63.0,1,804,187.0,2184.0,10,53.0
15285,64.0,1,804,112.0,1211.0,11,53.0
15286,65.0,1,804,80.0,934.0,12,53.0
15287,66.0,1,804,171.0,2010.0,13,53.0
15288,127.0,0,805,3.0,4.0,-14,141.0
15289,128.0,0,805,3.0,2.0,-13,141.0
15290,129.0,0,805,4.0,7.0,-12,141.0
15291,130.0,0,805,6.0,9.0,-11,141.0
15292,131.0,0,805,4.0,4.0,-10,141.0
15293,132.0,0,805,9.0,16.0,-9,141.0
15294,133.0,0,805,12.0,10.0,-8,141.0
15295,134.0,0,805,5.0,7.0,-7,141.0
15296,135.0,0,805,3.0,6.0,-6,141.0
15297,136.0,0,805,12.0,6.0,-5,141.0
15298,137.0,0,805,7.0,6.0,-4,141.0
15299,138.0,0,805,6.0,9.0,-3,141.0
15300,139.0,0,805,1.0,2.0,-2,141.0
15301,140.0,0,805,8.0,12.0,-1,141.0
15302,141.0,1,805,14.0,11.0,0,141.0
15303,142.0,1,805,3.0,3.0,1,141.0
15304,143.0,1,805,14.0,23.0,2,141.0
15305,144.0,1,805,5.0,14.0,3,141.0
15306,145.0,1,805,8.0,9.0,4,141.0
15307,146.0,1,805,3.0,5.0,5,141.0
15308,147.0,1,805,21.0,10.0,6,141.0
15309,148.0,1,805,6.0,6.0,7,141.0
15310,149.0,1,805,3.0,4.0,8,141.0
15311,150.0,1,805,0.0,3.0,9,141.0
15312,151.0,1,805,32.0,225.0,10,141.0
15313,152.0,1,805,44.0,427.0,11,141.0
15314,153.0,1,805,12.0,129.0,12,141.0
15315,154.0,1,805,6.0,14.0,13,141.0
15316,314.0,0,807,0.0,0.0,-14,328.0
15317,315.0,0,807,0.0,0.0,-13,328.0
15318,316.0,0,807,0.0,0.0,-12,328.0
15319,317.0,0,807,0.0,0.0,-11,328.0
15320,318.0,0,807,0.0,0.0,-10,328.0
15321,319.0,0,807,0.0,0.0,-9,328.0
15322,320.0,0,807,0.0,0.0,-8,328.0
15323,321.0,0,807,0.0,0.0,-7,328.0
15324,322.0,0,807,0.0,0.0,-6,328.0
15325,323.0,0,807,0.0,0.0,-5,328.0
15326,324.0,0,807,0.0,0.0,-4,328.0
15327,325.0,0,807,0.0,0.0,-3,328.0
15328,326.0,0,807,0.0,0.0,-2,328.0
15329,327.0,0,807,0.0,0.0,-1,328.0
15330,328.0,1,807,5.0,0.0,0,328.0
15331,329.0,1,807,0.0,0.0,1,328.0
15332,330.0,1,807,0.0,0.0,2,328.0
15333,331.0,1,807,0.0,0.0,3,328.0
15334,332.0,1,807,0.0,0.0,4,328.0
15335,333.0,1,807,0.0,0.0,5,328.0
15336,334.0,1,807,0.0,0.0,6,328.0
15337,335.0,1,807,0.0,1.0,7,328.0
15338,336.0,1,807,0.0,0.0,8,328.0
15339,337.0,1,807,0.0,0.0,9,328.0
15340,338.0,1,807,0.0,0.0,10,328.0
15341,339.0,1,807,0.0,0.0,11,328.0
15342,340.0,1,807,0.0,1.0,12,328.0
15343,341.0,1,807,0.0,1.0,13,328.0
15344,33.0,0,809,0.0,0.0,-14,47.0
15345,34.0,0,809,0.0,0.0,-13,47.0
15346,35.0,0,809,0.0,0.0,-12,47.0
15347,36.0,0,809,0.0,0.0,-11,47.0
15348,37.0,0,809,0.0,0.0,-10,47.0
15349,38.0,0,809,0.0,0.0,-9,47.0
15350,39.0,0,809,0.0,0.0,-8,47.0
15351,40.0,0,809,0.0,0.0,-7,47.0
15352,41.0,0,809,0.0,0.0,-6,47.0
15353,42.0,0,809,9.0,19.0,-5,47.0
15354,43.0,0,809,420.0,326.0,-4,47.0
15355,44.0,0,809,91.0,122.0,-3,47.0
15356,45.0,0,809,2879.0,3170.0,-2,47.0
15357,46.0,0,809,483.0,713.0,-1,47.0
15358,47.0,1,809,1906.0,2588.0,0,47.0
15359,48.0,1,809,3407.0,4126.0,1,47.0
15360,49.0,1,809,3099.0,4902.0,2,47.0
15361,50.0,1,809,1367.0,2131.0,3,47.0
15362,51.0,1,809,1062.0,2247.0,4,47.0
15363,52.0,1,809,1895.0,3262.0,5,47.0
15364,53.0,1,809,401.0,872.0,6,47.0
15365,54.0,1,809,238.0,621.0,7,47.0
15366,55.0,1,809,1890.0,3594.0,8,47.0
15367,56.0,1,809,1773.0,3152.0,9,47.0
15368,57.0,1,809,319.0,708.0,10,47.0
15369,58.0,1,809,2615.0,4929.0,11,47.0
15370,59.0,1,809,1271.0,2602.0,12,47.0
15371,60.0,1,809,258.0,603.0,13,47.0
15372,53.0,0,810,3.0,12.0,-14,67.0
15373,54.0,0,810,7.0,5.0,-13,67.0
15374,55.0,0,810,3.0,5.0,-12,67.0
15375,56.0,0,810,1.0,7.0,-11,67.0
15376,57.0,0,810,3.0,3.0,-10,67.0
15377,58.0,0,810,4.0,5.0,-9,67.0
15378,59.0,0,810,2.0,6.0,-8,67.0
15379,60.0,0,810,4.0,0.0,-7,67.0
15380,61.0,0,810,1.0,4.0,-6,67.0
15381,62.0,0,810,3.0,7.0,-5,67.0
15382,63.0,0,810,2.0,2.0,-4,67.0
15383,64.0,0,810,2.0,3.0,-3,67.0
15384,65.0,0,810,4.0,5.0,-2,67.0
15385,66.0,0,810,1.0,3.0,-1,67.0
15386,67.0,1,810,22.0,5.0,0,67.0
15387,68.0,1,810,3.0,2.0,1,67.0
15388,69.0,1,810,1.0,6.0,2,67.0
15389,70.0,1,810,0.0,1.0,3,67.0
15390,71.0,1,810,3.0,3.0,4,67.0
15391,72.0,1,810,2.0,2.0,5,67.0
15392,73.0,1,810,2.0,3.0,6,67.0
15393,74.0,1,810,2.0,1.0,7,67.0
15394,75.0,1,810,1.0,3.0,8,67.0
15395,76.0,1,810,1.0,3.0,9,67.0
15396,77.0,1,810,2.0,0.0,10,67.0
15397,78.0,1,810,2.0,2.0,11,67.0
15398,79.0,1,810,2.0,2.0,12,67.0
15399,80.0,1,810,2.0,1.0,13,67.0
15400,90.0,0,811,69.0,183.0,-14,104.0
15401,91.0,0,811,227.0,355.0,-13,104.0
15402,92.0,0,811,326.0,614.0,-12,104.0
15403,93.0,0,811,102.0,225.0,-11,104.0
15404,94.0,0,811,95.0,173.0,-10,104.0
15405,95.0,0,811,85.0,255.0,-9,104.0
15406,96.0,0,811,44.0,114.0,-8,104.0
15407,97.0,0,811,123.0,223.0,-7,104.0
15408,98.0,0,811,67.0,111.0,-6,104.0
15409,99.0,0,811,53.0,139.0,-5,104.0
15410,100.0,0,811,55.0,132.0,-4,104.0
15411,101.0,0,811,544.0,816.0,-3,104.0
15412,102.0,0,811,100.0,400.0,-2,104.0
15413,103.0,0,811,384.0,681.0,-1,104.0
15414,104.0,1,811,339.0,506.0,0,104.0
15415,105.0,1,811,81.0,326.0,1,104.0
15416,106.0,1,811,72.0,213.0,2,104.0
15417,107.0,1,811,432.0,760.0,3,104.0
15418,108.0,1,811,52.0,192.0,4,104.0
15419,109.0,1,811,51.0,184.0,5,104.0
15420,110.0,1,811,33.0,132.0,6,104.0
15421,111.0,1,811,43.0,143.0,7,104.0
15422,112.0,1,811,35.0,141.0,8,104.0
15423,113.0,1,811,39.0,132.0,9,104.0
15424,114.0,1,811,22.0,140.0,10,104.0
15425,115.0,1,811,45.0,121.0,11,104.0
15426,116.0,1,811,38.0,180.0,12,104.0
15427,117.0,1,811,47.0,177.0,13,104.0
15428,164.0,0,812,68.0,38.0,-14,178.0
15429,165.0,0,812,432.0,342.0,-13,178.0
15430,166.0,0,812,160.0,134.0,-12,178.0
15431,167.0,0,812,130.0,80.0,-11,178.0
15432,168.0,0,812,117.0,103.0,-10,178.0
15433,169.0,0,812,375.0,177.0,-9,178.0
15434,170.0,0,812,267.0,169.0,-8,178.0
15435,171.0,0,812,245.0,97.0,-7,178.0
15436,172.0,0,812,124.0,67.0,-6,178.0
15437,173.0,0,812,120.0,78.0,-5,178.0
15438,174.0,0,812,75.0,48.0,-4,178.0
15439,175.0,0,812,60.0,29.0,-3,178.0
15440,176.0,0,812,134.0,58.0,-2,178.0
15441,177.0,0,812,232.0,118.0,-1,178.0
15442,178.0,1,812,152.0,126.0,0,178.0
15443,179.0,1,812,37.0,37.0,1,178.0
15444,180.0,1,812,46.0,39.0,2,178.0
15445,181.0,1,812,62.0,40.0,3,178.0
15446,182.0,1,812,66.0,46.0,4,178.0
15447,183.0,1,812,52.0,43.0,5,178.0
15448,184.0,1,812,52.0,61.0,6,178.0
15449,185.0,1,812,91.0,75.0,7,178.0
15450,186.0,1,812,26.0,15.0,8,178.0
15451,187.0,1,812,21.0,21.0,9,178.0
15452,188.0,1,812,23.0,43.0,10,178.0
15453,189.0,1,812,18.0,11.0,11,178.0
15454,190.0,1,812,21.0,21.0,12,178.0
15455,191.0,1,812,26.0,17.0,13,178.0
15456,3.0,0,813,0.0,11.0,-14,17.0
15457,4.0,0,813,3.0,18.0,-13,17.0
15458,5.0,0,813,0.0,0.0,-12,17.0
15459,6.0,0,813,4.0,22.0,-11,17.0
15460,7.0,0,813,10.0,48.0,-10,17.0
15461,8.0,0,813,3.0,38.0,-9,17.0
15462,9.0,0,813,6.0,60.0,-8,17.0
15463,10.0,0,813,11.0,88.0,-7,17.0
15464,11.0,0,813,2.0,32.0,-6,17.0
15465,12.0,0,813,3.0,19.0,-5,17.0
15466,13.0,0,813,2.0,10.0,-4,17.0
15467,14.0,0,813,1.0,6.0,-3,17.0
15468,15.0,0,813,0.0,7.0,-2,17.0
15469,16.0,0,813,3.0,10.0,-1,17.0
15470,17.0,1,813,14.0,11.0,0,17.0
15471,18.0,1,813,1.0,6.0,1,17.0
15472,19.0,1,813,4.0,17.0,2,17.0
15473,20.0,1,813,4.0,38.0,3,17.0
15474,21.0,1,813,0.0,10.0,4,17.0
15475,22.0,1,813,0.0,11.0,5,17.0
15476,23.0,1,813,0.0,10.0,6,17.0
15477,24.0,1,813,1.0,6.0,7,17.0
15478,25.0,1,813,0.0,9.0,8,17.0
15479,26.0,1,813,1.0,12.0,9,17.0
15480,27.0,1,813,1.0,86.0,10,17.0
15481,28.0,1,813,9.0,131.0,11,17.0
15482,29.0,1,813,4.0,152.0,12,17.0
15483,30.0,1,813,13.0,378.0,13,17.0
15484,163.0,0,814,0.0,0.0,-14,177.0
15485,164.0,0,814,0.0,0.0,-13,177.0
15486,165.0,0,814,0.0,0.0,-12,177.0
15487,166.0,0,814,0.0,0.0,-11,177.0
15488,167.0,0,814,0.0,0.0,-10,177.0
15489,168.0,0,814,0.0,0.0,-9,177.0
15490,169.0,0,814,0.0,0.0,-8,177.0
15491,170.0,0,814,0.0,0.0,-7,177.0
15492,171.0,0,814,0.0,0.0,-6,177.0
15493,172.0,0,814,0.0,0.0,-5,177.0
15494,173.0,0,814,0.0,0.0,-4,177.0
15495,174.0,0,814,0.0,0.0,-3,177.0
15496,175.0,0,814,0.0,0.0,-2,177.0
15497,176.0,0,814,1.0,1.0,-1,177.0
15498,177.0,1,814,8.0,3.0,0,177.0
15499,178.0,1,814,0.0,0.0,1,177.0
15500,179.0,1,814,0.0,0.0,2,177.0
15501,180.0,1,814,0.0,0.0,3,177.0
15502,181.0,1,814,0.0,0.0,4,177.0
15503,182.0,1,814,0.0,0.0,5,177.0
15504,183.0,1,814,0.0,0.0,6,177.0
15505,184.0,1,814,0.0,0.0,7,177.0
15506,185.0,1,814,0.0,0.0,8,177.0
15507,186.0,1,814,0.0,0.0,9,177.0
15508,187.0,1,814,0.0,0.0,10,177.0
15509,188.0,1,814,0.0,0.0,11,177.0
15510,189.0,1,814,0.0,0.0,12,177.0
15511,190.0,1,814,0.0,0.0,13,177.0
15512,164.0,0,815,0.0,0.0,-14,178.0
15513,165.0,0,815,0.0,0.0,-13,178.0
15514,166.0,0,815,0.0,0.0,-12,178.0
15515,167.0,0,815,0.0,0.0,-11,178.0
15516,168.0,0,815,0.0,0.0,-10,178.0
15517,169.0,0,815,0.0,0.0,-9,178.0
15518,170.0,0,815,0.0,0.0,-8,178.0
15519,171.0,0,815,0.0,0.0,-7,178.0
15520,172.0,0,815,0.0,0.0,-6,178.0
15521,173.0,0,815,0.0,0.0,-5,178.0
15522,174.0,0,815,0.0,0.0,-4,178.0
15523,175.0,0,815,0.0,0.0,-3,178.0
15524,176.0,0,815,1.0,0.0,-2,178.0
15525,177.0,0,815,0.0,0.0,-1,178.0
15526,178.0,1,815,2.0,1.0,0,178.0
15527,179.0,1,815,0.0,0.0,1,178.0
15528,180.0,1,815,0.0,0.0,2,178.0
15529,181.0,1,815,0.0,0.0,3,178.0
15530,182.0,1,815,0.0,0.0,4,178.0
15531,183.0,1,815,0.0,0.0,5,178.0
15532,184.0,1,815,0.0,0.0,6,178.0
15533,185.0,1,815,0.0,0.0,7,178.0
15534,186.0,1,815,0.0,0.0,8,178.0
15535,187.0,1,815,0.0,0.0,9,178.0
15536,188.0,1,815,0.0,0.0,10,178.0
15537,189.0,1,815,0.0,0.0,11,178.0
15538,190.0,1,815,0.0,0.0,12,178.0
15539,191.0,1,815,0.0,0.0,13,178.0
15540,101.0,0,816,38.0,32.0,-14,115.0
15541,102.0,0,816,49.0,49.0,-13,115.0
15542,103.0,0,816,40.0,49.0,-12,115.0
15543,104.0,0,816,54.0,43.0,-11,115.0
15544,105.0,0,816,32.0,43.0,-10,115.0
15545,106.0,0,816,64.0,40.0,-9,115.0
15546,107.0,0,816,51.0,48.0,-8,115.0
15547,108.0,0,816,47.0,31.0,-7,115.0
15548,109.0,0,816,30.0,18.0,-6,115.0
15549,110.0,0,816,25.0,31.0,-5,115.0
15550,111.0,0,816,26.0,33.0,-4,115.0
15551,112.0,0,816,102.0,93.0,-3,115.0
15552,113.0,0,816,44.0,49.0,-2,115.0
15553,114.0,0,816,395.0,248.0,-1,115.0
15554,115.0,1,816,544.0,617.0,0,115.0
15555,116.0,1,816,630.0,693.0,1,115.0
15556,117.0,1,816,37.0,58.0,2,115.0
15557,118.0,1,816,31.0,43.0,3,115.0
15558,119.0,1,816,25.0,38.0,4,115.0
15559,120.0,1,816,26.0,56.0,5,115.0
15560,121.0,1,816,47.0,71.0,6,115.0
15561,122.0,1,816,287.0,282.0,7,115.0
15562,123.0,1,816,60.0,80.0,8,115.0
15563,124.0,1,816,33.0,40.0,9,115.0
15564,125.0,1,816,19.0,32.0,10,115.0
15565,126.0,1,816,34.0,44.0,11,115.0
15566,127.0,1,816,34.0,36.0,12,115.0
15567,128.0,1,816,15.0,28.0,13,115.0
15568,130.0,0,817,1.0,0.0,-14,144.0
15569,131.0,0,817,0.0,0.0,-13,144.0
15570,132.0,0,817,2.0,0.0,-12,144.0
15571,133.0,0,817,1.0,2.0,-11,144.0
15572,134.0,0,817,5.0,5.0,-10,144.0
15573,135.0,0,817,0.0,0.0,-9,144.0
15574,136.0,0,817,3.0,3.0,-8,144.0
15575,137.0,0,817,50.0,31.0,-7,144.0
15576,138.0,0,817,36.0,12.0,-6,144.0
15577,139.0,0,817,3.0,5.0,-5,144.0
15578,140.0,0,817,2.0,3.0,-4,144.0
15579,141.0,0,817,3.0,0.0,-3,144.0
15580,142.0,0,817,1.0,0.0,-2,144.0
15581,143.0,0,817,14.0,23.0,-1,144.0
15582,144.0,1,817,66.0,32.0,0,144.0
15583,145.0,1,817,14.0,11.0,1,144.0
15584,146.0,1,817,4.0,3.0,2,144.0
15585,147.0,1,817,14.0,5.0,3,144.0
15586,148.0,1,817,7.0,1.0,4,144.0
15587,149.0,1,817,1.0,3.0,5,144.0
15588,150.0,1,817,10.0,13.0,6,144.0
15589,151.0,1,817,4.0,14.0,7,144.0
15590,152.0,1,817,36.0,15.0,8,144.0
15591,153.0,1,817,4.0,1.0,9,144.0
15592,154.0,1,817,2.0,4.0,10,144.0
15593,155.0,1,817,1.0,1.0,11,144.0
15594,156.0,1,817,1.0,2.0,12,144.0
15595,157.0,1,817,2.0,0.0,13,144.0
15596,187.0,0,818,51.0,53.0,-14,201.0
15597,188.0,0,818,24.0,23.0,-13,201.0
15598,189.0,0,818,23.0,21.0,-12,201.0
15599,190.0,0,818,8.0,9.0,-11,201.0
15600,191.0,0,818,76.0,73.0,-10,201.0
15601,192.0,0,818,32.0,35.0,-9,201.0
15602,193.0,0,818,27.0,37.0,-8,201.0
15603,194.0,0,818,23.0,43.0,-7,201.0
15604,195.0,0,818,19.0,24.0,-6,201.0
15605,196.0,0,818,13.0,22.0,-5,201.0
15606,197.0,0,818,12.0,12.0,-4,201.0
15607,198.0,0,818,148.0,121.0,-3,201.0
15608,199.0,0,818,58.0,45.0,-2,201.0
15609,200.0,0,818,151.0,129.0,-1,201.0
15610,201.0,1,818,82.0,91.0,0,201.0
15611,202.0,1,818,28.0,27.0,1,201.0
15612,203.0,1,818,14.0,21.0,2,201.0
15613,204.0,1,818,8.0,17.0,3,201.0
15614,205.0,1,818,6.0,17.0,4,201.0
15615,206.0,1,818,15.0,14.0,5,201.0
15616,207.0,1,818,7.0,13.0,6,201.0
15617,208.0,1,818,14.0,12.0,7,201.0
15618,209.0,1,818,8.0,8.0,8,201.0
15619,210.0,1,818,94.0,94.0,9,201.0
15620,211.0,1,818,56.0,58.0,10,201.0
15621,212.0,1,818,17.0,14.0,11,201.0
15622,213.0,1,818,4.0,17.0,12,201.0
15623,214.0,1,818,14.0,19.0,13,201.0
15624,161.0,0,821,27.0,10.0,-14,175.0
15625,162.0,0,821,11.0,10.0,-13,175.0
15626,163.0,0,821,16.0,12.0,-12,175.0
15627,164.0,0,821,7.0,7.0,-11,175.0
15628,165.0,0,821,6.0,6.0,-10,175.0
15629,166.0,0,821,4.0,5.0,-9,175.0
15630,167.0,0,821,18.0,19.0,-8,175.0
15631,168.0,0,821,3.0,7.0,-7,175.0
15632,169.0,0,821,5.0,4.0,-6,175.0
15633,170.0,0,821,3.0,4.0,-5,175.0
15634,171.0,0,821,10.0,17.0,-4,175.0
15635,172.0,0,821,31.0,33.0,-3,175.0
15636,173.0,0,821,12.0,13.0,-2,175.0
15637,174.0,0,821,21.0,20.0,-1,175.0
15638,175.0,1,821,59.0,27.0,0,175.0
15639,176.0,1,821,5.0,7.0,1,175.0
15640,177.0,1,821,6.0,8.0,2,175.0
15641,178.0,1,821,21.0,11.0,3,175.0
15642,179.0,1,821,6.0,7.0,4,175.0
15643,180.0,1,821,10.0,6.0,5,175.0
15644,181.0,1,821,3.0,5.0,6,175.0
15645,182.0,1,821,3.0,4.0,7,175.0
15646,183.0,1,821,3.0,9.0,8,175.0
15647,184.0,1,821,5.0,5.0,9,175.0
15648,185.0,1,821,2.0,6.0,10,175.0
15649,186.0,1,821,3.0,2.0,11,175.0
15650,187.0,1,821,2.0,7.0,12,175.0
15651,188.0,1,821,4.0,1.0,13,175.0
15652,217.0,0,822,0.0,3.0,-14,231.0
15653,218.0,0,822,1.0,0.0,-13,231.0
15654,219.0,0,822,1.0,0.0,-12,231.0
15655,220.0,0,822,0.0,0.0,-11,231.0
15656,221.0,0,822,2.0,2.0,-10,231.0
15657,222.0,0,822,1.0,1.0,-9,231.0
15658,223.0,0,822,1.0,0.0,-8,231.0
15659,224.0,0,822,2.0,2.0,-7,231.0
15660,225.0,0,822,1.0,0.0,-6,231.0
15661,226.0,0,822,1.0,0.0,-5,231.0
15662,227.0,0,822,0.0,0.0,-4,231.0
15663,228.0,0,822,0.0,3.0,-3,231.0
15664,229.0,0,822,0.0,0.0,-2,231.0
15665,230.0,0,822,28.0,18.0,-1,231.0
15666,231.0,1,822,24.0,25.0,0,231.0
15667,232.0,1,822,2.0,2.0,1,231.0
15668,233.0,1,822,0.0,5.0,2,231.0
15669,234.0,1,822,0.0,2.0,3,231.0
15670,235.0,1,822,0.0,1.0,4,231.0
15671,236.0,1,822,0.0,0.0,5,231.0
15672,237.0,1,822,0.0,0.0,6,231.0
15673,238.0,1,822,1.0,0.0,7,231.0
15674,239.0,1,822,0.0,0.0,8,231.0
15675,240.0,1,822,0.0,2.0,9,231.0
15676,241.0,1,822,0.0,0.0,10,231.0
15677,242.0,1,822,0.0,0.0,11,231.0
15678,243.0,1,822,1.0,1.0,12,231.0
15679,244.0,1,822,0.0,0.0,13,231.0
15680,25.0,0,823,0.0,0.0,-14,39.0
15681,26.0,0,823,0.0,0.0,-13,39.0
15682,27.0,0,823,0.0,0.0,-12,39.0
15683,28.0,0,823,0.0,0.0,-11,39.0
15684,29.0,0,823,0.0,0.0,-10,39.0
15685,30.0,0,823,0.0,0.0,-9,39.0
15686,31.0,0,823,0.0,0.0,-8,39.0
15687,32.0,0,823,0.0,0.0,-7,39.0
15688,33.0,0,823,0.0,0.0,-6,39.0
15689,34.0,0,823,0.0,0.0,-5,39.0
15690,35.0,0,823,0.0,0.0,-4,39.0
15691,36.0,0,823,0.0,0.0,-3,39.0
15692,37.0,0,823,0.0,1.0,-2,39.0
15693,38.0,0,823,2.0,5.0,-1,39.0
15694,39.0,1,823,47.0,253.0,0,39.0
15695,40.0,1,823,20.0,328.0,1,39.0
15696,41.0,1,823,12.0,140.0,2,39.0
15697,42.0,1,823,5.0,60.0,3,39.0
15698,43.0,1,823,1.0,48.0,4,39.0
15699,44.0,1,823,6.0,49.0,5,39.0
15700,45.0,1,823,2.0,24.0,6,39.0
15701,46.0,1,823,3.0,37.0,7,39.0
15702,47.0,1,823,1.0,17.0,8,39.0
15703,48.0,1,823,0.0,21.0,9,39.0
15704,49.0,1,823,1.0,23.0,10,39.0
15705,50.0,1,823,0.0,8.0,11,39.0
15706,51.0,1,823,0.0,11.0,12,39.0
15707,52.0,1,823,0.0,6.0,13,39.0
15708,304.0,0,825,23.0,13.0,-14,318.0
15709,305.0,0,825,7.0,1.0,-13,318.0
15710,306.0,0,825,0.0,1.0,-12,318.0
15711,307.0,0,825,3.0,1.0,-11,318.0
15712,308.0,0,825,3.0,3.0,-10,318.0
15713,309.0,0,825,1.0,1.0,-9,318.0
15714,310.0,0,825,2.0,6.0,-8,318.0
15715,311.0,0,825,5.0,3.0,-7,318.0
15716,312.0,0,825,7.0,5.0,-6,318.0
15717,313.0,0,825,1.0,1.0,-5,318.0
15718,314.0,0,825,2.0,1.0,-4,318.0
15719,315.0,0,825,5.0,1.0,-3,318.0
15720,316.0,0,825,3.0,3.0,-2,318.0
15721,317.0,0,825,4.0,3.0,-1,318.0
15722,318.0,1,825,4.0,3.0,0,318.0
15723,319.0,1,825,3.0,2.0,1,318.0
15724,320.0,1,825,14.0,6.0,2,318.0
15725,321.0,1,825,5.0,3.0,3,318.0
15726,322.0,1,825,3.0,3.0,4,318.0
15727,323.0,1,825,4.0,0.0,5,318.0
15728,324.0,1,825,0.0,2.0,6,318.0
15729,325.0,1,825,3.0,3.0,7,318.0
15730,326.0,1,825,5.0,8.0,8,318.0
15731,327.0,1,825,4.0,3.0,9,318.0
15732,328.0,1,825,0.0,2.0,10,318.0
15733,329.0,1,825,0.0,3.0,11,318.0
15734,330.0,1,825,6.0,3.0,12,318.0
15735,331.0,1,825,5.0,0.0,13,318.0
15736,163.0,0,830,6.0,2.0,-14,177.0
15737,164.0,0,830,10.0,6.0,-13,177.0
15738,165.0,0,830,12.0,8.0,-12,177.0
15739,166.0,0,830,2.0,16.0,-11,177.0
15740,167.0,0,830,17.0,21.0,-10,177.0
15741,168.0,0,830,21.0,22.0,-9,177.0
15742,169.0,0,830,10.0,9.0,-8,177.0
15743,170.0,0,830,10.0,12.0,-7,177.0
15744,171.0,0,830,15.0,15.0,-6,177.0
15745,172.0,0,830,56.0,29.0,-5,177.0
15746,173.0,0,830,43.0,64.0,-4,177.0
15747,174.0,0,830,43.0,47.0,-3,177.0
15748,175.0,0,830,52.0,161.0,-2,177.0
15749,176.0,0,830,49.0,76.0,-1,177.0
15750,177.0,1,830,122.0,122.0,0,177.0
15751,178.0,1,830,8.0,16.0,1,177.0
15752,179.0,1,830,15.0,15.0,2,177.0
15753,180.0,1,830,6.0,13.0,3,177.0
15754,181.0,1,830,3.0,13.0,4,177.0
15755,182.0,1,830,15.0,27.0,5,177.0
15756,183.0,1,830,3.0,13.0,6,177.0
15757,184.0,1,830,8.0,8.0,7,177.0
15758,185.0,1,830,4.0,10.0,8,177.0
15759,186.0,1,830,50.0,136.0,9,177.0
15760,187.0,1,830,18.0,50.0,10,177.0
15761,188.0,1,830,27.0,14.0,11,177.0
15762,189.0,1,830,5.0,10.0,12,177.0
15763,190.0,1,830,11.0,20.0,13,177.0
15764,41.0,0,831,72.0,84.0,-14,55.0
15765,42.0,0,831,21.0,29.0,-13,55.0
15766,43.0,0,831,20.0,22.0,-12,55.0
15767,44.0,0,831,71.0,53.0,-11,55.0
15768,45.0,0,831,43.0,33.0,-10,55.0
15769,46.0,0,831,20.0,14.0,-9,55.0
15770,47.0,0,831,17.0,12.0,-8,55.0
15771,48.0,0,831,10.0,11.0,-7,55.0
15772,49.0,0,831,7.0,10.0,-6,55.0
15773,50.0,0,831,21.0,22.0,-5,55.0
15774,51.0,0,831,13.0,26.0,-4,55.0
15775,52.0,0,831,6.0,4.0,-3,55.0
15776,53.0,0,831,5.0,7.0,-2,55.0
15777,54.0,0,831,11.0,7.0,-1,55.0
15778,55.0,1,831,34.0,22.0,0,55.0
15779,56.0,1,831,5.0,4.0,1,55.0
15780,57.0,1,831,3.0,6.0,2,55.0
15781,58.0,1,831,3.0,3.0,3,55.0
15782,59.0,1,831,3.0,4.0,4,55.0
15783,60.0,1,831,4.0,1.0,5,55.0
15784,61.0,1,831,2.0,2.0,6,55.0
15785,62.0,1,831,1.0,2.0,7,55.0
15786,63.0,1,831,1.0,3.0,8,55.0
15787,64.0,1,831,2.0,2.0,9,55.0
15788,65.0,1,831,5.0,4.0,10,55.0
15789,66.0,1,831,25.0,28.0,11,55.0
15790,67.0,1,831,1.0,3.0,12,55.0
15791,68.0,1,831,0.0,2.0,13,55.0
15792,89.0,0,832,110.0,153.0,-14,103.0
15793,90.0,0,832,157.0,255.0,-13,103.0
15794,91.0,0,832,56.0,81.0,-12,103.0
15795,92.0,0,832,39.0,53.0,-11,103.0
15796,93.0,0,832,111.0,110.0,-10,103.0
15797,94.0,0,832,85.0,88.0,-9,103.0
15798,95.0,0,832,26.0,40.0,-8,103.0
15799,96.0,0,832,51.0,61.0,-7,103.0
15800,97.0,0,832,43.0,30.0,-6,103.0
15801,98.0,0,832,24.0,31.0,-5,103.0
15802,99.0,0,832,20.0,25.0,-4,103.0
15803,100.0,0,832,32.0,43.0,-3,103.0
15804,101.0,0,832,29.0,63.0,-2,103.0
15805,102.0,0,832,111.0,129.0,-1,103.0
15806,103.0,1,832,161.0,242.0,0,103.0
15807,104.0,1,832,54.0,140.0,1,103.0
15808,105.0,1,832,51.0,119.0,2,103.0
15809,106.0,1,832,200.0,218.0,3,103.0
15810,107.0,1,832,66.0,116.0,4,103.0
15811,108.0,1,832,30.0,94.0,5,103.0
15812,109.0,1,832,43.0,72.0,6,103.0
15813,110.0,1,832,22.0,60.0,7,103.0
15814,111.0,1,832,24.0,78.0,8,103.0
15815,112.0,1,832,14.0,43.0,9,103.0
15816,113.0,1,832,43.0,92.0,10,103.0
15817,114.0,1,832,24.0,61.0,11,103.0
15818,115.0,1,832,22.0,92.0,12,103.0
15819,116.0,1,832,21.0,61.0,13,103.0
15820,243.0,0,834,39.0,166.0,-14,257.0
15821,244.0,0,834,76.0,322.0,-13,257.0
15822,245.0,0,834,45.0,140.0,-12,257.0
15823,246.0,0,834,81.0,289.0,-11,257.0
15824,247.0,0,834,55.0,151.0,-10,257.0
15825,248.0,0,834,65.0,204.0,-9,257.0
15826,249.0,0,834,34.0,146.0,-8,257.0
15827,250.0,0,834,31.0,114.0,-7,257.0
15828,251.0,0,834,51.0,185.0,-6,257.0
15829,252.0,0,834,64.0,229.0,-5,257.0
15830,253.0,0,834,43.0,190.0,-4,257.0
15831,254.0,0,834,96.0,234.0,-3,257.0
15832,255.0,0,834,52.0,219.0,-2,257.0
15833,256.0,0,834,72.0,220.0,-1,257.0
15834,257.0,1,834,51.0,138.0,0,257.0
15835,258.0,1,834,29.0,95.0,1,257.0
15836,259.0,1,834,43.0,146.0,2,257.0
15837,260.0,1,834,92.0,291.0,3,257.0
15838,261.0,1,834,62.0,210.0,4,257.0
15839,262.0,1,834,55.0,214.0,5,257.0
15840,263.0,1,834,42.0,235.0,6,257.0
15841,264.0,1,834,43.0,137.0,7,257.0
15842,265.0,1,834,40.0,155.0,8,257.0
15843,266.0,1,834,23.0,95.0,9,257.0
15844,267.0,1,834,31.0,175.0,10,257.0
15845,268.0,1,834,34.0,137.0,11,257.0
15846,269.0,1,834,26.0,131.0,12,257.0
15847,270.0,1,834,29.0,173.0,13,257.0
15848,159.0,0,835,15.0,20.0,-14,173.0
15849,160.0,0,835,18.0,17.0,-13,173.0
15850,161.0,0,835,19.0,17.0,-12,173.0
15851,162.0,0,835,14.0,9.0,-11,173.0
15852,163.0,0,835,11.0,14.0,-10,173.0
15853,164.0,0,835,11.0,11.0,-9,173.0
15854,165.0,0,835,555.0,443.0,-8,173.0
15855,166.0,0,835,533.0,513.0,-7,173.0
15856,167.0,0,835,460.0,379.0,-6,173.0
15857,168.0,0,835,559.0,483.0,-5,173.0
15858,169.0,0,835,293.0,324.0,-4,173.0
15859,170.0,0,835,58.0,53.0,-3,173.0
15860,171.0,0,835,20.0,11.0,-2,173.0
15861,172.0,0,835,43.0,27.0,-1,173.0
15862,173.0,1,835,271.0,204.0,0,173.0
15863,174.0,1,835,32.0,26.0,1,173.0
15864,175.0,1,835,134.0,129.0,2,173.0
15865,176.0,1,835,156.0,140.0,3,173.0
15866,177.0,1,835,28.0,47.0,4,173.0
15867,178.0,1,835,44.0,19.0,5,173.0
15868,179.0,1,835,87.0,102.0,6,173.0
15869,180.0,1,835,19.0,14.0,7,173.0
15870,181.0,1,835,18.0,26.0,8,173.0
15871,182.0,1,835,110.0,89.0,9,173.0
15872,183.0,1,835,98.0,39.0,10,173.0
15873,184.0,1,835,9.0,14.0,11,173.0
15874,185.0,1,835,10.0,8.0,12,173.0
15875,186.0,1,835,9.0,12.0,13,173.0
15876,77.0,0,838,79.0,82.0,-14,91.0
15877,78.0,0,838,143.0,147.0,-13,91.0
15878,79.0,0,838,42.0,57.0,-12,91.0
15879,80.0,0,838,359.0,173.0,-11,91.0
15880,81.0,0,838,206.0,167.0,-10,91.0
15881,82.0,0,838,63.0,55.0,-9,91.0
15882,83.0,0,838,67.0,90.0,-8,91.0
15883,84.0,0,838,47.0,63.0,-7,91.0
15884,85.0,0,838,24.0,27.0,-6,91.0
15885,86.0,0,838,25.0,39.0,-5,91.0
15886,87.0,0,838,214.0,181.0,-4,91.0
15887,88.0,0,838,449.0,514.0,-3,91.0
15888,89.0,0,838,125.0,302.0,-2,91.0
15889,90.0,0,838,757.0,1609.0,-1,91.0
15890,91.0,1,838,689.0,2058.0,0,91.0
15891,92.0,1,838,99.0,205.0,1,91.0
15892,93.0,1,838,396.0,456.0,2,91.0
15893,94.0,1,838,1175.0,1166.0,3,91.0
15894,95.0,1,838,240.0,357.0,4,91.0
15895,96.0,1,838,455.0,519.0,5,91.0
15896,97.0,1,838,144.0,239.0,6,91.0
15897,98.0,1,838,46.0,110.0,7,91.0
15898,99.0,1,838,49.0,109.0,8,91.0
15899,100.0,1,838,41.0,125.0,9,91.0
15900,101.0,1,838,51.0,198.0,10,91.0
15901,102.0,1,838,56.0,241.0,11,91.0
15902,103.0,1,838,56.0,223.0,12,91.0
15903,104.0,1,838,65.0,201.0,13,91.0
15904,234.0,0,839,0.0,1.0,-14,248.0
15905,235.0,0,839,0.0,0.0,-13,248.0
15906,236.0,0,839,0.0,0.0,-12,248.0
15907,237.0,0,839,0.0,0.0,-11,248.0
15908,238.0,0,839,0.0,0.0,-10,248.0
15909,239.0,0,839,0.0,1.0,-9,248.0
15910,240.0,0,839,0.0,0.0,-8,248.0
15911,241.0,0,839,0.0,0.0,-7,248.0
15912,242.0,0,839,0.0,0.0,-6,248.0
15913,243.0,0,839,0.0,0.0,-5,248.0
15914,244.0,0,839,0.0,0.0,-4,248.0
15915,245.0,0,839,1.0,0.0,-3,248.0
15916,246.0,0,839,1.0,0.0,-2,248.0
15917,247.0,0,839,9.0,15.0,-1,248.0
15918,248.0,1,839,19.0,9.0,0,248.0
15919,249.0,1,839,2.0,1.0,1,248.0
15920,250.0,1,839,0.0,1.0,2,248.0
15921,251.0,1,839,0.0,0.0,3,248.0
15922,252.0,1,839,0.0,0.0,4,248.0
15923,253.0,1,839,0.0,0.0,5,248.0
15924,254.0,1,839,0.0,0.0,6,248.0
15925,255.0,1,839,0.0,1.0,7,248.0
15926,256.0,1,839,0.0,1.0,8,248.0
15927,257.0,1,839,0.0,0.0,9,248.0
15928,258.0,1,839,0.0,0.0,10,248.0
15929,259.0,1,839,1.0,0.0,11,248.0
15930,260.0,1,839,0.0,1.0,12,248.0
15931,261.0,1,839,0.0,0.0,13,248.0
15932,95.0,0,840,285.0,549.0,-14,109.0
15933,96.0,0,840,133.0,287.0,-13,109.0
15934,97.0,0,840,175.0,354.0,-12,109.0
15935,98.0,0,840,1560.0,3347.0,-11,109.0
15936,99.0,0,840,249.0,543.0,-10,109.0
15937,100.0,0,840,160.0,322.0,-9,109.0
15938,101.0,0,840,853.0,1805.0,-8,109.0
15939,102.0,0,840,462.0,721.0,-7,109.0
15940,103.0,0,840,1966.0,5083.0,-6,109.0
15941,104.0,0,840,443.0,1412.0,-5,109.0
15942,105.0,0,840,235.0,1029.0,-4,109.0
15943,106.0,0,840,330.0,811.0,-3,109.0
15944,107.0,0,840,719.0,1968.0,-2,109.0
15945,108.0,0,840,680.0,2053.0,-1,109.0
15946,109.0,1,840,493.0,668.0,0,109.0
15947,110.0,1,840,219.0,894.0,1,109.0
15948,111.0,1,840,403.0,1382.0,2,109.0
15949,112.0,1,840,428.0,1239.0,3,109.0
15950,113.0,1,840,432.0,1524.0,4,109.0
15951,114.0,1,840,778.0,2171.0,5,109.0
15952,115.0,1,840,252.0,1157.0,6,109.0
15953,116.0,1,840,367.0,1702.0,7,109.0
15954,117.0,1,840,315.0,1512.0,8,109.0
15955,118.0,1,840,232.0,968.0,9,109.0
15956,119.0,1,840,366.0,1449.0,10,109.0
15957,120.0,1,840,401.0,1583.0,11,109.0
15958,121.0,1,840,979.0,2247.0,12,109.0
15959,122.0,1,840,206.0,662.0,13,109.0
15960,44.0,0,842,123.0,522.0,-14,58.0
15961,45.0,0,842,254.0,845.0,-13,58.0
15962,46.0,0,842,55.0,223.0,-12,58.0
15963,47.0,0,842,68.0,204.0,-11,58.0
15964,48.0,0,842,73.0,172.0,-10,58.0
15965,49.0,0,842,51.0,96.0,-9,58.0
15966,50.0,0,842,48.0,82.0,-8,58.0
15967,51.0,0,842,83.0,201.0,-7,58.0
15968,52.0,0,842,27.0,88.0,-6,58.0
15969,53.0,0,842,326.0,530.0,-5,58.0
15970,54.0,0,842,136.0,308.0,-4,58.0
15971,55.0,0,842,149.0,280.0,-3,58.0
15972,56.0,0,842,72.0,105.0,-2,58.0
15973,57.0,0,842,36.0,48.0,-1,58.0
15974,58.0,1,842,413.0,1021.0,0,58.0
15975,59.0,1,842,452.0,654.0,1,58.0
15976,60.0,1,842,217.0,472.0,2,58.0
15977,61.0,1,842,556.0,800.0,3,58.0
15978,62.0,1,842,453.0,681.0,4,58.0
15979,63.0,1,842,156.0,208.0,5,58.0
15980,64.0,1,842,197.0,322.0,6,58.0
15981,65.0,1,842,74.0,97.0,7,58.0
15982,66.0,1,842,104.0,157.0,8,58.0
15983,67.0,1,842,47.0,109.0,9,58.0
15984,68.0,1,842,49.0,94.0,10,58.0
15985,69.0,1,842,16.0,50.0,11,58.0
15986,70.0,1,842,64.0,77.0,12,58.0
15987,71.0,1,842,20.0,65.0,13,58.0
15988,40.0,0,843,1567.0,2800.0,-14,54.0
15989,41.0,0,843,1436.0,2465.0,-13,54.0
15990,42.0,0,843,3680.0,7031.0,-12,54.0
15991,43.0,0,843,2656.0,3229.0,-11,54.0
15992,44.0,0,843,1236.0,1671.0,-10,54.0
15993,45.0,0,843,1775.0,2662.0,-9,54.0
15994,46.0,0,843,1104.0,1907.0,-8,54.0
15995,47.0,0,843,919.0,1450.0,-7,54.0
15996,48.0,0,843,852.0,941.0,-6,54.0
15997,49.0,0,843,2626.0,1993.0,-5,54.0
15998,50.0,0,843,935.0,981.0,-4,54.0
15999,51.0,0,843,810.0,952.0,-3,54.0
16000,52.0,0,843,596.0,606.0,-2,54.0
16001,53.0,0,843,419.0,360.0,-1,54.0
16002,54.0,1,843,1014.0,1561.0,0,54.0
16003,55.0,1,843,570.0,1237.0,1,54.0
16004,56.0,1,843,204.0,453.0,2,54.0
16005,57.0,1,843,138.0,350.0,3,54.0
16006,58.0,1,843,283.0,730.0,4,54.0
16007,59.0,1,843,490.0,834.0,5,54.0
16008,60.0,1,843,769.0,1271.0,6,54.0
16009,61.0,1,843,148.0,409.0,7,54.0
16010,62.0,1,843,385.0,660.0,8,54.0
16011,63.0,1,843,144.0,270.0,9,54.0
16012,64.0,1,843,185.0,390.0,10,54.0
16013,65.0,1,843,55.0,144.0,11,54.0
16014,66.0,1,843,220.0,357.0,12,54.0
16015,67.0,1,843,132.0,244.0,13,54.0
16016,101.0,0,844,10.0,8.0,-14,115.0
16017,102.0,0,844,12.0,10.0,-13,115.0
16018,103.0,0,844,39.0,8.0,-12,115.0
16019,104.0,0,844,18.0,9.0,-11,115.0
16020,105.0,0,844,8.0,8.0,-10,115.0
16021,106.0,0,844,13.0,4.0,-9,115.0
16022,107.0,0,844,16.0,5.0,-8,115.0
16023,108.0,0,844,27.0,12.0,-7,115.0
16024,109.0,0,844,11.0,9.0,-6,115.0
16025,110.0,0,844,21.0,13.0,-5,115.0
16026,111.0,0,844,8.0,11.0,-4,115.0
16027,112.0,0,844,3.0,3.0,-3,115.0
16028,113.0,0,844,12.0,5.0,-2,115.0
16029,114.0,0,844,10.0,8.0,-1,115.0
16030,115.0,1,844,29.0,23.0,0,115.0
16031,116.0,1,844,10.0,10.0,1,115.0
16032,117.0,1,844,6.0,14.0,2,115.0
16033,118.0,1,844,4.0,5.0,3,115.0
16034,119.0,1,844,11.0,10.0,4,115.0
16035,120.0,1,844,10.0,9.0,5,115.0
16036,121.0,1,844,2.0,7.0,6,115.0
16037,122.0,1,844,5.0,3.0,7,115.0
16038,123.0,1,844,3.0,5.0,8,115.0
16039,124.0,1,844,9.0,15.0,9,115.0
16040,125.0,1,844,2.0,12.0,10,115.0
16041,126.0,1,844,9.0,12.0,11,115.0
16042,127.0,1,844,5.0,5.0,12,115.0
16043,128.0,1,844,18.0,7.0,13,115.0
16044,101.0,0,845,24.0,15.0,-14,115.0
16045,102.0,0,845,32.0,19.0,-13,115.0
16046,103.0,0,845,99.0,92.0,-12,115.0
16047,104.0,0,845,49.0,66.0,-11,115.0
16048,105.0,0,845,23.0,20.0,-10,115.0
16049,106.0,0,845,23.0,18.0,-9,115.0
16050,107.0,0,845,374.0,337.0,-8,115.0
16051,108.0,0,845,629.0,794.0,-7,115.0
16052,109.0,0,845,71.0,97.0,-6,115.0
16053,110.0,0,845,51.0,49.0,-5,115.0
16054,111.0,0,845,60.0,77.0,-4,115.0
16055,112.0,0,845,47.0,45.0,-3,115.0
16056,113.0,0,845,25.0,28.0,-2,115.0
16057,114.0,0,845,164.0,153.0,-1,115.0
16058,115.0,1,845,432.0,542.0,0,115.0
16059,116.0,1,845,154.0,283.0,1,115.0
16060,117.0,1,845,31.0,71.0,2,115.0
16061,118.0,1,845,28.0,53.0,3,115.0
16062,119.0,1,845,36.0,70.0,4,115.0
16063,120.0,1,845,229.0,147.0,5,115.0
16064,121.0,1,845,486.0,245.0,6,115.0
16065,122.0,1,845,156.0,92.0,7,115.0
16066,123.0,1,845,61.0,63.0,8,115.0
16067,124.0,1,845,28.0,33.0,9,115.0
16068,125.0,1,845,26.0,21.0,10,115.0
16069,126.0,1,845,21.0,30.0,11,115.0
16070,127.0,1,845,172.0,163.0,12,115.0
16071,128.0,1,845,32.0,54.0,13,115.0
16072,72.0,0,846,4.0,2.0,-14,86.0
16073,73.0,0,846,3.0,7.0,-13,86.0
16074,74.0,0,846,1.0,3.0,-12,86.0
16075,75.0,0,846,1.0,3.0,-11,86.0
16076,76.0,0,846,2.0,4.0,-10,86.0
16077,77.0,0,846,4.0,4.0,-9,86.0
16078,78.0,0,846,0.0,3.0,-8,86.0
16079,79.0,0,846,0.0,4.0,-7,86.0
16080,80.0,0,846,1.0,5.0,-6,86.0
16081,81.0,0,846,1.0,2.0,-5,86.0
16082,82.0,0,846,2.0,2.0,-4,86.0
16083,83.0,0,846,1.0,3.0,-3,86.0
16084,84.0,0,846,2.0,8.0,-2,86.0
16085,85.0,0,846,1.0,7.0,-1,86.0
16086,86.0,1,846,8.0,8.0,0,86.0
16087,87.0,1,846,3.0,9.0,1,86.0
16088,88.0,1,846,2.0,10.0,2,86.0
16089,89.0,1,846,5.0,9.0,3,86.0
16090,90.0,1,846,4.0,14.0,4,86.0
16091,91.0,1,846,1.0,50.0,5,86.0
16092,92.0,1,846,2.0,14.0,6,86.0
16093,93.0,1,846,1.0,14.0,7,86.0
16094,94.0,1,846,1.0,10.0,8,86.0
16095,95.0,1,846,1.0,7.0,9,86.0
16096,96.0,1,846,3.0,9.0,10,86.0
16097,97.0,1,846,2.0,7.0,11,86.0
16098,98.0,1,846,2.0,5.0,12,86.0
16099,99.0,1,846,3.0,5.0,13,86.0
16100,266.0,0,847,1.0,1.0,-14,280.0
16101,267.0,0,847,1.0,0.0,-13,280.0
16102,268.0,0,847,1.0,0.0,-12,280.0
16103,269.0,0,847,0.0,0.0,-11,280.0
16104,270.0,0,847,0.0,2.0,-10,280.0
16105,271.0,0,847,5.0,3.0,-9,280.0
16106,272.0,0,847,0.0,3.0,-8,280.0
16107,273.0,0,847,1.0,3.0,-7,280.0
16108,274.0,0,847,6.0,0.0,-6,280.0
16109,275.0,0,847,1.0,2.0,-5,280.0
16110,276.0,0,847,1.0,1.0,-4,280.0
16111,277.0,0,847,1.0,1.0,-3,280.0
16112,278.0,0,847,3.0,0.0,-2,280.0
16113,279.0,0,847,1.0,2.0,-1,280.0
16114,280.0,1,847,27.0,2.0,0,280.0
16115,281.0,1,847,1.0,1.0,1,280.0
16116,282.0,1,847,3.0,0.0,2,280.0
16117,283.0,1,847,0.0,0.0,3,280.0
16118,284.0,1,847,2.0,0.0,4,280.0
16119,285.0,1,847,4.0,1.0,5,280.0
16120,286.0,1,847,2.0,1.0,6,280.0
16121,287.0,1,847,2.0,3.0,7,280.0
16122,288.0,1,847,0.0,0.0,8,280.0
16123,289.0,1,847,0.0,0.0,9,280.0
16124,290.0,1,847,1.0,2.0,10,280.0
16125,291.0,1,847,0.0,0.0,11,280.0
16126,292.0,1,847,0.0,1.0,12,280.0
16127,293.0,1,847,2.0,0.0,13,280.0
16128,265.0,0,848,9.0,26.0,-14,279.0
16129,266.0,0,848,35.0,17.0,-13,279.0
16130,267.0,0,848,12.0,16.0,-12,279.0
16131,268.0,0,848,16.0,11.0,-11,279.0
16132,269.0,0,848,9.0,21.0,-10,279.0
16133,270.0,0,848,19.0,15.0,-9,279.0
16134,271.0,0,848,2.0,14.0,-8,279.0
16135,272.0,0,848,5.0,8.0,-7,279.0
16136,273.0,0,848,7.0,4.0,-6,279.0
16137,274.0,0,848,0.0,10.0,-5,279.0
16138,275.0,0,848,4.0,4.0,-4,279.0
16139,276.0,0,848,2.0,9.0,-3,279.0
16140,277.0,0,848,8.0,15.0,-2,279.0
16141,278.0,0,848,9.0,13.0,-1,279.0
16142,279.0,1,848,9.0,12.0,0,279.0
16143,280.0,1,848,1.0,5.0,1,279.0
16144,281.0,1,848,4.0,7.0,2,279.0
16145,282.0,1,848,5.0,15.0,3,279.0
16146,283.0,1,848,0.0,9.0,4,279.0
16147,284.0,1,848,4.0,22.0,5,279.0
16148,285.0,1,848,5.0,11.0,6,279.0
16149,286.0,1,848,17.0,66.0,7,279.0
16150,287.0,1,848,23.0,45.0,8,279.0
16151,288.0,1,848,5.0,13.0,9,279.0
16152,289.0,1,848,3.0,10.0,10,279.0
16153,290.0,1,848,12.0,25.0,11,279.0
16154,291.0,1,848,10.0,22.0,12,279.0
16155,292.0,1,848,14.0,25.0,13,279.0
16156,106.0,0,849,1068.0,326.0,-14,120.0
16157,107.0,0,849,67.0,19.0,-13,120.0
16158,108.0,0,849,34.0,11.0,-12,120.0
16159,109.0,0,849,19.0,12.0,-11,120.0
16160,110.0,0,849,141.0,218.0,-10,120.0
16161,111.0,0,849,102.0,154.0,-9,120.0
16162,112.0,0,849,56.0,68.0,-8,120.0
16163,113.0,0,849,38.0,45.0,-7,120.0
16164,114.0,0,849,257.0,147.0,-6,120.0
16165,115.0,0,849,2389.0,3359.0,-5,120.0
16166,116.0,0,849,527.0,851.0,-4,120.0
16167,117.0,0,849,578.0,810.0,-3,120.0
16168,118.0,0,849,148.0,229.0,-2,120.0
16169,119.0,0,849,443.0,445.0,-1,120.0
16170,120.0,1,849,569.0,710.0,0,120.0
16171,121.0,1,849,341.0,435.0,1,120.0
16172,122.0,1,849,240.0,276.0,2,120.0
16173,123.0,1,849,113.0,416.0,3,120.0
16174,124.0,1,849,29.0,109.0,4,120.0
16175,125.0,1,849,39.0,68.0,5,120.0
16176,126.0,1,849,32.0,38.0,6,120.0
16177,127.0,1,849,47.0,84.0,7,120.0
16178,128.0,1,849,38.0,49.0,8,120.0
16179,129.0,1,849,24.0,47.0,9,120.0
16180,130.0,1,849,21.0,32.0,10,120.0
16181,131.0,1,849,27.0,31.0,11,120.0
16182,132.0,1,849,25.0,52.0,12,120.0
16183,133.0,1,849,71.0,79.0,13,120.0
16184,104.0,0,850,308.0,1728.0,-14,118.0
16185,105.0,0,850,192.0,1238.0,-13,118.0
16186,106.0,0,850,70.0,427.0,-12,118.0
16187,107.0,0,850,170.0,522.0,-11,118.0
16188,108.0,0,850,165.0,468.0,-10,118.0
16189,109.0,0,850,92.0,369.0,-9,118.0
16190,110.0,0,850,121.0,515.0,-8,118.0
16191,111.0,0,850,280.0,1249.0,-7,118.0
16192,112.0,0,850,205.0,1004.0,-6,118.0
16193,113.0,0,850,100.0,600.0,-5,118.0
16194,114.0,0,850,103.0,459.0,-4,118.0
16195,115.0,0,850,120.0,462.0,-3,118.0
16196,116.0,0,850,229.0,886.0,-2,118.0
16197,117.0,0,850,345.0,1076.0,-1,118.0
16198,118.0,1,850,626.0,1421.0,0,118.0
16199,119.0,1,850,274.0,1213.0,1,118.0
16200,120.0,1,850,194.0,721.0,2,118.0
16201,121.0,1,850,108.0,397.0,3,118.0
16202,122.0,1,850,54.0,245.0,4,118.0
16203,123.0,1,850,41.0,269.0,5,118.0
16204,124.0,1,850,60.0,297.0,6,118.0
16205,125.0,1,850,48.0,290.0,7,118.0
16206,126.0,1,850,99.0,421.0,8,118.0
16207,127.0,1,850,308.0,1035.0,9,118.0
16208,128.0,1,850,145.0,344.0,10,118.0
16209,129.0,1,850,259.0,313.0,11,118.0
16210,130.0,1,850,154.0,584.0,12,118.0
16211,131.0,1,850,110.0,432.0,13,118.0
16212,255.0,0,853,11.0,33.0,-14,269.0
16213,256.0,0,853,16.0,27.0,-13,269.0
16214,257.0,0,853,39.0,107.0,-12,269.0
16215,258.0,0,853,9.0,29.0,-11,269.0
16216,259.0,0,853,4.0,13.0,-10,269.0
16217,260.0,0,853,10.0,16.0,-9,269.0
16218,261.0,0,853,21.0,43.0,-8,269.0
16219,262.0,0,853,11.0,14.0,-7,269.0
16220,263.0,0,853,8.0,20.0,-6,269.0
16221,264.0,0,853,5.0,15.0,-5,269.0
16222,265.0,0,853,6.0,12.0,-4,269.0
16223,266.0,0,853,9.0,25.0,-3,269.0
16224,267.0,0,853,9.0,15.0,-2,269.0
16225,268.0,0,853,5.0,14.0,-1,269.0
16226,269.0,1,853,11.0,24.0,0,269.0
16227,270.0,1,853,11.0,16.0,1,269.0
16228,271.0,1,853,26.0,10.0,2,269.0
16229,272.0,1,853,8.0,14.0,3,269.0
16230,273.0,1,853,3.0,9.0,4,269.0
16231,274.0,1,853,4.0,11.0,5,269.0
16232,275.0,1,853,2.0,12.0,6,269.0
16233,276.0,1,853,7.0,19.0,7,269.0
16234,277.0,1,853,14.0,21.0,8,269.0
16235,278.0,1,853,5.0,7.0,9,269.0
16236,279.0,1,853,9.0,16.0,10,269.0
16237,280.0,1,853,3.0,11.0,11,269.0
16238,281.0,1,853,4.0,14.0,12,269.0
16239,282.0,1,853,8.0,8.0,13,269.0
16240,230.0,0,854,32.0,62.0,-14,244.0
16241,231.0,0,854,20.0,45.0,-13,244.0
16242,232.0,0,854,75.0,129.0,-12,244.0
16243,233.0,0,854,25.0,47.0,-11,244.0
16244,234.0,0,854,11.0,41.0,-10,244.0
16245,235.0,0,854,95.0,146.0,-9,244.0
16246,236.0,0,854,37.0,79.0,-8,244.0
16247,237.0,0,854,27.0,56.0,-7,244.0
16248,238.0,0,854,52.0,85.0,-6,244.0
16249,239.0,0,854,79.0,109.0,-5,244.0
16250,240.0,0,854,26.0,43.0,-4,244.0
16251,241.0,0,854,30.0,62.0,-3,244.0
16252,242.0,0,854,21.0,76.0,-2,244.0
16253,243.0,0,854,44.0,130.0,-1,244.0
16254,244.0,1,854,166.0,336.0,0,244.0
16255,245.0,1,854,20.0,76.0,1,244.0
16256,246.0,1,854,13.0,46.0,2,244.0
16257,247.0,1,854,13.0,50.0,3,244.0
16258,248.0,1,854,89.0,151.0,4,244.0
16259,249.0,1,854,52.0,93.0,5,244.0
16260,250.0,1,854,35.0,80.0,6,244.0
16261,251.0,1,854,84.0,143.0,7,244.0
16262,252.0,1,854,13.0,49.0,8,244.0
16263,253.0,1,854,21.0,81.0,9,244.0
16264,254.0,1,854,19.0,51.0,10,244.0
16265,255.0,1,854,124.0,238.0,11,244.0
16266,256.0,1,854,32.0,58.0,12,244.0
16267,257.0,1,854,31.0,73.0,13,244.0
16268,174.0,0,857,42.0,49.0,-14,188.0
16269,175.0,0,857,13.0,30.0,-13,188.0
16270,176.0,0,857,6.0,25.0,-12,188.0
16271,177.0,0,857,9.0,6.0,-11,188.0
16272,178.0,0,857,19.0,9.0,-10,188.0
16273,179.0,0,857,18.0,18.0,-9,188.0
16274,180.0,0,857,6.0,21.0,-8,188.0
16275,181.0,0,857,4.0,6.0,-7,188.0
16276,182.0,0,857,9.0,6.0,-6,188.0
16277,183.0,0,857,3.0,2.0,-5,188.0
16278,184.0,0,857,1.0,4.0,-4,188.0
16279,185.0,0,857,7.0,12.0,-3,188.0
16280,186.0,0,857,6.0,7.0,-2,188.0
16281,187.0,0,857,4.0,6.0,-1,188.0
16282,188.0,1,857,6.0,7.0,0,188.0
16283,189.0,1,857,4.0,2.0,1,188.0
16284,190.0,1,857,3.0,2.0,2,188.0
16285,191.0,1,857,4.0,1.0,3,188.0
16286,192.0,1,857,2.0,2.0,4,188.0
16287,193.0,1,857,4.0,3.0,5,188.0
16288,194.0,1,857,25.0,7.0,6,188.0
16289,195.0,1,857,6.0,3.0,7,188.0
16290,196.0,1,857,1.0,3.0,8,188.0
16291,197.0,1,857,1.0,3.0,9,188.0
16292,198.0,1,857,3.0,0.0,10,188.0
16293,199.0,1,857,2.0,4.0,11,188.0
16294,200.0,1,857,2.0,2.0,12,188.0
16295,201.0,1,857,2.0,6.0,13,188.0
16296,161.0,0,858,26.0,65.0,-14,175.0
16297,162.0,0,858,28.0,84.0,-13,175.0
16298,163.0,0,858,46.0,81.0,-12,175.0
16299,164.0,0,858,30.0,62.0,-11,175.0
16300,165.0,0,858,64.0,109.0,-10,175.0
16301,166.0,0,858,59.0,91.0,-9,175.0
16302,167.0,0,858,21.0,69.0,-8,175.0
16303,168.0,0,858,23.0,49.0,-7,175.0
16304,169.0,0,858,27.0,67.0,-6,175.0
16305,170.0,0,858,39.0,74.0,-5,175.0
16306,171.0,0,858,37.0,72.0,-4,175.0
16307,172.0,0,858,19.0,62.0,-3,175.0
16308,173.0,0,858,35.0,62.0,-2,175.0
16309,174.0,0,858,46.0,82.0,-1,175.0
16310,175.0,1,858,40.0,68.0,0,175.0
16311,176.0,1,858,34.0,88.0,1,175.0
16312,177.0,1,858,45.0,124.0,2,175.0
16313,178.0,1,858,25.0,95.0,3,175.0
16314,179.0,1,858,19.0,80.0,4,175.0
16315,180.0,1,858,18.0,65.0,5,175.0
16316,181.0,1,858,8.0,41.0,6,175.0
16317,182.0,1,858,18.0,52.0,7,175.0
16318,183.0,1,858,44.0,84.0,8,175.0
16319,184.0,1,858,30.0,77.0,9,175.0
16320,185.0,1,858,31.0,49.0,10,175.0
16321,186.0,1,858,28.0,93.0,11,175.0
16322,187.0,1,858,50.0,110.0,12,175.0
16323,188.0,1,858,37.0,70.0,13,175.0
16324,222.0,0,860,6.0,2.0,-14,236.0
16325,223.0,0,860,4.0,4.0,-13,236.0
16326,224.0,0,860,11.0,6.0,-12,236.0
16327,225.0,0,860,0.0,5.0,-11,236.0
16328,226.0,0,860,2.0,3.0,-10,236.0
16329,227.0,0,860,1.0,0.0,-9,236.0
16330,228.0,0,860,1.0,1.0,-8,236.0
16331,229.0,0,860,22.0,4.0,-7,236.0
16332,230.0,0,860,9.0,5.0,-6,236.0
16333,231.0,0,860,4.0,0.0,-5,236.0
16334,232.0,0,860,1.0,6.0,-4,236.0
16335,233.0,0,860,1.0,0.0,-3,236.0
16336,234.0,0,860,3.0,1.0,-2,236.0
16337,235.0,0,860,5.0,2.0,-1,236.0
16338,236.0,1,860,5.0,1.0,0,236.0
16339,237.0,1,860,6.0,2.0,1,236.0
16340,238.0,1,860,2.0,2.0,2,236.0
16341,239.0,1,860,3.0,3.0,3,236.0
16342,240.0,1,860,2.0,0.0,4,236.0
16343,241.0,1,860,1.0,1.0,5,236.0
16344,242.0,1,860,2.0,0.0,6,236.0
16345,243.0,1,860,0.0,2.0,7,236.0
16346,244.0,1,860,2.0,1.0,8,236.0
16347,245.0,1,860,4.0,2.0,9,236.0
16348,246.0,1,860,1.0,0.0,10,236.0
16349,247.0,1,860,1.0,1.0,11,236.0
16350,248.0,1,860,6.0,5.0,12,236.0
16351,249.0,1,860,11.0,2.0,13,236.0
16352,163.0,0,861,1.0,0.0,-14,177.0
16353,164.0,0,861,0.0,0.0,-13,177.0
16354,165.0,0,861,0.0,2.0,-12,177.0
16355,166.0,0,861,1.0,2.0,-11,177.0
16356,167.0,0,861,0.0,0.0,-10,177.0
16357,168.0,0,861,0.0,0.0,-9,177.0
16358,169.0,0,861,0.0,0.0,-8,177.0
16359,170.0,0,861,0.0,0.0,-7,177.0
16360,171.0,0,861,5.0,2.0,-6,177.0
16361,172.0,0,861,2.0,0.0,-5,177.0
16362,173.0,0,861,1.0,1.0,-4,177.0
16363,174.0,0,861,2.0,0.0,-3,177.0
16364,175.0,0,861,0.0,0.0,-2,177.0
16365,176.0,0,861,20.0,8.0,-1,177.0
16366,177.0,1,861,178.0,120.0,0,177.0
16367,178.0,1,861,2.0,6.0,1,177.0
16368,179.0,1,861,4.0,1.0,2,177.0
16369,180.0,1,861,1.0,4.0,3,177.0
16370,181.0,1,861,6.0,2.0,4,177.0
16371,182.0,1,861,3.0,1.0,5,177.0
16372,183.0,1,861,1.0,0.0,6,177.0
16373,184.0,1,861,1.0,1.0,7,177.0
16374,185.0,1,861,0.0,0.0,8,177.0
16375,186.0,1,861,0.0,1.0,9,177.0
16376,187.0,1,861,6.0,9.0,10,177.0
16377,188.0,1,861,0.0,1.0,11,177.0
16378,189.0,1,861,0.0,1.0,12,177.0
16379,190.0,1,861,1.0,2.0,13,177.0
16380,160.0,0,862,19.0,16.0,-14,174.0
16381,161.0,0,862,161.0,203.0,-13,174.0
16382,162.0,0,862,15.0,26.0,-12,174.0
16383,163.0,0,862,13.0,32.0,-11,174.0
16384,164.0,0,862,5.0,5.0,-10,174.0
16385,165.0,0,862,9.0,15.0,-9,174.0
16386,166.0,0,862,5.0,17.0,-8,174.0
16387,167.0,0,862,5.0,6.0,-7,174.0
16388,168.0,0,862,61.0,94.0,-6,174.0
16389,169.0,0,862,30.0,100.0,-5,174.0
16390,170.0,0,862,12.0,24.0,-4,174.0
16391,171.0,0,862,7.0,11.0,-3,174.0
16392,172.0,0,862,9.0,8.0,-2,174.0
16393,173.0,0,862,65.0,31.0,-1,174.0
16394,174.0,1,862,108.0,112.0,0,174.0
16395,175.0,1,862,9.0,27.0,1,174.0
16396,176.0,1,862,53.0,79.0,2,174.0
16397,177.0,1,862,9.0,15.0,3,174.0
16398,178.0,1,862,2.0,12.0,4,174.0
16399,179.0,1,862,5.0,17.0,5,174.0
16400,180.0,1,862,43.0,51.0,6,174.0
16401,181.0,1,862,87.0,70.0,7,174.0
16402,182.0,1,862,8.0,15.0,8,174.0
16403,183.0,1,862,17.0,22.0,9,174.0
16404,184.0,1,862,31.0,33.0,10,174.0
16405,185.0,1,862,8.0,6.0,11,174.0
16406,186.0,1,862,5.0,11.0,12,174.0
16407,187.0,1,862,2.0,11.0,13,174.0
16408,44.0,0,864,1380.0,5952.0,-14,58.0
16409,45.0,0,864,2281.0,7378.0,-13,58.0
16410,46.0,0,864,421.0,1838.0,-12,58.0
16411,47.0,0,864,1196.0,3266.0,-11,58.0
16412,48.0,0,864,1464.0,3834.0,-10,58.0
16413,49.0,0,864,625.0,1510.0,-9,58.0
16414,50.0,0,864,536.0,1296.0,-8,58.0
16415,51.0,0,864,1206.0,2454.0,-7,58.0
16416,52.0,0,864,731.0,1890.0,-6,58.0
16417,53.0,0,864,373.0,1130.0,-5,58.0
16418,54.0,0,864,732.0,2017.0,-4,58.0
16419,55.0,0,864,1219.0,3160.0,-3,58.0
16420,56.0,0,864,279.0,843.0,-2,58.0
16421,57.0,0,864,1609.0,3881.0,-1,58.0
16422,58.0,1,864,1121.0,3833.0,0,58.0
16423,59.0,1,864,451.0,1140.0,1,58.0
16424,60.0,1,864,260.0,719.0,2,58.0
16425,61.0,1,864,695.0,2047.0,3,58.0
16426,62.0,1,864,1186.0,3005.0,4,58.0
16427,63.0,1,864,427.0,1616.0,5,58.0
16428,64.0,1,864,325.0,921.0,6,58.0
16429,65.0,1,864,324.0,629.0,7,58.0
16430,66.0,1,864,111.0,518.0,8,58.0
16431,67.0,1,864,177.0,650.0,9,58.0
16432,68.0,1,864,230.0,1061.0,10,58.0
16433,69.0,1,864,140.0,733.0,11,58.0
16434,70.0,1,864,170.0,638.0,12,58.0
16435,71.0,1,864,155.0,688.0,13,58.0
16436,65.0,0,865,239.0,781.0,-14,79.0
16437,66.0,0,865,148.0,552.0,-13,79.0
16438,67.0,0,865,85.0,237.0,-12,79.0
16439,68.0,0,865,49.0,135.0,-11,79.0
16440,69.0,0,865,55.0,174.0,-10,79.0
16441,70.0,0,865,56.0,114.0,-9,79.0
16442,71.0,0,865,235.0,825.0,-8,79.0
16443,72.0,0,865,269.0,936.0,-7,79.0
16444,73.0,0,865,75.0,248.0,-6,79.0
16445,74.0,0,865,30.0,115.0,-5,79.0
16446,75.0,0,865,201.0,901.0,-4,79.0
16447,76.0,0,865,220.0,925.0,-3,79.0
16448,77.0,0,865,64.0,157.0,-2,79.0
16449,78.0,0,865,125.0,564.0,-1,79.0
16450,79.0,1,865,337.0,1289.0,0,79.0
16451,80.0,1,865,471.0,2052.0,1,79.0
16452,81.0,1,865,124.0,498.0,2,79.0
16453,82.0,1,865,107.0,463.0,3,79.0
16454,83.0,1,865,75.0,442.0,4,79.0
16455,84.0,1,865,19.0,104.0,5,79.0
16456,85.0,1,865,20.0,112.0,6,79.0
16457,86.0,1,865,24.0,124.0,7,79.0
16458,87.0,1,865,77.0,549.0,8,79.0
16459,88.0,1,865,20.0,158.0,9,79.0
16460,89.0,1,865,172.0,1480.0,10,79.0
16461,90.0,1,865,49.0,556.0,11,79.0
16462,91.0,1,865,17.0,183.0,12,79.0
16463,92.0,1,865,153.0,1144.0,13,79.0
16464,39.0,0,866,1541.0,34109.0,-14,53.0
16465,40.0,0,866,1394.0,27583.0,-13,53.0
16466,41.0,0,866,755.0,13815.0,-12,53.0
16467,42.0,0,866,678.0,14596.0,-11,53.0
16468,43.0,0,866,981.0,15578.0,-10,53.0
16469,44.0,0,866,996.0,16579.0,-9,53.0
16470,45.0,0,866,785.0,9592.0,-8,53.0
16471,46.0,0,866,715.0,11659.0,-7,53.0
16472,47.0,0,866,554.0,7469.0,-6,53.0
16473,48.0,0,866,979.0,9028.0,-5,53.0
16474,49.0,0,866,603.0,7508.0,-4,53.0
16475,50.0,0,866,535.0,8085.0,-3,53.0
16476,51.0,0,866,519.0,7547.0,-2,53.0
16477,52.0,0,866,567.0,9678.0,-1,53.0
16478,53.0,1,866,399.0,9637.0,0,53.0
16479,54.0,1,866,178.0,4778.0,1,53.0
16480,55.0,1,866,265.0,7489.0,2,53.0
16481,56.0,1,866,400.0,8365.0,3,53.0
16482,57.0,1,866,440.0,5324.0,4,53.0
16483,58.0,1,866,420.0,5890.0,5,53.0
16484,59.0,1,866,173.0,2744.0,6,53.0
16485,60.0,1,866,67.0,1376.0,7,53.0
16486,61.0,1,866,60.0,1193.0,8,53.0
16487,62.0,1,866,105.0,2055.0,9,53.0
16488,63.0,1,866,40.0,752.0,10,53.0
16489,64.0,1,866,14.0,576.0,11,53.0
16490,65.0,1,866,76.0,1087.0,12,53.0
16491,66.0,1,866,76.0,1100.0,13,53.0
16492,52.0,0,867,683.0,4823.0,-14,66.0
16493,53.0,0,867,606.0,4365.0,-13,66.0
16494,54.0,0,867,753.0,4853.0,-12,66.0
16495,55.0,0,867,715.0,3789.0,-11,66.0
16496,56.0,0,867,710.0,3069.0,-10,66.0
16497,57.0,0,867,609.0,3365.0,-9,66.0
16498,58.0,0,867,2042.0,4315.0,-8,66.0
16499,59.0,0,867,1939.0,3545.0,-7,66.0
16500,60.0,0,867,542.0,2195.0,-6,66.0
16501,61.0,0,867,309.0,2009.0,-5,66.0
16502,62.0,0,867,309.0,1844.0,-4,66.0
16503,63.0,0,867,342.0,1683.0,-3,66.0
16504,64.0,0,867,330.0,1476.0,-2,66.0
16505,65.0,0,867,360.0,1562.0,-1,66.0
16506,66.0,1,867,564.0,2068.0,0,66.0
16507,67.0,1,867,446.0,1780.0,1,66.0
16508,68.0,1,867,253.0,1408.0,2,66.0
16509,69.0,1,867,127.0,1111.0,3,66.0
16510,70.0,1,867,253.0,1339.0,4,66.0
16511,71.0,1,867,206.0,1631.0,5,66.0
16512,72.0,1,867,270.0,1734.0,6,66.0
16513,73.0,1,867,123.0,1301.0,7,66.0
16514,74.0,1,867,153.0,1239.0,8,66.0
16515,75.0,1,867,139.0,806.0,9,66.0
16516,76.0,1,867,101.0,914.0,10,66.0
16517,77.0,1,867,98.0,1130.0,11,66.0
16518,78.0,1,867,111.0,1134.0,12,66.0
16519,79.0,1,867,116.0,1264.0,13,66.0
16520,193.0,0,868,25.0,17.0,-14,207.0
16521,194.0,0,868,27.0,24.0,-13,207.0
16522,195.0,0,868,15.0,5.0,-12,207.0
16523,196.0,0,868,9.0,5.0,-11,207.0
16524,197.0,0,868,8.0,9.0,-10,207.0
16525,198.0,0,868,4.0,3.0,-9,207.0
16526,199.0,0,868,7.0,4.0,-8,207.0
16527,200.0,0,868,52.0,27.0,-7,207.0
16528,201.0,0,868,19.0,12.0,-6,207.0
16529,202.0,0,868,6.0,6.0,-5,207.0
16530,203.0,0,868,6.0,13.0,-4,207.0
16531,204.0,0,868,7.0,2.0,-3,207.0
16532,205.0,0,868,12.0,6.0,-2,207.0
16533,206.0,0,868,17.0,22.0,-1,207.0
16534,207.0,1,868,82.0,60.0,0,207.0
16535,208.0,1,868,15.0,18.0,1,207.0
16536,209.0,1,868,6.0,11.0,2,207.0
16537,210.0,1,868,8.0,7.0,3,207.0
16538,211.0,1,868,10.0,11.0,4,207.0
16539,212.0,1,868,6.0,5.0,5,207.0
16540,213.0,1,868,5.0,4.0,6,207.0
16541,214.0,1,868,9.0,7.0,7,207.0
16542,215.0,1,868,8.0,6.0,8,207.0
16543,216.0,1,868,19.0,6.0,9,207.0
16544,217.0,1,868,8.0,11.0,10,207.0
16545,218.0,1,868,18.0,13.0,11,207.0
16546,219.0,1,868,8.0,7.0,12,207.0
16547,220.0,1,868,6.0,0.0,13,207.0
16548,37.0,0,869,330.0,614.0,-14,51.0
16549,38.0,0,869,371.0,861.0,-13,51.0
16550,39.0,0,869,248.0,562.0,-12,51.0
16551,40.0,0,869,217.0,480.0,-11,51.0
16552,41.0,0,869,146.0,346.0,-10,51.0
16553,42.0,0,869,193.0,313.0,-9,51.0
16554,43.0,0,869,269.0,477.0,-8,51.0
16555,44.0,0,869,139.0,245.0,-7,51.0
16556,45.0,0,869,146.0,315.0,-6,51.0
16557,46.0,0,869,82.0,143.0,-5,51.0
16558,47.0,0,869,69.0,123.0,-4,51.0
16559,48.0,0,869,125.0,134.0,-3,51.0
16560,49.0,0,869,70.0,83.0,-2,51.0
16561,50.0,0,869,108.0,144.0,-1,51.0
16562,51.0,1,869,342.0,289.0,0,51.0
16563,52.0,1,869,82.0,145.0,1,51.0
16564,53.0,1,869,39.0,97.0,2,51.0
16565,54.0,1,869,42.0,102.0,3,51.0
16566,55.0,1,869,75.0,123.0,4,51.0
16567,56.0,1,869,62.0,89.0,5,51.0
16568,57.0,1,869,108.0,104.0,6,51.0
16569,58.0,1,869,94.0,204.0,7,51.0
16570,59.0,1,869,154.0,194.0,8,51.0
16571,60.0,1,869,50.0,63.0,9,51.0
16572,61.0,1,869,31.0,56.0,10,51.0
16573,62.0,1,869,412.0,336.0,11,51.0
16574,63.0,1,869,47.0,64.0,12,51.0
16575,64.0,1,869,26.0,55.0,13,51.0
16576,27.0,0,870,32.0,930.0,-14,41.0
16577,28.0,0,870,19.0,815.0,-13,41.0
16578,29.0,0,870,20.0,538.0,-12,41.0
16579,30.0,0,870,44.0,967.0,-11,41.0
16580,31.0,0,870,458.0,1949.0,-10,41.0
16581,32.0,0,870,416.0,2425.0,-9,41.0
16582,33.0,0,870,260.0,1727.0,-8,41.0
16583,34.0,0,870,144.0,1719.0,-7,41.0
16584,35.0,0,870,161.0,2151.0,-6,41.0
16585,36.0,0,870,646.0,2528.0,-5,41.0
16586,37.0,0,870,513.0,1784.0,-4,41.0
16587,38.0,0,870,328.0,1309.0,-3,41.0
16588,39.0,0,870,189.0,785.0,-2,41.0
16589,40.0,0,870,149.0,611.0,-1,41.0
16590,41.0,1,870,202.0,676.0,0,41.0
16591,42.0,1,870,50.0,316.0,1,41.0
16592,43.0,1,870,47.0,335.0,2,41.0
16593,44.0,1,870,85.0,563.0,3,41.0
16594,45.0,1,870,62.0,470.0,4,41.0
16595,46.0,1,870,46.0,280.0,5,41.0
16596,47.0,1,870,16.0,218.0,6,41.0
16597,48.0,1,870,24.0,197.0,7,41.0
16598,49.0,1,870,19.0,181.0,8,41.0
16599,50.0,1,870,13.0,227.0,9,41.0
16600,51.0,1,870,68.0,736.0,10,41.0
16601,52.0,1,870,80.0,574.0,11,41.0
16602,53.0,1,870,10.0,156.0,12,41.0
16603,54.0,1,870,53.0,198.0,13,41.0
16604,188.0,0,871,1.0,2.0,-14,202.0
16605,189.0,0,871,0.0,0.0,-13,202.0
16606,190.0,0,871,0.0,0.0,-12,202.0
16607,191.0,0,871,0.0,0.0,-11,202.0
16608,192.0,0,871,0.0,0.0,-10,202.0
16609,193.0,0,871,0.0,0.0,-9,202.0
16610,194.0,0,871,0.0,0.0,-8,202.0
16611,195.0,0,871,0.0,0.0,-7,202.0
16612,196.0,0,871,0.0,0.0,-6,202.0
16613,197.0,0,871,1.0,0.0,-5,202.0
16614,198.0,0,871,1.0,0.0,-4,202.0
16615,199.0,0,871,0.0,1.0,-3,202.0
16616,200.0,0,871,0.0,1.0,-2,202.0
16617,201.0,0,871,1.0,0.0,-1,202.0
16618,202.0,1,871,4.0,1.0,0,202.0
16619,203.0,1,871,1.0,0.0,1,202.0
16620,204.0,1,871,0.0,0.0,2,202.0
16621,205.0,1,871,0.0,0.0,3,202.0
16622,206.0,1,871,0.0,0.0,4,202.0
16623,207.0,1,871,1.0,1.0,5,202.0
16624,208.0,1,871,1.0,0.0,6,202.0
16625,209.0,1,871,0.0,0.0,7,202.0
16626,210.0,1,871,0.0,0.0,8,202.0
16627,211.0,1,871,0.0,0.0,9,202.0
16628,212.0,1,871,0.0,1.0,10,202.0
16629,213.0,1,871,0.0,0.0,11,202.0
16630,214.0,1,871,0.0,0.0,12,202.0
16631,215.0,1,871,0.0,0.0,13,202.0
16632,164.0,0,872,0.0,0.0,-14,178.0
16633,165.0,0,872,0.0,0.0,-13,178.0
16634,166.0,0,872,0.0,0.0,-12,178.0
16635,167.0,0,872,0.0,1.0,-11,178.0
16636,168.0,0,872,0.0,0.0,-10,178.0
16637,169.0,0,872,0.0,0.0,-9,178.0
16638,170.0,0,872,0.0,1.0,-8,178.0
16639,171.0,0,872,0.0,0.0,-7,178.0
16640,172.0,0,872,0.0,0.0,-6,178.0
16641,173.0,0,872,0.0,0.0,-5,178.0
16642,174.0,0,872,0.0,0.0,-4,178.0
16643,175.0,0,872,0.0,0.0,-3,178.0
16644,176.0,0,872,0.0,0.0,-2,178.0
16645,177.0,0,872,1.0,0.0,-1,178.0
16646,178.0,1,872,7.0,18.0,0,178.0
16647,179.0,1,872,2.0,2.0,1,178.0
16648,180.0,1,872,0.0,1.0,2,178.0
16649,181.0,1,872,1.0,2.0,3,178.0
16650,182.0,1,872,1.0,0.0,4,178.0
16651,183.0,1,872,0.0,1.0,5,178.0
16652,184.0,1,872,0.0,1.0,6,178.0
16653,185.0,1,872,1.0,0.0,7,178.0
16654,186.0,1,872,2.0,1.0,8,178.0
16655,187.0,1,872,0.0,0.0,9,178.0
16656,188.0,1,872,0.0,0.0,10,178.0
16657,189.0,1,872,0.0,0.0,11,178.0
16658,190.0,1,872,0.0,1.0,12,178.0
16659,191.0,1,872,1.0,0.0,13,178.0
16660,121.0,0,873,9.0,28.0,-14,135.0
16661,122.0,0,873,14.0,33.0,-13,135.0
16662,123.0,0,873,17.0,32.0,-12,135.0
16663,124.0,0,873,20.0,37.0,-11,135.0
16664,125.0,0,873,9.0,26.0,-10,135.0
16665,126.0,0,873,7.0,22.0,-9,135.0
16666,127.0,0,873,7.0,28.0,-8,135.0
16667,128.0,0,873,5.0,22.0,-7,135.0
16668,129.0,0,873,12.0,30.0,-6,135.0
16669,130.0,0,873,6.0,24.0,-5,135.0
16670,131.0,0,873,7.0,30.0,-4,135.0
16671,132.0,0,873,6.0,18.0,-3,135.0
16672,133.0,0,873,57.0,100.0,-2,135.0
16673,134.0,0,873,164.0,258.0,-1,135.0
16674,135.0,1,873,179.0,174.0,0,135.0
16675,136.0,1,873,23.0,54.0,1,135.0
16676,137.0,1,873,8.0,31.0,2,135.0
16677,138.0,1,873,4.0,38.0,3,135.0
16678,139.0,1,873,15.0,22.0,4,135.0
16679,140.0,1,873,10.0,22.0,5,135.0
16680,141.0,1,873,32.0,63.0,6,135.0
16681,142.0,1,873,5.0,32.0,7,135.0
16682,143.0,1,873,3.0,20.0,8,135.0
16683,144.0,1,873,8.0,25.0,9,135.0
16684,145.0,1,873,5.0,14.0,10,135.0
16685,146.0,1,873,3.0,10.0,11,135.0
16686,147.0,1,873,7.0,18.0,12,135.0
16687,148.0,1,873,5.0,11.0,13,135.0
16688,237.0,0,874,5.0,12.0,-14,251.0
16689,238.0,0,874,15.0,22.0,-13,251.0
16690,239.0,0,874,15.0,13.0,-12,251.0
16691,240.0,0,874,9.0,12.0,-11,251.0
16692,241.0,0,874,1.0,6.0,-10,251.0
16693,242.0,0,874,4.0,15.0,-9,251.0
16694,243.0,0,874,11.0,17.0,-8,251.0
16695,244.0,0,874,4.0,15.0,-7,251.0
16696,245.0,0,874,8.0,11.0,-6,251.0
16697,246.0,0,874,15.0,19.0,-5,251.0
16698,247.0,0,874,10.0,14.0,-4,251.0
16699,248.0,0,874,4.0,9.0,-3,251.0
16700,249.0,0,874,10.0,33.0,-2,251.0
16701,250.0,0,874,236.0,357.0,-1,251.0
16702,251.0,1,874,135.0,199.0,0,251.0
16703,252.0,1,874,115.0,111.0,1,251.0
16704,253.0,1,874,13.0,20.0,2,251.0
16705,254.0,1,874,10.0,16.0,3,251.0
16706,255.0,1,874,5.0,16.0,4,251.0
16707,256.0,1,874,8.0,16.0,5,251.0
16708,257.0,1,874,9.0,25.0,6,251.0
16709,258.0,1,874,64.0,193.0,7,251.0
16710,259.0,1,874,21.0,47.0,8,251.0
16711,260.0,1,874,53.0,27.0,9,251.0
16712,261.0,1,874,2.0,11.0,10,251.0
16713,262.0,1,874,4.0,12.0,11,251.0
16714,263.0,1,874,1.0,9.0,12,251.0
16715,264.0,1,874,4.0,16.0,13,251.0
16716,207.0,0,876,5.0,1.0,-14,221.0
16717,208.0,0,876,2.0,3.0,-13,221.0
16718,209.0,0,876,4.0,8.0,-12,221.0
16719,210.0,0,876,3.0,5.0,-11,221.0
16720,211.0,0,876,3.0,2.0,-10,221.0
16721,212.0,0,876,4.0,4.0,-9,221.0
16722,213.0,0,876,1.0,3.0,-8,221.0
16723,214.0,0,876,2.0,2.0,-7,221.0
16724,215.0,0,876,3.0,0.0,-6,221.0
16725,216.0,0,876,7.0,5.0,-5,221.0
16726,217.0,0,876,3.0,2.0,-4,221.0
16727,218.0,0,876,10.0,1.0,-3,221.0
16728,219.0,0,876,1.0,1.0,-2,221.0
16729,220.0,0,876,5.0,7.0,-1,221.0
16730,221.0,1,876,13.0,5.0,0,221.0
16731,222.0,1,876,3.0,3.0,1,221.0
16732,223.0,1,876,3.0,4.0,2,221.0
16733,224.0,1,876,6.0,3.0,3,221.0
16734,225.0,1,876,4.0,3.0,4,221.0
16735,226.0,1,876,10.0,3.0,5,221.0
16736,227.0,1,876,5.0,3.0,6,221.0
16737,228.0,1,876,15.0,6.0,7,221.0
16738,229.0,1,876,8.0,2.0,8,221.0
16739,230.0,1,876,3.0,1.0,9,221.0
16740,231.0,1,876,2.0,0.0,10,221.0
16741,232.0,1,876,0.0,1.0,11,221.0
16742,233.0,1,876,5.0,7.0,12,221.0
16743,234.0,1,876,2.0,0.0,13,221.0
16744,117.0,0,877,4.0,9.0,-14,131.0
16745,118.0,0,877,7.0,10.0,-13,131.0
16746,119.0,0,877,3.0,3.0,-12,131.0
16747,120.0,0,877,2.0,3.0,-11,131.0
16748,121.0,0,877,2.0,1.0,-10,131.0
16749,122.0,0,877,0.0,3.0,-9,131.0
16750,123.0,0,877,2.0,3.0,-8,131.0
16751,124.0,0,877,22.0,12.0,-7,131.0
16752,125.0,0,877,18.0,20.0,-6,131.0
16753,126.0,0,877,27.0,19.0,-5,131.0
16754,127.0,0,877,13.0,12.0,-4,131.0
16755,128.0,0,877,7.0,9.0,-3,131.0
16756,129.0,0,877,9.0,4.0,-2,131.0
16757,130.0,0,877,13.0,12.0,-1,131.0
16758,131.0,1,877,83.0,58.0,0,131.0
16759,132.0,1,877,111.0,92.0,1,131.0
16760,133.0,1,877,19.0,12.0,2,131.0
16761,134.0,1,877,7.0,7.0,3,131.0
16762,135.0,1,877,29.0,19.0,4,131.0
16763,136.0,1,877,14.0,4.0,5,131.0
16764,137.0,1,877,17.0,13.0,6,131.0
16765,138.0,1,877,6.0,4.0,7,131.0
16766,139.0,1,877,6.0,10.0,8,131.0
16767,140.0,1,877,8.0,3.0,9,131.0
16768,141.0,1,877,132.0,124.0,10,131.0
16769,142.0,1,877,27.0,33.0,11,131.0
16770,143.0,1,877,13.0,31.0,12,131.0
16771,144.0,1,877,2.0,14.0,13,131.0
16772,52.0,0,878,122.0,221.0,-14,66.0
16773,53.0,0,878,338.0,531.0,-13,66.0
16774,54.0,0,878,149.0,268.0,-12,66.0
16775,55.0,0,878,20.0,40.0,-11,66.0
16776,56.0,0,878,57.0,75.0,-10,66.0
16777,57.0,0,878,91.0,124.0,-9,66.0
16778,58.0,0,878,234.0,425.0,-8,66.0
16779,59.0,0,878,97.0,265.0,-7,66.0
16780,60.0,0,878,84.0,171.0,-6,66.0
16781,61.0,0,878,30.0,57.0,-5,66.0
16782,62.0,0,878,36.0,55.0,-4,66.0
16783,63.0,0,878,11.0,33.0,-3,66.0
16784,64.0,0,878,12.0,26.0,-2,66.0
16785,65.0,0,878,13.0,23.0,-1,66.0
16786,66.0,1,878,29.0,23.0,0,66.0
16787,67.0,1,878,9.0,21.0,1,66.0
16788,68.0,1,878,5.0,15.0,2,66.0
16789,69.0,1,878,5.0,10.0,3,66.0
16790,70.0,1,878,10.0,27.0,4,66.0
16791,71.0,1,878,13.0,19.0,5,66.0
16792,72.0,1,878,5.0,18.0,6,66.0
16793,73.0,1,878,2.0,9.0,7,66.0
16794,74.0,1,878,0.0,5.0,8,66.0
16795,75.0,1,878,2.0,7.0,9,66.0
16796,76.0,1,878,10.0,23.0,10,66.0
16797,77.0,1,878,7.0,10.0,11,66.0
16798,78.0,1,878,7.0,8.0,12,66.0
16799,79.0,1,878,4.0,9.0,13,66.0
16800,120.0,0,880,30.0,44.0,-14,134.0
16801,121.0,0,880,54.0,73.0,-13,134.0
16802,122.0,0,880,214.0,143.0,-12,134.0
16803,123.0,0,880,114.0,76.0,-11,134.0
16804,124.0,0,880,50.0,57.0,-10,134.0
16805,125.0,0,880,28.0,36.0,-9,134.0
16806,126.0,0,880,18.0,18.0,-8,134.0
16807,127.0,0,880,347.0,227.0,-7,134.0
16808,128.0,0,880,166.0,101.0,-6,134.0
16809,129.0,0,880,104.0,83.0,-5,134.0
16810,130.0,0,880,103.0,65.0,-4,134.0
16811,131.0,0,880,62.0,39.0,-3,134.0
16812,132.0,0,880,390.0,307.0,-2,134.0
16813,133.0,0,880,46.0,39.0,-1,134.0
16814,134.0,1,880,184.0,160.0,0,134.0
16815,135.0,1,880,51.0,46.0,1,134.0
16816,136.0,1,880,53.0,58.0,2,134.0
16817,137.0,1,880,52.0,63.0,3,134.0
16818,138.0,1,880,80.0,72.0,4,134.0
16819,139.0,1,880,44.0,27.0,5,134.0
16820,140.0,1,880,14.0,15.0,6,134.0
16821,141.0,1,880,53.0,49.0,7,134.0
16822,142.0,1,880,55.0,49.0,8,134.0
16823,143.0,1,880,114.0,103.0,9,134.0
16824,144.0,1,880,48.0,55.0,10,134.0
16825,145.0,1,880,38.0,41.0,11,134.0
16826,146.0,1,880,25.0,38.0,12,134.0
16827,147.0,1,880,26.0,37.0,13,134.0
16828,30.0,0,883,2.0,14.0,-14,44.0
16829,31.0,0,883,11.0,29.0,-13,44.0
16830,32.0,0,883,46.0,117.0,-12,44.0
16831,33.0,0,883,21.0,74.0,-11,44.0
16832,34.0,0,883,19.0,86.0,-10,44.0
16833,35.0,0,883,39.0,102.0,-9,44.0
16834,36.0,0,883,33.0,108.0,-8,44.0
16835,37.0,0,883,107.0,136.0,-7,44.0
16836,38.0,0,883,70.0,133.0,-6,44.0
16837,39.0,0,883,148.0,242.0,-5,44.0
16838,40.0,0,883,88.0,139.0,-4,44.0
16839,41.0,0,883,99.0,160.0,-3,44.0
16840,42.0,0,883,150.0,182.0,-2,44.0
16841,43.0,0,883,215.0,304.0,-1,44.0
16842,44.0,1,883,488.0,926.0,0,44.0
16843,45.0,1,883,79.0,163.0,1,44.0
16844,46.0,1,883,70.0,141.0,2,44.0
16845,47.0,1,883,48.0,121.0,3,44.0
16846,48.0,1,883,78.0,136.0,4,44.0
16847,49.0,1,883,44.0,87.0,5,44.0
16848,50.0,1,883,39.0,72.0,6,44.0
16849,51.0,1,883,57.0,102.0,7,44.0
16850,52.0,1,883,55.0,138.0,8,44.0
16851,53.0,1,883,33.0,97.0,9,44.0
16852,54.0,1,883,25.0,67.0,10,44.0
16853,55.0,1,883,24.0,67.0,11,44.0
16854,56.0,1,883,20.0,51.0,12,44.0
16855,57.0,1,883,41.0,114.0,13,44.0
16856,73.0,0,884,19.0,20.0,-14,87.0
16857,74.0,0,884,11.0,11.0,-13,87.0
16858,75.0,0,884,11.0,11.0,-12,87.0
16859,76.0,0,884,14.0,8.0,-11,87.0
16860,77.0,0,884,19.0,15.0,-10,87.0
16861,78.0,0,884,25.0,30.0,-9,87.0
16862,79.0,0,884,18.0,23.0,-8,87.0
16863,80.0,0,884,19.0,18.0,-7,87.0
16864,81.0,0,884,45.0,29.0,-6,87.0
16865,82.0,0,884,44.0,23.0,-5,87.0
16866,83.0,0,884,29.0,26.0,-4,87.0
16867,84.0,0,884,21.0,20.0,-3,87.0
16868,85.0,0,884,79.0,90.0,-2,87.0
16869,86.0,0,884,38.0,33.0,-1,87.0
16870,87.0,1,884,111.0,76.0,0,87.0
16871,88.0,1,884,34.0,41.0,1,87.0
16872,89.0,1,884,27.0,28.0,2,87.0
16873,90.0,1,884,15.0,30.0,3,87.0
16874,91.0,1,884,7.0,21.0,4,87.0
16875,92.0,1,884,13.0,20.0,5,87.0
16876,93.0,1,884,23.0,21.0,6,87.0
16877,94.0,1,884,22.0,20.0,7,87.0
16878,95.0,1,884,19.0,26.0,8,87.0
16879,96.0,1,884,17.0,22.0,9,87.0
16880,97.0,1,884,117.0,108.0,10,87.0
16881,98.0,1,884,23.0,37.0,11,87.0
16882,99.0,1,884,17.0,20.0,12,87.0
16883,100.0,1,884,19.0,25.0,13,87.0
16884,47.0,0,886,1.0,7.0,-14,61.0
16885,48.0,0,886,4.0,11.0,-13,61.0
16886,49.0,0,886,1.0,3.0,-12,61.0
16887,50.0,0,886,4.0,7.0,-11,61.0
16888,51.0,0,886,3.0,3.0,-10,61.0
16889,52.0,0,886,1.0,6.0,-9,61.0
16890,53.0,0,886,2.0,6.0,-8,61.0
16891,54.0,0,886,5.0,6.0,-7,61.0
16892,55.0,0,886,4.0,4.0,-6,61.0
16893,56.0,0,886,5.0,4.0,-5,61.0
16894,57.0,0,886,2.0,3.0,-4,61.0
16895,58.0,0,886,1.0,0.0,-3,61.0
16896,59.0,0,886,2.0,0.0,-2,61.0
16897,60.0,0,886,1.0,2.0,-1,61.0
16898,61.0,1,886,28.0,7.0,0,61.0
16899,62.0,1,886,6.0,10.0,1,61.0
16900,63.0,1,886,1.0,6.0,2,61.0
16901,64.0,1,886,4.0,1.0,3,61.0
16902,65.0,1,886,7.0,5.0,4,61.0
16903,66.0,1,886,6.0,6.0,5,61.0
16904,67.0,1,886,8.0,6.0,6,61.0
16905,68.0,1,886,3.0,4.0,7,61.0
16906,69.0,1,886,4.0,5.0,8,61.0
16907,70.0,1,886,3.0,8.0,9,61.0
16908,71.0,1,886,1.0,8.0,10,61.0
16909,72.0,1,886,2.0,4.0,11,61.0
16910,73.0,1,886,2.0,6.0,12,61.0
16911,74.0,1,886,0.0,1.0,13,61.0
16912,110.0,0,889,20.0,51.0,-14,124.0
16913,111.0,0,889,18.0,41.0,-13,124.0
16914,112.0,0,889,3.0,23.0,-12,124.0
16915,113.0,0,889,44.0,113.0,-11,124.0
16916,114.0,0,889,30.0,51.0,-10,124.0
16917,115.0,0,889,13.0,35.0,-9,124.0
16918,116.0,0,889,67.0,160.0,-8,124.0
16919,117.0,0,889,52.0,79.0,-7,124.0
16920,118.0,0,889,19.0,38.0,-6,124.0
16921,119.0,0,889,6.0,11.0,-5,124.0
16922,120.0,0,889,17.0,21.0,-4,124.0
16923,121.0,0,889,12.0,25.0,-3,124.0
16924,122.0,0,889,2.0,4.0,-2,124.0
16925,123.0,0,889,5.0,8.0,-1,124.0
16926,124.0,1,889,20.0,14.0,0,124.0
16927,125.0,1,889,4.0,19.0,1,124.0
16928,126.0,1,889,59.0,92.0,2,124.0
16929,127.0,1,889,14.0,34.0,3,124.0
16930,128.0,1,889,6.0,10.0,4,124.0
16931,129.0,1,889,31.0,198.0,5,124.0
16932,130.0,1,889,16.0,92.0,6,124.0
16933,131.0,1,889,2.0,11.0,7,124.0
16934,132.0,1,889,10.0,11.0,8,124.0
16935,133.0,1,889,5.0,8.0,9,124.0
16936,134.0,1,889,6.0,28.0,10,124.0
16937,135.0,1,889,5.0,16.0,11,124.0
16938,136.0,1,889,12.0,18.0,12,124.0
16939,137.0,1,889,5.0,21.0,13,124.0
16940,321.0,0,890,6.0,4.0,-14,335.0
16941,322.0,0,890,31.0,59.0,-13,335.0
16942,323.0,0,890,16.0,37.0,-12,335.0
16943,324.0,0,890,7.0,8.0,-11,335.0
16944,325.0,0,890,10.0,7.0,-10,335.0
16945,326.0,0,890,4.0,6.0,-9,335.0
16946,327.0,0,890,8.0,8.0,-8,335.0
16947,328.0,0,890,3.0,9.0,-7,335.0
16948,329.0,0,890,3.0,2.0,-6,335.0
16949,330.0,0,890,3.0,2.0,-5,335.0
16950,331.0,0,890,2.0,5.0,-4,335.0
16951,332.0,0,890,3.0,5.0,-3,335.0
16952,333.0,0,890,5.0,10.0,-2,335.0
16953,334.0,0,890,7.0,7.0,-1,335.0
16954,335.0,1,890,4.0,11.0,0,335.0
16955,336.0,1,890,2.0,11.0,1,335.0
16956,337.0,1,890,2.0,7.0,2,335.0
16957,338.0,1,890,3.0,7.0,3,335.0
16958,339.0,1,890,2.0,7.0,4,335.0
16959,340.0,1,890,4.0,2.0,5,335.0
16960,341.0,1,890,2.0,8.0,6,335.0
16961,342.0,1,890,1.0,5.0,7,335.0
16962,343.0,1,890,3.0,4.0,8,335.0
16963,344.0,1,890,2.0,7.0,9,335.0
16964,345.0,1,890,3.0,5.0,10,335.0
16965,346.0,1,890,3.0,7.0,11,335.0
16966,347.0,1,890,4.0,9.0,12,335.0
16967,348.0,1,890,3.0,9.0,13,335.0
16968,236.0,0,891,24.0,159.0,-14,250.0
16969,237.0,0,891,27.0,133.0,-13,250.0
16970,238.0,0,891,28.0,131.0,-12,250.0
16971,239.0,0,891,19.0,130.0,-11,250.0
16972,240.0,0,891,17.0,145.0,-10,250.0
16973,241.0,0,891,48.0,180.0,-9,250.0
16974,242.0,0,891,37.0,190.0,-8,250.0
16975,243.0,0,891,32.0,210.0,-7,250.0
16976,244.0,0,891,31.0,158.0,-6,250.0
16977,245.0,0,891,24.0,203.0,-5,250.0
16978,246.0,0,891,22.0,178.0,-4,250.0
16979,247.0,0,891,36.0,245.0,-3,250.0
16980,248.0,0,891,25.0,163.0,-2,250.0
16981,249.0,0,891,76.0,207.0,-1,250.0
16982,250.0,1,891,74.0,233.0,0,250.0
16983,251.0,1,891,23.0,252.0,1,250.0
16984,252.0,1,891,15.0,310.0,2,250.0
16985,253.0,1,891,12.0,233.0,3,250.0
16986,254.0,1,891,19.0,200.0,4,250.0
16987,255.0,1,891,19.0,239.0,5,250.0
16988,256.0,1,891,24.0,200.0,6,250.0
16989,257.0,1,891,15.0,167.0,7,250.0
16990,258.0,1,891,19.0,146.0,8,250.0
16991,259.0,1,891,12.0,131.0,9,250.0
16992,260.0,1,891,8.0,92.0,10,250.0
16993,261.0,1,891,7.0,119.0,11,250.0
16994,262.0,1,891,18.0,109.0,12,250.0
16995,263.0,1,891,9.0,113.0,13,250.0
16996,143.0,0,892,0.0,0.0,-14,157.0
16997,144.0,0,892,0.0,0.0,-13,157.0
16998,145.0,0,892,0.0,0.0,-12,157.0
16999,146.0,0,892,0.0,0.0,-11,157.0
17000,147.0,0,892,0.0,0.0,-10,157.0
17001,148.0,0,892,0.0,0.0,-9,157.0
17002,149.0,0,892,0.0,0.0,-8,157.0
17003,150.0,0,892,0.0,0.0,-7,157.0
17004,151.0,0,892,0.0,0.0,-6,157.0
17005,152.0,0,892,0.0,0.0,-5,157.0
17006,153.0,0,892,0.0,0.0,-4,157.0
17007,154.0,0,892,0.0,0.0,-3,157.0
17008,155.0,0,892,0.0,0.0,-2,157.0
17009,156.0,0,892,1.0,0.0,-1,157.0
17010,157.0,1,892,7.0,3.0,0,157.0
17011,158.0,1,892,2.0,0.0,1,157.0
17012,159.0,1,892,0.0,0.0,2,157.0
17013,160.0,1,892,0.0,1.0,3,157.0
17014,161.0,1,892,0.0,0.0,4,157.0
17015,162.0,1,892,0.0,0.0,5,157.0
17016,163.0,1,892,1.0,0.0,6,157.0
17017,164.0,1,892,0.0,0.0,7,157.0
17018,165.0,1,892,0.0,0.0,8,157.0
17019,166.0,1,892,0.0,0.0,9,157.0
17020,167.0,1,892,1.0,0.0,10,157.0
17021,168.0,1,892,0.0,0.0,11,157.0
17022,169.0,1,892,0.0,0.0,12,157.0
17023,170.0,1,892,0.0,0.0,13,157.0
17024,193.0,0,893,0.0,0.0,-14,207.0
17025,194.0,0,893,0.0,1.0,-13,207.0
17026,195.0,0,893,0.0,0.0,-12,207.0
17027,196.0,0,893,0.0,0.0,-11,207.0
17028,197.0,0,893,1.0,0.0,-10,207.0
17029,198.0,0,893,0.0,0.0,-9,207.0
17030,199.0,0,893,0.0,0.0,-8,207.0
17031,200.0,0,893,0.0,1.0,-7,207.0
17032,201.0,0,893,0.0,0.0,-6,207.0
17033,202.0,0,893,0.0,0.0,-5,207.0
17034,203.0,0,893,0.0,0.0,-4,207.0
17035,204.0,0,893,0.0,0.0,-3,207.0
17036,205.0,0,893,0.0,0.0,-2,207.0
17037,206.0,0,893,1.0,0.0,-1,207.0
17038,207.0,1,893,3.0,2.0,0,207.0
17039,208.0,1,893,1.0,1.0,1,207.0
17040,209.0,1,893,0.0,2.0,2,207.0
17041,210.0,1,893,0.0,0.0,3,207.0
17042,211.0,1,893,0.0,0.0,4,207.0
17043,212.0,1,893,0.0,0.0,5,207.0
17044,213.0,1,893,1.0,0.0,6,207.0
17045,214.0,1,893,0.0,0.0,7,207.0
17046,215.0,1,893,0.0,0.0,8,207.0
17047,216.0,1,893,1.0,0.0,9,207.0
17048,217.0,1,893,0.0,0.0,10,207.0
17049,218.0,1,893,1.0,0.0,11,207.0
17050,219.0,1,893,1.0,0.0,12,207.0
17051,220.0,1,893,3.0,2.0,13,207.0
17052,37.0,0,894,45.0,240.0,-14,51.0
17053,38.0,0,894,43.0,247.0,-13,51.0
17054,39.0,0,894,63.0,320.0,-12,51.0
17055,40.0,0,894,74.0,289.0,-11,51.0
17056,41.0,0,894,28.0,165.0,-10,51.0
17057,42.0,0,894,36.0,166.0,-9,51.0
17058,43.0,0,894,21.0,157.0,-8,51.0
17059,44.0,0,894,48.0,187.0,-7,51.0
17060,45.0,0,894,55.0,418.0,-6,51.0
17061,46.0,0,894,46.0,217.0,-5,51.0
17062,47.0,0,894,44.0,153.0,-4,51.0
17063,48.0,0,894,56.0,238.0,-3,51.0
17064,49.0,0,894,23.0,84.0,-2,51.0
17065,50.0,0,894,32.0,90.0,-1,51.0
17066,51.0,1,894,96.0,159.0,0,51.0
17067,52.0,1,894,21.0,112.0,1,51.0
17068,53.0,1,894,22.0,86.0,2,51.0
17069,54.0,1,894,23.0,87.0,3,51.0
17070,55.0,1,894,20.0,54.0,4,51.0
17071,56.0,1,894,26.0,90.0,5,51.0
17072,57.0,1,894,20.0,59.0,6,51.0
17073,58.0,1,894,11.0,49.0,7,51.0
17074,59.0,1,894,8.0,28.0,8,51.0
17075,60.0,1,894,17.0,45.0,9,51.0
17076,61.0,1,894,8.0,36.0,10,51.0
17077,62.0,1,894,7.0,36.0,11,51.0
17078,63.0,1,894,10.0,40.0,12,51.0
17079,64.0,1,894,2.0,12.0,13,51.0
17080,42.0,0,896,1.0,5.0,-14,56.0
17081,43.0,0,896,0.0,6.0,-13,56.0
17082,44.0,0,896,1.0,0.0,-12,56.0
17083,45.0,0,896,2.0,2.0,-11,56.0
17084,46.0,0,896,0.0,2.0,-10,56.0
17085,47.0,0,896,2.0,2.0,-9,56.0
17086,48.0,0,896,1.0,1.0,-8,56.0
17087,49.0,0,896,6.0,18.0,-7,56.0
17088,50.0,0,896,152.0,158.0,-6,56.0
17089,51.0,0,896,358.0,380.0,-5,56.0
17090,52.0,0,896,75.0,119.0,-4,56.0
17091,53.0,0,896,323.0,526.0,-3,56.0
17092,54.0,0,896,135.0,196.0,-2,56.0
17093,55.0,0,896,25.0,29.0,-1,56.0
17094,56.0,1,896,65.0,72.0,0,56.0
17095,57.0,1,896,77.0,124.0,1,56.0
17096,58.0,1,896,671.0,978.0,2,56.0
17097,59.0,1,896,393.0,887.0,3,56.0
17098,60.0,1,896,110.0,200.0,4,56.0
17099,61.0,1,896,44.0,84.0,5,56.0
17100,62.0,1,896,55.0,89.0,6,56.0
17101,63.0,1,896,23.0,37.0,7,56.0
17102,64.0,1,896,19.0,26.0,8,56.0
17103,65.0,1,896,10.0,27.0,9,56.0
17104,66.0,1,896,9.0,29.0,10,56.0
17105,67.0,1,896,5.0,16.0,11,56.0
17106,68.0,1,896,6.0,9.0,12,56.0
17107,69.0,1,896,3.0,19.0,13,56.0
17108,126.0,0,898,85.0,134.0,-14,140.0
17109,127.0,0,898,68.0,76.0,-13,140.0
17110,128.0,0,898,44.0,92.0,-12,140.0
17111,129.0,0,898,175.0,185.0,-11,140.0
17112,130.0,0,898,104.0,161.0,-10,140.0
17113,131.0,0,898,69.0,118.0,-9,140.0
17114,132.0,0,898,83.0,172.0,-8,140.0
17115,133.0,0,898,111.0,175.0,-7,140.0
17116,134.0,0,898,113.0,161.0,-6,140.0
17117,135.0,0,898,237.0,312.0,-5,140.0
17118,136.0,0,898,162.0,179.0,-4,140.0
17119,137.0,0,898,80.0,172.0,-3,140.0
17120,138.0,0,898,99.0,151.0,-2,140.0
17121,139.0,0,898,85.0,141.0,-1,140.0
17122,140.0,1,898,131.0,118.0,0,140.0
17123,141.0,1,898,46.0,131.0,1,140.0
17124,142.0,1,898,42.0,152.0,2,140.0
17125,143.0,1,898,81.0,200.0,3,140.0
17126,144.0,1,898,39.0,139.0,4,140.0
17127,145.0,1,898,40.0,116.0,5,140.0
17128,146.0,1,898,51.0,134.0,6,140.0
17129,147.0,1,898,104.0,174.0,7,140.0
17130,148.0,1,898,47.0,112.0,8,140.0
17131,149.0,1,898,80.0,178.0,9,140.0
17132,150.0,1,898,55.0,159.0,10,140.0
17133,151.0,1,898,42.0,197.0,11,140.0
17134,152.0,1,898,39.0,152.0,12,140.0
17135,153.0,1,898,22.0,96.0,13,140.0
17136,27.0,0,899,3.0,6.0,-14,41.0
17137,28.0,0,899,4.0,15.0,-13,41.0
17138,29.0,0,899,6.0,22.0,-12,41.0
17139,30.0,0,899,5.0,22.0,-11,41.0
17140,31.0,0,899,35.0,76.0,-10,41.0
17141,32.0,0,899,30.0,163.0,-9,41.0
17142,33.0,0,899,89.0,399.0,-8,41.0
17143,34.0,0,899,156.0,851.0,-7,41.0
17144,35.0,0,899,53.0,282.0,-6,41.0
17145,36.0,0,899,83.0,427.0,-5,41.0
17146,37.0,0,899,50.0,258.0,-4,41.0
17147,38.0,0,899,64.0,208.0,-3,41.0
17148,39.0,0,899,69.0,333.0,-2,41.0
17149,40.0,0,899,55.0,163.0,-1,41.0
17150,41.0,1,899,45.0,134.0,0,41.0
17151,42.0,1,899,13.0,98.0,1,41.0
17152,43.0,1,899,45.0,200.0,2,41.0
17153,44.0,1,899,10.0,70.0,3,41.0
17154,45.0,1,899,20.0,127.0,4,41.0
17155,46.0,1,899,33.0,160.0,5,41.0
17156,47.0,1,899,19.0,96.0,6,41.0
17157,48.0,1,899,20.0,72.0,7,41.0
17158,49.0,1,899,6.0,59.0,8,41.0
17159,50.0,1,899,7.0,35.0,9,41.0
17160,51.0,1,899,7.0,25.0,10,41.0
17161,52.0,1,899,8.0,35.0,11,41.0
17162,53.0,1,899,46.0,291.0,12,41.0
17163,54.0,1,899,13.0,85.0,13,41.0
17164,58.0,0,900,31.0,28.0,-14,72.0
17165,59.0,0,900,19.0,17.0,-13,72.0
17166,60.0,0,900,25.0,21.0,-12,72.0
17167,61.0,0,900,23.0,16.0,-11,72.0
17168,62.0,0,900,43.0,33.0,-10,72.0
17169,63.0,0,900,19.0,13.0,-9,72.0
17170,64.0,0,900,14.0,11.0,-8,72.0
17171,65.0,0,900,8.0,11.0,-7,72.0
17172,66.0,0,900,15.0,14.0,-6,72.0
17173,67.0,0,900,14.0,9.0,-5,72.0
17174,68.0,0,900,28.0,16.0,-4,72.0
17175,69.0,0,900,485.0,241.0,-3,72.0
17176,70.0,0,900,387.0,279.0,-2,72.0
17177,71.0,0,900,78.0,40.0,-1,72.0
17178,72.0,1,900,81.0,52.0,0,72.0
17179,73.0,1,900,30.0,25.0,1,72.0
17180,74.0,1,900,28.0,12.0,2,72.0
17181,75.0,1,900,19.0,15.0,3,72.0
17182,76.0,1,900,107.0,56.0,4,72.0
17183,77.0,1,900,317.0,252.0,5,72.0
17184,78.0,1,900,43.0,41.0,6,72.0
17185,79.0,1,900,3503.0,1876.0,7,72.0
17186,80.0,1,900,1922.0,1150.0,8,72.0
17187,81.0,1,900,112.0,112.0,9,72.0
17188,82.0,1,900,882.0,429.0,10,72.0
17189,83.0,1,900,615.0,414.0,11,72.0
17190,84.0,1,900,419.0,342.0,12,72.0
17191,85.0,1,900,81.0,95.0,13,72.0
17192,31.0,0,901,116.0,224.0,-14,45.0
17193,32.0,0,901,131.0,205.0,-13,45.0
17194,33.0,0,901,218.0,355.0,-12,45.0
17195,34.0,0,901,243.0,631.0,-11,45.0
17196,35.0,0,901,236.0,404.0,-10,45.0
17197,36.0,0,901,262.0,469.0,-9,45.0
17198,37.0,0,901,214.0,345.0,-8,45.0
17199,38.0,0,901,184.0,288.0,-7,45.0
17200,39.0,0,901,234.0,266.0,-6,45.0
17201,40.0,0,901,1096.0,1496.0,-5,45.0
17202,41.0,0,901,348.0,499.0,-4,45.0
17203,42.0,0,901,105.0,147.0,-3,45.0
17204,43.0,0,901,97.0,159.0,-2,45.0
17205,44.0,0,901,117.0,142.0,-1,45.0
17206,45.0,1,901,178.0,158.0,0,45.0
17207,46.0,1,901,55.0,115.0,1,45.0
17208,47.0,1,901,45.0,96.0,2,45.0
17209,48.0,1,901,47.0,104.0,3,45.0
17210,49.0,1,901,51.0,70.0,4,45.0
17211,50.0,1,901,67.0,99.0,5,45.0
17212,51.0,1,901,60.0,144.0,6,45.0
17213,52.0,1,901,86.0,194.0,7,45.0
17214,53.0,1,901,259.0,541.0,8,45.0
17215,54.0,1,901,122.0,270.0,9,45.0
17216,55.0,1,901,29.0,69.0,10,45.0
17217,56.0,1,901,37.0,95.0,11,45.0
17218,57.0,1,901,28.0,50.0,12,45.0
17219,58.0,1,901,28.0,93.0,13,45.0
17220,234.0,0,902,1.0,3.0,-14,248.0
17221,235.0,0,902,0.0,1.0,-13,248.0
17222,236.0,0,902,1.0,0.0,-12,248.0
17223,237.0,0,902,2.0,0.0,-11,248.0
17224,238.0,0,902,2.0,0.0,-10,248.0
17225,239.0,0,902,0.0,1.0,-9,248.0
17226,240.0,0,902,1.0,3.0,-8,248.0
17227,241.0,0,902,3.0,4.0,-7,248.0
17228,242.0,0,902,3.0,1.0,-6,248.0
17229,243.0,0,902,2.0,0.0,-5,248.0
17230,244.0,0,902,3.0,2.0,-4,248.0
17231,245.0,0,902,2.0,0.0,-3,248.0
17232,246.0,0,902,0.0,3.0,-2,248.0
17233,247.0,0,902,16.0,17.0,-1,248.0
17234,248.0,1,902,49.0,55.0,0,248.0
17235,249.0,1,902,4.0,2.0,1,248.0
17236,250.0,1,902,0.0,0.0,2,248.0
17237,251.0,1,902,0.0,2.0,3,248.0
17238,252.0,1,902,0.0,0.0,4,248.0
17239,253.0,1,902,0.0,0.0,5,248.0
17240,254.0,1,902,0.0,1.0,6,248.0
17241,255.0,1,902,1.0,2.0,7,248.0
17242,256.0,1,902,0.0,0.0,8,248.0
17243,257.0,1,902,0.0,1.0,9,248.0
17244,258.0,1,902,2.0,1.0,10,248.0
17245,259.0,1,902,0.0,2.0,11,248.0
17246,260.0,1,902,1.0,1.0,12,248.0
17247,261.0,1,902,1.0,1.0,13,248.0
17248,112.0,0,903,3.0,5.0,-14,126.0
17249,113.0,0,903,1.0,3.0,-13,126.0
17250,114.0,0,903,4.0,6.0,-12,126.0
17251,115.0,0,903,2.0,1.0,-11,126.0
17252,116.0,0,903,7.0,12.0,-10,126.0
17253,117.0,0,903,8.0,23.0,-9,126.0
17254,118.0,0,903,5.0,3.0,-8,126.0
17255,119.0,0,903,2.0,5.0,-7,126.0
17256,120.0,0,903,16.0,6.0,-6,126.0
17257,121.0,0,903,182.0,186.0,-5,126.0
17258,122.0,0,903,36.0,24.0,-4,126.0
17259,123.0,0,903,18.0,24.0,-3,126.0
17260,124.0,0,903,12.0,10.0,-2,126.0
17261,125.0,0,903,16.0,13.0,-1,126.0
17262,126.0,1,903,37.0,32.0,0,126.0
17263,127.0,1,903,6.0,10.0,1,126.0
17264,128.0,1,903,12.0,14.0,2,126.0
17265,129.0,1,903,6.0,5.0,3,126.0
17266,130.0,1,903,3.0,9.0,4,126.0
17267,131.0,1,903,21.0,13.0,5,126.0
17268,132.0,1,903,11.0,21.0,6,126.0
17269,133.0,1,903,2.0,4.0,7,126.0
17270,134.0,1,903,11.0,23.0,8,126.0
17271,135.0,1,903,12.0,44.0,9,126.0
17272,136.0,1,903,24.0,82.0,10,126.0
17273,137.0,1,903,7.0,57.0,11,126.0
17274,138.0,1,903,7.0,47.0,12,126.0
17275,139.0,1,903,20.0,54.0,13,126.0
17276,106.0,0,904,31.0,41.0,-14,120.0
17277,107.0,0,904,32.0,27.0,-13,120.0
17278,108.0,0,904,48.0,62.0,-12,120.0
17279,109.0,0,904,54.0,49.0,-11,120.0
17280,110.0,0,904,36.0,43.0,-10,120.0
17281,111.0,0,904,50.0,32.0,-9,120.0
17282,112.0,0,904,58.0,66.0,-8,120.0
17283,113.0,0,904,53.0,54.0,-7,120.0
17284,114.0,0,904,98.0,58.0,-6,120.0
17285,115.0,0,904,27.0,38.0,-5,120.0
17286,116.0,0,904,34.0,31.0,-4,120.0
17287,117.0,0,904,50.0,57.0,-3,120.0
17288,118.0,0,904,30.0,43.0,-2,120.0
17289,119.0,0,904,27.0,26.0,-1,120.0
17290,120.0,1,904,87.0,69.0,0,120.0
17291,121.0,1,904,97.0,93.0,1,120.0
17292,122.0,1,904,22.0,34.0,2,120.0
17293,123.0,1,904,8.0,25.0,3,120.0
17294,124.0,1,904,30.0,27.0,4,120.0
17295,125.0,1,904,42.0,28.0,5,120.0
17296,126.0,1,904,18.0,23.0,6,120.0
17297,127.0,1,904,15.0,27.0,7,120.0
17298,128.0,1,904,11.0,14.0,8,120.0
17299,129.0,1,904,25.0,21.0,9,120.0
17300,130.0,1,904,14.0,19.0,10,120.0
17301,131.0,1,904,48.0,30.0,11,120.0
17302,132.0,1,904,19.0,23.0,12,120.0
17303,133.0,1,904,28.0,28.0,13,120.0
17304,49.0,0,906,6.0,7.0,-14,63.0
17305,50.0,0,906,2.0,6.0,-13,63.0
17306,51.0,0,906,6.0,11.0,-12,63.0
17307,52.0,0,906,6.0,11.0,-11,63.0
17308,53.0,0,906,9.0,21.0,-10,63.0
17309,54.0,0,906,3.0,12.0,-9,63.0
17310,55.0,0,906,7.0,29.0,-8,63.0
17311,56.0,0,906,6.0,7.0,-7,63.0
17312,57.0,0,906,5.0,12.0,-6,63.0
17313,58.0,0,906,1.0,13.0,-5,63.0
17314,59.0,0,906,4.0,2.0,-4,63.0
17315,60.0,0,906,1.0,6.0,-3,63.0
17316,61.0,0,906,1.0,6.0,-2,63.0
17317,62.0,0,906,25.0,34.0,-1,63.0
17318,63.0,1,906,10.0,9.0,0,63.0
17319,64.0,1,906,15.0,4.0,1,63.0
17320,65.0,1,906,2.0,2.0,2,63.0
17321,66.0,1,906,2.0,1.0,3,63.0
17322,67.0,1,906,1.0,3.0,4,63.0
17323,68.0,1,906,68.0,23.0,5,63.0
17324,69.0,1,906,10.0,6.0,6,63.0
17325,70.0,1,906,5.0,4.0,7,63.0
17326,71.0,1,906,5.0,2.0,8,63.0
17327,72.0,1,906,1.0,4.0,9,63.0
17328,73.0,1,906,4.0,2.0,10,63.0
17329,74.0,1,906,0.0,2.0,11,63.0
17330,75.0,1,906,2.0,7.0,12,63.0
17331,76.0,1,906,5.0,8.0,13,63.0
17332,24.0,0,907,0.0,0.0,-14,38.0
17333,25.0,0,907,0.0,1.0,-13,38.0
17334,26.0,0,907,1.0,1.0,-12,38.0
17335,27.0,0,907,0.0,7.0,-11,38.0
17336,28.0,0,907,1.0,11.0,-10,38.0
17337,29.0,0,907,0.0,5.0,-9,38.0
17338,30.0,0,907,0.0,13.0,-8,38.0
17339,31.0,0,907,1.0,18.0,-7,38.0
17340,32.0,0,907,11.0,26.0,-6,38.0
17341,33.0,0,907,25.0,91.0,-5,38.0
17342,34.0,0,907,55.0,146.0,-4,38.0
17343,35.0,0,907,29.0,119.0,-3,38.0
17344,36.0,0,907,39.0,114.0,-2,38.0
17345,37.0,0,907,2122.0,4234.0,-1,38.0
17346,38.0,1,907,1518.0,1581.0,0,38.0
17347,39.0,1,907,496.0,954.0,1,38.0
17348,40.0,1,907,237.0,511.0,2,38.0
17349,41.0,1,907,112.0,275.0,3,38.0
17350,42.0,1,907,41.0,152.0,4,38.0
17351,43.0,1,907,32.0,128.0,5,38.0
17352,44.0,1,907,59.0,215.0,6,38.0
17353,45.0,1,907,46.0,139.0,7,38.0
17354,46.0,1,907,161.0,425.0,8,38.0
17355,47.0,1,907,39.0,165.0,9,38.0
17356,48.0,1,907,24.0,92.0,10,38.0
17357,49.0,1,907,17.0,80.0,11,38.0
17358,50.0,1,907,14.0,67.0,12,38.0
17359,51.0,1,907,17.0,61.0,13,38.0
17360,103.0,0,908,218.0,4089.0,-14,117.0
17361,104.0,0,908,125.0,3067.0,-13,117.0
17362,105.0,0,908,200.0,2730.0,-12,117.0
17363,106.0,0,908,105.0,1700.0,-11,117.0
17364,107.0,0,908,128.0,2514.0,-10,117.0
17365,108.0,0,908,141.0,1968.0,-9,117.0
17366,109.0,0,908,93.0,1382.0,-8,117.0
17367,110.0,0,908,110.0,1713.0,-7,117.0
17368,111.0,0,908,122.0,1849.0,-6,117.0
17369,112.0,0,908,102.0,1562.0,-5,117.0
17370,113.0,0,908,189.0,2297.0,-4,117.0
17371,114.0,0,908,228.0,2657.0,-3,117.0
17372,115.0,0,908,256.0,4038.0,-2,117.0
17373,116.0,0,908,167.0,2609.0,-1,117.0
17374,117.0,1,908,155.0,2294.0,0,117.0
17375,118.0,1,908,94.0,1811.0,1,117.0
17376,119.0,1,908,93.0,2136.0,2,117.0
17377,120.0,1,908,136.0,2177.0,3,117.0
17378,121.0,1,908,94.0,2078.0,4,117.0
17379,122.0,1,908,60.0,977.0,5,117.0
17380,123.0,1,908,43.0,830.0,6,117.0
17381,124.0,1,908,63.0,990.0,7,117.0
17382,125.0,1,908,57.0,1104.0,8,117.0
17383,126.0,1,908,54.0,1033.0,9,117.0
17384,127.0,1,908,73.0,1491.0,10,117.0
17385,128.0,1,908,80.0,1198.0,11,117.0
17386,129.0,1,908,73.0,1072.0,12,117.0
17387,130.0,1,908,62.0,675.0,13,117.0
17388,40.0,0,909,409.0,1794.0,-14,54.0
17389,41.0,0,909,311.0,1252.0,-13,54.0
17390,42.0,0,909,167.0,502.0,-12,54.0
17391,43.0,0,909,183.0,575.0,-11,54.0
17392,44.0,0,909,242.0,603.0,-10,54.0
17393,45.0,0,909,224.0,737.0,-9,54.0
17394,46.0,0,909,109.0,415.0,-8,54.0
17395,47.0,0,909,102.0,279.0,-7,54.0
17396,48.0,0,909,130.0,269.0,-6,54.0
17397,49.0,0,909,91.0,185.0,-5,54.0
17398,50.0,0,909,94.0,184.0,-4,54.0
17399,51.0,0,909,134.0,307.0,-3,54.0
17400,52.0,0,909,83.0,189.0,-2,54.0
17401,53.0,0,909,175.0,210.0,-1,54.0
17402,54.0,1,909,242.0,282.0,0,54.0
17403,55.0,1,909,74.0,195.0,1,54.0
17404,56.0,1,909,58.0,182.0,2,54.0
17405,57.0,1,909,47.0,169.0,3,54.0
17406,58.0,1,909,50.0,197.0,4,54.0
17407,59.0,1,909,78.0,164.0,5,54.0
17408,60.0,1,909,25.0,78.0,6,54.0
17409,61.0,1,909,25.0,75.0,7,54.0
17410,62.0,1,909,16.0,68.0,8,54.0
17411,63.0,1,909,13.0,60.0,9,54.0
17412,64.0,1,909,25.0,85.0,10,54.0
17413,65.0,1,909,11.0,69.0,11,54.0
17414,66.0,1,909,36.0,108.0,12,54.0
17415,67.0,1,909,25.0,63.0,13,54.0
17416,154.0,0,910,56.0,73.0,-14,168.0
17417,155.0,0,910,57.0,67.0,-13,168.0
17418,156.0,0,910,33.0,34.0,-12,168.0
17419,157.0,0,910,17.0,27.0,-11,168.0
17420,158.0,0,910,20.0,22.0,-10,168.0
17421,159.0,0,910,15.0,27.0,-9,168.0
17422,160.0,0,910,12.0,17.0,-8,168.0
17423,161.0,0,910,14.0,11.0,-7,168.0
17424,162.0,0,910,7.0,18.0,-6,168.0
17425,163.0,0,910,11.0,14.0,-5,168.0
17426,164.0,0,910,14.0,15.0,-4,168.0
17427,165.0,0,910,83.0,66.0,-3,168.0
17428,166.0,0,910,66.0,33.0,-2,168.0
17429,167.0,0,910,582.0,300.0,-1,168.0
17430,168.0,1,910,116.0,75.0,0,168.0
17431,169.0,1,910,27.0,33.0,1,168.0
17432,170.0,1,910,15.0,18.0,2,168.0
17433,171.0,1,910,14.0,11.0,3,168.0
17434,172.0,1,910,18.0,11.0,4,168.0
17435,173.0,1,910,44.0,34.0,5,168.0
17436,174.0,1,910,97.0,61.0,6,168.0
17437,175.0,1,910,145.0,110.0,7,168.0
17438,176.0,1,910,29.0,27.0,8,168.0
17439,177.0,1,910,20.0,26.0,9,168.0
17440,178.0,1,910,17.0,13.0,10,168.0
17441,179.0,1,910,57.0,57.0,11,168.0
17442,180.0,1,910,258.0,273.0,12,168.0
17443,181.0,1,910,423.0,355.0,13,168.0
17444,37.0,0,911,125.0,157.0,-14,51.0
17445,38.0,0,911,149.0,202.0,-13,51.0
17446,39.0,0,911,91.0,132.0,-12,51.0
17447,40.0,0,911,323.0,249.0,-11,51.0
17448,41.0,0,911,637.0,498.0,-10,51.0
17449,42.0,0,911,893.0,774.0,-9,51.0
17450,43.0,0,911,312.0,144.0,-8,51.0
17451,44.0,0,911,47.0,47.0,-7,51.0
17452,45.0,0,911,290.0,198.0,-6,51.0
17453,46.0,0,911,52.0,51.0,-5,51.0
17454,47.0,0,911,1120.0,661.0,-4,51.0
17455,48.0,0,911,766.0,314.0,-3,51.0
17456,49.0,0,911,45.0,32.0,-2,51.0
17457,50.0,0,911,39.0,22.0,-1,51.0
17458,51.0,1,911,135.0,85.0,0,51.0
17459,52.0,1,911,48.0,33.0,1,51.0
17460,53.0,1,911,37.0,36.0,2,51.0
17461,54.0,1,911,187.0,141.0,3,51.0
17462,55.0,1,911,21.0,22.0,4,51.0
17463,56.0,1,911,23.0,14.0,5,51.0
17464,57.0,1,911,13.0,12.0,6,51.0
17465,58.0,1,911,19.0,24.0,7,51.0
17466,59.0,1,911,7.0,16.0,8,51.0
17467,60.0,1,911,9.0,9.0,9,51.0
17468,61.0,1,911,35.0,45.0,10,51.0
17469,62.0,1,911,118.0,72.0,11,51.0
17470,63.0,1,911,23.0,15.0,12,51.0
17471,64.0,1,911,19.0,25.0,13,51.0
17472,264.0,0,912,17.0,34.0,-14,278.0
17473,265.0,0,912,6.0,32.0,-13,278.0
17474,266.0,0,912,17.0,24.0,-12,278.0
17475,267.0,0,912,20.0,30.0,-11,278.0
17476,268.0,0,912,22.0,26.0,-10,278.0
17477,269.0,0,912,16.0,23.0,-9,278.0
17478,270.0,0,912,13.0,25.0,-8,278.0
17479,271.0,0,912,31.0,42.0,-7,278.0
17480,272.0,0,912,20.0,40.0,-6,278.0
17481,273.0,0,912,38.0,52.0,-5,278.0
17482,274.0,0,912,141.0,71.0,-4,278.0
17483,275.0,0,912,10.0,18.0,-3,278.0
17484,276.0,0,912,18.0,24.0,-2,278.0
17485,277.0,0,912,26.0,49.0,-1,278.0
17486,278.0,1,912,105.0,92.0,0,278.0
17487,279.0,1,912,27.0,35.0,1,278.0
17488,280.0,1,912,2.0,24.0,2,278.0
17489,281.0,1,912,9.0,15.0,3,278.0
17490,282.0,1,912,3.0,20.0,4,278.0
17491,283.0,1,912,4.0,19.0,5,278.0
17492,284.0,1,912,56.0,135.0,6,278.0
17493,285.0,1,912,27.0,67.0,7,278.0
17494,286.0,1,912,6.0,35.0,8,278.0
17495,287.0,1,912,10.0,29.0,9,278.0
17496,288.0,1,912,19.0,26.0,10,278.0
17497,289.0,1,912,3.0,19.0,11,278.0
17498,290.0,1,912,5.0,14.0,12,278.0
17499,291.0,1,912,15.0,20.0,13,278.0
17500,103.0,0,913,382.0,1811.0,-14,117.0
17501,104.0,0,913,612.0,2022.0,-13,117.0
17502,105.0,0,913,298.0,904.0,-12,117.0
17503,106.0,0,913,118.0,525.0,-11,117.0
17504,107.0,0,913,127.0,637.0,-10,117.0
17505,108.0,0,913,145.0,480.0,-9,117.0
17506,109.0,0,913,107.0,338.0,-8,117.0
17507,110.0,0,913,59.0,256.0,-7,117.0
17508,111.0,0,913,97.0,315.0,-6,117.0
17509,112.0,0,913,63.0,231.0,-5,117.0
17510,113.0,0,913,90.0,282.0,-4,117.0
17511,114.0,0,913,96.0,299.0,-3,117.0
17512,115.0,0,913,196.0,599.0,-2,117.0
17513,116.0,0,913,121.0,450.0,-1,117.0
17514,117.0,1,913,161.0,562.0,0,117.0
17515,118.0,1,913,102.0,457.0,1,117.0
17516,119.0,1,913,45.0,322.0,2,117.0
17517,120.0,1,913,132.0,325.0,3,117.0
17518,121.0,1,913,63.0,260.0,4,117.0
17519,122.0,1,913,35.0,201.0,5,117.0
17520,123.0,1,913,28.0,153.0,6,117.0
17521,124.0,1,913,42.0,212.0,7,117.0
17522,125.0,1,913,67.0,238.0,8,117.0
17523,126.0,1,913,75.0,280.0,9,117.0
17524,127.0,1,913,84.0,332.0,10,117.0
17525,128.0,1,913,65.0,261.0,11,117.0
17526,129.0,1,913,40.0,241.0,12,117.0
17527,130.0,1,913,74.0,493.0,13,117.0
17528,116.0,0,914,14.0,17.0,-14,130.0
17529,117.0,0,914,7.0,5.0,-13,130.0
17530,118.0,0,914,8.0,26.0,-12,130.0
17531,119.0,0,914,16.0,21.0,-11,130.0
17532,120.0,0,914,10.0,16.0,-10,130.0
17533,121.0,0,914,1.0,4.0,-9,130.0
17534,122.0,0,914,111.0,72.0,-8,130.0
17535,123.0,0,914,110.0,124.0,-7,130.0
17536,124.0,0,914,14.0,18.0,-6,130.0
17537,125.0,0,914,44.0,36.0,-5,130.0
17538,126.0,0,914,5.0,7.0,-4,130.0
17539,127.0,0,914,22.0,33.0,-3,130.0
17540,128.0,0,914,10.0,21.0,-2,130.0
17541,129.0,0,914,405.0,247.0,-1,130.0
17542,130.0,1,914,581.0,701.0,0,130.0
17543,131.0,1,914,44.0,47.0,1,130.0
17544,132.0,1,914,9.0,16.0,2,130.0
17545,133.0,1,914,7.0,9.0,3,130.0
17546,134.0,1,914,7.0,7.0,4,130.0
17547,135.0,1,914,19.0,27.0,5,130.0
17548,136.0,1,914,114.0,144.0,6,130.0
17549,137.0,1,914,16.0,24.0,7,130.0
17550,138.0,1,914,15.0,13.0,8,130.0
17551,139.0,1,914,2.0,9.0,9,130.0
17552,140.0,1,914,3.0,7.0,10,130.0
17553,141.0,1,914,5.0,6.0,11,130.0
17554,142.0,1,914,32.0,49.0,12,130.0
17555,143.0,1,914,55.0,74.0,13,130.0
17556,118.0,0,916,79.0,93.0,-14,132.0
17557,119.0,0,916,169.0,227.0,-13,132.0
17558,120.0,0,916,68.0,92.0,-12,132.0
17559,121.0,0,916,209.0,210.0,-11,132.0
17560,122.0,0,916,118.0,168.0,-10,132.0
17561,123.0,0,916,187.0,236.0,-9,132.0
17562,124.0,0,916,42.0,68.0,-8,132.0
17563,125.0,0,916,60.0,93.0,-7,132.0
17564,126.0,0,916,86.0,126.0,-6,132.0
17565,127.0,0,916,165.0,219.0,-5,132.0
17566,128.0,0,916,106.0,132.0,-4,132.0
17567,129.0,0,916,380.0,613.0,-3,132.0
17568,130.0,0,916,129.0,236.0,-2,132.0
17569,131.0,0,916,78.0,86.0,-1,132.0
17570,132.0,1,916,112.0,106.0,0,132.0
17571,133.0,1,916,92.0,137.0,1,132.0
17572,134.0,1,916,33.0,66.0,2,132.0
17573,135.0,1,916,94.0,110.0,3,132.0
17574,136.0,1,916,234.0,238.0,4,132.0
17575,137.0,1,916,233.0,347.0,5,132.0
17576,138.0,1,916,47.0,91.0,6,132.0
17577,139.0,1,916,41.0,84.0,7,132.0
17578,140.0,1,916,18.0,42.0,8,132.0
17579,141.0,1,916,36.0,55.0,9,132.0
17580,142.0,1,916,65.0,113.0,10,132.0
17581,143.0,1,916,112.0,190.0,11,132.0
17582,144.0,1,916,108.0,143.0,12,132.0
17583,145.0,1,916,30.0,63.0,13,132.0
17584,102.0,0,917,16.0,39.0,-14,116.0
17585,103.0,0,917,16.0,37.0,-13,116.0
17586,104.0,0,917,18.0,40.0,-12,116.0
17587,105.0,0,917,27.0,70.0,-11,116.0
17588,106.0,0,917,48.0,150.0,-10,116.0
17589,107.0,0,917,32.0,40.0,-9,116.0
17590,108.0,0,917,14.0,23.0,-8,116.0
17591,109.0,0,917,10.0,27.0,-7,116.0
17592,110.0,0,917,18.0,25.0,-6,116.0
17593,111.0,0,917,15.0,25.0,-5,116.0
17594,112.0,0,917,117.0,215.0,-4,116.0
17595,113.0,0,917,608.0,1056.0,-3,116.0
17596,114.0,0,917,88.0,117.0,-2,116.0
17597,115.0,0,917,2455.0,3536.0,-1,116.0
17598,116.0,1,917,884.0,1581.0,0,116.0
17599,117.0,1,917,1514.0,2437.0,1,116.0
17600,118.0,1,917,392.0,783.0,2,116.0
17601,119.0,1,917,532.0,934.0,3,116.0
17602,120.0,1,917,526.0,691.0,4,116.0
17603,121.0,1,917,219.0,338.0,5,116.0
17604,122.0,1,917,132.0,251.0,6,116.0
17605,123.0,1,917,41.0,128.0,7,116.0
17606,124.0,1,917,27.0,71.0,8,116.0
17607,125.0,1,917,39.0,80.0,9,116.0
17608,126.0,1,917,33.0,58.0,10,116.0
17609,127.0,1,917,55.0,81.0,11,116.0
17610,128.0,1,917,30.0,48.0,12,116.0
17611,129.0,1,917,14.0,55.0,13,116.0
17612,45.0,0,918,171.0,213.0,-14,59.0
17613,46.0,0,918,156.0,243.0,-13,59.0
17614,47.0,0,918,63.0,61.0,-12,59.0
17615,48.0,0,918,12.0,18.0,-11,59.0
17616,49.0,0,918,20.0,16.0,-10,59.0
17617,50.0,0,918,16.0,19.0,-9,59.0
17618,51.0,0,918,32.0,32.0,-8,59.0
17619,52.0,0,918,29.0,30.0,-7,59.0
17620,53.0,0,918,11.0,7.0,-6,59.0
17621,54.0,0,918,9.0,10.0,-5,59.0
17622,55.0,0,918,12.0,5.0,-4,59.0
17623,56.0,0,918,99.0,170.0,-3,59.0
17624,57.0,0,918,40.0,36.0,-2,59.0
17625,58.0,0,918,607.0,182.0,-1,59.0
17626,59.0,1,918,253.0,131.0,0,59.0
17627,60.0,1,918,41.0,35.0,1,59.0
17628,61.0,1,918,23.0,13.0,2,59.0
17629,62.0,1,918,26.0,25.0,3,59.0
17630,63.0,1,918,9.0,16.0,4,59.0
17631,64.0,1,918,7.0,7.0,5,59.0
17632,65.0,1,918,11.0,17.0,6,59.0
17633,66.0,1,918,1900.0,1219.0,7,59.0
17634,67.0,1,918,243.0,177.0,8,59.0
17635,68.0,1,918,37.0,39.0,9,59.0
17636,69.0,1,918,76.0,43.0,10,59.0
17637,70.0,1,918,35.0,27.0,11,59.0
17638,71.0,1,918,1421.0,693.0,12,59.0
17639,72.0,1,918,1544.0,981.0,13,59.0
17640,234.0,0,921,0.0,1.0,-14,248.0
17641,235.0,0,921,0.0,0.0,-13,248.0
17642,236.0,0,921,0.0,0.0,-12,248.0
17643,237.0,0,921,0.0,0.0,-11,248.0
17644,238.0,0,921,0.0,0.0,-10,248.0
17645,239.0,0,921,1.0,0.0,-9,248.0
17646,240.0,0,921,0.0,0.0,-8,248.0
17647,241.0,0,921,0.0,0.0,-7,248.0
17648,242.0,0,921,0.0,1.0,-6,248.0
17649,243.0,0,921,0.0,0.0,-5,248.0
17650,244.0,0,921,1.0,0.0,-4,248.0
17651,245.0,0,921,0.0,0.0,-3,248.0
17652,246.0,0,921,5.0,1.0,-2,248.0
17653,247.0,0,921,31.0,29.0,-1,248.0
17654,248.0,1,921,80.0,73.0,0,248.0
17655,249.0,1,921,9.0,8.0,1,248.0
17656,250.0,1,921,0.0,0.0,2,248.0
17657,251.0,1,921,0.0,0.0,3,248.0
17658,252.0,1,921,0.0,1.0,4,248.0
17659,253.0,1,921,0.0,0.0,5,248.0
17660,254.0,1,921,1.0,1.0,6,248.0
17661,255.0,1,921,10.0,5.0,7,248.0
17662,256.0,1,921,5.0,2.0,8,248.0
17663,257.0,1,921,1.0,0.0,9,248.0
17664,258.0,1,921,0.0,0.0,10,248.0
17665,259.0,1,921,0.0,0.0,11,248.0
17666,260.0,1,921,2.0,2.0,12,248.0
17667,261.0,1,921,1.0,0.0,13,248.0
17668,33.0,0,922,0.0,0.0,-14,47.0
17669,34.0,0,922,0.0,0.0,-13,47.0
17670,35.0,0,922,0.0,0.0,-12,47.0
17671,36.0,0,922,0.0,0.0,-11,47.0
17672,37.0,0,922,1.0,4.0,-10,47.0
17673,38.0,0,922,0.0,3.0,-9,47.0
17674,39.0,0,922,0.0,6.0,-8,47.0
17675,40.0,0,922,0.0,2.0,-7,47.0
17676,41.0,0,922,0.0,1.0,-6,47.0
17677,42.0,0,922,0.0,2.0,-5,47.0
17678,43.0,0,922,1.0,0.0,-4,47.0
17679,44.0,0,922,0.0,6.0,-3,47.0
17680,45.0,0,922,0.0,2.0,-2,47.0
17681,46.0,0,922,0.0,1.0,-1,47.0
17682,47.0,1,922,15.0,23.0,0,47.0
17683,48.0,1,922,4.0,6.0,1,47.0
17684,49.0,1,922,1.0,1.0,2,47.0
17685,50.0,1,922,2.0,1.0,3,47.0
17686,51.0,1,922,2.0,2.0,4,47.0
17687,52.0,1,922,0.0,4.0,5,47.0
17688,53.0,1,922,1.0,1.0,6,47.0
17689,54.0,1,922,1.0,1.0,7,47.0
17690,55.0,1,922,0.0,2.0,8,47.0
17691,56.0,1,922,1.0,0.0,9,47.0
17692,57.0,1,922,0.0,0.0,10,47.0
17693,58.0,1,922,1.0,0.0,11,47.0
17694,59.0,1,922,0.0,0.0,12,47.0
17695,60.0,1,922,0.0,1.0,13,47.0
17696,130.0,0,923,844.0,6010.0,-14,144.0
17697,131.0,0,923,264.0,3247.0,-13,144.0
17698,132.0,0,923,329.0,4036.0,-12,144.0
17699,133.0,0,923,793.0,5165.0,-11,144.0
17700,134.0,0,923,304.0,2701.0,-10,144.0
17701,135.0,0,923,391.0,3094.0,-9,144.0
17702,136.0,0,923,1033.0,24699.0,-8,144.0
17703,137.0,0,923,2119.0,43790.0,-7,144.0
17704,138.0,0,923,466.0,10844.0,-6,144.0
17705,139.0,0,923,657.0,5838.0,-5,144.0
17706,140.0,0,923,518.0,4087.0,-4,144.0
17707,141.0,0,923,668.0,5522.0,-3,144.0
17708,142.0,0,923,498.0,4515.0,-2,144.0
17709,143.0,0,923,689.0,5037.0,-1,144.0
17710,144.0,1,923,557.0,3791.0,0,144.0
17711,145.0,1,923,307.0,2656.0,1,144.0
17712,146.0,1,923,137.0,1896.0,2,144.0
17713,147.0,1,923,397.0,2066.0,3,144.0
17714,148.0,1,923,129.0,1183.0,4,144.0
17715,149.0,1,923,108.0,983.0,5,144.0
17716,150.0,1,923,80.0,924.0,6,144.0
17717,151.0,1,923,212.0,1510.0,7,144.0
17718,152.0,1,923,93.0,1356.0,8,144.0
17719,153.0,1,923,140.0,1200.0,9,144.0
17720,154.0,1,923,281.0,1309.0,10,144.0
17721,155.0,1,923,95.0,1016.0,11,144.0
17722,156.0,1,923,322.0,1496.0,12,144.0
17723,157.0,1,923,173.0,997.0,13,144.0
17724,242.0,0,924,0.0,1.0,-14,256.0
17725,243.0,0,924,0.0,0.0,-13,256.0
17726,244.0,0,924,1.0,0.0,-12,256.0
17727,245.0,0,924,1.0,0.0,-11,256.0
17728,246.0,0,924,1.0,0.0,-10,256.0
17729,247.0,0,924,5.0,3.0,-9,256.0
17730,248.0,0,924,0.0,0.0,-8,256.0
17731,249.0,0,924,0.0,1.0,-7,256.0
17732,250.0,0,924,0.0,0.0,-6,256.0
17733,251.0,0,924,1.0,1.0,-5,256.0
17734,252.0,0,924,0.0,1.0,-4,256.0
17735,253.0,0,924,0.0,0.0,-3,256.0
17736,254.0,0,924,47.0,42.0,-2,256.0
17737,255.0,0,924,22.0,14.0,-1,256.0
17738,256.0,1,924,102.0,35.0,0,256.0
17739,257.0,1,924,5.0,3.0,1,256.0
17740,258.0,1,924,17.0,18.0,2,256.0
17741,259.0,1,924,7.0,13.0,3,256.0
17742,260.0,1,924,3.0,0.0,4,256.0
17743,261.0,1,924,5.0,4.0,5,256.0
17744,262.0,1,924,10.0,6.0,6,256.0
17745,263.0,1,924,2.0,0.0,7,256.0
17746,264.0,1,924,0.0,3.0,8,256.0
17747,265.0,1,924,0.0,0.0,9,256.0
17748,266.0,1,924,0.0,1.0,10,256.0
17749,267.0,1,924,1.0,0.0,11,256.0
17750,268.0,1,924,0.0,2.0,12,256.0
17751,269.0,1,924,0.0,0.0,13,256.0
17752,42.0,0,927,1363.0,5419.0,-14,56.0
17753,43.0,0,927,1511.0,5032.0,-13,56.0
17754,44.0,0,927,967.0,4019.0,-12,56.0
17755,45.0,0,927,583.0,1805.0,-11,56.0
17756,46.0,0,927,916.0,2727.0,-10,56.0
17757,47.0,0,927,708.0,1969.0,-9,56.0
17758,48.0,0,927,385.0,787.0,-8,56.0
17759,49.0,0,927,205.0,407.0,-7,56.0
17760,50.0,0,927,150.0,302.0,-6,56.0
17761,51.0,0,927,184.0,333.0,-5,56.0
17762,52.0,0,927,1140.0,1988.0,-4,56.0
17763,53.0,0,927,265.0,514.0,-3,56.0
17764,54.0,0,927,220.0,453.0,-2,56.0
17765,55.0,0,927,4102.0,13037.0,-1,56.0
17766,56.0,1,927,1045.0,4174.0,0,56.0
17767,57.0,1,927,393.0,1371.0,1,56.0
17768,58.0,1,927,524.0,1251.0,2,56.0
17769,59.0,1,927,163.0,425.0,3,56.0
17770,60.0,1,927,66.0,239.0,4,56.0
17771,61.0,1,927,39.0,196.0,5,56.0
17772,62.0,1,927,53.0,186.0,6,56.0
17773,63.0,1,927,59.0,216.0,7,56.0
17774,64.0,1,927,56.0,200.0,8,56.0
17775,65.0,1,927,96.0,277.0,9,56.0
17776,66.0,1,927,119.0,345.0,10,56.0
17777,67.0,1,927,35.0,162.0,11,56.0
17778,68.0,1,927,38.0,160.0,12,56.0
17779,69.0,1,927,59.0,194.0,13,56.0
17780,77.0,0,928,111.0,1341.0,-14,91.0
17781,78.0,0,928,129.0,1609.0,-13,91.0
17782,79.0,0,928,123.0,1602.0,-12,91.0
17783,80.0,0,928,172.0,1843.0,-11,91.0
17784,81.0,0,928,95.0,1166.0,-10,91.0
17785,82.0,0,928,150.0,898.0,-9,91.0
17786,83.0,0,928,172.0,1378.0,-8,91.0
17787,84.0,0,928,78.0,832.0,-7,91.0
17788,85.0,0,928,51.0,841.0,-6,91.0
17789,86.0,0,928,60.0,923.0,-5,91.0
17790,87.0,0,928,86.0,1044.0,-4,91.0
17791,88.0,0,928,129.0,1974.0,-3,91.0
17792,89.0,0,928,315.0,4619.0,-2,91.0
17793,90.0,0,928,233.0,3890.0,-1,91.0
17794,91.0,1,928,121.0,3126.0,0,91.0
17795,92.0,1,928,239.0,4255.0,1,91.0
17796,93.0,1,928,140.0,4355.0,2,91.0
17797,94.0,1,928,83.0,3567.0,3,91.0
17798,95.0,1,928,84.0,2951.0,4,91.0
17799,96.0,1,928,196.0,3384.0,5,91.0
17800,97.0,1,928,50.0,2110.0,6,91.0
17801,98.0,1,928,87.0,2842.0,7,91.0
17802,99.0,1,928,114.0,4340.0,8,91.0
17803,100.0,1,928,942.0,28311.0,9,91.0
17804,101.0,1,928,312.0,10330.0,10,91.0
17805,102.0,1,928,96.0,8258.0,11,91.0
17806,103.0,1,928,400.0,12599.0,12,91.0
17807,104.0,1,928,85.0,7067.0,13,91.0
17808,92.0,0,929,60.0,67.0,-14,106.0
17809,93.0,0,929,42.0,47.0,-13,106.0
17810,94.0,0,929,15.0,14.0,-12,106.0
17811,95.0,0,929,36.0,40.0,-11,106.0
17812,96.0,0,929,12.0,14.0,-10,106.0
17813,97.0,0,929,7.0,8.0,-9,106.0
17814,98.0,0,929,10.0,16.0,-8,106.0
17815,99.0,0,929,17.0,21.0,-7,106.0
17816,100.0,0,929,52.0,40.0,-6,106.0
17817,101.0,0,929,43.0,80.0,-5,106.0
17818,102.0,0,929,40.0,63.0,-4,106.0
17819,103.0,0,929,124.0,200.0,-3,106.0
17820,104.0,0,929,178.0,367.0,-2,106.0
17821,105.0,0,929,43.0,94.0,-1,106.0
17822,106.0,1,929,42.0,53.0,0,106.0
17823,107.0,1,929,47.0,87.0,1,106.0
17824,108.0,1,929,28.0,40.0,2,106.0
17825,109.0,1,929,17.0,30.0,3,106.0
17826,110.0,1,929,16.0,21.0,4,106.0
17827,111.0,1,929,98.0,109.0,5,106.0
17828,112.0,1,929,15.0,20.0,6,106.0
17829,113.0,1,929,153.0,101.0,7,106.0
17830,114.0,1,929,58.0,41.0,8,106.0
17831,115.0,1,929,27.0,32.0,9,106.0
17832,116.0,1,929,9.0,32.0,10,106.0
17833,117.0,1,929,6.0,20.0,11,106.0
17834,118.0,1,929,9.0,23.0,12,106.0
17835,119.0,1,929,11.0,26.0,13,106.0
17836,25.0,0,930,0.0,0.0,-14,39.0
17837,26.0,0,930,0.0,0.0,-13,39.0
17838,27.0,0,930,0.0,0.0,-12,39.0
17839,28.0,0,930,0.0,0.0,-11,39.0
17840,29.0,0,930,0.0,0.0,-10,39.0
17841,30.0,0,930,0.0,0.0,-9,39.0
17842,31.0,0,930,0.0,0.0,-8,39.0
17843,32.0,0,930,0.0,0.0,-7,39.0
17844,33.0,0,930,0.0,0.0,-6,39.0
17845,34.0,0,930,0.0,0.0,-5,39.0
17846,35.0,0,930,0.0,0.0,-4,39.0
17847,36.0,0,930,0.0,0.0,-3,39.0
17848,37.0,0,930,6.0,27.0,-2,39.0
17849,38.0,0,930,945.0,1692.0,-1,39.0
17850,39.0,1,930,848.0,1364.0,0,39.0
17851,40.0,1,930,145.0,687.0,1,39.0
17852,41.0,1,930,48.0,462.0,2,39.0
17853,42.0,1,930,41.0,307.0,3,39.0
17854,43.0,1,930,65.0,359.0,4,39.0
17855,44.0,1,930,84.0,361.0,5,39.0
17856,45.0,1,930,20.0,178.0,6,39.0
17857,46.0,1,930,10.0,140.0,7,39.0
17858,47.0,1,930,30.0,151.0,8,39.0
17859,48.0,1,930,17.0,152.0,9,39.0
17860,49.0,1,930,39.0,508.0,10,39.0
17861,50.0,1,930,12.0,221.0,11,39.0
17862,51.0,1,930,12.0,124.0,12,39.0
17863,52.0,1,930,26.0,145.0,13,39.0
17864,33.0,0,932,1444.0,8657.0,-14,47.0
17865,34.0,0,932,1413.0,7237.0,-13,47.0
17866,35.0,0,932,1501.0,7787.0,-12,47.0
17867,36.0,0,932,3378.0,21002.0,-11,47.0
17868,37.0,0,932,3225.0,22327.0,-10,47.0
17869,38.0,0,932,2295.0,14412.0,-9,47.0
17870,39.0,0,932,1774.0,9827.0,-8,47.0
17871,40.0,0,932,2291.0,13313.0,-7,47.0
17872,41.0,0,932,1258.0,8073.0,-6,47.0
17873,42.0,0,932,760.0,4361.0,-5,47.0
17874,43.0,0,932,844.0,4276.0,-4,47.0
17875,44.0,0,932,1221.0,5774.0,-3,47.0
17876,45.0,0,932,1545.0,8081.0,-2,47.0
17877,46.0,0,932,973.0,5840.0,-1,47.0
17878,47.0,1,932,562.0,3868.0,0,47.0
17879,48.0,1,932,753.0,6861.0,1,47.0
17880,49.0,1,932,461.0,4637.0,2,47.0
17881,50.0,1,932,282.0,2989.0,3,47.0
17882,51.0,1,932,238.0,2656.0,4,47.0
17883,52.0,1,932,267.0,3396.0,5,47.0
17884,53.0,1,932,126.0,1388.0,6,47.0
17885,54.0,1,932,165.0,1969.0,7,47.0
17886,55.0,1,932,308.0,3706.0,8,47.0
17887,56.0,1,932,264.0,3325.0,9,47.0
17888,57.0,1,932,118.0,1320.0,10,47.0
17889,58.0,1,932,707.0,7717.0,11,47.0
17890,59.0,1,932,371.0,4119.0,12,47.0
17891,60.0,1,932,234.0,2954.0,13,47.0
17892,3.0,0,934,0.0,5.0,-14,17.0
17893,4.0,0,934,0.0,2.0,-13,17.0
17894,5.0,0,934,0.0,0.0,-12,17.0
17895,6.0,0,934,0.0,0.0,-11,17.0
17896,7.0,0,934,0.0,1.0,-10,17.0
17897,8.0,0,934,0.0,1.0,-9,17.0
17898,9.0,0,934,0.0,0.0,-8,17.0
17899,10.0,0,934,0.0,0.0,-7,17.0
17900,11.0,0,934,1.0,0.0,-6,17.0
17901,12.0,0,934,1.0,1.0,-5,17.0
17902,13.0,0,934,1.0,1.0,-4,17.0
17903,14.0,0,934,0.0,0.0,-3,17.0
17904,15.0,0,934,0.0,0.0,-2,17.0
17905,16.0,0,934,0.0,1.0,-1,17.0
17906,17.0,1,934,1.0,1.0,0,17.0
17907,18.0,1,934,0.0,0.0,1,17.0
17908,19.0,1,934,0.0,0.0,2,17.0
17909,20.0,1,934,0.0,1.0,3,17.0
17910,21.0,1,934,0.0,1.0,4,17.0
17911,22.0,1,934,0.0,0.0,5,17.0
17912,23.0,1,934,0.0,0.0,6,17.0
17913,24.0,1,934,0.0,1.0,7,17.0
17914,25.0,1,934,0.0,0.0,8,17.0
17915,26.0,1,934,0.0,0.0,9,17.0
17916,27.0,1,934,1.0,2.0,10,17.0
17917,28.0,1,934,0.0,0.0,11,17.0
17918,29.0,1,934,0.0,1.0,12,17.0
17919,30.0,1,934,1.0,1.0,13,17.0
17920,151.0,0,935,15.0,28.0,-14,165.0
17921,152.0,0,935,38.0,77.0,-13,165.0
17922,153.0,0,935,10.0,30.0,-12,165.0
17923,154.0,0,935,5.0,20.0,-11,165.0
17924,155.0,0,935,6.0,17.0,-10,165.0
17925,156.0,0,935,154.0,159.0,-9,165.0
17926,157.0,0,935,172.0,268.0,-8,165.0
17927,158.0,0,935,51.0,107.0,-7,165.0
17928,159.0,0,935,26.0,60.0,-6,165.0
17929,160.0,0,935,145.0,212.0,-5,165.0
17930,161.0,0,935,137.0,237.0,-4,165.0
17931,162.0,0,935,29.0,64.0,-3,165.0
17932,163.0,0,935,19.0,43.0,-2,165.0
17933,164.0,0,935,10.0,32.0,-1,165.0
17934,165.0,1,935,22.0,26.0,0,165.0
17935,166.0,1,935,10.0,29.0,1,165.0
17936,167.0,1,935,36.0,31.0,2,165.0
17937,168.0,1,935,24.0,14.0,3,165.0
17938,169.0,1,935,6.0,22.0,4,165.0
17939,170.0,1,935,27.0,31.0,5,165.0
17940,171.0,1,935,15.0,212.0,6,165.0
17941,172.0,1,935,15.0,47.0,7,165.0
17942,173.0,1,935,4.0,19.0,8,165.0
17943,174.0,1,935,7.0,11.0,9,165.0
17944,175.0,1,935,48.0,85.0,10,165.0
17945,176.0,1,935,13.0,22.0,11,165.0
17946,177.0,1,935,18.0,36.0,12,165.0
17947,178.0,1,935,9.0,27.0,13,165.0
17948,154.0,0,936,20.0,44.0,-14,168.0
17949,155.0,0,936,9.0,44.0,-13,168.0
17950,156.0,0,936,30.0,52.0,-12,168.0
17951,157.0,0,936,11.0,38.0,-11,168.0
17952,158.0,0,936,10.0,45.0,-10,168.0
17953,159.0,0,936,4.0,34.0,-9,168.0
17954,160.0,0,936,6.0,20.0,-8,168.0
17955,161.0,0,936,12.0,31.0,-7,168.0
17956,162.0,0,936,4.0,38.0,-6,168.0
17957,163.0,0,936,14.0,32.0,-5,168.0
17958,164.0,0,936,2.0,23.0,-4,168.0
17959,165.0,0,936,5.0,21.0,-3,168.0
17960,166.0,0,936,9.0,30.0,-2,168.0
17961,167.0,0,936,152.0,113.0,-1,168.0
17962,168.0,1,936,61.0,77.0,0,168.0
17963,169.0,1,936,16.0,23.0,1,168.0
17964,170.0,1,936,6.0,23.0,2,168.0
17965,171.0,1,936,9.0,27.0,3,168.0
17966,172.0,1,936,12.0,26.0,4,168.0
17967,173.0,1,936,14.0,37.0,5,168.0
17968,174.0,1,936,33.0,56.0,6,168.0
17969,175.0,1,936,6.0,38.0,7,168.0
17970,176.0,1,936,119.0,132.0,8,168.0
17971,177.0,1,936,176.0,198.0,9,168.0
17972,178.0,1,936,30.0,57.0,10,168.0
17973,179.0,1,936,20.0,92.0,11,168.0
17974,180.0,1,936,30.0,119.0,12,168.0
17975,181.0,1,936,21.0,59.0,13,168.0
17976,163.0,0,937,0.0,1.0,-14,177.0
17977,164.0,0,937,2.0,0.0,-13,177.0
17978,165.0,0,937,0.0,0.0,-12,177.0
17979,166.0,0,937,0.0,0.0,-11,177.0
17980,167.0,0,937,0.0,1.0,-10,177.0
17981,168.0,0,937,0.0,2.0,-9,177.0
17982,169.0,0,937,1.0,1.0,-8,177.0
17983,170.0,0,937,2.0,0.0,-7,177.0
17984,171.0,0,937,1.0,1.0,-6,177.0
17985,172.0,0,937,1.0,1.0,-5,177.0
17986,173.0,0,937,1.0,1.0,-4,177.0
17987,174.0,0,937,0.0,0.0,-3,177.0
17988,175.0,0,937,1.0,0.0,-2,177.0
17989,176.0,0,937,8.0,0.0,-1,177.0
17990,177.0,1,937,124.0,57.0,0,177.0
17991,178.0,1,937,5.0,9.0,1,177.0
17992,179.0,1,937,1.0,1.0,2,177.0
17993,180.0,1,937,1.0,0.0,3,177.0
17994,181.0,1,937,2.0,0.0,4,177.0
17995,182.0,1,937,0.0,2.0,5,177.0
17996,183.0,1,937,2.0,0.0,6,177.0
17997,184.0,1,937,1.0,1.0,7,177.0
17998,185.0,1,937,0.0,0.0,8,177.0
17999,186.0,1,937,0.0,0.0,9,177.0
18000,187.0,1,937,0.0,0.0,10,177.0
18001,188.0,1,937,0.0,1.0,11,177.0
18002,189.0,1,937,0.0,1.0,12,177.0
18003,190.0,1,937,1.0,1.0,13,177.0
18004,72.0,0,938,11.0,12.0,-14,86.0
18005,73.0,0,938,9.0,7.0,-13,86.0
18006,74.0,0,938,0.0,13.0,-12,86.0
18007,75.0,0,938,2.0,4.0,-11,86.0
18008,76.0,0,938,2.0,5.0,-10,86.0
18009,77.0,0,938,0.0,1.0,-9,86.0
18010,78.0,0,938,4.0,8.0,-8,86.0
18011,79.0,0,938,4.0,10.0,-7,86.0
18012,80.0,0,938,4.0,12.0,-6,86.0
18013,81.0,0,938,1.0,8.0,-5,86.0
18014,82.0,0,938,8.0,9.0,-4,86.0
18015,83.0,0,938,6.0,13.0,-3,86.0
18016,84.0,0,938,4.0,4.0,-2,86.0
18017,85.0,0,938,29.0,47.0,-1,86.0
18018,86.0,1,938,57.0,36.0,0,86.0
18019,87.0,1,938,9.0,13.0,1,86.0
18020,88.0,1,938,9.0,20.0,2,86.0
18021,89.0,1,938,15.0,30.0,3,86.0
18022,90.0,1,938,10.0,32.0,4,86.0
18023,91.0,1,938,6.0,26.0,5,86.0
18024,92.0,1,938,7.0,16.0,6,86.0
18025,93.0,1,938,4.0,13.0,7,86.0
18026,94.0,1,938,7.0,35.0,8,86.0
18027,95.0,1,938,40.0,57.0,9,86.0
18028,96.0,1,938,18.0,15.0,10,86.0
18029,97.0,1,938,5.0,15.0,11,86.0
18030,98.0,1,938,4.0,10.0,12,86.0
18031,99.0,1,938,7.0,7.0,13,86.0
18032,52.0,0,940,53.0,69.0,-14,66.0
18033,53.0,0,940,547.0,865.0,-13,66.0
18034,54.0,0,940,159.0,212.0,-12,66.0
18035,55.0,0,940,62.0,84.0,-11,66.0
18036,56.0,0,940,53.0,71.0,-10,66.0
18037,57.0,0,940,74.0,78.0,-9,66.0
18038,58.0,0,940,26.0,38.0,-8,66.0
18039,59.0,0,940,21.0,29.0,-7,66.0
18040,60.0,0,940,29.0,36.0,-6,66.0
18041,61.0,0,940,55.0,31.0,-5,66.0
18042,62.0,0,940,130.0,54.0,-4,66.0
18043,63.0,0,940,27.0,24.0,-3,66.0
18044,64.0,0,940,22.0,16.0,-2,66.0
18045,65.0,0,940,449.0,167.0,-1,66.0
18046,66.0,1,940,287.0,139.0,0,66.0
18047,67.0,1,940,57.0,52.0,1,66.0
18048,68.0,1,940,221.0,102.0,2,66.0
18049,69.0,1,940,26.0,33.0,3,66.0
18050,70.0,1,940,31.0,36.0,4,66.0
18051,71.0,1,940,23.0,35.0,5,66.0
18052,72.0,1,940,21.0,24.0,6,66.0
18053,73.0,1,940,11.0,28.0,7,66.0
18054,74.0,1,940,9.0,26.0,8,66.0
18055,75.0,1,940,10.0,18.0,9,66.0
18056,76.0,1,940,5.0,11.0,10,66.0
18057,77.0,1,940,10.0,16.0,11,66.0
18058,78.0,1,940,46.0,27.0,12,66.0
18059,79.0,1,940,38.0,48.0,13,66.0
18060,37.0,0,941,69.0,137.0,-14,51.0
18061,38.0,0,941,93.0,87.0,-13,51.0
18062,39.0,0,941,69.0,78.0,-12,51.0
18063,40.0,0,941,152.0,199.0,-11,51.0
18064,41.0,0,941,69.0,71.0,-10,51.0
18065,42.0,0,941,74.0,76.0,-9,51.0
18066,43.0,0,941,31.0,43.0,-8,51.0
18067,44.0,0,941,7.0,32.0,-7,51.0
18068,45.0,0,941,21.0,26.0,-6,51.0
18069,46.0,0,941,16.0,28.0,-5,51.0
18070,47.0,0,941,8.0,13.0,-4,51.0
18071,48.0,0,941,13.0,24.0,-3,51.0
18072,49.0,0,941,15.0,20.0,-2,51.0
18073,50.0,0,941,127.0,127.0,-1,51.0
18074,51.0,1,941,177.0,141.0,0,51.0
18075,52.0,1,941,30.0,43.0,1,51.0
18076,53.0,1,941,14.0,27.0,2,51.0
18077,54.0,1,941,19.0,20.0,3,51.0
18078,55.0,1,941,61.0,80.0,4,51.0
18079,56.0,1,941,19.0,14.0,5,51.0
18080,57.0,1,941,29.0,26.0,6,51.0
18081,58.0,1,941,20.0,21.0,7,51.0
18082,59.0,1,941,26.0,28.0,8,51.0
18083,60.0,1,941,11.0,10.0,9,51.0
18084,61.0,1,941,10.0,10.0,10,51.0
18085,62.0,1,941,4.0,2.0,11,51.0
18086,63.0,1,941,9.0,10.0,12,51.0
18087,64.0,1,941,4.0,7.0,13,51.0
18088,130.0,0,942,12.0,24.0,-14,144.0
18089,131.0,0,942,36.0,35.0,-13,144.0
18090,132.0,0,942,12.0,28.0,-12,144.0
18091,133.0,0,942,15.0,21.0,-11,144.0
18092,134.0,0,942,29.0,25.0,-10,144.0
18093,135.0,0,942,10.0,37.0,-9,144.0
18094,136.0,0,942,13.0,24.0,-8,144.0
18095,137.0,0,942,15.0,22.0,-7,144.0
18096,138.0,0,942,21.0,22.0,-6,144.0
18097,139.0,0,942,15.0,18.0,-5,144.0
18098,140.0,0,942,9.0,27.0,-4,144.0
18099,141.0,0,942,15.0,28.0,-3,144.0
18100,142.0,0,942,13.0,15.0,-2,144.0
18101,143.0,0,942,61.0,45.0,-1,144.0
18102,144.0,1,942,282.0,107.0,0,144.0
18103,145.0,1,942,56.0,53.0,1,144.0
18104,146.0,1,942,26.0,21.0,2,144.0
18105,147.0,1,942,15.0,15.0,3,144.0
18106,148.0,1,942,41.0,25.0,4,144.0
18107,149.0,1,942,31.0,43.0,5,144.0
18108,150.0,1,942,39.0,47.0,6,144.0
18109,151.0,1,942,83.0,71.0,7,144.0
18110,152.0,1,942,28.0,51.0,8,144.0
18111,153.0,1,942,74.0,37.0,9,144.0
18112,154.0,1,942,20.0,15.0,10,144.0
18113,155.0,1,942,10.0,10.0,11,144.0
18114,156.0,1,942,13.0,17.0,12,144.0
18115,157.0,1,942,17.0,33.0,13,144.0
18116,41.0,0,944,33.0,14.0,-14,55.0
18117,42.0,0,944,9.0,8.0,-13,55.0
18118,43.0,0,944,4.0,8.0,-12,55.0
18119,44.0,0,944,12.0,6.0,-11,55.0
18120,45.0,0,944,2.0,2.0,-10,55.0
18121,46.0,0,944,8.0,2.0,-9,55.0
18122,47.0,0,944,2.0,3.0,-8,55.0
18123,48.0,0,944,3.0,2.0,-7,55.0
18124,49.0,0,944,42.0,18.0,-6,55.0
18125,50.0,0,944,39.0,29.0,-5,55.0
18126,51.0,0,944,69.0,53.0,-4,55.0
18127,52.0,0,944,35.0,30.0,-3,55.0
18128,53.0,0,944,17.0,14.0,-2,55.0
18129,54.0,0,944,18.0,12.0,-1,55.0
18130,55.0,1,944,49.0,34.0,0,55.0
18131,56.0,1,944,13.0,4.0,1,55.0
18132,57.0,1,944,30.0,36.0,2,55.0
18133,58.0,1,944,28.0,39.0,3,55.0
18134,59.0,1,944,18.0,11.0,4,55.0
18135,60.0,1,944,13.0,5.0,5,55.0
18136,61.0,1,944,6.0,6.0,6,55.0
18137,62.0,1,944,3.0,3.0,7,55.0
18138,63.0,1,944,3.0,4.0,8,55.0
18139,64.0,1,944,1.0,2.0,9,55.0
18140,65.0,1,944,0.0,0.0,10,55.0
18141,66.0,1,944,3.0,2.0,11,55.0
18142,67.0,1,944,1.0,1.0,12,55.0
18143,68.0,1,944,2.0,2.0,13,55.0
18144,234.0,0,946,0.0,0.0,-14,248.0
18145,235.0,0,946,0.0,0.0,-13,248.0
18146,236.0,0,946,0.0,2.0,-12,248.0
18147,237.0,0,946,0.0,1.0,-11,248.0
18148,238.0,0,946,0.0,1.0,-10,248.0
18149,239.0,0,946,0.0,1.0,-9,248.0
18150,240.0,0,946,0.0,1.0,-8,248.0
18151,241.0,0,946,0.0,2.0,-7,248.0
18152,242.0,0,946,0.0,0.0,-6,248.0
18153,243.0,0,946,0.0,0.0,-5,248.0
18154,244.0,0,946,0.0,0.0,-4,248.0
18155,245.0,0,946,0.0,0.0,-3,248.0
18156,246.0,0,946,0.0,1.0,-2,248.0
18157,247.0,0,946,22.0,7.0,-1,248.0
18158,248.0,1,946,69.0,86.0,0,248.0
18159,249.0,1,946,0.0,10.0,1,248.0
18160,250.0,1,946,0.0,0.0,2,248.0
18161,251.0,1,946,0.0,1.0,3,248.0
18162,252.0,1,946,1.0,2.0,4,248.0
18163,253.0,1,946,0.0,0.0,5,248.0
18164,254.0,1,946,1.0,0.0,6,248.0
18165,255.0,1,946,0.0,1.0,7,248.0
18166,256.0,1,946,1.0,0.0,8,248.0
18167,257.0,1,946,0.0,0.0,9,248.0
18168,258.0,1,946,0.0,2.0,10,248.0
18169,259.0,1,946,1.0,0.0,11,248.0
18170,260.0,1,946,0.0,0.0,12,248.0
18171,261.0,1,946,0.0,0.0,13,248.0
18172,188.0,0,947,2.0,1.0,-14,202.0
18173,189.0,0,947,11.0,10.0,-13,202.0
18174,190.0,0,947,3.0,1.0,-12,202.0
18175,191.0,0,947,2.0,2.0,-11,202.0
18176,192.0,0,947,6.0,3.0,-10,202.0
18177,193.0,0,947,43.0,55.0,-9,202.0
18178,194.0,0,947,151.0,213.0,-8,202.0
18179,195.0,0,947,19.0,28.0,-7,202.0
18180,196.0,0,947,19.0,24.0,-6,202.0
18181,197.0,0,947,4.0,9.0,-5,202.0
18182,198.0,0,947,117.0,71.0,-4,202.0
18183,199.0,0,947,73.0,38.0,-3,202.0
18184,200.0,0,947,18.0,5.0,-2,202.0
18185,201.0,0,947,14.0,15.0,-1,202.0
18186,202.0,1,947,15.0,5.0,0,202.0
18187,203.0,1,947,6.0,4.0,1,202.0
18188,204.0,1,947,8.0,2.0,2,202.0
18189,205.0,1,947,3.0,2.0,3,202.0
18190,206.0,1,947,6.0,4.0,4,202.0
18191,207.0,1,947,6.0,6.0,5,202.0
18192,208.0,1,947,5.0,4.0,6,202.0
18193,209.0,1,947,30.0,7.0,7,202.0
18194,210.0,1,947,8.0,4.0,8,202.0
18195,211.0,1,947,10.0,12.0,9,202.0
18196,212.0,1,947,4.0,1.0,10,202.0
18197,213.0,1,947,18.0,7.0,11,202.0
18198,214.0,1,947,19.0,8.0,12,202.0
18199,215.0,1,947,9.0,17.0,13,202.0
18200,234.0,0,949,8.0,25.0,-14,248.0
18201,235.0,0,949,8.0,23.0,-13,248.0
18202,236.0,0,949,10.0,23.0,-12,248.0
18203,237.0,0,949,13.0,31.0,-11,248.0
18204,238.0,0,949,18.0,28.0,-10,248.0
18205,239.0,0,949,20.0,30.0,-9,248.0
18206,240.0,0,949,20.0,27.0,-8,248.0
18207,241.0,0,949,25.0,29.0,-7,248.0
18208,242.0,0,949,5.0,16.0,-6,248.0
18209,243.0,0,949,24.0,43.0,-5,248.0
18210,244.0,0,949,15.0,27.0,-4,248.0
18211,245.0,0,949,15.0,33.0,-3,248.0
18212,246.0,0,949,13.0,24.0,-2,248.0
18213,247.0,0,949,18.0,28.0,-1,248.0
18214,248.0,1,949,27.0,55.0,0,248.0
18215,249.0,1,949,20.0,40.0,1,248.0
18216,250.0,1,949,15.0,42.0,2,248.0
18217,251.0,1,949,21.0,33.0,3,248.0
18218,252.0,1,949,9.0,28.0,4,248.0
18219,253.0,1,949,11.0,18.0,5,248.0
18220,254.0,1,949,12.0,18.0,6,248.0
18221,255.0,1,949,16.0,29.0,7,248.0
18222,256.0,1,949,14.0,21.0,8,248.0
18223,257.0,1,949,19.0,25.0,9,248.0
18224,258.0,1,949,36.0,49.0,10,248.0
18225,259.0,1,949,20.0,47.0,11,248.0
18226,260.0,1,949,7.0,23.0,12,248.0
18227,261.0,1,949,9.0,13.0,13,248.0
18228,87.0,0,952,412.0,3956.0,-14,101.0
18229,88.0,0,952,452.0,5792.0,-13,101.0
18230,89.0,0,952,1032.0,22029.0,-12,101.0
18231,90.0,0,952,487.0,13876.0,-11,101.0
18232,91.0,0,952,387.0,9928.0,-10,101.0
18233,92.0,0,952,254.0,6602.0,-9,101.0
18234,93.0,0,952,190.0,5976.0,-8,101.0
18235,94.0,0,952,207.0,6621.0,-7,101.0
18236,95.0,0,952,128.0,4130.0,-6,101.0
18237,96.0,0,952,162.0,5723.0,-5,101.0
18238,97.0,0,952,338.0,9423.0,-4,101.0
18239,98.0,0,952,202.0,6084.0,-3,101.0
18240,99.0,0,952,584.0,12223.0,-2,101.0
18241,100.0,0,952,491.0,18843.0,-1,101.0
18242,101.0,1,952,987.0,33735.0,0,101.0
18243,102.0,1,952,357.0,27306.0,1,101.0
18244,103.0,1,952,229.0,18677.0,2,101.0
18245,104.0,1,952,388.0,26875.0,3,101.0
18246,105.0,1,952,252.0,12963.0,4,101.0
18247,106.0,1,952,136.0,11543.0,5,101.0
18248,107.0,1,952,505.0,27018.0,6,101.0
18249,108.0,1,952,536.0,22297.0,7,101.0
18250,109.0,1,952,162.0,10067.0,8,101.0
18251,110.0,1,952,150.0,11068.0,9,101.0
18252,111.0,1,952,213.0,12585.0,10,101.0
18253,112.0,1,952,125.0,8755.0,11,101.0
18254,113.0,1,952,225.0,10458.0,12,101.0
18255,114.0,1,952,218.0,10986.0,13,101.0
18256,234.0,0,953,1.0,0.0,-14,248.0
18257,235.0,0,953,0.0,0.0,-13,248.0
18258,236.0,0,953,0.0,2.0,-12,248.0
18259,237.0,0,953,1.0,0.0,-11,248.0
18260,238.0,0,953,0.0,0.0,-10,248.0
18261,239.0,0,953,0.0,0.0,-9,248.0
18262,240.0,0,953,0.0,0.0,-8,248.0
18263,241.0,0,953,0.0,0.0,-7,248.0
18264,242.0,0,953,2.0,1.0,-6,248.0
18265,243.0,0,953,1.0,3.0,-5,248.0
18266,244.0,0,953,0.0,0.0,-4,248.0
18267,245.0,0,953,1.0,2.0,-3,248.0
18268,246.0,0,953,1.0,0.0,-2,248.0
18269,247.0,0,953,12.0,8.0,-1,248.0
18270,248.0,1,953,7.0,3.0,0,248.0
18271,249.0,1,953,1.0,3.0,1,248.0
18272,250.0,1,953,1.0,3.0,2,248.0
18273,251.0,1,953,0.0,0.0,3,248.0
18274,252.0,1,953,1.0,2.0,4,248.0
18275,253.0,1,953,0.0,1.0,5,248.0
18276,254.0,1,953,2.0,1.0,6,248.0
18277,255.0,1,953,1.0,1.0,7,248.0
18278,256.0,1,953,0.0,0.0,8,248.0
18279,257.0,1,953,0.0,1.0,9,248.0
18280,258.0,1,953,0.0,0.0,10,248.0
18281,259.0,1,953,0.0,0.0,11,248.0
18282,260.0,1,953,0.0,0.0,12,248.0
18283,261.0,1,953,0.0,2.0,13,248.0
18284,100.0,0,954,142.0,184.0,-14,114.0
18285,101.0,0,954,125.0,233.0,-13,114.0
18286,102.0,0,954,639.0,1566.0,-12,114.0
18287,103.0,0,954,312.0,683.0,-11,114.0
18288,104.0,0,954,1131.0,1823.0,-10,114.0
18289,105.0,0,954,696.0,1054.0,-9,114.0
18290,106.0,0,954,834.0,989.0,-8,114.0
18291,107.0,0,954,614.0,689.0,-7,114.0
18292,108.0,0,954,799.0,856.0,-6,114.0
18293,109.0,0,954,227.0,315.0,-5,114.0
18294,110.0,0,954,904.0,1499.0,-4,114.0
18295,111.0,0,954,417.0,807.0,-3,114.0
18296,112.0,0,954,231.0,442.0,-2,114.0
18297,113.0,0,954,492.0,903.0,-1,114.0
18298,114.0,1,954,556.0,676.0,0,114.0
18299,115.0,1,954,1406.0,1431.0,1,114.0
18300,116.0,1,954,1153.0,2359.0,2,114.0
18301,117.0,1,954,1701.0,3785.0,3,114.0
18302,118.0,1,954,1816.0,5352.0,4,114.0
18303,119.0,1,954,418.0,1434.0,5,114.0
18304,120.0,1,954,227.0,660.0,6,114.0
18305,121.0,1,954,344.0,948.0,7,114.0
18306,122.0,1,954,2302.0,1784.0,8,114.0
18307,123.0,1,954,271.0,500.0,9,114.0
18308,124.0,1,954,212.0,697.0,10,114.0
18309,125.0,1,954,173.0,497.0,11,114.0
18310,126.0,1,954,170.0,496.0,12,114.0
18311,127.0,1,954,600.0,1390.0,13,114.0
18312,306.0,0,956,0.0,1.0,-14,320.0
18313,307.0,0,956,0.0,1.0,-13,320.0
18314,308.0,0,956,0.0,1.0,-12,320.0
18315,309.0,0,956,0.0,1.0,-11,320.0
18316,310.0,0,956,0.0,1.0,-10,320.0
18317,311.0,0,956,0.0,2.0,-9,320.0
18318,312.0,0,956,0.0,0.0,-8,320.0
18319,313.0,0,956,2.0,1.0,-7,320.0
18320,314.0,0,956,1.0,4.0,-6,320.0
18321,315.0,0,956,1.0,1.0,-5,320.0
18322,316.0,0,956,1.0,0.0,-4,320.0
18323,317.0,0,956,1.0,1.0,-3,320.0
18324,318.0,0,956,0.0,3.0,-2,320.0
18325,319.0,0,956,6.0,0.0,-1,320.0
18326,320.0,1,956,127.0,71.0,0,320.0
18327,321.0,1,956,27.0,9.0,1,320.0
18328,322.0,1,956,5.0,5.0,2,320.0
18329,323.0,1,956,5.0,4.0,3,320.0
18330,324.0,1,956,1.0,2.0,4,320.0
18331,325.0,1,956,0.0,1.0,5,320.0
18332,326.0,1,956,0.0,1.0,6,320.0
18333,327.0,1,956,3.0,4.0,7,320.0
18334,328.0,1,956,1.0,2.0,8,320.0
18335,329.0,1,956,2.0,0.0,9,320.0
18336,330.0,1,956,0.0,0.0,10,320.0
18337,331.0,1,956,0.0,1.0,11,320.0
18338,332.0,1,956,0.0,1.0,12,320.0
18339,333.0,1,956,0.0,0.0,13,320.0
18340,126.0,0,957,22.0,18.0,-14,140.0
18341,127.0,0,957,40.0,36.0,-13,140.0
18342,128.0,0,957,121.0,96.0,-12,140.0
18343,129.0,0,957,30.0,18.0,-11,140.0
18344,130.0,0,957,25.0,18.0,-10,140.0
18345,131.0,0,957,22.0,19.0,-9,140.0
18346,132.0,0,957,46.0,38.0,-8,140.0
18347,133.0,0,957,21.0,18.0,-7,140.0
18348,134.0,0,957,19.0,18.0,-6,140.0
18349,135.0,0,957,22.0,24.0,-5,140.0
18350,136.0,0,957,17.0,22.0,-4,140.0
18351,137.0,0,957,18.0,11.0,-3,140.0
18352,138.0,0,957,30.0,33.0,-2,140.0
18353,139.0,0,957,171.0,151.0,-1,140.0
18354,140.0,1,957,370.0,302.0,0,140.0
18355,141.0,1,957,29.0,67.0,1,140.0
18356,142.0,1,957,109.0,129.0,2,140.0
18357,143.0,1,957,50.0,60.0,3,140.0
18358,144.0,1,957,11.0,17.0,4,140.0
18359,145.0,1,957,42.0,22.0,5,140.0
18360,146.0,1,957,22.0,28.0,6,140.0
18361,147.0,1,957,11.0,21.0,7,140.0
18362,148.0,1,957,22.0,24.0,8,140.0
18363,149.0,1,957,35.0,29.0,9,140.0
18364,150.0,1,957,21.0,24.0,10,140.0
18365,151.0,1,957,8.0,9.0,11,140.0
18366,152.0,1,957,8.0,15.0,12,140.0
18367,153.0,1,957,1032.0,1197.0,13,140.0
18368,70.0,0,958,150.0,261.0,-14,84.0
18369,71.0,0,958,157.0,315.0,-13,84.0
18370,72.0,0,958,226.0,431.0,-12,84.0
18371,73.0,0,958,113.0,297.0,-11,84.0
18372,74.0,0,958,87.0,228.0,-10,84.0
18373,75.0,0,958,66.0,205.0,-9,84.0
18374,76.0,0,958,112.0,299.0,-8,84.0
18375,77.0,0,958,119.0,284.0,-7,84.0
18376,78.0,0,958,96.0,323.0,-6,84.0
18377,79.0,0,958,98.0,337.0,-5,84.0
18378,80.0,0,958,124.0,266.0,-4,84.0
18379,81.0,0,958,61.0,192.0,-3,84.0
18380,82.0,0,958,127.0,238.0,-2,84.0
18381,83.0,0,958,151.0,285.0,-1,84.0
18382,84.0,1,958,295.0,305.0,0,84.0
18383,85.0,1,958,74.0,248.0,1,84.0
18384,86.0,1,958,107.0,401.0,2,84.0
18385,87.0,1,958,82.0,326.0,3,84.0
18386,88.0,1,958,40.0,263.0,4,84.0
18387,89.0,1,958,477.0,807.0,5,84.0
18388,90.0,1,958,228.0,707.0,6,84.0
18389,91.0,1,958,139.0,518.0,7,84.0
18390,92.0,1,958,80.0,482.0,8,84.0
18391,93.0,1,958,70.0,473.0,9,84.0
18392,94.0,1,958,134.0,629.0,10,84.0
18393,95.0,1,958,87.0,477.0,11,84.0
18394,96.0,1,958,61.0,366.0,12,84.0
18395,97.0,1,958,50.0,269.0,13,84.0
18396,178.0,0,961,1.0,0.0,-14,192.0
18397,179.0,0,961,1.0,2.0,-13,192.0
18398,180.0,0,961,1.0,3.0,-12,192.0
18399,181.0,0,961,1.0,2.0,-11,192.0
18400,182.0,0,961,1.0,5.0,-10,192.0
18401,183.0,0,961,2.0,9.0,-9,192.0
18402,184.0,0,961,2.0,2.0,-8,192.0
18403,185.0,0,961,0.0,4.0,-7,192.0
18404,186.0,0,961,0.0,6.0,-6,192.0
18405,187.0,0,961,1.0,1.0,-5,192.0
18406,188.0,0,961,0.0,2.0,-4,192.0
18407,189.0,0,961,0.0,4.0,-3,192.0
18408,190.0,0,961,1.0,4.0,-2,192.0
18409,191.0,0,961,6.0,3.0,-1,192.0
18410,192.0,1,961,9.0,10.0,0,192.0
18411,193.0,1,961,0.0,2.0,1,192.0
18412,194.0,1,961,1.0,2.0,2,192.0
18413,195.0,1,961,0.0,3.0,3,192.0
18414,196.0,1,961,0.0,1.0,4,192.0
18415,197.0,1,961,3.0,1.0,5,192.0
18416,198.0,1,961,1.0,2.0,6,192.0
18417,199.0,1,961,1.0,5.0,7,192.0
18418,200.0,1,961,0.0,0.0,8,192.0
18419,201.0,1,961,0.0,0.0,9,192.0
18420,202.0,1,961,1.0,0.0,10,192.0
18421,203.0,1,961,0.0,1.0,11,192.0
18422,204.0,1,961,0.0,0.0,12,192.0
18423,205.0,1,961,0.0,1.0,13,192.0
18424,96.0,0,962,59.0,131.0,-14,110.0
18425,97.0,0,962,54.0,131.0,-13,110.0
18426,98.0,0,962,63.0,88.0,-12,110.0
18427,99.0,0,962,921.0,1575.0,-11,110.0
18428,100.0,0,962,226.0,473.0,-10,110.0
18429,101.0,0,962,214.0,323.0,-9,110.0
18430,102.0,0,962,136.0,424.0,-8,110.0
18431,103.0,0,962,308.0,800.0,-7,110.0
18432,104.0,0,962,296.0,564.0,-6,110.0
18433,105.0,0,962,241.0,502.0,-5,110.0
18434,106.0,0,962,697.0,1188.0,-4,110.0
18435,107.0,0,962,312.0,1478.0,-3,110.0
18436,108.0,0,962,373.0,1559.0,-2,110.0
18437,109.0,0,962,400.0,1007.0,-1,110.0
18438,110.0,1,962,1118.0,4821.0,0,110.0
18439,111.0,1,962,928.0,3656.0,1,110.0
18440,112.0,1,962,387.0,1563.0,2,110.0
18441,113.0,1,962,419.0,1962.0,3,110.0
18442,114.0,1,962,1991.0,6917.0,4,110.0
18443,115.0,1,962,599.0,4405.0,5,110.0
18444,116.0,1,962,289.0,2025.0,6,110.0
18445,117.0,1,962,309.0,2242.0,7,110.0
18446,118.0,1,962,803.0,3466.0,8,110.0
18447,119.0,1,962,399.0,2198.0,9,110.0
18448,120.0,1,962,99.0,803.0,10,110.0
18449,121.0,1,962,120.0,370.0,11,110.0
18450,122.0,1,962,50.0,186.0,12,110.0
18451,123.0,1,962,60.0,270.0,13,110.0
18452,37.0,0,965,52.0,275.0,-14,51.0
18453,38.0,0,965,113.0,320.0,-13,51.0
18454,39.0,0,965,87.0,291.0,-12,51.0
18455,40.0,0,965,108.0,348.0,-11,51.0
18456,41.0,0,965,91.0,226.0,-10,51.0
18457,42.0,0,965,39.0,148.0,-9,51.0
18458,43.0,0,965,32.0,101.0,-8,51.0
18459,44.0,0,965,22.0,82.0,-7,51.0
18460,45.0,0,965,16.0,59.0,-6,51.0
18461,46.0,0,965,18.0,48.0,-5,51.0
18462,47.0,0,965,19.0,69.0,-4,51.0
18463,48.0,0,965,41.0,106.0,-3,51.0
18464,49.0,0,965,79.0,190.0,-2,51.0
18465,50.0,0,965,419.0,730.0,-1,51.0
18466,51.0,1,965,534.0,790.0,0,51.0
18467,52.0,1,965,368.0,657.0,1,51.0
18468,53.0,1,965,325.0,612.0,2,51.0
18469,54.0,1,965,202.0,475.0,3,51.0
18470,55.0,1,965,119.0,274.0,4,51.0
18471,56.0,1,965,40.0,128.0,5,51.0
18472,57.0,1,965,60.0,135.0,6,51.0
18473,58.0,1,965,147.0,224.0,7,51.0
18474,59.0,1,965,433.0,844.0,8,51.0
18475,60.0,1,965,191.0,423.0,9,51.0
18476,61.0,1,965,37.0,82.0,10,51.0
18477,62.0,1,965,30.0,60.0,11,51.0
18478,63.0,1,965,26.0,35.0,12,51.0
18479,64.0,1,965,10.0,31.0,13,51.0
18480,93.0,0,967,49.0,81.0,-14,107.0
18481,94.0,0,967,425.0,586.0,-13,107.0
18482,95.0,0,967,55.0,118.0,-12,107.0
18483,96.0,0,967,68.0,111.0,-11,107.0
18484,97.0,0,967,30.0,56.0,-10,107.0
18485,98.0,0,967,70.0,119.0,-9,107.0
18486,99.0,0,967,81.0,111.0,-8,107.0
18487,100.0,0,967,610.0,1152.0,-7,107.0
18488,101.0,0,967,300.0,419.0,-6,107.0
18489,102.0,0,967,503.0,1071.0,-5,107.0
18490,103.0,0,967,216.0,377.0,-4,107.0
18491,104.0,0,967,52.0,129.0,-3,107.0
18492,105.0,0,967,63.0,160.0,-2,107.0
18493,106.0,0,967,69.0,132.0,-1,107.0
18494,107.0,1,967,89.0,183.0,0,107.0
18495,108.0,1,967,25.0,92.0,1,107.0
18496,109.0,1,967,19.0,57.0,2,107.0
18497,110.0,1,967,20.0,78.0,3,107.0
18498,111.0,1,967,367.0,728.0,4,107.0
18499,112.0,1,967,651.0,1568.0,5,107.0
18500,113.0,1,967,69.0,206.0,6,107.0
18501,114.0,1,967,234.0,578.0,7,107.0
18502,115.0,1,967,159.0,381.0,8,107.0
18503,116.0,1,967,146.0,288.0,9,107.0
18504,117.0,1,967,16.0,115.0,10,107.0
18505,118.0,1,967,36.0,122.0,11,107.0
18506,119.0,1,967,39.0,115.0,12,107.0
18507,120.0,1,967,89.0,193.0,13,107.0
18508,45.0,0,969,3060.0,4756.0,-14,59.0
18509,46.0,0,969,6288.0,7047.0,-13,59.0
18510,47.0,0,969,286.0,435.0,-12,59.0
18511,48.0,0,969,430.0,422.0,-11,59.0
18512,49.0,0,969,260.0,331.0,-10,59.0
18513,50.0,0,969,218.0,275.0,-9,59.0
18514,51.0,0,969,424.0,416.0,-8,59.0
18515,52.0,0,969,290.0,328.0,-7,59.0
18516,53.0,0,969,772.0,852.0,-6,59.0
18517,54.0,0,969,215.0,309.0,-5,59.0
18518,55.0,0,969,333.0,453.0,-4,59.0
18519,56.0,0,969,136.0,232.0,-3,59.0
18520,57.0,0,969,747.0,941.0,-2,59.0
18521,58.0,0,969,930.0,1013.0,-1,59.0
18522,59.0,1,969,551.0,677.0,0,59.0
18523,60.0,1,969,143.0,233.0,1,59.0
18524,61.0,1,969,642.0,576.0,2,59.0
18525,62.0,1,969,4145.0,5381.0,3,59.0
18526,63.0,1,969,864.0,1113.0,4,59.0
18527,64.0,1,969,432.0,649.0,5,59.0
18528,65.0,1,969,268.0,330.0,6,59.0
18529,66.0,1,969,197.0,223.0,7,59.0
18530,67.0,1,969,269.0,285.0,8,59.0
18531,68.0,1,969,167.0,214.0,9,59.0
18532,69.0,1,969,191.0,249.0,10,59.0
18533,70.0,1,969,228.0,369.0,11,59.0
18534,71.0,1,969,151.0,292.0,12,59.0
18535,72.0,1,969,219.0,437.0,13,59.0
18536,263.0,0,970,0.0,0.0,-14,277.0
18537,264.0,0,970,0.0,1.0,-13,277.0
18538,265.0,0,970,0.0,0.0,-12,277.0
18539,266.0,0,970,0.0,0.0,-11,277.0
18540,267.0,0,970,0.0,0.0,-10,277.0
18541,268.0,0,970,0.0,1.0,-9,277.0
18542,269.0,0,970,0.0,0.0,-8,277.0
18543,270.0,0,970,1.0,0.0,-7,277.0
18544,271.0,0,970,0.0,0.0,-6,277.0
18545,272.0,0,970,0.0,0.0,-5,277.0
18546,273.0,0,970,0.0,0.0,-4,277.0
18547,274.0,0,970,0.0,1.0,-3,277.0
18548,275.0,0,970,93.0,57.0,-2,277.0
18549,276.0,0,970,255.0,147.0,-1,277.0
18550,277.0,1,970,31.0,11.0,0,277.0
18551,278.0,1,970,3.0,4.0,1,277.0
18552,279.0,1,970,3.0,3.0,2,277.0
18553,280.0,1,970,1.0,1.0,3,277.0
18554,281.0,1,970,0.0,0.0,4,277.0
18555,282.0,1,970,0.0,1.0,5,277.0
18556,283.0,1,970,6.0,3.0,6,277.0
18557,284.0,1,970,1.0,1.0,7,277.0
18558,285.0,1,970,1.0,1.0,8,277.0
18559,286.0,1,970,0.0,1.0,9,277.0
18560,287.0,1,970,0.0,1.0,10,277.0
18561,288.0,1,970,1.0,0.0,11,277.0
18562,289.0,1,970,1.0,1.0,12,277.0
18563,290.0,1,970,2.0,2.0,13,277.0
18564,44.0,0,971,174.0,221.0,-14,58.0
18565,45.0,0,971,122.0,124.0,-13,58.0
18566,46.0,0,971,43.0,50.0,-12,58.0
18567,47.0,0,971,51.0,20.0,-11,58.0
18568,48.0,0,971,30.0,21.0,-10,58.0
18569,49.0,0,971,141.0,119.0,-9,58.0
18570,50.0,0,971,93.0,114.0,-8,58.0
18571,51.0,0,971,46.0,32.0,-7,58.0
18572,52.0,0,971,34.0,24.0,-6,58.0
18573,53.0,0,971,33.0,31.0,-5,58.0
18574,54.0,0,971,67.0,55.0,-4,58.0
18575,55.0,0,971,47.0,18.0,-3,58.0
18576,56.0,0,971,11.0,9.0,-2,58.0
18577,57.0,0,971,20.0,13.0,-1,58.0
18578,58.0,1,971,62.0,34.0,0,58.0
18579,59.0,1,971,119.0,103.0,1,58.0
18580,60.0,1,971,24.0,19.0,2,58.0
18581,61.0,1,971,18.0,12.0,3,58.0
18582,62.0,1,971,4.0,14.0,4,58.0
18583,63.0,1,971,8.0,10.0,5,58.0
18584,64.0,1,971,6.0,7.0,6,58.0
18585,65.0,1,971,17.0,15.0,7,58.0
18586,66.0,1,971,5.0,5.0,8,58.0
18587,67.0,1,971,10.0,8.0,9,58.0
18588,68.0,1,971,9.0,3.0,10,58.0
18589,69.0,1,971,12.0,22.0,11,58.0
18590,70.0,1,971,24.0,19.0,12,58.0
18591,71.0,1,971,10.0,7.0,13,58.0
18592,93.0,0,972,0.0,0.0,-14,107.0
18593,94.0,0,972,0.0,0.0,-13,107.0
18594,95.0,0,972,0.0,0.0,-12,107.0
18595,96.0,0,972,0.0,1.0,-11,107.0
18596,97.0,0,972,0.0,0.0,-10,107.0
18597,98.0,0,972,0.0,0.0,-9,107.0
18598,99.0,0,972,0.0,0.0,-8,107.0
18599,100.0,0,972,0.0,0.0,-7,107.0
18600,101.0,0,972,0.0,0.0,-6,107.0
18601,102.0,0,972,0.0,1.0,-5,107.0
18602,103.0,0,972,0.0,1.0,-4,107.0
18603,104.0,0,972,0.0,0.0,-3,107.0
18604,105.0,0,972,0.0,1.0,-2,107.0
18605,106.0,0,972,0.0,1.0,-1,107.0
18606,107.0,1,972,4.0,6.0,0,107.0
18607,108.0,1,972,0.0,2.0,1,107.0
18608,109.0,1,972,1.0,3.0,2,107.0
18609,110.0,1,972,0.0,0.0,3,107.0
18610,111.0,1,972,0.0,0.0,4,107.0
18611,112.0,1,972,3.0,0.0,5,107.0
18612,113.0,1,972,0.0,2.0,6,107.0
18613,114.0,1,972,0.0,1.0,7,107.0
18614,115.0,1,972,0.0,0.0,8,107.0
18615,116.0,1,972,0.0,2.0,9,107.0
18616,117.0,1,972,0.0,1.0,10,107.0
18617,118.0,1,972,0.0,1.0,11,107.0
18618,119.0,1,972,0.0,0.0,12,107.0
18619,120.0,1,972,0.0,0.0,13,107.0
18620,229.0,0,973,1.0,2.0,-14,243.0
18621,230.0,0,973,1.0,6.0,-13,243.0
18622,231.0,0,973,0.0,1.0,-12,243.0
18623,232.0,0,973,3.0,17.0,-11,243.0
18624,233.0,0,973,3.0,4.0,-10,243.0
18625,234.0,0,973,0.0,3.0,-9,243.0
18626,235.0,0,973,2.0,6.0,-8,243.0
18627,236.0,0,973,3.0,4.0,-7,243.0
18628,237.0,0,973,0.0,4.0,-6,243.0
18629,238.0,0,973,6.0,6.0,-5,243.0
18630,239.0,0,973,3.0,2.0,-4,243.0
18631,240.0,0,973,21.0,5.0,-3,243.0
18632,241.0,0,973,6.0,8.0,-2,243.0
18633,242.0,0,973,1.0,6.0,-1,243.0
18634,243.0,1,973,13.0,9.0,0,243.0
18635,244.0,1,973,3.0,12.0,1,243.0
18636,245.0,1,973,5.0,9.0,2,243.0
18637,246.0,1,973,2.0,6.0,3,243.0
18638,247.0,1,973,3.0,5.0,4,243.0
18639,248.0,1,973,2.0,7.0,5,243.0
18640,249.0,1,973,3.0,7.0,6,243.0
18641,250.0,1,973,7.0,25.0,7,243.0
18642,251.0,1,973,2.0,2.0,8,243.0
18643,252.0,1,973,17.0,13.0,9,243.0
18644,253.0,1,973,4.0,3.0,10,243.0
18645,254.0,1,973,5.0,7.0,11,243.0
18646,255.0,1,973,7.0,4.0,12,243.0
18647,256.0,1,973,10.0,10.0,13,243.0
18648,138.0,0,975,1.0,3.0,-14,152.0
18649,139.0,0,975,14.0,14.0,-13,152.0
18650,140.0,0,975,5.0,13.0,-12,152.0
18651,141.0,0,975,0.0,2.0,-11,152.0
18652,142.0,0,975,2.0,1.0,-10,152.0
18653,143.0,0,975,1.0,2.0,-9,152.0
18654,144.0,0,975,28.0,42.0,-8,152.0
18655,145.0,0,975,5.0,18.0,-7,152.0
18656,146.0,0,975,6.0,7.0,-6,152.0
18657,147.0,0,975,133.0,37.0,-5,152.0
18658,148.0,0,975,27.0,17.0,-4,152.0
18659,149.0,0,975,3.0,4.0,-3,152.0
18660,150.0,0,975,1.0,6.0,-2,152.0
18661,151.0,0,975,0.0,8.0,-1,152.0
18662,152.0,1,975,42.0,18.0,0,152.0
18663,153.0,1,975,8.0,9.0,1,152.0
18664,154.0,1,975,2.0,2.0,2,152.0
18665,155.0,1,975,4.0,8.0,3,152.0
18666,156.0,1,975,2.0,2.0,4,152.0
18667,157.0,1,975,0.0,1.0,5,152.0
18668,158.0,1,975,0.0,0.0,6,152.0
18669,159.0,1,975,0.0,1.0,7,152.0
18670,160.0,1,975,1.0,3.0,8,152.0
18671,161.0,1,975,1.0,3.0,9,152.0
18672,162.0,1,975,5.0,6.0,10,152.0
18673,163.0,1,975,1.0,1.0,11,152.0
18674,164.0,1,975,0.0,0.0,12,152.0
18675,165.0,1,975,0.0,0.0,13,152.0
18676,105.0,0,976,114.0,124.0,-14,119.0
18677,106.0,0,976,152.0,205.0,-13,119.0
18678,107.0,0,976,94.0,148.0,-12,119.0
18679,108.0,0,976,291.0,258.0,-11,119.0
18680,109.0,0,976,110.0,98.0,-10,119.0
18681,110.0,0,976,154.0,184.0,-9,119.0
18682,111.0,0,976,43.0,73.0,-8,119.0
18683,112.0,0,976,51.0,75.0,-7,119.0
18684,113.0,0,976,46.0,51.0,-6,119.0
18685,114.0,0,976,57.0,84.0,-5,119.0
18686,115.0,0,976,51.0,93.0,-4,119.0
18687,116.0,0,976,35.0,67.0,-3,119.0
18688,117.0,0,976,139.0,143.0,-2,119.0
18689,118.0,0,976,1714.0,1771.0,-1,119.0
18690,119.0,1,976,306.0,492.0,0,119.0
18691,120.0,1,976,50.0,174.0,1,119.0
18692,121.0,1,976,51.0,132.0,2,119.0
18693,122.0,1,976,53.0,110.0,3,119.0
18694,123.0,1,976,42.0,77.0,4,119.0
18695,124.0,1,976,35.0,112.0,5,119.0
18696,125.0,1,976,32.0,56.0,6,119.0
18697,126.0,1,976,21.0,78.0,7,119.0
18698,127.0,1,976,25.0,95.0,8,119.0
18699,128.0,1,976,24.0,84.0,9,119.0
18700,129.0,1,976,30.0,81.0,10,119.0
18701,130.0,1,976,14.0,76.0,11,119.0
18702,131.0,1,976,21.0,61.0,12,119.0
18703,132.0,1,976,40.0,88.0,13,119.0
18704,90.0,0,977,10.0,3.0,-14,104.0
18705,91.0,0,977,8.0,9.0,-13,104.0
18706,92.0,0,977,237.0,151.0,-12,104.0
18707,93.0,0,977,11.0,11.0,-11,104.0
18708,94.0,0,977,9.0,6.0,-10,104.0
18709,95.0,0,977,162.0,132.0,-9,104.0
18710,96.0,0,977,22.0,9.0,-8,104.0
18711,97.0,0,977,7.0,9.0,-7,104.0
18712,98.0,0,977,3.0,3.0,-6,104.0
18713,99.0,0,977,6.0,6.0,-5,104.0
18714,100.0,0,977,8.0,4.0,-4,104.0
18715,101.0,0,977,13.0,9.0,-3,104.0
18716,102.0,0,977,17.0,16.0,-2,104.0
18717,103.0,0,977,27.0,29.0,-1,104.0
18718,104.0,1,977,465.0,220.0,0,104.0
18719,105.0,1,977,12.0,20.0,1,104.0
18720,106.0,1,977,11.0,16.0,2,104.0
18721,107.0,1,977,8.0,12.0,3,104.0
18722,108.0,1,977,3.0,9.0,4,104.0
18723,109.0,1,977,3.0,7.0,5,104.0
18724,110.0,1,977,6.0,7.0,6,104.0
18725,111.0,1,977,2.0,6.0,7,104.0
18726,112.0,1,977,6.0,7.0,8,104.0
18727,113.0,1,977,28.0,25.0,9,104.0
18728,114.0,1,977,17.0,21.0,10,104.0
18729,115.0,1,977,10.0,16.0,11,104.0
18730,116.0,1,977,8.0,14.0,12,104.0
18731,117.0,1,977,191.0,194.0,13,104.0
18732,115.0,0,980,204.0,305.0,-14,129.0
18733,116.0,0,980,67.0,263.0,-13,129.0
18734,117.0,0,980,114.0,217.0,-12,129.0
18735,118.0,0,980,57.0,71.0,-11,129.0
18736,119.0,0,980,38.0,52.0,-10,129.0
18737,120.0,0,980,29.0,43.0,-9,129.0
18738,121.0,0,980,22.0,52.0,-8,129.0
18739,122.0,0,980,72.0,121.0,-7,129.0
18740,123.0,0,980,59.0,82.0,-6,129.0
18741,124.0,0,980,31.0,44.0,-5,129.0
18742,125.0,0,980,39.0,60.0,-4,129.0
18743,126.0,0,980,21.0,48.0,-3,129.0
18744,127.0,0,980,16.0,23.0,-2,129.0
18745,128.0,0,980,72.0,60.0,-1,129.0
18746,129.0,1,980,227.0,245.0,0,129.0
18747,130.0,1,980,16.0,41.0,1,129.0
18748,131.0,1,980,20.0,31.0,2,129.0
18749,132.0,1,980,23.0,43.0,3,129.0
18750,133.0,1,980,93.0,123.0,4,129.0
18751,134.0,1,980,44.0,56.0,5,129.0
18752,135.0,1,980,67.0,61.0,6,129.0
18753,136.0,1,980,70.0,68.0,7,129.0
18754,137.0,1,980,130.0,136.0,8,129.0
18755,138.0,1,980,47.0,138.0,9,129.0
18756,139.0,1,980,51.0,41.0,10,129.0
18757,140.0,1,980,8.0,29.0,11,129.0
18758,141.0,1,980,23.0,63.0,12,129.0
18759,142.0,1,980,68.0,66.0,13,129.0
18760,122.0,0,982,1.0,0.0,-14,136.0
18761,123.0,0,982,0.0,0.0,-13,136.0
18762,124.0,0,982,0.0,0.0,-12,136.0
18763,125.0,0,982,0.0,1.0,-11,136.0
18764,126.0,0,982,3.0,0.0,-10,136.0
18765,127.0,0,982,0.0,0.0,-9,136.0
18766,128.0,0,982,2.0,2.0,-8,136.0
18767,129.0,0,982,3.0,2.0,-7,136.0
18768,130.0,0,982,0.0,4.0,-6,136.0
18769,131.0,0,982,0.0,1.0,-5,136.0
18770,132.0,0,982,0.0,1.0,-4,136.0
18771,133.0,0,982,1.0,2.0,-3,136.0
18772,134.0,0,982,0.0,1.0,-2,136.0
18773,135.0,0,982,1.0,0.0,-1,136.0
18774,136.0,1,982,7.0,2.0,0,136.0
18775,137.0,1,982,1.0,0.0,1,136.0
18776,138.0,1,982,0.0,1.0,2,136.0
18777,139.0,1,982,0.0,0.0,3,136.0
18778,140.0,1,982,1.0,1.0,4,136.0
18779,141.0,1,982,1.0,1.0,5,136.0
18780,142.0,1,982,0.0,3.0,6,136.0
18781,143.0,1,982,0.0,1.0,7,136.0
18782,144.0,1,982,0.0,0.0,8,136.0
18783,145.0,1,982,0.0,0.0,9,136.0
18784,146.0,1,982,1.0,1.0,10,136.0
18785,147.0,1,982,1.0,0.0,11,136.0
18786,148.0,1,982,1.0,1.0,12,136.0
18787,149.0,1,982,0.0,1.0,13,136.0
18788,40.0,0,983,204.0,901.0,-14,54.0
18789,41.0,0,983,180.0,718.0,-13,54.0
18790,42.0,0,983,911.0,803.0,-12,54.0
18791,43.0,0,983,373.0,678.0,-11,54.0
18792,44.0,0,983,254.0,530.0,-10,54.0
18793,45.0,0,983,298.0,596.0,-9,54.0
18794,46.0,0,983,111.0,300.0,-8,54.0
18795,47.0,0,983,99.0,324.0,-7,54.0
18796,48.0,0,983,117.0,254.0,-6,54.0
18797,49.0,0,983,63.0,182.0,-5,54.0
18798,50.0,0,983,36.0,145.0,-4,54.0
18799,51.0,0,983,67.0,132.0,-3,54.0
18800,52.0,0,983,61.0,157.0,-2,54.0
18801,53.0,0,983,68.0,165.0,-1,54.0
18802,54.0,1,983,168.0,233.0,0,54.0
18803,55.0,1,983,34.0,134.0,1,54.0
18804,56.0,1,983,54.0,125.0,2,54.0
18805,57.0,1,983,95.0,182.0,3,54.0
18806,58.0,1,983,29.0,91.0,4,54.0
18807,59.0,1,983,30.0,99.0,5,54.0
18808,60.0,1,983,23.0,64.0,6,54.0
18809,61.0,1,983,160.0,134.0,7,54.0
18810,62.0,1,983,122.0,189.0,8,54.0
18811,63.0,1,983,9.0,51.0,9,54.0
18812,64.0,1,983,22.0,45.0,10,54.0
18813,65.0,1,983,14.0,48.0,11,54.0
18814,66.0,1,983,12.0,41.0,12,54.0
18815,67.0,1,983,14.0,49.0,13,54.0
18816,169.0,0,984,9.0,9.0,-14,183.0
18817,170.0,0,984,6.0,0.0,-13,183.0
18818,171.0,0,984,14.0,4.0,-12,183.0
18819,172.0,0,984,4.0,2.0,-11,183.0
18820,173.0,0,984,9.0,2.0,-10,183.0
18821,174.0,0,984,6.0,3.0,-9,183.0
18822,175.0,0,984,11.0,1.0,-8,183.0
18823,176.0,0,984,6.0,5.0,-7,183.0
18824,177.0,0,984,62.0,19.0,-6,183.0
18825,178.0,0,984,87.0,36.0,-5,183.0
18826,179.0,0,984,7.0,3.0,-4,183.0
18827,180.0,0,984,19.0,4.0,-3,183.0
18828,181.0,0,984,18.0,5.0,-2,183.0
18829,182.0,0,984,2.0,1.0,-1,183.0
18830,183.0,1,984,38.0,14.0,0,183.0
18831,184.0,1,984,9.0,1.0,1,183.0
18832,185.0,1,984,0.0,0.0,2,183.0
18833,186.0,1,984,2.0,1.0,3,183.0
18834,187.0,1,984,1.0,0.0,4,183.0
18835,188.0,1,984,8.0,0.0,5,183.0
18836,189.0,1,984,8.0,1.0,6,183.0
18837,190.0,1,984,15.0,3.0,7,183.0
18838,191.0,1,984,0.0,1.0,8,183.0
18839,192.0,1,984,3.0,0.0,9,183.0
18840,193.0,1,984,0.0,2.0,10,183.0
18841,194.0,1,984,5.0,0.0,11,183.0
18842,195.0,1,984,2.0,1.0,12,183.0
18843,196.0,1,984,0.0,0.0,13,183.0
18844,268.0,0,985,0.0,0.0,-14,282.0
18845,269.0,0,985,0.0,3.0,-13,282.0
18846,270.0,0,985,0.0,0.0,-12,282.0
18847,271.0,0,985,0.0,2.0,-11,282.0
18848,272.0,0,985,0.0,0.0,-10,282.0
18849,273.0,0,985,0.0,1.0,-9,282.0
18850,274.0,0,985,1.0,2.0,-8,282.0
18851,275.0,0,985,0.0,0.0,-7,282.0
18852,276.0,0,985,0.0,0.0,-6,282.0
18853,277.0,0,985,0.0,1.0,-5,282.0
18854,278.0,0,985,0.0,0.0,-4,282.0
18855,279.0,0,985,0.0,0.0,-3,282.0
18856,280.0,0,985,0.0,1.0,-2,282.0
18857,281.0,0,985,0.0,2.0,-1,282.0
18858,282.0,1,985,4.0,0.0,0,282.0
18859,283.0,1,985,1.0,2.0,1,282.0
18860,284.0,1,985,1.0,3.0,2,282.0
18861,285.0,1,985,0.0,1.0,3,282.0
18862,286.0,1,985,0.0,1.0,4,282.0
18863,287.0,1,985,2.0,7.0,5,282.0
18864,288.0,1,985,0.0,2.0,6,282.0
18865,289.0,1,985,0.0,2.0,7,282.0
18866,290.0,1,985,0.0,2.0,8,282.0
18867,291.0,1,985,0.0,2.0,9,282.0
18868,292.0,1,985,1.0,1.0,10,282.0
18869,293.0,1,985,1.0,3.0,11,282.0
18870,294.0,1,985,0.0,1.0,12,282.0
18871,295.0,1,985,0.0,2.0,13,282.0
18872,97.0,0,986,61.0,167.0,-14,111.0
18873,98.0,0,986,42.0,119.0,-13,111.0
18874,99.0,0,986,25.0,68.0,-12,111.0
18875,100.0,0,986,454.0,1334.0,-11,111.0
18876,101.0,0,986,245.0,548.0,-10,111.0
18877,102.0,0,986,329.0,1187.0,-9,111.0
18878,103.0,0,986,171.0,501.0,-8,111.0
18879,104.0,0,986,64.0,261.0,-7,111.0
18880,105.0,0,986,71.0,269.0,-6,111.0
18881,106.0,0,986,155.0,423.0,-5,111.0
18882,107.0,0,986,61.0,190.0,-4,111.0
18883,108.0,0,986,54.0,169.0,-3,111.0
18884,109.0,0,986,111.0,335.0,-2,111.0
18885,110.0,0,986,121.0,422.0,-1,111.0
18886,111.0,1,986,180.0,471.0,0,111.0
18887,112.0,1,986,171.0,397.0,1,111.0
18888,113.0,1,986,79.0,309.0,2,111.0
18889,114.0,1,986,69.0,240.0,3,111.0
18890,115.0,1,986,53.0,253.0,4,111.0
18891,116.0,1,986,310.0,1033.0,5,111.0
18892,117.0,1,986,95.0,410.0,6,111.0
18893,118.0,1,986,89.0,332.0,7,111.0
18894,119.0,1,986,154.0,459.0,8,111.0
18895,120.0,1,986,47.0,232.0,9,111.0
18896,121.0,1,986,87.0,305.0,10,111.0
18897,122.0,1,986,124.0,398.0,11,111.0
18898,123.0,1,986,339.0,1088.0,12,111.0
18899,124.0,1,986,73.0,298.0,13,111.0
18900,163.0,0,989,3.0,3.0,-14,177.0
18901,164.0,0,989,4.0,0.0,-13,177.0
18902,165.0,0,989,5.0,0.0,-12,177.0
18903,166.0,0,989,12.0,2.0,-11,177.0
18904,167.0,0,989,1.0,1.0,-10,177.0
18905,168.0,0,989,2.0,1.0,-9,177.0
18906,169.0,0,989,4.0,2.0,-8,177.0
18907,170.0,0,989,0.0,2.0,-7,177.0
18908,171.0,0,989,5.0,0.0,-6,177.0
18909,172.0,0,989,2.0,0.0,-5,177.0
18910,173.0,0,989,10.0,0.0,-4,177.0
18911,174.0,0,989,17.0,7.0,-3,177.0
18912,175.0,0,989,22.0,2.0,-2,177.0
18913,176.0,0,989,13.0,6.0,-1,177.0
18914,177.0,1,989,13.0,14.0,0,177.0
18915,178.0,1,989,4.0,2.0,1,177.0
18916,179.0,1,989,3.0,2.0,2,177.0
18917,180.0,1,989,2.0,2.0,3,177.0
18918,181.0,1,989,8.0,0.0,4,177.0
18919,182.0,1,989,4.0,3.0,5,177.0
18920,183.0,1,989,1.0,0.0,6,177.0
18921,184.0,1,989,8.0,2.0,7,177.0
18922,185.0,1,989,8.0,2.0,8,177.0
18923,186.0,1,989,2.0,5.0,9,177.0
18924,187.0,1,989,4.0,1.0,10,177.0
18925,188.0,1,989,2.0,3.0,11,177.0
18926,189.0,1,989,1.0,0.0,12,177.0
18927,190.0,1,989,6.0,4.0,13,177.0
18928,135.0,0,990,0.0,0.0,-14,149.0
18929,136.0,0,990,1.0,2.0,-13,149.0
18930,137.0,0,990,0.0,1.0,-12,149.0
18931,138.0,0,990,0.0,0.0,-11,149.0
18932,139.0,0,990,0.0,0.0,-10,149.0
18933,140.0,0,990,0.0,1.0,-9,149.0
18934,141.0,0,990,0.0,0.0,-8,149.0
18935,142.0,0,990,0.0,0.0,-7,149.0
18936,143.0,0,990,0.0,0.0,-6,149.0
18937,144.0,0,990,0.0,0.0,-5,149.0
18938,145.0,0,990,0.0,0.0,-4,149.0
18939,146.0,0,990,0.0,0.0,-3,149.0
18940,147.0,0,990,0.0,2.0,-2,149.0
18941,148.0,0,990,10.0,28.0,-1,149.0
18942,149.0,1,990,59.0,39.0,0,149.0
18943,150.0,1,990,13.0,12.0,1,149.0
18944,151.0,1,990,2.0,3.0,2,149.0
18945,152.0,1,990,0.0,1.0,3,149.0
18946,153.0,1,990,0.0,0.0,4,149.0
18947,154.0,1,990,0.0,2.0,5,149.0
18948,155.0,1,990,0.0,1.0,6,149.0
18949,156.0,1,990,1.0,1.0,7,149.0
18950,157.0,1,990,0.0,2.0,8,149.0
18951,158.0,1,990,0.0,5.0,9,149.0
18952,159.0,1,990,0.0,2.0,10,149.0
18953,160.0,1,990,0.0,2.0,11,149.0
18954,161.0,1,990,0.0,1.0,12,149.0
18955,162.0,1,990,1.0,0.0,13,149.0
18956,259.0,0,992,8.0,7.0,-14,273.0
18957,260.0,0,992,15.0,9.0,-13,273.0
18958,261.0,0,992,4.0,3.0,-12,273.0
18959,262.0,0,992,3.0,1.0,-11,273.0
18960,263.0,0,992,2.0,3.0,-10,273.0
18961,264.0,0,992,148.0,61.0,-9,273.0
18962,265.0,0,992,5.0,4.0,-8,273.0
18963,266.0,0,992,4.0,4.0,-7,273.0
18964,267.0,0,992,4.0,3.0,-6,273.0
18965,268.0,0,992,7.0,5.0,-5,273.0
18966,269.0,0,992,5.0,0.0,-4,273.0
18967,270.0,0,992,24.0,14.0,-3,273.0
18968,271.0,0,992,19.0,7.0,-2,273.0
18969,272.0,0,992,155.0,120.0,-1,273.0
18970,273.0,1,992,132.0,89.0,0,273.0
18971,274.0,1,992,24.0,22.0,1,273.0
18972,275.0,1,992,225.0,116.0,2,273.0
18973,276.0,1,992,98.0,57.0,3,273.0
18974,277.0,1,992,17.0,3.0,4,273.0
18975,278.0,1,992,15.0,11.0,5,273.0
18976,279.0,1,992,26.0,14.0,6,273.0
18977,280.0,1,992,7.0,2.0,7,273.0
18978,281.0,1,992,3.0,0.0,8,273.0
18979,282.0,1,992,6.0,4.0,9,273.0
18980,283.0,1,992,0.0,1.0,10,273.0
18981,284.0,1,992,18.0,9.0,11,273.0
18982,285.0,1,992,6.0,5.0,12,273.0
18983,286.0,1,992,24.0,3.0,13,273.0
18984,106.0,0,995,5.0,40.0,-14,120.0
18985,107.0,0,995,9.0,33.0,-13,120.0
18986,108.0,0,995,4.0,23.0,-12,120.0
18987,109.0,0,995,6.0,24.0,-11,120.0
18988,110.0,0,995,19.0,26.0,-10,120.0
18989,111.0,0,995,13.0,25.0,-9,120.0
18990,112.0,0,995,8.0,17.0,-8,120.0
18991,113.0,0,995,13.0,28.0,-7,120.0
18992,114.0,0,995,13.0,30.0,-6,120.0
18993,115.0,0,995,25.0,65.0,-5,120.0
18994,116.0,0,995,36.0,46.0,-4,120.0
18995,117.0,0,995,12.0,41.0,-3,120.0
18996,118.0,0,995,12.0,36.0,-2,120.0
18997,119.0,0,995,9.0,32.0,-1,120.0
18998,120.0,1,995,73.0,84.0,0,120.0
18999,121.0,1,995,20.0,53.0,1,120.0
19000,122.0,1,995,41.0,106.0,2,120.0
19001,123.0,1,995,8.0,34.0,3,120.0
19002,124.0,1,995,27.0,48.0,4,120.0
19003,125.0,1,995,7.0,36.0,5,120.0
19004,126.0,1,995,6.0,35.0,6,120.0
19005,127.0,1,995,9.0,25.0,7,120.0
19006,128.0,1,995,13.0,18.0,8,120.0
19007,129.0,1,995,20.0,42.0,9,120.0
19008,130.0,1,995,12.0,35.0,10,120.0
19009,131.0,1,995,5.0,21.0,11,120.0
19010,132.0,1,995,12.0,27.0,12,120.0
19011,133.0,1,995,4.0,27.0,13,120.0
19012,94.0,0,996,206.0,608.0,-14,108.0
19013,95.0,0,996,49.0,142.0,-13,108.0
19014,96.0,0,996,28.0,70.0,-12,108.0
19015,97.0,0,996,30.0,89.0,-11,108.0
19016,98.0,0,996,31.0,85.0,-10,108.0
19017,99.0,0,996,33.0,102.0,-9,108.0
19018,100.0,0,996,352.0,1141.0,-8,108.0
19019,101.0,0,996,334.0,755.0,-7,108.0
19020,102.0,0,996,290.0,1454.0,-6,108.0
19021,103.0,0,996,289.0,932.0,-5,108.0
19022,104.0,0,996,91.0,427.0,-4,108.0
19023,105.0,0,996,52.0,222.0,-3,108.0
19024,106.0,0,996,125.0,523.0,-2,108.0
19025,107.0,0,996,176.0,541.0,-1,108.0
19026,108.0,1,996,449.0,1293.0,0,108.0
19027,109.0,1,996,82.0,385.0,1,108.0
19028,110.0,1,996,263.0,1263.0,2,108.0
19029,111.0,1,996,83.0,588.0,3,108.0
19030,112.0,1,996,71.0,296.0,4,108.0
19031,113.0,1,996,53.0,293.0,5,108.0
19032,114.0,1,996,51.0,260.0,6,108.0
19033,115.0,1,996,35.0,296.0,7,108.0
19034,116.0,1,996,1186.0,6631.0,8,108.0
19035,117.0,1,996,325.0,1996.0,9,108.0
19036,118.0,1,996,263.0,1261.0,10,108.0
19037,119.0,1,996,597.0,2945.0,11,108.0
19038,120.0,1,996,151.0,934.0,12,108.0
19039,121.0,1,996,46.0,354.0,13,108.0
19040,118.0,0,997,41.0,46.0,-14,132.0
19041,119.0,0,997,40.0,46.0,-13,132.0
19042,120.0,0,997,79.0,58.0,-12,132.0
19043,121.0,0,997,86.0,62.0,-11,132.0
19044,122.0,0,997,74.0,53.0,-10,132.0
19045,123.0,0,997,95.0,71.0,-9,132.0
19046,124.0,0,997,309.0,211.0,-8,132.0
19047,125.0,0,997,53.0,52.0,-7,132.0
19048,126.0,0,997,33.0,24.0,-6,132.0
19049,127.0,0,997,134.0,90.0,-5,132.0
19050,128.0,0,997,90.0,53.0,-4,132.0
19051,129.0,0,997,158.0,102.0,-3,132.0
19052,130.0,0,997,233.0,137.0,-2,132.0
19053,131.0,0,997,94.0,81.0,-1,132.0
19054,132.0,1,997,199.0,147.0,0,132.0
19055,133.0,1,997,26.0,45.0,1,132.0
19056,134.0,1,997,118.0,59.0,2,132.0
19057,135.0,1,997,37.0,40.0,3,132.0
19058,136.0,1,997,45.0,48.0,4,132.0
19059,137.0,1,997,53.0,85.0,5,132.0
19060,138.0,1,997,57.0,95.0,6,132.0
19061,139.0,1,997,56.0,77.0,7,132.0
19062,140.0,1,997,20.0,28.0,8,132.0
19063,141.0,1,997,70.0,83.0,9,132.0
19064,142.0,1,997,20.0,30.0,10,132.0
19065,143.0,1,997,26.0,28.0,11,132.0
19066,144.0,1,997,87.0,107.0,12,132.0
19067,145.0,1,997,609.0,593.0,13,132.0
19068,316.0,0,998,4.0,3.0,-14,330.0
19069,317.0,0,998,18.0,11.0,-13,330.0
19070,318.0,0,998,8.0,4.0,-12,330.0
19071,319.0,0,998,8.0,5.0,-11,330.0
19072,320.0,0,998,12.0,3.0,-10,330.0
19073,321.0,0,998,2.0,16.0,-9,330.0
19074,322.0,0,998,7.0,6.0,-8,330.0
19075,323.0,0,998,15.0,6.0,-7,330.0
19076,324.0,0,998,8.0,7.0,-6,330.0
19077,325.0,0,998,4.0,3.0,-5,330.0
19078,326.0,0,998,4.0,8.0,-4,330.0
19079,327.0,0,998,15.0,21.0,-3,330.0
19080,328.0,0,998,14.0,11.0,-2,330.0
19081,329.0,0,998,10.0,9.0,-1,330.0
19082,330.0,1,998,17.0,7.0,0,330.0
19083,331.0,1,998,12.0,11.0,1,330.0
19084,332.0,1,998,3.0,3.0,2,330.0
19085,333.0,1,998,2.0,6.0,3,330.0
19086,334.0,1,998,12.0,19.0,4,330.0
19087,335.0,1,998,10.0,16.0,5,330.0
19088,336.0,1,998,5.0,3.0,6,330.0
19089,337.0,1,998,24.0,30.0,7,330.0
19090,338.0,1,998,7.0,16.0,8,330.0
19091,339.0,1,998,5.0,6.0,9,330.0
19092,340.0,1,998,2.0,9.0,10,330.0
19093,341.0,1,998,4.0,5.0,11,330.0
19094,342.0,1,998,136.0,104.0,12,330.0
19095,343.0,1,998,63.0,49.0,13,330.0
19096,87.0,0,999,23.0,9.0,-14,101.0
19097,88.0,0,999,14.0,10.0,-13,101.0
19098,89.0,0,999,11.0,7.0,-12,101.0
19099,90.0,0,999,5.0,5.0,-11,101.0
19100,91.0,0,999,11.0,6.0,-10,101.0
19101,92.0,0,999,12.0,12.0,-9,101.0
19102,93.0,0,999,38.0,21.0,-8,101.0
19103,94.0,0,999,64.0,52.0,-7,101.0
19104,95.0,0,999,13.0,11.0,-6,101.0
19105,96.0,0,999,40.0,19.0,-5,101.0
19106,97.0,0,999,17.0,10.0,-4,101.0
19107,98.0,0,999,11.0,14.0,-3,101.0
19108,99.0,0,999,32.0,15.0,-2,101.0
19109,100.0,0,999,14.0,12.0,-1,101.0
19110,101.0,1,999,108.0,75.0,0,101.0
19111,102.0,1,999,67.0,147.0,1,101.0
19112,103.0,1,999,21.0,33.0,2,101.0
19113,104.0,1,999,12.0,24.0,3,101.0
19114,105.0,1,999,12.0,16.0,4,101.0
19115,106.0,1,999,11.0,19.0,5,101.0
19116,107.0,1,999,17.0,11.0,6,101.0
19117,108.0,1,999,14.0,17.0,7,101.0
19118,109.0,1,999,19.0,30.0,8,101.0
19119,110.0,1,999,2.0,8.0,9,101.0
19120,111.0,1,999,9.0,16.0,10,101.0
19121,112.0,1,999,11.0,7.0,11,101.0
19122,113.0,1,999,5.0,8.0,12,101.0
19123,114.0,1,999,3.0,7.0,13,101.0
19124,40.0,0,1003,25.0,115.0,-14,54.0
19125,41.0,0,1003,25.0,94.0,-13,54.0
19126,42.0,0,1003,52.0,130.0,-12,54.0
19127,43.0,0,1003,47.0,123.0,-11,54.0
19128,44.0,0,1003,47.0,117.0,-10,54.0
19129,45.0,0,1003,24.0,80.0,-9,54.0
19130,46.0,0,1003,15.0,74.0,-8,54.0
19131,47.0,0,1003,45.0,91.0,-7,54.0
19132,48.0,0,1003,90.0,145.0,-6,54.0
19133,49.0,0,1003,55.0,152.0,-5,54.0
19134,50.0,0,1003,61.0,136.0,-4,54.0
19135,51.0,0,1003,105.0,125.0,-3,54.0
19136,52.0,0,1003,71.0,128.0,-2,54.0
19137,53.0,0,1003,85.0,102.0,-1,54.0
19138,54.0,1,1003,95.0,98.0,0,54.0
19139,55.0,1,1003,20.0,57.0,1,54.0
19140,56.0,1,1003,21.0,63.0,2,54.0
19141,57.0,1,1003,16.0,66.0,3,54.0
19142,58.0,1,1003,103.0,177.0,4,54.0
19143,59.0,1,1003,57.0,154.0,5,54.0
19144,60.0,1,1003,46.0,105.0,6,54.0
19145,61.0,1,1003,24.0,72.0,7,54.0
19146,62.0,1,1003,8.0,33.0,8,54.0
19147,63.0,1,1003,24.0,36.0,9,54.0
19148,64.0,1,1003,54.0,53.0,10,54.0
19149,65.0,1,1003,7.0,16.0,11,54.0
19150,66.0,1,1003,8.0,17.0,12,54.0
19151,67.0,1,1003,11.0,15.0,13,54.0
19152,79.0,0,1004,0.0,0.0,-14,93.0
19153,80.0,0,1004,0.0,1.0,-13,93.0
19154,81.0,0,1004,0.0,0.0,-12,93.0
19155,82.0,0,1004,0.0,0.0,-11,93.0
19156,83.0,0,1004,0.0,1.0,-10,93.0
19157,84.0,0,1004,0.0,1.0,-9,93.0
19158,85.0,0,1004,1.0,2.0,-8,93.0
19159,86.0,0,1004,0.0,0.0,-7,93.0
19160,87.0,0,1004,0.0,0.0,-6,93.0
19161,88.0,0,1004,0.0,0.0,-5,93.0
19162,89.0,0,1004,0.0,1.0,-4,93.0
19163,90.0,0,1004,0.0,0.0,-3,93.0
19164,91.0,0,1004,0.0,0.0,-2,93.0
19165,92.0,0,1004,0.0,1.0,-1,93.0
19166,93.0,1,1004,3.0,1.0,0,93.0
19167,94.0,1,1004,0.0,1.0,1,93.0
19168,95.0,1,1004,0.0,2.0,2,93.0
19169,96.0,1,1004,0.0,0.0,3,93.0
19170,97.0,1,1004,0.0,0.0,4,93.0
19171,98.0,1,1004,0.0,0.0,5,93.0
19172,99.0,1,1004,0.0,0.0,6,93.0
19173,100.0,1,1004,0.0,1.0,7,93.0
19174,101.0,1,1004,0.0,0.0,8,93.0
19175,102.0,1,1004,0.0,2.0,9,93.0
19176,103.0,1,1004,0.0,0.0,10,93.0
19177,104.0,1,1004,0.0,0.0,11,93.0
19178,105.0,1,1004,0.0,0.0,12,93.0
19179,106.0,1,1004,0.0,0.0,13,93.0
19180,161.0,0,1005,6.0,5.0,-14,175.0
19181,162.0,0,1005,19.0,10.0,-13,175.0
19182,163.0,0,1005,16.0,11.0,-12,175.0
19183,164.0,0,1005,37.0,24.0,-11,175.0
19184,165.0,0,1005,20.0,16.0,-10,175.0
19185,166.0,0,1005,48.0,24.0,-9,175.0
19186,167.0,0,1005,32.0,20.0,-8,175.0
19187,168.0,0,1005,31.0,16.0,-7,175.0
19188,169.0,0,1005,31.0,12.0,-6,175.0
19189,170.0,0,1005,27.0,15.0,-5,175.0
19190,171.0,0,1005,57.0,49.0,-4,175.0
19191,172.0,0,1005,313.0,174.0,-3,175.0
19192,173.0,0,1005,73.0,74.0,-2,175.0
19193,174.0,0,1005,23.0,17.0,-1,175.0
19194,175.0,1,1005,23.0,20.0,0,175.0
19195,176.0,1,1005,63.0,40.0,1,175.0
19196,177.0,1,1005,45.0,46.0,2,175.0
19197,178.0,1,1005,33.0,16.0,3,175.0
19198,179.0,1,1005,24.0,18.0,4,175.0
19199,180.0,1,1005,36.0,34.0,5,175.0
19200,181.0,1,1005,21.0,26.0,6,175.0
19201,182.0,1,1005,19.0,16.0,7,175.0
19202,183.0,1,1005,12.0,17.0,8,175.0
19203,184.0,1,1005,25.0,11.0,9,175.0
19204,185.0,1,1005,8.0,12.0,10,175.0
19205,186.0,1,1005,35.0,16.0,11,175.0
19206,187.0,1,1005,56.0,32.0,12,175.0
19207,188.0,1,1005,94.0,71.0,13,175.0
19208,197.0,0,1006,15.0,18.0,-14,211.0
19209,198.0,0,1006,29.0,36.0,-13,211.0
19210,199.0,0,1006,56.0,30.0,-12,211.0
19211,200.0,0,1006,16.0,12.0,-11,211.0
19212,201.0,0,1006,10.0,16.0,-10,211.0
19213,202.0,0,1006,15.0,40.0,-9,211.0
19214,203.0,0,1006,14.0,23.0,-8,211.0
19215,204.0,0,1006,22.0,27.0,-7,211.0
19216,205.0,0,1006,16.0,17.0,-6,211.0
19217,206.0,0,1006,18.0,24.0,-5,211.0
19218,207.0,0,1006,15.0,15.0,-4,211.0
19219,208.0,0,1006,6.0,9.0,-3,211.0
19220,209.0,0,1006,9.0,11.0,-2,211.0
19221,210.0,0,1006,30.0,22.0,-1,211.0
19222,211.0,1,1006,32.0,23.0,0,211.0
19223,212.0,1,1006,14.0,24.0,1,211.0
19224,213.0,1,1006,89.0,57.0,2,211.0
19225,214.0,1,1006,98.0,54.0,3,211.0
19226,215.0,1,1006,24.0,22.0,4,211.0
19227,216.0,1,1006,17.0,22.0,5,211.0
19228,217.0,1,1006,20.0,31.0,6,211.0
19229,218.0,1,1006,17.0,15.0,7,211.0
19230,219.0,1,1006,10.0,11.0,8,211.0
19231,220.0,1,1006,12.0,12.0,9,211.0
19232,221.0,1,1006,18.0,19.0,10,211.0
19233,222.0,1,1006,22.0,29.0,11,211.0
19234,223.0,1,1006,15.0,24.0,12,211.0
19235,224.0,1,1006,17.0,23.0,13,211.0
19236,94.0,0,1007,8.0,10.0,-14,108.0
19237,95.0,0,1007,11.0,16.0,-13,108.0
19238,96.0,0,1007,5.0,3.0,-12,108.0
19239,97.0,0,1007,8.0,8.0,-11,108.0
19240,98.0,0,1007,7.0,12.0,-10,108.0
19241,99.0,0,1007,12.0,17.0,-9,108.0
19242,100.0,0,1007,12.0,18.0,-8,108.0
19243,101.0,0,1007,37.0,62.0,-7,108.0
19244,102.0,0,1007,16.0,12.0,-6,108.0
19245,103.0,0,1007,14.0,24.0,-5,108.0
19246,104.0,0,1007,6.0,10.0,-4,108.0
19247,105.0,0,1007,5.0,26.0,-3,108.0
19248,106.0,0,1007,12.0,16.0,-2,108.0
19249,107.0,0,1007,18.0,20.0,-1,108.0
19250,108.0,1,1007,110.0,43.0,0,108.0
19251,109.0,1,1007,17.0,15.0,1,108.0
19252,110.0,1,1007,13.0,15.0,2,108.0
19253,111.0,1,1007,8.0,6.0,3,108.0
19254,112.0,1,1007,10.0,7.0,4,108.0
19255,113.0,1,1007,8.0,3.0,5,108.0
19256,114.0,1,1007,6.0,11.0,6,108.0
19257,115.0,1,1007,14.0,12.0,7,108.0
19258,116.0,1,1007,6.0,13.0,8,108.0
19259,117.0,1,1007,5.0,5.0,9,108.0
19260,118.0,1,1007,8.0,8.0,10,108.0
19261,119.0,1,1007,7.0,14.0,11,108.0
19262,120.0,1,1007,6.0,15.0,12,108.0
19263,121.0,1,1007,10.0,11.0,13,108.0
19264,163.0,0,1008,0.0,0.0,-14,177.0
19265,164.0,0,1008,0.0,1.0,-13,177.0
19266,165.0,0,1008,0.0,1.0,-12,177.0
19267,166.0,0,1008,14.0,5.0,-11,177.0
19268,167.0,0,1008,4.0,3.0,-10,177.0
19269,168.0,0,1008,1.0,1.0,-9,177.0
19270,169.0,0,1008,2.0,0.0,-8,177.0
19271,170.0,0,1008,0.0,0.0,-7,177.0
19272,171.0,0,1008,1.0,1.0,-6,177.0
19273,172.0,0,1008,2.0,0.0,-5,177.0
19274,173.0,0,1008,4.0,1.0,-4,177.0
19275,174.0,0,1008,1.0,0.0,-3,177.0
19276,175.0,0,1008,0.0,1.0,-2,177.0
19277,176.0,0,1008,0.0,3.0,-1,177.0
19278,177.0,1,1008,32.0,18.0,0,177.0
19279,178.0,1,1008,5.0,3.0,1,177.0
19280,179.0,1,1008,3.0,3.0,2,177.0
19281,180.0,1,1008,2.0,3.0,3,177.0
19282,181.0,1,1008,0.0,3.0,4,177.0
19283,182.0,1,1008,0.0,1.0,5,177.0
19284,183.0,1,1008,0.0,0.0,6,177.0
19285,184.0,1,1008,1.0,0.0,7,177.0
19286,185.0,1,1008,1.0,0.0,8,177.0
19287,186.0,1,1008,0.0,0.0,9,177.0
19288,187.0,1,1008,2.0,0.0,10,177.0
19289,188.0,1,1008,0.0,1.0,11,177.0
19290,189.0,1,1008,1.0,1.0,12,177.0
19291,190.0,1,1008,2.0,0.0,13,177.0
