,period,post.treat,unit_id,gain_rate_fol,gain_rate_non,ts,year_treated
0,137.0,0,2,0.0,1.0,-14,151.0
1,138.0,0,2,0.0,3.0,-13,151.0
2,139.0,0,2,0.0,0.0,-12,151.0
3,140.0,0,2,1.0,1.0,-11,151.0
4,141.0,0,2,0.0,1.0,-10,151.0
5,142.0,0,2,0.0,0.0,-9,151.0
6,143.0,0,2,0.0,0.0,-8,151.0
7,144.0,0,2,0.0,0.0,-7,151.0
8,145.0,0,2,1.0,0.0,-6,151.0
9,146.0,0,2,0.0,0.0,-5,151.0
10,147.0,0,2,0.0,1.0,-4,151.0
11,148.0,0,2,0.0,0.0,-3,151.0
12,149.0,0,2,0.0,1.0,-2,151.0
13,150.0,0,2,0.0,1.0,-1,151.0
14,151.0,1,2,0.0,0.0,0,151.0
15,152.0,1,2,0.0,0.0,1,151.0
16,153.0,1,2,1.0,1.0,2,151.0
17,154.0,1,2,0.0,1.0,3,151.0
18,155.0,1,2,0.0,0.0,4,151.0
19,156.0,1,2,1.0,0.0,5,151.0
20,157.0,1,2,0.0,0.0,6,151.0
21,158.0,1,2,0.0,0.0,7,151.0
22,159.0,1,2,0.0,0.0,8,151.0
23,160.0,1,2,1.0,0.0,9,151.0
24,161.0,1,2,0.0,0.0,10,151.0
25,162.0,1,2,0.0,1.0,11,151.0
26,163.0,1,2,0.0,1.0,12,151.0
27,164.0,1,2,0.0,0.0,13,151.0
28,137.0,0,3,2.0,5.0,-14,151.0
29,138.0,0,3,4.0,7.0,-13,151.0
30,139.0,0,3,1.0,3.0,-12,151.0
31,140.0,0,3,11.0,13.0,-11,151.0
32,141.0,0,3,3.0,3.0,-10,151.0
33,142.0,0,3,5.0,8.0,-9,151.0
34,143.0,0,3,4.0,4.0,-8,151.0
35,144.0,0,3,3.0,3.0,-7,151.0
36,145.0,0,3,4.0,4.0,-6,151.0
37,146.0,0,3,3.0,5.0,-5,151.0
38,147.0,0,3,2.0,4.0,-4,151.0
39,148.0,0,3,1.0,4.0,-3,151.0
40,149.0,0,3,5.0,21.0,-2,151.0
41,150.0,0,3,0.0,3.0,-1,151.0
42,151.0,1,3,4.0,5.0,0,151.0
43,152.0,1,3,2.0,1.0,1,151.0
44,153.0,1,3,3.0,6.0,2,151.0
45,154.0,1,3,1.0,4.0,3,151.0
46,155.0,1,3,2.0,9.0,4,151.0
47,156.0,1,3,1.0,1.0,5,151.0
48,157.0,1,3,2.0,2.0,6,151.0
49,158.0,1,3,6.0,3.0,7,151.0
50,159.0,1,3,1.0,5.0,8,151.0
51,160.0,1,3,8.0,4.0,9,151.0
52,161.0,1,3,2.0,4.0,10,151.0
53,162.0,1,3,3.0,2.0,11,151.0
54,163.0,1,3,4.0,1.0,12,151.0
55,164.0,1,3,17.0,25.0,13,151.0
56,223.0,0,9,0.0,0.0,-14,237.0
57,224.0,0,9,0.0,0.0,-13,237.0
58,225.0,0,9,0.0,0.0,-12,237.0
59,226.0,0,9,0.0,1.0,-11,237.0
60,227.0,0,9,0.0,0.0,-10,237.0
61,228.0,0,9,0.0,0.0,-9,237.0
62,229.0,0,9,0.0,0.0,-8,237.0
63,230.0,0,9,0.0,0.0,-7,237.0
64,231.0,0,9,0.0,1.0,-6,237.0
65,232.0,0,9,0.0,0.0,-5,237.0
66,233.0,0,9,0.0,0.0,-4,237.0
67,234.0,0,9,1.0,0.0,-3,237.0
68,235.0,0,9,0.0,0.0,-2,237.0
69,236.0,0,9,0.0,1.0,-1,237.0
70,237.0,1,9,0.0,0.0,0,237.0
71,238.0,1,9,0.0,0.0,1,237.0
72,239.0,1,9,3.0,1.0,2,237.0
73,240.0,1,9,0.0,0.0,3,237.0
74,241.0,1,9,0.0,0.0,4,237.0
75,242.0,1,9,0.0,1.0,5,237.0
76,243.0,1,9,1.0,0.0,6,237.0
77,244.0,1,9,0.0,0.0,7,237.0
78,245.0,1,9,0.0,2.0,8,237.0
79,246.0,1,9,0.0,0.0,9,237.0
80,247.0,1,9,0.0,0.0,10,237.0
81,248.0,1,9,0.0,0.0,11,237.0
82,249.0,1,9,0.0,0.0,12,237.0
83,250.0,1,9,0.0,0.0,13,237.0
84,-14.0,0,10,0.0,2.0,-14,0.0
85,-13.0,0,10,0.0,0.0,-13,0.0
86,-12.0,0,10,0.0,2.0,-12,0.0
87,-11.0,0,10,0.0,3.0,-11,0.0
88,-10.0,0,10,0.0,1.0,-10,0.0
89,-9.0,0,10,0.0,2.0,-9,0.0
90,-8.0,0,10,0.0,0.0,-8,0.0
91,-7.0,0,10,0.0,1.0,-7,0.0
92,-6.0,0,10,0.0,2.0,-6,0.0
93,-5.0,0,10,0.0,1.0,-5,0.0
94,-4.0,0,10,0.0,2.0,-4,0.0
95,-3.0,0,10,0.0,0.0,-3,0.0
96,-2.0,0,10,0.0,2.0,-2,0.0
97,-1.0,0,10,0.0,3.0,-1,0.0
98,0.0,1,10,0.0,4.0,0,0.0
99,1.0,1,10,0.0,3.0,1,0.0
100,2.0,1,10,0.0,2.0,2,0.0
101,3.0,1,10,0.0,1.0,3,0.0
102,4.0,1,10,0.0,4.0,4,0.0
103,5.0,1,10,0.0,9.0,5,0.0
104,6.0,1,10,0.0,4.0,6,0.0
105,7.0,1,10,0.0,5.0,7,0.0
106,8.0,1,10,0.0,2.0,8,0.0
107,9.0,1,10,0.0,5.0,9,0.0
108,10.0,1,10,0.0,0.0,10,0.0
109,11.0,1,10,0.0,23.0,11,0.0
110,12.0,1,10,0.0,2.0,12,0.0
111,13.0,1,10,0.0,14.0,13,0.0
112,114.0,0,12,2.0,3.0,-14,128.0
113,115.0,0,12,1.0,0.0,-13,128.0
114,116.0,0,12,2.0,0.0,-12,128.0
115,117.0,0,12,1.0,6.0,-11,128.0
116,118.0,0,12,4.0,9.0,-10,128.0
117,119.0,0,12,0.0,0.0,-9,128.0
118,120.0,0,12,1.0,3.0,-8,128.0
119,121.0,0,12,1.0,2.0,-7,128.0
120,122.0,0,12,1.0,2.0,-6,128.0
121,123.0,0,12,5.0,2.0,-5,128.0
122,124.0,0,12,4.0,4.0,-4,128.0
123,125.0,0,12,2.0,1.0,-3,128.0
124,126.0,0,12,4.0,1.0,-2,128.0
125,127.0,0,12,1.0,6.0,-1,128.0
126,128.0,1,12,140.0,18.0,0,128.0
127,129.0,1,12,2.0,11.0,1,128.0
128,130.0,1,12,3.0,0.0,2,128.0
129,131.0,1,12,4.0,4.0,3,128.0
130,132.0,1,12,3.0,4.0,4,128.0
131,133.0,1,12,14.0,25.0,5,128.0
132,134.0,1,12,6.0,27.0,6,128.0
133,135.0,1,12,5.0,15.0,7,128.0
134,136.0,1,12,1.0,2.0,8,128.0
135,137.0,1,12,1.0,3.0,9,128.0
136,138.0,1,12,0.0,0.0,10,128.0
137,139.0,1,12,2.0,0.0,11,128.0
138,140.0,1,12,7.0,5.0,12,128.0
139,141.0,1,12,5.0,3.0,13,128.0
140,209.0,0,13,1.0,1.0,-14,223.0
141,210.0,0,13,2.0,1.0,-13,223.0
142,211.0,0,13,2.0,0.0,-12,223.0
143,212.0,0,13,2.0,0.0,-11,223.0
144,213.0,0,13,0.0,0.0,-10,223.0
145,214.0,0,13,2.0,0.0,-9,223.0
146,215.0,0,13,0.0,0.0,-8,223.0
147,216.0,0,13,1.0,1.0,-7,223.0
148,217.0,0,13,1.0,1.0,-6,223.0
149,218.0,0,13,1.0,1.0,-5,223.0
150,219.0,0,13,0.0,2.0,-4,223.0
151,220.0,0,13,2.0,0.0,-3,223.0
152,221.0,0,13,0.0,0.0,-2,223.0
153,222.0,0,13,0.0,0.0,-1,223.0
154,223.0,1,13,1.0,1.0,0,223.0
155,224.0,1,13,0.0,2.0,1,223.0
156,225.0,1,13,0.0,1.0,2,223.0
157,226.0,1,13,3.0,1.0,3,223.0
158,227.0,1,13,0.0,2.0,4,223.0
159,228.0,1,13,0.0,0.0,5,223.0
160,229.0,1,13,0.0,0.0,6,223.0
161,230.0,1,13,2.0,1.0,7,223.0
162,231.0,1,13,1.0,1.0,8,223.0
163,232.0,1,13,0.0,0.0,9,223.0
164,233.0,1,13,0.0,1.0,10,223.0
165,234.0,1,13,1.0,1.0,11,223.0
166,235.0,1,13,0.0,0.0,12,223.0
167,236.0,1,13,1.0,4.0,13,223.0
168,-6.0,0,14,0.0,0.0,-14,8.0
169,-5.0,0,14,0.0,1.0,-13,8.0
170,-4.0,0,14,0.0,0.0,-12,8.0
171,-3.0,0,14,0.0,0.0,-11,8.0
172,-2.0,0,14,0.0,4.0,-10,8.0
173,-1.0,0,14,1.0,1.0,-9,8.0
174,0.0,0,14,0.0,2.0,-8,8.0
175,1.0,0,14,8.0,10.0,-7,8.0
176,2.0,0,14,3.0,4.0,-6,8.0
177,3.0,0,14,3.0,6.0,-5,8.0
178,4.0,0,14,2.0,5.0,-4,8.0
179,5.0,0,14,1.0,1.0,-3,8.0
180,6.0,0,14,3.0,7.0,-2,8.0
181,7.0,0,14,2.0,10.0,-1,8.0
182,8.0,1,14,11.0,8.0,0,8.0
183,9.0,1,14,0.0,6.0,1,8.0
184,10.0,1,14,0.0,7.0,2,8.0
185,11.0,1,14,4.0,9.0,3,8.0
186,12.0,1,14,2.0,3.0,4,8.0
187,13.0,1,14,0.0,3.0,5,8.0
188,14.0,1,14,0.0,5.0,6,8.0
189,15.0,1,14,2.0,2.0,7,8.0
190,16.0,1,14,1.0,2.0,8,8.0
191,17.0,1,14,0.0,4.0,9,8.0
192,18.0,1,14,1.0,5.0,10,8.0
193,19.0,1,14,1.0,3.0,11,8.0
194,20.0,1,14,1.0,3.0,12,8.0
195,21.0,1,14,0.0,1.0,13,8.0
196,81.0,0,17,21.0,118.0,-14,95.0
197,82.0,0,17,26.0,101.0,-13,95.0
198,83.0,0,17,52.0,85.0,-12,95.0
199,84.0,0,17,15.0,59.0,-11,95.0
200,85.0,0,17,34.0,80.0,-10,95.0
201,86.0,0,17,13.0,64.0,-9,95.0
202,87.0,0,17,18.0,70.0,-8,95.0
203,88.0,0,17,16.0,62.0,-7,95.0
204,89.0,0,17,31.0,110.0,-6,95.0
205,90.0,0,17,50.0,102.0,-5,95.0
206,91.0,0,17,54.0,119.0,-4,95.0
207,92.0,0,17,16.0,75.0,-3,95.0
208,93.0,0,17,313.0,391.0,-2,95.0
209,94.0,0,17,415.0,588.0,-1,95.0
210,95.0,1,17,54.0,110.0,0,95.0
211,96.0,1,17,23.0,120.0,1,95.0
212,97.0,1,17,44.0,97.0,2,95.0
213,98.0,1,17,34.0,87.0,3,95.0
214,99.0,1,17,11.0,30.0,4,95.0
215,100.0,1,17,6.0,15.0,5,95.0
216,101.0,1,17,8.0,16.0,6,95.0
217,102.0,1,17,7.0,19.0,7,95.0
218,103.0,1,17,0.0,18.0,8,95.0
219,104.0,1,17,11.0,26.0,9,95.0
220,105.0,1,17,23.0,52.0,10,95.0
221,106.0,1,17,6.0,57.0,11,95.0
222,107.0,1,17,15.0,44.0,12,95.0
223,108.0,1,17,14.0,35.0,13,95.0
224,229.0,0,18,0.0,0.0,-14,243.0
225,230.0,0,18,0.0,0.0,-13,243.0
226,231.0,0,18,0.0,0.0,-12,243.0
227,232.0,0,18,1.0,1.0,-11,243.0
228,233.0,0,18,0.0,1.0,-10,243.0
229,234.0,0,18,1.0,0.0,-9,243.0
230,235.0,0,18,0.0,1.0,-8,243.0
231,236.0,0,18,0.0,0.0,-7,243.0
232,237.0,0,18,0.0,0.0,-6,243.0
233,238.0,0,18,0.0,0.0,-5,243.0
234,239.0,0,18,0.0,0.0,-4,243.0
235,240.0,0,18,0.0,1.0,-3,243.0
236,241.0,0,18,0.0,0.0,-2,243.0
237,242.0,0,18,0.0,0.0,-1,243.0
238,243.0,1,18,1.0,1.0,0,243.0
239,244.0,1,18,0.0,0.0,1,243.0
240,245.0,1,18,0.0,0.0,2,243.0
241,246.0,1,18,0.0,0.0,3,243.0
242,247.0,1,18,0.0,0.0,4,243.0
243,248.0,1,18,1.0,0.0,5,243.0
244,249.0,1,18,0.0,0.0,6,243.0
245,250.0,1,18,0.0,0.0,7,243.0
246,251.0,1,18,0.0,0.0,8,243.0
247,252.0,1,18,0.0,0.0,9,243.0
248,253.0,1,18,0.0,2.0,10,243.0
249,254.0,1,18,1.0,1.0,11,243.0
250,255.0,1,18,0.0,0.0,12,243.0
251,256.0,1,18,0.0,0.0,13,243.0
252,153.0,0,21,1.0,1.0,-14,167.0
253,154.0,0,21,0.0,0.0,-13,167.0
254,155.0,0,21,0.0,1.0,-12,167.0
255,156.0,0,21,1.0,0.0,-11,167.0
256,157.0,0,21,0.0,1.0,-10,167.0
257,158.0,0,21,0.0,0.0,-9,167.0
258,159.0,0,21,0.0,0.0,-8,167.0
259,160.0,0,21,0.0,0.0,-7,167.0
260,161.0,0,21,0.0,0.0,-6,167.0
261,162.0,0,21,0.0,0.0,-5,167.0
262,163.0,0,21,0.0,1.0,-4,167.0
263,164.0,0,21,0.0,0.0,-3,167.0
264,165.0,0,21,0.0,1.0,-2,167.0
265,166.0,0,21,1.0,1.0,-1,167.0
266,167.0,1,21,2.0,1.0,0,167.0
267,168.0,1,21,0.0,1.0,1,167.0
268,169.0,1,21,0.0,0.0,2,167.0
269,170.0,1,21,0.0,0.0,3,167.0
270,171.0,1,21,0.0,0.0,4,167.0
271,172.0,1,21,0.0,0.0,5,167.0
272,173.0,1,21,0.0,0.0,6,167.0
273,174.0,1,21,0.0,0.0,7,167.0
274,175.0,1,21,0.0,0.0,8,167.0
275,176.0,1,21,0.0,0.0,9,167.0
276,177.0,1,21,0.0,0.0,10,167.0
277,178.0,1,21,0.0,0.0,11,167.0
278,179.0,1,21,0.0,0.0,12,167.0
279,180.0,1,21,0.0,1.0,13,167.0
280,-12.0,0,22,0.0,2.0,-14,2.0
281,-11.0,0,22,0.0,1.0,-13,2.0
282,-10.0,0,22,0.0,2.0,-12,2.0
283,-9.0,0,22,0.0,2.0,-11,2.0
284,-8.0,0,22,0.0,1.0,-10,2.0
285,-7.0,0,22,0.0,6.0,-9,2.0
286,-6.0,0,22,0.0,1.0,-8,2.0
287,-5.0,0,22,0.0,1.0,-7,2.0
288,-4.0,0,22,0.0,4.0,-6,2.0
289,-3.0,0,22,0.0,16.0,-5,2.0
290,-2.0,0,22,0.0,15.0,-4,2.0
291,-1.0,0,22,0.0,13.0,-3,2.0
292,0.0,0,22,6.0,15.0,-2,2.0
293,1.0,0,22,5.0,14.0,-1,2.0
294,2.0,1,22,10.0,49.0,0,2.0
295,3.0,1,22,5.0,70.0,1,2.0
296,4.0,1,22,1.0,56.0,2,2.0
297,5.0,1,22,1.0,65.0,3,2.0
298,6.0,1,22,66.0,323.0,4,2.0
299,7.0,1,22,6.0,61.0,5,2.0
300,8.0,1,22,14.0,113.0,6,2.0
301,9.0,1,22,73.0,829.0,7,2.0
302,10.0,1,22,30.0,539.0,8,2.0
303,11.0,1,22,4.0,131.0,9,2.0
304,12.0,1,22,45.0,344.0,10,2.0
305,13.0,1,22,5.0,115.0,11,2.0
306,14.0,1,22,2.0,42.0,12,2.0
307,15.0,1,22,2.0,24.0,13,2.0
308,187.0,0,23,0.0,0.0,-14,201.0
309,188.0,0,23,0.0,0.0,-13,201.0
310,189.0,0,23,0.0,1.0,-12,201.0
311,190.0,0,23,0.0,0.0,-11,201.0
312,191.0,0,23,0.0,0.0,-10,201.0
313,192.0,0,23,0.0,0.0,-9,201.0
314,193.0,0,23,1.0,1.0,-8,201.0
315,194.0,0,23,0.0,0.0,-7,201.0
316,195.0,0,23,1.0,1.0,-6,201.0
317,196.0,0,23,0.0,0.0,-5,201.0
318,197.0,0,23,0.0,0.0,-4,201.0
319,198.0,0,23,0.0,0.0,-3,201.0
320,199.0,0,23,0.0,0.0,-2,201.0
321,200.0,0,23,0.0,0.0,-1,201.0
322,201.0,1,23,1.0,1.0,0,201.0
323,202.0,1,23,1.0,0.0,1,201.0
324,203.0,1,23,0.0,0.0,2,201.0
325,204.0,1,23,0.0,0.0,3,201.0
326,205.0,1,23,0.0,0.0,4,201.0
327,206.0,1,23,0.0,1.0,5,201.0
328,207.0,1,23,0.0,2.0,6,201.0
329,208.0,1,23,1.0,0.0,7,201.0
330,209.0,1,23,0.0,0.0,8,201.0
331,210.0,1,23,0.0,0.0,9,201.0
332,211.0,1,23,0.0,0.0,10,201.0
333,212.0,1,23,0.0,0.0,11,201.0
334,213.0,1,23,0.0,1.0,12,201.0
335,214.0,1,23,0.0,0.0,13,201.0
336,1.0,0,24,0.0,0.0,-14,15.0
337,2.0,0,24,0.0,0.0,-13,15.0
338,3.0,0,24,0.0,0.0,-12,15.0
339,4.0,0,24,0.0,0.0,-11,15.0
340,5.0,0,24,1.0,16.0,-10,15.0
341,6.0,0,24,0.0,29.0,-9,15.0
342,7.0,0,24,0.0,5.0,-8,15.0
343,8.0,0,24,1.0,14.0,-7,15.0
344,9.0,0,24,0.0,3.0,-6,15.0
345,10.0,0,24,0.0,14.0,-5,15.0
346,11.0,0,24,1.0,1.0,-4,15.0
347,12.0,0,24,0.0,5.0,-3,15.0
348,13.0,0,24,1.0,11.0,-2,15.0
349,14.0,0,24,0.0,12.0,-1,15.0
350,15.0,1,24,5.0,17.0,0,15.0
351,16.0,1,24,2.0,5.0,1,15.0
352,17.0,1,24,3.0,3.0,2,15.0
353,18.0,1,24,2.0,9.0,3,15.0
354,19.0,1,24,3.0,17.0,4,15.0
355,20.0,1,24,2.0,4.0,5,15.0
356,21.0,1,24,1.0,5.0,6,15.0
357,22.0,1,24,2.0,2.0,7,15.0
358,23.0,1,24,1.0,3.0,8,15.0
359,24.0,1,24,1.0,2.0,9,15.0
360,25.0,1,24,0.0,5.0,10,15.0
361,26.0,1,24,0.0,1.0,11,15.0
362,27.0,1,24,0.0,9.0,12,15.0
363,28.0,1,24,1.0,2.0,13,15.0
364,-9.0,0,29,0.0,0.0,-14,5.0
365,-8.0,0,29,0.0,0.0,-13,5.0
366,-7.0,0,29,0.0,0.0,-12,5.0
367,-6.0,0,29,0.0,0.0,-11,5.0
368,-5.0,0,29,0.0,0.0,-10,5.0
369,-4.0,0,29,0.0,0.0,-9,5.0
370,-3.0,0,29,0.0,0.0,-8,5.0
371,-2.0,0,29,0.0,0.0,-7,5.0
372,-1.0,0,29,0.0,0.0,-6,5.0
373,0.0,0,29,0.0,0.0,-5,5.0
374,1.0,0,29,0.0,119.0,-4,5.0
375,2.0,0,29,4.0,47.0,-3,5.0
376,3.0,0,29,5.0,149.0,-2,5.0
377,4.0,0,29,118.0,1677.0,-1,5.0
378,5.0,1,29,47.0,1156.0,0,5.0
379,6.0,1,29,7.0,338.0,1,5.0
380,7.0,1,29,6.0,169.0,2,5.0
381,8.0,1,29,7.0,328.0,3,5.0
382,9.0,1,29,11.0,471.0,4,5.0
383,10.0,1,29,2.0,147.0,5,5.0
384,11.0,1,29,3.0,131.0,6,5.0
385,12.0,1,29,1.0,63.0,7,5.0
386,13.0,1,29,3.0,38.0,8,5.0
387,14.0,1,29,0.0,50.0,9,5.0
388,15.0,1,29,1.0,53.0,10,5.0
389,16.0,1,29,1.0,121.0,11,5.0
390,17.0,1,29,5.0,76.0,12,5.0
391,18.0,1,29,4.0,59.0,13,5.0
392,210.0,0,30,0.0,1.0,-14,224.0
393,211.0,0,30,0.0,2.0,-13,224.0
394,212.0,0,30,0.0,0.0,-12,224.0
395,213.0,0,30,0.0,1.0,-11,224.0
396,214.0,0,30,0.0,5.0,-10,224.0
397,215.0,0,30,1.0,1.0,-9,224.0
398,216.0,0,30,0.0,1.0,-8,224.0
399,217.0,0,30,5.0,5.0,-7,224.0
400,218.0,0,30,0.0,2.0,-6,224.0
401,219.0,0,30,2.0,2.0,-5,224.0
402,220.0,0,30,1.0,1.0,-4,224.0
403,221.0,0,30,1.0,1.0,-3,224.0
404,222.0,0,30,1.0,0.0,-2,224.0
405,223.0,0,30,0.0,2.0,-1,224.0
406,224.0,1,30,1.0,2.0,0,224.0
407,225.0,1,30,1.0,2.0,1,224.0
408,226.0,1,30,2.0,1.0,2,224.0
409,227.0,1,30,1.0,1.0,3,224.0
410,228.0,1,30,1.0,6.0,4,224.0
411,229.0,1,30,0.0,3.0,5,224.0
412,230.0,1,30,0.0,0.0,6,224.0
413,231.0,1,30,1.0,0.0,7,224.0
414,232.0,1,30,1.0,1.0,8,224.0
415,233.0,1,30,0.0,3.0,9,224.0
416,234.0,1,30,0.0,0.0,10,224.0
417,235.0,1,30,1.0,0.0,11,224.0
418,236.0,1,30,0.0,1.0,12,224.0
419,237.0,1,30,0.0,1.0,13,224.0
420,-9.0,0,31,0.0,6.0,-14,5.0
421,-8.0,0,31,0.0,8.0,-13,5.0
422,-7.0,0,31,0.0,11.0,-12,5.0
423,-6.0,0,31,0.0,10.0,-11,5.0
424,-5.0,0,31,0.0,10.0,-10,5.0
425,-4.0,0,31,0.0,395.0,-9,5.0
426,-3.0,0,31,0.0,505.0,-8,5.0
427,-2.0,0,31,0.0,381.0,-7,5.0
428,-1.0,0,31,10.0,338.0,-6,5.0
429,0.0,0,31,57.0,434.0,-5,5.0
430,1.0,0,31,233.0,1117.0,-4,5.0
431,2.0,0,31,427.0,2146.0,-3,5.0
432,3.0,0,31,782.0,3387.0,-2,5.0
433,4.0,0,31,486.0,3023.0,-1,5.0
434,5.0,1,31,2096.0,7174.0,0,5.0
435,6.0,1,31,764.0,4881.0,1,5.0
436,7.0,1,31,166.0,3622.0,2,5.0
437,8.0,1,31,360.0,4813.0,3,5.0
438,9.0,1,31,271.0,3583.0,4,5.0
439,10.0,1,31,124.0,2051.0,5,5.0
440,11.0,1,31,41.0,923.0,6,5.0
441,12.0,1,31,70.0,1076.0,7,5.0
442,13.0,1,31,285.0,3678.0,8,5.0
443,14.0,1,31,41.0,1058.0,9,5.0
444,15.0,1,31,18.0,619.0,10,5.0
445,16.0,1,31,15.0,370.0,11,5.0
446,17.0,1,31,4.0,348.0,12,5.0
447,18.0,1,31,16.0,531.0,13,5.0
448,34.0,0,32,0.0,3.0,-14,48.0
449,35.0,0,32,0.0,4.0,-13,48.0
450,36.0,0,32,2.0,1.0,-12,48.0
451,37.0,0,32,0.0,3.0,-11,48.0
452,38.0,0,32,0.0,1.0,-10,48.0
453,39.0,0,32,0.0,0.0,-9,48.0
454,40.0,0,32,0.0,0.0,-8,48.0
455,41.0,0,32,2.0,2.0,-7,48.0
456,42.0,0,32,0.0,0.0,-6,48.0
457,43.0,0,32,0.0,0.0,-5,48.0
458,44.0,0,32,0.0,1.0,-4,48.0
459,45.0,0,32,1.0,0.0,-3,48.0
460,46.0,0,32,0.0,0.0,-2,48.0
461,47.0,0,32,0.0,2.0,-1,48.0
462,48.0,1,32,2.0,0.0,0,48.0
463,49.0,1,32,2.0,2.0,1,48.0
464,50.0,1,32,1.0,0.0,2,48.0
465,51.0,1,32,1.0,0.0,3,48.0
466,52.0,1,32,1.0,0.0,4,48.0
467,53.0,1,32,0.0,0.0,5,48.0
468,54.0,1,32,0.0,0.0,6,48.0
469,55.0,1,32,0.0,0.0,7,48.0
470,56.0,1,32,0.0,1.0,8,48.0
471,57.0,1,32,2.0,0.0,9,48.0
472,58.0,1,32,0.0,0.0,10,48.0
473,59.0,1,32,0.0,0.0,11,48.0
474,60.0,1,32,0.0,0.0,12,48.0
475,61.0,1,32,0.0,1.0,13,48.0
476,47.0,0,33,59.0,191.0,-14,61.0
477,48.0,0,33,82.0,327.0,-13,61.0
478,49.0,0,33,47.0,211.0,-12,61.0
479,50.0,0,33,54.0,220.0,-11,61.0
480,51.0,0,33,126.0,264.0,-10,61.0
481,52.0,0,33,29.0,97.0,-9,61.0
482,53.0,0,33,22.0,120.0,-8,61.0
483,54.0,0,33,40.0,161.0,-7,61.0
484,55.0,0,33,23.0,113.0,-6,61.0
485,56.0,0,33,101.0,468.0,-5,61.0
486,57.0,0,33,48.0,235.0,-4,61.0
487,58.0,0,33,21.0,166.0,-3,61.0
488,59.0,0,33,101.0,551.0,-2,61.0
489,60.0,0,33,277.0,1184.0,-1,61.0
490,61.0,1,33,431.0,1875.0,0,61.0
491,62.0,1,33,79.0,422.0,1,61.0
492,63.0,1,33,34.0,386.0,2,61.0
493,64.0,1,33,52.0,440.0,3,61.0
494,65.0,1,33,54.0,486.0,4,61.0
495,66.0,1,33,32.0,263.0,5,61.0
496,67.0,1,33,48.0,341.0,6,61.0
497,68.0,1,33,28.0,274.0,7,61.0
498,69.0,1,33,41.0,374.0,8,61.0
499,70.0,1,33,20.0,312.0,9,61.0
500,71.0,1,33,31.0,499.0,10,61.0
501,72.0,1,33,102.0,1187.0,11,61.0
502,73.0,1,33,77.0,1020.0,12,61.0
503,74.0,1,33,86.0,1127.0,13,61.0
504,209.0,0,34,0.0,0.0,-14,223.0
505,210.0,0,34,0.0,1.0,-13,223.0
506,211.0,0,34,0.0,1.0,-12,223.0
507,212.0,0,34,0.0,1.0,-11,223.0
508,213.0,0,34,0.0,0.0,-10,223.0
509,214.0,0,34,0.0,0.0,-9,223.0
510,215.0,0,34,0.0,0.0,-8,223.0
511,216.0,0,34,0.0,0.0,-7,223.0
512,217.0,0,34,0.0,0.0,-6,223.0
513,218.0,0,34,0.0,0.0,-5,223.0
514,219.0,0,34,0.0,0.0,-4,223.0
515,220.0,0,34,0.0,0.0,-3,223.0
516,221.0,0,34,0.0,0.0,-2,223.0
517,222.0,0,34,0.0,0.0,-1,223.0
518,223.0,1,34,2.0,0.0,0,223.0
519,224.0,1,34,0.0,0.0,1,223.0
520,225.0,1,34,0.0,0.0,2,223.0
521,226.0,1,34,0.0,0.0,3,223.0
522,227.0,1,34,0.0,2.0,4,223.0
523,228.0,1,34,1.0,0.0,5,223.0
524,229.0,1,34,0.0,0.0,6,223.0
525,230.0,1,34,0.0,0.0,7,223.0
526,231.0,1,34,0.0,0.0,8,223.0
527,232.0,1,34,0.0,0.0,9,223.0
528,233.0,1,34,0.0,1.0,10,223.0
529,234.0,1,34,0.0,0.0,11,223.0
530,235.0,1,34,0.0,0.0,12,223.0
531,236.0,1,34,0.0,1.0,13,223.0
532,157.0,0,35,0.0,0.0,-14,171.0
533,158.0,0,35,0.0,0.0,-13,171.0
534,159.0,0,35,0.0,0.0,-12,171.0
535,160.0,0,35,0.0,0.0,-11,171.0
536,161.0,0,35,0.0,0.0,-10,171.0
537,162.0,0,35,0.0,0.0,-9,171.0
538,163.0,0,35,0.0,0.0,-8,171.0
539,164.0,0,35,0.0,0.0,-7,171.0
540,165.0,0,35,0.0,0.0,-6,171.0
541,166.0,0,35,0.0,0.0,-5,171.0
542,167.0,0,35,0.0,0.0,-4,171.0
543,168.0,0,35,0.0,0.0,-3,171.0
544,169.0,0,35,0.0,0.0,-2,171.0
545,170.0,0,35,0.0,0.0,-1,171.0
546,171.0,1,35,0.0,0.0,0,171.0
547,172.0,1,35,0.0,0.0,1,171.0
548,173.0,1,35,0.0,1.0,2,171.0
549,174.0,1,35,0.0,0.0,3,171.0
550,175.0,1,35,0.0,0.0,4,171.0
551,176.0,1,35,0.0,0.0,5,171.0
552,177.0,1,35,0.0,0.0,6,171.0
553,178.0,1,35,0.0,0.0,7,171.0
554,179.0,1,35,0.0,0.0,8,171.0
555,180.0,1,35,0.0,0.0,9,171.0
556,181.0,1,35,0.0,0.0,10,171.0
557,182.0,1,35,0.0,1.0,11,171.0
558,183.0,1,35,0.0,0.0,12,171.0
559,184.0,1,35,0.0,0.0,13,171.0
560,229.0,0,36,0.0,0.0,-14,243.0
561,230.0,0,36,0.0,0.0,-13,243.0
562,231.0,0,36,0.0,0.0,-12,243.0
563,232.0,0,36,0.0,0.0,-11,243.0
564,233.0,0,36,0.0,0.0,-10,243.0
565,234.0,0,36,0.0,0.0,-9,243.0
566,235.0,0,36,0.0,0.0,-8,243.0
567,236.0,0,36,0.0,0.0,-7,243.0
568,237.0,0,36,0.0,0.0,-6,243.0
569,238.0,0,36,0.0,0.0,-5,243.0
570,239.0,0,36,0.0,0.0,-4,243.0
571,240.0,0,36,0.0,0.0,-3,243.0
572,241.0,0,36,0.0,0.0,-2,243.0
573,242.0,0,36,0.0,0.0,-1,243.0
574,243.0,1,36,0.0,0.0,0,243.0
575,244.0,1,36,0.0,0.0,1,243.0
576,245.0,1,36,0.0,0.0,2,243.0
577,246.0,1,36,0.0,0.0,3,243.0
578,247.0,1,36,0.0,1.0,4,243.0
579,248.0,1,36,1.0,1.0,5,243.0
580,249.0,1,36,0.0,0.0,6,243.0
581,250.0,1,36,0.0,0.0,7,243.0
582,251.0,1,36,0.0,0.0,8,243.0
583,252.0,1,36,0.0,0.0,9,243.0
584,253.0,1,36,0.0,0.0,10,243.0
585,254.0,1,36,0.0,0.0,11,243.0
586,255.0,1,36,0.0,0.0,12,243.0
587,256.0,1,36,0.0,0.0,13,243.0
588,25.0,0,37,10.0,22.0,-14,39.0
589,26.0,0,37,3.0,14.0,-13,39.0
590,27.0,0,37,2.0,8.0,-12,39.0
591,28.0,0,37,6.0,17.0,-11,39.0
592,29.0,0,37,1.0,10.0,-10,39.0
593,30.0,0,37,9.0,67.0,-9,39.0
594,31.0,0,37,5.0,12.0,-8,39.0
595,32.0,0,37,5.0,15.0,-7,39.0
596,33.0,0,37,5.0,10.0,-6,39.0
597,34.0,0,37,3.0,7.0,-5,39.0
598,35.0,0,37,1.0,7.0,-4,39.0
599,36.0,0,37,4.0,4.0,-3,39.0
600,37.0,0,37,6.0,9.0,-2,39.0
601,38.0,0,37,3.0,3.0,-1,39.0
602,39.0,1,37,6.0,6.0,0,39.0
603,40.0,1,37,4.0,9.0,1,39.0
604,41.0,1,37,3.0,7.0,2,39.0
605,42.0,1,37,2.0,4.0,3,39.0
606,43.0,1,37,4.0,14.0,4,39.0
607,44.0,1,37,65.0,63.0,5,39.0
608,45.0,1,37,7.0,9.0,6,39.0
609,46.0,1,37,2.0,3.0,7,39.0
610,47.0,1,37,1.0,7.0,8,39.0
611,48.0,1,37,2.0,3.0,9,39.0
612,49.0,1,37,1.0,7.0,10,39.0
613,50.0,1,37,3.0,4.0,11,39.0
614,51.0,1,37,4.0,4.0,12,39.0
615,52.0,1,37,1.0,3.0,13,39.0
616,195.0,0,39,0.0,0.0,-14,209.0
617,196.0,0,39,1.0,1.0,-13,209.0
618,197.0,0,39,0.0,0.0,-12,209.0
619,198.0,0,39,0.0,0.0,-11,209.0
620,199.0,0,39,0.0,2.0,-10,209.0
621,200.0,0,39,0.0,0.0,-9,209.0
622,201.0,0,39,0.0,0.0,-8,209.0
623,202.0,0,39,0.0,0.0,-7,209.0
624,203.0,0,39,0.0,0.0,-6,209.0
625,204.0,0,39,0.0,1.0,-5,209.0
626,205.0,0,39,0.0,0.0,-4,209.0
627,206.0,0,39,0.0,0.0,-3,209.0
628,207.0,0,39,0.0,0.0,-2,209.0
629,208.0,0,39,1.0,0.0,-1,209.0
630,209.0,1,39,0.0,0.0,0,209.0
631,210.0,1,39,0.0,0.0,1,209.0
632,211.0,1,39,0.0,0.0,2,209.0
633,212.0,1,39,0.0,0.0,3,209.0
634,213.0,1,39,0.0,0.0,4,209.0
635,214.0,1,39,0.0,0.0,5,209.0
636,215.0,1,39,0.0,0.0,6,209.0
637,216.0,1,39,0.0,0.0,7,209.0
638,217.0,1,39,0.0,0.0,8,209.0
639,218.0,1,39,0.0,0.0,9,209.0
640,219.0,1,39,0.0,2.0,10,209.0
641,220.0,1,39,0.0,1.0,11,209.0
642,221.0,1,39,1.0,0.0,12,209.0
643,222.0,1,39,0.0,0.0,13,209.0
644,209.0,0,41,0.0,1.0,-14,223.0
645,210.0,0,41,0.0,3.0,-13,223.0
646,211.0,0,41,0.0,0.0,-12,223.0
647,212.0,0,41,0.0,1.0,-11,223.0
648,213.0,0,41,0.0,0.0,-10,223.0
649,214.0,0,41,0.0,2.0,-9,223.0
650,215.0,0,41,0.0,1.0,-8,223.0
651,216.0,0,41,0.0,0.0,-7,223.0
652,217.0,0,41,0.0,0.0,-6,223.0
653,218.0,0,41,0.0,0.0,-5,223.0
654,219.0,0,41,0.0,1.0,-4,223.0
655,220.0,0,41,0.0,0.0,-3,223.0
656,221.0,0,41,1.0,1.0,-2,223.0
657,222.0,0,41,0.0,0.0,-1,223.0
658,223.0,1,41,2.0,0.0,0,223.0
659,224.0,1,41,1.0,1.0,1,223.0
660,225.0,1,41,0.0,0.0,2,223.0
661,226.0,1,41,1.0,1.0,3,223.0
662,227.0,1,41,0.0,0.0,4,223.0
663,228.0,1,41,0.0,0.0,5,223.0
664,229.0,1,41,15.0,11.0,6,223.0
665,230.0,1,41,3.0,0.0,7,223.0
666,231.0,1,41,1.0,0.0,8,223.0
667,232.0,1,41,0.0,0.0,9,223.0
668,233.0,1,41,0.0,0.0,10,223.0
669,234.0,1,41,0.0,0.0,11,223.0
670,235.0,1,41,0.0,1.0,12,223.0
671,236.0,1,41,0.0,1.0,13,223.0
672,149.0,0,43,0.0,0.0,-14,163.0
673,150.0,0,43,0.0,0.0,-13,163.0
674,151.0,0,43,0.0,0.0,-12,163.0
675,152.0,0,43,0.0,1.0,-11,163.0
676,153.0,0,43,0.0,0.0,-10,163.0
677,154.0,0,43,0.0,0.0,-9,163.0
678,155.0,0,43,1.0,0.0,-8,163.0
679,156.0,0,43,1.0,0.0,-7,163.0
680,157.0,0,43,0.0,0.0,-6,163.0
681,158.0,0,43,0.0,0.0,-5,163.0
682,159.0,0,43,0.0,0.0,-4,163.0
683,160.0,0,43,0.0,0.0,-3,163.0
684,161.0,0,43,0.0,1.0,-2,163.0
685,162.0,0,43,0.0,0.0,-1,163.0
686,163.0,1,43,2.0,2.0,0,163.0
687,164.0,1,43,0.0,1.0,1,163.0
688,165.0,1,43,0.0,0.0,2,163.0
689,166.0,1,43,0.0,0.0,3,163.0
690,167.0,1,43,0.0,0.0,4,163.0
691,168.0,1,43,0.0,0.0,5,163.0
692,169.0,1,43,0.0,0.0,6,163.0
693,170.0,1,43,0.0,0.0,7,163.0
694,171.0,1,43,0.0,0.0,8,163.0
695,172.0,1,43,0.0,0.0,9,163.0
696,173.0,1,43,0.0,0.0,10,163.0
697,174.0,1,43,0.0,0.0,11,163.0
698,175.0,1,43,0.0,0.0,12,163.0
699,176.0,1,43,0.0,0.0,13,163.0
700,-5.0,0,44,0.0,0.0,-14,9.0
701,-4.0,0,44,0.0,0.0,-13,9.0
702,-3.0,0,44,0.0,0.0,-12,9.0
703,-2.0,0,44,0.0,0.0,-11,9.0
704,-1.0,0,44,0.0,0.0,-10,9.0
705,0.0,0,44,0.0,2.0,-9,9.0
706,1.0,0,44,0.0,2.0,-8,9.0
707,2.0,0,44,0.0,8.0,-7,9.0
708,3.0,0,44,0.0,5.0,-6,9.0
709,4.0,0,44,0.0,5.0,-5,9.0
710,5.0,0,44,2.0,6.0,-4,9.0
711,6.0,0,44,0.0,3.0,-3,9.0
712,7.0,0,44,0.0,1.0,-2,9.0
713,8.0,0,44,0.0,3.0,-1,9.0
714,9.0,1,44,19.0,12.0,0,9.0
715,10.0,1,44,0.0,3.0,1,9.0
716,11.0,1,44,4.0,2.0,2,9.0
717,12.0,1,44,1.0,5.0,3,9.0
718,13.0,1,44,0.0,0.0,4,9.0
719,14.0,1,44,1.0,3.0,5,9.0
720,15.0,1,44,1.0,2.0,6,9.0
721,16.0,1,44,2.0,7.0,7,9.0
722,17.0,1,44,1.0,5.0,8,9.0
723,18.0,1,44,0.0,4.0,9,9.0
724,19.0,1,44,0.0,1.0,10,9.0
725,20.0,1,44,0.0,7.0,11,9.0
726,21.0,1,44,1.0,1.0,12,9.0
727,22.0,1,44,0.0,1.0,13,9.0
728,-1.0,0,45,26.0,352.0,-14,13.0
729,0.0,0,45,45.0,362.0,-13,13.0
730,1.0,0,45,140.0,976.0,-12,13.0
731,2.0,0,45,196.0,1412.0,-11,13.0
732,3.0,0,45,316.0,1963.0,-10,13.0
733,4.0,0,45,221.0,2531.0,-9,13.0
734,5.0,0,45,205.0,1974.0,-8,13.0
735,6.0,0,45,214.0,1565.0,-7,13.0
736,7.0,0,45,126.0,931.0,-6,13.0
737,8.0,0,45,191.0,1031.0,-5,13.0
738,9.0,0,45,183.0,1041.0,-4,13.0
739,10.0,0,45,901.0,6229.0,-3,13.0
740,11.0,0,45,415.0,2609.0,-2,13.0
741,12.0,0,45,1188.0,3223.0,-1,13.0
742,13.0,1,45,1104.0,3695.0,0,13.0
743,14.0,1,45,188.0,1323.0,1,13.0
744,15.0,1,45,65.0,676.0,2,13.0
745,16.0,1,45,65.0,637.0,3,13.0
746,17.0,1,45,99.0,894.0,4,13.0
747,18.0,1,45,75.0,673.0,5,13.0
748,19.0,1,45,38.0,505.0,6,13.0
749,20.0,1,45,62.0,427.0,7,13.0
750,21.0,1,45,42.0,503.0,8,13.0
751,22.0,1,45,41.0,511.0,9,13.0
752,23.0,1,45,48.0,526.0,10,13.0
753,24.0,1,45,334.0,1989.0,11,13.0
754,25.0,1,45,105.0,873.0,12,13.0
755,26.0,1,45,68.0,492.0,13,13.0
756,152.0,0,50,19.0,16.0,-14,166.0
757,153.0,0,50,22.0,12.0,-13,166.0
758,154.0,0,50,8.0,3.0,-12,166.0
759,155.0,0,50,2.0,8.0,-11,166.0
760,156.0,0,50,3.0,3.0,-10,166.0
761,157.0,0,50,2.0,1.0,-9,166.0
762,158.0,0,50,6.0,2.0,-8,166.0
763,159.0,0,50,1.0,3.0,-7,166.0
764,160.0,0,50,12.0,3.0,-6,166.0
765,161.0,0,50,2.0,2.0,-5,166.0
766,162.0,0,50,3.0,2.0,-4,166.0
767,163.0,0,50,0.0,1.0,-3,166.0
768,164.0,0,50,1.0,2.0,-2,166.0
769,165.0,0,50,2.0,1.0,-1,166.0
770,166.0,1,50,7.0,2.0,0,166.0
771,167.0,1,50,7.0,3.0,1,166.0
772,168.0,1,50,4.0,3.0,2,166.0
773,169.0,1,50,5.0,4.0,3,166.0
774,170.0,1,50,2.0,3.0,4,166.0
775,171.0,1,50,5.0,5.0,5,166.0
776,172.0,1,50,0.0,3.0,6,166.0
777,173.0,1,50,0.0,3.0,7,166.0
778,174.0,1,50,4.0,3.0,8,166.0
779,175.0,1,50,1.0,2.0,9,166.0
780,176.0,1,50,2.0,2.0,10,166.0
781,177.0,1,50,2.0,1.0,11,166.0
782,178.0,1,50,1.0,4.0,12,166.0
783,179.0,1,50,1.0,0.0,13,166.0
784,209.0,0,51,1.0,0.0,-14,223.0
785,210.0,0,51,0.0,0.0,-13,223.0
786,211.0,0,51,0.0,2.0,-12,223.0
787,212.0,0,51,1.0,0.0,-11,223.0
788,213.0,0,51,0.0,2.0,-10,223.0
789,214.0,0,51,0.0,0.0,-9,223.0
790,215.0,0,51,0.0,0.0,-8,223.0
791,216.0,0,51,0.0,0.0,-7,223.0
792,217.0,0,51,0.0,2.0,-6,223.0
793,218.0,0,51,0.0,2.0,-5,223.0
794,219.0,0,51,0.0,0.0,-4,223.0
795,220.0,0,51,0.0,0.0,-3,223.0
796,221.0,0,51,0.0,0.0,-2,223.0
797,222.0,0,51,1.0,1.0,-1,223.0
798,223.0,1,51,1.0,1.0,0,223.0
799,224.0,1,51,0.0,1.0,1,223.0
800,225.0,1,51,0.0,2.0,2,223.0
801,226.0,1,51,2.0,1.0,3,223.0
802,227.0,1,51,1.0,2.0,4,223.0
803,228.0,1,51,0.0,0.0,5,223.0
804,229.0,1,51,1.0,2.0,6,223.0
805,230.0,1,51,2.0,0.0,7,223.0
806,231.0,1,51,0.0,1.0,8,223.0
807,232.0,1,51,1.0,1.0,9,223.0
808,233.0,1,51,0.0,1.0,10,223.0
809,234.0,1,51,0.0,1.0,11,223.0
810,235.0,1,51,0.0,0.0,12,223.0
811,236.0,1,51,0.0,1.0,13,223.0
812,-3.0,0,52,0.0,1.0,-14,11.0
813,-2.0,0,52,0.0,0.0,-13,11.0
814,-1.0,0,52,0.0,0.0,-12,11.0
815,0.0,0,52,0.0,1.0,-11,11.0
816,1.0,0,52,0.0,0.0,-10,11.0
817,2.0,0,52,0.0,1.0,-9,11.0
818,3.0,0,52,0.0,5.0,-8,11.0
819,4.0,0,52,0.0,2.0,-7,11.0
820,5.0,0,52,0.0,0.0,-6,11.0
821,6.0,0,52,0.0,0.0,-5,11.0
822,7.0,0,52,1.0,7.0,-4,11.0
823,8.0,0,52,0.0,4.0,-3,11.0
824,9.0,0,52,0.0,3.0,-2,11.0
825,10.0,0,52,5.0,12.0,-1,11.0
826,11.0,1,52,9.0,4.0,0,11.0
827,12.0,1,52,6.0,6.0,1,11.0
828,13.0,1,52,0.0,2.0,2,11.0
829,14.0,1,52,0.0,0.0,3,11.0
830,15.0,1,52,0.0,1.0,4,11.0
831,16.0,1,52,2.0,3.0,5,11.0
832,17.0,1,52,2.0,3.0,6,11.0
833,18.0,1,52,1.0,0.0,7,11.0
834,19.0,1,52,0.0,0.0,8,11.0
835,20.0,1,52,0.0,1.0,9,11.0
836,21.0,1,52,0.0,0.0,10,11.0
837,22.0,1,52,0.0,1.0,11,11.0
838,23.0,1,52,1.0,3.0,12,11.0
839,24.0,1,52,6.0,11.0,13,11.0
840,-7.0,0,55,0.0,309.0,-14,7.0
841,-6.0,0,55,0.0,346.0,-13,7.0
842,-5.0,0,55,0.0,441.0,-12,7.0
843,-4.0,0,55,0.0,1052.0,-11,7.0
844,-3.0,0,55,0.0,4942.0,-10,7.0
845,-2.0,0,55,0.0,4508.0,-9,7.0
846,-1.0,0,55,85.0,3942.0,-8,7.0
847,0.0,0,55,315.0,4347.0,-7,7.0
848,1.0,0,55,1109.0,16732.0,-6,7.0
849,2.0,0,55,1044.0,25403.0,-5,7.0
850,3.0,0,55,700.0,30692.0,-4,7.0
851,4.0,0,55,605.0,37000.0,-3,7.0
852,5.0,0,55,677.0,30071.0,-2,7.0
853,6.0,0,55,1640.0,40384.0,-1,7.0
854,7.0,1,55,1504.0,39715.0,0,7.0
855,8.0,1,55,821.0,35755.0,1,7.0
856,9.0,1,55,459.0,21259.0,2,7.0
857,10.0,1,55,329.0,20285.0,3,7.0
858,11.0,1,55,415.0,23736.0,4,7.0
859,12.0,1,55,259.0,12982.0,5,7.0
860,13.0,1,55,149.0,8216.0,6,7.0
861,14.0,1,55,204.0,9745.0,7,7.0
862,15.0,1,55,246.0,15505.0,8,7.0
863,16.0,1,55,115.0,8835.0,9,7.0
864,17.0,1,55,117.0,6965.0,10,7.0
865,18.0,1,55,84.0,8201.0,11,7.0
866,19.0,1,55,49.0,4687.0,12,7.0
867,20.0,1,55,39.0,3577.0,13,7.0
868,209.0,0,56,0.0,1.0,-14,223.0
869,210.0,0,56,1.0,0.0,-13,223.0
870,211.0,0,56,0.0,0.0,-12,223.0
871,212.0,0,56,0.0,0.0,-11,223.0
872,213.0,0,56,0.0,0.0,-10,223.0
873,214.0,0,56,0.0,0.0,-9,223.0
874,215.0,0,56,0.0,0.0,-8,223.0
875,216.0,0,56,0.0,0.0,-7,223.0
876,217.0,0,56,0.0,0.0,-6,223.0
877,218.0,0,56,1.0,0.0,-5,223.0
878,219.0,0,56,0.0,0.0,-4,223.0
879,220.0,0,56,0.0,0.0,-3,223.0
880,221.0,0,56,0.0,0.0,-2,223.0
881,222.0,0,56,0.0,1.0,-1,223.0
882,223.0,1,56,0.0,0.0,0,223.0
883,224.0,1,56,0.0,0.0,1,223.0
884,225.0,1,56,0.0,0.0,2,223.0
885,226.0,1,56,0.0,0.0,3,223.0
886,227.0,1,56,0.0,0.0,4,223.0
887,228.0,1,56,0.0,0.0,5,223.0
888,229.0,1,56,0.0,0.0,6,223.0
889,230.0,1,56,0.0,0.0,7,223.0
890,231.0,1,56,0.0,0.0,8,223.0
891,232.0,1,56,0.0,1.0,9,223.0
892,233.0,1,56,0.0,1.0,10,223.0
893,234.0,1,56,0.0,1.0,11,223.0
894,235.0,1,56,0.0,0.0,12,223.0
895,236.0,1,56,0.0,0.0,13,223.0
896,20.0,0,57,2.0,5.0,-14,34.0
897,21.0,0,57,1.0,3.0,-13,34.0
898,22.0,0,57,1.0,1.0,-12,34.0
899,23.0,0,57,2.0,1.0,-11,34.0
900,24.0,0,57,0.0,2.0,-10,34.0
901,25.0,0,57,2.0,6.0,-9,34.0
902,26.0,0,57,0.0,3.0,-8,34.0
903,27.0,0,57,0.0,0.0,-7,34.0
904,28.0,0,57,0.0,0.0,-6,34.0
905,29.0,0,57,2.0,2.0,-5,34.0
906,30.0,0,57,0.0,4.0,-4,34.0
907,31.0,0,57,1.0,0.0,-3,34.0
908,32.0,0,57,2.0,0.0,-2,34.0
909,33.0,0,57,0.0,0.0,-1,34.0
910,34.0,1,57,7.0,10.0,0,34.0
911,35.0,1,57,1.0,3.0,1,34.0
912,36.0,1,57,3.0,1.0,2,34.0
913,37.0,1,57,1.0,3.0,3,34.0
914,38.0,1,57,0.0,0.0,4,34.0
915,39.0,1,57,0.0,0.0,5,34.0
916,40.0,1,57,0.0,4.0,6,34.0
917,41.0,1,57,0.0,0.0,7,34.0
918,42.0,1,57,0.0,0.0,8,34.0
919,43.0,1,57,0.0,2.0,9,34.0
920,44.0,1,57,0.0,2.0,10,34.0
921,45.0,1,57,0.0,0.0,11,34.0
922,46.0,1,57,0.0,0.0,12,34.0
923,47.0,1,57,0.0,0.0,13,34.0
924,-7.0,0,58,0.0,0.0,-14,7.0
925,-6.0,0,58,0.0,0.0,-13,7.0
926,-5.0,0,58,0.0,0.0,-12,7.0
927,-4.0,0,58,0.0,0.0,-11,7.0
928,-3.0,0,58,0.0,0.0,-10,7.0
929,-2.0,0,58,0.0,0.0,-9,7.0
930,-1.0,0,58,0.0,0.0,-8,7.0
931,0.0,0,58,0.0,0.0,-7,7.0
932,1.0,0,58,0.0,0.0,-6,7.0
933,2.0,0,58,0.0,3.0,-5,7.0
934,3.0,0,58,1.0,1.0,-4,7.0
935,4.0,0,58,0.0,5.0,-3,7.0
936,5.0,0,58,0.0,4.0,-2,7.0
937,6.0,0,58,3.0,13.0,-1,7.0
938,7.0,1,58,6.0,24.0,0,7.0
939,8.0,1,58,2.0,1.0,1,7.0
940,9.0,1,58,0.0,4.0,2,7.0
941,10.0,1,58,0.0,7.0,3,7.0
942,11.0,1,58,0.0,1.0,4,7.0
943,12.0,1,58,0.0,6.0,5,7.0
944,13.0,1,58,0.0,5.0,6,7.0
945,14.0,1,58,0.0,3.0,7,7.0
946,15.0,1,58,0.0,1.0,8,7.0
947,16.0,1,58,0.0,1.0,9,7.0
948,17.0,1,58,0.0,4.0,10,7.0
949,18.0,1,58,0.0,2.0,11,7.0
950,19.0,1,58,0.0,3.0,12,7.0
951,20.0,1,58,0.0,0.0,13,7.0
952,31.0,0,59,171.0,2124.0,-14,45.0
953,32.0,0,59,178.0,2234.0,-13,45.0
954,33.0,0,59,142.0,1728.0,-12,45.0
955,34.0,0,59,87.0,1135.0,-11,45.0
956,35.0,0,59,76.0,1146.0,-10,45.0
957,36.0,0,59,98.0,993.0,-9,45.0
958,37.0,0,59,37.0,659.0,-8,45.0
959,38.0,0,59,60.0,985.0,-7,45.0
960,39.0,0,59,100.0,828.0,-6,45.0
961,40.0,0,59,245.0,2224.0,-5,45.0
962,41.0,0,59,333.0,3323.0,-4,45.0
963,42.0,0,59,101.0,1320.0,-3,45.0
964,43.0,0,59,129.0,1316.0,-2,45.0
965,44.0,0,59,88.0,922.0,-1,45.0
966,45.0,1,59,297.0,1729.0,0,45.0
967,46.0,1,59,14.0,342.0,1,45.0
968,47.0,1,59,17.0,464.0,2,45.0
969,48.0,1,59,65.0,772.0,3,45.0
970,49.0,1,59,246.0,2143.0,4,45.0
971,50.0,1,59,68.0,1242.0,5,45.0
972,51.0,1,59,33.0,668.0,6,45.0
973,52.0,1,59,19.0,479.0,7,45.0
974,53.0,1,59,24.0,691.0,8,45.0
975,54.0,1,59,62.0,809.0,9,45.0
976,55.0,1,59,77.0,1146.0,10,45.0
977,56.0,1,59,34.0,753.0,11,45.0
978,57.0,1,59,28.0,562.0,12,45.0
979,58.0,1,59,84.0,1037.0,13,45.0
980,141.0,0,60,11.0,34.0,-14,155.0
981,142.0,0,60,4.0,24.0,-13,155.0
982,143.0,0,60,8.0,19.0,-12,155.0
983,144.0,0,60,12.0,28.0,-11,155.0
984,145.0,0,60,11.0,80.0,-10,155.0
985,146.0,0,60,18.0,20.0,-9,155.0
986,147.0,0,60,9.0,15.0,-8,155.0
987,148.0,0,60,22.0,47.0,-7,155.0
988,149.0,0,60,4.0,22.0,-6,155.0
989,150.0,0,60,9.0,35.0,-5,155.0
990,151.0,0,60,10.0,25.0,-4,155.0
991,152.0,0,60,4.0,35.0,-3,155.0
992,153.0,0,60,9.0,22.0,-2,155.0
993,154.0,0,60,10.0,23.0,-1,155.0
994,155.0,1,60,30.0,65.0,0,155.0
995,156.0,1,60,4.0,35.0,1,155.0
996,157.0,1,60,28.0,67.0,2,155.0
997,158.0,1,60,21.0,34.0,3,155.0
998,159.0,1,60,4.0,22.0,4,155.0
999,160.0,1,60,12.0,67.0,5,155.0
1000,161.0,1,60,14.0,85.0,6,155.0
1001,162.0,1,60,4.0,47.0,7,155.0
1002,163.0,1,60,5.0,46.0,8,155.0
1003,164.0,1,60,5.0,27.0,9,155.0
1004,165.0,1,60,6.0,33.0,10,155.0
1005,166.0,1,60,39.0,90.0,11,155.0
1006,167.0,1,60,30.0,64.0,12,155.0
1007,168.0,1,60,25.0,45.0,13,155.0
1008,5.0,0,62,3.0,54.0,-14,19.0
1009,6.0,0,62,1.0,23.0,-13,19.0
1010,7.0,0,62,5.0,25.0,-12,19.0
1011,8.0,0,62,1363.0,188.0,-11,19.0
1012,9.0,0,62,1016.0,306.0,-10,19.0
1013,10.0,0,62,564.0,357.0,-9,19.0
1014,11.0,0,62,130.0,104.0,-8,19.0
1015,12.0,0,62,487.0,116.0,-7,19.0
1016,13.0,0,62,130.0,57.0,-6,19.0
1017,14.0,0,62,62.0,58.0,-5,19.0
1018,15.0,0,62,33.0,32.0,-4,19.0
1019,16.0,0,62,59.0,33.0,-3,19.0
1020,17.0,0,62,34.0,33.0,-2,19.0
1021,18.0,0,62,35.0,35.0,-1,19.0
1022,19.0,1,62,12.0,20.0,0,19.0
1023,20.0,1,62,8.0,11.0,1,19.0
1024,21.0,1,62,9.0,17.0,2,19.0
1025,22.0,1,62,9.0,25.0,3,19.0
1026,23.0,1,62,15.0,30.0,4,19.0
1027,24.0,1,62,18.0,27.0,5,19.0
1028,25.0,1,62,4.0,11.0,6,19.0
1029,26.0,1,62,3.0,9.0,7,19.0
1030,27.0,1,62,7.0,15.0,8,19.0
1031,28.0,1,62,11.0,18.0,9,19.0
1032,29.0,1,62,4.0,18.0,10,19.0
1033,30.0,1,62,2.0,10.0,11,19.0
1034,31.0,1,62,0.0,9.0,12,19.0
1035,32.0,1,62,6.0,6.0,13,19.0
1036,117.0,0,65,0.0,9.0,-14,131.0
1037,118.0,0,65,3.0,4.0,-13,131.0
1038,119.0,0,65,3.0,7.0,-12,131.0
1039,120.0,0,65,2.0,8.0,-11,131.0
1040,121.0,0,65,2.0,4.0,-10,131.0
1041,122.0,0,65,2.0,23.0,-9,131.0
1042,123.0,0,65,0.0,20.0,-8,131.0
1043,124.0,0,65,1.0,8.0,-7,131.0
1044,125.0,0,65,1.0,5.0,-6,131.0
1045,126.0,0,65,0.0,7.0,-5,131.0
1046,127.0,0,65,2.0,6.0,-4,131.0
1047,128.0,0,65,3.0,5.0,-3,131.0
1048,129.0,0,65,0.0,3.0,-2,131.0
1049,130.0,0,65,2.0,0.0,-1,131.0
1050,131.0,1,65,10.0,9.0,0,131.0
1051,132.0,1,65,2.0,8.0,1,131.0
1052,133.0,1,65,1.0,5.0,2,131.0
1053,134.0,1,65,4.0,12.0,3,131.0
1054,135.0,1,65,3.0,14.0,4,131.0
1055,136.0,1,65,2.0,6.0,5,131.0
1056,137.0,1,65,3.0,8.0,6,131.0
1057,138.0,1,65,0.0,6.0,7,131.0
1058,139.0,1,65,1.0,8.0,8,131.0
1059,140.0,1,65,2.0,2.0,9,131.0
1060,141.0,1,65,1.0,6.0,10,131.0
1061,142.0,1,65,1.0,4.0,11,131.0
1062,143.0,1,65,1.0,11.0,12,131.0
1063,144.0,1,65,5.0,11.0,13,131.0
1064,152.0,0,67,0.0,0.0,-14,166.0
1065,153.0,0,67,0.0,0.0,-13,166.0
1066,154.0,0,67,0.0,0.0,-12,166.0
1067,155.0,0,67,0.0,0.0,-11,166.0
1068,156.0,0,67,0.0,0.0,-10,166.0
1069,157.0,0,67,0.0,0.0,-9,166.0
1070,158.0,0,67,0.0,0.0,-8,166.0
1071,159.0,0,67,0.0,0.0,-7,166.0
1072,160.0,0,67,0.0,0.0,-6,166.0
1073,161.0,0,67,0.0,0.0,-5,166.0
1074,162.0,0,67,0.0,0.0,-4,166.0
1075,163.0,0,67,0.0,0.0,-3,166.0
1076,164.0,0,67,0.0,0.0,-2,166.0
1077,165.0,0,67,0.0,0.0,-1,166.0
1078,166.0,1,67,0.0,0.0,0,166.0
1079,167.0,1,67,1.0,0.0,1,166.0
1080,168.0,1,67,0.0,0.0,2,166.0
1081,169.0,1,67,0.0,0.0,3,166.0
1082,170.0,1,67,0.0,0.0,4,166.0
1083,171.0,1,67,0.0,0.0,5,166.0
1084,172.0,1,67,0.0,0.0,6,166.0
1085,173.0,1,67,0.0,0.0,7,166.0
1086,174.0,1,67,0.0,0.0,8,166.0
1087,175.0,1,67,0.0,0.0,9,166.0
1088,176.0,1,67,0.0,0.0,10,166.0
1089,177.0,1,67,0.0,0.0,11,166.0
1090,178.0,1,67,0.0,0.0,12,166.0
1091,179.0,1,67,0.0,0.0,13,166.0
1092,248.0,0,69,0.0,2.0,-14,262.0
1093,249.0,0,69,0.0,0.0,-13,262.0
1094,250.0,0,69,0.0,0.0,-12,262.0
1095,251.0,0,69,0.0,0.0,-11,262.0
1096,252.0,0,69,0.0,0.0,-10,262.0
1097,253.0,0,69,0.0,0.0,-9,262.0
1098,254.0,0,69,0.0,0.0,-8,262.0
1099,255.0,0,69,0.0,1.0,-7,262.0
1100,256.0,0,69,0.0,0.0,-6,262.0
1101,257.0,0,69,0.0,0.0,-5,262.0
1102,258.0,0,69,0.0,0.0,-4,262.0
1103,259.0,0,69,0.0,0.0,-3,262.0
1104,260.0,0,69,0.0,0.0,-2,262.0
1105,261.0,0,69,0.0,2.0,-1,262.0
1106,262.0,1,69,0.0,0.0,0,262.0
1107,263.0,1,69,0.0,0.0,1,262.0
1108,264.0,1,69,1.0,0.0,2,262.0
1109,265.0,1,69,0.0,1.0,3,262.0
1110,266.0,1,69,0.0,0.0,4,262.0
1111,267.0,1,69,0.0,0.0,5,262.0
1112,268.0,1,69,0.0,0.0,6,262.0
1113,269.0,1,69,0.0,0.0,7,262.0
1114,270.0,1,69,0.0,1.0,8,262.0
1115,271.0,1,69,0.0,0.0,9,262.0
1116,272.0,1,69,0.0,0.0,10,262.0
1117,273.0,1,69,0.0,0.0,11,262.0
1118,274.0,1,69,0.0,0.0,12,262.0
1119,275.0,1,69,0.0,0.0,13,262.0
1120,97.0,0,72,1.0,1.0,-14,111.0
1121,98.0,0,72,3.0,0.0,-13,111.0
1122,99.0,0,72,0.0,0.0,-12,111.0
1123,100.0,0,72,1.0,1.0,-11,111.0
1124,101.0,0,72,0.0,0.0,-10,111.0
1125,102.0,0,72,1.0,0.0,-9,111.0
1126,103.0,0,72,1.0,1.0,-8,111.0
1127,104.0,0,72,0.0,1.0,-7,111.0
1128,105.0,0,72,1.0,0.0,-6,111.0
1129,106.0,0,72,0.0,0.0,-5,111.0
1130,107.0,0,72,0.0,1.0,-4,111.0
1131,108.0,0,72,1.0,1.0,-3,111.0
1132,109.0,0,72,2.0,1.0,-2,111.0
1133,110.0,0,72,0.0,0.0,-1,111.0
1134,111.0,1,72,4.0,1.0,0,111.0
1135,112.0,1,72,1.0,0.0,1,111.0
1136,113.0,1,72,1.0,1.0,2,111.0
1137,114.0,1,72,0.0,0.0,3,111.0
1138,115.0,1,72,0.0,0.0,4,111.0
1139,116.0,1,72,3.0,0.0,5,111.0
1140,117.0,1,72,0.0,0.0,6,111.0
1141,118.0,1,72,0.0,2.0,7,111.0
1142,119.0,1,72,1.0,0.0,8,111.0
1143,120.0,1,72,0.0,0.0,9,111.0
1144,121.0,1,72,1.0,1.0,10,111.0
1145,122.0,1,72,0.0,1.0,11,111.0
1146,123.0,1,72,1.0,1.0,12,111.0
1147,124.0,1,72,1.0,0.0,13,111.0
1148,83.0,0,75,0.0,0.0,-14,97.0
1149,84.0,0,75,0.0,0.0,-13,97.0
1150,85.0,0,75,0.0,0.0,-12,97.0
1151,86.0,0,75,0.0,0.0,-11,97.0
1152,87.0,0,75,0.0,0.0,-10,97.0
1153,88.0,0,75,0.0,0.0,-9,97.0
1154,89.0,0,75,0.0,0.0,-8,97.0
1155,90.0,0,75,0.0,1.0,-7,97.0
1156,91.0,0,75,1.0,0.0,-6,97.0
1157,92.0,0,75,0.0,0.0,-5,97.0
1158,93.0,0,75,1.0,1.0,-4,97.0
1159,94.0,0,75,1.0,0.0,-3,97.0
1160,95.0,0,75,0.0,0.0,-2,97.0
1161,96.0,0,75,2.0,1.0,-1,97.0
1162,97.0,1,75,5.0,9.0,0,97.0
1163,98.0,1,75,5.0,3.0,1,97.0
1164,99.0,1,75,6.0,10.0,2,97.0
1165,100.0,1,75,1.0,3.0,3,97.0
1166,101.0,1,75,1.0,6.0,4,97.0
1167,102.0,1,75,0.0,2.0,5,97.0
1168,103.0,1,75,38.0,36.0,6,97.0
1169,104.0,1,75,3.0,12.0,7,97.0
1170,105.0,1,75,5.0,4.0,8,97.0
1171,106.0,1,75,1.0,0.0,9,97.0
1172,107.0,1,75,0.0,1.0,10,97.0
1173,108.0,1,75,1.0,1.0,11,97.0
1174,109.0,1,75,3.0,2.0,12,97.0
1175,110.0,1,75,0.0,2.0,13,97.0
1176,102.0,0,77,0.0,0.0,-14,116.0
1177,103.0,0,77,0.0,1.0,-13,116.0
1178,104.0,0,77,0.0,0.0,-12,116.0
1179,105.0,0,77,0.0,2.0,-11,116.0
1180,106.0,0,77,0.0,3.0,-10,116.0
1181,107.0,0,77,0.0,2.0,-9,116.0
1182,108.0,0,77,0.0,1.0,-8,116.0
1183,109.0,0,77,0.0,0.0,-7,116.0
1184,110.0,0,77,0.0,0.0,-6,116.0
1185,111.0,0,77,1.0,1.0,-5,116.0
1186,112.0,0,77,0.0,0.0,-4,116.0
1187,113.0,0,77,0.0,0.0,-3,116.0
1188,114.0,0,77,1.0,0.0,-2,116.0
1189,115.0,0,77,0.0,0.0,-1,116.0
1190,116.0,1,77,4.0,0.0,0,116.0
1191,117.0,1,77,2.0,1.0,1,116.0
1192,118.0,1,77,1.0,3.0,2,116.0
1193,119.0,1,77,0.0,0.0,3,116.0
1194,120.0,1,77,0.0,0.0,4,116.0
1195,121.0,1,77,0.0,2.0,5,116.0
1196,122.0,1,77,1.0,0.0,6,116.0
1197,123.0,1,77,0.0,0.0,7,116.0
1198,124.0,1,77,1.0,2.0,8,116.0
1199,125.0,1,77,0.0,0.0,9,116.0
1200,126.0,1,77,1.0,0.0,10,116.0
1201,127.0,1,77,1.0,1.0,11,116.0
1202,128.0,1,77,0.0,0.0,12,116.0
1203,129.0,1,77,0.0,1.0,13,116.0
1204,185.0,0,79,0.0,0.0,-14,199.0
1205,186.0,0,79,0.0,0.0,-13,199.0
1206,187.0,0,79,0.0,0.0,-12,199.0
1207,188.0,0,79,0.0,0.0,-11,199.0
1208,189.0,0,79,0.0,0.0,-10,199.0
1209,190.0,0,79,0.0,0.0,-9,199.0
1210,191.0,0,79,0.0,0.0,-8,199.0
1211,192.0,0,79,0.0,0.0,-7,199.0
1212,193.0,0,79,0.0,0.0,-6,199.0
1213,194.0,0,79,0.0,0.0,-5,199.0
1214,195.0,0,79,0.0,0.0,-4,199.0
1215,196.0,0,79,0.0,0.0,-3,199.0
1216,197.0,0,79,0.0,0.0,-2,199.0
1217,198.0,0,79,0.0,0.0,-1,199.0
1218,199.0,1,79,0.0,0.0,0,199.0
1219,200.0,1,79,0.0,0.0,1,199.0
1220,201.0,1,79,0.0,0.0,2,199.0
1221,202.0,1,79,0.0,0.0,3,199.0
1222,203.0,1,79,1.0,0.0,4,199.0
1223,204.0,1,79,0.0,0.0,5,199.0
1224,205.0,1,79,0.0,0.0,6,199.0
1225,206.0,1,79,0.0,0.0,7,199.0
1226,207.0,1,79,0.0,0.0,8,199.0
1227,208.0,1,79,0.0,0.0,9,199.0
1228,209.0,1,79,0.0,0.0,10,199.0
1229,210.0,1,79,0.0,1.0,11,199.0
1230,211.0,1,79,1.0,0.0,12,199.0
1231,212.0,1,79,0.0,0.0,13,199.0
1232,200.0,0,80,0.0,0.0,-14,214.0
1233,201.0,0,80,0.0,0.0,-13,214.0
1234,202.0,0,80,0.0,0.0,-12,214.0
1235,203.0,0,80,1.0,0.0,-11,214.0
1236,204.0,0,80,0.0,0.0,-10,214.0
1237,205.0,0,80,0.0,1.0,-9,214.0
1238,206.0,0,80,0.0,0.0,-8,214.0
1239,207.0,0,80,0.0,1.0,-7,214.0
1240,208.0,0,80,0.0,0.0,-6,214.0
1241,209.0,0,80,0.0,0.0,-5,214.0
1242,210.0,0,80,0.0,0.0,-4,214.0
1243,211.0,0,80,1.0,0.0,-3,214.0
1244,212.0,0,80,0.0,0.0,-2,214.0
1245,213.0,0,80,0.0,0.0,-1,214.0
1246,214.0,1,80,4.0,1.0,0,214.0
1247,215.0,1,80,0.0,0.0,1,214.0
1248,216.0,1,80,0.0,0.0,2,214.0
1249,217.0,1,80,0.0,0.0,3,214.0
1250,218.0,1,80,0.0,0.0,4,214.0
1251,219.0,1,80,0.0,1.0,5,214.0
1252,220.0,1,80,0.0,0.0,6,214.0
1253,221.0,1,80,0.0,0.0,7,214.0
1254,222.0,1,80,1.0,0.0,8,214.0
1255,223.0,1,80,0.0,0.0,9,214.0
1256,224.0,1,80,0.0,0.0,10,214.0
1257,225.0,1,80,1.0,0.0,11,214.0
1258,226.0,1,80,1.0,0.0,12,214.0
1259,227.0,1,80,0.0,0.0,13,214.0
1260,50.0,0,84,11.0,35.0,-14,64.0
1261,51.0,0,84,11.0,33.0,-13,64.0
1262,52.0,0,84,2.0,12.0,-12,64.0
1263,53.0,0,84,3.0,6.0,-11,64.0
1264,54.0,0,84,1.0,8.0,-10,64.0
1265,55.0,0,84,2.0,9.0,-9,64.0
1266,56.0,0,84,12.0,62.0,-8,64.0
1267,57.0,0,84,10.0,20.0,-7,64.0
1268,58.0,0,84,3.0,9.0,-6,64.0
1269,59.0,0,84,6.0,14.0,-5,64.0
1270,60.0,0,84,2.0,44.0,-4,64.0
1271,61.0,0,84,3.0,38.0,-3,64.0
1272,62.0,0,84,4.0,29.0,-2,64.0
1273,63.0,0,84,41.0,127.0,-1,64.0
1274,64.0,1,84,61.0,135.0,0,64.0
1275,65.0,1,84,13.0,48.0,1,64.0
1276,66.0,1,84,4.0,22.0,2,64.0
1277,67.0,1,84,1.0,25.0,3,64.0
1278,68.0,1,84,6.0,28.0,4,64.0
1279,69.0,1,84,3.0,24.0,5,64.0
1280,70.0,1,84,3.0,38.0,6,64.0
1281,71.0,1,84,6.0,54.0,7,64.0
1282,72.0,1,84,0.0,60.0,8,64.0
1283,73.0,1,84,0.0,67.0,9,64.0
1284,74.0,1,84,2.0,107.0,10,64.0
1285,75.0,1,84,1.0,119.0,11,64.0
1286,76.0,1,84,1.0,87.0,12,64.0
1287,77.0,1,84,6.0,176.0,13,64.0
1288,-12.0,0,85,0.0,0.0,-14,2.0
1289,-11.0,0,85,0.0,0.0,-13,2.0
1290,-10.0,0,85,0.0,0.0,-12,2.0
1291,-9.0,0,85,0.0,0.0,-11,2.0
1292,-8.0,0,85,0.0,0.0,-10,2.0
1293,-7.0,0,85,0.0,0.0,-9,2.0
1294,-6.0,0,85,0.0,0.0,-8,2.0
1295,-5.0,0,85,0.0,1.0,-7,2.0
1296,-4.0,0,85,0.0,0.0,-6,2.0
1297,-3.0,0,85,0.0,0.0,-5,2.0
1298,-2.0,0,85,0.0,2.0,-4,2.0
1299,-1.0,0,85,0.0,0.0,-3,2.0
1300,0.0,0,85,0.0,1.0,-2,2.0
1301,1.0,0,85,1.0,1.0,-1,2.0
1302,2.0,1,85,3.0,0.0,0,2.0
1303,3.0,1,85,0.0,0.0,1,2.0
1304,4.0,1,85,1.0,1.0,2,2.0
1305,5.0,1,85,0.0,0.0,3,2.0
1306,6.0,1,85,0.0,0.0,4,2.0
1307,7.0,1,85,0.0,1.0,5,2.0
1308,8.0,1,85,0.0,0.0,6,2.0
1309,9.0,1,85,0.0,0.0,7,2.0
1310,10.0,1,85,0.0,0.0,8,2.0
1311,11.0,1,85,0.0,0.0,9,2.0
1312,12.0,1,85,0.0,0.0,10,2.0
1313,13.0,1,85,0.0,0.0,11,2.0
1314,14.0,1,85,0.0,0.0,12,2.0
1315,15.0,1,85,0.0,0.0,13,2.0
1316,176.0,0,86,5.0,4.0,-14,190.0
1317,177.0,0,86,1.0,0.0,-13,190.0
1318,178.0,0,86,1.0,1.0,-12,190.0
1319,179.0,0,86,0.0,1.0,-11,190.0
1320,180.0,0,86,0.0,2.0,-10,190.0
1321,181.0,0,86,1.0,0.0,-9,190.0
1322,182.0,0,86,0.0,1.0,-8,190.0
1323,183.0,0,86,0.0,0.0,-7,190.0
1324,184.0,0,86,0.0,0.0,-6,190.0
1325,185.0,0,86,1.0,1.0,-5,190.0
1326,186.0,0,86,0.0,0.0,-4,190.0
1327,187.0,0,86,0.0,0.0,-3,190.0
1328,188.0,0,86,1.0,2.0,-2,190.0
1329,189.0,0,86,1.0,0.0,-1,190.0
1330,190.0,1,86,1.0,1.0,0,190.0
1331,191.0,1,86,0.0,0.0,1,190.0
1332,192.0,1,86,0.0,0.0,2,190.0
1333,193.0,1,86,1.0,0.0,3,190.0
1334,194.0,1,86,0.0,0.0,4,190.0
1335,195.0,1,86,0.0,1.0,5,190.0
1336,196.0,1,86,0.0,0.0,6,190.0
1337,197.0,1,86,0.0,2.0,7,190.0
1338,198.0,1,86,1.0,1.0,8,190.0
1339,199.0,1,86,0.0,0.0,9,190.0
1340,200.0,1,86,0.0,1.0,10,190.0
1341,201.0,1,86,0.0,1.0,11,190.0
1342,202.0,1,86,0.0,0.0,12,190.0
1343,203.0,1,86,0.0,1.0,13,190.0
1344,52.0,0,88,0.0,0.0,-14,66.0
1345,53.0,0,88,0.0,0.0,-13,66.0
1346,54.0,0,88,1.0,0.0,-12,66.0
1347,55.0,0,88,1.0,1.0,-11,66.0
1348,56.0,0,88,0.0,0.0,-10,66.0
1349,57.0,0,88,0.0,0.0,-9,66.0
1350,58.0,0,88,0.0,0.0,-8,66.0
1351,59.0,0,88,0.0,1.0,-7,66.0
1352,60.0,0,88,1.0,1.0,-6,66.0
1353,61.0,0,88,0.0,0.0,-5,66.0
1354,62.0,0,88,0.0,0.0,-4,66.0
1355,63.0,0,88,0.0,0.0,-3,66.0
1356,64.0,0,88,1.0,0.0,-2,66.0
1357,65.0,0,88,0.0,0.0,-1,66.0
1358,66.0,1,88,1.0,1.0,0,66.0
1359,67.0,1,88,0.0,0.0,1,66.0
1360,68.0,1,88,0.0,0.0,2,66.0
1361,69.0,1,88,0.0,1.0,3,66.0
1362,70.0,1,88,0.0,0.0,4,66.0
1363,71.0,1,88,0.0,1.0,5,66.0
1364,72.0,1,88,0.0,1.0,6,66.0
1365,73.0,1,88,0.0,1.0,7,66.0
1366,74.0,1,88,0.0,0.0,8,66.0
1367,75.0,1,88,0.0,0.0,9,66.0
1368,76.0,1,88,1.0,0.0,10,66.0
1369,77.0,1,88,0.0,0.0,11,66.0
1370,78.0,1,88,0.0,0.0,12,66.0
1371,79.0,1,88,1.0,1.0,13,66.0
1372,292.0,0,90,0.0,0.0,-14,306.0
1373,293.0,0,90,0.0,0.0,-13,306.0
1374,294.0,0,90,1.0,1.0,-12,306.0
1375,295.0,0,90,0.0,0.0,-11,306.0
1376,296.0,0,90,0.0,0.0,-10,306.0
1377,297.0,0,90,0.0,0.0,-9,306.0
1378,298.0,0,90,0.0,0.0,-8,306.0
1379,299.0,0,90,0.0,0.0,-7,306.0
1380,300.0,0,90,0.0,0.0,-6,306.0
1381,301.0,0,90,0.0,0.0,-5,306.0
1382,302.0,0,90,0.0,0.0,-4,306.0
1383,303.0,0,90,0.0,0.0,-3,306.0
1384,304.0,0,90,0.0,1.0,-2,306.0
1385,305.0,0,90,0.0,0.0,-1,306.0
1386,306.0,1,90,0.0,0.0,0,306.0
1387,307.0,1,90,0.0,0.0,1,306.0
1388,308.0,1,90,0.0,0.0,2,306.0
1389,309.0,1,90,0.0,0.0,3,306.0
1390,310.0,1,90,0.0,0.0,4,306.0
1391,311.0,1,90,0.0,0.0,5,306.0
1392,312.0,1,90,0.0,0.0,6,306.0
1393,313.0,1,90,0.0,0.0,7,306.0
1394,314.0,1,90,0.0,0.0,8,306.0
1395,315.0,1,90,0.0,0.0,9,306.0
1396,316.0,1,90,0.0,0.0,10,306.0
1397,317.0,1,90,0.0,0.0,11,306.0
1398,318.0,1,90,0.0,0.0,12,306.0
1399,319.0,1,90,0.0,0.0,13,306.0
1400,161.0,0,95,0.0,0.0,-14,175.0
1401,162.0,0,95,0.0,0.0,-13,175.0
1402,163.0,0,95,0.0,0.0,-12,175.0
1403,164.0,0,95,0.0,0.0,-11,175.0
1404,165.0,0,95,0.0,0.0,-10,175.0
1405,166.0,0,95,0.0,0.0,-9,175.0
1406,167.0,0,95,0.0,0.0,-8,175.0
1407,168.0,0,95,0.0,0.0,-7,175.0
1408,169.0,0,95,0.0,0.0,-6,175.0
1409,170.0,0,95,0.0,1.0,-5,175.0
1410,171.0,0,95,0.0,0.0,-4,175.0
1411,172.0,0,95,0.0,0.0,-3,175.0
1412,173.0,0,95,0.0,1.0,-2,175.0
1413,174.0,0,95,0.0,1.0,-1,175.0
1414,175.0,1,95,4.0,4.0,0,175.0
1415,176.0,1,95,0.0,0.0,1,175.0
1416,177.0,1,95,0.0,0.0,2,175.0
1417,178.0,1,95,0.0,0.0,3,175.0
1418,179.0,1,95,1.0,0.0,4,175.0
1419,180.0,1,95,0.0,0.0,5,175.0
1420,181.0,1,95,0.0,0.0,6,175.0
1421,182.0,1,95,0.0,0.0,7,175.0
1422,183.0,1,95,0.0,1.0,8,175.0
1423,184.0,1,95,0.0,0.0,9,175.0
1424,185.0,1,95,0.0,0.0,10,175.0
1425,186.0,1,95,0.0,0.0,11,175.0
1426,187.0,1,95,0.0,0.0,12,175.0
1427,188.0,1,95,0.0,0.0,13,175.0
1428,8.0,0,96,0.0,3.0,-14,22.0
1429,9.0,0,96,0.0,1.0,-13,22.0
1430,10.0,0,96,0.0,0.0,-12,22.0
1431,11.0,0,96,1.0,1.0,-11,22.0
1432,12.0,0,96,0.0,1.0,-10,22.0
1433,13.0,0,96,0.0,1.0,-9,22.0
1434,14.0,0,96,1.0,12.0,-8,22.0
1435,15.0,0,96,3.0,7.0,-7,22.0
1436,16.0,0,96,0.0,2.0,-6,22.0
1437,17.0,0,96,0.0,3.0,-5,22.0
1438,18.0,0,96,0.0,2.0,-4,22.0
1439,19.0,0,96,0.0,4.0,-3,22.0
1440,20.0,0,96,0.0,2.0,-2,22.0
1441,21.0,0,96,0.0,0.0,-1,22.0
1442,22.0,1,96,1.0,0.0,0,22.0
1443,23.0,1,96,0.0,2.0,1,22.0
1444,24.0,1,96,0.0,1.0,2,22.0
1445,25.0,1,96,0.0,22.0,3,22.0
1446,26.0,1,96,2.0,9.0,4,22.0
1447,27.0,1,96,0.0,2.0,5,22.0
1448,28.0,1,96,0.0,1.0,6,22.0
1449,29.0,1,96,0.0,4.0,7,22.0
1450,30.0,1,96,1.0,1.0,8,22.0
1451,31.0,1,96,0.0,4.0,9,22.0
1452,32.0,1,96,0.0,1.0,10,22.0
1453,33.0,1,96,1.0,3.0,11,22.0
1454,34.0,1,96,0.0,1.0,12,22.0
1455,35.0,1,96,0.0,2.0,13,22.0
1456,51.0,0,97,0.0,0.0,-14,65.0
1457,52.0,0,97,1.0,0.0,-13,65.0
1458,53.0,0,97,0.0,0.0,-12,65.0
1459,54.0,0,97,0.0,2.0,-11,65.0
1460,55.0,0,97,0.0,0.0,-10,65.0
1461,56.0,0,97,0.0,0.0,-9,65.0
1462,57.0,0,97,0.0,1.0,-8,65.0
1463,58.0,0,97,0.0,0.0,-7,65.0
1464,59.0,0,97,0.0,0.0,-6,65.0
1465,60.0,0,97,0.0,0.0,-5,65.0
1466,61.0,0,97,2.0,2.0,-4,65.0
1467,62.0,0,97,831.0,760.0,-3,65.0
1468,63.0,0,97,200.0,177.0,-2,65.0
1469,64.0,0,97,48.0,46.0,-1,65.0
1470,65.0,1,97,15.0,13.0,0,65.0
1471,66.0,1,97,5.0,5.0,1,65.0
1472,67.0,1,97,20.0,22.0,2,65.0
1473,68.0,1,97,12.0,8.0,3,65.0
1474,69.0,1,97,3.0,3.0,4,65.0
1475,70.0,1,97,6.0,4.0,5,65.0
1476,71.0,1,97,2.0,4.0,6,65.0
1477,72.0,1,97,1.0,7.0,7,65.0
1478,73.0,1,97,3.0,5.0,8,65.0
1479,74.0,1,97,2.0,1.0,9,65.0
1480,75.0,1,97,1.0,2.0,10,65.0
1481,76.0,1,97,0.0,2.0,11,65.0
1482,77.0,1,97,1.0,2.0,12,65.0
1483,78.0,1,97,0.0,0.0,13,65.0
1484,-11.0,0,99,0.0,0.0,-14,3.0
1485,-10.0,0,99,0.0,0.0,-13,3.0
1486,-9.0,0,99,0.0,0.0,-12,3.0
1487,-8.0,0,99,0.0,0.0,-11,3.0
1488,-7.0,0,99,0.0,0.0,-10,3.0
1489,-6.0,0,99,0.0,0.0,-9,3.0
1490,-5.0,0,99,0.0,0.0,-8,3.0
1491,-4.0,0,99,0.0,0.0,-7,3.0
1492,-3.0,0,99,0.0,0.0,-6,3.0
1493,-2.0,0,99,0.0,0.0,-5,3.0
1494,-1.0,0,99,2.0,1.0,-4,3.0
1495,0.0,0,99,0.0,1.0,-3,3.0
1496,1.0,0,99,2.0,13.0,-2,3.0
1497,2.0,0,99,8.0,48.0,-1,3.0
1498,3.0,1,99,10.0,63.0,0,3.0
1499,4.0,1,99,2.0,40.0,1,3.0
1500,5.0,1,99,2.0,24.0,2,3.0
1501,6.0,1,99,1.0,16.0,3,3.0
1502,7.0,1,99,0.0,6.0,4,3.0
1503,8.0,1,99,2.0,14.0,5,3.0
1504,9.0,1,99,1.0,25.0,6,3.0
1505,10.0,1,99,0.0,14.0,7,3.0
1506,11.0,1,99,0.0,18.0,8,3.0
1507,12.0,1,99,0.0,13.0,9,3.0
1508,13.0,1,99,0.0,11.0,10,3.0
1509,14.0,1,99,1.0,12.0,11,3.0
1510,15.0,1,99,1.0,10.0,12,3.0
1511,16.0,1,99,0.0,5.0,13,3.0
1512,246.0,0,100,0.0,0.0,-14,260.0
1513,247.0,0,100,0.0,0.0,-13,260.0
1514,248.0,0,100,0.0,0.0,-12,260.0
1515,249.0,0,100,0.0,0.0,-11,260.0
1516,250.0,0,100,0.0,0.0,-10,260.0
1517,251.0,0,100,0.0,1.0,-9,260.0
1518,252.0,0,100,0.0,0.0,-8,260.0
1519,253.0,0,100,0.0,0.0,-7,260.0
1520,254.0,0,100,1.0,0.0,-6,260.0
1521,255.0,0,100,0.0,0.0,-5,260.0
1522,256.0,0,100,0.0,0.0,-4,260.0
1523,257.0,0,100,0.0,0.0,-3,260.0
1524,258.0,0,100,0.0,0.0,-2,260.0
1525,259.0,0,100,0.0,0.0,-1,260.0
1526,260.0,1,100,1.0,1.0,0,260.0
1527,261.0,1,100,0.0,1.0,1,260.0
1528,262.0,1,100,0.0,0.0,2,260.0
1529,263.0,1,100,0.0,0.0,3,260.0
1530,264.0,1,100,0.0,0.0,4,260.0
1531,265.0,1,100,0.0,0.0,5,260.0
1532,266.0,1,100,0.0,0.0,6,260.0
1533,267.0,1,100,0.0,0.0,7,260.0
1534,268.0,1,100,0.0,0.0,8,260.0
1535,269.0,1,100,0.0,0.0,9,260.0
1536,270.0,1,100,0.0,0.0,10,260.0
1537,271.0,1,100,0.0,0.0,11,260.0
1538,272.0,1,100,0.0,0.0,12,260.0
1539,273.0,1,100,0.0,0.0,13,260.0
1540,39.0,0,102,0.0,0.0,-14,53.0
1541,40.0,0,102,1.0,0.0,-13,53.0
1542,41.0,0,102,0.0,0.0,-12,53.0
1543,42.0,0,102,1.0,0.0,-11,53.0
1544,43.0,0,102,1.0,0.0,-10,53.0
1545,44.0,0,102,0.0,0.0,-9,53.0
1546,45.0,0,102,1.0,1.0,-8,53.0
1547,46.0,0,102,0.0,1.0,-7,53.0
1548,47.0,0,102,0.0,0.0,-6,53.0
1549,48.0,0,102,0.0,0.0,-5,53.0
1550,49.0,0,102,0.0,0.0,-4,53.0
1551,50.0,0,102,1.0,0.0,-3,53.0
1552,51.0,0,102,1.0,0.0,-2,53.0
1553,52.0,0,102,0.0,0.0,-1,53.0
1554,53.0,1,102,4.0,2.0,0,53.0
1555,54.0,1,102,0.0,1.0,1,53.0
1556,55.0,1,102,0.0,2.0,2,53.0
1557,56.0,1,102,0.0,1.0,3,53.0
1558,57.0,1,102,0.0,2.0,4,53.0
1559,58.0,1,102,0.0,2.0,5,53.0
1560,59.0,1,102,0.0,0.0,6,53.0
1561,60.0,1,102,0.0,0.0,7,53.0
1562,61.0,1,102,0.0,0.0,8,53.0
1563,62.0,1,102,0.0,0.0,9,53.0
1564,63.0,1,102,1.0,0.0,10,53.0
1565,64.0,1,102,0.0,1.0,11,53.0
1566,65.0,1,102,1.0,0.0,12,53.0
1567,66.0,1,102,0.0,0.0,13,53.0
1568,51.0,0,105,2.0,2.0,-14,65.0
1569,52.0,0,105,2.0,2.0,-13,65.0
1570,53.0,0,105,0.0,2.0,-12,65.0
1571,54.0,0,105,0.0,0.0,-11,65.0
1572,55.0,0,105,0.0,0.0,-10,65.0
1573,56.0,0,105,1.0,1.0,-9,65.0
1574,57.0,0,105,0.0,2.0,-8,65.0
1575,58.0,0,105,0.0,4.0,-7,65.0
1576,59.0,0,105,1.0,2.0,-6,65.0
1577,60.0,0,105,0.0,0.0,-5,65.0
1578,61.0,0,105,0.0,1.0,-4,65.0
1579,62.0,0,105,1.0,1.0,-3,65.0
1580,63.0,0,105,12.0,19.0,-2,65.0
1581,64.0,0,105,6.0,12.0,-1,65.0
1582,65.0,1,105,6.0,20.0,0,65.0
1583,66.0,1,105,3.0,2.0,1,65.0
1584,67.0,1,105,11.0,10.0,2,65.0
1585,68.0,1,105,1.0,1.0,3,65.0
1586,69.0,1,105,7.0,3.0,4,65.0
1587,70.0,1,105,3.0,2.0,5,65.0
1588,71.0,1,105,1.0,2.0,6,65.0
1589,72.0,1,105,0.0,2.0,7,65.0
1590,73.0,1,105,0.0,3.0,8,65.0
1591,74.0,1,105,1.0,4.0,9,65.0
1592,75.0,1,105,0.0,1.0,10,65.0
1593,76.0,1,105,0.0,5.0,11,65.0
1594,77.0,1,105,1.0,3.0,12,65.0
1595,78.0,1,105,0.0,2.0,13,65.0
1596,229.0,0,107,0.0,1.0,-14,243.0
1597,230.0,0,107,0.0,0.0,-13,243.0
1598,231.0,0,107,0.0,1.0,-12,243.0
1599,232.0,0,107,0.0,2.0,-11,243.0
1600,233.0,0,107,0.0,0.0,-10,243.0
1601,234.0,0,107,0.0,0.0,-9,243.0
1602,235.0,0,107,0.0,0.0,-8,243.0
1603,236.0,0,107,0.0,0.0,-7,243.0
1604,237.0,0,107,0.0,3.0,-6,243.0
1605,238.0,0,107,1.0,2.0,-5,243.0
1606,239.0,0,107,0.0,1.0,-4,243.0
1607,240.0,0,107,0.0,1.0,-3,243.0
1608,241.0,0,107,0.0,3.0,-2,243.0
1609,242.0,0,107,0.0,6.0,-1,243.0
1610,243.0,1,107,2.0,2.0,0,243.0
1611,244.0,1,107,1.0,1.0,1,243.0
1612,245.0,1,107,0.0,2.0,2,243.0
1613,246.0,1,107,1.0,4.0,3,243.0
1614,247.0,1,107,0.0,4.0,4,243.0
1615,248.0,1,107,0.0,0.0,5,243.0
1616,249.0,1,107,0.0,1.0,6,243.0
1617,250.0,1,107,1.0,1.0,7,243.0
1618,251.0,1,107,0.0,2.0,8,243.0
1619,252.0,1,107,0.0,0.0,9,243.0
1620,253.0,1,107,0.0,1.0,10,243.0
1621,254.0,1,107,0.0,0.0,11,243.0
1622,255.0,1,107,0.0,0.0,12,243.0
1623,256.0,1,107,0.0,2.0,13,243.0
1624,69.0,0,113,66.0,1145.0,-14,83.0
1625,70.0,0,113,85.0,1581.0,-13,83.0
1626,71.0,0,113,724.0,9538.0,-12,83.0
1627,72.0,0,113,296.0,4056.0,-11,83.0
1628,73.0,0,113,308.0,4067.0,-10,83.0
1629,74.0,0,113,290.0,4223.0,-9,83.0
1630,75.0,0,113,241.0,3483.0,-8,83.0
1631,76.0,0,113,134.0,1945.0,-7,83.0
1632,77.0,0,113,94.0,967.0,-6,83.0
1633,78.0,0,113,123.0,2043.0,-5,83.0
1634,79.0,0,113,177.0,2306.0,-4,83.0
1635,80.0,0,113,186.0,2086.0,-3,83.0
1636,81.0,0,113,205.0,1965.0,-2,83.0
1637,82.0,0,113,163.0,1465.0,-1,83.0
1638,83.0,1,113,111.0,1089.0,0,83.0
1639,84.0,1,113,136.0,1370.0,1,83.0
1640,85.0,1,113,176.0,2393.0,2,83.0
1641,86.0,1,113,170.0,2561.0,3,83.0
1642,87.0,1,113,72.0,1143.0,4,83.0
1643,88.0,1,113,68.0,1317.0,5,83.0
1644,89.0,1,113,58.0,1068.0,6,83.0
1645,90.0,1,113,59.0,960.0,7,83.0
1646,91.0,1,113,97.0,1310.0,8,83.0
1647,92.0,1,113,86.0,1354.0,9,83.0
1648,93.0,1,113,65.0,950.0,10,83.0
1649,94.0,1,113,65.0,799.0,11,83.0
1650,95.0,1,113,43.0,725.0,12,83.0
1651,96.0,1,113,29.0,460.0,13,83.0
1652,-7.0,0,114,0.0,1.0,-14,7.0
1653,-6.0,0,114,0.0,1.0,-13,7.0
1654,-5.0,0,114,0.0,0.0,-12,7.0
1655,-4.0,0,114,0.0,0.0,-11,7.0
1656,-3.0,0,114,0.0,2.0,-10,7.0
1657,-2.0,0,114,0.0,1.0,-9,7.0
1658,-1.0,0,114,0.0,3.0,-8,7.0
1659,0.0,0,114,0.0,2.0,-7,7.0
1660,1.0,0,114,4.0,15.0,-6,7.0
1661,2.0,0,114,2.0,14.0,-5,7.0
1662,3.0,0,114,2.0,43.0,-4,7.0
1663,4.0,0,114,2.0,33.0,-3,7.0
1664,5.0,0,114,4.0,91.0,-2,7.0
1665,6.0,0,114,1.0,47.0,-1,7.0
1666,7.0,1,114,3.0,20.0,0,7.0
1667,8.0,1,114,2.0,13.0,1,7.0
1668,9.0,1,114,0.0,7.0,2,7.0
1669,10.0,1,114,0.0,10.0,3,7.0
1670,11.0,1,114,0.0,11.0,4,7.0
1671,12.0,1,114,0.0,5.0,5,7.0
1672,13.0,1,114,1.0,5.0,6,7.0
1673,14.0,1,114,0.0,4.0,7,7.0
1674,15.0,1,114,0.0,5.0,8,7.0
1675,16.0,1,114,0.0,4.0,9,7.0
1676,17.0,1,114,0.0,2.0,10,7.0
1677,18.0,1,114,0.0,3.0,11,7.0
1678,19.0,1,114,0.0,3.0,12,7.0
1679,20.0,1,114,0.0,1.0,13,7.0
1680,-5.0,0,118,0.0,0.0,-14,9.0
1681,-4.0,0,118,0.0,0.0,-13,9.0
1682,-3.0,0,118,0.0,0.0,-12,9.0
1683,-2.0,0,118,0.0,0.0,-11,9.0
1684,-1.0,0,118,0.0,0.0,-10,9.0
1685,0.0,0,118,0.0,0.0,-9,9.0
1686,1.0,0,118,0.0,0.0,-8,9.0
1687,2.0,0,118,0.0,0.0,-7,9.0
1688,3.0,0,118,0.0,0.0,-6,9.0
1689,4.0,0,118,0.0,0.0,-5,9.0
1690,5.0,0,118,0.0,0.0,-4,9.0
1691,6.0,0,118,0.0,0.0,-3,9.0
1692,7.0,0,118,2.0,1.0,-2,9.0
1693,8.0,0,118,2.0,5.0,-1,9.0
1694,9.0,1,118,6.0,6.0,0,9.0
1695,10.0,1,118,0.0,0.0,1,9.0
1696,11.0,1,118,0.0,0.0,2,9.0
1697,12.0,1,118,0.0,0.0,3,9.0
1698,13.0,1,118,1.0,0.0,4,9.0
1699,14.0,1,118,0.0,0.0,5,9.0
1700,15.0,1,118,0.0,0.0,6,9.0
1701,16.0,1,118,0.0,0.0,7,9.0
1702,17.0,1,118,0.0,1.0,8,9.0
1703,18.0,1,118,0.0,0.0,9,9.0
1704,19.0,1,118,0.0,0.0,10,9.0
1705,20.0,1,118,0.0,0.0,11,9.0
1706,21.0,1,118,0.0,0.0,12,9.0
1707,22.0,1,118,0.0,0.0,13,9.0
1708,82.0,0,123,0.0,0.0,-14,96.0
1709,83.0,0,123,0.0,0.0,-13,96.0
1710,84.0,0,123,0.0,0.0,-12,96.0
1711,85.0,0,123,0.0,0.0,-11,96.0
1712,86.0,0,123,0.0,2.0,-10,96.0
1713,87.0,0,123,1.0,2.0,-9,96.0
1714,88.0,0,123,0.0,1.0,-8,96.0
1715,89.0,0,123,1.0,1.0,-7,96.0
1716,90.0,0,123,0.0,0.0,-6,96.0
1717,91.0,0,123,1.0,0.0,-5,96.0
1718,92.0,0,123,0.0,1.0,-4,96.0
1719,93.0,0,123,0.0,0.0,-3,96.0
1720,94.0,0,123,1.0,0.0,-2,96.0
1721,95.0,0,123,0.0,0.0,-1,96.0
1722,96.0,1,123,1.0,3.0,0,96.0
1723,97.0,1,123,0.0,2.0,1,96.0
1724,98.0,1,123,0.0,1.0,2,96.0
1725,99.0,1,123,2.0,1.0,3,96.0
1726,100.0,1,123,1.0,0.0,4,96.0
1727,101.0,1,123,0.0,1.0,5,96.0
1728,102.0,1,123,0.0,2.0,6,96.0
1729,103.0,1,123,0.0,0.0,7,96.0
1730,104.0,1,123,0.0,1.0,8,96.0
1731,105.0,1,123,1.0,1.0,9,96.0
1732,106.0,1,123,0.0,0.0,10,96.0
1733,107.0,1,123,0.0,0.0,11,96.0
1734,108.0,1,123,0.0,0.0,12,96.0
1735,109.0,1,123,3.0,1.0,13,96.0
1736,97.0,0,124,2.0,1.0,-14,111.0
1737,98.0,0,124,0.0,2.0,-13,111.0
1738,99.0,0,124,8.0,6.0,-12,111.0
1739,100.0,0,124,3.0,3.0,-11,111.0
1740,101.0,0,124,2.0,2.0,-10,111.0
1741,102.0,0,124,2.0,1.0,-9,111.0
1742,103.0,0,124,3.0,2.0,-8,111.0
1743,104.0,0,124,2.0,2.0,-7,111.0
1744,105.0,0,124,2.0,2.0,-6,111.0
1745,106.0,0,124,3.0,3.0,-5,111.0
1746,107.0,0,124,1.0,1.0,-4,111.0
1747,108.0,0,124,4.0,1.0,-3,111.0
1748,109.0,0,124,2.0,1.0,-2,111.0
1749,110.0,0,124,0.0,1.0,-1,111.0
1750,111.0,1,124,0.0,6.0,0,111.0
1751,112.0,1,124,1.0,1.0,1,111.0
1752,113.0,1,124,0.0,2.0,2,111.0
1753,114.0,1,124,0.0,0.0,3,111.0
1754,115.0,1,124,7.0,4.0,4,111.0
1755,116.0,1,124,0.0,0.0,5,111.0
1756,117.0,1,124,6.0,8.0,6,111.0
1757,118.0,1,124,2.0,4.0,7,111.0
1758,119.0,1,124,1.0,2.0,8,111.0
1759,120.0,1,124,1.0,1.0,9,111.0
1760,121.0,1,124,8.0,20.0,10,111.0
1761,122.0,1,124,7.0,13.0,11,111.0
1762,123.0,1,124,2.0,4.0,12,111.0
1763,124.0,1,124,1.0,4.0,13,111.0
1764,109.0,0,128,0.0,0.0,-14,123.0
1765,110.0,0,128,0.0,0.0,-13,123.0
1766,111.0,0,128,0.0,0.0,-12,123.0
1767,112.0,0,128,0.0,0.0,-11,123.0
1768,113.0,0,128,0.0,0.0,-10,123.0
1769,114.0,0,128,0.0,0.0,-9,123.0
1770,115.0,0,128,0.0,0.0,-8,123.0
1771,116.0,0,128,0.0,0.0,-7,123.0
1772,117.0,0,128,0.0,0.0,-6,123.0
1773,118.0,0,128,0.0,0.0,-5,123.0
1774,119.0,0,128,0.0,0.0,-4,123.0
1775,120.0,0,128,0.0,0.0,-3,123.0
1776,121.0,0,128,0.0,0.0,-2,123.0
1777,122.0,0,128,0.0,0.0,-1,123.0
1778,123.0,1,128,0.0,1.0,0,123.0
1779,124.0,1,128,0.0,0.0,1,123.0
1780,125.0,1,128,0.0,0.0,2,123.0
1781,126.0,1,128,0.0,0.0,3,123.0
1782,127.0,1,128,0.0,0.0,4,123.0
1783,128.0,1,128,0.0,0.0,5,123.0
1784,129.0,1,128,0.0,0.0,6,123.0
1785,130.0,1,128,0.0,0.0,7,123.0
1786,131.0,1,128,0.0,0.0,8,123.0
1787,132.0,1,128,0.0,0.0,9,123.0
1788,133.0,1,128,0.0,0.0,10,123.0
1789,134.0,1,128,0.0,0.0,11,123.0
1790,135.0,1,128,0.0,0.0,12,123.0
1791,136.0,1,128,0.0,0.0,13,123.0
1792,-5.0,0,129,0.0,0.0,-14,9.0
1793,-4.0,0,129,0.0,0.0,-13,9.0
1794,-3.0,0,129,0.0,0.0,-12,9.0
1795,-2.0,0,129,0.0,0.0,-11,9.0
1796,-1.0,0,129,0.0,0.0,-10,9.0
1797,0.0,0,129,0.0,0.0,-9,9.0
1798,1.0,0,129,0.0,0.0,-8,9.0
1799,2.0,0,129,0.0,0.0,-7,9.0
1800,3.0,0,129,0.0,0.0,-6,9.0
1801,4.0,0,129,1.0,3.0,-5,9.0
1802,5.0,0,129,0.0,8.0,-4,9.0
1803,6.0,0,129,2.0,8.0,-3,9.0
1804,7.0,0,129,1.0,3.0,-2,9.0
1805,8.0,0,129,159.0,18.0,-1,9.0
1806,9.0,1,129,211.0,81.0,0,9.0
1807,10.0,1,129,78.0,75.0,1,9.0
1808,11.0,1,129,59.0,19.0,2,9.0
1809,12.0,1,129,82.0,39.0,3,9.0
1810,13.0,1,129,44.0,34.0,4,9.0
1811,14.0,1,129,6.0,22.0,5,9.0
1812,15.0,1,129,4.0,9.0,6,9.0
1813,16.0,1,129,1.0,7.0,7,9.0
1814,17.0,1,129,1.0,4.0,8,9.0
1815,18.0,1,129,4.0,8.0,9,9.0
1816,19.0,1,129,2.0,2.0,10,9.0
1817,20.0,1,129,1.0,4.0,11,9.0
1818,21.0,1,129,2.0,7.0,12,9.0
1819,22.0,1,129,0.0,4.0,13,9.0
1820,282.0,0,130,0.0,2.0,-14,296.0
1821,283.0,0,130,0.0,0.0,-13,296.0
1822,284.0,0,130,0.0,0.0,-12,296.0
1823,285.0,0,130,0.0,1.0,-11,296.0
1824,286.0,0,130,0.0,0.0,-10,296.0
1825,287.0,0,130,1.0,0.0,-9,296.0
1826,288.0,0,130,0.0,0.0,-8,296.0
1827,289.0,0,130,0.0,1.0,-7,296.0
1828,290.0,0,130,0.0,0.0,-6,296.0
1829,291.0,0,130,2.0,0.0,-5,296.0
1830,292.0,0,130,4.0,2.0,-4,296.0
1831,293.0,0,130,1.0,3.0,-3,296.0
1832,294.0,0,130,2.0,5.0,-2,296.0
1833,295.0,0,130,3.0,3.0,-1,296.0
1834,296.0,1,130,4.0,8.0,0,296.0
1835,297.0,1,130,3.0,3.0,1,296.0
1836,298.0,1,130,3.0,6.0,2,296.0
1837,299.0,1,130,0.0,0.0,3,296.0
1838,300.0,1,130,0.0,1.0,4,296.0
1839,301.0,1,130,0.0,1.0,5,296.0
1840,302.0,1,130,1.0,0.0,6,296.0
1841,303.0,1,130,1.0,0.0,7,296.0
1842,304.0,1,130,0.0,2.0,8,296.0
1843,305.0,1,130,2.0,1.0,9,296.0
1844,306.0,1,130,0.0,0.0,10,296.0
1845,307.0,1,130,0.0,1.0,11,296.0
1846,308.0,1,130,0.0,4.0,12,296.0
1847,309.0,1,130,0.0,4.0,13,296.0
1848,209.0,0,131,0.0,0.0,-14,223.0
1849,210.0,0,131,0.0,0.0,-13,223.0
1850,211.0,0,131,0.0,1.0,-12,223.0
1851,212.0,0,131,0.0,0.0,-11,223.0
1852,213.0,0,131,1.0,0.0,-10,223.0
1853,214.0,0,131,0.0,0.0,-9,223.0
1854,215.0,0,131,0.0,0.0,-8,223.0
1855,216.0,0,131,0.0,0.0,-7,223.0
1856,217.0,0,131,0.0,0.0,-6,223.0
1857,218.0,0,131,0.0,0.0,-5,223.0
1858,219.0,0,131,0.0,1.0,-4,223.0
1859,220.0,0,131,3.0,2.0,-3,223.0
1860,221.0,0,131,0.0,0.0,-2,223.0
1861,222.0,0,131,0.0,0.0,-1,223.0
1862,223.0,1,131,0.0,0.0,0,223.0
1863,224.0,1,131,0.0,0.0,1,223.0
1864,225.0,1,131,0.0,0.0,2,223.0
1865,226.0,1,131,0.0,0.0,3,223.0
1866,227.0,1,131,0.0,1.0,4,223.0
1867,228.0,1,131,0.0,0.0,5,223.0
1868,229.0,1,131,0.0,0.0,6,223.0
1869,230.0,1,131,0.0,1.0,7,223.0
1870,231.0,1,131,1.0,0.0,8,223.0
1871,232.0,1,131,0.0,0.0,9,223.0
1872,233.0,1,131,0.0,0.0,10,223.0
1873,234.0,1,131,0.0,0.0,11,223.0
1874,235.0,1,131,0.0,0.0,12,223.0
1875,236.0,1,131,0.0,0.0,13,223.0
1876,48.0,0,133,5.0,26.0,-14,62.0
1877,49.0,0,133,18.0,20.0,-13,62.0
1878,50.0,0,133,17.0,25.0,-12,62.0
1879,51.0,0,133,30.0,64.0,-11,62.0
1880,52.0,0,133,17.0,16.0,-10,62.0
1881,53.0,0,133,15.0,31.0,-9,62.0
1882,54.0,0,133,14.0,22.0,-8,62.0
1883,55.0,0,133,9.0,9.0,-7,62.0
1884,56.0,0,133,9.0,15.0,-6,62.0
1885,57.0,0,133,10.0,17.0,-5,62.0
1886,58.0,0,133,16.0,28.0,-4,62.0
1887,59.0,0,133,7.0,44.0,-3,62.0
1888,60.0,0,133,37.0,77.0,-2,62.0
1889,61.0,0,133,12.0,24.0,-1,62.0
1890,62.0,1,133,55.0,119.0,0,62.0
1891,63.0,1,133,18.0,48.0,1,62.0
1892,64.0,1,133,29.0,57.0,2,62.0
1893,65.0,1,133,42.0,52.0,3,62.0
1894,66.0,1,133,32.0,87.0,4,62.0
1895,67.0,1,133,29.0,54.0,5,62.0
1896,68.0,1,133,50.0,168.0,6,62.0
1897,69.0,1,133,75.0,211.0,7,62.0
1898,70.0,1,133,29.0,99.0,8,62.0
1899,71.0,1,133,234.0,510.0,9,62.0
1900,72.0,1,133,73.0,233.0,10,62.0
1901,73.0,1,133,62.0,206.0,11,62.0
1902,74.0,1,133,55.0,211.0,12,62.0
1903,75.0,1,133,33.0,201.0,13,62.0
1904,58.0,0,134,30.0,103.0,-14,72.0
1905,59.0,0,134,75.0,406.0,-13,72.0
1906,60.0,0,134,61.0,224.0,-12,72.0
1907,61.0,0,134,19.0,119.0,-11,72.0
1908,62.0,0,134,15.0,82.0,-10,72.0
1909,63.0,0,134,31.0,110.0,-9,72.0
1910,64.0,0,134,44.0,133.0,-8,72.0
1911,65.0,0,134,22.0,91.0,-7,72.0
1912,66.0,0,134,14.0,63.0,-6,72.0
1913,67.0,0,134,9.0,41.0,-5,72.0
1914,68.0,0,134,17.0,106.0,-4,72.0
1915,69.0,0,134,17.0,86.0,-3,72.0
1916,70.0,0,134,7.0,69.0,-2,72.0
1917,71.0,0,134,153.0,525.0,-1,72.0
1918,72.0,1,134,54.0,312.0,0,72.0
1919,73.0,1,134,41.0,229.0,1,72.0
1920,74.0,1,134,34.0,176.0,2,72.0
1921,75.0,1,134,23.0,128.0,3,72.0
1922,76.0,1,134,21.0,168.0,4,72.0
1923,77.0,1,134,21.0,149.0,5,72.0
1924,78.0,1,134,32.0,162.0,6,72.0
1925,79.0,1,134,8.0,69.0,7,72.0
1926,80.0,1,134,42.0,202.0,8,72.0
1927,81.0,1,134,26.0,160.0,9,72.0
1928,82.0,1,134,265.0,882.0,10,72.0
1929,83.0,1,134,53.0,273.0,11,72.0
1930,84.0,1,134,11.0,80.0,12,72.0
1931,85.0,1,134,14.0,71.0,13,72.0
1932,-3.0,0,137,0.0,608.0,-14,11.0
1933,-2.0,0,137,0.0,678.0,-13,11.0
1934,-1.0,0,137,39.0,665.0,-12,11.0
1935,0.0,0,137,40.0,588.0,-11,11.0
1936,1.0,0,137,53.0,851.0,-10,11.0
1937,2.0,0,137,150.0,2094.0,-9,11.0
1938,3.0,0,137,284.0,5602.0,-8,11.0
1939,4.0,0,137,332.0,9890.0,-7,11.0
1940,5.0,0,137,532.0,16929.0,-6,11.0
1941,6.0,0,137,955.0,19225.0,-5,11.0
1942,7.0,0,137,1285.0,11252.0,-4,11.0
1943,8.0,0,137,1438.0,7563.0,-3,11.0
1944,9.0,0,137,954.0,9916.0,-2,11.0
1945,10.0,0,137,543.0,6448.0,-1,11.0
1946,11.0,1,137,332.0,6017.0,0,11.0
1947,12.0,1,137,522.0,5826.0,1,11.0
1948,13.0,1,137,241.0,4404.0,2,11.0
1949,14.0,1,137,211.0,4019.0,3,11.0
1950,15.0,1,137,154.0,3759.0,4,11.0
1951,16.0,1,137,86.0,2354.0,5,11.0
1952,17.0,1,137,147.0,2888.0,6,11.0
1953,18.0,1,137,73.0,1575.0,7,11.0
1954,19.0,1,137,59.0,1116.0,8,11.0
1955,20.0,1,137,74.0,1452.0,9,11.0
1956,21.0,1,137,110.0,2105.0,10,11.0
1957,22.0,1,137,117.0,2106.0,11,11.0
1958,23.0,1,137,187.0,3364.0,12,11.0
1959,24.0,1,137,95.0,1810.0,13,11.0
1960,91.0,0,138,64.0,301.0,-14,105.0
1961,92.0,0,138,79.0,251.0,-13,105.0
1962,93.0,0,138,75.0,151.0,-12,105.0
1963,94.0,0,138,61.0,100.0,-11,105.0
1964,95.0,0,138,77.0,235.0,-10,105.0
1965,96.0,0,138,73.0,265.0,-9,105.0
1966,97.0,0,138,36.0,110.0,-8,105.0
1967,98.0,0,138,21.0,103.0,-7,105.0
1968,99.0,0,138,36.0,92.0,-6,105.0
1969,100.0,0,138,28.0,72.0,-5,105.0
1970,101.0,0,138,17.0,62.0,-4,105.0
1971,102.0,0,138,20.0,74.0,-3,105.0
1972,103.0,0,138,20.0,75.0,-2,105.0
1973,104.0,0,138,506.0,1078.0,-1,105.0
1974,105.0,1,138,221.0,280.0,0,105.0
1975,106.0,1,138,29.0,111.0,1,105.0
1976,107.0,1,138,716.0,1526.0,2,105.0
1977,108.0,1,138,86.0,239.0,3,105.0
1978,109.0,1,138,66.0,296.0,4,105.0
1979,110.0,1,138,14.0,89.0,5,105.0
1980,111.0,1,138,13.0,112.0,6,105.0
1981,112.0,1,138,42.0,151.0,7,105.0
1982,113.0,1,138,29.0,121.0,8,105.0
1983,114.0,1,138,26.0,85.0,9,105.0
1984,115.0,1,138,16.0,85.0,10,105.0
1985,116.0,1,138,112.0,415.0,11,105.0
1986,117.0,1,138,13.0,78.0,12,105.0
1987,118.0,1,138,12.0,67.0,13,105.0
1988,-4.0,0,141,0.0,0.0,-14,10.0
1989,-3.0,0,141,0.0,1.0,-13,10.0
1990,-2.0,0,141,0.0,1.0,-12,10.0
1991,-1.0,0,141,0.0,2.0,-11,10.0
1992,0.0,0,141,0.0,1.0,-10,10.0
1993,1.0,0,141,0.0,0.0,-9,10.0
1994,2.0,0,141,0.0,0.0,-8,10.0
1995,3.0,0,141,0.0,2.0,-7,10.0
1996,4.0,0,141,0.0,0.0,-6,10.0
1997,5.0,0,141,0.0,2.0,-5,10.0
1998,6.0,0,141,0.0,1.0,-4,10.0
1999,7.0,0,141,2.0,25.0,-3,10.0
2000,8.0,0,141,0.0,9.0,-2,10.0
2001,9.0,0,141,0.0,12.0,-1,10.0
2002,10.0,1,141,3.0,17.0,0,10.0
2003,11.0,1,141,1.0,31.0,1,10.0
2004,12.0,1,141,0.0,12.0,2,10.0
2005,13.0,1,141,1.0,12.0,3,10.0
2006,14.0,1,141,0.0,6.0,4,10.0
2007,15.0,1,141,0.0,5.0,5,10.0
2008,16.0,1,141,1.0,3.0,6,10.0
2009,17.0,1,141,0.0,6.0,7,10.0
2010,18.0,1,141,0.0,1.0,8,10.0
2011,19.0,1,141,0.0,2.0,9,10.0
2012,20.0,1,141,0.0,2.0,10,10.0
2013,21.0,1,141,0.0,1.0,11,10.0
2014,22.0,1,141,1.0,6.0,12,10.0
2015,23.0,1,141,1.0,1.0,13,10.0
2016,8.0,0,144,3.0,54.0,-14,22.0
2017,9.0,0,144,8.0,37.0,-13,22.0
2018,10.0,0,144,4.0,24.0,-12,22.0
2019,11.0,0,144,2.0,4.0,-11,22.0
2020,12.0,0,144,1.0,9.0,-10,22.0
2021,13.0,0,144,1.0,10.0,-9,22.0
2022,14.0,0,144,1.0,13.0,-8,22.0
2023,15.0,0,144,3.0,32.0,-7,22.0
2024,16.0,0,144,0.0,12.0,-6,22.0
2025,17.0,0,144,2.0,12.0,-5,22.0
2026,18.0,0,144,1.0,5.0,-4,22.0
2027,19.0,0,144,2.0,12.0,-3,22.0
2028,20.0,0,144,2.0,8.0,-2,22.0
2029,21.0,0,144,3.0,13.0,-1,22.0
2030,22.0,1,144,702.0,1592.0,0,22.0
2031,23.0,1,144,22.0,80.0,1,22.0
2032,24.0,1,144,7.0,22.0,2,22.0
2033,25.0,1,144,3.0,19.0,3,22.0
2034,26.0,1,144,10.0,15.0,4,22.0
2035,27.0,1,144,0.0,10.0,5,22.0
2036,28.0,1,144,3.0,9.0,6,22.0
2037,29.0,1,144,2.0,15.0,7,22.0
2038,30.0,1,144,3.0,5.0,8,22.0
2039,31.0,1,144,1.0,15.0,9,22.0
2040,32.0,1,144,1.0,5.0,10,22.0
2041,33.0,1,144,2.0,1.0,11,22.0
2042,34.0,1,144,1.0,2.0,12,22.0
2043,35.0,1,144,0.0,1.0,13,22.0
2044,59.0,0,151,3.0,10.0,-14,73.0
2045,60.0,0,151,4.0,7.0,-13,73.0
2046,61.0,0,151,2.0,6.0,-12,73.0
2047,62.0,0,151,6.0,5.0,-11,73.0
2048,63.0,0,151,6.0,7.0,-10,73.0
2049,64.0,0,151,9.0,15.0,-9,73.0
2050,65.0,0,151,2.0,12.0,-8,73.0
2051,66.0,0,151,3.0,5.0,-7,73.0
2052,67.0,0,151,4.0,9.0,-6,73.0
2053,68.0,0,151,1.0,19.0,-5,73.0
2054,69.0,0,151,2.0,8.0,-4,73.0
2055,70.0,0,151,3.0,7.0,-3,73.0
2056,71.0,0,151,6.0,28.0,-2,73.0
2057,72.0,0,151,102.0,577.0,-1,73.0
2058,73.0,1,151,209.0,701.0,0,73.0
2059,74.0,1,151,25.0,81.0,1,73.0
2060,75.0,1,151,21.0,37.0,2,73.0
2061,76.0,1,151,14.0,27.0,3,73.0
2062,77.0,1,151,17.0,61.0,4,73.0
2063,78.0,1,151,11.0,30.0,5,73.0
2064,79.0,1,151,10.0,23.0,6,73.0
2065,80.0,1,151,4.0,15.0,7,73.0
2066,81.0,1,151,4.0,33.0,8,73.0
2067,82.0,1,151,13.0,29.0,9,73.0
2068,83.0,1,151,5.0,8.0,10,73.0
2069,84.0,1,151,9.0,12.0,11,73.0
2070,85.0,1,151,5.0,2.0,12,73.0
2071,86.0,1,151,3.0,4.0,13,73.0
2072,-5.0,0,153,0.0,0.0,-14,9.0
2073,-4.0,0,153,0.0,0.0,-13,9.0
2074,-3.0,0,153,0.0,0.0,-12,9.0
2075,-2.0,0,153,0.0,0.0,-11,9.0
2076,-1.0,0,153,0.0,0.0,-10,9.0
2077,0.0,0,153,0.0,0.0,-9,9.0
2078,1.0,0,153,0.0,0.0,-8,9.0
2079,2.0,0,153,0.0,0.0,-7,9.0
2080,3.0,0,153,0.0,0.0,-6,9.0
2081,4.0,0,153,0.0,0.0,-5,9.0
2082,5.0,0,153,0.0,2.0,-4,9.0
2083,6.0,0,153,2.0,1.0,-3,9.0
2084,7.0,0,153,0.0,4.0,-2,9.0
2085,8.0,0,153,1.0,2.0,-1,9.0
2086,9.0,1,153,205.0,125.0,0,9.0
2087,10.0,1,153,373.0,264.0,1,9.0
2088,11.0,1,153,120.0,109.0,2,9.0
2089,12.0,1,153,151.0,103.0,3,9.0
2090,13.0,1,153,116.0,92.0,4,9.0
2091,14.0,1,153,20.0,41.0,5,9.0
2092,15.0,1,153,7.0,31.0,6,9.0
2093,16.0,1,153,4.0,16.0,7,9.0
2094,17.0,1,153,2.0,14.0,8,9.0
2095,18.0,1,153,8.0,23.0,9,9.0
2096,19.0,1,153,4.0,19.0,10,9.0
2097,20.0,1,153,4.0,17.0,11,9.0
2098,21.0,1,153,4.0,12.0,12,9.0
2099,22.0,1,153,1.0,12.0,13,9.0
2100,154.0,0,155,3.0,0.0,-14,168.0
2101,155.0,0,155,0.0,2.0,-13,168.0
2102,156.0,0,155,0.0,0.0,-12,168.0
2103,157.0,0,155,1.0,2.0,-11,168.0
2104,158.0,0,155,2.0,1.0,-10,168.0
2105,159.0,0,155,0.0,4.0,-9,168.0
2106,160.0,0,155,1.0,0.0,-8,168.0
2107,161.0,0,155,0.0,0.0,-7,168.0
2108,162.0,0,155,0.0,0.0,-6,168.0
2109,163.0,0,155,0.0,0.0,-5,168.0
2110,164.0,0,155,0.0,1.0,-4,168.0
2111,165.0,0,155,0.0,1.0,-3,168.0
2112,166.0,0,155,1.0,1.0,-2,168.0
2113,167.0,0,155,0.0,0.0,-1,168.0
2114,168.0,1,155,0.0,0.0,0,168.0
2115,169.0,1,155,0.0,1.0,1,168.0
2116,170.0,1,155,0.0,0.0,2,168.0
2117,171.0,1,155,0.0,0.0,3,168.0
2118,172.0,1,155,0.0,1.0,4,168.0
2119,173.0,1,155,0.0,0.0,5,168.0
2120,174.0,1,155,0.0,1.0,6,168.0
2121,175.0,1,155,0.0,2.0,7,168.0
2122,176.0,1,155,1.0,1.0,8,168.0
2123,177.0,1,155,1.0,0.0,9,168.0
2124,178.0,1,155,0.0,1.0,10,168.0
2125,179.0,1,155,0.0,3.0,11,168.0
2126,180.0,1,155,1.0,5.0,12,168.0
2127,181.0,1,155,1.0,2.0,13,168.0
2128,97.0,0,156,75.0,923.0,-14,111.0
2129,98.0,0,156,99.0,1133.0,-13,111.0
2130,99.0,0,156,151.0,1709.0,-12,111.0
2131,100.0,0,156,286.0,3265.0,-11,111.0
2132,101.0,0,156,105.0,1539.0,-10,111.0
2133,102.0,0,156,42.0,711.0,-9,111.0
2134,103.0,0,156,31.0,698.0,-8,111.0
2135,104.0,0,156,65.0,731.0,-7,111.0
2136,105.0,0,156,51.0,646.0,-6,111.0
2137,106.0,0,156,132.0,2024.0,-5,111.0
2138,107.0,0,156,93.0,1162.0,-4,111.0
2139,108.0,0,156,31.0,636.0,-3,111.0
2140,109.0,0,156,35.0,360.0,-2,111.0
2141,110.0,0,156,295.0,2877.0,-1,111.0
2142,111.0,1,156,553.0,6245.0,0,111.0
2143,112.0,1,156,106.0,1818.0,1,111.0
2144,113.0,1,156,21.0,572.0,2,111.0
2145,114.0,1,156,12.0,244.0,3,111.0
2146,115.0,1,156,158.0,2338.0,4,111.0
2147,116.0,1,156,117.0,1994.0,5,111.0
2148,117.0,1,156,31.0,577.0,6,111.0
2149,118.0,1,156,100.0,1436.0,7,111.0
2150,119.0,1,156,50.0,646.0,8,111.0
2151,120.0,1,156,41.0,618.0,9,111.0
2152,121.0,1,156,52.0,1039.0,10,111.0
2153,122.0,1,156,31.0,633.0,11,111.0
2154,123.0,1,156,20.0,483.0,12,111.0
2155,124.0,1,156,18.0,758.0,13,111.0
2156,-10.0,0,157,0.0,0.0,-14,4.0
2157,-9.0,0,157,0.0,2.0,-13,4.0
2158,-8.0,0,157,0.0,1.0,-12,4.0
2159,-7.0,0,157,0.0,0.0,-11,4.0
2160,-6.0,0,157,0.0,1.0,-10,4.0
2161,-5.0,0,157,0.0,2.0,-9,4.0
2162,-4.0,0,157,0.0,7.0,-8,4.0
2163,-3.0,0,157,0.0,42.0,-7,4.0
2164,-2.0,0,157,0.0,46.0,-6,4.0
2165,-1.0,0,157,1.0,51.0,-5,4.0
2166,0.0,0,157,26.0,271.0,-4,4.0
2167,1.0,0,157,78.0,551.0,-3,4.0
2168,2.0,0,157,51.0,525.0,-2,4.0
2169,3.0,0,157,220.0,2357.0,-1,4.0
2170,4.0,1,157,110.0,1873.0,0,4.0
2171,5.0,1,157,30.0,613.0,1,4.0
2172,6.0,1,157,16.0,448.0,2,4.0
2173,7.0,1,157,15.0,431.0,3,4.0
2174,8.0,1,157,9.0,323.0,4,4.0
2175,9.0,1,157,3.0,186.0,5,4.0
2176,10.0,1,157,3.0,106.0,6,4.0
2177,11.0,1,157,5.0,149.0,7,4.0
2178,12.0,1,157,0.0,107.0,8,4.0
2179,13.0,1,157,4.0,143.0,9,4.0
2180,14.0,1,157,4.0,110.0,10,4.0
2181,15.0,1,157,2.0,92.0,11,4.0
2182,16.0,1,157,3.0,95.0,12,4.0
2183,17.0,1,157,3.0,125.0,13,4.0
2184,233.0,0,158,0.0,2.0,-14,247.0
2185,234.0,0,158,0.0,0.0,-13,247.0
2186,235.0,0,158,0.0,0.0,-12,247.0
2187,236.0,0,158,0.0,0.0,-11,247.0
2188,237.0,0,158,0.0,0.0,-10,247.0
2189,238.0,0,158,0.0,2.0,-9,247.0
2190,239.0,0,158,0.0,0.0,-8,247.0
2191,240.0,0,158,0.0,0.0,-7,247.0
2192,241.0,0,158,2.0,4.0,-6,247.0
2193,242.0,0,158,1.0,0.0,-5,247.0
2194,243.0,0,158,0.0,3.0,-4,247.0
2195,244.0,0,158,0.0,1.0,-3,247.0
2196,245.0,0,158,1.0,0.0,-2,247.0
2197,246.0,0,158,1.0,0.0,-1,247.0
2198,247.0,1,158,2.0,0.0,0,247.0
2199,248.0,1,158,0.0,0.0,1,247.0
2200,249.0,1,158,0.0,0.0,2,247.0
2201,250.0,1,158,1.0,0.0,3,247.0
2202,251.0,1,158,2.0,0.0,4,247.0
2203,252.0,1,158,1.0,0.0,5,247.0
2204,253.0,1,158,1.0,1.0,6,247.0
2205,254.0,1,158,0.0,0.0,7,247.0
2206,255.0,1,158,0.0,0.0,8,247.0
2207,256.0,1,158,0.0,0.0,9,247.0
2208,257.0,1,158,0.0,0.0,10,247.0
2209,258.0,1,158,0.0,0.0,11,247.0
2210,259.0,1,158,0.0,2.0,12,247.0
2211,260.0,1,158,0.0,0.0,13,247.0
2212,138.0,0,160,2.0,43.0,-14,152.0
2213,139.0,0,160,1.0,37.0,-13,152.0
2214,140.0,0,160,5.0,47.0,-12,152.0
2215,141.0,0,160,3.0,42.0,-11,152.0
2216,142.0,0,160,7.0,54.0,-10,152.0
2217,143.0,0,160,3.0,52.0,-9,152.0
2218,144.0,0,160,4.0,46.0,-8,152.0
2219,145.0,0,160,9.0,64.0,-7,152.0
2220,146.0,0,160,5.0,62.0,-6,152.0
2221,147.0,0,160,3.0,38.0,-5,152.0
2222,148.0,0,160,1.0,47.0,-4,152.0
2223,149.0,0,160,4.0,51.0,-3,152.0
2224,150.0,0,160,5.0,51.0,-2,152.0
2225,151.0,0,160,21.0,55.0,-1,152.0
2226,152.0,1,160,257.0,74.0,0,152.0
2227,153.0,1,160,5.0,33.0,1,152.0
2228,154.0,1,160,3.0,24.0,2,152.0
2229,155.0,1,160,4.0,23.0,3,152.0
2230,156.0,1,160,8.0,39.0,4,152.0
2231,157.0,1,160,8.0,73.0,5,152.0
2232,158.0,1,160,0.0,63.0,6,152.0
2233,159.0,1,160,11.0,42.0,7,152.0
2234,160.0,1,160,6.0,27.0,8,152.0
2235,161.0,1,160,1.0,29.0,9,152.0
2236,162.0,1,160,2.0,21.0,10,152.0
2237,163.0,1,160,23.0,38.0,11,152.0
2238,164.0,1,160,14.0,48.0,12,152.0
2239,165.0,1,160,5.0,32.0,13,152.0
2240,-8.0,0,161,0.0,1.0,-14,6.0
2241,-7.0,0,161,0.0,0.0,-13,6.0
2242,-6.0,0,161,0.0,0.0,-12,6.0
2243,-5.0,0,161,0.0,0.0,-11,6.0
2244,-4.0,0,161,0.0,0.0,-10,6.0
2245,-3.0,0,161,0.0,1.0,-9,6.0
2246,-2.0,0,161,0.0,2.0,-8,6.0
2247,-1.0,0,161,0.0,2.0,-7,6.0
2248,0.0,0,161,0.0,5.0,-6,6.0
2249,1.0,0,161,0.0,4.0,-5,6.0
2250,2.0,0,161,1.0,4.0,-4,6.0
2251,3.0,0,161,0.0,7.0,-3,6.0
2252,4.0,0,161,0.0,11.0,-2,6.0
2253,5.0,0,161,1.0,30.0,-1,6.0
2254,6.0,1,161,22.0,108.0,0,6.0
2255,7.0,1,161,2.0,22.0,1,6.0
2256,8.0,1,161,3.0,32.0,2,6.0
2257,9.0,1,161,0.0,23.0,3,6.0
2258,10.0,1,161,0.0,15.0,4,6.0
2259,11.0,1,161,1.0,8.0,5,6.0
2260,12.0,1,161,0.0,10.0,6,6.0
2261,13.0,1,161,1.0,22.0,7,6.0
2262,14.0,1,161,0.0,21.0,8,6.0
2263,15.0,1,161,4.0,23.0,9,6.0
2264,16.0,1,161,8.0,42.0,10,6.0
2265,17.0,1,161,6.0,32.0,11,6.0
2266,18.0,1,161,0.0,20.0,12,6.0
2267,19.0,1,161,2.0,14.0,13,6.0
2268,-3.0,0,170,0.0,0.0,-14,11.0
2269,-2.0,0,170,0.0,0.0,-13,11.0
2270,-1.0,0,170,0.0,0.0,-12,11.0
2271,0.0,0,170,0.0,0.0,-11,11.0
2272,1.0,0,170,0.0,0.0,-10,11.0
2273,2.0,0,170,0.0,0.0,-9,11.0
2274,3.0,0,170,0.0,0.0,-8,11.0
2275,4.0,0,170,0.0,1.0,-7,11.0
2276,5.0,0,170,0.0,13.0,-6,11.0
2277,6.0,0,170,0.0,12.0,-5,11.0
2278,7.0,0,170,1.0,8.0,-4,11.0
2279,8.0,0,170,1.0,7.0,-3,11.0
2280,9.0,0,170,0.0,9.0,-2,11.0
2281,10.0,0,170,16.0,52.0,-1,11.0
2282,11.0,1,170,24.0,77.0,0,11.0
2283,12.0,1,170,4.0,18.0,1,11.0
2284,13.0,1,170,0.0,2.0,2,11.0
2285,14.0,1,170,1.0,9.0,3,11.0
2286,15.0,1,170,0.0,4.0,4,11.0
2287,16.0,1,170,0.0,17.0,5,11.0
2288,17.0,1,170,1.0,13.0,6,11.0
2289,18.0,1,170,0.0,3.0,7,11.0
2290,19.0,1,170,0.0,8.0,8,11.0
2291,20.0,1,170,0.0,1.0,9,11.0
2292,21.0,1,170,1.0,9.0,10,11.0
2293,22.0,1,170,0.0,3.0,11,11.0
2294,23.0,1,170,0.0,11.0,12,11.0
2295,24.0,1,170,0.0,2.0,13,11.0
2296,97.0,0,172,4.0,7.0,-14,111.0
2297,98.0,0,172,1.0,15.0,-13,111.0
2298,99.0,0,172,5.0,31.0,-12,111.0
2299,100.0,0,172,3.0,6.0,-11,111.0
2300,101.0,0,172,2.0,2.0,-10,111.0
2301,102.0,0,172,0.0,3.0,-9,111.0
2302,103.0,0,172,1.0,4.0,-8,111.0
2303,104.0,0,172,1.0,5.0,-7,111.0
2304,105.0,0,172,2.0,5.0,-6,111.0
2305,106.0,0,172,3.0,9.0,-5,111.0
2306,107.0,0,172,8.0,22.0,-4,111.0
2307,108.0,0,172,6.0,29.0,-3,111.0
2308,109.0,0,172,11.0,22.0,-2,111.0
2309,110.0,0,172,2.0,11.0,-1,111.0
2310,111.0,1,172,16.0,5.0,0,111.0
2311,112.0,1,172,2.0,3.0,1,111.0
2312,113.0,1,172,1.0,6.0,2,111.0
2313,114.0,1,172,6.0,8.0,3,111.0
2314,115.0,1,172,3.0,11.0,4,111.0
2315,116.0,1,172,0.0,6.0,5,111.0
2316,117.0,1,172,1.0,4.0,6,111.0
2317,118.0,1,172,1.0,0.0,7,111.0
2318,119.0,1,172,2.0,2.0,8,111.0
2319,120.0,1,172,1.0,8.0,9,111.0
2320,121.0,1,172,0.0,1.0,10,111.0
2321,122.0,1,172,0.0,4.0,11,111.0
2322,123.0,1,172,3.0,7.0,12,111.0
2323,124.0,1,172,0.0,3.0,13,111.0
2324,82.0,0,176,45.0,526.0,-14,96.0
2325,83.0,0,176,22.0,182.0,-13,96.0
2326,84.0,0,176,11.0,122.0,-12,96.0
2327,85.0,0,176,8.0,105.0,-11,96.0
2328,86.0,0,176,13.0,100.0,-10,96.0
2329,87.0,0,176,14.0,103.0,-9,96.0
2330,88.0,0,176,126.0,620.0,-8,96.0
2331,89.0,0,176,52.0,243.0,-7,96.0
2332,90.0,0,176,22.0,93.0,-6,96.0
2333,91.0,0,176,8.0,84.0,-5,96.0
2334,92.0,0,176,11.0,71.0,-4,96.0
2335,93.0,0,176,118.0,208.0,-3,96.0
2336,94.0,0,176,185.0,789.0,-2,96.0
2337,95.0,0,176,60.0,279.0,-1,96.0
2338,96.0,1,176,45.0,158.0,0,96.0
2339,97.0,1,176,29.0,279.0,1,96.0
2340,98.0,1,176,6.0,78.0,2,96.0
2341,99.0,1,176,49.0,359.0,3,96.0
2342,100.0,1,176,55.0,189.0,4,96.0
2343,101.0,1,176,20.0,122.0,5,96.0
2344,102.0,1,176,224.0,2723.0,6,96.0
2345,103.0,1,176,47.0,478.0,7,96.0
2346,104.0,1,176,4.0,130.0,8,96.0
2347,105.0,1,176,12.0,272.0,9,96.0
2348,106.0,1,176,15.0,174.0,10,96.0
2349,107.0,1,176,4.0,103.0,11,96.0
2350,108.0,1,176,9.0,197.0,12,96.0
2351,109.0,1,176,19.0,214.0,13,96.0
2352,130.0,0,177,14.0,97.0,-14,144.0
2353,131.0,0,177,22.0,101.0,-13,144.0
2354,132.0,0,177,26.0,112.0,-12,144.0
2355,133.0,0,177,21.0,82.0,-11,144.0
2356,134.0,0,177,23.0,98.0,-10,144.0
2357,135.0,0,177,30.0,119.0,-9,144.0
2358,136.0,0,177,19.0,105.0,-8,144.0
2359,137.0,0,177,11.0,105.0,-7,144.0
2360,138.0,0,177,4.0,87.0,-6,144.0
2361,139.0,0,177,11.0,62.0,-5,144.0
2362,140.0,0,177,12.0,73.0,-4,144.0
2363,141.0,0,177,7.0,75.0,-3,144.0
2364,142.0,0,177,15.0,96.0,-2,144.0
2365,143.0,0,177,13.0,91.0,-1,144.0
2366,144.0,1,177,20.0,115.0,0,144.0
2367,145.0,1,177,12.0,107.0,1,144.0
2368,146.0,1,177,8.0,114.0,2,144.0
2369,147.0,1,177,4.0,154.0,3,144.0
2370,148.0,1,177,11.0,174.0,4,144.0
2371,149.0,1,177,9.0,154.0,5,144.0
2372,150.0,1,177,13.0,118.0,6,144.0
2373,151.0,1,177,17.0,83.0,7,144.0
2374,152.0,1,177,6.0,67.0,8,144.0
2375,153.0,1,177,19.0,61.0,9,144.0
2376,154.0,1,177,19.0,85.0,10,144.0
2377,155.0,1,177,6.0,48.0,11,144.0
2378,156.0,1,177,6.0,54.0,12,144.0
2379,157.0,1,177,5.0,52.0,13,144.0
2380,241.0,0,178,0.0,0.0,-14,255.0
2381,242.0,0,178,0.0,1.0,-13,255.0
2382,243.0,0,178,0.0,0.0,-12,255.0
2383,244.0,0,178,0.0,0.0,-11,255.0
2384,245.0,0,178,0.0,0.0,-10,255.0
2385,246.0,0,178,0.0,0.0,-9,255.0
2386,247.0,0,178,0.0,0.0,-8,255.0
2387,248.0,0,178,0.0,0.0,-7,255.0
2388,249.0,0,178,0.0,0.0,-6,255.0
2389,250.0,0,178,0.0,0.0,-5,255.0
2390,251.0,0,178,0.0,1.0,-4,255.0
2391,252.0,0,178,0.0,0.0,-3,255.0
2392,253.0,0,178,0.0,0.0,-2,255.0
2393,254.0,0,178,0.0,0.0,-1,255.0
2394,255.0,1,178,3.0,1.0,0,255.0
2395,256.0,1,178,0.0,0.0,1,255.0
2396,257.0,1,178,0.0,0.0,2,255.0
2397,258.0,1,178,1.0,0.0,3,255.0
2398,259.0,1,178,0.0,0.0,4,255.0
2399,260.0,1,178,0.0,0.0,5,255.0
2400,261.0,1,178,0.0,0.0,6,255.0
2401,262.0,1,178,0.0,0.0,7,255.0
2402,263.0,1,178,0.0,0.0,8,255.0
2403,264.0,1,178,0.0,0.0,9,255.0
2404,265.0,1,178,0.0,0.0,10,255.0
2405,266.0,1,178,0.0,0.0,11,255.0
2406,267.0,1,178,0.0,0.0,12,255.0
2407,268.0,1,178,0.0,0.0,13,255.0
2408,5.0,0,182,2.0,19.0,-14,19.0
2409,6.0,0,182,2.0,16.0,-13,19.0
2410,7.0,0,182,1.0,10.0,-12,19.0
2411,8.0,0,182,2.0,9.0,-11,19.0
2412,9.0,0,182,1.0,6.0,-10,19.0
2413,10.0,0,182,1.0,6.0,-9,19.0
2414,11.0,0,182,0.0,9.0,-8,19.0
2415,12.0,0,182,0.0,7.0,-7,19.0
2416,13.0,0,182,0.0,7.0,-6,19.0
2417,14.0,0,182,1.0,2.0,-5,19.0
2418,15.0,0,182,0.0,1.0,-4,19.0
2419,16.0,0,182,1.0,2.0,-3,19.0
2420,17.0,0,182,1.0,6.0,-2,19.0
2421,18.0,0,182,2.0,6.0,-1,19.0
2422,19.0,1,182,4.0,10.0,0,19.0
2423,20.0,1,182,0.0,6.0,1,19.0
2424,21.0,1,182,3.0,2.0,2,19.0
2425,22.0,1,182,1.0,3.0,3,19.0
2426,23.0,1,182,1.0,5.0,4,19.0
2427,24.0,1,182,0.0,0.0,5,19.0
2428,25.0,1,182,1.0,2.0,6,19.0
2429,26.0,1,182,1.0,1.0,7,19.0
2430,27.0,1,182,2.0,1.0,8,19.0
2431,28.0,1,182,1.0,0.0,9,19.0
2432,29.0,1,182,0.0,1.0,10,19.0
2433,30.0,1,182,1.0,2.0,11,19.0
2434,31.0,1,182,0.0,2.0,12,19.0
2435,32.0,1,182,0.0,0.0,13,19.0
2436,39.0,0,184,0.0,0.0,-14,53.0
2437,40.0,0,184,0.0,0.0,-13,53.0
2438,41.0,0,184,0.0,0.0,-12,53.0
2439,42.0,0,184,0.0,0.0,-11,53.0
2440,43.0,0,184,0.0,0.0,-10,53.0
2441,44.0,0,184,0.0,0.0,-9,53.0
2442,45.0,0,184,0.0,0.0,-8,53.0
2443,46.0,0,184,0.0,0.0,-7,53.0
2444,47.0,0,184,0.0,0.0,-6,53.0
2445,48.0,0,184,0.0,0.0,-5,53.0
2446,49.0,0,184,0.0,0.0,-4,53.0
2447,50.0,0,184,0.0,0.0,-3,53.0
2448,51.0,0,184,0.0,0.0,-2,53.0
2449,52.0,0,184,0.0,0.0,-1,53.0
2450,53.0,1,184,1.0,2.0,0,53.0
2451,54.0,1,184,0.0,0.0,1,53.0
2452,55.0,1,184,0.0,0.0,2,53.0
2453,56.0,1,184,1.0,0.0,3,53.0
2454,57.0,1,184,0.0,0.0,4,53.0
2455,58.0,1,184,0.0,0.0,5,53.0
2456,59.0,1,184,0.0,0.0,6,53.0
2457,60.0,1,184,0.0,0.0,7,53.0
2458,61.0,1,184,0.0,0.0,8,53.0
2459,62.0,1,184,0.0,0.0,9,53.0
2460,63.0,1,184,0.0,0.0,10,53.0
2461,64.0,1,184,0.0,0.0,11,53.0
2462,65.0,1,184,0.0,0.0,12,53.0
2463,66.0,1,184,0.0,0.0,13,53.0
2464,48.0,0,185,1.0,3.0,-14,62.0
2465,49.0,0,185,0.0,5.0,-13,62.0
2466,50.0,0,185,0.0,0.0,-12,62.0
2467,51.0,0,185,0.0,10.0,-11,62.0
2468,52.0,0,185,1.0,3.0,-10,62.0
2469,53.0,0,185,0.0,0.0,-9,62.0
2470,54.0,0,185,2.0,6.0,-8,62.0
2471,55.0,0,185,1.0,4.0,-7,62.0
2472,56.0,0,185,0.0,3.0,-6,62.0
2473,57.0,0,185,4.0,13.0,-5,62.0
2474,58.0,0,185,3.0,24.0,-4,62.0
2475,59.0,0,185,6.0,16.0,-3,62.0
2476,60.0,0,185,2.0,4.0,-2,62.0
2477,61.0,0,185,4.0,3.0,-1,62.0
2478,62.0,1,185,10.0,15.0,0,62.0
2479,63.0,1,185,3.0,10.0,1,62.0
2480,64.0,1,185,6.0,10.0,2,62.0
2481,65.0,1,185,7.0,19.0,3,62.0
2482,66.0,1,185,6.0,16.0,4,62.0
2483,67.0,1,185,0.0,1.0,5,62.0
2484,68.0,1,185,0.0,2.0,6,62.0
2485,69.0,1,185,2.0,2.0,7,62.0
2486,70.0,1,185,0.0,6.0,8,62.0
2487,71.0,1,185,0.0,2.0,9,62.0
2488,72.0,1,185,0.0,5.0,10,62.0
2489,73.0,1,185,0.0,1.0,11,62.0
2490,74.0,1,185,4.0,2.0,12,62.0
2491,75.0,1,185,3.0,3.0,13,62.0
2492,147.0,0,188,0.0,0.0,-14,161.0
2493,148.0,0,188,0.0,0.0,-13,161.0
2494,149.0,0,188,0.0,0.0,-12,161.0
2495,150.0,0,188,0.0,0.0,-11,161.0
2496,151.0,0,188,0.0,0.0,-10,161.0
2497,152.0,0,188,2.0,0.0,-9,161.0
2498,153.0,0,188,0.0,0.0,-8,161.0
2499,154.0,0,188,0.0,0.0,-7,161.0
2500,155.0,0,188,0.0,0.0,-6,161.0
2501,156.0,0,188,0.0,0.0,-5,161.0
2502,157.0,0,188,0.0,0.0,-4,161.0
2503,158.0,0,188,0.0,0.0,-3,161.0
2504,159.0,0,188,0.0,0.0,-2,161.0
2505,160.0,0,188,0.0,0.0,-1,161.0
2506,161.0,1,188,4.0,0.0,0,161.0
2507,162.0,1,188,0.0,0.0,1,161.0
2508,163.0,1,188,0.0,0.0,2,161.0
2509,164.0,1,188,0.0,0.0,3,161.0
2510,165.0,1,188,1.0,0.0,4,161.0
2511,166.0,1,188,0.0,0.0,5,161.0
2512,167.0,1,188,0.0,0.0,6,161.0
2513,168.0,1,188,0.0,1.0,7,161.0
2514,169.0,1,188,1.0,0.0,8,161.0
2515,170.0,1,188,0.0,0.0,9,161.0
2516,171.0,1,188,0.0,0.0,10,161.0
2517,172.0,1,188,1.0,0.0,11,161.0
2518,173.0,1,188,0.0,0.0,12,161.0
2519,174.0,1,188,0.0,0.0,13,161.0
2520,-7.0,0,189,0.0,10.0,-14,7.0
2521,-6.0,0,189,0.0,10.0,-13,7.0
2522,-5.0,0,189,0.0,4.0,-12,7.0
2523,-4.0,0,189,0.0,12.0,-11,7.0
2524,-3.0,0,189,0.0,56.0,-10,7.0
2525,-2.0,0,189,0.0,460.0,-9,7.0
2526,-1.0,0,189,2.0,214.0,-8,7.0
2527,0.0,0,189,37.0,428.0,-7,7.0
2528,1.0,0,189,404.0,2240.0,-6,7.0
2529,2.0,0,189,1402.0,8196.0,-5,7.0
2530,3.0,0,189,651.0,7613.0,-4,7.0
2531,4.0,0,189,250.0,4800.0,-3,7.0
2532,5.0,0,189,377.0,6008.0,-2,7.0
2533,6.0,0,189,1008.0,14531.0,-1,7.0
2534,7.0,1,189,871.0,16363.0,0,7.0
2535,8.0,1,189,626.0,14007.0,1,7.0
2536,9.0,1,189,491.0,13483.0,2,7.0
2537,10.0,1,189,178.0,5311.0,3,7.0
2538,11.0,1,189,184.0,6678.0,4,7.0
2539,12.0,1,189,176.0,6934.0,5,7.0
2540,13.0,1,189,87.0,3540.0,6,7.0
2541,14.0,1,189,110.0,4055.0,7,7.0
2542,15.0,1,189,93.0,3014.0,8,7.0
2543,16.0,1,189,78.0,3150.0,9,7.0
2544,17.0,1,189,100.0,4178.0,10,7.0
2545,18.0,1,189,58.0,2711.0,11,7.0
2546,19.0,1,189,33.0,1631.0,12,7.0
2547,20.0,1,189,45.0,1789.0,13,7.0
2548,5.0,0,191,1019.0,35008.0,-14,19.0
2549,6.0,0,191,1277.0,41948.0,-13,19.0
2550,7.0,0,191,1677.0,28964.0,-12,19.0
2551,8.0,0,191,1860.0,26663.0,-11,19.0
2552,9.0,0,191,1330.0,25133.0,-10,19.0
2553,10.0,0,191,1552.0,17745.0,-9,19.0
2554,11.0,0,191,756.0,12375.0,-8,19.0
2555,12.0,0,191,514.0,10672.0,-7,19.0
2556,13.0,0,191,766.0,9323.0,-6,19.0
2557,14.0,0,191,340.0,7617.0,-5,19.0
2558,15.0,0,191,402.0,8136.0,-4,19.0
2559,16.0,0,191,202.0,5804.0,-3,19.0
2560,17.0,0,191,194.0,4636.0,-2,19.0
2561,18.0,0,191,217.0,4774.0,-1,19.0
2562,19.0,1,191,191.0,4859.0,0,19.0
2563,20.0,1,191,84.0,2860.0,1,19.0
2564,21.0,1,191,151.0,3609.0,2,19.0
2565,22.0,1,191,187.0,4323.0,3,19.0
2566,23.0,1,191,107.0,3221.0,4,19.0
2567,24.0,1,191,102.0,2950.0,5,19.0
2568,25.0,1,191,167.0,3977.0,6,19.0
2569,26.0,1,191,101.0,2453.0,7,19.0
2570,27.0,1,191,165.0,2795.0,8,19.0
2571,28.0,1,191,133.0,2859.0,9,19.0
2572,29.0,1,191,120.0,2665.0,10,19.0
2573,30.0,1,191,69.0,1849.0,11,19.0
2574,31.0,1,191,47.0,1310.0,12,19.0
2575,32.0,1,191,57.0,1387.0,13,19.0
2576,62.0,0,195,0.0,1.0,-14,76.0
2577,63.0,0,195,0.0,1.0,-13,76.0
2578,64.0,0,195,0.0,2.0,-12,76.0
2579,65.0,0,195,0.0,2.0,-11,76.0
2580,66.0,0,195,0.0,0.0,-10,76.0
2581,67.0,0,195,1.0,2.0,-9,76.0
2582,68.0,0,195,0.0,2.0,-8,76.0
2583,69.0,0,195,0.0,2.0,-7,76.0
2584,70.0,0,195,0.0,2.0,-6,76.0
2585,71.0,0,195,0.0,0.0,-5,76.0
2586,72.0,0,195,0.0,0.0,-4,76.0
2587,73.0,0,195,0.0,1.0,-3,76.0
2588,74.0,0,195,0.0,0.0,-2,76.0
2589,75.0,0,195,0.0,1.0,-1,76.0
2590,76.0,1,195,3.0,2.0,0,76.0
2591,77.0,1,195,0.0,2.0,1,76.0
2592,78.0,1,195,0.0,0.0,2,76.0
2593,79.0,1,195,2.0,1.0,3,76.0
2594,80.0,1,195,1.0,0.0,4,76.0
2595,81.0,1,195,1.0,0.0,5,76.0
2596,82.0,1,195,0.0,2.0,6,76.0
2597,83.0,1,195,0.0,0.0,7,76.0
2598,84.0,1,195,0.0,0.0,8,76.0
2599,85.0,1,195,0.0,0.0,9,76.0
2600,86.0,1,195,0.0,1.0,10,76.0
2601,87.0,1,195,0.0,0.0,11,76.0
2602,88.0,1,195,0.0,1.0,12,76.0
2603,89.0,1,195,0.0,0.0,13,76.0
2604,278.0,0,198,0.0,0.0,-14,292.0
2605,279.0,0,198,0.0,0.0,-13,292.0
2606,280.0,0,198,0.0,0.0,-12,292.0
2607,281.0,0,198,0.0,0.0,-11,292.0
2608,282.0,0,198,0.0,0.0,-10,292.0
2609,283.0,0,198,0.0,0.0,-9,292.0
2610,284.0,0,198,0.0,1.0,-8,292.0
2611,285.0,0,198,0.0,0.0,-7,292.0
2612,286.0,0,198,0.0,0.0,-6,292.0
2613,287.0,0,198,0.0,0.0,-5,292.0
2614,288.0,0,198,0.0,0.0,-4,292.0
2615,289.0,0,198,0.0,0.0,-3,292.0
2616,290.0,0,198,0.0,1.0,-2,292.0
2617,291.0,0,198,0.0,0.0,-1,292.0
2618,292.0,1,198,0.0,0.0,0,292.0
2619,293.0,1,198,0.0,1.0,1,292.0
2620,294.0,1,198,1.0,0.0,2,292.0
2621,295.0,1,198,0.0,0.0,3,292.0
2622,296.0,1,198,0.0,0.0,4,292.0
2623,297.0,1,198,0.0,0.0,5,292.0
2624,298.0,1,198,0.0,0.0,6,292.0
2625,299.0,1,198,0.0,0.0,7,292.0
2626,300.0,1,198,0.0,0.0,8,292.0
2627,301.0,1,198,0.0,0.0,9,292.0
2628,302.0,1,198,0.0,0.0,10,292.0
2629,303.0,1,198,0.0,0.0,11,292.0
2630,304.0,1,198,0.0,1.0,12,292.0
2631,305.0,1,198,0.0,0.0,13,292.0
2632,-1.0,0,199,29.0,2225.0,-14,13.0
2633,0.0,0,199,107.0,2958.0,-13,13.0
2634,1.0,0,199,176.0,5100.0,-12,13.0
2635,2.0,0,199,308.0,7645.0,-11,13.0
2636,3.0,0,199,317.0,13293.0,-10,13.0
2637,4.0,0,199,392.0,24265.0,-9,13.0
2638,5.0,0,199,1125.0,42189.0,-8,13.0
2639,6.0,0,199,1225.0,35419.0,-7,13.0
2640,7.0,0,199,1816.0,32067.0,-6,13.0
2641,8.0,0,199,2881.0,39231.0,-5,13.0
2642,9.0,0,199,1611.0,27023.0,-4,13.0
2643,10.0,0,199,1093.0,22911.0,-3,13.0
2644,11.0,0,199,765.0,20454.0,-2,13.0
2645,12.0,0,199,768.0,17253.0,-1,13.0
2646,13.0,1,199,1362.0,33870.0,0,13.0
2647,14.0,1,199,455.0,16089.0,1,13.0
2648,15.0,1,199,253.0,12209.0,2,13.0
2649,16.0,1,199,129.0,9513.0,3,13.0
2650,17.0,1,199,113.0,8062.0,4,13.0
2651,18.0,1,199,123.0,8150.0,5,13.0
2652,19.0,1,199,87.0,7161.0,6,13.0
2653,20.0,1,199,107.0,6919.0,7,13.0
2654,21.0,1,199,126.0,6868.0,8,13.0
2655,22.0,1,199,83.0,5715.0,9,13.0
2656,23.0,1,199,108.0,5384.0,10,13.0
2657,24.0,1,199,123.0,6067.0,11,13.0
2658,25.0,1,199,71.0,5540.0,12,13.0
2659,26.0,1,199,75.0,4002.0,13,13.0
2660,116.0,0,200,0.0,0.0,-14,130.0
2661,117.0,0,200,0.0,0.0,-13,130.0
2662,118.0,0,200,0.0,1.0,-12,130.0
2663,119.0,0,200,0.0,0.0,-11,130.0
2664,120.0,0,200,0.0,0.0,-10,130.0
2665,121.0,0,200,0.0,0.0,-9,130.0
2666,122.0,0,200,0.0,0.0,-8,130.0
2667,123.0,0,200,0.0,0.0,-7,130.0
2668,124.0,0,200,0.0,1.0,-6,130.0
2669,125.0,0,200,2.0,1.0,-5,130.0
2670,126.0,0,200,0.0,1.0,-4,130.0
2671,127.0,0,200,1.0,0.0,-3,130.0
2672,128.0,0,200,0.0,0.0,-2,130.0
2673,129.0,0,200,0.0,2.0,-1,130.0
2674,130.0,1,200,2.0,0.0,0,130.0
2675,131.0,1,200,1.0,3.0,1,130.0
2676,132.0,1,200,0.0,0.0,2,130.0
2677,133.0,1,200,0.0,1.0,3,130.0
2678,134.0,1,200,11.0,21.0,4,130.0
2679,135.0,1,200,0.0,6.0,5,130.0
2680,136.0,1,200,1.0,2.0,6,130.0
2681,137.0,1,200,0.0,3.0,7,130.0
2682,138.0,1,200,0.0,2.0,8,130.0
2683,139.0,1,200,0.0,0.0,9,130.0
2684,140.0,1,200,271.0,220.0,10,130.0
2685,141.0,1,200,122.0,145.0,11,130.0
2686,142.0,1,200,134.0,121.0,12,130.0
2687,143.0,1,200,41.0,33.0,13,130.0
2688,209.0,0,202,0.0,0.0,-14,223.0
2689,210.0,0,202,0.0,0.0,-13,223.0
2690,211.0,0,202,0.0,0.0,-12,223.0
2691,212.0,0,202,0.0,1.0,-11,223.0
2692,213.0,0,202,0.0,1.0,-10,223.0
2693,214.0,0,202,0.0,0.0,-9,223.0
2694,215.0,0,202,0.0,0.0,-8,223.0
2695,216.0,0,202,0.0,0.0,-7,223.0
2696,217.0,0,202,0.0,0.0,-6,223.0
2697,218.0,0,202,0.0,0.0,-5,223.0
2698,219.0,0,202,0.0,0.0,-4,223.0
2699,220.0,0,202,0.0,1.0,-3,223.0
2700,221.0,0,202,0.0,0.0,-2,223.0
2701,222.0,0,202,1.0,0.0,-1,223.0
2702,223.0,1,202,0.0,0.0,0,223.0
2703,224.0,1,202,1.0,0.0,1,223.0
2704,225.0,1,202,0.0,0.0,2,223.0
2705,226.0,1,202,0.0,0.0,3,223.0
2706,227.0,1,202,0.0,0.0,4,223.0
2707,228.0,1,202,0.0,0.0,5,223.0
2708,229.0,1,202,0.0,0.0,6,223.0
2709,230.0,1,202,1.0,0.0,7,223.0
2710,231.0,1,202,0.0,0.0,8,223.0
2711,232.0,1,202,0.0,0.0,9,223.0
2712,233.0,1,202,0.0,0.0,10,223.0
2713,234.0,1,202,0.0,0.0,11,223.0
2714,235.0,1,202,0.0,0.0,12,223.0
2715,236.0,1,202,0.0,0.0,13,223.0
2716,278.0,0,203,1.0,1.0,-14,292.0
2717,279.0,0,203,0.0,1.0,-13,292.0
2718,280.0,0,203,0.0,2.0,-12,292.0
2719,281.0,0,203,0.0,2.0,-11,292.0
2720,282.0,0,203,1.0,1.0,-10,292.0
2721,283.0,0,203,0.0,3.0,-9,292.0
2722,284.0,0,203,3.0,2.0,-8,292.0
2723,285.0,0,203,1.0,2.0,-7,292.0
2724,286.0,0,203,1.0,2.0,-6,292.0
2725,287.0,0,203,0.0,0.0,-5,292.0
2726,288.0,0,203,0.0,2.0,-4,292.0
2727,289.0,0,203,0.0,1.0,-3,292.0
2728,290.0,0,203,0.0,1.0,-2,292.0
2729,291.0,0,203,0.0,1.0,-1,292.0
2730,292.0,1,203,1.0,1.0,0,292.0
2731,293.0,1,203,0.0,5.0,1,292.0
2732,294.0,1,203,0.0,1.0,2,292.0
2733,295.0,1,203,0.0,3.0,3,292.0
2734,296.0,1,203,1.0,1.0,4,292.0
2735,297.0,1,203,0.0,0.0,5,292.0
2736,298.0,1,203,1.0,1.0,6,292.0
2737,299.0,1,203,1.0,4.0,7,292.0
2738,300.0,1,203,2.0,0.0,8,292.0
2739,301.0,1,203,1.0,1.0,9,292.0
2740,302.0,1,203,0.0,3.0,10,292.0
2741,303.0,1,203,0.0,2.0,11,292.0
2742,304.0,1,203,0.0,1.0,12,292.0
2743,305.0,1,203,0.0,1.0,13,292.0
2744,-7.0,0,205,0.0,0.0,-14,7.0
2745,-6.0,0,205,0.0,0.0,-13,7.0
2746,-5.0,0,205,0.0,0.0,-12,7.0
2747,-4.0,0,205,0.0,0.0,-11,7.0
2748,-3.0,0,205,0.0,18.0,-10,7.0
2749,-2.0,0,205,0.0,1336.0,-9,7.0
2750,-1.0,0,205,82.0,597.0,-8,7.0
2751,0.0,0,205,43.0,171.0,-7,7.0
2752,1.0,0,205,9.0,65.0,-6,7.0
2753,2.0,0,205,8.0,52.0,-5,7.0
2754,3.0,0,205,11.0,31.0,-4,7.0
2755,4.0,0,205,8.0,40.0,-3,7.0
2756,5.0,0,205,9.0,26.0,-2,7.0
2757,6.0,0,205,36.0,102.0,-1,7.0
2758,7.0,1,205,20.0,39.0,0,7.0
2759,8.0,1,205,24.0,84.0,1,7.0
2760,9.0,1,205,22.0,68.0,2,7.0
2761,10.0,1,205,4.0,25.0,3,7.0
2762,11.0,1,205,9.0,23.0,4,7.0
2763,12.0,1,205,3.0,15.0,5,7.0
2764,13.0,1,205,5.0,16.0,6,7.0
2765,14.0,1,205,1.0,10.0,7,7.0
2766,15.0,1,205,3.0,7.0,8,7.0
2767,16.0,1,205,0.0,9.0,9,7.0
2768,17.0,1,205,2.0,5.0,10,7.0
2769,18.0,1,205,0.0,6.0,11,7.0
2770,19.0,1,205,1.0,8.0,12,7.0
2771,20.0,1,205,1.0,4.0,13,7.0
2772,69.0,0,206,2.0,2.0,-14,83.0
2773,70.0,0,206,3.0,8.0,-13,83.0
2774,71.0,0,206,0.0,3.0,-12,83.0
2775,72.0,0,206,2.0,3.0,-11,83.0
2776,73.0,0,206,3.0,3.0,-10,83.0
2777,74.0,0,206,1.0,0.0,-9,83.0
2778,75.0,0,206,6.0,4.0,-8,83.0
2779,76.0,0,206,1.0,7.0,-7,83.0
2780,77.0,0,206,1.0,4.0,-6,83.0
2781,78.0,0,206,1.0,4.0,-5,83.0
2782,79.0,0,206,2.0,2.0,-4,83.0
2783,80.0,0,206,2.0,5.0,-3,83.0
2784,81.0,0,206,0.0,5.0,-2,83.0
2785,82.0,0,206,3.0,8.0,-1,83.0
2786,83.0,1,206,26.0,26.0,0,83.0
2787,84.0,1,206,9.0,13.0,1,83.0
2788,85.0,1,206,8.0,10.0,2,83.0
2789,86.0,1,206,6.0,5.0,3,83.0
2790,87.0,1,206,3.0,7.0,4,83.0
2791,88.0,1,206,4.0,13.0,5,83.0
2792,89.0,1,206,1.0,7.0,6,83.0
2793,90.0,1,206,6.0,7.0,7,83.0
2794,91.0,1,206,4.0,6.0,8,83.0
2795,92.0,1,206,1.0,2.0,9,83.0
2796,93.0,1,206,4.0,6.0,10,83.0
2797,94.0,1,206,9.0,5.0,11,83.0
2798,95.0,1,206,4.0,4.0,12,83.0
2799,96.0,1,206,2.0,2.0,13,83.0
2800,44.0,0,208,2.0,6.0,-14,58.0
2801,45.0,0,208,3.0,6.0,-13,58.0
2802,46.0,0,208,2.0,5.0,-12,58.0
2803,47.0,0,208,1.0,3.0,-11,58.0
2804,48.0,0,208,4.0,4.0,-10,58.0
2805,49.0,0,208,2.0,1.0,-9,58.0
2806,50.0,0,208,2.0,4.0,-8,58.0
2807,51.0,0,208,2.0,0.0,-7,58.0
2808,52.0,0,208,1.0,2.0,-6,58.0
2809,53.0,0,208,3.0,10.0,-5,58.0
2810,54.0,0,208,1.0,2.0,-4,58.0
2811,55.0,0,208,2.0,3.0,-3,58.0
2812,56.0,0,208,5.0,10.0,-2,58.0
2813,57.0,0,208,2.0,7.0,-1,58.0
2814,58.0,1,208,15.0,8.0,0,58.0
2815,59.0,1,208,5.0,5.0,1,58.0
2816,60.0,1,208,9.0,8.0,2,58.0
2817,61.0,1,208,5.0,11.0,3,58.0
2818,62.0,1,208,5.0,3.0,4,58.0
2819,63.0,1,208,1.0,4.0,5,58.0
2820,64.0,1,208,1.0,1.0,6,58.0
2821,65.0,1,208,2.0,1.0,7,58.0
2822,66.0,1,208,0.0,0.0,8,58.0
2823,67.0,1,208,0.0,5.0,9,58.0
2824,68.0,1,208,4.0,5.0,10,58.0
2825,69.0,1,208,10.0,5.0,11,58.0
2826,70.0,1,208,3.0,5.0,12,58.0
2827,71.0,1,208,0.0,2.0,13,58.0
2828,-7.0,0,210,0.0,0.0,-14,7.0
2829,-6.0,0,210,0.0,0.0,-13,7.0
2830,-5.0,0,210,0.0,0.0,-12,7.0
2831,-4.0,0,210,0.0,0.0,-11,7.0
2832,-3.0,0,210,0.0,0.0,-10,7.0
2833,-2.0,0,210,0.0,0.0,-9,7.0
2834,-1.0,0,210,0.0,0.0,-8,7.0
2835,0.0,0,210,0.0,0.0,-7,7.0
2836,1.0,0,210,0.0,0.0,-6,7.0
2837,2.0,0,210,0.0,0.0,-5,7.0
2838,3.0,0,210,1.0,5.0,-4,7.0
2839,4.0,0,210,0.0,3.0,-3,7.0
2840,5.0,0,210,3.0,29.0,-2,7.0
2841,6.0,0,210,2.0,20.0,-1,7.0
2842,7.0,1,210,22.0,61.0,0,7.0
2843,8.0,1,210,4.0,50.0,1,7.0
2844,9.0,1,210,0.0,30.0,2,7.0
2845,10.0,1,210,2.0,27.0,3,7.0
2846,11.0,1,210,4.0,29.0,4,7.0
2847,12.0,1,210,2.0,17.0,5,7.0
2848,13.0,1,210,0.0,8.0,6,7.0
2849,14.0,1,210,3.0,49.0,7,7.0
2850,15.0,1,210,3.0,39.0,8,7.0
2851,16.0,1,210,0.0,23.0,9,7.0
2852,17.0,1,210,1.0,18.0,10,7.0
2853,18.0,1,210,1.0,34.0,11,7.0
2854,19.0,1,210,0.0,43.0,12,7.0
2855,20.0,1,210,1.0,14.0,13,7.0
2856,31.0,0,211,37.0,466.0,-14,45.0
2857,32.0,0,211,165.0,2270.0,-13,45.0
2858,33.0,0,211,44.0,508.0,-12,45.0
2859,34.0,0,211,57.0,474.0,-11,45.0
2860,35.0,0,211,48.0,358.0,-10,45.0
2861,36.0,0,211,112.0,1097.0,-9,45.0
2862,37.0,0,211,32.0,357.0,-8,45.0
2863,38.0,0,211,48.0,409.0,-7,45.0
2864,39.0,0,211,56.0,432.0,-6,45.0
2865,40.0,0,211,19.0,256.0,-5,45.0
2866,41.0,0,211,69.0,734.0,-4,45.0
2867,42.0,0,211,124.0,1421.0,-3,45.0
2868,43.0,0,211,60.0,618.0,-2,45.0
2869,44.0,0,211,80.0,538.0,-1,45.0
2870,45.0,1,211,105.0,1058.0,0,45.0
2871,46.0,1,211,89.0,1012.0,1,45.0
2872,47.0,1,211,19.0,310.0,2,45.0
2873,48.0,1,211,19.0,281.0,3,45.0
2874,49.0,1,211,69.0,825.0,4,45.0
2875,50.0,1,211,334.0,3541.0,5,45.0
2876,51.0,1,211,48.0,521.0,6,45.0
2877,52.0,1,211,21.0,221.0,7,45.0
2878,53.0,1,211,295.0,3055.0,8,45.0
2879,54.0,1,211,77.0,819.0,9,45.0
2880,55.0,1,211,13.0,214.0,10,45.0
2881,56.0,1,211,14.0,171.0,11,45.0
2882,57.0,1,211,33.0,562.0,12,45.0
2883,58.0,1,211,17.0,256.0,13,45.0
2884,223.0,0,214,0.0,1.0,-14,237.0
2885,224.0,0,214,7.0,1.0,-13,237.0
2886,225.0,0,214,1.0,2.0,-12,237.0
2887,226.0,0,214,2.0,2.0,-11,237.0
2888,227.0,0,214,3.0,3.0,-10,237.0
2889,228.0,0,214,1.0,0.0,-9,237.0
2890,229.0,0,214,1.0,2.0,-8,237.0
2891,230.0,0,214,0.0,3.0,-7,237.0
2892,231.0,0,214,0.0,2.0,-6,237.0
2893,232.0,0,214,1.0,1.0,-5,237.0
2894,233.0,0,214,3.0,2.0,-4,237.0
2895,234.0,0,214,2.0,3.0,-3,237.0
2896,235.0,0,214,0.0,2.0,-2,237.0
2897,236.0,0,214,1.0,0.0,-1,237.0
2898,237.0,1,214,3.0,2.0,0,237.0
2899,238.0,1,214,2.0,0.0,1,237.0
2900,239.0,1,214,0.0,0.0,2,237.0
2901,240.0,1,214,1.0,2.0,3,237.0
2902,241.0,1,214,1.0,2.0,4,237.0
2903,242.0,1,214,0.0,3.0,5,237.0
2904,243.0,1,214,1.0,3.0,6,237.0
2905,244.0,1,214,0.0,4.0,7,237.0
2906,245.0,1,214,3.0,0.0,8,237.0
2907,246.0,1,214,1.0,1.0,9,237.0
2908,247.0,1,214,2.0,2.0,10,237.0
2909,248.0,1,214,3.0,1.0,11,237.0
2910,249.0,1,214,3.0,2.0,12,237.0
2911,250.0,1,214,4.0,0.0,13,237.0
2912,-4.0,0,215,0.0,0.0,-14,10.0
2913,-3.0,0,215,0.0,0.0,-13,10.0
2914,-2.0,0,215,0.0,0.0,-12,10.0
2915,-1.0,0,215,0.0,0.0,-11,10.0
2916,0.0,0,215,0.0,0.0,-10,10.0
2917,1.0,0,215,0.0,0.0,-9,10.0
2918,2.0,0,215,0.0,0.0,-8,10.0
2919,3.0,0,215,0.0,0.0,-7,10.0
2920,4.0,0,215,0.0,0.0,-6,10.0
2921,5.0,0,215,0.0,0.0,-5,10.0
2922,6.0,0,215,0.0,6.0,-4,10.0
2923,7.0,0,215,3.0,6.0,-3,10.0
2924,8.0,0,215,1.0,11.0,-2,10.0
2925,9.0,0,215,4.0,6.0,-1,10.0
2926,10.0,1,215,126.0,101.0,0,10.0
2927,11.0,1,215,24.0,72.0,1,10.0
2928,12.0,1,215,8.0,57.0,2,10.0
2929,13.0,1,215,11.0,42.0,3,10.0
2930,14.0,1,215,5.0,35.0,4,10.0
2931,15.0,1,215,7.0,53.0,5,10.0
2932,16.0,1,215,5.0,30.0,6,10.0
2933,17.0,1,215,7.0,46.0,7,10.0
2934,18.0,1,215,2.0,49.0,8,10.0
2935,19.0,1,215,5.0,18.0,9,10.0
2936,20.0,1,215,3.0,18.0,10,10.0
2937,21.0,1,215,1.0,23.0,11,10.0
2938,22.0,1,215,9.0,21.0,12,10.0
2939,23.0,1,215,3.0,17.0,13,10.0
2940,209.0,0,217,0.0,0.0,-14,223.0
2941,210.0,0,217,1.0,1.0,-13,223.0
2942,211.0,0,217,0.0,1.0,-12,223.0
2943,212.0,0,217,0.0,0.0,-11,223.0
2944,213.0,0,217,0.0,0.0,-10,223.0
2945,214.0,0,217,0.0,0.0,-9,223.0
2946,215.0,0,217,0.0,1.0,-8,223.0
2947,216.0,0,217,0.0,0.0,-7,223.0
2948,217.0,0,217,0.0,0.0,-6,223.0
2949,218.0,0,217,0.0,0.0,-5,223.0
2950,219.0,0,217,0.0,0.0,-4,223.0
2951,220.0,0,217,0.0,0.0,-3,223.0
2952,221.0,0,217,0.0,0.0,-2,223.0
2953,222.0,0,217,1.0,0.0,-1,223.0
2954,223.0,1,217,0.0,0.0,0,223.0
2955,224.0,1,217,0.0,0.0,1,223.0
2956,225.0,1,217,0.0,0.0,2,223.0
2957,226.0,1,217,1.0,1.0,3,223.0
2958,227.0,1,217,1.0,0.0,4,223.0
2959,228.0,1,217,0.0,0.0,5,223.0
2960,229.0,1,217,0.0,0.0,6,223.0
2961,230.0,1,217,0.0,1.0,7,223.0
2962,231.0,1,217,0.0,0.0,8,223.0
2963,232.0,1,217,0.0,0.0,9,223.0
2964,233.0,1,217,0.0,1.0,10,223.0
2965,234.0,1,217,0.0,0.0,11,223.0
2966,235.0,1,217,0.0,0.0,12,223.0
2967,236.0,1,217,0.0,0.0,13,223.0
2968,18.0,0,219,1.0,0.0,-14,32.0
2969,19.0,0,219,0.0,0.0,-13,32.0
2970,20.0,0,219,0.0,1.0,-12,32.0
2971,21.0,0,219,6.0,34.0,-11,32.0
2972,22.0,0,219,3.0,7.0,-10,32.0
2973,23.0,0,219,3.0,4.0,-9,32.0
2974,24.0,0,219,1.0,1.0,-8,32.0
2975,25.0,0,219,2.0,3.0,-7,32.0
2976,26.0,0,219,0.0,2.0,-6,32.0
2977,27.0,0,219,2.0,0.0,-5,32.0
2978,28.0,0,219,0.0,3.0,-4,32.0
2979,29.0,0,219,1.0,2.0,-3,32.0
2980,30.0,0,219,0.0,3.0,-2,32.0
2981,31.0,0,219,0.0,2.0,-1,32.0
2982,32.0,1,219,1.0,3.0,0,32.0
2983,33.0,1,219,2.0,4.0,1,32.0
2984,34.0,1,219,0.0,3.0,2,32.0
2985,35.0,1,219,1.0,2.0,3,32.0
2986,36.0,1,219,1.0,1.0,4,32.0
2987,37.0,1,219,0.0,1.0,5,32.0
2988,38.0,1,219,5.0,12.0,6,32.0
2989,39.0,1,219,1.0,7.0,7,32.0
2990,40.0,1,219,0.0,3.0,8,32.0
2991,41.0,1,219,1.0,0.0,9,32.0
2992,42.0,1,219,1.0,1.0,10,32.0
2993,43.0,1,219,1.0,1.0,11,32.0
2994,44.0,1,219,1.0,2.0,12,32.0
2995,45.0,1,219,1.0,0.0,13,32.0
2996,235.0,0,221,0.0,0.0,-14,249.0
2997,236.0,0,221,0.0,0.0,-13,249.0
2998,237.0,0,221,0.0,0.0,-12,249.0
2999,238.0,0,221,0.0,0.0,-11,249.0
3000,239.0,0,221,0.0,0.0,-10,249.0
3001,240.0,0,221,0.0,0.0,-9,249.0
3002,241.0,0,221,0.0,0.0,-8,249.0
3003,242.0,0,221,0.0,0.0,-7,249.0
3004,243.0,0,221,0.0,0.0,-6,249.0
3005,244.0,0,221,0.0,0.0,-5,249.0
3006,245.0,0,221,0.0,0.0,-4,249.0
3007,246.0,0,221,0.0,1.0,-3,249.0
3008,247.0,0,221,0.0,0.0,-2,249.0
3009,248.0,0,221,0.0,0.0,-1,249.0
3010,249.0,1,221,0.0,0.0,0,249.0
3011,250.0,1,221,0.0,0.0,1,249.0
3012,251.0,1,221,0.0,0.0,2,249.0
3013,252.0,1,221,0.0,0.0,3,249.0
3014,253.0,1,221,0.0,0.0,4,249.0
3015,254.0,1,221,0.0,0.0,5,249.0
3016,255.0,1,221,0.0,0.0,6,249.0
3017,256.0,1,221,0.0,0.0,7,249.0
3018,257.0,1,221,0.0,0.0,8,249.0
3019,258.0,1,221,0.0,0.0,9,249.0
3020,259.0,1,221,0.0,0.0,10,249.0
3021,260.0,1,221,0.0,0.0,11,249.0
3022,261.0,1,221,0.0,0.0,12,249.0
3023,262.0,1,221,0.0,0.0,13,249.0
3024,125.0,0,224,0.0,0.0,-14,139.0
3025,126.0,0,224,1.0,0.0,-13,139.0
3026,127.0,0,224,0.0,0.0,-12,139.0
3027,128.0,0,224,0.0,2.0,-11,139.0
3028,129.0,0,224,2.0,0.0,-10,139.0
3029,130.0,0,224,0.0,3.0,-9,139.0
3030,131.0,0,224,0.0,0.0,-8,139.0
3031,132.0,0,224,1.0,1.0,-7,139.0
3032,133.0,0,224,0.0,2.0,-6,139.0
3033,134.0,0,224,0.0,1.0,-5,139.0
3034,135.0,0,224,0.0,2.0,-4,139.0
3035,136.0,0,224,0.0,1.0,-3,139.0
3036,137.0,0,224,0.0,1.0,-2,139.0
3037,138.0,0,224,0.0,0.0,-1,139.0
3038,139.0,1,224,1.0,0.0,0,139.0
3039,140.0,1,224,0.0,0.0,1,139.0
3040,141.0,1,224,0.0,3.0,2,139.0
3041,142.0,1,224,0.0,1.0,3,139.0
3042,143.0,1,224,0.0,1.0,4,139.0
3043,144.0,1,224,0.0,0.0,5,139.0
3044,145.0,1,224,0.0,2.0,6,139.0
3045,146.0,1,224,0.0,1.0,7,139.0
3046,147.0,1,224,0.0,1.0,8,139.0
3047,148.0,1,224,1.0,0.0,9,139.0
3048,149.0,1,224,1.0,0.0,10,139.0
3049,150.0,1,224,0.0,3.0,11,139.0
3050,151.0,1,224,1.0,1.0,12,139.0
3051,152.0,1,224,0.0,2.0,13,139.0
3052,-6.0,0,229,0.0,0.0,-14,8.0
3053,-5.0,0,229,0.0,0.0,-13,8.0
3054,-4.0,0,229,0.0,0.0,-12,8.0
3055,-3.0,0,229,0.0,0.0,-11,8.0
3056,-2.0,0,229,0.0,5.0,-10,8.0
3057,-1.0,0,229,0.0,1.0,-9,8.0
3058,0.0,0,229,0.0,19.0,-8,8.0
3059,1.0,0,229,0.0,10.0,-7,8.0
3060,2.0,0,229,0.0,21.0,-6,8.0
3061,3.0,0,229,2.0,14.0,-5,8.0
3062,4.0,0,229,0.0,53.0,-4,8.0
3063,5.0,0,229,0.0,104.0,-3,8.0
3064,6.0,0,229,2.0,42.0,-2,8.0
3065,7.0,0,229,0.0,6.0,-1,8.0
3066,8.0,1,229,12.0,18.0,0,8.0
3067,9.0,1,229,1.0,32.0,1,8.0
3068,10.0,1,229,1.0,14.0,2,8.0
3069,11.0,1,229,0.0,10.0,3,8.0
3070,12.0,1,229,0.0,39.0,4,8.0
3071,13.0,1,229,0.0,9.0,5,8.0
3072,14.0,1,229,0.0,12.0,6,8.0
3073,15.0,1,229,0.0,9.0,7,8.0
3074,16.0,1,229,0.0,5.0,8,8.0
3075,17.0,1,229,0.0,5.0,9,8.0
3076,18.0,1,229,0.0,17.0,10,8.0
3077,19.0,1,229,0.0,1.0,11,8.0
3078,20.0,1,229,0.0,1.0,12,8.0
3079,21.0,1,229,0.0,4.0,13,8.0
3080,237.0,0,235,0.0,0.0,-14,251.0
3081,238.0,0,235,0.0,0.0,-13,251.0
3082,239.0,0,235,0.0,0.0,-12,251.0
3083,240.0,0,235,0.0,0.0,-11,251.0
3084,241.0,0,235,0.0,0.0,-10,251.0
3085,242.0,0,235,0.0,0.0,-9,251.0
3086,243.0,0,235,0.0,0.0,-8,251.0
3087,244.0,0,235,0.0,0.0,-7,251.0
3088,245.0,0,235,0.0,0.0,-6,251.0
3089,246.0,0,235,0.0,0.0,-5,251.0
3090,247.0,0,235,0.0,0.0,-4,251.0
3091,248.0,0,235,0.0,1.0,-3,251.0
3092,249.0,0,235,0.0,1.0,-2,251.0
3093,250.0,0,235,0.0,0.0,-1,251.0
3094,251.0,1,235,0.0,0.0,0,251.0
3095,252.0,1,235,1.0,0.0,1,251.0
3096,253.0,1,235,0.0,0.0,2,251.0
3097,254.0,1,235,0.0,0.0,3,251.0
3098,255.0,1,235,0.0,0.0,4,251.0
3099,256.0,1,235,0.0,0.0,5,251.0
3100,257.0,1,235,0.0,0.0,6,251.0
3101,258.0,1,235,0.0,0.0,7,251.0
3102,259.0,1,235,0.0,0.0,8,251.0
3103,260.0,1,235,0.0,0.0,9,251.0
3104,261.0,1,235,0.0,0.0,10,251.0
3105,262.0,1,235,0.0,0.0,11,251.0
3106,263.0,1,235,0.0,0.0,12,251.0
3107,264.0,1,235,0.0,0.0,13,251.0
3108,64.0,0,236,0.0,0.0,-14,78.0
3109,65.0,0,236,0.0,0.0,-13,78.0
3110,66.0,0,236,0.0,0.0,-12,78.0
3111,67.0,0,236,0.0,0.0,-11,78.0
3112,68.0,0,236,0.0,0.0,-10,78.0
3113,69.0,0,236,0.0,0.0,-9,78.0
3114,70.0,0,236,0.0,9.0,-8,78.0
3115,71.0,0,236,1.0,1.0,-7,78.0
3116,72.0,0,236,1.0,0.0,-6,78.0
3117,73.0,0,236,0.0,2.0,-5,78.0
3118,74.0,0,236,1.0,1.0,-4,78.0
3119,75.0,0,236,0.0,0.0,-3,78.0
3120,76.0,0,236,0.0,2.0,-2,78.0
3121,77.0,0,236,1.0,0.0,-1,78.0
3122,78.0,1,236,3.0,1.0,0,78.0
3123,79.0,1,236,1.0,1.0,1,78.0
3124,80.0,1,236,0.0,0.0,2,78.0
3125,81.0,1,236,1.0,0.0,3,78.0
3126,82.0,1,236,1.0,1.0,4,78.0
3127,83.0,1,236,1.0,1.0,5,78.0
3128,84.0,1,236,0.0,3.0,6,78.0
3129,85.0,1,236,0.0,0.0,7,78.0
3130,86.0,1,236,0.0,0.0,8,78.0
3131,87.0,1,236,0.0,0.0,9,78.0
3132,88.0,1,236,0.0,0.0,10,78.0
3133,89.0,1,236,0.0,0.0,11,78.0
3134,90.0,1,236,0.0,0.0,12,78.0
3135,91.0,1,236,0.0,1.0,13,78.0
3136,-9.0,0,237,0.0,0.0,-14,5.0
3137,-8.0,0,237,0.0,0.0,-13,5.0
3138,-7.0,0,237,0.0,0.0,-12,5.0
3139,-6.0,0,237,0.0,0.0,-11,5.0
3140,-5.0,0,237,0.0,0.0,-10,5.0
3141,-4.0,0,237,0.0,0.0,-9,5.0
3142,-3.0,0,237,0.0,1.0,-8,5.0
3143,-2.0,0,237,0.0,0.0,-7,5.0
3144,-1.0,0,237,0.0,0.0,-6,5.0
3145,0.0,0,237,0.0,0.0,-5,5.0
3146,1.0,0,237,0.0,3.0,-4,5.0
3147,2.0,0,237,0.0,3.0,-3,5.0
3148,3.0,0,237,0.0,0.0,-2,5.0
3149,4.0,0,237,0.0,4.0,-1,5.0
3150,5.0,1,237,5.0,6.0,0,5.0
3151,6.0,1,237,0.0,9.0,1,5.0
3152,7.0,1,237,0.0,2.0,2,5.0
3153,8.0,1,237,1.0,1.0,3,5.0
3154,9.0,1,237,0.0,7.0,4,5.0
3155,10.0,1,237,0.0,5.0,5,5.0
3156,11.0,1,237,0.0,2.0,6,5.0
3157,12.0,1,237,0.0,3.0,7,5.0
3158,13.0,1,237,0.0,9.0,8,5.0
3159,14.0,1,237,0.0,11.0,9,5.0
3160,15.0,1,237,0.0,10.0,10,5.0
3161,16.0,1,237,0.0,2.0,11,5.0
3162,17.0,1,237,0.0,2.0,12,5.0
3163,18.0,1,237,0.0,2.0,13,5.0
3164,37.0,0,239,113.0,302.0,-14,51.0
3165,38.0,0,239,129.0,303.0,-13,51.0
3166,39.0,0,239,163.0,368.0,-12,51.0
3167,40.0,0,239,92.0,261.0,-11,51.0
3168,41.0,0,239,434.0,1042.0,-10,51.0
3169,42.0,0,239,278.0,742.0,-9,51.0
3170,43.0,0,239,106.0,388.0,-8,51.0
3171,44.0,0,239,55.0,161.0,-7,51.0
3172,45.0,0,239,64.0,160.0,-6,51.0
3173,46.0,0,239,54.0,130.0,-5,51.0
3174,47.0,0,239,54.0,155.0,-4,51.0
3175,48.0,0,239,30.0,96.0,-3,51.0
3176,49.0,0,239,41.0,156.0,-2,51.0
3177,50.0,0,239,223.0,453.0,-1,51.0
3178,51.0,1,239,166.0,455.0,0,51.0
3179,52.0,1,239,171.0,408.0,1,51.0
3180,53.0,1,239,85.0,244.0,2,51.0
3181,54.0,1,239,43.0,118.0,3,51.0
3182,55.0,1,239,78.0,221.0,4,51.0
3183,56.0,1,239,210.0,562.0,5,51.0
3184,57.0,1,239,56.0,229.0,6,51.0
3185,58.0,1,239,162.0,505.0,7,51.0
3186,59.0,1,239,313.0,1159.0,8,51.0
3187,60.0,1,239,46.0,189.0,9,51.0
3188,61.0,1,239,20.0,113.0,10,51.0
3189,62.0,1,239,12.0,89.0,11,51.0
3190,63.0,1,239,77.0,330.0,12,51.0
3191,64.0,1,239,57.0,341.0,13,51.0
3192,278.0,0,240,1.0,0.0,-14,292.0
3193,279.0,0,240,1.0,1.0,-13,292.0
3194,280.0,0,240,0.0,0.0,-12,292.0
3195,281.0,0,240,0.0,1.0,-11,292.0
3196,282.0,0,240,0.0,2.0,-10,292.0
3197,283.0,0,240,0.0,0.0,-9,292.0
3198,284.0,0,240,0.0,4.0,-8,292.0
3199,285.0,0,240,1.0,0.0,-7,292.0
3200,286.0,0,240,2.0,0.0,-6,292.0
3201,287.0,0,240,2.0,4.0,-5,292.0
3202,288.0,0,240,0.0,0.0,-4,292.0
3203,289.0,0,240,0.0,3.0,-3,292.0
3204,290.0,0,240,1.0,1.0,-2,292.0
3205,291.0,0,240,0.0,3.0,-1,292.0
3206,292.0,1,240,2.0,2.0,0,292.0
3207,293.0,1,240,2.0,1.0,1,292.0
3208,294.0,1,240,1.0,1.0,2,292.0
3209,295.0,1,240,1.0,0.0,3,292.0
3210,296.0,1,240,2.0,4.0,4,292.0
3211,297.0,1,240,0.0,0.0,5,292.0
3212,298.0,1,240,2.0,2.0,6,292.0
3213,299.0,1,240,0.0,1.0,7,292.0
3214,300.0,1,240,1.0,2.0,8,292.0
3215,301.0,1,240,1.0,2.0,9,292.0
3216,302.0,1,240,0.0,0.0,10,292.0
3217,303.0,1,240,0.0,1.0,11,292.0
3218,304.0,1,240,1.0,1.0,12,292.0
3219,305.0,1,240,0.0,0.0,13,292.0
3220,152.0,0,245,365.0,1509.0,-14,166.0
3221,153.0,0,245,871.0,2128.0,-13,166.0
3222,154.0,0,245,383.0,1142.0,-12,166.0
3223,155.0,0,245,150.0,620.0,-11,166.0
3224,156.0,0,245,113.0,414.0,-10,166.0
3225,157.0,0,245,195.0,686.0,-9,166.0
3226,158.0,0,245,132.0,426.0,-8,166.0
3227,159.0,0,245,95.0,381.0,-7,166.0
3228,160.0,0,245,57.0,193.0,-6,166.0
3229,161.0,0,245,281.0,1397.0,-5,166.0
3230,162.0,0,245,168.0,729.0,-4,166.0
3231,163.0,0,245,100.0,319.0,-3,166.0
3232,164.0,0,245,237.0,966.0,-2,166.0
3233,165.0,0,245,206.0,933.0,-1,166.0
3234,166.0,1,245,439.0,983.0,0,166.0
3235,167.0,1,245,120.0,446.0,1,166.0
3236,168.0,1,245,187.0,491.0,2,166.0
3237,169.0,1,245,74.0,286.0,3,166.0
3238,170.0,1,245,84.0,341.0,4,166.0
3239,171.0,1,245,79.0,447.0,5,166.0
3240,172.0,1,245,120.0,398.0,6,166.0
3241,173.0,1,245,34.0,149.0,7,166.0
3242,174.0,1,245,62.0,167.0,8,166.0
3243,175.0,1,245,33.0,73.0,9,166.0
3244,176.0,1,245,21.0,162.0,10,166.0
3245,177.0,1,245,123.0,408.0,11,166.0
3246,178.0,1,245,104.0,429.0,12,166.0
3247,179.0,1,245,51.0,191.0,13,166.0
3248,236.0,0,247,0.0,0.0,-14,250.0
3249,237.0,0,247,0.0,0.0,-13,250.0
3250,238.0,0,247,0.0,0.0,-12,250.0
3251,239.0,0,247,0.0,0.0,-11,250.0
3252,240.0,0,247,0.0,0.0,-10,250.0
3253,241.0,0,247,0.0,1.0,-9,250.0
3254,242.0,0,247,0.0,0.0,-8,250.0
3255,243.0,0,247,0.0,0.0,-7,250.0
3256,244.0,0,247,0.0,0.0,-6,250.0
3257,245.0,0,247,0.0,0.0,-5,250.0
3258,246.0,0,247,0.0,0.0,-4,250.0
3259,247.0,0,247,0.0,0.0,-3,250.0
3260,248.0,0,247,0.0,1.0,-2,250.0
3261,249.0,0,247,0.0,1.0,-1,250.0
3262,250.0,1,247,0.0,0.0,0,250.0
3263,251.0,1,247,0.0,0.0,1,250.0
3264,252.0,1,247,0.0,1.0,2,250.0
3265,253.0,1,247,0.0,1.0,3,250.0
3266,254.0,1,247,0.0,1.0,4,250.0
3267,255.0,1,247,1.0,0.0,5,250.0
3268,256.0,1,247,0.0,1.0,6,250.0
3269,257.0,1,247,0.0,0.0,7,250.0
3270,258.0,1,247,0.0,0.0,8,250.0
3271,259.0,1,247,0.0,0.0,9,250.0
3272,260.0,1,247,0.0,1.0,10,250.0
3273,261.0,1,247,0.0,0.0,11,250.0
3274,262.0,1,247,0.0,0.0,12,250.0
3275,263.0,1,247,1.0,0.0,13,250.0
3276,39.0,0,249,0.0,0.0,-14,53.0
3277,40.0,0,249,0.0,1.0,-13,53.0
3278,41.0,0,249,0.0,1.0,-12,53.0
3279,42.0,0,249,0.0,0.0,-11,53.0
3280,43.0,0,249,0.0,0.0,-10,53.0
3281,44.0,0,249,0.0,0.0,-9,53.0
3282,45.0,0,249,2.0,0.0,-8,53.0
3283,46.0,0,249,0.0,0.0,-7,53.0
3284,47.0,0,249,0.0,0.0,-6,53.0
3285,48.0,0,249,0.0,1.0,-5,53.0
3286,49.0,0,249,0.0,4.0,-4,53.0
3287,50.0,0,249,0.0,0.0,-3,53.0
3288,51.0,0,249,0.0,0.0,-2,53.0
3289,52.0,0,249,0.0,1.0,-1,53.0
3290,53.0,1,249,1.0,1.0,0,53.0
3291,54.0,1,249,1.0,0.0,1,53.0
3292,55.0,1,249,0.0,0.0,2,53.0
3293,56.0,1,249,0.0,0.0,3,53.0
3294,57.0,1,249,0.0,0.0,4,53.0
3295,58.0,1,249,0.0,0.0,5,53.0
3296,59.0,1,249,0.0,0.0,6,53.0
3297,60.0,1,249,0.0,0.0,7,53.0
3298,61.0,1,249,0.0,0.0,8,53.0
3299,62.0,1,249,0.0,1.0,9,53.0
3300,63.0,1,249,0.0,0.0,10,53.0
3301,64.0,1,249,0.0,0.0,11,53.0
3302,65.0,1,249,0.0,0.0,12,53.0
3303,66.0,1,249,0.0,0.0,13,53.0
3304,-14.0,0,252,0.0,1.0,-14,0.0
3305,-13.0,0,252,0.0,0.0,-13,0.0
3306,-12.0,0,252,0.0,0.0,-12,0.0
3307,-11.0,0,252,0.0,1.0,-11,0.0
3308,-10.0,0,252,0.0,2.0,-10,0.0
3309,-9.0,0,252,0.0,1.0,-9,0.0
3310,-8.0,0,252,0.0,0.0,-8,0.0
3311,-7.0,0,252,0.0,0.0,-7,0.0
3312,-6.0,0,252,0.0,1.0,-6,0.0
3313,-5.0,0,252,0.0,1.0,-5,0.0
3314,-4.0,0,252,0.0,0.0,-4,0.0
3315,-3.0,0,252,0.0,2.0,-3,0.0
3316,-2.0,0,252,0.0,16.0,-2,0.0
3317,-1.0,0,252,1.0,9.0,-1,0.0
3318,0.0,1,252,4.0,57.0,0,0.0
3319,1.0,1,252,5.0,74.0,1,0.0
3320,2.0,1,252,5.0,64.0,2,0.0
3321,3.0,1,252,0.0,31.0,3,0.0
3322,4.0,1,252,1.0,41.0,4,0.0
3323,5.0,1,252,0.0,18.0,5,0.0
3324,6.0,1,252,1.0,23.0,6,0.0
3325,7.0,1,252,0.0,15.0,7,0.0
3326,8.0,1,252,0.0,24.0,8,0.0
3327,9.0,1,252,1.0,66.0,9,0.0
3328,10.0,1,252,0.0,14.0,10,0.0
3329,11.0,1,252,0.0,8.0,11,0.0
3330,12.0,1,252,0.0,5.0,12,0.0
3331,13.0,1,252,0.0,7.0,13,0.0
3332,-5.0,0,255,0.0,0.0,-14,9.0
3333,-4.0,0,255,0.0,0.0,-13,9.0
3334,-3.0,0,255,0.0,0.0,-12,9.0
3335,-2.0,0,255,0.0,0.0,-11,9.0
3336,-1.0,0,255,0.0,0.0,-10,9.0
3337,0.0,0,255,0.0,0.0,-9,9.0
3338,1.0,0,255,0.0,0.0,-8,9.0
3339,2.0,0,255,0.0,0.0,-7,9.0
3340,3.0,0,255,0.0,0.0,-6,9.0
3341,4.0,0,255,0.0,0.0,-5,9.0
3342,5.0,0,255,0.0,2.0,-4,9.0
3343,6.0,0,255,0.0,4.0,-3,9.0
3344,7.0,0,255,2.0,5.0,-2,9.0
3345,8.0,0,255,0.0,8.0,-1,9.0
3346,9.0,1,255,4.0,3.0,0,9.0
3347,10.0,1,255,1.0,4.0,1,9.0
3348,11.0,1,255,1.0,1.0,2,9.0
3349,12.0,1,255,1.0,4.0,3,9.0
3350,13.0,1,255,1.0,3.0,4,9.0
3351,14.0,1,255,0.0,1.0,5,9.0
3352,15.0,1,255,0.0,4.0,6,9.0
3353,16.0,1,255,0.0,4.0,7,9.0
3354,17.0,1,255,0.0,1.0,8,9.0
3355,18.0,1,255,0.0,0.0,9,9.0
3356,19.0,1,255,0.0,1.0,10,9.0
3357,20.0,1,255,0.0,2.0,11,9.0
3358,21.0,1,255,0.0,0.0,12,9.0
3359,22.0,1,255,0.0,1.0,13,9.0
3360,41.0,0,257,184.0,2083.0,-14,55.0
3361,42.0,0,257,180.0,1760.0,-13,55.0
3362,43.0,0,257,168.0,1870.0,-12,55.0
3363,44.0,0,257,109.0,1423.0,-11,55.0
3364,45.0,0,257,62.0,838.0,-10,55.0
3365,46.0,0,257,80.0,1000.0,-9,55.0
3366,47.0,0,257,106.0,1147.0,-8,55.0
3367,48.0,0,257,83.0,985.0,-7,55.0
3368,49.0,0,257,88.0,980.0,-6,55.0
3369,50.0,0,257,93.0,1007.0,-5,55.0
3370,51.0,0,257,98.0,921.0,-4,55.0
3371,52.0,0,257,52.0,448.0,-3,55.0
3372,53.0,0,257,54.0,671.0,-2,55.0
3373,54.0,0,257,61.0,796.0,-1,55.0
3374,55.0,1,257,67.0,751.0,0,55.0
3375,56.0,1,257,55.0,519.0,1,55.0
3376,57.0,1,257,59.0,452.0,2,55.0
3377,58.0,1,257,75.0,611.0,3,55.0
3378,59.0,1,257,149.0,1521.0,4,55.0
3379,60.0,1,257,147.0,1910.0,5,55.0
3380,61.0,1,257,95.0,1278.0,6,55.0
3381,62.0,1,257,108.0,1389.0,7,55.0
3382,63.0,1,257,110.0,1546.0,8,55.0
3383,64.0,1,257,119.0,1768.0,9,55.0
3384,65.0,1,257,47.0,810.0,10,55.0
3385,66.0,1,257,36.0,482.0,11,55.0
3386,67.0,1,257,27.0,457.0,12,55.0
3387,68.0,1,257,20.0,393.0,13,55.0
3388,-3.0,0,259,0.0,2.0,-14,11.0
3389,-2.0,0,259,0.0,2.0,-13,11.0
3390,-1.0,0,259,1.0,0.0,-12,11.0
3391,0.0,0,259,0.0,4.0,-11,11.0
3392,1.0,0,259,0.0,0.0,-10,11.0
3393,2.0,0,259,0.0,0.0,-9,11.0
3394,3.0,0,259,0.0,1.0,-8,11.0
3395,4.0,0,259,0.0,1.0,-7,11.0
3396,5.0,0,259,0.0,4.0,-6,11.0
3397,6.0,0,259,0.0,0.0,-5,11.0
3398,7.0,0,259,0.0,1.0,-4,11.0
3399,8.0,0,259,0.0,1.0,-3,11.0
3400,9.0,0,259,0.0,1.0,-2,11.0
3401,10.0,0,259,0.0,2.0,-1,11.0
3402,11.0,1,259,4.0,1.0,0,11.0
3403,12.0,1,259,2.0,1.0,1,11.0
3404,13.0,1,259,1.0,1.0,2,11.0
3405,14.0,1,259,0.0,3.0,3,11.0
3406,15.0,1,259,1.0,3.0,4,11.0
3407,16.0,1,259,0.0,0.0,5,11.0
3408,17.0,1,259,0.0,1.0,6,11.0
3409,18.0,1,259,1.0,1.0,7,11.0
3410,19.0,1,259,1.0,1.0,8,11.0
3411,20.0,1,259,0.0,2.0,9,11.0
3412,21.0,1,259,1.0,3.0,10,11.0
3413,22.0,1,259,0.0,2.0,11,11.0
3414,23.0,1,259,0.0,5.0,12,11.0
3415,24.0,1,259,0.0,4.0,13,11.0
3416,141.0,0,260,1.0,1.0,-14,155.0
3417,142.0,0,260,0.0,0.0,-13,155.0
3418,143.0,0,260,1.0,0.0,-12,155.0
3419,144.0,0,260,0.0,1.0,-11,155.0
3420,145.0,0,260,0.0,1.0,-10,155.0
3421,146.0,0,260,0.0,0.0,-9,155.0
3422,147.0,0,260,0.0,0.0,-8,155.0
3423,148.0,0,260,0.0,0.0,-7,155.0
3424,149.0,0,260,1.0,0.0,-6,155.0
3425,150.0,0,260,1.0,1.0,-5,155.0
3426,151.0,0,260,0.0,2.0,-4,155.0
3427,152.0,0,260,2.0,3.0,-3,155.0
3428,153.0,0,260,0.0,0.0,-2,155.0
3429,154.0,0,260,0.0,3.0,-1,155.0
3430,155.0,1,260,1.0,1.0,0,155.0
3431,156.0,1,260,0.0,0.0,1,155.0
3432,157.0,1,260,1.0,2.0,2,155.0
3433,158.0,1,260,1.0,1.0,3,155.0
3434,159.0,1,260,2.0,0.0,4,155.0
3435,160.0,1,260,4.0,10.0,5,155.0
3436,161.0,1,260,0.0,1.0,6,155.0
3437,162.0,1,260,0.0,0.0,7,155.0
3438,163.0,1,260,2.0,2.0,8,155.0
3439,164.0,1,260,0.0,1.0,9,155.0
3440,165.0,1,260,0.0,1.0,10,155.0
3441,166.0,1,260,0.0,1.0,11,155.0
3442,167.0,1,260,1.0,0.0,12,155.0
3443,168.0,1,260,0.0,0.0,13,155.0
3444,81.0,0,262,24.0,29.0,-14,95.0
3445,82.0,0,262,14.0,42.0,-13,95.0
3446,83.0,0,262,4.0,12.0,-12,95.0
3447,84.0,0,262,3.0,10.0,-11,95.0
3448,85.0,0,262,16.0,25.0,-10,95.0
3449,86.0,0,262,7.0,14.0,-9,95.0
3450,87.0,0,262,6.0,9.0,-8,95.0
3451,88.0,0,262,1.0,6.0,-7,95.0
3452,89.0,0,262,7.0,30.0,-6,95.0
3453,90.0,0,262,13.0,25.0,-5,95.0
3454,91.0,0,262,18.0,41.0,-4,95.0
3455,92.0,0,262,13.0,30.0,-3,95.0
3456,93.0,0,262,13.0,25.0,-2,95.0
3457,94.0,0,262,101.0,150.0,-1,95.0
3458,95.0,1,262,29.0,53.0,0,95.0
3459,96.0,1,262,7.0,18.0,1,95.0
3460,97.0,1,262,3.0,5.0,2,95.0
3461,98.0,1,262,2.0,6.0,3,95.0
3462,99.0,1,262,5.0,8.0,4,95.0
3463,100.0,1,262,3.0,8.0,5,95.0
3464,101.0,1,262,1.0,4.0,6,95.0
3465,102.0,1,262,1.0,7.0,7,95.0
3466,103.0,1,262,1.0,0.0,8,95.0
3467,104.0,1,262,1.0,3.0,9,95.0
3468,105.0,1,262,0.0,2.0,10,95.0
3469,106.0,1,262,0.0,2.0,11,95.0
3470,107.0,1,262,2.0,2.0,12,95.0
3471,108.0,1,262,1.0,2.0,13,95.0
3472,246.0,0,267,9.0,38.0,-14,260.0
3473,247.0,0,267,10.0,28.0,-13,260.0
3474,248.0,0,267,15.0,30.0,-12,260.0
3475,249.0,0,267,10.0,32.0,-11,260.0
3476,250.0,0,267,7.0,36.0,-10,260.0
3477,251.0,0,267,14.0,70.0,-9,260.0
3478,252.0,0,267,7.0,20.0,-8,260.0
3479,253.0,0,267,6.0,37.0,-7,260.0
3480,254.0,0,267,9.0,32.0,-6,260.0
3481,255.0,0,267,15.0,78.0,-5,260.0
3482,256.0,0,267,1.0,29.0,-4,260.0
3483,257.0,0,267,18.0,57.0,-3,260.0
3484,258.0,0,267,9.0,32.0,-2,260.0
3485,259.0,0,267,7.0,32.0,-1,260.0
3486,260.0,1,267,9.0,42.0,0,260.0
3487,261.0,1,267,7.0,37.0,1,260.0
3488,262.0,1,267,6.0,21.0,2,260.0
3489,263.0,1,267,7.0,36.0,3,260.0
3490,264.0,1,267,6.0,16.0,4,260.0
3491,265.0,1,267,4.0,24.0,5,260.0
3492,266.0,1,267,8.0,9.0,6,260.0
3493,267.0,1,267,9.0,46.0,7,260.0
3494,268.0,1,267,3.0,18.0,8,260.0
3495,269.0,1,267,0.0,28.0,9,260.0
3496,270.0,1,267,0.0,13.0,10,260.0
3497,271.0,1,267,7.0,60.0,11,260.0
3498,272.0,1,267,4.0,26.0,12,260.0
3499,273.0,1,267,2.0,20.0,13,260.0
3500,85.0,0,269,433.0,8404.0,-14,99.0
3501,86.0,0,269,357.0,8591.0,-13,99.0
3502,87.0,0,269,289.0,6855.0,-12,99.0
3503,88.0,0,269,99.0,3305.0,-11,99.0
3504,89.0,0,269,132.0,3410.0,-10,99.0
3505,90.0,0,269,96.0,2504.0,-9,99.0
3506,91.0,0,269,57.0,1838.0,-8,99.0
3507,92.0,0,269,36.0,892.0,-7,99.0
3508,93.0,0,269,62.0,926.0,-6,99.0
3509,94.0,0,269,68.0,934.0,-5,99.0
3510,95.0,0,269,271.0,2230.0,-4,99.0
3511,96.0,0,269,314.0,4062.0,-3,99.0
3512,97.0,0,269,112.0,2516.0,-2,99.0
3513,98.0,0,269,764.0,11321.0,-1,99.0
3514,99.0,1,269,364.0,5505.0,0,99.0
3515,100.0,1,269,79.0,2324.0,1,99.0
3516,101.0,1,269,77.0,2018.0,2,99.0
3517,102.0,1,269,123.0,3745.0,3,99.0
3518,103.0,1,269,234.0,4764.0,4,99.0
3519,104.0,1,269,366.0,6447.0,5,99.0
3520,105.0,1,269,437.0,9722.0,6,99.0
3521,106.0,1,269,70.0,2917.0,7,99.0
3522,107.0,1,269,214.0,5752.0,8,99.0
3523,108.0,1,269,515.0,11217.0,9,99.0
3524,109.0,1,269,103.0,3240.0,10,99.0
3525,110.0,1,269,207.0,4941.0,11,99.0
3526,111.0,1,269,228.0,6501.0,12,99.0
3527,112.0,1,269,39.0,1595.0,13,99.0
3528,-1.0,0,270,1.0,29.0,-14,13.0
3529,0.0,0,270,4.0,9.0,-13,13.0
3530,1.0,0,270,3.0,27.0,-12,13.0
3531,2.0,0,270,18.0,60.0,-11,13.0
3532,3.0,0,270,14.0,67.0,-10,13.0
3533,4.0,0,270,21.0,90.0,-9,13.0
3534,5.0,0,270,19.0,151.0,-8,13.0
3535,6.0,0,270,29.0,187.0,-7,13.0
3536,7.0,0,270,29.0,149.0,-6,13.0
3537,8.0,0,270,198.0,310.0,-5,13.0
3538,9.0,0,270,61.0,122.0,-4,13.0
3539,10.0,0,270,18.0,69.0,-3,13.0
3540,11.0,0,270,20.0,70.0,-2,13.0
3541,12.0,0,270,277.0,144.0,-1,13.0
3542,13.0,1,270,1467.0,632.0,0,13.0
3543,14.0,1,270,134.0,161.0,1,13.0
3544,15.0,1,270,72.0,154.0,2,13.0
3545,16.0,1,270,38.0,91.0,3,13.0
3546,17.0,1,270,139.0,343.0,4,13.0
3547,18.0,1,270,72.0,164.0,5,13.0
3548,19.0,1,270,49.0,114.0,6,13.0
3549,20.0,1,270,86.0,182.0,7,13.0
3550,21.0,1,270,28.0,55.0,8,13.0
3551,22.0,1,270,21.0,57.0,9,13.0
3552,23.0,1,270,20.0,52.0,10,13.0
3553,24.0,1,270,27.0,103.0,11,13.0
3554,25.0,1,270,43.0,133.0,12,13.0
3555,26.0,1,270,7.0,36.0,13,13.0
3556,223.0,0,271,0.0,1.0,-14,237.0
3557,224.0,0,271,0.0,1.0,-13,237.0
3558,225.0,0,271,0.0,0.0,-12,237.0
3559,226.0,0,271,0.0,0.0,-11,237.0
3560,227.0,0,271,0.0,0.0,-10,237.0
3561,228.0,0,271,0.0,0.0,-9,237.0
3562,229.0,0,271,0.0,0.0,-8,237.0
3563,230.0,0,271,0.0,1.0,-7,237.0
3564,231.0,0,271,0.0,1.0,-6,237.0
3565,232.0,0,271,0.0,0.0,-5,237.0
3566,233.0,0,271,0.0,0.0,-4,237.0
3567,234.0,0,271,0.0,0.0,-3,237.0
3568,235.0,0,271,0.0,0.0,-2,237.0
3569,236.0,0,271,0.0,0.0,-1,237.0
3570,237.0,1,271,1.0,0.0,0,237.0
3571,238.0,1,271,0.0,0.0,1,237.0
3572,239.0,1,271,0.0,0.0,2,237.0
3573,240.0,1,271,0.0,0.0,3,237.0
3574,241.0,1,271,0.0,1.0,4,237.0
3575,242.0,1,271,0.0,0.0,5,237.0
3576,243.0,1,271,0.0,0.0,6,237.0
3577,244.0,1,271,0.0,1.0,7,237.0
3578,245.0,1,271,0.0,0.0,8,237.0
3579,246.0,1,271,0.0,0.0,9,237.0
3580,247.0,1,271,0.0,0.0,10,237.0
3581,248.0,1,271,0.0,0.0,11,237.0
3582,249.0,1,271,0.0,0.0,12,237.0
3583,250.0,1,271,0.0,0.0,13,237.0
3584,-14.0,0,273,0.0,0.0,-14,0.0
3585,-13.0,0,273,0.0,0.0,-13,0.0
3586,-12.0,0,273,0.0,0.0,-12,0.0
3587,-11.0,0,273,0.0,0.0,-11,0.0
3588,-10.0,0,273,0.0,0.0,-10,0.0
3589,-9.0,0,273,0.0,0.0,-9,0.0
3590,-8.0,0,273,0.0,0.0,-8,0.0
3591,-7.0,0,273,0.0,0.0,-7,0.0
3592,-6.0,0,273,0.0,0.0,-6,0.0
3593,-5.0,0,273,0.0,0.0,-5,0.0
3594,-4.0,0,273,0.0,0.0,-4,0.0
3595,-3.0,0,273,0.0,0.0,-3,0.0
3596,-2.0,0,273,0.0,3.0,-2,0.0
3597,-1.0,0,273,0.0,1.0,-1,0.0
3598,0.0,1,273,9.0,16.0,0,0.0
3599,1.0,1,273,0.0,17.0,1,0.0
3600,2.0,1,273,1.0,3.0,2,0.0
3601,3.0,1,273,0.0,7.0,3,0.0
3602,4.0,1,273,1.0,27.0,4,0.0
3603,5.0,1,273,0.0,15.0,5,0.0
3604,6.0,1,273,0.0,17.0,6,0.0
3605,7.0,1,273,0.0,9.0,7,0.0
3606,8.0,1,273,0.0,9.0,8,0.0
3607,9.0,1,273,0.0,8.0,9,0.0
3608,10.0,1,273,0.0,9.0,10,0.0
3609,11.0,1,273,0.0,4.0,11,0.0
3610,12.0,1,273,0.0,4.0,12,0.0
3611,13.0,1,273,0.0,2.0,13,0.0
3612,170.0,0,274,0.0,0.0,-14,184.0
3613,171.0,0,274,0.0,0.0,-13,184.0
3614,172.0,0,274,0.0,0.0,-12,184.0
3615,173.0,0,274,0.0,0.0,-11,184.0
3616,174.0,0,274,0.0,0.0,-10,184.0
3617,175.0,0,274,0.0,0.0,-9,184.0
3618,176.0,0,274,0.0,0.0,-8,184.0
3619,177.0,0,274,0.0,0.0,-7,184.0
3620,178.0,0,274,0.0,0.0,-6,184.0
3621,179.0,0,274,0.0,0.0,-5,184.0
3622,180.0,0,274,0.0,0.0,-4,184.0
3623,181.0,0,274,0.0,0.0,-3,184.0
3624,182.0,0,274,0.0,0.0,-2,184.0
3625,183.0,0,274,0.0,0.0,-1,184.0
3626,184.0,1,274,0.0,1.0,0,184.0
3627,185.0,1,274,0.0,0.0,1,184.0
3628,186.0,1,274,0.0,0.0,2,184.0
3629,187.0,1,274,0.0,0.0,3,184.0
3630,188.0,1,274,0.0,0.0,4,184.0
3631,189.0,1,274,0.0,0.0,5,184.0
3632,190.0,1,274,0.0,0.0,6,184.0
3633,191.0,1,274,0.0,0.0,7,184.0
3634,192.0,1,274,0.0,0.0,8,184.0
3635,193.0,1,274,0.0,0.0,9,184.0
3636,194.0,1,274,0.0,0.0,10,184.0
3637,195.0,1,274,0.0,0.0,11,184.0
3638,196.0,1,274,0.0,0.0,12,184.0
3639,197.0,1,274,0.0,0.0,13,184.0
3640,292.0,0,279,1.0,1.0,-14,306.0
3641,293.0,0,279,0.0,2.0,-13,306.0
3642,294.0,0,279,1.0,0.0,-12,306.0
3643,295.0,0,279,0.0,2.0,-11,306.0
3644,296.0,0,279,0.0,0.0,-10,306.0
3645,297.0,0,279,1.0,1.0,-9,306.0
3646,298.0,0,279,0.0,0.0,-8,306.0
3647,299.0,0,279,0.0,1.0,-7,306.0
3648,300.0,0,279,0.0,0.0,-6,306.0
3649,301.0,0,279,1.0,0.0,-5,306.0
3650,302.0,0,279,0.0,0.0,-4,306.0
3651,303.0,0,279,0.0,0.0,-3,306.0
3652,304.0,0,279,0.0,0.0,-2,306.0
3653,305.0,0,279,0.0,0.0,-1,306.0
3654,306.0,1,279,1.0,1.0,0,306.0
3655,307.0,1,279,0.0,0.0,1,306.0
3656,308.0,1,279,0.0,0.0,2,306.0
3657,309.0,1,279,0.0,1.0,3,306.0
3658,310.0,1,279,0.0,2.0,4,306.0
3659,311.0,1,279,1.0,2.0,5,306.0
3660,312.0,1,279,0.0,2.0,6,306.0
3661,313.0,1,279,1.0,2.0,7,306.0
3662,314.0,1,279,0.0,2.0,8,306.0
3663,315.0,1,279,0.0,0.0,9,306.0
3664,316.0,1,279,0.0,0.0,10,306.0
3665,317.0,1,279,0.0,1.0,11,306.0
3666,318.0,1,279,0.0,2.0,12,306.0
3667,319.0,1,279,1.0,1.0,13,306.0
3668,137.0,0,280,0.0,0.0,-14,151.0
3669,138.0,0,280,0.0,0.0,-13,151.0
3670,139.0,0,280,0.0,0.0,-12,151.0
3671,140.0,0,280,0.0,0.0,-11,151.0
3672,141.0,0,280,0.0,0.0,-10,151.0
3673,142.0,0,280,0.0,0.0,-9,151.0
3674,143.0,0,280,0.0,0.0,-8,151.0
3675,144.0,0,280,0.0,0.0,-7,151.0
3676,145.0,0,280,0.0,0.0,-6,151.0
3677,146.0,0,280,0.0,0.0,-5,151.0
3678,147.0,0,280,0.0,0.0,-4,151.0
3679,148.0,0,280,0.0,0.0,-3,151.0
3680,149.0,0,280,0.0,0.0,-2,151.0
3681,150.0,0,280,0.0,0.0,-1,151.0
3682,151.0,1,280,3.0,0.0,0,151.0
3683,152.0,1,280,0.0,0.0,1,151.0
3684,153.0,1,280,0.0,1.0,2,151.0
3685,154.0,1,280,0.0,0.0,3,151.0
3686,155.0,1,280,0.0,0.0,4,151.0
3687,156.0,1,280,0.0,0.0,5,151.0
3688,157.0,1,280,0.0,0.0,6,151.0
3689,158.0,1,280,0.0,0.0,7,151.0
3690,159.0,1,280,0.0,0.0,8,151.0
3691,160.0,1,280,0.0,1.0,9,151.0
3692,161.0,1,280,0.0,0.0,10,151.0
3693,162.0,1,280,0.0,0.0,11,151.0
3694,163.0,1,280,0.0,0.0,12,151.0
3695,164.0,1,280,0.0,0.0,13,151.0
3696,143.0,0,281,139.0,294.0,-14,157.0
3697,144.0,0,281,115.0,365.0,-13,157.0
3698,145.0,0,281,86.0,204.0,-12,157.0
3699,146.0,0,281,118.0,280.0,-11,157.0
3700,147.0,0,281,117.0,170.0,-10,157.0
3701,148.0,0,281,136.0,260.0,-9,157.0
3702,149.0,0,281,103.0,182.0,-8,157.0
3703,150.0,0,281,109.0,194.0,-7,157.0
3704,151.0,0,281,86.0,196.0,-6,157.0
3705,152.0,0,281,97.0,194.0,-5,157.0
3706,153.0,0,281,120.0,174.0,-4,157.0
3707,154.0,0,281,76.0,179.0,-3,157.0
3708,155.0,0,281,42.0,85.0,-2,157.0
3709,156.0,0,281,29.0,75.0,-1,157.0
3710,157.0,1,281,85.0,95.0,0,157.0
3711,158.0,1,281,71.0,121.0,1,157.0
3712,159.0,1,281,68.0,107.0,2,157.0
3713,160.0,1,281,212.0,372.0,3,157.0
3714,161.0,1,281,91.0,166.0,4,157.0
3715,162.0,1,281,68.0,156.0,5,157.0
3716,163.0,1,281,48.0,118.0,6,157.0
3717,164.0,1,281,30.0,67.0,7,157.0
3718,165.0,1,281,57.0,128.0,8,157.0
3719,166.0,1,281,32.0,93.0,9,157.0
3720,167.0,1,281,35.0,76.0,10,157.0
3721,168.0,1,281,19.0,47.0,11,157.0
3722,169.0,1,281,34.0,68.0,12,157.0
3723,170.0,1,281,28.0,56.0,13,157.0
3724,238.0,0,284,0.0,0.0,-14,252.0
3725,239.0,0,284,0.0,0.0,-13,252.0
3726,240.0,0,284,0.0,0.0,-12,252.0
3727,241.0,0,284,0.0,0.0,-11,252.0
3728,242.0,0,284,0.0,0.0,-10,252.0
3729,243.0,0,284,0.0,0.0,-9,252.0
3730,244.0,0,284,0.0,0.0,-8,252.0
3731,245.0,0,284,0.0,0.0,-7,252.0
3732,246.0,0,284,0.0,0.0,-6,252.0
3733,247.0,0,284,0.0,0.0,-5,252.0
3734,248.0,0,284,0.0,0.0,-4,252.0
3735,249.0,0,284,0.0,0.0,-3,252.0
3736,250.0,0,284,0.0,0.0,-2,252.0
3737,251.0,0,284,0.0,0.0,-1,252.0
3738,252.0,1,284,0.0,0.0,0,252.0
3739,253.0,1,284,0.0,1.0,1,252.0
3740,254.0,1,284,0.0,0.0,2,252.0
3741,255.0,1,284,0.0,0.0,3,252.0
3742,256.0,1,284,0.0,0.0,4,252.0
3743,257.0,1,284,0.0,0.0,5,252.0
3744,258.0,1,284,0.0,0.0,6,252.0
3745,259.0,1,284,0.0,0.0,7,252.0
3746,260.0,1,284,0.0,0.0,8,252.0
3747,261.0,1,284,0.0,0.0,9,252.0
3748,262.0,1,284,0.0,0.0,10,252.0
3749,263.0,1,284,0.0,0.0,11,252.0
3750,264.0,1,284,0.0,0.0,12,252.0
3751,265.0,1,284,0.0,0.0,13,252.0
3752,99.0,0,285,0.0,0.0,-14,113.0
3753,100.0,0,285,0.0,0.0,-13,113.0
3754,101.0,0,285,0.0,0.0,-12,113.0
3755,102.0,0,285,0.0,0.0,-11,113.0
3756,103.0,0,285,0.0,0.0,-10,113.0
3757,104.0,0,285,0.0,0.0,-9,113.0
3758,105.0,0,285,0.0,0.0,-8,113.0
3759,106.0,0,285,0.0,0.0,-7,113.0
3760,107.0,0,285,0.0,1.0,-6,113.0
3761,108.0,0,285,0.0,0.0,-5,113.0
3762,109.0,0,285,0.0,0.0,-4,113.0
3763,110.0,0,285,0.0,0.0,-3,113.0
3764,111.0,0,285,0.0,0.0,-2,113.0
3765,112.0,0,285,1.0,8.0,-1,113.0
3766,113.0,1,285,1.0,3.0,0,113.0
3767,114.0,1,285,0.0,0.0,1,113.0
3768,115.0,1,285,0.0,0.0,2,113.0
3769,116.0,1,285,0.0,0.0,3,113.0
3770,117.0,1,285,1.0,0.0,4,113.0
3771,118.0,1,285,0.0,0.0,5,113.0
3772,119.0,1,285,0.0,0.0,6,113.0
3773,120.0,1,285,0.0,0.0,7,113.0
3774,121.0,1,285,0.0,0.0,8,113.0
3775,122.0,1,285,0.0,0.0,9,113.0
3776,123.0,1,285,0.0,0.0,10,113.0
3777,124.0,1,285,0.0,0.0,11,113.0
3778,125.0,1,285,0.0,0.0,12,113.0
3779,126.0,1,285,1.0,0.0,13,113.0
3780,235.0,0,286,0.0,0.0,-14,249.0
3781,236.0,0,286,0.0,0.0,-13,249.0
3782,237.0,0,286,1.0,0.0,-12,249.0
3783,238.0,0,286,0.0,0.0,-11,249.0
3784,239.0,0,286,0.0,1.0,-10,249.0
3785,240.0,0,286,0.0,1.0,-9,249.0
3786,241.0,0,286,0.0,1.0,-8,249.0
3787,242.0,0,286,0.0,1.0,-7,249.0
3788,243.0,0,286,0.0,1.0,-6,249.0
3789,244.0,0,286,0.0,1.0,-5,249.0
3790,245.0,0,286,1.0,1.0,-4,249.0
3791,246.0,0,286,0.0,0.0,-3,249.0
3792,247.0,0,286,0.0,0.0,-2,249.0
3793,248.0,0,286,6.0,10.0,-1,249.0
3794,249.0,1,286,1.0,5.0,0,249.0
3795,250.0,1,286,0.0,0.0,1,249.0
3796,251.0,1,286,2.0,1.0,2,249.0
3797,252.0,1,286,3.0,8.0,3,249.0
3798,253.0,1,286,0.0,1.0,4,249.0
3799,254.0,1,286,8.0,9.0,5,249.0
3800,255.0,1,286,2.0,2.0,6,249.0
3801,256.0,1,286,5.0,0.0,7,249.0
3802,257.0,1,286,1.0,1.0,8,249.0
3803,258.0,1,286,3.0,4.0,9,249.0
3804,259.0,1,286,0.0,0.0,10,249.0
3805,260.0,1,286,0.0,0.0,11,249.0
3806,261.0,1,286,0.0,1.0,12,249.0
3807,262.0,1,286,0.0,2.0,13,249.0
3808,258.0,0,299,0.0,0.0,-14,272.0
3809,259.0,0,299,0.0,0.0,-13,272.0
3810,260.0,0,299,0.0,0.0,-12,272.0
3811,261.0,0,299,0.0,0.0,-11,272.0
3812,262.0,0,299,0.0,0.0,-10,272.0
3813,263.0,0,299,0.0,0.0,-9,272.0
3814,264.0,0,299,0.0,0.0,-8,272.0
3815,265.0,0,299,0.0,0.0,-7,272.0
3816,266.0,0,299,0.0,1.0,-6,272.0
3817,267.0,0,299,0.0,0.0,-5,272.0
3818,268.0,0,299,0.0,0.0,-4,272.0
3819,269.0,0,299,0.0,0.0,-3,272.0
3820,270.0,0,299,1.0,0.0,-2,272.0
3821,271.0,0,299,0.0,0.0,-1,272.0
3822,272.0,1,299,2.0,0.0,0,272.0
3823,273.0,1,299,0.0,0.0,1,272.0
3824,274.0,1,299,0.0,0.0,2,272.0
3825,275.0,1,299,0.0,0.0,3,272.0
3826,276.0,1,299,0.0,0.0,4,272.0
3827,277.0,1,299,0.0,0.0,5,272.0
3828,278.0,1,299,0.0,0.0,6,272.0
3829,279.0,1,299,0.0,0.0,7,272.0
3830,280.0,1,299,0.0,0.0,8,272.0
3831,281.0,1,299,0.0,0.0,9,272.0
3832,282.0,1,299,0.0,1.0,10,272.0
3833,283.0,1,299,0.0,0.0,11,272.0
3834,284.0,1,299,1.0,0.0,12,272.0
3835,285.0,1,299,0.0,0.0,13,272.0
3836,232.0,0,300,0.0,1.0,-14,246.0
3837,233.0,0,300,0.0,1.0,-13,246.0
3838,234.0,0,300,0.0,2.0,-12,246.0
3839,235.0,0,300,0.0,1.0,-11,246.0
3840,236.0,0,300,0.0,0.0,-10,246.0
3841,237.0,0,300,0.0,0.0,-9,246.0
3842,238.0,0,300,0.0,0.0,-8,246.0
3843,239.0,0,300,0.0,0.0,-7,246.0
3844,240.0,0,300,0.0,2.0,-6,246.0
3845,241.0,0,300,0.0,0.0,-5,246.0
3846,242.0,0,300,0.0,0.0,-4,246.0
3847,243.0,0,300,0.0,0.0,-3,246.0
3848,244.0,0,300,0.0,0.0,-2,246.0
3849,245.0,0,300,1.0,2.0,-1,246.0
3850,246.0,1,300,0.0,0.0,0,246.0
3851,247.0,1,300,0.0,0.0,1,246.0
3852,248.0,1,300,0.0,1.0,2,246.0
3853,249.0,1,300,0.0,0.0,3,246.0
3854,250.0,1,300,0.0,0.0,4,246.0
3855,251.0,1,300,0.0,1.0,5,246.0
3856,252.0,1,300,0.0,1.0,6,246.0
3857,253.0,1,300,0.0,1.0,7,246.0
3858,254.0,1,300,0.0,0.0,8,246.0
3859,255.0,1,300,0.0,1.0,9,246.0
3860,256.0,1,300,0.0,0.0,10,246.0
3861,257.0,1,300,1.0,0.0,11,246.0
3862,258.0,1,300,0.0,1.0,12,246.0
3863,259.0,1,300,0.0,0.0,13,246.0
3864,-7.0,0,301,0.0,29.0,-14,7.0
3865,-6.0,0,301,0.0,26.0,-13,7.0
3866,-5.0,0,301,0.0,71.0,-12,7.0
3867,-4.0,0,301,0.0,55.0,-11,7.0
3868,-3.0,0,301,0.0,95.0,-10,7.0
3869,-2.0,0,301,0.0,169.0,-9,7.0
3870,-1.0,0,301,0.0,159.0,-8,7.0
3871,0.0,0,301,327.0,2113.0,-7,7.0
3872,1.0,0,301,54.0,415.0,-6,7.0
3873,2.0,0,301,111.0,614.0,-5,7.0
3874,3.0,0,301,144.0,1061.0,-4,7.0
3875,4.0,0,301,157.0,1565.0,-3,7.0
3876,5.0,0,301,1299.0,13191.0,-2,7.0
3877,6.0,0,301,1372.0,12296.0,-1,7.0
3878,7.0,1,301,661.0,5776.0,0,7.0
3879,8.0,1,301,548.0,6006.0,1,7.0
3880,9.0,1,301,407.0,5015.0,2,7.0
3881,10.0,1,301,715.0,8570.0,3,7.0
3882,11.0,1,301,354.0,5884.0,4,7.0
3883,12.0,1,301,396.0,7043.0,5,7.0
3884,13.0,1,301,331.0,4323.0,6,7.0
3885,14.0,1,301,192.0,4755.0,7,7.0
3886,15.0,1,301,135.0,2969.0,8,7.0
3887,16.0,1,301,42.0,1592.0,9,7.0
3888,17.0,1,301,54.0,1721.0,10,7.0
3889,18.0,1,301,54.0,1552.0,11,7.0
3890,19.0,1,301,50.0,1598.0,12,7.0
3891,20.0,1,301,24.0,942.0,13,7.0
3892,-3.0,0,302,0.0,1914.0,-14,11.0
3893,-2.0,0,302,0.0,1388.0,-13,11.0
3894,-1.0,0,302,206.0,2265.0,-12,11.0
3895,0.0,0,302,311.0,2399.0,-11,11.0
3896,1.0,0,302,834.0,7143.0,-10,11.0
3897,2.0,0,302,996.0,13876.0,-9,11.0
3898,3.0,0,302,801.0,15077.0,-8,11.0
3899,4.0,0,302,868.0,23097.0,-7,11.0
3900,5.0,0,302,995.0,22689.0,-6,11.0
3901,6.0,0,302,4867.0,49516.0,-5,11.0
3902,7.0,0,302,3134.0,28911.0,-4,11.0
3903,8.0,0,302,1743.0,19724.0,-3,11.0
3904,9.0,0,302,1326.0,16678.0,-2,11.0
3905,10.0,0,302,1346.0,17228.0,-1,11.0
3906,11.0,1,302,1303.0,18547.0,0,11.0
3907,12.0,1,302,479.0,8152.0,1,11.0
3908,13.0,1,302,427.0,7694.0,2,11.0
3909,14.0,1,302,695.0,9512.0,3,11.0
3910,15.0,1,302,311.0,6531.0,4,11.0
3911,16.0,1,302,282.0,6939.0,5,11.0
3912,17.0,1,302,312.0,6764.0,6,11.0
3913,18.0,1,302,166.0,5318.0,7,11.0
3914,19.0,1,302,74.0,2630.0,8,11.0
3915,20.0,1,302,137.0,3832.0,9,11.0
3916,21.0,1,302,148.0,3550.0,10,11.0
3917,22.0,1,302,182.0,4166.0,11,11.0
3918,23.0,1,302,122.0,2980.0,12,11.0
3919,24.0,1,302,151.0,3844.0,13,11.0
3920,195.0,0,303,1.0,0.0,-14,209.0
3921,196.0,0,303,1.0,0.0,-13,209.0
3922,197.0,0,303,0.0,1.0,-12,209.0
3923,198.0,0,303,1.0,1.0,-11,209.0
3924,199.0,0,303,0.0,1.0,-10,209.0
3925,200.0,0,303,0.0,0.0,-9,209.0
3926,201.0,0,303,0.0,0.0,-8,209.0
3927,202.0,0,303,1.0,1.0,-7,209.0
3928,203.0,0,303,0.0,0.0,-6,209.0
3929,204.0,0,303,0.0,0.0,-5,209.0
3930,205.0,0,303,2.0,0.0,-4,209.0
3931,206.0,0,303,1.0,0.0,-3,209.0
3932,207.0,0,303,3.0,0.0,-2,209.0
3933,208.0,0,303,1.0,0.0,-1,209.0
3934,209.0,1,303,2.0,0.0,0,209.0
3935,210.0,1,303,0.0,1.0,1,209.0
3936,211.0,1,303,1.0,3.0,2,209.0
3937,212.0,1,303,2.0,1.0,3,209.0
3938,213.0,1,303,0.0,0.0,4,209.0
3939,214.0,1,303,1.0,1.0,5,209.0
3940,215.0,1,303,0.0,1.0,6,209.0
3941,216.0,1,303,1.0,1.0,7,209.0
3942,217.0,1,303,2.0,3.0,8,209.0
3943,218.0,1,303,0.0,2.0,9,209.0
3944,219.0,1,303,2.0,2.0,10,209.0
3945,220.0,1,303,0.0,0.0,11,209.0
3946,221.0,1,303,2.0,0.0,12,209.0
3947,222.0,1,303,0.0,0.0,13,209.0
3948,-4.0,0,312,0.0,0.0,-14,10.0
3949,-3.0,0,312,0.0,0.0,-13,10.0
3950,-2.0,0,312,0.0,0.0,-12,10.0
3951,-1.0,0,312,0.0,0.0,-11,10.0
3952,0.0,0,312,0.0,1.0,-10,10.0
3953,1.0,0,312,0.0,1.0,-9,10.0
3954,2.0,0,312,0.0,0.0,-8,10.0
3955,3.0,0,312,0.0,0.0,-7,10.0
3956,4.0,0,312,1.0,3.0,-6,10.0
3957,5.0,0,312,0.0,9.0,-5,10.0
3958,6.0,0,312,0.0,6.0,-4,10.0
3959,7.0,0,312,0.0,3.0,-3,10.0
3960,8.0,0,312,1.0,0.0,-2,10.0
3961,9.0,0,312,0.0,2.0,-1,10.0
3962,10.0,1,312,4.0,0.0,0,10.0
3963,11.0,1,312,5.0,38.0,1,10.0
3964,12.0,1,312,2.0,8.0,2,10.0
3965,13.0,1,312,0.0,5.0,3,10.0
3966,14.0,1,312,0.0,6.0,4,10.0
3967,15.0,1,312,0.0,3.0,5,10.0
3968,16.0,1,312,0.0,1.0,6,10.0
3969,17.0,1,312,0.0,2.0,7,10.0
3970,18.0,1,312,0.0,0.0,8,10.0
3971,19.0,1,312,0.0,4.0,9,10.0
3972,20.0,1,312,0.0,1.0,10,10.0
3973,21.0,1,312,1.0,2.0,11,10.0
3974,22.0,1,312,0.0,2.0,12,10.0
3975,23.0,1,312,0.0,1.0,13,10.0
3976,223.0,0,314,0.0,0.0,-14,237.0
3977,224.0,0,314,0.0,0.0,-13,237.0
3978,225.0,0,314,0.0,0.0,-12,237.0
3979,226.0,0,314,0.0,0.0,-11,237.0
3980,227.0,0,314,0.0,0.0,-10,237.0
3981,228.0,0,314,0.0,1.0,-9,237.0
3982,229.0,0,314,0.0,0.0,-8,237.0
3983,230.0,0,314,0.0,0.0,-7,237.0
3984,231.0,0,314,0.0,0.0,-6,237.0
3985,232.0,0,314,0.0,0.0,-5,237.0
3986,233.0,0,314,0.0,0.0,-4,237.0
3987,234.0,0,314,0.0,0.0,-3,237.0
3988,235.0,0,314,0.0,0.0,-2,237.0
3989,236.0,0,314,0.0,0.0,-1,237.0
3990,237.0,1,314,0.0,0.0,0,237.0
3991,238.0,1,314,0.0,0.0,1,237.0
3992,239.0,1,314,0.0,0.0,2,237.0
3993,240.0,1,314,0.0,0.0,3,237.0
3994,241.0,1,314,0.0,0.0,4,237.0
3995,242.0,1,314,0.0,0.0,5,237.0
3996,243.0,1,314,0.0,0.0,6,237.0
3997,244.0,1,314,0.0,0.0,7,237.0
3998,245.0,1,314,0.0,0.0,8,237.0
3999,246.0,1,314,0.0,0.0,9,237.0
4000,247.0,1,314,0.0,0.0,10,237.0
4001,248.0,1,314,0.0,0.0,11,237.0
4002,249.0,1,314,1.0,0.0,12,237.0
4003,250.0,1,314,0.0,0.0,13,237.0
4004,63.0,0,316,0.0,0.0,-14,77.0
4005,64.0,0,316,1.0,0.0,-13,77.0
4006,65.0,0,316,0.0,1.0,-12,77.0
4007,66.0,0,316,0.0,2.0,-11,77.0
4008,67.0,0,316,0.0,1.0,-10,77.0
4009,68.0,0,316,1.0,0.0,-9,77.0
4010,69.0,0,316,0.0,1.0,-8,77.0
4011,70.0,0,316,0.0,1.0,-7,77.0
4012,71.0,0,316,0.0,1.0,-6,77.0
4013,72.0,0,316,0.0,0.0,-5,77.0
4014,73.0,0,316,0.0,0.0,-4,77.0
4015,74.0,0,316,0.0,1.0,-3,77.0
4016,75.0,0,316,0.0,0.0,-2,77.0
4017,76.0,0,316,1.0,1.0,-1,77.0
4018,77.0,1,316,0.0,0.0,0,77.0
4019,78.0,1,316,0.0,1.0,1,77.0
4020,79.0,1,316,3.0,5.0,2,77.0
4021,80.0,1,316,1.0,4.0,3,77.0
4022,81.0,1,316,0.0,2.0,4,77.0
4023,82.0,1,316,1.0,0.0,5,77.0
4024,83.0,1,316,1.0,1.0,6,77.0
4025,84.0,1,316,0.0,2.0,7,77.0
4026,85.0,1,316,0.0,0.0,8,77.0
4027,86.0,1,316,0.0,1.0,9,77.0
4028,87.0,1,316,0.0,0.0,10,77.0
4029,88.0,1,316,0.0,0.0,11,77.0
4030,89.0,1,316,0.0,0.0,12,77.0
4031,90.0,1,316,0.0,0.0,13,77.0
4032,-9.0,0,318,0.0,0.0,-14,5.0
4033,-8.0,0,318,0.0,0.0,-13,5.0
4034,-7.0,0,318,0.0,0.0,-12,5.0
4035,-6.0,0,318,0.0,0.0,-11,5.0
4036,-5.0,0,318,0.0,0.0,-10,5.0
4037,-4.0,0,318,0.0,0.0,-9,5.0
4038,-3.0,0,318,0.0,0.0,-8,5.0
4039,-2.0,0,318,0.0,0.0,-7,5.0
4040,-1.0,0,318,0.0,0.0,-6,5.0
4041,0.0,0,318,0.0,0.0,-5,5.0
4042,1.0,0,318,0.0,0.0,-4,5.0
4043,2.0,0,318,0.0,1.0,-3,5.0
4044,3.0,0,318,0.0,2.0,-2,5.0
4045,4.0,0,318,0.0,0.0,-1,5.0
4046,5.0,1,318,5.0,6.0,0,5.0
4047,6.0,1,318,0.0,3.0,1,5.0
4048,7.0,1,318,0.0,0.0,2,5.0
4049,8.0,1,318,0.0,0.0,3,5.0
4050,9.0,1,318,0.0,0.0,4,5.0
4051,10.0,1,318,0.0,0.0,5,5.0
4052,11.0,1,318,0.0,0.0,6,5.0
4053,12.0,1,318,0.0,0.0,7,5.0
4054,13.0,1,318,0.0,0.0,8,5.0
4055,14.0,1,318,0.0,0.0,9,5.0
4056,15.0,1,318,0.0,0.0,10,5.0
4057,16.0,1,318,0.0,0.0,11,5.0
4058,17.0,1,318,0.0,0.0,12,5.0
4059,18.0,1,318,0.0,0.0,13,5.0
4060,-4.0,0,320,0.0,810.0,-14,10.0
4061,-3.0,0,320,0.0,1739.0,-13,10.0
4062,-2.0,0,320,0.0,2527.0,-12,10.0
4063,-1.0,0,320,41.0,1930.0,-11,10.0
4064,0.0,0,320,244.0,2143.0,-10,10.0
4065,1.0,0,320,450.0,3266.0,-9,10.0
4066,2.0,0,320,806.0,6309.0,-8,10.0
4067,3.0,0,320,569.0,7018.0,-7,10.0
4068,4.0,0,320,609.0,11669.0,-6,10.0
4069,5.0,0,320,1920.0,19289.0,-5,10.0
4070,6.0,0,320,2254.0,19467.0,-4,10.0
4071,7.0,0,320,2387.0,10810.0,-3,10.0
4072,8.0,0,320,1656.0,7567.0,-2,10.0
4073,9.0,0,320,1549.0,6907.0,-1,10.0
4074,10.0,1,320,1081.0,6279.0,0,10.0
4075,11.0,1,320,487.0,4262.0,1,10.0
4076,12.0,1,320,425.0,3129.0,2,10.0
4077,13.0,1,320,538.0,3532.0,3,10.0
4078,14.0,1,320,579.0,4783.0,4,10.0
4079,15.0,1,320,472.0,4123.0,5,10.0
4080,16.0,1,320,134.0,2461.0,6,10.0
4081,17.0,1,320,240.0,3070.0,7,10.0
4082,18.0,1,320,108.0,1529.0,8,10.0
4083,19.0,1,320,48.0,965.0,9,10.0
4084,20.0,1,320,115.0,1699.0,10,10.0
4085,21.0,1,320,245.0,3181.0,11,10.0
4086,22.0,1,320,121.0,1767.0,12,10.0
4087,23.0,1,320,63.0,1208.0,13,10.0
4088,253.0,0,322,0.0,1.0,-14,267.0
4089,254.0,0,322,0.0,0.0,-13,267.0
4090,255.0,0,322,0.0,0.0,-12,267.0
4091,256.0,0,322,0.0,0.0,-11,267.0
4092,257.0,0,322,0.0,0.0,-10,267.0
4093,258.0,0,322,0.0,0.0,-9,267.0
4094,259.0,0,322,0.0,1.0,-8,267.0
4095,260.0,0,322,0.0,0.0,-7,267.0
4096,261.0,0,322,0.0,0.0,-6,267.0
4097,262.0,0,322,0.0,2.0,-5,267.0
4098,263.0,0,322,0.0,1.0,-4,267.0
4099,264.0,0,322,0.0,0.0,-3,267.0
4100,265.0,0,322,0.0,0.0,-2,267.0
4101,266.0,0,322,0.0,1.0,-1,267.0
4102,267.0,1,322,0.0,0.0,0,267.0
4103,268.0,1,322,0.0,1.0,1,267.0
4104,269.0,1,322,0.0,0.0,2,267.0
4105,270.0,1,322,0.0,0.0,3,267.0
4106,271.0,1,322,0.0,0.0,4,267.0
4107,272.0,1,322,1.0,0.0,5,267.0
4108,273.0,1,322,0.0,0.0,6,267.0
4109,274.0,1,322,0.0,0.0,7,267.0
4110,275.0,1,322,0.0,0.0,8,267.0
4111,276.0,1,322,0.0,0.0,9,267.0
4112,277.0,1,322,0.0,1.0,10,267.0
4113,278.0,1,322,0.0,0.0,11,267.0
4114,279.0,1,322,0.0,0.0,12,267.0
4115,280.0,1,322,0.0,2.0,13,267.0
4116,3.0,0,323,9.0,11.0,-14,17.0
4117,4.0,0,323,5.0,32.0,-13,17.0
4118,5.0,0,323,4.0,36.0,-12,17.0
4119,6.0,0,323,8.0,42.0,-11,17.0
4120,7.0,0,323,6.0,28.0,-10,17.0
4121,8.0,0,323,9.0,26.0,-9,17.0
4122,9.0,0,323,14.0,60.0,-8,17.0
4123,10.0,0,323,7.0,52.0,-7,17.0
4124,11.0,0,323,6.0,27.0,-6,17.0
4125,12.0,0,323,8.0,24.0,-5,17.0
4126,13.0,0,323,7.0,18.0,-4,17.0
4127,14.0,0,323,4.0,17.0,-3,17.0
4128,15.0,0,323,8.0,20.0,-2,17.0
4129,16.0,0,323,9.0,11.0,-1,17.0
4130,17.0,1,323,8.0,18.0,0,17.0
4131,18.0,1,323,5.0,19.0,1,17.0
4132,19.0,1,323,8.0,16.0,2,17.0
4133,20.0,1,323,2.0,11.0,3,17.0
4134,21.0,1,323,1.0,7.0,4,17.0
4135,22.0,1,323,2.0,13.0,5,17.0
4136,23.0,1,323,1.0,12.0,6,17.0
4137,24.0,1,323,2.0,10.0,7,17.0
4138,25.0,1,323,1.0,7.0,8,17.0
4139,26.0,1,323,0.0,5.0,9,17.0
4140,27.0,1,323,0.0,3.0,10,17.0
4141,28.0,1,323,5.0,10.0,11,17.0
4142,29.0,1,323,6.0,15.0,12,17.0
4143,30.0,1,323,3.0,9.0,13,17.0
4144,38.0,0,327,3.0,20.0,-14,52.0
4145,39.0,0,327,227.0,234.0,-13,52.0
4146,40.0,0,327,261.0,237.0,-12,52.0
4147,41.0,0,327,82.0,94.0,-11,52.0
4148,42.0,0,327,33.0,58.0,-10,52.0
4149,43.0,0,327,23.0,35.0,-9,52.0
4150,44.0,0,327,24.0,28.0,-8,52.0
4151,45.0,0,327,13.0,11.0,-7,52.0
4152,46.0,0,327,118.0,114.0,-6,52.0
4153,47.0,0,327,49.0,58.0,-5,52.0
4154,48.0,0,327,34.0,33.0,-4,52.0
4155,49.0,0,327,24.0,23.0,-3,52.0
4156,50.0,0,327,10.0,12.0,-2,52.0
4157,51.0,0,327,29.0,35.0,-1,52.0
4158,52.0,1,327,13.0,16.0,0,52.0
4159,53.0,1,327,7.0,7.0,1,52.0
4160,54.0,1,327,19.0,26.0,2,52.0
4161,55.0,1,327,22.0,28.0,3,52.0
4162,56.0,1,327,29.0,51.0,4,52.0
4163,57.0,1,327,8.0,29.0,5,52.0
4164,58.0,1,327,17.0,37.0,6,52.0
4165,59.0,1,327,13.0,18.0,7,52.0
4166,60.0,1,327,14.0,20.0,8,52.0
4167,61.0,1,327,7.0,18.0,9,52.0
4168,62.0,1,327,4.0,11.0,10,52.0
4169,63.0,1,327,20.0,30.0,11,52.0
4170,64.0,1,327,10.0,20.0,12,52.0
4171,65.0,1,327,5.0,18.0,13,52.0
4172,-12.0,0,328,0.0,984.0,-14,2.0
4173,-11.0,0,328,0.0,166.0,-13,2.0
4174,-10.0,0,328,0.0,158.0,-12,2.0
4175,-9.0,0,328,0.0,108.0,-11,2.0
4176,-8.0,0,328,0.0,958.0,-10,2.0
4177,-7.0,0,328,0.0,278.0,-9,2.0
4178,-6.0,0,328,0.0,130.0,-8,2.0
4179,-5.0,0,328,0.0,144.0,-7,2.0
4180,-4.0,0,328,0.0,233.0,-6,2.0
4181,-3.0,0,328,0.0,1514.0,-5,2.0
4182,-2.0,0,328,0.0,1407.0,-4,2.0
4183,-1.0,0,328,41.0,1130.0,-3,2.0
4184,0.0,0,328,260.0,1320.0,-2,2.0
4185,1.0,0,328,2096.0,11813.0,-1,2.0
4186,2.0,1,328,662.0,5999.0,0,2.0
4187,3.0,1,328,121.0,4553.0,1,2.0
4188,4.0,1,328,105.0,6003.0,2,2.0
4189,5.0,1,328,78.0,6946.0,3,2.0
4190,6.0,1,328,368.0,11177.0,4,2.0
4191,7.0,1,328,87.0,6792.0,5,2.0
4192,8.0,1,328,60.0,5503.0,6,2.0
4193,9.0,1,328,161.0,6811.0,7,2.0
4194,10.0,1,328,51.0,4594.0,8,2.0
4195,11.0,1,328,34.0,3128.0,9,2.0
4196,12.0,1,328,78.0,3478.0,10,2.0
4197,13.0,1,328,70.0,2761.0,11,2.0
4198,14.0,1,328,10.0,2187.0,12,2.0
4199,15.0,1,328,12.0,2057.0,13,2.0
4200,103.0,0,331,0.0,0.0,-14,117.0
4201,104.0,0,331,0.0,0.0,-13,117.0
4202,105.0,0,331,0.0,0.0,-12,117.0
4203,106.0,0,331,0.0,0.0,-11,117.0
4204,107.0,0,331,0.0,0.0,-10,117.0
4205,108.0,0,331,0.0,0.0,-9,117.0
4206,109.0,0,331,0.0,0.0,-8,117.0
4207,110.0,0,331,0.0,0.0,-7,117.0
4208,111.0,0,331,0.0,0.0,-6,117.0
4209,112.0,0,331,0.0,0.0,-5,117.0
4210,113.0,0,331,0.0,0.0,-4,117.0
4211,114.0,0,331,0.0,0.0,-3,117.0
4212,115.0,0,331,0.0,0.0,-2,117.0
4213,116.0,0,331,0.0,0.0,-1,117.0
4214,117.0,1,331,1.0,0.0,0,117.0
4215,118.0,1,331,0.0,0.0,1,117.0
4216,119.0,1,331,0.0,0.0,2,117.0
4217,120.0,1,331,0.0,0.0,3,117.0
4218,121.0,1,331,0.0,0.0,4,117.0
4219,122.0,1,331,0.0,0.0,5,117.0
4220,123.0,1,331,0.0,0.0,6,117.0
4221,124.0,1,331,0.0,0.0,7,117.0
4222,125.0,1,331,0.0,0.0,8,117.0
4223,126.0,1,331,0.0,0.0,9,117.0
4224,127.0,1,331,0.0,0.0,10,117.0
4225,128.0,1,331,0.0,0.0,11,117.0
4226,129.0,1,331,0.0,0.0,12,117.0
4227,130.0,1,331,0.0,0.0,13,117.0
4228,137.0,0,332,0.0,0.0,-14,151.0
4229,138.0,0,332,0.0,1.0,-13,151.0
4230,139.0,0,332,0.0,1.0,-12,151.0
4231,140.0,0,332,0.0,1.0,-11,151.0
4232,141.0,0,332,0.0,0.0,-10,151.0
4233,142.0,0,332,0.0,1.0,-9,151.0
4234,143.0,0,332,0.0,0.0,-8,151.0
4235,144.0,0,332,0.0,0.0,-7,151.0
4236,145.0,0,332,0.0,0.0,-6,151.0
4237,146.0,0,332,0.0,0.0,-5,151.0
4238,147.0,0,332,0.0,0.0,-4,151.0
4239,148.0,0,332,0.0,0.0,-3,151.0
4240,149.0,0,332,1.0,0.0,-2,151.0
4241,150.0,0,332,0.0,0.0,-1,151.0
4242,151.0,1,332,2.0,0.0,0,151.0
4243,152.0,1,332,1.0,0.0,1,151.0
4244,153.0,1,332,0.0,1.0,2,151.0
4245,154.0,1,332,0.0,0.0,3,151.0
4246,155.0,1,332,0.0,0.0,4,151.0
4247,156.0,1,332,0.0,0.0,5,151.0
4248,157.0,1,332,0.0,0.0,6,151.0
4249,158.0,1,332,0.0,0.0,7,151.0
4250,159.0,1,332,0.0,0.0,8,151.0
4251,160.0,1,332,0.0,1.0,9,151.0
4252,161.0,1,332,1.0,0.0,10,151.0
4253,162.0,1,332,0.0,1.0,11,151.0
4254,163.0,1,332,0.0,0.0,12,151.0
4255,164.0,1,332,0.0,0.0,13,151.0
4256,25.0,0,333,13.0,65.0,-14,39.0
4257,26.0,0,333,23.0,83.0,-13,39.0
4258,27.0,0,333,13.0,55.0,-12,39.0
4259,28.0,0,333,15.0,48.0,-11,39.0
4260,29.0,0,333,12.0,44.0,-10,39.0
4261,30.0,0,333,11.0,31.0,-9,39.0
4262,31.0,0,333,6.0,33.0,-8,39.0
4263,32.0,0,333,9.0,25.0,-7,39.0
4264,33.0,0,333,9.0,35.0,-6,39.0
4265,34.0,0,333,9.0,29.0,-5,39.0
4266,35.0,0,333,6.0,20.0,-4,39.0
4267,36.0,0,333,8.0,18.0,-3,39.0
4268,37.0,0,333,9.0,28.0,-2,39.0
4269,38.0,0,333,4.0,21.0,-1,39.0
4270,39.0,1,333,506.0,57.0,0,39.0
4271,40.0,1,333,58.0,106.0,1,39.0
4272,41.0,1,333,69.0,175.0,2,39.0
4273,42.0,1,333,12.0,30.0,3,39.0
4274,43.0,1,333,15.0,31.0,4,39.0
4275,44.0,1,333,6.0,17.0,5,39.0
4276,45.0,1,333,3.0,11.0,6,39.0
4277,46.0,1,333,3.0,11.0,7,39.0
4278,47.0,1,333,10.0,5.0,8,39.0
4279,48.0,1,333,4.0,10.0,9,39.0
4280,49.0,1,333,3.0,31.0,10,39.0
4281,50.0,1,333,7.0,18.0,11,39.0
4282,51.0,1,333,169.0,294.0,12,39.0
4283,52.0,1,333,24.0,71.0,13,39.0
4284,156.0,0,338,0.0,0.0,-14,170.0
4285,157.0,0,338,0.0,2.0,-13,170.0
4286,158.0,0,338,0.0,1.0,-12,170.0
4287,159.0,0,338,0.0,0.0,-11,170.0
4288,160.0,0,338,0.0,3.0,-10,170.0
4289,161.0,0,338,0.0,3.0,-9,170.0
4290,162.0,0,338,0.0,2.0,-8,170.0
4291,163.0,0,338,18.0,3.0,-7,170.0
4292,164.0,0,338,0.0,1.0,-6,170.0
4293,165.0,0,338,0.0,2.0,-5,170.0
4294,166.0,0,338,0.0,2.0,-4,170.0
4295,167.0,0,338,0.0,1.0,-3,170.0
4296,168.0,0,338,0.0,1.0,-2,170.0
4297,169.0,0,338,0.0,2.0,-1,170.0
4298,170.0,1,338,2.0,1.0,0,170.0
4299,171.0,1,338,2.0,1.0,1,170.0
4300,172.0,1,338,0.0,2.0,2,170.0
4301,173.0,1,338,3.0,3.0,3,170.0
4302,174.0,1,338,0.0,1.0,4,170.0
4303,175.0,1,338,2.0,3.0,5,170.0
4304,176.0,1,338,0.0,4.0,6,170.0
4305,177.0,1,338,0.0,3.0,7,170.0
4306,178.0,1,338,0.0,1.0,8,170.0
4307,179.0,1,338,1.0,0.0,9,170.0
4308,180.0,1,338,1.0,2.0,10,170.0
4309,181.0,1,338,1.0,1.0,11,170.0
4310,182.0,1,338,0.0,1.0,12,170.0
4311,183.0,1,338,0.0,6.0,13,170.0
4312,229.0,0,342,0.0,0.0,-14,243.0
4313,230.0,0,342,0.0,0.0,-13,243.0
4314,231.0,0,342,0.0,0.0,-12,243.0
4315,232.0,0,342,0.0,0.0,-11,243.0
4316,233.0,0,342,0.0,0.0,-10,243.0
4317,234.0,0,342,0.0,0.0,-9,243.0
4318,235.0,0,342,1.0,0.0,-8,243.0
4319,236.0,0,342,0.0,0.0,-7,243.0
4320,237.0,0,342,0.0,0.0,-6,243.0
4321,238.0,0,342,0.0,0.0,-5,243.0
4322,239.0,0,342,0.0,0.0,-4,243.0
4323,240.0,0,342,0.0,0.0,-3,243.0
4324,241.0,0,342,0.0,0.0,-2,243.0
4325,242.0,0,342,0.0,0.0,-1,243.0
4326,243.0,1,342,0.0,0.0,0,243.0
4327,244.0,1,342,0.0,0.0,1,243.0
4328,245.0,1,342,0.0,0.0,2,243.0
4329,246.0,1,342,0.0,0.0,3,243.0
4330,247.0,1,342,0.0,0.0,4,243.0
4331,248.0,1,342,0.0,0.0,5,243.0
4332,249.0,1,342,0.0,0.0,6,243.0
4333,250.0,1,342,0.0,0.0,7,243.0
4334,251.0,1,342,0.0,0.0,8,243.0
4335,252.0,1,342,0.0,0.0,9,243.0
4336,253.0,1,342,0.0,0.0,10,243.0
4337,254.0,1,342,0.0,0.0,11,243.0
4338,255.0,1,342,0.0,0.0,12,243.0
4339,256.0,1,342,0.0,0.0,13,243.0
4340,-9.0,0,343,0.0,0.0,-14,5.0
4341,-8.0,0,343,0.0,0.0,-13,5.0
4342,-7.0,0,343,0.0,0.0,-12,5.0
4343,-6.0,0,343,0.0,0.0,-11,5.0
4344,-5.0,0,343,0.0,0.0,-10,5.0
4345,-4.0,0,343,0.0,0.0,-9,5.0
4346,-3.0,0,343,0.0,0.0,-8,5.0
4347,-2.0,0,343,0.0,398.0,-7,5.0
4348,-1.0,0,343,14.0,153.0,-6,5.0
4349,0.0,0,343,159.0,358.0,-5,5.0
4350,1.0,0,343,26.0,53.0,-4,5.0
4351,2.0,0,343,14.0,57.0,-3,5.0
4352,3.0,0,343,28.0,70.0,-2,5.0
4353,4.0,0,343,6.0,41.0,-1,5.0
4354,5.0,1,343,6.0,30.0,0,5.0
4355,6.0,1,343,0.0,30.0,1,5.0
4356,7.0,1,343,1.0,27.0,2,5.0
4357,8.0,1,343,18.0,88.0,3,5.0
4358,9.0,1,343,4.0,39.0,4,5.0
4359,10.0,1,343,13.0,56.0,5,5.0
4360,11.0,1,343,22.0,174.0,6,5.0
4361,12.0,1,343,4.0,46.0,7,5.0
4362,13.0,1,343,2.0,13.0,8,5.0
4363,14.0,1,343,1.0,9.0,9,5.0
4364,15.0,1,343,5.0,18.0,10,5.0
4365,16.0,1,343,0.0,11.0,11,5.0
4366,17.0,1,343,0.0,10.0,12,5.0
4367,18.0,1,343,0.0,7.0,13,5.0
4368,62.0,0,345,1.0,13.0,-14,76.0
4369,63.0,0,345,1.0,10.0,-13,76.0
4370,64.0,0,345,0.0,11.0,-12,76.0
4371,65.0,0,345,1.0,8.0,-11,76.0
4372,66.0,0,345,0.0,16.0,-10,76.0
4373,67.0,0,345,2.0,9.0,-9,76.0
4374,68.0,0,345,1.0,11.0,-8,76.0
4375,69.0,0,345,2.0,15.0,-7,76.0
4376,70.0,0,345,4.0,9.0,-6,76.0
4377,71.0,0,345,1.0,15.0,-5,76.0
4378,72.0,0,345,1.0,19.0,-4,76.0
4379,73.0,0,345,19.0,138.0,-3,76.0
4380,74.0,0,345,6.0,97.0,-2,76.0
4381,75.0,0,345,13.0,104.0,-1,76.0
4382,76.0,1,345,15.0,85.0,0,76.0
4383,77.0,1,345,6.0,22.0,1,76.0
4384,78.0,1,345,2.0,20.0,2,76.0
4385,79.0,1,345,0.0,22.0,3,76.0
4386,80.0,1,345,5.0,46.0,4,76.0
4387,81.0,1,345,2.0,20.0,5,76.0
4388,82.0,1,345,9.0,56.0,6,76.0
4389,83.0,1,345,2.0,19.0,7,76.0
4390,84.0,1,345,1.0,10.0,8,76.0
4391,85.0,1,345,0.0,38.0,9,76.0
4392,86.0,1,345,1.0,16.0,10,76.0
4393,87.0,1,345,1.0,25.0,11,76.0
4394,88.0,1,345,2.0,19.0,12,76.0
4395,89.0,1,345,2.0,17.0,13,76.0
4396,-7.0,0,347,0.0,0.0,-14,7.0
4397,-6.0,0,347,0.0,0.0,-13,7.0
4398,-5.0,0,347,0.0,0.0,-12,7.0
4399,-4.0,0,347,0.0,0.0,-11,7.0
4400,-3.0,0,347,0.0,0.0,-10,7.0
4401,-2.0,0,347,0.0,1.0,-9,7.0
4402,-1.0,0,347,0.0,0.0,-8,7.0
4403,0.0,0,347,0.0,0.0,-7,7.0
4404,1.0,0,347,0.0,1.0,-6,7.0
4405,2.0,0,347,0.0,1.0,-5,7.0
4406,3.0,0,347,0.0,2.0,-4,7.0
4407,4.0,0,347,0.0,1.0,-3,7.0
4408,5.0,0,347,0.0,3.0,-2,7.0
4409,6.0,0,347,0.0,0.0,-1,7.0
4410,7.0,1,347,4.0,9.0,0,7.0
4411,8.0,1,347,1.0,3.0,1,7.0
4412,9.0,1,347,0.0,1.0,2,7.0
4413,10.0,1,347,0.0,0.0,3,7.0
4414,11.0,1,347,0.0,1.0,4,7.0
4415,12.0,1,347,0.0,1.0,5,7.0
4416,13.0,1,347,0.0,0.0,6,7.0
4417,14.0,1,347,0.0,1.0,7,7.0
4418,15.0,1,347,0.0,1.0,8,7.0
4419,16.0,1,347,0.0,1.0,9,7.0
4420,17.0,1,347,0.0,1.0,10,7.0
4421,18.0,1,347,0.0,0.0,11,7.0
4422,19.0,1,347,0.0,2.0,12,7.0
4423,20.0,1,347,0.0,2.0,13,7.0
4424,185.0,0,351,2.0,2.0,-14,199.0
4425,186.0,0,351,1.0,2.0,-13,199.0
4426,187.0,0,351,2.0,1.0,-12,199.0
4427,188.0,0,351,0.0,2.0,-11,199.0
4428,189.0,0,351,1.0,2.0,-10,199.0
4429,190.0,0,351,0.0,1.0,-9,199.0
4430,191.0,0,351,0.0,1.0,-8,199.0
4431,192.0,0,351,0.0,1.0,-7,199.0
4432,193.0,0,351,0.0,2.0,-6,199.0
4433,194.0,0,351,0.0,0.0,-5,199.0
4434,195.0,0,351,1.0,0.0,-4,199.0
4435,196.0,0,351,0.0,1.0,-3,199.0
4436,197.0,0,351,3.0,1.0,-2,199.0
4437,198.0,0,351,0.0,3.0,-1,199.0
4438,199.0,1,351,3.0,1.0,0,199.0
4439,200.0,1,351,0.0,1.0,1,199.0
4440,201.0,1,351,0.0,0.0,2,199.0
4441,202.0,1,351,0.0,4.0,3,199.0
4442,203.0,1,351,0.0,2.0,4,199.0
4443,204.0,1,351,0.0,3.0,5,199.0
4444,205.0,1,351,1.0,3.0,6,199.0
4445,206.0,1,351,2.0,1.0,7,199.0
4446,207.0,1,351,0.0,2.0,8,199.0
4447,208.0,1,351,0.0,4.0,9,199.0
4448,209.0,1,351,1.0,1.0,10,199.0
4449,210.0,1,351,1.0,2.0,11,199.0
4450,211.0,1,351,0.0,1.0,12,199.0
4451,212.0,1,351,0.0,0.0,13,199.0
4452,209.0,0,352,0.0,0.0,-14,223.0
4453,210.0,0,352,0.0,0.0,-13,223.0
4454,211.0,0,352,0.0,0.0,-12,223.0
4455,212.0,0,352,0.0,0.0,-11,223.0
4456,213.0,0,352,1.0,0.0,-10,223.0
4457,214.0,0,352,0.0,0.0,-9,223.0
4458,215.0,0,352,0.0,1.0,-8,223.0
4459,216.0,0,352,0.0,0.0,-7,223.0
4460,217.0,0,352,0.0,0.0,-6,223.0
4461,218.0,0,352,0.0,2.0,-5,223.0
4462,219.0,0,352,0.0,0.0,-4,223.0
4463,220.0,0,352,0.0,0.0,-3,223.0
4464,221.0,0,352,0.0,0.0,-2,223.0
4465,222.0,0,352,0.0,0.0,-1,223.0
4466,223.0,1,352,1.0,0.0,0,223.0
4467,224.0,1,352,1.0,0.0,1,223.0
4468,225.0,1,352,0.0,0.0,2,223.0
4469,226.0,1,352,0.0,0.0,3,223.0
4470,227.0,1,352,0.0,1.0,4,223.0
4471,228.0,1,352,0.0,2.0,5,223.0
4472,229.0,1,352,3.0,1.0,6,223.0
4473,230.0,1,352,0.0,1.0,7,223.0
4474,231.0,1,352,1.0,1.0,8,223.0
4475,232.0,1,352,0.0,0.0,9,223.0
4476,233.0,1,352,0.0,2.0,10,223.0
4477,234.0,1,352,0.0,0.0,11,223.0
4478,235.0,1,352,0.0,0.0,12,223.0
4479,236.0,1,352,0.0,1.0,13,223.0
4480,73.0,0,353,0.0,0.0,-14,87.0
4481,74.0,0,353,0.0,0.0,-13,87.0
4482,75.0,0,353,0.0,0.0,-12,87.0
4483,76.0,0,353,0.0,0.0,-11,87.0
4484,77.0,0,353,0.0,1.0,-10,87.0
4485,78.0,0,353,0.0,1.0,-9,87.0
4486,79.0,0,353,0.0,2.0,-8,87.0
4487,80.0,0,353,0.0,0.0,-7,87.0
4488,81.0,0,353,0.0,0.0,-6,87.0
4489,82.0,0,353,0.0,0.0,-5,87.0
4490,83.0,0,353,0.0,0.0,-4,87.0
4491,84.0,0,353,0.0,1.0,-3,87.0
4492,85.0,0,353,0.0,0.0,-2,87.0
4493,86.0,0,353,0.0,0.0,-1,87.0
4494,87.0,1,353,0.0,0.0,0,87.0
4495,88.0,1,353,0.0,0.0,1,87.0
4496,89.0,1,353,0.0,2.0,2,87.0
4497,90.0,1,353,0.0,0.0,3,87.0
4498,91.0,1,353,0.0,0.0,4,87.0
4499,92.0,1,353,0.0,0.0,5,87.0
4500,93.0,1,353,2.0,1.0,6,87.0
4501,94.0,1,353,1.0,0.0,7,87.0
4502,95.0,1,353,0.0,0.0,8,87.0
4503,96.0,1,353,0.0,0.0,9,87.0
4504,97.0,1,353,0.0,0.0,10,87.0
4505,98.0,1,353,0.0,0.0,11,87.0
4506,99.0,1,353,0.0,0.0,12,87.0
4507,100.0,1,353,0.0,0.0,13,87.0
4508,141.0,0,354,0.0,0.0,-14,155.0
4509,142.0,0,354,0.0,0.0,-13,155.0
4510,143.0,0,354,0.0,0.0,-12,155.0
4511,144.0,0,354,0.0,0.0,-11,155.0
4512,145.0,0,354,0.0,0.0,-10,155.0
4513,146.0,0,354,0.0,0.0,-9,155.0
4514,147.0,0,354,0.0,0.0,-8,155.0
4515,148.0,0,354,0.0,0.0,-7,155.0
4516,149.0,0,354,1.0,0.0,-6,155.0
4517,150.0,0,354,0.0,0.0,-5,155.0
4518,151.0,0,354,0.0,0.0,-4,155.0
4519,152.0,0,354,0.0,0.0,-3,155.0
4520,153.0,0,354,0.0,0.0,-2,155.0
4521,154.0,0,354,0.0,1.0,-1,155.0
4522,155.0,1,354,0.0,0.0,0,155.0
4523,156.0,1,354,0.0,0.0,1,155.0
4524,157.0,1,354,0.0,0.0,2,155.0
4525,158.0,1,354,0.0,0.0,3,155.0
4526,159.0,1,354,0.0,0.0,4,155.0
4527,160.0,1,354,0.0,0.0,5,155.0
4528,161.0,1,354,0.0,0.0,6,155.0
4529,162.0,1,354,0.0,0.0,7,155.0
4530,163.0,1,354,0.0,0.0,8,155.0
4531,164.0,1,354,0.0,0.0,9,155.0
4532,165.0,1,354,1.0,0.0,10,155.0
4533,166.0,1,354,0.0,0.0,11,155.0
4534,167.0,1,354,0.0,2.0,12,155.0
4535,168.0,1,354,0.0,0.0,13,155.0
4536,5.0,0,355,1.0,5.0,-14,19.0
4537,6.0,0,355,2.0,7.0,-13,19.0
4538,7.0,0,355,0.0,3.0,-12,19.0
4539,8.0,0,355,0.0,3.0,-11,19.0
4540,9.0,0,355,0.0,2.0,-10,19.0
4541,10.0,0,355,0.0,0.0,-9,19.0
4542,11.0,0,355,0.0,2.0,-8,19.0
4543,12.0,0,355,0.0,2.0,-7,19.0
4544,13.0,0,355,0.0,0.0,-6,19.0
4545,14.0,0,355,0.0,0.0,-5,19.0
4546,15.0,0,355,0.0,0.0,-4,19.0
4547,16.0,0,355,1.0,2.0,-3,19.0
4548,17.0,0,355,0.0,3.0,-2,19.0
4549,18.0,0,355,0.0,0.0,-1,19.0
4550,19.0,1,355,5.0,2.0,0,19.0
4551,20.0,1,355,0.0,2.0,1,19.0
4552,21.0,1,355,1.0,2.0,2,19.0
4553,22.0,1,355,1.0,0.0,3,19.0
4554,23.0,1,355,0.0,1.0,4,19.0
4555,24.0,1,355,0.0,1.0,5,19.0
4556,25.0,1,355,1.0,1.0,6,19.0
4557,26.0,1,355,0.0,2.0,7,19.0
4558,27.0,1,355,1.0,1.0,8,19.0
4559,28.0,1,355,0.0,0.0,9,19.0
4560,29.0,1,355,0.0,2.0,10,19.0
4561,30.0,1,355,0.0,0.0,11,19.0
4562,31.0,1,355,0.0,0.0,12,19.0
4563,32.0,1,355,0.0,0.0,13,19.0
4564,-7.0,0,357,0.0,0.0,-14,7.0
4565,-6.0,0,357,0.0,0.0,-13,7.0
4566,-5.0,0,357,0.0,0.0,-12,7.0
4567,-4.0,0,357,0.0,0.0,-11,7.0
4568,-3.0,0,357,0.0,0.0,-10,7.0
4569,-2.0,0,357,0.0,0.0,-9,7.0
4570,-1.0,0,357,0.0,0.0,-8,7.0
4571,0.0,0,357,0.0,0.0,-7,7.0
4572,1.0,0,357,0.0,0.0,-6,7.0
4573,2.0,0,357,0.0,0.0,-5,7.0
4574,3.0,0,357,0.0,0.0,-4,7.0
4575,4.0,0,357,694.0,2198.0,-3,7.0
4576,5.0,0,357,2702.0,4932.0,-2,7.0
4577,6.0,0,357,4045.0,5021.0,-1,7.0
4578,7.0,1,357,1492.0,5602.0,0,7.0
4579,8.0,1,357,5808.0,18393.0,1,7.0
4580,9.0,1,357,2210.0,7736.0,2,7.0
4581,10.0,1,357,740.0,6334.0,3,7.0
4582,11.0,1,357,453.0,6291.0,4,7.0
4583,12.0,1,357,425.0,1181.0,5,7.0
4584,13.0,1,357,157.0,2565.0,6,7.0
4585,14.0,1,357,163.0,1709.0,7,7.0
4586,15.0,1,357,119.0,788.0,8,7.0
4587,16.0,1,357,21.0,539.0,9,7.0
4588,17.0,1,357,51.0,1748.0,10,7.0
4589,18.0,1,357,44.0,679.0,11,7.0
4590,19.0,1,357,33.0,463.0,12,7.0
4591,20.0,1,357,30.0,471.0,13,7.0
4592,247.0,0,363,0.0,2.0,-14,261.0
4593,248.0,0,363,0.0,1.0,-13,261.0
4594,249.0,0,363,3.0,4.0,-12,261.0
4595,250.0,0,363,0.0,2.0,-11,261.0
4596,251.0,0,363,0.0,1.0,-10,261.0
4597,252.0,0,363,0.0,3.0,-9,261.0
4598,253.0,0,363,2.0,1.0,-8,261.0
4599,254.0,0,363,3.0,2.0,-7,261.0
4600,255.0,0,363,1.0,4.0,-6,261.0
4601,256.0,0,363,2.0,2.0,-5,261.0
4602,257.0,0,363,0.0,2.0,-4,261.0
4603,258.0,0,363,0.0,2.0,-3,261.0
4604,259.0,0,363,2.0,2.0,-2,261.0
4605,260.0,0,363,1.0,5.0,-1,261.0
4606,261.0,1,363,0.0,2.0,0,261.0
4607,262.0,1,363,0.0,4.0,1,261.0
4608,263.0,1,363,0.0,1.0,2,261.0
4609,264.0,1,363,1.0,2.0,3,261.0
4610,265.0,1,363,2.0,1.0,4,261.0
4611,266.0,1,363,1.0,2.0,5,261.0
4612,267.0,1,363,0.0,0.0,6,261.0
4613,268.0,1,363,1.0,0.0,7,261.0
4614,269.0,1,363,0.0,2.0,8,261.0
4615,270.0,1,363,4.0,2.0,9,261.0
4616,271.0,1,363,0.0,2.0,10,261.0
4617,272.0,1,363,1.0,1.0,11,261.0
4618,273.0,1,363,0.0,0.0,12,261.0
4619,274.0,1,363,1.0,1.0,13,261.0
4620,229.0,0,364,0.0,0.0,-14,243.0
4621,230.0,0,364,0.0,0.0,-13,243.0
4622,231.0,0,364,0.0,0.0,-12,243.0
4623,232.0,0,364,0.0,0.0,-11,243.0
4624,233.0,0,364,0.0,0.0,-10,243.0
4625,234.0,0,364,0.0,0.0,-9,243.0
4626,235.0,0,364,0.0,1.0,-8,243.0
4627,236.0,0,364,0.0,0.0,-7,243.0
4628,237.0,0,364,0.0,0.0,-6,243.0
4629,238.0,0,364,0.0,0.0,-5,243.0
4630,239.0,0,364,0.0,0.0,-4,243.0
4631,240.0,0,364,0.0,0.0,-3,243.0
4632,241.0,0,364,0.0,0.0,-2,243.0
4633,242.0,0,364,0.0,0.0,-1,243.0
4634,243.0,1,364,0.0,0.0,0,243.0
4635,244.0,1,364,0.0,0.0,1,243.0
4636,245.0,1,364,0.0,0.0,2,243.0
4637,246.0,1,364,0.0,0.0,3,243.0
4638,247.0,1,364,1.0,0.0,4,243.0
4639,248.0,1,364,0.0,0.0,5,243.0
4640,249.0,1,364,0.0,0.0,6,243.0
4641,250.0,1,364,1.0,0.0,7,243.0
4642,251.0,1,364,0.0,0.0,8,243.0
4643,252.0,1,364,0.0,0.0,9,243.0
4644,253.0,1,364,0.0,0.0,10,243.0
4645,254.0,1,364,0.0,0.0,11,243.0
4646,255.0,1,364,0.0,0.0,12,243.0
4647,256.0,1,364,0.0,0.0,13,243.0
4648,114.0,0,366,0.0,3.0,-14,128.0
4649,115.0,0,366,2.0,1.0,-13,128.0
4650,116.0,0,366,0.0,1.0,-12,128.0
4651,117.0,0,366,0.0,3.0,-11,128.0
4652,118.0,0,366,0.0,0.0,-10,128.0
4653,119.0,0,366,3.0,4.0,-9,128.0
4654,120.0,0,366,1.0,3.0,-8,128.0
4655,121.0,0,366,1.0,3.0,-7,128.0
4656,122.0,0,366,1.0,3.0,-6,128.0
4657,123.0,0,366,2.0,1.0,-5,128.0
4658,124.0,0,366,2.0,1.0,-4,128.0
4659,125.0,0,366,1.0,1.0,-3,128.0
4660,126.0,0,366,0.0,4.0,-2,128.0
4661,127.0,0,366,0.0,3.0,-1,128.0
4662,128.0,1,366,8.0,6.0,0,128.0
4663,129.0,1,366,0.0,6.0,1,128.0
4664,130.0,1,366,0.0,3.0,2,128.0
4665,131.0,1,366,4.0,9.0,3,128.0
4666,132.0,1,366,2.0,5.0,4,128.0
4667,133.0,1,366,0.0,9.0,5,128.0
4668,134.0,1,366,0.0,4.0,6,128.0
4669,135.0,1,366,0.0,2.0,7,128.0
4670,136.0,1,366,0.0,3.0,8,128.0
4671,137.0,1,366,0.0,1.0,9,128.0
4672,138.0,1,366,0.0,4.0,10,128.0
4673,139.0,1,366,1.0,3.0,11,128.0
4674,140.0,1,366,4.0,12.0,12,128.0
4675,141.0,1,366,0.0,4.0,13,128.0
4676,209.0,0,368,0.0,1.0,-14,223.0
4677,210.0,0,368,0.0,0.0,-13,223.0
4678,211.0,0,368,0.0,2.0,-12,223.0
4679,212.0,0,368,0.0,0.0,-11,223.0
4680,213.0,0,368,0.0,2.0,-10,223.0
4681,214.0,0,368,0.0,0.0,-9,223.0
4682,215.0,0,368,0.0,0.0,-8,223.0
4683,216.0,0,368,0.0,0.0,-7,223.0
4684,217.0,0,368,0.0,0.0,-6,223.0
4685,218.0,0,368,0.0,0.0,-5,223.0
4686,219.0,0,368,1.0,0.0,-4,223.0
4687,220.0,0,368,0.0,1.0,-3,223.0
4688,221.0,0,368,0.0,1.0,-2,223.0
4689,222.0,0,368,0.0,1.0,-1,223.0
4690,223.0,1,368,0.0,0.0,0,223.0
4691,224.0,1,368,0.0,0.0,1,223.0
4692,225.0,1,368,0.0,0.0,2,223.0
4693,226.0,1,368,0.0,0.0,3,223.0
4694,227.0,1,368,0.0,0.0,4,223.0
4695,228.0,1,368,0.0,0.0,5,223.0
4696,229.0,1,368,0.0,0.0,6,223.0
4697,230.0,1,368,0.0,1.0,7,223.0
4698,231.0,1,368,0.0,0.0,8,223.0
4699,232.0,1,368,0.0,0.0,9,223.0
4700,233.0,1,368,0.0,1.0,10,223.0
4701,234.0,1,368,0.0,0.0,11,223.0
4702,235.0,1,368,0.0,0.0,12,223.0
4703,236.0,1,368,0.0,0.0,13,223.0
4704,216.0,0,375,0.0,0.0,-14,230.0
4705,217.0,0,375,0.0,0.0,-13,230.0
4706,218.0,0,375,0.0,0.0,-12,230.0
4707,219.0,0,375,0.0,0.0,-11,230.0
4708,220.0,0,375,0.0,0.0,-10,230.0
4709,221.0,0,375,0.0,0.0,-9,230.0
4710,222.0,0,375,0.0,0.0,-8,230.0
4711,223.0,0,375,0.0,0.0,-7,230.0
4712,224.0,0,375,0.0,0.0,-6,230.0
4713,225.0,0,375,0.0,0.0,-5,230.0
4714,226.0,0,375,0.0,0.0,-4,230.0
4715,227.0,0,375,0.0,0.0,-3,230.0
4716,228.0,0,375,0.0,0.0,-2,230.0
4717,229.0,0,375,0.0,0.0,-1,230.0
4718,230.0,1,375,0.0,1.0,0,230.0
4719,231.0,1,375,0.0,0.0,1,230.0
4720,232.0,1,375,0.0,0.0,2,230.0
4721,233.0,1,375,0.0,0.0,3,230.0
4722,234.0,1,375,0.0,0.0,4,230.0
4723,235.0,1,375,0.0,1.0,5,230.0
4724,236.0,1,375,0.0,0.0,6,230.0
4725,237.0,1,375,0.0,0.0,7,230.0
4726,238.0,1,375,0.0,0.0,8,230.0
4727,239.0,1,375,0.0,0.0,9,230.0
4728,240.0,1,375,0.0,0.0,10,230.0
4729,241.0,1,375,0.0,0.0,11,230.0
4730,242.0,1,375,0.0,0.0,12,230.0
4731,243.0,1,375,0.0,0.0,13,230.0
4732,114.0,0,377,0.0,0.0,-14,128.0
4733,115.0,0,377,0.0,0.0,-13,128.0
4734,116.0,0,377,1.0,0.0,-12,128.0
4735,117.0,0,377,0.0,0.0,-11,128.0
4736,118.0,0,377,0.0,0.0,-10,128.0
4737,119.0,0,377,0.0,1.0,-9,128.0
4738,120.0,0,377,0.0,0.0,-8,128.0
4739,121.0,0,377,0.0,1.0,-7,128.0
4740,122.0,0,377,0.0,1.0,-6,128.0
4741,123.0,0,377,0.0,0.0,-5,128.0
4742,124.0,0,377,0.0,1.0,-4,128.0
4743,125.0,0,377,0.0,2.0,-3,128.0
4744,126.0,0,377,0.0,1.0,-2,128.0
4745,127.0,0,377,0.0,1.0,-1,128.0
4746,128.0,1,377,1.0,1.0,0,128.0
4747,129.0,1,377,0.0,1.0,1,128.0
4748,130.0,1,377,0.0,0.0,2,128.0
4749,131.0,1,377,0.0,0.0,3,128.0
4750,132.0,1,377,0.0,0.0,4,128.0
4751,133.0,1,377,0.0,0.0,5,128.0
4752,134.0,1,377,1.0,1.0,6,128.0
4753,135.0,1,377,0.0,0.0,7,128.0
4754,136.0,1,377,0.0,0.0,8,128.0
4755,137.0,1,377,0.0,0.0,9,128.0
4756,138.0,1,377,1.0,1.0,10,128.0
4757,139.0,1,377,0.0,0.0,11,128.0
4758,140.0,1,377,0.0,0.0,12,128.0
4759,141.0,1,377,0.0,0.0,13,128.0
4760,240.0,0,379,0.0,0.0,-14,254.0
4761,241.0,0,379,1.0,1.0,-13,254.0
4762,242.0,0,379,0.0,0.0,-12,254.0
4763,243.0,0,379,0.0,0.0,-11,254.0
4764,244.0,0,379,0.0,1.0,-10,254.0
4765,245.0,0,379,3.0,2.0,-9,254.0
4766,246.0,0,379,1.0,0.0,-8,254.0
4767,247.0,0,379,0.0,0.0,-7,254.0
4768,248.0,0,379,0.0,0.0,-6,254.0
4769,249.0,0,379,0.0,0.0,-5,254.0
4770,250.0,0,379,0.0,0.0,-4,254.0
4771,251.0,0,379,0.0,0.0,-3,254.0
4772,252.0,0,379,0.0,1.0,-2,254.0
4773,253.0,0,379,0.0,0.0,-1,254.0
4774,254.0,1,379,1.0,0.0,0,254.0
4775,255.0,1,379,0.0,0.0,1,254.0
4776,256.0,1,379,0.0,0.0,2,254.0
4777,257.0,1,379,1.0,0.0,3,254.0
4778,258.0,1,379,0.0,2.0,4,254.0
4779,259.0,1,379,0.0,0.0,5,254.0
4780,260.0,1,379,0.0,0.0,6,254.0
4781,261.0,1,379,0.0,0.0,7,254.0
4782,262.0,1,379,0.0,1.0,8,254.0
4783,263.0,1,379,0.0,0.0,9,254.0
4784,264.0,1,379,0.0,0.0,10,254.0
4785,265.0,1,379,1.0,0.0,11,254.0
4786,266.0,1,379,0.0,0.0,12,254.0
4787,267.0,1,379,0.0,0.0,13,254.0
4788,-14.0,0,381,0.0,0.0,-14,0.0
4789,-13.0,0,381,0.0,0.0,-13,0.0
4790,-12.0,0,381,0.0,0.0,-12,0.0
4791,-11.0,0,381,0.0,0.0,-11,0.0
4792,-10.0,0,381,0.0,0.0,-10,0.0
4793,-9.0,0,381,0.0,0.0,-9,0.0
4794,-8.0,0,381,0.0,0.0,-8,0.0
4795,-7.0,0,381,0.0,0.0,-7,0.0
4796,-6.0,0,381,0.0,1.0,-6,0.0
4797,-5.0,0,381,0.0,0.0,-5,0.0
4798,-4.0,0,381,0.0,1.0,-4,0.0
4799,-3.0,0,381,0.0,6.0,-3,0.0
4800,-2.0,0,381,0.0,15.0,-2,0.0
4801,-1.0,0,381,2.0,14.0,-1,0.0
4802,0.0,1,381,246.0,139.0,0,0.0
4803,1.0,1,381,7.0,46.0,1,0.0
4804,2.0,1,381,3.0,22.0,2,0.0
4805,3.0,1,381,0.0,16.0,3,0.0
4806,4.0,1,381,1.0,43.0,4,0.0
4807,5.0,1,381,0.0,60.0,5,0.0
4808,6.0,1,381,19.0,343.0,6,0.0
4809,7.0,1,381,3.0,93.0,7,0.0
4810,8.0,1,381,5.0,136.0,8,0.0
4811,9.0,1,381,22.0,819.0,9,0.0
4812,10.0,1,381,16.0,549.0,10,0.0
4813,11.0,1,381,3.0,138.0,11,0.0
4814,12.0,1,381,20.0,362.0,12,0.0
4815,13.0,1,381,4.0,110.0,13,0.0
4816,-7.0,0,382,0.0,0.0,-14,7.0
4817,-6.0,0,382,0.0,0.0,-13,7.0
4818,-5.0,0,382,0.0,0.0,-12,7.0
4819,-4.0,0,382,0.0,0.0,-11,7.0
4820,-3.0,0,382,0.0,0.0,-10,7.0
4821,-2.0,0,382,0.0,0.0,-9,7.0
4822,-1.0,0,382,0.0,0.0,-8,7.0
4823,0.0,0,382,0.0,0.0,-7,7.0
4824,1.0,0,382,0.0,0.0,-6,7.0
4825,2.0,0,382,0.0,0.0,-5,7.0
4826,3.0,0,382,0.0,0.0,-4,7.0
4827,4.0,0,382,638.0,109.0,-3,7.0
4828,5.0,0,382,1499.0,1061.0,-2,7.0
4829,6.0,0,382,1474.0,1042.0,-1,7.0
4830,7.0,1,382,214.0,674.0,0,7.0
4831,8.0,1,382,192.0,529.0,1,7.0
4832,9.0,1,382,417.0,826.0,2,7.0
4833,10.0,1,382,270.0,835.0,3,7.0
4834,11.0,1,382,98.0,352.0,4,7.0
4835,12.0,1,382,194.0,428.0,5,7.0
4836,13.0,1,382,93.0,407.0,6,7.0
4837,14.0,1,382,14.0,176.0,7,7.0
4838,15.0,1,382,11.0,122.0,8,7.0
4839,16.0,1,382,3.0,53.0,9,7.0
4840,17.0,1,382,6.0,64.0,10,7.0
4841,18.0,1,382,8.0,58.0,11,7.0
4842,19.0,1,382,3.0,59.0,12,7.0
4843,20.0,1,382,2.0,38.0,13,7.0
4844,-9.0,0,383,0.0,0.0,-14,5.0
4845,-8.0,0,383,0.0,0.0,-13,5.0
4846,-7.0,0,383,0.0,0.0,-12,5.0
4847,-6.0,0,383,0.0,0.0,-11,5.0
4848,-5.0,0,383,0.0,0.0,-10,5.0
4849,-4.0,0,383,0.0,0.0,-9,5.0
4850,-3.0,0,383,0.0,1.0,-8,5.0
4851,-2.0,0,383,0.0,0.0,-7,5.0
4852,-1.0,0,383,1.0,6.0,-6,5.0
4853,0.0,0,383,4.0,13.0,-5,5.0
4854,1.0,0,383,1.0,8.0,-4,5.0
4855,2.0,0,383,5.0,25.0,-3,5.0
4856,3.0,0,383,5.0,11.0,-2,5.0
4857,4.0,0,383,6.0,15.0,-1,5.0
4858,5.0,1,383,20.0,45.0,0,5.0
4859,6.0,1,383,13.0,48.0,1,5.0
4860,7.0,1,383,4.0,18.0,2,5.0
4861,8.0,1,383,1.0,22.0,3,5.0
4862,9.0,1,383,4.0,26.0,4,5.0
4863,10.0,1,383,1.0,15.0,5,5.0
4864,11.0,1,383,5.0,35.0,6,5.0
4865,12.0,1,383,2.0,17.0,7,5.0
4866,13.0,1,383,0.0,16.0,8,5.0
4867,14.0,1,383,2.0,54.0,9,5.0
4868,15.0,1,383,3.0,37.0,10,5.0
4869,16.0,1,383,0.0,24.0,11,5.0
4870,17.0,1,383,0.0,20.0,12,5.0
4871,18.0,1,383,4.0,99.0,13,5.0
4872,109.0,0,384,0.0,0.0,-14,123.0
4873,110.0,0,384,0.0,0.0,-13,123.0
4874,111.0,0,384,0.0,0.0,-12,123.0
4875,112.0,0,384,4.0,1.0,-11,123.0
4876,113.0,0,384,2.0,4.0,-10,123.0
4877,114.0,0,384,1.0,1.0,-9,123.0
4878,115.0,0,384,0.0,1.0,-8,123.0
4879,116.0,0,384,1.0,0.0,-7,123.0
4880,117.0,0,384,0.0,0.0,-6,123.0
4881,118.0,0,384,0.0,0.0,-5,123.0
4882,119.0,0,384,1.0,0.0,-4,123.0
4883,120.0,0,384,0.0,1.0,-3,123.0
4884,121.0,0,384,1.0,2.0,-2,123.0
4885,122.0,0,384,2.0,1.0,-1,123.0
4886,123.0,1,384,18.0,4.0,0,123.0
4887,124.0,1,384,2.0,1.0,1,123.0
4888,125.0,1,384,1.0,1.0,2,123.0
4889,126.0,1,384,0.0,0.0,3,123.0
4890,127.0,1,384,1.0,2.0,4,123.0
4891,128.0,1,384,1.0,0.0,5,123.0
4892,129.0,1,384,1.0,0.0,6,123.0
4893,130.0,1,384,0.0,0.0,7,123.0
4894,131.0,1,384,0.0,1.0,8,123.0
4895,132.0,1,384,1.0,0.0,9,123.0
4896,133.0,1,384,0.0,1.0,10,123.0
4897,134.0,1,384,1.0,1.0,11,123.0
4898,135.0,1,384,0.0,0.0,12,123.0
4899,136.0,1,384,1.0,0.0,13,123.0
4900,233.0,0,385,0.0,0.0,-14,247.0
4901,234.0,0,385,0.0,1.0,-13,247.0
4902,235.0,0,385,0.0,1.0,-12,247.0
4903,236.0,0,385,0.0,1.0,-11,247.0
4904,237.0,0,385,0.0,1.0,-10,247.0
4905,238.0,0,385,2.0,0.0,-9,247.0
4906,239.0,0,385,0.0,1.0,-8,247.0
4907,240.0,0,385,0.0,0.0,-7,247.0
4908,241.0,0,385,0.0,1.0,-6,247.0
4909,242.0,0,385,0.0,0.0,-5,247.0
4910,243.0,0,385,0.0,0.0,-4,247.0
4911,244.0,0,385,0.0,2.0,-3,247.0
4912,245.0,0,385,0.0,1.0,-2,247.0
4913,246.0,0,385,0.0,1.0,-1,247.0
4914,247.0,1,385,1.0,1.0,0,247.0
4915,248.0,1,385,0.0,0.0,1,247.0
4916,249.0,1,385,0.0,0.0,2,247.0
4917,250.0,1,385,0.0,1.0,3,247.0
4918,251.0,1,385,0.0,1.0,4,247.0
4919,252.0,1,385,0.0,0.0,5,247.0
4920,253.0,1,385,0.0,0.0,6,247.0
4921,254.0,1,385,0.0,1.0,7,247.0
4922,255.0,1,385,0.0,1.0,8,247.0
4923,256.0,1,385,0.0,0.0,9,247.0
4924,257.0,1,385,1.0,1.0,10,247.0
4925,258.0,1,385,0.0,2.0,11,247.0
4926,259.0,1,385,0.0,1.0,12,247.0
4927,260.0,1,385,0.0,0.0,13,247.0
4928,-8.0,0,388,0.0,1.0,-14,6.0
4929,-7.0,0,388,0.0,0.0,-13,6.0
4930,-6.0,0,388,0.0,0.0,-12,6.0
4931,-5.0,0,388,0.0,0.0,-11,6.0
4932,-4.0,0,388,0.0,1.0,-10,6.0
4933,-3.0,0,388,0.0,0.0,-9,6.0
4934,-2.0,0,388,0.0,0.0,-8,6.0
4935,-1.0,0,388,0.0,0.0,-7,6.0
4936,0.0,0,388,0.0,0.0,-6,6.0
4937,1.0,0,388,0.0,1.0,-5,6.0
4938,2.0,0,388,0.0,0.0,-4,6.0
4939,3.0,0,388,0.0,2.0,-3,6.0
4940,4.0,0,388,0.0,0.0,-2,6.0
4941,5.0,0,388,0.0,19.0,-1,6.0
4942,6.0,1,388,6.0,17.0,0,6.0
4943,7.0,1,388,0.0,16.0,1,6.0
4944,8.0,1,388,0.0,8.0,2,6.0
4945,9.0,1,388,0.0,21.0,3,6.0
4946,10.0,1,388,0.0,19.0,4,6.0
4947,11.0,1,388,0.0,17.0,5,6.0
4948,12.0,1,388,0.0,20.0,6,6.0
4949,13.0,1,388,1.0,17.0,7,6.0
4950,14.0,1,388,0.0,8.0,8,6.0
4951,15.0,1,388,0.0,3.0,9,6.0
4952,16.0,1,388,0.0,5.0,10,6.0
4953,17.0,1,388,0.0,6.0,11,6.0
4954,18.0,1,388,0.0,4.0,12,6.0
4955,19.0,1,388,0.0,2.0,13,6.0
4956,209.0,0,390,1.0,0.0,-14,223.0
4957,210.0,0,390,0.0,1.0,-13,223.0
4958,211.0,0,390,0.0,1.0,-12,223.0
4959,212.0,0,390,2.0,0.0,-11,223.0
4960,213.0,0,390,0.0,1.0,-10,223.0
4961,214.0,0,390,0.0,0.0,-9,223.0
4962,215.0,0,390,0.0,0.0,-8,223.0
4963,216.0,0,390,0.0,1.0,-7,223.0
4964,217.0,0,390,1.0,0.0,-6,223.0
4965,218.0,0,390,4.0,8.0,-5,223.0
4966,219.0,0,390,1.0,0.0,-4,223.0
4967,220.0,0,390,0.0,1.0,-3,223.0
4968,221.0,0,390,2.0,0.0,-2,223.0
4969,222.0,0,390,1.0,1.0,-1,223.0
4970,223.0,1,390,0.0,2.0,0,223.0
4971,224.0,1,390,0.0,0.0,1,223.0
4972,225.0,1,390,0.0,1.0,2,223.0
4973,226.0,1,390,2.0,0.0,3,223.0
4974,227.0,1,390,0.0,1.0,4,223.0
4975,228.0,1,390,0.0,0.0,5,223.0
4976,229.0,1,390,0.0,0.0,6,223.0
4977,230.0,1,390,0.0,1.0,7,223.0
4978,231.0,1,390,0.0,0.0,8,223.0
4979,232.0,1,390,1.0,1.0,9,223.0
4980,233.0,1,390,0.0,0.0,10,223.0
4981,234.0,1,390,1.0,1.0,11,223.0
4982,235.0,1,390,2.0,0.0,12,223.0
4983,236.0,1,390,4.0,2.0,13,223.0
4984,59.0,0,393,0.0,0.0,-14,73.0
4985,60.0,0,393,0.0,2.0,-13,73.0
4986,61.0,0,393,0.0,0.0,-12,73.0
4987,62.0,0,393,0.0,0.0,-11,73.0
4988,63.0,0,393,0.0,1.0,-10,73.0
4989,64.0,0,393,2.0,1.0,-9,73.0
4990,65.0,0,393,0.0,0.0,-8,73.0
4991,66.0,0,393,0.0,0.0,-7,73.0
4992,67.0,0,393,0.0,1.0,-6,73.0
4993,68.0,0,393,0.0,0.0,-5,73.0
4994,69.0,0,393,0.0,0.0,-4,73.0
4995,70.0,0,393,2.0,5.0,-3,73.0
4996,71.0,0,393,0.0,1.0,-2,73.0
4997,72.0,0,393,0.0,2.0,-1,73.0
4998,73.0,1,393,1.0,1.0,0,73.0
4999,74.0,1,393,1.0,1.0,1,73.0
5000,75.0,1,393,0.0,1.0,2,73.0
5001,76.0,1,393,1.0,2.0,3,73.0
5002,77.0,1,393,0.0,0.0,4,73.0
5003,78.0,1,393,0.0,1.0,5,73.0
5004,79.0,1,393,0.0,0.0,6,73.0
5005,80.0,1,393,0.0,0.0,7,73.0
5006,81.0,1,393,0.0,0.0,8,73.0
5007,82.0,1,393,0.0,0.0,9,73.0
5008,83.0,1,393,1.0,1.0,10,73.0
5009,84.0,1,393,0.0,0.0,11,73.0
5010,85.0,1,393,0.0,0.0,12,73.0
5011,86.0,1,393,0.0,0.0,13,73.0
5012,238.0,0,397,0.0,0.0,-14,252.0
5013,239.0,0,397,0.0,0.0,-13,252.0
5014,240.0,0,397,0.0,0.0,-12,252.0
5015,241.0,0,397,0.0,0.0,-11,252.0
5016,242.0,0,397,0.0,0.0,-10,252.0
5017,243.0,0,397,0.0,0.0,-9,252.0
5018,244.0,0,397,0.0,0.0,-8,252.0
5019,245.0,0,397,0.0,0.0,-7,252.0
5020,246.0,0,397,0.0,0.0,-6,252.0
5021,247.0,0,397,0.0,0.0,-5,252.0
5022,248.0,0,397,0.0,0.0,-4,252.0
5023,249.0,0,397,0.0,1.0,-3,252.0
5024,250.0,0,397,0.0,0.0,-2,252.0
5025,251.0,0,397,0.0,0.0,-1,252.0
5026,252.0,1,397,2.0,0.0,0,252.0
5027,253.0,1,397,0.0,0.0,1,252.0
5028,254.0,1,397,0.0,0.0,2,252.0
5029,255.0,1,397,0.0,0.0,3,252.0
5030,256.0,1,397,0.0,0.0,4,252.0
5031,257.0,1,397,0.0,0.0,5,252.0
5032,258.0,1,397,0.0,0.0,6,252.0
5033,259.0,1,397,0.0,0.0,7,252.0
5034,260.0,1,397,0.0,0.0,8,252.0
5035,261.0,1,397,0.0,0.0,9,252.0
5036,262.0,1,397,0.0,0.0,10,252.0
5037,263.0,1,397,0.0,0.0,11,252.0
5038,264.0,1,397,0.0,1.0,12,252.0
5039,265.0,1,397,0.0,0.0,13,252.0
5040,63.0,0,398,1259.0,3258.0,-14,77.0
5041,64.0,0,398,1937.0,5966.0,-13,77.0
5042,65.0,0,398,660.0,2118.0,-12,77.0
5043,66.0,0,398,634.0,2217.0,-11,77.0
5044,67.0,0,398,738.0,2759.0,-10,77.0
5045,68.0,0,398,118.0,651.0,-9,77.0
5046,69.0,0,398,180.0,628.0,-8,77.0
5047,70.0,0,398,383.0,1802.0,-7,77.0
5048,71.0,0,398,316.0,1782.0,-6,77.0
5049,72.0,0,398,349.0,2218.0,-5,77.0
5050,73.0,0,398,346.0,2137.0,-4,77.0
5051,74.0,0,398,201.0,1416.0,-3,77.0
5052,75.0,0,398,325.0,1793.0,-2,77.0
5053,76.0,0,398,569.0,2392.0,-1,77.0
5054,77.0,1,398,857.0,2384.0,0,77.0
5055,78.0,1,398,320.0,1668.0,1,77.0
5056,79.0,1,398,130.0,869.0,2,77.0
5057,80.0,1,398,241.0,1545.0,3,77.0
5058,81.0,1,398,161.0,1010.0,4,77.0
5059,82.0,1,398,224.0,1101.0,5,77.0
5060,83.0,1,398,158.0,970.0,6,77.0
5061,84.0,1,398,139.0,958.0,7,77.0
5062,85.0,1,398,75.0,806.0,8,77.0
5063,86.0,1,398,88.0,609.0,9,77.0
5064,87.0,1,398,116.0,835.0,10,77.0
5065,88.0,1,398,62.0,576.0,11,77.0
5066,89.0,1,398,54.0,390.0,12,77.0
5067,90.0,1,398,56.0,334.0,13,77.0
5068,-7.0,0,399,0.0,0.0,-14,7.0
5069,-6.0,0,399,0.0,0.0,-13,7.0
5070,-5.0,0,399,0.0,0.0,-12,7.0
5071,-4.0,0,399,0.0,0.0,-11,7.0
5072,-3.0,0,399,0.0,0.0,-10,7.0
5073,-2.0,0,399,0.0,0.0,-9,7.0
5074,-1.0,0,399,0.0,0.0,-8,7.0
5075,0.0,0,399,0.0,0.0,-7,7.0
5076,1.0,0,399,0.0,0.0,-6,7.0
5077,2.0,0,399,0.0,0.0,-5,7.0
5078,3.0,0,399,0.0,3.0,-4,7.0
5079,4.0,0,399,0.0,10.0,-3,7.0
5080,5.0,0,399,0.0,6.0,-2,7.0
5081,6.0,0,399,0.0,1.0,-1,7.0
5082,7.0,1,399,8.0,8.0,0,7.0
5083,8.0,1,399,1.0,1.0,1,7.0
5084,9.0,1,399,0.0,1.0,2,7.0
5085,10.0,1,399,1.0,2.0,3,7.0
5086,11.0,1,399,0.0,0.0,4,7.0
5087,12.0,1,399,1.0,6.0,5,7.0
5088,13.0,1,399,0.0,0.0,6,7.0
5089,14.0,1,399,2.0,8.0,7,7.0
5090,15.0,1,399,0.0,4.0,8,7.0
5091,16.0,1,399,0.0,0.0,9,7.0
5092,17.0,1,399,0.0,0.0,10,7.0
5093,18.0,1,399,0.0,3.0,11,7.0
5094,19.0,1,399,1.0,8.0,12,7.0
5095,20.0,1,399,2.0,2.0,13,7.0
5096,232.0,0,400,0.0,0.0,-14,246.0
5097,233.0,0,400,0.0,0.0,-13,246.0
5098,234.0,0,400,0.0,1.0,-12,246.0
5099,235.0,0,400,0.0,2.0,-11,246.0
5100,236.0,0,400,0.0,1.0,-10,246.0
5101,237.0,0,400,2.0,0.0,-9,246.0
5102,238.0,0,400,0.0,2.0,-8,246.0
5103,239.0,0,400,0.0,1.0,-7,246.0
5104,240.0,0,400,0.0,0.0,-6,246.0
5105,241.0,0,400,0.0,0.0,-5,246.0
5106,242.0,0,400,1.0,1.0,-4,246.0
5107,243.0,0,400,0.0,1.0,-3,246.0
5108,244.0,0,400,0.0,0.0,-2,246.0
5109,245.0,0,400,0.0,0.0,-1,246.0
5110,246.0,1,400,0.0,0.0,0,246.0
5111,247.0,1,400,0.0,1.0,1,246.0
5112,248.0,1,400,0.0,0.0,2,246.0
5113,249.0,1,400,0.0,3.0,3,246.0
5114,250.0,1,400,0.0,1.0,4,246.0
5115,251.0,1,400,0.0,0.0,5,246.0
5116,252.0,1,400,0.0,1.0,6,246.0
5117,253.0,1,400,0.0,0.0,7,246.0
5118,254.0,1,400,0.0,1.0,8,246.0
5119,255.0,1,400,0.0,2.0,9,246.0
5120,256.0,1,400,0.0,0.0,10,246.0
5121,257.0,1,400,0.0,2.0,11,246.0
5122,258.0,1,400,1.0,1.0,12,246.0
5123,259.0,1,400,0.0,0.0,13,246.0
5124,57.0,0,401,1.0,1.0,-14,71.0
5125,58.0,0,401,1.0,4.0,-13,71.0
5126,59.0,0,401,0.0,1.0,-12,71.0
5127,60.0,0,401,2.0,8.0,-11,71.0
5128,61.0,0,401,1.0,4.0,-10,71.0
5129,62.0,0,401,1.0,3.0,-9,71.0
5130,63.0,0,401,0.0,1.0,-8,71.0
5131,64.0,0,401,0.0,5.0,-7,71.0
5132,65.0,0,401,0.0,2.0,-6,71.0
5133,66.0,0,401,1.0,5.0,-5,71.0
5134,67.0,0,401,1.0,2.0,-4,71.0
5135,68.0,0,401,0.0,2.0,-3,71.0
5136,69.0,0,401,0.0,5.0,-2,71.0
5137,70.0,0,401,0.0,3.0,-1,71.0
5138,71.0,1,401,1.0,6.0,0,71.0
5139,72.0,1,401,1.0,1.0,1,71.0
5140,73.0,1,401,2.0,5.0,2,71.0
5141,74.0,1,401,0.0,3.0,3,71.0
5142,75.0,1,401,0.0,3.0,4,71.0
5143,76.0,1,401,1.0,3.0,5,71.0
5144,77.0,1,401,0.0,1.0,6,71.0
5145,78.0,1,401,1.0,2.0,7,71.0
5146,79.0,1,401,1.0,3.0,8,71.0
5147,80.0,1,401,1.0,4.0,9,71.0
5148,81.0,1,401,0.0,2.0,10,71.0
5149,82.0,1,401,0.0,1.0,11,71.0
5150,83.0,1,401,0.0,3.0,12,71.0
5151,84.0,1,401,1.0,2.0,13,71.0
5152,1.0,0,402,0.0,2.0,-14,15.0
5153,2.0,0,402,0.0,3.0,-13,15.0
5154,3.0,0,402,0.0,4.0,-12,15.0
5155,4.0,0,402,0.0,3.0,-11,15.0
5156,5.0,0,402,0.0,7.0,-10,15.0
5157,6.0,0,402,0.0,5.0,-9,15.0
5158,7.0,0,402,0.0,3.0,-8,15.0
5159,8.0,0,402,0.0,5.0,-7,15.0
5160,9.0,0,402,1.0,3.0,-6,15.0
5161,10.0,0,402,1.0,2.0,-5,15.0
5162,11.0,0,402,0.0,1.0,-4,15.0
5163,12.0,0,402,0.0,3.0,-3,15.0
5164,13.0,0,402,0.0,1.0,-2,15.0
5165,14.0,0,402,0.0,0.0,-1,15.0
5166,15.0,1,402,2.0,1.0,0,15.0
5167,16.0,1,402,0.0,0.0,1,15.0
5168,17.0,1,402,0.0,2.0,2,15.0
5169,18.0,1,402,0.0,0.0,3,15.0
5170,19.0,1,402,0.0,0.0,4,15.0
5171,20.0,1,402,0.0,5.0,5,15.0
5172,21.0,1,402,1.0,0.0,6,15.0
5173,22.0,1,402,0.0,0.0,7,15.0
5174,23.0,1,402,0.0,2.0,8,15.0
5175,24.0,1,402,0.0,0.0,9,15.0
5176,25.0,1,402,0.0,2.0,10,15.0
5177,26.0,1,402,0.0,3.0,11,15.0
5178,27.0,1,402,0.0,4.0,12,15.0
5179,28.0,1,402,0.0,0.0,13,15.0
5180,256.0,0,407,0.0,1.0,-14,270.0
5181,257.0,0,407,0.0,2.0,-13,270.0
5182,258.0,0,407,0.0,2.0,-12,270.0
5183,259.0,0,407,0.0,0.0,-11,270.0
5184,260.0,0,407,0.0,1.0,-10,270.0
5185,261.0,0,407,2.0,4.0,-9,270.0
5186,262.0,0,407,0.0,1.0,-8,270.0
5187,263.0,0,407,0.0,0.0,-7,270.0
5188,264.0,0,407,0.0,0.0,-6,270.0
5189,265.0,0,407,0.0,0.0,-5,270.0
5190,266.0,0,407,0.0,0.0,-4,270.0
5191,267.0,0,407,1.0,1.0,-3,270.0
5192,268.0,0,407,0.0,0.0,-2,270.0
5193,269.0,0,407,0.0,2.0,-1,270.0
5194,270.0,1,407,1.0,0.0,0,270.0
5195,271.0,1,407,0.0,2.0,1,270.0
5196,272.0,1,407,0.0,1.0,2,270.0
5197,273.0,1,407,0.0,3.0,3,270.0
5198,274.0,1,407,0.0,3.0,4,270.0
5199,275.0,1,407,0.0,0.0,5,270.0
5200,276.0,1,407,0.0,0.0,6,270.0
5201,277.0,1,407,0.0,2.0,7,270.0
5202,278.0,1,407,0.0,0.0,8,270.0
5203,279.0,1,407,0.0,1.0,9,270.0
5204,280.0,1,407,0.0,1.0,10,270.0
5205,281.0,1,407,0.0,3.0,11,270.0
5206,282.0,1,407,0.0,0.0,12,270.0
5207,283.0,1,407,0.0,1.0,13,270.0
5208,81.0,0,409,0.0,0.0,-14,95.0
5209,82.0,0,409,0.0,0.0,-13,95.0
5210,83.0,0,409,0.0,0.0,-12,95.0
5211,84.0,0,409,0.0,0.0,-11,95.0
5212,85.0,0,409,0.0,0.0,-10,95.0
5213,86.0,0,409,1.0,0.0,-9,95.0
5214,87.0,0,409,0.0,0.0,-8,95.0
5215,88.0,0,409,0.0,0.0,-7,95.0
5216,89.0,0,409,0.0,0.0,-6,95.0
5217,90.0,0,409,0.0,0.0,-5,95.0
5218,91.0,0,409,0.0,0.0,-4,95.0
5219,92.0,0,409,0.0,0.0,-3,95.0
5220,93.0,0,409,2.0,0.0,-2,95.0
5221,94.0,0,409,1.0,0.0,-1,95.0
5222,95.0,1,409,2.0,2.0,0,95.0
5223,96.0,1,409,0.0,1.0,1,95.0
5224,97.0,1,409,0.0,0.0,2,95.0
5225,98.0,1,409,0.0,1.0,3,95.0
5226,99.0,1,409,0.0,0.0,4,95.0
5227,100.0,1,409,0.0,0.0,5,95.0
5228,101.0,1,409,0.0,0.0,6,95.0
5229,102.0,1,409,0.0,0.0,7,95.0
5230,103.0,1,409,0.0,1.0,8,95.0
5231,104.0,1,409,0.0,0.0,9,95.0
5232,105.0,1,409,0.0,0.0,10,95.0
5233,106.0,1,409,0.0,0.0,11,95.0
5234,107.0,1,409,0.0,0.0,12,95.0
5235,108.0,1,409,0.0,0.0,13,95.0
5236,4.0,0,412,8.0,53.0,-14,18.0
5237,5.0,0,412,1.0,26.0,-13,18.0
5238,6.0,0,412,4.0,23.0,-12,18.0
5239,7.0,0,412,17.0,82.0,-11,18.0
5240,8.0,0,412,8.0,30.0,-10,18.0
5241,9.0,0,412,4.0,13.0,-9,18.0
5242,10.0,0,412,5.0,8.0,-8,18.0
5243,11.0,0,412,4.0,41.0,-7,18.0
5244,12.0,0,412,4.0,14.0,-6,18.0
5245,13.0,0,412,2.0,14.0,-5,18.0
5246,14.0,0,412,2.0,22.0,-4,18.0
5247,15.0,0,412,5.0,25.0,-3,18.0
5248,16.0,0,412,8.0,12.0,-2,18.0
5249,17.0,0,412,8.0,21.0,-1,18.0
5250,18.0,1,412,7.0,14.0,0,18.0
5251,19.0,1,412,0.0,4.0,1,18.0
5252,20.0,1,412,1.0,9.0,2,18.0
5253,21.0,1,412,0.0,11.0,3,18.0
5254,22.0,1,412,1.0,2.0,4,18.0
5255,23.0,1,412,3.0,9.0,5,18.0
5256,24.0,1,412,0.0,6.0,6,18.0
5257,25.0,1,412,0.0,5.0,7,18.0
5258,26.0,1,412,0.0,3.0,8,18.0
5259,27.0,1,412,1.0,11.0,9,18.0
5260,28.0,1,412,1.0,2.0,10,18.0
5261,29.0,1,412,0.0,4.0,11,18.0
5262,30.0,1,412,0.0,5.0,12,18.0
5263,31.0,1,412,0.0,1.0,13,18.0
5264,107.0,0,413,9.0,14.0,-14,121.0
5265,108.0,0,413,2.0,7.0,-13,121.0
5266,109.0,0,413,2.0,5.0,-12,121.0
5267,110.0,0,413,14.0,15.0,-11,121.0
5268,111.0,0,413,6.0,6.0,-10,121.0
5269,112.0,0,413,30.0,31.0,-9,121.0
5270,113.0,0,413,16.0,32.0,-8,121.0
5271,114.0,0,413,1.0,7.0,-7,121.0
5272,115.0,0,413,13.0,14.0,-6,121.0
5273,116.0,0,413,8.0,17.0,-5,121.0
5274,117.0,0,413,33.0,31.0,-4,121.0
5275,118.0,0,413,2.0,1.0,-3,121.0
5276,119.0,0,413,1.0,4.0,-2,121.0
5277,120.0,0,413,6.0,10.0,-1,121.0
5278,121.0,1,413,16.0,8.0,0,121.0
5279,122.0,1,413,3.0,10.0,1,121.0
5280,123.0,1,413,3.0,8.0,2,121.0
5281,124.0,1,413,5.0,3.0,3,121.0
5282,125.0,1,413,1.0,3.0,4,121.0
5283,126.0,1,413,1.0,5.0,5,121.0
5284,127.0,1,413,2.0,11.0,6,121.0
5285,128.0,1,413,4.0,5.0,7,121.0
5286,129.0,1,413,0.0,5.0,8,121.0
5287,130.0,1,413,117.0,81.0,9,121.0
5288,131.0,1,413,111.0,74.0,10,121.0
5289,132.0,1,413,16.0,14.0,11,121.0
5290,133.0,1,413,10.0,10.0,12,121.0
5291,134.0,1,413,1.0,10.0,13,121.0
5292,53.0,0,417,1.0,1.0,-14,67.0
5293,54.0,0,417,0.0,0.0,-13,67.0
5294,55.0,0,417,0.0,0.0,-12,67.0
5295,56.0,0,417,0.0,1.0,-11,67.0
5296,57.0,0,417,0.0,1.0,-10,67.0
5297,58.0,0,417,0.0,0.0,-9,67.0
5298,59.0,0,417,0.0,4.0,-8,67.0
5299,60.0,0,417,0.0,1.0,-7,67.0
5300,61.0,0,417,0.0,1.0,-6,67.0
5301,62.0,0,417,1.0,0.0,-5,67.0
5302,63.0,0,417,0.0,0.0,-4,67.0
5303,64.0,0,417,0.0,0.0,-3,67.0
5304,65.0,0,417,1.0,1.0,-2,67.0
5305,66.0,0,417,0.0,3.0,-1,67.0
5306,67.0,1,417,0.0,2.0,0,67.0
5307,68.0,1,417,0.0,0.0,1,67.0
5308,69.0,1,417,0.0,1.0,2,67.0
5309,70.0,1,417,0.0,0.0,3,67.0
5310,71.0,1,417,0.0,1.0,4,67.0
5311,72.0,1,417,0.0,0.0,5,67.0
5312,73.0,1,417,0.0,1.0,6,67.0
5313,74.0,1,417,0.0,0.0,7,67.0
5314,75.0,1,417,0.0,1.0,8,67.0
5315,76.0,1,417,0.0,0.0,9,67.0
5316,77.0,1,417,0.0,0.0,10,67.0
5317,78.0,1,417,0.0,0.0,11,67.0
5318,79.0,1,417,0.0,5.0,12,67.0
5319,80.0,1,417,0.0,1.0,13,67.0
5320,261.0,0,421,0.0,2.0,-14,275.0
5321,262.0,0,421,0.0,0.0,-13,275.0
5322,263.0,0,421,0.0,0.0,-12,275.0
5323,264.0,0,421,0.0,0.0,-11,275.0
5324,265.0,0,421,0.0,2.0,-10,275.0
5325,266.0,0,421,0.0,0.0,-9,275.0
5326,267.0,0,421,0.0,0.0,-8,275.0
5327,268.0,0,421,0.0,0.0,-7,275.0
5328,269.0,0,421,0.0,0.0,-6,275.0
5329,270.0,0,421,0.0,0.0,-5,275.0
5330,271.0,0,421,0.0,0.0,-4,275.0
5331,272.0,0,421,0.0,0.0,-3,275.0
5332,273.0,0,421,0.0,0.0,-2,275.0
5333,274.0,0,421,0.0,0.0,-1,275.0
5334,275.0,1,421,0.0,0.0,0,275.0
5335,276.0,1,421,0.0,0.0,1,275.0
5336,277.0,1,421,0.0,1.0,2,275.0
5337,278.0,1,421,0.0,0.0,3,275.0
5338,279.0,1,421,0.0,0.0,4,275.0
5339,280.0,1,421,0.0,0.0,5,275.0
5340,281.0,1,421,0.0,0.0,6,275.0
5341,282.0,1,421,0.0,0.0,7,275.0
5342,283.0,1,421,0.0,1.0,8,275.0
5343,284.0,1,421,0.0,0.0,9,275.0
5344,285.0,1,421,0.0,0.0,10,275.0
5345,286.0,1,421,0.0,0.0,11,275.0
5346,287.0,1,421,0.0,0.0,12,275.0
5347,288.0,1,421,0.0,0.0,13,275.0
5348,59.0,0,423,0.0,0.0,-14,73.0
5349,60.0,0,423,0.0,0.0,-13,73.0
5350,61.0,0,423,0.0,0.0,-12,73.0
5351,62.0,0,423,0.0,0.0,-11,73.0
5352,63.0,0,423,0.0,0.0,-10,73.0
5353,64.0,0,423,0.0,0.0,-9,73.0
5354,65.0,0,423,0.0,0.0,-8,73.0
5355,66.0,0,423,0.0,0.0,-7,73.0
5356,67.0,0,423,0.0,0.0,-6,73.0
5357,68.0,0,423,6.0,8.0,-5,73.0
5358,69.0,0,423,3.0,8.0,-4,73.0
5359,70.0,0,423,925.0,3988.0,-3,73.0
5360,71.0,0,423,6759.0,28272.0,-2,73.0
5361,72.0,0,423,4238.0,13921.0,-1,73.0
5362,73.0,1,423,1652.0,3861.0,0,73.0
5363,74.0,1,423,373.0,1686.0,1,73.0
5364,75.0,1,423,179.0,1327.0,2,73.0
5365,76.0,1,423,294.0,1121.0,3,73.0
5366,77.0,1,423,159.0,791.0,4,73.0
5367,78.0,1,423,891.0,1676.0,5,73.0
5368,79.0,1,423,170.0,1020.0,6,73.0
5369,80.0,1,423,154.0,702.0,7,73.0
5370,81.0,1,423,85.0,354.0,8,73.0
5371,82.0,1,423,82.0,249.0,9,73.0
5372,83.0,1,423,172.0,467.0,10,73.0
5373,84.0,1,423,76.0,362.0,11,73.0
5374,85.0,1,423,250.0,867.0,12,73.0
5375,86.0,1,423,92.0,271.0,13,73.0
5376,-12.0,0,424,0.0,87.0,-14,2.0
5377,-11.0,0,424,0.0,134.0,-13,2.0
5378,-10.0,0,424,0.0,124.0,-12,2.0
5379,-9.0,0,424,0.0,32.0,-11,2.0
5380,-8.0,0,424,0.0,41.0,-10,2.0
5381,-7.0,0,424,0.0,34.0,-9,2.0
5382,-6.0,0,424,0.0,33.0,-8,2.0
5383,-5.0,0,424,0.0,138.0,-7,2.0
5384,-4.0,0,424,0.0,324.0,-6,2.0
5385,-3.0,0,424,0.0,778.0,-5,2.0
5386,-2.0,0,424,0.0,1174.0,-4,2.0
5387,-1.0,0,424,75.0,1329.0,-3,2.0
5388,0.0,0,424,168.0,714.0,-2,2.0
5389,1.0,0,424,302.0,1182.0,-1,2.0
5390,2.0,1,424,416.0,1683.0,0,2.0
5391,3.0,1,424,212.0,2800.0,1,2.0
5392,4.0,1,424,66.0,1864.0,2,2.0
5393,5.0,1,424,49.0,968.0,3,2.0
5394,6.0,1,424,23.0,792.0,4,2.0
5395,7.0,1,424,68.0,1168.0,5,2.0
5396,8.0,1,424,11.0,424.0,6,2.0
5397,9.0,1,424,16.0,376.0,7,2.0
5398,10.0,1,424,115.0,3759.0,8,2.0
5399,11.0,1,424,99.0,4779.0,9,2.0
5400,12.0,1,424,83.0,2182.0,10,2.0
5401,13.0,1,424,141.0,4665.0,11,2.0
5402,14.0,1,424,54.0,1791.0,12,2.0
5403,15.0,1,424,14.0,583.0,13,2.0
5404,229.0,0,425,0.0,0.0,-14,243.0
5405,230.0,0,425,1.0,1.0,-13,243.0
5406,231.0,0,425,0.0,0.0,-12,243.0
5407,232.0,0,425,0.0,0.0,-11,243.0
5408,233.0,0,425,0.0,0.0,-10,243.0
5409,234.0,0,425,0.0,0.0,-9,243.0
5410,235.0,0,425,1.0,0.0,-8,243.0
5411,236.0,0,425,0.0,0.0,-7,243.0
5412,237.0,0,425,1.0,1.0,-6,243.0
5413,238.0,0,425,1.0,0.0,-5,243.0
5414,239.0,0,425,0.0,0.0,-4,243.0
5415,240.0,0,425,0.0,0.0,-3,243.0
5416,241.0,0,425,0.0,0.0,-2,243.0
5417,242.0,0,425,0.0,1.0,-1,243.0
5418,243.0,1,425,2.0,0.0,0,243.0
5419,244.0,1,425,1.0,0.0,1,243.0
5420,245.0,1,425,0.0,0.0,2,243.0
5421,246.0,1,425,1.0,1.0,3,243.0
5422,247.0,1,425,1.0,0.0,4,243.0
5423,248.0,1,425,0.0,1.0,5,243.0
5424,249.0,1,425,0.0,0.0,6,243.0
5425,250.0,1,425,0.0,0.0,7,243.0
5426,251.0,1,425,0.0,0.0,8,243.0
5427,252.0,1,425,1.0,0.0,9,243.0
5428,253.0,1,425,0.0,0.0,10,243.0
5429,254.0,1,425,0.0,0.0,11,243.0
5430,255.0,1,425,0.0,0.0,12,243.0
5431,256.0,1,425,0.0,0.0,13,243.0
5432,-9.0,0,426,0.0,0.0,-14,5.0
5433,-8.0,0,426,0.0,0.0,-13,5.0
5434,-7.0,0,426,0.0,0.0,-12,5.0
5435,-6.0,0,426,0.0,0.0,-11,5.0
5436,-5.0,0,426,0.0,0.0,-10,5.0
5437,-4.0,0,426,0.0,0.0,-9,5.0
5438,-3.0,0,426,0.0,0.0,-8,5.0
5439,-2.0,0,426,0.0,0.0,-7,5.0
5440,-1.0,0,426,0.0,0.0,-6,5.0
5441,0.0,0,426,0.0,0.0,-5,5.0
5442,1.0,0,426,0.0,0.0,-4,5.0
5443,2.0,0,426,0.0,2.0,-3,5.0
5444,3.0,0,426,0.0,0.0,-2,5.0
5445,4.0,0,426,1.0,5.0,-1,5.0
5446,5.0,1,426,3.0,14.0,0,5.0
5447,6.0,1,426,1.0,6.0,1,5.0
5448,7.0,1,426,1.0,2.0,2,5.0
5449,8.0,1,426,0.0,2.0,3,5.0
5450,9.0,1,426,0.0,1.0,4,5.0
5451,10.0,1,426,0.0,3.0,5,5.0
5452,11.0,1,426,0.0,3.0,6,5.0
5453,12.0,1,426,1.0,3.0,7,5.0
5454,13.0,1,426,1.0,7.0,8,5.0
5455,14.0,1,426,0.0,0.0,9,5.0
5456,15.0,1,426,0.0,0.0,10,5.0
5457,16.0,1,426,0.0,1.0,11,5.0
5458,17.0,1,426,0.0,0.0,12,5.0
5459,18.0,1,426,0.0,0.0,13,5.0
5460,-7.0,0,428,0.0,3.0,-14,7.0
5461,-6.0,0,428,0.0,3.0,-13,7.0
5462,-5.0,0,428,0.0,3.0,-12,7.0
5463,-4.0,0,428,0.0,20.0,-11,7.0
5464,-3.0,0,428,0.0,330.0,-10,7.0
5465,-2.0,0,428,0.0,1126.0,-9,7.0
5466,-1.0,0,428,0.0,325.0,-8,7.0
5467,0.0,0,428,59.0,407.0,-7,7.0
5468,1.0,0,428,99.0,391.0,-6,7.0
5469,2.0,0,428,190.0,749.0,-5,7.0
5470,3.0,0,428,288.0,1232.0,-4,7.0
5471,4.0,0,428,159.0,941.0,-3,7.0
5472,5.0,0,428,1006.0,1978.0,-2,7.0
5473,6.0,0,428,2082.0,3145.0,-1,7.0
5474,7.0,1,428,891.0,5036.0,0,7.0
5475,8.0,1,428,229.0,2503.0,1,7.0
5476,9.0,1,428,132.0,1239.0,2,7.0
5477,10.0,1,428,283.0,2104.0,3,7.0
5478,11.0,1,428,136.0,1164.0,4,7.0
5479,12.0,1,428,54.0,694.0,5,7.0
5480,13.0,1,428,172.0,1381.0,6,7.0
5481,14.0,1,428,195.0,1332.0,7,7.0
5482,15.0,1,428,60.0,759.0,8,7.0
5483,16.0,1,428,13.0,303.0,9,7.0
5484,17.0,1,428,43.0,598.0,10,7.0
5485,18.0,1,428,33.0,461.0,11,7.0
5486,19.0,1,428,44.0,594.0,12,7.0
5487,20.0,1,428,14.0,161.0,13,7.0
5488,-7.0,0,429,0.0,149.0,-14,7.0
5489,-6.0,0,429,0.0,142.0,-13,7.0
5490,-5.0,0,429,0.0,98.0,-12,7.0
5491,-4.0,0,429,0.0,200.0,-11,7.0
5492,-3.0,0,429,0.0,294.0,-10,7.0
5493,-2.0,0,429,0.0,549.0,-9,7.0
5494,-1.0,0,429,73.0,1156.0,-8,7.0
5495,0.0,0,429,227.0,943.0,-7,7.0
5496,1.0,0,429,113.0,808.0,-6,7.0
5497,2.0,0,429,154.0,1250.0,-5,7.0
5498,3.0,0,429,1606.0,9572.0,-4,7.0
5499,4.0,0,429,1952.0,18179.0,-3,7.0
5500,5.0,0,429,1534.0,15105.0,-2,7.0
5501,6.0,0,429,1368.0,9712.0,-1,7.0
5502,7.0,1,429,2037.0,18370.0,0,7.0
5503,8.0,1,429,1317.0,16971.0,1,7.0
5504,9.0,1,429,1422.0,17560.0,2,7.0
5505,10.0,1,429,1652.0,29267.0,3,7.0
5506,11.0,1,429,1306.0,27166.0,4,7.0
5507,12.0,1,429,463.0,6498.0,5,7.0
5508,13.0,1,429,247.0,5450.0,6,7.0
5509,14.0,1,429,287.0,6009.0,7,7.0
5510,15.0,1,429,321.0,6501.0,8,7.0
5511,16.0,1,429,102.0,2842.0,9,7.0
5512,17.0,1,429,164.0,4111.0,10,7.0
5513,18.0,1,429,98.0,2458.0,11,7.0
5514,19.0,1,429,433.0,7364.0,12,7.0
5515,20.0,1,429,275.0,7856.0,13,7.0
5516,-8.0,0,430,0.0,10.0,-14,6.0
5517,-7.0,0,430,0.0,33.0,-13,6.0
5518,-6.0,0,430,0.0,3.0,-12,6.0
5519,-5.0,0,430,0.0,2.0,-11,6.0
5520,-4.0,0,430,0.0,8.0,-10,6.0
5521,-3.0,0,430,0.0,8.0,-9,6.0
5522,-2.0,0,430,0.0,11.0,-8,6.0
5523,-1.0,0,430,0.0,3.0,-7,6.0
5524,0.0,0,430,0.0,6.0,-6,6.0
5525,1.0,0,430,3.0,20.0,-5,6.0
5526,2.0,0,430,2.0,17.0,-4,6.0
5527,3.0,0,430,1.0,11.0,-3,6.0
5528,4.0,0,430,2.0,35.0,-2,6.0
5529,5.0,0,430,54.0,169.0,-1,6.0
5530,6.0,1,430,220.0,1249.0,0,6.0
5531,7.0,1,430,37.0,243.0,1,6.0
5532,8.0,1,430,7.0,80.0,2,6.0
5533,9.0,1,430,0.0,16.0,3,6.0
5534,10.0,1,430,0.0,41.0,4,6.0
5535,11.0,1,430,1.0,12.0,5,6.0
5536,12.0,1,430,1.0,6.0,6,6.0
5537,13.0,1,430,1.0,17.0,7,6.0
5538,14.0,1,430,1.0,21.0,8,6.0
5539,15.0,1,430,1.0,7.0,9,6.0
5540,16.0,1,430,0.0,9.0,10,6.0
5541,17.0,1,430,1.0,5.0,11,6.0
5542,18.0,1,430,0.0,11.0,12,6.0
5543,19.0,1,430,0.0,6.0,13,6.0
5544,-14.0,0,433,0.0,0.0,-14,0.0
5545,-13.0,0,433,0.0,0.0,-13,0.0
5546,-12.0,0,433,0.0,0.0,-12,0.0
5547,-11.0,0,433,0.0,0.0,-11,0.0
5548,-10.0,0,433,0.0,0.0,-10,0.0
5549,-9.0,0,433,0.0,0.0,-9,0.0
5550,-8.0,0,433,0.0,0.0,-8,0.0
5551,-7.0,0,433,0.0,0.0,-7,0.0
5552,-6.0,0,433,0.0,0.0,-6,0.0
5553,-5.0,0,433,0.0,0.0,-5,0.0
5554,-4.0,0,433,0.0,0.0,-4,0.0
5555,-3.0,0,433,0.0,0.0,-3,0.0
5556,-2.0,0,433,0.0,62.0,-2,0.0
5557,-1.0,0,433,0.0,127.0,-1,0.0
5558,0.0,1,433,1.0,35.0,0,0.0
5559,1.0,1,433,1.0,39.0,1,0.0
5560,2.0,1,433,0.0,34.0,2,0.0
5561,3.0,1,433,0.0,27.0,3,0.0
5562,4.0,1,433,0.0,31.0,4,0.0
5563,5.0,1,433,0.0,43.0,5,0.0
5564,6.0,1,433,0.0,41.0,6,0.0
5565,7.0,1,433,0.0,46.0,7,0.0
5566,8.0,1,433,0.0,19.0,8,0.0
5567,9.0,1,433,0.0,16.0,9,0.0
5568,10.0,1,433,0.0,13.0,10,0.0
5569,11.0,1,433,0.0,7.0,11,0.0
5570,12.0,1,433,0.0,13.0,12,0.0
5571,13.0,1,433,0.0,9.0,13,0.0
5572,29.0,0,436,1.0,5.0,-14,43.0
5573,30.0,0,436,1.0,2.0,-13,43.0
5574,31.0,0,436,2.0,3.0,-12,43.0
5575,32.0,0,436,1.0,5.0,-11,43.0
5576,33.0,0,436,1.0,3.0,-10,43.0
5577,34.0,0,436,3.0,0.0,-9,43.0
5578,35.0,0,436,3.0,3.0,-8,43.0
5579,36.0,0,436,1.0,2.0,-7,43.0
5580,37.0,0,436,3.0,2.0,-6,43.0
5581,38.0,0,436,0.0,1.0,-5,43.0
5582,39.0,0,436,0.0,4.0,-4,43.0
5583,40.0,0,436,3.0,4.0,-3,43.0
5584,41.0,0,436,36.0,57.0,-2,43.0
5585,42.0,0,436,11.0,17.0,-1,43.0
5586,43.0,1,436,3.0,3.0,0,43.0
5587,44.0,1,436,2.0,4.0,1,43.0
5588,45.0,1,436,9.0,24.0,2,43.0
5589,46.0,1,436,3.0,14.0,3,43.0
5590,47.0,1,436,2.0,2.0,4,43.0
5591,48.0,1,436,1.0,7.0,5,43.0
5592,49.0,1,436,3.0,2.0,6,43.0
5593,50.0,1,436,2.0,4.0,7,43.0
5594,51.0,1,436,1.0,1.0,8,43.0
5595,52.0,1,436,0.0,3.0,9,43.0
5596,53.0,1,436,0.0,5.0,10,43.0
5597,54.0,1,436,1.0,4.0,11,43.0
5598,55.0,1,436,8.0,28.0,12,43.0
5599,56.0,1,436,8.0,15.0,13,43.0
5600,143.0,0,438,1.0,3.0,-14,157.0
5601,144.0,0,438,1.0,0.0,-13,157.0
5602,145.0,0,438,1.0,2.0,-12,157.0
5603,146.0,0,438,0.0,0.0,-11,157.0
5604,147.0,0,438,3.0,6.0,-10,157.0
5605,148.0,0,438,0.0,0.0,-9,157.0
5606,149.0,0,438,0.0,2.0,-8,157.0
5607,150.0,0,438,1.0,1.0,-7,157.0
5608,151.0,0,438,0.0,1.0,-6,157.0
5609,152.0,0,438,2.0,0.0,-5,157.0
5610,153.0,0,438,2.0,0.0,-4,157.0
5611,154.0,0,438,1.0,2.0,-3,157.0
5612,155.0,0,438,0.0,0.0,-2,157.0
5613,156.0,0,438,0.0,1.0,-1,157.0
5614,157.0,1,438,1.0,0.0,0,157.0
5615,158.0,1,438,0.0,2.0,1,157.0
5616,159.0,1,438,3.0,3.0,2,157.0
5617,160.0,1,438,1.0,2.0,3,157.0
5618,161.0,1,438,1.0,4.0,4,157.0
5619,162.0,1,438,0.0,1.0,5,157.0
5620,163.0,1,438,0.0,0.0,6,157.0
5621,164.0,1,438,0.0,0.0,7,157.0
5622,165.0,1,438,1.0,0.0,8,157.0
5623,166.0,1,438,0.0,0.0,9,157.0
5624,167.0,1,438,1.0,0.0,10,157.0
5625,168.0,1,438,0.0,0.0,11,157.0
5626,169.0,1,438,2.0,1.0,12,157.0
5627,170.0,1,438,0.0,1.0,13,157.0
5628,59.0,0,440,0.0,0.0,-14,73.0
5629,60.0,0,440,1.0,2.0,-13,73.0
5630,61.0,0,440,0.0,0.0,-12,73.0
5631,62.0,0,440,0.0,1.0,-11,73.0
5632,63.0,0,440,0.0,1.0,-10,73.0
5633,64.0,0,440,0.0,0.0,-9,73.0
5634,65.0,0,440,0.0,0.0,-8,73.0
5635,66.0,0,440,0.0,0.0,-7,73.0
5636,67.0,0,440,0.0,1.0,-6,73.0
5637,68.0,0,440,0.0,3.0,-5,73.0
5638,69.0,0,440,0.0,0.0,-4,73.0
5639,70.0,0,440,0.0,0.0,-3,73.0
5640,71.0,0,440,1.0,0.0,-2,73.0
5641,72.0,0,440,0.0,0.0,-1,73.0
5642,73.0,1,440,3.0,1.0,0,73.0
5643,74.0,1,440,4.0,3.0,1,73.0
5644,75.0,1,440,1.0,4.0,2,73.0
5645,76.0,1,440,0.0,6.0,3,73.0
5646,77.0,1,440,1.0,2.0,4,73.0
5647,78.0,1,440,1.0,2.0,5,73.0
5648,79.0,1,440,1.0,2.0,6,73.0
5649,80.0,1,440,0.0,3.0,7,73.0
5650,81.0,1,440,1.0,6.0,8,73.0
5651,82.0,1,440,0.0,0.0,9,73.0
5652,83.0,1,440,0.0,1.0,10,73.0
5653,84.0,1,440,0.0,2.0,11,73.0
5654,85.0,1,440,0.0,0.0,12,73.0
5655,86.0,1,440,0.0,0.0,13,73.0
5656,125.0,0,446,0.0,5.0,-14,139.0
5657,126.0,0,446,0.0,6.0,-13,139.0
5658,127.0,0,446,0.0,5.0,-12,139.0
5659,128.0,0,446,0.0,2.0,-11,139.0
5660,129.0,0,446,1.0,1.0,-10,139.0
5661,130.0,0,446,0.0,2.0,-9,139.0
5662,131.0,0,446,1.0,5.0,-8,139.0
5663,132.0,0,446,1.0,5.0,-7,139.0
5664,133.0,0,446,0.0,4.0,-6,139.0
5665,134.0,0,446,0.0,4.0,-5,139.0
5666,135.0,0,446,1.0,1.0,-4,139.0
5667,136.0,0,446,2.0,5.0,-3,139.0
5668,137.0,0,446,1.0,1.0,-2,139.0
5669,138.0,0,446,0.0,5.0,-1,139.0
5670,139.0,1,446,3.0,3.0,0,139.0
5671,140.0,1,446,1.0,1.0,1,139.0
5672,141.0,1,446,1.0,3.0,2,139.0
5673,142.0,1,446,0.0,2.0,3,139.0
5674,143.0,1,446,2.0,8.0,4,139.0
5675,144.0,1,446,0.0,6.0,5,139.0
5676,145.0,1,446,1.0,2.0,6,139.0
5677,146.0,1,446,1.0,4.0,7,139.0
5678,147.0,1,446,0.0,6.0,8,139.0
5679,148.0,1,446,0.0,5.0,9,139.0
5680,149.0,1,446,0.0,5.0,10,139.0
5681,150.0,1,446,0.0,6.0,11,139.0
5682,151.0,1,446,0.0,4.0,12,139.0
5683,152.0,1,446,0.0,5.0,13,139.0
5684,139.0,0,447,230.0,181.0,-14,153.0
5685,140.0,0,447,55.0,29.0,-13,153.0
5686,141.0,0,447,10.0,18.0,-12,153.0
5687,142.0,0,447,11.0,7.0,-11,153.0
5688,143.0,0,447,16.0,17.0,-10,153.0
5689,144.0,0,447,6.0,7.0,-9,153.0
5690,145.0,0,447,12.0,13.0,-8,153.0
5691,146.0,0,447,8.0,7.0,-7,153.0
5692,147.0,0,447,10.0,9.0,-6,153.0
5693,148.0,0,447,2.0,4.0,-5,153.0
5694,149.0,0,447,6.0,8.0,-4,153.0
5695,150.0,0,447,10.0,25.0,-3,153.0
5696,151.0,0,447,38.0,72.0,-2,153.0
5697,152.0,0,447,44.0,65.0,-1,153.0
5698,153.0,1,447,36.0,41.0,0,153.0
5699,154.0,1,447,29.0,34.0,1,153.0
5700,155.0,1,447,7.0,13.0,2,153.0
5701,156.0,1,447,56.0,78.0,3,153.0
5702,157.0,1,447,33.0,49.0,4,153.0
5703,158.0,1,447,16.0,27.0,5,153.0
5704,159.0,1,447,9.0,11.0,6,153.0
5705,160.0,1,447,25.0,47.0,7,153.0
5706,161.0,1,447,16.0,23.0,8,153.0
5707,162.0,1,447,3.0,8.0,9,153.0
5708,163.0,1,447,17.0,34.0,10,153.0
5709,164.0,1,447,17.0,39.0,11,153.0
5710,165.0,1,447,72.0,102.0,12,153.0
5711,166.0,1,447,26.0,73.0,13,153.0
5712,294.0,0,448,0.0,0.0,-14,308.0
5713,295.0,0,448,1.0,0.0,-13,308.0
5714,296.0,0,448,0.0,0.0,-12,308.0
5715,297.0,0,448,0.0,0.0,-11,308.0
5716,298.0,0,448,0.0,0.0,-10,308.0
5717,299.0,0,448,0.0,0.0,-9,308.0
5718,300.0,0,448,0.0,0.0,-8,308.0
5719,301.0,0,448,0.0,0.0,-7,308.0
5720,302.0,0,448,0.0,0.0,-6,308.0
5721,303.0,0,448,0.0,0.0,-5,308.0
5722,304.0,0,448,0.0,0.0,-4,308.0
5723,305.0,0,448,0.0,0.0,-3,308.0
5724,306.0,0,448,0.0,0.0,-2,308.0
5725,307.0,0,448,0.0,0.0,-1,308.0
5726,308.0,1,448,0.0,0.0,0,308.0
5727,309.0,1,448,0.0,0.0,1,308.0
5728,310.0,1,448,0.0,1.0,2,308.0
5729,311.0,1,448,0.0,0.0,3,308.0
5730,312.0,1,448,0.0,0.0,4,308.0
5731,313.0,1,448,0.0,1.0,5,308.0
5732,314.0,1,448,0.0,1.0,6,308.0
5733,315.0,1,448,0.0,0.0,7,308.0
5734,316.0,1,448,0.0,0.0,8,308.0
5735,317.0,1,448,1.0,0.0,9,308.0
5736,318.0,1,448,0.0,0.0,10,308.0
5737,319.0,1,448,0.0,0.0,11,308.0
5738,320.0,1,448,0.0,1.0,12,308.0
5739,321.0,1,448,0.0,0.0,13,308.0
5740,178.0,0,449,27.0,74.0,-14,192.0
5741,179.0,0,449,24.0,81.0,-13,192.0
5742,180.0,0,449,19.0,87.0,-12,192.0
5743,181.0,0,449,9.0,37.0,-11,192.0
5744,182.0,0,449,12.0,33.0,-10,192.0
5745,183.0,0,449,4.0,38.0,-9,192.0
5746,184.0,0,449,4.0,44.0,-8,192.0
5747,185.0,0,449,8.0,54.0,-7,192.0
5748,186.0,0,449,6.0,54.0,-6,192.0
5749,187.0,0,449,16.0,52.0,-5,192.0
5750,188.0,0,449,10.0,41.0,-4,192.0
5751,189.0,0,449,7.0,39.0,-3,192.0
5752,190.0,0,449,8.0,49.0,-2,192.0
5753,191.0,0,449,7.0,35.0,-1,192.0
5754,192.0,1,449,12.0,49.0,0,192.0
5755,193.0,1,449,3.0,32.0,1,192.0
5756,194.0,1,449,3.0,24.0,2,192.0
5757,195.0,1,449,7.0,36.0,3,192.0
5758,196.0,1,449,3.0,75.0,4,192.0
5759,197.0,1,449,3.0,42.0,5,192.0
5760,198.0,1,449,5.0,44.0,6,192.0
5761,199.0,1,449,2.0,27.0,7,192.0
5762,200.0,1,449,3.0,33.0,8,192.0
5763,201.0,1,449,7.0,38.0,9,192.0
5764,202.0,1,449,17.0,67.0,10,192.0
5765,203.0,1,449,10.0,42.0,11,192.0
5766,204.0,1,449,1.0,32.0,12,192.0
5767,205.0,1,449,2.0,32.0,13,192.0
5768,-4.0,0,452,0.0,0.0,-14,10.0
5769,-3.0,0,452,0.0,0.0,-13,10.0
5770,-2.0,0,452,0.0,0.0,-12,10.0
5771,-1.0,0,452,0.0,8.0,-11,10.0
5772,0.0,0,452,0.0,4.0,-10,10.0
5773,1.0,0,452,0.0,4.0,-9,10.0
5774,2.0,0,452,0.0,7.0,-8,10.0
5775,3.0,0,452,0.0,10.0,-7,10.0
5776,4.0,0,452,0.0,3.0,-6,10.0
5777,5.0,0,452,0.0,13.0,-5,10.0
5778,6.0,0,452,2.0,4.0,-4,10.0
5779,7.0,0,452,0.0,5.0,-3,10.0
5780,8.0,0,452,0.0,3.0,-2,10.0
5781,9.0,0,452,1.0,5.0,-1,10.0
5782,10.0,1,452,22.0,8.0,0,10.0
5783,11.0,1,452,6.0,7.0,1,10.0
5784,12.0,1,452,1.0,2.0,2,10.0
5785,13.0,1,452,1.0,3.0,3,10.0
5786,14.0,1,452,1.0,4.0,4,10.0
5787,15.0,1,452,1.0,1.0,5,10.0
5788,16.0,1,452,0.0,3.0,6,10.0
5789,17.0,1,452,0.0,1.0,7,10.0
5790,18.0,1,452,1.0,4.0,8,10.0
5791,19.0,1,452,0.0,3.0,9,10.0
5792,20.0,1,452,0.0,3.0,10,10.0
5793,21.0,1,452,0.0,4.0,11,10.0
5794,22.0,1,452,0.0,4.0,12,10.0
5795,23.0,1,452,0.0,4.0,13,10.0
5796,152.0,0,453,9.0,7.0,-14,166.0
5797,153.0,0,453,6.0,5.0,-13,166.0
5798,154.0,0,453,4.0,7.0,-12,166.0
5799,155.0,0,453,23.0,13.0,-11,166.0
5800,156.0,0,453,3.0,6.0,-10,166.0
5801,157.0,0,453,3.0,5.0,-9,166.0
5802,158.0,0,453,3.0,5.0,-8,166.0
5803,159.0,0,453,8.0,6.0,-7,166.0
5804,160.0,0,453,4.0,2.0,-6,166.0
5805,161.0,0,453,113.0,73.0,-5,166.0
5806,162.0,0,453,25.0,24.0,-4,166.0
5807,163.0,0,453,9.0,8.0,-3,166.0
5808,164.0,0,453,7.0,14.0,-2,166.0
5809,165.0,0,453,5.0,11.0,-1,166.0
5810,166.0,1,453,4.0,9.0,0,166.0
5811,167.0,1,453,4.0,11.0,1,166.0
5812,168.0,1,453,5.0,6.0,2,166.0
5813,169.0,1,453,5.0,6.0,3,166.0
5814,170.0,1,453,1.0,6.0,4,166.0
5815,171.0,1,453,7.0,10.0,5,166.0
5816,172.0,1,453,7.0,1.0,6,166.0
5817,173.0,1,453,12.0,11.0,7,166.0
5818,174.0,1,453,8.0,9.0,8,166.0
5819,175.0,1,453,5.0,8.0,9,166.0
5820,176.0,1,453,4.0,7.0,10,166.0
5821,177.0,1,453,4.0,10.0,11,166.0
5822,178.0,1,453,3.0,2.0,12,166.0
5823,179.0,1,453,4.0,6.0,13,166.0
5824,3.0,0,457,0.0,0.0,-14,17.0
5825,4.0,0,457,9.0,50.0,-13,17.0
5826,5.0,0,457,4.0,70.0,-12,17.0
5827,6.0,0,457,4.0,57.0,-11,17.0
5828,7.0,0,457,3.0,28.0,-10,17.0
5829,8.0,0,457,13.0,55.0,-9,17.0
5830,9.0,0,457,4.0,16.0,-8,17.0
5831,10.0,0,457,4.0,12.0,-7,17.0
5832,11.0,0,457,4.0,19.0,-6,17.0
5833,12.0,0,457,9.0,17.0,-5,17.0
5834,13.0,0,457,109.0,182.0,-4,17.0
5835,14.0,0,457,35.0,94.0,-3,17.0
5836,15.0,0,457,30.0,34.0,-2,17.0
5837,16.0,0,457,11.0,9.0,-1,17.0
5838,17.0,1,457,11.0,15.0,0,17.0
5839,18.0,1,457,3.0,5.0,1,17.0
5840,19.0,1,457,3.0,11.0,2,17.0
5841,20.0,1,457,4.0,9.0,3,17.0
5842,21.0,1,457,3.0,11.0,4,17.0
5843,22.0,1,457,4.0,11.0,5,17.0
5844,23.0,1,457,5.0,17.0,6,17.0
5845,24.0,1,457,5.0,8.0,7,17.0
5846,25.0,1,457,3.0,15.0,8,17.0
5847,26.0,1,457,2.0,10.0,9,17.0
5848,27.0,1,457,3.0,6.0,10,17.0
5849,28.0,1,457,1.0,6.0,11,17.0
5850,29.0,1,457,9.0,10.0,12,17.0
5851,30.0,1,457,2.0,3.0,13,17.0
5852,72.0,0,458,0.0,6.0,-14,86.0
5853,73.0,0,458,0.0,8.0,-13,86.0
5854,74.0,0,458,0.0,9.0,-12,86.0
5855,75.0,0,458,1.0,15.0,-11,86.0
5856,76.0,0,458,1.0,12.0,-10,86.0
5857,77.0,0,458,1.0,10.0,-9,86.0
5858,78.0,0,458,1.0,5.0,-8,86.0
5859,79.0,0,458,0.0,10.0,-7,86.0
5860,80.0,0,458,1.0,10.0,-6,86.0
5861,81.0,0,458,0.0,11.0,-5,86.0
5862,82.0,0,458,2.0,6.0,-4,86.0
5863,83.0,0,458,2.0,2.0,-3,86.0
5864,84.0,0,458,1.0,1.0,-2,86.0
5865,85.0,0,458,0.0,2.0,-1,86.0
5866,86.0,1,458,6.0,10.0,0,86.0
5867,87.0,1,458,0.0,4.0,1,86.0
5868,88.0,1,458,1.0,5.0,2,86.0
5869,89.0,1,458,2.0,4.0,3,86.0
5870,90.0,1,458,2.0,1.0,4,86.0
5871,91.0,1,458,0.0,4.0,5,86.0
5872,92.0,1,458,1.0,5.0,6,86.0
5873,93.0,1,458,1.0,3.0,7,86.0
5874,94.0,1,458,2.0,3.0,8,86.0
5875,95.0,1,458,0.0,5.0,9,86.0
5876,96.0,1,458,2.0,1.0,10,86.0
5877,97.0,1,458,0.0,1.0,11,86.0
5878,98.0,1,458,2.0,2.0,12,86.0
5879,99.0,1,458,0.0,2.0,13,86.0
5880,38.0,0,460,0.0,0.0,-14,52.0
5881,39.0,0,460,0.0,2.0,-13,52.0
5882,40.0,0,460,0.0,0.0,-12,52.0
5883,41.0,0,460,0.0,1.0,-11,52.0
5884,42.0,0,460,0.0,1.0,-10,52.0
5885,43.0,0,460,1.0,0.0,-9,52.0
5886,44.0,0,460,0.0,0.0,-8,52.0
5887,45.0,0,460,1.0,0.0,-7,52.0
5888,46.0,0,460,0.0,0.0,-6,52.0
5889,47.0,0,460,0.0,0.0,-5,52.0
5890,48.0,0,460,0.0,1.0,-4,52.0
5891,49.0,0,460,1.0,0.0,-3,52.0
5892,50.0,0,460,0.0,1.0,-2,52.0
5893,51.0,0,460,0.0,1.0,-1,52.0
5894,52.0,1,460,2.0,0.0,0,52.0
5895,53.0,1,460,0.0,1.0,1,52.0
5896,54.0,1,460,0.0,2.0,2,52.0
5897,55.0,1,460,0.0,1.0,3,52.0
5898,56.0,1,460,0.0,0.0,4,52.0
5899,57.0,1,460,0.0,1.0,5,52.0
5900,58.0,1,460,0.0,0.0,6,52.0
5901,59.0,1,460,0.0,0.0,7,52.0
5902,60.0,1,460,1.0,0.0,8,52.0
5903,61.0,1,460,0.0,1.0,9,52.0
5904,62.0,1,460,0.0,0.0,10,52.0
5905,63.0,1,460,0.0,0.0,11,52.0
5906,64.0,1,460,0.0,0.0,12,52.0
5907,65.0,1,460,0.0,2.0,13,52.0
5908,253.0,0,462,0.0,0.0,-14,267.0
5909,254.0,0,462,0.0,0.0,-13,267.0
5910,255.0,0,462,0.0,0.0,-12,267.0
5911,256.0,0,462,0.0,0.0,-11,267.0
5912,257.0,0,462,0.0,0.0,-10,267.0
5913,258.0,0,462,0.0,0.0,-9,267.0
5914,259.0,0,462,0.0,0.0,-8,267.0
5915,260.0,0,462,0.0,0.0,-7,267.0
5916,261.0,0,462,0.0,0.0,-6,267.0
5917,262.0,0,462,0.0,0.0,-5,267.0
5918,263.0,0,462,0.0,0.0,-4,267.0
5919,264.0,0,462,0.0,0.0,-3,267.0
5920,265.0,0,462,0.0,0.0,-2,267.0
5921,266.0,0,462,0.0,0.0,-1,267.0
5922,267.0,1,462,0.0,0.0,0,267.0
5923,268.0,1,462,0.0,1.0,1,267.0
5924,269.0,1,462,0.0,0.0,2,267.0
5925,270.0,1,462,0.0,0.0,3,267.0
5926,271.0,1,462,0.0,0.0,4,267.0
5927,272.0,1,462,0.0,0.0,5,267.0
5928,273.0,1,462,0.0,0.0,6,267.0
5929,274.0,1,462,0.0,1.0,7,267.0
5930,275.0,1,462,0.0,0.0,8,267.0
5931,276.0,1,462,1.0,0.0,9,267.0
5932,277.0,1,462,0.0,0.0,10,267.0
5933,278.0,1,462,0.0,0.0,11,267.0
5934,279.0,1,462,0.0,0.0,12,267.0
5935,280.0,1,462,0.0,0.0,13,267.0
5936,216.0,0,463,0.0,1.0,-14,230.0
5937,217.0,0,463,0.0,1.0,-13,230.0
5938,218.0,0,463,3.0,0.0,-12,230.0
5939,219.0,0,463,0.0,0.0,-11,230.0
5940,220.0,0,463,0.0,0.0,-10,230.0
5941,221.0,0,463,1.0,1.0,-9,230.0
5942,222.0,0,463,0.0,2.0,-8,230.0
5943,223.0,0,463,0.0,0.0,-7,230.0
5944,224.0,0,463,2.0,2.0,-6,230.0
5945,225.0,0,463,0.0,1.0,-5,230.0
5946,226.0,0,463,0.0,0.0,-4,230.0
5947,227.0,0,463,0.0,1.0,-3,230.0
5948,228.0,0,463,1.0,0.0,-2,230.0
5949,229.0,0,463,0.0,2.0,-1,230.0
5950,230.0,1,463,1.0,0.0,0,230.0
5951,231.0,1,463,0.0,1.0,1,230.0
5952,232.0,1,463,2.0,0.0,2,230.0
5953,233.0,1,463,1.0,0.0,3,230.0
5954,234.0,1,463,0.0,0.0,4,230.0
5955,235.0,1,463,1.0,2.0,5,230.0
5956,236.0,1,463,1.0,0.0,6,230.0
5957,237.0,1,463,0.0,0.0,7,230.0
5958,238.0,1,463,0.0,0.0,8,230.0
5959,239.0,1,463,0.0,1.0,9,230.0
5960,240.0,1,463,0.0,0.0,10,230.0
5961,241.0,1,463,0.0,3.0,11,230.0
5962,242.0,1,463,0.0,1.0,12,230.0
5963,243.0,1,463,0.0,0.0,13,230.0
5964,216.0,0,465,1.0,1.0,-14,230.0
5965,217.0,0,465,0.0,1.0,-13,230.0
5966,218.0,0,465,0.0,0.0,-12,230.0
5967,219.0,0,465,0.0,1.0,-11,230.0
5968,220.0,0,465,0.0,1.0,-10,230.0
5969,221.0,0,465,0.0,0.0,-9,230.0
5970,222.0,0,465,0.0,0.0,-8,230.0
5971,223.0,0,465,0.0,0.0,-7,230.0
5972,224.0,0,465,0.0,0.0,-6,230.0
5973,225.0,0,465,0.0,1.0,-5,230.0
5974,226.0,0,465,0.0,0.0,-4,230.0
5975,227.0,0,465,0.0,1.0,-3,230.0
5976,228.0,0,465,0.0,4.0,-2,230.0
5977,229.0,0,465,0.0,2.0,-1,230.0
5978,230.0,1,465,0.0,0.0,0,230.0
5979,231.0,1,465,0.0,6.0,1,230.0
5980,232.0,1,465,0.0,3.0,2,230.0
5981,233.0,1,465,0.0,1.0,3,230.0
5982,234.0,1,465,0.0,2.0,4,230.0
5983,235.0,1,465,0.0,2.0,5,230.0
5984,236.0,1,465,0.0,7.0,6,230.0
5985,237.0,1,465,0.0,1.0,7,230.0
5986,238.0,1,465,0.0,1.0,8,230.0
5987,239.0,1,465,1.0,1.0,9,230.0
5988,240.0,1,465,0.0,1.0,10,230.0
5989,241.0,1,465,0.0,0.0,11,230.0
5990,242.0,1,465,0.0,0.0,12,230.0
5991,243.0,1,465,0.0,2.0,13,230.0
5992,4.0,0,466,382.0,2444.0,-14,18.0
5993,5.0,0,466,1207.0,9155.0,-13,18.0
5994,6.0,0,466,3192.0,14093.0,-12,18.0
5995,7.0,0,466,519.0,2386.0,-11,18.0
5996,8.0,0,466,253.0,1372.0,-10,18.0
5997,9.0,0,466,298.0,1197.0,-9,18.0
5998,10.0,0,466,415.0,1409.0,-8,18.0
5999,11.0,0,466,195.0,836.0,-7,18.0
6000,12.0,0,466,158.0,724.0,-6,18.0
6001,13.0,0,466,194.0,867.0,-5,18.0
6002,14.0,0,466,214.0,644.0,-4,18.0
6003,15.0,0,466,130.0,582.0,-3,18.0
6004,16.0,0,466,464.0,2504.0,-2,18.0
6005,17.0,0,466,745.0,2977.0,-1,18.0
6006,18.0,1,466,1262.0,5648.0,0,18.0
6007,19.0,1,466,89.0,500.0,1,18.0
6008,20.0,1,466,60.0,370.0,2,18.0
6009,21.0,1,466,330.0,1328.0,3,18.0
6010,22.0,1,466,91.0,427.0,4,18.0
6011,23.0,1,466,48.0,342.0,5,18.0
6012,24.0,1,466,60.0,389.0,6,18.0
6013,25.0,1,466,103.0,439.0,7,18.0
6014,26.0,1,466,34.0,180.0,8,18.0
6015,27.0,1,466,53.0,280.0,9,18.0
6016,28.0,1,466,26.0,205.0,10,18.0
6017,29.0,1,466,674.0,2901.0,11,18.0
6018,30.0,1,466,31.0,250.0,12,18.0
6019,31.0,1,466,21.0,156.0,13,18.0
6020,60.0,0,469,0.0,2.0,-14,74.0
6021,61.0,0,469,0.0,0.0,-13,74.0
6022,62.0,0,469,0.0,0.0,-12,74.0
6023,63.0,0,469,0.0,0.0,-11,74.0
6024,64.0,0,469,0.0,0.0,-10,74.0
6025,65.0,0,469,0.0,1.0,-9,74.0
6026,66.0,0,469,0.0,0.0,-8,74.0
6027,67.0,0,469,0.0,0.0,-7,74.0
6028,68.0,0,469,0.0,0.0,-6,74.0
6029,69.0,0,469,0.0,0.0,-5,74.0
6030,70.0,0,469,0.0,0.0,-4,74.0
6031,71.0,0,469,0.0,1.0,-3,74.0
6032,72.0,0,469,0.0,3.0,-2,74.0
6033,73.0,0,469,0.0,0.0,-1,74.0
6034,74.0,1,469,5.0,1.0,0,74.0
6035,75.0,1,469,0.0,1.0,1,74.0
6036,76.0,1,469,0.0,1.0,2,74.0
6037,77.0,1,469,0.0,0.0,3,74.0
6038,78.0,1,469,0.0,0.0,4,74.0
6039,79.0,1,469,1.0,2.0,5,74.0
6040,80.0,1,469,0.0,0.0,6,74.0
6041,81.0,1,469,0.0,1.0,7,74.0
6042,82.0,1,469,0.0,1.0,8,74.0
6043,83.0,1,469,0.0,0.0,9,74.0
6044,84.0,1,469,0.0,0.0,10,74.0
6045,85.0,1,469,0.0,1.0,11,74.0
6046,86.0,1,469,0.0,0.0,12,74.0
6047,87.0,1,469,0.0,0.0,13,74.0
6048,158.0,0,470,0.0,0.0,-14,172.0
6049,159.0,0,470,0.0,0.0,-13,172.0
6050,160.0,0,470,0.0,0.0,-12,172.0
6051,161.0,0,470,0.0,0.0,-11,172.0
6052,162.0,0,470,0.0,0.0,-10,172.0
6053,163.0,0,470,2.0,0.0,-9,172.0
6054,164.0,0,470,0.0,1.0,-8,172.0
6055,165.0,0,470,0.0,0.0,-7,172.0
6056,166.0,0,470,0.0,0.0,-6,172.0
6057,167.0,0,470,0.0,0.0,-5,172.0
6058,168.0,0,470,0.0,0.0,-4,172.0
6059,169.0,0,470,0.0,0.0,-3,172.0
6060,170.0,0,470,0.0,0.0,-2,172.0
6061,171.0,0,470,0.0,0.0,-1,172.0
6062,172.0,1,470,1.0,1.0,0,172.0
6063,173.0,1,470,0.0,0.0,1,172.0
6064,174.0,1,470,0.0,0.0,2,172.0
6065,175.0,1,470,0.0,0.0,3,172.0
6066,176.0,1,470,0.0,0.0,4,172.0
6067,177.0,1,470,1.0,0.0,5,172.0
6068,178.0,1,470,0.0,1.0,6,172.0
6069,179.0,1,470,1.0,0.0,7,172.0
6070,180.0,1,470,1.0,0.0,8,172.0
6071,181.0,1,470,0.0,0.0,9,172.0
6072,182.0,1,470,1.0,0.0,10,172.0
6073,183.0,1,470,1.0,0.0,11,172.0
6074,184.0,1,470,0.0,0.0,12,172.0
6075,185.0,1,470,0.0,0.0,13,172.0
6076,1.0,0,471,235.0,2178.0,-14,15.0
6077,2.0,0,471,486.0,3799.0,-13,15.0
6078,3.0,0,471,187.0,3385.0,-12,15.0
6079,4.0,0,471,213.0,3479.0,-11,15.0
6080,5.0,0,471,576.0,5048.0,-10,15.0
6081,6.0,0,471,660.0,5970.0,-9,15.0
6082,7.0,0,471,1230.0,4825.0,-8,15.0
6083,8.0,0,471,590.0,3456.0,-7,15.0
6084,9.0,0,471,407.0,2086.0,-6,15.0
6085,10.0,0,471,631.0,4695.0,-5,15.0
6086,11.0,0,471,1347.0,7484.0,-4,15.0
6087,12.0,0,471,479.0,3630.0,-3,15.0
6088,13.0,0,471,608.0,3379.0,-2,15.0
6089,14.0,0,471,472.0,4103.0,-1,15.0
6090,15.0,1,471,1163.0,7834.0,0,15.0
6091,16.0,1,471,225.0,1543.0,1,15.0
6092,17.0,1,471,104.0,1099.0,2,15.0
6093,18.0,1,471,108.0,1163.0,3,15.0
6094,19.0,1,471,56.0,795.0,4,15.0
6095,20.0,1,471,47.0,767.0,5,15.0
6096,21.0,1,471,282.0,2946.0,6,15.0
6097,22.0,1,471,152.0,2029.0,7,15.0
6098,23.0,1,471,133.0,1658.0,8,15.0
6099,24.0,1,471,68.0,890.0,9,15.0
6100,25.0,1,471,99.0,636.0,10,15.0
6101,26.0,1,471,31.0,759.0,11,15.0
6102,27.0,1,471,33.0,581.0,12,15.0
6103,28.0,1,471,34.0,430.0,13,15.0
6104,278.0,0,472,3.0,2.0,-14,292.0
6105,279.0,0,472,7.0,2.0,-13,292.0
6106,280.0,0,472,4.0,4.0,-12,292.0
6107,281.0,0,472,18.0,39.0,-11,292.0
6108,282.0,0,472,21.0,20.0,-10,292.0
6109,283.0,0,472,25.0,52.0,-9,292.0
6110,284.0,0,472,6.0,12.0,-8,292.0
6111,285.0,0,472,8.0,20.0,-7,292.0
6112,286.0,0,472,15.0,15.0,-6,292.0
6113,287.0,0,472,67.0,89.0,-5,292.0
6114,288.0,0,472,57.0,104.0,-4,292.0
6115,289.0,0,472,4.0,12.0,-3,292.0
6116,290.0,0,472,7.0,14.0,-2,292.0
6117,291.0,0,472,0.0,8.0,-1,292.0
6118,292.0,1,472,9.0,20.0,0,292.0
6119,293.0,1,472,0.0,7.0,1,292.0
6120,294.0,1,472,3.0,5.0,2,292.0
6121,295.0,1,472,3.0,11.0,3,292.0
6122,296.0,1,472,1.0,1.0,4,292.0
6123,297.0,1,472,3.0,17.0,5,292.0
6124,298.0,1,472,8.0,14.0,6,292.0
6125,299.0,1,472,3.0,8.0,7,292.0
6126,300.0,1,472,2.0,8.0,8,292.0
6127,301.0,1,472,3.0,5.0,9,292.0
6128,302.0,1,472,25.0,35.0,10,292.0
6129,303.0,1,472,8.0,29.0,11,292.0
6130,304.0,1,472,10.0,14.0,12,292.0
6131,305.0,1,472,9.0,16.0,13,292.0
6132,-7.0,0,474,0.0,0.0,-14,7.0
6133,-6.0,0,474,0.0,0.0,-13,7.0
6134,-5.0,0,474,0.0,0.0,-12,7.0
6135,-4.0,0,474,0.0,0.0,-11,7.0
6136,-3.0,0,474,0.0,0.0,-10,7.0
6137,-2.0,0,474,0.0,0.0,-9,7.0
6138,-1.0,0,474,0.0,0.0,-8,7.0
6139,0.0,0,474,0.0,0.0,-7,7.0
6140,1.0,0,474,0.0,0.0,-6,7.0
6141,2.0,0,474,0.0,0.0,-5,7.0
6142,3.0,0,474,0.0,0.0,-4,7.0
6143,4.0,0,474,0.0,0.0,-3,7.0
6144,5.0,0,474,0.0,0.0,-2,7.0
6145,6.0,0,474,0.0,13.0,-1,7.0
6146,7.0,1,474,7.0,15.0,0,7.0
6147,8.0,1,474,0.0,2.0,1,7.0
6148,9.0,1,474,0.0,1.0,2,7.0
6149,10.0,1,474,0.0,1.0,3,7.0
6150,11.0,1,474,0.0,0.0,4,7.0
6151,12.0,1,474,0.0,0.0,5,7.0
6152,13.0,1,474,0.0,0.0,6,7.0
6153,14.0,1,474,0.0,0.0,7,7.0
6154,15.0,1,474,0.0,0.0,8,7.0
6155,16.0,1,474,0.0,0.0,9,7.0
6156,17.0,1,474,0.0,0.0,10,7.0
6157,18.0,1,474,0.0,0.0,11,7.0
6158,19.0,1,474,0.0,0.0,12,7.0
6159,20.0,1,474,0.0,0.0,13,7.0
6160,248.0,0,475,1.0,10.0,-14,262.0
6161,249.0,0,475,4.0,16.0,-13,262.0
6162,250.0,0,475,12.0,11.0,-12,262.0
6163,251.0,0,475,8.0,14.0,-11,262.0
6164,252.0,0,475,6.0,7.0,-10,262.0
6165,253.0,0,475,4.0,6.0,-9,262.0
6166,254.0,0,475,3.0,12.0,-8,262.0
6167,255.0,0,475,3.0,11.0,-7,262.0
6168,256.0,0,475,15.0,29.0,-6,262.0
6169,257.0,0,475,20.0,43.0,-5,262.0
6170,258.0,0,475,5.0,9.0,-4,262.0
6171,259.0,0,475,6.0,19.0,-3,262.0
6172,260.0,0,475,0.0,12.0,-2,262.0
6173,261.0,0,475,2.0,14.0,-1,262.0
6174,262.0,1,475,5.0,13.0,0,262.0
6175,263.0,1,475,2.0,11.0,1,262.0
6176,264.0,1,475,1.0,12.0,2,262.0
6177,265.0,1,475,2.0,17.0,3,262.0
6178,266.0,1,475,1.0,5.0,4,262.0
6179,267.0,1,475,3.0,15.0,5,262.0
6180,268.0,1,475,4.0,11.0,6,262.0
6181,269.0,1,475,2.0,8.0,7,262.0
6182,270.0,1,475,0.0,5.0,8,262.0
6183,271.0,1,475,1.0,3.0,9,262.0
6184,272.0,1,475,1.0,12.0,10,262.0
6185,273.0,1,475,0.0,8.0,11,262.0
6186,274.0,1,475,3.0,5.0,12,262.0
6187,275.0,1,475,4.0,7.0,13,262.0
6188,72.0,0,477,0.0,0.0,-14,86.0
6189,73.0,0,477,0.0,0.0,-13,86.0
6190,74.0,0,477,0.0,0.0,-12,86.0
6191,75.0,0,477,0.0,0.0,-11,86.0
6192,76.0,0,477,0.0,0.0,-10,86.0
6193,77.0,0,477,0.0,0.0,-9,86.0
6194,78.0,0,477,0.0,0.0,-8,86.0
6195,79.0,0,477,0.0,0.0,-7,86.0
6196,80.0,0,477,0.0,0.0,-6,86.0
6197,81.0,0,477,0.0,1.0,-5,86.0
6198,82.0,0,477,0.0,0.0,-4,86.0
6199,83.0,0,477,0.0,0.0,-3,86.0
6200,84.0,0,477,0.0,0.0,-2,86.0
6201,85.0,0,477,0.0,0.0,-1,86.0
6202,86.0,1,477,0.0,0.0,0,86.0
6203,87.0,1,477,0.0,0.0,1,86.0
6204,88.0,1,477,0.0,0.0,2,86.0
6205,89.0,1,477,0.0,0.0,3,86.0
6206,90.0,1,477,0.0,0.0,4,86.0
6207,91.0,1,477,0.0,0.0,5,86.0
6208,92.0,1,477,0.0,0.0,6,86.0
6209,93.0,1,477,0.0,0.0,7,86.0
6210,94.0,1,477,0.0,0.0,8,86.0
6211,95.0,1,477,0.0,0.0,9,86.0
6212,96.0,1,477,0.0,0.0,10,86.0
6213,97.0,1,477,0.0,0.0,11,86.0
6214,98.0,1,477,0.0,0.0,12,86.0
6215,99.0,1,477,0.0,0.0,13,86.0
6216,69.0,0,482,46.0,273.0,-14,83.0
6217,70.0,0,482,21.0,190.0,-13,83.0
6218,71.0,0,482,69.0,473.0,-12,83.0
6219,72.0,0,482,485.0,2531.0,-11,83.0
6220,73.0,0,482,220.0,1401.0,-10,83.0
6221,74.0,0,482,333.0,2061.0,-9,83.0
6222,75.0,0,482,223.0,1456.0,-8,83.0
6223,76.0,0,482,419.0,1942.0,-7,83.0
6224,77.0,0,482,234.0,1384.0,-6,83.0
6225,78.0,0,482,110.0,880.0,-5,83.0
6226,79.0,0,482,200.0,1236.0,-4,83.0
6227,80.0,0,482,74.0,490.0,-3,83.0
6228,81.0,0,482,127.0,776.0,-2,83.0
6229,82.0,0,482,238.0,948.0,-1,83.0
6230,83.0,1,482,897.0,3842.0,0,83.0
6231,84.0,1,482,637.0,3452.0,1,83.0
6232,85.0,1,482,113.0,895.0,2,83.0
6233,86.0,1,482,68.0,622.0,3,83.0
6234,87.0,1,482,58.0,463.0,4,83.0
6235,88.0,1,482,79.0,448.0,5,83.0
6236,89.0,1,482,116.0,959.0,6,83.0
6237,90.0,1,482,72.0,474.0,7,83.0
6238,91.0,1,482,76.0,615.0,8,83.0
6239,92.0,1,482,353.0,1619.0,9,83.0
6240,93.0,1,482,223.0,1546.0,10,83.0
6241,94.0,1,482,138.0,1140.0,11,83.0
6242,95.0,1,482,133.0,1022.0,12,83.0
6243,96.0,1,482,83.0,601.0,13,83.0
6244,152.0,0,484,0.0,0.0,-14,166.0
6245,153.0,0,484,0.0,0.0,-13,166.0
6246,154.0,0,484,0.0,0.0,-12,166.0
6247,155.0,0,484,0.0,0.0,-11,166.0
6248,156.0,0,484,0.0,0.0,-10,166.0
6249,157.0,0,484,0.0,0.0,-9,166.0
6250,158.0,0,484,0.0,0.0,-8,166.0
6251,159.0,0,484,0.0,0.0,-7,166.0
6252,160.0,0,484,0.0,0.0,-6,166.0
6253,161.0,0,484,0.0,0.0,-5,166.0
6254,162.0,0,484,0.0,0.0,-4,166.0
6255,163.0,0,484,0.0,0.0,-3,166.0
6256,164.0,0,484,0.0,0.0,-2,166.0
6257,165.0,0,484,0.0,0.0,-1,166.0
6258,166.0,1,484,1.0,0.0,0,166.0
6259,167.0,1,484,0.0,1.0,1,166.0
6260,168.0,1,484,0.0,1.0,2,166.0
6261,169.0,1,484,0.0,1.0,3,166.0
6262,170.0,1,484,0.0,0.0,4,166.0
6263,171.0,1,484,0.0,0.0,5,166.0
6264,172.0,1,484,0.0,0.0,6,166.0
6265,173.0,1,484,0.0,1.0,7,166.0
6266,174.0,1,484,0.0,0.0,8,166.0
6267,175.0,1,484,0.0,0.0,9,166.0
6268,176.0,1,484,0.0,0.0,10,166.0
6269,177.0,1,484,0.0,0.0,11,166.0
6270,178.0,1,484,0.0,0.0,12,166.0
6271,179.0,1,484,0.0,1.0,13,166.0
6272,232.0,0,486,0.0,0.0,-14,246.0
6273,233.0,0,486,0.0,0.0,-13,246.0
6274,234.0,0,486,0.0,0.0,-12,246.0
6275,235.0,0,486,0.0,0.0,-11,246.0
6276,236.0,0,486,0.0,1.0,-10,246.0
6277,237.0,0,486,0.0,0.0,-9,246.0
6278,238.0,0,486,0.0,0.0,-8,246.0
6279,239.0,0,486,0.0,0.0,-7,246.0
6280,240.0,0,486,0.0,0.0,-6,246.0
6281,241.0,0,486,0.0,0.0,-5,246.0
6282,242.0,0,486,0.0,0.0,-4,246.0
6283,243.0,0,486,0.0,0.0,-3,246.0
6284,244.0,0,486,0.0,0.0,-2,246.0
6285,245.0,0,486,0.0,0.0,-1,246.0
6286,246.0,1,486,0.0,0.0,0,246.0
6287,247.0,1,486,0.0,0.0,1,246.0
6288,248.0,1,486,0.0,0.0,2,246.0
6289,249.0,1,486,0.0,0.0,3,246.0
6290,250.0,1,486,0.0,0.0,4,246.0
6291,251.0,1,486,0.0,0.0,5,246.0
6292,252.0,1,486,1.0,0.0,6,246.0
6293,253.0,1,486,0.0,0.0,7,246.0
6294,254.0,1,486,0.0,0.0,8,246.0
6295,255.0,1,486,0.0,0.0,9,246.0
6296,256.0,1,486,0.0,0.0,10,246.0
6297,257.0,1,486,0.0,0.0,11,246.0
6298,258.0,1,486,0.0,0.0,12,246.0
6299,259.0,1,486,0.0,0.0,13,246.0
6300,209.0,0,489,0.0,0.0,-14,223.0
6301,210.0,0,489,0.0,0.0,-13,223.0
6302,211.0,0,489,0.0,0.0,-12,223.0
6303,212.0,0,489,0.0,0.0,-11,223.0
6304,213.0,0,489,0.0,0.0,-10,223.0
6305,214.0,0,489,0.0,0.0,-9,223.0
6306,215.0,0,489,0.0,0.0,-8,223.0
6307,216.0,0,489,0.0,1.0,-7,223.0
6308,217.0,0,489,0.0,0.0,-6,223.0
6309,218.0,0,489,0.0,0.0,-5,223.0
6310,219.0,0,489,0.0,0.0,-4,223.0
6311,220.0,0,489,0.0,0.0,-3,223.0
6312,221.0,0,489,0.0,0.0,-2,223.0
6313,222.0,0,489,0.0,0.0,-1,223.0
6314,223.0,1,489,0.0,0.0,0,223.0
6315,224.0,1,489,0.0,0.0,1,223.0
6316,225.0,1,489,0.0,0.0,2,223.0
6317,226.0,1,489,0.0,0.0,3,223.0
6318,227.0,1,489,0.0,0.0,4,223.0
6319,228.0,1,489,0.0,0.0,5,223.0
6320,229.0,1,489,0.0,0.0,6,223.0
6321,230.0,1,489,1.0,1.0,7,223.0
6322,231.0,1,489,0.0,0.0,8,223.0
6323,232.0,1,489,0.0,0.0,9,223.0
6324,233.0,1,489,0.0,0.0,10,223.0
6325,234.0,1,489,0.0,0.0,11,223.0
6326,235.0,1,489,0.0,0.0,12,223.0
6327,236.0,1,489,0.0,0.0,13,223.0
6328,7.0,0,490,0.0,0.0,-14,21.0
6329,8.0,0,490,0.0,0.0,-13,21.0
6330,9.0,0,490,0.0,0.0,-12,21.0
6331,10.0,0,490,0.0,0.0,-11,21.0
6332,11.0,0,490,0.0,0.0,-10,21.0
6333,12.0,0,490,0.0,0.0,-9,21.0
6334,13.0,0,490,0.0,1.0,-8,21.0
6335,14.0,0,490,0.0,3.0,-7,21.0
6336,15.0,0,490,0.0,3.0,-6,21.0
6337,16.0,0,490,6.0,7.0,-5,21.0
6338,17.0,0,490,32.0,9.0,-4,21.0
6339,18.0,0,490,1391.0,93.0,-3,21.0
6340,19.0,0,490,57.0,54.0,-2,21.0
6341,20.0,0,490,39.0,95.0,-1,21.0
6342,21.0,1,490,139.0,65.0,0,21.0
6343,22.0,1,490,15.0,40.0,1,21.0
6344,23.0,1,490,19.0,40.0,2,21.0
6345,24.0,1,490,6.0,23.0,3,21.0
6346,25.0,1,490,4.0,18.0,4,21.0
6347,26.0,1,490,9.0,12.0,5,21.0
6348,27.0,1,490,11.0,19.0,6,21.0
6349,28.0,1,490,7.0,15.0,7,21.0
6350,29.0,1,490,10.0,10.0,8,21.0
6351,30.0,1,490,3.0,7.0,9,21.0
6352,31.0,1,490,2.0,10.0,10,21.0
6353,32.0,1,490,4.0,8.0,11,21.0
6354,33.0,1,490,5.0,14.0,12,21.0
6355,34.0,1,490,6.0,11.0,13,21.0
6356,-7.0,0,492,0.0,0.0,-14,7.0
6357,-6.0,0,492,0.0,0.0,-13,7.0
6358,-5.0,0,492,0.0,0.0,-12,7.0
6359,-4.0,0,492,0.0,0.0,-11,7.0
6360,-3.0,0,492,0.0,0.0,-10,7.0
6361,-2.0,0,492,0.0,0.0,-9,7.0
6362,-1.0,0,492,0.0,0.0,-8,7.0
6363,0.0,0,492,0.0,0.0,-7,7.0
6364,1.0,0,492,0.0,0.0,-6,7.0
6365,2.0,0,492,0.0,0.0,-5,7.0
6366,3.0,0,492,0.0,0.0,-4,7.0
6367,4.0,0,492,639.0,2806.0,-3,7.0
6368,5.0,0,492,2616.0,10042.0,-2,7.0
6369,6.0,0,492,3493.0,6958.0,-1,7.0
6370,7.0,1,492,1682.0,6521.0,0,7.0
6371,8.0,1,492,882.0,4642.0,1,7.0
6372,9.0,1,492,848.0,3293.0,2,7.0
6373,10.0,1,492,488.0,3003.0,3,7.0
6374,11.0,1,492,250.0,1991.0,4,7.0
6375,12.0,1,492,680.0,3034.0,5,7.0
6376,13.0,1,492,301.0,1960.0,6,7.0
6377,14.0,1,492,102.0,1449.0,7,7.0
6378,15.0,1,492,102.0,1472.0,8,7.0
6379,16.0,1,492,57.0,1064.0,9,7.0
6380,17.0,1,492,46.0,756.0,10,7.0
6381,18.0,1,492,179.0,1549.0,11,7.0
6382,19.0,1,492,79.0,1207.0,12,7.0
6383,20.0,1,492,37.0,640.0,13,7.0
6384,71.0,0,496,0.0,4.0,-14,85.0
6385,72.0,0,496,2.0,0.0,-13,85.0
6386,73.0,0,496,1.0,0.0,-12,85.0
6387,74.0,0,496,0.0,2.0,-11,85.0
6388,75.0,0,496,0.0,1.0,-10,85.0
6389,76.0,0,496,0.0,1.0,-9,85.0
6390,77.0,0,496,1.0,2.0,-8,85.0
6391,78.0,0,496,0.0,1.0,-7,85.0
6392,79.0,0,496,2.0,3.0,-6,85.0
6393,80.0,0,496,0.0,4.0,-5,85.0
6394,81.0,0,496,1.0,3.0,-4,85.0
6395,82.0,0,496,4.0,4.0,-3,85.0
6396,83.0,0,496,1.0,1.0,-2,85.0
6397,84.0,0,496,0.0,0.0,-1,85.0
6398,85.0,1,496,6.0,3.0,0,85.0
6399,86.0,1,496,0.0,2.0,1,85.0
6400,87.0,1,496,0.0,1.0,2,85.0
6401,88.0,1,496,0.0,1.0,3,85.0
6402,89.0,1,496,4.0,7.0,4,85.0
6403,90.0,1,496,1.0,4.0,5,85.0
6404,91.0,1,496,3.0,0.0,6,85.0
6405,92.0,1,496,1.0,0.0,7,85.0
6406,93.0,1,496,1.0,3.0,8,85.0
6407,94.0,1,496,0.0,2.0,9,85.0
6408,95.0,1,496,1.0,3.0,10,85.0
6409,96.0,1,496,0.0,2.0,11,85.0
6410,97.0,1,496,0.0,3.0,12,85.0
6411,98.0,1,496,5.0,5.0,13,85.0
6412,58.0,0,498,153.0,652.0,-14,72.0
6413,59.0,0,498,22.0,291.0,-13,72.0
6414,60.0,0,498,25.0,429.0,-12,72.0
6415,61.0,0,498,14.0,293.0,-11,72.0
6416,62.0,0,498,21.0,296.0,-10,72.0
6417,63.0,0,498,23.0,280.0,-9,72.0
6418,64.0,0,498,24.0,312.0,-8,72.0
6419,65.0,0,498,65.0,432.0,-7,72.0
6420,66.0,0,498,25.0,371.0,-6,72.0
6421,67.0,0,498,18.0,309.0,-5,72.0
6422,68.0,0,498,21.0,307.0,-4,72.0
6423,69.0,0,498,18.0,314.0,-3,72.0
6424,70.0,0,498,26.0,306.0,-2,72.0
6425,71.0,0,498,47.0,769.0,-1,72.0
6426,72.0,1,498,38.0,843.0,0,72.0
6427,73.0,1,498,33.0,1103.0,1,72.0
6428,74.0,1,498,56.0,1251.0,2,72.0
6429,75.0,1,498,39.0,951.0,3,72.0
6430,76.0,1,498,22.0,732.0,4,72.0
6431,77.0,1,498,31.0,739.0,5,72.0
6432,78.0,1,498,13.0,499.0,6,72.0
6433,79.0,1,498,11.0,361.0,7,72.0
6434,80.0,1,498,14.0,310.0,8,72.0
6435,81.0,1,498,28.0,329.0,9,72.0
6436,82.0,1,498,21.0,242.0,10,72.0
6437,83.0,1,498,15.0,202.0,11,72.0
6438,84.0,1,498,10.0,168.0,12,72.0
6439,85.0,1,498,8.0,221.0,13,72.0
6440,238.0,0,500,1.0,0.0,-14,252.0
6441,239.0,0,500,0.0,0.0,-13,252.0
6442,240.0,0,500,2.0,1.0,-12,252.0
6443,241.0,0,500,2.0,1.0,-11,252.0
6444,242.0,0,500,0.0,1.0,-10,252.0
6445,243.0,0,500,0.0,0.0,-9,252.0
6446,244.0,0,500,1.0,0.0,-8,252.0
6447,245.0,0,500,0.0,0.0,-7,252.0
6448,246.0,0,500,0.0,2.0,-6,252.0
6449,247.0,0,500,0.0,0.0,-5,252.0
6450,248.0,0,500,0.0,0.0,-4,252.0
6451,249.0,0,500,0.0,0.0,-3,252.0
6452,250.0,0,500,0.0,0.0,-2,252.0
6453,251.0,0,500,0.0,0.0,-1,252.0
6454,252.0,1,500,1.0,0.0,0,252.0
6455,253.0,1,500,0.0,0.0,1,252.0
6456,254.0,1,500,0.0,0.0,2,252.0
6457,255.0,1,500,0.0,0.0,3,252.0
6458,256.0,1,500,0.0,0.0,4,252.0
6459,257.0,1,500,0.0,0.0,5,252.0
6460,258.0,1,500,0.0,0.0,6,252.0
6461,259.0,1,500,0.0,1.0,7,252.0
6462,260.0,1,500,1.0,0.0,8,252.0
6463,261.0,1,500,0.0,0.0,9,252.0
6464,262.0,1,500,0.0,0.0,10,252.0
6465,263.0,1,500,0.0,1.0,11,252.0
6466,264.0,1,500,0.0,0.0,12,252.0
6467,265.0,1,500,0.0,0.0,13,252.0
6468,230.0,0,501,1.0,1.0,-14,244.0
6469,231.0,0,501,3.0,5.0,-13,244.0
6470,232.0,0,501,2.0,2.0,-12,244.0
6471,233.0,0,501,6.0,8.0,-11,244.0
6472,234.0,0,501,3.0,3.0,-10,244.0
6473,235.0,0,501,3.0,4.0,-9,244.0
6474,236.0,0,501,0.0,4.0,-8,244.0
6475,237.0,0,501,1.0,2.0,-7,244.0
6476,238.0,0,501,3.0,5.0,-6,244.0
6477,239.0,0,501,5.0,8.0,-5,244.0
6478,240.0,0,501,3.0,12.0,-4,244.0
6479,241.0,0,501,3.0,6.0,-3,244.0
6480,242.0,0,501,2.0,4.0,-2,244.0
6481,243.0,0,501,5.0,11.0,-1,244.0
6482,244.0,1,501,7.0,5.0,0,244.0
6483,245.0,1,501,0.0,7.0,1,244.0
6484,246.0,1,501,4.0,2.0,2,244.0
6485,247.0,1,501,4.0,8.0,3,244.0
6486,248.0,1,501,23.0,17.0,4,244.0
6487,249.0,1,501,3.0,5.0,5,244.0
6488,250.0,1,501,1.0,2.0,6,244.0
6489,251.0,1,501,1.0,11.0,7,244.0
6490,252.0,1,501,3.0,2.0,8,244.0
6491,253.0,1,501,49.0,26.0,9,244.0
6492,254.0,1,501,6.0,6.0,10,244.0
6493,255.0,1,501,1.0,7.0,11,244.0
6494,256.0,1,501,4.0,7.0,12,244.0
6495,257.0,1,501,3.0,4.0,13,244.0
6496,-6.0,0,502,0.0,7.0,-14,8.0
6497,-5.0,0,502,0.0,5.0,-13,8.0
6498,-4.0,0,502,0.0,0.0,-12,8.0
6499,-3.0,0,502,0.0,5.0,-11,8.0
6500,-2.0,0,502,0.0,92.0,-10,8.0
6501,-1.0,0,502,7.0,94.0,-9,8.0
6502,0.0,0,502,9.0,44.0,-8,8.0
6503,1.0,0,502,3.0,20.0,-7,8.0
6504,2.0,0,502,10.0,53.0,-6,8.0
6505,3.0,0,502,10.0,73.0,-5,8.0
6506,4.0,0,502,5.0,37.0,-4,8.0
6507,5.0,0,502,6.0,76.0,-3,8.0
6508,6.0,0,502,8.0,92.0,-2,8.0
6509,7.0,0,502,5.0,58.0,-1,8.0
6510,8.0,1,502,41.0,51.0,0,8.0
6511,9.0,1,502,5.0,33.0,1,8.0
6512,10.0,1,502,2.0,30.0,2,8.0
6513,11.0,1,502,1.0,20.0,3,8.0
6514,12.0,1,502,0.0,10.0,4,8.0
6515,13.0,1,502,1.0,19.0,5,8.0
6516,14.0,1,502,2.0,17.0,6,8.0
6517,15.0,1,502,0.0,10.0,7,8.0
6518,16.0,1,502,1.0,4.0,8,8.0
6519,17.0,1,502,1.0,7.0,9,8.0
6520,18.0,1,502,3.0,7.0,10,8.0
6521,19.0,1,502,0.0,5.0,11,8.0
6522,20.0,1,502,0.0,0.0,12,8.0
6523,21.0,1,502,0.0,5.0,13,8.0
6524,60.0,0,503,0.0,3.0,-14,74.0
6525,61.0,0,503,0.0,0.0,-13,74.0
6526,62.0,0,503,0.0,0.0,-12,74.0
6527,63.0,0,503,0.0,0.0,-11,74.0
6528,64.0,0,503,0.0,0.0,-10,74.0
6529,65.0,0,503,0.0,0.0,-9,74.0
6530,66.0,0,503,0.0,0.0,-8,74.0
6531,67.0,0,503,0.0,0.0,-7,74.0
6532,68.0,0,503,0.0,0.0,-6,74.0
6533,69.0,0,503,0.0,0.0,-5,74.0
6534,70.0,0,503,0.0,0.0,-4,74.0
6535,71.0,0,503,0.0,0.0,-3,74.0
6536,72.0,0,503,0.0,0.0,-2,74.0
6537,73.0,0,503,4.0,15.0,-1,74.0
6538,74.0,1,503,40.0,106.0,0,74.0
6539,75.0,1,503,5.0,33.0,1,74.0
6540,76.0,1,503,3.0,20.0,2,74.0
6541,77.0,1,503,0.0,12.0,3,74.0
6542,78.0,1,503,0.0,5.0,4,74.0
6543,79.0,1,503,1.0,7.0,5,74.0
6544,80.0,1,503,1.0,11.0,6,74.0
6545,81.0,1,503,0.0,14.0,7,74.0
6546,82.0,1,503,1.0,5.0,8,74.0
6547,83.0,1,503,0.0,5.0,9,74.0
6548,84.0,1,503,2.0,6.0,10,74.0
6549,85.0,1,503,1.0,9.0,11,74.0
6550,86.0,1,503,0.0,15.0,12,74.0
6551,87.0,1,503,0.0,9.0,13,74.0
6552,-5.0,0,507,0.0,0.0,-14,9.0
6553,-4.0,0,507,0.0,0.0,-13,9.0
6554,-3.0,0,507,0.0,0.0,-12,9.0
6555,-2.0,0,507,0.0,1.0,-11,9.0
6556,-1.0,0,507,0.0,0.0,-10,9.0
6557,0.0,0,507,0.0,1.0,-9,9.0
6558,1.0,0,507,4.0,17.0,-8,9.0
6559,2.0,0,507,3.0,13.0,-7,9.0
6560,3.0,0,507,2.0,15.0,-6,9.0
6561,4.0,0,507,1.0,20.0,-5,9.0
6562,5.0,0,507,1.0,24.0,-4,9.0
6563,6.0,0,507,0.0,21.0,-3,9.0
6564,7.0,0,507,3.0,31.0,-2,9.0
6565,8.0,0,507,329.0,1197.0,-1,9.0
6566,9.0,1,507,393.0,1529.0,0,9.0
6567,10.0,1,507,2.0,36.0,1,9.0
6568,11.0,1,507,4.0,17.0,2,9.0
6569,12.0,1,507,3.0,14.0,3,9.0
6570,13.0,1,507,1.0,15.0,4,9.0
6571,14.0,1,507,0.0,20.0,5,9.0
6572,15.0,1,507,0.0,17.0,6,9.0
6573,16.0,1,507,0.0,8.0,7,9.0
6574,17.0,1,507,1.0,6.0,8,9.0
6575,18.0,1,507,1.0,3.0,9,9.0
6576,19.0,1,507,1.0,6.0,10,9.0
6577,20.0,1,507,0.0,7.0,11,9.0
6578,21.0,1,507,0.0,3.0,12,9.0
6579,22.0,1,507,1.0,4.0,13,9.0
6580,-12.0,0,508,0.0,0.0,-14,2.0
6581,-11.0,0,508,0.0,0.0,-13,2.0
6582,-10.0,0,508,0.0,0.0,-12,2.0
6583,-9.0,0,508,0.0,0.0,-11,2.0
6584,-8.0,0,508,0.0,0.0,-10,2.0
6585,-7.0,0,508,0.0,0.0,-9,2.0
6586,-6.0,0,508,0.0,0.0,-8,2.0
6587,-5.0,0,508,0.0,1.0,-7,2.0
6588,-4.0,0,508,0.0,0.0,-6,2.0
6589,-3.0,0,508,0.0,0.0,-5,2.0
6590,-2.0,0,508,0.0,0.0,-4,2.0
6591,-1.0,0,508,0.0,0.0,-3,2.0
6592,0.0,0,508,0.0,1.0,-2,2.0
6593,1.0,0,508,0.0,1.0,-1,2.0
6594,2.0,1,508,2.0,1.0,0,2.0
6595,3.0,1,508,0.0,1.0,1,2.0
6596,4.0,1,508,0.0,1.0,2,2.0
6597,5.0,1,508,0.0,0.0,3,2.0
6598,6.0,1,508,0.0,0.0,4,2.0
6599,7.0,1,508,0.0,0.0,5,2.0
6600,8.0,1,508,0.0,0.0,6,2.0
6601,9.0,1,508,0.0,0.0,7,2.0
6602,10.0,1,508,0.0,0.0,8,2.0
6603,11.0,1,508,0.0,1.0,9,2.0
6604,12.0,1,508,0.0,0.0,10,2.0
6605,13.0,1,508,0.0,0.0,11,2.0
6606,14.0,1,508,0.0,0.0,12,2.0
6607,15.0,1,508,0.0,0.0,13,2.0
6608,11.0,0,511,1.0,7.0,-14,25.0
6609,12.0,0,511,0.0,4.0,-13,25.0
6610,13.0,0,511,3.0,5.0,-12,25.0
6611,14.0,0,511,2.0,3.0,-11,25.0
6612,15.0,0,511,0.0,3.0,-10,25.0
6613,16.0,0,511,0.0,0.0,-9,25.0
6614,17.0,0,511,0.0,4.0,-8,25.0
6615,18.0,0,511,1.0,3.0,-7,25.0
6616,19.0,0,511,1.0,4.0,-6,25.0
6617,20.0,0,511,0.0,0.0,-5,25.0
6618,21.0,0,511,3.0,10.0,-4,25.0
6619,22.0,0,511,0.0,3.0,-3,25.0
6620,23.0,0,511,0.0,2.0,-2,25.0
6621,24.0,0,511,0.0,2.0,-1,25.0
6622,25.0,1,511,6.0,1.0,0,25.0
6623,26.0,1,511,0.0,2.0,1,25.0
6624,27.0,1,511,1.0,1.0,2,25.0
6625,28.0,1,511,0.0,4.0,3,25.0
6626,29.0,1,511,0.0,3.0,4,25.0
6627,30.0,1,511,0.0,2.0,5,25.0
6628,31.0,1,511,5.0,7.0,6,25.0
6629,32.0,1,511,11.0,18.0,7,25.0
6630,33.0,1,511,3.0,5.0,8,25.0
6631,34.0,1,511,4.0,5.0,9,25.0
6632,35.0,1,511,2.0,7.0,10,25.0
6633,36.0,1,511,3.0,6.0,11,25.0
6634,37.0,1,511,5.0,4.0,12,25.0
6635,38.0,1,511,1.0,1.0,13,25.0
6636,105.0,0,513,2.0,3.0,-14,119.0
6637,106.0,0,513,0.0,0.0,-13,119.0
6638,107.0,0,513,0.0,1.0,-12,119.0
6639,108.0,0,513,0.0,2.0,-11,119.0
6640,109.0,0,513,0.0,4.0,-10,119.0
6641,110.0,0,513,1.0,1.0,-9,119.0
6642,111.0,0,513,0.0,0.0,-8,119.0
6643,112.0,0,513,1.0,1.0,-7,119.0
6644,113.0,0,513,0.0,4.0,-6,119.0
6645,114.0,0,513,0.0,3.0,-5,119.0
6646,115.0,0,513,0.0,4.0,-4,119.0
6647,116.0,0,513,1.0,5.0,-3,119.0
6648,117.0,0,513,1.0,1.0,-2,119.0
6649,118.0,0,513,0.0,5.0,-1,119.0
6650,119.0,1,513,2.0,0.0,0,119.0
6651,120.0,1,513,0.0,2.0,1,119.0
6652,121.0,1,513,0.0,2.0,2,119.0
6653,122.0,1,513,4.0,2.0,3,119.0
6654,123.0,1,513,0.0,2.0,4,119.0
6655,124.0,1,513,2.0,3.0,5,119.0
6656,125.0,1,513,1.0,2.0,6,119.0
6657,126.0,1,513,1.0,0.0,7,119.0
6658,127.0,1,513,1.0,2.0,8,119.0
6659,128.0,1,513,0.0,2.0,9,119.0
6660,129.0,1,513,0.0,3.0,10,119.0
6661,130.0,1,513,0.0,0.0,11,119.0
6662,131.0,1,513,0.0,0.0,12,119.0
6663,132.0,1,513,0.0,1.0,13,119.0
6664,2.0,0,516,1312.0,15890.0,-14,16.0
6665,3.0,0,516,1000.0,18126.0,-13,16.0
6666,4.0,0,516,540.0,13479.0,-12,16.0
6667,5.0,0,516,970.0,17638.0,-11,16.0
6668,6.0,0,516,1959.0,16016.0,-10,16.0
6669,7.0,0,516,1722.0,10643.0,-9,16.0
6670,8.0,0,516,1525.0,11268.0,-8,16.0
6671,9.0,0,516,1795.0,10888.0,-7,16.0
6672,10.0,0,516,609.0,5152.0,-6,16.0
6673,11.0,0,516,429.0,4723.0,-5,16.0
6674,12.0,0,516,1033.0,7889.0,-4,16.0
6675,13.0,0,516,1183.0,9999.0,-3,16.0
6676,14.0,0,516,1032.0,8877.0,-2,16.0
6677,15.0,0,516,831.0,7923.0,-1,16.0
6678,16.0,1,516,838.0,9623.0,0,16.0
6679,17.0,1,516,436.0,5213.0,1,16.0
6680,18.0,1,516,281.0,4256.0,2,16.0
6681,19.0,1,516,300.0,3876.0,3,16.0
6682,20.0,1,516,200.0,2843.0,4,16.0
6683,21.0,1,516,504.0,5410.0,5,16.0
6684,22.0,1,516,184.0,3158.0,6,16.0
6685,23.0,1,516,108.0,1842.0,7,16.0
6686,24.0,1,516,175.0,1907.0,8,16.0
6687,25.0,1,516,74.0,1000.0,9,16.0
6688,26.0,1,516,188.0,3036.0,10,16.0
6689,27.0,1,516,177.0,2832.0,11,16.0
6690,28.0,1,516,239.0,3405.0,12,16.0
6691,29.0,1,516,115.0,1709.0,13,16.0
6692,-11.0,0,522,0.0,0.0,-14,3.0
6693,-10.0,0,522,0.0,2.0,-13,3.0
6694,-9.0,0,522,0.0,1.0,-12,3.0
6695,-8.0,0,522,0.0,0.0,-11,3.0
6696,-7.0,0,522,0.0,0.0,-10,3.0
6697,-6.0,0,522,0.0,0.0,-9,3.0
6698,-5.0,0,522,0.0,0.0,-8,3.0
6699,-4.0,0,522,0.0,3.0,-7,3.0
6700,-3.0,0,522,0.0,66.0,-6,3.0
6701,-2.0,0,522,0.0,120.0,-5,3.0
6702,-1.0,0,522,11.0,73.0,-4,3.0
6703,0.0,0,522,15.0,121.0,-3,3.0
6704,1.0,0,522,13.0,102.0,-2,3.0
6705,2.0,0,522,3.0,39.0,-1,3.0
6706,3.0,1,522,14.0,97.0,0,3.0
6707,4.0,1,522,9.0,91.0,1,3.0
6708,5.0,1,522,2.0,42.0,2,3.0
6709,6.0,1,522,5.0,51.0,3,3.0
6710,7.0,1,522,13.0,121.0,4,3.0
6711,8.0,1,522,4.0,103.0,5,3.0
6712,9.0,1,522,3.0,83.0,6,3.0
6713,10.0,1,522,0.0,42.0,7,3.0
6714,11.0,1,522,0.0,18.0,8,3.0
6715,12.0,1,522,1.0,22.0,9,3.0
6716,13.0,1,522,0.0,26.0,10,3.0
6717,14.0,1,522,1.0,15.0,11,3.0
6718,15.0,1,522,0.0,22.0,12,3.0
6719,16.0,1,522,1.0,9.0,13,3.0
6720,60.0,0,523,23.0,39.0,-14,74.0
6721,61.0,0,523,11.0,29.0,-13,74.0
6722,62.0,0,523,10.0,26.0,-12,74.0
6723,63.0,0,523,21.0,39.0,-11,74.0
6724,64.0,0,523,17.0,23.0,-10,74.0
6725,65.0,0,523,16.0,28.0,-9,74.0
6726,66.0,0,523,6.0,28.0,-8,74.0
6727,67.0,0,523,13.0,30.0,-7,74.0
6728,68.0,0,523,8.0,24.0,-6,74.0
6729,69.0,0,523,19.0,41.0,-5,74.0
6730,70.0,0,523,14.0,29.0,-4,74.0
6731,71.0,0,523,14.0,37.0,-3,74.0
6732,72.0,0,523,12.0,44.0,-2,74.0
6733,73.0,0,523,99.0,129.0,-1,74.0
6734,74.0,1,523,93.0,189.0,0,74.0
6735,75.0,1,523,19.0,47.0,1,74.0
6736,76.0,1,523,81.0,183.0,2,74.0
6737,77.0,1,523,22.0,63.0,3,74.0
6738,78.0,1,523,9.0,35.0,4,74.0
6739,79.0,1,523,14.0,25.0,5,74.0
6740,80.0,1,523,18.0,57.0,6,74.0
6741,81.0,1,523,27.0,59.0,7,74.0
6742,82.0,1,523,22.0,47.0,8,74.0
6743,83.0,1,523,19.0,52.0,9,74.0
6744,84.0,1,523,38.0,126.0,10,74.0
6745,85.0,1,523,17.0,52.0,11,74.0
6746,86.0,1,523,11.0,39.0,12,74.0
6747,87.0,1,523,54.0,168.0,13,74.0
6748,-3.0,0,525,0.0,0.0,-14,11.0
6749,-2.0,0,525,0.0,0.0,-13,11.0
6750,-1.0,0,525,0.0,0.0,-12,11.0
6751,0.0,0,525,0.0,0.0,-11,11.0
6752,1.0,0,525,0.0,0.0,-10,11.0
6753,2.0,0,525,0.0,0.0,-9,11.0
6754,3.0,0,525,0.0,0.0,-8,11.0
6755,4.0,0,525,0.0,0.0,-7,11.0
6756,5.0,0,525,0.0,0.0,-6,11.0
6757,6.0,0,525,0.0,0.0,-5,11.0
6758,7.0,0,525,0.0,0.0,-4,11.0
6759,8.0,0,525,0.0,0.0,-3,11.0
6760,9.0,0,525,23.0,41.0,-2,11.0
6761,10.0,0,525,49.0,157.0,-1,11.0
6762,11.0,1,525,2271.0,469.0,0,11.0
6763,12.0,1,525,598.0,295.0,1,11.0
6764,13.0,1,525,625.0,388.0,2,11.0
6765,14.0,1,525,271.0,307.0,3,11.0
6766,15.0,1,525,53.0,124.0,4,11.0
6767,16.0,1,525,18.0,56.0,5,11.0
6768,17.0,1,525,22.0,54.0,6,11.0
6769,18.0,1,525,20.0,48.0,7,11.0
6770,19.0,1,525,10.0,32.0,8,11.0
6771,20.0,1,525,21.0,47.0,9,11.0
6772,21.0,1,525,12.0,27.0,10,11.0
6773,22.0,1,525,5.0,24.0,11,11.0
6774,23.0,1,525,14.0,26.0,12,11.0
6775,24.0,1,525,28.0,104.0,13,11.0
6776,241.0,0,529,0.0,0.0,-14,255.0
6777,242.0,0,529,0.0,0.0,-13,255.0
6778,243.0,0,529,0.0,0.0,-12,255.0
6779,244.0,0,529,0.0,0.0,-11,255.0
6780,245.0,0,529,1.0,0.0,-10,255.0
6781,246.0,0,529,0.0,0.0,-9,255.0
6782,247.0,0,529,1.0,1.0,-8,255.0
6783,248.0,0,529,0.0,1.0,-7,255.0
6784,249.0,0,529,0.0,0.0,-6,255.0
6785,250.0,0,529,0.0,0.0,-5,255.0
6786,251.0,0,529,0.0,0.0,-4,255.0
6787,252.0,0,529,0.0,0.0,-3,255.0
6788,253.0,0,529,0.0,0.0,-2,255.0
6789,254.0,0,529,0.0,0.0,-1,255.0
6790,255.0,1,529,1.0,1.0,0,255.0
6791,256.0,1,529,0.0,3.0,1,255.0
6792,257.0,1,529,0.0,0.0,2,255.0
6793,258.0,1,529,0.0,0.0,3,255.0
6794,259.0,1,529,0.0,0.0,4,255.0
6795,260.0,1,529,0.0,0.0,5,255.0
6796,261.0,1,529,0.0,0.0,6,255.0
6797,262.0,1,529,0.0,1.0,7,255.0
6798,263.0,1,529,0.0,1.0,8,255.0
6799,264.0,1,529,0.0,1.0,9,255.0
6800,265.0,1,529,0.0,0.0,10,255.0
6801,266.0,1,529,1.0,3.0,11,255.0
6802,267.0,1,529,0.0,0.0,12,255.0
6803,268.0,1,529,0.0,0.0,13,255.0
6804,229.0,0,531,0.0,0.0,-14,243.0
6805,230.0,0,531,0.0,1.0,-13,243.0
6806,231.0,0,531,0.0,1.0,-12,243.0
6807,232.0,0,531,0.0,0.0,-11,243.0
6808,233.0,0,531,0.0,0.0,-10,243.0
6809,234.0,0,531,0.0,1.0,-9,243.0
6810,235.0,0,531,0.0,1.0,-8,243.0
6811,236.0,0,531,0.0,0.0,-7,243.0
6812,237.0,0,531,0.0,0.0,-6,243.0
6813,238.0,0,531,0.0,0.0,-5,243.0
6814,239.0,0,531,0.0,0.0,-4,243.0
6815,240.0,0,531,0.0,1.0,-3,243.0
6816,241.0,0,531,0.0,1.0,-2,243.0
6817,242.0,0,531,0.0,0.0,-1,243.0
6818,243.0,1,531,1.0,1.0,0,243.0
6819,244.0,1,531,0.0,1.0,1,243.0
6820,245.0,1,531,0.0,0.0,2,243.0
6821,246.0,1,531,0.0,1.0,3,243.0
6822,247.0,1,531,0.0,0.0,4,243.0
6823,248.0,1,531,0.0,1.0,5,243.0
6824,249.0,1,531,1.0,0.0,6,243.0
6825,250.0,1,531,0.0,0.0,7,243.0
6826,251.0,1,531,0.0,0.0,8,243.0
6827,252.0,1,531,0.0,0.0,9,243.0
6828,253.0,1,531,1.0,0.0,10,243.0
6829,254.0,1,531,0.0,0.0,11,243.0
6830,255.0,1,531,0.0,0.0,12,243.0
6831,256.0,1,531,0.0,0.0,13,243.0
6832,143.0,0,532,0.0,1.0,-14,157.0
6833,144.0,0,532,8.0,8.0,-13,157.0
6834,145.0,0,532,1.0,0.0,-12,157.0
6835,146.0,0,532,0.0,1.0,-11,157.0
6836,147.0,0,532,0.0,0.0,-10,157.0
6837,148.0,0,532,3.0,13.0,-9,157.0
6838,149.0,0,532,0.0,2.0,-8,157.0
6839,150.0,0,532,1.0,1.0,-7,157.0
6840,151.0,0,532,3.0,1.0,-6,157.0
6841,152.0,0,532,1.0,0.0,-5,157.0
6842,153.0,0,532,0.0,2.0,-4,157.0
6843,154.0,0,532,0.0,0.0,-3,157.0
6844,155.0,0,532,0.0,0.0,-2,157.0
6845,156.0,0,532,0.0,4.0,-1,157.0
6846,157.0,1,532,0.0,1.0,0,157.0
6847,158.0,1,532,1.0,0.0,1,157.0
6848,159.0,1,532,1.0,0.0,2,157.0
6849,160.0,1,532,1.0,1.0,3,157.0
6850,161.0,1,532,0.0,0.0,4,157.0
6851,162.0,1,532,1.0,2.0,5,157.0
6852,163.0,1,532,1.0,0.0,6,157.0
6853,164.0,1,532,0.0,1.0,7,157.0
6854,165.0,1,532,1.0,1.0,8,157.0
6855,166.0,1,532,0.0,0.0,9,157.0
6856,167.0,1,532,0.0,0.0,10,157.0
6857,168.0,1,532,0.0,1.0,11,157.0
6858,169.0,1,532,0.0,0.0,12,157.0
6859,170.0,1,532,0.0,0.0,13,157.0
6860,-14.0,0,535,0.0,18.0,-14,0.0
6861,-13.0,0,535,0.0,51.0,-13,0.0
6862,-12.0,0,535,0.0,28.0,-12,0.0
6863,-11.0,0,535,0.0,50.0,-11,0.0
6864,-10.0,0,535,0.0,31.0,-10,0.0
6865,-9.0,0,535,0.0,19.0,-9,0.0
6866,-8.0,0,535,0.0,23.0,-8,0.0
6867,-7.0,0,535,0.0,17.0,-7,0.0
6868,-6.0,0,535,0.0,17.0,-6,0.0
6869,-5.0,0,535,0.0,13.0,-5,0.0
6870,-4.0,0,535,0.0,86.0,-4,0.0
6871,-3.0,0,535,0.0,205.0,-3,0.0
6872,-2.0,0,535,0.0,232.0,-2,0.0
6873,-1.0,0,535,2.0,312.0,-1,0.0
6874,0.0,1,535,15.0,713.0,0,0.0
6875,1.0,1,535,31.0,2531.0,1,0.0
6876,2.0,1,535,50.0,6345.0,2,0.0
6877,3.0,1,535,18.0,6663.0,3,0.0
6878,4.0,1,535,3.0,3355.0,4,0.0
6879,5.0,1,535,24.0,6819.0,5,0.0
6880,6.0,1,535,5.0,3048.0,6,0.0
6881,7.0,1,535,5.0,2580.0,7,0.0
6882,8.0,1,535,2.0,2767.0,8,0.0
6883,9.0,1,535,2.0,2409.0,9,0.0
6884,10.0,1,535,8.0,11019.0,10,0.0
6885,11.0,1,535,5.0,6763.0,11,0.0
6886,12.0,1,535,4.0,11041.0,12,0.0
6887,13.0,1,535,6.0,5705.0,13,0.0
6888,223.0,0,536,0.0,0.0,-14,237.0
6889,224.0,0,536,2.0,1.0,-13,237.0
6890,225.0,0,536,1.0,2.0,-12,237.0
6891,226.0,0,536,0.0,0.0,-11,237.0
6892,227.0,0,536,0.0,0.0,-10,237.0
6893,228.0,0,536,0.0,0.0,-9,237.0
6894,229.0,0,536,1.0,0.0,-8,237.0
6895,230.0,0,536,0.0,0.0,-7,237.0
6896,231.0,0,536,1.0,1.0,-6,237.0
6897,232.0,0,536,0.0,0.0,-5,237.0
6898,233.0,0,536,0.0,1.0,-4,237.0
6899,234.0,0,536,0.0,1.0,-3,237.0
6900,235.0,0,536,0.0,1.0,-2,237.0
6901,236.0,0,536,0.0,1.0,-1,237.0
6902,237.0,1,536,0.0,1.0,0,237.0
6903,238.0,1,536,0.0,0.0,1,237.0
6904,239.0,1,536,0.0,1.0,2,237.0
6905,240.0,1,536,0.0,0.0,3,237.0
6906,241.0,1,536,0.0,1.0,4,237.0
6907,242.0,1,536,1.0,0.0,5,237.0
6908,243.0,1,536,0.0,0.0,6,237.0
6909,244.0,1,536,0.0,0.0,7,237.0
6910,245.0,1,536,0.0,1.0,8,237.0
6911,246.0,1,536,0.0,0.0,9,237.0
6912,247.0,1,536,0.0,0.0,10,237.0
6913,248.0,1,536,0.0,0.0,11,237.0
6914,249.0,1,536,0.0,0.0,12,237.0
6915,250.0,1,536,0.0,0.0,13,237.0
6916,62.0,0,540,0.0,0.0,-14,76.0
6917,63.0,0,540,0.0,0.0,-13,76.0
6918,64.0,0,540,0.0,0.0,-12,76.0
6919,65.0,0,540,0.0,0.0,-11,76.0
6920,66.0,0,540,0.0,0.0,-10,76.0
6921,67.0,0,540,0.0,0.0,-9,76.0
6922,68.0,0,540,0.0,0.0,-8,76.0
6923,69.0,0,540,0.0,0.0,-7,76.0
6924,70.0,0,540,0.0,0.0,-6,76.0
6925,71.0,0,540,0.0,0.0,-5,76.0
6926,72.0,0,540,0.0,0.0,-4,76.0
6927,73.0,0,540,0.0,0.0,-3,76.0
6928,74.0,0,540,0.0,0.0,-2,76.0
6929,75.0,0,540,1.0,1.0,-1,76.0
6930,76.0,1,540,2.0,7.0,0,76.0
6931,77.0,1,540,1.0,0.0,1,76.0
6932,78.0,1,540,0.0,0.0,2,76.0
6933,79.0,1,540,0.0,1.0,3,76.0
6934,80.0,1,540,1.0,3.0,4,76.0
6935,81.0,1,540,0.0,0.0,5,76.0
6936,82.0,1,540,0.0,0.0,6,76.0
6937,83.0,1,540,0.0,1.0,7,76.0
6938,84.0,1,540,1.0,0.0,8,76.0
6939,85.0,1,540,0.0,0.0,9,76.0
6940,86.0,1,540,0.0,1.0,10,76.0
6941,87.0,1,540,1.0,1.0,11,76.0
6942,88.0,1,540,1.0,0.0,12,76.0
6943,89.0,1,540,0.0,1.0,13,76.0
6944,11.0,0,544,2.0,15.0,-14,25.0
6945,12.0,0,544,9.0,21.0,-13,25.0
6946,13.0,0,544,4.0,16.0,-12,25.0
6947,14.0,0,544,54.0,89.0,-11,25.0
6948,15.0,0,544,11.0,22.0,-10,25.0
6949,16.0,0,544,8.0,11.0,-9,25.0
6950,17.0,0,544,4.0,12.0,-8,25.0
6951,18.0,0,544,13.0,12.0,-7,25.0
6952,19.0,0,544,7.0,24.0,-6,25.0
6953,20.0,0,544,6.0,15.0,-5,25.0
6954,21.0,0,544,24.0,30.0,-4,25.0
6955,22.0,0,544,15.0,24.0,-3,25.0
6956,23.0,0,544,8.0,20.0,-2,25.0
6957,24.0,0,544,3.0,17.0,-1,25.0
6958,25.0,1,544,24.0,14.0,0,25.0
6959,26.0,1,544,10.0,19.0,1,25.0
6960,27.0,1,544,9.0,12.0,2,25.0
6961,28.0,1,544,8.0,15.0,3,25.0
6962,29.0,1,544,2.0,18.0,4,25.0
6963,30.0,1,544,1.0,8.0,5,25.0
6964,31.0,1,544,12.0,12.0,6,25.0
6965,32.0,1,544,94.0,149.0,7,25.0
6966,33.0,1,544,27.0,44.0,8,25.0
6967,34.0,1,544,63.0,145.0,9,25.0
6968,35.0,1,544,21.0,44.0,10,25.0
6969,36.0,1,544,23.0,48.0,11,25.0
6970,37.0,1,544,19.0,41.0,12,25.0
6971,38.0,1,544,4.0,13.0,13,25.0
6972,-6.0,0,549,0.0,0.0,-14,8.0
6973,-5.0,0,549,0.0,0.0,-13,8.0
6974,-4.0,0,549,0.0,0.0,-12,8.0
6975,-3.0,0,549,0.0,0.0,-11,8.0
6976,-2.0,0,549,0.0,0.0,-10,8.0
6977,-1.0,0,549,8.0,48.0,-9,8.0
6978,0.0,0,549,20.0,73.0,-8,8.0
6979,1.0,0,549,25.0,70.0,-7,8.0
6980,2.0,0,549,36.0,133.0,-6,8.0
6981,3.0,0,549,50.0,208.0,-5,8.0
6982,4.0,0,549,48.0,171.0,-4,8.0
6983,5.0,0,549,21.0,105.0,-3,8.0
6984,6.0,0,549,137.0,304.0,-2,8.0
6985,7.0,0,549,569.0,1323.0,-1,8.0
6986,8.0,1,549,392.0,1081.0,0,8.0
6987,9.0,1,549,321.0,544.0,1,8.0
6988,10.0,1,549,114.0,235.0,2,8.0
6989,11.0,1,549,72.0,271.0,3,8.0
6990,12.0,1,549,28.0,119.0,4,8.0
6991,13.0,1,549,65.0,179.0,5,8.0
6992,14.0,1,549,32.0,137.0,6,8.0
6993,15.0,1,549,21.0,65.0,7,8.0
6994,16.0,1,549,30.0,198.0,8,8.0
6995,17.0,1,549,19.0,81.0,9,8.0
6996,18.0,1,549,19.0,87.0,10,8.0
6997,19.0,1,549,78.0,224.0,11,8.0
6998,20.0,1,549,203.0,706.0,12,8.0
6999,21.0,1,549,283.0,1165.0,13,8.0
7000,51.0,0,550,1.0,1.0,-14,65.0
7001,52.0,0,550,0.0,3.0,-13,65.0
7002,53.0,0,550,2.0,3.0,-12,65.0
7003,54.0,0,550,3.0,3.0,-11,65.0
7004,55.0,0,550,0.0,1.0,-10,65.0
7005,56.0,0,550,0.0,2.0,-9,65.0
7006,57.0,0,550,1.0,5.0,-8,65.0
7007,58.0,0,550,2.0,2.0,-7,65.0
7008,59.0,0,550,1.0,6.0,-6,65.0
7009,60.0,0,550,2.0,1.0,-5,65.0
7010,61.0,0,550,2.0,1.0,-4,65.0
7011,62.0,0,550,1.0,3.0,-3,65.0
7012,63.0,0,550,3.0,6.0,-2,65.0
7013,64.0,0,550,2.0,6.0,-1,65.0
7014,65.0,1,550,2.0,6.0,0,65.0
7015,66.0,1,550,0.0,6.0,1,65.0
7016,67.0,1,550,0.0,2.0,2,65.0
7017,68.0,1,550,1.0,7.0,3,65.0
7018,69.0,1,550,2.0,5.0,4,65.0
7019,70.0,1,550,2.0,3.0,5,65.0
7020,71.0,1,550,1.0,2.0,6,65.0
7021,72.0,1,550,1.0,2.0,7,65.0
7022,73.0,1,550,2.0,5.0,8,65.0
7023,74.0,1,550,126.0,280.0,9,65.0
7024,75.0,1,550,51.0,121.0,10,65.0
7025,76.0,1,550,8.0,27.0,11,65.0
7026,77.0,1,550,12.0,24.0,12,65.0
7027,78.0,1,550,8.0,7.0,13,65.0
7028,-4.0,0,552,0.0,4.0,-14,10.0
7029,-3.0,0,552,0.0,37.0,-13,10.0
7030,-2.0,0,552,0.0,60.0,-12,10.0
7031,-1.0,0,552,7.0,101.0,-11,10.0
7032,0.0,0,552,45.0,160.0,-10,10.0
7033,1.0,0,552,323.0,1571.0,-9,10.0
7034,2.0,0,552,801.0,5966.0,-8,10.0
7035,3.0,0,552,875.0,6361.0,-7,10.0
7036,4.0,0,552,599.0,6567.0,-6,10.0
7037,5.0,0,552,689.0,7687.0,-5,10.0
7038,6.0,0,552,1929.0,13293.0,-4,10.0
7039,7.0,0,552,1991.0,7953.0,-3,10.0
7040,8.0,0,552,1919.0,8997.0,-2,10.0
7041,9.0,0,552,1882.0,9100.0,-1,10.0
7042,10.0,1,552,698.0,4145.0,0,10.0
7043,11.0,1,552,985.0,6457.0,1,10.0
7044,12.0,1,552,486.0,3855.0,2,10.0
7045,13.0,1,552,984.0,6555.0,3,10.0
7046,14.0,1,552,808.0,6459.0,4,10.0
7047,15.0,1,552,570.0,5323.0,5,10.0
7048,16.0,1,552,484.0,6447.0,6,10.0
7049,17.0,1,552,419.0,5116.0,7,10.0
7050,18.0,1,552,225.0,2950.0,8,10.0
7051,19.0,1,552,258.0,2579.0,9,10.0
7052,20.0,1,552,302.0,4145.0,10,10.0
7053,21.0,1,552,886.0,8149.0,11,10.0
7054,22.0,1,552,336.0,4046.0,12,10.0
7055,23.0,1,552,160.0,2254.0,13,10.0
7056,240.0,0,557,0.0,1.0,-14,254.0
7057,241.0,0,557,0.0,2.0,-13,254.0
7058,242.0,0,557,0.0,0.0,-12,254.0
7059,243.0,0,557,0.0,1.0,-11,254.0
7060,244.0,0,557,0.0,2.0,-10,254.0
7061,245.0,0,557,1.0,0.0,-9,254.0
7062,246.0,0,557,1.0,2.0,-8,254.0
7063,247.0,0,557,0.0,2.0,-7,254.0
7064,248.0,0,557,0.0,0.0,-6,254.0
7065,249.0,0,557,0.0,1.0,-5,254.0
7066,250.0,0,557,0.0,0.0,-4,254.0
7067,251.0,0,557,0.0,3.0,-3,254.0
7068,252.0,0,557,0.0,2.0,-2,254.0
7069,253.0,0,557,0.0,0.0,-1,254.0
7070,254.0,1,557,1.0,0.0,0,254.0
7071,255.0,1,557,1.0,0.0,1,254.0
7072,256.0,1,557,0.0,1.0,2,254.0
7073,257.0,1,557,0.0,0.0,3,254.0
7074,258.0,1,557,0.0,0.0,4,254.0
7075,259.0,1,557,0.0,0.0,5,254.0
7076,260.0,1,557,0.0,2.0,6,254.0
7077,261.0,1,557,0.0,1.0,7,254.0
7078,262.0,1,557,0.0,1.0,8,254.0
7079,263.0,1,557,0.0,0.0,9,254.0
7080,264.0,1,557,1.0,0.0,10,254.0
7081,265.0,1,557,0.0,0.0,11,254.0
7082,266.0,1,557,0.0,0.0,12,254.0
7083,267.0,1,557,0.0,2.0,13,254.0
7084,-9.0,0,560,0.0,0.0,-14,5.0
7085,-8.0,0,560,0.0,0.0,-13,5.0
7086,-7.0,0,560,0.0,0.0,-12,5.0
7087,-6.0,0,560,0.0,0.0,-11,5.0
7088,-5.0,0,560,0.0,0.0,-10,5.0
7089,-4.0,0,560,0.0,0.0,-9,5.0
7090,-3.0,0,560,0.0,0.0,-8,5.0
7091,-2.0,0,560,0.0,0.0,-7,5.0
7092,-1.0,0,560,0.0,0.0,-6,5.0
7093,0.0,0,560,0.0,0.0,-5,5.0
7094,1.0,0,560,0.0,0.0,-4,5.0
7095,2.0,0,560,0.0,0.0,-3,5.0
7096,3.0,0,560,0.0,0.0,-2,5.0
7097,4.0,0,560,0.0,1.0,-1,5.0
7098,5.0,1,560,4656.0,5623.0,0,5.0
7099,6.0,1,560,1172.0,5645.0,1,5.0
7100,7.0,1,560,571.0,3807.0,2,5.0
7101,8.0,1,560,267.0,2358.0,3,5.0
7102,9.0,1,560,469.0,2869.0,4,5.0
7103,10.0,1,560,152.0,1888.0,5,5.0
7104,11.0,1,560,99.0,1171.0,6,5.0
7105,12.0,1,560,160.0,1327.0,7,5.0
7106,13.0,1,560,123.0,877.0,8,5.0
7107,14.0,1,560,25.0,595.0,9,5.0
7108,15.0,1,560,22.0,524.0,10,5.0
7109,16.0,1,560,19.0,369.0,11,5.0
7110,17.0,1,560,21.0,403.0,12,5.0
7111,18.0,1,560,24.0,324.0,13,5.0
7112,1.0,0,562,161.0,925.0,-14,15.0
7113,2.0,0,562,313.0,1883.0,-13,15.0
7114,3.0,0,562,634.0,4192.0,-12,15.0
7115,4.0,0,562,3490.0,31880.0,-11,15.0
7116,5.0,0,562,1104.0,18473.0,-10,15.0
7117,6.0,0,562,1163.0,19155.0,-9,15.0
7118,7.0,0,562,2322.0,12605.0,-8,15.0
7119,8.0,0,562,1692.0,10126.0,-7,15.0
7120,9.0,0,562,1180.0,8906.0,-6,15.0
7121,10.0,0,562,1192.0,11653.0,-5,15.0
7122,11.0,0,562,2439.0,15897.0,-4,15.0
7123,12.0,0,562,2219.0,23667.0,-3,15.0
7124,13.0,0,562,1514.0,11803.0,-2,15.0
7125,14.0,0,562,2335.0,25846.0,-1,15.0
7126,15.0,1,562,2718.0,30256.0,0,15.0
7127,16.0,1,562,694.0,15545.0,1,15.0
7128,17.0,1,562,466.0,7660.0,2,15.0
7129,18.0,1,562,554.0,5214.0,3,15.0
7130,19.0,1,562,358.0,5384.0,4,15.0
7131,20.0,1,562,232.0,4065.0,5,15.0
7132,21.0,1,562,531.0,11914.0,6,15.0
7133,22.0,1,562,561.0,9968.0,7,15.0
7134,23.0,1,562,425.0,7207.0,8,15.0
7135,24.0,1,562,249.0,4988.0,9,15.0
7136,25.0,1,562,188.0,3052.0,10,15.0
7137,26.0,1,562,146.0,1708.0,11,15.0
7138,27.0,1,562,285.0,4991.0,12,15.0
7139,28.0,1,562,122.0,2708.0,13,15.0
7140,90.0,0,567,1.0,8.0,-14,104.0
7141,91.0,0,567,0.0,10.0,-13,104.0
7142,92.0,0,567,3.0,11.0,-12,104.0
7143,93.0,0,567,0.0,6.0,-11,104.0
7144,94.0,0,567,0.0,9.0,-10,104.0
7145,95.0,0,567,0.0,6.0,-9,104.0
7146,96.0,0,567,3.0,35.0,-8,104.0
7147,97.0,0,567,4.0,37.0,-7,104.0
7148,98.0,0,567,3.0,27.0,-6,104.0
7149,99.0,0,567,0.0,7.0,-5,104.0
7150,100.0,0,567,0.0,4.0,-4,104.0
7151,101.0,0,567,0.0,9.0,-3,104.0
7152,102.0,0,567,0.0,9.0,-2,104.0
7153,103.0,0,567,0.0,9.0,-1,104.0
7154,104.0,1,567,4.0,6.0,0,104.0
7155,105.0,1,567,0.0,3.0,1,104.0
7156,106.0,1,567,0.0,7.0,2,104.0
7157,107.0,1,567,0.0,3.0,3,104.0
7158,108.0,1,567,0.0,3.0,4,104.0
7159,109.0,1,567,2.0,2.0,5,104.0
7160,110.0,1,567,0.0,4.0,6,104.0
7161,111.0,1,567,1.0,5.0,7,104.0
7162,112.0,1,567,0.0,3.0,8,104.0
7163,113.0,1,567,0.0,1.0,9,104.0
7164,114.0,1,567,0.0,2.0,10,104.0
7165,115.0,1,567,0.0,2.0,11,104.0
7166,116.0,1,567,0.0,3.0,12,104.0
7167,117.0,1,567,0.0,3.0,13,104.0
7168,72.0,0,569,408.0,1813.0,-14,86.0
7169,73.0,0,569,923.0,4039.0,-13,86.0
7170,74.0,0,569,429.0,2252.0,-12,86.0
7171,75.0,0,569,227.0,1105.0,-11,86.0
7172,76.0,0,569,302.0,958.0,-10,86.0
7173,77.0,0,569,149.0,633.0,-9,86.0
7174,78.0,0,569,154.0,720.0,-8,86.0
7175,79.0,0,569,88.0,427.0,-7,86.0
7176,80.0,0,569,187.0,677.0,-6,86.0
7177,81.0,0,569,254.0,903.0,-5,86.0
7178,82.0,0,569,179.0,632.0,-4,86.0
7179,83.0,0,569,335.0,923.0,-3,86.0
7180,84.0,0,569,165.0,716.0,-2,86.0
7181,85.0,0,569,355.0,1099.0,-1,86.0
7182,86.0,1,569,269.0,966.0,0,86.0
7183,87.0,1,569,370.0,1247.0,1,86.0
7184,88.0,1,569,123.0,594.0,2,86.0
7185,89.0,1,569,62.0,377.0,3,86.0
7186,90.0,1,569,103.0,442.0,4,86.0
7187,91.0,1,569,79.0,376.0,5,86.0
7188,92.0,1,569,75.0,329.0,6,86.0
7189,93.0,1,569,99.0,382.0,7,86.0
7190,94.0,1,569,201.0,436.0,8,86.0
7191,95.0,1,569,107.0,377.0,9,86.0
7192,96.0,1,569,52.0,293.0,10,86.0
7193,97.0,1,569,254.0,783.0,11,86.0
7194,98.0,1,569,88.0,359.0,12,86.0
7195,99.0,1,569,100.0,426.0,13,86.0
7196,240.0,0,571,0.0,1.0,-14,254.0
7197,241.0,0,571,0.0,0.0,-13,254.0
7198,242.0,0,571,0.0,0.0,-12,254.0
7199,243.0,0,571,0.0,0.0,-11,254.0
7200,244.0,0,571,0.0,0.0,-10,254.0
7201,245.0,0,571,0.0,0.0,-9,254.0
7202,246.0,0,571,0.0,0.0,-8,254.0
7203,247.0,0,571,0.0,0.0,-7,254.0
7204,248.0,0,571,0.0,0.0,-6,254.0
7205,249.0,0,571,0.0,0.0,-5,254.0
7206,250.0,0,571,0.0,0.0,-4,254.0
7207,251.0,0,571,0.0,1.0,-3,254.0
7208,252.0,0,571,0.0,4.0,-2,254.0
7209,253.0,0,571,0.0,1.0,-1,254.0
7210,254.0,1,571,1.0,3.0,0,254.0
7211,255.0,1,571,0.0,0.0,1,254.0
7212,256.0,1,571,1.0,1.0,2,254.0
7213,257.0,1,571,0.0,1.0,3,254.0
7214,258.0,1,571,1.0,0.0,4,254.0
7215,259.0,1,571,0.0,1.0,5,254.0
7216,260.0,1,571,0.0,1.0,6,254.0
7217,261.0,1,571,0.0,0.0,7,254.0
7218,262.0,1,571,0.0,0.0,8,254.0
7219,263.0,1,571,0.0,0.0,9,254.0
7220,264.0,1,571,0.0,0.0,10,254.0
7221,265.0,1,571,0.0,0.0,11,254.0
7222,266.0,1,571,0.0,0.0,12,254.0
7223,267.0,1,571,0.0,0.0,13,254.0
7224,-5.0,0,574,0.0,21.0,-14,9.0
7225,-4.0,0,574,0.0,47.0,-13,9.0
7226,-3.0,0,574,0.0,279.0,-12,9.0
7227,-2.0,0,574,0.0,408.0,-11,9.0
7228,-1.0,0,574,6.0,560.0,-10,9.0
7229,0.0,0,574,98.0,669.0,-9,9.0
7230,1.0,0,574,367.0,2532.0,-8,9.0
7231,2.0,0,574,719.0,7307.0,-7,9.0
7232,3.0,0,574,1569.0,25588.0,-6,9.0
7233,4.0,0,574,987.0,24814.0,-5,9.0
7234,5.0,0,574,1100.0,40023.0,-4,9.0
7235,6.0,0,574,1113.0,25783.0,-3,9.0
7236,7.0,0,574,1359.0,9344.0,-2,9.0
7237,8.0,0,574,1489.0,12916.0,-1,9.0
7238,9.0,1,574,868.0,9206.0,0,9.0
7239,10.0,1,574,504.0,8042.0,1,9.0
7240,11.0,1,574,418.0,5122.0,2,9.0
7241,12.0,1,574,213.0,6208.0,3,9.0
7242,13.0,1,574,257.0,5029.0,4,9.0
7243,14.0,1,574,217.0,4595.0,5,9.0
7244,15.0,1,574,1102.0,14182.0,6,9.0
7245,16.0,1,574,359.0,6791.0,7,9.0
7246,17.0,1,574,276.0,6606.0,8,9.0
7247,18.0,1,574,158.0,3279.0,9,9.0
7248,19.0,1,574,148.0,3457.0,10,9.0
7249,20.0,1,574,243.0,4473.0,11,9.0
7250,21.0,1,574,106.0,2439.0,12,9.0
7251,22.0,1,574,49.0,1203.0,13,9.0
7252,232.0,0,578,0.0,0.0,-14,246.0
7253,233.0,0,578,0.0,0.0,-13,246.0
7254,234.0,0,578,0.0,0.0,-12,246.0
7255,235.0,0,578,1.0,0.0,-11,246.0
7256,236.0,0,578,0.0,1.0,-10,246.0
7257,237.0,0,578,0.0,0.0,-9,246.0
7258,238.0,0,578,0.0,1.0,-8,246.0
7259,239.0,0,578,0.0,0.0,-7,246.0
7260,240.0,0,578,0.0,1.0,-6,246.0
7261,241.0,0,578,0.0,1.0,-5,246.0
7262,242.0,0,578,1.0,0.0,-4,246.0
7263,243.0,0,578,0.0,0.0,-3,246.0
7264,244.0,0,578,0.0,0.0,-2,246.0
7265,245.0,0,578,0.0,0.0,-1,246.0
7266,246.0,1,578,0.0,0.0,0,246.0
7267,247.0,1,578,1.0,1.0,1,246.0
7268,248.0,1,578,0.0,1.0,2,246.0
7269,249.0,1,578,0.0,1.0,3,246.0
7270,250.0,1,578,0.0,0.0,4,246.0
7271,251.0,1,578,0.0,0.0,5,246.0
7272,252.0,1,578,1.0,1.0,6,246.0
7273,253.0,1,578,1.0,1.0,7,246.0
7274,254.0,1,578,0.0,0.0,8,246.0
7275,255.0,1,578,0.0,2.0,9,246.0
7276,256.0,1,578,0.0,1.0,10,246.0
7277,257.0,1,578,0.0,0.0,11,246.0
7278,258.0,1,578,0.0,0.0,12,246.0
7279,259.0,1,578,0.0,1.0,13,246.0
7280,143.0,0,579,1.0,1.0,-14,157.0
7281,144.0,0,579,0.0,1.0,-13,157.0
7282,145.0,0,579,0.0,0.0,-12,157.0
7283,146.0,0,579,0.0,0.0,-11,157.0
7284,147.0,0,579,1.0,0.0,-10,157.0
7285,148.0,0,579,2.0,0.0,-9,157.0
7286,149.0,0,579,0.0,1.0,-8,157.0
7287,150.0,0,579,0.0,2.0,-7,157.0
7288,151.0,0,579,0.0,1.0,-6,157.0
7289,152.0,0,579,0.0,1.0,-5,157.0
7290,153.0,0,579,0.0,0.0,-4,157.0
7291,154.0,0,579,1.0,1.0,-3,157.0
7292,155.0,0,579,1.0,1.0,-2,157.0
7293,156.0,0,579,0.0,0.0,-1,157.0
7294,157.0,1,579,0.0,0.0,0,157.0
7295,158.0,1,579,0.0,0.0,1,157.0
7296,159.0,1,579,0.0,0.0,2,157.0
7297,160.0,1,579,0.0,1.0,3,157.0
7298,161.0,1,579,0.0,0.0,4,157.0
7299,162.0,1,579,1.0,1.0,5,157.0
7300,163.0,1,579,0.0,0.0,6,157.0
7301,164.0,1,579,1.0,1.0,7,157.0
7302,165.0,1,579,0.0,1.0,8,157.0
7303,166.0,1,579,0.0,3.0,9,157.0
7304,167.0,1,579,1.0,0.0,10,157.0
7305,168.0,1,579,0.0,0.0,11,157.0
7306,169.0,1,579,1.0,2.0,12,157.0
7307,170.0,1,579,1.0,2.0,13,157.0
7308,51.0,0,581,18.0,137.0,-14,65.0
7309,52.0,0,581,51.0,287.0,-13,65.0
7310,53.0,0,581,19.0,165.0,-12,65.0
7311,54.0,0,581,8.0,117.0,-11,65.0
7312,55.0,0,581,35.0,179.0,-10,65.0
7313,56.0,0,581,121.0,848.0,-9,65.0
7314,57.0,0,581,83.0,695.0,-8,65.0
7315,58.0,0,581,84.0,687.0,-7,65.0
7316,59.0,0,581,153.0,1589.0,-6,65.0
7317,60.0,0,581,45.0,722.0,-5,65.0
7318,61.0,0,581,27.0,448.0,-4,65.0
7319,62.0,0,581,155.0,1797.0,-3,65.0
7320,63.0,0,581,162.0,2280.0,-2,65.0
7321,64.0,0,581,88.0,1264.0,-1,65.0
7322,65.0,1,581,105.0,1234.0,0,65.0
7323,66.0,1,581,13.0,242.0,1,65.0
7324,67.0,1,581,15.0,236.0,2,65.0
7325,68.0,1,581,24.0,346.0,3,65.0
7326,69.0,1,581,93.0,1471.0,4,65.0
7327,70.0,1,581,125.0,3092.0,5,65.0
7328,71.0,1,581,111.0,1884.0,6,65.0
7329,72.0,1,581,39.0,808.0,7,65.0
7330,73.0,1,581,43.0,1501.0,8,65.0
7331,74.0,1,581,58.0,1109.0,9,65.0
7332,75.0,1,581,21.0,324.0,10,65.0
7333,76.0,1,581,53.0,596.0,11,65.0
7334,77.0,1,581,40.0,559.0,12,65.0
7335,78.0,1,581,27.0,608.0,13,65.0
7336,-1.0,0,589,0.0,5.0,-14,13.0
7337,0.0,0,589,2.0,1.0,-13,13.0
7338,1.0,0,589,0.0,11.0,-12,13.0
7339,2.0,0,589,3.0,22.0,-11,13.0
7340,3.0,0,589,5.0,69.0,-10,13.0
7341,4.0,0,589,4.0,94.0,-9,13.0
7342,5.0,0,589,7.0,125.0,-8,13.0
7343,6.0,0,589,11.0,99.0,-7,13.0
7344,7.0,0,589,10.0,68.0,-6,13.0
7345,8.0,0,589,11.0,62.0,-5,13.0
7346,9.0,0,589,9.0,44.0,-4,13.0
7347,10.0,0,589,10.0,33.0,-3,13.0
7348,11.0,0,589,80.0,42.0,-2,13.0
7349,12.0,0,589,288.0,88.0,-1,13.0
7350,13.0,1,589,625.0,190.0,0,13.0
7351,14.0,1,589,22.0,69.0,1,13.0
7352,15.0,1,589,22.0,115.0,2,13.0
7353,16.0,1,589,15.0,81.0,3,13.0
7354,17.0,1,589,12.0,43.0,4,13.0
7355,18.0,1,589,20.0,27.0,5,13.0
7356,19.0,1,589,15.0,52.0,6,13.0
7357,20.0,1,589,7.0,15.0,7,13.0
7358,21.0,1,589,2.0,18.0,8,13.0
7359,22.0,1,589,23.0,31.0,9,13.0
7360,23.0,1,589,29.0,87.0,10,13.0
7361,24.0,1,589,12.0,41.0,11,13.0
7362,25.0,1,589,7.0,29.0,12,13.0
7363,26.0,1,589,7.0,15.0,13,13.0
7364,4.0,0,590,187.0,384.0,-14,18.0
7365,5.0,0,590,68.0,142.0,-13,18.0
7366,6.0,0,590,23.0,56.0,-12,18.0
7367,7.0,0,590,27.0,46.0,-11,18.0
7368,8.0,0,590,9.0,27.0,-10,18.0
7369,9.0,0,590,19.0,32.0,-9,18.0
7370,10.0,0,590,6.0,11.0,-8,18.0
7371,11.0,0,590,22.0,52.0,-7,18.0
7372,12.0,0,590,15.0,61.0,-6,18.0
7373,13.0,0,590,131.0,153.0,-5,18.0
7374,14.0,0,590,139.0,205.0,-4,18.0
7375,15.0,0,590,296.0,444.0,-3,18.0
7376,16.0,0,590,57.0,81.0,-2,18.0
7377,17.0,0,590,55.0,91.0,-1,18.0
7378,18.0,1,590,21.0,40.0,0,18.0
7379,19.0,1,590,4.0,15.0,1,18.0
7380,20.0,1,590,3.0,21.0,2,18.0
7381,21.0,1,590,9.0,15.0,3,18.0
7382,22.0,1,590,7.0,19.0,4,18.0
7383,23.0,1,590,3.0,21.0,5,18.0
7384,24.0,1,590,180.0,373.0,6,18.0
7385,25.0,1,590,22.0,62.0,7,18.0
7386,26.0,1,590,5.0,24.0,8,18.0
7387,27.0,1,590,14.0,28.0,9,18.0
7388,28.0,1,590,14.0,19.0,10,18.0
7389,29.0,1,590,1.0,16.0,11,18.0
7390,30.0,1,590,6.0,7.0,12,18.0
7391,31.0,1,590,7.0,6.0,13,18.0
7392,-5.0,0,596,0.0,88.0,-14,9.0
7393,-4.0,0,596,0.0,98.0,-13,9.0
7394,-3.0,0,596,0.0,301.0,-12,9.0
7395,-2.0,0,596,0.0,753.0,-11,9.0
7396,-1.0,0,596,1.0,650.0,-10,9.0
7397,0.0,0,596,52.0,672.0,-9,9.0
7398,1.0,0,596,286.0,1739.0,-8,9.0
7399,2.0,0,596,855.0,4769.0,-7,9.0
7400,3.0,0,596,676.0,5903.0,-6,9.0
7401,4.0,0,596,489.0,5927.0,-5,9.0
7402,5.0,0,596,375.0,5913.0,-4,9.0
7403,6.0,0,596,663.0,7266.0,-3,9.0
7404,7.0,0,596,1315.0,7393.0,-2,9.0
7405,8.0,0,596,2281.0,10534.0,-1,9.0
7406,9.0,1,596,1019.0,6618.0,0,9.0
7407,10.0,1,596,1266.0,9376.0,1,9.0
7408,11.0,1,596,1020.0,8994.0,2,9.0
7409,12.0,1,596,718.0,7552.0,3,9.0
7410,13.0,1,596,521.0,5600.0,4,9.0
7411,14.0,1,596,286.0,3904.0,5,9.0
7412,15.0,1,596,383.0,3849.0,6,9.0
7413,16.0,1,596,500.0,4006.0,7,9.0
7414,17.0,1,596,66.0,1409.0,8,9.0
7415,18.0,1,596,45.0,1105.0,9,9.0
7416,19.0,1,596,62.0,980.0,10,9.0
7417,20.0,1,596,25.0,592.0,11,9.0
7418,21.0,1,596,27.0,727.0,12,9.0
7419,22.0,1,596,51.0,739.0,13,9.0
7420,59.0,0,598,0.0,0.0,-14,73.0
7421,60.0,0,598,0.0,1.0,-13,73.0
7422,61.0,0,598,0.0,1.0,-12,73.0
7423,62.0,0,598,0.0,0.0,-11,73.0
7424,63.0,0,598,0.0,2.0,-10,73.0
7425,64.0,0,598,0.0,0.0,-9,73.0
7426,65.0,0,598,0.0,1.0,-8,73.0
7427,66.0,0,598,0.0,1.0,-7,73.0
7428,67.0,0,598,1.0,0.0,-6,73.0
7429,68.0,0,598,0.0,0.0,-5,73.0
7430,69.0,0,598,0.0,2.0,-4,73.0
7431,70.0,0,598,1.0,1.0,-3,73.0
7432,71.0,0,598,0.0,0.0,-2,73.0
7433,72.0,0,598,3.0,0.0,-1,73.0
7434,73.0,1,598,5.0,2.0,0,73.0
7435,74.0,1,598,0.0,0.0,1,73.0
7436,75.0,1,598,1.0,2.0,2,73.0
7437,76.0,1,598,0.0,0.0,3,73.0
7438,77.0,1,598,0.0,1.0,4,73.0
7439,78.0,1,598,0.0,0.0,5,73.0
7440,79.0,1,598,0.0,2.0,6,73.0
7441,80.0,1,598,1.0,0.0,7,73.0
7442,81.0,1,598,1.0,2.0,8,73.0
7443,82.0,1,598,0.0,0.0,9,73.0
7444,83.0,1,598,0.0,0.0,10,73.0
7445,84.0,1,598,0.0,0.0,11,73.0
7446,85.0,1,598,0.0,0.0,12,73.0
7447,86.0,1,598,0.0,1.0,13,73.0
7448,-3.0,0,599,0.0,27.0,-14,11.0
7449,-2.0,0,599,0.0,63.0,-13,11.0
7450,-1.0,0,599,0.0,54.0,-12,11.0
7451,0.0,0,599,12.0,52.0,-11,11.0
7452,1.0,0,599,57.0,202.0,-10,11.0
7453,2.0,0,599,58.0,188.0,-9,11.0
7454,3.0,0,599,110.0,271.0,-8,11.0
7455,4.0,0,599,135.0,404.0,-7,11.0
7456,5.0,0,599,44.0,211.0,-6,11.0
7457,6.0,0,599,38.0,223.0,-5,11.0
7458,7.0,0,599,79.0,207.0,-4,11.0
7459,8.0,0,599,84.0,155.0,-3,11.0
7460,9.0,0,599,62.0,123.0,-2,11.0
7461,10.0,0,599,307.0,522.0,-1,11.0
7462,11.0,1,599,114.0,213.0,0,11.0
7463,12.0,1,599,151.0,348.0,1,11.0
7464,13.0,1,599,263.0,652.0,2,11.0
7465,14.0,1,599,130.0,312.0,3,11.0
7466,15.0,1,599,407.0,1634.0,4,11.0
7467,16.0,1,599,594.0,2831.0,5,11.0
7468,17.0,1,599,108.0,482.0,6,11.0
7469,18.0,1,599,56.0,180.0,7,11.0
7470,19.0,1,599,12.0,60.0,8,11.0
7471,20.0,1,599,12.0,32.0,9,11.0
7472,21.0,1,599,27.0,90.0,10,11.0
7473,22.0,1,599,18.0,68.0,11,11.0
7474,23.0,1,599,40.0,137.0,12,11.0
7475,24.0,1,599,34.0,128.0,13,11.0
7476,25.0,0,601,7.0,50.0,-14,39.0
7477,26.0,0,601,6.0,45.0,-13,39.0
7478,27.0,0,601,7.0,29.0,-12,39.0
7479,28.0,0,601,10.0,43.0,-11,39.0
7480,29.0,0,601,10.0,61.0,-10,39.0
7481,30.0,0,601,6.0,38.0,-9,39.0
7482,31.0,0,601,8.0,40.0,-8,39.0
7483,32.0,0,601,6.0,34.0,-7,39.0
7484,33.0,0,601,8.0,37.0,-6,39.0
7485,34.0,0,601,10.0,37.0,-5,39.0
7486,35.0,0,601,4.0,33.0,-4,39.0
7487,36.0,0,601,3.0,37.0,-3,39.0
7488,37.0,0,601,11.0,34.0,-2,39.0
7489,38.0,0,601,6.0,28.0,-1,39.0
7490,39.0,1,601,11.0,18.0,0,39.0
7491,40.0,1,601,48.0,128.0,1,39.0
7492,41.0,1,601,181.0,455.0,2,39.0
7493,42.0,1,601,21.0,62.0,3,39.0
7494,43.0,1,601,14.0,48.0,4,39.0
7495,44.0,1,601,10.0,49.0,5,39.0
7496,45.0,1,601,4.0,24.0,6,39.0
7497,46.0,1,601,7.0,31.0,7,39.0
7498,47.0,1,601,5.0,26.0,8,39.0
7499,48.0,1,601,3.0,25.0,9,39.0
7500,49.0,1,601,15.0,36.0,10,39.0
7501,50.0,1,601,23.0,72.0,11,39.0
7502,51.0,1,601,15.0,38.0,12,39.0
7503,52.0,1,601,19.0,45.0,13,39.0
7504,57.0,0,604,0.0,0.0,-14,71.0
7505,58.0,0,604,0.0,0.0,-13,71.0
7506,59.0,0,604,0.0,0.0,-12,71.0
7507,60.0,0,604,0.0,0.0,-11,71.0
7508,61.0,0,604,0.0,0.0,-10,71.0
7509,62.0,0,604,0.0,0.0,-9,71.0
7510,63.0,0,604,0.0,0.0,-8,71.0
7511,64.0,0,604,0.0,0.0,-7,71.0
7512,65.0,0,604,0.0,0.0,-6,71.0
7513,66.0,0,604,0.0,0.0,-5,71.0
7514,67.0,0,604,0.0,0.0,-4,71.0
7515,68.0,0,604,0.0,0.0,-3,71.0
7516,69.0,0,604,0.0,0.0,-2,71.0
7517,70.0,0,604,0.0,0.0,-1,71.0
7518,71.0,1,604,2.0,0.0,0,71.0
7519,72.0,1,604,0.0,0.0,1,71.0
7520,73.0,1,604,0.0,0.0,2,71.0
7521,74.0,1,604,0.0,0.0,3,71.0
7522,75.0,1,604,0.0,0.0,4,71.0
7523,76.0,1,604,0.0,0.0,5,71.0
7524,77.0,1,604,0.0,0.0,6,71.0
7525,78.0,1,604,0.0,1.0,7,71.0
7526,79.0,1,604,0.0,0.0,8,71.0
7527,80.0,1,604,0.0,0.0,9,71.0
7528,81.0,1,604,0.0,0.0,10,71.0
7529,82.0,1,604,0.0,0.0,11,71.0
7530,83.0,1,604,0.0,0.0,12,71.0
7531,84.0,1,604,1.0,0.0,13,71.0
7532,248.0,0,605,0.0,2.0,-14,262.0
7533,249.0,0,605,1.0,2.0,-13,262.0
7534,250.0,0,605,1.0,0.0,-12,262.0
7535,251.0,0,605,0.0,2.0,-11,262.0
7536,252.0,0,605,4.0,7.0,-10,262.0
7537,253.0,0,605,0.0,2.0,-9,262.0
7538,254.0,0,605,2.0,0.0,-8,262.0
7539,255.0,0,605,0.0,0.0,-7,262.0
7540,256.0,0,605,0.0,0.0,-6,262.0
7541,257.0,0,605,1.0,0.0,-5,262.0
7542,258.0,0,605,5.0,7.0,-4,262.0
7543,259.0,0,605,2.0,2.0,-3,262.0
7544,260.0,0,605,1.0,0.0,-2,262.0
7545,261.0,0,605,1.0,1.0,-1,262.0
7546,262.0,1,605,0.0,0.0,0,262.0
7547,263.0,1,605,0.0,0.0,1,262.0
7548,264.0,1,605,1.0,1.0,2,262.0
7549,265.0,1,605,0.0,0.0,3,262.0
7550,266.0,1,605,1.0,1.0,4,262.0
7551,267.0,1,605,1.0,0.0,5,262.0
7552,268.0,1,605,0.0,0.0,6,262.0
7553,269.0,1,605,0.0,0.0,7,262.0
7554,270.0,1,605,0.0,0.0,8,262.0
7555,271.0,1,605,0.0,0.0,9,262.0
7556,272.0,1,605,0.0,0.0,10,262.0
7557,273.0,1,605,0.0,0.0,11,262.0
7558,274.0,1,605,0.0,0.0,12,262.0
7559,275.0,1,605,0.0,1.0,13,262.0
7560,222.0,0,606,0.0,0.0,-14,236.0
7561,223.0,0,606,0.0,0.0,-13,236.0
7562,224.0,0,606,0.0,0.0,-12,236.0
7563,225.0,0,606,0.0,0.0,-11,236.0
7564,226.0,0,606,0.0,0.0,-10,236.0
7565,227.0,0,606,0.0,0.0,-9,236.0
7566,228.0,0,606,0.0,0.0,-8,236.0
7567,229.0,0,606,0.0,0.0,-7,236.0
7568,230.0,0,606,0.0,0.0,-6,236.0
7569,231.0,0,606,0.0,0.0,-5,236.0
7570,232.0,0,606,0.0,0.0,-4,236.0
7571,233.0,0,606,0.0,0.0,-3,236.0
7572,234.0,0,606,0.0,0.0,-2,236.0
7573,235.0,0,606,0.0,2.0,-1,236.0
7574,236.0,1,606,1.0,1.0,0,236.0
7575,237.0,1,606,0.0,1.0,1,236.0
7576,238.0,1,606,0.0,0.0,2,236.0
7577,239.0,1,606,0.0,0.0,3,236.0
7578,240.0,1,606,0.0,1.0,4,236.0
7579,241.0,1,606,0.0,0.0,5,236.0
7580,242.0,1,606,0.0,1.0,6,236.0
7581,243.0,1,606,0.0,0.0,7,236.0
7582,244.0,1,606,0.0,0.0,8,236.0
7583,245.0,1,606,0.0,0.0,9,236.0
7584,246.0,1,606,0.0,0.0,10,236.0
7585,247.0,1,606,0.0,0.0,11,236.0
7586,248.0,1,606,0.0,1.0,12,236.0
7587,249.0,1,606,0.0,0.0,13,236.0
7588,246.0,0,608,11.0,12.0,-14,260.0
7589,247.0,0,608,2.0,1.0,-13,260.0
7590,248.0,0,608,9.0,5.0,-12,260.0
7591,249.0,0,608,5.0,1.0,-11,260.0
7592,250.0,0,608,4.0,4.0,-10,260.0
7593,251.0,0,608,2.0,4.0,-9,260.0
7594,252.0,0,608,7.0,2.0,-8,260.0
7595,253.0,0,608,3.0,6.0,-7,260.0
7596,254.0,0,608,2.0,4.0,-6,260.0
7597,255.0,0,608,1.0,2.0,-5,260.0
7598,256.0,0,608,2.0,6.0,-4,260.0
7599,257.0,0,608,2.0,7.0,-3,260.0
7600,258.0,0,608,5.0,4.0,-2,260.0
7601,259.0,0,608,80.0,43.0,-1,260.0
7602,260.0,1,608,65.0,59.0,0,260.0
7603,261.0,1,608,3.0,8.0,1,260.0
7604,262.0,1,608,1.0,3.0,2,260.0
7605,263.0,1,608,3.0,7.0,3,260.0
7606,264.0,1,608,6.0,4.0,4,260.0
7607,265.0,1,608,3.0,4.0,5,260.0
7608,266.0,1,608,1.0,5.0,6,260.0
7609,267.0,1,608,3.0,6.0,7,260.0
7610,268.0,1,608,0.0,3.0,8,260.0
7611,269.0,1,608,2.0,5.0,9,260.0
7612,270.0,1,608,5.0,4.0,10,260.0
7613,271.0,1,608,2.0,5.0,11,260.0
7614,272.0,1,608,2.0,3.0,12,260.0
7615,273.0,1,608,0.0,8.0,13,260.0
7616,229.0,0,610,0.0,0.0,-14,243.0
7617,230.0,0,610,0.0,0.0,-13,243.0
7618,231.0,0,610,0.0,0.0,-12,243.0
7619,232.0,0,610,0.0,0.0,-11,243.0
7620,233.0,0,610,0.0,0.0,-10,243.0
7621,234.0,0,610,1.0,0.0,-9,243.0
7622,235.0,0,610,0.0,0.0,-8,243.0
7623,236.0,0,610,0.0,0.0,-7,243.0
7624,237.0,0,610,0.0,0.0,-6,243.0
7625,238.0,0,610,0.0,0.0,-5,243.0
7626,239.0,0,610,0.0,0.0,-4,243.0
7627,240.0,0,610,0.0,1.0,-3,243.0
7628,241.0,0,610,0.0,0.0,-2,243.0
7629,242.0,0,610,0.0,0.0,-1,243.0
7630,243.0,1,610,0.0,0.0,0,243.0
7631,244.0,1,610,0.0,0.0,1,243.0
7632,245.0,1,610,0.0,0.0,2,243.0
7633,246.0,1,610,0.0,2.0,3,243.0
7634,247.0,1,610,0.0,0.0,4,243.0
7635,248.0,1,610,0.0,0.0,5,243.0
7636,249.0,1,610,0.0,0.0,6,243.0
7637,250.0,1,610,0.0,0.0,7,243.0
7638,251.0,1,610,0.0,0.0,8,243.0
7639,252.0,1,610,0.0,0.0,9,243.0
7640,253.0,1,610,0.0,0.0,10,243.0
7641,254.0,1,610,0.0,0.0,11,243.0
7642,255.0,1,610,0.0,1.0,12,243.0
7643,256.0,1,610,0.0,0.0,13,243.0
7644,82.0,0,611,6.0,55.0,-14,96.0
7645,83.0,0,611,6.0,49.0,-13,96.0
7646,84.0,0,611,5.0,26.0,-12,96.0
7647,85.0,0,611,35.0,233.0,-11,96.0
7648,86.0,0,611,106.0,426.0,-10,96.0
7649,87.0,0,611,21.0,99.0,-9,96.0
7650,88.0,0,611,17.0,57.0,-8,96.0
7651,89.0,0,611,7.0,31.0,-7,96.0
7652,90.0,0,611,3.0,36.0,-6,96.0
7653,91.0,0,611,11.0,52.0,-5,96.0
7654,92.0,0,611,25.0,164.0,-4,96.0
7655,93.0,0,611,19.0,72.0,-3,96.0
7656,94.0,0,611,5.0,22.0,-2,96.0
7657,95.0,0,611,37.0,83.0,-1,96.0
7658,96.0,1,611,46.0,85.0,0,96.0
7659,97.0,1,611,6.0,15.0,1,96.0
7660,98.0,1,611,2.0,17.0,2,96.0
7661,99.0,1,611,1.0,15.0,3,96.0
7662,100.0,1,611,6.0,37.0,4,96.0
7663,101.0,1,611,2.0,7.0,5,96.0
7664,102.0,1,611,0.0,14.0,6,96.0
7665,103.0,1,611,2.0,15.0,7,96.0
7666,104.0,1,611,3.0,14.0,8,96.0
7667,105.0,1,611,6.0,19.0,9,96.0
7668,106.0,1,611,6.0,28.0,10,96.0
7669,107.0,1,611,3.0,18.0,11,96.0
7670,108.0,1,611,2.0,20.0,12,96.0
7671,109.0,1,611,0.0,21.0,13,96.0
7672,-7.0,0,612,0.0,0.0,-14,7.0
7673,-6.0,0,612,0.0,0.0,-13,7.0
7674,-5.0,0,612,0.0,1.0,-12,7.0
7675,-4.0,0,612,0.0,0.0,-11,7.0
7676,-3.0,0,612,0.0,2.0,-10,7.0
7677,-2.0,0,612,0.0,35.0,-9,7.0
7678,-1.0,0,612,20.0,1943.0,-8,7.0
7679,0.0,0,612,296.0,2126.0,-7,7.0
7680,1.0,0,612,140.0,783.0,-6,7.0
7681,2.0,0,612,206.0,1193.0,-5,7.0
7682,3.0,0,612,304.0,2237.0,-4,7.0
7683,4.0,0,612,316.0,6420.0,-3,7.0
7684,5.0,0,612,891.0,26928.0,-2,7.0
7685,6.0,0,612,832.0,17891.0,-1,7.0
7686,7.0,1,612,451.0,11737.0,0,7.0
7687,8.0,1,612,201.0,11164.0,1,7.0
7688,9.0,1,612,325.0,11624.0,2,7.0
7689,10.0,1,612,571.0,10036.0,3,7.0
7690,11.0,1,612,224.0,6512.0,4,7.0
7691,12.0,1,612,111.0,5758.0,5,7.0
7692,13.0,1,612,208.0,4144.0,6,7.0
7693,14.0,1,612,41.0,2593.0,7,7.0
7694,15.0,1,612,46.0,3257.0,8,7.0
7695,16.0,1,612,35.0,1955.0,9,7.0
7696,17.0,1,612,21.0,1392.0,10,7.0
7697,18.0,1,612,18.0,1556.0,11,7.0
7698,19.0,1,612,13.0,1343.0,12,7.0
7699,20.0,1,612,7.0,839.0,13,7.0
7700,59.0,0,613,3.0,16.0,-14,73.0
7701,60.0,0,613,1.0,10.0,-13,73.0
7702,61.0,0,613,1.0,10.0,-12,73.0
7703,62.0,0,613,1.0,11.0,-11,73.0
7704,63.0,0,613,2.0,22.0,-10,73.0
7705,64.0,0,613,4.0,10.0,-9,73.0
7706,65.0,0,613,9.0,24.0,-8,73.0
7707,66.0,0,613,2.0,12.0,-7,73.0
7708,67.0,0,613,1.0,8.0,-6,73.0
7709,68.0,0,613,2.0,17.0,-5,73.0
7710,69.0,0,613,1.0,13.0,-4,73.0
7711,70.0,0,613,4.0,10.0,-3,73.0
7712,71.0,0,613,4.0,22.0,-2,73.0
7713,72.0,0,613,1.0,27.0,-1,73.0
7714,73.0,1,613,6.0,40.0,0,73.0
7715,74.0,1,613,5.0,18.0,1,73.0
7716,75.0,1,613,1.0,20.0,2,73.0
7717,76.0,1,613,11.0,27.0,3,73.0
7718,77.0,1,613,10.0,24.0,4,73.0
7719,78.0,1,613,4.0,22.0,5,73.0
7720,79.0,1,613,2.0,11.0,6,73.0
7721,80.0,1,613,5.0,17.0,7,73.0
7722,81.0,1,613,2.0,6.0,8,73.0
7723,82.0,1,613,4.0,4.0,9,73.0
7724,83.0,1,613,2.0,7.0,10,73.0
7725,84.0,1,613,2.0,9.0,11,73.0
7726,85.0,1,613,0.0,6.0,12,73.0
7727,86.0,1,613,0.0,9.0,13,73.0
7728,141.0,0,614,2.0,2.0,-14,155.0
7729,142.0,0,614,2.0,1.0,-13,155.0
7730,143.0,0,614,2.0,4.0,-12,155.0
7731,144.0,0,614,1.0,8.0,-11,155.0
7732,145.0,0,614,2.0,4.0,-10,155.0
7733,146.0,0,614,2.0,2.0,-9,155.0
7734,147.0,0,614,1.0,2.0,-8,155.0
7735,148.0,0,614,1.0,7.0,-7,155.0
7736,149.0,0,614,3.0,8.0,-6,155.0
7737,150.0,0,614,2.0,8.0,-5,155.0
7738,151.0,0,614,1.0,2.0,-4,155.0
7739,152.0,0,614,2.0,2.0,-3,155.0
7740,153.0,0,614,0.0,3.0,-2,155.0
7741,154.0,0,614,1.0,4.0,-1,155.0
7742,155.0,1,614,2.0,1.0,0,155.0
7743,156.0,1,614,1.0,2.0,1,155.0
7744,157.0,1,614,0.0,5.0,2,155.0
7745,158.0,1,614,2.0,3.0,3,155.0
7746,159.0,1,614,0.0,4.0,4,155.0
7747,160.0,1,614,3.0,5.0,5,155.0
7748,161.0,1,614,0.0,3.0,6,155.0
7749,162.0,1,614,0.0,5.0,7,155.0
7750,163.0,1,614,1.0,2.0,8,155.0
7751,164.0,1,614,1.0,1.0,9,155.0
7752,165.0,1,614,0.0,6.0,10,155.0
7753,166.0,1,614,0.0,7.0,11,155.0
7754,167.0,1,614,2.0,1.0,12,155.0
7755,168.0,1,614,1.0,1.0,13,155.0
7756,72.0,0,616,0.0,0.0,-14,86.0
7757,73.0,0,616,0.0,0.0,-13,86.0
7758,74.0,0,616,0.0,0.0,-12,86.0
7759,75.0,0,616,0.0,0.0,-11,86.0
7760,76.0,0,616,0.0,0.0,-10,86.0
7761,77.0,0,616,0.0,0.0,-9,86.0
7762,78.0,0,616,0.0,0.0,-8,86.0
7763,79.0,0,616,0.0,0.0,-7,86.0
7764,80.0,0,616,0.0,0.0,-6,86.0
7765,81.0,0,616,0.0,0.0,-5,86.0
7766,82.0,0,616,0.0,0.0,-4,86.0
7767,83.0,0,616,0.0,0.0,-3,86.0
7768,84.0,0,616,0.0,0.0,-2,86.0
7769,85.0,0,616,2.0,3.0,-1,86.0
7770,86.0,1,616,14.0,29.0,0,86.0
7771,87.0,1,616,1.0,2.0,1,86.0
7772,88.0,1,616,0.0,1.0,2,86.0
7773,89.0,1,616,0.0,1.0,3,86.0
7774,90.0,1,616,0.0,1.0,4,86.0
7775,91.0,1,616,0.0,0.0,5,86.0
7776,92.0,1,616,0.0,0.0,6,86.0
7777,93.0,1,616,0.0,0.0,7,86.0
7778,94.0,1,616,1.0,0.0,8,86.0
7779,95.0,1,616,0.0,1.0,9,86.0
7780,96.0,1,616,0.0,0.0,10,86.0
7781,97.0,1,616,0.0,1.0,11,86.0
7782,98.0,1,616,0.0,0.0,12,86.0
7783,99.0,1,616,0.0,0.0,13,86.0
7784,97.0,0,619,234.0,3754.0,-14,111.0
7785,98.0,0,619,64.0,1658.0,-13,111.0
7786,99.0,0,619,62.0,1432.0,-12,111.0
7787,100.0,0,619,49.0,933.0,-11,111.0
7788,101.0,0,619,38.0,1108.0,-10,111.0
7789,102.0,0,619,55.0,1882.0,-9,111.0
7790,103.0,0,619,35.0,923.0,-8,111.0
7791,104.0,0,619,47.0,941.0,-7,111.0
7792,105.0,0,619,74.0,2907.0,-6,111.0
7793,106.0,0,619,84.0,2413.0,-5,111.0
7794,107.0,0,619,254.0,4390.0,-4,111.0
7795,108.0,0,619,255.0,5895.0,-3,111.0
7796,109.0,0,619,136.0,3547.0,-2,111.0
7797,110.0,0,619,84.0,2063.0,-1,111.0
7798,111.0,1,619,260.0,4048.0,0,111.0
7799,112.0,1,619,96.0,3287.0,1,111.0
7800,113.0,1,619,118.0,3911.0,2,111.0
7801,114.0,1,619,164.0,3303.0,3,111.0
7802,115.0,1,619,62.0,2126.0,4,111.0
7803,116.0,1,619,50.0,1699.0,5,111.0
7804,117.0,1,619,35.0,1263.0,6,111.0
7805,118.0,1,619,29.0,726.0,7,111.0
7806,119.0,1,619,32.0,1362.0,8,111.0
7807,120.0,1,619,42.0,1652.0,9,111.0
7808,121.0,1,619,37.0,1763.0,10,111.0
7809,122.0,1,619,49.0,1767.0,11,111.0
7810,123.0,1,619,122.0,2483.0,12,111.0
7811,124.0,1,619,51.0,1376.0,13,111.0
7812,9.0,0,620,7.0,46.0,-14,23.0
7813,10.0,0,620,13.0,34.0,-13,23.0
7814,11.0,0,620,5.0,19.0,-12,23.0
7815,12.0,0,620,5.0,16.0,-11,23.0
7816,13.0,0,620,4.0,7.0,-10,23.0
7817,14.0,0,620,20.0,41.0,-9,23.0
7818,15.0,0,620,42.0,48.0,-8,23.0
7819,16.0,0,620,4.0,7.0,-7,23.0
7820,17.0,0,620,3.0,6.0,-6,23.0
7821,18.0,0,620,1.0,8.0,-5,23.0
7822,19.0,0,620,4.0,2.0,-4,23.0
7823,20.0,0,620,2.0,2.0,-3,23.0
7824,21.0,0,620,0.0,2.0,-2,23.0
7825,22.0,0,620,1.0,4.0,-1,23.0
7826,23.0,1,620,104.0,109.0,0,23.0
7827,24.0,1,620,6.0,14.0,1,23.0
7828,25.0,1,620,1.0,5.0,2,23.0
7829,26.0,1,620,0.0,2.0,3,23.0
7830,27.0,1,620,0.0,5.0,4,23.0
7831,28.0,1,620,1.0,3.0,5,23.0
7832,29.0,1,620,1.0,2.0,6,23.0
7833,30.0,1,620,1.0,4.0,7,23.0
7834,31.0,1,620,2.0,3.0,8,23.0
7835,32.0,1,620,0.0,0.0,9,23.0
7836,33.0,1,620,1.0,0.0,10,23.0
7837,34.0,1,620,0.0,2.0,11,23.0
7838,35.0,1,620,1.0,1.0,12,23.0
7839,36.0,1,620,1.0,1.0,13,23.0
7840,-9.0,0,621,0.0,100.0,-14,5.0
7841,-8.0,0,621,0.0,87.0,-13,5.0
7842,-7.0,0,621,0.0,103.0,-12,5.0
7843,-6.0,0,621,0.0,91.0,-11,5.0
7844,-5.0,0,621,0.0,208.0,-10,5.0
7845,-4.0,0,621,0.0,324.0,-9,5.0
7846,-3.0,0,621,0.0,977.0,-8,5.0
7847,-2.0,0,621,0.0,2223.0,-7,5.0
7848,-1.0,0,621,21.0,2068.0,-6,5.0
7849,0.0,0,621,199.0,2325.0,-5,5.0
7850,1.0,0,621,1205.0,9660.0,-4,5.0
7851,2.0,0,621,1051.0,13517.0,-3,5.0
7852,3.0,0,621,901.0,18082.0,-2,5.0
7853,4.0,0,621,946.0,27504.0,-1,5.0
7854,5.0,1,621,2017.0,96381.0,0,5.0
7855,6.0,1,621,928.0,86154.0,1,5.0
7856,7.0,1,621,823.0,64595.0,2,5.0
7857,8.0,1,621,447.0,56841.0,3,5.0
7858,9.0,1,621,239.0,32377.0,4,5.0
7859,10.0,1,621,154.0,25605.0,5,5.0
7860,11.0,1,621,206.0,55282.0,6,5.0
7861,12.0,1,621,184.0,30102.0,7,5.0
7862,13.0,1,621,139.0,30867.0,8,5.0
7863,14.0,1,621,58.0,13441.0,9,5.0
7864,15.0,1,621,41.0,28329.0,10,5.0
7865,16.0,1,621,38.0,15780.0,11,5.0
7866,17.0,1,621,59.0,17496.0,12,5.0
7867,18.0,1,621,51.0,11712.0,13,5.0
7868,-1.0,0,622,6.0,26.0,-14,13.0
7869,0.0,0,622,3.0,28.0,-13,13.0
7870,1.0,0,622,3.0,36.0,-12,13.0
7871,2.0,0,622,2.0,30.0,-11,13.0
7872,3.0,0,622,0.0,33.0,-10,13.0
7873,4.0,0,622,0.0,35.0,-9,13.0
7874,5.0,0,622,3.0,28.0,-8,13.0
7875,6.0,0,622,2.0,27.0,-7,13.0
7876,7.0,0,622,4.0,44.0,-6,13.0
7877,8.0,0,622,9.0,45.0,-5,13.0
7878,9.0,0,622,1.0,21.0,-4,13.0
7879,10.0,0,622,1.0,19.0,-3,13.0
7880,11.0,0,622,2.0,22.0,-2,13.0
7881,12.0,0,622,1.0,6.0,-1,13.0
7882,13.0,1,622,2.0,6.0,0,13.0
7883,14.0,1,622,1.0,6.0,1,13.0
7884,15.0,1,622,2.0,4.0,2,13.0
7885,16.0,1,622,0.0,7.0,3,13.0
7886,17.0,1,622,1.0,5.0,4,13.0
7887,18.0,1,622,1.0,5.0,5,13.0
7888,19.0,1,622,0.0,6.0,6,13.0
7889,20.0,1,622,4.0,7.0,7,13.0
7890,21.0,1,622,0.0,9.0,8,13.0
7891,22.0,1,622,1.0,7.0,9,13.0
7892,23.0,1,622,2.0,6.0,10,13.0
7893,24.0,1,622,2.0,4.0,11,13.0
7894,25.0,1,622,0.0,4.0,12,13.0
7895,26.0,1,622,1.0,1.0,13,13.0
7896,52.0,0,623,74.0,1806.0,-14,66.0
7897,53.0,0,623,48.0,843.0,-13,66.0
7898,54.0,0,623,21.0,597.0,-12,66.0
7899,55.0,0,623,38.0,1646.0,-11,66.0
7900,56.0,0,623,145.0,3783.0,-10,66.0
7901,57.0,0,623,240.0,4090.0,-9,66.0
7902,58.0,0,623,209.0,6969.0,-8,66.0
7903,59.0,0,623,590.0,22820.0,-7,66.0
7904,60.0,0,623,255.0,14291.0,-6,66.0
7905,61.0,0,623,175.0,9078.0,-5,66.0
7906,62.0,0,623,116.0,6595.0,-4,66.0
7907,63.0,0,623,95.0,6076.0,-3,66.0
7908,64.0,0,623,81.0,6736.0,-2,66.0
7909,65.0,0,623,77.0,4392.0,-1,66.0
7910,66.0,1,623,105.0,6183.0,0,66.0
7911,67.0,1,623,142.0,9366.0,1,66.0
7912,68.0,1,623,79.0,5743.0,2,66.0
7913,69.0,1,623,312.0,13449.0,3,66.0
7914,70.0,1,623,306.0,22498.0,4,66.0
7915,71.0,1,623,439.0,31465.0,5,66.0
7916,72.0,1,623,240.0,27685.0,6,66.0
7917,73.0,1,623,143.0,19225.0,7,66.0
7918,74.0,1,623,299.0,26361.0,8,66.0
7919,75.0,1,623,137.0,11804.0,9,66.0
7920,76.0,1,623,113.0,12307.0,10,66.0
7921,77.0,1,623,287.0,27827.0,11,66.0
7922,78.0,1,623,193.0,21687.0,12,66.0
7923,79.0,1,623,82.0,9678.0,13,66.0
7924,138.0,0,624,0.0,0.0,-14,152.0
7925,139.0,0,624,0.0,0.0,-13,152.0
7926,140.0,0,624,0.0,0.0,-12,152.0
7927,141.0,0,624,0.0,0.0,-11,152.0
7928,142.0,0,624,0.0,0.0,-10,152.0
7929,143.0,0,624,0.0,0.0,-9,152.0
7930,144.0,0,624,0.0,0.0,-8,152.0
7931,145.0,0,624,0.0,0.0,-7,152.0
7932,146.0,0,624,0.0,0.0,-6,152.0
7933,147.0,0,624,0.0,0.0,-5,152.0
7934,148.0,0,624,0.0,0.0,-4,152.0
7935,149.0,0,624,0.0,0.0,-3,152.0
7936,150.0,0,624,0.0,0.0,-2,152.0
7937,151.0,0,624,1531.0,635.0,-1,152.0
7938,152.0,1,624,285.0,168.0,0,152.0
7939,153.0,1,624,21.0,5.0,1,152.0
7940,154.0,1,624,10.0,7.0,2,152.0
7941,155.0,1,624,5.0,2.0,3,152.0
7942,156.0,1,624,3.0,0.0,4,152.0
7943,157.0,1,624,2.0,1.0,5,152.0
7944,158.0,1,624,2.0,0.0,6,152.0
7945,159.0,1,624,0.0,1.0,7,152.0
7946,160.0,1,624,0.0,0.0,8,152.0
7947,161.0,1,624,1.0,0.0,9,152.0
7948,162.0,1,624,4.0,1.0,10,152.0
7949,163.0,1,624,5.0,1.0,11,152.0
7950,164.0,1,624,1.0,2.0,12,152.0
7951,165.0,1,624,1.0,1.0,13,152.0
7952,278.0,0,626,0.0,0.0,-14,292.0
7953,279.0,0,626,0.0,0.0,-13,292.0
7954,280.0,0,626,0.0,0.0,-12,292.0
7955,281.0,0,626,1.0,0.0,-11,292.0
7956,282.0,0,626,0.0,0.0,-10,292.0
7957,283.0,0,626,0.0,1.0,-9,292.0
7958,284.0,0,626,0.0,1.0,-8,292.0
7959,285.0,0,626,0.0,0.0,-7,292.0
7960,286.0,0,626,0.0,1.0,-6,292.0
7961,287.0,0,626,1.0,0.0,-5,292.0
7962,288.0,0,626,0.0,0.0,-4,292.0
7963,289.0,0,626,0.0,1.0,-3,292.0
7964,290.0,0,626,0.0,0.0,-2,292.0
7965,291.0,0,626,0.0,0.0,-1,292.0
7966,292.0,1,626,2.0,2.0,0,292.0
7967,293.0,1,626,1.0,0.0,1,292.0
7968,294.0,1,626,0.0,0.0,2,292.0
7969,295.0,1,626,0.0,1.0,3,292.0
7970,296.0,1,626,0.0,0.0,4,292.0
7971,297.0,1,626,0.0,0.0,5,292.0
7972,298.0,1,626,0.0,0.0,6,292.0
7973,299.0,1,626,0.0,0.0,7,292.0
7974,300.0,1,626,1.0,0.0,8,292.0
7975,301.0,1,626,0.0,1.0,9,292.0
7976,302.0,1,626,0.0,0.0,10,292.0
7977,303.0,1,626,0.0,0.0,11,292.0
7978,304.0,1,626,0.0,0.0,12,292.0
7979,305.0,1,626,0.0,1.0,13,292.0
7980,111.0,0,627,20.0,285.0,-14,125.0
7981,112.0,0,627,27.0,231.0,-13,125.0
7982,113.0,0,627,13.0,160.0,-12,125.0
7983,114.0,0,627,17.0,153.0,-11,125.0
7984,115.0,0,627,21.0,184.0,-10,125.0
7985,116.0,0,627,30.0,159.0,-9,125.0
7986,117.0,0,627,15.0,121.0,-8,125.0
7987,118.0,0,627,20.0,116.0,-7,125.0
7988,119.0,0,627,24.0,129.0,-6,125.0
7989,120.0,0,627,211.0,558.0,-5,125.0
7990,121.0,0,627,31.0,255.0,-4,125.0
7991,122.0,0,627,39.0,273.0,-3,125.0
7992,123.0,0,627,24.0,165.0,-2,125.0
7993,124.0,0,627,18.0,170.0,-1,125.0
7994,125.0,1,627,34.0,182.0,0,125.0
7995,126.0,1,627,28.0,134.0,1,125.0
7996,127.0,1,627,34.0,149.0,2,125.0
7997,128.0,1,627,22.0,148.0,3,125.0
7998,129.0,1,627,77.0,235.0,4,125.0
7999,130.0,1,627,61.0,187.0,5,125.0
8000,131.0,1,627,19.0,124.0,6,125.0
8001,132.0,1,627,20.0,113.0,7,125.0
8002,133.0,1,627,5.0,95.0,8,125.0
8003,134.0,1,627,11.0,108.0,9,125.0
8004,135.0,1,627,27.0,139.0,10,125.0
8005,136.0,1,627,20.0,118.0,11,125.0
8006,137.0,1,627,20.0,137.0,12,125.0
8007,138.0,1,627,56.0,226.0,13,125.0
8008,62.0,0,629,0.0,0.0,-14,76.0
8009,63.0,0,629,0.0,0.0,-13,76.0
8010,64.0,0,629,0.0,0.0,-12,76.0
8011,65.0,0,629,0.0,0.0,-11,76.0
8012,66.0,0,629,0.0,0.0,-10,76.0
8013,67.0,0,629,0.0,0.0,-9,76.0
8014,68.0,0,629,0.0,3.0,-8,76.0
8015,69.0,0,629,3.0,4.0,-7,76.0
8016,70.0,0,629,0.0,11.0,-6,76.0
8017,71.0,0,629,3.0,8.0,-5,76.0
8018,72.0,0,629,1.0,3.0,-4,76.0
8019,73.0,0,629,0.0,6.0,-3,76.0
8020,74.0,0,629,1.0,5.0,-2,76.0
8021,75.0,0,629,0.0,12.0,-1,76.0
8022,76.0,1,629,6.0,9.0,0,76.0
8023,77.0,1,629,0.0,0.0,1,76.0
8024,78.0,1,629,0.0,0.0,2,76.0
8025,79.0,1,629,0.0,0.0,3,76.0
8026,80.0,1,629,0.0,0.0,4,76.0
8027,81.0,1,629,0.0,0.0,5,76.0
8028,82.0,1,629,0.0,0.0,6,76.0
8029,83.0,1,629,0.0,0.0,7,76.0
8030,84.0,1,629,0.0,0.0,8,76.0
8031,85.0,1,629,0.0,0.0,9,76.0
8032,86.0,1,629,0.0,0.0,10,76.0
8033,87.0,1,629,0.0,0.0,11,76.0
8034,88.0,1,629,0.0,0.0,12,76.0
8035,89.0,1,629,0.0,0.0,13,76.0
8036,-5.0,0,630,0.0,0.0,-14,9.0
8037,-4.0,0,630,0.0,0.0,-13,9.0
8038,-3.0,0,630,0.0,0.0,-12,9.0
8039,-2.0,0,630,0.0,0.0,-11,9.0
8040,-1.0,0,630,0.0,0.0,-10,9.0
8041,0.0,0,630,0.0,1.0,-9,9.0
8042,1.0,0,630,0.0,0.0,-8,9.0
8043,2.0,0,630,0.0,2.0,-7,9.0
8044,3.0,0,630,0.0,0.0,-6,9.0
8045,4.0,0,630,0.0,1.0,-5,9.0
8046,5.0,0,630,0.0,0.0,-4,9.0
8047,6.0,0,630,0.0,1.0,-3,9.0
8048,7.0,0,630,1.0,2.0,-2,9.0
8049,8.0,0,630,1.0,0.0,-1,9.0
8050,9.0,1,630,3.0,1.0,0,9.0
8051,10.0,1,630,0.0,3.0,1,9.0
8052,11.0,1,630,0.0,0.0,2,9.0
8053,12.0,1,630,0.0,2.0,3,9.0
8054,13.0,1,630,0.0,1.0,4,9.0
8055,14.0,1,630,0.0,3.0,5,9.0
8056,15.0,1,630,1.0,4.0,6,9.0
8057,16.0,1,630,0.0,0.0,7,9.0
8058,17.0,1,630,0.0,1.0,8,9.0
8059,18.0,1,630,0.0,3.0,9,9.0
8060,19.0,1,630,2.0,5.0,10,9.0
8061,20.0,1,630,1.0,3.0,11,9.0
8062,21.0,1,630,0.0,3.0,12,9.0
8063,22.0,1,630,0.0,3.0,13,9.0
8064,185.0,0,631,0.0,0.0,-14,199.0
8065,186.0,0,631,0.0,0.0,-13,199.0
8066,187.0,0,631,0.0,0.0,-12,199.0
8067,188.0,0,631,0.0,1.0,-11,199.0
8068,189.0,0,631,0.0,0.0,-10,199.0
8069,190.0,0,631,0.0,0.0,-9,199.0
8070,191.0,0,631,0.0,0.0,-8,199.0
8071,192.0,0,631,0.0,0.0,-7,199.0
8072,193.0,0,631,1.0,1.0,-6,199.0
8073,194.0,0,631,0.0,0.0,-5,199.0
8074,195.0,0,631,0.0,0.0,-4,199.0
8075,196.0,0,631,0.0,0.0,-3,199.0
8076,197.0,0,631,0.0,0.0,-2,199.0
8077,198.0,0,631,1.0,1.0,-1,199.0
8078,199.0,1,631,0.0,0.0,0,199.0
8079,200.0,1,631,0.0,0.0,1,199.0
8080,201.0,1,631,1.0,1.0,2,199.0
8081,202.0,1,631,1.0,0.0,3,199.0
8082,203.0,1,631,0.0,1.0,4,199.0
8083,204.0,1,631,0.0,0.0,5,199.0
8084,205.0,1,631,0.0,0.0,6,199.0
8085,206.0,1,631,0.0,0.0,7,199.0
8086,207.0,1,631,0.0,0.0,8,199.0
8087,208.0,1,631,0.0,1.0,9,199.0
8088,209.0,1,631,0.0,0.0,10,199.0
8089,210.0,1,631,2.0,1.0,11,199.0
8090,211.0,1,631,0.0,0.0,12,199.0
8091,212.0,1,631,1.0,1.0,13,199.0
8092,117.0,0,632,0.0,0.0,-14,131.0
8093,118.0,0,632,1.0,1.0,-13,131.0
8094,119.0,0,632,1.0,1.0,-12,131.0
8095,120.0,0,632,0.0,1.0,-11,131.0
8096,121.0,0,632,0.0,0.0,-10,131.0
8097,122.0,0,632,0.0,0.0,-9,131.0
8098,123.0,0,632,0.0,0.0,-8,131.0
8099,124.0,0,632,0.0,0.0,-7,131.0
8100,125.0,0,632,0.0,2.0,-6,131.0
8101,126.0,0,632,1.0,1.0,-5,131.0
8102,127.0,0,632,0.0,1.0,-4,131.0
8103,128.0,0,632,1.0,0.0,-3,131.0
8104,129.0,0,632,0.0,1.0,-2,131.0
8105,130.0,0,632,0.0,3.0,-1,131.0
8106,131.0,1,632,0.0,0.0,0,131.0
8107,132.0,1,632,0.0,0.0,1,131.0
8108,133.0,1,632,0.0,1.0,2,131.0
8109,134.0,1,632,1.0,0.0,3,131.0
8110,135.0,1,632,0.0,0.0,4,131.0
8111,136.0,1,632,1.0,0.0,5,131.0
8112,137.0,1,632,0.0,1.0,6,131.0
8113,138.0,1,632,1.0,0.0,7,131.0
8114,139.0,1,632,2.0,0.0,8,131.0
8115,140.0,1,632,1.0,0.0,9,131.0
8116,141.0,1,632,1.0,0.0,10,131.0
8117,142.0,1,632,2.0,2.0,11,131.0
8118,143.0,1,632,0.0,0.0,12,131.0
8119,144.0,1,632,0.0,0.0,13,131.0
8120,3.0,0,636,0.0,0.0,-14,17.0
8121,4.0,0,636,0.0,0.0,-13,17.0
8122,5.0,0,636,0.0,3.0,-12,17.0
8123,6.0,0,636,0.0,3.0,-11,17.0
8124,7.0,0,636,0.0,1.0,-10,17.0
8125,8.0,0,636,0.0,2.0,-9,17.0
8126,9.0,0,636,1.0,7.0,-8,17.0
8127,10.0,0,636,0.0,4.0,-7,17.0
8128,11.0,0,636,2.0,5.0,-6,17.0
8129,12.0,0,636,1.0,1.0,-5,17.0
8130,13.0,0,636,0.0,1.0,-4,17.0
8131,14.0,0,636,3.0,8.0,-3,17.0
8132,15.0,0,636,0.0,5.0,-2,17.0
8133,16.0,0,636,0.0,5.0,-1,17.0
8134,17.0,1,636,10.0,7.0,0,17.0
8135,18.0,1,636,0.0,2.0,1,17.0
8136,19.0,1,636,1.0,5.0,2,17.0
8137,20.0,1,636,1.0,3.0,3,17.0
8138,21.0,1,636,1.0,4.0,4,17.0
8139,22.0,1,636,0.0,3.0,5,17.0
8140,23.0,1,636,0.0,2.0,6,17.0
8141,24.0,1,636,0.0,0.0,7,17.0
8142,25.0,1,636,0.0,2.0,8,17.0
8143,26.0,1,636,0.0,3.0,9,17.0
8144,27.0,1,636,0.0,3.0,10,17.0
8145,28.0,1,636,0.0,0.0,11,17.0
8146,29.0,1,636,0.0,0.0,12,17.0
8147,30.0,1,636,0.0,3.0,13,17.0
8148,141.0,0,637,0.0,0.0,-14,155.0
8149,142.0,0,637,0.0,0.0,-13,155.0
8150,143.0,0,637,0.0,0.0,-12,155.0
8151,144.0,0,637,0.0,0.0,-11,155.0
8152,145.0,0,637,0.0,0.0,-10,155.0
8153,146.0,0,637,0.0,0.0,-9,155.0
8154,147.0,0,637,1.0,0.0,-8,155.0
8155,148.0,0,637,0.0,0.0,-7,155.0
8156,149.0,0,637,0.0,0.0,-6,155.0
8157,150.0,0,637,0.0,0.0,-5,155.0
8158,151.0,0,637,0.0,0.0,-4,155.0
8159,152.0,0,637,0.0,0.0,-3,155.0
8160,153.0,0,637,0.0,0.0,-2,155.0
8161,154.0,0,637,0.0,0.0,-1,155.0
8162,155.0,1,637,0.0,0.0,0,155.0
8163,156.0,1,637,0.0,0.0,1,155.0
8164,157.0,1,637,0.0,0.0,2,155.0
8165,158.0,1,637,0.0,0.0,3,155.0
8166,159.0,1,637,0.0,0.0,4,155.0
8167,160.0,1,637,0.0,0.0,5,155.0
8168,161.0,1,637,0.0,0.0,6,155.0
8169,162.0,1,637,0.0,0.0,7,155.0
8170,163.0,1,637,0.0,0.0,8,155.0
8171,164.0,1,637,0.0,0.0,9,155.0
8172,165.0,1,637,0.0,0.0,10,155.0
8173,166.0,1,637,0.0,0.0,11,155.0
8174,167.0,1,637,0.0,0.0,12,155.0
8175,168.0,1,637,0.0,0.0,13,155.0
8176,238.0,0,638,3.0,7.0,-14,252.0
8177,239.0,0,638,12.0,15.0,-13,252.0
8178,240.0,0,638,43.0,36.0,-12,252.0
8179,241.0,0,638,8.0,17.0,-11,252.0
8180,242.0,0,638,7.0,11.0,-10,252.0
8181,243.0,0,638,8.0,13.0,-9,252.0
8182,244.0,0,638,8.0,12.0,-8,252.0
8183,245.0,0,638,3.0,8.0,-7,252.0
8184,246.0,0,638,2.0,6.0,-6,252.0
8185,247.0,0,638,13.0,18.0,-5,252.0
8186,248.0,0,638,11.0,30.0,-4,252.0
8187,249.0,0,638,6.0,10.0,-3,252.0
8188,250.0,0,638,3.0,11.0,-2,252.0
8189,251.0,0,638,3.0,12.0,-1,252.0
8190,252.0,1,638,3.0,5.0,0,252.0
8191,253.0,1,638,0.0,10.0,1,252.0
8192,254.0,1,638,9.0,13.0,2,252.0
8193,255.0,1,638,5.0,10.0,3,252.0
8194,256.0,1,638,5.0,19.0,4,252.0
8195,257.0,1,638,1.0,5.0,5,252.0
8196,258.0,1,638,0.0,8.0,6,252.0
8197,259.0,1,638,1.0,3.0,7,252.0
8198,260.0,1,638,5.0,23.0,8,252.0
8199,261.0,1,638,4.0,7.0,9,252.0
8200,262.0,1,638,2.0,5.0,10,252.0
8201,263.0,1,638,3.0,16.0,11,252.0
8202,264.0,1,638,2.0,17.0,12,252.0
8203,265.0,1,638,6.0,11.0,13,252.0
8204,-7.0,0,641,0.0,0.0,-14,7.0
8205,-6.0,0,641,0.0,0.0,-13,7.0
8206,-5.0,0,641,0.0,0.0,-12,7.0
8207,-4.0,0,641,0.0,0.0,-11,7.0
8208,-3.0,0,641,0.0,0.0,-10,7.0
8209,-2.0,0,641,0.0,0.0,-9,7.0
8210,-1.0,0,641,0.0,0.0,-8,7.0
8211,0.0,0,641,0.0,0.0,-7,7.0
8212,1.0,0,641,0.0,0.0,-6,7.0
8213,2.0,0,641,0.0,0.0,-5,7.0
8214,3.0,0,641,0.0,1.0,-4,7.0
8215,4.0,0,641,0.0,0.0,-3,7.0
8216,5.0,0,641,8.0,61.0,-2,7.0
8217,6.0,0,641,590.0,66.0,-1,7.0
8218,7.0,1,641,294.0,352.0,0,7.0
8219,8.0,1,641,24.0,92.0,1,7.0
8220,9.0,1,641,127.0,801.0,2,7.0
8221,10.0,1,641,327.0,1953.0,3,7.0
8222,11.0,1,641,120.0,557.0,4,7.0
8223,12.0,1,641,72.0,342.0,5,7.0
8224,13.0,1,641,113.0,377.0,6,7.0
8225,14.0,1,641,15.0,112.0,7,7.0
8226,15.0,1,641,8.0,76.0,8,7.0
8227,16.0,1,641,9.0,56.0,9,7.0
8228,17.0,1,641,1.0,41.0,10,7.0
8229,18.0,1,641,13.0,127.0,11,7.0
8230,19.0,1,641,7.0,59.0,12,7.0
8231,20.0,1,641,1.0,19.0,13,7.0
8232,-10.0,0,642,0.0,34014.0,-14,4.0
8233,-9.0,0,642,0.0,31856.0,-13,4.0
8234,-8.0,0,642,0.0,29412.0,-12,4.0
8235,-7.0,0,642,0.0,29755.0,-11,4.0
8236,-6.0,0,642,0.0,28299.0,-10,4.0
8237,-5.0,0,642,0.0,30669.0,-9,4.0
8238,-4.0,0,642,0.0,41842.0,-8,4.0
8239,-3.0,0,642,0.0,96050.0,-7,4.0
8240,-2.0,0,642,0.0,86125.0,-6,4.0
8241,-1.0,0,642,69.0,89940.0,-5,4.0
8242,0.0,0,642,103.0,97904.0,-4,4.0
8243,1.0,0,642,86.0,125661.0,-3,4.0
8244,2.0,0,642,152.0,209404.0,-2,4.0
8245,3.0,0,642,458.0,333352.0,-1,4.0
8246,4.0,1,642,259.0,731504.0,0,4.0
8247,5.0,1,642,272.0,855728.0,1,4.0
8248,6.0,1,642,217.0,808860.0,2,4.0
8249,7.0,1,642,149.0,680286.0,3,4.0
8250,8.0,1,642,114.0,695140.0,4,4.0
8251,9.0,1,642,46.0,606681.0,5,4.0
8252,10.0,1,642,48.0,473639.0,6,4.0
8253,11.0,1,642,48.0,436862.0,7,4.0
8254,12.0,1,642,22.0,351288.0,8,4.0
8255,13.0,1,642,16.0,311355.0,9,4.0
8256,14.0,1,642,18.0,291441.0,10,4.0
8257,15.0,1,642,20.0,246583.0,11,4.0
8258,16.0,1,642,15.0,202908.0,12,4.0
8259,17.0,1,642,44.0,220527.0,13,4.0
8260,-5.0,0,646,0.0,19.0,-14,9.0
8261,-4.0,0,646,0.0,36.0,-13,9.0
8262,-3.0,0,646,0.0,325.0,-12,9.0
8263,-2.0,0,646,0.0,430.0,-11,9.0
8264,-1.0,0,646,14.0,599.0,-10,9.0
8265,0.0,0,646,109.0,677.0,-9,9.0
8266,1.0,0,646,573.0,3555.0,-8,9.0
8267,2.0,0,646,1083.0,10388.0,-7,9.0
8268,3.0,0,646,815.0,10500.0,-6,9.0
8269,4.0,0,646,483.0,7834.0,-5,9.0
8270,5.0,0,646,598.0,7507.0,-4,9.0
8271,6.0,0,646,2548.0,18650.0,-3,9.0
8272,7.0,0,646,3841.0,19966.0,-2,9.0
8273,8.0,0,646,2925.0,15642.0,-1,9.0
8274,9.0,1,646,1478.0,11064.0,0,9.0
8275,10.0,1,646,637.0,6997.0,1,9.0
8276,11.0,1,646,1497.0,14630.0,2,9.0
8277,12.0,1,646,717.0,8216.0,3,9.0
8278,13.0,1,646,649.0,6539.0,4,9.0
8279,14.0,1,646,405.0,5118.0,5,9.0
8280,15.0,1,646,891.0,10998.0,6,9.0
8281,16.0,1,646,387.0,5730.0,7,9.0
8282,17.0,1,646,167.0,2736.0,8,9.0
8283,18.0,1,646,121.0,2966.0,9,9.0
8284,19.0,1,646,128.0,2943.0,10,9.0
8285,20.0,1,646,105.0,2107.0,11,9.0
8286,21.0,1,646,107.0,2144.0,12,9.0
8287,22.0,1,646,83.0,1769.0,13,9.0
8288,-11.0,0,648,0.0,0.0,-14,3.0
8289,-10.0,0,648,0.0,0.0,-13,3.0
8290,-9.0,0,648,0.0,0.0,-12,3.0
8291,-8.0,0,648,0.0,0.0,-11,3.0
8292,-7.0,0,648,0.0,0.0,-10,3.0
8293,-6.0,0,648,0.0,0.0,-9,3.0
8294,-5.0,0,648,0.0,0.0,-8,3.0
8295,-4.0,0,648,0.0,0.0,-7,3.0
8296,-3.0,0,648,0.0,0.0,-6,3.0
8297,-2.0,0,648,0.0,0.0,-5,3.0
8298,-1.0,0,648,4.0,89.0,-4,3.0
8299,0.0,0,648,40.0,216.0,-3,3.0
8300,1.0,0,648,47.0,190.0,-2,3.0
8301,2.0,0,648,17.0,127.0,-1,3.0
8302,3.0,1,648,26.0,131.0,0,3.0
8303,4.0,1,648,16.0,149.0,1,3.0
8304,5.0,1,648,23.0,132.0,2,3.0
8305,6.0,1,648,22.0,218.0,3,3.0
8306,7.0,1,648,21.0,257.0,4,3.0
8307,8.0,1,648,47.0,544.0,5,3.0
8308,9.0,1,648,8.0,150.0,6,3.0
8309,10.0,1,648,62.0,830.0,7,3.0
8310,11.0,1,648,14.0,324.0,8,3.0
8311,12.0,1,648,2.0,106.0,9,3.0
8312,13.0,1,648,2.0,81.0,10,3.0
8313,14.0,1,648,1.0,84.0,11,3.0
8314,15.0,1,648,4.0,50.0,12,3.0
8315,16.0,1,648,3.0,92.0,13,3.0
8316,-8.0,0,650,0.0,0.0,-14,6.0
8317,-7.0,0,650,0.0,0.0,-13,6.0
8318,-6.0,0,650,0.0,0.0,-12,6.0
8319,-5.0,0,650,0.0,0.0,-11,6.0
8320,-4.0,0,650,0.0,0.0,-10,6.0
8321,-3.0,0,650,0.0,0.0,-9,6.0
8322,-2.0,0,650,0.0,0.0,-8,6.0
8323,-1.0,0,650,0.0,0.0,-7,6.0
8324,0.0,0,650,0.0,0.0,-6,6.0
8325,1.0,0,650,0.0,0.0,-5,6.0
8326,2.0,0,650,0.0,0.0,-4,6.0
8327,3.0,0,650,2.0,17.0,-3,6.0
8328,4.0,0,650,231.0,366.0,-2,6.0
8329,5.0,0,650,1298.0,1072.0,-1,6.0
8330,6.0,1,650,181.0,810.0,0,6.0
8331,7.0,1,650,75.0,459.0,1,6.0
8332,8.0,1,650,99.0,398.0,2,6.0
8333,9.0,1,650,134.0,609.0,3,6.0
8334,10.0,1,650,60.0,302.0,4,6.0
8335,11.0,1,650,33.0,139.0,5,6.0
8336,12.0,1,650,88.0,295.0,6,6.0
8337,13.0,1,650,29.0,107.0,7,6.0
8338,14.0,1,650,12.0,83.0,8,6.0
8339,15.0,1,650,12.0,55.0,9,6.0
8340,16.0,1,650,6.0,46.0,10,6.0
8341,17.0,1,650,6.0,56.0,11,6.0
8342,18.0,1,650,15.0,79.0,12,6.0
8343,19.0,1,650,4.0,49.0,13,6.0
8344,-3.0,0,651,0.0,86.0,-14,11.0
8345,-2.0,0,651,0.0,52.0,-13,11.0
8346,-1.0,0,651,2.0,43.0,-12,11.0
8347,0.0,0,651,3.0,11.0,-11,11.0
8348,1.0,0,651,10.0,48.0,-10,11.0
8349,2.0,0,651,32.0,127.0,-9,11.0
8350,3.0,0,651,7.0,44.0,-8,11.0
8351,4.0,0,651,0.0,56.0,-7,11.0
8352,5.0,0,651,1.0,44.0,-6,11.0
8353,6.0,0,651,7.0,68.0,-5,11.0
8354,7.0,0,651,5.0,54.0,-4,11.0
8355,8.0,0,651,6.0,40.0,-3,11.0
8356,9.0,0,651,10.0,49.0,-2,11.0
8357,10.0,0,651,80.0,277.0,-1,11.0
8358,11.0,1,651,50.0,101.0,0,11.0
8359,12.0,1,651,8.0,37.0,1,11.0
8360,13.0,1,651,3.0,24.0,2,11.0
8361,14.0,1,651,1.0,29.0,3,11.0
8362,15.0,1,651,1.0,7.0,4,11.0
8363,16.0,1,651,8.0,26.0,5,11.0
8364,17.0,1,651,2.0,19.0,6,11.0
8365,18.0,1,651,0.0,5.0,7,11.0
8366,19.0,1,651,1.0,10.0,8,11.0
8367,20.0,1,651,2.0,29.0,9,11.0
8368,21.0,1,651,1.0,21.0,10,11.0
8369,22.0,1,651,0.0,15.0,11,11.0
8370,23.0,1,651,18.0,151.0,12,11.0
8371,24.0,1,651,2.0,40.0,13,11.0
8372,224.0,0,653,17.0,18.0,-14,238.0
8373,225.0,0,653,0.0,1.0,-13,238.0
8374,226.0,0,653,0.0,1.0,-12,238.0
8375,227.0,0,653,1.0,1.0,-11,238.0
8376,228.0,0,653,0.0,2.0,-10,238.0
8377,229.0,0,653,0.0,0.0,-9,238.0
8378,230.0,0,653,0.0,0.0,-8,238.0
8379,231.0,0,653,0.0,0.0,-7,238.0
8380,232.0,0,653,0.0,1.0,-6,238.0
8381,233.0,0,653,0.0,1.0,-5,238.0
8382,234.0,0,653,0.0,1.0,-4,238.0
8383,235.0,0,653,1.0,0.0,-3,238.0
8384,236.0,0,653,1.0,0.0,-2,238.0
8385,237.0,0,653,1.0,0.0,-1,238.0
8386,238.0,1,653,2.0,2.0,0,238.0
8387,239.0,1,653,3.0,2.0,1,238.0
8388,240.0,1,653,4.0,2.0,2,238.0
8389,241.0,1,653,1.0,0.0,3,238.0
8390,242.0,1,653,0.0,1.0,4,238.0
8391,243.0,1,653,0.0,0.0,5,238.0
8392,244.0,1,653,3.0,2.0,6,238.0
8393,245.0,1,653,2.0,0.0,7,238.0
8394,246.0,1,653,0.0,0.0,8,238.0
8395,247.0,1,653,0.0,0.0,9,238.0
8396,248.0,1,653,0.0,0.0,10,238.0
8397,249.0,1,653,0.0,1.0,11,238.0
8398,250.0,1,653,1.0,0.0,12,238.0
8399,251.0,1,653,1.0,1.0,13,238.0
8400,7.0,0,657,16.0,57.0,-14,21.0
8401,8.0,0,657,14.0,34.0,-13,21.0
8402,9.0,0,657,10.0,39.0,-12,21.0
8403,10.0,0,657,22.0,43.0,-11,21.0
8404,11.0,0,657,12.0,44.0,-10,21.0
8405,12.0,0,657,20.0,42.0,-9,21.0
8406,13.0,0,657,13.0,20.0,-8,21.0
8407,14.0,0,657,6.0,21.0,-7,21.0
8408,15.0,0,657,5.0,20.0,-6,21.0
8409,16.0,0,657,6.0,14.0,-5,21.0
8410,17.0,0,657,13.0,20.0,-4,21.0
8411,18.0,0,657,2.0,19.0,-3,21.0
8412,19.0,0,657,4.0,11.0,-2,21.0
8413,20.0,0,657,3.0,6.0,-1,21.0
8414,21.0,1,657,6.0,8.0,0,21.0
8415,22.0,1,657,6.0,8.0,1,21.0
8416,23.0,1,657,4.0,6.0,2,21.0
8417,24.0,1,657,1.0,11.0,3,21.0
8418,25.0,1,657,1.0,6.0,4,21.0
8419,26.0,1,657,1.0,2.0,5,21.0
8420,27.0,1,657,1.0,7.0,6,21.0
8421,28.0,1,657,10.0,46.0,7,21.0
8422,29.0,1,657,13.0,34.0,8,21.0
8423,30.0,1,657,3.0,9.0,9,21.0
8424,31.0,1,657,5.0,9.0,10,21.0
8425,32.0,1,657,1.0,6.0,11,21.0
8426,33.0,1,657,1.0,5.0,12,21.0
8427,34.0,1,657,2.0,1.0,13,21.0
8428,246.0,0,658,0.0,0.0,-14,260.0
8429,247.0,0,658,0.0,0.0,-13,260.0
8430,248.0,0,658,0.0,0.0,-12,260.0
8431,249.0,0,658,0.0,0.0,-11,260.0
8432,250.0,0,658,0.0,0.0,-10,260.0
8433,251.0,0,658,0.0,0.0,-9,260.0
8434,252.0,0,658,0.0,0.0,-8,260.0
8435,253.0,0,658,0.0,0.0,-7,260.0
8436,254.0,0,658,0.0,0.0,-6,260.0
8437,255.0,0,658,0.0,0.0,-5,260.0
8438,256.0,0,658,0.0,0.0,-4,260.0
8439,257.0,0,658,0.0,0.0,-3,260.0
8440,258.0,0,658,0.0,0.0,-2,260.0
8441,259.0,0,658,0.0,0.0,-1,260.0
8442,260.0,1,658,1.0,0.0,0,260.0
8443,261.0,1,658,0.0,0.0,1,260.0
8444,262.0,1,658,0.0,0.0,2,260.0
8445,263.0,1,658,0.0,0.0,3,260.0
8446,264.0,1,658,0.0,0.0,4,260.0
8447,265.0,1,658,0.0,0.0,5,260.0
8448,266.0,1,658,0.0,0.0,6,260.0
8449,267.0,1,658,0.0,0.0,7,260.0
8450,268.0,1,658,0.0,0.0,8,260.0
8451,269.0,1,658,0.0,0.0,9,260.0
8452,270.0,1,658,0.0,0.0,10,260.0
8453,271.0,1,658,0.0,0.0,11,260.0
8454,272.0,1,658,0.0,0.0,12,260.0
8455,273.0,1,658,0.0,0.0,13,260.0
8456,223.0,0,660,3.0,19.0,-14,237.0
8457,224.0,0,660,6.0,11.0,-13,237.0
8458,225.0,0,660,2.0,21.0,-12,237.0
8459,226.0,0,660,7.0,14.0,-11,237.0
8460,227.0,0,660,2.0,15.0,-10,237.0
8461,228.0,0,660,10.0,26.0,-9,237.0
8462,229.0,0,660,5.0,16.0,-8,237.0
8463,230.0,0,660,6.0,11.0,-7,237.0
8464,231.0,0,660,20.0,28.0,-6,237.0
8465,232.0,0,660,5.0,20.0,-5,237.0
8466,233.0,0,660,4.0,13.0,-4,237.0
8467,234.0,0,660,6.0,6.0,-3,237.0
8468,235.0,0,660,6.0,12.0,-2,237.0
8469,236.0,0,660,4.0,16.0,-1,237.0
8470,237.0,1,660,2.0,7.0,0,237.0
8471,238.0,1,660,4.0,6.0,1,237.0
8472,239.0,1,660,2.0,10.0,2,237.0
8473,240.0,1,660,5.0,4.0,3,237.0
8474,241.0,1,660,2.0,5.0,4,237.0
8475,242.0,1,660,5.0,22.0,5,237.0
8476,243.0,1,660,10.0,18.0,6,237.0
8477,244.0,1,660,1.0,15.0,7,237.0
8478,245.0,1,660,1.0,7.0,8,237.0
8479,246.0,1,660,4.0,8.0,9,237.0
8480,247.0,1,660,1.0,8.0,10,237.0
8481,248.0,1,660,11.0,30.0,11,237.0
8482,249.0,1,660,24.0,128.0,12,237.0
8483,250.0,1,660,3.0,23.0,13,237.0
8484,261.0,0,661,0.0,1.0,-14,275.0
8485,262.0,0,661,0.0,0.0,-13,275.0
8486,263.0,0,661,0.0,0.0,-12,275.0
8487,264.0,0,661,0.0,1.0,-11,275.0
8488,265.0,0,661,0.0,3.0,-10,275.0
8489,266.0,0,661,0.0,4.0,-9,275.0
8490,267.0,0,661,0.0,0.0,-8,275.0
8491,268.0,0,661,0.0,1.0,-7,275.0
8492,269.0,0,661,0.0,3.0,-6,275.0
8493,270.0,0,661,0.0,1.0,-5,275.0
8494,271.0,0,661,0.0,0.0,-4,275.0
8495,272.0,0,661,0.0,1.0,-3,275.0
8496,273.0,0,661,0.0,0.0,-2,275.0
8497,274.0,0,661,0.0,0.0,-1,275.0
8498,275.0,1,661,0.0,0.0,0,275.0
8499,276.0,1,661,1.0,1.0,1,275.0
8500,277.0,1,661,0.0,1.0,2,275.0
8501,278.0,1,661,0.0,5.0,3,275.0
8502,279.0,1,661,0.0,13.0,4,275.0
8503,280.0,1,661,2.0,2.0,5,275.0
8504,281.0,1,661,1.0,3.0,6,275.0
8505,282.0,1,661,0.0,2.0,7,275.0
8506,283.0,1,661,0.0,1.0,8,275.0
8507,284.0,1,661,0.0,5.0,9,275.0
8508,285.0,1,661,0.0,2.0,10,275.0
8509,286.0,1,661,0.0,1.0,11,275.0
8510,287.0,1,661,0.0,0.0,12,275.0
8511,288.0,1,661,1.0,1.0,13,275.0
